HIERARCHY
ROOT Hips
{
	OFFSET 0.000000 0.000000 0.000000
	CHANNELS 6 Xposition Yposition Zposition Xrotation Yrotation Zrotation
	JOINT Thigh.L
	{
		OFFSET 0.054436 0.030512 -0.091944
		CHANNELS 3 Xrotation Yrotation Zrotation
		JOINT Shin.L
		{
			OFFSET 0.053185 0.015674 -0.411411
			CHANNELS 3 Xrotation Yrotation Zrotation
			JOINT Foot.L
			{
				OFFSET -0.041491 0.033015 -0.432589
				CHANNELS 3 Xrotation Yrotation Zrotation
				JOINT Toe.L
				{
					OFFSET 0.044741 -0.119403 -0.063832
					CHANNELS 3 Xrotation Yrotation Zrotation
					End Site
					{
						OFFSET 0.000000 0.050000 0.000000
					}
				}
			}
		}
	}
	JOINT Thigh.R
	{
		OFFSET -0.059726 0.027782 -0.102329
		CHANNELS 3 Xrotation Yrotation Zrotation
		JOINT Shin.R
		{
			OFFSET -0.042566 0.021159 -0.395112
			CHANNELS 3 Xrotation Yrotation Zrotation
			JOINT Foot.R
			{
				OFFSET 0.015539 0.021493 -0.441508
				CHANNELS 3 Xrotation Yrotation Zrotation
				JOINT Toe.R
				{
					OFFSET -0.037083 -0.120181 -0.063777
					CHANNELS 3 Xrotation Yrotation Zrotation
					End Site
					{
						OFFSET 0.000000 0.050000 0.000000
					}
				}
			}
		}
	}
	JOINT Spine
	{
		OFFSET -0.002073 0.019911 0.109453
		CHANNELS 3 Xrotation Yrotation Zrotation
		JOINT Spine.2
		{
			OFFSET 0.006781 0.003123 0.134261
			CHANNELS 3 Xrotation Yrotation Zrotation
			JOINT Chest
			{
				OFFSET -0.010427 -0.023269 0.049266
				CHANNELS 3 Xrotation Yrotation Zrotation
				JOINT Neck
				{
					OFFSET -0.009473 0.029402 0.163541
					CHANNELS 3 Xrotation Yrotation Zrotation
					JOINT Head
					{
						OFFSET 0.022306 -0.022071 0.164686
						CHANNELS 3 Xrotation Yrotation Zrotation
						End Site
						{
							OFFSET 0.000000 0.050000 0.000000
						}
					}
				}
				JOINT Clavicle.L
				{
					OFFSET 0.043305 0.008528 0.083583
					CHANNELS 3 Xrotation Yrotation Zrotation
					JOINT UpperArm.L
					{
						OFFSET 0.106399 0.014868 0.061799
						CHANNELS 3 Xrotation Yrotation Zrotation
						JOINT ForeArm.L
						{
							OFFSET 0.264443 0.035281 -0.075551
							CHANNELS 3 Xrotation Yrotation Zrotation
							JOINT Hand.L
							{
								OFFSET 0.263801 0.006290 0.021320
								CHANNELS 3 Xrotation Yrotation Zrotation
								JOINT Thumb1.L
								{
									OFFSET 0.154576 0.002851 0.009664
									CHANNELS 3 Xrotation Yrotation Zrotation
									JOINT Thumb2.L
									{
										OFFSET 0.029894 0.000713 0.002416
										CHANNELS 3 Xrotation Yrotation Zrotation
										End Site
										{
											OFFSET 0.024912 0.000594 0.002013
										}
									}
								}
								JOINT Index1.L
								{
									OFFSET 0.137576 0.002851 0.009664
									CHANNELS 3 Xrotation Yrotation Zrotation
									JOINT Index2.L
									{
										OFFSET 0.029894 0.000713 0.002416
										CHANNELS 3 Xrotation Yrotation Zrotation
										JOINT Index3.L
										{
											OFFSET 0.021922 0.000523 0.001772
											CHANNELS 3 Xrotation Yrotation Zrotation
											End Site
											{
												OFFSET 0.017936 0.000428 0.001450
											}
										}
									}
								}
								JOINT Middle1.L
								{
									OFFSET 0.119576 0.002851 0.009664
									CHANNELS 3 Xrotation Yrotation Zrotation
									JOINT Middle2.L
									{
										OFFSET 0.030891 0.000737 0.002496
										CHANNELS 3 Xrotation Yrotation Zrotation
										JOINT Middle3.L
										{
											OFFSET 0.021922 0.000523 0.001772
											CHANNELS 3 Xrotation Yrotation Zrotation
											End Site
											{
												OFFSET 0.017936 0.000428 0.001450
											}
										}
									}
								}
								JOINT Ring1.L
								{
									OFFSET 0.101576 0.002851 0.009664
									CHANNELS 3 Xrotation Yrotation Zrotation
									JOINT Ring2.L
									{
										OFFSET 0.028898 0.000689 0.002335
										CHANNELS 3 Xrotation Yrotation Zrotation
										JOINT Ring3.L
										{
											OFFSET 0.019929 0.000475 0.001611
											CHANNELS 3 Xrotation Yrotation Zrotation
											End Site
											{
												OFFSET 0.016940 0.000404 0.001369
											}
										}
									}
								}
								JOINT Pinky1.L
								{
									OFFSET 0.085576 0.002851 0.009664
									CHANNELS 3 Xrotation Yrotation Zrotation
									JOINT Pinky2.L
									{
										OFFSET 0.023915 0.000570 0.001933
										CHANNELS 3 Xrotation Yrotation Zrotation
										JOINT Pinky3.L
										{
											OFFSET 0.016940 0.000404 0.001369
											CHANNELS 3 Xrotation Yrotation Zrotation
											End Site
											{
												OFFSET 0.013951 0.000333 0.001127
											}
										}
									}
								}
							}
						}
					}
				}
				JOINT Clavicle.R
				{
					OFFSET -0.041423 0.014623 0.083095
					CHANNELS 3 Xrotation Yrotation Zrotation
					JOINT UpperArm.R
					{
						OFFSET -0.091831 0.009797 0.057319
						CHANNELS 3 Xrotation Yrotation Zrotation
						JOINT ForeArm.R
						{
							OFFSET -0.280522 0.022633 -0.042740
							CHANNELS 3 Xrotation Yrotation Zrotation
							JOINT Hand.R
							{
								OFFSET -0.260514 0.018872 -0.003366
								CHANNELS 3 Xrotation Yrotation Zrotation
								JOINT Thumb1.R
								{
									OFFSET -0.154676 0.008670 -0.001546
									CHANNELS 3 Xrotation Yrotation Zrotation
									JOINT Thumb2.R
									{
										OFFSET -0.029919 0.002167 -0.000387
										CHANNELS 3 Xrotation Yrotation Zrotation
										End Site
										{
											OFFSET -0.024933 0.001806 -0.000322
										}
									}
								}
								JOINT Index1.R
								{
									OFFSET -0.137676 0.008670 -0.001546
									CHANNELS 3 Xrotation Yrotation Zrotation
									JOINT Index2.R
									{
										OFFSET -0.029919 0.002167 -0.000387
										CHANNELS 3 Xrotation Yrotation Zrotation
										JOINT Index3.R
										{
											OFFSET -0.021941 0.001589 -0.000283
											CHANNELS 3 Xrotation Yrotation Zrotation
											End Site
											{
												OFFSET -0.017951 0.001300 -0.000232
											}
										}
									}
								}
								JOINT Middle1.R
								{
									OFFSET -0.119676 0.008670 -0.001546
									CHANNELS 3 Xrotation Yrotation Zrotation
									JOINT Middle2.R
									{
										OFFSET -0.030916 0.002240 -0.000399
										CHANNELS 3 Xrotation Yrotation Zrotation
										JOINT Middle3.R
										{
											OFFSET -0.021941 0.001589 -0.000283
											CHANNELS 3 Xrotation Yrotation Zrotation
											End Site
											{
												OFFSET -0.017951 0.001300 -0.000232
											}
										}
									}
								}
								JOINT Ring1.R
								{
									OFFSET -0.101676 0.008670 -0.001546
									CHANNELS 3 Xrotation Yrotation Zrotation
									JOINT Ring2.R
									{
										OFFSET -0.028922 0.002095 -0.000374
										CHANNELS 3 Xrotation Yrotation Zrotation
										JOINT Ring3.R
										{
											OFFSET -0.019946 0.001445 -0.000258
											CHANNELS 3 Xrotation Yrotation Zrotation
											End Site
											{
												OFFSET -0.016954 0.001228 -0.000219
											}
										}
									}
								}
								JOINT Pinky1.R
								{
									OFFSET -0.085676 0.008670 -0.001546
									CHANNELS 3 Xrotation Yrotation Zrotation
									JOINT Pinky2.R
									{
										OFFSET -0.023935 0.001734 -0.000309
										CHANNELS 3 Xrotation Yrotation Zrotation
										JOINT Pinky3.R
										{
											OFFSET -0.016954 0.001228 -0.000219
											CHANNELS 3 Xrotation Yrotation Zrotation
											End Site
											{
												OFFSET -0.013962 0.001011 -0.000180
											}
										}
									}
								}
							}
						}
					}
				}
			}
		}
	}
}
MOTION
Frames: 193
Frame Time: 0.04166667
-0.002666 -0.034150 1.040437 -4.570308 0.949116 2.490006 4.037964 0.798473 -0.710020 3.458504 0.718447 -10.705587 -7.065549 0.327064 7.621348 2.901192 -3.757226 0.546921 1.342709 -1.447783 0.425280 5.543888 -0.236539 3.833132 -5.988341 -2.366539 -4.852820 0.865901 -2.752471 -1.502142 4.122200 0.138278 2.502879 4.979654 -4.353224 -3.080644 -5.201477 3.327634 0.168493 10.272082 -0.211306 3.486155 15.743535 0.781325 3.000539 5.524771 21.143425 3.347842 18.065930 48.443801 -22.993263 18.916654 -2.691734 -20.594033 5.936196 0.821815 -6.649164 0.000000 0.000000 0.000000 0.000000 0.000000 0.000000 0.000000 0.000000 0.000000 0.000000 0.000000 0.000000 0.000000 0.000000 0.000000 0.000000 0.000000 0.000000 0.000000 0.000000 0.000000 0.000000 0.000000 0.000000 0.000000 0.000000 0.000000 0.000000 0.000000 0.000000 0.000000 0.000000 0.000000 0.000000 0.000000 0.000000 0.000000 0.000000 0.000000 0.000000 0.000000 0.000000 1.922847 -14.882651 -0.710288 31.320982 -52.560260 28.498729 10.561804 3.896730 26.407835 -2.151401 -4.650836 2.827227 0.000000 0.000000 0.000000 0.000000 0.000000 0.000000 0.000000 0.000000 0.000000 0.000000 0.000000 0.000000 0.000000 0.000000 0.000000 0.000000 0.000000 0.000000 0.000000 0.000000 0.000000 0.000000 0.000000 0.000000 0.000000 0.000000 0.000000 0.000000 0.000000 0.000000 0.000000 0.000000 0.000000 0.000000 0.000000 0.000000 0.000000 0.000000 0.000000 0.000000 0.000000 0.000000
-0.003478 -0.033559 1.040379 -4.518921 0.988105 2.450088 3.995592 0.824428 -0.768709 3.462082 0.691472 -10.736095 -7.075725 0.254986 7.715018 2.911469 -3.766334 0.533095 1.340809 -1.458447 0.462264 5.492821 -0.206141 3.906414 -5.995679 -2.390687 -4.875719 0.864257 -2.711986 -1.484421 4.073738 0.161408 2.531009 5.017345 -4.364635 -3.072906 -5.283056 3.351682 0.172619 10.305934 -0.230049 3.436106 15.674442 0.777698 2.955501 5.547260 21.164329 3.382707 18.039885 48.452163 -22.941996 18.948099 -2.679054 -20.587140 5.882457 0.852375 -6.552006 0.000000 0.000000 0.000000 0.000000 0.000000 0.000000 0.000000 0.000000 0.000000 0.000000 0.000000 0.000000 0.000000 0.000000 0.000000 0.000000 0.000000 0.000000 0.000000 0.000000 0.000000 0.000000 0.000000 0.000000 0.000000 0.000000 0.000000 0.000000 0.000000 0.000000 0.000000 0.000000 0.000000 0.000000 0.000000 0.000000 0.000000 0.000000 0.000000 0.000000 0.000000 0.000000 1.981840 -14.845469 -0.726726 31.387686 -52.558242 28.591035 10.655338 3.924038 26.309546 -2.150054 -4.635873 2.756240 0.000000 0.000000 0.000000 0.000000 0.000000 0.000000 0.000000 0.000000 0.000000 0.000000 0.000000 0.000000 0.000000 0.000000 0.000000 0.000000 0.000000 0.000000 0.000000 0.000000 0.000000 0.000000 0.000000 0.000000 0.000000 0.000000 0.000000 0.000000 0.000000 0.000000 0.000000 0.000000 0.000000 0.000000 0.000000 0.000000 0.000000 0.000000 0.000000 0.000000 0.000000 0.000000
-0.003088 -0.032851 1.040318 -4.462495 0.969129 2.375824 3.993481 0.852991 -0.790166 3.392432 0.667760 -10.668317 -7.056992 0.242348 7.720972 2.906362 -3.786073 0.544940 1.351282 -1.465242 0.435144 5.424108 -0.166568 3.901208 -6.038332 -2.395640 -4.827082 0.862654 -2.745826 -1.505873 4.066466 0.145396 2.552229 4.926467 -4.304929 -3.043938 -5.163599 3.350377 0.163452 10.252764 -0.273025 3.449572 15.640566 0.804062 2.937939 5.472877 21.144221 3.437446 17.999653 48.472664 -22.869738 18.910921 -2.676068 -20.532033 5.762311 0.964325 -6.520873 0.000000 0.000000 0.000000 0.000000 0.000000 0.000000 0.000000 0.000000 0.000000 0.000000 0.000000 0.000000 0.000000 0.000000 0.000000 0.000000 0.000000 0.000000 0.000000 0.000000 0.000000 0.000000 0.000000 0.000000 0.000000 0.000000 0.000000 0.000000 0.000000 0.000000 0.000000 0.000000 0.000000 0.000000 0.000000 0.000000 0.000000 0.000000 0.000000 0.000000 0.000000 0.000000 1.924984 -14.815248 -0.729250 31.542974 -52.654190 28.708949 10.655751 4.017916 26.297784 -2.066059 -4.646875 2.674641 0.000000 0.000000 0.000000 0.000000 0.000000 0.000000 0.000000 0.000000 0.000000 0.000000 0.000000 0.000000 0.000000 0.000000 0.000000 0.000000 0.000000 0.000000 0.000000 0.000000 0.000000 0.000000 0.000000 0.000000 0.000000 0.000000 0.000000 0.000000 0.000000 0.000000 0.000000 0.000000 0.000000 0.000000 0.000000 0.000000 0.000000 0.000000 0.000000 0.000000 0.000000 0.000000
-0.002991 -0.032576 1.040273 -4.433405 0.967993 2.356251 4.001024 0.857843 -0.786138 3.313077 0.660080 -10.612404 -7.044827 0.244026 7.714119 2.911719 -3.784742 0.545111 1.353807 -1.472869 0.447091 5.408770 -0.153493 3.895665 -6.074800 -2.394736 -4.822738 0.862186 -2.737110 -1.505485 4.069134 0.160682 2.558477 4.932174 -4.300121 -3.028012 -5.175648 3.350405 0.164838 10.243097 -0.291884 3.435829 15.615480 0.808908 2.887476 5.474341 21.141134 3.447141 17.973661 48.473123 -22.810317 18.887976 -2.693325 -20.575356 5.739373 1.005877 -6.490845 0.000000 0.000000 0.000000 0.000000 0.000000 0.000000 0.000000 0.000000 0.000000 0.000000 0.000000 0.000000 0.000000 0.000000 0.000000 0.000000 0.000000 0.000000 0.000000 0.000000 0.000000 0.000000 0.000000 0.000000 0.000000 0.000000 0.000000 0.000000 0.000000 0.000000 0.000000 0.000000 0.000000 0.000000 0.000000 0.000000 0.000000 0.000000 0.000000 0.000000 0.000000 0.000000 1.940564 -14.803476 -0.709453 31.584830 -52.677019 28.752995 10.689694 4.054585 26.305058 -2.006437 -4.659600 2.630689 0.000000 0.000000 0.000000 0.000000 0.000000 0.000000 0.000000 0.000000 0.000000 0.000000 0.000000 0.000000 0.000000 0.000000 0.000000 0.000000 0.000000 0.000000 0.000000 0.000000 0.000000 0.000000 0.000000 0.000000 0.000000 0.000000 0.000000 0.000000 0.000000 0.000000 0.000000 0.000000 0.000000 0.000000 0.000000 0.000000 0.000000 0.000000 0.000000 0.000000 0.000000 0.000000
-0.002807 -0.032496 1.040234 -4.419091 0.957471 2.357076 4.017844 0.872657 -0.767487 3.233119 0.639165 -10.534868 -7.036404 0.261559 7.672843 2.918172 -3.783094 0.555052 1.348955 -1.470610 0.457470 5.426137 -0.149783 3.857797 -6.108280 -2.392209 -4.809421 0.868254 -2.740709 -1.514337 4.086239 0.167757 2.555196 4.916669 -4.288133 -3.021501 -5.162171 3.342741 0.168603 10.236570 -0.304482 3.435942 15.625618 0.827153 2.843883 5.455013 21.125289 3.451458 17.990399 48.485753 -22.793503 18.880719 -2.722944 -20.602281 5.759576 1.037032 -6.496526 0.000000 0.000000 0.000000 0.000000 0.000000 0.000000 0.000000 0.000000 0.000000 0.000000 0.000000 0.000000 0.000000 0.000000 0.000000 0.000000 0.000000 0.000000 0.000000 0.000000 0.000000 0.000000 0.000000 0.000000 0.000000 0.000000 0.000000 0.000000 0.000000 0.000000 0.000000 0.000000 0.000000 0.000000 0.000000 0.000000 0.000000 0.000000 0.000000 0.000000 0.000000 0.000000 1.922059 -14.783072 -0.700448 31.619460 -52.700761 28.780112 10.729160 4.077976 26.328941 -1.931316 -4.696105 2.602879 0.000000 0.000000 0.000000 0.000000 0.000000 0.000000 0.000000 0.000000 0.000000 0.000000 0.000000 0.000000 0.000000 0.000000 0.000000 0.000000 0.000000 0.000000 0.000000 0.000000 0.000000 0.000000 0.000000 0.000000 0.000000 0.000000 0.000000 0.000000 0.000000 0.000000 0.000000 0.000000 0.000000 0.000000 0.000000 0.000000 0.000000 0.000000 0.000000 0.000000 0.000000 0.000000
-0.002677 -0.032506 1.040188 -4.393650 0.951782 2.335698 3.993098 0.883249 -0.737397 3.195962 0.627001 -10.449115 -7.046715 0.295044 7.653024 2.918111 -3.797794 0.558864 1.262697 -1.465920 0.463328 5.543748 -0.155225 3.774453 -6.154316 -2.406266 -4.777128 0.877895 -2.741203 -1.518056 4.139256 0.160370 2.535892 4.838423 -4.260150 -3.012513 -5.095282 3.332191 0.172975 10.189849 -0.320203 3.425520 15.638483 0.855383 2.811621 5.409260 21.108878 3.460279 18.003762 48.500166 -22.788774 18.897401 -2.748910 -20.606419 5.807919 1.067262 -6.485029 0.000000 0.000000 0.000000 0.000000 0.000000 0.000000 0.000000 0.000000 0.000000 0.000000 0.000000 0.000000 0.000000 0.000000 0.000000 0.000000 0.000000 0.000000 0.000000 0.000000 0.000000 0.000000 0.000000 0.000000 0.000000 0.000000 0.000000 0.000000 0.000000 0.000000 0.000000 0.000000 0.000000 0.000000 0.000000 0.000000 0.000000 0.000000 0.000000 0.000000 0.000000 0.000000 1.869940 -14.768281 -0.686984 31.637470 -52.718871 28.812328 10.786326 4.100201 26.334226 -1.865297 -4.737799 2.566142 0.000000 0.000000 0.000000 0.000000 0.000000 0.000000 0.000000 0.000000 0.000000 0.000000 0.000000 0.000000 0.000000 0.000000 0.000000 0.000000 0.000000 0.000000 0.000000 0.000000 0.000000 0.000000 0.000000 0.000000 0.000000 0.000000 0.000000 0.000000 0.000000 0.000000 0.000000 0.000000 0.000000 0.000000 0.000000 0.000000 0.000000 0.000000 0.000000 0.000000 0.000000 0.000000
-0.002719 -0.032375 1.040140 -4.367110 0.944250 2.338756 3.985848 0.906401 -0.731580 3.142961 0.613551 -10.391401 -7.056344 0.312633 7.650552 2.914583 -3.811509 0.567383 1.192435 -1.449988 0.478275 5.645635 -0.156506 3.735874 -6.195155 -2.418104 -4.784657 0.877129 -2.731989 -1.519622 4.165268 0.169162 2.514520 4.808983 -4.248361 -3.017381 -5.059664 3.329997 0.173109 10.142730 -0.331560 3.426459 15.626473 0.865175 2.778861 5.387119 21.109815 3.456280 18.008734 48.496283 -22.767716 18.890337 -2.761748 -20.647184 5.839239 1.142272 -6.476219 0.000000 0.000000 0.000000 0.000000 0.000000 0.000000 0.000000 0.000000 0.000000 0.000000 0.000000 0.000000 0.000000 0.000000 0.000000 0.000000 0.000000 0.000000 0.000000 0.000000 0.000000 0.000000 0.000000 0.000000 0.000000 0.000000 0.000000 0.000000 0.000000 0.000000 0.000000 0.000000 0.000000 0.000000 0.000000 0.000000 0.000000 0.000000 0.000000 0.000000 0.000000 0.000000 1.838882 -14.781324 -0.666165 31.632850 -52.698464 28.828536 10.837712 4.109561 26.309294 -1.765260 -4.792434 2.542210 0.000000 0.000000 0.000000 0.000000 0.000000 0.000000 0.000000 0.000000 0.000000 0.000000 0.000000 0.000000 0.000000 0.000000 0.000000 0.000000 0.000000 0.000000 0.000000 0.000000 0.000000 0.000000 0.000000 0.000000 0.000000 0.000000 0.000000 0.000000 0.000000 0.000000 0.000000 0.000000 0.000000 0.000000 0.000000 0.000000 0.000000 0.000000 0.000000 0.000000 0.000000 0.000000
-0.002921 -0.032232 1.040096 -4.345391 0.941261 2.347784 3.972380 0.930078 -0.727213 3.122507 0.602339 -10.346409 -7.078296 0.324380 7.643637 2.914240 -3.828259 0.574821 1.114524 -1.426422 0.474584 5.770673 -0.160830 3.685599 -6.232064 -2.441208 -4.773857 0.880301 -2.728979 -1.523523 4.196846 0.179395 2.496733 4.775874 -4.242005 -3.027570 -5.036476 3.329268 0.172768 10.126223 -0.337896 3.427622 15.635464 0.882918 2.766505 5.380088 21.111455 3.457100 17.999031 48.507161 -22.759303 18.882995 -2.760770 -20.663407 5.851636 1.216408 -6.466400 0.000000 0.000000 0.000000 0.000000 0.000000 0.000000 0.000000 0.000000 0.000000 0.000000 0.000000 0.000000 0.000000 0.000000 0.000000 0.000000 0.000000 0.000000 0.000000 0.000000 0.000000 0.000000 0.000000 0.000000 0.000000 0.000000 0.000000 0.000000 0.000000 0.000000 0.000000 0.000000 0.000000 0.000000 0.000000 0.000000 0.000000 0.000000 0.000000 0.000000 0.000000 0.000000 1.820710 -14.787120 -0.666994 31.621536 -52.685608 28.838446 10.892244 4.141979 26.290812 -1.668553 -4.866822 2.510248 0.000000 0.000000 0.000000 0.000000 0.000000 0.000000 0.000000 0.000000 0.000000 0.000000 0.000000 0.000000 0.000000 0.000000 0.000000 0.000000 0.000000 0.000000 0.000000 0.000000 0.000000 0.000000 0.000000 0.000000 0.000000 0.000000 0.000000 0.000000 0.000000 0.000000 0.000000 0.000000 0.000000 0.000000 0.000000 0.000000 0.000000 0.000000 0.000000 0.000000 0.000000 0.000000
-0.003157 -0.032171 1.040055 -4.326780 0.938887 2.356284 3.957756 0.949907 -0.735748 3.107010 0.601151 -10.331174 -7.094916 0.327298 7.651534 2.909176 -3.845090 0.585302 1.033677 -1.397387 0.466265 5.892842 -0.169689 3.642301 -6.252415 -2.468073 -4.767701 0.884058 -2.729373 -1.525670 4.205521 0.188824 2.485661 4.754620 -4.235971 -3.044584 -5.013073 3.330008 0.171177 10.125044 -0.339543 3.424232 15.647175 0.895782 2.760312 5.370865 21.113819 3.459058 17.999704 48.508685 -22.765647 18.871508 -2.752330 -20.682295 5.854453 1.288250 -6.458770 0.000000 0.000000 0.000000 0.000000 0.000000 0.000000 0.000000 0.000000 0.000000 0.000000 0.000000 0.000000 0.000000 0.000000 0.000000 0.000000 0.000000 0.000000 0.000000 0.000000 0.000000 0.000000 0.000000 0.000000 0.000000 0.000000 0.000000 0.000000 0.000000 0.000000 0.000000 0.000000 0.000000 0.000000 0.000000 0.000000 0.000000 0.000000 0.000000 0.000000 0.000000 0.000000 1.802109 -14.790059 -0.669164 31.621043 -52.663540 28.851579 10.953938 4.173045 26.297240 -1.587643 -4.936818 2.488148 0.000000 0.000000 0.000000 0.000000 0.000000 0.000000 0.000000 0.000000 0.000000 0.000000 0.000000 0.000000 0.000000 0.000000 0.000000 0.000000 0.000000 0.000000 0.000000 0.000000 0.000000 0.000000 0.000000 0.000000 0.000000 0.000000 0.000000 0.000000 0.000000 0.000000 0.000000 0.000000 0.000000 0.000000 0.000000 0.000000 0.000000 0.000000 0.000000 0.000000 0.000000 0.000000
-0.003210 -0.032242 1.040019 -4.316761 0.914201 2.356935 3.957477 0.982732 -0.747781 3.078147 0.617381 -10.352577 -7.096285 0.328114 7.678670 2.914475 -3.844155 0.592178 0.949899 -1.357076 0.471564 6.024798 -0.162638 3.620991 -6.267195 -2.484945 -4.779260 0.886392 -2.708662 -1.523634 4.200953 0.228551 2.479420 4.791107 -4.261897 -3.057525 -5.085632 3.341819 0.178293 10.175063 -0.332553 3.423228 15.682574 0.904010 2.752825 5.413060 21.115870 3.460294 18.017240 48.482688 -22.798877 18.889581 -2.727724 -20.721870 5.890571 1.354033 -6.446703 0.000000 0.000000 0.000000 0.000000 0.000000 0.000000 0.000000 0.000000 0.000000 0.000000 0.000000 0.000000 0.000000 0.000000 0.000000 0.000000 0.000000 0.000000 0.000000 0.000000 0.000000 0.000000 0.000000 0.000000 0.000000 0.000000 0.000000 0.000000 0.000000 0.000000 0.000000 0.000000 0.000000 0.000000 0.000000 0.000000 0.000000 0.000000 0.000000 0.000000 0.000000 0.000000 1.832392 -14.803047 -0.681182 31.597637 -52.648113 28.879747 10.961127 4.196692 26.269342 -1.545570 -5.035753 2.459708 0.000000 0.000000 0.000000 0.000000 0.000000 0.000000 0.000000 0.000000 0.000000 0.000000 0.000000 0.000000 0.000000 0.000000 0.000000 0.000000 0.000000 0.000000 0.000000 0.000000 0.000000 0.000000 0.000000 0.000000 0.000000 0.000000 0.000000 0.000000 0.000000 0.000000 0.000000 0.000000 0.000000 0.000000 0.000000 0.000000 0.000000 0.000000 0.000000 0.000000 0.000000 0.000000
-0.003307 -0.032193 1.039982 -4.302244 0.893667 2.347256 3.937965 1.017658 -0.767559 3.095093 0.628003 -10.386061 -7.112964 0.310812 7.712524 2.911962 -3.854037 0.591385 0.880871 -1.321242 0.473310 6.123683 -0.150611 3.615931 -6.266461 -2.509617 -4.793434 0.886141 -2.701453 -1.523614 4.198877 0.249735 2.478057 4.801451 -4.278007 -3.069162 -5.118346 3.354306 0.179883 10.215184 -0.332932 3.435356 15.739066 0.934445 2.762559 5.442063 21.119692 3.454362 18.009821 48.480659 -22.825951 18.877889 -2.688570 -20.699766 5.902014 1.387388 -6.429149 0.000000 0.000000 0.000000 0.000000 0.000000 0.000000 0.000000 0.000000 0.000000 0.000000 0.000000 0.000000 0.000000 0.000000 0.000000 0.000000 0.000000 0.000000 0.000000 0.000000 0.000000 0.000000 0.000000 0.000000 0.000000 0.000000 0.000000 0.000000 0.000000 0.000000 0.000000 0.000000 0.000000 0.000000 0.000000 0.000000 0.000000 0.000000 0.000000 0.000000 0.000000 0.000000 1.851498 -14.795528 -0.689942 31.587545 -52.631138 28.899413 10.979768 4.205227 26.288061 -1.570360 -5.078528 2.450762 0.000000 0.000000 0.000000 0.000000 0.000000 0.000000 0.000000 0.000000 0.000000 0.000000 0.000000 0.000000 0.000000 0.000000 0.000000 0.000000 0.000000 0.000000 0.000000 0.000000 0.000000 0.000000 0.000000 0.000000 0.000000 0.000000 0.000000 0.000000 0.000000 0.000000 0.000000 0.000000 0.000000 0.000000 0.000000 0.000000 0.000000 0.000000 0.000000 0.000000 0.000000 0.000000
-0.003447 -0.032132 1.039940 -4.280610 0.881442 2.325117 3.910593 1.048924 -0.791127 3.111291 0.631547 -10.432789 -7.126700 0.287687 7.754578 2.916152 -3.851098 0.584877 0.834484 -1.298796 0.484505 6.157216 -0.130569 3.629455 -6.235845 -2.533611 -4.813798 0.885643 -2.686480 -1.518489 4.203586 0.265031 2.477449 4.819988 -4.296058 -3.073755 -5.168728 3.367294 0.186552 10.257041 -0.328815 3.448960 15.799051 0.959039 2.792378 5.476013 21.124380 3.442394 18.024850 48.473542 -22.870076 18.864512 -2.656322 -20.680769 5.909515 1.420321 -6.419086 0.000000 0.000000 0.000000 0.000000 0.000000 0.000000 0.000000 0.000000 0.000000 0.000000 0.000000 0.000000 0.000000 0.000000 0.000000 0.000000 0.000000 0.000000 0.000000 0.000000 0.000000 0.000000 0.000000 0.000000 0.000000 0.000000 0.000000 0.000000 0.000000 0.000000 0.000000 0.000000 0.000000 0.000000 0.000000 0.000000 0.000000 0.000000 0.000000 0.000000 0.000000 0.000000 1.877559 -14.795348 -0.693648 31.574270 -52.610179 28.922659 10.956563 4.207749 26.299936 -1.619292 -5.119967 2.454213 0.000000 0.000000 0.000000 0.000000 0.000000 0.000000 0.000000 0.000000 0.000000 0.000000 0.000000 0.000000 0.000000 0.000000 0.000000 0.000000 0.000000 0.000000 0.000000 0.000000 0.000000 0.000000 0.000000 0.000000 0.000000 0.000000 0.000000 0.000000 0.000000 0.000000 0.000000 0.000000 0.000000 0.000000 0.000000 0.000000 0.000000 0.000000 0.000000 0.000000 0.000000 0.000000
-0.003390 -0.032192 1.039901 -4.264526 0.864640 2.297330 3.872663 1.079118 -0.815033 3.146387 0.628762 -10.461877 -7.133083 0.259193 7.784199 2.920571 -3.843291 0.578364 0.817088 -1.288541 0.501167 6.137817 -0.103031 3.652667 -6.189107 -2.546576 -4.836556 0.887003 -2.675512 -1.514049 4.228020 0.267625 2.482238 4.821201 -4.300666 -3.068814 -5.185758 3.376506 0.191386 10.275438 -0.335874 3.462826 15.854735 0.989745 2.791288 5.480662 21.119906 3.426046 18.048573 48.466448 -22.928515 18.852470 -2.630691 -20.641240 5.901478 1.449575 -6.412838 0.000000 0.000000 0.000000 0.000000 0.000000 0.000000 0.000000 0.000000 0.000000 0.000000 0.000000 0.000000 0.000000 0.000000 0.000000 0.000000 0.000000 0.000000 0.000000 0.000000 0.000000 0.000000 0.000000 0.000000 0.000000 0.000000 0.000000 0.000000 0.000000 0.000000 0.000000 0.000000 0.000000 0.000000 0.000000 0.000000 0.000000 0.000000 0.000000 0.000000 0.000000 0.000000 1.878473 -14.790653 -0.686785 31.582036 -52.601625 28.965219 10.900325 4.200292 26.314855 -1.704205 -5.132921 2.469548 0.000000 0.000000 0.000000 0.000000 0.000000 0.000000 0.000000 0.000000 0.000000 0.000000 0.000000 0.000000 0.000000 0.000000 0.000000 0.000000 0.000000 0.000000 0.000000 0.000000 0.000000 0.000000 0.000000 0.000000 0.000000 0.000000 0.000000 0.000000 0.000000 0.000000 0.000000 0.000000 0.000000 0.000000 0.000000 0.000000 0.000000 0.000000 0.000000 0.000000 0.000000 0.000000
-0.003167 -0.032374 1.039853 -4.241241 0.833469 2.290839 3.818409 1.120795 -0.838704 3.166768 0.621683 -10.488641 -7.121058 0.239215 7.806582 2.930370 -3.821112 0.571599 0.835013 -1.268003 0.507025 6.021828 -0.074812 3.697450 -6.114617 -2.571056 -4.867045 0.883445 -2.658502 -1.514033 4.245218 0.264772 2.488778 4.848320 -4.310429 -3.051996 -5.230703 3.392557 0.196294 10.314824 -0.338519 3.445506 15.940589 1.010228 2.775461 5.481549 21.120282 3.420520 18.089017 48.444673 -23.015151 18.820870 -2.600980 -20.619345 5.870532 1.485752 -6.421746 0.000000 0.000000 0.000000 0.000000 0.000000 0.000000 0.000000 0.000000 0.000000 0.000000 0.000000 0.000000 0.000000 0.000000 0.000000 0.000000 0.000000 0.000000 0.000000 0.000000 0.000000 0.000000 0.000000 0.000000 0.000000 0.000000 0.000000 0.000000 0.000000 0.000000 0.000000 0.000000 0.000000 0.000000 0.000000 0.000000 0.000000 0.000000 0.000000 0.000000 0.000000 0.000000 1.890579 -14.789657 -0.690337 31.573259 -52.598818 28.986642 10.805810 4.201266 26.371456 -1.807461 -5.131114 2.494946 0.000000 0.000000 0.000000 0.000000 0.000000 0.000000 0.000000 0.000000 0.000000 0.000000 0.000000 0.000000 0.000000 0.000000 0.000000 0.000000 0.000000 0.000000 0.000000 0.000000 0.000000 0.000000 0.000000 0.000000 0.000000 0.000000 0.000000 0.000000 0.000000 0.000000 0.000000 0.000000 0.000000 0.000000 0.000000 0.000000 0.000000 0.000000 0.000000 0.000000 0.000000 0.000000
-0.003251 -0.032238 1.039802 -4.220131 0.834288 2.261520 3.768227 1.147657 -0.867794 3.224868 0.596367 -10.515174 -7.145519 0.203864 7.841881 2.931787 -3.824161 0.564745 0.860767 -1.272108 0.522453 5.942193 -0.050945 3.741323 -6.063228 -2.592006 -4.870863 0.883489 -2.662793 -1.516471 4.280227 0.250239 2.501314 4.831949 -4.298001 -3.035599 -5.189201 3.395476 0.202758 10.306488 -0.355153 3.455389 15.996509 1.040038 2.763275 5.451823 21.105075 3.413792 18.100140 48.469732 -23.060666 18.803122 -2.586514 -20.575641 5.828954 1.495012 -6.421823 0.000000 0.000000 0.000000 0.000000 0.000000 0.000000 0.000000 0.000000 0.000000 0.000000 0.000000 0.000000 0.000000 0.000000 0.000000 0.000000 0.000000 0.000000 0.000000 0.000000 0.000000 0.000000 0.000000 0.000000 0.000000 0.000000 0.000000 0.000000 0.000000 0.000000 0.000000 0.000000 0.000000 0.000000 0.000000 0.000000 0.000000 0.000000 0.000000 0.000000 0.000000 0.000000 1.859584 -14.768201 -0.686648 31.590130 -52.618988 29.026845 10.727602 4.200138 26.372318 -1.880223 -5.114365 2.506778 0.000000 0.000000 0.000000 0.000000 0.000000 0.000000 0.000000 0.000000 0.000000 0.000000 0.000000 0.000000 0.000000 0.000000 0.000000 0.000000 0.000000 0.000000 0.000000 0.000000 0.000000 0.000000 0.000000 0.000000 0.000000 0.000000 0.000000 0.000000 0.000000 0.000000 0.000000 0.000000 0.000000 0.000000 0.000000 0.000000 0.000000 0.000000 0.000000 0.000000 0.000000 0.000000
-0.003202 -0.032343 1.039752 -4.212318 0.824311 2.235152 3.742129 1.181149 -0.894838 3.237347 0.571023 -10.524036 -7.154563 0.177657 7.868711 2.936311 -3.814345 0.558607 0.916560 -1.266064 0.547747 5.819787 -0.032254 3.789075 -6.008822 -2.617892 -4.881686 0.884616 -2.663568 -1.514540 4.312533 0.238045 2.514425 4.842478 -4.296750 -3.021413 -5.166597 3.394796 0.211534 10.283133 -0.356239 3.439819 16.049041 1.069616 2.727299 5.425007 21.110087 3.402556 18.086609 48.497349 -23.085118 18.773821 -2.601365 -20.542811 5.809326 1.477557 -6.435036 0.000000 0.000000 0.000000 0.000000 0.000000 0.000000 0.000000 0.000000 0.000000 0.000000 0.000000 0.000000 0.000000 0.000000 0.000000 0.000000 0.000000 0.000000 0.000000 0.000000 0.000000 0.000000 0.000000 0.000000 0.000000 0.000000 0.000000 0.000000 0.000000 0.000000 0.000000 0.000000 0.000000 0.000000 0.000000 0.000000 0.000000 0.000000 0.000000 0.000000 0.000000 0.000000 1.837723 -14.772791 -0.674788 31.548208 -52.605737 28.998854 10.645773 4.190556 26.442219 -1.955033 -5.059296 2.540122 0.000000 0.000000 0.000000 0.000000 0.000000 0.000000 0.000000 0.000000 0.000000 0.000000 0.000000 0.000000 0.000000 0.000000 0.000000 0.000000 0.000000 0.000000 0.000000 0.000000 0.000000 0.000000 0.000000 0.000000 0.000000 0.000000 0.000000 0.000000 0.000000 0.000000 0.000000 0.000000 0.000000 0.000000 0.000000 0.000000 0.000000 0.000000 0.000000 0.000000 0.000000 0.000000
-0.003202 -0.032099 1.039689 -4.197524 0.821622 2.207795 3.733815 1.205739 -0.926117 3.237228 0.545903 -10.563326 -7.177800 0.144541 7.906408 2.937452 -3.813447 0.555867 0.965536 -1.263069 0.557434 5.738423 -0.019596 3.841118 -5.989086 -2.640042 -4.880348 0.885744 -2.677267 -1.516866 4.332569 0.229259 2.530703 4.842174 -4.287225 -3.006486 -5.117815 3.393074 0.215624 10.249279 -0.375130 3.438587 16.077417 1.101855 2.682304 5.389219 21.098486 3.409367 18.098508 48.529225 -23.131322 18.760761 -2.609692 -20.475341 5.798775 1.456308 -6.442441 0.000000 0.000000 0.000000 0.000000 0.000000 0.000000 0.000000 0.000000 0.000000 0.000000 0.000000 0.000000 0.000000 0.000000 0.000000 0.000000 0.000000 0.000000 0.000000 0.000000 0.000000 0.000000 0.000000 0.000000 0.000000 0.000000 0.000000 0.000000 0.000000 0.000000 0.000000 0.000000 0.000000 0.000000 0.000000 0.000000 0.000000 0.000000 0.000000 0.000000 0.000000 0.000000 1.798396 -14.754855 -0.673822 31.564980 -52.613426 29.025803 10.587562 4.169003 26.450767 -1.999665 -4.988447 2.555322 0.000000 0.000000 0.000000 0.000000 0.000000 0.000000 0.000000 0.000000 0.000000 0.000000 0.000000 0.000000 0.000000 0.000000 0.000000 0.000000 0.000000 0.000000 0.000000 0.000000 0.000000 0.000000 0.000000 0.000000 0.000000 0.000000 0.000000 0.000000 0.000000 0.000000 0.000000 0.000000 0.000000 0.000000 0.000000 0.000000 0.000000 0.000000 0.000000 0.000000 0.000000 0.000000
-0.003357 -0.031699 1.039616 -4.174963 0.833987 2.173730 3.735864 1.217739 -0.952254 3.217760 0.521481 -10.605463 -7.213648 0.114136 7.939822 2.921967 -3.815849 0.559266 1.001613 -1.268276 0.584677 5.678353 -0.010412 3.894739 -5.977398 -2.667111 -4.879043 0.886165 -2.705294 -1.521397 4.364416 0.201214 2.534316 4.776552 -4.257073 -2.986569 -4.995315 3.384876 0.218143 10.166920 -0.409198 3.460124 16.102546 1.151058 2.620541 5.303555 21.087994 3.441420 18.137301 48.555038 -23.151294 18.817623 -2.647734 -20.447709 5.839077 1.418471 -6.448956 0.000000 0.000000 0.000000 0.000000 0.000000 0.000000 0.000000 0.000000 0.000000 0.000000 0.000000 0.000000 0.000000 0.000000 0.000000 0.000000 0.000000 0.000000 0.000000 0.000000 0.000000 0.000000 0.000000 0.000000 0.000000 0.000000 0.000000 0.000000 0.000000 0.000000 0.000000 0.000000 0.000000 0.000000 0.000000 0.000000 0.000000 0.000000 0.000000 0.000000 0.000000 0.000000 1.713137 -14.748009 -0.686756 31.595291 -52.596588 29.031090 10.563559 4.139931 26.479531 -2.003934 -4.888964 2.563344 0.000000 0.000000 0.000000 0.000000 0.000000 0.000000 0.000000 0.000000 0.000000 0.000000 0.000000 0.000000 0.000000 0.000000 0.000000 0.000000 0.000000 0.000000 0.000000 0.000000 0.000000 0.000000 0.000000 0.000000 0.000000 0.000000 0.000000 0.000000 0.000000 0.000000 0.000000 0.000000 0.000000 0.000000 0.000000 0.000000 0.000000 0.000000 0.000000 0.000000 0.000000 0.000000
-0.003497 -0.030945 1.039531 -4.132085 0.837353 2.115593 3.725252 1.246848 -0.979358 3.221282 0.493970 -10.624403 -7.267208 0.082621 7.967821 2.910484 -3.817638 0.555828 1.015485 -1.263628 0.603224 5.641431 0.008769 3.942918 -5.987236 -2.689480 -4.866881 0.884818 -2.723814 -1.517778 4.385709 0.190588 2.537632 4.733856 -4.241853 -2.981847 -4.933267 3.382983 0.219609 10.116245 -0.425119 3.483273 16.117485 1.205394 2.607016 5.266679 21.082777 3.459487 18.167610 48.581711 -23.169208 18.855827 -2.660887 -20.351245 5.885131 1.410592 -6.434412 0.000000 0.000000 0.000000 0.000000 0.000000 0.000000 0.000000 0.000000 0.000000 0.000000 0.000000 0.000000 0.000000 0.000000 0.000000 0.000000 0.000000 0.000000 0.000000 0.000000 0.000000 0.000000 0.000000 0.000000 0.000000 0.000000 0.000000 0.000000 0.000000 0.000000 0.000000 0.000000 0.000000 0.000000 0.000000 0.000000 0.000000 0.000000 0.000000 0.000000 0.000000 0.000000 1.663935 -14.749545 -0.701000 31.630620 -52.575464 29.053516 10.549730 4.120306 26.481942 -2.012682 -4.837441 2.560514 0.000000 0.000000 0.000000 0.000000 0.000000 0.000000 0.000000 0.000000 0.000000 0.000000 0.000000 0.000000 0.000000 0.000000 0.000000 0.000000 0.000000 0.000000 0.000000 0.000000 0.000000 0.000000 0.000000 0.000000 0.000000 0.000000 0.000000 0.000000 0.000000 0.000000 0.000000 0.000000 0.000000 0.000000 0.000000 0.000000 0.000000 0.000000 0.000000 0.000000 0.000000 0.000000
-0.004215 -0.029883 1.039433 -4.067386 0.862310 2.092962 3.692354 1.278023 -1.016871 3.242402 0.474274 -10.660229 -7.328555 0.028249 8.005118 2.906300 -3.809350 0.541777 0.996465 -1.248732 0.599070 5.646802 0.018752 3.970824 -6.013602 -2.723869 -4.860312 0.877322 -2.717251 -1.501959 4.392188 0.211955 2.550606 4.748873 -4.264512 -2.981207 -4.953008 3.381881 0.229264 10.078162 -0.419701 3.505937 16.118233 1.225758 2.621974 5.293348 21.112726 3.458249 18.172496 48.594491 -23.169565 18.919567 -2.673697 -20.321423 5.909234 1.420921 -6.383024 0.000000 0.000000 0.000000 0.000000 0.000000 0.000000 0.000000 0.000000 0.000000 0.000000 0.000000 0.000000 0.000000 0.000000 0.000000 0.000000 0.000000 0.000000 0.000000 0.000000 0.000000 0.000000 0.000000 0.000000 0.000000 0.000000 0.000000 0.000000 0.000000 0.000000 0.000000 0.000000 0.000000 0.000000 0.000000 0.000000 0.000000 0.000000 0.000000 0.000000 0.000000 0.000000 1.693415 -14.773826 -0.705556 31.589860 -52.508334 29.007187 10.552785 4.118693 26.458283 -1.994735 -4.831973 2.558105 0.000000 0.000000 0.000000 0.000000 0.000000 0.000000 0.000000 0.000000 0.000000 0.000000 0.000000 0.000000 0.000000 0.000000 0.000000 0.000000 0.000000 0.000000 0.000000 0.000000 0.000000 0.000000 0.000000 0.000000 0.000000 0.000000 0.000000 0.000000 0.000000 0.000000 0.000000 0.000000 0.000000 0.000000 0.000000 0.000000 0.000000 0.000000 0.000000 0.000000 0.000000 0.000000
-0.004915 -0.028580 1.039331 -3.993499 0.894328 2.045589 3.633127 1.298139 -1.044699 3.324173 0.461610 -10.674016 -7.415033 -0.024092 8.037028 2.898418 -3.808028 0.521433 0.983663 -1.241911 0.587743 5.643737 0.031441 4.006262 -6.047577 -2.760790 -4.836729 0.871951 -2.714866 -1.486804 4.399606 0.221931 2.561437 4.758259 -4.282741 -2.978872 -4.986955 3.385866 0.232881 10.063339 -0.419840 3.518572 16.112188 1.244540 2.624883 5.332508 21.134662 3.460145 18.142916 48.603916 -23.129907 19.013809 -2.666289 -20.259149 5.925103 1.415981 -6.327444 0.000000 0.000000 0.000000 0.000000 0.000000 0.000000 0.000000 0.000000 0.000000 0.000000 0.000000 0.000000 0.000000 0.000000 0.000000 0.000000 0.000000 0.000000 0.000000 0.000000 0.000000 0.000000 0.000000 0.000000 0.000000 0.000000 0.000000 0.000000 0.000000 0.000000 0.000000 0.000000 0.000000 0.000000 0.000000 0.000000 0.000000 0.000000 0.000000 0.000000 0.000000 0.000000 1.733518 -14.769179 -0.713320 31.568995 -52.466307 28.984556 10.628343 4.119112 26.442199 -2.014703 -4.834871 2.549413 0.000000 0.000000 0.000000 0.000000 0.000000 0.000000 0.000000 0.000000 0.000000 0.000000 0.000000 0.000000 0.000000 0.000000 0.000000 0.000000 0.000000 0.000000 0.000000 0.000000 0.000000 0.000000 0.000000 0.000000 0.000000 0.000000 0.000000 0.000000 0.000000 0.000000 0.000000 0.000000 0.000000 0.000000 0.000000 0.000000 0.000000 0.000000 0.000000 0.000000 0.000000 0.000000
-0.005905 -0.027704 1.039241 -3.942440 0.937362 1.989394 3.561503 1.327449 -1.077814 3.443343 0.445845 -10.669746 -7.510314 -0.088142 8.072522 2.877004 -3.821761 0.506601 0.943895 -1.229331 0.571994 5.703236 0.042094 4.016816 -6.081943 -2.793348 -4.798655 0.860073 -2.724620 -1.471147 4.411056 0.222680 2.572892 4.733546 -4.276968 -2.976359 -4.975496 3.383543 0.237536 10.017748 -0.408363 3.574102 16.104395 1.255583 2.694649 5.348384 21.169368 3.460104 18.078491 48.620518 -23.045967 19.045724 -2.668954 -20.256673 5.896390 1.466989 -6.295650 0.000000 0.000000 0.000000 0.000000 0.000000 0.000000 0.000000 0.000000 0.000000 0.000000 0.000000 0.000000 0.000000 0.000000 0.000000 0.000000 0.000000 0.000000 0.000000 0.000000 0.000000 0.000000 0.000000 0.000000 0.000000 0.000000 0.000000 0.000000 0.000000 0.000000 0.000000 0.000000 0.000000 0.000000 0.000000 0.000000 0.000000 0.000000 0.000000 0.000000 0.000000 0.000000 1.754444 -14.762973 -0.716432 31.552155 -52.442171 28.959964 10.680085 4.181819 26.449164 -2.005844 -4.889196 2.523716 0.000000 0.000000 0.000000 0.000000 0.000000 0.000000 0.000000 0.000000 0.000000 0.000000 0.000000 0.000000 0.000000 0.000000 0.000000 0.000000 0.000000 0.000000 0.000000 0.000000 0.000000 0.000000 0.000000 0.000000 0.000000 0.000000 0.000000 0.000000 0.000000 0.000000 0.000000 0.000000 0.000000 0.000000 0.000000 0.000000 0.000000 0.000000 0.000000 0.000000 0.000000 0.000000
-0.006712 -0.026976 1.039154 -3.900060 0.968155 1.937090 3.466141 1.352669 -1.113815 3.605746 0.454505 -10.669792 -7.601886 -0.163901 8.111813 2.859052 -3.835300 0.486822 0.919671 -1.211102 0.553358 5.745066 0.055550 4.047186 -6.127862 -2.828062 -4.788773 0.847221 -2.715342 -1.452994 4.424183 0.242973 2.598716 4.737633 -4.286783 -2.969917 -5.009163 3.385260 0.245443 9.990479 -0.394103 3.606749 16.083679 1.272921 2.721834 5.380317 21.205901 3.439138 18.005526 48.612032 -22.948236 19.072398 -2.665257 -20.261088 5.885277 1.486247 -6.222618 0.000000 0.000000 0.000000 0.000000 0.000000 0.000000 0.000000 0.000000 0.000000 0.000000 0.000000 0.000000 0.000000 0.000000 0.000000 0.000000 0.000000 0.000000 0.000000 0.000000 0.000000 0.000000 0.000000 0.000000 0.000000 0.000000 0.000000 0.000000 0.000000 0.000000 0.000000 0.000000 0.000000 0.000000 0.000000 0.000000 0.000000 0.000000 0.000000 0.000000 0.000000 0.000000 1.797811 -14.767061 -0.694700 31.519631 -52.405789 28.931014 10.729712 4.207128 26.437913 -1.982874 -4.917783 2.495376 0.000000 0.000000 0.000000 0.000000 0.000000 0.000000 0.000000 0.000000 0.000000 0.000000 0.000000 0.000000 0.000000 0.000000 0.000000 0.000000 0.000000 0.000000 0.000000 0.000000 0.000000 0.000000 0.000000 0.000000 0.000000 0.000000 0.000000 0.000000 0.000000 0.000000 0.000000 0.000000 0.000000 0.000000 0.000000 0.000000 0.000000 0.000000 0.000000 0.000000 0.000000 0.000000
-0.007535 -0.026401 1.039061 -3.854977 0.988269 1.893872 3.346148 1.406127 -1.144748 3.780243 0.444134 -10.668820 -7.707471 -0.223085 8.158757 2.848054 -3.840607 0.456600 0.875340 -1.174381 0.529498 5.803400 0.072509 4.066667 -6.185383 -2.881455 -4.782179 0.833307 -2.676463 -1.428091 4.456733 0.281656 2.628325 4.763993 -4.316455 -2.961958 -5.113869 3.394137 0.267871 9.988428 -0.366865 3.630349 16.066454 1.285354 2.765274 5.450211 21.264693 3.400011 17.904005 48.594280 -22.835176 19.039015 -2.652764 -20.267914 5.888026 1.485636 -6.144757 0.000000 0.000000 0.000000 0.000000 0.000000 0.000000 0.000000 0.000000 0.000000 0.000000 0.000000 0.000000 0.000000 0.000000 0.000000 0.000000 0.000000 0.000000 0.000000 0.000000 0.000000 0.000000 0.000000 0.000000 0.000000 0.000000 0.000000 0.000000 0.000000 0.000000 0.000000 0.000000 0.000000 0.000000 0.000000 0.000000 0.000000 0.000000 0.000000 0.000000 0.000000 0.000000 1.884138 -14.767931 -0.673175 31.444148 -52.371919 28.876796 10.733239 4.216334 26.445016 -2.014245 -4.937575 2.487682 0.000000 0.000000 0.000000 0.000000 0.000000 0.000000 0.000000 0.000000 0.000000 0.000000 0.000000 0.000000 0.000000 0.000000 0.000000 0.000000 0.000000 0.000000 0.000000 0.000000 0.000000 0.000000 0.000000 0.000000 0.000000 0.000000 0.000000 0.000000 0.000000 0.000000 0.000000 0.000000 0.000000 0.000000 0.000000 0.000000 0.000000 0.000000 0.000000 0.000000 0.000000 0.000000
-0.008503 -0.025891 1.038968 -3.814190 1.009878 1.826987 3.255309 1.470864 -1.171347 3.899572 0.432432 -10.659085 -7.809466 -0.277709 8.214093 2.835695 -3.858878 0.429665 0.851711 -1.134106 0.506653 5.824656 0.107079 4.101845 -6.226129 -2.933623 -4.776118 0.824720 -2.647542 -1.411643 4.500140 0.303117 2.656158 4.734596 -4.312561 -2.950973 -5.162153 3.404630 0.290839 9.999132 -0.354385 3.685767 16.058718 1.301451 2.852065 5.483027 21.299282 3.372610 17.822985 48.597793 -22.727232 18.985702 -2.622396 -20.235576 5.840615 1.534374 -6.060323 0.000000 0.000000 0.000000 0.000000 0.000000 0.000000 0.000000 0.000000 0.000000 0.000000 0.000000 0.000000 0.000000 0.000000 0.000000 0.000000 0.000000 0.000000 0.000000 0.000000 0.000000 0.000000 0.000000 0.000000 0.000000 0.000000 0.000000 0.000000 0.000000 0.000000 0.000000 0.000000 0.000000 0.000000 0.000000 0.000000 0.000000 0.000000 0.000000 0.000000 0.000000 0.000000 1.922660 -14.743759 -0.655378 31.422047 -52.387387 28.880101 10.685728 4.234679 26.393091 -2.035044 -4.995745 2.448569 0.000000 0.000000 0.000000 0.000000 0.000000 0.000000 0.000000 0.000000 0.000000 0.000000 0.000000 0.000000 0.000000 0.000000 0.000000 0.000000 0.000000 0.000000 0.000000 0.000000 0.000000 0.000000 0.000000 0.000000 0.000000 0.000000 0.000000 0.000000 0.000000 0.000000 0.000000 0.000000 0.000000 0.000000 0.000000 0.000000 0.000000 0.000000 0.000000 0.000000 0.000000 0.000000
-0.009694 -0.025451 1.038868 -3.781955 1.036983 1.713214 3.199513 1.542553 -1.196554 3.956211 0.436947 -10.710811 -7.874425 -0.380481 8.320593 2.820075 -3.853066 0.405336 0.833514 -1.081632 0.488552 5.844781 0.147825 4.185898 -6.266307 -2.991972 -4.773729 0.808027 -2.598674 -1.385972 4.544058 0.340042 2.688677 4.750524 -4.312380 -2.921988 -5.242772 3.413882 0.317982 10.029575 -0.329606 3.741629 16.015993 1.293013 2.881754 5.540193 21.376915 3.336175 17.685440 48.549629 -22.547605 18.983639 -2.578659 -20.236037 5.792430 1.586299 -5.966872 0.000000 0.000000 0.000000 0.000000 0.000000 0.000000 0.000000 0.000000 0.000000 0.000000 0.000000 0.000000 0.000000 0.000000 0.000000 0.000000 0.000000 0.000000 0.000000 0.000000 0.000000 0.000000 0.000000 0.000000 0.000000 0.000000 0.000000 0.000000 0.000000 0.000000 0.000000 0.000000 0.000000 0.000000 0.000000 0.000000 0.000000 0.000000 0.000000 0.000000 0.000000 0.000000 1.995724 -14.727759 -0.596495 31.335775 -52.376340 28.845122 10.689145 4.241747 26.354032 -2.124532 -5.038677 2.415804 0.000000 0.000000 0.000000 0.000000 0.000000 0.000000 0.000000 0.000000 0.000000 0.000000 0.000000 0.000000 0.000000 0.000000 0.000000 0.000000 0.000000 0.000000 0.000000 0.000000 0.000000 0.000000 0.000000 0.000000 0.000000 0.000000 0.000000 0.000000 0.000000 0.000000 0.000000 0.000000 0.000000 0.000000 0.000000 0.000000 0.000000 0.000000 0.000000 0.000000 0.000000 0.000000
-0.010676 -0.025309 1.038761 -3.755078 1.053754 1.632839 3.142173 1.594644 -1.209161 3.993318 0.460119 -10.753122 -7.946007 -0.440620 8.354389 2.809753 -3.854888 0.375294 0.860427 -1.035806 0.474261 5.770709 0.199054 4.275108 -6.280587 -3.021426 -4.778828 0.796606 -2.568265 -1.360391 4.579563 0.375332 2.726810 4.787061 -4.310838 -2.891693 -5.334071 3.415021 0.348400 10.082105 -0.307836 3.769584 15.944074 1.260685 2.914560 5.587990 21.426425 3.306222 17.546997 48.525215 -22.390897 18.985136 -2.535486 -20.197215 5.730812 1.653932 -5.896934 0.000000 0.000000 0.000000 0.000000 0.000000 0.000000 0.000000 0.000000 0.000000 0.000000 0.000000 0.000000 0.000000 0.000000 0.000000 0.000000 0.000000 0.000000 0.000000 0.000000 0.000000 0.000000 0.000000 0.000000 0.000000 0.000000 0.000000 0.000000 0.000000 0.000000 0.000000 0.000000 0.000000 0.000000 0.000000 0.000000 0.000000 0.000000 0.000000 0.000000 0.000000 0.000000 2.070606 -14.689184 -0.544589 31.264801 -52.387089 28.846879 10.710461 4.253897 26.314513 -2.190021 -5.127286 2.367533 0.000000 0.000000 0.000000 0.000000 0.000000 0.000000 0.000000 0.000000 0.000000 0.000000 0.000000 0.000000 0.000000 0.000000 0.000000 0.000000 0.000000 0.000000 0.000000 0.000000 0.000000 0.000000 0.000000 0.000000 0.000000 0.000000 0.000000 0.000000 0.000000 0.000000 0.000000 0.000000 0.000000 0.000000 0.000000 0.000000 0.000000 0.000000 0.000000 0.000000 0.000000 0.000000
-0.012194 -0.025032 1.038643 -3.733235 1.086842 1.531008 3.168771 1.677144 -1.225704 3.908312 0.454487 -10.826543 -8.013701 -0.508397 8.422488 2.805979 -3.847195 0.350438 0.897228 -0.967078 0.438394 5.703036 0.237608 4.353397 -6.295912 -3.090248 -4.754041 0.790908 -2.531027 -1.344759 4.630275 0.399346 2.755075 4.793544 -4.294314 -2.865052 -5.371572 3.413206 0.373529 10.130962 -0.292292 3.786648 15.893300 1.246685 2.962291 5.617738 21.483618 3.310020 17.421222 48.538576 -22.215869 18.941553 -2.501368 -20.146826 5.647016 1.751213 -5.863519 0.000000 0.000000 0.000000 0.000000 0.000000 0.000000 0.000000 0.000000 0.000000 0.000000 0.000000 0.000000 0.000000 0.000000 0.000000 0.000000 0.000000 0.000000 0.000000 0.000000 0.000000 0.000000 0.000000 0.000000 0.000000 0.000000 0.000000 0.000000 0.000000 0.000000 0.000000 0.000000 0.000000 0.000000 0.000000 0.000000 0.000000 0.000000 0.000000 0.000000 0.000000 0.000000 2.121081 -14.638971 -0.516618 31.213142 -52.407084 28.840237 10.734709 4.339223 26.331479 -2.205128 -5.210376 2.337671 0.000000 0.000000 0.000000 0.000000 0.000000 0.000000 0.000000 0.000000 0.000000 0.000000 0.000000 0.000000 0.000000 0.000000 0.000000 0.000000 0.000000 0.000000 0.000000 0.000000 0.000000 0.000000 0.000000 0.000000 0.000000 0.000000 0.000000 0.000000 0.000000 0.000000 0.000000 0.000000 0.000000 0.000000 0.000000 0.000000 0.000000 0.000000 0.000000 0.000000 0.000000 0.000000
-0.013853 -0.024377 1.038504 -3.704035 1.108320 1.416289 3.168165 1.790843 -1.290365 3.901754 0.440096 -10.937672 -8.089953 -0.592280 8.516794 2.795145 -3.871915 0.324552 0.951533 -0.899117 0.421806 5.633575 0.314786 4.473924 -6.335310 -3.129656 -4.756578 0.791072 -2.511032 -1.335414 4.645393 0.424970 2.793051 4.819501 -4.267781 -2.831410 -5.380386 3.411827 0.404542 10.170790 -0.267122 3.801423 15.841620 1.217607 3.000931 5.666215 21.540815 3.311006 17.296957 48.548104 -22.014554 18.998431 -2.482415 -20.095628 5.629285 1.801128 -5.807161 0.000000 0.000000 0.000000 0.000000 0.000000 0.000000 0.000000 0.000000 0.000000 0.000000 0.000000 0.000000 0.000000 0.000000 0.000000 0.000000 0.000000 0.000000 0.000000 0.000000 0.000000 0.000000 0.000000 0.000000 0.000000 0.000000 0.000000 0.000000 0.000000 0.000000 0.000000 0.000000 0.000000 0.000000 0.000000 0.000000 0.000000 0.000000 0.000000 0.000000 0.000000 0.000000 2.180207 -14.575067 -0.476184 31.136768 -52.444402 28.822582 10.798223 4.407705 26.301603 -2.181015 -5.254361 2.299303 0.000000 0.000000 0.000000 0.000000 0.000000 0.000000 0.000000 0.000000 0.000000 0.000000 0.000000 0.000000 0.000000 0.000000 0.000000 0.000000 0.000000 0.000000 0.000000 0.000000 0.000000 0.000000 0.000000 0.000000 0.000000 0.000000 0.000000 0.000000 0.000000 0.000000 0.000000 0.000000 0.000000 0.000000 0.000000 0.000000 0.000000 0.000000 0.000000 0.000000 0.000000 0.000000
-0.014961 -0.023214 1.038351 -3.692861 1.095337 1.288579 3.226131 1.896882 -1.338399 3.898033 0.459296 -11.117420 -8.184280 -0.651920 8.627598 2.753891 -3.928087 0.315086 1.050958 -0.819353 0.408749 5.586156 0.390758 4.640937 -6.437218 -3.156738 -4.797921 0.789512 -2.518893 -1.336325 4.636091 0.410631 2.806179 4.792198 -4.196284 -2.793410 -5.251706 3.405602 0.411166 10.140101 -0.244248 3.830436 15.764473 1.223092 3.005224 5.648162 21.571419 3.376411 17.200324 48.556744 -21.790966 19.064610 -2.462208 -19.981000 5.715657 1.865782 -5.778954 0.000000 0.000000 0.000000 0.000000 0.000000 0.000000 0.000000 0.000000 0.000000 0.000000 0.000000 0.000000 0.000000 0.000000 0.000000 0.000000 0.000000 0.000000 0.000000 0.000000 0.000000 0.000000 0.000000 0.000000 0.000000 0.000000 0.000000 0.000000 0.000000 0.000000 0.000000 0.000000 0.000000 0.000000 0.000000 0.000000 0.000000 0.000000 0.000000 0.000000 0.000000 0.000000 2.147172 -14.515253 -0.476014 31.113175 -52.500129 28.818560 10.864130 4.443961 26.322614 -2.139064 -5.273950 2.272611 0.000000 0.000000 0.000000 0.000000 0.000000 0.000000 0.000000 0.000000 0.000000 0.000000 0.000000 0.000000 0.000000 0.000000 0.000000 0.000000 0.000000 0.000000 0.000000 0.000000 0.000000 0.000000 0.000000 0.000000 0.000000 0.000000 0.000000 0.000000 0.000000 0.000000 0.000000 0.000000 0.000000 0.000000 0.000000 0.000000 0.000000 0.000000 0.000000 0.000000 0.000000 0.000000
-0.016679 -0.021858 1.038174 -3.656981 1.081726 1.125476 3.279448 2.053841 -1.423954 3.865248 0.476403 -11.232293 -8.243185 -0.737992 8.744381 2.737582 -3.963113 0.308702 1.090831 -0.701226 0.392512 5.587679 0.466796 4.752469 -6.520029 -3.215961 -4.807751 0.802634 -2.517617 -1.337340 4.621743 0.436443 2.831748 4.764720 -4.135634 -2.757768 -5.153452 3.405191 0.425623 10.118439 -0.220847 3.843173 15.705118 1.237650 3.017442 5.658462 21.616163 3.439120 17.134545 48.558915 -21.618432 19.139834 -2.398723 -19.786762 5.718540 1.970921 -5.776046 0.000000 0.000000 0.000000 0.000000 0.000000 0.000000 0.000000 0.000000 0.000000 0.000000 0.000000 0.000000 0.000000 0.000000 0.000000 0.000000 0.000000 0.000000 0.000000 0.000000 0.000000 0.000000 0.000000 0.000000 0.000000 0.000000 0.000000 0.000000 0.000000 0.000000 0.000000 0.000000 0.000000 0.000000 0.000000 0.000000 0.000000 0.000000 0.000000 0.000000 0.000000 0.000000 2.109740 -14.432078 -0.479369 31.164678 -52.538559 28.899559 10.976039 4.518594 26.275788 -2.100478 -5.299616 2.227791 0.000000 0.000000 0.000000 0.000000 0.000000 0.000000 0.000000 0.000000 0.000000 0.000000 0.000000 0.000000 0.000000 0.000000 0.000000 0.000000 0.000000 0.000000 0.000000 0.000000 0.000000 0.000000 0.000000 0.000000 0.000000 0.000000 0.000000 0.000000 0.000000 0.000000 0.000000 0.000000 0.000000 0.000000 0.000000 0.000000 0.000000 0.000000 0.000000 0.000000 0.000000 0.000000
-0.019535 -0.019797 1.037975 -3.608546 1.104480 0.918460 3.336272 2.239975 -1.552639 3.892064 0.492986 -11.366958 -8.359929 -0.835934 8.926201 2.709047 -4.031779 0.305367 1.209190 -0.596969 0.462183 5.490014 0.609090 4.978610 -6.586087 -3.278589 -4.869923 0.803787 -2.532673 -1.337875 4.633019 0.435082 2.847322 4.698453 -4.053200 -2.718585 -4.986592 3.415670 0.436581 9.987719 -0.241537 3.904709 15.636557 1.247348 3.054903 5.638864 21.638238 3.515287 17.100529 48.597097 -21.417137 19.265438 -2.300982 -19.614801 5.762693 2.133798 -5.750245 0.000000 0.000000 0.000000 0.000000 0.000000 0.000000 0.000000 0.000000 0.000000 0.000000 0.000000 0.000000 0.000000 0.000000 0.000000 0.000000 0.000000 0.000000 0.000000 0.000000 0.000000 0.000000 0.000000 0.000000 0.000000 0.000000 0.000000 0.000000 0.000000 0.000000 0.000000 0.000000 0.000000 0.000000 0.000000 0.000000 0.000000 0.000000 0.000000 0.000000 0.000000 0.000000 2.023284 -14.339962 -0.465997 31.251634 -52.554951 29.025173 11.059915 4.582952 26.119381 -2.029270 -5.361257 2.155642 0.000000 0.000000 0.000000 0.000000 0.000000 0.000000 0.000000 0.000000 0.000000 0.000000 0.000000 0.000000 0.000000 0.000000 0.000000 0.000000 0.000000 0.000000 0.000000 0.000000 0.000000 0.000000 0.000000 0.000000 0.000000 0.000000 0.000000 0.000000 0.000000 0.000000 0.000000 0.000000 0.000000 0.000000 0.000000 0.000000 0.000000 0.000000 0.000000 0.000000 0.000000 0.000000
-0.021797 -0.018007 1.037754 -3.593349 1.086194 0.762014 3.360058 2.441529 -1.649553 4.032481 0.509307 -11.507196 -8.484911 -0.919476 9.066089 2.688747 -4.086990 0.300985 1.203522 -0.450631 0.503528 5.685283 0.700101 5.095297 -6.749249 -3.349064 -4.895200 0.823912 -2.527349 -1.336689 4.643700 0.474619 2.863892 4.706642 -4.013870 -2.673454 -4.923914 3.433864 0.465682 9.985386 -0.244024 3.902527 15.628326 1.297919 3.013222 5.706377 21.642748 3.585470 17.125919 48.616438 -21.377289 19.285555 -2.234542 -19.359593 5.849389 2.232619 -5.754650 0.000000 0.000000 0.000000 0.000000 0.000000 0.000000 0.000000 0.000000 0.000000 0.000000 0.000000 0.000000 0.000000 0.000000 0.000000 0.000000 0.000000 0.000000 0.000000 0.000000 0.000000 0.000000 0.000000 0.000000 0.000000 0.000000 0.000000 0.000000 0.000000 0.000000 0.000000 0.000000 0.000000 0.000000 0.000000 0.000000 0.000000 0.000000 0.000000 0.000000 0.000000 0.000000 2.005817 -14.281592 -0.481913 31.262071 -52.562639 29.134981 11.121591 4.592809 25.987801 -2.048351 -5.366869 2.165879 0.000000 0.000000 0.000000 0.000000 0.000000 0.000000 0.000000 0.000000 0.000000 0.000000 0.000000 0.000000 0.000000 0.000000 0.000000 0.000000 0.000000 0.000000 0.000000 0.000000 0.000000 0.000000 0.000000 0.000000 0.000000 0.000000 0.000000 0.000000 0.000000 0.000000 0.000000 0.000000 0.000000 0.000000 0.000000 0.000000 0.000000 0.000000 0.000000 0.000000 0.000000 0.000000
-0.025006 -0.016798 1.037506 -3.611424 1.084020 0.558311 3.333613 2.688532 -1.786962 4.299564 0.526321 -11.661048 -8.645280 -1.014866 9.263901 2.654382 -4.159279 0.282664 1.043522 -0.276066 0.615214 6.185024 0.819756 5.183531 -6.958350 -3.447312 -4.887389 0.836984 -2.530559 -1.323625 4.652725 0.528933 2.890394 4.703023 -3.966722 -2.616649 -4.868391 3.470070 0.520259 10.046782 -0.276761 3.909842 15.698858 1.326306 2.932796 5.775972 21.652801 3.648095 17.111319 48.629284 -21.297254 19.371513 -2.191068 -19.161819 5.995088 2.295965 -5.725905 0.000000 0.000000 0.000000 0.000000 0.000000 0.000000 0.000000 0.000000 0.000000 0.000000 0.000000 0.000000 0.000000 0.000000 0.000000 0.000000 0.000000 0.000000 0.000000 0.000000 0.000000 0.000000 0.000000 0.000000 0.000000 0.000000 0.000000 0.000000 0.000000 0.000000 0.000000 0.000000 0.000000 0.000000 0.000000 0.000000 0.000000 0.000000 0.000000 0.000000 0.000000 0.000000 1.993042 -14.235993 -0.499336 31.194040 -52.567266 29.164957 11.181568 4.622810 25.904045 -2.109787 -5.382777 2.113054 0.000000 0.000000 0.000000 0.000000 0.000000 0.000000 0.000000 0.000000 0.000000 0.000000 0.000000 0.000000 0.000000 0.000000 0.000000 0.000000 0.000000 0.000000 0.000000 0.000000 0.000000 0.000000 0.000000 0.000000 0.000000 0.000000 0.000000 0.000000 0.000000 0.000000 0.000000 0.000000 0.000000 0.000000 0.000000 0.000000 0.000000 0.000000 0.000000 0.000000 0.000000 0.000000
-0.026914 -0.015192 1.037202 -3.680000 0.972173 0.190962 3.400701 3.011688 -1.895783 4.585024 0.583596 -11.715523 -8.785157 -1.126940 9.469768 2.620198 -4.282771 0.274006 0.755942 -0.013770 0.713133 7.091088 0.954080 5.228474 -7.352425 -3.533169 -4.804461 0.863169 -2.565386 -1.324229 4.738603 0.620023 2.921434 4.677656 -3.886230 -2.524367 -4.722841 3.530460 0.591608 10.041633 -0.308910 3.932913 15.802968 1.401285 2.746301 5.835222 21.629018 3.700580 17.022028 48.583340 -21.185945 19.376738 -2.095824 -18.873819 6.088474 2.328314 -5.703443 0.000000 0.000000 0.000000 0.000000 0.000000 0.000000 0.000000 0.000000 0.000000 0.000000 0.000000 0.000000 0.000000 0.000000 0.000000 0.000000 0.000000 0.000000 0.000000 0.000000 0.000000 0.000000 0.000000 0.000000 0.000000 0.000000 0.000000 0.000000 0.000000 0.000000 0.000000 0.000000 0.000000 0.000000 0.000000 0.000000 0.000000 0.000000 0.000000 0.000000 0.000000 0.000000 1.923330 -14.201310 -0.485144 31.225622 -52.681726 29.308293 11.155174 4.703856 25.793207 -2.130074 -5.408044 2.026614 0.000000 0.000000 0.000000 0.000000 0.000000 0.000000 0.000000 0.000000 0.000000 0.000000 0.000000 0.000000 0.000000 0.000000 0.000000 0.000000 0.000000 0.000000 0.000000 0.000000 0.000000 0.000000 0.000000 0.000000 0.000000 0.000000 0.000000 0.000000 0.000000 0.000000 0.000000 0.000000 0.000000 0.000000 0.000000 0.000000 0.000000 0.000000 0.000000 0.000000 0.000000 0.000000
-0.028772 -0.013842 1.036816 -3.803981 0.856270 -0.058980 3.535875 3.360977 -2.052876 4.839980 0.589887 -12.026522 -8.971280 -1.277282 9.836630 2.557178 -4.511247 0.256101 0.167550 0.229242 0.938186 8.732605 1.060370 5.315892 -7.949936 -3.480572 -4.933570 0.884670 -2.580194 -1.320564 4.945667 0.680522 2.862965 4.554364 -3.783462 -2.422228 -4.420691 3.598849 0.625051 9.913332 -0.399027 4.004048 15.912568 1.546474 2.546338 5.847823 21.625044 3.730890 16.757293 48.536381 -20.912825 19.310838 -2.050532 -18.707148 6.184294 2.350183 -5.552566 0.000000 0.000000 0.000000 0.000000 0.000000 0.000000 0.000000 0.000000 0.000000 0.000000 0.000000 0.000000 0.000000 0.000000 0.000000 0.000000 0.000000 0.000000 0.000000 0.000000 0.000000 0.000000 0.000000 0.000000 0.000000 0.000000 0.000000 0.000000 0.000000 0.000000 0.000000 0.000000 0.000000 0.000000 0.000000 0.000000 0.000000 0.000000 0.000000 0.000000 0.000000 0.000000 1.772103 -14.232431 -0.461423 31.212676 -52.770053 29.376917 11.130246 4.818682 25.735882 -2.068056 -5.320983 1.895388 0.000000 0.000000 0.000000 0.000000 0.000000 0.000000 0.000000 0.000000 0.000000 0.000000 0.000000 0.000000 0.000000 0.000000 0.000000 0.000000 0.000000 0.000000 0.000000 0.000000 0.000000 0.000000 0.000000 0.000000 0.000000 0.000000 0.000000 0.000000 0.000000 0.000000 0.000000 0.000000 0.000000 0.000000 0.000000 0.000000 0.000000 0.000000 0.000000 0.000000 0.000000 0.000000
-0.030409 -0.012433 1.036351 -3.984751 0.698770 -0.420291 3.702583 3.779344 -2.220314 5.217212 0.586786 -12.357265 -9.233585 -1.452846 10.236006 2.446464 -4.819489 0.228870 -0.695463 0.532947 1.246876 11.030764 1.151591 5.366052 -8.671274 -3.451080 -5.044855 0.902257 -2.627107 -1.307424 5.142389 0.743134 2.765148 4.399786 -3.646704 -2.308914 -4.014428 3.710328 0.677991 9.752751 -0.431079 4.169277 15.972552 1.739288 2.341513 5.805823 21.604325 3.732451 16.417158 48.453659 -20.550220 19.219798 -2.013686 -18.532183 6.315142 2.341032 -5.362529 0.000000 0.000000 0.000000 0.000000 0.000000 0.000000 0.000000 0.000000 0.000000 0.000000 0.000000 0.000000 0.000000 0.000000 0.000000 0.000000 0.000000 0.000000 0.000000 0.000000 0.000000 0.000000 0.000000 0.000000 0.000000 0.000000 0.000000 0.000000 0.000000 0.000000 0.000000 0.000000 0.000000 0.000000 0.000000 0.000000 0.000000 0.000000 0.000000 0.000000 0.000000 0.000000 1.581311 -14.289759 -0.393299 31.192853 -52.864185 29.440295 11.054300 4.873520 25.683814 -1.998912 -5.194642 1.768983 0.000000 0.000000 0.000000 0.000000 0.000000 0.000000 0.000000 0.000000 0.000000 0.000000 0.000000 0.000000 0.000000 0.000000 0.000000 0.000000 0.000000 0.000000 0.000000 0.000000 0.000000 0.000000 0.000000 0.000000 0.000000 0.000000 0.000000 0.000000 0.000000 0.000000 0.000000 0.000000 0.000000 0.000000 0.000000 0.000000 0.000000 0.000000 0.000000 0.000000 0.000000 0.000000
-0.032231 -0.011085 1.035791 -4.256075 0.495345 -0.798463 3.942113 4.271879 -2.369917 5.700286 0.632845 -12.716011 -9.551771 -1.680849 10.654234 2.316108 -5.149025 0.175307 -2.075581 0.967470 1.614214 14.438586 1.114542 5.126813 -9.329932 -3.460323 -5.140208 0.923117 -2.595904 -1.255652 5.400200 0.927284 2.654046 4.369491 -3.592083 -2.220122 -3.783768 3.903403 0.804095 9.806760 -0.402406 4.372151 16.115874 1.934713 2.077740 5.873541 21.520306 3.653117 16.079820 48.290374 -20.311477 19.020565 -1.915501 -18.418290 6.450195 2.289246 -5.170657 0.000000 0.000000 0.000000 0.000000 0.000000 0.000000 0.000000 0.000000 0.000000 0.000000 0.000000 0.000000 0.000000 0.000000 0.000000 0.000000 0.000000 0.000000 0.000000 0.000000 0.000000 0.000000 0.000000 0.000000 0.000000 0.000000 0.000000 0.000000 0.000000 0.000000 0.000000 0.000000 0.000000 0.000000 0.000000 0.000000 0.000000 0.000000 0.000000 0.000000 0.000000 0.000000 1.479567 -14.360143 -0.354008 31.097176 -52.948839 29.487482 10.921264 4.825450 25.578451 -1.945071 -4.953472 1.670870 0.000000 0.000000 0.000000 0.000000 0.000000 0.000000 0.000000 0.000000 0.000000 0.000000 0.000000 0.000000 0.000000 0.000000 0.000000 0.000000 0.000000 0.000000 0.000000 0.000000 0.000000 0.000000 0.000000 0.000000 0.000000 0.000000 0.000000 0.000000 0.000000 0.000000 0.000000 0.000000 0.000000 0.000000 0.000000 0.000000 0.000000 0.000000 0.000000 0.000000 0.000000 0.000000
-0.033290 -0.009363 1.035132 -4.586890 0.203652 -1.138792 4.401556 4.800396 -2.477454 5.958881 0.748817 -13.246558 -9.848125 -1.919598 11.020560 2.189409 -5.531102 0.101068 -3.994940 1.486915 1.992047 18.850496 0.946541 4.782970 -9.753005 -3.330528 -5.653738 0.962811 -2.543592 -1.193072 5.695032 1.178219 2.414037 4.351199 -3.578040 -2.136429 -3.548610 4.145313 0.890152 9.893230 -0.429011 4.581179 16.149318 2.181835 1.783845 5.894270 21.362044 3.502338 15.751024 48.135328 -20.167024 18.723349 -1.785750 -18.271966 6.508340 2.228329 -4.916747 0.000000 0.000000 0.000000 0.000000 0.000000 0.000000 0.000000 0.000000 0.000000 0.000000 0.000000 0.000000 0.000000 0.000000 0.000000 0.000000 0.000000 0.000000 0.000000 0.000000 0.000000 0.000000 0.000000 0.000000 0.000000 0.000000 0.000000 0.000000 0.000000 0.000000 0.000000 0.000000 0.000000 0.000000 0.000000 0.000000 0.000000 0.000000 0.000000 0.000000 0.000000 0.000000 1.391996 -14.514352 -0.302276 31.050041 -52.958449 29.566338 10.688099 4.716020 25.414834 -1.795081 -4.658451 1.556647 0.000000 0.000000 0.000000 0.000000 0.000000 0.000000 0.000000 0.000000 0.000000 0.000000 0.000000 0.000000 0.000000 0.000000 0.000000 0.000000 0.000000 0.000000 0.000000 0.000000 0.000000 0.000000 0.000000 0.000000 0.000000 0.000000 0.000000 0.000000 0.000000 0.000000 0.000000 0.000000 0.000000 0.000000 0.000000 0.000000 0.000000 0.000000 0.000000 0.000000 0.000000 0.000000
-0.034798 -0.008199 1.034576 -5.171593 -0.054708 -1.460914 5.242854 5.351542 -2.493726 6.092818 0.821816 -14.009671 -10.256785 -2.160414 11.387900 2.002995 -6.019916 0.033757 -6.773114 2.086923 2.513497 24.854634 0.517655 4.215536 -9.741137 -3.120461 -6.355403 1.047615 -2.534176 -1.112764 6.319830 1.495127 2.056247 4.302073 -3.645361 -2.153651 -3.330389 4.422918 1.007731 9.943215 -0.448753 4.972387 16.065479 2.489296 1.533660 5.900568 21.204695 3.244724 15.410070 47.880558 -20.146112 18.565604 -1.722706 -18.202202 6.694849 2.269266 -4.697666 0.000000 0.000000 0.000000 0.000000 0.000000 0.000000 0.000000 0.000000 0.000000 0.000000 0.000000 0.000000 0.000000 0.000000 0.000000 0.000000 0.000000 0.000000 0.000000 0.000000 0.000000 0.000000 0.000000 0.000000 0.000000 0.000000 0.000000 0.000000 0.000000 0.000000 0.000000 0.000000 0.000000 0.000000 0.000000 0.000000 0.000000 0.000000 0.000000 0.000000 0.000000 0.000000 1.280408 -14.767561 -0.244234 30.904848 -52.854719 29.538768 10.525855 4.561554 25.253409 -1.566408 -4.482339 1.437383 0.000000 0.000000 0.000000 0.000000 0.000000 0.000000 0.000000 0.000000 0.000000 0.000000 0.000000 0.000000 0.000000 0.000000 0.000000 0.000000 0.000000 0.000000 0.000000 0.000000 0.000000 0.000000 0.000000 0.000000 0.000000 0.000000 0.000000 0.000000 0.000000 0.000000 0.000000 0.000000 0.000000 0.000000 0.000000 0.000000 0.000000 0.000000 0.000000 0.000000 0.000000 0.000000
-0.035664 -0.006949 1.034131 -5.802995 -0.367834 -1.702631 6.203130 5.804663 -2.337623 6.091903 1.078067 -14.752401 -10.663286 -2.239799 11.476345 1.867964 -6.418887 -0.053890 -9.722584 2.666302 2.938553 30.941281 -0.070282 3.712633 -10.201402 -2.759026 -6.808683 1.119958 -2.511062 -1.064302 6.864938 1.810837 1.595480 4.408885 -3.771127 -2.184625 -3.200939 4.694772 1.040975 10.140124 -0.414805 5.372729 16.009472 2.763668 1.536099 6.036164 21.074077 2.833749 15.040507 47.647791 -20.294135 18.176869 -1.594464 -18.100361 6.788776 2.288130 -4.567103 0.000000 0.000000 0.000000 0.000000 0.000000 0.000000 0.000000 0.000000 0.000000 0.000000 0.000000 0.000000 0.000000 0.000000 0.000000 0.000000 0.000000 0.000000 0.000000 0.000000 0.000000 0.000000 0.000000 0.000000 0.000000 0.000000 0.000000 0.000000 0.000000 0.000000 0.000000 0.000000 0.000000 0.000000 0.000000 0.000000 0.000000 0.000000 0.000000 0.000000 0.000000 0.000000 1.243803 -14.988021 -0.133697 30.773309 -52.761477 29.475105 10.201098 4.379854 25.187054 -1.518639 -4.222195 1.441614 0.000000 0.000000 0.000000 0.000000 0.000000 0.000000 0.000000 0.000000 0.000000 0.000000 0.000000 0.000000 0.000000 0.000000 0.000000 0.000000 0.000000 0.000000 0.000000 0.000000 0.000000 0.000000 0.000000 0.000000 0.000000 0.000000 0.000000 0.000000 0.000000 0.000000 0.000000 0.000000 0.000000 0.000000 0.000000 0.000000 0.000000 0.000000 0.000000 0.000000 0.000000 0.000000
-0.037299 -0.005258 1.033817 -6.421424 -0.478967 -1.816211 7.054935 6.055985 -2.172759 6.376197 1.153888 -15.642292 -11.191390 -2.318145 11.520440 1.709950 -6.751807 -0.140419 -12.720588 2.965560 3.355473 36.623701 -0.742737 3.323996 -10.189667 -2.696484 -6.908058 1.172642 -2.512563 -1.000066 7.367069 1.896481 1.048329 4.524864 -3.935383 -2.249493 -3.076546 4.880294 1.043132 10.460202 -0.287403 5.708833 15.908982 2.962352 1.609863 6.092624 20.911211 2.292549 14.927611 47.361460 -20.745678 17.974963 -1.587487 -18.202971 7.006659 2.349541 -4.513017 0.000000 0.000000 0.000000 0.000000 0.000000 0.000000 0.000000 0.000000 0.000000 0.000000 0.000000 0.000000 0.000000 0.000000 0.000000 0.000000 0.000000 0.000000 0.000000 0.000000 0.000000 0.000000 0.000000 0.000000 0.000000 0.000000 0.000000 0.000000 0.000000 0.000000 0.000000 0.000000 0.000000 0.000000 0.000000 0.000000 0.000000 0.000000 0.000000 0.000000 0.000000 0.000000 1.245443 -15.204897 0.018085 30.434149 -52.624317 29.136496 10.018835 4.181727 25.065417 -1.494253 -4.118985 1.510551 0.000000 0.000000 0.000000 0.000000 0.000000 0.000000 0.000000 0.000000 0.000000 0.000000 0.000000 0.000000 0.000000 0.000000 0.000000 0.000000 0.000000 0.000000 0.000000 0.000000 0.000000 0.000000 0.000000 0.000000 0.000000 0.000000 0.000000 0.000000 0.000000 0.000000 0.000000 0.000000 0.000000 0.000000 0.000000 0.000000 0.000000 0.000000 0.000000 0.000000 0.000000 0.000000
-0.039048 -0.002452 1.033553 -6.921999 -0.501453 -1.864631 8.222137 6.164133 -1.829317 5.966919 1.186586 -16.292041 -11.585267 -2.285283 11.419012 1.712434 -6.940584 -0.234786 -15.553880 3.254634 3.684934 41.184593 -1.492095 2.890801 -10.038581 -2.692108 -6.907702 1.225530 -2.413308 -0.922981 7.878017 1.984722 0.514728 4.808129 -4.187181 -2.358224 -3.266139 5.108239 1.064456 10.931769 -0.137202 6.012575 15.929004 3.076470 1.870527 6.300399 20.745595 1.672602 14.640874 47.109790 -21.395192 17.716291 -1.483923 -18.212766 7.090229 2.331663 -4.464335 0.000000 0.000000 0.000000 0.000000 0.000000 0.000000 0.000000 0.000000 0.000000 0.000000 0.000000 0.000000 0.000000 0.000000 0.000000 0.000000 0.000000 0.000000 0.000000 0.000000 0.000000 0.000000 0.000000 0.000000 0.000000 0.000000 0.000000 0.000000 0.000000 0.000000 0.000000 0.000000 0.000000 0.000000 0.000000 0.000000 0.000000 0.000000 0.000000 0.000000 0.000000 0.000000 1.489882 -15.358331 0.117943 30.037196 -52.653116 28.797499 9.878558 4.052797 24.926752 -1.487004 -4.138901 1.580773 0.000000 0.000000 0.000000 0.000000 0.000000 0.000000 0.000000 0.000000 0.000000 0.000000 0.000000 0.000000 0.000000 0.000000 0.000000 0.000000 0.000000 0.000000 0.000000 0.000000 0.000000 0.000000 0.000000 0.000000 0.000000 0.000000 0.000000 0.000000 0.000000 0.000000 0.000000 0.000000 0.000000 0.000000 0.000000 0.000000 0.000000 0.000000 0.000000 0.000000 0.000000 0.000000
-0.040651 0.000586 1.033364 -7.453537 -0.475382 -1.579171 9.432851 6.082461 -1.427971 5.594537 1.224371 -16.864193 -12.005760 -2.089592 11.153927 1.749695 -7.025059 -0.308417 -18.172238 3.378688 4.091864 44.551484 -2.369091 2.432493 -9.488202 -2.863061 -6.770936 1.262773 -2.232533 -0.824962 8.403119 1.979151 -0.018547 5.283862 -4.609211 -2.593113 -3.898733 5.262267 1.022123 11.473090 0.099625 6.241191 15.901842 3.142114 2.190696 6.704297 20.562273 1.024972 14.513314 46.878604 -22.412576 17.266705 -1.355756 -18.251339 7.042299 2.385082 -4.508011 0.000000 0.000000 0.000000 0.000000 0.000000 0.000000 0.000000 0.000000 0.000000 0.000000 0.000000 0.000000 0.000000 0.000000 0.000000 0.000000 0.000000 0.000000 0.000000 0.000000 0.000000 0.000000 0.000000 0.000000 0.000000 0.000000 0.000000 0.000000 0.000000 0.000000 0.000000 0.000000 0.000000 0.000000 0.000000 0.000000 0.000000 0.000000 0.000000 0.000000 0.000000 0.000000 1.974452 -15.527997 0.129796 29.452179 -52.528920 28.173951 9.674487 3.788247 24.898537 -1.730804 -4.099448 1.813672 0.000000 0.000000 0.000000 0.000000 0.000000 0.000000 0.000000 0.000000 0.000000 0.000000 0.000000 0.000000 0.000000 0.000000 0.000000 0.000000 0.000000 0.000000 0.000000 0.000000 0.000000 0.000000 0.000000 0.000000 0.000000 0.000000 0.000000 0.000000 0.000000 0.000000 0.000000 0.000000 0.000000 0.000000 0.000000 0.000000 0.000000 0.000000 0.000000 0.000000 0.000000 0.000000
-0.042641 0.005601 1.032980 -7.753196 -0.301862 -1.537173 10.510775 5.944450 -1.096266 5.150586 1.120398 -17.285114 -12.402098 -2.026162 11.020122 1.823244 -6.986862 -0.383291 -20.350881 3.228137 4.381252 45.726548 -2.987760 1.926719 -9.434405 -2.895732 -6.859810 1.268001 -2.043757 -0.732184 8.918128 1.884976 -0.536068 5.525287 -4.911401 -2.747503 -4.377073 5.333526 0.982803 11.819382 0.417685 6.426426 15.836171 3.190834 2.524605 6.901281 20.313412 0.429531 14.432058 46.677627 -23.496082 17.000621 -1.191311 -18.246738 7.022710 2.369628 -4.443203 0.000000 0.000000 0.000000 0.000000 0.000000 0.000000 0.000000 0.000000 0.000000 0.000000 0.000000 0.000000 0.000000 0.000000 0.000000 0.000000 0.000000 0.000000 0.000000 0.000000 0.000000 0.000000 0.000000 0.000000 0.000000 0.000000 0.000000 0.000000 0.000000 0.000000 0.000000 0.000000 0.000000 0.000000 0.000000 0.000000 0.000000 0.000000 0.000000 0.000000 0.000000 0.000000 2.343874 -15.588185 0.135379 29.099893 -52.538723 27.823813 9.609124 3.476350 24.452660 -1.706681 -4.158966 1.859316 0.000000 0.000000 0.000000 0.000000 0.000000 0.000000 0.000000 0.000000 0.000000 0.000000 0.000000 0.000000 0.000000 0.000000 0.000000 0.000000 0.000000 0.000000 0.000000 0.000000 0.000000 0.000000 0.000000 0.000000 0.000000 0.000000 0.000000 0.000000 0.000000 0.000000 0.000000 0.000000 0.000000 0.000000 0.000000 0.000000 0.000000 0.000000 0.000000 0.000000 0.000000 0.000000
-0.045156 0.011835 1.032435 -8.019696 0.045231 -1.232534 11.496039 5.630919 -0.845767 5.020129 0.857531 -17.793533 -13.035809 -2.005109 10.897451 1.827315 -6.952782 -0.461737 -22.277395 2.891919 4.726252 45.407859 -3.542889 1.309002 -9.071066 -3.229336 -6.894848 1.280060 -1.802407 -0.628802 9.465486 1.625137 -1.025920 5.707380 -5.213148 -2.988542 -4.940367 5.299753 0.912935 12.239301 0.849073 6.494975 15.798623 3.231298 2.979466 7.130201 19.931239 -0.176102 14.351962 46.627074 -24.886633 16.659736 -1.053473 -18.219601 6.934462 1.996429 -4.580321 0.000000 0.000000 0.000000 0.000000 0.000000 0.000000 0.000000 0.000000 0.000000 0.000000 0.000000 0.000000 0.000000 0.000000 0.000000 0.000000 0.000000 0.000000 0.000000 0.000000 0.000000 0.000000 0.000000 0.000000 0.000000 0.000000 0.000000 0.000000 0.000000 0.000000 0.000000 0.000000 0.000000 0.000000 0.000000 0.000000 0.000000 0.000000 0.000000 0.000000 0.000000 0.000000 2.878599 -15.603992 0.028256 28.660056 -52.498568 27.281191 9.758662 3.142394 24.142693 -1.674469 -4.253382 2.010950 0.000000 0.000000 0.000000 0.000000 0.000000 0.000000 0.000000 0.000000 0.000000 0.000000 0.000000 0.000000 0.000000 0.000000 0.000000 0.000000 0.000000 0.000000 0.000000 0.000000 0.000000 0.000000 0.000000 0.000000 0.000000 0.000000 0.000000 0.000000 0.000000 0.000000 0.000000 0.000000 0.000000 0.000000 0.000000 0.000000 0.000000 0.000000 0.000000 0.000000 0.000000 0.000000
-0.046957 0.019928 1.031517 -8.193438 0.365395 -0.933275 12.351964 5.275241 -0.626598 5.078347 0.615487 -18.219595 -13.730944 -2.016940 10.707094 1.778525 -6.905952 -0.513235 -23.821854 2.496426 4.955689 43.502205 -3.986238 0.508772 -8.646045 -3.613029 -7.136396 1.298542 -1.620376 -0.553398 9.983112 1.306215 -1.490256 5.732130 -5.422515 -3.200871 -5.271462 5.172108 0.812176 12.359342 1.243654 6.466140 15.705579 3.226057 3.328954 7.149996 19.538722 -0.709052 14.377285 46.506719 -26.241942 16.381592 -1.066693 -18.627968 6.911569 1.716479 -4.800311 0.000000 0.000000 0.000000 0.000000 0.000000 0.000000 0.000000 0.000000 0.000000 0.000000 0.000000 0.000000 0.000000 0.000000 0.000000 0.000000 0.000000 0.000000 0.000000 0.000000 0.000000 0.000000 0.000000 0.000000 0.000000 0.000000 0.000000 0.000000 0.000000 0.000000 0.000000 0.000000 0.000000 0.000000 0.000000 0.000000 0.000000 0.000000 0.000000 0.000000 0.000000 0.000000 3.244805 -15.623464 -0.139161 28.315721 -52.465938 26.597124 9.739840 2.819722 23.879090 -1.409153 -4.449103 2.140587 0.000000 0.000000 0.000000 0.000000 0.000000 0.000000 0.000000 0.000000 0.000000 0.000000 0.000000 0.000000 0.000000 0.000000 0.000000 0.000000 0.000000 0.000000 0.000000 0.000000 0.000000 0.000000 0.000000 0.000000 0.000000 0.000000 0.000000 0.000000 0.000000 0.000000 0.000000 0.000000 0.000000 0.000000 0.000000 0.000000 0.000000 0.000000 0.000000 0.000000 0.000000 0.000000
-0.046818 0.029051 1.030294 -8.469461 0.464297 -0.519966 13.485110 4.910223 -0.325290 4.871153 0.626811 -18.804272 -14.381820 -1.961239 10.467656 1.778968 -6.693230 -0.565186 -25.160314 2.344023 5.267156 40.551916 -4.288813 -0.213250 -7.873431 -4.373548 -7.312450 1.318636 -1.334604 -0.443044 10.556557 1.140111 -1.953329 5.840918 -5.724333 -3.401592 -5.882041 5.044066 0.749653 12.486434 1.599941 6.489976 15.531122 3.167053 3.755273 7.329733 19.067160 -1.269899 14.327296 46.301957 -27.522154 15.896986 -0.994202 -19.571330 6.700622 1.442788 -5.045240 0.000000 0.000000 0.000000 0.000000 0.000000 0.000000 0.000000 0.000000 0.000000 0.000000 0.000000 0.000000 0.000000 0.000000 0.000000 0.000000 0.000000 0.000000 0.000000 0.000000 0.000000 0.000000 0.000000 0.000000 0.000000 0.000000 0.000000 0.000000 0.000000 0.000000 0.000000 0.000000 0.000000 0.000000 0.000000 0.000000 0.000000 0.000000 0.000000 0.000000 0.000000 0.000000 3.822036 -15.679372 -0.360082 28.082182 -52.415491 25.999971 9.458745 2.534909 23.485788 -1.029212 -4.723211 2.056115 0.000000 0.000000 0.000000 0.000000 0.000000 0.000000 0.000000 0.000000 0.000000 0.000000 0.000000 0.000000 0.000000 0.000000 0.000000 0.000000 0.000000 0.000000 0.000000 0.000000 0.000000 0.000000 0.000000 0.000000 0.000000 0.000000 0.000000 0.000000 0.000000 0.000000 0.000000 0.000000 0.000000 0.000000 0.000000 0.000000 0.000000 0.000000 0.000000 0.000000 0.000000 0.000000
-0.045407 0.040119 1.028532 -8.735863 0.468240 -0.191264 14.569826 4.599431 -0.031731 4.821933 0.570415 -19.285321 -15.116106 -1.977211 10.105968 1.793694 -6.461846 -0.584542 -25.731349 2.203455 5.315807 36.432790 -4.247908 -0.836260 -7.210255 -5.080982 -7.413617 1.358564 -1.160463 -0.391676 10.919323 1.017506 -2.243079 5.911080 -5.882012 -3.600910 -6.167735 4.846766 0.660596 12.467670 1.905115 6.387431 15.351117 3.003771 4.137712 7.295777 18.686796 -1.750061 14.168511 46.134697 -28.604349 15.429381 -1.000171 -20.275594 6.571363 1.079256 -5.291704 0.000000 0.000000 0.000000 0.000000 0.000000 0.000000 0.000000 0.000000 0.000000 0.000000 0.000000 0.000000 0.000000 0.000000 0.000000 0.000000 0.000000 0.000000 0.000000 0.000000 0.000000 0.000000 0.000000 0.000000 0.000000 0.000000 0.000000 0.000000 0.000000 0.000000 0.000000 0.000000 0.000000 0.000000 0.000000 0.000000 0.000000 0.000000 0.000000 0.000000 0.000000 0.000000 4.150454 -15.760722 -0.633251 27.764860 -52.430843 25.309280 8.969164 2.164396 22.978513 -0.658923 -4.916402 1.979749 0.000000 0.000000 0.000000 0.000000 0.000000 0.000000 0.000000 0.000000 0.000000 0.000000 0.000000 0.000000 0.000000 0.000000 0.000000 0.000000 0.000000 0.000000 0.000000 0.000000 0.000000 0.000000 0.000000 0.000000 0.000000 0.000000 0.000000 0.000000 0.000000 0.000000 0.000000 0.000000 0.000000 0.000000 0.000000 0.000000 0.000000 0.000000 0.000000 0.000000 0.000000 0.000000
-0.043178 0.052507 1.026370 -9.082958 0.440344 0.388658 15.606670 4.119763 0.274871 4.945470 0.545941 -19.879721 -15.936706 -1.903408 9.634554 1.770057 -6.219880 -0.579471 -26.054241 2.109053 5.359614 31.562941 -4.078894 -1.422150 -6.226044 -6.037196 -7.440825 1.426471 -0.954211 -0.338202 11.091635 0.922653 -2.522806 6.052709 -6.114228 -3.821116 -6.500212 4.586720 0.543471 12.443197 2.145453 6.146953 15.063044 2.706340 4.389277 7.242099 18.270722 -2.209497 14.178964 46.001513 -29.857920 14.843875 -1.166516 -21.163397 6.549746 0.586913 -5.740072 0.000000 0.000000 0.000000 0.000000 0.000000 0.000000 0.000000 0.000000 0.000000 0.000000 0.000000 0.000000 0.000000 0.000000 0.000000 0.000000 0.000000 0.000000 0.000000 0.000000 0.000000 0.000000 0.000000 0.000000 0.000000 0.000000 0.000000 0.000000 0.000000 0.000000 0.000000 0.000000 0.000000 0.000000 0.000000 0.000000 0.000000 0.000000 0.000000 0.000000 0.000000 0.000000 4.479273 -15.879725 -0.936899 27.420189 -52.281671 24.502761 8.532281 1.815068 22.584183 -0.306649 -5.138464 2.041547 0.000000 0.000000 0.000000 0.000000 0.000000 0.000000 0.000000 0.000000 0.000000 0.000000 0.000000 0.000000 0.000000 0.000000 0.000000 0.000000 0.000000 0.000000 0.000000 0.000000 0.000000 0.000000 0.000000 0.000000 0.000000 0.000000 0.000000 0.000000 0.000000 0.000000 0.000000 0.000000 0.000000 0.000000 0.000000 0.000000 0.000000 0.000000 0.000000 0.000000 0.000000 0.000000
-0.039136 0.066782 1.023784 -9.403744 0.208208 1.039880 16.629414 3.718432 0.515833 5.034287 0.502150 -20.477926 -16.761664 -1.818253 9.042916 1.739519 -5.923049 -0.577785 -25.828928 2.102757 5.270068 24.969091 -3.592794 -1.833288 -5.249937 -7.184773 -7.531968 1.528873 -0.787310 -0.337455 11.086336 0.895266 -2.795066 6.062423 -6.308232 -4.030805 -6.688011 4.360685 0.424946 12.365965 2.277714 5.862582 15.037044 2.351947 4.753783 6.944639 17.894556 -2.475685 14.236161 45.758272 -30.904116 14.261151 -1.404538 -22.209837 6.347383 0.216847 -6.275039 0.000000 0.000000 0.000000 0.000000 0.000000 0.000000 0.000000 0.000000 0.000000 0.000000 0.000000 0.000000 0.000000 0.000000 0.000000 0.000000 0.000000 0.000000 0.000000 0.000000 0.000000 0.000000 0.000000 0.000000 0.000000 0.000000 0.000000 0.000000 0.000000 0.000000 0.000000 0.000000 0.000000 0.000000 0.000000 0.000000 0.000000 0.000000 0.000000 0.000000 0.000000 0.000000 4.520488 -15.980944 -1.386408 27.394467 -52.227349 23.885579 7.925577 1.617588 22.138847 0.085481 -5.378821 2.183480 0.000000 0.000000 0.000000 0.000000 0.000000 0.000000 0.000000 0.000000 0.000000 0.000000 0.000000 0.000000 0.000000 0.000000 0.000000 0.000000 0.000000 0.000000 0.000000 0.000000 0.000000 0.000000 0.000000 0.000000 0.000000 0.000000 0.000000 0.000000 0.000000 0.000000 0.000000 0.000000 0.000000 0.000000 0.000000 0.000000 0.000000 0.000000 0.000000 0.000000 0.000000 0.000000
-0.034358 0.081940 1.021026 -9.842034 -0.051917 1.623294 17.634586 3.296095 0.840324 5.367846 0.409276 -21.008805 -17.591699 -1.581918 8.416913 1.724563 -5.695629 -0.542859 -25.161422 2.089374 5.071404 18.714145 -2.756521 -1.932110 -4.191914 -8.381304 -7.482790 1.615379 -0.636489 -0.365197 11.041612 0.940521 -2.956203 6.053054 -6.436207 -4.302865 -6.669046 4.121300 0.274680 12.074374 2.356907 5.567564 14.951367 2.024281 5.200122 6.704026 17.723618 -2.708406 14.013261 45.496777 -31.524617 14.051323 -1.641359 -23.057516 6.383005 -0.143814 -6.631611 0.000000 0.000000 0.000000 0.000000 0.000000 0.000000 0.000000 0.000000 0.000000 0.000000 0.000000 0.000000 0.000000 0.000000 0.000000 0.000000 0.000000 0.000000 0.000000 0.000000 0.000000 0.000000 0.000000 0.000000 0.000000 0.000000 0.000000 0.000000 0.000000 0.000000 0.000000 0.000000 0.000000 0.000000 0.000000 0.000000 0.000000 0.000000 0.000000 0.000000 0.000000 0.000000 4.486373 -16.149899 -1.739167 27.191283 -52.109514 23.327277 7.490795 1.440641 21.648143 0.460673 -5.553331 2.169108 0.000000 0.000000 0.000000 0.000000 0.000000 0.000000 0.000000 0.000000 0.000000 0.000000 0.000000 0.000000 0.000000 0.000000 0.000000 0.000000 0.000000 0.000000 0.000000 0.000000 0.000000 0.000000 0.000000 0.000000 0.000000 0.000000 0.000000 0.000000 0.000000 0.000000 0.000000 0.000000 0.000000 0.000000 0.000000 0.000000 0.000000 0.000000 0.000000 0.000000 0.000000 0.000000
-0.029758 0.099058 1.018105 -10.228015 -0.217684 2.259785 18.643016 2.828733 1.157505 5.734256 0.100158 -21.658142 -18.407656 -1.272505 7.888745 1.678029 -5.431011 -0.538238 -24.267927 2.019532 4.699186 12.947633 -1.826356 -2.028897 -3.364827 -9.483717 -7.534950 1.680631 -0.444428 -0.372381 10.862825 1.028112 -3.093455 6.050692 -6.566716 -4.573248 -6.555456 3.884461 0.102126 11.894776 2.385168 5.210894 14.833166 1.654562 5.737099 6.459092 17.535579 -2.908693 13.801105 45.335521 -32.105581 13.845115 -1.910078 -23.686686 6.282164 -0.578198 -6.953658 0.000000 0.000000 0.000000 0.000000 0.000000 0.000000 0.000000 0.000000 0.000000 0.000000 0.000000 0.000000 0.000000 0.000000 0.000000 0.000000 0.000000 0.000000 0.000000 0.000000 0.000000 0.000000 0.000000 0.000000 0.000000 0.000000 0.000000 0.000000 0.000000 0.000000 0.000000 0.000000 0.000000 0.000000 0.000000 0.000000 0.000000 0.000000 0.000000 0.000000 0.000000 0.000000 4.463060 -16.221377 -2.065746 27.100036 -52.035092 22.899756 7.217751 1.277070 21.042465 0.820394 -5.709419 2.215704 0.000000 0.000000 0.000000 0.000000 0.000000 0.000000 0.000000 0.000000 0.000000 0.000000 0.000000 0.000000 0.000000 0.000000 0.000000 0.000000 0.000000 0.000000 0.000000 0.000000 0.000000 0.000000 0.000000 0.000000 0.000000 0.000000 0.000000 0.000000 0.000000 0.000000 0.000000 0.000000 0.000000 0.000000 0.000000 0.000000 0.000000 0.000000 0.000000 0.000000 0.000000 0.000000
-0.023153 0.115655 1.014868 -10.392507 -0.308149 2.875342 19.396569 2.295873 1.505796 6.165514 -0.368028 -22.145914 -19.338966 -1.003715 7.589401 1.612092 -5.254850 -0.522786 -23.877785 1.868249 4.361239 10.082775 -1.405952 -2.228760 -2.578385 -10.132366 -7.642065 1.708555 -0.244380 -0.349480 10.713896 1.014142 -3.235113 6.051895 -6.699910 -4.830422 -6.504680 3.711142 -0.067835 11.796126 2.356011 4.860851 14.802297 1.459126 6.026202 6.380163 17.386820 -3.074522 13.582004 45.219490 -32.543773 13.722707 -2.131965 -24.144801 6.316148 -1.006399 -7.224154 0.000000 0.000000 0.000000 0.000000 0.000000 0.000000 0.000000 0.000000 0.000000 0.000000 0.000000 0.000000 0.000000 0.000000 0.000000 0.000000 0.000000 0.000000 0.000000 0.000000 0.000000 0.000000 0.000000 0.000000 0.000000 0.000000 0.000000 0.000000 0.000000 0.000000 0.000000 0.000000 0.000000 0.000000 0.000000 0.000000 0.000000 0.000000 0.000000 0.000000 0.000000 0.000000 4.474793 -16.335512 -2.303728 26.831784 -51.952881 22.305570 7.092854 1.158967 20.568256 1.094878 -5.677841 2.279153 0.000000 0.000000 0.000000 0.000000 0.000000 0.000000 0.000000 0.000000 0.000000 0.000000 0.000000 0.000000 0.000000 0.000000 0.000000 0.000000 0.000000 0.000000 0.000000 0.000000 0.000000 0.000000 0.000000 0.000000 0.000000 0.000000 0.000000 0.000000 0.000000 0.000000 0.000000 0.000000 0.000000 0.000000 0.000000 0.000000 0.000000 0.000000 0.000000 0.000000 0.000000 0.000000
-0.017100 0.138077 1.011455 -10.380562 -0.269251 3.582939 20.268632 1.562610 1.839454 6.702478 -0.796795 -22.792824 -19.928189 -0.730518 7.464963 1.473687 -5.260797 -0.547003 -23.797668 1.558420 4.260130 8.834286 -1.299499 -2.240961 -2.233724 -10.289636 -7.810616 1.734795 -0.225967 -0.298218 10.494095 0.839603 -3.493833 5.744139 -6.745913 -5.023046 -6.078410 3.588714 -0.295199 11.469029 2.170916 4.777723 14.655618 1.378989 6.197707 6.104802 17.306531 -3.134288 13.505521 45.119291 -32.808528 13.692731 -2.624674 -24.910665 6.348599 -1.308534 -7.425572 0.000000 0.000000 0.000000 0.000000 0.000000 0.000000 0.000000 0.000000 0.000000 0.000000 0.000000 0.000000 0.000000 0.000000 0.000000 0.000000 0.000000 0.000000 0.000000 0.000000 0.000000 0.000000 0.000000 0.000000 0.000000 0.000000 0.000000 0.000000 0.000000 0.000000 0.000000 0.000000 0.000000 0.000000 0.000000 0.000000 0.000000 0.000000 0.000000 0.000000 0.000000 0.000000 4.276089 -16.671505 -2.584741 26.710510 -51.692201 21.758543 7.122891 1.114786 19.902445 1.482036 -5.635461 2.208991 0.000000 0.000000 0.000000 0.000000 0.000000 0.000000 0.000000 0.000000 0.000000 0.000000 0.000000 0.000000 0.000000 0.000000 0.000000 0.000000 0.000000 0.000000 0.000000 0.000000 0.000000 0.000000 0.000000 0.000000 0.000000 0.000000 0.000000 0.000000 0.000000 0.000000 0.000000 0.000000 0.000000 0.000000 0.000000 0.000000 0.000000 0.000000 0.000000 0.000000 0.000000 0.000000
-0.013853 0.167387 1.008145 -10.095667 -0.125721 4.161079 20.917286 0.963558 2.114848 7.872274 -1.222369 -23.139735 -20.065028 -0.356871 7.753005 1.357855 -5.280396 -0.587660 -24.085499 1.234787 4.251107 9.758706 -1.544793 -2.387508 -2.125255 -9.987210 -8.033319 1.709751 -0.070289 -0.214119 10.074196 0.639377 -3.672400 5.831332 -6.926959 -5.176728 -6.166627 3.573130 -0.411140 11.438591 2.097660 4.689334 14.733704 1.453736 6.465715 6.198774 17.374772 -3.202224 13.461360 45.050159 -32.963525 13.692231 -2.902042 -25.254808 6.400208 -1.517513 -7.601147 0.000000 0.000000 0.000000 0.000000 0.000000 0.000000 0.000000 0.000000 0.000000 0.000000 0.000000 0.000000 0.000000 0.000000 0.000000 0.000000 0.000000 0.000000 0.000000 0.000000 0.000000 0.000000 0.000000 0.000000 0.000000 0.000000 0.000000 0.000000 0.000000 0.000000 0.000000 0.000000 0.000000 0.000000 0.000000 0.000000 0.000000 0.000000 0.000000 0.000000 0.000000 0.000000 4.343912 -16.988371 -2.786031 26.307349 -51.388533 21.163586 7.026010 0.992878 19.344289 1.487528 -5.503152 2.270509 0.000000 0.000000 0.000000 0.000000 0.000000 0.000000 0.000000 0.000000 0.000000 0.000000 0.000000 0.000000 0.000000 0.000000 0.000000 0.000000 0.000000 0.000000 0.000000 0.000000 0.000000 0.000000 0.000000 0.000000 0.000000 0.000000 0.000000 0.000000 0.000000 0.000000 0.000000 0.000000 0.000000 0.000000 0.000000 0.000000 0.000000 0.000000 0.000000 0.000000 0.000000 0.000000
-0.011956 0.203981 1.004901 -9.400499 0.164538 4.682178 21.336966 0.303394 2.287312 9.256041 -1.672458 -23.435331 -19.656575 0.127796 8.295241 1.278996 -5.434471 -0.587673 -24.770892 0.686027 4.552274 12.593982 -2.065594 -2.304209 -2.053200 -9.235918 -8.219953 1.621620 -0.050576 -0.122669 9.654351 0.250772 -3.913872 5.705943 -7.022117 -5.274221 -6.075105 3.614286 -0.528418 11.275596 2.018536 4.754097 14.824289 1.684408 6.622581 6.273717 17.687862 -3.187587 13.338445 45.027387 -32.796835 13.486931 -3.313135 -25.721438 6.521002 -1.602817 -7.689818 0.000000 0.000000 0.000000 0.000000 0.000000 0.000000 0.000000 0.000000 0.000000 0.000000 0.000000 0.000000 0.000000 0.000000 0.000000 0.000000 0.000000 0.000000 0.000000 0.000000 0.000000 0.000000 0.000000 0.000000 0.000000 0.000000 0.000000 0.000000 0.000000 0.000000 0.000000 0.000000 0.000000 0.000000 0.000000 0.000000 0.000000 0.000000 0.000000 0.000000 0.000000 0.000000 4.342808 -17.459789 -2.830657 25.742296 -51.002285 20.412142 6.972179 0.926136 18.945401 1.515227 -5.317005 2.347003 0.000000 0.000000 0.000000 0.000000 0.000000 0.000000 0.000000 0.000000 0.000000 0.000000 0.000000 0.000000 0.000000 0.000000 0.000000 0.000000 0.000000 0.000000 0.000000 0.000000 0.000000 0.000000 0.000000 0.000000 0.000000 0.000000 0.000000 0.000000 0.000000 0.000000 0.000000 0.000000 0.000000 0.000000 0.000000 0.000000 0.000000 0.000000 0.000000 0.000000 0.000000 0.000000
-0.008537 0.235270 1.002283 -8.675192 0.478311 5.147713 21.309665 -0.353206 2.340375 11.204774 -2.195253 -23.565744 -19.714712 0.381547 8.907013 1.239253 -5.596225 -0.607121 -25.518761 0.087650 4.820549 15.786397 -2.564529 -2.219580 -2.297942 -8.345960 -8.331549 1.574076 -0.003424 -0.034628 8.990756 -0.188084 -4.187710 5.680311 -7.120153 -5.331007 -6.140389 3.646262 -0.657509 11.295658 1.941292 4.809092 14.749742 1.909056 6.796192 6.379882 17.983360 -3.124797 13.430576 45.102221 -32.717843 13.396983 -3.603852 -25.769022 6.570565 -1.542013 -7.760198 0.000000 0.000000 0.000000 0.000000 0.000000 0.000000 0.000000 0.000000 0.000000 0.000000 0.000000 0.000000 0.000000 0.000000 0.000000 0.000000 0.000000 0.000000 0.000000 0.000000 0.000000 0.000000 0.000000 0.000000 0.000000 0.000000 0.000000 0.000000 0.000000 0.000000 0.000000 0.000000 0.000000 0.000000 0.000000 0.000000 0.000000 0.000000 0.000000 0.000000 0.000000 0.000000 4.394536 -17.859422 -2.909571 25.277364 -50.631871 19.870981 6.939790 0.874401 18.397637 1.406767 -5.147816 2.418296 0.000000 0.000000 0.000000 0.000000 0.000000 0.000000 0.000000 0.000000 0.000000 0.000000 0.000000 0.000000 0.000000 0.000000 0.000000 0.000000 0.000000 0.000000 0.000000 0.000000 0.000000 0.000000 0.000000 0.000000 0.000000 0.000000 0.000000 0.000000 0.000000 0.000000 0.000000 0.000000 0.000000 0.000000 0.000000 0.000000 0.000000 0.000000 0.000000 0.000000 0.000000 0.000000
-0.006578 0.248486 1.000348 -7.731139 1.108098 5.787179 20.603033 -1.595240 2.656012 14.037386 -2.805495 -23.813352 -21.637133 0.230409 7.844736 1.110613 -5.861384 -0.589923 -26.853733 -0.908625 5.207034 20.738712 -3.586707 -2.172027 -1.976944 -7.025309 -8.313991 1.496751 -0.209063 0.025216 8.510567 -1.125911 -4.600561 5.149813 -7.016503 -5.396980 -5.511739 3.632618 -0.847267 10.948172 1.843136 5.125058 14.858833 2.451056 6.846337 6.318086 18.381487 -2.941021 13.502812 45.269763 -32.151017 13.357078 -4.123831 -26.152918 6.127850 -1.375838 -7.896912 0.000000 0.000000 0.000000 0.000000 0.000000 0.000000 0.000000 0.000000 0.000000 0.000000 0.000000 0.000000 0.000000 0.000000 0.000000 0.000000 0.000000 0.000000 0.000000 0.000000 0.000000 0.000000 0.000000 0.000000 0.000000 0.000000 0.000000 0.000000 0.000000 0.000000 0.000000 0.000000 0.000000 0.000000 0.000000 0.000000 0.000000 0.000000 0.000000 0.000000 0.000000 0.000000 4.153892 -18.190880 -2.952248 24.763334 -50.220266 19.204296 7.425245 0.993424 18.085965 1.349284 -5.046168 2.454213 0.000000 0.000000 0.000000 0.000000 0.000000 0.000000 0.000000 0.000000 0.000000 0.000000 0.000000 0.000000 0.000000 0.000000 0.000000 0.000000 0.000000 0.000000 0.000000 0.000000 0.000000 0.000000 0.000000 0.000000 0.000000 0.000000 0.000000 0.000000 0.000000 0.000000 0.000000 0.000000 0.000000 0.000000 0.000000 0.000000 0.000000 0.000000 0.000000 0.000000 0.000000 0.000000
-0.004320 0.260611 0.999787 -6.949832 1.731788 6.147820 19.963519 -2.618595 2.761185 17.798639 -3.410130 -23.843756 -20.790365 0.861942 8.036588 1.175613 -5.943889 -0.595089 -27.616809 -1.862136 5.481168 24.267755 -4.242620 -2.110643 -1.825183 -5.720912 -8.585103 1.487068 -0.282353 0.053242 8.024515 -1.856107 -4.910340 4.876920 -6.993572 -5.424492 -5.262929 3.616615 -0.965164 10.954883 1.738594 5.465980 14.939148 2.775862 7.060939 6.374636 18.774061 -2.768781 13.548891 45.493515 -31.674847 13.342774 -4.383969 -25.882329 5.822059 -1.110824 -7.911017 0.000000 0.000000 0.000000 0.000000 0.000000 0.000000 0.000000 0.000000 0.000000 0.000000 0.000000 0.000000 0.000000 0.000000 0.000000 0.000000 0.000000 0.000000 0.000000 0.000000 0.000000 0.000000 0.000000 0.000000 0.000000 0.000000 0.000000 0.000000 0.000000 0.000000 0.000000 0.000000 0.000000 0.000000 0.000000 0.000000 0.000000 0.000000 0.000000 0.000000 0.000000 0.000000 4.086183 -18.402413 -2.934815 24.248853 -49.915335 18.850371 7.622582 1.106055 17.689285 1.046704 -4.963745 2.477930 0.000000 0.000000 0.000000 0.000000 0.000000 0.000000 0.000000 0.000000 0.000000 0.000000 0.000000 0.000000 0.000000 0.000000 0.000000 0.000000 0.000000 0.000000 0.000000 0.000000 0.000000 0.000000 0.000000 0.000000 0.000000 0.000000 0.000000 0.000000 0.000000 0.000000 0.000000 0.000000 0.000000 0.000000 0.000000 0.000000 0.000000 0.000000 0.000000 0.000000 0.000000 0.000000
-0.003158 0.271496 1.000769 -6.306535 2.535682 6.249159 19.132377 -3.698074 2.886227 22.321812 -3.787888 -23.323873 -16.617337 2.909818 8.310683 1.358545 -5.922393 -0.560803 -27.903010 -3.094172 5.600277 26.414249 -4.659676 -2.140562 -1.667337 -4.393849 -8.701863 1.483522 -0.378803 0.034064 7.644383 -2.540676 -5.161904 4.529143 -6.947916 -5.467993 -4.918371 3.488702 -1.144868 10.723767 1.618445 5.784402 15.084665 3.039199 7.410344 6.356452 19.125294 -2.537518 13.603943 45.934118 -30.863784 13.616289 -4.580594 -25.361077 5.627044 -0.721718 -7.775259 0.000000 0.000000 0.000000 0.000000 0.000000 0.000000 0.000000 0.000000 0.000000 0.000000 0.000000 0.000000 0.000000 0.000000 0.000000 0.000000 0.000000 0.000000 0.000000 0.000000 0.000000 0.000000 0.000000 0.000000 0.000000 0.000000 0.000000 0.000000 0.000000 0.000000 0.000000 0.000000 0.000000 0.000000 0.000000 0.000000 0.000000 0.000000 0.000000 0.000000 0.000000 0.000000 3.963557 -18.478731 -2.824688 23.919232 -49.592737 18.801074 7.827738 1.172268 17.405955 0.495959 -4.876817 2.401935 0.000000 0.000000 0.000000 0.000000 0.000000 0.000000 0.000000 0.000000 0.000000 0.000000 0.000000 0.000000 0.000000 0.000000 0.000000 0.000000 0.000000 0.000000 0.000000 0.000000 0.000000 0.000000 0.000000 0.000000 0.000000 0.000000 0.000000 0.000000 0.000000 0.000000 0.000000 0.000000 0.000000 0.000000 0.000000 0.000000 0.000000 0.000000 0.000000 0.000000 0.000000 0.000000
-0.001795 0.279715 1.003140 -6.007574 3.224282 5.899941 17.632320 -4.515956 2.746332 27.064556 -3.882146 -22.186922 -11.272162 5.448085 8.083588 1.620369 -5.782565 -0.411746 -27.656553 -4.309661 5.628093 27.851728 -4.990835 -2.232311 -1.823958 -3.131709 -8.405221 1.460483 -0.605244 -0.076267 7.417026 -3.139231 -5.300222 4.138122 -6.743527 -5.390292 -4.384898 3.290040 -1.314233 10.536260 1.517532 6.116630 15.248184 3.236927 7.629420 6.103297 19.380328 -2.165687 13.749654 46.408471 -30.027143 14.037913 -4.576788 -24.960214 5.294953 -0.408844 -7.574128 0.000000 0.000000 0.000000 0.000000 0.000000 0.000000 0.000000 0.000000 0.000000 0.000000 0.000000 0.000000 0.000000 0.000000 0.000000 0.000000 0.000000 0.000000 0.000000 0.000000 0.000000 0.000000 0.000000 0.000000 0.000000 0.000000 0.000000 0.000000 0.000000 0.000000 0.000000 0.000000 0.000000 0.000000 0.000000 0.000000 0.000000 0.000000 0.000000 0.000000 0.000000 0.000000 3.616016 -18.343054 -2.636381 23.809112 -49.409855 19.005975 8.097987 1.180510 17.476929 -0.367261 -4.760967 2.208882 0.000000 0.000000 0.000000 0.000000 0.000000 0.000000 0.000000 0.000000 0.000000 0.000000 0.000000 0.000000 0.000000 0.000000 0.000000 0.000000 0.000000 0.000000 0.000000 0.000000 0.000000 0.000000 0.000000 0.000000 0.000000 0.000000 0.000000 0.000000 0.000000 0.000000 0.000000 0.000000 0.000000 0.000000 0.000000 0.000000 0.000000 0.000000 0.000000 0.000000 0.000000 0.000000
-0.002134 0.286009 1.006824 -5.928778 4.093887 5.978816 14.748480 -5.921857 2.680741 33.845415 -3.928089 -20.423028 -5.591816 7.671611 7.063074 1.768489 -5.498320 -0.434781 -26.429959 -5.841790 5.468867 28.036072 -4.951046 -2.495959 -2.287302 -1.371125 -7.778723 1.387493 -0.770065 -0.140300 7.464501 -3.984157 -5.214806 3.917293 -6.580171 -5.380716 -3.967124 2.952787 -1.498413 10.059448 1.334461 6.086442 15.514644 3.394152 7.760245 5.940706 19.609092 -1.826225 14.084529 47.112579 -29.282870 14.972930 -4.718924 -24.376000 5.115040 0.302973 -7.347744 0.000000 0.000000 0.000000 0.000000 0.000000 0.000000 0.000000 0.000000 0.000000 0.000000 0.000000 0.000000 0.000000 0.000000 0.000000 0.000000 0.000000 0.000000 0.000000 0.000000 0.000000 0.000000 0.000000 0.000000 0.000000 0.000000 0.000000 0.000000 0.000000 0.000000 0.000000 0.000000 0.000000 0.000000 0.000000 0.000000 0.000000 0.000000 0.000000 0.000000 0.000000 0.000000 3.316940 -18.035017 -2.501088 23.693307 -49.064066 19.319465 8.601608 1.241763 17.745243 -1.293321 -4.672411 2.127531 0.000000 0.000000 0.000000 0.000000 0.000000 0.000000 0.000000 0.000000 0.000000 0.000000 0.000000 0.000000 0.000000 0.000000 0.000000 0.000000 0.000000 0.000000 0.000000 0.000000 0.000000 0.000000 0.000000 0.000000 0.000000 0.000000 0.000000 0.000000 0.000000 0.000000 0.000000 0.000000 0.000000 0.000000 0.000000 0.000000 0.000000 0.000000 0.000000 0.000000 0.000000 0.000000
-0.002243 0.289924 1.011564 -6.038401 4.694840 5.574170 11.839637 -6.458202 2.168148 39.589918 -3.918379 -18.215095 -1.023793 8.926266 6.702536 1.799618 -5.245422 -0.376214 -24.974282 -7.094312 5.349456 28.310609 -4.910084 -2.507401 -3.002725 -0.063681 -7.019440 1.275167 -0.980836 -0.272024 7.727481 -4.618863 -4.945848 3.435518 -6.279102 -5.283748 -3.342710 2.696780 -1.571154 9.603079 1.186921 6.234067 15.598751 3.551952 7.911627 5.457484 19.836788 -1.575087 14.376456 47.648407 -28.614804 15.763256 -4.728557 -24.096725 5.040623 0.649438 -6.947424 0.000000 0.000000 0.000000 0.000000 0.000000 0.000000 0.000000 0.000000 0.000000 0.000000 0.000000 0.000000 0.000000 0.000000 0.000000 0.000000 0.000000 0.000000 0.000000 0.000000 0.000000 0.000000 0.000000 0.000000 0.000000 0.000000 0.000000 0.000000 0.000000 0.000000 0.000000 0.000000 0.000000 0.000000 0.000000 0.000000 0.000000 0.000000 0.000000 0.000000 0.000000 0.000000 2.747013 -17.777850 -2.262408 23.586819 -48.940654 19.555051 8.782691 1.355554 18.111175 -1.950231 -4.560279 1.889882 0.000000 0.000000 0.000000 0.000000 0.000000 0.000000 0.000000 0.000000 0.000000 0.000000 0.000000 0.000000 0.000000 0.000000 0.000000 0.000000 0.000000 0.000000 0.000000 0.000000 0.000000 0.000000 0.000000 0.000000 0.000000 0.000000 0.000000 0.000000 0.000000 0.000000 0.000000 0.000000 0.000000 0.000000 0.000000 0.000000 0.000000 0.000000 0.000000 0.000000 0.000000 0.000000
-0.002545 0.291398 1.017656 -6.422990 5.149073 5.135276 8.642750 -6.777054 1.575575 45.085865 -3.752948 -15.852689 1.363763 9.146495 7.066254 1.775863 -5.097997 -0.398189 -22.789130 -8.200662 5.108480 27.761158 -4.602686 -2.293785 -3.761641 1.005025 -6.468401 1.122327 -1.101901 -0.350573 8.223300 -5.016175 -4.391304 3.242498 -6.052223 -5.195285 -3.012479 2.466231 -1.548087 9.053903 1.116878 6.197771 15.466738 3.574632 8.236155 5.231955 20.161987 -1.482201 14.429587 48.082158 -27.891335 16.648813 -4.676672 -23.699842 4.780948 1.213030 -6.528824 0.000000 0.000000 0.000000 0.000000 0.000000 0.000000 0.000000 0.000000 0.000000 0.000000 0.000000 0.000000 0.000000 0.000000 0.000000 0.000000 0.000000 0.000000 0.000000 0.000000 0.000000 0.000000 0.000000 0.000000 0.000000 0.000000 0.000000 0.000000 0.000000 0.000000 0.000000 0.000000 0.000000 0.000000 0.000000 0.000000 0.000000 0.000000 0.000000 0.000000 0.000000 0.000000 2.360457 -17.484333 -1.841064 23.449423 -48.915648 19.907240 8.956604 1.607894 18.667144 -2.522023 -4.609407 1.643648 0.000000 0.000000 0.000000 0.000000 0.000000 0.000000 0.000000 0.000000 0.000000 0.000000 0.000000 0.000000 0.000000 0.000000 0.000000 0.000000 0.000000 0.000000 0.000000 0.000000 0.000000 0.000000 0.000000 0.000000 0.000000 0.000000 0.000000 0.000000 0.000000 0.000000 0.000000 0.000000 0.000000 0.000000 0.000000 0.000000 0.000000 0.000000 0.000000 0.000000 0.000000 0.000000
-0.001841 0.290608 1.024821 -7.067450 5.287473 4.566120 5.198173 -6.673898 0.844161 49.856228 -3.279397 -13.652684 1.102369 8.310889 7.962098 1.741857 -5.128933 -0.454903 -19.994572 -8.952362 4.841680 26.434729 -4.018738 -1.771964 -4.376843 1.614113 -6.064610 0.996850 -1.259737 -0.361662 8.911408 -5.173323 -3.570328 3.056376 -5.781422 -5.032586 -2.720566 2.314434 -1.431311 8.764582 0.986778 6.037224 15.344656 3.538667 8.241722 4.936248 20.340893 -1.336856 14.448942 48.332698 -27.139510 17.568315 -4.442041 -23.547796 4.431051 1.431087 -6.277961 0.000000 0.000000 0.000000 0.000000 0.000000 0.000000 0.000000 0.000000 0.000000 0.000000 0.000000 0.000000 0.000000 0.000000 0.000000 0.000000 0.000000 0.000000 0.000000 0.000000 0.000000 0.000000 0.000000 0.000000 0.000000 0.000000 0.000000 0.000000 0.000000 0.000000 0.000000 0.000000 0.000000 0.000000 0.000000 0.000000 0.000000 0.000000 0.000000 0.000000 0.000000 0.000000 1.899758 -17.214479 -1.506092 23.363537 -48.965017 20.404185 9.137978 1.827707 19.355959 -2.701276 -4.529694 1.406343 0.000000 0.000000 0.000000 0.000000 0.000000 0.000000 0.000000 0.000000 0.000000 0.000000 0.000000 0.000000 0.000000 0.000000 0.000000 0.000000 0.000000 0.000000 0.000000 0.000000 0.000000 0.000000 0.000000 0.000000 0.000000 0.000000 0.000000 0.000000 0.000000 0.000000 0.000000 0.000000 0.000000 0.000000 0.000000 0.000000 0.000000 0.000000 0.000000 0.000000 0.000000 0.000000
-0.000052 0.291328 1.032375 -7.385208 5.130456 3.784849 0.615160 -6.160113 -0.102807 54.715118 -2.347532 -11.383121 0.246531 6.995108 8.784090 1.573124 -4.941930 -0.521743 -16.657070 -9.570202 4.420985 23.343508 -2.624194 -1.005483 -4.748524 1.939795 -5.675950 0.813876 -1.646721 -0.541561 9.658380 -5.084209 -2.399151 2.803562 -5.288070 -4.680180 -2.465789 2.206475 -1.353281 8.579157 0.764465 5.901628 15.444159 3.488242 8.201554 4.648984 20.800976 -0.980682 14.489114 48.263296 -26.033006 18.436830 -4.278811 -23.288728 3.555304 2.182503 -6.078146 0.000000 0.000000 0.000000 0.000000 0.000000 0.000000 0.000000 0.000000 0.000000 0.000000 0.000000 0.000000 0.000000 0.000000 0.000000 0.000000 0.000000 0.000000 0.000000 0.000000 0.000000 0.000000 0.000000 0.000000 0.000000 0.000000 0.000000 0.000000 0.000000 0.000000 0.000000 0.000000 0.000000 0.000000 0.000000 0.000000 0.000000 0.000000 0.000000 0.000000 0.000000 0.000000 1.378339 -16.868880 -1.197764 23.576242 -49.060459 21.030257 9.116507 2.152960 20.816078 -3.644391 -4.402357 1.311256 0.000000 0.000000 0.000000 0.000000 0.000000 0.000000 0.000000 0.000000 0.000000 0.000000 0.000000 0.000000 0.000000 0.000000 0.000000 0.000000 0.000000 0.000000 0.000000 0.000000 0.000000 0.000000 0.000000 0.000000 0.000000 0.000000 0.000000 0.000000 0.000000 0.000000 0.000000 0.000000 0.000000 0.000000 0.000000 0.000000 0.000000 0.000000 0.000000 0.000000 0.000000 0.000000
0.003491 0.308627 1.040056 -7.950503 4.842216 2.971917 -3.442886 -5.512199 -1.014732 57.747854 -1.344976 -9.751616 -1.858528 5.465453 9.657826 1.479118 -4.883409 -0.580447 -12.822623 -9.876237 4.172268 21.396353 -1.795510 -0.046094 -5.803325 2.232314 -5.352203 0.690281 -1.921302 -0.631185 10.226060 -4.785500 -1.130548 2.763360 -4.992458 -4.442263 -2.540146 2.219055 -1.110524 8.930399 0.615466 5.845901 15.510632 3.344572 7.863623 4.811194 21.068715 -0.650029 14.540992 48.234140 -24.914152 18.953366 -3.884090 -23.212539 3.183702 2.651188 -6.091246 0.000000 0.000000 0.000000 0.000000 0.000000 0.000000 0.000000 0.000000 0.000000 0.000000 0.000000 0.000000 0.000000 0.000000 0.000000 0.000000 0.000000 0.000000 0.000000 0.000000 0.000000 0.000000 0.000000 0.000000 0.000000 0.000000 0.000000 0.000000 0.000000 0.000000 0.000000 0.000000 0.000000 0.000000 0.000000 0.000000 0.000000 0.000000 0.000000 0.000000 0.000000 0.000000 1.158924 -16.635480 -0.858274 23.543787 -49.124838 21.572803 9.064323 2.449488 22.048039 -3.951000 -4.284855 1.306629 0.000000 0.000000 0.000000 0.000000 0.000000 0.000000 0.000000 0.000000 0.000000 0.000000 0.000000 0.000000 0.000000 0.000000 0.000000 0.000000 0.000000 0.000000 0.000000 0.000000 0.000000 0.000000 0.000000 0.000000 0.000000 0.000000 0.000000 0.000000 0.000000 0.000000 0.000000 0.000000 0.000000 0.000000 0.000000 0.000000 0.000000 0.000000 0.000000 0.000000 0.000000 0.000000
0.004750 0.326641 1.046992 -8.481152 4.529134 2.108722 -7.384210 -4.896833 -1.810725 59.249380 -0.210250 -8.457777 -3.843407 4.093409 10.205126 1.410993 -4.803682 -0.637951 -8.834621 -9.850652 3.848725 18.944787 -0.960805 0.919401 -6.654727 2.287231 -4.929460 0.577447 -2.247118 -0.751446 10.656102 -4.377961 0.135766 2.851861 -4.672429 -4.167701 -2.717076 2.274684 -0.851413 9.540697 0.484308 5.769220 15.469962 3.140423 7.333518 4.949881 21.251018 -0.272022 14.510723 48.154601 -23.655909 19.441471 -3.490418 -23.292005 3.021395 2.935425 -6.136259 0.000000 0.000000 0.000000 0.000000 0.000000 0.000000 0.000000 0.000000 0.000000 0.000000 0.000000 0.000000 0.000000 0.000000 0.000000 0.000000 0.000000 0.000000 0.000000 0.000000 0.000000 0.000000 0.000000 0.000000 0.000000 0.000000 0.000000 0.000000 0.000000 0.000000 0.000000 0.000000 0.000000 0.000000 0.000000 0.000000 0.000000 0.000000 0.000000 0.000000 0.000000 0.000000 1.033690 -16.266005 -0.474957 23.518777 -49.176453 22.307145 8.959626 2.631095 23.263474 -4.512631 -4.093620 1.456719 0.000000 0.000000 0.000000 0.000000 0.000000 0.000000 0.000000 0.000000 0.000000 0.000000 0.000000 0.000000 0.000000 0.000000 0.000000 0.000000 0.000000 0.000000 0.000000 0.000000 0.000000 0.000000 0.000000 0.000000 0.000000 0.000000 0.000000 0.000000 0.000000 0.000000 0.000000 0.000000 0.000000 0.000000 0.000000 0.000000 0.000000 0.000000 0.000000 0.000000 0.000000 0.000000
0.006765 0.325965 1.052585 -8.841236 4.127229 1.157544 -10.503676 -4.156660 -2.513532 58.844219 0.620083 -7.872185 -5.783444 2.984604 10.450323 1.373927 -4.792157 -0.718581 -5.626093 -9.477850 3.432951 15.710558 -0.226389 1.984752 -6.585484 1.804536 -4.331105 0.440516 -2.526113 -0.810006 11.040231 -3.832936 1.414444 3.027748 -4.412538 -3.958594 -3.134169 2.380145 -0.495906 10.297486 0.435171 5.806147 15.468775 3.053242 6.827502 5.039107 21.480038 -0.002180 14.289746 47.919020 -22.498072 19.789487 -3.103043 -23.171238 3.043029 3.120418 -6.065099 0.000000 0.000000 0.000000 0.000000 0.000000 0.000000 0.000000 0.000000 0.000000 0.000000 0.000000 0.000000 0.000000 0.000000 0.000000 0.000000 0.000000 0.000000 0.000000 0.000000 0.000000 0.000000 0.000000 0.000000 0.000000 0.000000 0.000000 0.000000 0.000000 0.000000 0.000000 0.000000 0.000000 0.000000 0.000000 0.000000 0.000000 0.000000 0.000000 0.000000 0.000000 0.000000 1.030853 -15.877778 -0.160531 23.578816 -49.264792 23.231732 8.802647 2.835847 24.195210 -5.009853 -3.989610 1.470585 0.000000 0.000000 0.000000 0.000000 0.000000 0.000000 0.000000 0.000000 0.000000 0.000000 0.000000 0.000000 0.000000 0.000000 0.000000 0.000000 0.000000 0.000000 0.000000 0.000000 0.000000 0.000000 0.000000 0.000000 0.000000 0.000000 0.000000 0.000000 0.000000 0.000000 0.000000 0.000000 0.000000 0.000000 0.000000 0.000000 0.000000 0.000000 0.000000 0.000000 0.000000 0.000000
0.012572 0.327150 1.056570 -8.872050 3.120516 0.012191 -14.170765 -3.245295 -3.112574 56.316929 2.461606 -6.395303 -7.331842 1.843520 10.893053 1.384013 -4.311171 -0.689103 -2.143823 -8.319791 2.378823 11.676146 0.518145 2.927722 -6.787785 0.980096 -3.278801 0.183403 -2.786315 -1.043603 11.185448 -2.919148 2.777274 3.322116 -3.947025 -3.535397 -3.430977 2.577863 -0.174176 10.888689 0.211579 5.979498 15.250538 2.547936 6.167973 5.035560 22.037455 0.488705 14.025469 47.297252 -20.884474 19.657059 -2.692380 -23.084281 3.224338 2.928607 -6.154549 0.000000 0.000000 0.000000 0.000000 0.000000 0.000000 0.000000 0.000000 0.000000 0.000000 0.000000 0.000000 0.000000 0.000000 0.000000 0.000000 0.000000 0.000000 0.000000 0.000000 0.000000 0.000000 0.000000 0.000000 0.000000 0.000000 0.000000 0.000000 0.000000 0.000000 0.000000 0.000000 0.000000 0.000000 0.000000 0.000000 0.000000 0.000000 0.000000 0.000000 0.000000 0.000000 0.966000 -15.405942 0.386696 23.542632 -49.425086 24.185057 8.526598 2.856224 25.976115 -6.118083 -3.751905 2.074359 0.000000 0.000000 0.000000 0.000000 0.000000 0.000000 0.000000 0.000000 0.000000 0.000000 0.000000 0.000000 0.000000 0.000000 0.000000 0.000000 0.000000 0.000000 0.000000 0.000000 0.000000 0.000000 0.000000 0.000000 0.000000 0.000000 0.000000 0.000000 0.000000 0.000000 0.000000 0.000000 0.000000 0.000000 0.000000 0.000000 0.000000 0.000000 0.000000 0.000000 0.000000 0.000000
0.015020 0.327407 1.059318 -9.133054 2.700337 -0.910771 -16.362533 -2.795855 -3.367592 52.085365 3.229242 -5.635271 -7.801713 1.781168 10.819895 1.482645 -4.023582 -0.630413 0.988340 -7.657755 1.630937 9.243523 0.802984 3.744219 -7.001689 0.511742 -2.547947 0.011415 -2.969644 -1.145049 11.500171 -2.384584 3.826259 3.689717 -3.549267 -3.191749 -3.859075 2.658276 0.192041 11.367881 0.158389 6.135638 15.217838 2.221419 5.517962 5.173898 22.276512 0.985760 13.876122 46.884579 -19.434735 19.615328 -2.203604 -23.125855 3.293969 2.809222 -6.199323 0.000000 0.000000 0.000000 0.000000 0.000000 0.000000 0.000000 0.000000 0.000000 0.000000 0.000000 0.000000 0.000000 0.000000 0.000000 0.000000 0.000000 0.000000 0.000000 0.000000 0.000000 0.000000 0.000000 0.000000 0.000000 0.000000 0.000000 0.000000 0.000000 0.000000 0.000000 0.000000 0.000000 0.000000 0.000000 0.000000 0.000000 0.000000 0.000000 0.000000 0.000000 0.000000 0.977697 -14.797205 0.934322 23.429768 -49.356870 25.205461 8.545326 2.822585 27.352033 -6.929526 -3.329740 2.234039 0.000000 0.000000 0.000000 0.000000 0.000000 0.000000 0.000000 0.000000 0.000000 0.000000 0.000000 0.000000 0.000000 0.000000 0.000000 0.000000 0.000000 0.000000 0.000000 0.000000 0.000000 0.000000 0.000000 0.000000 0.000000 0.000000 0.000000 0.000000 0.000000 0.000000 0.000000 0.000000 0.000000 0.000000 0.000000 0.000000 0.000000 0.000000 0.000000 0.000000 0.000000 0.000000
0.016009 0.329650 1.060553 -9.161546 2.534754 -1.698623 -18.028222 -2.522724 -3.305423 46.474300 3.520126 -4.752919 -7.546641 2.268118 10.609491 1.665455 -3.679384 -0.575531 3.961430 -7.154055 0.819351 6.684316 0.923884 4.407710 -7.134098 0.093464 -1.816607 -0.113942 -3.008986 -1.216522 11.859331 -2.001516 4.719919 4.219523 -3.212849 -2.858240 -4.616471 2.684986 0.596545 11.642251 0.157006 6.296090 15.219979 1.906006 4.974482 5.387954 22.585674 1.513960 13.704693 46.564243 -18.061486 19.329973 -1.717417 -22.916490 3.208988 2.772161 -6.187157 0.000000 0.000000 0.000000 0.000000 0.000000 0.000000 0.000000 0.000000 0.000000 0.000000 0.000000 0.000000 0.000000 0.000000 0.000000 0.000000 0.000000 0.000000 0.000000 0.000000 0.000000 0.000000 0.000000 0.000000 0.000000 0.000000 0.000000 0.000000 0.000000 0.000000 0.000000 0.000000 0.000000 0.000000 0.000000 0.000000 0.000000 0.000000 0.000000 0.000000 0.000000 0.000000 1.104901 -14.080841 1.438698 23.216641 -49.262997 26.325847 8.462932 2.796284 28.462599 -7.846109 -2.831793 2.373948 0.000000 0.000000 0.000000 0.000000 0.000000 0.000000 0.000000 0.000000 0.000000 0.000000 0.000000 0.000000 0.000000 0.000000 0.000000 0.000000 0.000000 0.000000 0.000000 0.000000 0.000000 0.000000 0.000000 0.000000 0.000000 0.000000 0.000000 0.000000 0.000000 0.000000 0.000000 0.000000 0.000000 0.000000 0.000000 0.000000 0.000000 0.000000 0.000000 0.000000 0.000000 0.000000
0.016582 0.332353 1.060455 -9.156880 2.454278 -2.506538 -19.067846 -2.370762 -2.980418 38.903649 3.315146 -3.563220 -6.772361 3.141832 10.472482 1.847209 -3.359951 -0.438263 6.771983 -6.701889 -0.003689 4.477394 0.955237 5.194605 -7.389980 -0.162922 -1.292755 -0.213451 -2.999969 -1.277145 12.096958 -1.905475 5.437375 4.839717 -2.748449 -2.430767 -5.215971 2.653997 1.025885 11.687864 0.260548 6.488346 15.297890 1.588508 4.419639 5.265929 22.925841 2.246390 13.713263 46.332238 -16.779700 18.855939 -1.215211 -22.362328 3.065415 2.740570 -6.374929 0.000000 0.000000 0.000000 0.000000 0.000000 0.000000 0.000000 0.000000 0.000000 0.000000 0.000000 0.000000 0.000000 0.000000 0.000000 0.000000 0.000000 0.000000 0.000000 0.000000 0.000000 0.000000 0.000000 0.000000 0.000000 0.000000 0.000000 0.000000 0.000000 0.000000 0.000000 0.000000 0.000000 0.000000 0.000000 0.000000 0.000000 0.000000 0.000000 0.000000 0.000000 0.000000 0.941363 -13.204727 2.023930 22.831710 -49.076999 27.460124 8.318295 2.708279 29.594103 -8.548579 -2.065285 2.781406 0.000000 0.000000 0.000000 0.000000 0.000000 0.000000 0.000000 0.000000 0.000000 0.000000 0.000000 0.000000 0.000000 0.000000 0.000000 0.000000 0.000000 0.000000 0.000000 0.000000 0.000000 0.000000 0.000000 0.000000 0.000000 0.000000 0.000000 0.000000 0.000000 0.000000 0.000000 0.000000 0.000000 0.000000 0.000000 0.000000 0.000000 0.000000 0.000000 0.000000 0.000000 0.000000
0.016322 0.335628 1.059065 -9.085263 2.509377 -3.400116 -19.518875 -2.245011 -2.610954 30.665540 2.772458 -2.758417 -5.936101 4.045340 10.148802 2.067249 -3.166714 -0.245498 9.320025 -6.372248 -0.700053 2.671756 0.928181 6.024997 -7.918628 -0.330331 -1.036512 -0.201613 -3.056118 -1.360231 12.184030 -1.902668 6.036390 5.374934 -2.378846 -2.043438 -5.591761 2.637180 1.350703 11.644534 0.220172 6.675802 15.387212 1.539731 3.796118 5.216683 23.141103 3.005234 13.851051 46.157298 -15.659169 18.721841 -0.677091 -21.626448 2.959975 2.889673 -6.441346 0.000000 0.000000 0.000000 0.000000 0.000000 0.000000 0.000000 0.000000 0.000000 0.000000 0.000000 0.000000 0.000000 0.000000 0.000000 0.000000 0.000000 0.000000 0.000000 0.000000 0.000000 0.000000 0.000000 0.000000 0.000000 0.000000 0.000000 0.000000 0.000000 0.000000 0.000000 0.000000 0.000000 0.000000 0.000000 0.000000 0.000000 0.000000 0.000000 0.000000 0.000000 0.000000 0.646302 -12.505347 2.533152 22.629070 -48.698878 28.672031 8.071765 2.507837 30.291783 -9.360791 -1.608559 3.044865 0.000000 0.000000 0.000000 0.000000 0.000000 0.000000 0.000000 0.000000 0.000000 0.000000 0.000000 0.000000 0.000000 0.000000 0.000000 0.000000 0.000000 0.000000 0.000000 0.000000 0.000000 0.000000 0.000000 0.000000 0.000000 0.000000 0.000000 0.000000 0.000000 0.000000 0.000000 0.000000 0.000000 0.000000 0.000000 0.000000 0.000000 0.000000 0.000000 0.000000 0.000000 0.000000
0.016129 0.339891 1.056338 -8.965202 2.590831 -4.119385 -19.392802 -2.229565 -1.992176 22.037247 2.066517 -2.070165 -5.300486 5.036089 9.707391 2.281327 -2.974146 -0.051182 11.812456 -6.029031 -1.407417 1.048782 0.798632 6.814561 -8.771399 -0.388491 -0.739490 -0.133225 -3.103083 -1.456744 12.075281 -1.938433 6.545023 5.902318 -2.083063 -1.673239 -5.840494 2.601536 1.649508 11.672271 0.099187 6.891277 15.461172 1.585272 3.029326 5.173064 23.335985 3.666197 13.986483 45.974844 -14.470921 18.726786 -0.092760 -20.994639 2.967800 2.780744 -6.617808 0.000000 0.000000 0.000000 0.000000 0.000000 0.000000 0.000000 0.000000 0.000000 0.000000 0.000000 0.000000 0.000000 0.000000 0.000000 0.000000 0.000000 0.000000 0.000000 0.000000 0.000000 0.000000 0.000000 0.000000 0.000000 0.000000 0.000000 0.000000 0.000000 0.000000 0.000000 0.000000 0.000000 0.000000 0.000000 0.000000 0.000000 0.000000 0.000000 0.000000 0.000000 0.000000 0.257911 -11.971985 2.967077 22.219344 -48.200322 29.616085 7.848775 2.209891 30.815631 -10.219750 -1.175851 3.388808 0.000000 0.000000 0.000000 0.000000 0.000000 0.000000 0.000000 0.000000 0.000000 0.000000 0.000000 0.000000 0.000000 0.000000 0.000000 0.000000 0.000000 0.000000 0.000000 0.000000 0.000000 0.000000 0.000000 0.000000 0.000000 0.000000 0.000000 0.000000 0.000000 0.000000 0.000000 0.000000 0.000000 0.000000 0.000000 0.000000 0.000000 0.000000 0.000000 0.000000 0.000000 0.000000
0.015526 0.345729 1.052119 -8.784035 2.749294 -4.806298 -19.043250 -2.131760 -1.362067 14.528973 1.312609 -1.601270 -4.754063 5.813634 9.321001 2.402184 -2.902288 0.102433 14.068655 -5.706447 -2.095600 0.203348 0.709092 7.642298 -10.306306 -0.191266 -0.526173 -0.082898 -3.177488 -1.551562 11.848580 -1.971900 7.002137 6.327910 -1.814430 -1.359442 -5.875746 2.599860 1.883854 11.648077 -0.096375 7.161204 15.386638 1.721951 2.380519 5.140726 23.597425 4.273794 13.824356 45.841162 -13.150381 18.552710 0.439533 -20.205433 3.080766 2.846150 -6.677302 0.000000 0.000000 0.000000 0.000000 0.000000 0.000000 0.000000 0.000000 0.000000 0.000000 0.000000 0.000000 0.000000 0.000000 0.000000 0.000000 0.000000 0.000000 0.000000 0.000000 0.000000 0.000000 0.000000 0.000000 0.000000 0.000000 0.000000 0.000000 0.000000 0.000000 0.000000 0.000000 0.000000 0.000000 0.000000 0.000000 0.000000 0.000000 0.000000 0.000000 0.000000 0.000000 -0.120268 -11.629621 3.311141 21.719646 -47.682122 30.218747 7.700281 1.989808 31.342146 -10.839869 -0.842859 3.725687 0.000000 0.000000 0.000000 0.000000 0.000000 0.000000 0.000000 0.000000 0.000000 0.000000 0.000000 0.000000 0.000000 0.000000 0.000000 0.000000 0.000000 0.000000 0.000000 0.000000 0.000000 0.000000 0.000000 0.000000 0.000000 0.000000 0.000000 0.000000 0.000000 0.000000 0.000000 0.000000 0.000000 0.000000 0.000000 0.000000 0.000000 0.000000 0.000000 0.000000 0.000000 0.000000
0.014919 0.351647 1.046894 -8.785352 2.897853 -5.423344 -18.075166 -1.950010 -0.691827 6.971750 0.251739 -1.211642 -4.651113 6.342847 9.134624 2.520908 -2.939692 0.295330 16.543651 -5.455936 -2.676478 -0.219924 0.865908 8.620294 -12.612285 0.342322 -0.271506 0.025051 -3.256932 -1.634133 11.411516 -2.151809 7.345036 6.718347 -1.569111 -1.054351 -5.669234 2.587277 2.060752 11.453445 -0.290264 7.446206 15.150181 1.890098 1.575366 4.815291 23.815363 4.807865 13.727062 45.762435 -11.955663 18.470263 0.824187 -19.591881 2.988494 2.924856 -6.887519 0.000000 0.000000 0.000000 0.000000 0.000000 0.000000 0.000000 0.000000 0.000000 0.000000 0.000000 0.000000 0.000000 0.000000 0.000000 0.000000 0.000000 0.000000 0.000000 0.000000 0.000000 0.000000 0.000000 0.000000 0.000000 0.000000 0.000000 0.000000 0.000000 0.000000 0.000000 0.000000 0.000000 0.000000 0.000000 0.000000 0.000000 0.000000 0.000000 0.000000 0.000000 0.000000 -0.797204 -11.442323 3.613854 21.246177 -47.132076 30.690608 7.746093 1.806201 31.393494 -11.252526 -0.532949 4.330067 0.000000 0.000000 0.000000 0.000000 0.000000 0.000000 0.000000 0.000000 0.000000 0.000000 0.000000 0.000000 0.000000 0.000000 0.000000 0.000000 0.000000 0.000000 0.000000 0.000000 0.000000 0.000000 0.000000 0.000000 0.000000 0.000000 0.000000 0.000000 0.000000 0.000000 0.000000 0.000000 0.000000 0.000000 0.000000 0.000000 0.000000 0.000000 0.000000 0.000000 0.000000 0.000000
0.014505 0.359861 1.040713 -8.657536 2.978704 -5.853062 -17.968135 -1.579404 -0.394883 3.189749 -0.242404 -0.750167 -4.479842 6.407218 9.217980 2.501075 -2.950723 0.330890 18.584796 -4.966913 -3.136137 0.419812 1.055620 9.476747 -15.389317 0.745279 0.290911 0.001120 -3.268695 -1.638987 10.802657 -2.097056 7.675811 7.066288 -1.393871 -0.862857 -5.593559 2.689365 2.216685 11.343885 -0.524159 7.593667 15.090701 1.975384 1.076283 4.759271 24.067808 5.236961 13.564580 45.498214 -10.862216 18.184394 1.099979 -19.211802 2.955583 3.237787 -6.966015 0.000000 0.000000 0.000000 0.000000 0.000000 0.000000 0.000000 0.000000 0.000000 0.000000 0.000000 0.000000 0.000000 0.000000 0.000000 0.000000 0.000000 0.000000 0.000000 0.000000 0.000000 0.000000 0.000000 0.000000 0.000000 0.000000 0.000000 0.000000 0.000000 0.000000 0.000000 0.000000 0.000000 0.000000 0.000000 0.000000 0.000000 0.000000 0.000000 0.000000 0.000000 0.000000 -1.179849 -11.421792 3.701112 21.180328 -46.818260 31.214905 7.739538 1.941914 31.702815 -11.576304 -0.733269 4.766061 0.000000 0.000000 0.000000 0.000000 0.000000 0.000000 0.000000 0.000000 0.000000 0.000000 0.000000 0.000000 0.000000 0.000000 0.000000 0.000000 0.000000 0.000000 0.000000 0.000000 0.000000 0.000000 0.000000 0.000000 0.000000 0.000000 0.000000 0.000000 0.000000 0.000000 0.000000 0.000000 0.000000 0.000000 0.000000 0.000000 0.000000 0.000000 0.000000 0.000000 0.000000 0.000000
0.013379 0.368841 1.034537 -8.540234 3.117139 -6.105346 -18.229941 -1.159533 -0.440444 2.443564 -0.315363 -0.417487 -4.314947 5.982240 9.503320 2.428846 -3.011204 0.330836 20.610519 -4.319605 -3.423021 1.905033 1.438054 10.426285 -18.360738 0.768216 1.597786 -0.060949 -3.243998 -1.609913 10.034091 -1.945012 8.014601 7.502392 -1.335471 -0.777723 -5.617305 2.877948 2.338473 11.193010 -0.830112 7.519518 15.237487 1.975522 0.621160 4.848972 24.377142 5.533032 13.320836 45.234164 -9.948507 17.782634 1.220910 -18.718580 3.108067 3.397242 -6.821897 0.000000 0.000000 0.000000 0.000000 0.000000 0.000000 0.000000 0.000000 0.000000 0.000000 0.000000 0.000000 0.000000 0.000000 0.000000 0.000000 0.000000 0.000000 0.000000 0.000000 0.000000 0.000000 0.000000 0.000000 0.000000 0.000000 0.000000 0.000000 0.000000 0.000000 0.000000 0.000000 0.000000 0.000000 0.000000 0.000000 0.000000 0.000000 0.000000 0.000000 0.000000 0.000000 -1.294995 -11.654507 3.805957 21.055815 -46.541243 31.413504 7.688870 2.236321 32.051345 -11.627034 -1.044655 4.972399 0.000000 0.000000 0.000000 0.000000 0.000000 0.000000 0.000000 0.000000 0.000000 0.000000 0.000000 0.000000 0.000000 0.000000 0.000000 0.000000 0.000000 0.000000 0.000000 0.000000 0.000000 0.000000 0.000000 0.000000 0.000000 0.000000 0.000000 0.000000 0.000000 0.000000 0.000000 0.000000 0.000000 0.000000 0.000000 0.000000 0.000000 0.000000 0.000000 0.000000 0.000000 0.000000
0.012964 0.378832 1.028963 -8.291632 3.012853 -6.436176 -18.849526 -0.637685 -0.757418 3.806641 0.057188 -0.063211 -4.130939 5.364614 9.902053 2.311232 -3.113574 0.291544 22.005837 -3.239075 -3.379247 4.308520 2.108725 11.286465 -20.593591 0.380931 2.906164 -0.127747 -3.243721 -1.568622 9.150794 -1.475973 8.296436 7.753615 -1.344553 -0.701401 -5.687211 3.133586 2.479807 11.024076 -1.129288 7.555801 15.453894 1.850880 0.485471 5.020195 24.652246 5.894433 13.136394 44.865124 -9.203914 17.487746 1.122029 -18.331778 3.299200 3.600859 -6.653584 0.000000 0.000000 0.000000 0.000000 0.000000 0.000000 0.000000 0.000000 0.000000 0.000000 0.000000 0.000000 0.000000 0.000000 0.000000 0.000000 0.000000 0.000000 0.000000 0.000000 0.000000 0.000000 0.000000 0.000000 0.000000 0.000000 0.000000 0.000000 0.000000 0.000000 0.000000 0.000000 0.000000 0.000000 0.000000 0.000000 0.000000 0.000000 0.000000 0.000000 0.000000 0.000000 -1.259464 -12.096771 3.695868 21.388876 -46.461971 31.724141 7.448158 2.584436 32.478350 -12.020552 -1.589489 4.886509 0.000000 0.000000 0.000000 0.000000 0.000000 0.000000 0.000000 0.000000 0.000000 0.000000 0.000000 0.000000 0.000000 0.000000 0.000000 0.000000 0.000000 0.000000 0.000000 0.000000 0.000000 0.000000 0.000000 0.000000 0.000000 0.000000 0.000000 0.000000 0.000000 0.000000 0.000000 0.000000 0.000000 0.000000 0.000000 0.000000 0.000000 0.000000 0.000000 0.000000 0.000000 0.000000
0.013060 0.389773 1.024579 -7.924364 2.666139 -6.724049 -19.434277 0.100713 -1.270176 6.664019 0.741363 0.372438 -3.329646 4.609358 10.444805 2.115081 -3.363202 0.284738 22.438682 -1.911324 -3.300031 7.256718 2.662077 12.085143 -21.528847 0.001427 3.177021 -0.219584 -3.219351 -1.523655 8.169454 -0.881027 8.568037 8.222264 -1.353691 -0.553264 -5.943523 3.544013 2.599871 10.813309 -1.502110 7.511946 15.782467 1.711843 0.624543 5.367701 24.878658 6.202790 12.705947 44.351701 -8.668418 16.899594 1.168886 -17.980804 3.334988 3.956150 -6.403300 0.000000 0.000000 0.000000 0.000000 0.000000 0.000000 0.000000 0.000000 0.000000 0.000000 0.000000 0.000000 0.000000 0.000000 0.000000 0.000000 0.000000 0.000000 0.000000 0.000000 0.000000 0.000000 0.000000 0.000000 0.000000 0.000000 0.000000 0.000000 0.000000 0.000000 0.000000 0.000000 0.000000 0.000000 0.000000 0.000000 0.000000 0.000000 0.000000 0.000000 0.000000 0.000000 -0.813720 -12.579242 3.599788 21.581339 -46.395552 31.902709 7.296282 3.012004 32.763175 -11.698443 -2.145319 4.528310 0.000000 0.000000 0.000000 0.000000 0.000000 0.000000 0.000000 0.000000 0.000000 0.000000 0.000000 0.000000 0.000000 0.000000 0.000000 0.000000 0.000000 0.000000 0.000000 0.000000 0.000000 0.000000 0.000000 0.000000 0.000000 0.000000 0.000000 0.000000 0.000000 0.000000 0.000000 0.000000 0.000000 0.000000 0.000000 0.000000 0.000000 0.000000 0.000000 0.000000 0.000000 0.000000
0.012752 0.402342 1.021482 -7.312030 2.188298 -6.945882 -20.091846 0.940842 -1.895823 10.089833 1.540869 0.757149 -2.573800 3.706124 10.937725 1.985388 -3.774967 0.293764 22.034235 -0.620751 -3.104988 10.801513 3.062058 12.480306 -21.131560 -0.338249 2.541862 -0.187106 -3.294459 -1.486542 7.113712 -0.336583 8.744254 8.440778 -1.312633 -0.481059 -5.896938 3.983027 2.648689 10.568428 -1.879891 7.519365 16.078313 1.689525 0.811870 5.590343 25.047863 6.406938 12.311528 44.056237 -8.360352 16.278307 0.956246 -17.459871 3.361471 4.233137 -6.195964 0.000000 0.000000 0.000000 0.000000 0.000000 0.000000 0.000000 0.000000 0.000000 0.000000 0.000000 0.000000 0.000000 0.000000 0.000000 0.000000 0.000000 0.000000 0.000000 0.000000 0.000000 0.000000 0.000000 0.000000 0.000000 0.000000 0.000000 0.000000 0.000000 0.000000 0.000000 0.000000 0.000000 0.000000 0.000000 0.000000 0.000000 0.000000 0.000000 0.000000 0.000000 0.000000 -0.498675 -13.103430 3.369855 22.177356 -46.572831 31.962876 7.023673 3.421967 33.071236 -11.474159 -2.434655 4.237743 0.000000 0.000000 0.000000 0.000000 0.000000 0.000000 0.000000 0.000000 0.000000 0.000000 0.000000 0.000000 0.000000 0.000000 0.000000 0.000000 0.000000 0.000000 0.000000 0.000000 0.000000 0.000000 0.000000 0.000000 0.000000 0.000000 0.000000 0.000000 0.000000 0.000000 0.000000 0.000000 0.000000 0.000000 0.000000 0.000000 0.000000 0.000000 0.000000 0.000000 0.000000 0.000000
0.012889 0.415852 1.019844 -6.568741 1.478716 -6.924816 -20.504059 2.067078 -2.565375 13.083272 2.343594 0.763919 -1.949850 2.703764 11.525299 1.813098 -4.254291 0.252488 20.856019 0.718789 -2.770618 15.448193 3.411604 12.545018 -19.018249 -0.950045 1.339031 -0.117615 -3.413163 -1.407881 6.117329 0.217642 8.757216 8.390385 -1.240848 -0.395308 -5.672317 4.450327 2.702079 10.388325 -2.113138 7.480053 16.307643 1.574894 0.912008 5.618063 24.952008 6.541650 12.020888 43.822261 -8.303134 15.669015 0.959260 -16.951747 3.363433 4.527716 -6.023999 0.000000 0.000000 0.000000 0.000000 0.000000 0.000000 0.000000 0.000000 0.000000 0.000000 0.000000 0.000000 0.000000 0.000000 0.000000 0.000000 0.000000 0.000000 0.000000 0.000000 0.000000 0.000000 0.000000 0.000000 0.000000 0.000000 0.000000 0.000000 0.000000 0.000000 0.000000 0.000000 0.000000 0.000000 0.000000 0.000000 0.000000 0.000000 0.000000 0.000000 0.000000 0.000000 -0.332167 -13.464771 3.046073 23.164746 -47.090342 32.148398 6.855003 3.601909 32.830079 -11.091225 -2.605395 4.014993 0.000000 0.000000 0.000000 0.000000 0.000000 0.000000 0.000000 0.000000 0.000000 0.000000 0.000000 0.000000 0.000000 0.000000 0.000000 0.000000 0.000000 0.000000 0.000000 0.000000 0.000000 0.000000 0.000000 0.000000 0.000000 0.000000 0.000000 0.000000 0.000000 0.000000 0.000000 0.000000 0.000000 0.000000 0.000000 0.000000 0.000000 0.000000 0.000000 0.000000 0.000000 0.000000
0.014086 0.428819 1.019766 -5.993664 0.486963 -6.590513 -20.622469 3.350469 -3.141354 15.746668 3.278467 0.789436 -1.279671 1.566952 12.495322 1.583560 -4.887547 0.160389 18.703803 2.230620 -2.407751 22.149549 3.588532 12.086821 -14.017863 -2.347384 0.049624 0.002651 -3.581183 -1.304017 5.538620 0.828970 8.572723 8.336892 -1.150767 -0.336859 -5.543066 4.985182 2.735087 10.408363 -2.230364 7.280914 16.383037 1.461025 1.171947 5.810990 24.736966 6.376755 11.614524 43.580394 -8.568553 14.872459 0.958959 -16.584533 3.549387 4.723570 -5.809281 0.000000 0.000000 0.000000 0.000000 0.000000 0.000000 0.000000 0.000000 0.000000 0.000000 0.000000 0.000000 0.000000 0.000000 0.000000 0.000000 0.000000 0.000000 0.000000 0.000000 0.000000 0.000000 0.000000 0.000000 0.000000 0.000000 0.000000 0.000000 0.000000 0.000000 0.000000 0.000000 0.000000 0.000000 0.000000 0.000000 0.000000 0.000000 0.000000 0.000000 0.000000 0.000000 0.044007 -13.754798 2.776737 24.216717 -47.894165 32.202250 6.406837 3.668830 32.299412 -10.143188 -2.492941 3.805466 0.000000 0.000000 0.000000 0.000000 0.000000 0.000000 0.000000 0.000000 0.000000 0.000000 0.000000 0.000000 0.000000 0.000000 0.000000 0.000000 0.000000 0.000000 0.000000 0.000000 0.000000 0.000000 0.000000 0.000000 0.000000 0.000000 0.000000 0.000000 0.000000 0.000000 0.000000 0.000000 0.000000 0.000000 0.000000 0.000000 0.000000 0.000000 0.000000 0.000000 0.000000 0.000000
0.016193 0.440635 1.021040 -5.599757 -0.669005 -5.928251 -20.194371 4.776745 -3.709962 17.250897 4.201547 0.419094 -1.038269 0.378171 13.431435 1.230511 -5.604125 0.035389 15.432583 3.563506 -1.699949 29.969838 3.490443 11.119596 -7.946957 -4.245606 -0.607299 0.120412 -3.916172 -1.226695 5.483462 1.395136 8.181272 7.767868 -1.010684 -0.355965 -5.034946 5.471689 2.677615 10.290358 -2.316085 7.145378 16.219712 1.466769 1.239357 5.873537 24.262173 5.924287 11.319484 43.448137 -8.998887 14.440396 0.929634 -16.338370 3.962988 4.918744 -5.678661 0.000000 0.000000 0.000000 0.000000 0.000000 0.000000 0.000000 0.000000 0.000000 0.000000 0.000000 0.000000 0.000000 0.000000 0.000000 0.000000 0.000000 0.000000 0.000000 0.000000 0.000000 0.000000 0.000000 0.000000 0.000000 0.000000 0.000000 0.000000 0.000000 0.000000 0.000000 0.000000 0.000000 0.000000 0.000000 0.000000 0.000000 0.000000 0.000000 0.000000 0.000000 0.000000 0.132142 -13.902107 2.594539 25.792465 -48.894766 32.336914 6.166723 3.625707 31.577245 -8.939560 -2.109773 3.662752 0.000000 0.000000 0.000000 0.000000 0.000000 0.000000 0.000000 0.000000 0.000000 0.000000 0.000000 0.000000 0.000000 0.000000 0.000000 0.000000 0.000000 0.000000 0.000000 0.000000 0.000000 0.000000 0.000000 0.000000 0.000000 0.000000 0.000000 0.000000 0.000000 0.000000 0.000000 0.000000 0.000000 0.000000 0.000000 0.000000 0.000000 0.000000 0.000000 0.000000 0.000000 0.000000
0.018800 0.450165 1.023382 -5.564499 -1.858406 -5.432517 -18.920567 6.209847 -4.177391 17.926393 4.942500 -0.267300 -1.255389 -0.842420 14.209311 0.850167 -6.228972 -0.083603 11.674300 4.804440 -0.960369 37.702373 3.290236 10.008562 -3.315220 -5.693799 -0.639414 0.250938 -4.363454 -1.168855 5.554723 1.967949 7.630620 7.163339 -0.899586 -0.400259 -4.437464 5.941675 2.636362 10.390611 -2.168213 7.136221 16.091714 1.505438 1.532699 5.841636 23.676800 5.380301 11.247896 43.471638 -9.924005 14.181869 0.794988 -16.260126 4.361047 5.015710 -5.681335 0.000000 0.000000 0.000000 0.000000 0.000000 0.000000 0.000000 0.000000 0.000000 0.000000 0.000000 0.000000 0.000000 0.000000 0.000000 0.000000 0.000000 0.000000 0.000000 0.000000 0.000000 0.000000 0.000000 0.000000 0.000000 0.000000 0.000000 0.000000 0.000000 0.000000 0.000000 0.000000 0.000000 0.000000 0.000000 0.000000 0.000000 0.000000 0.000000 0.000000 0.000000 0.000000 0.130199 -14.051336 2.339971 27.478056 -49.998084 32.526027 5.911925 3.643668 30.800968 -7.706043 -1.827618 3.393049 0.000000 0.000000 0.000000 0.000000 0.000000 0.000000 0.000000 0.000000 0.000000 0.000000 0.000000 0.000000 0.000000 0.000000 0.000000 0.000000 0.000000 0.000000 0.000000 0.000000 0.000000 0.000000 0.000000 0.000000 0.000000 0.000000 0.000000 0.000000 0.000000 0.000000 0.000000 0.000000 0.000000 0.000000 0.000000 0.000000 0.000000 0.000000 0.000000 0.000000 0.000000 0.000000
0.020212 0.457382 1.026689 -5.852044 -2.739119 -4.852823 -16.753791 7.432598 -4.418298 17.701490 5.154679 -1.385059 -2.046727 -1.877837 14.489867 0.517222 -6.731852 -0.158874 7.373448 5.621109 -0.238391 45.018754 2.957525 8.589254 0.178785 -6.458373 -0.891452 0.377524 -4.682175 -1.135858 5.726730 2.430594 6.861768 6.587147 -0.972449 -0.552929 -3.927325 6.323661 2.555177 10.564668 -1.899180 7.221679 15.781284 1.608593 1.838815 5.804855 23.074940 4.698392 11.431943 43.562587 -11.237747 14.138581 0.677039 -16.453476 4.711163 4.777243 -5.772105 0.000000 0.000000 0.000000 0.000000 0.000000 0.000000 0.000000 0.000000 0.000000 0.000000 0.000000 0.000000 0.000000 0.000000 0.000000 0.000000 0.000000 0.000000 0.000000 0.000000 0.000000 0.000000 0.000000 0.000000 0.000000 0.000000 0.000000 0.000000 0.000000 0.000000 0.000000 0.000000 0.000000 0.000000 0.000000 0.000000 0.000000 0.000000 0.000000 0.000000 0.000000 0.000000 0.210367 -14.341626 2.059341 28.977827 -50.873423 32.511851 5.847548 3.510266 29.929805 -6.732150 -1.694153 3.278318 0.000000 0.000000 0.000000 0.000000 0.000000 0.000000 0.000000 0.000000 0.000000 0.000000 0.000000 0.000000 0.000000 0.000000 0.000000 0.000000 0.000000 0.000000 0.000000 0.000000 0.000000 0.000000 0.000000 0.000000 0.000000 0.000000 0.000000 0.000000 0.000000 0.000000 0.000000 0.000000 0.000000 0.000000 0.000000 0.000000 0.000000 0.000000 0.000000 0.000000 0.000000 0.000000
0.021657 0.462030 1.030956 -6.461376 -3.515867 -4.411098 -13.731883 8.471745 -4.399017 16.653402 5.121870 -2.895818 -3.128959 -2.773659 14.390957 0.382132 -7.027562 -0.164586 2.804564 6.102743 0.451276 51.704608 2.651766 7.236695 1.518871 -6.213168 -1.711002 0.503422 -4.691841 -1.090827 5.956603 2.863114 5.919671 6.424103 -1.286874 -0.765759 -3.832379 6.727217 2.465738 10.911996 -1.614086 7.528851 15.406049 1.801487 2.118545 5.908751 22.643300 3.891011 11.620122 43.449845 -12.678871 14.210488 0.532722 -16.869460 5.001660 4.205762 -5.723217 0.000000 0.000000 0.000000 0.000000 0.000000 0.000000 0.000000 0.000000 0.000000 0.000000 0.000000 0.000000 0.000000 0.000000 0.000000 0.000000 0.000000 0.000000 0.000000 0.000000 0.000000 0.000000 0.000000 0.000000 0.000000 0.000000 0.000000 0.000000 0.000000 0.000000 0.000000 0.000000 0.000000 0.000000 0.000000 0.000000 0.000000 0.000000 0.000000 0.000000 0.000000 0.000000 0.511541 -14.788150 1.902302 30.036667 -51.423622 32.377544 6.034900 3.296449 28.973450 -5.761867 -1.553557 3.098739 0.000000 0.000000 0.000000 0.000000 0.000000 0.000000 0.000000 0.000000 0.000000 0.000000 0.000000 0.000000 0.000000 0.000000 0.000000 0.000000 0.000000 0.000000 0.000000 0.000000 0.000000 0.000000 0.000000 0.000000 0.000000 0.000000 0.000000 0.000000 0.000000 0.000000 0.000000 0.000000 0.000000 0.000000 0.000000 0.000000 0.000000 0.000000 0.000000 0.000000 0.000000 0.000000
0.020289 0.463985 1.035792 -7.367608 -3.692739 -3.741805 -10.055822 9.082596 -4.202423 15.345836 4.505755 -4.986251 -4.576751 -3.375805 14.180724 0.443681 -7.226635 -0.144865 -1.964169 5.875088 1.269821 57.406308 2.166880 6.056076 0.795144 -5.048278 -3.262172 0.650724 -4.492475 -1.024144 6.391953 3.162334 4.802846 6.324780 -1.830719 -1.212604 -3.921305 6.973728 2.271363 11.301673 -1.217981 7.549934 15.215520 2.093273 2.368833 6.008821 22.205466 2.962053 11.852481 43.427763 -14.526484 14.363833 0.493802 -17.004334 5.350881 3.680858 -5.544811 0.000000 0.000000 0.000000 0.000000 0.000000 0.000000 0.000000 0.000000 0.000000 0.000000 0.000000 0.000000 0.000000 0.000000 0.000000 0.000000 0.000000 0.000000 0.000000 0.000000 0.000000 0.000000 0.000000 0.000000 0.000000 0.000000 0.000000 0.000000 0.000000 0.000000 0.000000 0.000000 0.000000 0.000000 0.000000 0.000000 0.000000 0.000000 0.000000 0.000000 0.000000 0.000000 0.781163 -15.370650 1.713049 30.784547 -51.805392 32.018326 6.161878 3.026871 27.823938 -4.917881 -1.816004 2.937240 0.000000 0.000000 0.000000 0.000000 0.000000 0.000000 0.000000 0.000000 0.000000 0.000000 0.000000 0.000000 0.000000 0.000000 0.000000 0.000000 0.000000 0.000000 0.000000 0.000000 0.000000 0.000000 0.000000 0.000000 0.000000 0.000000 0.000000 0.000000 0.000000 0.000000 0.000000 0.000000 0.000000 0.000000 0.000000 0.000000 0.000000 0.000000 0.000000 0.000000 0.000000 0.000000
0.018409 0.464723 1.040807 -8.273372 -3.678813 -3.060760 -6.174747 9.324701 -3.801724 13.538440 3.918683 -6.890812 -5.942465 -3.658499 13.684715 0.607625 -7.360987 -0.090668 -6.111867 5.405691 1.964602 60.989490 1.391929 5.051406 -1.480514 -3.461367 -4.963862 0.780877 -4.245650 -0.976854 6.857975 3.311890 3.683139 6.394027 -2.463315 -1.720136 -4.036708 7.060387 1.997105 11.531135 -0.730254 7.769937 15.083957 2.513173 2.722335 6.039622 21.823845 2.050281 12.187021 43.502879 -16.453539 14.495525 0.371246 -17.285292 5.609970 3.361223 -5.379688 0.000000 0.000000 0.000000 0.000000 0.000000 0.000000 0.000000 0.000000 0.000000 0.000000 0.000000 0.000000 0.000000 0.000000 0.000000 0.000000 0.000000 0.000000 0.000000 0.000000 0.000000 0.000000 0.000000 0.000000 0.000000 0.000000 0.000000 0.000000 0.000000 0.000000 0.000000 0.000000 0.000000 0.000000 0.000000 0.000000 0.000000 0.000000 0.000000 0.000000 0.000000 0.000000 0.977129 -15.965667 1.654736 30.940383 -51.811101 31.308048 6.385982 2.619355 26.741657 -4.093765 -2.210841 2.937747 0.000000 0.000000 0.000000 0.000000 0.000000 0.000000 0.000000 0.000000 0.000000 0.000000 0.000000 0.000000 0.000000 0.000000 0.000000 0.000000 0.000000 0.000000 0.000000 0.000000 0.000000 0.000000 0.000000 0.000000 0.000000 0.000000 0.000000 0.000000 0.000000 0.000000 0.000000 0.000000 0.000000 0.000000 0.000000 0.000000 0.000000 0.000000 0.000000 0.000000 0.000000 0.000000
0.014824 0.465655 1.045479 -8.970421 -3.322950 -2.256770 -2.492873 9.213541 -3.417527 11.345151 3.146451 -8.829833 -6.911225 -3.565577 13.343768 0.755306 -7.465216 -0.072072 -10.068942 4.500351 2.744517 62.665924 0.554889 4.189166 -3.700363 -2.086538 -6.333984 0.882103 -3.934932 -0.905405 7.439531 3.191703 2.551771 6.321973 -3.046440 -2.100309 -4.155693 6.887827 1.742580 11.466012 -0.094752 7.849232 14.904702 2.775005 3.251336 6.010518 21.418803 1.215921 12.562745 43.707551 -18.617526 14.514511 0.123849 -17.753435 5.710668 2.730745 -5.365185 0.000000 0.000000 0.000000 0.000000 0.000000 0.000000 0.000000 0.000000 0.000000 0.000000 0.000000 0.000000 0.000000 0.000000 0.000000 0.000000 0.000000 0.000000 0.000000 0.000000 0.000000 0.000000 0.000000 0.000000 0.000000 0.000000 0.000000 0.000000 0.000000 0.000000 0.000000 0.000000 0.000000 0.000000 0.000000 0.000000 0.000000 0.000000 0.000000 0.000000 0.000000 0.000000 1.256361 -16.363882 1.495806 30.675906 -51.860792 30.324081 6.754395 2.386996 25.600984 -3.496480 -2.697893 3.037171 0.000000 0.000000 0.000000 0.000000 0.000000 0.000000 0.000000 0.000000 0.000000 0.000000 0.000000 0.000000 0.000000 0.000000 0.000000 0.000000 0.000000 0.000000 0.000000 0.000000 0.000000 0.000000 0.000000 0.000000 0.000000 0.000000 0.000000 0.000000 0.000000 0.000000 0.000000 0.000000 0.000000 0.000000 0.000000 0.000000 0.000000 0.000000 0.000000 0.000000 0.000000 0.000000
0.010691 0.467006 1.049536 -9.468000 -2.810583 -1.478874 1.059146 8.910847 -2.970293 8.786600 2.323203 -10.716993 -7.599493 -3.118883 13.095865 0.997187 -7.463263 -0.047927 -13.645141 3.709743 3.382994 62.472627 -0.448397 3.192622 -5.386861 -1.356529 -7.306285 1.009210 -3.522504 -0.821516 8.128775 2.965869 1.490233 6.227564 -3.622965 -2.514677 -4.343170 6.574224 1.481316 11.339343 0.522611 7.805782 14.836867 3.001782 3.798147 6.050407 20.985177 0.372547 12.836467 43.989660 -20.807791 14.425823 -0.112871 -18.263521 5.685412 2.006896 -5.405673 0.000000 0.000000 0.000000 0.000000 0.000000 0.000000 0.000000 0.000000 0.000000 0.000000 0.000000 0.000000 0.000000 0.000000 0.000000 0.000000 0.000000 0.000000 0.000000 0.000000 0.000000 0.000000 0.000000 0.000000 0.000000 0.000000 0.000000 0.000000 0.000000 0.000000 0.000000 0.000000 0.000000 0.000000 0.000000 0.000000 0.000000 0.000000 0.000000 0.000000 0.000000 0.000000 1.482022 -16.644355 1.316643 30.272696 -51.771892 29.308994 7.039709 2.044206 24.404349 -3.057420 -3.137304 3.171251 0.000000 0.000000 0.000000 0.000000 0.000000 0.000000 0.000000 0.000000 0.000000 0.000000 0.000000 0.000000 0.000000 0.000000 0.000000 0.000000 0.000000 0.000000 0.000000 0.000000 0.000000 0.000000 0.000000 0.000000 0.000000 0.000000 0.000000 0.000000 0.000000 0.000000 0.000000 0.000000 0.000000 0.000000 0.000000 0.000000 0.000000 0.000000 0.000000 0.000000 0.000000 0.000000
0.004492 0.468387 1.052524 -9.809928 -1.888371 -0.385060 4.372545 8.162990 -2.570089 6.153963 1.362206 -12.709982 -8.140651 -2.300786 13.070700 1.303580 -7.392043 -0.035997 -17.355029 2.730538 4.108991 60.047782 -1.744583 1.786563 -6.501729 -1.400446 -8.113185 1.264618 -2.912472 -0.724962 8.913715 2.359837 0.354062 6.077414 -4.199544 -2.923916 -4.694006 5.917502 1.190584 11.201561 1.342564 7.354681 14.896038 3.098711 4.211178 5.909118 20.352981 -0.490974 13.510402 44.658313 -23.552275 14.262325 -0.876871 -19.002711 5.818857 1.111191 -5.788684 0.000000 0.000000 0.000000 0.000000 0.000000 0.000000 0.000000 0.000000 0.000000 0.000000 0.000000 0.000000 0.000000 0.000000 0.000000 0.000000 0.000000 0.000000 0.000000 0.000000 0.000000 0.000000 0.000000 0.000000 0.000000 0.000000 0.000000 0.000000 0.000000 0.000000 0.000000 0.000000 0.000000 0.000000 0.000000 0.000000 0.000000 0.000000 0.000000 0.000000 0.000000 0.000000 1.861110 -16.849906 1.099384 29.385401 -51.436110 27.599425 7.550088 1.800957 23.647726 -2.553778 -3.436165 3.410531 0.000000 0.000000 0.000000 0.000000 0.000000 0.000000 0.000000 0.000000 0.000000 0.000000 0.000000 0.000000 0.000000 0.000000 0.000000 0.000000 0.000000 0.000000 0.000000 0.000000 0.000000 0.000000 0.000000 0.000000 0.000000 0.000000 0.000000 0.000000 0.000000 0.000000 0.000000 0.000000 0.000000 0.000000 0.000000 0.000000 0.000000 0.000000 0.000000 0.000000 0.000000 0.000000
0.000995 0.469806 1.054101 -10.019255 -1.347460 0.365389 6.929030 7.646407 -2.119344 4.280547 0.719465 -14.107116 -8.585150 -1.659813 13.013406 1.524780 -7.179981 -0.021816 -20.091895 1.957795 4.646554 56.062524 -2.486375 0.454079 -7.219836 -1.692043 -8.727491 1.438325 -2.412858 -0.621634 9.631949 1.911022 -0.547373 5.942004 -4.615337 -3.234265 -5.063917 5.437746 0.997027 11.050742 1.881118 6.929021 14.767896 2.938180 4.616062 5.730972 19.628814 -1.225109 14.059136 44.979495 -26.173954 13.768256 -1.305174 -19.824084 5.946270 0.545960 -6.140861 0.000000 0.000000 0.000000 0.000000 0.000000 0.000000 0.000000 0.000000 0.000000 0.000000 0.000000 0.000000 0.000000 0.000000 0.000000 0.000000 0.000000 0.000000 0.000000 0.000000 0.000000 0.000000 0.000000 0.000000 0.000000 0.000000 0.000000 0.000000 0.000000 0.000000 0.000000 0.000000 0.000000 0.000000 0.000000 0.000000 0.000000 0.000000 0.000000 0.000000 0.000000 0.000000 2.243271 -16.858876 0.839112 28.859253 -51.292554 26.496093 7.392341 1.371331 22.754742 -1.915873 -3.638444 3.628140 0.000000 0.000000 0.000000 0.000000 0.000000 0.000000 0.000000 0.000000 0.000000 0.000000 0.000000 0.000000 0.000000 0.000000 0.000000 0.000000 0.000000 0.000000 0.000000 0.000000 0.000000 0.000000 0.000000 0.000000 0.000000 0.000000 0.000000 0.000000 0.000000 0.000000 0.000000 0.000000 0.000000 0.000000 0.000000 0.000000 0.000000 0.000000 0.000000 0.000000 0.000000 0.000000
-0.001787 0.471064 1.054408 -10.182934 -0.839916 1.121484 8.858474 6.967856 -1.605078 3.300567 0.332497 -15.277207 -9.206018 -1.359755 12.818173 1.648324 -6.901492 -0.058628 -22.309372 1.366361 4.990239 50.838510 -3.079497 -0.863125 -7.126130 -2.385880 -9.069071 1.552156 -1.927072 -0.476898 10.313583 1.461636 -1.307769 5.893083 -5.011670 -3.558533 -5.590355 5.023981 0.809718 10.964635 2.334588 6.626536 14.532264 2.752464 5.096875 5.813476 19.031894 -1.934520 14.344533 45.028079 -28.507084 13.400528 -1.572558 -20.813670 5.925228 -0.046148 -6.437141 0.000000 0.000000 0.000000 0.000000 0.000000 0.000000 0.000000 0.000000 0.000000 0.000000 0.000000 0.000000 0.000000 0.000000 0.000000 0.000000 0.000000 0.000000 0.000000 0.000000 0.000000 0.000000 0.000000 0.000000 0.000000 0.000000 0.000000 0.000000 0.000000 0.000000 0.000000 0.000000 0.000000 0.000000 0.000000 0.000000 0.000000 0.000000 0.000000 0.000000 0.000000 0.000000 2.901734 -16.807297 0.457118 28.328806 -51.151355 25.394350 7.204380 0.858110 22.217817 -1.582762 -3.861910 3.706850 0.000000 0.000000 0.000000 0.000000 0.000000 0.000000 0.000000 0.000000 0.000000 0.000000 0.000000 0.000000 0.000000 0.000000 0.000000 0.000000 0.000000 0.000000 0.000000 0.000000 0.000000 0.000000 0.000000 0.000000 0.000000 0.000000 0.000000 0.000000 0.000000 0.000000 0.000000 0.000000 0.000000 0.000000 0.000000 0.000000 0.000000 0.000000 0.000000 0.000000 0.000000 0.000000
-0.002261 0.472080 1.053729 -10.373155 -0.638359 1.791883 10.552464 6.363335 -1.079427 2.572090 0.296562 -16.170553 -9.965995 -1.265958 12.396247 1.791542 -6.483232 -0.133079 -23.873204 1.146579 5.190404 43.890490 -3.284111 -2.005060 -6.449269 -3.651899 -9.205057 1.645761 -1.484576 -0.364027 10.804554 1.353134 -1.916925 5.989566 -5.495830 -3.886837 -6.378612 4.685355 0.667277 10.859681 2.727390 6.334957 14.227655 2.528094 5.537774 6.042842 18.438360 -2.621537 14.509620 44.916547 -30.522189 12.887707 -1.712890 -22.172317 5.950809 -0.526355 -6.723091 0.000000 0.000000 0.000000 0.000000 0.000000 0.000000 0.000000 0.000000 0.000000 0.000000 0.000000 0.000000 0.000000 0.000000 0.000000 0.000000 0.000000 0.000000 0.000000 0.000000 0.000000 0.000000 0.000000 0.000000 0.000000 0.000000 0.000000 0.000000 0.000000 0.000000 0.000000 0.000000 0.000000 0.000000 0.000000 0.000000 0.000000 0.000000 0.000000 0.000000 0.000000 0.000000 3.680560 -16.788603 -0.067559 28.075266 -51.073501 24.521856 6.606671 0.378636 21.516435 -1.204564 -4.208495 3.494157 0.000000 0.000000 0.000000 0.000000 0.000000 0.000000 0.000000 0.000000 0.000000 0.000000 0.000000 0.000000 0.000000 0.000000 0.000000 0.000000 0.000000 0.000000 0.000000 0.000000 0.000000 0.000000 0.000000 0.000000 0.000000 0.000000 0.000000 0.000000 0.000000 0.000000 0.000000 0.000000 0.000000 0.000000 0.000000 0.000000 0.000000 0.000000 0.000000 0.000000 0.000000 0.000000
-0.001309 0.472853 1.052201 -10.678629 -0.595165 2.498172 12.235027 5.875801 -0.634312 2.280281 0.195591 -17.080188 -11.141644 -1.409592 11.899112 1.883385 -6.095898 -0.189913 -24.659613 0.992638 5.313811 36.488648 -3.092666 -2.696901 -5.417609 -5.147115 -9.028567 1.719469 -1.088037 -0.223992 11.050786 1.386777 -2.369700 6.210186 -5.950156 -4.183034 -7.101762 4.390433 0.535773 10.883894 2.978405 6.085160 13.912244 2.281665 5.928054 6.357154 17.918588 -3.194720 14.402363 44.666988 -32.090275 12.459770 -1.736877 -23.375768 5.681360 -1.034913 -6.946438 0.000000 0.000000 0.000000 0.000000 0.000000 0.000000 0.000000 0.000000 0.000000 0.000000 0.000000 0.000000 0.000000 0.000000 0.000000 0.000000 0.000000 0.000000 0.000000 0.000000 0.000000 0.000000 0.000000 0.000000 0.000000 0.000000 0.000000 0.000000 0.000000 0.000000 0.000000 0.000000 0.000000 0.000000 0.000000 0.000000 0.000000 0.000000 0.000000 0.000000 0.000000 0.000000 4.423297 -16.807679 -0.586329 27.733185 -50.974580 23.756751 5.944588 -0.085105 20.714648 -0.998420 -4.506182 3.244440 0.000000 0.000000 0.000000 0.000000 0.000000 0.000000 0.000000 0.000000 0.000000 0.000000 0.000000 0.000000 0.000000 0.000000 0.000000 0.000000 0.000000 0.000000 0.000000 0.000000 0.000000 0.000000 0.000000 0.000000 0.000000 0.000000 0.000000 0.000000 0.000000 0.000000 0.000000 0.000000 0.000000 0.000000 0.000000 0.000000 0.000000 0.000000 0.000000 0.000000 0.000000 0.000000
0.000346 0.474160 1.049995 -10.950129 -0.609952 3.220829 13.767410 5.334825 -0.159584 2.313434 0.115891 -17.930731 -12.695132 -1.616468 11.139608 1.917855 -5.697561 -0.238598 -24.664930 0.871167 5.123686 28.342395 -2.691264 -3.173415 -4.289984 -6.697381 -8.829939 1.779422 -0.752258 -0.153681 11.068028 1.518538 -2.675975 6.419481 -6.357428 -4.464797 -7.574189 4.104480 0.384336 10.811792 3.119492 5.724514 13.802772 1.981068 6.366898 6.600020 17.557752 -3.680496 14.084484 44.446171 -33.203165 12.142988 -1.802265 -24.346576 5.499925 -1.549476 -7.205947 0.000000 0.000000 0.000000 0.000000 0.000000 0.000000 0.000000 0.000000 0.000000 0.000000 0.000000 0.000000 0.000000 0.000000 0.000000 0.000000 0.000000 0.000000 0.000000 0.000000 0.000000 0.000000 0.000000 0.000000 0.000000 0.000000 0.000000 0.000000 0.000000 0.000000 0.000000 0.000000 0.000000 0.000000 0.000000 0.000000 0.000000 0.000000 0.000000 0.000000 0.000000 0.000000 4.924280 -16.849328 -1.074572 27.379536 -50.871637 23.028504 5.447617 -0.279416 20.165545 -0.699894 -4.901357 3.081814 0.000000 0.000000 0.000000 0.000000 0.000000 0.000000 0.000000 0.000000 0.000000 0.000000 0.000000 0.000000 0.000000 0.000000 0.000000 0.000000 0.000000 0.000000 0.000000 0.000000 0.000000 0.000000 0.000000 0.000000 0.000000 0.000000 0.000000 0.000000 0.000000 0.000000 0.000000 0.000000 0.000000 0.000000 0.000000 0.000000 0.000000 0.000000 0.000000 0.000000 0.000000 0.000000
0.002102 0.475884 1.047296 -11.240230 -0.585088 3.826553 15.328796 4.813337 0.268831 2.597969 -0.131369 -18.818363 -14.613639 -1.871383 10.284405 1.928253 -5.330262 -0.247001 -24.179984 0.689386 4.850563 20.495457 -1.948872 -3.368001 -3.313583 -8.186187 -8.737911 1.835723 -0.439680 -0.122645 10.954488 1.661977 -2.900024 6.590245 -6.693029 -4.671521 -7.830504 3.896549 0.220759 10.662829 3.177923 5.269794 13.686924 1.644991 6.784005 6.761040 17.382764 -3.995535 13.552431 44.207994 -33.799620 11.855173 -1.896604 -25.214450 5.387639 -2.038007 -7.446460 0.000000 0.000000 0.000000 0.000000 0.000000 0.000000 0.000000 0.000000 0.000000 0.000000 0.000000 0.000000 0.000000 0.000000 0.000000 0.000000 0.000000 0.000000 0.000000 0.000000 0.000000 0.000000 0.000000 0.000000 0.000000 0.000000 0.000000 0.000000 0.000000 0.000000 0.000000 0.000000 0.000000 0.000000 0.000000 0.000000 0.000000 0.000000 0.000000 0.000000 0.000000 0.000000 5.267289 -16.972368 -1.415948 27.113299 -50.720527 22.447460 5.061836 -0.355088 19.635946 -0.262831 -5.238966 2.990638 0.000000 0.000000 0.000000 0.000000 0.000000 0.000000 0.000000 0.000000 0.000000 0.000000 0.000000 0.000000 0.000000 0.000000 0.000000 0.000000 0.000000 0.000000 0.000000 0.000000 0.000000 0.000000 0.000000 0.000000 0.000000 0.000000 0.000000 0.000000 0.000000 0.000000 0.000000 0.000000 0.000000 0.000000 0.000000 0.000000 0.000000 0.000000 0.000000 0.000000 0.000000 0.000000
0.005451 0.478110 1.044358 -11.596974 -0.756859 4.433586 16.916869 4.366805 0.631659 3.194870 -0.399456 -19.632223 -16.766802 -2.077466 9.120587 1.982362 -4.958299 -0.219383 -23.062784 0.604430 4.507026 12.345059 -0.788674 -3.163779 -2.526854 -9.672293 -8.707257 1.952538 -0.266684 -0.192621 10.626964 1.806380 -3.113236 6.440834 -6.820380 -4.859215 -7.471143 3.714884 -0.035697 10.369641 3.097336 4.796382 13.660588 1.332053 7.365897 6.491937 17.294594 -4.146789 13.036856 44.083287 -34.040033 11.583540 -2.001939 -25.672256 5.489196 -2.432181 -7.645450 0.000000 0.000000 0.000000 0.000000 0.000000 0.000000 0.000000 0.000000 0.000000 0.000000 0.000000 0.000000 0.000000 0.000000 0.000000 0.000000 0.000000 0.000000 0.000000 0.000000 0.000000 0.000000 0.000000 0.000000 0.000000 0.000000 0.000000 0.000000 0.000000 0.000000 0.000000 0.000000 0.000000 0.000000 0.000000 0.000000 0.000000 0.000000 0.000000 0.000000 0.000000 0.000000 5.158182 -17.118553 -1.804411 27.164028 -50.649390 22.004608 4.622122 -0.445671 19.075416 0.312437 -5.602068 2.996197 0.000000 0.000000 0.000000 0.000000 0.000000 0.000000 0.000000 0.000000 0.000000 0.000000 0.000000 0.000000 0.000000 0.000000 0.000000 0.000000 0.000000 0.000000 0.000000 0.000000 0.000000 0.000000 0.000000 0.000000 0.000000 0.000000 0.000000 0.000000 0.000000 0.000000 0.000000 0.000000 0.000000 0.000000 0.000000 0.000000 0.000000 0.000000 0.000000 0.000000 0.000000 0.000000
0.008185 0.483048 1.040968 -11.750090 -0.766787 4.990469 18.366116 3.899284 1.019168 3.824169 -0.842130 -20.480657 -18.967870 -2.243113 8.177494 1.984595 -4.610634 -0.221367 -22.500567 0.513416 4.171384 7.039223 -0.061711 -3.039784 -2.099232 -10.784478 -8.642336 2.011453 -0.027133 -0.206710 10.360163 1.949069 -3.338666 6.370132 -6.962915 -5.051575 -7.365050 3.558637 -0.254471 10.277300 3.052351 4.465015 13.540651 0.996434 7.800269 6.427132 17.305200 -4.269466 12.518409 43.906032 -34.076200 11.451565 -2.147427 -26.127951 5.559880 -2.812297 -7.726492 0.000000 0.000000 0.000000 0.000000 0.000000 0.000000 0.000000 0.000000 0.000000 0.000000 0.000000 0.000000 0.000000 0.000000 0.000000 0.000000 0.000000 0.000000 0.000000 0.000000 0.000000 0.000000 0.000000 0.000000 0.000000 0.000000 0.000000 0.000000 0.000000 0.000000 0.000000 0.000000 0.000000 0.000000 0.000000 0.000000 0.000000 0.000000 0.000000 0.000000 0.000000 0.000000 5.171451 -17.251520 -2.084426 26.993745 -50.564601 21.507965 4.568701 -0.457162 18.634581 0.759587 -5.839077 3.029126 0.000000 0.000000 0.000000 0.000000 0.000000 0.000000 0.000000 0.000000 0.000000 0.000000 0.000000 0.000000 0.000000 0.000000 0.000000 0.000000 0.000000 0.000000 0.000000 0.000000 0.000000 0.000000 0.000000 0.000000 0.000000 0.000000 0.000000 0.000000 0.000000 0.000000 0.000000 0.000000 0.000000 0.000000 0.000000 0.000000 0.000000 0.000000 0.000000 0.000000 0.000000 0.000000
0.010395 0.492288 1.036965 -11.487168 -0.640735 5.588382 19.737441 3.295625 1.515334 4.281392 -1.167877 -21.210494 -20.971069 -2.367500 7.338171 1.896621 -4.416507 -0.271088 -22.316006 0.350682 3.884192 4.073529 0.333653 -2.839632 -2.147144 -11.238628 -8.682585 1.993556 0.107529 -0.164018 10.040573 1.990644 -3.590509 6.263246 -7.116594 -5.214545 -7.234853 3.511723 -0.477344 10.052682 2.848755 4.311593 13.350569 0.800387 8.114750 6.358458 17.385510 -4.368756 12.048324 43.728800 -33.838085 11.437955 -2.356558 -26.505124 5.826120 -2.955947 -7.664102 0.000000 0.000000 0.000000 0.000000 0.000000 0.000000 0.000000 0.000000 0.000000 0.000000 0.000000 0.000000 0.000000 0.000000 0.000000 0.000000 0.000000 0.000000 0.000000 0.000000 0.000000 0.000000 0.000000 0.000000 0.000000 0.000000 0.000000 0.000000 0.000000 0.000000 0.000000 0.000000 0.000000 0.000000 0.000000 0.000000 0.000000 0.000000 0.000000 0.000000 0.000000 0.000000 5.146486 -17.553441 -2.322599 26.790120 -50.329486 20.980972 4.462414 -0.495902 18.153494 1.085392 -6.004992 2.984214 0.000000 0.000000 0.000000 0.000000 0.000000 0.000000 0.000000 0.000000 0.000000 0.000000 0.000000 0.000000 0.000000 0.000000 0.000000 0.000000 0.000000 0.000000 0.000000 0.000000 0.000000 0.000000 0.000000 0.000000 0.000000 0.000000 0.000000 0.000000 0.000000 0.000000 0.000000 0.000000 0.000000 0.000000 0.000000 0.000000 0.000000 0.000000 0.000000 0.000000 0.000000 0.000000
0.013010 0.505196 1.032837 -10.961310 -0.541550 6.275012 20.674948 2.544274 1.791089 5.621198 -1.466897 -21.910450 -22.786437 -2.285768 6.584248 1.765023 -4.501123 -0.298649 -22.742657 0.067235 4.040913 4.600329 0.194454 -2.494779 -1.986756 -11.039451 -8.748793 1.930907 0.243998 -0.073541 9.619544 1.771393 -3.863269 6.250672 -7.245906 -5.314465 -7.150068 3.536959 -0.682191 9.934198 2.678130 4.176575 13.396460 0.841150 8.255064 6.508086 17.696790 -4.378353 11.747248 43.581257 -33.576533 11.522600 -2.621640 -26.838084 6.045631 -3.003789 -7.740098 0.000000 0.000000 0.000000 0.000000 0.000000 0.000000 0.000000 0.000000 0.000000 0.000000 0.000000 0.000000 0.000000 0.000000 0.000000 0.000000 0.000000 0.000000 0.000000 0.000000 0.000000 0.000000 0.000000 0.000000 0.000000 0.000000 0.000000 0.000000 0.000000 0.000000 0.000000 0.000000 0.000000 0.000000 0.000000 0.000000 0.000000 0.000000 0.000000 0.000000 0.000000 0.000000 5.219548 -17.988897 -2.471534 26.514381 -50.064923 20.450274 4.477657 -0.526062 17.688297 1.175814 -6.191302 2.948697 0.000000 0.000000 0.000000 0.000000 0.000000 0.000000 0.000000 0.000000 0.000000 0.000000 0.000000 0.000000 0.000000 0.000000 0.000000 0.000000 0.000000 0.000000 0.000000 0.000000 0.000000 0.000000 0.000000 0.000000 0.000000 0.000000 0.000000 0.000000 0.000000 0.000000 0.000000 0.000000 0.000000 0.000000 0.000000 0.000000 0.000000 0.000000 0.000000 0.000000 0.000000 0.000000
0.013387 0.521548 1.028860 -10.104969 -0.013289 6.921773 21.276205 1.534211 2.033393 7.644658 -1.894166 -22.489168 -24.133836 -2.423413 6.442697 1.523547 -4.794531 -0.338772 -23.601759 -0.664127 4.261167 7.554382 -0.442643 -2.395530 -1.721500 -10.165962 -8.914861 1.806246 0.278858 0.033954 9.026778 1.227460 -4.107134 6.206735 -7.320736 -5.445077 -7.013404 3.624943 -0.881954 9.946036 2.473075 4.296326 13.363693 1.142152 8.398576 6.602065 17.970229 -4.342186 11.630603 43.610698 -33.151970 11.597312 -2.949695 -27.173388 6.222992 -2.927006 -7.823968 0.000000 0.000000 0.000000 0.000000 0.000000 0.000000 0.000000 0.000000 0.000000 0.000000 0.000000 0.000000 0.000000 0.000000 0.000000 0.000000 0.000000 0.000000 0.000000 0.000000 0.000000 0.000000 0.000000 0.000000 0.000000 0.000000 0.000000 0.000000 0.000000 0.000000 0.000000 0.000000 0.000000 0.000000 0.000000 0.000000 0.000000 0.000000 0.000000 0.000000 0.000000 0.000000 5.189176 -18.392947 -2.579961 26.189207 -49.781597 19.858182 4.830078 -0.402251 17.485278 1.333246 -6.338307 2.895144 0.000000 0.000000 0.000000 0.000000 0.000000 0.000000 0.000000 0.000000 0.000000 0.000000 0.000000 0.000000 0.000000 0.000000 0.000000 0.000000 0.000000 0.000000 0.000000 0.000000 0.000000 0.000000 0.000000 0.000000 0.000000 0.000000 0.000000 0.000000 0.000000 0.000000 0.000000 0.000000 0.000000 0.000000 0.000000 0.000000 0.000000 0.000000 0.000000 0.000000 0.000000 0.000000
0.014508 0.539907 1.025677 -9.081613 0.462260 7.490696 21.417551 0.503384 2.138025 10.402787 -2.327090 -22.935538 -24.444890 -2.094879 6.581548 1.329509 -5.074932 -0.358066 -24.780202 -1.432956 4.763096 12.114690 -1.196861 -2.101682 -1.477558 -9.053205 -8.959596 1.664164 0.326289 0.174147 8.335971 0.522512 -4.400984 6.085027 -7.314035 -5.554879 -6.821676 3.716396 -1.006858 9.972823 2.467785 4.566843 13.330066 1.556287 8.665133 6.818271 18.486391 -4.137859 11.666918 43.716569 -32.571889 11.658423 -3.354794 -27.283803 5.956515 -2.765639 -7.968095 0.000000 0.000000 0.000000 0.000000 0.000000 0.000000 0.000000 0.000000 0.000000 0.000000 0.000000 0.000000 0.000000 0.000000 0.000000 0.000000 0.000000 0.000000 0.000000 0.000000 0.000000 0.000000 0.000000 0.000000 0.000000 0.000000 0.000000 0.000000 0.000000 0.000000 0.000000 0.000000 0.000000 0.000000 0.000000 0.000000 0.000000 0.000000 0.000000 0.000000 0.000000 0.000000 5.213370 -18.853600 -2.697076 25.757275 -49.454260 19.297448 5.339853 -0.193308 17.207169 1.205949 -6.466418 2.839097 0.000000 0.000000 0.000000 0.000000 0.000000 0.000000 0.000000 0.000000 0.000000 0.000000 0.000000 0.000000 0.000000 0.000000 0.000000 0.000000 0.000000 0.000000 0.000000 0.000000 0.000000 0.000000 0.000000 0.000000 0.000000 0.000000 0.000000 0.000000 0.000000 0.000000 0.000000 0.000000 0.000000 0.000000 0.000000 0.000000 0.000000 0.000000 0.000000 0.000000 0.000000 0.000000
0.014626 0.558178 1.023942 -8.096229 1.184444 7.817784 20.804099 -0.741428 2.266025 14.862460 -2.836569 -23.003894 -23.321016 -1.161169 6.926365 1.203688 -5.390756 -0.390622 -25.726982 -2.479142 5.222722 17.128349 -2.021551 -1.954607 -1.169051 -7.666795 -8.798729 1.594836 0.234354 0.270550 7.693341 -0.315674 -4.644742 5.771036 -7.262529 -5.605284 -6.371182 3.734063 -1.131797 9.974149 2.351415 4.955662 13.384505 2.081094 8.809042 6.916583 18.878957 -3.818582 11.843817 44.024222 -31.847239 11.861812 -3.680016 -27.290973 5.434724 -2.543801 -8.149002 0.000000 0.000000 0.000000 0.000000 0.000000 0.000000 0.000000 0.000000 0.000000 0.000000 0.000000 0.000000 0.000000 0.000000 0.000000 0.000000 0.000000 0.000000 0.000000 0.000000 0.000000 0.000000 0.000000 0.000000 0.000000 0.000000 0.000000 0.000000 0.000000 0.000000 0.000000 0.000000 0.000000 0.000000 0.000000 0.000000 0.000000 0.000000 0.000000 0.000000 0.000000 0.000000 5.052833 -19.115405 -2.745383 25.407994 -49.159807 19.016172 6.015373 -0.112466 16.923307 0.980693 -6.395250 2.755777 0.000000 0.000000 0.000000 0.000000 0.000000 0.000000 0.000000 0.000000 0.000000 0.000000 0.000000 0.000000 0.000000 0.000000 0.000000 0.000000 0.000000 0.000000 0.000000 0.000000 0.000000 0.000000 0.000000 0.000000 0.000000 0.000000 0.000000 0.000000 0.000000 0.000000 0.000000 0.000000 0.000000 0.000000 0.000000 0.000000 0.000000 0.000000 0.000000 0.000000 0.000000 0.000000
0.015466 0.574404 1.024162 -7.336328 1.849982 7.817017 20.115162 -1.822133 2.363320 19.758065 -3.155906 -22.671488 -19.526046 0.778227 7.796156 1.239732 -5.601733 -0.374954 -26.314412 -3.560706 5.575006 21.281941 -2.728233 -1.854665 -0.958877 -6.133175 -8.809011 1.556800 0.049762 0.294576 7.255515 -1.147139 -4.897208 5.480876 -7.152817 -5.597860 -5.956615 3.696682 -1.202755 9.978633 2.302061 5.395604 13.510657 2.496573 8.981421 6.982757 19.295967 -3.438536 12.106771 44.542535 -30.874589 12.105729 -3.973717 -27.022157 4.713343 -2.072641 -8.319581 0.000000 0.000000 0.000000 0.000000 0.000000 0.000000 0.000000 0.000000 0.000000 0.000000 0.000000 0.000000 0.000000 0.000000 0.000000 0.000000 0.000000 0.000000 0.000000 0.000000 0.000000 0.000000 0.000000 0.000000 0.000000 0.000000 0.000000 0.000000 0.000000 0.000000 0.000000 0.000000 0.000000 0.000000 0.000000 0.000000 0.000000 0.000000 0.000000 0.000000 0.000000 0.000000 4.946425 -19.214081 -2.595213 25.119573 -48.940694 18.962022 6.629328 0.082919 16.717180 0.476728 -6.321912 2.684892 0.000000 0.000000 0.000000 0.000000 0.000000 0.000000 0.000000 0.000000 0.000000 0.000000 0.000000 0.000000 0.000000 0.000000 0.000000 0.000000 0.000000 0.000000 0.000000 0.000000 0.000000 0.000000 0.000000 0.000000 0.000000 0.000000 0.000000 0.000000 0.000000 0.000000 0.000000 0.000000 0.000000 0.000000 0.000000 0.000000 0.000000 0.000000 0.000000 0.000000 0.000000 0.000000
0.015399 0.589153 1.026011 -6.698458 2.658837 7.599212 18.296676 -3.073383 2.373626 26.076514 -3.418226 -22.183597 -13.854951 3.525277 7.710891 1.487076 -5.387014 -0.381050 -26.229098 -4.901431 5.702282 23.539172 -3.207540 -1.939305 -0.480963 -4.690342 -8.643025 1.508458 0.028810 0.298604 7.000957 -1.891247 -5.040441 5.469560 -7.216857 -5.545427 -6.086588 3.514965 -1.279461 10.166751 2.345399 5.648248 13.728625 2.774387 9.275536 7.294145 19.756531 -2.953979 12.391231 45.110173 -29.760362 12.628640 -4.163188 -26.492763 4.185902 -1.264807 -8.212780 0.000000 0.000000 0.000000 0.000000 0.000000 0.000000 0.000000 0.000000 0.000000 0.000000 0.000000 0.000000 0.000000 0.000000 0.000000 0.000000 0.000000 0.000000 0.000000 0.000000 0.000000 0.000000 0.000000 0.000000 0.000000 0.000000 0.000000 0.000000 0.000000 0.000000 0.000000 0.000000 0.000000 0.000000 0.000000 0.000000 0.000000 0.000000 0.000000 0.000000 0.000000 0.000000 5.099702 -19.109117 -2.490613 24.598101 -48.697609 18.992235 7.370387 0.193984 16.695678 -0.542795 -6.224707 2.501147 0.000000 0.000000 0.000000 0.000000 0.000000 0.000000 0.000000 0.000000 0.000000 0.000000 0.000000 0.000000 0.000000 0.000000 0.000000 0.000000 0.000000 0.000000 0.000000 0.000000 0.000000 0.000000 0.000000 0.000000 0.000000 0.000000 0.000000 0.000000 0.000000 0.000000 0.000000 0.000000 0.000000 0.000000 0.000000 0.000000 0.000000 0.000000 0.000000 0.000000 0.000000 0.000000
0.015119 0.600975 1.029191 -6.331928 3.402161 7.219749 15.662588 -4.186515 2.126920 32.751431 -3.467227 -20.845426 -8.233456 6.039315 7.107110 1.724341 -5.156324 -0.320784 -25.605377 -6.205963 5.720013 24.777102 -3.531678 -2.075547 -0.885816 -3.076995 -8.105305 1.456379 -0.169616 0.227553 6.898826 -2.760107 -5.022981 5.175824 -6.984335 -5.427125 -5.729921 3.280038 -1.337333 9.969854 2.249117 5.961733 13.814024 2.898241 9.474654 7.080367 20.009995 -2.547007 12.844926 45.850770 -28.886650 13.334537 -4.258279 -25.793816 3.777951 -0.463557 -7.985296 0.000000 0.000000 0.000000 0.000000 0.000000 0.000000 0.000000 0.000000 0.000000 0.000000 0.000000 0.000000 0.000000 0.000000 0.000000 0.000000 0.000000 0.000000 0.000000 0.000000 0.000000 0.000000 0.000000 0.000000 0.000000 0.000000 0.000000 0.000000 0.000000 0.000000 0.000000 0.000000 0.000000 0.000000 0.000000 0.000000 0.000000 0.000000 0.000000 0.000000 0.000000 0.000000 4.938339 -18.808448 -2.230695 24.386770 -48.602343 19.253798 8.113435 0.373812 16.782454 -1.608066 -6.092617 2.194010 0.000000 0.000000 0.000000 0.000000 0.000000 0.000000 0.000000 0.000000 0.000000 0.000000 0.000000 0.000000 0.000000 0.000000 0.000000 0.000000 0.000000 0.000000 0.000000 0.000000 0.000000 0.000000 0.000000 0.000000 0.000000 0.000000 0.000000 0.000000 0.000000 0.000000 0.000000 0.000000 0.000000 0.000000 0.000000 0.000000 0.000000 0.000000 0.000000 0.000000 0.000000 0.000000
0.014258 0.610070 1.033476 -6.244944 4.091458 6.735012 12.285179 -5.206316 1.822194 39.644378 -3.311795 -18.640812 -2.790215 7.987544 6.527275 1.900035 -4.874177 -0.264639 -24.073023 -7.471872 5.570593 25.233144 -3.728893 -2.151083 -1.900776 -1.291338 -7.360888 1.370065 -0.385018 0.117145 7.040776 -3.572045 -4.745766 4.846888 -6.691123 -5.345305 -5.308715 2.973175 -1.376312 9.471237 2.081293 6.116553 13.803855 2.949580 9.772684 6.773493 20.263088 -2.226760 13.339219 46.590499 -28.077666 14.417272 -4.190128 -24.753123 3.573146 0.267500 -7.683858 0.000000 0.000000 0.000000 0.000000 0.000000 0.000000 0.000000 0.000000 0.000000 0.000000 0.000000 0.000000 0.000000 0.000000 0.000000 0.000000 0.000000 0.000000 0.000000 0.000000 0.000000 0.000000 0.000000 0.000000 0.000000 0.000000 0.000000 0.000000 0.000000 0.000000 0.000000 0.000000 0.000000 0.000000 0.000000 0.000000 0.000000 0.000000 0.000000 0.000000 0.000000 0.000000 4.552836 -18.451126 -1.985375 24.311212 -48.452299 19.673873 8.579425 0.465549 17.056101 -2.739865 -5.865717 2.005348 0.000000 0.000000 0.000000 0.000000 0.000000 0.000000 0.000000 0.000000 0.000000 0.000000 0.000000 0.000000 0.000000 0.000000 0.000000 0.000000 0.000000 0.000000 0.000000 0.000000 0.000000 0.000000 0.000000 0.000000 0.000000 0.000000 0.000000 0.000000 0.000000 0.000000 0.000000 0.000000 0.000000 0.000000 0.000000 0.000000 0.000000 0.000000 0.000000 0.000000 0.000000 0.000000
0.013366 0.615731 1.038955 -6.525716 4.617910 6.145041 8.580877 -5.847080 1.316088 45.943235 -2.957324 -15.976853 0.825354 8.738124 6.582019 1.898265 -4.719631 -0.214583 -21.740658 -8.591392 5.315767 25.303355 -3.783911 -2.017621 -3.194532 0.396441 -6.623912 1.244011 -0.658961 0.004486 7.537321 -4.301434 -4.147171 4.351005 -6.264932 -5.187290 -4.596670 2.673536 -1.394899 8.911959 1.897015 6.270879 13.830992 3.031227 9.906924 6.300366 20.500443 -1.843832 13.654981 47.223228 -27.035049 15.573153 -4.120697 -24.278771 3.296080 0.988526 -7.248452 0.000000 0.000000 0.000000 0.000000 0.000000 0.000000 0.000000 0.000000 0.000000 0.000000 0.000000 0.000000 0.000000 0.000000 0.000000 0.000000 0.000000 0.000000 0.000000 0.000000 0.000000 0.000000 0.000000 0.000000 0.000000 0.000000 0.000000 0.000000 0.000000 0.000000 0.000000 0.000000 0.000000 0.000000 0.000000 0.000000 0.000000 0.000000 0.000000 0.000000 0.000000 0.000000 3.913090 -18.115965 -1.669015 24.113305 -48.318532 19.982681 8.964023 0.577085 17.591842 -3.436919 -5.443974 1.788316 0.000000 0.000000 0.000000 0.000000 0.000000 0.000000 0.000000 0.000000 0.000000 0.000000 0.000000 0.000000 0.000000 0.000000 0.000000 0.000000 0.000000 0.000000 0.000000 0.000000 0.000000 0.000000 0.000000 0.000000 0.000000 0.000000 0.000000 0.000000 0.000000 0.000000 0.000000 0.000000 0.000000 0.000000 0.000000 0.000000 0.000000 0.000000 0.000000 0.000000 0.000000 0.000000
0.012885 0.619174 1.045528 -7.010279 4.911164 5.381077 4.525453 -6.030445 0.575104 51.327323 -2.641786 -13.663743 1.561832 8.186130 7.327012 1.810130 -4.722101 -0.252321 -18.710062 -9.591243 5.044975 24.243880 -3.335899 -1.568465 -4.276179 1.560971 -6.189480 1.124512 -0.912288 -0.088973 8.365168 -4.762411 -3.295674 3.968097 -5.887432 -5.022073 -4.171346 2.377825 -1.382478 8.423169 1.722800 6.128457 13.756481 3.089221 9.927116 6.001765 20.789842 -1.536135 13.813211 47.698751 -25.945075 16.874895 -3.893692 -23.548270 3.066097 1.451177 -6.826445 0.000000 0.000000 0.000000 0.000000 0.000000 0.000000 0.000000 0.000000 0.000000 0.000000 0.000000 0.000000 0.000000 0.000000 0.000000 0.000000 0.000000 0.000000 0.000000 0.000000 0.000000 0.000000 0.000000 0.000000 0.000000 0.000000 0.000000 0.000000 0.000000 0.000000 0.000000 0.000000 0.000000 0.000000 0.000000 0.000000 0.000000 0.000000 0.000000 0.000000 0.000000 0.000000 3.306862 -17.666636 -1.329184 23.887046 -48.266198 20.350119 9.290663 0.796328 18.449848 -4.098390 -4.990421 1.691551 0.000000 0.000000 0.000000 0.000000 0.000000 0.000000 0.000000 0.000000 0.000000 0.000000 0.000000 0.000000 0.000000 0.000000 0.000000 0.000000 0.000000 0.000000 0.000000 0.000000 0.000000 0.000000 0.000000 0.000000 0.000000 0.000000 0.000000 0.000000 0.000000 0.000000 0.000000 0.000000 0.000000 0.000000 0.000000 0.000000 0.000000 0.000000 0.000000 0.000000 0.000000 0.000000
0.013364 0.620596 1.053059 -7.689744 4.908509 4.444754 0.483710 -5.536375 -0.371020 55.387376 -1.928884 -11.620988 0.539630 6.985269 8.396770 1.707005 -4.666403 -0.289379 -15.235541 -10.183239 4.724049 22.262095 -2.475704 -0.816079 -4.906658 2.001584 -5.785983 0.993183 -1.249750 -0.198592 9.148321 -4.798462 -2.207732 3.639128 -5.460293 -4.752849 -3.782448 2.199284 -1.262502 8.319728 1.584222 5.929429 13.749496 3.033141 9.640225 5.674881 21.065779 -1.144809 14.093874 48.008064 -24.903395 17.884019 -3.675034 -23.158270 2.662909 1.863411 -6.496141 0.000000 0.000000 0.000000 0.000000 0.000000 0.000000 0.000000 0.000000 0.000000 0.000000 0.000000 0.000000 0.000000 0.000000 0.000000 0.000000 0.000000 0.000000 0.000000 0.000000 0.000000 0.000000 0.000000 0.000000 0.000000 0.000000 0.000000 0.000000 0.000000 0.000000 0.000000 0.000000 0.000000 0.000000 0.000000 0.000000 0.000000 0.000000 0.000000 0.000000 0.000000 0.000000 2.663662 -17.210664 -0.958581 23.894344 -48.441978 20.843431 9.385020 1.035300 19.597073 -4.628723 -4.568786 1.588077 0.000000 0.000000 0.000000 0.000000 0.000000 0.000000 0.000000 0.000000 0.000000 0.000000 0.000000 0.000000 0.000000 0.000000 0.000000 0.000000 0.000000 0.000000 0.000000 0.000000 0.000000 0.000000 0.000000 0.000000 0.000000 0.000000 0.000000 0.000000 0.000000 0.000000 0.000000 0.000000 0.000000 0.000000 0.000000 0.000000 0.000000 0.000000 0.000000 0.000000 0.000000 0.000000
0.014777 0.621704 1.060838 -8.349460 4.635015 3.366615 -3.549198 -4.869540 -1.264921 58.194547 -1.007559 -9.900625 -1.258731 5.513242 9.430910 1.567488 -4.647728 -0.342421 -11.430078 -10.405594 4.278374 19.488756 -1.352785 0.124086 -5.347375 2.056004 -5.403092 0.813119 -1.600888 -0.331093 9.923688 -4.577615 -0.897921 3.549894 -5.022099 -4.461041 -3.713650 2.143757 -1.047421 8.468046 1.430446 5.773534 13.800535 2.883873 9.501503 5.582600 21.364578 -0.731409 14.096398 48.049170 -23.631714 18.668474 -3.350005 -22.720611 2.149143 2.413416 -6.371084 0.000000 0.000000 0.000000 0.000000 0.000000 0.000000 0.000000 0.000000 0.000000 0.000000 0.000000 0.000000 0.000000 0.000000 0.000000 0.000000 0.000000 0.000000 0.000000 0.000000 0.000000 0.000000 0.000000 0.000000 0.000000 0.000000 0.000000 0.000000 0.000000 0.000000 0.000000 0.000000 0.000000 0.000000 0.000000 0.000000 0.000000 0.000000 0.000000 0.000000 0.000000 0.000000 2.273176 -16.704895 -0.547484 23.982384 -48.650697 21.521823 9.533045 1.430712 21.042940 -5.026033 -4.172740 1.663181 0.000000 0.000000 0.000000 0.000000 0.000000 0.000000 0.000000 0.000000 0.000000 0.000000 0.000000 0.000000 0.000000 0.000000 0.000000 0.000000 0.000000 0.000000 0.000000 0.000000 0.000000 0.000000 0.000000 0.000000 0.000000 0.000000 0.000000 0.000000 0.000000 0.000000 0.000000 0.000000 0.000000 0.000000 0.000000 0.000000 0.000000 0.000000 0.000000 0.000000 0.000000 0.000000
0.016961 0.622888 1.068079 -8.901958 4.211743 2.408082 -7.765808 -4.097341 -2.061836 59.864599 0.004556 -8.463220 -2.961960 3.992815 10.214025 1.516696 -4.394643 -0.428746 -7.321789 -10.203723 3.711918 15.905876 -0.381181 1.219985 -5.551387 1.819939 -4.944104 0.610286 -1.800482 -0.470139 10.268729 -4.080405 0.563424 3.833856 -4.758744 -4.153779 -4.224312 2.194900 -0.713353 9.182979 1.260676 5.661867 13.768144 2.523148 9.101530 5.841185 21.649935 -0.297039 14.103412 47.806031 -22.368467 19.285568 -2.791029 -22.406581 1.797878 2.935932 -6.401859 0.000000 0.000000 0.000000 0.000000 0.000000 0.000000 0.000000 0.000000 0.000000 0.000000 0.000000 0.000000 0.000000 0.000000 0.000000 0.000000 0.000000 0.000000 0.000000 0.000000 0.000000 0.000000 0.000000 0.000000 0.000000 0.000000 0.000000 0.000000 0.000000 0.000000 0.000000 0.000000 0.000000 0.000000 0.000000 0.000000 0.000000 0.000000 0.000000 0.000000 0.000000 0.000000 2.312648 -16.243752 -0.258343 23.763795 -48.821397 22.077142 9.404918 1.649648 22.365831 -5.626605 -3.992520 1.812051 0.000000 0.000000 0.000000 0.000000 0.000000 0.000000 0.000000 0.000000 0.000000 0.000000 0.000000 0.000000 0.000000 0.000000 0.000000 0.000000 0.000000 0.000000 0.000000 0.000000 0.000000 0.000000 0.000000 0.000000 0.000000 0.000000 0.000000 0.000000 0.000000 0.000000 0.000000 0.000000 0.000000 0.000000 0.000000 0.000000 0.000000 0.000000 0.000000 0.000000 0.000000 0.000000
0.021382 0.625531 1.073711 -9.143650 3.427748 1.239022 -11.465352 -3.225515 -2.760986 59.221233 1.379335 -7.419553 -4.823364 2.629210 10.586719 1.450042 -4.006801 -0.493996 -3.163745 -9.373636 2.902695 11.862779 0.394173 2.342450 -5.760796 1.301879 -4.251098 0.317581 -2.129004 -0.650045 10.498096 -3.317803 1.979296 4.017454 -4.397290 -3.809208 -4.612735 2.342146 -0.402333 9.940371 1.107464 5.704305 13.646586 2.223391 8.476294 6.093530 22.030966 0.232391 13.879096 47.355148 -20.758136 19.441104 -2.169590 -22.238030 1.711459 3.026714 -6.531034 0.000000 0.000000 0.000000 0.000000 0.000000 0.000000 0.000000 0.000000 0.000000 0.000000 0.000000 0.000000 0.000000 0.000000 0.000000 0.000000 0.000000 0.000000 0.000000 0.000000 0.000000 0.000000 0.000000 0.000000 0.000000 0.000000 0.000000 0.000000 0.000000 0.000000 0.000000 0.000000 0.000000 0.000000 0.000000 0.000000 0.000000 0.000000 0.000000 0.000000 0.000000 0.000000 2.317152 -15.734988 0.061115 23.713857 -48.988887 22.830573 9.209678 1.805628 24.180728 -6.286685 -3.929582 2.072709 0.000000 0.000000 0.000000 0.000000 0.000000 0.000000 0.000000 0.000000 0.000000 0.000000 0.000000 0.000000 0.000000 0.000000 0.000000 0.000000 0.000000 0.000000 0.000000 0.000000 0.000000 0.000000 0.000000 0.000000 0.000000 0.000000 0.000000 0.000000 0.000000 0.000000 0.000000 0.000000 0.000000 0.000000 0.000000 0.000000 0.000000 0.000000 0.000000 0.000000 0.000000 0.000000
0.025186 0.628953 1.077618 -9.230355 2.790906 0.098189 -14.245545 -2.426961 -3.265496 56.271187 2.484393 -6.565702 -6.379556 1.815890 11.010631 1.482903 -3.696151 -0.535063 0.175801 -8.553417 2.133667 9.225967 0.859269 3.252250 -6.003792 0.721735 -3.682267 0.099249 -2.194672 -0.753797 10.847942 -2.487679 3.225934 4.294236 -4.141990 -3.456942 -5.293610 2.501358 0.022293 10.648429 0.948470 5.770309 13.542413 1.903778 7.713296 6.496370 22.358754 0.798250 13.622960 46.764353 -19.144792 19.533065 -1.596465 -22.244937 1.710410 2.847933 -6.507340 0.000000 0.000000 0.000000 0.000000 0.000000 0.000000 0.000000 0.000000 0.000000 0.000000 0.000000 0.000000 0.000000 0.000000 0.000000 0.000000 0.000000 0.000000 0.000000 0.000000 0.000000 0.000000 0.000000 0.000000 0.000000 0.000000 0.000000 0.000000 0.000000 0.000000 0.000000 0.000000 0.000000 0.000000 0.000000 0.000000 0.000000 0.000000 0.000000 0.000000 0.000000 0.000000 2.457063 -15.182419 0.495207 23.683979 -49.136106 23.884354 9.189575 1.895588 25.540993 -7.113475 -3.675055 2.296096 0.000000 0.000000 0.000000 0.000000 0.000000 0.000000 0.000000 0.000000 0.000000 0.000000 0.000000 0.000000 0.000000 0.000000 0.000000 0.000000 0.000000 0.000000 0.000000 0.000000 0.000000 0.000000 0.000000 0.000000 0.000000 0.000000 0.000000 0.000000 0.000000 0.000000 0.000000 0.000000 0.000000 0.000000 0.000000 0.000000 0.000000 0.000000 0.000000 0.000000 0.000000 0.000000
0.027872 0.633211 1.079928 -9.239787 2.376724 -0.962436 -16.661531 -1.958644 -3.539762 51.847824 3.285779 -5.718669 -7.068331 1.706433 11.020509 1.584438 -3.294838 -0.519117 3.501419 -7.767970 1.272198 6.741529 1.119992 4.009616 -6.258169 0.211798 -2.914325 -0.083261 -2.321032 -0.866375 11.228618 -1.849506 4.315777 4.672705 -3.814849 -3.104722 -5.935125 2.590207 0.426536 11.022706 0.826706 5.967749 13.464475 1.599890 7.081665 6.855702 22.715723 1.360221 13.479009 46.361076 -17.595376 19.317431 -1.100771 -22.046113 1.624116 2.841988 -6.484257 0.000000 0.000000 0.000000 0.000000 0.000000 0.000000 0.000000 0.000000 0.000000 0.000000 0.000000 0.000000 0.000000 0.000000 0.000000 0.000000 0.000000 0.000000 0.000000 0.000000 0.000000 0.000000 0.000000 0.000000 0.000000 0.000000 0.000000 0.000000 0.000000 0.000000 0.000000 0.000000 0.000000 0.000000 0.000000 0.000000 0.000000 0.000000 0.000000 0.000000 0.000000 0.000000 2.554582 -14.487935 1.007107 23.647543 -49.108765 25.021630 9.179660 1.930140 27.091502 -8.175285 -3.266514 2.489472 0.000000 0.000000 0.000000 0.000000 0.000000 0.000000 0.000000 0.000000 0.000000 0.000000 0.000000 0.000000 0.000000 0.000000 0.000000 0.000000 0.000000 0.000000 0.000000 0.000000 0.000000 0.000000 0.000000 0.000000 0.000000 0.000000 0.000000 0.000000 0.000000 0.000000 0.000000 0.000000 0.000000 0.000000 0.000000 0.000000 0.000000 0.000000 0.000000 0.000000 0.000000 0.000000
0.028948 0.637967 1.080758 -9.229604 2.239107 -2.077416 -18.266174 -1.733636 -3.491132 45.523945 3.482846 -4.899624 -6.795785 2.329778 10.817465 1.716598 -2.971042 -0.493418 6.466149 -7.152078 0.397804 4.999956 1.211516 4.719418 -6.586907 -0.155144 -2.100991 -0.250710 -2.383222 -0.924090 11.646712 -1.428843 5.195461 5.292436 -3.471126 -2.672428 -6.792534 2.602314 0.880931 11.353694 0.828732 6.206218 13.432486 1.273620 6.459609 7.155149 23.071632 2.065543 13.443779 45.930635 -16.149207 19.029837 -0.587532 -21.980430 1.456392 2.949427 -6.438062 0.000000 0.000000 0.000000 0.000000 0.000000 0.000000 0.000000 0.000000 0.000000 0.000000 0.000000 0.000000 0.000000 0.000000 0.000000 0.000000 0.000000 0.000000 0.000000 0.000000 0.000000 0.000000 0.000000 0.000000 0.000000 0.000000 0.000000 0.000000 0.000000 0.000000 0.000000 0.000000 0.000000 0.000000 0.000000 0.000000 0.000000 0.000000 0.000000 0.000000 0.000000 0.000000 2.723053 -13.759794 1.560027 23.388712 -48.946449 26.190681 9.076189 1.948155 28.528907 -9.155172 -2.705917 2.617932 0.000000 0.000000 0.000000 0.000000 0.000000 0.000000 0.000000 0.000000 0.000000 0.000000 0.000000 0.000000 0.000000 0.000000 0.000000 0.000000 0.000000 0.000000 0.000000 0.000000 0.000000 0.000000 0.000000 0.000000 0.000000 0.000000 0.000000 0.000000 0.000000 0.000000 0.000000 0.000000 0.000000 0.000000 0.000000 0.000000 0.000000 0.000000 0.000000 0.000000 0.000000 0.000000
0.029904 0.643396 1.079945 -9.118390 2.125850 -3.078970 -18.952501 -1.707765 -3.092174 37.049544 3.180077 -3.943916 -6.113821 3.328722 10.576877 1.933113 -2.751271 -0.450932 9.181813 -6.552278 -0.543679 3.586253 1.143882 5.473328 -7.174713 -0.381313 -1.331562 -0.318556 -2.403891 -0.989567 11.907296 -1.354760 5.798987 6.168083 -3.097661 -2.218173 -7.727967 2.579634 1.293350 11.528599 1.006858 6.437092 13.438070 1.024644 5.979873 7.248888 23.570641 2.861963 13.442860 45.635235 -14.840932 18.541873 -0.046795 -21.519865 1.379631 3.047825 -6.551840 0.000000 0.000000 0.000000 0.000000 0.000000 0.000000 0.000000 0.000000 0.000000 0.000000 0.000000 0.000000 0.000000 0.000000 0.000000 0.000000 0.000000 0.000000 0.000000 0.000000 0.000000 0.000000 0.000000 0.000000 0.000000 0.000000 0.000000 0.000000 0.000000 0.000000 0.000000 0.000000 0.000000 0.000000 0.000000 0.000000 0.000000 0.000000 0.000000 0.000000 0.000000 0.000000 2.693369 -12.864064 2.078172 23.079558 -48.802214 27.387902 9.016199 2.067020 29.916677 -9.921138 -1.843821 3.066641 0.000000 0.000000 0.000000 0.000000 0.000000 0.000000 0.000000 0.000000 0.000000 0.000000 0.000000 0.000000 0.000000 0.000000 0.000000 0.000000 0.000000 0.000000 0.000000 0.000000 0.000000 0.000000 0.000000 0.000000 0.000000 0.000000 0.000000 0.000000 0.000000 0.000000 0.000000 0.000000 0.000000 0.000000 0.000000 0.000000 0.000000 0.000000 0.000000 0.000000 0.000000 0.000000
0.030027 0.648952 1.077633 -9.013931 2.130269 -4.074257 -19.171864 -1.638739 -2.672559 28.331527 2.583813 -3.448131 -5.542803 4.308555 10.010802 2.071843 -2.570024 -0.323454 11.893421 -6.124410 -1.256626 2.140864 1.138613 6.361075 -7.915749 -0.623701 -0.819917 -0.321213 -2.544734 -1.080806 11.929094 -1.416171 6.381914 6.637328 -2.655640 -1.745060 -7.930625 2.559163 1.644443 11.449823 0.977513 6.677162 13.501228 1.022924 5.187034 6.935218 23.855623 3.648466 13.622599 45.379836 -13.640196 18.442635 0.425359 -21.275346 1.518930 2.983896 -6.765570 0.000000 0.000000 0.000000 0.000000 0.000000 0.000000 0.000000 0.000000 0.000000 0.000000 0.000000 0.000000 0.000000 0.000000 0.000000 0.000000 0.000000 0.000000 0.000000 0.000000 0.000000 0.000000 0.000000 0.000000 0.000000 0.000000 0.000000 0.000000 0.000000 0.000000 0.000000 0.000000 0.000000 0.000000 0.000000 0.000000 0.000000 0.000000 0.000000 0.000000 0.000000 0.000000 2.267148 -12.181020 2.516208 22.845537 -48.410274 28.401818 8.787932 1.903938 31.037946 -10.794717 -1.352445 3.503455 0.000000 0.000000 0.000000 0.000000 0.000000 0.000000 0.000000 0.000000 0.000000 0.000000 0.000000 0.000000 0.000000 0.000000 0.000000 0.000000 0.000000 0.000000 0.000000 0.000000 0.000000 0.000000 0.000000 0.000000 0.000000 0.000000 0.000000 0.000000 0.000000 0.000000 0.000000 0.000000 0.000000 0.000000 0.000000 0.000000 0.000000 0.000000 0.000000 0.000000 0.000000 0.000000
0.029507 0.655075 1.073823 -8.953744 2.270539 -4.859576 -18.821094 -1.604498 -2.008639 19.606951 1.828899 -3.123347 -5.106253 5.233719 9.466920 2.223761 -2.451517 -0.189109 14.386000 -5.767460 -2.068045 1.100631 1.038416 7.188828 -9.095577 -0.751386 -0.281718 -0.233661 -2.607724 -1.157677 11.801678 -1.517345 6.872502 7.196393 -2.376481 -1.363636 -8.209105 2.547777 1.918961 11.581052 0.890107 6.902620 13.444548 1.085735 4.535948 6.802338 24.140846 4.222671 13.573834 45.286008 -12.554712 18.272346 0.903153 -20.816459 1.704235 2.784566 -6.855925 0.000000 0.000000 0.000000 0.000000 0.000000 0.000000 0.000000 0.000000 0.000000 0.000000 0.000000 0.000000 0.000000 0.000000 0.000000 0.000000 0.000000 0.000000 0.000000 0.000000 0.000000 0.000000 0.000000 0.000000 0.000000 0.000000 0.000000 0.000000 0.000000 0.000000 0.000000 0.000000 0.000000 0.000000 0.000000 0.000000 0.000000 0.000000 0.000000 0.000000 0.000000 0.000000 2.020908 -11.696771 2.914304 22.323276 -47.946918 29.073123 8.480332 1.591747 31.835005 -11.735939 -0.821023 4.031369 0.000000 0.000000 0.000000 0.000000 0.000000 0.000000 0.000000 0.000000 0.000000 0.000000 0.000000 0.000000 0.000000 0.000000 0.000000 0.000000 0.000000 0.000000 0.000000 0.000000 0.000000 0.000000 0.000000 0.000000 0.000000 0.000000 0.000000 0.000000 0.000000 0.000000 0.000000 0.000000 0.000000 0.000000 0.000000 0.000000 0.000000 0.000000 0.000000 0.000000 0.000000 0.000000
0.029425 0.662244 1.068404 -8.888148 2.361689 -5.529752 -18.031400 -1.314105 -1.334644 10.957312 0.796964 -2.876559 -5.006640 5.870356 9.091904 2.337145 -2.495056 0.020743 16.781449 -5.452697 -2.815632 0.559319 1.130887 8.189293 -10.948421 -0.491627 0.040445 -0.112181 -2.743767 -1.278447 11.468995 -1.744480 7.297529 7.521563 -2.019735 -1.004137 -7.948673 2.581972 2.129714 11.445602 0.686739 7.085671 13.316380 1.186928 3.651936 6.286808 24.347013 4.815511 13.431349 45.189653 -11.484853 18.039686 1.308064 -20.295918 1.628758 2.789199 -6.918981 0.000000 0.000000 0.000000 0.000000 0.000000 0.000000 0.000000 0.000000 0.000000 0.000000 0.000000 0.000000 0.000000 0.000000 0.000000 0.000000 0.000000 0.000000 0.000000 0.000000 0.000000 0.000000 0.000000 0.000000 0.000000 0.000000 0.000000 0.000000 0.000000 0.000000 0.000000 0.000000 0.000000 0.000000 0.000000 0.000000 0.000000 0.000000 0.000000 0.000000 0.000000 0.000000 1.351146 -11.373271 3.214967 21.921447 -47.570518 29.626783 8.191924 1.423447 32.216178 -12.335716 -0.516866 4.670437 0.000000 0.000000 0.000000 0.000000 0.000000 0.000000 0.000000 0.000000 0.000000 0.000000 0.000000 0.000000 0.000000 0.000000 0.000000 0.000000 0.000000 0.000000 0.000000 0.000000 0.000000 0.000000 0.000000 0.000000 0.000000 0.000000 0.000000 0.000000 0.000000 0.000000 0.000000 0.000000 0.000000 0.000000 0.000000 0.000000 0.000000 0.000000 0.000000 0.000000 0.000000 0.000000
0.028674 0.670740 1.061659 -8.804682 2.589075 -5.908600 -17.535971 -1.049954 -0.767211 4.809266 0.084372 -2.472160 -4.930312 6.282787 8.847373 2.377895 -2.552471 0.130934 19.026754 -5.198009 -3.290415 0.675710 1.264172 8.924122 -13.183949 -0.050310 0.362315 -0.068715 -2.811621 -1.345517 11.064176 -1.824681 7.653624 7.837525 -1.867241 -0.806473 -7.829207 2.616766 2.275014 11.393056 0.443954 7.278374 13.246157 1.348903 2.911853 6.140990 24.481076 5.212776 13.314170 45.187697 -10.572815 17.810644 1.628946 -19.938657 1.699766 2.885800 -6.985072 0.000000 0.000000 0.000000 0.000000 0.000000 0.000000 0.000000 0.000000 0.000000 0.000000 0.000000 0.000000 0.000000 0.000000 0.000000 0.000000 0.000000 0.000000 0.000000 0.000000 0.000000 0.000000 0.000000 0.000000 0.000000 0.000000 0.000000 0.000000 0.000000 0.000000 0.000000 0.000000 0.000000 0.000000 0.000000 0.000000 0.000000 0.000000 0.000000 0.000000 0.000000 0.000000 0.870915 -11.243565 3.388577 21.643310 -47.137164 30.103644 8.171150 1.377852 32.449057 -12.704224 -0.390920 5.228158 0.000000 0.000000 0.000000 0.000000 0.000000 0.000000 0.000000 0.000000 0.000000 0.000000 0.000000 0.000000 0.000000 0.000000 0.000000 0.000000 0.000000 0.000000 0.000000 0.000000 0.000000 0.000000 0.000000 0.000000 0.000000 0.000000 0.000000 0.000000 0.000000 0.000000 0.000000 0.000000 0.000000 0.000000 0.000000 0.000000 0.000000 0.000000 0.000000 0.000000 0.000000 0.000000
0.027832 0.680904 1.054135 -8.663924 2.841078 -6.146744 -17.482079 -0.644562 -0.597803 1.951348 -0.309737 -2.047744 -4.952877 6.141287 8.909429 2.370076 -2.612007 0.125625 20.873184 -4.779326 -3.585369 1.613102 1.539370 9.529654 -15.491121 0.336317 0.804721 -0.067376 -2.773403 -1.325071 10.439394 -1.677321 7.994344 8.270404 -1.855810 -0.743447 -7.928594 2.727371 2.436517 11.365476 0.189274 7.275122 13.317305 1.362414 2.350855 6.177621 24.788700 5.497459 13.077038 45.008118 -9.687222 17.389839 1.688252 -19.532963 1.867481 2.973186 -6.974318 0.000000 0.000000 0.000000 0.000000 0.000000 0.000000 0.000000 0.000000 0.000000 0.000000 0.000000 0.000000 0.000000 0.000000 0.000000 0.000000 0.000000 0.000000 0.000000 0.000000 0.000000 0.000000 0.000000 0.000000 0.000000 0.000000 0.000000 0.000000 0.000000 0.000000 0.000000 0.000000 0.000000 0.000000 0.000000 0.000000 0.000000 0.000000 0.000000 0.000000 0.000000 0.000000 0.633279 -11.394233 3.468526 21.564385 -46.872322 30.414964 8.022384 1.721590 32.868541 -12.948562 -0.514851 5.729153 0.000000 0.000000 0.000000 0.000000 0.000000 0.000000 0.000000 0.000000 0.000000 0.000000 0.000000 0.000000 0.000000 0.000000 0.000000 0.000000 0.000000 0.000000 0.000000 0.000000 0.000000 0.000000 0.000000 0.000000 0.000000 0.000000 0.000000 0.000000 0.000000 0.000000 0.000000 0.000000 0.000000 0.000000 0.000000 0.000000 0.000000 0.000000 0.000000 0.000000 0.000000 0.000000
0.028543 0.690251 1.047130 -8.715082 2.786558 -6.450653 -17.820727 -0.004059 -0.856991 1.943296 -0.308523 -1.823500 -4.738792 5.701533 9.240610 2.238314 -2.772481 0.153187 22.131077 -3.916751 -3.568807 3.751733 2.081854 10.322711 -17.425820 0.407722 1.322515 -0.142738 -2.823453 -1.335694 9.654862 -1.374025 8.275888 8.631858 -1.799779 -0.661645 -7.876018 2.971615 2.530161 11.233418 -0.164866 7.261095 13.441471 1.374216 1.889878 6.290792 25.072355 5.847031 13.002266 44.655505 -9.152689 17.169067 1.619414 -19.279029 1.948527 3.215030 -6.977686 0.000000 0.000000 0.000000 0.000000 0.000000 0.000000 0.000000 0.000000 0.000000 0.000000 0.000000 0.000000 0.000000 0.000000 0.000000 0.000000 0.000000 0.000000 0.000000 0.000000 0.000000 0.000000 0.000000 0.000000 0.000000 0.000000 0.000000 0.000000 0.000000 0.000000 0.000000 0.000000 0.000000 0.000000 0.000000 0.000000 0.000000 0.000000 0.000000 0.000000 0.000000 0.000000 0.509262 -11.745632 3.502144 21.682287 -46.662753 30.821358 7.898940 2.062550 33.121442 -13.164787 -1.033074 5.898553 0.000000 0.000000 0.000000 0.000000 0.000000 0.000000 0.000000 0.000000 0.000000 0.000000 0.000000 0.000000 0.000000 0.000000 0.000000 0.000000 0.000000 0.000000 0.000000 0.000000 0.000000 0.000000 0.000000 0.000000 0.000000 0.000000 0.000000 0.000000 0.000000 0.000000 0.000000 0.000000 0.000000 0.000000 0.000000 0.000000 0.000000 0.000000 0.000000 0.000000 0.000000 0.000000
0.029494 0.701383 1.041067 -8.516468 2.560415 -6.771044 -18.189301 0.675826 -1.286960 3.963366 0.124696 -1.537467 -4.379996 5.046026 9.696003 2.120830 -2.986590 0.139443 22.751959 -2.757769 -3.524920 6.254802 2.640549 11.032536 -18.543060 0.019896 1.828446 -0.202112 -2.793384 -1.281765 8.798690 -0.816081 8.541954 9.164574 -1.843423 -0.599797 -8.178873 3.328580 2.661921 11.081390 -0.435620 7.108923 13.764383 1.327201 1.853690 6.574410 25.362752 6.121341 12.613070 44.182468 -8.778901 16.452861 1.549028 -18.861652 2.020478 3.292859 -6.830879 0.000000 0.000000 0.000000 0.000000 0.000000 0.000000 0.000000 0.000000 0.000000 0.000000 0.000000 0.000000 0.000000 0.000000 0.000000 0.000000 0.000000 0.000000 0.000000 0.000000 0.000000 0.000000 0.000000 0.000000 0.000000 0.000000 0.000000 0.000000 0.000000 0.000000 0.000000 0.000000 0.000000 0.000000 0.000000 0.000000 0.000000 0.000000 0.000000 0.000000 0.000000 0.000000 0.804027 -12.270750 3.413638 21.778491 -46.506166 30.954206 7.687613 2.437018 33.533015 -12.909569 -1.329761 5.622071 0.000000 0.000000 0.000000 0.000000 0.000000 0.000000 0.000000 0.000000 0.000000 0.000000 0.000000 0.000000 0.000000 0.000000 0.000000 0.000000 0.000000 0.000000 0.000000 0.000000 0.000000 0.000000 0.000000 0.000000 0.000000 0.000000 0.000000 0.000000 0.000000 0.000000 0.000000 0.000000 0.000000 0.000000 0.000000 0.000000 0.000000 0.000000 0.000000 0.000000 0.000000 0.000000
0.030184 0.715603 1.036201 -7.801437 2.171483 -6.862717 -19.056245 1.512897 -2.007486 7.335302 0.803362 -1.182349 -3.785429 4.137413 10.218807 2.000435 -3.281632 0.139056 22.651125 -1.541666 -3.255499 9.050851 3.031534 11.450784 -18.288160 -0.549354 1.480584 -0.188516 -2.814011 -1.280374 7.726159 -0.215543 8.739464 9.320938 -1.872502 -0.610678 -8.139401 3.718566 2.707227 10.819905 -0.832761 7.181636 14.230222 1.269020 1.968877 6.771002 25.449138 6.232331 12.446157 43.916588 -8.676596 15.908522 1.403641 -18.316495 2.078170 3.538739 -6.762260 0.000000 0.000000 0.000000 0.000000 0.000000 0.000000 0.000000 0.000000 0.000000 0.000000 0.000000 0.000000 0.000000 0.000000 0.000000 0.000000 0.000000 0.000000 0.000000 0.000000 0.000000 0.000000 0.000000 0.000000 0.000000 0.000000 0.000000 0.000000 0.000000 0.000000 0.000000 0.000000 0.000000 0.000000 0.000000 0.000000 0.000000 0.000000 0.000000 0.000000 0.000000 0.000000 0.959109 -12.832768 3.135660 22.429953 -46.557660 31.256186 7.413301 2.881946 33.741164 -12.712707 -1.714590 5.311875 0.000000 0.000000 0.000000 0.000000 0.000000 0.000000 0.000000 0.000000 0.000000 0.000000 0.000000 0.000000 0.000000 0.000000 0.000000 0.000000 0.000000 0.000000 0.000000 0.000000 0.000000 0.000000 0.000000 0.000000 0.000000 0.000000 0.000000 0.000000 0.000000 0.000000 0.000000 0.000000 0.000000 0.000000 0.000000 0.000000 0.000000 0.000000 0.000000 0.000000 0.000000 0.000000
0.030968 0.729625 1.033466 -7.158490 1.527846 -6.963787 -19.584156 2.501993 -2.730337 10.768135 1.606366 -0.928288 -2.950141 3.217816 10.788224 1.881616 -3.760165 0.140140 21.456777 -0.094169 -2.861979 13.860045 3.394078 11.632642 -16.624649 -1.263725 0.797391 -0.108606 -2.899838 -1.232362 6.732992 0.364213 8.846781 9.336843 -1.792500 -0.599480 -7.941865 4.192553 2.773187 10.602590 -1.182169 7.215716 14.527538 1.234145 2.032890 6.917250 25.428827 6.280256 12.217431 43.701710 -8.769622 15.431468 1.212479 -17.735983 2.157076 3.872848 -6.642292 0.000000 0.000000 0.000000 0.000000 0.000000 0.000000 0.000000 0.000000 0.000000 0.000000 0.000000 0.000000 0.000000 0.000000 0.000000 0.000000 0.000000 0.000000 0.000000 0.000000 0.000000 0.000000 0.000000 0.000000 0.000000 0.000000 0.000000 0.000000 0.000000 0.000000 0.000000 0.000000 0.000000 0.000000 0.000000 0.000000 0.000000 0.000000 0.000000 0.000000 0.000000 0.000000 1.185608 -13.286577 2.868315 23.282359 -47.018307 31.524057 7.171198 3.285488 33.545139 -12.294231 -1.801171 4.910189 0.000000 0.000000 0.000000 0.000000 0.000000 0.000000 0.000000 0.000000 0.000000 0.000000 0.000000 0.000000 0.000000 0.000000 0.000000 0.000000 0.000000 0.000000 0.000000 0.000000 0.000000 0.000000 0.000000 0.000000 0.000000 0.000000 0.000000 0.000000 0.000000 0.000000 0.000000 0.000000 0.000000 0.000000 0.000000 0.000000 0.000000 0.000000 0.000000 0.000000 0.000000 0.000000
0.031967 0.744544 1.032500 -6.454877 0.670846 -6.774728 -20.008331 3.649819 -3.440148 14.018546 2.497903 -0.856034 -2.241497 2.066241 11.543779 1.681014 -4.328805 0.093631 19.833370 1.289041 -2.460603 19.219425 3.548708 11.454663 -13.177747 -2.511659 -0.028440 -0.016862 -3.048789 -1.165102 5.913724 0.954838 8.783204 9.321728 -1.786530 -0.578416 -7.818350 4.691351 2.773147 10.418721 -1.361719 7.026027 14.760583 1.226243 1.927064 7.075219 25.257032 6.201673 11.944906 43.554632 -9.030986 14.799868 1.215412 -17.184239 2.416887 3.988247 -6.530710 0.000000 0.000000 0.000000 0.000000 0.000000 0.000000 0.000000 0.000000 0.000000 0.000000 0.000000 0.000000 0.000000 0.000000 0.000000 0.000000 0.000000 0.000000 0.000000 0.000000 0.000000 0.000000 0.000000 0.000000 0.000000 0.000000 0.000000 0.000000 0.000000 0.000000 0.000000 0.000000 0.000000 0.000000 0.000000 0.000000 0.000000 0.000000 0.000000 0.000000 0.000000 0.000000 1.486015 -13.684992 2.582436 24.223351 -47.569325 31.558132 6.778371 3.316317 33.301775 -11.739839 -1.701400 4.739950 0.000000 0.000000 0.000000 0.000000 0.000000 0.000000 0.000000 0.000000 0.000000 0.000000 0.000000 0.000000 0.000000 0.000000 0.000000 0.000000 0.000000 0.000000 0.000000 0.000000 0.000000 0.000000 0.000000 0.000000 0.000000 0.000000 0.000000 0.000000 0.000000 0.000000 0.000000 0.000000 0.000000 0.000000 0.000000 0.000000 0.000000 0.000000 0.000000 0.000000 0.000000 0.000000
0.033654 0.758510 1.033479 -6.023357 -0.394796 -6.379957 -19.515438 5.190751 -4.025404 15.998449 3.238720 -1.065362 -1.992545 0.835038 12.468448 1.464657 -5.027854 0.011474 16.546165 2.792771 -1.835584 27.178654 3.569517 10.649544 -7.816466 -4.395913 -0.528760 0.163266 -3.185288 -1.065610 5.655136 1.651967 8.523151 9.049674 -1.695659 -0.586072 -7.666710 5.266592 2.850955 10.485016 -1.508447 6.756617 14.867412 1.288038 1.974293 7.392986 24.904157 5.772163 11.499611 43.398041 -9.500382 14.111941 1.054752 -16.754338 2.775999 4.120047 -6.367699 0.000000 0.000000 0.000000 0.000000 0.000000 0.000000 0.000000 0.000000 0.000000 0.000000 0.000000 0.000000 0.000000 0.000000 0.000000 0.000000 0.000000 0.000000 0.000000 0.000000 0.000000 0.000000 0.000000 0.000000 0.000000 0.000000 0.000000 0.000000 0.000000 0.000000 0.000000 0.000000 0.000000 0.000000 0.000000 0.000000 0.000000 0.000000 0.000000 0.000000 0.000000 0.000000 1.871440 -13.900827 2.491719 25.538232 -48.497462 31.840625 6.351433 3.289513 32.241444 -10.591181 -1.478762 4.528551 0.000000 0.000000 0.000000 0.000000 0.000000 0.000000 0.000000 0.000000 0.000000 0.000000 0.000000 0.000000 0.000000 0.000000 0.000000 0.000000 0.000000 0.000000 0.000000 0.000000 0.000000 0.000000 0.000000 0.000000 0.000000 0.000000 0.000000 0.000000 0.000000 0.000000 0.000000 0.000000 0.000000 0.000000 0.000000 0.000000 0.000000 0.000000 0.000000 0.000000 0.000000 0.000000
0.036867 0.771727 1.035715 -5.724941 -1.673767 -5.986954 -18.445051 6.592771 -4.526016 17.119440 4.110834 -1.420837 -1.997427 -0.550206 13.335079 1.095662 -5.785567 -0.047896 12.959898 4.131043 -1.178235 34.571205 3.410830 9.728560 -3.100562 -6.023435 -0.733607 0.276379 -3.685813 -1.065782 5.422017 2.101002 7.982249 8.255229 -1.454479 -0.585574 -6.692551 5.730153 2.713541 10.105814 -1.443694 6.595393 14.718996 1.447024 1.973163 7.111315 24.194458 5.392250 11.504188 43.659879 -10.315433 13.763072 0.997558 -16.429909 2.929832 4.553968 -6.300528 0.000000 0.000000 0.000000 0.000000 0.000000 0.000000 0.000000 0.000000 0.000000 0.000000 0.000000 0.000000 0.000000 0.000000 0.000000 0.000000 0.000000 0.000000 0.000000 0.000000 0.000000 0.000000 0.000000 0.000000 0.000000 0.000000 0.000000 0.000000 0.000000 0.000000 0.000000 0.000000 0.000000 0.000000 0.000000 0.000000 0.000000 0.000000 0.000000 0.000000 0.000000 0.000000 1.602858 -14.037804 2.230002 27.406963 -49.610453 32.205413 5.960515 3.215308 31.071053 -9.350611 -1.429490 4.220650 0.000000 0.000000 0.000000 0.000000 0.000000 0.000000 0.000000 0.000000 0.000000 0.000000 0.000000 0.000000 0.000000 0.000000 0.000000 0.000000 0.000000 0.000000 0.000000 0.000000 0.000000 0.000000 0.000000 0.000000 0.000000 0.000000 0.000000 0.000000 0.000000 0.000000 0.000000 0.000000 0.000000 0.000000 0.000000 0.000000 0.000000 0.000000 0.000000 0.000000 0.000000 0.000000
0.038826 0.782555 1.039311 -5.835737 -2.633798 -5.509417 -16.168914 7.812784 -4.787663 16.824980 4.363859 -2.280411 -2.659867 -1.706594 13.734813 0.826680 -6.290866 -0.080790 8.640105 4.993161 -0.316873 42.271778 3.233180 8.462852 1.117673 -7.117161 -0.761016 0.418412 -3.952699 -1.021779 5.424284 2.553537 7.211236 7.671676 -1.539449 -0.704633 -6.200431 6.128870 2.663581 10.135378 -1.287094 6.502930 14.404885 1.553812 1.980556 7.091785 23.632498 4.763274 11.654618 43.807420 -11.387038 13.699676 0.914700 -16.512831 3.258704 4.501107 -6.356428 0.000000 0.000000 0.000000 0.000000 0.000000 0.000000 0.000000 0.000000 0.000000 0.000000 0.000000 0.000000 0.000000 0.000000 0.000000 0.000000 0.000000 0.000000 0.000000 0.000000 0.000000 0.000000 0.000000 0.000000 0.000000 0.000000 0.000000 0.000000 0.000000 0.000000 0.000000 0.000000 0.000000 0.000000 0.000000 0.000000 0.000000 0.000000 0.000000 0.000000 0.000000 0.000000 1.651223 -14.281038 2.152457 28.880511 -50.419579 32.241626 5.944897 2.995586 30.053756 -8.360535 -1.378989 4.204973 0.000000 0.000000 0.000000 0.000000 0.000000 0.000000 0.000000 0.000000 0.000000 0.000000 0.000000 0.000000 0.000000 0.000000 0.000000 0.000000 0.000000 0.000000 0.000000 0.000000 0.000000 0.000000 0.000000 0.000000 0.000000 0.000000 0.000000 0.000000 0.000000 0.000000 0.000000 0.000000 0.000000 0.000000 0.000000 0.000000 0.000000 0.000000 0.000000 0.000000 0.000000 0.000000
0.040808 0.790752 1.043813 -6.322294 -3.464469 -4.994316 -13.257547 8.837861 -4.875226 16.104304 4.443789 -3.592204 -3.641858 -2.750860 13.714308 0.572402 -6.733729 -0.074209 4.345388 5.588859 0.409703 49.249799 3.023691 7.349519 3.415389 -7.321415 -1.271699 0.481047 -4.185208 -1.015286 5.580081 2.944325 6.294514 7.193469 -1.683039 -0.833605 -5.648608 6.521635 2.517672 10.126482 -1.117597 6.621540 13.829554 1.732975 2.101587 7.001060 23.015792 4.070350 11.911532 43.772803 -12.641488 13.920077 0.885676 -16.864590 3.552069 4.236811 -6.338180 0.000000 0.000000 0.000000 0.000000 0.000000 0.000000 0.000000 0.000000 0.000000 0.000000 0.000000 0.000000 0.000000 0.000000 0.000000 0.000000 0.000000 0.000000 0.000000 0.000000 0.000000 0.000000 0.000000 0.000000 0.000000 0.000000 0.000000 0.000000 0.000000 0.000000 0.000000 0.000000 0.000000 0.000000 0.000000 0.000000 0.000000 0.000000 0.000000 0.000000 0.000000 0.000000 1.691263 -14.640501 2.027724 30.080298 -51.033175 32.114147 6.112969 2.632112 28.905324 -7.235740 -1.226087 4.015502 0.000000 0.000000 0.000000 0.000000 0.000000 0.000000 0.000000 0.000000 0.000000 0.000000 0.000000 0.000000 0.000000 0.000000 0.000000 0.000000 0.000000 0.000000 0.000000 0.000000 0.000000 0.000000 0.000000 0.000000 0.000000 0.000000 0.000000 0.000000 0.000000 0.000000 0.000000 0.000000 0.000000 0.000000 0.000000 0.000000 0.000000 0.000000 0.000000 0.000000 0.000000 0.000000
0.040562 0.796113 1.048950 -7.156030 -3.778294 -4.365034 -9.568482 9.430724 -4.682556 14.471811 3.988130 -5.362685 -4.881126 -3.369342 13.468632 0.500824 -7.048895 -0.044660 -0.326166 5.586927 1.169904 55.555118 2.562647 6.190802 3.196482 -6.352722 -2.562068 0.585293 -4.189347 -0.992048 5.819799 3.174029 5.146434 6.932961 -2.134834 -1.159173 -5.400108 6.746192 2.329739 10.189665 -0.743643 6.717198 13.338938 2.086189 2.269798 6.959052 22.450865 3.281697 12.318950 43.941668 -14.344766 14.157684 0.781596 -16.982695 3.804371 3.856347 -6.352288 0.000000 0.000000 0.000000 0.000000 0.000000 0.000000 0.000000 0.000000 0.000000 0.000000 0.000000 0.000000 0.000000 0.000000 0.000000 0.000000 0.000000 0.000000 0.000000 0.000000 0.000000 0.000000 0.000000 0.000000 0.000000 0.000000 0.000000 0.000000 0.000000 0.000000 0.000000 0.000000 0.000000 0.000000 0.000000 0.000000 0.000000 0.000000 0.000000 0.000000 0.000000 0.000000 1.850044 -15.132753 1.852599 30.848444 -51.361119 31.752687 6.530738 2.343333 27.712555 -6.251663 -1.489349 3.898211 0.000000 0.000000 0.000000 0.000000 0.000000 0.000000 0.000000 0.000000 0.000000 0.000000 0.000000 0.000000 0.000000 0.000000 0.000000 0.000000 0.000000 0.000000 0.000000 0.000000 0.000000 0.000000 0.000000 0.000000 0.000000 0.000000 0.000000 0.000000 0.000000 0.000000 0.000000 0.000000 0.000000 0.000000 0.000000 0.000000 0.000000 0.000000 0.000000 0.000000 0.000000 0.000000
0.039798 0.800679 1.054158 -7.945056 -3.888324 -3.800728 -5.863504 9.651294 -4.342253 12.541513 3.526247 -7.195219 -5.857129 -3.720322 13.138682 0.637076 -7.140063 -0.030080 -4.546993 5.354587 1.777963 59.798672 1.849315 5.161360 1.304477 -4.822823 -4.137899 0.696185 -3.951641 -0.945936 5.974798 3.338751 4.041853 7.070545 -2.702902 -1.543371 -5.516817 6.865115 2.149249 10.339117 -0.283560 6.822931 12.904651 2.246510 2.470855 7.091106 22.040199 2.406279 12.642878 43.942525 -16.234979 14.323884 0.751153 -16.995071 3.674584 3.299923 -6.384342 0.000000 0.000000 0.000000 0.000000 0.000000 0.000000 0.000000 0.000000 0.000000 0.000000 0.000000 0.000000 0.000000 0.000000 0.000000 0.000000 0.000000 0.000000 0.000000 0.000000 0.000000 0.000000 0.000000 0.000000 0.000000 0.000000 0.000000 0.000000 0.000000 0.000000 0.000000 0.000000 0.000000 0.000000 0.000000 0.000000 0.000000 0.000000 0.000000 0.000000 0.000000 0.000000 2.211667 -15.523215 1.724530 31.163114 -51.629136 31.194529 7.031266 2.052637 26.586608 -5.591583 -1.762162 3.918117 0.000000 0.000000 0.000000 0.000000 0.000000 0.000000 0.000000 0.000000 0.000000 0.000000 0.000000 0.000000 0.000000 0.000000 0.000000 0.000000 0.000000 0.000000 0.000000 0.000000 0.000000 0.000000 0.000000 0.000000 0.000000 0.000000 0.000000 0.000000 0.000000 0.000000 0.000000 0.000000 0.000000 0.000000 0.000000 0.000000 0.000000 0.000000 0.000000 0.000000 0.000000 0.000000
0.035770 0.804422 1.059026 -8.728959 -3.364097 -3.014469 -1.876961 9.412967 -3.851849 9.999625 2.790780 -9.126744 -6.856229 -3.527438 12.781668 0.834444 -7.337111 0.022681 -8.656034 4.494365 2.568158 62.200735 0.875219 4.261611 -1.290357 -3.303770 -5.776255 0.855142 -3.719814 -0.898742 6.516551 3.261655 2.756449 6.959012 -3.347153 -2.004733 -5.441109 6.708795 1.798208 10.111599 0.191973 6.856796 12.675394 2.625054 2.801362 6.924506 21.632323 1.550843 13.145408 44.249662 -18.274930 14.487757 0.454584 -17.175308 3.914570 3.013012 -6.397503 0.000000 0.000000 0.000000 0.000000 0.000000 0.000000 0.000000 0.000000 0.000000 0.000000 0.000000 0.000000 0.000000 0.000000 0.000000 0.000000 0.000000 0.000000 0.000000 0.000000 0.000000 0.000000 0.000000 0.000000 0.000000 0.000000 0.000000 0.000000 0.000000 0.000000 0.000000 0.000000 0.000000 0.000000 0.000000 0.000000 0.000000 0.000000 0.000000 0.000000 0.000000 0.000000 2.265850 -16.041649 1.618503 31.132368 -51.592178 30.181625 7.368444 1.757897 25.638009 -5.050335 -2.386366 3.965346 0.000000 0.000000 0.000000 0.000000 0.000000 0.000000 0.000000 0.000000 0.000000 0.000000 0.000000 0.000000 0.000000 0.000000 0.000000 0.000000 0.000000 0.000000 0.000000 0.000000 0.000000 0.000000 0.000000 0.000000 0.000000 0.000000 0.000000 0.000000 0.000000 0.000000 0.000000 0.000000 0.000000 0.000000 0.000000 0.000000 0.000000 0.000000 0.000000 0.000000 0.000000 0.000000
0.032763 0.808198 1.063133 -9.318834 -2.939212 -2.220225 1.634302 9.132534 -3.352805 7.716296 2.114174 -10.955339 -7.587395 -3.056967 12.529716 1.035194 -7.391909 0.063731 -12.281208 3.619128 3.312459 62.433201 -0.017836 3.309334 -3.610334 -2.215301 -6.927731 0.985104 -3.402051 -0.851314 7.083759 3.018094 1.652350 6.835981 -3.864302 -2.426323 -5.422269 6.419098 1.505235 9.855088 0.737811 6.819805 12.398038 2.830666 3.123859 6.788890 21.159177 0.774015 13.631882 44.469579 -20.459860 14.513292 0.190594 -17.477426 4.034473 2.375219 -6.522546 0.000000 0.000000 0.000000 0.000000 0.000000 0.000000 0.000000 0.000000 0.000000 0.000000 0.000000 0.000000 0.000000 0.000000 0.000000 0.000000 0.000000 0.000000 0.000000 0.000000 0.000000 0.000000 0.000000 0.000000 0.000000 0.000000 0.000000 0.000000 0.000000 0.000000 0.000000 0.000000 0.000000 0.000000 0.000000 0.000000 0.000000 0.000000 0.000000 0.000000 0.000000 0.000000 2.311312 -16.253067 1.434960 30.922049 -51.651745 29.242513 7.742532 1.449136 24.557264 -4.608466 -2.533628 4.104279 0.000000 0.000000 0.000000 0.000000 0.000000 0.000000 0.000000 0.000000 0.000000 0.000000 0.000000 0.000000 0.000000 0.000000 0.000000 0.000000 0.000000 0.000000 0.000000 0.000000 0.000000 0.000000 0.000000 0.000000 0.000000 0.000000 0.000000 0.000000 0.000000 0.000000 0.000000 0.000000 0.000000 0.000000 0.000000 0.000000 0.000000 0.000000 0.000000 0.000000 0.000000 0.000000
0.027862 0.812461 1.066023 -9.695348 -2.135627 -1.081545 4.730096 8.353486 -2.810217 6.147050 1.498420 -12.835395 -8.397683 -2.357069 12.335667 1.247004 -7.358411 0.054617 -15.795526 2.696468 3.936163 60.679393 -1.381107 1.952704 -4.858038 -2.040016 -7.875107 1.175903 -2.881747 -0.741836 7.991947 2.623499 0.534578 6.728029 -4.513379 -2.920609 -5.782105 5.904418 1.161040 9.701045 1.267741 6.444679 12.301895 2.824362 3.528869 6.766218 20.545721 -0.119166 14.191627 44.793819 -22.805171 14.350050 -0.140322 -18.303885 4.097552 1.514571 -6.716189 0.000000 0.000000 0.000000 0.000000 0.000000 0.000000 0.000000 0.000000 0.000000 0.000000 0.000000 0.000000 0.000000 0.000000 0.000000 0.000000 0.000000 0.000000 0.000000 0.000000 0.000000 0.000000 0.000000 0.000000 0.000000 0.000000 0.000000 0.000000 0.000000 0.000000 0.000000 0.000000 0.000000 0.000000 0.000000 0.000000 0.000000 0.000000 0.000000 0.000000 0.000000 0.000000 2.505125 -16.450090 1.271097 30.379368 -51.381783 27.804748 8.039929 1.040026 23.785566 -4.299011 -2.713838 4.275956 0.000000 0.000000 0.000000 0.000000 0.000000 0.000000 0.000000 0.000000 0.000000 0.000000 0.000000 0.000000 0.000000 0.000000 0.000000 0.000000 0.000000 0.000000 0.000000 0.000000 0.000000 0.000000 0.000000 0.000000 0.000000 0.000000 0.000000 0.000000 0.000000 0.000000 0.000000 0.000000 0.000000 0.000000 0.000000 0.000000 0.000000 0.000000 0.000000 0.000000 0.000000 0.000000
0.024709 0.815635 1.067738 -10.063748 -1.578386 -0.172684 7.181010 7.768638 -2.311524 5.239004 0.880223 -14.248484 -9.199981 -1.878330 12.226993 1.436645 -7.164164 0.000923 -18.599440 2.014436 4.389372 57.220364 -2.159687 0.616417 -6.008989 -2.102218 -8.547835 1.351835 -2.285281 -0.601780 8.806520 2.294793 -0.310227 6.931631 -5.001686 -3.247942 -6.526856 5.477850 1.026260 9.740773 1.808718 6.046820 12.111088 2.602014 3.937320 6.906306 20.001251 -0.932548 14.478397 44.919282 -25.085091 14.077929 -0.428638 -18.854272 4.080381 0.634409 -6.878103 0.000000 0.000000 0.000000 0.000000 0.000000 0.000000 0.000000 0.000000 0.000000 0.000000 0.000000 0.000000 0.000000 0.000000 0.000000 0.000000 0.000000 0.000000 0.000000 0.000000 0.000000 0.000000 0.000000 0.000000 0.000000 0.000000 0.000000 0.000000 0.000000 0.000000 0.000000 0.000000 0.000000 0.000000 0.000000 0.000000 0.000000 0.000000 0.000000 0.000000 0.000000 0.000000 3.151824 -16.416902 1.095775 29.715440 -51.322023 26.701973 8.187663 0.552518 22.991202 -4.013646 -2.592938 4.442213 0.000000 0.000000 0.000000 0.000000 0.000000 0.000000 0.000000 0.000000 0.000000 0.000000 0.000000 0.000000 0.000000 0.000000 0.000000 0.000000 0.000000 0.000000 0.000000 0.000000 0.000000 0.000000 0.000000 0.000000 0.000000 0.000000 0.000000 0.000000 0.000000 0.000000 0.000000 0.000000 0.000000 0.000000 0.000000 0.000000 0.000000 0.000000 0.000000 0.000000 0.000000 0.000000
0.022082 0.818347 1.068156 -10.368059 -1.048058 0.648181 9.283624 7.111354 -1.805090 4.675778 0.421833 -15.472584 -10.093622 -1.566475 11.982866 1.550419 -6.917824 -0.059425 -20.842059 1.386864 4.734679 52.171962 -2.653350 -0.689354 -6.464475 -2.533936 -9.070940 1.484808 -1.794206 -0.474554 9.542380 1.911620 -1.104990 6.925189 -5.394893 -3.579487 -7.068872 5.051480 0.834158 9.573244 2.305916 5.695664 11.844917 2.350726 4.416868 6.968264 19.340690 -1.716149 14.680407 44.973879 -27.222406 13.866515 -0.663548 -19.631581 4.013606 -0.106463 -7.122372 0.000000 0.000000 0.000000 0.000000 0.000000 0.000000 0.000000 0.000000 0.000000 0.000000 0.000000 0.000000 0.000000 0.000000 0.000000 0.000000 0.000000 0.000000 0.000000 0.000000 0.000000 0.000000 0.000000 0.000000 0.000000 0.000000 0.000000 0.000000 0.000000 0.000000 0.000000 0.000000 0.000000 0.000000 0.000000 0.000000 0.000000 0.000000 0.000000 0.000000 0.000000 0.000000 3.704524 -16.313039 0.815874 29.287251 -51.277477 25.736078 7.998226 0.056838 22.400351 -3.901663 -2.669071 4.513445 0.000000 0.000000 0.000000 0.000000 0.000000 0.000000 0.000000 0.000000 0.000000 0.000000 0.000000 0.000000 0.000000 0.000000 0.000000 0.000000 0.000000 0.000000 0.000000 0.000000 0.000000 0.000000 0.000000 0.000000 0.000000 0.000000 0.000000 0.000000 0.000000 0.000000 0.000000 0.000000 0.000000 0.000000 0.000000 0.000000 0.000000 0.000000 0.000000 0.000000 0.000000 0.000000
0.020820 0.820541 1.067603 -10.698058 -0.679637 1.366379 11.214182 6.462759 -1.212185 4.145211 0.187492 -16.360337 -11.099677 -1.357282 11.511587 1.720877 -6.459668 -0.109061 -22.504056 1.004616 4.958881 45.762449 -2.982935 -2.053932 -6.073556 -3.538219 -9.369760 1.575680 -1.245735 -0.316558 10.139617 1.780435 -1.721233 7.059667 -5.896999 -3.898100 -7.873903 4.698079 0.711497 9.645135 2.598067 5.360964 11.573080 2.010716 4.804674 7.302118 18.746234 -2.512102 14.545505 44.811785 -29.094986 13.615099 -0.771929 -20.626816 3.996274 -0.888620 -7.358025 0.000000 0.000000 0.000000 0.000000 0.000000 0.000000 0.000000 0.000000 0.000000 0.000000 0.000000 0.000000 0.000000 0.000000 0.000000 0.000000 0.000000 0.000000 0.000000 0.000000 0.000000 0.000000 0.000000 0.000000 0.000000 0.000000 0.000000 0.000000 0.000000 0.000000 0.000000 0.000000 0.000000 0.000000 0.000000 0.000000 0.000000 0.000000 0.000000 0.000000 0.000000 0.000000 4.579864 -16.304048 0.506599 28.835025 -51.124191 24.782901 7.850753 -0.551463 21.830726 -3.580157 -2.880071 4.490035 0.000000 0.000000 0.000000 0.000000 0.000000 0.000000 0.000000 0.000000 0.000000 0.000000 0.000000 0.000000 0.000000 0.000000 0.000000 0.000000 0.000000 0.000000 0.000000 0.000000 0.000000 0.000000 0.000000 0.000000 0.000000 0.000000 0.000000 0.000000 0.000000 0.000000 0.000000 0.000000 0.000000 0.000000 0.000000 0.000000 0.000000 0.000000 0.000000 0.000000 0.000000 0.000000
0.021684 0.822913 1.066153 -11.001823 -0.592141 1.941608 13.014680 5.976734 -0.640498 3.665808 0.125606 -17.248548 -12.278510 -1.369440 10.965959 1.832662 -5.977459 -0.223199 -23.277957 0.862738 5.044987 37.498482 -2.741572 -3.078028 -5.492634 -4.828019 -9.477399 1.622050 -0.765074 -0.148303 10.475668 1.831741 -2.211053 7.296618 -6.348028 -4.185501 -8.707561 4.433149 0.650551 9.718986 2.901739 5.058878 11.189870 1.598437 5.385065 7.530540 18.126395 -3.207854 14.309425 44.572347 -30.623152 12.962008 -0.945836 -21.875168 3.873965 -1.516626 -7.604316 0.000000 0.000000 0.000000 0.000000 0.000000 0.000000 0.000000 0.000000 0.000000 0.000000 0.000000 0.000000 0.000000 0.000000 0.000000 0.000000 0.000000 0.000000 0.000000 0.000000 0.000000 0.000000 0.000000 0.000000 0.000000 0.000000 0.000000 0.000000 0.000000 0.000000 0.000000 0.000000 0.000000 0.000000 0.000000 0.000000 0.000000 0.000000 0.000000 0.000000 0.000000 0.000000 5.397903 -16.260983 0.130252 28.707250 -51.094617 24.159139 7.352960 -0.957516 21.350396 -3.040643 -3.233455 4.429798 0.000000 0.000000 0.000000 0.000000 0.000000 0.000000 0.000000 0.000000 0.000000 0.000000 0.000000 0.000000 0.000000 0.000000 0.000000 0.000000 0.000000 0.000000 0.000000 0.000000 0.000000 0.000000 0.000000 0.000000 0.000000 0.000000 0.000000 0.000000 0.000000 0.000000 0.000000 0.000000 0.000000 0.000000 0.000000 0.000000 0.000000 0.000000 0.000000 0.000000 0.000000 0.000000
0.023407 0.826092 1.063896 -11.249349 -0.567478 2.635094 14.654756 5.483490 -0.103099 3.479303 -0.001931 -17.916954 -13.662882 -1.508951 10.276959 1.925930 -5.534625 -0.273095 -23.256398 0.704896 4.880398 29.069330 -2.193168 -3.669793 -4.516778 -6.238288 -9.361863 1.656040 -0.390426 -0.081702 10.609008 1.950714 -2.529181 7.515567 -6.741493 -4.424940 -9.236261 4.146662 0.503082 9.712906 3.042377 4.714620 11.130511 1.277826 5.869196 7.836372 17.842846 -3.728609 13.734202 44.278583 -31.532334 12.569308 -1.077592 -22.940787 3.957155 -2.001755 -7.810739 0.000000 0.000000 0.000000 0.000000 0.000000 0.000000 0.000000 0.000000 0.000000 0.000000 0.000000 0.000000 0.000000 0.000000 0.000000 0.000000 0.000000 0.000000 0.000000 0.000000 0.000000 0.000000 0.000000 0.000000 0.000000 0.000000 0.000000 0.000000 0.000000 0.000000 0.000000 0.000000 0.000000 0.000000 0.000000 0.000000 0.000000 0.000000 0.000000 0.000000 0.000000 0.000000 5.991808 -16.342480 -0.199823 28.322045 -50.985154 23.588786 6.905466 -1.174326 20.809247 -2.459063 -3.701922 4.273513 0.000000 0.000000 0.000000 0.000000 0.000000 0.000000 0.000000 0.000000 0.000000 0.000000 0.000000 0.000000 0.000000 0.000000 0.000000 0.000000 0.000000 0.000000 0.000000 0.000000 0.000000 0.000000 0.000000 0.000000 0.000000 0.000000 0.000000 0.000000 0.000000 0.000000 0.000000 0.000000 0.000000 0.000000 0.000000 0.000000 0.000000 0.000000 0.000000 0.000000 0.000000 0.000000
0.026312 0.829037 1.061310 -11.644563 -0.687906 3.200389 16.477340 5.062664 0.493995 3.352498 -0.104288 -18.621843 -15.224846 -1.642426 9.564681 2.029751 -5.091098 -0.268390 -22.732260 0.654965 4.594424 21.043796 -1.434943 -3.942316 -3.472834 -7.752818 -9.142476 1.681308 -0.015482 -0.061815 10.714866 2.148206 -2.755790 7.731920 -7.080752 -4.643929 -9.656327 3.922687 0.376036 9.594567 3.157898 4.370321 11.098599 1.020162 6.319482 8.077233 17.741302 -4.056033 12.993965 43.940459 -32.006125 12.219833 -1.202693 -23.819923 4.004265 -2.381831 -8.048339 0.000000 0.000000 0.000000 0.000000 0.000000 0.000000 0.000000 0.000000 0.000000 0.000000 0.000000 0.000000 0.000000 0.000000 0.000000 0.000000 0.000000 0.000000 0.000000 0.000000 0.000000 0.000000 0.000000 0.000000 0.000000 0.000000 0.000000 0.000000 0.000000 0.000000 0.000000 0.000000 0.000000 0.000000 0.000000 0.000000 0.000000 0.000000 0.000000 0.000000 0.000000 0.000000 6.427020 -16.502152 -0.498958 27.933691 -50.866760 23.085709 6.603356 -1.242578 20.330521 -1.778131 -4.046620 4.127218 0.000000 0.000000 0.000000 0.000000 0.000000 0.000000 0.000000 0.000000 0.000000 0.000000 0.000000 0.000000 0.000000 0.000000 0.000000 0.000000 0.000000 0.000000 0.000000 0.000000 0.000000 0.000000 0.000000 0.000000 0.000000 0.000000 0.000000 0.000000 0.000000 0.000000 0.000000 0.000000 0.000000 0.000000 0.000000 0.000000 0.000000 0.000000 0.000000 0.000000 0.000000 0.000000
0.029091 0.833122 1.058427 -12.008290 -0.747280 3.859196 18.332135 4.528973 1.081997 3.307883 -0.246346 -19.349577 -17.114840 -1.943603 8.535596 2.071409 -4.549632 -0.256046 -21.577672 0.525168 4.043259 11.310619 -0.264755 -3.802776 -3.075466 -9.334853 -9.039554 1.794851 0.206362 -0.085739 10.296994 2.416823 -3.022741 7.556569 -7.245669 -4.826932 -9.300690 3.753658 0.136471 9.266856 2.980643 4.213070 11.128527 0.705345 6.757282 7.710632 17.465014 -4.277412 12.445782 43.552263 -32.113750 12.026467 -1.268558 -24.959162 3.905121 -2.654954 -8.330307 0.000000 0.000000 0.000000 0.000000 0.000000 0.000000 0.000000 0.000000 0.000000 0.000000 0.000000 0.000000 0.000000 0.000000 0.000000 0.000000 0.000000 0.000000 0.000000 0.000000 0.000000 0.000000 0.000000 0.000000 0.000000 0.000000 0.000000 0.000000 0.000000 0.000000 0.000000 0.000000 0.000000 0.000000 0.000000 0.000000 0.000000 0.000000 0.000000 0.000000 0.000000 0.000000 6.321010 -16.881954 -0.971056 28.172473 -50.552777 22.747278 6.125232 -1.350197 19.859193 -0.844163 -4.454363 4.061236 0.000000 0.000000 0.000000 0.000000 0.000000 0.000000 0.000000 0.000000 0.000000 0.000000 0.000000 0.000000 0.000000 0.000000 0.000000 0.000000 0.000000 0.000000 0.000000 0.000000 0.000000 0.000000 0.000000 0.000000 0.000000 0.000000 0.000000 0.000000 0.000000 0.000000 0.000000 0.000000 0.000000 0.000000 0.000000 0.000000 0.000000 0.000000 0.000000 0.000000 0.000000 0.000000
0.032535 0.840140 1.055180 -12.133661 -0.856538 4.477737 19.981335 4.102776 1.583506 3.660743 -0.581888 -20.150268 -19.055771 -2.073578 7.807370 2.121532 -4.170532 -0.249690 -21.176066 0.433669 3.665382 6.200137 0.395169 -3.717408 -2.762506 -10.360909 -8.946782 1.836301 0.471779 -0.119391 10.167609 2.552370 -3.267433 7.594878 -7.453174 -5.016993 -9.276416 3.645453 -0.012449 9.284905 2.946622 4.006423 11.193502 0.523783 7.135741 7.674929 17.401340 -4.452046 11.836336 43.193892 -32.173450 11.828769 -1.473296 -25.792324 4.082163 -3.015728 -8.447130 0.000000 0.000000 0.000000 0.000000 0.000000 0.000000 0.000000 0.000000 0.000000 0.000000 0.000000 0.000000 0.000000 0.000000 0.000000 0.000000 0.000000 0.000000 0.000000 0.000000 0.000000 0.000000 0.000000 0.000000 0.000000 0.000000 0.000000 0.000000 0.000000 0.000000 0.000000 0.000000 0.000000 0.000000 0.000000 0.000000 0.000000 0.000000 0.000000 0.000000 0.000000 0.000000 6.390634 -17.121464 -1.223489 27.873985 -50.381142 22.237263 5.990577 -1.301005 19.581651 -0.226336 -4.642600 4.024683 0.000000 0.000000 0.000000 0.000000 0.000000 0.000000 0.000000 0.000000 0.000000 0.000000 0.000000 0.000000 0.000000 0.000000 0.000000 0.000000 0.000000 0.000000 0.000000 0.000000 0.000000 0.000000 0.000000 0.000000 0.000000 0.000000 0.000000 0.000000 0.000000 0.000000 0.000000 0.000000 0.000000 0.000000 0.000000 0.000000 0.000000 0.000000 0.000000 0.000000 0.000000 0.000000
0.034846 0.852170 1.051183 -11.737811 -0.748859 5.158291 21.340210 3.477346 2.017307 4.285939 -0.947562 -20.846937 -20.789097 -2.107504 7.265282 2.070872 -4.050246 -0.303542 -21.272726 0.198700 3.502780 4.095882 0.628517 -3.641235 -2.726326 -10.653977 -9.043813 1.850068 0.680681 -0.085936 9.976039 2.470462 -3.539986 7.601514 -7.646774 -5.177609 -9.266811 3.603978 -0.183277 9.225264 2.798042 3.869856 11.243042 0.472495 7.392198 7.700919 17.488668 -4.573161 11.316520 42.944567 -32.184747 11.769035 -1.742066 -26.221517 4.283199 -3.188884 -8.451527 0.000000 0.000000 0.000000 0.000000 0.000000 0.000000 0.000000 0.000000 0.000000 0.000000 0.000000 0.000000 0.000000 0.000000 0.000000 0.000000 0.000000 0.000000 0.000000 0.000000 0.000000 0.000000 0.000000 0.000000 0.000000 0.000000 0.000000 0.000000 0.000000 0.000000 0.000000 0.000000 0.000000 0.000000 0.000000 0.000000 0.000000 0.000000 0.000000 0.000000 0.000000 0.000000 6.393934 -17.472869 -1.445449 27.708691 -50.169626 21.863920 5.928170 -1.162453 19.148824 0.148663 -4.793715 3.924135 0.000000 0.000000 0.000000 0.000000 0.000000 0.000000 0.000000 0.000000 0.000000 0.000000 0.000000 0.000000 0.000000 0.000000 0.000000 0.000000 0.000000 0.000000 0.000000 0.000000 0.000000 0.000000 0.000000 0.000000 0.000000 0.000000 0.000000 0.000000 0.000000 0.000000 0.000000 0.000000 0.000000 0.000000 0.000000 0.000000 0.000000 0.000000 0.000000 0.000000 0.000000 0.000000
0.036065 0.867399 1.047111 -11.118772 -0.431294 5.887539 22.184305 2.623875 2.198204 5.904703 -1.414547 -21.495663 -22.248878 -2.079630 6.927345 1.939636 -4.169744 -0.335507 -21.738578 -0.352755 3.728153 4.991447 0.515958 -3.476653 -2.448023 -10.271082 -9.261868 1.791779 0.762974 -0.010270 9.603004 2.061064 -3.881287 7.364316 -7.693638 -5.314729 -9.011070 3.575560 -0.443608 9.133050 2.704941 3.725645 11.303659 0.587748 7.514103 7.657965 17.714337 -4.583329 11.130467 42.968769 -32.056118 11.712164 -2.130410 -26.521621 4.523225 -3.144196 -8.647448 0.000000 0.000000 0.000000 0.000000 0.000000 0.000000 0.000000 0.000000 0.000000 0.000000 0.000000 0.000000 0.000000 0.000000 0.000000 0.000000 0.000000 0.000000 0.000000 0.000000 0.000000 0.000000 0.000000 0.000000 0.000000 0.000000 0.000000 0.000000 0.000000 0.000000 0.000000 0.000000 0.000000 0.000000 0.000000 0.000000 0.000000 0.000000 0.000000 0.000000 0.000000 0.000000 6.236125 -17.830782 -1.615568 27.521067 -49.949626 21.378558 6.102369 -1.057111 18.718696 0.357008 -5.030394 3.890519 0.000000 0.000000 0.000000 0.000000 0.000000 0.000000 0.000000 0.000000 0.000000 0.000000 0.000000 0.000000 0.000000 0.000000 0.000000 0.000000 0.000000 0.000000 0.000000 0.000000 0.000000 0.000000 0.000000 0.000000 0.000000 0.000000 0.000000 0.000000 0.000000 0.000000 0.000000 0.000000 0.000000 0.000000 0.000000 0.000000 0.000000 0.000000 0.000000 0.000000 0.000000 0.000000
0.035843 0.886439 1.043369 -10.088072 0.170178 6.461885 22.475993 1.465310 2.621015 8.378628 -1.820245 -22.105189 -23.067909 -1.784502 6.671951 1.674986 -4.437466 -0.411720 -22.868736 -1.063058 3.965606 8.612363 -0.288972 -3.483227 -2.087716 -9.221949 -9.283600 1.622112 0.850863 0.130268 8.983569 1.378399 -4.139662 7.267118 -7.790041 -5.464043 -8.997685 3.672489 -0.558861 9.328537 2.612011 3.854774 11.458435 0.919294 7.503994 7.825573 18.011998 -4.530308 11.106601 42.881610 -31.717451 11.901401 -2.532734 -26.833190 4.458220 -3.376293 -8.886049 0.000000 0.000000 0.000000 0.000000 0.000000 0.000000 0.000000 0.000000 0.000000 0.000000 0.000000 0.000000 0.000000 0.000000 0.000000 0.000000 0.000000 0.000000 0.000000 0.000000 0.000000 0.000000 0.000000 0.000000 0.000000 0.000000 0.000000 0.000000 0.000000 0.000000 0.000000 0.000000 0.000000 0.000000 0.000000 0.000000 0.000000 0.000000 0.000000 0.000000 0.000000 0.000000 6.207459 -18.222436 -1.783721 27.169767 -49.482119 20.713496 7.038950 -0.996807 18.515382 0.421348 -4.991644 3.943963 0.000000 0.000000 0.000000 0.000000 0.000000 0.000000 0.000000 0.000000 0.000000 0.000000 0.000000 0.000000 0.000000 0.000000 0.000000 0.000000 0.000000 0.000000 0.000000 0.000000 0.000000 0.000000 0.000000 0.000000 0.000000 0.000000 0.000000 0.000000 0.000000 0.000000 0.000000 0.000000 0.000000 0.000000 0.000000 0.000000 0.000000 0.000000 0.000000 0.000000 0.000000 0.000000
0.036145 0.905439 1.041008 -9.188836 0.780122 7.105454 22.113981 0.186643 2.632395 12.292408 -2.359305 -22.358192 -22.763454 -1.008071 6.656163 1.547326 -4.779569 -0.449892 -23.782569 -1.987834 4.496303 13.373789 -0.965897 -3.314510 -1.312273 -8.065284 -9.350354 1.534748 0.836153 0.248715 8.315970 0.565007 -4.410219 6.888896 -7.718164 -5.556213 -8.512102 3.696824 -0.765044 9.354173 2.505310 3.795409 11.568006 1.298041 7.578329 7.859397 18.439918 -4.332993 11.354366 43.217627 -31.424594 11.940552 -2.890381 -26.696259 4.298472 -3.284730 -9.086339 0.000000 0.000000 0.000000 0.000000 0.000000 0.000000 0.000000 0.000000 0.000000 0.000000 0.000000 0.000000 0.000000 0.000000 0.000000 0.000000 0.000000 0.000000 0.000000 0.000000 0.000000 0.000000 0.000000 0.000000 0.000000 0.000000 0.000000 0.000000 0.000000 0.000000 0.000000 0.000000 0.000000 0.000000 0.000000 0.000000 0.000000 0.000000 0.000000 0.000000 0.000000 0.000000 6.056468 -18.621096 -1.831340 26.822850 -49.127021 20.302080 7.476776 -1.002637 18.078979 0.406833 -5.090143 3.903866 0.000000 0.000000 0.000000 0.000000 0.000000 0.000000 0.000000 0.000000 0.000000 0.000000 0.000000 0.000000 0.000000 0.000000 0.000000 0.000000 0.000000 0.000000 0.000000 0.000000 0.000000 0.000000 0.000000 0.000000 0.000000 0.000000 0.000000 0.000000 0.000000 0.000000 0.000000 0.000000 0.000000 0.000000 0.000000 0.000000 0.000000 0.000000 0.000000 0.000000 0.000000 0.000000
0.036623 0.923906 1.040563 -8.338056 1.449555 7.374874 21.558550 -1.016559 2.744588 16.689374 -2.839233 -22.218579 -20.380026 0.468864 7.076153 1.566904 -4.971263 -0.465556 -24.387197 -3.007848 4.911684 17.691325 -1.634186 -3.264909 -0.979688 -6.640799 -9.347528 1.467651 0.707311 0.294629 7.826723 -0.259875 -4.687144 6.507470 -7.663430 -5.582103 -8.099030 3.686685 -0.879101 9.364677 2.473901 3.981157 11.845668 1.765692 7.924541 7.888575 18.867174 -4.008080 11.672822 43.759549 -30.856094 11.972209 -3.239512 -26.439433 3.925528 -3.088049 -9.214381 0.000000 0.000000 0.000000 0.000000 0.000000 0.000000 0.000000 0.000000 0.000000 0.000000 0.000000 0.000000 0.000000 0.000000 0.000000 0.000000 0.000000 0.000000 0.000000 0.000000 0.000000 0.000000 0.000000 0.000000 0.000000 0.000000 0.000000 0.000000 0.000000 0.000000 0.000000 0.000000 0.000000 0.000000 0.000000 0.000000 0.000000 0.000000 0.000000 0.000000 0.000000 0.000000 5.896349 -18.774428 -1.865524 26.596054 -48.881937 20.107594 7.878596 -0.944846 17.762948 0.010075 -5.215058 3.827572 0.000000 0.000000 0.000000 0.000000 0.000000 0.000000 0.000000 0.000000 0.000000 0.000000 0.000000 0.000000 0.000000 0.000000 0.000000 0.000000 0.000000 0.000000 0.000000 0.000000 0.000000 0.000000 0.000000 0.000000 0.000000 0.000000 0.000000 0.000000 0.000000 0.000000 0.000000 0.000000 0.000000 0.000000 0.000000 0.000000 0.000000 0.000000 0.000000 0.000000 0.000000 0.000000
0.037084 0.940165 1.042153 -7.765879 2.177736 7.244655 20.551810 -2.171765 2.883506 21.899062 -3.051004 -21.388973 -15.876715 2.767816 7.637351 1.663288 -5.074742 -0.403801 -24.482699 -4.099742 5.103724 20.913628 -2.309889 -3.342564 -0.665875 -5.115953 -9.430855 1.432618 0.400981 0.254442 7.412624 -1.111106 -4.920108 6.049292 -7.424908 -5.518715 -7.432318 3.589272 -0.994684 9.206542 2.276337 4.221438 11.997743 2.004187 8.189747 7.594625 19.200911 -3.560044 12.076830 44.418407 -30.033130 12.198880 -3.576733 -26.148156 3.428169 -2.545650 -9.389590 0.000000 0.000000 0.000000 0.000000 0.000000 0.000000 0.000000 0.000000 0.000000 0.000000 0.000000 0.000000 0.000000 0.000000 0.000000 0.000000 0.000000 0.000000 0.000000 0.000000 0.000000 0.000000 0.000000 0.000000 0.000000 0.000000 0.000000 0.000000 0.000000 0.000000 0.000000 0.000000 0.000000 0.000000 0.000000 0.000000 0.000000 0.000000 0.000000 0.000000 0.000000 0.000000 5.575170 -18.768420 -1.755430 26.327919 -48.701272 19.932865 8.424592 -0.892618 17.678756 -0.669341 -5.286386 3.719621 0.000000 0.000000 0.000000 0.000000 0.000000 0.000000 0.000000 0.000000 0.000000 0.000000 0.000000 0.000000 0.000000 0.000000 0.000000 0.000000 0.000000 0.000000 0.000000 0.000000 0.000000 0.000000 0.000000 0.000000 0.000000 0.000000 0.000000 0.000000 0.000000 0.000000 0.000000 0.000000 0.000000 0.000000 0.000000 0.000000 0.000000 0.000000 0.000000 0.000000 0.000000 0.000000
0.036059 0.954737 1.045171 -7.356820 3.131977 6.922425 17.690548 -3.797574 2.969556 30.197880 -3.490567 -20.511034 -8.956031 5.805686 7.033391 1.882730 -4.945285 -0.360745 -24.084972 -5.715278 5.067496 23.326164 -2.777148 -3.505599 -0.308279 -3.412846 -8.898670 1.373073 0.212895 0.192788 7.199743 -2.015355 -4.940702 5.767277 -7.245137 -5.485008 -6.985090 3.272982 -1.169331 9.038541 2.175301 4.228319 12.206721 2.135847 8.231448 7.520099 19.562330 -2.990921 12.667116 45.234597 -29.041343 12.937113 -3.798518 -25.549766 2.846863 -1.950286 -9.108892 0.000000 0.000000 0.000000 0.000000 0.000000 0.000000 0.000000 0.000000 0.000000 0.000000 0.000000 0.000000 0.000000 0.000000 0.000000 0.000000 0.000000 0.000000 0.000000 0.000000 0.000000 0.000000 0.000000 0.000000 0.000000 0.000000 0.000000 0.000000 0.000000 0.000000 0.000000 0.000000 0.000000 0.000000 0.000000 0.000000 0.000000 0.000000 0.000000 0.000000 0.000000 0.000000 5.430427 -18.465681 -1.679001 25.880083 -48.632291 19.944563 9.310646 -0.803587 17.745740 -1.852662 -5.311143 3.358229 0.000000 0.000000 0.000000 0.000000 0.000000 0.000000 0.000000 0.000000 0.000000 0.000000 0.000000 0.000000 0.000000 0.000000 0.000000 0.000000 0.000000 0.000000 0.000000 0.000000 0.000000 0.000000 0.000000 0.000000 0.000000 0.000000 0.000000 0.000000 0.000000 0.000000 0.000000 0.000000 0.000000 0.000000 0.000000 0.000000 0.000000 0.000000 0.000000 0.000000 0.000000 0.000000
0.035515 0.965464 1.049082 -7.238214 3.875919 6.553298 14.407734 -5.024269 2.847393 37.584403 -3.474760 -18.342242 -2.838199 8.080711 6.493558 2.087228 -4.659809 -0.290305 -23.099026 -6.962226 4.920008 24.660132 -3.270649 -3.677425 -0.928290 -1.618193 -8.199883 1.326003 -0.061050 0.057348 7.195902 -2.878681 -4.775206 5.393262 -6.900222 -5.386513 -6.409151 2.964819 -1.280390 8.529686 2.007428 4.295905 12.349474 2.128996 8.416626 7.130668 19.792519 -2.677927 13.104712 46.093365 -28.274499 13.633054 -3.909836 -24.703332 2.539446 -1.285800 -8.746408 0.000000 0.000000 0.000000 0.000000 0.000000 0.000000 0.000000 0.000000 0.000000 0.000000 0.000000 0.000000 0.000000 0.000000 0.000000 0.000000 0.000000 0.000000 0.000000 0.000000 0.000000 0.000000 0.000000 0.000000 0.000000 0.000000 0.000000 0.000000 0.000000 0.000000 0.000000 0.000000 0.000000 0.000000 0.000000 0.000000 0.000000 0.000000 0.000000 0.000000 0.000000 0.000000 5.047540 -18.156086 -1.466899 25.669937 -48.613730 20.009718 9.685284 -0.712916 17.956423 -3.057208 -5.150380 3.120238 0.000000 0.000000 0.000000 0.000000 0.000000 0.000000 0.000000 0.000000 0.000000 0.000000 0.000000 0.000000 0.000000 0.000000 0.000000 0.000000 0.000000 0.000000 0.000000 0.000000 0.000000 0.000000 0.000000 0.000000 0.000000 0.000000 0.000000 0.000000 0.000000 0.000000 0.000000 0.000000 0.000000 0.000000 0.000000 0.000000 0.000000 0.000000 0.000000 0.000000 0.000000 0.000000
0.034946 0.972794 1.053914 -7.458194 4.463074 5.948067 10.868915 -5.890071 2.397646 44.289920 -3.230225 -15.721420 1.540386 9.292500 6.388180 2.068597 -4.519077 -0.225249 -21.485563 -8.246714 4.796695 25.685840 -3.571439 -3.717007 -2.150419 0.240865 -7.610823 1.227432 -0.354544 -0.084644 7.463327 -3.758498 -4.386831 4.799155 -6.511878 -5.257364 -5.666256 2.658563 -1.373494 7.845418 1.814960 4.343397 12.474162 2.191583 8.515676 6.621744 20.104528 -2.230590 13.508842 46.954751 -27.425979 14.422260 -3.939310 -24.167498 2.447914 -0.680304 -8.308181 0.000000 0.000000 0.000000 0.000000 0.000000 0.000000 0.000000 0.000000 0.000000 0.000000 0.000000 0.000000 0.000000 0.000000 0.000000 0.000000 0.000000 0.000000 0.000000 0.000000 0.000000 0.000000 0.000000 0.000000 0.000000 0.000000 0.000000 0.000000 0.000000 0.000000 0.000000 0.000000 0.000000 0.000000 0.000000 0.000000 0.000000 0.000000 0.000000 0.000000 0.000000 0.000000 4.446307 -17.863593 -1.181446 25.464854 -48.446569 20.051413 9.932770 -0.665022 18.299037 -3.902277 -4.763340 2.869633 0.000000 0.000000 0.000000 0.000000 0.000000 0.000000 0.000000 0.000000 0.000000 0.000000 0.000000 0.000000 0.000000 0.000000 0.000000 0.000000 0.000000 0.000000 0.000000 0.000000 0.000000 0.000000 0.000000 0.000000 0.000000 0.000000 0.000000 0.000000 0.000000 0.000000 0.000000 0.000000 0.000000 0.000000 0.000000 0.000000 0.000000 0.000000 0.000000 0.000000 0.000000 0.000000
0.034709 0.977296 1.059937 -7.945822 4.823715 5.268250 7.570385 -6.145302 1.723141 49.359201 -2.873500 -13.340302 2.806738 9.231633 7.138800 2.066310 -4.459561 -0.218910 -19.066035 -9.205422 4.771029 25.706955 -3.526817 -3.313716 -3.345257 1.522666 -7.227131 1.147929 -0.527562 -0.155742 7.995367 -4.156174 -3.756313 4.370700 -6.227291 -5.149646 -5.127347 2.402650 -1.362282 7.441535 1.592888 4.287909 12.599547 2.179542 8.494899 6.355992 20.442923 -1.893921 13.688986 47.562937 -26.461840 15.073428 -3.911415 -23.937180 2.446636 -0.215073 -7.973660 0.000000 0.000000 0.000000 0.000000 0.000000 0.000000 0.000000 0.000000 0.000000 0.000000 0.000000 0.000000 0.000000 0.000000 0.000000 0.000000 0.000000 0.000000 0.000000 0.000000 0.000000 0.000000 0.000000 0.000000 0.000000 0.000000 0.000000 0.000000 0.000000 0.000000 0.000000 0.000000 0.000000 0.000000 0.000000 0.000000 0.000000 0.000000 0.000000 0.000000 0.000000 0.000000 3.916717 -17.656154 -0.868234 25.157042 -48.444100 20.222663 9.932815 -0.393196 18.755125 -4.260383 -4.374862 2.666602 0.000000 0.000000 0.000000 0.000000 0.000000 0.000000 0.000000 0.000000 0.000000 0.000000 0.000000 0.000000 0.000000 0.000000 0.000000 0.000000 0.000000 0.000000 0.000000 0.000000 0.000000 0.000000 0.000000 0.000000 0.000000 0.000000 0.000000 0.000000 0.000000 0.000000 0.000000 0.000000 0.000000 0.000000 0.000000 0.000000 0.000000 0.000000 0.000000 0.000000 0.000000 0.000000
0.035355 0.980897 1.066860 -8.427094 4.885536 4.322082 3.186988 -6.164849 0.942528 54.613894 -2.190763 -10.977067 2.482629 8.021238 8.341136 1.940557 -4.417814 -0.271795 -15.697854 -10.048270 4.390571 24.089595 -2.800439 -2.446609 -4.520510 2.404948 -6.870521 1.008204 -0.773003 -0.280155 8.753039 -4.432516 -2.714804 4.223028 -5.879735 -4.926104 -4.939207 2.132100 -1.362208 7.052314 1.491552 4.030273 12.498651 2.203347 8.448559 6.180784 20.812024 -1.461058 13.914649 48.012053 -25.417675 16.143043 -3.677315 -23.147608 1.883311 0.274033 -7.457125 0.000000 0.000000 0.000000 0.000000 0.000000 0.000000 0.000000 0.000000 0.000000 0.000000 0.000000 0.000000 0.000000 0.000000 0.000000 0.000000 0.000000 0.000000 0.000000 0.000000 0.000000 0.000000 0.000000 0.000000 0.000000 0.000000 0.000000 0.000000 0.000000 0.000000 0.000000 0.000000 0.000000 0.000000 0.000000 0.000000 0.000000 0.000000 0.000000 0.000000 0.000000 0.000000 3.419285 -17.188577 -0.601784 24.736493 -48.321700 20.325224 10.026769 -0.170505 19.822186 -5.200686 -3.741349 2.664989 0.000000 0.000000 0.000000 0.000000 0.000000 0.000000 0.000000 0.000000 0.000000 0.000000 0.000000 0.000000 0.000000 0.000000 0.000000 0.000000 0.000000 0.000000 0.000000 0.000000 0.000000 0.000000 0.000000 0.000000 0.000000 0.000000 0.000000 0.000000 0.000000 0.000000 0.000000 0.000000 0.000000 0.000000 0.000000 0.000000 0.000000 0.000000 0.000000 0.000000 0.000000 0.000000
0.037238 0.981747 1.074369 -9.178582 4.573234 3.346729 -0.446674 -5.641567 0.077130 57.566254 -1.381460 -9.310162 0.080473 6.452013 9.542558 1.770257 -4.567987 -0.302044 -12.313330 -10.194645 4.065353 22.526879 -2.071491 -1.525900 -5.394931 2.557141 -6.543824 0.879742 -1.139155 -0.348525 9.430200 -4.288454 -1.530162 3.913808 -5.444428 -4.696921 -4.497454 2.067762 -1.207096 7.007011 1.253315 3.988529 12.446866 2.201440 8.057459 5.892627 21.057234 -1.011566 13.898664 48.240581 -24.181211 16.983854 -3.358365 -22.814450 1.498989 0.693070 -7.377372 0.000000 0.000000 0.000000 0.000000 0.000000 0.000000 0.000000 0.000000 0.000000 0.000000 0.000000 0.000000 0.000000 0.000000 0.000000 0.000000 0.000000 0.000000 0.000000 0.000000 0.000000 0.000000 0.000000 0.000000 0.000000 0.000000 0.000000 0.000000 0.000000 0.000000 0.000000 0.000000 0.000000 0.000000 0.000000 0.000000 0.000000 0.000000 0.000000 0.000000 0.000000 0.000000 2.845015 -16.948793 -0.325919 24.507140 -48.447695 20.590887 10.050229 0.186118 20.842281 -5.316145 -3.236301 2.695906 0.000000 0.000000 0.000000 0.000000 0.000000 0.000000 0.000000 0.000000 0.000000 0.000000 0.000000 0.000000 0.000000 0.000000 0.000000 0.000000 0.000000 0.000000 0.000000 0.000000 0.000000 0.000000 0.000000 0.000000 0.000000 0.000000 0.000000 0.000000 0.000000 0.000000 0.000000 0.000000 0.000000 0.000000 0.000000 0.000000 0.000000 0.000000 0.000000 0.000000 0.000000 0.000000
0.039502 0.982954 1.081929 -9.792102 4.124411 2.272221 -4.089923 -4.900247 -0.799604 59.239497 -0.329148 -8.106401 -2.361809 4.878746 10.475784 1.621806 -4.596714 -0.381612 -8.603584 -10.042402 3.662912 19.959809 -1.155361 -0.442564 -6.009240 2.449512 -6.239273 0.688801 -1.477562 -0.446186 9.942137 -3.905804 -0.205378 3.904821 -5.077578 -4.413633 -4.450259 2.133418 -0.953627 7.280174 1.039018 3.910101 12.406273 2.102506 7.584129 5.862204 21.367393 -0.501561 13.782668 48.180959 -22.884858 17.461383 -2.930320 -22.551504 1.111793 1.165614 -7.425160 0.000000 0.000000 0.000000 0.000000 0.000000 0.000000 0.000000 0.000000 0.000000 0.000000 0.000000 0.000000 0.000000 0.000000 0.000000 0.000000 0.000000 0.000000 0.000000 0.000000 0.000000 0.000000 0.000000 0.000000 0.000000 0.000000 0.000000 0.000000 0.000000 0.000000 0.000000 0.000000 0.000000 0.000000 0.000000 0.000000 0.000000 0.000000 0.000000 0.000000 0.000000 0.000000 2.489649 -16.636309 -0.041177 24.443938 -48.574837 21.120745 10.017244 0.621730 22.098171 -5.515500 -2.933883 2.770888 0.000000 0.000000 0.000000 0.000000 0.000000 0.000000 0.000000 0.000000 0.000000 0.000000 0.000000 0.000000 0.000000 0.000000 0.000000 0.000000 0.000000 0.000000 0.000000 0.000000 0.000000 0.000000 0.000000 0.000000 0.000000 0.000000 0.000000 0.000000 0.000000 0.000000 0.000000 0.000000 0.000000 0.000000 0.000000 0.000000 0.000000 0.000000 0.000000 0.000000 0.000000 0.000000
0.041567 0.984266 1.088968 -10.324548 3.695763 1.180903 -7.253202 -4.122893 -1.573852 59.156478 0.586278 -7.393814 -4.458363 3.600771 10.930813 1.480291 -4.565259 -0.461089 -4.918095 -9.703067 3.345386 17.192033 -0.391711 0.582678 -6.280993 2.111668 -5.927817 0.548585 -1.831937 -0.508103 10.244399 -3.390549 1.069418 3.807209 -4.765638 -4.109867 -4.542251 2.154928 -0.593518 7.689545 0.769726 3.911904 12.332451 1.831077 7.017108 5.853550 21.516879 0.063638 13.784381 48.097320 -21.520901 17.873622 -2.426373 -22.497508 1.074253 1.495431 -7.513221 0.000000 0.000000 0.000000 0.000000 0.000000 0.000000 0.000000 0.000000 0.000000 0.000000 0.000000 0.000000 0.000000 0.000000 0.000000 0.000000 0.000000 0.000000 0.000000 0.000000 0.000000 0.000000 0.000000 0.000000 0.000000 0.000000 0.000000 0.000000 0.000000 0.000000 0.000000 0.000000 0.000000 0.000000 0.000000 0.000000 0.000000 0.000000 0.000000 0.000000 0.000000 0.000000 2.239407 -16.273118 0.149282 24.443766 -48.727708 21.765114 9.850500 0.918712 23.081429 -5.573195 -2.590353 2.810194 0.000000 0.000000 0.000000 0.000000 0.000000 0.000000 0.000000 0.000000 0.000000 0.000000 0.000000 0.000000 0.000000 0.000000 0.000000 0.000000 0.000000 0.000000 0.000000 0.000000 0.000000 0.000000 0.000000 0.000000 0.000000 0.000000 0.000000 0.000000 0.000000 0.000000 0.000000 0.000000 0.000000 0.000000 0.000000 0.000000 0.000000 0.000000 0.000000 0.000000 0.000000 0.000000
0.046866 0.989612 1.094361 -10.171849 2.778753 -0.029229 -10.703524 -3.117260 -2.294126 57.005446 2.112157 -6.202056 -6.151264 2.029265 11.541923 1.507152 -3.988336 -0.476593 -1.179643 -8.564272 2.241988 13.119796 0.365339 1.612232 -6.406347 1.334073 -5.006378 0.218488 -1.935971 -0.744211 10.314017 -2.501859 2.540794 4.410876 -4.520588 -3.637843 -5.424357 2.417052 -0.243550 8.831612 0.744408 4.136903 12.045260 1.572665 6.397657 6.398317 22.256073 0.663960 13.288735 47.366084 -19.972401 17.993761 -1.629153 -22.050277 0.861678 1.529472 -7.504412 0.000000 0.000000 0.000000 0.000000 0.000000 0.000000 0.000000 0.000000 0.000000 0.000000 0.000000 0.000000 0.000000 0.000000 0.000000 0.000000 0.000000 0.000000 0.000000 0.000000 0.000000 0.000000 0.000000 0.000000 0.000000 0.000000 0.000000 0.000000 0.000000 0.000000 0.000000 0.000000 0.000000 0.000000 0.000000 0.000000 0.000000 0.000000 0.000000 0.000000 0.000000 0.000000 2.524599 -15.957541 0.391477 23.786584 -48.728771 22.253828 9.636398 1.195168 24.968426 -6.639554 -2.617003 3.156762 0.000000 0.000000 0.000000 0.000000 0.000000 0.000000 0.000000 0.000000 0.000000 0.000000 0.000000 0.000000 0.000000 0.000000 0.000000 0.000000 0.000000 0.000000 0.000000 0.000000 0.000000 0.000000 0.000000 0.000000 0.000000 0.000000 0.000000 0.000000 0.000000 0.000000 0.000000 0.000000 0.000000 0.000000 0.000000 0.000000 0.000000 0.000000 0.000000 0.000000 0.000000 0.000000
0.050850 0.993439 1.098143 -10.299078 2.157288 -1.051037 -12.608076 -2.422770 -2.630827 52.452277 3.073792 -5.318391 -7.594361 1.400791 11.788332 1.637214 -3.711279 -0.433844 2.001998 -7.680354 1.426484 10.907192 0.731989 2.312109 -6.612599 0.765022 -4.427471 0.068189 -2.082924 -0.870152 10.592623 -1.818413 3.607048 4.601486 -4.288408 -3.323667 -5.881340 2.539847 0.133079 9.402663 0.522826 4.185424 11.978313 1.367869 5.702582 6.733889 22.473340 1.211867 13.208658 47.011190 -18.608917 18.109588 -1.007606 -21.924750 0.806079 1.489047 -7.411598 0.000000 0.000000 0.000000 0.000000 0.000000 0.000000 0.000000 0.000000 0.000000 0.000000 0.000000 0.000000 0.000000 0.000000 0.000000 0.000000 0.000000 0.000000 0.000000 0.000000 0.000000 0.000000 0.000000 0.000000 0.000000 0.000000 0.000000 0.000000 0.000000 0.000000 0.000000 0.000000 0.000000 0.000000 0.000000 0.000000 0.000000 0.000000 0.000000 0.000000 0.000000 0.000000 2.509193 -15.397386 0.731651 23.788011 -48.819159 23.280117 9.397259 1.352049 26.256586 -7.462230 -2.380991 3.332777 0.000000 0.000000 0.000000 0.000000 0.000000 0.000000 0.000000 0.000000 0.000000 0.000000 0.000000 0.000000 0.000000 0.000000 0.000000 0.000000 0.000000 0.000000 0.000000 0.000000 0.000000 0.000000 0.000000 0.000000 0.000000 0.000000 0.000000 0.000000 0.000000 0.000000 0.000000 0.000000 0.000000 0.000000 0.000000 0.000000 0.000000 0.000000 0.000000 0.000000 0.000000 0.000000
0.052587 0.999578 1.100006 -10.168296 1.956283 -1.963679 -14.390036 -1.967781 -2.745814 46.772673 3.505862 -4.509170 -7.880176 1.518177 11.650882 1.815823 -3.317876 -0.397509 4.998502 -7.003365 0.564854 8.512534 0.918621 2.971226 -6.612225 0.168539 -3.688456 -0.038141 -2.170658 -0.976299 10.840032 -1.309819 4.575256 5.003355 -4.057997 -2.953474 -6.613729 2.558125 0.540128 9.757994 0.389228 4.305745 11.899241 1.149779 5.072916 7.147401 22.822960 1.831010 13.179239 46.700310 -17.188874 18.078525 -0.544220 -21.823714 0.702033 1.620781 -7.324567 0.000000 0.000000 0.000000 0.000000 0.000000 0.000000 0.000000 0.000000 0.000000 0.000000 0.000000 0.000000 0.000000 0.000000 0.000000 0.000000 0.000000 0.000000 0.000000 0.000000 0.000000 0.000000 0.000000 0.000000 0.000000 0.000000 0.000000 0.000000 0.000000 0.000000 0.000000 0.000000 0.000000 0.000000 0.000000 0.000000 0.000000 0.000000 0.000000 0.000000 0.000000 0.000000 2.708299 -14.827553 1.121521 23.494218 -48.597066 24.216131 9.209929 1.446907 27.859610 -8.525538 -2.093195 3.473826 0.000000 0.000000 0.000000 0.000000 0.000000 0.000000 0.000000 0.000000 0.000000 0.000000 0.000000 0.000000 0.000000 0.000000 0.000000 0.000000 0.000000 0.000000 0.000000 0.000000 0.000000 0.000000 0.000000 0.000000 0.000000 0.000000 0.000000 0.000000 0.000000 0.000000 0.000000 0.000000 0.000000 0.000000 0.000000 0.000000 0.000000 0.000000 0.000000 0.000000 0.000000 0.000000
0.052529 1.006602 1.100144 -9.985226 2.074256 -2.744584 -15.608782 -1.703532 -2.600589 40.317978 3.435126 -3.981993 -7.603301 2.032800 11.252285 1.932478 -3.005591 -0.368662 7.832263 -6.614183 -0.229056 6.465640 1.001666 3.639838 -6.695385 -0.222580 -3.147093 -0.136588 -2.299720 -1.015486 11.054564 -1.108905 5.341267 5.309169 -3.747149 -2.525747 -7.092979 2.502930 0.867053 9.903066 0.233934 4.463119 11.770506 1.099675 4.357953 7.334609 23.070402 2.534418 13.239741 46.557838 -15.883068 18.139737 -0.099870 -21.538989 0.789354 1.835581 -7.159379 0.000000 0.000000 0.000000 0.000000 0.000000 0.000000 0.000000 0.000000 0.000000 0.000000 0.000000 0.000000 0.000000 0.000000 0.000000 0.000000 0.000000 0.000000 0.000000 0.000000 0.000000 0.000000 0.000000 0.000000 0.000000 0.000000 0.000000 0.000000 0.000000 0.000000 0.000000 0.000000 0.000000 0.000000 0.000000 0.000000 0.000000 0.000000 0.000000 0.000000 0.000000 0.000000 2.739728 -14.199296 1.526634 23.174095 -48.255952 25.207735 8.954809 1.372915 28.998231 -9.565900 -1.680995 3.514685 0.000000 0.000000 0.000000 0.000000 0.000000 0.000000 0.000000 0.000000 0.000000 0.000000 0.000000 0.000000 0.000000 0.000000 0.000000 0.000000 0.000000 0.000000 0.000000 0.000000 0.000000 0.000000 0.000000 0.000000 0.000000 0.000000 0.000000 0.000000 0.000000 0.000000 0.000000 0.000000 0.000000 0.000000 0.000000 0.000000 0.000000 0.000000 0.000000 0.000000 0.000000 0.000000
0.053085 1.014596 1.098664 -9.688139 2.112066 -3.933019 -15.902378 -1.644024 -1.973767 29.508165 2.892649 -2.404812 -6.734555 3.338512 11.150218 2.204158 -2.713060 -0.207278 10.812012 -6.222182 -1.093474 4.199771 1.078819 4.541444 -7.242142 -0.521966 -2.213112 -0.053797 -2.373127 -1.130778 11.256467 -1.231747 5.906829 6.088423 -3.277981 -1.947973 -7.792268 2.323536 1.316113 9.573379 0.474544 4.816408 11.655107 0.842668 3.817368 6.982731 23.596963 3.379868 13.346817 46.344792 -14.465972 17.740514 0.402663 -20.767564 0.963760 2.252619 -7.162743 0.000000 0.000000 0.000000 0.000000 0.000000 0.000000 0.000000 0.000000 0.000000 0.000000 0.000000 0.000000 0.000000 0.000000 0.000000 0.000000 0.000000 0.000000 0.000000 0.000000 0.000000 0.000000 0.000000 0.000000 0.000000 0.000000 0.000000 0.000000 0.000000 0.000000 0.000000 0.000000 0.000000 0.000000 0.000000 0.000000 0.000000 0.000000 0.000000 0.000000 0.000000 0.000000 2.463661 -13.362464 2.134105 22.670562 -47.941119 26.196099 8.789586 1.600533 30.790616 -10.423355 -0.916024 3.987933 0.000000 0.000000 0.000000 0.000000 0.000000 0.000000 0.000000 0.000000 0.000000 0.000000 0.000000 0.000000 0.000000 0.000000 0.000000 0.000000 0.000000 0.000000 0.000000 0.000000 0.000000 0.000000 0.000000 0.000000 0.000000 0.000000 0.000000 0.000000 0.000000 0.000000 0.000000 0.000000 0.000000 0.000000 0.000000 0.000000 0.000000 0.000000 0.000000 0.000000 0.000000 0.000000
0.052276 1.022824 1.095499 -9.498381 2.359716 -4.822137 -15.711466 -1.548218 -1.358769 20.455620 1.970460 -1.931300 -6.045875 4.405355 10.599637 2.364275 -2.598694 -0.036317 13.263530 -6.035154 -1.778252 3.127095 1.110260 5.467022 -7.910010 -0.500499 -2.012893 0.021116 -2.487999 -1.214497 11.164016 -1.499342 6.396340 6.421613 -2.822142 -1.506139 -7.809657 2.268309 1.565679 9.513776 0.414581 5.059895 11.647062 0.920852 3.159277 6.620905 23.846924 4.097711 13.386303 46.267139 -13.214581 17.820535 0.814042 -20.205569 1.124682 2.306641 -7.075769 0.000000 0.000000 0.000000 0.000000 0.000000 0.000000 0.000000 0.000000 0.000000 0.000000 0.000000 0.000000 0.000000 0.000000 0.000000 0.000000 0.000000 0.000000 0.000000 0.000000 0.000000 0.000000 0.000000 0.000000 0.000000 0.000000 0.000000 0.000000 0.000000 0.000000 0.000000 0.000000 0.000000 0.000000 0.000000 0.000000 0.000000 0.000000 0.000000 0.000000 0.000000 0.000000 2.035888 -12.737984 2.564386 22.428419 -47.627981 27.115781 8.581679 1.515626 31.778268 -11.273662 -0.378153 4.384960 0.000000 0.000000 0.000000 0.000000 0.000000 0.000000 0.000000 0.000000 0.000000 0.000000 0.000000 0.000000 0.000000 0.000000 0.000000 0.000000 0.000000 0.000000 0.000000 0.000000 0.000000 0.000000 0.000000 0.000000 0.000000 0.000000 0.000000 0.000000 0.000000 0.000000 0.000000 0.000000 0.000000 0.000000 0.000000 0.000000 0.000000 0.000000 0.000000 0.000000 0.000000 0.000000
0.051427 1.032567 1.090755 -9.209991 2.637195 -5.474731 -15.118797 -1.502490 -0.584484 11.696316 0.923499 -1.695120 -5.420523 5.399121 9.957752 2.525905 -2.511884 0.122258 15.521446 -5.849164 -2.626729 2.440186 1.111572 6.344928 -9.196371 -0.272293 -1.800827 0.109392 -2.567532 -1.316915 10.923083 -1.802946 6.826223 6.746344 -2.442464 -1.173285 -7.727879 2.230813 1.775426 9.493416 0.309917 5.326620 11.574083 0.966651 2.715932 6.275633 24.065229 4.595110 13.239406 46.262166 -11.984250 17.779841 1.281665 -19.591044 1.258821 2.406111 -6.943773 0.000000 0.000000 0.000000 0.000000 0.000000 0.000000 0.000000 0.000000 0.000000 0.000000 0.000000 0.000000 0.000000 0.000000 0.000000 0.000000 0.000000 0.000000 0.000000 0.000000 0.000000 0.000000 0.000000 0.000000 0.000000 0.000000 0.000000 0.000000 0.000000 0.000000 0.000000 0.000000 0.000000 0.000000 0.000000 0.000000 0.000000 0.000000 0.000000 0.000000 0.000000 0.000000 1.592289 -12.212632 2.932063 22.104160 -47.325185 27.839477 8.469188 1.483954 32.507624 -11.810261 0.017574 4.834539 0.000000 0.000000 0.000000 0.000000 0.000000 0.000000 0.000000 0.000000 0.000000 0.000000 0.000000 0.000000 0.000000 0.000000 0.000000 0.000000 0.000000 0.000000 0.000000 0.000000 0.000000 0.000000 0.000000 0.000000 0.000000 0.000000 0.000000 0.000000 0.000000 0.000000 0.000000 0.000000 0.000000 0.000000 0.000000 0.000000 0.000000 0.000000 0.000000 0.000000 0.000000 0.000000
0.050902 1.042459 1.084679 -9.078044 2.869349 -5.947290 -14.441746 -1.339297 0.096525 4.069108 -0.199043 -1.534729 -5.210079 6.012790 9.584934 2.601122 -2.539976 0.278693 17.937905 -5.589429 -3.334165 2.284255 1.175954 7.407480 -11.175312 0.126998 -1.367767 0.159091 -2.648496 -1.421410 10.502340 -2.176709 7.204066 7.242605 -2.142783 -0.894241 -7.625551 2.260636 1.963202 9.399802 0.137320 5.569030 11.350622 1.063717 2.003709 5.885371 24.364838 5.162700 12.967817 45.999465 -10.700521 17.419494 1.791010 -19.231070 1.382270 2.476090 -6.876581 0.000000 0.000000 0.000000 0.000000 0.000000 0.000000 0.000000 0.000000 0.000000 0.000000 0.000000 0.000000 0.000000 0.000000 0.000000 0.000000 0.000000 0.000000 0.000000 0.000000 0.000000 0.000000 0.000000 0.000000 0.000000 0.000000 0.000000 0.000000 0.000000 0.000000 0.000000 0.000000 0.000000 0.000000 0.000000 0.000000 0.000000 0.000000 0.000000 0.000000 0.000000 0.000000 1.017796 -11.872047 3.209364 21.540326 -46.994805 28.258791 8.499069 1.393225 33.035856 -12.111554 0.611051 5.643782 0.000000 0.000000 0.000000 0.000000 0.000000 0.000000 0.000000 0.000000 0.000000 0.000000 0.000000 0.000000 0.000000 0.000000 0.000000 0.000000 0.000000 0.000000 0.000000 0.000000 0.000000 0.000000 0.000000 0.000000 0.000000 0.000000 0.000000 0.000000 0.000000 0.000000 0.000000 0.000000 0.000000 0.000000 0.000000 0.000000 0.000000 0.000000 0.000000 0.000000 0.000000 0.000000
0.050208 1.054147 1.077497 -8.844969 3.116619 -6.228397 -14.461531 -1.060377 0.410847 -0.328891 -0.912422 -1.399896 -5.199949 6.153017 9.432969 2.599891 -2.564855 0.301340 20.133451 -5.232031 -3.950762 2.671744 1.421506 8.338154 -13.604070 0.339173 -0.623147 0.135247 -2.650799 -1.470911 9.962954 -2.209943 7.622484 7.643203 -2.015928 -0.772748 -7.581012 2.306883 2.124189 9.272747 -0.080075 5.692805 11.206222 1.079293 1.260522 5.767980 24.604911 5.536016 12.697224 45.784272 -9.529232 17.103784 2.048702 -18.921103 1.614151 2.593919 -6.841046 0.000000 0.000000 0.000000 0.000000 0.000000 0.000000 0.000000 0.000000 0.000000 0.000000 0.000000 0.000000 0.000000 0.000000 0.000000 0.000000 0.000000 0.000000 0.000000 0.000000 0.000000 0.000000 0.000000 0.000000 0.000000 0.000000 0.000000 0.000000 0.000000 0.000000 0.000000 0.000000 0.000000 0.000000 0.000000 0.000000 0.000000 0.000000 0.000000 0.000000 0.000000 0.000000 0.600105 -11.752652 3.337774 21.181791 -46.679219 28.574782 8.376353 1.536795 33.604714 -12.506495 0.767355 6.307556 0.000000 0.000000 0.000000 0.000000 0.000000 0.000000 0.000000 0.000000 0.000000 0.000000 0.000000 0.000000 0.000000 0.000000 0.000000 0.000000 0.000000 0.000000 0.000000 0.000000 0.000000 0.000000 0.000000 0.000000 0.000000 0.000000 0.000000 0.000000 0.000000 0.000000 0.000000 0.000000 0.000000 0.000000 0.000000 0.000000 0.000000 0.000000 0.000000 0.000000 0.000000 0.000000
0.049815 1.065893 1.070171 -8.729957 3.270303 -6.555554 -14.862457 -0.599587 0.335019 -1.526494 -1.105019 -1.106851 -5.085049 5.813270 9.607271 2.519843 -2.639669 0.291695 21.682430 -4.557569 -4.161052 4.163208 1.806760 9.320857 -15.643757 0.311189 0.318528 0.054477 -2.648634 -1.466224 9.250308 -2.045490 7.973040 8.122846 -1.978690 -0.657768 -7.738144 2.438231 2.288262 9.264200 -0.300580 5.688945 11.132727 1.039599 0.811858 5.856192 24.927770 5.880850 12.435850 45.375829 -8.551309 16.729471 2.119011 -18.697661 1.763429 2.916417 -6.745531 0.000000 0.000000 0.000000 0.000000 0.000000 0.000000 0.000000 0.000000 0.000000 0.000000 0.000000 0.000000 0.000000 0.000000 0.000000 0.000000 0.000000 0.000000 0.000000 0.000000 0.000000 0.000000 0.000000 0.000000 0.000000 0.000000 0.000000 0.000000 0.000000 0.000000 0.000000 0.000000 0.000000 0.000000 0.000000 0.000000 0.000000 0.000000 0.000000 0.000000 0.000000 0.000000 0.509987 -11.919888 3.494756 20.966810 -46.365388 28.841879 8.171434 1.797869 34.106587 -12.765862 0.484790 6.588005 0.000000 0.000000 0.000000 0.000000 0.000000 0.000000 0.000000 0.000000 0.000000 0.000000 0.000000 0.000000 0.000000 0.000000 0.000000 0.000000 0.000000 0.000000 0.000000 0.000000 0.000000 0.000000 0.000000 0.000000 0.000000 0.000000 0.000000 0.000000 0.000000 0.000000 0.000000 0.000000 0.000000 0.000000 0.000000 0.000000 0.000000 0.000000 0.000000 0.000000 0.000000 0.000000
0.049685 1.078620 1.063478 -8.490227 3.288246 -6.713233 -15.516377 -0.017023 -0.108138 -0.132540 -0.851181 -0.847541 -4.720760 5.127580 9.881887 2.441847 -2.842258 0.317956 22.269560 -3.732159 -4.001633 6.463801 2.197204 9.988639 -16.840021 0.044314 1.020820 0.053485 -2.687671 -1.487509 8.366241 -1.694857 8.248747 8.447643 -2.026993 -0.664184 -7.833538 2.675990 2.373097 9.168980 -0.652582 5.677337 11.349138 0.996106 0.592559 6.056719 25.228167 6.045748 12.236501 45.103346 -8.013638 16.355551 1.931463 -18.107775 2.065540 3.274696 -6.630060 0.000000 0.000000 0.000000 0.000000 0.000000 0.000000 0.000000 0.000000 0.000000 0.000000 0.000000 0.000000 0.000000 0.000000 0.000000 0.000000 0.000000 0.000000 0.000000 0.000000 0.000000 0.000000 0.000000 0.000000 0.000000 0.000000 0.000000 0.000000 0.000000 0.000000 0.000000 0.000000 0.000000 0.000000 0.000000 0.000000 0.000000 0.000000 0.000000 0.000000 0.000000 0.000000 0.487034 -12.322459 3.457479 21.203850 -46.299005 29.078204 7.883880 2.301008 34.435076 -12.964397 -0.052835 6.542359 0.000000 0.000000 0.000000 0.000000 0.000000 0.000000 0.000000 0.000000 0.000000 0.000000 0.000000 0.000000 0.000000 0.000000 0.000000 0.000000 0.000000 0.000000 0.000000 0.000000 0.000000 0.000000 0.000000 0.000000 0.000000 0.000000 0.000000 0.000000 0.000000 0.000000 0.000000 0.000000 0.000000 0.000000 0.000000 0.000000 0.000000 0.000000 0.000000 0.000000 0.000000 0.000000
0.050420 1.090968 1.058313 -8.252610 2.964742 -7.296910 -15.877672 0.781146 -0.644529 2.376818 -0.328422 -0.727141 -4.067369 4.489719 10.375438 2.257129 -3.121573 0.362246 22.323921 -2.389298 -3.909367 9.755416 2.618198 10.821556 -17.210420 -0.474097 1.132544 0.009136 -2.685449 -1.453785 7.475466 -1.083724 8.483804 8.846812 -2.064169 -0.557423 -8.014384 3.054350 2.498352 8.961976 -0.961941 5.563216 11.459681 0.975189 0.396708 6.222784 25.486144 6.398129 12.049637 44.506663 -7.639208 15.854600 1.770528 -17.956162 2.078682 3.549291 -6.501051 0.000000 0.000000 0.000000 0.000000 0.000000 0.000000 0.000000 0.000000 0.000000 0.000000 0.000000 0.000000 0.000000 0.000000 0.000000 0.000000 0.000000 0.000000 0.000000 0.000000 0.000000 0.000000 0.000000 0.000000 0.000000 0.000000 0.000000 0.000000 0.000000 0.000000 0.000000 0.000000 0.000000 0.000000 0.000000 0.000000 0.000000 0.000000 0.000000 0.000000 0.000000 0.000000 0.678835 -12.857187 3.350704 21.507445 -46.234814 29.217513 7.599244 2.527410 34.778980 -12.929772 -0.312388 6.210302 0.000000 0.000000 0.000000 0.000000 0.000000 0.000000 0.000000 0.000000 0.000000 0.000000 0.000000 0.000000 0.000000 0.000000 0.000000 0.000000 0.000000 0.000000 0.000000 0.000000 0.000000 0.000000 0.000000 0.000000 0.000000 0.000000 0.000000 0.000000 0.000000 0.000000 0.000000 0.000000 0.000000 0.000000 0.000000 0.000000 0.000000 0.000000 0.000000 0.000000 0.000000 0.000000
0.051894 1.105894 1.054456 -7.596010 2.328331 -7.443497 -16.783463 1.718597 -1.405642 5.969927 0.519247 -0.534534 -3.156396 3.540577 10.783410 2.103697 -3.567805 0.369994 21.484107 -1.039334 -3.468822 13.797961 2.950431 11.182265 -16.183376 -1.025036 0.666593 0.040880 -2.805167 -1.436171 6.407492 -0.406302 8.621223 9.022282 -2.111762 -0.563710 -7.942488 3.480487 2.557384 8.770645 -1.233585 5.709707 11.802384 1.032094 0.419472 6.462055 25.500314 6.487634 11.859833 44.256524 -7.557101 15.363395 1.626033 -17.211769 2.227913 3.875757 -6.334946 0.000000 0.000000 0.000000 0.000000 0.000000 0.000000 0.000000 0.000000 0.000000 0.000000 0.000000 0.000000 0.000000 0.000000 0.000000 0.000000 0.000000 0.000000 0.000000 0.000000 0.000000 0.000000 0.000000 0.000000 0.000000 0.000000 0.000000 0.000000 0.000000 0.000000 0.000000 0.000000 0.000000 0.000000 0.000000 0.000000 0.000000 0.000000 0.000000 0.000000 0.000000 0.000000 0.889092 -13.380750 3.100288 22.282581 -46.436098 29.389207 7.247870 2.855710 34.879723 -12.855964 -0.789189 5.827723 0.000000 0.000000 0.000000 0.000000 0.000000 0.000000 0.000000 0.000000 0.000000 0.000000 0.000000 0.000000 0.000000 0.000000 0.000000 0.000000 0.000000 0.000000 0.000000 0.000000 0.000000 0.000000 0.000000 0.000000 0.000000 0.000000 0.000000 0.000000 0.000000 0.000000 0.000000 0.000000 0.000000 0.000000 0.000000 0.000000 0.000000 0.000000 0.000000 0.000000 0.000000 0.000000
0.053176 1.121051 1.052506 -6.931745 1.512486 -7.458300 -17.279422 2.850701 -2.248107 9.277691 1.374191 -0.541942 -2.180432 2.492083 11.320110 1.931341 -4.120644 0.356000 19.777033 0.533647 -3.016122 19.422880 3.121276 11.159941 -13.298351 -2.204739 0.152432 0.132727 -2.946890 -1.365702 5.401354 0.313609 8.662711 9.093099 -2.147241 -0.589329 -7.815427 3.999377 2.635933 8.698011 -1.419678 5.621220 12.097124 0.980880 0.442859 6.698846 25.351023 6.451024 11.622117 43.983965 -7.813157 14.761420 1.573751 -16.557696 2.314227 4.218169 -6.222154 0.000000 0.000000 0.000000 0.000000 0.000000 0.000000 0.000000 0.000000 0.000000 0.000000 0.000000 0.000000 0.000000 0.000000 0.000000 0.000000 0.000000 0.000000 0.000000 0.000000 0.000000 0.000000 0.000000 0.000000 0.000000 0.000000 0.000000 0.000000 0.000000 0.000000 0.000000 0.000000 0.000000 0.000000 0.000000 0.000000 0.000000 0.000000 0.000000 0.000000 0.000000 0.000000 1.160932 -13.840414 2.769464 23.251861 -46.981162 29.485356 6.742545 3.144608 34.592349 -12.375465 -1.151079 5.482806 0.000000 0.000000 0.000000 0.000000 0.000000 0.000000 0.000000 0.000000 0.000000 0.000000 0.000000 0.000000 0.000000 0.000000 0.000000 0.000000 0.000000 0.000000 0.000000 0.000000 0.000000 0.000000 0.000000 0.000000 0.000000 0.000000 0.000000 0.000000 0.000000 0.000000 0.000000 0.000000 0.000000 0.000000 0.000000 0.000000 0.000000 0.000000 0.000000 0.000000 0.000000 0.000000
0.054793 1.135708 1.052340 -6.403266 0.499095 -7.112316 -17.382220 4.128890 -2.907128 11.772429 2.300144 -0.435320 -1.534876 1.265748 12.044523 1.729271 -4.791960 0.329678 17.304163 2.000516 -2.446475 26.248673 3.090158 10.705395 -8.236254 -3.875192 -0.360729 0.256927 -3.193745 -1.311213 4.789850 0.979767 8.436009 8.894125 -2.163018 -0.615277 -7.518829 4.505308 2.616106 8.711951 -1.507115 5.532491 12.329424 1.065061 0.509573 6.898925 25.024261 6.255248 11.488211 43.861401 -8.435131 14.179859 1.571097 -16.112787 2.463919 4.426064 -6.092783 0.000000 0.000000 0.000000 0.000000 0.000000 0.000000 0.000000 0.000000 0.000000 0.000000 0.000000 0.000000 0.000000 0.000000 0.000000 0.000000 0.000000 0.000000 0.000000 0.000000 0.000000 0.000000 0.000000 0.000000 0.000000 0.000000 0.000000 0.000000 0.000000 0.000000 0.000000 0.000000 0.000000 0.000000 0.000000 0.000000 0.000000 0.000000 0.000000 0.000000 0.000000 0.000000 1.324706 -14.128438 2.428836 24.512776 -47.773655 29.651029 6.165900 3.208673 33.880530 -11.671681 -1.387202 5.216805 0.000000 0.000000 0.000000 0.000000 0.000000 0.000000 0.000000 0.000000 0.000000 0.000000 0.000000 0.000000 0.000000 0.000000 0.000000 0.000000 0.000000 0.000000 0.000000 0.000000 0.000000 0.000000 0.000000 0.000000 0.000000 0.000000 0.000000 0.000000 0.000000 0.000000 0.000000 0.000000 0.000000 0.000000 0.000000 0.000000 0.000000 0.000000 0.000000 0.000000 0.000000 0.000000
0.056768 1.147939 1.053821 -6.270871 -0.606306 -6.464432 -16.732560 5.444942 -3.438610 13.712162 3.245225 -0.637479 -1.441772 -0.088185 12.881665 1.359780 -5.636351 0.257153 13.755793 3.381524 -1.598536 34.365029 2.762175 9.791441 -2.589910 -5.822830 -0.397664 0.373625 -3.579231 -1.257326 4.783838 1.561661 7.945394 8.235210 -2.075271 -0.671631 -6.903022 4.990899 2.477004 8.667206 -1.614006 5.321774 12.546949 1.351934 0.575377 6.998488 24.398792 5.870427 11.332137 43.974552 -9.158330 13.808573 1.435488 -15.831695 2.930927 4.640863 -5.979571 0.000000 0.000000 0.000000 0.000000 0.000000 0.000000 0.000000 0.000000 0.000000 0.000000 0.000000 0.000000 0.000000 0.000000 0.000000 0.000000 0.000000 0.000000 0.000000 0.000000 0.000000 0.000000 0.000000 0.000000 0.000000 0.000000 0.000000 0.000000 0.000000 0.000000 0.000000 0.000000 0.000000 0.000000 0.000000 0.000000 0.000000 0.000000 0.000000 0.000000 0.000000 0.000000 1.340112 -14.280099 2.145349 26.049252 -48.754567 29.871386 5.786362 3.069925 32.860257 -10.656783 -1.354746 4.805215 0.000000 0.000000 0.000000 0.000000 0.000000 0.000000 0.000000 0.000000 0.000000 0.000000 0.000000 0.000000 0.000000 0.000000 0.000000 0.000000 0.000000 0.000000 0.000000 0.000000 0.000000 0.000000 0.000000 0.000000 0.000000 0.000000 0.000000 0.000000 0.000000 0.000000 0.000000 0.000000 0.000000 0.000000 0.000000 0.000000 0.000000 0.000000 0.000000 0.000000 0.000000 0.000000
0.060662 1.157259 1.056545 -6.472176 -1.973776 -5.879596 -15.212984 6.880462 -3.893020 14.531651 4.061493 -1.421356 -1.711458 -1.443558 13.539651 0.940316 -6.352373 0.169321 9.594707 4.644006 -0.740889 42.435465 2.526187 8.652815 2.077844 -7.032106 -0.381053 0.420782 -4.131462 -1.211068 4.949911 2.109732 7.282257 7.478832 -1.959188 -0.782019 -6.042525 5.546111 2.384741 8.610593 -1.522382 5.338407 12.411717 1.524647 0.605636 6.862385 23.646877 5.355066 11.483653 44.167367 -10.365394 13.775255 1.269448 -15.770308 3.166802 4.832529 -5.998825 0.000000 0.000000 0.000000 0.000000 0.000000 0.000000 0.000000 0.000000 0.000000 0.000000 0.000000 0.000000 0.000000 0.000000 0.000000 0.000000 0.000000 0.000000 0.000000 0.000000 0.000000 0.000000 0.000000 0.000000 0.000000 0.000000 0.000000 0.000000 0.000000 0.000000 0.000000 0.000000 0.000000 0.000000 0.000000 0.000000 0.000000 0.000000 0.000000 0.000000 0.000000 0.000000 1.178071 -14.485328 1.889605 27.757091 -49.754736 30.172797 5.574415 2.925852 31.643970 -9.341490 -1.282083 4.428279 0.000000 0.000000 0.000000 0.000000 0.000000 0.000000 0.000000 0.000000 0.000000 0.000000 0.000000 0.000000 0.000000 0.000000 0.000000 0.000000 0.000000 0.000000 0.000000 0.000000 0.000000 0.000000 0.000000 0.000000 0.000000 0.000000 0.000000 0.000000 0.000000 0.000000 0.000000 0.000000 0.000000 0.000000 0.000000 0.000000 0.000000 0.000000 0.000000 0.000000 0.000000 0.000000
0.060997 1.164046 1.060240 -6.965878 -2.641915 -5.186866 -12.932688 7.869924 -4.180658 14.412073 4.233750 -2.485155 -2.512312 -2.463627 13.647633 0.689449 -6.865285 0.154362 5.415273 5.198041 0.123143 49.401389 2.235145 7.353229 4.416230 -7.168449 -0.982812 0.495453 -4.449736 -1.209756 5.136857 2.452016 6.429379 6.941682 -2.084575 -0.946186 -5.346449 5.930126 2.259840 8.669173 -1.419729 5.405941 12.234559 1.648069 0.786143 6.713188 23.082798 4.692478 11.748452 44.287443 -11.736901 13.762517 1.103257 -16.107547 3.500541 4.551932 -6.168124 0.000000 0.000000 0.000000 0.000000 0.000000 0.000000 0.000000 0.000000 0.000000 0.000000 0.000000 0.000000 0.000000 0.000000 0.000000 0.000000 0.000000 0.000000 0.000000 0.000000 0.000000 0.000000 0.000000 0.000000 0.000000 0.000000 0.000000 0.000000 0.000000 0.000000 0.000000 0.000000 0.000000 0.000000 0.000000 0.000000 0.000000 0.000000 0.000000 0.000000 0.000000 0.000000 1.164323 -14.916033 1.743883 28.993263 -50.408044 30.128684 5.644754 2.698667 30.473336 -8.351285 -1.195999 4.327967 0.000000 0.000000 0.000000 0.000000 0.000000 0.000000 0.000000 0.000000 0.000000 0.000000 0.000000 0.000000 0.000000 0.000000 0.000000 0.000000 0.000000 0.000000 0.000000 0.000000 0.000000 0.000000 0.000000 0.000000 0.000000 0.000000 0.000000 0.000000 0.000000 0.000000 0.000000 0.000000 0.000000 0.000000 0.000000 0.000000 0.000000 0.000000 0.000000 0.000000 0.000000 0.000000
0.060942 1.168190 1.064902 -7.747591 -3.162835 -4.723916 -10.091408 8.676507 -4.165979 13.815343 4.106932 -3.865318 -3.562440 -3.236984 13.732870 0.540108 -7.232131 0.124666 1.099156 5.367318 0.907251 55.470496 1.961052 6.292808 4.076412 -6.176506 -2.378267 0.517687 -4.514254 -1.148376 5.545547 2.727048 5.399432 6.725684 -2.343989 -1.125241 -4.936689 6.327413 2.119956 8.786452 -1.222203 5.673648 12.043049 1.888619 0.993124 6.641956 22.627273 3.844823 12.147829 44.185133 -13.335289 14.080099 0.882127 -16.588900 3.883577 4.128040 -6.150390 0.000000 0.000000 0.000000 0.000000 0.000000 0.000000 0.000000 0.000000 0.000000 0.000000 0.000000 0.000000 0.000000 0.000000 0.000000 0.000000 0.000000 0.000000 0.000000 0.000000 0.000000 0.000000 0.000000 0.000000 0.000000 0.000000 0.000000 0.000000 0.000000 0.000000 0.000000 0.000000 0.000000 0.000000 0.000000 0.000000 0.000000 0.000000 0.000000 0.000000 0.000000 0.000000 1.208900 -15.328522 1.758088 29.823763 -50.851730 30.027729 5.975345 2.513656 29.252402 -7.359943 -1.035255 4.154180 0.000000 0.000000 0.000000 0.000000 0.000000 0.000000 0.000000 0.000000 0.000000 0.000000 0.000000 0.000000 0.000000 0.000000 0.000000 0.000000 0.000000 0.000000 0.000000 0.000000 0.000000 0.000000 0.000000 0.000000 0.000000 0.000000 0.000000 0.000000 0.000000 0.000000 0.000000 0.000000 0.000000 0.000000 0.000000 0.000000 0.000000 0.000000 0.000000 0.000000 0.000000 0.000000
0.058120 1.170267 1.069945 -8.617856 -3.107619 -3.937983 -6.847007 8.920993 -3.833291 12.784130 3.744642 -5.481780 -4.776898 -3.581700 13.533530 0.639759 -7.430468 0.093989 -3.114223 5.127112 1.604091 60.089092 1.276464 5.502828 2.107609 -4.672848 -3.930374 0.688927 -4.328022 -1.077444 5.955616 2.908343 4.302223 6.827116 -2.981576 -1.621521 -5.103209 6.517512 1.888146 9.337892 -0.910732 5.681654 12.086295 2.128613 1.393877 6.840462 22.190944 2.886187 12.568755 44.250545 -15.516879 14.235049 0.717836 -16.685272 4.269536 3.413853 -6.259827 0.000000 0.000000 0.000000 0.000000 0.000000 0.000000 0.000000 0.000000 0.000000 0.000000 0.000000 0.000000 0.000000 0.000000 0.000000 0.000000 0.000000 0.000000 0.000000 0.000000 0.000000 0.000000 0.000000 0.000000 0.000000 0.000000 0.000000 0.000000 0.000000 0.000000 0.000000 0.000000 0.000000 0.000000 0.000000 0.000000 0.000000 0.000000 0.000000 0.000000 0.000000 0.000000 1.581630 -15.883152 1.602952 30.157048 -51.035422 29.711022 6.427818 2.210257 27.845748 -6.386269 -1.153910 4.029047 0.000000 0.000000 0.000000 0.000000 0.000000 0.000000 0.000000 0.000000 0.000000 0.000000 0.000000 0.000000 0.000000 0.000000 0.000000 0.000000 0.000000 0.000000 0.000000 0.000000 0.000000 0.000000 0.000000 0.000000 0.000000 0.000000 0.000000 0.000000 0.000000 0.000000 0.000000 0.000000 0.000000 0.000000 0.000000 0.000000 0.000000 0.000000 0.000000 0.000000 0.000000 0.000000
0.054477 1.171229 1.075000 -9.410309 -2.865214 -3.197467 -3.491040 8.959718 -3.523667 11.118608 3.168688 -7.102895 -5.796525 -3.602567 13.262404 0.867391 -7.461334 0.103785 -6.861206 4.390758 2.355903 62.206444 0.514279 4.609193 -0.746115 -3.017618 -5.468615 0.805544 -3.966256 -0.978853 6.360838 3.052555 3.236270 7.090358 -3.651545 -2.132033 -5.385364 6.508827 1.667576 9.549380 -0.400270 5.739535 11.907207 2.247369 1.815742 6.908279 21.976240 1.912945 13.169001 44.143949 -17.719396 14.448268 0.492905 -17.159314 4.234747 2.987484 -6.403609 0.000000 0.000000 0.000000 0.000000 0.000000 0.000000 0.000000 0.000000 0.000000 0.000000 0.000000 0.000000 0.000000 0.000000 0.000000 0.000000 0.000000 0.000000 0.000000 0.000000 0.000000 0.000000 0.000000 0.000000 0.000000 0.000000 0.000000 0.000000 0.000000 0.000000 0.000000 0.000000 0.000000 0.000000 0.000000 0.000000 0.000000 0.000000 0.000000 0.000000 0.000000 0.000000 1.804114 -16.427808 1.581780 30.132610 -51.015208 29.067539 6.908550 2.087406 26.768514 -5.669027 -1.471680 4.108744 0.000000 0.000000 0.000000 0.000000 0.000000 0.000000 0.000000 0.000000 0.000000 0.000000 0.000000 0.000000 0.000000 0.000000 0.000000 0.000000 0.000000 0.000000 0.000000 0.000000 0.000000 0.000000 0.000000 0.000000 0.000000 0.000000 0.000000 0.000000 0.000000 0.000000 0.000000 0.000000 0.000000 0.000000 0.000000 0.000000 0.000000 0.000000 0.000000 0.000000 0.000000 0.000000
0.049907 1.171636 1.079539 -10.002975 -2.423517 -2.498589 -0.711469 8.858123 -3.253283 9.972737 2.478407 -8.623744 -6.664321 -3.410134 13.232161 1.030448 -7.515809 0.101688 -9.940842 3.503430 2.939881 61.712002 0.016974 3.746977 -3.629719 -1.686973 -6.925970 0.893772 -3.613293 -0.947485 6.845925 2.904353 2.263004 7.081024 -4.077494 -2.577635 -5.383109 6.319855 1.405320 9.578754 0.142001 5.629361 12.008275 2.240732 2.261803 6.737749 21.477795 1.247756 13.771856 44.224803 -20.014515 14.382803 0.311964 -17.501012 4.070525 2.156378 -6.571437 0.000000 0.000000 0.000000 0.000000 0.000000 0.000000 0.000000 0.000000 0.000000 0.000000 0.000000 0.000000 0.000000 0.000000 0.000000 0.000000 0.000000 0.000000 0.000000 0.000000 0.000000 0.000000 0.000000 0.000000 0.000000 0.000000 0.000000 0.000000 0.000000 0.000000 0.000000 0.000000 0.000000 0.000000 0.000000 0.000000 0.000000 0.000000 0.000000 0.000000 0.000000 0.000000 1.700612 -16.510967 1.448253 30.348547 -51.157810 28.743972 7.424988 1.749451 25.517062 -4.938195 -1.458392 4.246546 0.000000 0.000000 0.000000 0.000000 0.000000 0.000000 0.000000 0.000000 0.000000 0.000000 0.000000 0.000000 0.000000 0.000000 0.000000 0.000000 0.000000 0.000000 0.000000 0.000000 0.000000 0.000000 0.000000 0.000000 0.000000 0.000000 0.000000 0.000000 0.000000 0.000000 0.000000 0.000000 0.000000 0.000000 0.000000 0.000000 0.000000 0.000000 0.000000 0.000000 0.000000 0.000000
0.045544 1.171689 1.083466 -10.458585 -1.967450 -1.637844 2.071107 8.541292 -2.889921 8.117214 1.852066 -10.103098 -6.992297 -2.807812 13.132279 1.389272 -7.232221 0.135703 -12.798410 2.720433 3.425438 59.761581 -0.746971 2.515712 -5.719711 -1.105849 -7.892431 1.067346 -2.918605 -0.850535 7.416452 2.815018 1.362055 7.440798 -4.728426 -3.027749 -6.202615 5.988849 1.231342 9.894523 0.771019 5.368535 11.938700 2.075520 2.872403 7.070665 21.175253 0.525796 14.046099 44.096117 -22.195031 14.118331 0.002686 -18.284931 3.776128 1.237646 -6.868927 0.000000 0.000000 0.000000 0.000000 0.000000 0.000000 0.000000 0.000000 0.000000 0.000000 0.000000 0.000000 0.000000 0.000000 0.000000 0.000000 0.000000 0.000000 0.000000 0.000000 0.000000 0.000000 0.000000 0.000000 0.000000 0.000000 0.000000 0.000000 0.000000 0.000000 0.000000 0.000000 0.000000 0.000000 0.000000 0.000000 0.000000 0.000000 0.000000 0.000000 0.000000 0.000000 2.270242 -16.722662 1.297434 29.761616 -50.947940 27.780953 7.934552 1.434915 24.772165 -4.493925 -1.574949 4.527380 0.000000 0.000000 0.000000 0.000000 0.000000 0.000000 0.000000 0.000000 0.000000 0.000000 0.000000 0.000000 0.000000 0.000000 0.000000 0.000000 0.000000 0.000000 0.000000 0.000000 0.000000 0.000000 0.000000 0.000000 0.000000 0.000000 0.000000 0.000000 0.000000 0.000000 0.000000 0.000000 0.000000 0.000000 0.000000 0.000000 0.000000 0.000000 0.000000 0.000000 0.000000 0.000000
0.040715 1.172412 1.085921 -10.539407 -1.404956 -0.696506 4.383713 7.996268 -2.750779 6.879668 1.217039 -11.794691 -7.398926 -2.167439 13.210547 1.752429 -6.746002 0.080192 -15.202432 1.951509 3.846250 54.682070 -1.505749 1.207490 -7.064008 -1.473532 -8.748299 1.280609 -2.095386 -0.757563 8.056968 2.480164 0.512985 7.560254 -5.303997 -3.472905 -7.087963 5.510567 1.044366 10.266789 1.489925 4.632780 12.039365 1.719891 3.263212 7.158989 20.463352 -0.258646 14.740729 44.271063 -24.826563 13.678871 -0.192323 -18.970954 3.380636 0.244158 -7.191515 0.000000 0.000000 0.000000 0.000000 0.000000 0.000000 0.000000 0.000000 0.000000 0.000000 0.000000 0.000000 0.000000 0.000000 0.000000 0.000000 0.000000 0.000000 0.000000 0.000000 0.000000 0.000000 0.000000 0.000000 0.000000 0.000000 0.000000 0.000000 0.000000 0.000000 0.000000 0.000000 0.000000 0.000000 0.000000 0.000000 0.000000 0.000000 0.000000 0.000000 0.000000 0.000000 2.752246 -16.513605 1.164496 29.530575 -50.925229 27.002794 8.428193 1.091643 23.915892 -4.210769 -1.728311 4.630889 0.000000 0.000000 0.000000 0.000000 0.000000 0.000000 0.000000 0.000000 0.000000 0.000000 0.000000 0.000000 0.000000 0.000000 0.000000 0.000000 0.000000 0.000000 0.000000 0.000000 0.000000 0.000000 0.000000 0.000000 0.000000 0.000000 0.000000 0.000000 0.000000 0.000000 0.000000 0.000000 0.000000 0.000000 0.000000 0.000000 0.000000 0.000000 0.000000 0.000000 0.000000 0.000000
0.037189 1.171611 1.086932 -10.631693 -1.028136 -0.048317 6.564148 7.564224 -2.469302 5.725344 0.756506 -12.957996 -7.876348 -1.802634 12.884894 2.042136 -6.241377 0.024701 -17.088569 1.357869 4.152636 48.957989 -1.745389 0.038729 -7.479243 -2.145916 -9.315562 1.448011 -1.431163 -0.610503 8.746366 2.396699 -0.147819 7.737436 -5.838290 -3.788907 -7.987421 5.168921 0.968776 10.485626 1.951289 3.954344 12.034184 1.364246 3.616825 7.431440 19.903592 -1.064860 14.820418 44.083795 -26.974705 13.233883 -0.173759 -19.710586 2.945880 -0.592476 -7.329389 0.000000 0.000000 0.000000 0.000000 0.000000 0.000000 0.000000 0.000000 0.000000 0.000000 0.000000 0.000000 0.000000 0.000000 0.000000 0.000000 0.000000 0.000000 0.000000 0.000000 0.000000 0.000000 0.000000 0.000000 0.000000 0.000000 0.000000 0.000000 0.000000 0.000000 0.000000 0.000000 0.000000 0.000000 0.000000 0.000000 0.000000 0.000000 0.000000 0.000000 0.000000 0.000000 3.497822 -16.503858 0.870210 29.276461 -50.826188 26.308986 8.408103 0.552299 23.116581 -3.817016 -2.089978 4.627421 0.000000 0.000000 0.000000 0.000000 0.000000 0.000000 0.000000 0.000000 0.000000 0.000000 0.000000 0.000000 0.000000 0.000000 0.000000 0.000000 0.000000 0.000000 0.000000 0.000000 0.000000 0.000000 0.000000 0.000000 0.000000 0.000000 0.000000 0.000000 0.000000 0.000000 0.000000 0.000000 0.000000 0.000000 0.000000 0.000000 0.000000 0.000000 0.000000 0.000000 0.000000 0.000000
0.034127 1.168375 1.086742 -10.778003 -0.693023 0.512206 8.523943 7.091430 -2.132344 4.876832 0.501014 -13.865277 -8.650303 -1.581006 12.230458 2.178773 -5.779098 -0.051804 -18.497171 0.907344 4.389960 42.023934 -1.848831 -1.172037 -6.948374 -3.292200 -9.520770 1.560141 -0.939315 -0.454862 9.341833 2.438335 -0.767879 7.861821 -6.367810 -4.081920 -8.751035 4.836779 0.883572 10.581600 2.298717 3.444624 11.596271 0.987787 4.042549 7.675887 19.239537 -1.845359 14.849497 43.965187 -28.827227 12.737433 -0.286433 -21.056031 2.615037 -1.248144 -7.691222 0.000000 0.000000 0.000000 0.000000 0.000000 0.000000 0.000000 0.000000 0.000000 0.000000 0.000000 0.000000 0.000000 0.000000 0.000000 0.000000 0.000000 0.000000 0.000000 0.000000 0.000000 0.000000 0.000000 0.000000 0.000000 0.000000 0.000000 0.000000 0.000000 0.000000 0.000000 0.000000 0.000000 0.000000 0.000000 0.000000 0.000000 0.000000 0.000000 0.000000 0.000000 0.000000 4.421149 -16.588660 0.507875 29.217939 -50.664191 25.670345 8.231324 -0.076052 22.379170 -3.098794 -2.575085 4.586075 0.000000 0.000000 0.000000 0.000000 0.000000 0.000000 0.000000 0.000000 0.000000 0.000000 0.000000 0.000000 0.000000 0.000000 0.000000 0.000000 0.000000 0.000000 0.000000 0.000000 0.000000 0.000000 0.000000 0.000000 0.000000 0.000000 0.000000 0.000000 0.000000 0.000000 0.000000 0.000000 0.000000 0.000000 0.000000 0.000000 0.000000 0.000000 0.000000 0.000000 0.000000 0.000000
0.033318 1.162738 1.085699 -11.045605 -0.681009 1.029112 10.209261 6.823628 -1.830054 4.342470 0.445927 -14.571508 -9.474041 -1.527248 11.488658 2.290338 -5.264651 -0.124048 -19.024284 0.713875 4.411564 34.433965 -1.631360 -1.864081 -5.738705 -4.844351 -9.238497 1.597126 -0.536094 -0.351406 9.722126 2.675767 -1.131092 8.138793 -6.863415 -4.387421 -9.588216 4.587273 0.813296 10.825450 2.613889 2.853123 11.147758 0.595746 4.425938 8.077538 18.676719 -2.477558 14.773066 43.779434 -30.410589 12.054889 -0.265510 -22.192129 2.140329 -1.788353 -8.095228 0.000000 0.000000 0.000000 0.000000 0.000000 0.000000 0.000000 0.000000 0.000000 0.000000 0.000000 0.000000 0.000000 0.000000 0.000000 0.000000 0.000000 0.000000 0.000000 0.000000 0.000000 0.000000 0.000000 0.000000 0.000000 0.000000 0.000000 0.000000 0.000000 0.000000 0.000000 0.000000 0.000000 0.000000 0.000000 0.000000 0.000000 0.000000 0.000000 0.000000 0.000000 0.000000 5.444486 -16.649470 0.062561 29.400073 -50.609665 25.282520 7.969808 -0.713290 21.706001 -2.380960 -2.872433 4.439668 0.000000 0.000000 0.000000 0.000000 0.000000 0.000000 0.000000 0.000000 0.000000 0.000000 0.000000 0.000000 0.000000 0.000000 0.000000 0.000000 0.000000 0.000000 0.000000 0.000000 0.000000 0.000000 0.000000 0.000000 0.000000 0.000000 0.000000 0.000000 0.000000 0.000000 0.000000 0.000000 0.000000 0.000000 0.000000 0.000000 0.000000 0.000000 0.000000 0.000000 0.000000 0.000000
0.033233 1.153082 1.084265 -11.590604 -0.726141 1.608750 11.869414 6.549340 -1.608847 4.263530 0.425517 -15.506868 -10.771742 -1.760064 10.686214 2.292789 -4.691307 -0.286058 -18.721482 0.535148 4.422060 24.522451 -0.887739 -1.912325 -4.216858 -6.935473 -8.486829 1.618809 -0.174413 -0.203082 9.960350 3.053982 -1.475609 8.414424 -7.375030 -4.633327 -10.282045 4.371859 0.741208 11.164613 2.917128 2.354214 10.534452 0.200843 4.748345 8.321990 18.045277 -3.045260 14.681471 43.561733 -31.739445 11.528364 -0.372441 -23.740093 1.595692 -2.265143 -8.728402 0.000000 0.000000 0.000000 0.000000 0.000000 0.000000 0.000000 0.000000 0.000000 0.000000 0.000000 0.000000 0.000000 0.000000 0.000000 0.000000 0.000000 0.000000 0.000000 0.000000 0.000000 0.000000 0.000000 0.000000 0.000000 0.000000 0.000000 0.000000 0.000000 0.000000 0.000000 0.000000 0.000000 0.000000 0.000000 0.000000 0.000000 0.000000 0.000000 0.000000 0.000000 0.000000 6.279211 -16.838990 -0.397082 29.617017 -50.427343 24.973845 7.794296 -1.092652 20.933903 -1.318978 -3.308785 4.275534 0.000000 0.000000 0.000000 0.000000 0.000000 0.000000 0.000000 0.000000 0.000000 0.000000 0.000000 0.000000 0.000000 0.000000 0.000000 0.000000 0.000000 0.000000 0.000000 0.000000 0.000000 0.000000 0.000000 0.000000 0.000000 0.000000 0.000000 0.000000 0.000000 0.000000 0.000000 0.000000 0.000000 0.000000 0.000000 0.000000 0.000000 0.000000 0.000000 0.000000 0.000000 0.000000
0.034238 1.140372 1.082327 -12.239464 -0.857503 2.082318 13.180865 6.368669 -1.398075 4.796008 0.353807 -16.245827 -12.346507 -2.045240 9.875240 2.312448 -4.294781 -0.374666 -17.978285 0.394334 4.284606 16.437450 -0.040893 -1.448876 -2.715612 -8.948304 -7.565806 1.674046 0.194927 -0.120183 10.302531 3.415853 -1.611333 8.626577 -7.742660 -4.856420 -10.737983 4.179418 0.637685 11.377787 3.032381 1.909815 10.181558 -0.225123 5.262166 8.567724 17.795421 -3.465145 14.206340 43.262865 -32.448220 11.166653 -0.423744 -24.829981 1.199401 -2.861616 -9.175186 0.000000 0.000000 0.000000 0.000000 0.000000 0.000000 0.000000 0.000000 0.000000 0.000000 0.000000 0.000000 0.000000 0.000000 0.000000 0.000000 0.000000 0.000000 0.000000 0.000000 0.000000 0.000000 0.000000 0.000000 0.000000 0.000000 0.000000 0.000000 0.000000 0.000000 0.000000 0.000000 0.000000 0.000000 0.000000 0.000000 0.000000 0.000000 0.000000 0.000000 0.000000 0.000000 6.754782 -17.055924 -0.724173 29.749967 -50.277993 24.877085 7.700954 -1.155603 20.519785 -0.473267 -3.597336 4.036285 0.000000 0.000000 0.000000 0.000000 0.000000 0.000000 0.000000 0.000000 0.000000 0.000000 0.000000 0.000000 0.000000 0.000000 0.000000 0.000000 0.000000 0.000000 0.000000 0.000000 0.000000 0.000000 0.000000 0.000000 0.000000 0.000000 0.000000 0.000000 0.000000 0.000000 0.000000 0.000000 0.000000 0.000000 0.000000 0.000000 0.000000 0.000000 0.000000 0.000000 0.000000 0.000000
0.034977 1.123282 1.079890 -12.819489 -0.921130 2.218691 14.115692 6.277000 -1.207982 5.656480 0.176090 -16.716504 -14.169524 -2.302270 9.175938 2.255003 -4.082020 -0.398466 -17.390682 0.145693 4.142784 10.420172 0.797602 -1.039899 -1.670927 -10.521432 -6.845624 1.735032 0.308262 -0.135268 10.702210 3.583945 -1.759864 8.233754 -7.779557 -5.048293 -10.347810 4.032275 0.457863 11.111382 3.065937 1.560911 9.827129 -0.438011 5.514282 8.231874 17.484437 -3.642649 13.694271 43.166345 -32.822479 11.023660 -0.693711 -25.693506 1.252016 -3.279061 -9.394963 0.000000 0.000000 0.000000 0.000000 0.000000 0.000000 0.000000 0.000000 0.000000 0.000000 0.000000 0.000000 0.000000 0.000000 0.000000 0.000000 0.000000 0.000000 0.000000 0.000000 0.000000 0.000000 0.000000 0.000000 0.000000 0.000000 0.000000 0.000000 0.000000 0.000000 0.000000 0.000000 0.000000 0.000000 0.000000 0.000000 0.000000 0.000000 0.000000 0.000000 0.000000 0.000000 6.519186 -17.181163 -0.915620 30.152837 -50.227456 25.119072 7.773442 -1.051118 20.382269 0.359985 -3.755832 3.765061 0.000000 0.000000 0.000000 0.000000 0.000000 0.000000 0.000000 0.000000 0.000000 0.000000 0.000000 0.000000 0.000000 0.000000 0.000000 0.000000 0.000000 0.000000 0.000000 0.000000 0.000000 0.000000 0.000000 0.000000 0.000000 0.000000 0.000000 0.000000 0.000000 0.000000 0.000000 0.000000 0.000000 0.000000 0.000000 0.000000 0.000000 0.000000 0.000000 0.000000 0.000000 0.000000
0.034871 1.106183 1.076659 -12.778114 -0.845007 2.256621 14.140640 5.806696 -0.959094 7.473208 0.252369 -16.787865 -15.947403 -2.326237 8.501980 2.262693 -3.967529 -0.500115 -17.021164 -0.395432 3.994633 8.838367 0.937686 -0.807685 -1.708552 -10.527408 -6.509533 1.666971 0.290197 -0.090495 10.877406 3.455505 -1.795422 8.002782 -7.908815 -5.109603 -10.008900 4.039597 0.244873 11.062299 2.889747 1.188678 10.123393 -0.467520 5.829861 8.128581 17.409569 -3.574766 13.085189 43.322517 -32.522810 11.229943 -0.818230 -26.042826 1.516645 -3.339358 -9.113350 0.000000 0.000000 0.000000 0.000000 0.000000 0.000000 0.000000 0.000000 0.000000 0.000000 0.000000 0.000000 0.000000 0.000000 0.000000 0.000000 0.000000 0.000000 0.000000 0.000000 0.000000 0.000000 0.000000 0.000000 0.000000 0.000000 0.000000 0.000000 0.000000 0.000000 0.000000 0.000000 0.000000 0.000000 0.000000 0.000000 0.000000 0.000000 0.000000 0.000000 0.000000 0.000000 6.142922 -17.119698 -1.047593 30.613166 -50.180217 25.827748 8.146707 -0.671691 20.613137 0.794389 -3.611483 3.660352 0.000000 0.000000 0.000000 0.000000 0.000000 0.000000 0.000000 0.000000 0.000000 0.000000 0.000000 0.000000 0.000000 0.000000 0.000000 0.000000 0.000000 0.000000 0.000000 0.000000 0.000000 0.000000 0.000000 0.000000 0.000000 0.000000 0.000000 0.000000 0.000000 0.000000 0.000000 0.000000 0.000000 0.000000 0.000000 0.000000 0.000000 0.000000 0.000000 0.000000 0.000000 0.000000
