HIERARCHY
ROOT Hips
{
	OFFSET 0.000000 0.000000 0.000000
	CHANNELS 6 Xposition Yposition Zposition Xrotation Yrotation Zrotation
	JOINT Thigh.L
	{
		OFFSET 0.055494 0.027456 -0.093490
		CHANNELS 3 Xrotation Yrotation Zrotation
		JOINT Shin.L
		{
			OFFSET 0.060253 0.007354 -0.410487
			CHANNELS 3 Xrotation Yrotation Zrotation
			JOINT Foot.L
			{
				OFFSET -0.042576 0.031803 -0.436284
				CHANNELS 3 Xrotation Yrotation Zrotation
				JOINT Toe.L
				{
					OFFSET 0.048087 -0.126093 -0.064338
					CHANNELS 3 Xrotation Yrotation Zrotation
					End Site
					{
						OFFSET 0.000000 0.050000 0.000000
					}
				}
			}
		}
	}
	JOINT Thigh.R
	{
		OFFSET -0.060649 0.021970 -0.105751
		CHANNELS 3 Xrotation Yrotation Zrotation
		JOINT Shin.R
		{
			OFFSET -0.049193 0.015205 -0.392253
			CHANNELS 3 Xrotation Yrotation Zrotation
			JOINT Foot.R
			{
				OFFSET 0.014522 0.019961 -0.445290
				CHANNELS 3 Xrotation Yrotation Zrotation
				JOINT Toe.R
				{
					OFFSET -0.039533 -0.126913 -0.064208
					CHANNELS 3 Xrotation Yrotation Zrotation
					End Site
					{
						OFFSET 0.000000 0.050000 0.000000
					}
				}
			}
		}
	}
	JOINT Spine
	{
		OFFSET -0.002639 0.027284 0.111813
		CHANNELS 3 Xrotation Yrotation Zrotation
		JOINT Spine.2
		{
			OFFSET 0.008736 0.006538 0.137119
			CHANNELS 3 Xrotation Yrotation Zrotation
			JOINT Chest
			{
				OFFSET -0.010703 -0.022841 0.054958
				CHANNELS 3 Xrotation Yrotation Zrotation
				JOINT Neck
				{
					OFFSET -0.011860 0.026299 0.169671
					CHANNELS 3 Xrotation Yrotation Zrotation
					JOINT Head
					{
						OFFSET 0.025006 -0.022276 0.173250
						CHANNELS 3 Xrotation Yrotation Zrotation
						End Site
						{
							OFFSET 0.000000 0.050000 0.000000
						}
					}
				}
				JOINT Clavicle.L
				{
					OFFSET 0.046941 0.005288 0.087113
					CHANNELS 3 Xrotation Yrotation Zrotation
					JOINT UpperArm.L
					{
						OFFSET 0.125954 0.013785 0.057844
						CHANNELS 3 Xrotation Yrotation Zrotation
						JOINT ForeArm.L
						{
							OFFSET 0.271660 0.042473 -0.076410
							CHANNELS 3 Xrotation Yrotation Zrotation
							JOINT Hand.L
							{
								OFFSET 0.275237 0.001524 0.021946
								CHANNELS 3 Xrotation Yrotation Zrotation
								JOINT Thumb1.L
								{
									OFFSET 0.154619 0.000662 0.009538
									CHANNELS 3 Xrotation Yrotation Zrotation
									JOINT Thumb2.L
									{
										OFFSET 0.029905 0.000166 0.002384
										CHANNELS 3 Xrotation Yrotation Zrotation
										End Site
										{
											OFFSET 0.024921 0.000138 0.001987
										}
									}
								}
								JOINT Index1.L
								{
									OFFSET 0.137619 0.000662 0.009538
									CHANNELS 3 Xrotation Yrotation Zrotation
									JOINT Index2.L
									{
										OFFSET 0.029905 0.000166 0.002384
										CHANNELS 3 Xrotation Yrotation Zrotation
										JOINT Index3.L
										{
											OFFSET 0.021930 0.000121 0.001749
											CHANNELS 3 Xrotation Yrotation Zrotation
											End Site
											{
												OFFSET 0.017943 0.000099 0.001431
											}
										}
									}
								}
								JOINT Middle1.L
								{
									OFFSET 0.119619 0.000662 0.009538
									CHANNELS 3 Xrotation Yrotation Zrotation
									JOINT Middle2.L
									{
										OFFSET 0.030901 0.000171 0.002464
										CHANNELS 3 Xrotation Yrotation Zrotation
										JOINT Middle3.L
										{
											OFFSET 0.021930 0.000121 0.001749
											CHANNELS 3 Xrotation Yrotation Zrotation
											End Site
											{
												OFFSET 0.017943 0.000099 0.001431
											}
										}
									}
								}
								JOINT Ring1.L
								{
									OFFSET 0.101619 0.000662 0.009538
									CHANNELS 3 Xrotation Yrotation Zrotation
									JOINT Ring2.L
									{
										OFFSET 0.028908 0.000160 0.002305
										CHANNELS 3 Xrotation Yrotation Zrotation
										JOINT Ring3.L
										{
											OFFSET 0.019936 0.000110 0.001590
											CHANNELS 3 Xrotation Yrotation Zrotation
											End Site
											{
												OFFSET 0.016946 0.000094 0.001351
											}
										}
									}
								}
								JOINT Pinky1.L
								{
									OFFSET 0.085619 0.000662 0.009538
									CHANNELS 3 Xrotation Yrotation Zrotation
									JOINT Pinky2.L
									{
										OFFSET 0.023924 0.000132 0.001908
										CHANNELS 3 Xrotation Yrotation Zrotation
										JOINT Pinky3.L
										{
											OFFSET 0.016946 0.000094 0.001351
											CHANNELS 3 Xrotation Yrotation Zrotation
											End Site
											{
												OFFSET 0.013955 0.000077 0.001113
											}
										}
									}
								}
							}
						}
					}
				}
				JOINT Clavicle.R
				{
					OFFSET -0.047575 0.011420 0.086169
					CHANNELS 3 Xrotation Yrotation Zrotation
					JOINT UpperArm.R
					{
						OFFSET -0.109236 0.009861 0.054277
						CHANNELS 3 Xrotation Yrotation Zrotation
						JOINT ForeArm.R
						{
							OFFSET -0.289968 0.027569 -0.041166
							CHANNELS 3 Xrotation Yrotation Zrotation
							JOINT Hand.R
							{
								OFFSET -0.271473 0.015072 -0.005550
								CHANNELS 3 Xrotation Yrotation Zrotation
								JOINT Thumb1.R
								{
									OFFSET -0.154791 0.006651 -0.002449
									CHANNELS 3 Xrotation Yrotation Zrotation
									JOINT Thumb2.R
									{
										OFFSET -0.029948 0.001663 -0.000612
										CHANNELS 3 Xrotation Yrotation Zrotation
										End Site
										{
											OFFSET -0.024956 0.001386 -0.000510
										}
									}
								}
								JOINT Index1.R
								{
									OFFSET -0.137791 0.006651 -0.002449
									CHANNELS 3 Xrotation Yrotation Zrotation
									JOINT Index2.R
									{
										OFFSET -0.029948 0.001663 -0.000612
										CHANNELS 3 Xrotation Yrotation Zrotation
										JOINT Index3.R
										{
											OFFSET -0.021962 0.001219 -0.000449
											CHANNELS 3 Xrotation Yrotation Zrotation
											End Site
											{
												OFFSET -0.017969 0.000998 -0.000367
											}
										}
									}
								}
								JOINT Middle1.R
								{
									OFFSET -0.119791 0.006651 -0.002449
									CHANNELS 3 Xrotation Yrotation Zrotation
									JOINT Middle2.R
									{
										OFFSET -0.030946 0.001718 -0.000633
										CHANNELS 3 Xrotation Yrotation Zrotation
										JOINT Middle3.R
										{
											OFFSET -0.021962 0.001219 -0.000449
											CHANNELS 3 Xrotation Yrotation Zrotation
											End Site
											{
												OFFSET -0.017969 0.000998 -0.000367
											}
										}
									}
								}
								JOINT Ring1.R
								{
									OFFSET -0.101791 0.006651 -0.002449
									CHANNELS 3 Xrotation Yrotation Zrotation
									JOINT Ring2.R
									{
										OFFSET -0.028949 0.001607 -0.000592
										CHANNELS 3 Xrotation Yrotation Zrotation
										JOINT Ring3.R
										{
											OFFSET -0.019965 0.001108 -0.000408
											CHANNELS 3 Xrotation Yrotation Zrotation
											End Site
											{
												OFFSET -0.016970 0.000942 -0.000347
											}
										}
									}
								}
								JOINT Pinky1.R
								{
									OFFSET -0.085791 0.006651 -0.002449
									CHANNELS 3 Xrotation Yrotation Zrotation
									JOINT Pinky2.R
									{
										OFFSET -0.023958 0.001330 -0.000490
										CHANNELS 3 Xrotation Yrotation Zrotation
										JOINT Pinky3.R
										{
											OFFSET -0.016970 0.000942 -0.000347
											CHANNELS 3 Xrotation Yrotation Zrotation
											End Site
											{
												OFFSET -0.013976 0.000776 -0.000286
											}
										}
									}
								}
							}
						}
					}
				}
			}
		}
	}
}
MOTION
Frames: 97
Frame Time: 0.04166667
0.009976 -0.053141 1.201016 -6.601982 -1.102775 1.336867 5.064166 -3.363495 4.863638 5.589149 0.820150 -2.000593 -8.441014 -2.897317 13.431703 -0.357373 -1.318651 -0.798198 0.538243 5.582403 -4.843225 13.359736 0.739076 -0.336362 -7.665850 -3.117795 -9.203605 -0.420128 -1.862085 0.340078 11.495826 -0.654106 0.986397 -7.339101 2.733561 -0.534411 6.696367 -0.309551 -0.373713 0.859673 0.216128 1.653865 4.720860 -0.716422 0.884610 -2.112185 18.625526 1.659052 24.770587 47.431823 -24.610525 19.121138 -2.478125 -29.384623 -1.114328 -2.900374 -12.317630 0.000000 0.000000 0.000000 0.000000 0.000000 0.000000 0.000000 0.000000 0.000000 0.000000 0.000000 0.000000 0.000000 0.000000 0.000000 0.000000 0.000000 0.000000 0.000000 0.000000 0.000000 0.000000 0.000000 0.000000 0.000000 0.000000 0.000000 0.000000 0.000000 0.000000 0.000000 0.000000 0.000000 0.000000 0.000000 0.000000 0.000000 0.000000 0.000000 0.000000 0.000000 0.000000 -1.916354 -17.531486 3.821501 31.165965 -50.384148 28.366670 10.788348 1.650196 30.755361 -3.781002 -0.410714 8.377067 0.000000 0.000000 0.000000 0.000000 0.000000 0.000000 0.000000 0.000000 0.000000 0.000000 0.000000 0.000000 0.000000 0.000000 0.000000 0.000000 0.000000 0.000000 0.000000 0.000000 0.000000 0.000000 0.000000 0.000000 0.000000 0.000000 0.000000 0.000000 0.000000 0.000000 0.000000 0.000000 0.000000 0.000000 0.000000 0.000000 0.000000 0.000000 0.000000 0.000000 0.000000 0.000000
0.009629 -0.056543 1.201316 -6.639973 -1.059703 1.120301 4.490940 -3.471093 4.764315 6.433708 0.974269 -1.893122 -8.414906 -2.939033 13.589091 -0.337370 -1.310629 -0.809671 0.250001 5.604290 -4.799213 13.477893 0.685786 -0.271543 -7.457240 -3.239837 -9.191816 -0.416577 -1.864996 0.356234 11.753892 -0.637016 1.025009 -7.454654 2.749405 -0.506757 6.715107 -0.290938 -0.346374 0.831207 0.234646 1.508258 4.681490 -0.724358 0.827917 -2.288099 18.703944 1.670987 24.535261 47.412135 -24.419980 19.271081 -2.626752 -29.287592 -0.778668 -2.650775 -12.356404 0.000000 0.000000 0.000000 0.000000 0.000000 0.000000 0.000000 0.000000 0.000000 0.000000 0.000000 0.000000 0.000000 0.000000 0.000000 0.000000 0.000000 0.000000 0.000000 0.000000 0.000000 0.000000 0.000000 0.000000 0.000000 0.000000 0.000000 0.000000 0.000000 0.000000 0.000000 0.000000 0.000000 0.000000 0.000000 0.000000 0.000000 0.000000 0.000000 0.000000 0.000000 0.000000 -2.005803 -17.575770 3.785134 30.766398 -50.353843 27.979609 11.219414 1.853420 30.747190 -3.341951 -0.712890 8.262339 0.000000 0.000000 0.000000 0.000000 0.000000 0.000000 0.000000 0.000000 0.000000 0.000000 0.000000 0.000000 0.000000 0.000000 0.000000 0.000000 0.000000 0.000000 0.000000 0.000000 0.000000 0.000000 0.000000 0.000000 0.000000 0.000000 0.000000 0.000000 0.000000 0.000000 0.000000 0.000000 0.000000 0.000000 0.000000 0.000000 0.000000 0.000000 0.000000 0.000000 0.000000 0.000000
0.010841 -0.060620 1.201401 -6.673609 -1.096128 0.939432 3.612386 -3.642738 4.653460 7.746505 1.230948 -1.693967 -8.406559 -2.927848 13.654033 -0.324230 -1.306199 -0.836823 -0.175883 5.725547 -4.835821 13.780964 0.514212 -0.223859 -7.360398 -3.294302 -9.126141 -0.427700 -1.837530 0.359888 12.003010 -0.637746 1.093900 -7.535549 2.777135 -0.444932 6.758091 -0.248914 -0.300732 0.848438 0.262808 1.218311 4.714430 -0.769614 0.662166 -2.374669 18.752607 1.724408 24.151198 47.261275 -23.911599 19.161801 -2.608656 -29.141769 -0.436696 -2.504418 -12.484131 0.000000 0.000000 0.000000 0.000000 0.000000 0.000000 0.000000 0.000000 0.000000 0.000000 0.000000 0.000000 0.000000 0.000000 0.000000 0.000000 0.000000 0.000000 0.000000 0.000000 0.000000 0.000000 0.000000 0.000000 0.000000 0.000000 0.000000 0.000000 0.000000 0.000000 0.000000 0.000000 0.000000 0.000000 0.000000 0.000000 0.000000 0.000000 0.000000 0.000000 0.000000 0.000000 -1.964951 -17.545004 3.658377 29.923429 -50.142905 26.972032 11.476581 1.861322 30.846659 -2.983100 -1.106919 8.164538 0.000000 0.000000 0.000000 0.000000 0.000000 0.000000 0.000000 0.000000 0.000000 0.000000 0.000000 0.000000 0.000000 0.000000 0.000000 0.000000 0.000000 0.000000 0.000000 0.000000 0.000000 0.000000 0.000000 0.000000 0.000000 0.000000 0.000000 0.000000 0.000000 0.000000 0.000000 0.000000 0.000000 0.000000 0.000000 0.000000 0.000000 0.000000 0.000000 0.000000 0.000000 0.000000
0.010258 -0.064536 1.200887 -6.691412 -1.104793 0.690598 2.375465 -3.846225 4.520171 9.761062 1.663773 -1.437319 -8.723409 -3.035213 13.742910 -0.313008 -1.282276 -0.843290 -0.858333 6.003568 -4.820091 14.507470 0.258926 -0.020381 -7.353047 -3.386631 -9.113457 -0.469586 -1.789668 0.370452 12.441139 -0.671115 1.128745 -7.811102 2.825821 -0.354547 6.963477 -0.204393 -0.259782 0.893997 0.337993 0.941253 4.658123 -0.910191 0.540837 -2.260887 18.607921 1.728875 23.648833 47.058753 -23.085448 19.069499 -2.571624 -28.754789 -0.045389 -2.442522 -12.600714 0.000000 0.000000 0.000000 0.000000 0.000000 0.000000 0.000000 0.000000 0.000000 0.000000 0.000000 0.000000 0.000000 0.000000 0.000000 0.000000 0.000000 0.000000 0.000000 0.000000 0.000000 0.000000 0.000000 0.000000 0.000000 0.000000 0.000000 0.000000 0.000000 0.000000 0.000000 0.000000 0.000000 0.000000 0.000000 0.000000 0.000000 0.000000 0.000000 0.000000 0.000000 0.000000 -1.859363 -17.305828 3.660773 28.523974 -49.649045 25.486511 11.535294 1.800411 31.035255 -2.801762 -1.633219 8.082902 0.000000 0.000000 0.000000 0.000000 0.000000 0.000000 0.000000 0.000000 0.000000 0.000000 0.000000 0.000000 0.000000 0.000000 0.000000 0.000000 0.000000 0.000000 0.000000 0.000000 0.000000 0.000000 0.000000 0.000000 0.000000 0.000000 0.000000 0.000000 0.000000 0.000000 0.000000 0.000000 0.000000 0.000000 0.000000 0.000000 0.000000 0.000000 0.000000 0.000000 0.000000 0.000000
0.008935 -0.067986 1.199668 -6.608473 -1.165931 0.507539 0.868040 -3.993788 4.385754 12.042613 2.204817 -1.100114 -9.210507 -3.208270 13.799217 -0.339198 -1.300508 -0.868823 -1.720063 6.375001 -4.709749 15.360810 0.026203 0.170588 -7.413848 -3.303821 -9.198188 -0.565727 -1.736223 0.364068 13.008657 -0.659997 1.117834 -8.047855 2.798325 -0.326098 7.073961 -0.054057 -0.251863 0.880454 0.412694 0.676947 4.653391 -0.999856 0.350541 -2.157067 18.533762 1.673317 22.698843 46.614650 -21.837631 18.646943 -2.529420 -28.015879 0.578038 -2.426433 -12.841355 0.000000 0.000000 0.000000 0.000000 0.000000 0.000000 0.000000 0.000000 0.000000 0.000000 0.000000 0.000000 0.000000 0.000000 0.000000 0.000000 0.000000 0.000000 0.000000 0.000000 0.000000 0.000000 0.000000 0.000000 0.000000 0.000000 0.000000 0.000000 0.000000 0.000000 0.000000 0.000000 0.000000 0.000000 0.000000 0.000000 0.000000 0.000000 0.000000 0.000000 0.000000 0.000000 -1.867300 -17.083452 3.564841 26.587374 -48.691277 23.415811 11.491141 1.787603 31.199043 -2.545639 -2.060021 8.110630 0.000000 0.000000 0.000000 0.000000 0.000000 0.000000 0.000000 0.000000 0.000000 0.000000 0.000000 0.000000 0.000000 0.000000 0.000000 0.000000 0.000000 0.000000 0.000000 0.000000 0.000000 0.000000 0.000000 0.000000 0.000000 0.000000 0.000000 0.000000 0.000000 0.000000 0.000000 0.000000 0.000000 0.000000 0.000000 0.000000 0.000000 0.000000 0.000000 0.000000 0.000000 0.000000
0.006526 -0.072735 1.197661 -6.586160 -1.199377 0.350207 -1.159604 -4.172210 4.165255 15.290952 2.798331 -1.006470 -9.840129 -3.515576 14.113282 -0.350156 -1.320879 -0.883400 -3.133578 6.841621 -4.433242 17.265383 -0.252567 0.695283 -7.706642 -3.209572 -9.491641 -0.670506 -1.670188 0.363423 13.742875 -0.646022 0.993764 -8.354159 2.829990 -0.297722 7.286123 0.066541 -0.317304 1.053742 0.614746 0.363126 4.506344 -1.062374 0.262083 -2.112153 18.345731 1.389435 21.062018 45.734022 -20.215540 18.206165 -2.466056 -26.849833 1.663689 -2.120876 -12.734591 0.000000 0.000000 0.000000 0.000000 0.000000 0.000000 0.000000 0.000000 0.000000 0.000000 0.000000 0.000000 0.000000 0.000000 0.000000 0.000000 0.000000 0.000000 0.000000 0.000000 0.000000 0.000000 0.000000 0.000000 0.000000 0.000000 0.000000 0.000000 0.000000 0.000000 0.000000 0.000000 0.000000 0.000000 0.000000 0.000000 0.000000 0.000000 0.000000 0.000000 0.000000 0.000000 -1.757036 -16.848675 3.585207 23.640808 -47.251983 20.534782 11.223597 1.949976 31.157803 -1.892189 -2.733404 7.831185 0.000000 0.000000 0.000000 0.000000 0.000000 0.000000 0.000000 0.000000 0.000000 0.000000 0.000000 0.000000 0.000000 0.000000 0.000000 0.000000 0.000000 0.000000 0.000000 0.000000 0.000000 0.000000 0.000000 0.000000 0.000000 0.000000 0.000000 0.000000 0.000000 0.000000 0.000000 0.000000 0.000000 0.000000 0.000000 0.000000 0.000000 0.000000 0.000000 0.000000 0.000000 0.000000
0.003355 -0.078032 1.194338 -6.573540 -1.140251 0.231057 -3.059882 -4.447073 4.041813 18.318522 3.369201 -0.995476 -10.839340 -3.944477 14.374795 -0.382672 -1.336532 -0.913929 -4.852755 7.238498 -4.084251 19.702152 -0.560377 1.221977 -8.269237 -2.994133 -9.803865 -0.811502 -1.695021 0.378104 14.623894 -0.674540 0.857582 -8.521672 2.735302 -0.288705 7.386743 0.235639 -0.349946 1.332920 0.773384 0.055845 4.592292 -1.044382 0.305996 -2.081707 18.238609 1.141715 18.468175 44.414499 -17.652935 16.903012 -2.170498 -25.117012 2.892932 -1.649585 -12.236059 0.000000 0.000000 0.000000 0.000000 0.000000 0.000000 0.000000 0.000000 0.000000 0.000000 0.000000 0.000000 0.000000 0.000000 0.000000 0.000000 0.000000 0.000000 0.000000 0.000000 0.000000 0.000000 0.000000 0.000000 0.000000 0.000000 0.000000 0.000000 0.000000 0.000000 0.000000 0.000000 0.000000 0.000000 0.000000 0.000000 0.000000 0.000000 0.000000 0.000000 0.000000 0.000000 -1.582777 -16.841958 3.518771 19.986710 -44.823000 17.043345 10.856430 2.033026 30.841892 -0.544405 -3.117926 7.514699 0.000000 0.000000 0.000000 0.000000 0.000000 0.000000 0.000000 0.000000 0.000000 0.000000 0.000000 0.000000 0.000000 0.000000 0.000000 0.000000 0.000000 0.000000 0.000000 0.000000 0.000000 0.000000 0.000000 0.000000 0.000000 0.000000 0.000000 0.000000 0.000000 0.000000 0.000000 0.000000 0.000000 0.000000 0.000000 0.000000 0.000000 0.000000 0.000000 0.000000 0.000000 0.000000
-0.002261 -0.080805 1.189247 -6.370084 -1.139640 -0.192153 -5.089034 -4.505794 3.788002 21.594084 4.089540 -1.151168 -12.234122 -4.821021 14.878992 -0.473473 -1.410342 -0.978988 -7.296278 7.944694 -3.473466 23.055614 -0.899235 2.148090 -8.933851 -2.707396 -10.220005 -1.013484 -1.673109 0.430862 15.455935 -0.708616 0.607745 -8.694435 2.596523 -0.331289 7.563798 0.423936 -0.450502 1.621918 1.054543 -0.329786 4.378781 -1.026899 0.187227 -1.928032 17.953054 0.600333 15.578973 42.741826 -15.272534 14.767842 -1.624028 -22.569259 3.317120 -1.023732 -11.782129 0.000000 0.000000 0.000000 0.000000 0.000000 0.000000 0.000000 0.000000 0.000000 0.000000 0.000000 0.000000 0.000000 0.000000 0.000000 0.000000 0.000000 0.000000 0.000000 0.000000 0.000000 0.000000 0.000000 0.000000 0.000000 0.000000 0.000000 0.000000 0.000000 0.000000 0.000000 0.000000 0.000000 0.000000 0.000000 0.000000 0.000000 0.000000 0.000000 0.000000 0.000000 0.000000 -1.301617 -16.497007 3.756344 16.054784 -41.857749 13.543552 9.903172 2.110952 30.210828 0.242378 -3.255887 7.218885 0.000000 0.000000 0.000000 0.000000 0.000000 0.000000 0.000000 0.000000 0.000000 0.000000 0.000000 0.000000 0.000000 0.000000 0.000000 0.000000 0.000000 0.000000 0.000000 0.000000 0.000000 0.000000 0.000000 0.000000 0.000000 0.000000 0.000000 0.000000 0.000000 0.000000 0.000000 0.000000 0.000000 0.000000 0.000000 0.000000 0.000000 0.000000 0.000000 0.000000 0.000000 0.000000
-0.008475 -0.087877 1.182806 -6.552791 -1.122251 -0.473431 -6.803620 -4.524404 3.629932 24.857513 4.699135 -1.611693 -13.840352 -5.991514 15.231620 -0.534814 -1.398880 -0.976287 -10.033549 8.651921 -2.848559 27.393553 -1.157353 2.994988 -9.500911 -2.441114 -10.642683 -1.225154 -1.666826 0.456818 16.634484 -0.854478 0.350527 -8.896913 2.500591 -0.353650 7.739241 0.596927 -0.493348 1.814175 1.365698 -0.653724 4.128935 -1.064463 0.339675 -1.901616 17.784311 -0.058720 12.644942 40.679114 -13.075686 12.271004 -1.020102 -20.005524 3.543573 -1.026342 -11.311145 0.000000 0.000000 0.000000 0.000000 0.000000 0.000000 0.000000 0.000000 0.000000 0.000000 0.000000 0.000000 0.000000 0.000000 0.000000 0.000000 0.000000 0.000000 0.000000 0.000000 0.000000 0.000000 0.000000 0.000000 0.000000 0.000000 0.000000 0.000000 0.000000 0.000000 0.000000 0.000000 0.000000 0.000000 0.000000 0.000000 0.000000 0.000000 0.000000 0.000000 0.000000 0.000000 -1.007731 -16.131488 4.141662 12.452032 -38.602419 10.483984 9.068372 2.008479 29.162114 1.324883 -3.144219 7.100599 0.000000 0.000000 0.000000 0.000000 0.000000 0.000000 0.000000 0.000000 0.000000 0.000000 0.000000 0.000000 0.000000 0.000000 0.000000 0.000000 0.000000 0.000000 0.000000 0.000000 0.000000 0.000000 0.000000 0.000000 0.000000 0.000000 0.000000 0.000000 0.000000 0.000000 0.000000 0.000000 0.000000 0.000000 0.000000 0.000000 0.000000 0.000000 0.000000 0.000000 0.000000 0.000000
-0.016867 -0.092313 1.174725 -6.748506 -1.116673 -0.460273 -8.321535 -4.437365 3.594058 28.042488 5.394585 -1.997668 -15.949777 -7.402800 15.330639 -0.548778 -1.297720 -0.935989 -13.413704 9.497289 -2.033450 32.724506 -1.343687 3.852164 -9.228616 -2.407896 -11.604140 -1.438087 -1.635935 0.472025 17.894398 -1.030265 0.006300 -9.084342 2.343472 -0.342989 7.961962 0.760743 -0.551696 1.918434 1.670021 -1.039701 3.687967 -1.038579 0.375248 -1.928924 17.268045 -0.906137 9.545763 37.809262 -11.012401 9.566060 -0.401461 -17.651788 3.419782 -1.351006 -10.784342 0.000000 0.000000 0.000000 0.000000 0.000000 0.000000 0.000000 0.000000 0.000000 0.000000 0.000000 0.000000 0.000000 0.000000 0.000000 0.000000 0.000000 0.000000 0.000000 0.000000 0.000000 0.000000 0.000000 0.000000 0.000000 0.000000 0.000000 0.000000 0.000000 0.000000 0.000000 0.000000 0.000000 0.000000 0.000000 0.000000 0.000000 0.000000 0.000000 0.000000 0.000000 0.000000 -0.698085 -15.559335 4.681490 9.302542 -34.892420 7.890577 8.118987 1.716488 28.236893 1.910343 -2.633338 7.128582 0.000000 0.000000 0.000000 0.000000 0.000000 0.000000 0.000000 0.000000 0.000000 0.000000 0.000000 0.000000 0.000000 0.000000 0.000000 0.000000 0.000000 0.000000 0.000000 0.000000 0.000000 0.000000 0.000000 0.000000 0.000000 0.000000 0.000000 0.000000 0.000000 0.000000 0.000000 0.000000 0.000000 0.000000 0.000000 0.000000 0.000000 0.000000 0.000000 0.000000 0.000000 0.000000
-0.021598 -0.096006 1.165910 -7.268002 -1.310237 -0.254542 -9.432592 -4.180926 3.497501 31.345754 5.887738 -2.787371 -18.037345 -8.963336 15.526012 -0.494472 -1.133536 -0.857824 -17.339839 10.388214 -1.136968 38.936572 -1.583149 4.675241 -8.834128 -2.208444 -12.890430 -1.622308 -1.602375 0.538819 19.403573 -1.302115 -0.361915 -9.145773 2.183252 -0.204491 8.102366 0.943292 -0.586626 2.120960 1.840506 -1.337696 3.238900 -0.972690 0.334227 -2.233985 16.637503 -1.618910 6.106344 34.230898 -9.121655 6.638893 -0.036706 -15.979675 3.530662 -2.233090 -10.199982 0.000000 0.000000 0.000000 0.000000 0.000000 0.000000 0.000000 0.000000 0.000000 0.000000 0.000000 0.000000 0.000000 0.000000 0.000000 0.000000 0.000000 0.000000 0.000000 0.000000 0.000000 0.000000 0.000000 0.000000 0.000000 0.000000 0.000000 0.000000 0.000000 0.000000 0.000000 0.000000 0.000000 0.000000 0.000000 0.000000 0.000000 0.000000 0.000000 0.000000 0.000000 0.000000 -0.471550 -14.953585 5.171885 6.625455 -31.070072 5.893236 7.671762 1.384193 26.972498 3.089293 -2.141085 7.259960 0.000000 0.000000 0.000000 0.000000 0.000000 0.000000 0.000000 0.000000 0.000000 0.000000 0.000000 0.000000 0.000000 0.000000 0.000000 0.000000 0.000000 0.000000 0.000000 0.000000 0.000000 0.000000 0.000000 0.000000 0.000000 0.000000 0.000000 0.000000 0.000000 0.000000 0.000000 0.000000 0.000000 0.000000 0.000000 0.000000 0.000000 0.000000 0.000000 0.000000 0.000000 0.000000
-0.026683 -0.104471 1.157295 -8.082963 -1.512239 -0.021118 -10.454175 -3.866919 3.410110 34.696881 6.337137 -3.678069 -19.885960 -10.434892 15.736281 -0.451216 -0.947074 -0.776435 -22.010113 11.389794 -0.022007 45.911484 -2.083621 5.607368 -10.086406 -1.782081 -12.264642 -1.785463 -1.591477 0.626922 21.133165 -1.571546 -0.721632 -9.191492 1.916236 0.047021 8.078342 1.082119 -0.526838 2.609503 2.234179 -1.335082 2.615457 -1.006688 0.173948 -2.666829 15.645278 -2.403869 2.625088 29.741069 -7.765393 3.905298 0.094317 -15.348733 4.559547 -4.022856 -9.552042 0.000000 0.000000 0.000000 0.000000 0.000000 0.000000 0.000000 0.000000 0.000000 0.000000 0.000000 0.000000 0.000000 0.000000 0.000000 0.000000 0.000000 0.000000 0.000000 0.000000 0.000000 0.000000 0.000000 0.000000 0.000000 0.000000 0.000000 0.000000 0.000000 0.000000 0.000000 0.000000 0.000000 0.000000 0.000000 0.000000 0.000000 0.000000 0.000000 0.000000 0.000000 0.000000 -0.112435 -14.358546 5.731194 4.352624 -27.837778 4.386003 7.024787 1.118905 25.528547 4.292111 -1.067555 7.244838 0.000000 0.000000 0.000000 0.000000 0.000000 0.000000 0.000000 0.000000 0.000000 0.000000 0.000000 0.000000 0.000000 0.000000 0.000000 0.000000 0.000000 0.000000 0.000000 0.000000 0.000000 0.000000 0.000000 0.000000 0.000000 0.000000 0.000000 0.000000 0.000000 0.000000 0.000000 0.000000 0.000000 0.000000 0.000000 0.000000 0.000000 0.000000 0.000000 0.000000 0.000000 0.000000
-0.031257 -0.105683 1.149164 -8.560430 -1.672626 0.311219 -11.440357 -3.669572 3.400780 37.894200 6.739117 -4.344294 -21.368264 -11.695088 15.708993 -0.389122 -0.667852 -0.705812 -26.644533 12.281840 0.850807 51.529759 -2.978846 6.081582 -9.846182 -1.748711 -11.875665 -1.896768 -1.553496 0.742250 22.959382 -2.044889 -1.021029 -9.553540 1.804028 0.389710 8.321069 1.045165 -0.331620 3.093781 2.634203 -0.783794 1.846658 -1.088816 -0.000242 -3.728733 14.348558 -3.004201 -0.611524 24.819731 -7.209210 0.833349 -0.411825 -15.830374 6.284239 -6.299170 -9.273433 0.000000 0.000000 0.000000 0.000000 0.000000 0.000000 0.000000 0.000000 0.000000 0.000000 0.000000 0.000000 0.000000 0.000000 0.000000 0.000000 0.000000 0.000000 0.000000 0.000000 0.000000 0.000000 0.000000 0.000000 0.000000 0.000000 0.000000 0.000000 0.000000 0.000000 0.000000 0.000000 0.000000 0.000000 0.000000 0.000000 0.000000 0.000000 0.000000 0.000000 0.000000 0.000000 -0.033468 -13.688498 6.141635 2.681560 -25.658011 3.218691 6.525298 1.034565 24.162636 5.530765 -0.049242 7.192962 0.000000 0.000000 0.000000 0.000000 0.000000 0.000000 0.000000 0.000000 0.000000 0.000000 0.000000 0.000000 0.000000 0.000000 0.000000 0.000000 0.000000 0.000000 0.000000 0.000000 0.000000 0.000000 0.000000 0.000000 0.000000 0.000000 0.000000 0.000000 0.000000 0.000000 0.000000 0.000000 0.000000 0.000000 0.000000 0.000000 0.000000 0.000000 0.000000 0.000000 0.000000 0.000000
-0.035345 -0.113664 1.142467 -9.442545 -1.693675 0.853449 -12.311345 -3.733297 3.501311 41.078298 6.929555 -4.856844 -22.323890 -12.435012 15.403541 -0.258233 -0.305096 -0.663180 -30.432637 12.911100 1.455458 54.655246 -3.876823 6.029818 -8.542303 -2.168846 -11.388789 -2.058112 -1.535536 0.796876 25.070648 -2.417143 -1.205998 -9.806202 1.444424 0.692474 8.261849 1.132374 -0.097750 3.940860 2.873161 0.071252 1.442993 -1.165868 -0.677773 -4.950574 12.801188 -3.653320 -3.903715 19.720739 -7.840244 -3.056441 -1.412373 -17.355815 8.825072 -10.954063 -9.120304 0.000000 0.000000 0.000000 0.000000 0.000000 0.000000 0.000000 0.000000 0.000000 0.000000 0.000000 0.000000 0.000000 0.000000 0.000000 0.000000 0.000000 0.000000 0.000000 0.000000 0.000000 0.000000 0.000000 0.000000 0.000000 0.000000 0.000000 0.000000 0.000000 0.000000 0.000000 0.000000 0.000000 0.000000 0.000000 0.000000 0.000000 0.000000 0.000000 0.000000 0.000000 0.000000 0.067515 -13.598433 6.634652 2.029658 -24.856995 2.967154 6.394054 0.741131 22.771695 7.072369 2.908460 6.983353 0.000000 0.000000 0.000000 0.000000 0.000000 0.000000 0.000000 0.000000 0.000000 0.000000 0.000000 0.000000 0.000000 0.000000 0.000000 0.000000 0.000000 0.000000 0.000000 0.000000 0.000000 0.000000 0.000000 0.000000 0.000000 0.000000 0.000000 0.000000 0.000000 0.000000 0.000000 0.000000 0.000000 0.000000 0.000000 0.000000 0.000000 0.000000 0.000000 0.000000 0.000000 0.000000
-0.039274 -0.117787 1.135936 -9.960983 -1.446960 1.315817 -13.350822 -4.052646 3.285444 43.989977 6.995261 -5.624972 -23.186369 -12.893986 15.529528 -0.322522 -0.031059 -0.769338 -33.574620 13.356828 1.732801 54.364250 -4.750221 5.028089 -6.985144 -2.858833 -11.245318 -2.308468 -1.585990 0.900813 26.907265 -2.621939 -1.223167 -10.460606 0.956061 0.828396 8.352606 0.964144 0.122019 4.207407 3.284534 0.987293 0.369753 -1.357977 -1.759800 -6.483771 11.148401 -4.229540 -7.254303 14.920118 -9.467959 -8.328617 -2.773255 -19.382205 10.345247 -15.471021 -9.102186 0.000000 0.000000 0.000000 0.000000 0.000000 0.000000 0.000000 0.000000 0.000000 0.000000 0.000000 0.000000 0.000000 0.000000 0.000000 0.000000 0.000000 0.000000 0.000000 0.000000 0.000000 0.000000 0.000000 0.000000 0.000000 0.000000 0.000000 0.000000 0.000000 0.000000 0.000000 0.000000 0.000000 0.000000 0.000000 0.000000 0.000000 0.000000 0.000000 0.000000 0.000000 0.000000 -0.312348 -13.815263 6.932404 2.280692 -25.714938 3.247882 5.393355 0.652440 21.227629 7.867665 5.745662 6.223499 0.000000 0.000000 0.000000 0.000000 0.000000 0.000000 0.000000 0.000000 0.000000 0.000000 0.000000 0.000000 0.000000 0.000000 0.000000 0.000000 0.000000 0.000000 0.000000 0.000000 0.000000 0.000000 0.000000 0.000000 0.000000 0.000000 0.000000 0.000000 0.000000 0.000000 0.000000 0.000000 0.000000 0.000000 0.000000 0.000000 0.000000 0.000000 0.000000 0.000000 0.000000 0.000000
-0.039588 -0.128942 1.130338 -10.818441 -1.244742 2.055914 -14.343696 -4.701104 2.916008 46.781976 7.189405 -6.228672 -23.679173 -12.778801 15.248721 -0.389035 0.420450 -0.793866 -35.586968 13.615753 1.940900 51.353143 -5.336048 3.733569 -4.705867 -4.070335 -10.532368 -2.473424 -1.621851 0.828029 28.765497 -2.678638 -1.188046 -11.084169 0.334512 0.954541 8.304022 0.811347 0.365744 4.444242 3.492626 2.483468 -0.387802 -1.282704 -2.742991 -7.979452 9.169202 -4.828634 -10.565246 10.924267 -11.862076 -14.446166 -3.308712 -22.708153 10.218923 -19.058277 -9.389566 0.000000 0.000000 0.000000 0.000000 0.000000 0.000000 0.000000 0.000000 0.000000 0.000000 0.000000 0.000000 0.000000 0.000000 0.000000 0.000000 0.000000 0.000000 0.000000 0.000000 0.000000 0.000000 0.000000 0.000000 0.000000 0.000000 0.000000 0.000000 0.000000 0.000000 0.000000 0.000000 0.000000 0.000000 0.000000 0.000000 0.000000 0.000000 0.000000 0.000000 0.000000 0.000000 -0.891317 -14.387552 7.360946 3.301872 -27.913871 4.900385 2.861504 0.313409 18.876776 7.764118 7.444015 5.370706 0.000000 0.000000 0.000000 0.000000 0.000000 0.000000 0.000000 0.000000 0.000000 0.000000 0.000000 0.000000 0.000000 0.000000 0.000000 0.000000 0.000000 0.000000 0.000000 0.000000 0.000000 0.000000 0.000000 0.000000 0.000000 0.000000 0.000000 0.000000 0.000000 0.000000 0.000000 0.000000 0.000000 0.000000 0.000000 0.000000 0.000000 0.000000 0.000000 0.000000 0.000000 0.000000
-0.035343 -0.131252 1.124734 -11.186869 -1.197271 2.787052 -15.258348 -5.127650 2.171910 49.147474 7.114745 -6.998285 -24.143782 -12.732019 15.050854 -0.475074 0.740711 -0.805754 -36.929543 13.723279 2.224451 46.753107 -5.146854 2.726959 -2.524661 -6.104526 -9.528389 -2.509640 -1.410346 0.805419 30.656764 -2.584640 -1.055561 -12.097310 -0.084171 1.108939 8.473139 0.426488 0.614268 3.933361 3.957815 3.431382 -1.242933 -1.156856 -4.523065 -9.689281 7.041506 -5.531583 -13.842813 8.609671 -14.643784 -19.852752 -4.415928 -27.544942 9.515782 -23.000280 -10.479666 0.000000 0.000000 0.000000 0.000000 0.000000 0.000000 0.000000 0.000000 0.000000 0.000000 0.000000 0.000000 0.000000 0.000000 0.000000 0.000000 0.000000 0.000000 0.000000 0.000000 0.000000 0.000000 0.000000 0.000000 0.000000 0.000000 0.000000 0.000000 0.000000 0.000000 0.000000 0.000000 0.000000 0.000000 0.000000 0.000000 0.000000 0.000000 0.000000 0.000000 0.000000 0.000000 -1.311383 -14.902011 8.281759 4.879287 -31.028749 7.166747 0.784307 0.638801 17.033943 7.163352 8.752269 4.924483 0.000000 0.000000 0.000000 0.000000 0.000000 0.000000 0.000000 0.000000 0.000000 0.000000 0.000000 0.000000 0.000000 0.000000 0.000000 0.000000 0.000000 0.000000 0.000000 0.000000 0.000000 0.000000 0.000000 0.000000 0.000000 0.000000 0.000000 0.000000 0.000000 0.000000 0.000000 0.000000 0.000000 0.000000 0.000000 0.000000 0.000000 0.000000 0.000000 0.000000 0.000000 0.000000
-0.032015 -0.137614 1.119469 -11.375711 -1.309553 3.662721 -16.192216 -5.126985 1.307429 50.593036 7.120614 -6.961688 -25.288451 -12.531098 14.460700 -0.420749 1.072857 -0.729919 -37.185716 13.824007 2.361199 39.316364 -4.121426 2.149510 0.294729 -9.310892 -7.963905 -2.380750 -0.982500 0.686912 31.815648 -2.292245 -0.764994 -12.992543 -0.344851 1.240091 8.504880 -0.081711 0.909425 3.574847 4.371117 3.772234 -1.657869 -1.519852 -5.834784 -11.377394 4.959930 -6.509034 -17.319786 7.262981 -17.650377 -25.272148 -5.072618 -33.585966 8.282411 -26.512748 -12.221961 0.000000 0.000000 0.000000 0.000000 0.000000 0.000000 0.000000 0.000000 0.000000 0.000000 0.000000 0.000000 0.000000 0.000000 0.000000 0.000000 0.000000 0.000000 0.000000 0.000000 0.000000 0.000000 0.000000 0.000000 0.000000 0.000000 0.000000 0.000000 0.000000 0.000000 0.000000 0.000000 0.000000 0.000000 0.000000 0.000000 0.000000 0.000000 0.000000 0.000000 0.000000 0.000000 -1.367141 -15.144890 9.447287 6.450144 -34.806342 10.033668 -2.413801 1.340164 16.292017 6.702642 10.320756 4.849604 0.000000 0.000000 0.000000 0.000000 0.000000 0.000000 0.000000 0.000000 0.000000 0.000000 0.000000 0.000000 0.000000 0.000000 0.000000 0.000000 0.000000 0.000000 0.000000 0.000000 0.000000 0.000000 0.000000 0.000000 0.000000 0.000000 0.000000 0.000000 0.000000 0.000000 0.000000 0.000000 0.000000 0.000000 0.000000 0.000000 0.000000 0.000000 0.000000 0.000000 0.000000 0.000000
-0.023725 -0.146711 1.114482 -11.753011 -1.676631 4.620604 -16.937239 -4.903586 0.432573 51.851397 6.790083 -7.076951 -26.344542 -12.493522 13.783640 -0.346596 1.526833 -0.511661 -36.435957 14.247308 2.281545 30.418154 -2.445008 1.858610 3.246616 -12.643757 -6.565866 -2.238728 -0.636378 0.520670 32.720780 -1.792387 -0.274054 -14.102641 -0.524437 1.227550 8.732086 -0.716137 1.260027 2.734402 4.988581 3.885782 -1.882032 -1.657448 -7.298992 -13.470919 2.495397 -8.133925 -20.509591 6.549746 -21.594852 -28.782143 -5.698133 -40.300204 6.507268 -29.851933 -14.020476 0.000000 0.000000 0.000000 0.000000 0.000000 0.000000 0.000000 0.000000 0.000000 0.000000 0.000000 0.000000 0.000000 0.000000 0.000000 0.000000 0.000000 0.000000 0.000000 0.000000 0.000000 0.000000 0.000000 0.000000 0.000000 0.000000 0.000000 0.000000 0.000000 0.000000 0.000000 0.000000 0.000000 0.000000 0.000000 0.000000 0.000000 0.000000 0.000000 0.000000 0.000000 0.000000 -1.665740 -15.379925 11.089895 8.724480 -39.041597 14.387044 -5.374797 2.236365 14.731842 5.908354 11.780531 4.347266 0.000000 0.000000 0.000000 0.000000 0.000000 0.000000 0.000000 0.000000 0.000000 0.000000 0.000000 0.000000 0.000000 0.000000 0.000000 0.000000 0.000000 0.000000 0.000000 0.000000 0.000000 0.000000 0.000000 0.000000 0.000000 0.000000 0.000000 0.000000 0.000000 0.000000 0.000000 0.000000 0.000000 0.000000 0.000000 0.000000 0.000000 0.000000 0.000000 0.000000 0.000000 0.000000
-0.014713 -0.150947 1.109749 -12.283816 -2.106056 5.915137 -16.989659 -4.552010 -0.146696 52.861483 5.915398 -7.020533 -28.002365 -12.655300 12.703415 -0.300716 1.858252 -0.309204 -35.201960 14.800855 1.970380 23.399292 -0.965862 1.656462 6.413056 -15.443580 -4.856150 -2.186163 -0.461139 0.382633 33.453832 -1.399268 0.195682 -14.439142 -0.661779 1.132903 8.765548 -1.214661 1.572622 1.979263 5.573975 3.860111 -2.026494 -2.127518 -8.088589 -15.483954 0.410691 -10.649076 -22.239502 7.553306 -25.954493 -29.656190 -6.752945 -48.296787 5.712064 -32.791340 -15.212846 0.000000 0.000000 0.000000 0.000000 0.000000 0.000000 0.000000 0.000000 0.000000 0.000000 0.000000 0.000000 0.000000 0.000000 0.000000 0.000000 0.000000 0.000000 0.000000 0.000000 0.000000 0.000000 0.000000 0.000000 0.000000 0.000000 0.000000 0.000000 0.000000 0.000000 0.000000 0.000000 0.000000 0.000000 0.000000 0.000000 0.000000 0.000000 0.000000 0.000000 0.000000 0.000000 -1.617011 -14.956352 13.687971 11.028647 -42.600196 19.380731 -7.084668 2.695179 15.451023 3.645133 12.834897 4.343419 0.000000 0.000000 0.000000 0.000000 0.000000 0.000000 0.000000 0.000000 0.000000 0.000000 0.000000 0.000000 0.000000 0.000000 0.000000 0.000000 0.000000 0.000000 0.000000 0.000000 0.000000 0.000000 0.000000 0.000000 0.000000 0.000000 0.000000 0.000000 0.000000 0.000000 0.000000 0.000000 0.000000 0.000000 0.000000 0.000000 0.000000 0.000000 0.000000 0.000000 0.000000 0.000000
-0.002075 -0.141397 1.104084 -12.420755 -2.614712 7.574145 -16.875426 -4.629924 -0.462638 54.057420 4.989048 -7.211347 -29.860904 -12.584661 11.435230 -0.230465 2.047428 -0.161557 -34.527437 15.442184 2.026864 20.731614 -0.182747 1.641465 8.614961 -16.975747 -3.012665 -2.143109 -0.458905 0.231161 33.923646 -1.132862 0.549604 -14.010027 -0.909247 1.089080 8.250458 -1.527923 1.909640 1.730516 5.955182 3.694296 -2.148522 -2.493755 -8.908373 -17.601281 -1.560371 -13.793618 -23.317213 8.963995 -30.842354 -29.884882 -7.695208 -55.557883 5.942628 -34.934749 -15.283573 0.000000 0.000000 0.000000 0.000000 0.000000 0.000000 0.000000 0.000000 0.000000 0.000000 0.000000 0.000000 0.000000 0.000000 0.000000 0.000000 0.000000 0.000000 0.000000 0.000000 0.000000 0.000000 0.000000 0.000000 0.000000 0.000000 0.000000 0.000000 0.000000 0.000000 0.000000 0.000000 0.000000 0.000000 0.000000 0.000000 0.000000 0.000000 0.000000 0.000000 0.000000 0.000000 -1.590962 -14.153500 16.800110 13.290832 -45.339350 25.077654 -7.926125 2.996304 16.949634 0.852878 13.695405 4.511466 0.000000 0.000000 0.000000 0.000000 0.000000 0.000000 0.000000 0.000000 0.000000 0.000000 0.000000 0.000000 0.000000 0.000000 0.000000 0.000000 0.000000 0.000000 0.000000 0.000000 0.000000 0.000000 0.000000 0.000000 0.000000 0.000000 0.000000 0.000000 0.000000 0.000000 0.000000 0.000000 0.000000 0.000000 0.000000 0.000000 0.000000 0.000000 0.000000 0.000000 0.000000 0.000000
0.015689 -0.127651 1.098382 -12.633869 -3.469723 9.132651 -16.445403 -4.906528 -0.278487 55.342689 4.247219 -6.381752 -31.492524 -12.290696 9.850922 -0.052395 2.211098 0.042272 -33.282214 16.074052 1.167150 18.061378 0.362177 0.899908 9.790798 -17.592468 -2.129590 -2.166503 -0.572319 0.061915 33.840913 -0.802836 0.925935 -13.580214 -0.865591 0.797520 8.046747 -1.821822 2.108770 1.134791 6.451566 2.841533 -1.937289 -2.869915 -9.671250 -20.149139 -3.183340 -17.268747 -22.077461 12.169203 -37.048504 -28.859949 -9.376007 -61.545613 6.407025 -35.662043 -15.471689 0.000000 0.000000 0.000000 0.000000 0.000000 0.000000 0.000000 0.000000 0.000000 0.000000 0.000000 0.000000 0.000000 0.000000 0.000000 0.000000 0.000000 0.000000 0.000000 0.000000 0.000000 0.000000 0.000000 0.000000 0.000000 0.000000 0.000000 0.000000 0.000000 0.000000 0.000000 0.000000 0.000000 0.000000 0.000000 0.000000 0.000000 0.000000 0.000000 0.000000 0.000000 0.000000 -2.473097 -13.068181 19.865214 16.256190 -47.496677 31.938274 -8.543983 3.658669 19.681327 -3.824626 12.764158 4.826680 0.000000 0.000000 0.000000 0.000000 0.000000 0.000000 0.000000 0.000000 0.000000 0.000000 0.000000 0.000000 0.000000 0.000000 0.000000 0.000000 0.000000 0.000000 0.000000 0.000000 0.000000 0.000000 0.000000 0.000000 0.000000 0.000000 0.000000 0.000000 0.000000 0.000000 0.000000 0.000000 0.000000 0.000000 0.000000 0.000000 0.000000 0.000000 0.000000 0.000000 0.000000 0.000000
0.034313 -0.094670 1.091926 -12.254829 -4.094151 10.259091 -15.502000 -5.749131 -0.000794 56.441794 3.510412 -5.519784 -33.218592 -11.719606 8.694458 0.042655 2.096390 -0.010168 -34.576665 16.986270 1.409897 21.474785 -0.366669 -0.362607 9.190631 -17.175008 -0.780416 -2.173719 -0.986366 0.122617 34.474781 -0.764121 1.181555 -12.948932 -0.924525 0.915823 6.896882 -1.642316 2.515308 1.320121 6.433706 2.766350 -1.351212 -2.672728 -10.722371 -21.955017 -4.721272 -20.595695 -20.850024 14.837431 -41.995301 -27.660920 -10.877377 -66.007169 6.920954 -34.216838 -14.708168 0.000000 0.000000 0.000000 0.000000 0.000000 0.000000 0.000000 0.000000 0.000000 0.000000 0.000000 0.000000 0.000000 0.000000 0.000000 0.000000 0.000000 0.000000 0.000000 0.000000 0.000000 0.000000 0.000000 0.000000 0.000000 0.000000 0.000000 0.000000 0.000000 0.000000 0.000000 0.000000 0.000000 0.000000 0.000000 0.000000 0.000000 0.000000 0.000000 0.000000 0.000000 0.000000 -2.931741 -11.896471 23.348636 17.683859 -48.066130 38.384632 -9.338511 3.813849 23.501666 -9.145792 12.752512 4.806513 0.000000 0.000000 0.000000 0.000000 0.000000 0.000000 0.000000 0.000000 0.000000 0.000000 0.000000 0.000000 0.000000 0.000000 0.000000 0.000000 0.000000 0.000000 0.000000 0.000000 0.000000 0.000000 0.000000 0.000000 0.000000 0.000000 0.000000 0.000000 0.000000 0.000000 0.000000 0.000000 0.000000 0.000000 0.000000 0.000000 0.000000 0.000000 0.000000 0.000000 0.000000 0.000000
0.050377 -0.054353 1.085505 -11.852309 -4.639423 11.526480 -13.774107 -6.544325 0.369625 56.854207 2.437897 -5.645188 -34.993484 -11.781510 8.209305 0.191341 1.874310 -0.014898 -35.435514 17.345438 1.769624 26.109222 -1.028465 -0.764891 6.535292 -16.096306 -0.885763 -1.979146 -1.438986 0.166612 34.600802 -0.845385 1.033207 -12.154120 -1.007463 1.011226 6.387167 -1.518473 2.563283 1.297997 6.536107 2.499650 -0.966943 -2.316425 -11.081961 -23.587445 -5.573945 -23.691347 -17.953761 18.066697 -47.544851 -25.584243 -13.376231 -68.912895 6.881194 -32.898917 -14.453649 0.000000 0.000000 0.000000 0.000000 0.000000 0.000000 0.000000 0.000000 0.000000 0.000000 0.000000 0.000000 0.000000 0.000000 0.000000 0.000000 0.000000 0.000000 0.000000 0.000000 0.000000 0.000000 0.000000 0.000000 0.000000 0.000000 0.000000 0.000000 0.000000 0.000000 0.000000 0.000000 0.000000 0.000000 0.000000 0.000000 0.000000 0.000000 0.000000 0.000000 0.000000 0.000000 -3.825047 -10.782111 26.377437 17.972885 -47.867588 43.838226 -11.736884 4.238063 27.840455 -16.335637 12.061619 5.426626 0.000000 0.000000 0.000000 0.000000 0.000000 0.000000 0.000000 0.000000 0.000000 0.000000 0.000000 0.000000 0.000000 0.000000 0.000000 0.000000 0.000000 0.000000 0.000000 0.000000 0.000000 0.000000 0.000000 0.000000 0.000000 0.000000 0.000000 0.000000 0.000000 0.000000 0.000000 0.000000 0.000000 0.000000 0.000000 0.000000 0.000000 0.000000 0.000000 0.000000 0.000000 0.000000
0.074113 -0.007493 1.078873 -10.971855 -5.600983 12.712559 -12.155487 -7.739202 0.990881 56.745015 2.003399 -5.311021 -35.763695 -11.127551 7.671479 0.176071 1.545726 -0.013769 -37.142852 17.937816 2.417954 32.015872 -2.299940 -1.580161 2.543291 -14.503311 -1.074202 -1.831272 -1.837294 0.088235 34.713328 -1.126893 0.977881 -11.808676 -1.024587 1.105114 6.061303 -1.416313 2.679785 0.836036 6.381600 2.798155 -0.841911 -1.759880 -11.185547 -24.236231 -5.923460 -26.253053 -14.278280 20.622996 -51.751805 -22.631193 -14.937837 -71.190611 5.409138 -29.497600 -14.240928 0.000000 0.000000 0.000000 0.000000 0.000000 0.000000 0.000000 0.000000 0.000000 0.000000 0.000000 0.000000 0.000000 0.000000 0.000000 0.000000 0.000000 0.000000 0.000000 0.000000 0.000000 0.000000 0.000000 0.000000 0.000000 0.000000 0.000000 0.000000 0.000000 0.000000 0.000000 0.000000 0.000000 0.000000 0.000000 0.000000 0.000000 0.000000 0.000000 0.000000 0.000000 0.000000 -4.676708 -9.845120 28.817567 16.309697 -46.639473 47.510687 -14.715288 4.221211 32.758287 -24.225104 11.704799 6.118560 0.000000 0.000000 0.000000 0.000000 0.000000 0.000000 0.000000 0.000000 0.000000 0.000000 0.000000 0.000000 0.000000 0.000000 0.000000 0.000000 0.000000 0.000000 0.000000 0.000000 0.000000 0.000000 0.000000 0.000000 0.000000 0.000000 0.000000 0.000000 0.000000 0.000000 0.000000 0.000000 0.000000 0.000000 0.000000 0.000000 0.000000 0.000000 0.000000 0.000000 0.000000 0.000000
0.092485 0.030604 1.072874 -10.674377 -6.169570 13.860246 -10.721198 -9.518795 1.826469 57.153762 1.599979 -5.546374 -35.624466 -10.187101 7.334075 0.229902 1.087965 0.037054 -38.981586 18.274188 3.238233 38.729682 -3.955538 -2.198775 -1.306617 -12.453650 -1.429669 -1.434917 -2.376006 -0.184013 35.259756 -1.552153 0.808150 -11.122409 -1.246268 0.965128 5.525421 -1.148887 2.477703 1.161326 6.330630 2.775209 -1.092541 -1.184267 -12.575055 -23.998054 -6.465713 -29.455522 -11.118296 21.603731 -54.202524 -17.111539 -16.752089 -69.227389 5.925375 -25.786778 -13.739529 0.000000 0.000000 0.000000 0.000000 0.000000 0.000000 0.000000 0.000000 0.000000 0.000000 0.000000 0.000000 0.000000 0.000000 0.000000 0.000000 0.000000 0.000000 0.000000 0.000000 0.000000 0.000000 0.000000 0.000000 0.000000 0.000000 0.000000 0.000000 0.000000 0.000000 0.000000 0.000000 0.000000 0.000000 0.000000 0.000000 0.000000 0.000000 0.000000 0.000000 0.000000 0.000000 -5.836581 -8.111692 31.528397 12.915091 -45.839859 49.552684 -20.860616 3.885748 38.953879 -34.891277 10.290958 7.403085 0.000000 0.000000 0.000000 0.000000 0.000000 0.000000 0.000000 0.000000 0.000000 0.000000 0.000000 0.000000 0.000000 0.000000 0.000000 0.000000 0.000000 0.000000 0.000000 0.000000 0.000000 0.000000 0.000000 0.000000 0.000000 0.000000 0.000000 0.000000 0.000000 0.000000 0.000000 0.000000 0.000000 0.000000 0.000000 0.000000 0.000000 0.000000 0.000000 0.000000 0.000000 0.000000
0.106094 0.054859 1.067909 -11.009796 -6.519105 14.550501 -8.976918 -10.991705 2.816429 57.183253 0.840078 -5.344696 -35.946836 -9.693660 6.873531 0.340812 0.760602 0.093593 -39.387675 18.368313 3.563527 43.256712 -5.099120 -2.308999 -4.690617 -11.019518 -0.914400 -1.114237 -2.851725 -0.360629 35.571306 -1.841400 0.597770 -10.380161 -1.374517 0.647501 5.075921 -0.854357 2.270041 1.891012 5.814787 3.522662 -0.845070 -0.870668 -12.610321 -23.553129 -6.401662 -32.348933 -8.001733 22.359356 -56.108264 -11.205944 -18.869830 -66.259409 6.397593 -23.621864 -13.000393 0.000000 0.000000 0.000000 0.000000 0.000000 0.000000 0.000000 0.000000 0.000000 0.000000 0.000000 0.000000 0.000000 0.000000 0.000000 0.000000 0.000000 0.000000 0.000000 0.000000 0.000000 0.000000 0.000000 0.000000 0.000000 0.000000 0.000000 0.000000 0.000000 0.000000 0.000000 0.000000 0.000000 0.000000 0.000000 0.000000 0.000000 0.000000 0.000000 0.000000 0.000000 0.000000 -6.987358 -7.050384 33.398670 9.658080 -45.489485 50.986221 -27.577392 3.491593 45.561496 -43.815991 10.549322 8.629292 0.000000 0.000000 0.000000 0.000000 0.000000 0.000000 0.000000 0.000000 0.000000 0.000000 0.000000 0.000000 0.000000 0.000000 0.000000 0.000000 0.000000 0.000000 0.000000 0.000000 0.000000 0.000000 0.000000 0.000000 0.000000 0.000000 0.000000 0.000000 0.000000 0.000000 0.000000 0.000000 0.000000 0.000000 0.000000 0.000000 0.000000 0.000000 0.000000 0.000000 0.000000 0.000000
0.106286 0.075072 1.062513 -10.929291 -6.291247 15.444722 -7.806760 -12.017327 3.405622 57.007877 0.162932 -5.636525 -37.460428 -9.709439 6.371169 0.330759 0.552869 0.135804 -40.133634 18.516280 4.105728 46.879107 -6.010792 -2.114950 -6.678402 -9.833583 -0.612845 -0.922772 -3.235531 -0.467116 35.665620 -2.257143 0.489744 -10.437971 -1.542209 0.481602 4.951294 -0.562133 2.228063 1.952826 5.451228 4.480338 -0.877587 -0.718011 -12.269493 -22.766015 -6.316790 -34.055520 -3.871650 23.798578 -57.375934 -5.386700 -19.104916 -62.819734 6.632447 -21.152194 -12.418187 0.000000 0.000000 0.000000 0.000000 0.000000 0.000000 0.000000 0.000000 0.000000 0.000000 0.000000 0.000000 0.000000 0.000000 0.000000 0.000000 0.000000 0.000000 0.000000 0.000000 0.000000 0.000000 0.000000 0.000000 0.000000 0.000000 0.000000 0.000000 0.000000 0.000000 0.000000 0.000000 0.000000 0.000000 0.000000 0.000000 0.000000 0.000000 0.000000 0.000000 0.000000 0.000000 -8.611313 -6.023349 34.129368 7.025351 -45.425862 52.082016 -34.128157 2.253835 53.359082 -49.624172 12.647630 10.588659 0.000000 0.000000 0.000000 0.000000 0.000000 0.000000 0.000000 0.000000 0.000000 0.000000 0.000000 0.000000 0.000000 0.000000 0.000000 0.000000 0.000000 0.000000 0.000000 0.000000 0.000000 0.000000 0.000000 0.000000 0.000000 0.000000 0.000000 0.000000 0.000000 0.000000 0.000000 0.000000 0.000000 0.000000 0.000000 0.000000 0.000000 0.000000 0.000000 0.000000 0.000000 0.000000
0.100557 0.097284 1.058098 -10.679580 -5.576681 15.933803 -7.234496 -13.357445 4.078156 57.530195 -0.486147 -5.945603 -37.713586 -8.983391 6.331590 0.322931 0.547798 0.139607 -41.053593 18.267334 4.550717 50.559824 -6.844609 -1.398381 -8.589263 -8.634017 -0.116227 -0.664308 -3.478851 -0.581874 35.720312 -2.617599 0.385257 -10.777936 -1.632642 0.109956 5.140455 -0.302954 2.025800 2.051312 4.647874 5.270115 -1.280869 -0.913327 -12.296311 -21.958701 -5.779219 -35.996916 -0.386801 25.708702 -58.284481 0.931375 -18.528817 -57.176482 6.225119 -19.905899 -11.945878 0.000000 0.000000 0.000000 0.000000 0.000000 0.000000 0.000000 0.000000 0.000000 0.000000 0.000000 0.000000 0.000000 0.000000 0.000000 0.000000 0.000000 0.000000 0.000000 0.000000 0.000000 0.000000 0.000000 0.000000 0.000000 0.000000 0.000000 0.000000 0.000000 0.000000 0.000000 0.000000 0.000000 0.000000 0.000000 0.000000 0.000000 0.000000 0.000000 0.000000 0.000000 0.000000 -10.266512 -5.385389 34.773089 4.674881 -45.943553 52.933808 -39.664870 0.793305 59.207683 -54.257478 15.407703 12.620612 0.000000 0.000000 0.000000 0.000000 0.000000 0.000000 0.000000 0.000000 0.000000 0.000000 0.000000 0.000000 0.000000 0.000000 0.000000 0.000000 0.000000 0.000000 0.000000 0.000000 0.000000 0.000000 0.000000 0.000000 0.000000 0.000000 0.000000 0.000000 0.000000 0.000000 0.000000 0.000000 0.000000 0.000000 0.000000 0.000000 0.000000 0.000000 0.000000 0.000000 0.000000 0.000000
0.096962 0.123889 1.054473 -10.078263 -5.032202 15.598715 -6.404625 -14.375073 4.855372 57.756292 -1.159137 -6.246592 -37.245181 -7.844399 5.673357 0.282409 0.430068 0.125945 -41.646083 17.983913 4.824927 53.021235 -7.712634 -0.921371 -11.490708 -7.499527 0.548906 -0.447299 -3.610500 -0.590555 35.212260 -2.966706 0.144542 -11.101828 -1.716875 -0.099517 5.377508 -0.135554 1.989047 2.410032 4.461581 5.627435 -1.437737 -0.736522 -12.041660 -20.595333 -4.399759 -36.880637 2.761750 27.457321 -58.251260 6.316164 -18.163423 -51.635012 8.031995 -19.913978 -10.953974 0.000000 0.000000 0.000000 0.000000 0.000000 0.000000 0.000000 0.000000 0.000000 0.000000 0.000000 0.000000 0.000000 0.000000 0.000000 0.000000 0.000000 0.000000 0.000000 0.000000 0.000000 0.000000 0.000000 0.000000 0.000000 0.000000 0.000000 0.000000 0.000000 0.000000 0.000000 0.000000 0.000000 0.000000 0.000000 0.000000 0.000000 0.000000 0.000000 0.000000 0.000000 0.000000 -10.864013 -5.393777 35.157536 2.118169 -45.699246 51.997459 -43.577776 -1.337915 63.535529 -58.953509 16.420907 14.170508 0.000000 0.000000 0.000000 0.000000 0.000000 0.000000 0.000000 0.000000 0.000000 0.000000 0.000000 0.000000 0.000000 0.000000 0.000000 0.000000 0.000000 0.000000 0.000000 0.000000 0.000000 0.000000 0.000000 0.000000 0.000000 0.000000 0.000000 0.000000 0.000000 0.000000 0.000000 0.000000 0.000000 0.000000 0.000000 0.000000 0.000000 0.000000 0.000000 0.000000 0.000000 0.000000
0.096183 0.136111 1.051712 -9.840567 -4.818587 15.499663 -6.041284 -14.835200 4.915672 58.147767 -1.631924 -6.449777 -37.223688 -6.848406 4.876181 0.158668 0.274359 -0.092559 -42.099341 17.880645 5.073896 54.501711 -8.212106 -1.308772 -12.705445 -7.369703 1.101591 -0.382194 -3.634806 -0.640749 34.978497 -3.062775 -0.072275 -10.947216 -1.850976 -0.360491 5.168167 0.219871 1.966242 2.879322 4.163465 6.168120 -1.796375 -0.734531 -11.724778 -19.644889 -3.546882 -37.527493 5.209581 28.695286 -58.141979 10.042646 -17.244599 -48.044938 7.809727 -18.609027 -11.260920 0.000000 0.000000 0.000000 0.000000 0.000000 0.000000 0.000000 0.000000 0.000000 0.000000 0.000000 0.000000 0.000000 0.000000 0.000000 0.000000 0.000000 0.000000 0.000000 0.000000 0.000000 0.000000 0.000000 0.000000 0.000000 0.000000 0.000000 0.000000 0.000000 0.000000 0.000000 0.000000 0.000000 0.000000 0.000000 0.000000 0.000000 0.000000 0.000000 0.000000 0.000000 0.000000 -11.881866 -5.330946 35.323745 0.226075 -45.193493 52.056303 -45.870740 -1.773652 68.920756 -58.513837 18.304093 16.087738 0.000000 0.000000 0.000000 0.000000 0.000000 0.000000 0.000000 0.000000 0.000000 0.000000 0.000000 0.000000 0.000000 0.000000 0.000000 0.000000 0.000000 0.000000 0.000000 0.000000 0.000000 0.000000 0.000000 0.000000 0.000000 0.000000 0.000000 0.000000 0.000000 0.000000 0.000000 0.000000 0.000000 0.000000 0.000000 0.000000 0.000000 0.000000 0.000000 0.000000 0.000000 0.000000
0.092962 0.147466 1.049236 -9.859547 -4.372589 15.258797 -5.119625 -15.741236 5.450298 58.032569 -1.833116 -6.167822 -37.670424 -5.911918 4.372761 0.077938 0.280283 -0.189278 -42.235929 17.605834 5.119233 56.021924 -8.723822 -0.934203 -14.009661 -6.975820 1.501683 -0.540660 -3.680516 -0.631814 34.410638 -3.079114 -0.439256 -11.099537 -2.110268 -0.477734 5.383323 0.357842 1.857038 2.519515 3.912593 6.764227 -1.843436 -0.633424 -11.341705 -18.486014 -2.864909 -37.499422 7.300551 29.654000 -57.960179 12.896045 -16.749586 -46.319759 7.051950 -19.482771 -11.637940 0.000000 0.000000 0.000000 0.000000 0.000000 0.000000 0.000000 0.000000 0.000000 0.000000 0.000000 0.000000 0.000000 0.000000 0.000000 0.000000 0.000000 0.000000 0.000000 0.000000 0.000000 0.000000 0.000000 0.000000 0.000000 0.000000 0.000000 0.000000 0.000000 0.000000 0.000000 0.000000 0.000000 0.000000 0.000000 0.000000 0.000000 0.000000 0.000000 0.000000 0.000000 0.000000 -12.224225 -5.612622 35.062806 -0.987039 -44.585226 51.955232 -47.427843 -2.266923 72.178000 -58.371285 19.596588 17.153484 0.000000 0.000000 0.000000 0.000000 0.000000 0.000000 0.000000 0.000000 0.000000 0.000000 0.000000 0.000000 0.000000 0.000000 0.000000 0.000000 0.000000 0.000000 0.000000 0.000000 0.000000 0.000000 0.000000 0.000000 0.000000 0.000000 0.000000 0.000000 0.000000 0.000000 0.000000 0.000000 0.000000 0.000000 0.000000 0.000000 0.000000 0.000000 0.000000 0.000000 0.000000 0.000000
0.088186 0.144829 1.046960 -10.269929 -3.949180 14.954252 -4.682317 -16.162009 5.680336 58.272933 -2.012115 -5.894339 -38.818896 -5.723423 4.284928 -0.005916 0.308558 -0.419738 -42.556185 17.145989 5.156734 57.052899 -8.662819 -1.072056 -13.659200 -7.270544 1.912471 -0.698946 -3.719420 -0.491998 33.998880 -3.234815 -0.840460 -10.997415 -2.197022 -0.681460 5.253563 0.552756 1.614934 2.841367 3.433696 7.505881 -1.685622 -0.270244 -10.141732 -17.472280 -1.855675 -37.387629 8.548893 30.224942 -56.950706 14.515492 -16.219057 -45.826763 5.979818 -19.434135 -12.268385 0.000000 0.000000 0.000000 0.000000 0.000000 0.000000 0.000000 0.000000 0.000000 0.000000 0.000000 0.000000 0.000000 0.000000 0.000000 0.000000 0.000000 0.000000 0.000000 0.000000 0.000000 0.000000 0.000000 0.000000 0.000000 0.000000 0.000000 0.000000 0.000000 0.000000 0.000000 0.000000 0.000000 0.000000 0.000000 0.000000 0.000000 0.000000 0.000000 0.000000 0.000000 0.000000 -12.639964 -5.647246 34.868631 -2.446662 -43.170707 51.193572 -48.092200 -3.032995 74.143949 -57.994291 20.901116 17.774213 0.000000 0.000000 0.000000 0.000000 0.000000 0.000000 0.000000 0.000000 0.000000 0.000000 0.000000 0.000000 0.000000 0.000000 0.000000 0.000000 0.000000 0.000000 0.000000 0.000000 0.000000 0.000000 0.000000 0.000000 0.000000 0.000000 0.000000 0.000000 0.000000 0.000000 0.000000 0.000000 0.000000 0.000000 0.000000 0.000000 0.000000 0.000000 0.000000 0.000000 0.000000 0.000000
0.086398 0.149860 1.044295 -10.229632 -3.684203 14.464409 -4.226053 -16.652157 5.898962 58.340074 -1.897668 -6.093961 -39.263567 -5.434416 4.087602 -0.131744 0.297620 -0.471960 -43.013023 16.941126 5.289595 57.995918 -8.990835 -0.894540 -14.247863 -7.242459 2.274244 -0.745934 -3.654807 -0.533431 33.955135 -3.368834 -1.159879 -11.270010 -2.158266 -0.636490 5.328448 0.671603 1.530097 2.475628 3.341406 7.423898 -1.605409 -0.018098 -10.298605 -16.959478 -1.337436 -37.028376 9.325344 30.558962 -56.280197 15.722160 -15.923543 -44.750287 6.034939 -20.030610 -12.520950 0.000000 0.000000 0.000000 0.000000 0.000000 0.000000 0.000000 0.000000 0.000000 0.000000 0.000000 0.000000 0.000000 0.000000 0.000000 0.000000 0.000000 0.000000 0.000000 0.000000 0.000000 0.000000 0.000000 0.000000 0.000000 0.000000 0.000000 0.000000 0.000000 0.000000 0.000000 0.000000 0.000000 0.000000 0.000000 0.000000 0.000000 0.000000 0.000000 0.000000 0.000000 0.000000 -12.824756 -5.795590 34.642076 -3.338071 -42.394054 51.095502 -48.534581 -3.387094 76.157085 -56.622378 21.572208 18.233762 0.000000 0.000000 0.000000 0.000000 0.000000 0.000000 0.000000 0.000000 0.000000 0.000000 0.000000 0.000000 0.000000 0.000000 0.000000 0.000000 0.000000 0.000000 0.000000 0.000000 0.000000 0.000000 0.000000 0.000000 0.000000 0.000000 0.000000 0.000000 0.000000 0.000000 0.000000 0.000000 0.000000 0.000000 0.000000 0.000000 0.000000 0.000000 0.000000 0.000000 0.000000 0.000000
0.086905 0.154114 1.041798 -10.175158 -3.570642 14.152980 -3.950875 -16.908911 5.933653 58.488347 -1.962488 -6.059277 -39.538654 -5.121052 3.903997 -0.223849 0.167104 -0.557785 -43.535237 16.971335 5.468597 58.974330 -9.534597 -1.293591 -14.576479 -7.340050 2.842328 -0.780578 -3.661874 -0.496850 33.927038 -3.433611 -1.260398 -11.160901 -2.224805 -0.636749 5.156260 0.822558 1.465985 2.589828 3.082556 7.334717 -1.518413 0.018238 -11.078530 -16.372724 -0.773494 -37.105023 10.015898 31.069678 -55.952882 16.807757 -15.629919 -43.743504 6.854528 -20.883123 -12.669700 0.000000 0.000000 0.000000 0.000000 0.000000 0.000000 0.000000 0.000000 0.000000 0.000000 0.000000 0.000000 0.000000 0.000000 0.000000 0.000000 0.000000 0.000000 0.000000 0.000000 0.000000 0.000000 0.000000 0.000000 0.000000 0.000000 0.000000 0.000000 0.000000 0.000000 0.000000 0.000000 0.000000 0.000000 0.000000 0.000000 0.000000 0.000000 0.000000 0.000000 0.000000 0.000000 -13.054234 -5.941192 34.590550 -3.723301 -42.422009 50.902602 -49.116925 -2.939589 77.563098 -55.046502 22.218599 18.418000 0.000000 0.000000 0.000000 0.000000 0.000000 0.000000 0.000000 0.000000 0.000000 0.000000 0.000000 0.000000 0.000000 0.000000 0.000000 0.000000 0.000000 0.000000 0.000000 0.000000 0.000000 0.000000 0.000000 0.000000 0.000000 0.000000 0.000000 0.000000 0.000000 0.000000 0.000000 0.000000 0.000000 0.000000 0.000000 0.000000 0.000000 0.000000 0.000000 0.000000 0.000000 0.000000
0.085798 0.154009 1.039024 -10.216382 -3.427026 13.889851 -3.710068 -17.116181 6.027572 58.506432 -1.929759 -6.256311 -40.465368 -5.340298 3.756004 -0.322634 0.065029 -0.640117 -44.109510 16.774466 5.769932 59.763529 -9.676617 -1.439379 -14.508010 -7.267717 3.197513 -0.762540 -3.746448 -0.507842 33.786869 -3.417728 -1.426844 -10.780173 -2.461594 -0.753281 4.741902 1.038159 1.291489 3.605626 2.658297 7.379489 -1.164897 -0.034348 -11.688679 -15.688735 -0.351881 -36.895023 9.808959 30.823980 -55.190822 17.035200 -15.057845 -43.067610 7.116998 -20.714326 -12.843371 0.000000 0.000000 0.000000 0.000000 0.000000 0.000000 0.000000 0.000000 0.000000 0.000000 0.000000 0.000000 0.000000 0.000000 0.000000 0.000000 0.000000 0.000000 0.000000 0.000000 0.000000 0.000000 0.000000 0.000000 0.000000 0.000000 0.000000 0.000000 0.000000 0.000000 0.000000 0.000000 0.000000 0.000000 0.000000 0.000000 0.000000 0.000000 0.000000 0.000000 0.000000 0.000000 -12.943011 -6.162414 34.479307 -3.838399 -42.301933 51.029657 -49.374946 -3.198597 78.178116 -54.906432 22.126088 18.522954 0.000000 0.000000 0.000000 0.000000 0.000000 0.000000 0.000000 0.000000 0.000000 0.000000 0.000000 0.000000 0.000000 0.000000 0.000000 0.000000 0.000000 0.000000 0.000000 0.000000 0.000000 0.000000 0.000000 0.000000 0.000000 0.000000 0.000000 0.000000 0.000000 0.000000 0.000000 0.000000 0.000000 0.000000 0.000000 0.000000 0.000000 0.000000 0.000000 0.000000 0.000000 0.000000
0.088451 0.160233 1.035900 -10.099767 -3.483385 13.690878 -3.353666 -17.416270 6.193255 58.546113 -1.929080 -6.404541 -40.693821 -5.218402 3.560321 -0.406860 -0.035247 -0.676709 -44.322639 16.744987 5.845176 60.495056 -9.900766 -1.450530 -16.006344 -6.937333 3.473584 -0.764366 -3.740732 -0.511315 33.643812 -3.424551 -1.533978 -10.539143 -2.585691 -0.894233 4.604578 1.102166 1.189537 4.527295 2.356344 7.399686 -0.935966 -0.209994 -12.054114 -15.174855 -0.077221 -36.700532 9.578350 30.785029 -54.592860 17.280131 -14.777630 -42.295135 7.274357 -20.732192 -12.928424 0.000000 0.000000 0.000000 0.000000 0.000000 0.000000 0.000000 0.000000 0.000000 0.000000 0.000000 0.000000 0.000000 0.000000 0.000000 0.000000 0.000000 0.000000 0.000000 0.000000 0.000000 0.000000 0.000000 0.000000 0.000000 0.000000 0.000000 0.000000 0.000000 0.000000 0.000000 0.000000 0.000000 0.000000 0.000000 0.000000 0.000000 0.000000 0.000000 0.000000 0.000000 0.000000 -12.728128 -6.444070 34.345691 -4.027291 -42.364852 50.737507 -49.220843 -3.105886 78.868817 -54.521973 22.456847 18.820522 0.000000 0.000000 0.000000 0.000000 0.000000 0.000000 0.000000 0.000000 0.000000 0.000000 0.000000 0.000000 0.000000 0.000000 0.000000 0.000000 0.000000 0.000000 0.000000 0.000000 0.000000 0.000000 0.000000 0.000000 0.000000 0.000000 0.000000 0.000000 0.000000 0.000000 0.000000 0.000000 0.000000 0.000000 0.000000 0.000000 0.000000 0.000000 0.000000 0.000000 0.000000 0.000000
0.090880 0.164402 1.032795 -10.086762 -3.567688 13.587931 -3.072488 -17.595840 6.327292 58.681252 -2.013924 -6.639609 -41.045076 -5.256156 3.667198 -0.491459 -0.101276 -0.751218 -44.658414 16.644728 6.016603 61.481190 -9.961102 -1.324614 -17.081923 -6.506910 3.612562 -0.727901 -3.743783 -0.467441 33.565212 -3.353567 -1.635502 -10.150165 -2.810805 -1.002986 4.355182 1.147437 1.120359 5.814359 2.163382 7.595333 -0.367871 -0.342304 -12.299224 -14.858449 0.016522 -36.523431 9.308759 30.890919 -54.363107 17.334627 -14.353278 -41.323767 6.805095 -20.752828 -13.234911 0.000000 0.000000 0.000000 0.000000 0.000000 0.000000 0.000000 0.000000 0.000000 0.000000 0.000000 0.000000 0.000000 0.000000 0.000000 0.000000 0.000000 0.000000 0.000000 0.000000 0.000000 0.000000 0.000000 0.000000 0.000000 0.000000 0.000000 0.000000 0.000000 0.000000 0.000000 0.000000 0.000000 0.000000 0.000000 0.000000 0.000000 0.000000 0.000000 0.000000 0.000000 0.000000 -12.427248 -6.837179 34.125006 -3.979964 -42.460660 50.707746 -48.999209 -3.255079 79.383780 -54.978364 22.745912 19.214863 0.000000 0.000000 0.000000 0.000000 0.000000 0.000000 0.000000 0.000000 0.000000 0.000000 0.000000 0.000000 0.000000 0.000000 0.000000 0.000000 0.000000 0.000000 0.000000 0.000000 0.000000 0.000000 0.000000 0.000000 0.000000 0.000000 0.000000 0.000000 0.000000 0.000000 0.000000 0.000000 0.000000 0.000000 0.000000 0.000000 0.000000 0.000000 0.000000 0.000000 0.000000 0.000000
0.092225 0.164693 1.029949 -10.302911 -3.590778 13.315880 -2.519247 -17.778108 6.588587 58.656334 -2.054652 -6.620175 -41.843214 -5.458833 3.557987 -0.548524 -0.200077 -0.817104 -44.649267 16.550378 6.001027 61.966604 -10.052401 -1.397770 -18.171589 -6.237834 3.922968 -0.693998 -3.754240 -0.419687 33.484423 -3.227221 -1.648631 -9.705672 -2.978517 -1.144677 4.155837 1.170403 1.077425 6.680488 2.038073 7.950806 0.121332 -0.513994 -12.410016 -14.698523 -0.007128 -36.437075 9.045955 30.848875 -54.116787 17.824506 -14.195201 -40.768654 6.856613 -20.850396 -13.287301 0.000000 0.000000 0.000000 0.000000 0.000000 0.000000 0.000000 0.000000 0.000000 0.000000 0.000000 0.000000 0.000000 0.000000 0.000000 0.000000 0.000000 0.000000 0.000000 0.000000 0.000000 0.000000 0.000000 0.000000 0.000000 0.000000 0.000000 0.000000 0.000000 0.000000 0.000000 0.000000 0.000000 0.000000 0.000000 0.000000 0.000000 0.000000 0.000000 0.000000 0.000000 0.000000 -12.321950 -7.180054 33.954268 -3.330976 -42.984763 51.043585 -48.737674 -3.407382 80.426061 -55.285977 23.475323 19.614328 0.000000 0.000000 0.000000 0.000000 0.000000 0.000000 0.000000 0.000000 0.000000 0.000000 0.000000 0.000000 0.000000 0.000000 0.000000 0.000000 0.000000 0.000000 0.000000 0.000000 0.000000 0.000000 0.000000 0.000000 0.000000 0.000000 0.000000 0.000000 0.000000 0.000000 0.000000 0.000000 0.000000 0.000000 0.000000 0.000000 0.000000 0.000000 0.000000 0.000000 0.000000 0.000000
0.095288 0.167690 1.027216 -10.359711 -3.744853 13.079440 -2.077710 -17.774076 6.705659 58.677568 -2.146079 -6.593453 -42.218559 -5.573152 3.570004 -0.588570 -0.261897 -0.863403 -44.688154 16.516334 6.069070 62.495337 -10.131033 -1.374223 -19.560024 -5.919544 4.172263 -0.709789 -3.797508 -0.370625 33.493510 -3.121059 -1.636853 -9.313299 -3.149717 -1.236406 3.986088 1.216958 1.076640 7.675260 1.943180 8.226512 0.707078 -0.656431 -12.512450 -14.594250 -0.050231 -36.332426 8.874186 30.843365 -53.968083 18.202871 -14.184400 -40.407860 6.794279 -20.726041 -13.228195 0.000000 0.000000 0.000000 0.000000 0.000000 0.000000 0.000000 0.000000 0.000000 0.000000 0.000000 0.000000 0.000000 0.000000 0.000000 0.000000 0.000000 0.000000 0.000000 0.000000 0.000000 0.000000 0.000000 0.000000 0.000000 0.000000 0.000000 0.000000 0.000000 0.000000 0.000000 0.000000 0.000000 0.000000 0.000000 0.000000 0.000000 0.000000 0.000000 0.000000 0.000000 0.000000 -12.163452 -7.557779 33.732772 -2.765283 -43.348724 51.223675 -48.343222 -3.376840 81.454774 -55.566995 24.003252 19.939159 0.000000 0.000000 0.000000 0.000000 0.000000 0.000000 0.000000 0.000000 0.000000 0.000000 0.000000 0.000000 0.000000 0.000000 0.000000 0.000000 0.000000 0.000000 0.000000 0.000000 0.000000 0.000000 0.000000 0.000000 0.000000 0.000000 0.000000 0.000000 0.000000 0.000000 0.000000 0.000000 0.000000 0.000000 0.000000 0.000000 0.000000 0.000000 0.000000 0.000000 0.000000 0.000000
0.095733 0.169123 1.024655 -10.425579 -3.747513 12.950590 -1.855469 -17.768430 6.762798 58.849396 -2.313747 -6.625655 -42.693386 -5.843110 3.623136 -0.629263 -0.291536 -0.921705 -44.792838 16.500082 6.071549 62.972606 -10.185724 -1.475610 -20.421312 -5.689138 4.484080 -0.723565 -3.824486 -0.337239 33.540341 -3.049554 -1.625130 -9.018079 -3.274146 -1.320713 3.845020 1.247606 1.053170 8.700136 1.865467 8.363871 1.309851 -0.869605 -12.650141 -14.513394 -0.105872 -36.236781 8.616674 30.772183 -53.857702 18.586608 -14.105957 -40.214509 6.413126 -20.590473 -13.279950 0.000000 0.000000 0.000000 0.000000 0.000000 0.000000 0.000000 0.000000 0.000000 0.000000 0.000000 0.000000 0.000000 0.000000 0.000000 0.000000 0.000000 0.000000 0.000000 0.000000 0.000000 0.000000 0.000000 0.000000 0.000000 0.000000 0.000000 0.000000 0.000000 0.000000 0.000000 0.000000 0.000000 0.000000 0.000000 0.000000 0.000000 0.000000 0.000000 0.000000 0.000000 0.000000 -12.015869 -7.864106 33.523069 -2.329629 -43.545784 51.377786 -47.861481 -3.275369 82.498941 -55.343701 24.733905 20.295675 0.000000 0.000000 0.000000 0.000000 0.000000 0.000000 0.000000 0.000000 0.000000 0.000000 0.000000 0.000000 0.000000 0.000000 0.000000 0.000000 0.000000 0.000000 0.000000 0.000000 0.000000 0.000000 0.000000 0.000000 0.000000 0.000000 0.000000 0.000000 0.000000 0.000000 0.000000 0.000000 0.000000 0.000000 0.000000 0.000000 0.000000 0.000000 0.000000 0.000000 0.000000 0.000000
0.097024 0.169834 1.022464 -10.487345 -3.798741 12.798923 -1.691532 -17.790582 6.817194 59.026673 -2.387394 -6.608553 -43.069777 -5.961001 3.606223 -0.670017 -0.334711 -0.985120 -44.924592 16.509056 6.081944 63.369905 -10.259614 -1.645976 -21.109978 -5.587266 4.803921 -0.730232 -3.804629 -0.296526 33.643652 -3.006153 -1.618716 -8.755993 -3.404516 -1.401530 3.673249 1.274822 1.039810 9.755196 1.803107 8.495440 1.891760 -1.099300 -12.691104 -14.480427 -0.132975 -36.142362 8.390409 30.761701 -53.735949 18.739474 -14.048650 -40.127612 5.994821 -20.424141 -13.350604 0.000000 0.000000 0.000000 0.000000 0.000000 0.000000 0.000000 0.000000 0.000000 0.000000 0.000000 0.000000 0.000000 0.000000 0.000000 0.000000 0.000000 0.000000 0.000000 0.000000 0.000000 0.000000 0.000000 0.000000 0.000000 0.000000 0.000000 0.000000 0.000000 0.000000 0.000000 0.000000 0.000000 0.000000 0.000000 0.000000 0.000000 0.000000 0.000000 0.000000 0.000000 0.000000 -11.954083 -8.170188 33.393619 -1.897811 -43.711482 51.667805 -47.375133 -3.020849 83.317463 -54.647659 25.080646 20.390892 0.000000 0.000000 0.000000 0.000000 0.000000 0.000000 0.000000 0.000000 0.000000 0.000000 0.000000 0.000000 0.000000 0.000000 0.000000 0.000000 0.000000 0.000000 0.000000 0.000000 0.000000 0.000000 0.000000 0.000000 0.000000 0.000000 0.000000 0.000000 0.000000 0.000000 0.000000 0.000000 0.000000 0.000000 0.000000 0.000000 0.000000 0.000000 0.000000 0.000000 0.000000 0.000000
0.098245 0.171950 1.020482 -10.421587 -3.853410 12.740273 -1.640054 -17.801266 6.837280 59.152185 -2.438971 -6.595915 -43.325398 -6.047638 3.606492 -0.706723 -0.356310 -1.040734 -45.091208 16.530249 6.112706 63.713048 -10.313691 -1.736639 -21.830677 -5.380728 4.987771 -0.743944 -3.801895 -0.264702 33.721785 -2.977117 -1.624790 -8.574568 -3.513121 -1.447682 3.504671 1.313169 1.028326 10.769231 1.783464 8.525248 2.459327 -1.264979 -12.781657 -14.445471 -0.204489 -36.097033 8.149999 30.677265 -53.671970 18.798714 -13.973486 -40.060918 5.880923 -20.294631 -13.420119 0.000000 0.000000 0.000000 0.000000 0.000000 0.000000 0.000000 0.000000 0.000000 0.000000 0.000000 0.000000 0.000000 0.000000 0.000000 0.000000 0.000000 0.000000 0.000000 0.000000 0.000000 0.000000 0.000000 0.000000 0.000000 0.000000 0.000000 0.000000 0.000000 0.000000 0.000000 0.000000 0.000000 0.000000 0.000000 0.000000 0.000000 0.000000 0.000000 0.000000 0.000000 0.000000 -11.902451 -8.400991 33.276824 -1.570996 -43.830930 51.891422 -46.861463 -2.768576 84.046725 -54.093817 25.283446 20.458085 0.000000 0.000000 0.000000 0.000000 0.000000 0.000000 0.000000 0.000000 0.000000 0.000000 0.000000 0.000000 0.000000 0.000000 0.000000 0.000000 0.000000 0.000000 0.000000 0.000000 0.000000 0.000000 0.000000 0.000000 0.000000 0.000000 0.000000 0.000000 0.000000 0.000000 0.000000 0.000000 0.000000 0.000000 0.000000 0.000000 0.000000 0.000000 0.000000 0.000000 0.000000 0.000000
0.098388 0.174061 1.018752 -10.316356 -3.845825 12.813425 -1.728548 -17.791184 6.782768 59.302822 -2.576290 -6.731007 -43.524639 -6.257518 3.654551 -0.753536 -0.368848 -1.100187 -45.261578 16.512450 6.172386 64.016447 -10.313428 -1.786450 -22.381055 -5.141282 5.064446 -0.748217 -3.819208 -0.254398 33.795435 -2.975271 -1.612745 -8.419529 -3.652109 -1.523208 3.324819 1.374674 1.004101 11.940914 1.717333 8.500308 3.112356 -1.453910 -12.874612 -14.388242 -0.259218 -36.123141 7.866058 30.544485 -53.662194 18.726970 -13.925457 -39.873997 5.923061 -20.169920 -13.376525 0.000000 0.000000 0.000000 0.000000 0.000000 0.000000 0.000000 0.000000 0.000000 0.000000 0.000000 0.000000 0.000000 0.000000 0.000000 0.000000 0.000000 0.000000 0.000000 0.000000 0.000000 0.000000 0.000000 0.000000 0.000000 0.000000 0.000000 0.000000 0.000000 0.000000 0.000000 0.000000 0.000000 0.000000 0.000000 0.000000 0.000000 0.000000 0.000000 0.000000 0.000000 0.000000 -11.914706 -8.546270 33.141418 -1.348649 -43.821013 52.030127 -46.468471 -2.414866 84.625028 -53.564572 25.251848 20.406702 0.000000 0.000000 0.000000 0.000000 0.000000 0.000000 0.000000 0.000000 0.000000 0.000000 0.000000 0.000000 0.000000 0.000000 0.000000 0.000000 0.000000 0.000000 0.000000 0.000000 0.000000 0.000000 0.000000 0.000000 0.000000 0.000000 0.000000 0.000000 0.000000 0.000000 0.000000 0.000000 0.000000 0.000000 0.000000 0.000000 0.000000 0.000000 0.000000 0.000000 0.000000 0.000000
0.098721 0.175591 1.017397 -10.257144 -3.875807 12.908293 -1.712649 -17.762008 6.771082 59.313664 -2.692241 -6.850752 -43.793234 -6.489311 3.659626 -0.801306 -0.377120 -1.145245 -45.350875 16.526591 6.199083 64.254281 -10.274772 -1.819440 -22.886813 -4.947818 5.078761 -0.765657 -3.808788 -0.242253 33.837294 -2.966980 -1.615929 -8.293544 -3.739175 -1.578626 3.201453 1.426275 0.981677 12.859551 1.697018 8.403923 3.633015 -1.615798 -12.839749 -14.332407 -0.269224 -36.131696 7.593627 30.417786 -53.598510 18.611642 -13.823308 -39.653847 5.864797 -20.108551 -13.300503 0.000000 0.000000 0.000000 0.000000 0.000000 0.000000 0.000000 0.000000 0.000000 0.000000 0.000000 0.000000 0.000000 0.000000 0.000000 0.000000 0.000000 0.000000 0.000000 0.000000 0.000000 0.000000 0.000000 0.000000 0.000000 0.000000 0.000000 0.000000 0.000000 0.000000 0.000000 0.000000 0.000000 0.000000 0.000000 0.000000 0.000000 0.000000 0.000000 0.000000 0.000000 0.000000 -11.884066 -8.631224 33.017691 -1.240452 -43.732572 52.079242 -46.100874 -2.070281 85.020768 -52.925146 25.319622 20.362882 0.000000 0.000000 0.000000 0.000000 0.000000 0.000000 0.000000 0.000000 0.000000 0.000000 0.000000 0.000000 0.000000 0.000000 0.000000 0.000000 0.000000 0.000000 0.000000 0.000000 0.000000 0.000000 0.000000 0.000000 0.000000 0.000000 0.000000 0.000000 0.000000 0.000000 0.000000 0.000000 0.000000 0.000000 0.000000 0.000000 0.000000 0.000000 0.000000 0.000000 0.000000 0.000000
0.099719 0.177081 1.016368 -10.190068 -3.932568 13.010413 -1.705880 -17.749846 6.769339 59.266898 -2.790165 -6.978418 -43.955879 -6.668337 3.668613 -0.838813 -0.366702 -1.170825 -45.405297 16.520145 6.230797 64.419913 -10.231744 -1.813892 -23.385794 -4.771162 5.023046 -0.782776 -3.801220 -0.234856 33.857301 -2.955536 -1.639007 -8.206352 -3.810972 -1.634997 3.122324 1.471916 0.953334 13.616515 1.706528 8.312878 4.022718 -1.732197 -12.803658 -14.272087 -0.277262 -36.128689 7.327831 30.321351 -53.479164 18.499296 -13.734979 -39.339954 6.024577 -20.063889 -13.196392 0.000000 0.000000 0.000000 0.000000 0.000000 0.000000 0.000000 0.000000 0.000000 0.000000 0.000000 0.000000 0.000000 0.000000 0.000000 0.000000 0.000000 0.000000 0.000000 0.000000 0.000000 0.000000 0.000000 0.000000 0.000000 0.000000 0.000000 0.000000 0.000000 0.000000 0.000000 0.000000 0.000000 0.000000 0.000000 0.000000 0.000000 0.000000 0.000000 0.000000 0.000000 0.000000 -11.901278 -8.652611 32.953770 -1.120410 -43.681390 52.173521 -45.800114 -1.727305 85.212894 -52.446721 25.282971 20.246618 0.000000 0.000000 0.000000 0.000000 0.000000 0.000000 0.000000 0.000000 0.000000 0.000000 0.000000 0.000000 0.000000 0.000000 0.000000 0.000000 0.000000 0.000000 0.000000 0.000000 0.000000 0.000000 0.000000 0.000000 0.000000 0.000000 0.000000 0.000000 0.000000 0.000000 0.000000 0.000000 0.000000 0.000000 0.000000 0.000000 0.000000 0.000000 0.000000 0.000000 0.000000 0.000000
0.101250 0.177999 1.015668 -10.152797 -4.034796 13.084222 -1.661878 -17.674792 6.783076 59.176882 -2.915485 -7.077078 -44.083634 -6.821286 3.669559 -0.871630 -0.363525 -1.193471 -45.430045 16.496127 6.237659 64.538523 -10.122197 -1.870358 -23.823755 -4.604350 4.980565 -0.808862 -3.801186 -0.209337 33.853583 -2.959184 -1.639839 -8.127739 -3.851624 -1.677792 3.087619 1.506991 0.946183 14.036353 1.737200 8.307702 4.326952 -1.794944 -12.752852 -14.278782 -0.273932 -36.106305 7.152104 30.239926 -53.356360 18.547458 -13.680481 -39.081856 6.064133 -20.070218 -13.090909 0.000000 0.000000 0.000000 0.000000 0.000000 0.000000 0.000000 0.000000 0.000000 0.000000 0.000000 0.000000 0.000000 0.000000 0.000000 0.000000 0.000000 0.000000 0.000000 0.000000 0.000000 0.000000 0.000000 0.000000 0.000000 0.000000 0.000000 0.000000 0.000000 0.000000 0.000000 0.000000 0.000000 0.000000 0.000000 0.000000 0.000000 0.000000 0.000000 0.000000 0.000000 0.000000 -11.961810 -8.677746 32.915176 -0.964486 -43.664021 52.251363 -45.538839 -1.415655 85.273135 -51.889888 25.342692 20.157922 0.000000 0.000000 0.000000 0.000000 0.000000 0.000000 0.000000 0.000000 0.000000 0.000000 0.000000 0.000000 0.000000 0.000000 0.000000 0.000000 0.000000 0.000000 0.000000 0.000000 0.000000 0.000000 0.000000 0.000000 0.000000 0.000000 0.000000 0.000000 0.000000 0.000000 0.000000 0.000000 0.000000 0.000000 0.000000 0.000000 0.000000 0.000000 0.000000 0.000000 0.000000 0.000000
0.101828 0.177992 1.015316 -10.162878 -4.085267 13.176171 -1.624173 -17.659193 6.819379 59.100419 -2.991222 -7.089042 -44.242879 -6.925970 3.602148 -0.897751 -0.356711 -1.215998 -45.419031 16.496243 6.219457 64.600195 -10.034745 -1.937232 -24.001636 -4.517841 4.953150 -0.840331 -3.799248 -0.182226 33.841938 -2.944602 -1.641653 -8.044354 -3.896151 -1.721702 3.040594 1.542675 0.924507 14.306895 1.759104 8.344790 4.549481 -1.832832 -12.655627 -14.250256 -0.251464 -36.134646 6.982535 30.160672 -53.274598 18.576934 -13.559652 -38.799293 6.072470 -20.057879 -13.016270 0.000000 0.000000 0.000000 0.000000 0.000000 0.000000 0.000000 0.000000 0.000000 0.000000 0.000000 0.000000 0.000000 0.000000 0.000000 0.000000 0.000000 0.000000 0.000000 0.000000 0.000000 0.000000 0.000000 0.000000 0.000000 0.000000 0.000000 0.000000 0.000000 0.000000 0.000000 0.000000 0.000000 0.000000 0.000000 0.000000 0.000000 0.000000 0.000000 0.000000 0.000000 0.000000 -11.998689 -8.684397 32.841562 -0.893342 -43.635592 52.233658 -45.437284 -1.202250 85.181959 -51.563273 25.396457 20.057460 0.000000 0.000000 0.000000 0.000000 0.000000 0.000000 0.000000 0.000000 0.000000 0.000000 0.000000 0.000000 0.000000 0.000000 0.000000 0.000000 0.000000 0.000000 0.000000 0.000000 0.000000 0.000000 0.000000 0.000000 0.000000 0.000000 0.000000 0.000000 0.000000 0.000000 0.000000 0.000000 0.000000 0.000000 0.000000 0.000000 0.000000 0.000000 0.000000 0.000000 0.000000 0.000000
0.102115 0.178867 1.015151 -10.110116 -4.106200 13.257483 -1.588455 -17.620948 6.835177 58.957503 -3.077199 -7.132660 -44.329037 -7.031285 3.570558 -0.915904 -0.339087 -1.225481 -45.458695 16.500513 6.213815 64.677026 -9.994014 -2.026553 -24.090814 -4.474645 4.935883 -0.862937 -3.803111 -0.160537 33.843531 -2.953441 -1.661901 -8.006096 -3.916627 -1.752446 3.023918 1.579421 0.892933 14.455238 1.768953 8.396760 4.683769 -1.850283 -12.609766 -14.239884 -0.234442 -36.162551 6.843231 30.069218 -53.151270 18.579253 -13.518565 -38.667827 6.122610 -20.151391 -12.923121 0.000000 0.000000 0.000000 0.000000 0.000000 0.000000 0.000000 0.000000 0.000000 0.000000 0.000000 0.000000 0.000000 0.000000 0.000000 0.000000 0.000000 0.000000 0.000000 0.000000 0.000000 0.000000 0.000000 0.000000 0.000000 0.000000 0.000000 0.000000 0.000000 0.000000 0.000000 0.000000 0.000000 0.000000 0.000000 0.000000 0.000000 0.000000 0.000000 0.000000 0.000000 0.000000 -12.058204 -8.658550 32.810827 -0.801264 -43.610802 52.265206 -45.392334 -0.977638 85.214549 -51.240388 25.420989 19.955200 0.000000 0.000000 0.000000 0.000000 0.000000 0.000000 0.000000 0.000000 0.000000 0.000000 0.000000 0.000000 0.000000 0.000000 0.000000 0.000000 0.000000 0.000000 0.000000 0.000000 0.000000 0.000000 0.000000 0.000000 0.000000 0.000000 0.000000 0.000000 0.000000 0.000000 0.000000 0.000000 0.000000 0.000000 0.000000 0.000000 0.000000 0.000000 0.000000 0.000000 0.000000 0.000000
0.102644 0.179952 1.015227 -10.052012 -4.154502 13.290323 -1.500924 -17.620162 6.938848 58.765056 -3.085095 -7.110382 -44.363529 -7.024517 3.481878 -0.925286 -0.320142 -1.232822 -45.466691 16.526959 6.174597 64.699002 -9.947256 -2.140011 -24.201878 -4.436094 4.941731 -0.892730 -3.799914 -0.134059 33.846082 -2.965123 -1.698552 -8.001635 -3.893698 -1.783335 3.040802 1.601253 0.864098 14.365811 1.823864 8.514555 4.781789 -1.832776 -12.500491 -14.207910 -0.222344 -36.120756 6.707359 29.951707 -53.004057 18.612839 -13.506997 -38.604127 6.322696 -20.206927 -12.882430 0.000000 0.000000 0.000000 0.000000 0.000000 0.000000 0.000000 0.000000 0.000000 0.000000 0.000000 0.000000 0.000000 0.000000 0.000000 0.000000 0.000000 0.000000 0.000000 0.000000 0.000000 0.000000 0.000000 0.000000 0.000000 0.000000 0.000000 0.000000 0.000000 0.000000 0.000000 0.000000 0.000000 0.000000 0.000000 0.000000 0.000000 0.000000 0.000000 0.000000 0.000000 0.000000 -12.096762 -8.648145 32.762897 -0.624255 -43.619140 52.345843 -45.254329 -0.792373 85.289668 -50.866858 25.537180 19.948961 0.000000 0.000000 0.000000 0.000000 0.000000 0.000000 0.000000 0.000000 0.000000 0.000000 0.000000 0.000000 0.000000 0.000000 0.000000 0.000000 0.000000 0.000000 0.000000 0.000000 0.000000 0.000000 0.000000 0.000000 0.000000 0.000000 0.000000 0.000000 0.000000 0.000000 0.000000 0.000000 0.000000 0.000000 0.000000 0.000000 0.000000 0.000000 0.000000 0.000000 0.000000 0.000000
0.103042 0.180899 1.015483 -9.978967 -4.167426 13.336008 -1.505868 -17.644304 7.007639 58.627993 -3.109876 -7.081216 -44.286655 -6.971066 3.419699 -0.940943 -0.316336 -1.245652 -45.561264 16.517072 6.178377 64.790900 -9.929417 -2.229739 -24.052926 -4.404511 4.944756 -0.904759 -3.803360 -0.122136 33.856114 -2.974136 -1.734201 -7.956884 -3.921826 -1.822225 2.990735 1.629641 0.814523 14.368641 1.812328 8.636588 4.844691 -1.837642 -12.411640 -14.170565 -0.229880 -36.105109 6.558320 29.871051 -52.842218 18.636748 -13.494973 -38.500400 6.529040 -20.147802 -12.831792 0.000000 0.000000 0.000000 0.000000 0.000000 0.000000 0.000000 0.000000 0.000000 0.000000 0.000000 0.000000 0.000000 0.000000 0.000000 0.000000 0.000000 0.000000 0.000000 0.000000 0.000000 0.000000 0.000000 0.000000 0.000000 0.000000 0.000000 0.000000 0.000000 0.000000 0.000000 0.000000 0.000000 0.000000 0.000000 0.000000 0.000000 0.000000 0.000000 0.000000 0.000000 0.000000 -12.129949 -8.613068 32.735031 -0.459035 -43.636636 52.488138 -45.164878 -0.527286 85.296952 -50.425911 25.468770 19.830033 0.000000 0.000000 0.000000 0.000000 0.000000 0.000000 0.000000 0.000000 0.000000 0.000000 0.000000 0.000000 0.000000 0.000000 0.000000 0.000000 0.000000 0.000000 0.000000 0.000000 0.000000 0.000000 0.000000 0.000000 0.000000 0.000000 0.000000 0.000000 0.000000 0.000000 0.000000 0.000000 0.000000 0.000000 0.000000 0.000000 0.000000 0.000000 0.000000 0.000000 0.000000 0.000000
0.103132 0.182968 1.015806 -9.861541 -4.171283 13.387326 -1.487736 -17.701005 7.106707 58.466883 -3.092992 -7.054384 -44.148003 -6.823858 3.363245 -0.967326 -0.309185 -1.265823 -45.589852 16.534254 6.158865 64.828807 -9.929285 -2.304398 -24.103499 -4.363623 4.936849 -0.905311 -3.810741 -0.113293 33.827113 -3.001581 -1.786358 -7.913683 -3.940818 -1.845775 2.972572 1.646508 0.788372 14.226903 1.847499 8.750150 4.802117 -1.779736 -12.330732 -14.137130 -0.208795 -36.042687 6.463255 29.834024 -52.753309 18.650203 -13.514538 -38.487876 6.756837 -20.155457 -12.815524 0.000000 0.000000 0.000000 0.000000 0.000000 0.000000 0.000000 0.000000 0.000000 0.000000 0.000000 0.000000 0.000000 0.000000 0.000000 0.000000 0.000000 0.000000 0.000000 0.000000 0.000000 0.000000 0.000000 0.000000 0.000000 0.000000 0.000000 0.000000 0.000000 0.000000 0.000000 0.000000 0.000000 0.000000 0.000000 0.000000 0.000000 0.000000 0.000000 0.000000 0.000000 0.000000 -12.149613 -8.627101 32.695196 -0.315729 -43.616531 52.564395 -45.005207 -0.360562 85.517383 -50.049246 25.446801 19.798386 0.000000 0.000000 0.000000 0.000000 0.000000 0.000000 0.000000 0.000000 0.000000 0.000000 0.000000 0.000000 0.000000 0.000000 0.000000 0.000000 0.000000 0.000000 0.000000 0.000000 0.000000 0.000000 0.000000 0.000000 0.000000 0.000000 0.000000 0.000000 0.000000 0.000000 0.000000 0.000000 0.000000 0.000000 0.000000 0.000000 0.000000 0.000000 0.000000 0.000000 0.000000 0.000000
0.103079 0.185049 1.016261 -9.769990 -4.160430 13.453038 -1.452048 -17.747722 7.177870 58.318719 -3.122830 -7.083513 -43.949494 -6.675353 3.358783 -1.008505 -0.310933 -1.288858 -45.633002 16.526864 6.157935 64.958650 -9.930302 -2.375639 -24.019718 -4.298085 4.923786 -0.918372 -3.823880 -0.103969 33.785075 -3.036189 -1.838373 -7.841215 -3.987103 -1.868359 2.921930 1.680044 0.748848 14.094830 1.818396 8.927085 4.772903 -1.702382 -12.259140 -14.080993 -0.193633 -36.012628 6.373648 29.834388 -52.655855 18.658446 -13.494839 -38.423217 6.867959 -20.058322 -12.795208 0.000000 0.000000 0.000000 0.000000 0.000000 0.000000 0.000000 0.000000 0.000000 0.000000 0.000000 0.000000 0.000000 0.000000 0.000000 0.000000 0.000000 0.000000 0.000000 0.000000 0.000000 0.000000 0.000000 0.000000 0.000000 0.000000 0.000000 0.000000 0.000000 0.000000 0.000000 0.000000 0.000000 0.000000 0.000000 0.000000 0.000000 0.000000 0.000000 0.000000 0.000000 0.000000 -12.151435 -8.622794 32.668472 -0.149900 -43.611882 52.666212 -44.930514 -0.166701 85.690997 -49.745571 25.402902 19.732947 0.000000 0.000000 0.000000 0.000000 0.000000 0.000000 0.000000 0.000000 0.000000 0.000000 0.000000 0.000000 0.000000 0.000000 0.000000 0.000000 0.000000 0.000000 0.000000 0.000000 0.000000 0.000000 0.000000 0.000000 0.000000 0.000000 0.000000 0.000000 0.000000 0.000000 0.000000 0.000000 0.000000 0.000000 0.000000 0.000000 0.000000 0.000000 0.000000 0.000000 0.000000 0.000000
0.102956 0.186677 1.016962 -9.761846 -4.166921 13.465898 -1.304378 -17.798748 7.288106 58.181997 -3.116402 -7.053793 -43.709467 -6.444793 3.366583 -1.045000 -0.327903 -1.307724 -45.551050 16.501715 6.130046 65.040718 -9.890446 -2.429351 -23.993330 -4.230378 4.907825 -0.932580 -3.821254 -0.088408 33.717012 -3.065661 -1.881858 -7.764302 -3.999498 -1.880845 2.929995 1.709198 0.732576 13.771504 1.812616 9.129041 4.576443 -1.575459 -12.152217 -14.049070 -0.185549 -35.945750 6.353822 29.876812 -52.588648 18.762717 -13.454396 -38.358832 6.897743 -19.939254 -12.797593 0.000000 0.000000 0.000000 0.000000 0.000000 0.000000 0.000000 0.000000 0.000000 0.000000 0.000000 0.000000 0.000000 0.000000 0.000000 0.000000 0.000000 0.000000 0.000000 0.000000 0.000000 0.000000 0.000000 0.000000 0.000000 0.000000 0.000000 0.000000 0.000000 0.000000 0.000000 0.000000 0.000000 0.000000 0.000000 0.000000 0.000000 0.000000 0.000000 0.000000 0.000000 0.000000 -12.126011 -8.641582 32.613852 0.022126 -43.666351 52.752992 -44.877245 -0.023558 85.776879 -49.559323 25.475383 19.708578 0.000000 0.000000 0.000000 0.000000 0.000000 0.000000 0.000000 0.000000 0.000000 0.000000 0.000000 0.000000 0.000000 0.000000 0.000000 0.000000 0.000000 0.000000 0.000000 0.000000 0.000000 0.000000 0.000000 0.000000 0.000000 0.000000 0.000000 0.000000 0.000000 0.000000 0.000000 0.000000 0.000000 0.000000 0.000000 0.000000 0.000000 0.000000 0.000000 0.000000 0.000000 0.000000
0.102884 0.187644 1.017852 -9.778163 -4.171210 13.473073 -1.266950 -17.838063 7.339791 58.201164 -3.124189 -7.080739 -43.294710 -6.194011 3.456791 -1.089598 -0.354195 -1.345253 -45.466562 16.435141 6.092887 65.088670 -9.809877 -2.499835 -23.843014 -4.125456 4.874359 -0.948312 -3.825749 -0.073891 33.655304 -3.084642 -1.903281 -7.635294 -4.050909 -1.928158 2.912744 1.737155 0.699934 13.472831 1.806347 9.370362 4.337144 -1.447392 -12.049233 -14.006758 -0.152040 -35.949642 6.309802 29.883074 -52.450499 18.804312 -13.387874 -38.310024 6.870670 -19.850421 -12.843879 0.000000 0.000000 0.000000 0.000000 0.000000 0.000000 0.000000 0.000000 0.000000 0.000000 0.000000 0.000000 0.000000 0.000000 0.000000 0.000000 0.000000 0.000000 0.000000 0.000000 0.000000 0.000000 0.000000 0.000000 0.000000 0.000000 0.000000 0.000000 0.000000 0.000000 0.000000 0.000000 0.000000 0.000000 0.000000 0.000000 0.000000 0.000000 0.000000 0.000000 0.000000 0.000000 -12.135871 -8.641518 32.648688 0.148470 -43.721231 52.784850 -44.899701 0.038449 85.728427 -49.443069 25.501855 19.664662 0.000000 0.000000 0.000000 0.000000 0.000000 0.000000 0.000000 0.000000 0.000000 0.000000 0.000000 0.000000 0.000000 0.000000 0.000000 0.000000 0.000000 0.000000 0.000000 0.000000 0.000000 0.000000 0.000000 0.000000 0.000000 0.000000 0.000000 0.000000 0.000000 0.000000 0.000000 0.000000 0.000000 0.000000 0.000000 0.000000 0.000000 0.000000 0.000000 0.000000 0.000000 0.000000
0.102130 0.187839 1.018986 -9.873986 -4.144763 13.462362 -1.191345 -17.940481 7.445313 58.281475 -3.098456 -7.133466 -42.858056 -5.890106 3.564866 -1.122344 -0.358568 -1.369143 -45.284480 16.369880 5.987271 65.083410 -9.697250 -2.521637 -23.624756 -4.047910 4.830691 -0.980633 -3.800811 -0.051263 33.585656 -3.106914 -1.929029 -7.562048 -4.065279 -1.980844 2.973074 1.730037 0.686131 12.925023 1.863365 9.625433 4.016628 -1.309213 -11.821790 -13.924045 -0.073598 -35.974196 6.282137 29.861292 -52.315322 18.832725 -13.283683 -38.274226 6.787549 -19.805419 -12.930862 0.000000 0.000000 0.000000 0.000000 0.000000 0.000000 0.000000 0.000000 0.000000 0.000000 0.000000 0.000000 0.000000 0.000000 0.000000 0.000000 0.000000 0.000000 0.000000 0.000000 0.000000 0.000000 0.000000 0.000000 0.000000 0.000000 0.000000 0.000000 0.000000 0.000000 0.000000 0.000000 0.000000 0.000000 0.000000 0.000000 0.000000 0.000000 0.000000 0.000000 0.000000 0.000000 -12.095719 -8.653906 32.613898 0.225140 -43.766311 52.701414 -44.906318 0.012442 85.608431 -49.418964 25.544806 19.690696 0.000000 0.000000 0.000000 0.000000 0.000000 0.000000 0.000000 0.000000 0.000000 0.000000 0.000000 0.000000 0.000000 0.000000 0.000000 0.000000 0.000000 0.000000 0.000000 0.000000 0.000000 0.000000 0.000000 0.000000 0.000000 0.000000 0.000000 0.000000 0.000000 0.000000 0.000000 0.000000 0.000000 0.000000 0.000000 0.000000 0.000000 0.000000 0.000000 0.000000 0.000000 0.000000
0.101331 0.185106 1.020602 -10.118947 -4.107380 13.367739 -1.166292 -18.009284 7.500597 58.531743 -3.091215 -7.184706 -42.332278 -5.635099 3.701819 -1.126354 -0.346282 -1.377355 -45.028837 16.237034 5.854732 64.926299 -9.531293 -2.543106 -23.085766 -4.061299 4.810443 -1.021877 -3.752571 -0.026651 33.607924 -3.132397 -1.927102 -7.509082 -4.088673 -2.055263 3.079386 1.720464 0.675505 12.323589 1.915481 9.891926 3.665205 -1.176367 -11.574636 -13.881921 -0.023790 -36.025089 6.203609 29.829100 -52.054992 18.892097 -13.163448 -38.259997 6.567073 -19.820457 -12.950069 0.000000 0.000000 0.000000 0.000000 0.000000 0.000000 0.000000 0.000000 0.000000 0.000000 0.000000 0.000000 0.000000 0.000000 0.000000 0.000000 0.000000 0.000000 0.000000 0.000000 0.000000 0.000000 0.000000 0.000000 0.000000 0.000000 0.000000 0.000000 0.000000 0.000000 0.000000 0.000000 0.000000 0.000000 0.000000 0.000000 0.000000 0.000000 0.000000 0.000000 0.000000 0.000000 -12.058540 -8.621436 32.626083 0.222163 -43.827950 52.557192 -44.950928 0.066536 85.161920 -49.310461 25.582847 19.643807 0.000000 0.000000 0.000000 0.000000 0.000000 0.000000 0.000000 0.000000 0.000000 0.000000 0.000000 0.000000 0.000000 0.000000 0.000000 0.000000 0.000000 0.000000 0.000000 0.000000 0.000000 0.000000 0.000000 0.000000 0.000000 0.000000 0.000000 0.000000 0.000000 0.000000 0.000000 0.000000 0.000000 0.000000 0.000000 0.000000 0.000000 0.000000 0.000000 0.000000 0.000000 0.000000
0.099156 0.180244 1.022755 -10.454266 -4.018327 13.214331 -1.162581 -18.031718 7.546527 58.870595 -3.065488 -7.242123 -41.822424 -5.468813 3.843934 -1.114273 -0.312597 -1.368159 -44.648193 16.095671 5.713247 64.502942 -9.333705 -2.486976 -22.312886 -4.217289 4.764735 -1.071009 -3.690369 0.005522 33.672640 -3.154505 -1.906246 -7.530351 -4.116333 -2.122875 3.225660 1.677466 0.689685 11.695864 1.997618 10.079452 3.336698 -1.057492 -11.269064 -13.826037 0.058954 -36.039096 6.198826 29.814051 -51.856935 18.899738 -13.091218 -38.375646 6.242468 -19.798018 -12.975059 0.000000 0.000000 0.000000 0.000000 0.000000 0.000000 0.000000 0.000000 0.000000 0.000000 0.000000 0.000000 0.000000 0.000000 0.000000 0.000000 0.000000 0.000000 0.000000 0.000000 0.000000 0.000000 0.000000 0.000000 0.000000 0.000000 0.000000 0.000000 0.000000 0.000000 0.000000 0.000000 0.000000 0.000000 0.000000 0.000000 0.000000 0.000000 0.000000 0.000000 0.000000 0.000000 -12.031131 -8.631288 32.507654 0.239493 -43.915351 52.342913 -44.984507 0.064470 84.717795 -49.353069 25.490934 19.606805 0.000000 0.000000 0.000000 0.000000 0.000000 0.000000 0.000000 0.000000 0.000000 0.000000 0.000000 0.000000 0.000000 0.000000 0.000000 0.000000 0.000000 0.000000 0.000000 0.000000 0.000000 0.000000 0.000000 0.000000 0.000000 0.000000 0.000000 0.000000 0.000000 0.000000 0.000000 0.000000 0.000000 0.000000 0.000000 0.000000 0.000000 0.000000 0.000000 0.000000 0.000000 0.000000
0.095820 0.172998 1.025624 -10.777063 -3.878073 13.193094 -1.401067 -17.920878 7.422059 59.213698 -3.074269 -7.320952 -41.315864 -5.636486 4.055070 -1.101466 -0.266448 -1.371583 -44.292685 15.914358 5.608120 63.818827 -9.053780 -2.490348 -20.976293 -4.373131 4.599488 -1.138658 -3.693056 0.001566 33.648900 -3.198419 -1.830386 -7.524725 -4.231473 -2.226547 3.285148 1.688865 0.679413 11.491133 1.986656 10.183865 3.243615 -1.017045 -10.930702 -13.668500 0.214068 -36.036104 6.231643 29.770438 -51.774088 18.704549 -13.032972 -38.603593 5.952438 -19.598920 -12.926579 0.000000 0.000000 0.000000 0.000000 0.000000 0.000000 0.000000 0.000000 0.000000 0.000000 0.000000 0.000000 0.000000 0.000000 0.000000 0.000000 0.000000 0.000000 0.000000 0.000000 0.000000 0.000000 0.000000 0.000000 0.000000 0.000000 0.000000 0.000000 0.000000 0.000000 0.000000 0.000000 0.000000 0.000000 0.000000 0.000000 0.000000 0.000000 0.000000 0.000000 0.000000 0.000000 -11.990330 -8.678635 32.312425 0.222160 -43.859888 52.072784 -45.032163 0.271636 84.294601 -49.180072 25.027080 19.361028 0.000000 0.000000 0.000000 0.000000 0.000000 0.000000 0.000000 0.000000 0.000000 0.000000 0.000000 0.000000 0.000000 0.000000 0.000000 0.000000 0.000000 0.000000 0.000000 0.000000 0.000000 0.000000 0.000000 0.000000 0.000000 0.000000 0.000000 0.000000 0.000000 0.000000 0.000000 0.000000 0.000000 0.000000 0.000000 0.000000 0.000000 0.000000 0.000000 0.000000 0.000000 0.000000
0.089696 0.165333 1.029303 -11.075395 -3.613899 13.166169 -1.583725 -17.744934 7.378128 59.378580 -3.097083 -7.445091 -40.936157 -5.936125 4.316969 -1.068800 -0.215123 -1.368685 -43.731720 15.753799 5.436924 62.700646 -8.742771 -2.507312 -19.532878 -4.844978 4.394106 -1.132785 -3.706064 -0.027772 33.607648 -3.281949 -1.760075 -7.520796 -4.336596 -2.343716 3.302075 1.667681 0.631066 11.477687 1.906495 10.110277 3.351566 -1.036557 -10.493106 -13.474491 0.390735 -35.919543 6.362272 29.659316 -51.666486 18.655647 -13.099341 -39.201698 5.794700 -19.649245 -12.994007 0.000000 0.000000 0.000000 0.000000 0.000000 0.000000 0.000000 0.000000 0.000000 0.000000 0.000000 0.000000 0.000000 0.000000 0.000000 0.000000 0.000000 0.000000 0.000000 0.000000 0.000000 0.000000 0.000000 0.000000 0.000000 0.000000 0.000000 0.000000 0.000000 0.000000 0.000000 0.000000 0.000000 0.000000 0.000000 0.000000 0.000000 0.000000 0.000000 0.000000 0.000000 0.000000 -12.025191 -8.789360 32.115834 0.458044 -43.746740 52.027385 -44.973650 0.359682 84.434298 -48.875167 24.728480 19.231761 0.000000 0.000000 0.000000 0.000000 0.000000 0.000000 0.000000 0.000000 0.000000 0.000000 0.000000 0.000000 0.000000 0.000000 0.000000 0.000000 0.000000 0.000000 0.000000 0.000000 0.000000 0.000000 0.000000 0.000000 0.000000 0.000000 0.000000 0.000000 0.000000 0.000000 0.000000 0.000000 0.000000 0.000000 0.000000 0.000000 0.000000 0.000000 0.000000 0.000000 0.000000 0.000000
0.083482 0.156022 1.034020 -11.327933 -3.423190 13.176880 -1.722426 -17.265208 7.228422 59.153611 -3.073928 -7.492501 -40.729871 -6.540173 4.696385 -1.021516 -0.177712 -1.328144 -43.101407 15.646126 5.287878 61.174279 -8.325658 -2.488140 -17.738252 -5.431554 4.014462 -1.127353 -3.718065 -0.056520 33.454977 -3.278157 -1.627497 -7.542184 -4.454909 -2.463819 3.334786 1.673239 0.569915 11.462506 1.761276 9.859182 3.554829 -1.051654 -9.968253 -13.259968 0.619401 -35.671030 6.753983 29.749340 -51.811484 18.431883 -13.139301 -39.719561 5.115281 -19.516415 -12.955657 0.000000 0.000000 0.000000 0.000000 0.000000 0.000000 0.000000 0.000000 0.000000 0.000000 0.000000 0.000000 0.000000 0.000000 0.000000 0.000000 0.000000 0.000000 0.000000 0.000000 0.000000 0.000000 0.000000 0.000000 0.000000 0.000000 0.000000 0.000000 0.000000 0.000000 0.000000 0.000000 0.000000 0.000000 0.000000 0.000000 0.000000 0.000000 0.000000 0.000000 0.000000 0.000000 -12.060105 -8.918344 31.838408 0.763736 -43.355425 51.960585 -44.642553 0.546939 84.907740 -48.184495 24.093864 18.908457 0.000000 0.000000 0.000000 0.000000 0.000000 0.000000 0.000000 0.000000 0.000000 0.000000 0.000000 0.000000 0.000000 0.000000 0.000000 0.000000 0.000000 0.000000 0.000000 0.000000 0.000000 0.000000 0.000000 0.000000 0.000000 0.000000 0.000000 0.000000 0.000000 0.000000 0.000000 0.000000 0.000000 0.000000 0.000000 0.000000 0.000000 0.000000 0.000000 0.000000 0.000000 0.000000
0.074838 0.139021 1.040518 -11.947480 -3.148621 12.886688 -1.578000 -16.797771 7.292126 58.712095 -2.770623 -7.264935 -40.942530 -7.104724 4.966468 -0.961586 -0.149373 -1.280006 -41.891920 15.484300 4.937673 58.612615 -7.799100 -2.506532 -15.378700 -6.460406 3.728191 -1.162669 -3.629312 -0.028379 33.332591 -3.315426 -1.557735 -7.890372 -4.464181 -2.578790 3.676615 1.531281 0.538638 10.469502 1.980932 9.575424 3.317805 -0.850696 -9.358405 -13.116174 0.853811 -35.374017 7.370864 29.998106 -51.773274 18.328497 -13.314509 -40.729737 4.099862 -19.297528 -12.999350 0.000000 0.000000 0.000000 0.000000 0.000000 0.000000 0.000000 0.000000 0.000000 0.000000 0.000000 0.000000 0.000000 0.000000 0.000000 0.000000 0.000000 0.000000 0.000000 0.000000 0.000000 0.000000 0.000000 0.000000 0.000000 0.000000 0.000000 0.000000 0.000000 0.000000 0.000000 0.000000 0.000000 0.000000 0.000000 0.000000 0.000000 0.000000 0.000000 0.000000 0.000000 0.000000 -12.088079 -9.087132 31.530859 1.337406 -43.244723 51.955739 -44.350494 0.419730 85.685911 -47.554669 23.494214 18.419076 0.000000 0.000000 0.000000 0.000000 0.000000 0.000000 0.000000 0.000000 0.000000 0.000000 0.000000 0.000000 0.000000 0.000000 0.000000 0.000000 0.000000 0.000000 0.000000 0.000000 0.000000 0.000000 0.000000 0.000000 0.000000 0.000000 0.000000 0.000000 0.000000 0.000000 0.000000 0.000000 0.000000 0.000000 0.000000 0.000000 0.000000 0.000000 0.000000 0.000000 0.000000 0.000000
0.063844 0.115139 1.048468 -12.621342 -2.848791 12.630527 -1.600348 -15.912560 7.163075 57.876459 -2.442095 -6.998132 -41.671228 -8.045055 5.316819 -0.863956 -0.132663 -1.223812 -40.431895 15.319731 4.549958 54.964244 -6.985662 -2.570494 -11.929450 -8.086427 3.361495 -1.108604 -3.576550 -0.069578 33.186458 -3.217907 -1.399098 -8.073541 -4.477451 -2.788218 4.008596 1.313319 0.489577 9.630729 2.149310 9.070304 3.144792 -0.717922 -8.727546 -12.968118 1.101284 -35.115083 8.199829 30.429420 -51.809723 18.235957 -13.544019 -41.903479 3.195177 -18.868704 -12.979843 0.000000 0.000000 0.000000 0.000000 0.000000 0.000000 0.000000 0.000000 0.000000 0.000000 0.000000 0.000000 0.000000 0.000000 0.000000 0.000000 0.000000 0.000000 0.000000 0.000000 0.000000 0.000000 0.000000 0.000000 0.000000 0.000000 0.000000 0.000000 0.000000 0.000000 0.000000 0.000000 0.000000 0.000000 0.000000 0.000000 0.000000 0.000000 0.000000 0.000000 0.000000 0.000000 -12.217153 -9.192651 31.062157 1.968975 -43.202344 51.826366 -44.050975 0.581902 86.687603 -46.273750 22.665307 17.532672 0.000000 0.000000 0.000000 0.000000 0.000000 0.000000 0.000000 0.000000 0.000000 0.000000 0.000000 0.000000 0.000000 0.000000 0.000000 0.000000 0.000000 0.000000 0.000000 0.000000 0.000000 0.000000 0.000000 0.000000 0.000000 0.000000 0.000000 0.000000 0.000000 0.000000 0.000000 0.000000 0.000000 0.000000 0.000000 0.000000 0.000000 0.000000 0.000000 0.000000 0.000000 0.000000
0.053466 0.088364 1.057182 -13.188922 -2.631986 12.324440 -1.704483 -14.818473 6.936729 56.501854 -1.920072 -6.643219 -42.517298 -9.083233 5.654631 -0.742245 -0.065439 -1.124954 -38.651276 15.154195 4.111783 50.218160 -6.004345 -2.431374 -8.001338 -9.741927 2.955756 -1.059347 -3.506777 -0.121163 32.708149 -3.087832 -1.237071 -8.414631 -4.451294 -2.969572 4.364078 1.063328 0.462639 8.497166 2.370820 8.226544 2.668001 -0.540528 -8.140611 -12.654300 1.422260 -34.606277 9.212857 31.061453 -51.949401 18.041670 -13.555816 -42.827453 2.188814 -18.301240 -13.089204 0.000000 0.000000 0.000000 0.000000 0.000000 0.000000 0.000000 0.000000 0.000000 0.000000 0.000000 0.000000 0.000000 0.000000 0.000000 0.000000 0.000000 0.000000 0.000000 0.000000 0.000000 0.000000 0.000000 0.000000 0.000000 0.000000 0.000000 0.000000 0.000000 0.000000 0.000000 0.000000 0.000000 0.000000 0.000000 0.000000 0.000000 0.000000 0.000000 0.000000 0.000000 0.000000 -11.991139 -9.296556 30.333258 2.500204 -43.323513 51.059627 -43.707636 0.398772 87.026044 -46.057696 21.557418 16.588102 0.000000 0.000000 0.000000 0.000000 0.000000 0.000000 0.000000 0.000000 0.000000 0.000000 0.000000 0.000000 0.000000 0.000000 0.000000 0.000000 0.000000 0.000000 0.000000 0.000000 0.000000 0.000000 0.000000 0.000000 0.000000 0.000000 0.000000 0.000000 0.000000 0.000000 0.000000 0.000000 0.000000 0.000000 0.000000 0.000000 0.000000 0.000000 0.000000 0.000000 0.000000 0.000000
0.042347 0.057908 1.066267 -13.718837 -2.460672 12.077739 -2.047134 -13.518560 6.607317 54.911078 -1.339801 -5.868190 -43.233494 -10.292713 5.740501 -0.628152 -0.009951 -1.029696 -36.835629 15.136068 3.683750 45.046654 -4.958815 -2.390787 -2.957128 -11.700020 2.886871 -1.023693 -3.501728 -0.159071 32.253679 -2.842985 -1.002408 -8.561344 -4.570937 -3.231564 4.644032 0.800072 0.384111 7.635159 2.461053 7.484224 2.122377 -0.473093 -7.715424 -12.426448 1.588813 -34.245780 10.417251 31.832165 -52.117025 18.475878 -13.646220 -43.790272 1.312472 -17.956723 -13.087794 0.000000 0.000000 0.000000 0.000000 0.000000 0.000000 0.000000 0.000000 0.000000 0.000000 0.000000 0.000000 0.000000 0.000000 0.000000 0.000000 0.000000 0.000000 0.000000 0.000000 0.000000 0.000000 0.000000 0.000000 0.000000 0.000000 0.000000 0.000000 0.000000 0.000000 0.000000 0.000000 0.000000 0.000000 0.000000 0.000000 0.000000 0.000000 0.000000 0.000000 0.000000 0.000000 -11.942480 -9.365979 29.561354 3.070342 -43.400690 50.152412 -43.155089 0.671099 87.753121 -44.812363 20.547064 15.411348 0.000000 0.000000 0.000000 0.000000 0.000000 0.000000 0.000000 0.000000 0.000000 0.000000 0.000000 0.000000 0.000000 0.000000 0.000000 0.000000 0.000000 0.000000 0.000000 0.000000 0.000000 0.000000 0.000000 0.000000 0.000000 0.000000 0.000000 0.000000 0.000000 0.000000 0.000000 0.000000 0.000000 0.000000 0.000000 0.000000 0.000000 0.000000 0.000000 0.000000 0.000000 0.000000
0.035305 0.027439 1.074940 -14.128402 -2.486938 11.490544 -2.059246 -12.219772 6.582901 52.490774 -0.627732 -5.003258 -43.995584 -11.455112 5.596562 -0.474525 0.043426 -0.940371 -34.585602 15.281735 2.929925 39.242318 -3.921214 -2.397025 1.072832 -13.937187 3.530662 -0.925886 -3.474709 -0.205416 31.523773 -2.512420 -0.678136 -8.608265 -4.649792 -3.526577 4.938334 0.483801 0.375866 6.680497 2.477235 6.649675 1.639222 -0.556152 -7.086972 -12.154088 1.807935 -33.631269 12.101714 32.962788 -52.475142 19.540774 -14.100872 -44.434886 0.852084 -18.456720 -13.222726 0.000000 0.000000 0.000000 0.000000 0.000000 0.000000 0.000000 0.000000 0.000000 0.000000 0.000000 0.000000 0.000000 0.000000 0.000000 0.000000 0.000000 0.000000 0.000000 0.000000 0.000000 0.000000 0.000000 0.000000 0.000000 0.000000 0.000000 0.000000 0.000000 0.000000 0.000000 0.000000 0.000000 0.000000 0.000000 0.000000 0.000000 0.000000 0.000000 0.000000 0.000000 0.000000 -11.835860 -9.439762 28.426028 4.226476 -44.024028 49.275222 -42.312045 1.261744 88.357761 -43.748062 20.362441 14.460134 0.000000 0.000000 0.000000 0.000000 0.000000 0.000000 0.000000 0.000000 0.000000 0.000000 0.000000 0.000000 0.000000 0.000000 0.000000 0.000000 0.000000 0.000000 0.000000 0.000000 0.000000 0.000000 0.000000 0.000000 0.000000 0.000000 0.000000 0.000000 0.000000 0.000000 0.000000 0.000000 0.000000 0.000000 0.000000 0.000000 0.000000 0.000000 0.000000 0.000000 0.000000 0.000000
0.026476 0.001288 1.082599 -14.184455 -2.551803 10.732300 -2.202830 -10.758505 6.560516 49.995536 0.279915 -3.903877 -44.469479 -12.493605 5.482168 -0.378111 0.007366 -0.905965 -32.943267 15.555281 2.172602 34.489417 -2.989834 -2.867237 2.581367 -15.028968 3.274280 -0.850631 -3.364488 -0.209128 30.970795 -2.365541 -0.454999 -8.747378 -4.645558 -3.635798 4.984312 0.307278 0.343775 5.277815 2.576236 5.803347 1.191678 -0.352034 -6.372096 -11.854749 2.206503 -32.694785 13.902013 34.027040 -52.485233 20.661164 -14.407787 -45.774749 0.051406 -18.588096 -13.317841 0.000000 0.000000 0.000000 0.000000 0.000000 0.000000 0.000000 0.000000 0.000000 0.000000 0.000000 0.000000 0.000000 0.000000 0.000000 0.000000 0.000000 0.000000 0.000000 0.000000 0.000000 0.000000 0.000000 0.000000 0.000000 0.000000 0.000000 0.000000 0.000000 0.000000 0.000000 0.000000 0.000000 0.000000 0.000000 0.000000 0.000000 0.000000 0.000000 0.000000 0.000000 0.000000 -11.714549 -9.478957 27.089944 5.612639 -44.505252 48.338598 -40.870385 1.719734 89.547193 -42.058392 20.094865 13.434177 0.000000 0.000000 0.000000 0.000000 0.000000 0.000000 0.000000 0.000000 0.000000 0.000000 0.000000 0.000000 0.000000 0.000000 0.000000 0.000000 0.000000 0.000000 0.000000 0.000000 0.000000 0.000000 0.000000 0.000000 0.000000 0.000000 0.000000 0.000000 0.000000 0.000000 0.000000 0.000000 0.000000 0.000000 0.000000 0.000000 0.000000 0.000000 0.000000 0.000000 0.000000 0.000000
0.015348 -0.013063 1.089121 -13.987915 -2.287754 9.711821 -2.291951 -9.783011 6.765011 48.140914 1.009930 -2.907226 -44.039602 -13.116650 5.749357 -0.307442 -0.062668 -0.877377 -32.110156 15.606646 1.753371 32.862156 -2.780625 -3.457931 2.498474 -15.146989 2.219043 -0.790451 -3.299922 -0.186995 30.681688 -2.335926 -0.323056 -8.763317 -4.508586 -3.619908 5.099430 0.241122 0.323191 4.629898 2.411993 5.517786 1.049583 -0.215124 -5.816038 -11.497486 2.649911 -31.550121 15.432798 34.752028 -52.222833 21.770031 -14.949276 -47.200393 -0.210215 -19.057342 -13.370007 0.000000 0.000000 0.000000 0.000000 0.000000 0.000000 0.000000 0.000000 0.000000 0.000000 0.000000 0.000000 0.000000 0.000000 0.000000 0.000000 0.000000 0.000000 0.000000 0.000000 0.000000 0.000000 0.000000 0.000000 0.000000 0.000000 0.000000 0.000000 0.000000 0.000000 0.000000 0.000000 0.000000 0.000000 0.000000 0.000000 0.000000 0.000000 0.000000 0.000000 0.000000 0.000000 -11.380827 -9.888941 25.947211 7.179354 -45.080224 47.749407 -39.689928 2.341092 90.734105 -40.516494 20.724214 13.245772 0.000000 0.000000 0.000000 0.000000 0.000000 0.000000 0.000000 0.000000 0.000000 0.000000 0.000000 0.000000 0.000000 0.000000 0.000000 0.000000 0.000000 0.000000 0.000000 0.000000 0.000000 0.000000 0.000000 0.000000 0.000000 0.000000 0.000000 0.000000 0.000000 0.000000 0.000000 0.000000 0.000000 0.000000 0.000000 0.000000 0.000000 0.000000 0.000000 0.000000 0.000000 0.000000
0.004204 -0.020048 1.094741 -13.593013 -1.987440 8.708195 -2.571661 -9.048445 6.967574 46.976036 1.746355 -1.945390 -43.001411 -13.415017 6.227818 -0.260844 -0.216132 -0.855594 -32.269173 15.314284 1.892385 35.266861 -3.265543 -4.144537 1.034155 -14.127370 0.700457 -0.907310 -3.346327 -0.063218 30.553656 -2.495258 -0.470879 -8.835220 -4.318857 -3.405992 5.112075 0.345021 0.242150 4.047132 2.224818 5.932584 0.884530 0.183178 -5.664488 -10.967637 3.270123 -30.196214 16.586170 34.889782 -51.334980 22.812027 -15.601255 -49.202253 -0.085322 -19.265716 -13.345040 0.000000 0.000000 0.000000 0.000000 0.000000 0.000000 0.000000 0.000000 0.000000 0.000000 0.000000 0.000000 0.000000 0.000000 0.000000 0.000000 0.000000 0.000000 0.000000 0.000000 0.000000 0.000000 0.000000 0.000000 0.000000 0.000000 0.000000 0.000000 0.000000 0.000000 0.000000 0.000000 0.000000 0.000000 0.000000 0.000000 0.000000 0.000000 0.000000 0.000000 0.000000 0.000000 -10.894331 -10.649157 24.889733 8.767093 -45.282996 46.665074 -38.081092 3.245346 91.725226 -38.860428 21.649787 13.394935 0.000000 0.000000 0.000000 0.000000 0.000000 0.000000 0.000000 0.000000 0.000000 0.000000 0.000000 0.000000 0.000000 0.000000 0.000000 0.000000 0.000000 0.000000 0.000000 0.000000 0.000000 0.000000 0.000000 0.000000 0.000000 0.000000 0.000000 0.000000 0.000000 0.000000 0.000000 0.000000 0.000000 0.000000 0.000000 0.000000 0.000000 0.000000 0.000000 0.000000 0.000000 0.000000
-0.009832 -0.026823 1.100021 -13.112947 -1.472072 7.934558 -3.144716 -8.635503 7.181840 46.011685 2.553094 -1.407236 -41.961085 -13.678709 6.774714 -0.263455 -0.502985 -0.913364 -32.844829 15.071188 2.294817 40.619037 -4.117264 -4.216468 -2.263993 -12.044989 -0.847829 -1.029175 -3.415538 0.071135 30.297091 -2.581969 -0.709889 -8.588157 -4.052776 -3.111805 4.900953 0.624640 0.172353 3.862566 2.075875 6.356522 0.622135 0.533150 -5.738267 -10.420557 3.914422 -28.690914 17.543803 34.776365 -50.420698 23.439842 -15.898667 -50.856313 0.571618 -19.429294 -13.416648 0.000000 0.000000 0.000000 0.000000 0.000000 0.000000 0.000000 0.000000 0.000000 0.000000 0.000000 0.000000 0.000000 0.000000 0.000000 0.000000 0.000000 0.000000 0.000000 0.000000 0.000000 0.000000 0.000000 0.000000 0.000000 0.000000 0.000000 0.000000 0.000000 0.000000 0.000000 0.000000 0.000000 0.000000 0.000000 0.000000 0.000000 0.000000 0.000000 0.000000 0.000000 0.000000 -10.349911 -11.254004 23.856964 10.052193 -45.345468 45.295218 -35.876402 4.036233 92.097981 -37.204590 22.541104 13.681320 0.000000 0.000000 0.000000 0.000000 0.000000 0.000000 0.000000 0.000000 0.000000 0.000000 0.000000 0.000000 0.000000 0.000000 0.000000 0.000000 0.000000 0.000000 0.000000 0.000000 0.000000 0.000000 0.000000 0.000000 0.000000 0.000000 0.000000 0.000000 0.000000 0.000000 0.000000 0.000000 0.000000 0.000000 0.000000 0.000000 0.000000 0.000000 0.000000 0.000000 0.000000 0.000000
-0.020488 -0.020085 1.104612 -12.033779 -1.143434 6.829213 -3.339005 -8.116040 7.524444 44.491191 3.369441 -0.915019 -40.739263 -13.863371 7.516388 -0.291784 -0.773080 -0.972231 -32.975390 14.916177 2.324969 46.473660 -5.339628 -4.659761 -6.013813 -9.342634 -2.831060 -1.153645 -3.454891 0.243477 29.556049 -2.640876 -0.959630 -8.264212 -3.662714 -2.788625 4.792538 0.895490 0.178432 3.398084 2.039780 6.575905 0.169723 0.882053 -5.698352 -9.625361 4.879551 -26.894553 18.324798 34.705123 -49.017807 23.847077 -15.982099 -52.467312 1.126751 -19.333135 -13.349924 0.000000 0.000000 0.000000 0.000000 0.000000 0.000000 0.000000 0.000000 0.000000 0.000000 0.000000 0.000000 0.000000 0.000000 0.000000 0.000000 0.000000 0.000000 0.000000 0.000000 0.000000 0.000000 0.000000 0.000000 0.000000 0.000000 0.000000 0.000000 0.000000 0.000000 0.000000 0.000000 0.000000 0.000000 0.000000 0.000000 0.000000 0.000000 0.000000 0.000000 0.000000 0.000000 -9.473093 -11.932277 22.640918 11.101695 -45.222034 43.129219 -32.719115 4.529955 91.771216 -36.442558 23.038887 14.063422 0.000000 0.000000 0.000000 0.000000 0.000000 0.000000 0.000000 0.000000 0.000000 0.000000 0.000000 0.000000 0.000000 0.000000 0.000000 0.000000 0.000000 0.000000 0.000000 0.000000 0.000000 0.000000 0.000000 0.000000 0.000000 0.000000 0.000000 0.000000 0.000000 0.000000 0.000000 0.000000 0.000000 0.000000 0.000000 0.000000 0.000000 0.000000 0.000000 0.000000 0.000000 0.000000
-0.028969 -0.022574 1.110407 -11.322520 -0.865865 6.112293 -3.565277 -7.743689 7.743824 42.631401 4.137748 -0.206787 -39.612490 -13.770892 8.035509 -0.259353 -0.909174 -1.032644 -31.945025 14.647113 2.043338 50.701608 -5.979128 -5.162660 -9.648948 -6.714896 -4.731567 -1.258404 -3.461058 0.335387 28.561856 -2.346791 -1.158372 -8.091211 -3.435057 -2.588297 4.931068 1.021696 0.112690 2.652059 1.875706 6.773230 -0.152418 1.073872 -5.067989 -8.981232 5.835501 -24.898089 19.094112 34.705569 -47.546503 23.661921 -15.575558 -54.449105 0.781891 -19.294664 -13.742461 0.000000 0.000000 0.000000 0.000000 0.000000 0.000000 0.000000 0.000000 0.000000 0.000000 0.000000 0.000000 0.000000 0.000000 0.000000 0.000000 0.000000 0.000000 0.000000 0.000000 0.000000 0.000000 0.000000 0.000000 0.000000 0.000000 0.000000 0.000000 0.000000 0.000000 0.000000 0.000000 0.000000 0.000000 0.000000 0.000000 0.000000 0.000000 0.000000 0.000000 0.000000 0.000000 -8.986470 -12.558377 21.169868 12.322645 -44.853755 41.163236 -29.510156 4.468482 90.663725 -35.668589 23.001846 14.335531 0.000000 0.000000 0.000000 0.000000 0.000000 0.000000 0.000000 0.000000 0.000000 0.000000 0.000000 0.000000 0.000000 0.000000 0.000000 0.000000 0.000000 0.000000 0.000000 0.000000 0.000000 0.000000 0.000000 0.000000 0.000000 0.000000 0.000000 0.000000 0.000000 0.000000 0.000000 0.000000 0.000000 0.000000 0.000000 0.000000 0.000000 0.000000 0.000000 0.000000 0.000000 0.000000
-0.038062 -0.018969 1.116251 -10.587983 -0.453487 5.473734 -3.341263 -7.435326 8.012175 40.536201 4.518015 0.248062 -38.509882 -13.721553 8.693993 -0.218624 -1.022405 -1.057362 -30.289444 14.217290 1.570746 53.887475 -6.458703 -5.313641 -12.489657 -4.479066 -6.556993 -1.330498 -3.453305 0.488929 27.331822 -2.078396 -1.401277 -7.923480 -3.175815 -2.441300 5.145532 1.069593 -0.107055 1.744255 1.600570 6.566166 -0.036510 1.465550 -4.630524 -8.158709 6.921752 -22.831556 19.391201 34.573917 -45.395463 23.980088 -15.347140 -55.623908 0.759167 -19.416050 -13.953736 0.000000 0.000000 0.000000 0.000000 0.000000 0.000000 0.000000 0.000000 0.000000 0.000000 0.000000 0.000000 0.000000 0.000000 0.000000 0.000000 0.000000 0.000000 0.000000 0.000000 0.000000 0.000000 0.000000 0.000000 0.000000 0.000000 0.000000 0.000000 0.000000 0.000000 0.000000 0.000000 0.000000 0.000000 0.000000 0.000000 0.000000 0.000000 0.000000 0.000000 0.000000 0.000000 -8.455578 -13.348244 19.623165 13.634085 -44.141573 38.987686 -25.780928 4.801899 88.623925 -35.050617 22.469368 14.290783 0.000000 0.000000 0.000000 0.000000 0.000000 0.000000 0.000000 0.000000 0.000000 0.000000 0.000000 0.000000 0.000000 0.000000 0.000000 0.000000 0.000000 0.000000 0.000000 0.000000 0.000000 0.000000 0.000000 0.000000 0.000000 0.000000 0.000000 0.000000 0.000000 0.000000 0.000000 0.000000 0.000000 0.000000 0.000000 0.000000 0.000000 0.000000 0.000000 0.000000 0.000000 0.000000
-0.042219 -0.020292 1.122387 -9.971457 -0.298586 4.900736 -3.378767 -6.872423 7.883373 38.533371 4.636604 0.611643 -37.017402 -13.650133 9.473701 -0.156499 -1.061503 -0.992455 -27.509512 13.625821 0.886466 54.811166 -6.213582 -5.121941 -14.282927 -2.939531 -7.794674 -1.329854 -3.451937 0.465161 25.883052 -1.717226 -1.422732 -7.921505 -2.885179 -2.392452 5.530253 1.022608 -0.258780 0.938792 1.413218 6.291673 -0.189163 1.675941 -3.920525 -7.502041 7.991639 -20.953243 19.973279 34.482674 -43.647756 24.364459 -14.443243 -55.907051 1.016883 -19.746859 -13.911629 0.000000 0.000000 0.000000 0.000000 0.000000 0.000000 0.000000 0.000000 0.000000 0.000000 0.000000 0.000000 0.000000 0.000000 0.000000 0.000000 0.000000 0.000000 0.000000 0.000000 0.000000 0.000000 0.000000 0.000000 0.000000 0.000000 0.000000 0.000000 0.000000 0.000000 0.000000 0.000000 0.000000 0.000000 0.000000 0.000000 0.000000 0.000000 0.000000 0.000000 0.000000 0.000000 -8.037333 -13.913548 18.227802 14.741898 -43.348239 37.104231 -22.420208 4.826561 85.526376 -34.119089 22.006456 14.280416 0.000000 0.000000 0.000000 0.000000 0.000000 0.000000 0.000000 0.000000 0.000000 0.000000 0.000000 0.000000 0.000000 0.000000 0.000000 0.000000 0.000000 0.000000 0.000000 0.000000 0.000000 0.000000 0.000000 0.000000 0.000000 0.000000 0.000000 0.000000 0.000000 0.000000 0.000000 0.000000 0.000000 0.000000 0.000000 0.000000 0.000000 0.000000 0.000000 0.000000 0.000000 0.000000
-0.043602 -0.024427 1.128555 -9.450051 -0.217615 4.313676 -3.473412 -6.250599 7.523867 36.502983 4.554576 0.958081 -35.409384 -13.547682 10.359671 -0.143138 -1.177972 -0.934173 -24.616797 12.823901 0.023964 53.631162 -5.588900 -5.032583 -15.452640 -2.073530 -8.836439 -1.279720 -3.399216 0.446716 24.455428 -1.379393 -1.305156 -7.896079 -2.552587 -2.439860 5.844229 0.897784 -0.436397 0.153198 1.147014 6.165707 0.097990 1.661752 -2.935203 -6.825829 9.193310 -19.001038 20.440683 34.289443 -41.577495 24.422856 -13.721598 -56.563453 0.810580 -19.340508 -13.944798 0.000000 0.000000 0.000000 0.000000 0.000000 0.000000 0.000000 0.000000 0.000000 0.000000 0.000000 0.000000 0.000000 0.000000 0.000000 0.000000 0.000000 0.000000 0.000000 0.000000 0.000000 0.000000 0.000000 0.000000 0.000000 0.000000 0.000000 0.000000 0.000000 0.000000 0.000000 0.000000 0.000000 0.000000 0.000000 0.000000 0.000000 0.000000 0.000000 0.000000 0.000000 0.000000 -7.518424 -14.597452 16.967290 15.664551 -42.153638 35.246444 -18.655599 5.090134 82.410299 -32.281091 20.898488 13.978702 0.000000 0.000000 0.000000 0.000000 0.000000 0.000000 0.000000 0.000000 0.000000 0.000000 0.000000 0.000000 0.000000 0.000000 0.000000 0.000000 0.000000 0.000000 0.000000 0.000000 0.000000 0.000000 0.000000 0.000000 0.000000 0.000000 0.000000 0.000000 0.000000 0.000000 0.000000 0.000000 0.000000 0.000000 0.000000 0.000000 0.000000 0.000000 0.000000 0.000000 0.000000 0.000000
-0.039251 -0.031201 1.134642 -9.023552 -0.351278 3.720181 -3.638308 -5.907474 7.188061 34.559031 4.700058 1.248562 -33.492202 -13.108094 11.204001 -0.176502 -1.321342 -0.854052 -21.656458 12.035376 -0.817184 51.040108 -4.671348 -4.667629 -16.060340 -1.676635 -9.518721 -1.164431 -3.343256 0.363884 22.960188 -0.972196 -1.138799 -7.813293 -2.156634 -2.488007 6.094301 0.775025 -0.653247 -0.450885 0.734275 5.999656 0.301542 1.503245 -2.206149 -6.259943 10.144470 -17.278697 20.880892 34.157329 -39.662145 24.455730 -12.875172 -56.560974 -0.364616 -19.548920 -14.413752 0.000000 0.000000 0.000000 0.000000 0.000000 0.000000 0.000000 0.000000 0.000000 0.000000 0.000000 0.000000 0.000000 0.000000 0.000000 0.000000 0.000000 0.000000 0.000000 0.000000 0.000000 0.000000 0.000000 0.000000 0.000000 0.000000 0.000000 0.000000 0.000000 0.000000 0.000000 0.000000 0.000000 0.000000 0.000000 0.000000 0.000000 0.000000 0.000000 0.000000 0.000000 0.000000 -7.035279 -15.143590 16.095685 16.588384 -41.103836 33.967341 -15.219465 5.204084 77.898012 -31.128563 20.692157 14.134580 0.000000 0.000000 0.000000 0.000000 0.000000 0.000000 0.000000 0.000000 0.000000 0.000000 0.000000 0.000000 0.000000 0.000000 0.000000 0.000000 0.000000 0.000000 0.000000 0.000000 0.000000 0.000000 0.000000 0.000000 0.000000 0.000000 0.000000 0.000000 0.000000 0.000000 0.000000 0.000000 0.000000 0.000000 0.000000 0.000000 0.000000 0.000000 0.000000 0.000000 0.000000 0.000000
-0.034809 -0.033748 1.140534 -8.355899 -0.495608 3.431965 -4.008962 -5.570109 6.706362 32.770043 4.685252 1.198574 -31.395241 -12.505315 12.101310 -0.275221 -1.435630 -0.861127 -18.819422 11.207384 -1.598796 47.074788 -3.833655 -4.235896 -16.614825 -1.472984 -10.002485 -1.156612 -3.282617 0.303852 21.567678 -0.674245 -0.911624 -7.927090 -1.787048 -2.559511 6.273415 0.694915 -0.830181 -1.187952 0.601010 5.724329 0.786878 1.316210 -1.813344 -5.712346 10.930559 -15.850947 21.364810 33.829707 -37.884319 24.338052 -11.932815 -56.601809 -1.201667 -18.690253 -14.853862 0.000000 0.000000 0.000000 0.000000 0.000000 0.000000 0.000000 0.000000 0.000000 0.000000 0.000000 0.000000 0.000000 0.000000 0.000000 0.000000 0.000000 0.000000 0.000000 0.000000 0.000000 0.000000 0.000000 0.000000 0.000000 0.000000 0.000000 0.000000 0.000000 0.000000 0.000000 0.000000 0.000000 0.000000 0.000000 0.000000 0.000000 0.000000 0.000000 0.000000 0.000000 0.000000 -6.626018 -15.601974 15.240083 17.454653 -40.157390 32.524424 -12.281429 4.972287 74.828872 -29.603742 18.703673 13.405229 0.000000 0.000000 0.000000 0.000000 0.000000 0.000000 0.000000 0.000000 0.000000 0.000000 0.000000 0.000000 0.000000 0.000000 0.000000 0.000000 0.000000 0.000000 0.000000 0.000000 0.000000 0.000000 0.000000 0.000000 0.000000 0.000000 0.000000 0.000000 0.000000 0.000000 0.000000 0.000000 0.000000 0.000000 0.000000 0.000000 0.000000 0.000000 0.000000 0.000000 0.000000 0.000000
-0.029249 -0.032919 1.146420 -7.543721 -0.616502 3.015449 -4.270640 -5.396713 6.293921 30.851463 4.717707 1.202246 -29.133046 -11.792112 12.913239 -0.355588 -1.460027 -0.836526 -16.111110 10.457187 -2.432828 42.349198 -3.209301 -3.730114 -17.022764 -1.518255 -9.939236 -1.172796 -3.131141 0.256663 20.202344 -0.473254 -0.651779 -7.993076 -1.323221 -2.536182 6.208019 0.671115 -0.917693 -1.783001 0.486471 5.406839 1.275114 1.039452 -1.381622 -5.152036 11.743016 -14.226504 22.087144 33.919427 -36.218730 24.477984 -10.866435 -56.181145 -1.524748 -18.698253 -15.283566 0.000000 0.000000 0.000000 0.000000 0.000000 0.000000 0.000000 0.000000 0.000000 0.000000 0.000000 0.000000 0.000000 0.000000 0.000000 0.000000 0.000000 0.000000 0.000000 0.000000 0.000000 0.000000 0.000000 0.000000 0.000000 0.000000 0.000000 0.000000 0.000000 0.000000 0.000000 0.000000 0.000000 0.000000 0.000000 0.000000 0.000000 0.000000 0.000000 0.000000 0.000000 0.000000 -5.936450 -15.828600 14.346616 18.183150 -39.365509 31.042334 -8.695971 4.369628 70.521634 -27.389579 17.207925 13.110431 0.000000 0.000000 0.000000 0.000000 0.000000 0.000000 0.000000 0.000000 0.000000 0.000000 0.000000 0.000000 0.000000 0.000000 0.000000 0.000000 0.000000 0.000000 0.000000 0.000000 0.000000 0.000000 0.000000 0.000000 0.000000 0.000000 0.000000 0.000000 0.000000 0.000000 0.000000 0.000000 0.000000 0.000000 0.000000 0.000000 0.000000 0.000000 0.000000 0.000000 0.000000 0.000000
-0.024792 -0.033591 1.152648 -6.897230 -0.603586 2.654774 -4.212247 -5.292269 6.038243 28.573696 4.515250 1.015993 -26.944569 -11.118225 13.737610 -0.488706 -1.488661 -0.826485 -13.657633 9.679406 -3.130998 37.668414 -2.793822 -3.299241 -16.919941 -1.629170 -9.905078 -1.180117 -3.026477 0.240296 19.002273 -0.371427 -0.423360 -8.107135 -0.933449 -2.471321 6.232512 0.653870 -0.915737 -2.444191 0.526898 5.213254 1.809740 0.754838 -0.932688 -4.682210 12.443663 -12.941963 22.381629 34.025941 -34.420170 24.742000 -9.880195 -55.106474 -1.557999 -18.056143 -15.754704 0.000000 0.000000 0.000000 0.000000 0.000000 0.000000 0.000000 0.000000 0.000000 0.000000 0.000000 0.000000 0.000000 0.000000 0.000000 0.000000 0.000000 0.000000 0.000000 0.000000 0.000000 0.000000 0.000000 0.000000 0.000000 0.000000 0.000000 0.000000 0.000000 0.000000 0.000000 0.000000 0.000000 0.000000 0.000000 0.000000 0.000000 0.000000 0.000000 0.000000 0.000000 0.000000 -5.357033 -16.184205 13.473719 19.210651 -39.255121 29.902640 -5.816482 3.709079 67.000919 -25.268953 15.620452 12.776614 0.000000 0.000000 0.000000 0.000000 0.000000 0.000000 0.000000 0.000000 0.000000 0.000000 0.000000 0.000000 0.000000 0.000000 0.000000 0.000000 0.000000 0.000000 0.000000 0.000000 0.000000 0.000000 0.000000 0.000000 0.000000 0.000000 0.000000 0.000000 0.000000 0.000000 0.000000 0.000000 0.000000 0.000000 0.000000 0.000000 0.000000 0.000000 0.000000 0.000000 0.000000 0.000000
-0.017100 -0.034890 1.159114 -6.459270 -0.732494 2.366064 -3.836025 -5.368130 5.878413 26.227173 4.496129 0.891607 -24.484362 -10.195975 14.377945 -0.536891 -1.425064 -0.815786 -11.300169 9.050297 -3.720845 33.264048 -2.344368 -2.748517 -16.307861 -1.936238 -9.662806 -1.221052 -2.924860 0.253181 17.915705 -0.240943 -0.188139 -8.187386 -0.505417 -2.361532 6.219740 0.660706 -0.889954 -2.888891 0.507798 4.949486 2.256905 0.314347 -0.756231 -4.271185 13.078106 -11.720996 22.964926 34.358496 -32.952497 25.264517 -9.342111 -54.085066 -1.972515 -17.573000 -16.130845 0.000000 0.000000 0.000000 0.000000 0.000000 0.000000 0.000000 0.000000 0.000000 0.000000 0.000000 0.000000 0.000000 0.000000 0.000000 0.000000 0.000000 0.000000 0.000000 0.000000 0.000000 0.000000 0.000000 0.000000 0.000000 0.000000 0.000000 0.000000 0.000000 0.000000 0.000000 0.000000 0.000000 0.000000 0.000000 0.000000 0.000000 0.000000 0.000000 0.000000 0.000000 0.000000 -4.798254 -16.475681 12.685152 20.344936 -39.342924 28.999740 -2.960544 3.595726 63.424125 -22.441882 14.315935 12.440251 0.000000 0.000000 0.000000 0.000000 0.000000 0.000000 0.000000 0.000000 0.000000 0.000000 0.000000 0.000000 0.000000 0.000000 0.000000 0.000000 0.000000 0.000000 0.000000 0.000000 0.000000 0.000000 0.000000 0.000000 0.000000 0.000000 0.000000 0.000000 0.000000 0.000000 0.000000 0.000000 0.000000 0.000000 0.000000 0.000000 0.000000 0.000000 0.000000 0.000000 0.000000 0.000000
-0.008095 -0.036016 1.165311 -6.095160 -0.894925 2.128193 -3.193802 -5.340888 5.719809 23.593238 4.170815 0.658432 -22.045850 -9.192813 14.975271 -0.556606 -1.385452 -0.791016 -9.156842 8.399399 -4.159067 29.235919 -1.954131 -2.477717 -15.904358 -2.061377 -9.479161 -1.188388 -2.740310 0.311469 16.918469 -0.171166 0.024259 -8.173851 -0.112304 -2.274117 6.106644 0.680981 -0.833774 -3.110861 0.506462 4.777088 2.761355 0.010352 -0.421946 -3.815377 13.713038 -10.634037 23.259249 34.661098 -31.429270 25.700170 -8.697860 -53.077133 -2.364461 -16.850474 -16.290279 0.000000 0.000000 0.000000 0.000000 0.000000 0.000000 0.000000 0.000000 0.000000 0.000000 0.000000 0.000000 0.000000 0.000000 0.000000 0.000000 0.000000 0.000000 0.000000 0.000000 0.000000 0.000000 0.000000 0.000000 0.000000 0.000000 0.000000 0.000000 0.000000 0.000000 0.000000 0.000000 0.000000 0.000000 0.000000 0.000000 0.000000 0.000000 0.000000 0.000000 0.000000 0.000000 -4.115682 -16.831076 11.992530 21.410458 -39.624544 28.233559 -0.395524 3.283893 60.102295 -19.714157 13.136540 12.156915 0.000000 0.000000 0.000000 0.000000 0.000000 0.000000 0.000000 0.000000 0.000000 0.000000 0.000000 0.000000 0.000000 0.000000 0.000000 0.000000 0.000000 0.000000 0.000000 0.000000 0.000000 0.000000 0.000000 0.000000 0.000000 0.000000 0.000000 0.000000 0.000000 0.000000 0.000000 0.000000 0.000000 0.000000 0.000000 0.000000 0.000000 0.000000 0.000000 0.000000 0.000000 0.000000
-0.001019 -0.035254 1.171008 -5.789924 -1.033688 2.063666 -2.542488 -5.291191 5.502871 21.386055 3.770502 0.388466 -19.688089 -7.937857 15.179242 -0.581434 -1.328763 -0.782317 -7.201592 7.799226 -4.538644 25.536094 -1.656914 -2.435257 -15.552149 -2.146992 -9.251619 -1.179568 -2.507878 0.351914 16.103181 -0.147180 0.319917 -8.175458 0.248926 -2.149299 6.047489 0.660376 -0.763038 -3.194340 0.548340 4.559090 3.081719 -0.179711 -0.301218 -3.254680 14.449396 -9.677090 23.470467 35.073793 -29.948244 26.330774 -8.095575 -51.894691 -2.628833 -15.776191 -16.385480 0.000000 0.000000 0.000000 0.000000 0.000000 0.000000 0.000000 0.000000 0.000000 0.000000 0.000000 0.000000 0.000000 0.000000 0.000000 0.000000 0.000000 0.000000 0.000000 0.000000 0.000000 0.000000 0.000000 0.000000 0.000000 0.000000 0.000000 0.000000 0.000000 0.000000 0.000000 0.000000 0.000000 0.000000 0.000000 0.000000 0.000000 0.000000 0.000000 0.000000 0.000000 0.000000 -3.388908 -17.287554 11.317756 22.331964 -40.068486 27.289433 1.916025 3.208724 57.006948 -16.921322 11.859919 11.983530 0.000000 0.000000 0.000000 0.000000 0.000000 0.000000 0.000000 0.000000 0.000000 0.000000 0.000000 0.000000 0.000000 0.000000 0.000000 0.000000 0.000000 0.000000 0.000000 0.000000 0.000000 0.000000 0.000000 0.000000 0.000000 0.000000 0.000000 0.000000 0.000000 0.000000 0.000000 0.000000 0.000000 0.000000 0.000000 0.000000 0.000000 0.000000 0.000000 0.000000 0.000000 0.000000
0.004736 -0.032533 1.176169 -5.643098 -1.105341 1.829603 -1.733225 -5.331636 5.541264 19.450956 3.333756 0.223280 -17.181337 -6.437448 15.235452 -0.545287 -1.249401 -0.772478 -5.389414 7.248775 -4.970547 22.200900 -1.366088 -2.345353 -14.790263 -2.303882 -9.137111 -1.127895 -2.325025 0.387591 15.435644 -0.190420 0.571184 -8.144455 0.594694 -1.969546 6.027275 0.612555 -0.647407 -3.196511 0.628236 4.419995 3.594921 -0.284547 0.020149 -2.787696 15.128869 -8.668393 23.728423 35.685255 -28.755255 27.052992 -7.539725 -50.307632 -2.333413 -15.298570 -16.427896 0.000000 0.000000 0.000000 0.000000 0.000000 0.000000 0.000000 0.000000 0.000000 0.000000 0.000000 0.000000 0.000000 0.000000 0.000000 0.000000 0.000000 0.000000 0.000000 0.000000 0.000000 0.000000 0.000000 0.000000 0.000000 0.000000 0.000000 0.000000 0.000000 0.000000 0.000000 0.000000 0.000000 0.000000 0.000000 0.000000 0.000000 0.000000 0.000000 0.000000 0.000000 0.000000 -2.846009 -17.683482 10.644685 23.428642 -40.636213 26.824852 4.316373 3.093756 53.663489 -14.161161 11.050007 11.867082 0.000000 0.000000 0.000000 0.000000 0.000000 0.000000 0.000000 0.000000 0.000000 0.000000 0.000000 0.000000 0.000000 0.000000 0.000000 0.000000 0.000000 0.000000 0.000000 0.000000 0.000000 0.000000 0.000000 0.000000 0.000000 0.000000 0.000000 0.000000 0.000000 0.000000 0.000000 0.000000 0.000000 0.000000 0.000000 0.000000 0.000000 0.000000 0.000000 0.000000 0.000000 0.000000
0.009549 -0.028652 1.180628 -5.660782 -1.167179 1.627958 -0.807306 -5.242368 5.517804 17.445025 2.760853 -0.185869 -14.617367 -5.146380 15.575892 -0.500122 -1.208776 -0.733510 -3.844773 6.703379 -5.277924 19.748155 -0.974574 -2.146669 -13.834102 -2.371160 -9.287082 -1.045841 -2.175358 0.398645 14.807851 -0.176744 0.771266 -8.148610 0.857798 -1.778701 5.955532 0.541457 -0.594775 -3.095422 0.642169 4.146722 4.029644 -0.435355 0.273964 -2.350177 15.688764 -7.539445 24.053666 36.294740 -27.751559 27.783271 -6.940628 -48.671818 -2.203950 -14.485669 -16.334092 0.000000 0.000000 0.000000 0.000000 0.000000 0.000000 0.000000 0.000000 0.000000 0.000000 0.000000 0.000000 0.000000 0.000000 0.000000 0.000000 0.000000 0.000000 0.000000 0.000000 0.000000 0.000000 0.000000 0.000000 0.000000 0.000000 0.000000 0.000000 0.000000 0.000000 0.000000 0.000000 0.000000 0.000000 0.000000 0.000000 0.000000 0.000000 0.000000 0.000000 0.000000 0.000000 -2.345158 -17.993341 9.906866 24.574203 -41.368251 26.498514 6.425477 2.759102 50.600532 -12.010636 10.075840 11.676910 0.000000 0.000000 0.000000 0.000000 0.000000 0.000000 0.000000 0.000000 0.000000 0.000000 0.000000 0.000000 0.000000 0.000000 0.000000 0.000000 0.000000 0.000000 0.000000 0.000000 0.000000 0.000000 0.000000 0.000000 0.000000 0.000000 0.000000 0.000000 0.000000 0.000000 0.000000 0.000000 0.000000 0.000000 0.000000 0.000000 0.000000 0.000000 0.000000 0.000000 0.000000 0.000000
0.010084 -0.026049 1.184219 -5.685839 -1.152427 1.435639 -0.134300 -5.105318 5.449064 15.866226 2.432993 -0.516900 -12.762929 -4.202425 15.557282 -0.499028 -1.140889 -0.689049 -2.593773 6.400892 -5.462218 17.673198 -0.685744 -1.944092 -12.722040 -2.625350 -9.436805 -1.036036 -1.964389 0.422401 14.402774 -0.196999 0.947676 -8.372366 1.091278 -1.617041 6.051503 0.474687 -0.516639 -2.924036 0.689129 3.979640 4.437599 -0.460044 0.594592 -2.032489 16.063775 -6.486705 24.356788 37.031085 -26.944487 28.322949 -6.386966 -47.102875 -2.033147 -13.718364 -16.237049 0.000000 0.000000 0.000000 0.000000 0.000000 0.000000 0.000000 0.000000 0.000000 0.000000 0.000000 0.000000 0.000000 0.000000 0.000000 0.000000 0.000000 0.000000 0.000000 0.000000 0.000000 0.000000 0.000000 0.000000 0.000000 0.000000 0.000000 0.000000 0.000000 0.000000 0.000000 0.000000 0.000000 0.000000 0.000000 0.000000 0.000000 0.000000 0.000000 0.000000 0.000000 0.000000 -1.999025 -18.254666 9.142416 25.541887 -42.038604 26.228579 8.398033 2.295046 47.822468 -10.335224 8.986760 11.397075 0.000000 0.000000 0.000000 0.000000 0.000000 0.000000 0.000000 0.000000 0.000000 0.000000 0.000000 0.000000 0.000000 0.000000 0.000000 0.000000 0.000000 0.000000 0.000000 0.000000 0.000000 0.000000 0.000000 0.000000 0.000000 0.000000 0.000000 0.000000 0.000000 0.000000 0.000000 0.000000 0.000000 0.000000 0.000000 0.000000 0.000000 0.000000 0.000000 0.000000 0.000000 0.000000
0.010479 -0.021083 1.186840 -5.696359 -1.157793 1.258010 0.742321 -4.937297 5.456212 14.138297 2.194615 -0.895913 -11.360683 -3.550170 15.663858 -0.445148 -1.122368 -0.671676 -1.291546 6.141992 -5.712336 15.767523 -0.364685 -1.659721 -11.901624 -2.779777 -9.527194 -0.939860 -1.803692 0.420257 13.851767 -0.215244 1.119291 -8.423932 1.340623 -1.506084 6.085506 0.383345 -0.468658 -2.755240 0.707242 3.764428 4.673625 -0.562638 0.830137 -1.628902 16.570578 -5.340217 24.749205 37.906073 -26.178880 28.637426 -5.695301 -45.280129 -1.907093 -12.863759 -16.117030 0.000000 0.000000 0.000000 0.000000 0.000000 0.000000 0.000000 0.000000 0.000000 0.000000 0.000000 0.000000 0.000000 0.000000 0.000000 0.000000 0.000000 0.000000 0.000000 0.000000 0.000000 0.000000 0.000000 0.000000 0.000000 0.000000 0.000000 0.000000 0.000000 0.000000 0.000000 0.000000 0.000000 0.000000 0.000000 0.000000 0.000000 0.000000 0.000000 0.000000 0.000000 0.000000 -1.642935 -18.429135 8.318670 26.628152 -42.994683 26.041412 9.976078 1.872794 44.909431 -8.726817 8.005814 11.097315 0.000000 0.000000 0.000000 0.000000 0.000000 0.000000 0.000000 0.000000 0.000000 0.000000 0.000000 0.000000 0.000000 0.000000 0.000000 0.000000 0.000000 0.000000 0.000000 0.000000 0.000000 0.000000 0.000000 0.000000 0.000000 0.000000 0.000000 0.000000 0.000000 0.000000 0.000000 0.000000 0.000000 0.000000 0.000000 0.000000 0.000000 0.000000 0.000000 0.000000 0.000000 0.000000
0.009301 -0.020231 1.188371 -5.913339 -1.096105 1.109992 1.780290 -4.747178 5.500593 12.396148 1.940092 -1.367799 -10.533179 -3.317862 15.709926 -0.408046 -1.112644 -0.649303 -0.159746 5.877044 -5.811599 14.287439 -0.027278 -1.380795 -11.281371 -2.771038 -9.616994 -0.867205 -1.720644 0.426143 13.336269 -0.192328 1.224410 -8.282238 1.468565 -1.420787 6.032562 0.290569 -0.453999 -2.508199 0.773273 3.563942 4.961640 -0.560785 1.009725 -1.236611 16.965868 -4.325226 25.024772 38.860722 -25.596579 28.645424 -4.951829 -43.337516 -1.901094 -11.947048 -15.993856 0.000000 0.000000 0.000000 0.000000 0.000000 0.000000 0.000000 0.000000 0.000000 0.000000 0.000000 0.000000 0.000000 0.000000 0.000000 0.000000 0.000000 0.000000 0.000000 0.000000 0.000000 0.000000 0.000000 0.000000 0.000000 0.000000 0.000000 0.000000 0.000000 0.000000 0.000000 0.000000 0.000000 0.000000 0.000000 0.000000 0.000000 0.000000 0.000000 0.000000 0.000000 0.000000 -1.379751 -18.540436 7.510544 27.622126 -43.823427 25.939391 11.196254 1.394893 42.375451 -7.632762 6.960623 10.843780 0.000000 0.000000 0.000000 0.000000 0.000000 0.000000 0.000000 0.000000 0.000000 0.000000 0.000000 0.000000 0.000000 0.000000 0.000000 0.000000 0.000000 0.000000 0.000000 0.000000 0.000000 0.000000 0.000000 0.000000 0.000000 0.000000 0.000000 0.000000 0.000000 0.000000 0.000000 0.000000 0.000000 0.000000 0.000000 0.000000 0.000000 0.000000 0.000000 0.000000 0.000000 0.000000
0.008896 -0.021165 1.188864 -6.166248 -1.079855 1.008403 2.835083 -4.554948 5.566924 10.759316 1.706755 -1.913501 -10.100502 -3.293312 15.712884 -0.389679 -1.157607 -0.648240 0.724921 5.729207 -5.882209 13.221389 0.171772 -1.163002 -11.082830 -2.711050 -9.634611 -0.781672 -1.653808 0.441744 12.844707 -0.144616 1.277164 -8.107703 1.543075 -1.392362 5.951995 0.217517 -0.457156 -2.182730 0.733163 3.408805 5.093900 -0.542609 1.115856 -0.940078 17.286766 -3.438679 25.125212 39.793266 -24.964197 28.689093 -4.349333 -41.517252 -1.788747 -10.980241 -15.737549 0.000000 0.000000 0.000000 0.000000 0.000000 0.000000 0.000000 0.000000 0.000000 0.000000 0.000000 0.000000 0.000000 0.000000 0.000000 0.000000 0.000000 0.000000 0.000000 0.000000 0.000000 0.000000 0.000000 0.000000 0.000000 0.000000 0.000000 0.000000 0.000000 0.000000 0.000000 0.000000 0.000000 0.000000 0.000000 0.000000 0.000000 0.000000 0.000000 0.000000 0.000000 0.000000 -1.184349 -18.662145 6.773509 28.318498 -44.684850 25.759022 12.092069 1.116776 40.027941 -6.561660 6.173549 10.579742 0.000000 0.000000 0.000000 0.000000 0.000000 0.000000 0.000000 0.000000 0.000000 0.000000 0.000000 0.000000 0.000000 0.000000 0.000000 0.000000 0.000000 0.000000 0.000000 0.000000 0.000000 0.000000 0.000000 0.000000 0.000000 0.000000 0.000000 0.000000 0.000000 0.000000 0.000000 0.000000 0.000000 0.000000 0.000000 0.000000 0.000000 0.000000 0.000000 0.000000 0.000000 0.000000
0.009366 -0.022418 1.188609 -6.413361 -1.147335 0.886822 3.879690 -4.254531 5.531518 9.218690 1.429109 -2.553550 -9.898171 -3.470751 15.920824 -0.386107 -1.183701 -0.652318 1.452576 5.585507 -5.815625 12.405665 0.501620 -0.941595 -11.162460 -2.478032 -9.667219 -0.707724 -1.625815 0.462017 12.333143 -0.052326 1.308477 -7.914816 1.643026 -1.330397 5.878142 0.158418 -0.465478 -1.788815 0.762478 3.261413 5.344790 -0.410883 1.049088 -0.717952 17.561143 -2.588531 25.121750 40.672162 -24.415049 28.349987 -3.768761 -39.825838 -1.847863 -10.092996 -15.460000 0.000000 0.000000 0.000000 0.000000 0.000000 0.000000 0.000000 0.000000 0.000000 0.000000 0.000000 0.000000 0.000000 0.000000 0.000000 0.000000 0.000000 0.000000 0.000000 0.000000 0.000000 0.000000 0.000000 0.000000 0.000000 0.000000 0.000000 0.000000 0.000000 0.000000 0.000000 0.000000 0.000000 0.000000 0.000000 0.000000 0.000000 0.000000 0.000000 0.000000 0.000000 0.000000 -1.014581 -18.790223 6.091262 29.066300 -45.433513 25.687078 12.576378 0.769019 38.071437 -5.836791 5.562006 10.319689 0.000000 0.000000 0.000000 0.000000 0.000000 0.000000 0.000000 0.000000 0.000000 0.000000 0.000000 0.000000 0.000000 0.000000 0.000000 0.000000 0.000000 0.000000 0.000000 0.000000 0.000000 0.000000 0.000000 0.000000 0.000000 0.000000 0.000000 0.000000 0.000000 0.000000 0.000000 0.000000 0.000000 0.000000 0.000000 0.000000 0.000000 0.000000 0.000000 0.000000 0.000000 0.000000
0.009966 -0.021882 1.187850 -6.595913 -1.170274 0.870501 4.923608 -4.074408 5.547239 7.749634 1.188545 -3.172427 -9.881009 -3.679840 16.078988 -0.382066 -1.229339 -0.659958 2.076515 5.414162 -5.763264 11.869561 0.724799 -0.862623 -11.487953 -2.189510 -9.716304 -0.637777 -1.644473 0.466248 11.850651 -0.024839 1.299011 -7.731007 1.701492 -1.268618 5.857260 0.092815 -0.482486 -1.450068 0.799086 3.175958 5.458759 -0.232047 0.937586 -0.568050 17.823699 -1.794892 25.011955 41.428714 -23.934420 27.930675 -3.254696 -38.173881 -1.920747 -9.191704 -15.087674 0.000000 0.000000 0.000000 0.000000 0.000000 0.000000 0.000000 0.000000 0.000000 0.000000 0.000000 0.000000 0.000000 0.000000 0.000000 0.000000 0.000000 0.000000 0.000000 0.000000 0.000000 0.000000 0.000000 0.000000 0.000000 0.000000 0.000000 0.000000 0.000000 0.000000 0.000000 0.000000 0.000000 0.000000 0.000000 0.000000 0.000000 0.000000 0.000000 0.000000 0.000000 0.000000 -0.913079 -18.993696 5.425842 29.549382 -46.055352 25.533372 12.696083 0.538254 36.402206 -5.423829 5.135556 10.036644 0.000000 0.000000 0.000000 0.000000 0.000000 0.000000 0.000000 0.000000 0.000000 0.000000 0.000000 0.000000 0.000000 0.000000 0.000000 0.000000 0.000000 0.000000 0.000000 0.000000 0.000000 0.000000 0.000000 0.000000 0.000000 0.000000 0.000000 0.000000 0.000000 0.000000 0.000000 0.000000 0.000000 0.000000 0.000000 0.000000 0.000000 0.000000 0.000000 0.000000 0.000000 0.000000
0.009890 -0.020323 1.186878 -6.682108 -1.183064 0.874837 5.794757 -3.893661 5.516757 6.480942 0.997159 -3.764700 -9.904197 -3.995391 16.312491 -0.392965 -1.292359 -0.681687 2.555428 5.294597 -5.713834 11.459761 0.928405 -0.710182 -11.810161 -1.912508 -9.797775 -0.554588 -1.702504 0.460986 11.331774 0.019455 1.290874 -7.588718 1.773500 -1.203895 5.868167 0.019228 -0.497869 -1.043166 0.886290 3.032167 5.523275 -0.053723 0.733677 -0.470109 18.011952 -1.077495 24.842038 42.098153 -23.568920 27.237421 -2.695652 -36.664824 -2.106375 -8.359038 -14.688278 0.000000 0.000000 0.000000 0.000000 0.000000 0.000000 0.000000 0.000000 0.000000 0.000000 0.000000 0.000000 0.000000 0.000000 0.000000 0.000000 0.000000 0.000000 0.000000 0.000000 0.000000 0.000000 0.000000 0.000000 0.000000 0.000000 0.000000 0.000000 0.000000 0.000000 0.000000 0.000000 0.000000 0.000000 0.000000 0.000000 0.000000 0.000000 0.000000 0.000000 0.000000 0.000000 -0.866652 -19.086252 4.831531 29.952398 -46.683612 25.398807 12.530069 0.241982 35.055909 -5.392221 4.826383 9.795086 0.000000 0.000000 0.000000 0.000000 0.000000 0.000000 0.000000 0.000000 0.000000 0.000000 0.000000 0.000000 0.000000 0.000000 0.000000 0.000000 0.000000 0.000000 0.000000 0.000000 0.000000 0.000000 0.000000 0.000000 0.000000 0.000000 0.000000 0.000000 0.000000 0.000000 0.000000 0.000000 0.000000 0.000000 0.000000 0.000000 0.000000 0.000000 0.000000 0.000000 0.000000 0.000000
0.010538 -0.019781 1.186031 -6.821002 -1.245838 0.867013 6.508886 -3.708613 5.580132 5.555657 0.822881 -4.090721 -9.980686 -4.224153 16.393215 -0.394823 -1.340303 -0.701047 2.839697 5.267530 -5.678479 11.425261 1.055756 -0.639614 -12.146097 -1.617966 -9.802006 -0.520912 -1.743714 0.461415 11.005677 0.052498 1.260699 -7.417687 1.784096 -1.172131 5.835309 -0.004071 -0.514868 -0.759840 0.968147 2.967472 5.683536 0.084931 0.595213 -0.403702 18.245140 -0.532782 24.642762 42.704325 -23.310366 26.422012 -2.319388 -35.295718 -2.140199 -8.009975 -14.409730 0.000000 0.000000 0.000000 0.000000 0.000000 0.000000 0.000000 0.000000 0.000000 0.000000 0.000000 0.000000 0.000000 0.000000 0.000000 0.000000 0.000000 0.000000 0.000000 0.000000 0.000000 0.000000 0.000000 0.000000 0.000000 0.000000 0.000000 0.000000 0.000000 0.000000 0.000000 0.000000 0.000000 0.000000 0.000000 0.000000 0.000000 0.000000 0.000000 0.000000 0.000000 0.000000 -0.842392 -19.254757 4.375082 30.230535 -47.207947 25.262030 12.162182 0.125755 33.956377 -5.270894 4.958449 9.714975 0.000000 0.000000 0.000000 0.000000 0.000000 0.000000 0.000000 0.000000 0.000000 0.000000 0.000000 0.000000 0.000000 0.000000 0.000000 0.000000 0.000000 0.000000 0.000000 0.000000 0.000000 0.000000 0.000000 0.000000 0.000000 0.000000 0.000000 0.000000 0.000000 0.000000 0.000000 0.000000 0.000000 0.000000 0.000000 0.000000 0.000000 0.000000 0.000000 0.000000 0.000000 0.000000
0.010644 -0.019184 1.185235 -6.896663 -1.278110 0.842028 6.959112 -3.578806 5.592412 4.989719 0.718751 -4.302401 -10.116968 -4.452799 16.461655 -0.399669 -1.377520 -0.716042 2.905243 5.283065 -5.507374 11.623374 1.093028 -0.527509 -12.427864 -1.352042 -9.909286 -0.495780 -1.775246 0.446903 10.766023 0.086783 1.191859 -7.372892 1.810509 -1.137227 5.900072 -0.037267 -0.528263 -0.577512 1.003599 2.942755 5.743390 0.181528 0.531346 -0.419659 18.363051 -0.159468 24.538287 43.173911 -23.205739 25.885534 -2.094824 -34.269718 -2.206459 -7.691478 -14.193024 0.000000 0.000000 0.000000 0.000000 0.000000 0.000000 0.000000 0.000000 0.000000 0.000000 0.000000 0.000000 0.000000 0.000000 0.000000 0.000000 0.000000 0.000000 0.000000 0.000000 0.000000 0.000000 0.000000 0.000000 0.000000 0.000000 0.000000 0.000000 0.000000 0.000000 0.000000 0.000000 0.000000 0.000000 0.000000 0.000000 0.000000 0.000000 0.000000 0.000000 0.000000 0.000000 -0.833442 -19.370872 4.048345 30.382421 -47.683166 25.226874 11.746107 0.153376 33.218216 -5.337049 5.072297 9.667710 0.000000 0.000000 0.000000 0.000000 0.000000 0.000000 0.000000 0.000000 0.000000 0.000000 0.000000 0.000000 0.000000 0.000000 0.000000 0.000000 0.000000 0.000000 0.000000 0.000000 0.000000 0.000000 0.000000 0.000000 0.000000 0.000000 0.000000 0.000000 0.000000 0.000000 0.000000 0.000000 0.000000 0.000000 0.000000 0.000000 0.000000 0.000000 0.000000 0.000000 0.000000 0.000000
0.011120 -0.019956 1.184636 -6.998642 -1.312261 0.842954 7.358035 -3.456705 5.602216 4.413618 0.581948 -4.466957 -10.190346 -4.601971 16.520747 -0.399979 -1.418400 -0.720287 2.925128 5.268249 -5.396877 11.807586 1.143582 -0.474287 -12.649341 -1.127678 -9.984422 -0.460782 -1.820711 0.430115 10.576114 0.098729 1.162934 -7.292512 1.837762 -1.105235 5.938646 -0.066651 -0.532581 -0.441173 1.046400 2.899406 5.741543 0.242232 0.449536 -0.462469 18.500921 0.128709 24.461966 43.520654 -23.178437 25.294166 -1.879646 -33.407246 -2.333723 -7.474236 -14.059530 0.000000 0.000000 0.000000 0.000000 0.000000 0.000000 0.000000 0.000000 0.000000 0.000000 0.000000 0.000000 0.000000 0.000000 0.000000 0.000000 0.000000 0.000000 0.000000 0.000000 0.000000 0.000000 0.000000 0.000000 0.000000 0.000000 0.000000 0.000000 0.000000 0.000000 0.000000 0.000000 0.000000 0.000000 0.000000 0.000000 0.000000 0.000000 0.000000 0.000000 0.000000 0.000000 -0.877210 -19.465477 3.785380 30.553374 -48.042473 25.193369 11.351425 0.178161 32.780667 -5.504527 5.309708 9.702121 0.000000 0.000000 0.000000 0.000000 0.000000 0.000000 0.000000 0.000000 0.000000 0.000000 0.000000 0.000000 0.000000 0.000000 0.000000 0.000000 0.000000 0.000000 0.000000 0.000000 0.000000 0.000000 0.000000 0.000000 0.000000 0.000000 0.000000 0.000000 0.000000 0.000000 0.000000 0.000000 0.000000 0.000000 0.000000 0.000000 0.000000 0.000000 0.000000 0.000000 0.000000 0.000000
0.010829 -0.021137 1.184201 -7.093970 -1.339912 0.857344 7.719865 -3.329261 5.547882 3.843899 0.509344 -4.636921 -10.208457 -4.774926 16.602743 -0.412738 -1.467097 -0.723891 2.908381 5.301683 -5.288598 11.992467 1.181368 -0.421734 -12.758793 -0.964621 -10.052817 -0.420982 -1.832277 0.422800 10.415331 0.129018 1.159588 -7.163363 1.858511 -1.080375 5.944386 -0.078701 -0.550623 -0.380899 1.040888 2.889951 5.672791 0.310101 0.312713 -0.514315 18.568902 0.295351 24.440040 43.842236 -23.260749 24.850161 -1.670352 -32.583372 -2.522592 -7.257725 -13.961306 0.000000 0.000000 0.000000 0.000000 0.000000 0.000000 0.000000 0.000000 0.000000 0.000000 0.000000 0.000000 0.000000 0.000000 0.000000 0.000000 0.000000 0.000000 0.000000 0.000000 0.000000 0.000000 0.000000 0.000000 0.000000 0.000000 0.000000 0.000000 0.000000 0.000000 0.000000 0.000000 0.000000 0.000000 0.000000 0.000000 0.000000 0.000000 0.000000 0.000000 0.000000 0.000000 -0.923109 -19.479122 3.604332 30.746607 -48.353480 25.268630 11.057299 0.188070 32.298904 -5.785524 5.438313 9.700311 0.000000 0.000000 0.000000 0.000000 0.000000 0.000000 0.000000 0.000000 0.000000 0.000000 0.000000 0.000000 0.000000 0.000000 0.000000 0.000000 0.000000 0.000000 0.000000 0.000000 0.000000 0.000000 0.000000 0.000000 0.000000 0.000000 0.000000 0.000000 0.000000 0.000000 0.000000 0.000000 0.000000 0.000000 0.000000 0.000000 0.000000 0.000000 0.000000 0.000000 0.000000 0.000000
0.011075 -0.021711 1.183915 -7.183826 -1.381639 0.838630 8.032334 -3.247467 5.482374 3.441783 0.483164 -4.867021 -10.183185 -4.894441 16.729329 -0.428219 -1.511469 -0.738126 2.833980 5.367359 -5.195687 12.332920 1.166144 -0.349325 -12.888976 -0.833199 -10.091811 -0.386539 -1.838212 0.425691 10.247602 0.125296 1.138010 -7.036612 1.892908 -1.042405 5.974480 -0.096733 -0.558035 -0.312971 1.019528 2.903695 5.614826 0.315129 0.246693 -0.564689 18.584366 0.446390 24.492337 44.103735 -23.310677 24.381425 -1.488542 -32.083762 -2.805951 -7.121068 -13.871538 0.000000 0.000000 0.000000 0.000000 0.000000 0.000000 0.000000 0.000000 0.000000 0.000000 0.000000 0.000000 0.000000 0.000000 0.000000 0.000000 0.000000 0.000000 0.000000 0.000000 0.000000 0.000000 0.000000 0.000000 0.000000 0.000000 0.000000 0.000000 0.000000 0.000000 0.000000 0.000000 0.000000 0.000000 0.000000 0.000000 0.000000 0.000000 0.000000 0.000000 0.000000 0.000000 -0.922991 -19.458064 3.532496 30.848495 -48.579497 25.325439 10.739335 0.041701 31.932917 -6.033854 5.571025 9.707568 0.000000 0.000000 0.000000 0.000000 0.000000 0.000000 0.000000 0.000000 0.000000 0.000000 0.000000 0.000000 0.000000 0.000000 0.000000 0.000000 0.000000 0.000000 0.000000 0.000000 0.000000 0.000000 0.000000 0.000000 0.000000 0.000000 0.000000 0.000000 0.000000 0.000000 0.000000 0.000000 0.000000 0.000000 0.000000 0.000000 0.000000 0.000000 0.000000 0.000000 0.000000 0.000000
0.010241 -0.022517 1.183713 -7.266294 -1.364840 0.796444 8.151228 -3.227489 5.473563 3.381225 0.513777 -4.884414 -10.274677 -4.998377 16.689683 -0.432082 -1.543089 -0.745083 2.661013 5.457922 -5.164584 12.785908 1.105179 -0.396997 -12.955173 -0.820960 -9.991550 -0.364706 -1.860800 0.411903 10.217902 0.106441 1.131524 -6.884955 1.890042 -1.017184 5.940669 -0.098939 -0.543470 -0.278625 0.968220 2.926498 5.563001 0.269815 0.178527 -0.586406 18.568849 0.519365 24.658388 44.194515 -23.480879 24.085310 -1.369206 -32.025442 -3.021258 -7.221565 -13.878204 0.000000 0.000000 0.000000 0.000000 0.000000 0.000000 0.000000 0.000000 0.000000 0.000000 0.000000 0.000000 0.000000 0.000000 0.000000 0.000000 0.000000 0.000000 0.000000 0.000000 0.000000 0.000000 0.000000 0.000000 0.000000 0.000000 0.000000 0.000000 0.000000 0.000000 0.000000 0.000000 0.000000 0.000000 0.000000 0.000000 0.000000 0.000000 0.000000 0.000000 0.000000 0.000000 -0.906171 -19.386877 3.532360 30.955995 -48.729386 25.489797 10.404682 -0.002517 31.801160 -6.259879 5.795724 9.761093 0.000000 0.000000 0.000000 0.000000 0.000000 0.000000 0.000000 0.000000 0.000000 0.000000 0.000000 0.000000 0.000000 0.000000 0.000000 0.000000 0.000000 0.000000 0.000000 0.000000 0.000000 0.000000 0.000000 0.000000 0.000000 0.000000 0.000000 0.000000 0.000000 0.000000 0.000000 0.000000 0.000000 0.000000 0.000000 0.000000 0.000000 0.000000 0.000000 0.000000 0.000000 0.000000
