HIERARCHY
ROOT Hips
{
	OFFSET 0.000000 0.000000 0.000000
	CHANNELS 6 Xposition Yposition Zposition Xrotation Yrotation Zrotation
	JOINT Thigh.L
	{
		OFFSET 0.055239 0.031158 -0.093081
		CHANNELS 3 Xrotation Yrotation Zrotation
		JOINT Shin.L
		{
			OFFSET 0.054095 0.015849 -0.413936
			CHANNELS 3 Xrotation Yrotation Zrotation
			JOINT Foot.L
			{
				OFFSET -0.042136 0.033900 -0.434193
				CHANNELS 3 Xrotation Yrotation Zrotation
				JOINT Toe.L
				{
					OFFSET 0.045295 -0.119983 -0.064087
					CHANNELS 3 Xrotation Yrotation Zrotation
					End Site
					{
						OFFSET 0.000000 0.050000 0.000000
					}
				}
			}
		}
	}
	JOINT Thigh.R
	{
		OFFSET -0.060551 0.028353 -0.103502
		CHANNELS 3 Xrotation Yrotation Zrotation
		JOINT Shin.R
		{
			OFFSET -0.043326 0.021457 -0.397580
			CHANNELS 3 Xrotation Yrotation Zrotation
			JOINT Foot.R
			{
				OFFSET 0.015764 0.022240 -0.443143
				CHANNELS 3 Xrotation Yrotation Zrotation
				JOINT Toe.R
				{
					OFFSET -0.037406 -0.120703 -0.064050
					CHANNELS 3 Xrotation Yrotation Zrotation
					End Site
					{
						OFFSET 0.000000 0.050000 0.000000
					}
				}
			}
		}
	}
	JOINT Spine
	{
		OFFSET -0.002204 0.019692 0.110576
		CHANNELS 3 Xrotation Yrotation Zrotation
		JOINT Spine.2
		{
			OFFSET 0.006995 0.002850 0.136103
			CHANNELS 3 Xrotation Yrotation Zrotation
			JOINT Chest
			{
				OFFSET -0.010486 -0.023570 0.050036
				CHANNELS 3 Xrotation Yrotation Zrotation
				JOINT Neck
				{
					OFFSET -0.009539 0.029280 0.166280
					CHANNELS 3 Xrotation Yrotation Zrotation
					JOINT Head
					{
						OFFSET 0.022352 -0.023107 0.170384
						CHANNELS 3 Xrotation Yrotation Zrotation
						End Site
						{
							OFFSET 0.000000 0.050000 0.000000
						}
					}
				}
				JOINT Clavicle.L
				{
					OFFSET 0.043410 0.008324 0.084906
					CHANNELS 3 Xrotation Yrotation Zrotation
					JOINT UpperArm.L
					{
						OFFSET 0.106972 0.014986 0.062136
						CHANNELS 3 Xrotation Yrotation Zrotation
						JOINT ForeArm.L
						{
							OFFSET 0.264898 0.035726 -0.076328
							CHANNELS 3 Xrotation Yrotation Zrotation
							JOINT Hand.L
							{
								OFFSET 0.264006 0.006212 0.021444
								CHANNELS 3 Xrotation Yrotation Zrotation
								JOINT Thumb1.L
								{
									OFFSET 0.154573 0.002813 0.009712
									CHANNELS 3 Xrotation Yrotation Zrotation
									JOINT Thumb2.L
									{
										OFFSET 0.029893 0.000703 0.002428
										CHANNELS 3 Xrotation Yrotation Zrotation
										End Site
										{
											OFFSET 0.024911 0.000586 0.002023
										}
									}
								}
								JOINT Index1.L
								{
									OFFSET 0.137573 0.002813 0.009712
									CHANNELS 3 Xrotation Yrotation Zrotation
									JOINT Index2.L
									{
										OFFSET 0.029893 0.000703 0.002428
										CHANNELS 3 Xrotation Yrotation Zrotation
										JOINT Index3.L
										{
											OFFSET 0.021922 0.000516 0.001781
											CHANNELS 3 Xrotation Yrotation Zrotation
											End Site
											{
												OFFSET 0.017936 0.000422 0.001457
											}
										}
									}
								}
								JOINT Middle1.L
								{
									OFFSET 0.119573 0.002813 0.009712
									CHANNELS 3 Xrotation Yrotation Zrotation
									JOINT Middle2.L
									{
										OFFSET 0.030890 0.000727 0.002509
										CHANNELS 3 Xrotation Yrotation Zrotation
										JOINT Middle3.L
										{
											OFFSET 0.021922 0.000516 0.001781
											CHANNELS 3 Xrotation Yrotation Zrotation
											End Site
											{
												OFFSET 0.017936 0.000422 0.001457
											}
										}
									}
								}
								JOINT Ring1.L
								{
									OFFSET 0.101573 0.002813 0.009712
									CHANNELS 3 Xrotation Yrotation Zrotation
									JOINT Ring2.L
									{
										OFFSET 0.028897 0.000680 0.002347
										CHANNELS 3 Xrotation Yrotation Zrotation
										JOINT Ring3.L
										{
											OFFSET 0.019929 0.000469 0.001619
											CHANNELS 3 Xrotation Yrotation Zrotation
											End Site
											{
												OFFSET 0.016940 0.000399 0.001376
											}
										}
									}
								}
								JOINT Pinky1.L
								{
									OFFSET 0.085573 0.002813 0.009712
									CHANNELS 3 Xrotation Yrotation Zrotation
									JOINT Pinky2.L
									{
										OFFSET 0.023915 0.000563 0.001942
										CHANNELS 3 Xrotation Yrotation Zrotation
										JOINT Pinky3.L
										{
											OFFSET 0.016940 0.000399 0.001376
											CHANNELS 3 Xrotation Yrotation Zrotation
											End Site
											{
												OFFSET 0.013950 0.000328 0.001133
											}
										}
									}
								}
							}
						}
					}
				}
				JOINT Clavicle.R
				{
					OFFSET -0.041632 0.014470 0.084340
					CHANNELS 3 Xrotation Yrotation Zrotation
					JOINT UpperArm.R
					{
						OFFSET -0.092392 0.009933 0.057744
						CHANNELS 3 Xrotation Yrotation Zrotation
						JOINT ForeArm.R
						{
							OFFSET -0.280957 0.022924 -0.043145
							CHANNELS 3 Xrotation Yrotation Zrotation
							JOINT Hand.R
							{
								OFFSET -0.260730 0.018863 -0.003611
								CHANNELS 3 Xrotation Yrotation Zrotation
								JOINT Thumb1.R
								{
									OFFSET -0.154676 0.008658 -0.001657
									CHANNELS 3 Xrotation Yrotation Zrotation
									JOINT Thumb2.R
									{
										OFFSET -0.029919 0.002165 -0.000414
										CHANNELS 3 Xrotation Yrotation Zrotation
										End Site
										{
											OFFSET -0.024932 0.001804 -0.000345
										}
									}
								}
								JOINT Index1.R
								{
									OFFSET -0.137676 0.008658 -0.001657
									CHANNELS 3 Xrotation Yrotation Zrotation
									JOINT Index2.R
									{
										OFFSET -0.029919 0.002165 -0.000414
										CHANNELS 3 Xrotation Yrotation Zrotation
										JOINT Index3.R
										{
											OFFSET -0.021941 0.001587 -0.000304
											CHANNELS 3 Xrotation Yrotation Zrotation
											End Site
											{
												OFFSET -0.017951 0.001299 -0.000249
											}
										}
									}
								}
								JOINT Middle1.R
								{
									OFFSET -0.119676 0.008658 -0.001657
									CHANNELS 3 Xrotation Yrotation Zrotation
									JOINT Middle2.R
									{
										OFFSET -0.030916 0.002237 -0.000428
										CHANNELS 3 Xrotation Yrotation Zrotation
										JOINT Middle3.R
										{
											OFFSET -0.021941 0.001587 -0.000304
											CHANNELS 3 Xrotation Yrotation Zrotation
											End Site
											{
												OFFSET -0.017951 0.001299 -0.000249
											}
										}
									}
								}
								JOINT Ring1.R
								{
									OFFSET -0.101676 0.008658 -0.001657
									CHANNELS 3 Xrotation Yrotation Zrotation
									JOINT Ring2.R
									{
										OFFSET -0.028922 0.002092 -0.000401
										CHANNELS 3 Xrotation Yrotation Zrotation
										JOINT Ring3.R
										{
											OFFSET -0.019946 0.001443 -0.000276
											CHANNELS 3 Xrotation Yrotation Zrotation
											End Site
											{
												OFFSET -0.016954 0.001227 -0.000235
											}
										}
									}
								}
								JOINT Pinky1.R
								{
									OFFSET -0.085676 0.008658 -0.001657
									CHANNELS 3 Xrotation Yrotation Zrotation
									JOINT Pinky2.R
									{
										OFFSET -0.023935 0.001732 -0.000331
										CHANNELS 3 Xrotation Yrotation Zrotation
										JOINT Pinky3.R
										{
											OFFSET -0.016954 0.001227 -0.000235
											CHANNELS 3 Xrotation Yrotation Zrotation
											End Site
											{
												OFFSET -0.013962 0.001010 -0.000193
											}
										}
									}
								}
							}
						}
					}
				}
			}
		}
	}
}
MOTION
Frames: 97
Frame Time: 0.04166667
0.000499 -0.070596 1.411044 -10.630603 0.398822 1.713248 7.732745 0.420075 2.169665 4.539433 -0.610649 -6.207219 -3.234851 3.647489 8.566985 2.807569 -2.902325 0.994717 4.548962 -1.039498 -2.979826 9.800603 0.251689 -0.733680 -1.472706 -5.299424 -3.889440 1.055903 -1.721405 -1.384267 6.704463 -0.048750 2.891170 8.239628 -3.896658 -2.451639 -7.377628 0.732224 0.712331 10.840131 3.114508 3.547715 8.666052 -1.208517 9.017333 9.694152 24.963531 -1.536332 12.554567 47.516708 -14.660384 14.946661 -4.566509 -22.925115 7.182071 -4.745034 -5.232280 0.000000 0.000000 0.000000 0.000000 0.000000 0.000000 0.000000 0.000000 0.000000 0.000000 0.000000 0.000000 0.000000 0.000000 0.000000 0.000000 0.000000 0.000000 0.000000 0.000000 0.000000 0.000000 0.000000 0.000000 0.000000 0.000000 0.000000 0.000000 0.000000 0.000000 0.000000 0.000000 0.000000 0.000000 0.000000 0.000000 0.000000 0.000000 0.000000 0.000000 0.000000 0.000000 6.456795 -15.945099 4.930256 25.579294 -52.405971 21.974208 11.092146 8.063976 28.957150 3.495070 -1.341893 2.204255 0.000000 0.000000 0.000000 0.000000 0.000000 0.000000 0.000000 0.000000 0.000000 0.000000 0.000000 0.000000 0.000000 0.000000 0.000000 0.000000 0.000000 0.000000 0.000000 0.000000 0.000000 0.000000 0.000000 0.000000 0.000000 0.000000 0.000000 0.000000 0.000000 0.000000 0.000000 0.000000 0.000000 0.000000 0.000000 0.000000 0.000000 0.000000 0.000000 0.000000 0.000000 0.000000
0.000291 -0.070178 1.411225 -10.630642 0.422597 1.665261 7.875221 0.449455 2.222637 4.315446 -0.678937 -6.191673 -3.175746 3.682904 8.590194 2.836193 -2.874075 0.983206 4.621049 -1.079227 -2.961250 9.699514 0.288263 -0.701868 -1.398971 -5.319055 -3.916439 1.076900 -1.658067 -1.356234 6.719493 -0.085274 2.861703 8.266098 -3.912967 -2.488341 -7.456390 0.727232 0.703675 10.959802 3.135953 3.482867 8.727653 -1.178798 9.065195 9.731566 25.101773 -1.513291 12.495118 47.473263 -14.560394 14.939418 -4.594243 -22.812302 7.254864 -4.603450 -5.142673 0.000000 0.000000 0.000000 0.000000 0.000000 0.000000 0.000000 0.000000 0.000000 0.000000 0.000000 0.000000 0.000000 0.000000 0.000000 0.000000 0.000000 0.000000 0.000000 0.000000 0.000000 0.000000 0.000000 0.000000 0.000000 0.000000 0.000000 0.000000 0.000000 0.000000 0.000000 0.000000 0.000000 0.000000 0.000000 0.000000 0.000000 0.000000 0.000000 0.000000 0.000000 0.000000 6.520333 -16.051600 4.919758 25.484700 -52.300644 21.859423 11.091228 8.099050 29.041893 3.578809 -1.353605 2.185875 0.000000 0.000000 0.000000 0.000000 0.000000 0.000000 0.000000 0.000000 0.000000 0.000000 0.000000 0.000000 0.000000 0.000000 0.000000 0.000000 0.000000 0.000000 0.000000 0.000000 0.000000 0.000000 0.000000 0.000000 0.000000 0.000000 0.000000 0.000000 0.000000 0.000000 0.000000 0.000000 0.000000 0.000000 0.000000 0.000000 0.000000 0.000000 0.000000 0.000000 0.000000 0.000000
0.000705 -0.069843 1.411405 -10.662673 0.412115 1.626524 8.035245 0.458563 2.270422 4.137133 -0.706803 -6.166631 -3.100793 3.700589 8.572295 2.864096 -2.821512 0.989596 4.758882 -1.109732 -2.947851 9.565291 0.319954 -0.673690 -1.349964 -5.319004 -3.946750 1.086108 -1.642009 -1.357153 6.771316 -0.121807 2.839436 8.268272 -3.905540 -2.495395 -7.453476 0.710990 0.665457 11.052414 3.094736 3.383871 8.792175 -1.130034 9.076224 9.705954 25.196080 -1.468667 12.450562 47.434126 -14.484673 14.922288 -4.603269 -22.698970 7.317403 -4.494508 -5.046624 0.000000 0.000000 0.000000 0.000000 0.000000 0.000000 0.000000 0.000000 0.000000 0.000000 0.000000 0.000000 0.000000 0.000000 0.000000 0.000000 0.000000 0.000000 0.000000 0.000000 0.000000 0.000000 0.000000 0.000000 0.000000 0.000000 0.000000 0.000000 0.000000 0.000000 0.000000 0.000000 0.000000 0.000000 0.000000 0.000000 0.000000 0.000000 0.000000 0.000000 0.000000 0.000000 6.543944 -16.163173 4.937420 25.401435 -52.226282 21.758249 10.957408 8.073746 29.116457 3.664995 -1.327286 2.116202 0.000000 0.000000 0.000000 0.000000 0.000000 0.000000 0.000000 0.000000 0.000000 0.000000 0.000000 0.000000 0.000000 0.000000 0.000000 0.000000 0.000000 0.000000 0.000000 0.000000 0.000000 0.000000 0.000000 0.000000 0.000000 0.000000 0.000000 0.000000 0.000000 0.000000 0.000000 0.000000 0.000000 0.000000 0.000000 0.000000 0.000000 0.000000 0.000000 0.000000 0.000000 0.000000
0.000879 -0.070286 1.411513 -10.715483 0.416570 1.593025 8.088991 0.445977 2.293492 4.116798 -0.717365 -6.135995 -3.053783 3.716524 8.573906 2.881480 -2.780955 0.981168 4.783682 -1.136936 -2.878193 9.606412 0.343779 -0.632001 -1.293174 -5.310211 -3.972194 1.090818 -1.611049 -1.340502 6.856890 -0.136145 2.824525 8.336935 -3.923096 -2.485823 -7.561866 0.704237 0.644085 11.151740 3.084460 3.287070 8.858646 -1.109243 9.130584 9.717655 25.284430 -1.429196 12.394072 47.390708 -14.446086 14.890945 -4.630231 -22.681306 7.400183 -4.419194 -4.932617 0.000000 0.000000 0.000000 0.000000 0.000000 0.000000 0.000000 0.000000 0.000000 0.000000 0.000000 0.000000 0.000000 0.000000 0.000000 0.000000 0.000000 0.000000 0.000000 0.000000 0.000000 0.000000 0.000000 0.000000 0.000000 0.000000 0.000000 0.000000 0.000000 0.000000 0.000000 0.000000 0.000000 0.000000 0.000000 0.000000 0.000000 0.000000 0.000000 0.000000 0.000000 0.000000 6.605293 -16.244362 4.941665 25.282912 -52.157651 21.696533 10.855007 8.061160 29.164012 3.741306 -1.364398 2.012222 0.000000 0.000000 0.000000 0.000000 0.000000 0.000000 0.000000 0.000000 0.000000 0.000000 0.000000 0.000000 0.000000 0.000000 0.000000 0.000000 0.000000 0.000000 0.000000 0.000000 0.000000 0.000000 0.000000 0.000000 0.000000 0.000000 0.000000 0.000000 0.000000 0.000000 0.000000 0.000000 0.000000 0.000000 0.000000 0.000000 0.000000 0.000000 0.000000 0.000000 0.000000 0.000000
0.000587 -0.071153 1.411515 -10.769971 0.447368 1.582741 8.059018 0.422922 2.295757 4.197600 -0.725902 -6.134906 -3.054220 3.682554 8.614927 2.882901 -2.751560 0.974349 4.774182 -1.162487 -2.833924 9.658835 0.351403 -0.594762 -1.229247 -5.297819 -3.993846 1.088528 -1.604942 -1.338660 6.959111 -0.143790 2.803872 8.365003 -3.940043 -2.474143 -7.618681 0.711942 0.620412 11.213731 3.049944 3.194044 8.944674 -1.089196 9.090449 9.734144 25.363014 -1.428133 12.354454 47.346727 -14.450955 14.900629 -4.697813 -22.691120 7.443920 -4.388467 -4.852743 0.000000 0.000000 0.000000 0.000000 0.000000 0.000000 0.000000 0.000000 0.000000 0.000000 0.000000 0.000000 0.000000 0.000000 0.000000 0.000000 0.000000 0.000000 0.000000 0.000000 0.000000 0.000000 0.000000 0.000000 0.000000 0.000000 0.000000 0.000000 0.000000 0.000000 0.000000 0.000000 0.000000 0.000000 0.000000 0.000000 0.000000 0.000000 0.000000 0.000000 0.000000 0.000000 6.619339 -16.301143 4.966840 25.181315 -52.093449 21.629462 10.780433 8.053266 29.218739 3.725895 -1.330578 1.970617 0.000000 0.000000 0.000000 0.000000 0.000000 0.000000 0.000000 0.000000 0.000000 0.000000 0.000000 0.000000 0.000000 0.000000 0.000000 0.000000 0.000000 0.000000 0.000000 0.000000 0.000000 0.000000 0.000000 0.000000 0.000000 0.000000 0.000000 0.000000 0.000000 0.000000 0.000000 0.000000 0.000000 0.000000 0.000000 0.000000 0.000000 0.000000 0.000000 0.000000 0.000000 0.000000
0.000285 -0.071819 1.411426 -10.798643 0.482289 1.566499 7.998878 0.391547 2.301713 4.288170 -0.723505 -6.096632 -3.091616 3.668885 8.663992 2.894608 -2.727460 0.946005 4.715372 -1.187896 -2.785817 9.756406 0.357011 -0.602790 -1.211001 -5.312523 -4.020950 1.087225 -1.572178 -1.318576 7.112776 -0.121268 2.798126 8.470923 -4.006891 -2.475853 -7.796394 0.720455 0.616394 11.316377 3.040567 3.102387 9.034937 -1.084291 9.108405 9.852052 25.434312 -1.508623 12.318469 47.279395 -14.501943 14.875042 -4.711586 -22.678673 7.455405 -4.460095 -4.806251 0.000000 0.000000 0.000000 0.000000 0.000000 0.000000 0.000000 0.000000 0.000000 0.000000 0.000000 0.000000 0.000000 0.000000 0.000000 0.000000 0.000000 0.000000 0.000000 0.000000 0.000000 0.000000 0.000000 0.000000 0.000000 0.000000 0.000000 0.000000 0.000000 0.000000 0.000000 0.000000 0.000000 0.000000 0.000000 0.000000 0.000000 0.000000 0.000000 0.000000 0.000000 0.000000 6.714265 -16.342197 5.021976 25.100132 -51.985538 21.621649 10.764750 8.048629 29.257156 3.711654 -1.313057 1.955968 0.000000 0.000000 0.000000 0.000000 0.000000 0.000000 0.000000 0.000000 0.000000 0.000000 0.000000 0.000000 0.000000 0.000000 0.000000 0.000000 0.000000 0.000000 0.000000 0.000000 0.000000 0.000000 0.000000 0.000000 0.000000 0.000000 0.000000 0.000000 0.000000 0.000000 0.000000 0.000000 0.000000 0.000000 0.000000 0.000000 0.000000 0.000000 0.000000 0.000000 0.000000 0.000000
0.000272 -0.072333 1.411279 -10.808541 0.497532 1.480717 7.865083 0.363783 2.281244 4.495313 -0.686099 -6.045755 -3.142429 3.647763 8.735741 2.876338 -2.742678 0.939702 4.570170 -1.179466 -2.740016 9.955016 0.349870 -0.620513 -1.212539 -5.314001 -4.026020 1.086104 -1.589092 -1.313862 7.233758 -0.141478 2.762086 8.455214 -3.993343 -2.467586 -7.757824 0.715630 0.602149 11.255307 3.050291 3.107963 9.015994 -1.050463 9.161094 9.812225 25.416134 -1.528011 12.324343 47.258186 -14.510026 14.946886 -4.697075 -22.668067 7.430217 -4.436541 -4.799383 0.000000 0.000000 0.000000 0.000000 0.000000 0.000000 0.000000 0.000000 0.000000 0.000000 0.000000 0.000000 0.000000 0.000000 0.000000 0.000000 0.000000 0.000000 0.000000 0.000000 0.000000 0.000000 0.000000 0.000000 0.000000 0.000000 0.000000 0.000000 0.000000 0.000000 0.000000 0.000000 0.000000 0.000000 0.000000 0.000000 0.000000 0.000000 0.000000 0.000000 0.000000 0.000000 6.662463 -16.334187 5.025287 25.124381 -51.926905 21.683239 10.799952 8.040077 29.351310 3.727627 -1.290968 1.929553 0.000000 0.000000 0.000000 0.000000 0.000000 0.000000 0.000000 0.000000 0.000000 0.000000 0.000000 0.000000 0.000000 0.000000 0.000000 0.000000 0.000000 0.000000 0.000000 0.000000 0.000000 0.000000 0.000000 0.000000 0.000000 0.000000 0.000000 0.000000 0.000000 0.000000 0.000000 0.000000 0.000000 0.000000 0.000000 0.000000 0.000000 0.000000 0.000000 0.000000 0.000000 0.000000
-0.000247 -0.071837 1.411105 -10.817411 0.519188 1.366078 7.637220 0.350281 2.241193 4.954302 -0.637227 -5.981470 -3.234715 3.639733 8.851102 2.839910 -2.745580 0.921216 4.328565 -1.142408 -2.671494 10.393142 0.346602 -0.653231 -1.215431 -5.336778 -4.015721 1.070933 -1.571082 -1.301207 7.366447 -0.150222 2.715394 8.449462 -3.975839 -2.461493 -7.795398 0.697009 0.592714 11.295522 3.119690 3.125430 8.963140 -1.036924 9.296706 9.885579 25.379443 -1.560376 12.371255 47.240761 -14.502104 14.982109 -4.600241 -22.710671 7.392177 -4.460624 -4.782266 0.000000 0.000000 0.000000 0.000000 0.000000 0.000000 0.000000 0.000000 0.000000 0.000000 0.000000 0.000000 0.000000 0.000000 0.000000 0.000000 0.000000 0.000000 0.000000 0.000000 0.000000 0.000000 0.000000 0.000000 0.000000 0.000000 0.000000 0.000000 0.000000 0.000000 0.000000 0.000000 0.000000 0.000000 0.000000 0.000000 0.000000 0.000000 0.000000 0.000000 0.000000 0.000000 6.725869 -16.254430 5.002603 25.121566 -51.883725 21.714002 10.893609 7.999458 29.450323 3.670503 -1.307383 1.871425 0.000000 0.000000 0.000000 0.000000 0.000000 0.000000 0.000000 0.000000 0.000000 0.000000 0.000000 0.000000 0.000000 0.000000 0.000000 0.000000 0.000000 0.000000 0.000000 0.000000 0.000000 0.000000 0.000000 0.000000 0.000000 0.000000 0.000000 0.000000 0.000000 0.000000 0.000000 0.000000 0.000000 0.000000 0.000000 0.000000 0.000000 0.000000 0.000000 0.000000 0.000000 0.000000
-0.000766 -0.071394 1.410792 -10.750329 0.510634 1.337679 7.291013 0.345077 2.169996 5.419067 -0.564524 -5.900797 -3.346254 3.670970 8.922944 2.794129 -2.764905 0.900789 3.976977 -1.084033 -2.588883 10.843184 0.324813 -0.729833 -1.240087 -5.311182 -4.073208 1.057260 -1.581123 -1.284819 7.490719 -0.148805 2.681343 8.486573 -3.965216 -2.466100 -7.851752 0.686056 0.604449 11.307657 3.220312 3.156370 8.868997 -1.042089 9.454594 9.930775 25.317620 -1.651045 12.447245 47.209779 -14.542315 15.002471 -4.521112 -22.829063 7.358170 -4.509990 -4.838107 0.000000 0.000000 0.000000 0.000000 0.000000 0.000000 0.000000 0.000000 0.000000 0.000000 0.000000 0.000000 0.000000 0.000000 0.000000 0.000000 0.000000 0.000000 0.000000 0.000000 0.000000 0.000000 0.000000 0.000000 0.000000 0.000000 0.000000 0.000000 0.000000 0.000000 0.000000 0.000000 0.000000 0.000000 0.000000 0.000000 0.000000 0.000000 0.000000 0.000000 0.000000 0.000000 6.793017 -16.144042 5.012599 25.131661 -51.817495 21.785592 10.969194 7.933073 29.522932 3.642406 -1.277451 1.868517 0.000000 0.000000 0.000000 0.000000 0.000000 0.000000 0.000000 0.000000 0.000000 0.000000 0.000000 0.000000 0.000000 0.000000 0.000000 0.000000 0.000000 0.000000 0.000000 0.000000 0.000000 0.000000 0.000000 0.000000 0.000000 0.000000 0.000000 0.000000 0.000000 0.000000 0.000000 0.000000 0.000000 0.000000 0.000000 0.000000 0.000000 0.000000 0.000000 0.000000 0.000000 0.000000
-0.001198 -0.071005 1.410346 -10.631254 0.485152 1.354058 6.582394 0.334273 1.984706 6.427688 -0.470196 -5.877787 -3.532634 3.668412 9.084241 2.692411 -2.887392 0.867013 3.300035 -1.028877 -2.434307 11.768530 0.303877 -0.789274 -1.309266 -5.231120 -4.222859 1.045047 -1.659682 -1.293678 7.649490 -0.181440 2.637003 8.420340 -3.901776 -2.470025 -7.739366 0.652485 0.605544 11.287629 3.368993 3.156843 8.898958 -1.038314 9.551981 9.959057 25.223111 -1.808702 12.512598 47.134349 -14.648472 15.001827 -4.388252 -22.943200 7.228370 -4.704810 -4.914893 0.000000 0.000000 0.000000 0.000000 0.000000 0.000000 0.000000 0.000000 0.000000 0.000000 0.000000 0.000000 0.000000 0.000000 0.000000 0.000000 0.000000 0.000000 0.000000 0.000000 0.000000 0.000000 0.000000 0.000000 0.000000 0.000000 0.000000 0.000000 0.000000 0.000000 0.000000 0.000000 0.000000 0.000000 0.000000 0.000000 0.000000 0.000000 0.000000 0.000000 0.000000 0.000000 6.761636 -15.928185 5.054396 25.232044 -51.842414 21.925594 11.068795 7.942834 29.623237 3.542597 -1.194606 1.883857 0.000000 0.000000 0.000000 0.000000 0.000000 0.000000 0.000000 0.000000 0.000000 0.000000 0.000000 0.000000 0.000000 0.000000 0.000000 0.000000 0.000000 0.000000 0.000000 0.000000 0.000000 0.000000 0.000000 0.000000 0.000000 0.000000 0.000000 0.000000 0.000000 0.000000 0.000000 0.000000 0.000000 0.000000 0.000000 0.000000 0.000000 0.000000 0.000000 0.000000 0.000000 0.000000
-0.002360 -0.071903 1.409939 -10.631043 0.400538 1.329967 5.627084 0.366657 1.776521 8.025140 -0.270173 -5.995880 -3.796757 3.636565 9.349509 2.538517 -3.178882 0.777568 2.137044 -0.879817 -2.249298 13.727755 0.237070 -0.902651 -1.506390 -4.943809 -4.436118 1.007144 -1.787106 -1.258183 8.021987 -0.235161 2.562810 8.302772 -3.884670 -2.501034 -7.704067 0.671513 0.633048 11.178635 3.499233 3.359572 8.868110 -0.994529 9.689674 10.038763 25.185189 -1.965181 12.422696 47.051817 -14.609620 15.222232 -4.346115 -23.245645 7.089130 -4.995242 -4.886381 0.000000 0.000000 0.000000 0.000000 0.000000 0.000000 0.000000 0.000000 0.000000 0.000000 0.000000 0.000000 0.000000 0.000000 0.000000 0.000000 0.000000 0.000000 0.000000 0.000000 0.000000 0.000000 0.000000 0.000000 0.000000 0.000000 0.000000 0.000000 0.000000 0.000000 0.000000 0.000000 0.000000 0.000000 0.000000 0.000000 0.000000 0.000000 0.000000 0.000000 0.000000 0.000000 6.728824 -15.755903 4.991253 25.120731 -51.743308 21.849303 11.230040 8.091341 29.945353 3.294164 -1.113797 1.905431 0.000000 0.000000 0.000000 0.000000 0.000000 0.000000 0.000000 0.000000 0.000000 0.000000 0.000000 0.000000 0.000000 0.000000 0.000000 0.000000 0.000000 0.000000 0.000000 0.000000 0.000000 0.000000 0.000000 0.000000 0.000000 0.000000 0.000000 0.000000 0.000000 0.000000 0.000000 0.000000 0.000000 0.000000 0.000000 0.000000 0.000000 0.000000 0.000000 0.000000 0.000000 0.000000
-0.002488 -0.071446 1.409183 -10.493276 0.349951 1.472983 4.337075 0.354920 1.475948 9.980076 -0.174672 -6.136625 -4.105644 3.591392 9.673236 2.324564 -3.435571 0.656996 0.731137 -0.808901 -1.992598 15.951303 0.037519 -1.018887 -1.682573 -4.720293 -4.652803 0.934658 -1.894349 -1.202203 8.441670 -0.251962 2.514170 8.197303 -3.875032 -2.510752 -7.719431 0.657813 0.685031 11.148804 3.661606 3.403327 8.955837 -1.061800 9.923461 10.263437 25.031645 -2.270511 12.374773 46.846369 -14.653115 15.288938 -4.282797 -23.671191 6.884302 -5.569467 -4.845571 0.000000 0.000000 0.000000 0.000000 0.000000 0.000000 0.000000 0.000000 0.000000 0.000000 0.000000 0.000000 0.000000 0.000000 0.000000 0.000000 0.000000 0.000000 0.000000 0.000000 0.000000 0.000000 0.000000 0.000000 0.000000 0.000000 0.000000 0.000000 0.000000 0.000000 0.000000 0.000000 0.000000 0.000000 0.000000 0.000000 0.000000 0.000000 0.000000 0.000000 0.000000 0.000000 6.836080 -15.586957 4.990053 25.045432 -51.695166 21.842785 11.254879 8.185055 30.281354 3.017181 -1.066291 1.894980 0.000000 0.000000 0.000000 0.000000 0.000000 0.000000 0.000000 0.000000 0.000000 0.000000 0.000000 0.000000 0.000000 0.000000 0.000000 0.000000 0.000000 0.000000 0.000000 0.000000 0.000000 0.000000 0.000000 0.000000 0.000000 0.000000 0.000000 0.000000 0.000000 0.000000 0.000000 0.000000 0.000000 0.000000 0.000000 0.000000 0.000000 0.000000 0.000000 0.000000 0.000000 0.000000
-0.002588 -0.071530 1.408154 -10.404885 0.269058 1.555705 3.055905 0.287827 1.184960 11.959757 0.095866 -6.318707 -4.379286 3.577295 9.941770 2.152876 -3.717054 0.541112 -0.773397 -0.695698 -1.776126 18.401278 -0.197366 -1.071607 -1.929133 -4.498744 -4.876659 0.899434 -1.980039 -1.136894 8.933122 -0.238406 2.449418 8.050342 -3.871914 -2.511844 -7.735828 0.656166 0.696577 11.065390 3.728868 3.555833 9.052006 -1.120424 10.143994 10.389009 24.892459 -2.423585 12.230818 46.642961 -14.703716 15.234590 -4.200349 -24.032107 6.524507 -6.062361 -4.706044 0.000000 0.000000 0.000000 0.000000 0.000000 0.000000 0.000000 0.000000 0.000000 0.000000 0.000000 0.000000 0.000000 0.000000 0.000000 0.000000 0.000000 0.000000 0.000000 0.000000 0.000000 0.000000 0.000000 0.000000 0.000000 0.000000 0.000000 0.000000 0.000000 0.000000 0.000000 0.000000 0.000000 0.000000 0.000000 0.000000 0.000000 0.000000 0.000000 0.000000 0.000000 0.000000 6.890693 -15.471947 4.938804 24.907131 -51.528803 21.894659 11.206413 8.239046 30.578328 2.614568 -1.020187 1.822726 0.000000 0.000000 0.000000 0.000000 0.000000 0.000000 0.000000 0.000000 0.000000 0.000000 0.000000 0.000000 0.000000 0.000000 0.000000 0.000000 0.000000 0.000000 0.000000 0.000000 0.000000 0.000000 0.000000 0.000000 0.000000 0.000000 0.000000 0.000000 0.000000 0.000000 0.000000 0.000000 0.000000 0.000000 0.000000 0.000000 0.000000 0.000000 0.000000 0.000000 0.000000 0.000000
-0.002885 -0.071420 1.406559 -10.252310 0.201744 1.644967 1.402204 0.206871 0.823735 14.470924 0.390473 -6.580747 -4.774771 3.512489 10.218270 1.923939 -4.083944 0.382704 -2.593248 -0.643841 -1.444303 21.251702 -0.428519 -0.998311 -2.320369 -4.215525 -5.110720 0.868569 -2.079300 -1.051830 9.501661 -0.192943 2.375067 7.888882 -3.905320 -2.530875 -7.788577 0.714896 0.704002 10.865207 3.730583 3.782816 9.066051 -1.140243 10.089945 10.523965 24.720385 -2.622024 12.038405 46.329769 -14.735810 15.340903 -4.169429 -24.464488 6.165832 -6.484265 -4.482281 0.000000 0.000000 0.000000 0.000000 0.000000 0.000000 0.000000 0.000000 0.000000 0.000000 0.000000 0.000000 0.000000 0.000000 0.000000 0.000000 0.000000 0.000000 0.000000 0.000000 0.000000 0.000000 0.000000 0.000000 0.000000 0.000000 0.000000 0.000000 0.000000 0.000000 0.000000 0.000000 0.000000 0.000000 0.000000 0.000000 0.000000 0.000000 0.000000 0.000000 0.000000 0.000000 6.893286 -15.435292 4.883688 24.662214 -51.329199 21.885459 11.084982 8.343600 30.888031 2.098258 -1.090830 1.748563 0.000000 0.000000 0.000000 0.000000 0.000000 0.000000 0.000000 0.000000 0.000000 0.000000 0.000000 0.000000 0.000000 0.000000 0.000000 0.000000 0.000000 0.000000 0.000000 0.000000 0.000000 0.000000 0.000000 0.000000 0.000000 0.000000 0.000000 0.000000 0.000000 0.000000 0.000000 0.000000 0.000000 0.000000 0.000000 0.000000 0.000000 0.000000 0.000000 0.000000 0.000000 0.000000
-0.003597 -0.070565 1.404053 -9.933243 0.180331 1.824900 -0.426507 0.055677 0.531512 16.990585 0.740607 -6.747667 -5.377104 3.388545 10.398503 1.702471 -4.425925 0.190857 -4.569681 -0.570881 -1.097684 24.097896 -0.794214 -0.998705 -2.919359 -3.954078 -5.316676 0.853035 -2.134449 -0.946620 10.184030 -0.107467 2.314879 7.760574 -4.029008 -2.607880 -7.976390 0.772486 0.740664 10.633946 3.731067 3.961791 9.108398 -1.150472 10.038868 10.696143 24.505733 -2.945991 11.830592 45.984874 -14.884996 15.296818 -4.192709 -24.886670 5.900668 -7.040441 -4.232451 0.000000 0.000000 0.000000 0.000000 0.000000 0.000000 0.000000 0.000000 0.000000 0.000000 0.000000 0.000000 0.000000 0.000000 0.000000 0.000000 0.000000 0.000000 0.000000 0.000000 0.000000 0.000000 0.000000 0.000000 0.000000 0.000000 0.000000 0.000000 0.000000 0.000000 0.000000 0.000000 0.000000 0.000000 0.000000 0.000000 0.000000 0.000000 0.000000 0.000000 0.000000 0.000000 6.894298 -15.435437 4.863120 24.357509 -50.969421 21.851034 10.965266 8.464724 31.254210 1.644690 -1.008921 1.741801 0.000000 0.000000 0.000000 0.000000 0.000000 0.000000 0.000000 0.000000 0.000000 0.000000 0.000000 0.000000 0.000000 0.000000 0.000000 0.000000 0.000000 0.000000 0.000000 0.000000 0.000000 0.000000 0.000000 0.000000 0.000000 0.000000 0.000000 0.000000 0.000000 0.000000 0.000000 0.000000 0.000000 0.000000 0.000000 0.000000 0.000000 0.000000 0.000000 0.000000 0.000000 0.000000
-0.003655 -0.070159 1.400534 -9.631800 0.042956 1.863658 -2.379120 -0.031012 0.261883 19.905862 1.200238 -6.846448 -6.248481 3.124662 10.515988 1.436462 -4.836869 0.037229 -6.612766 -0.394359 -0.739311 27.138073 -1.145244 -0.811113 -3.894196 -3.457569 -5.538597 0.854709 -2.327573 -0.879813 10.973086 -0.068239 2.240996 7.498370 -4.060675 -2.687103 -7.890951 0.833340 0.745611 10.234851 3.714887 4.440357 9.151081 -1.001205 10.039515 10.589756 24.248586 -3.243184 11.627853 45.675699 -15.130816 15.104143 -4.233605 -25.114839 5.496464 -7.425369 -4.019365 0.000000 0.000000 0.000000 0.000000 0.000000 0.000000 0.000000 0.000000 0.000000 0.000000 0.000000 0.000000 0.000000 0.000000 0.000000 0.000000 0.000000 0.000000 0.000000 0.000000 0.000000 0.000000 0.000000 0.000000 0.000000 0.000000 0.000000 0.000000 0.000000 0.000000 0.000000 0.000000 0.000000 0.000000 0.000000 0.000000 0.000000 0.000000 0.000000 0.000000 0.000000 0.000000 6.575518 -15.456865 4.856037 24.119847 -50.675561 21.945500 10.608109 8.760710 31.535231 1.274720 -0.948089 1.649135 0.000000 0.000000 0.000000 0.000000 0.000000 0.000000 0.000000 0.000000 0.000000 0.000000 0.000000 0.000000 0.000000 0.000000 0.000000 0.000000 0.000000 0.000000 0.000000 0.000000 0.000000 0.000000 0.000000 0.000000 0.000000 0.000000 0.000000 0.000000 0.000000 0.000000 0.000000 0.000000 0.000000 0.000000 0.000000 0.000000 0.000000 0.000000 0.000000 0.000000 0.000000 0.000000
-0.004548 -0.070472 1.395680 -9.368558 0.039657 2.006255 -4.466043 -0.241915 -0.028563 23.141091 1.645429 -6.955066 -7.359378 2.673414 10.606529 1.153415 -5.324569 -0.128451 -8.800796 -0.254269 -0.430372 30.481611 -1.678916 -0.682033 -5.087875 -2.865733 -5.736482 0.926212 -2.535897 -0.810854 11.856095 -0.083348 2.217489 7.090049 -4.053862 -2.763190 -7.650563 0.933425 0.746160 9.743097 3.603652 4.948488 9.191037 -0.842923 9.868855 10.260641 23.934198 -3.563631 11.358689 45.359162 -15.509955 14.928116 -4.397609 -25.168584 5.050513 -7.869251 -3.765361 0.000000 0.000000 0.000000 0.000000 0.000000 0.000000 0.000000 0.000000 0.000000 0.000000 0.000000 0.000000 0.000000 0.000000 0.000000 0.000000 0.000000 0.000000 0.000000 0.000000 0.000000 0.000000 0.000000 0.000000 0.000000 0.000000 0.000000 0.000000 0.000000 0.000000 0.000000 0.000000 0.000000 0.000000 0.000000 0.000000 0.000000 0.000000 0.000000 0.000000 0.000000 0.000000 6.155875 -15.570292 4.882429 23.817687 -50.308737 22.048993 10.300886 8.966567 31.660158 0.978847 -0.727952 1.639356 0.000000 0.000000 0.000000 0.000000 0.000000 0.000000 0.000000 0.000000 0.000000 0.000000 0.000000 0.000000 0.000000 0.000000 0.000000 0.000000 0.000000 0.000000 0.000000 0.000000 0.000000 0.000000 0.000000 0.000000 0.000000 0.000000 0.000000 0.000000 0.000000 0.000000 0.000000 0.000000 0.000000 0.000000 0.000000 0.000000 0.000000 0.000000 0.000000 0.000000 0.000000 0.000000
-0.005299 -0.072282 1.389520 -9.284953 0.018802 2.143649 -6.781718 -0.488010 -0.247075 27.030542 2.191815 -7.020623 -8.657326 2.206356 10.709237 0.856678 -5.796397 -0.351304 -11.253663 -0.068955 -0.028914 34.451745 -2.291820 -0.513749 -6.522366 -2.219756 -5.930919 0.983231 -2.595733 -0.669145 12.984010 -0.035074 2.180936 6.837400 -4.216794 -2.867365 -7.765798 1.071613 0.781997 9.312634 3.495444 5.437557 9.163700 -0.667645 9.476029 10.122872 23.725210 -4.051851 10.911314 44.905787 -15.887289 14.692074 -4.553296 -25.272306 4.665703 -8.311339 -3.531858 0.000000 0.000000 0.000000 0.000000 0.000000 0.000000 0.000000 0.000000 0.000000 0.000000 0.000000 0.000000 0.000000 0.000000 0.000000 0.000000 0.000000 0.000000 0.000000 0.000000 0.000000 0.000000 0.000000 0.000000 0.000000 0.000000 0.000000 0.000000 0.000000 0.000000 0.000000 0.000000 0.000000 0.000000 0.000000 0.000000 0.000000 0.000000 0.000000 0.000000 0.000000 0.000000 5.936206 -15.836571 5.006233 23.185105 -49.747183 21.975440 10.037687 9.202143 31.848114 0.700462 -0.487086 1.694949 0.000000 0.000000 0.000000 0.000000 0.000000 0.000000 0.000000 0.000000 0.000000 0.000000 0.000000 0.000000 0.000000 0.000000 0.000000 0.000000 0.000000 0.000000 0.000000 0.000000 0.000000 0.000000 0.000000 0.000000 0.000000 0.000000 0.000000 0.000000 0.000000 0.000000 0.000000 0.000000 0.000000 0.000000 0.000000 0.000000 0.000000 0.000000 0.000000 0.000000 0.000000 0.000000
-0.005920 -0.074582 1.381775 -9.194278 -0.008165 2.145250 -9.002939 -0.714344 -0.441634 30.677125 2.763581 -7.007582 -10.276815 1.543722 10.809541 0.541751 -6.352111 -0.536216 -13.654719 0.178807 0.316324 38.156872 -2.903916 -0.317609 -8.387244 -1.388876 -6.127274 1.094858 -2.720613 -0.567184 14.007609 0.007876 2.165066 6.497201 -4.298509 -2.992837 -7.675514 1.230564 0.794846 8.602306 3.374425 6.055378 9.025815 -0.436377 9.184994 9.768989 23.449816 -4.535321 10.469961 44.558171 -16.346307 14.456675 -4.688533 -24.968112 4.216372 -8.589585 -3.270587 0.000000 0.000000 0.000000 0.000000 0.000000 0.000000 0.000000 0.000000 0.000000 0.000000 0.000000 0.000000 0.000000 0.000000 0.000000 0.000000 0.000000 0.000000 0.000000 0.000000 0.000000 0.000000 0.000000 0.000000 0.000000 0.000000 0.000000 0.000000 0.000000 0.000000 0.000000 0.000000 0.000000 0.000000 0.000000 0.000000 0.000000 0.000000 0.000000 0.000000 0.000000 0.000000 5.560144 -16.133187 5.202465 22.723999 -49.281893 22.109537 9.589881 9.358144 31.714210 0.443621 -0.185590 1.747562 0.000000 0.000000 0.000000 0.000000 0.000000 0.000000 0.000000 0.000000 0.000000 0.000000 0.000000 0.000000 0.000000 0.000000 0.000000 0.000000 0.000000 0.000000 0.000000 0.000000 0.000000 0.000000 0.000000 0.000000 0.000000 0.000000 0.000000 0.000000 0.000000 0.000000 0.000000 0.000000 0.000000 0.000000 0.000000 0.000000 0.000000 0.000000 0.000000 0.000000 0.000000 0.000000
-0.006706 -0.078137 1.372822 -9.223061 0.002994 2.175986 -11.422817 -1.049425 -0.620987 34.756913 3.366285 -6.948188 -11.806011 1.009177 10.744879 0.181509 -6.925795 -0.737040 -16.142086 0.381725 0.621957 42.033261 -3.575938 -0.133857 -10.350180 -0.453472 -6.260678 1.219149 -2.953533 -0.491573 15.208820 -0.037401 2.135436 6.113457 -4.342888 -3.074949 -7.421371 1.332194 0.816335 7.741067 3.343018 6.825224 8.981710 -0.165779 8.976262 9.288318 23.245768 -5.036636 9.963716 44.334105 -16.785941 14.081467 -4.949520 -24.786544 3.793198 -8.807913 -3.067570 0.000000 0.000000 0.000000 0.000000 0.000000 0.000000 0.000000 0.000000 0.000000 0.000000 0.000000 0.000000 0.000000 0.000000 0.000000 0.000000 0.000000 0.000000 0.000000 0.000000 0.000000 0.000000 0.000000 0.000000 0.000000 0.000000 0.000000 0.000000 0.000000 0.000000 0.000000 0.000000 0.000000 0.000000 0.000000 0.000000 0.000000 0.000000 0.000000 0.000000 0.000000 0.000000 5.132502 -16.495876 5.417305 22.126751 -48.732043 22.182632 9.203788 9.651015 31.586569 0.435362 0.066794 1.762711 0.000000 0.000000 0.000000 0.000000 0.000000 0.000000 0.000000 0.000000 0.000000 0.000000 0.000000 0.000000 0.000000 0.000000 0.000000 0.000000 0.000000 0.000000 0.000000 0.000000 0.000000 0.000000 0.000000 0.000000 0.000000 0.000000 0.000000 0.000000 0.000000 0.000000 0.000000 0.000000 0.000000 0.000000 0.000000 0.000000 0.000000 0.000000 0.000000 0.000000 0.000000 0.000000
-0.006948 -0.081600 1.362557 -9.180084 -0.044194 2.258672 -13.873504 -1.314583 -0.859071 38.648859 3.977194 -6.909166 -13.291316 0.401964 10.625625 -0.101645 -7.431653 -0.898852 -18.585237 0.650939 0.897709 45.657986 -4.213003 0.046644 -12.383810 0.491636 -6.371015 1.341898 -3.152037 -0.453212 16.388471 -0.020484 2.168032 5.805279 -4.396939 -3.196440 -7.226826 1.422347 0.861518 7.137922 3.301934 7.564872 9.090298 0.097750 8.934563 8.902474 23.098341 -5.640287 9.561195 44.041213 -17.296476 13.657872 -5.225400 -24.857960 3.637834 -9.078637 -2.864578 0.000000 0.000000 0.000000 0.000000 0.000000 0.000000 0.000000 0.000000 0.000000 0.000000 0.000000 0.000000 0.000000 0.000000 0.000000 0.000000 0.000000 0.000000 0.000000 0.000000 0.000000 0.000000 0.000000 0.000000 0.000000 0.000000 0.000000 0.000000 0.000000 0.000000 0.000000 0.000000 0.000000 0.000000 0.000000 0.000000 0.000000 0.000000 0.000000 0.000000 0.000000 0.000000 4.792045 -16.935231 5.684236 21.483313 -48.195839 22.186991 8.534758 10.020953 31.584704 0.604401 0.157594 1.749791 0.000000 0.000000 0.000000 0.000000 0.000000 0.000000 0.000000 0.000000 0.000000 0.000000 0.000000 0.000000 0.000000 0.000000 0.000000 0.000000 0.000000 0.000000 0.000000 0.000000 0.000000 0.000000 0.000000 0.000000 0.000000 0.000000 0.000000 0.000000 0.000000 0.000000 0.000000 0.000000 0.000000 0.000000 0.000000 0.000000 0.000000 0.000000 0.000000 0.000000 0.000000 0.000000
-0.004418 -0.090292 1.351130 -9.111374 -0.094786 2.410227 -16.991350 -1.659619 -1.221347 43.078641 4.593037 -6.904371 -14.465158 0.103801 10.612517 -0.417979 -7.927512 -1.103235 -21.606956 0.875071 1.265521 49.762145 -4.942828 0.186641 -14.162068 1.226007 -6.510016 1.441746 -3.316157 -0.361652 17.713414 -0.044304 2.164987 5.424591 -4.457719 -3.359286 -7.001063 1.531575 0.932833 6.326936 3.272757 8.280197 9.154919 0.341988 8.849726 8.424547 22.832385 -6.359365 9.088946 43.587990 -17.783345 13.084622 -5.483868 -25.221045 3.481893 -9.337072 -2.795145 0.000000 0.000000 0.000000 0.000000 0.000000 0.000000 0.000000 0.000000 0.000000 0.000000 0.000000 0.000000 0.000000 0.000000 0.000000 0.000000 0.000000 0.000000 0.000000 0.000000 0.000000 0.000000 0.000000 0.000000 0.000000 0.000000 0.000000 0.000000 0.000000 0.000000 0.000000 0.000000 0.000000 0.000000 0.000000 0.000000 0.000000 0.000000 0.000000 0.000000 0.000000 0.000000 4.378069 -17.301585 6.083017 20.883795 -47.530396 22.272609 8.028790 10.364229 31.800357 0.900294 0.287218 1.858846 0.000000 0.000000 0.000000 0.000000 0.000000 0.000000 0.000000 0.000000 0.000000 0.000000 0.000000 0.000000 0.000000 0.000000 0.000000 0.000000 0.000000 0.000000 0.000000 0.000000 0.000000 0.000000 0.000000 0.000000 0.000000 0.000000 0.000000 0.000000 0.000000 0.000000 0.000000 0.000000 0.000000 0.000000 0.000000 0.000000 0.000000 0.000000 0.000000 0.000000 0.000000 0.000000
-0.003655 -0.102293 1.338728 -9.086456 -0.082390 2.484835 -20.177347 -1.882581 -1.722094 47.347406 5.224523 -6.844000 -15.502328 -0.226925 10.616072 -0.761968 -8.438506 -1.284939 -24.672130 1.102576 1.681572 53.684085 -5.571661 0.434054 -15.846882 1.894495 -6.676694 1.537030 -3.503199 -0.282532 18.906730 -0.000001 2.180278 5.081668 -4.551056 -3.500948 -6.840487 1.674976 0.965286 5.282477 3.274997 8.840336 8.852093 0.612273 8.714070 8.162992 22.652801 -7.095066 8.481281 43.217871 -18.060579 12.631642 -5.702656 -25.425631 3.461591 -9.596892 -2.613566 0.000000 0.000000 0.000000 0.000000 0.000000 0.000000 0.000000 0.000000 0.000000 0.000000 0.000000 0.000000 0.000000 0.000000 0.000000 0.000000 0.000000 0.000000 0.000000 0.000000 0.000000 0.000000 0.000000 0.000000 0.000000 0.000000 0.000000 0.000000 0.000000 0.000000 0.000000 0.000000 0.000000 0.000000 0.000000 0.000000 0.000000 0.000000 0.000000 0.000000 0.000000 0.000000 4.102662 -17.634984 6.424285 20.293596 -46.898326 22.329996 7.513950 10.613998 31.853716 0.934644 0.418242 1.840118 0.000000 0.000000 0.000000 0.000000 0.000000 0.000000 0.000000 0.000000 0.000000 0.000000 0.000000 0.000000 0.000000 0.000000 0.000000 0.000000 0.000000 0.000000 0.000000 0.000000 0.000000 0.000000 0.000000 0.000000 0.000000 0.000000 0.000000 0.000000 0.000000 0.000000 0.000000 0.000000 0.000000 0.000000 0.000000 0.000000 0.000000 0.000000 0.000000 0.000000 0.000000 0.000000
-0.000328 -0.110160 1.325551 -8.982977 -0.129589 2.843995 -23.215696 -2.256489 -2.183621 51.547292 5.854866 -6.849673 -16.539809 -0.440022 10.361863 -1.047048 -8.802149 -1.427956 -27.481527 1.377222 1.994881 57.439446 -6.352238 0.583756 -17.567413 2.548315 -6.777245 1.597998 -3.663099 -0.218773 20.040641 -0.072537 2.199507 4.845581 -4.647660 -3.675091 -6.746709 1.774083 1.005842 4.450453 3.266862 9.359275 8.718894 0.819773 8.685420 7.909720 22.331722 -7.924692 7.925639 42.841425 -18.465094 12.048081 -5.876557 -25.821744 3.381802 -9.725717 -2.486061 0.000000 0.000000 0.000000 0.000000 0.000000 0.000000 0.000000 0.000000 0.000000 0.000000 0.000000 0.000000 0.000000 0.000000 0.000000 0.000000 0.000000 0.000000 0.000000 0.000000 0.000000 0.000000 0.000000 0.000000 0.000000 0.000000 0.000000 0.000000 0.000000 0.000000 0.000000 0.000000 0.000000 0.000000 0.000000 0.000000 0.000000 0.000000 0.000000 0.000000 0.000000 0.000000 3.986093 -17.776648 6.929573 19.578316 -46.280962 22.271160 7.164568 10.994254 32.473912 1.237749 0.778528 1.787049 0.000000 0.000000 0.000000 0.000000 0.000000 0.000000 0.000000 0.000000 0.000000 0.000000 0.000000 0.000000 0.000000 0.000000 0.000000 0.000000 0.000000 0.000000 0.000000 0.000000 0.000000 0.000000 0.000000 0.000000 0.000000 0.000000 0.000000 0.000000 0.000000 0.000000 0.000000 0.000000 0.000000 0.000000 0.000000 0.000000 0.000000 0.000000 0.000000 0.000000 0.000000 0.000000
0.003494 -0.117723 1.311495 -8.736568 -0.207632 3.122242 -26.443943 -2.503127 -2.761289 55.667173 6.450543 -6.877469 -17.291823 -0.669071 10.163089 -1.250012 -9.091807 -1.591348 -30.531118 1.617861 2.400644 61.206864 -7.069331 0.823515 -18.993146 3.108103 -6.806842 1.673526 -3.773312 -0.168111 21.073562 -0.074042 2.164972 4.609365 -4.810699 -3.838030 -6.832353 1.851365 1.041385 3.933536 3.383925 9.695532 8.518721 1.041445 8.464409 7.838242 22.067742 -8.771537 7.248582 42.421169 -18.846028 11.468541 -6.021881 -26.078507 3.489913 -9.963009 -2.208010 0.000000 0.000000 0.000000 0.000000 0.000000 0.000000 0.000000 0.000000 0.000000 0.000000 0.000000 0.000000 0.000000 0.000000 0.000000 0.000000 0.000000 0.000000 0.000000 0.000000 0.000000 0.000000 0.000000 0.000000 0.000000 0.000000 0.000000 0.000000 0.000000 0.000000 0.000000 0.000000 0.000000 0.000000 0.000000 0.000000 0.000000 0.000000 0.000000 0.000000 0.000000 0.000000 3.993998 -17.911386 7.430349 18.787740 -45.708323 22.373075 6.655935 11.262863 32.545677 1.285105 0.868449 1.741096 0.000000 0.000000 0.000000 0.000000 0.000000 0.000000 0.000000 0.000000 0.000000 0.000000 0.000000 0.000000 0.000000 0.000000 0.000000 0.000000 0.000000 0.000000 0.000000 0.000000 0.000000 0.000000 0.000000 0.000000 0.000000 0.000000 0.000000 0.000000 0.000000 0.000000 0.000000 0.000000 0.000000 0.000000 0.000000 0.000000 0.000000 0.000000 0.000000 0.000000 0.000000 0.000000
0.005065 -0.123382 1.296755 -8.311136 -0.273446 3.287006 -29.636736 -2.691380 -3.314926 59.482360 7.191366 -6.867501 -18.149591 -0.890253 9.879065 -1.429853 -9.329604 -1.748966 -33.628575 1.864074 2.920577 64.746694 -7.646188 1.071755 -20.325764 3.619339 -6.774176 1.739929 -3.833931 -0.072763 21.882374 -0.083650 2.101881 4.395764 -5.019860 -3.963721 -7.066238 1.945105 1.097646 3.295139 3.515298 10.053369 8.167957 1.333293 8.115748 7.852928 21.795392 -9.516416 6.570386 42.029583 -19.245289 10.870772 -6.201864 -26.221773 3.465358 -10.061809 -1.968486 0.000000 0.000000 0.000000 0.000000 0.000000 0.000000 0.000000 0.000000 0.000000 0.000000 0.000000 0.000000 0.000000 0.000000 0.000000 0.000000 0.000000 0.000000 0.000000 0.000000 0.000000 0.000000 0.000000 0.000000 0.000000 0.000000 0.000000 0.000000 0.000000 0.000000 0.000000 0.000000 0.000000 0.000000 0.000000 0.000000 0.000000 0.000000 0.000000 0.000000 0.000000 0.000000 4.113250 -17.976039 7.877128 18.112856 -45.142540 22.569707 6.192429 11.536772 32.771182 1.012910 1.027683 1.691918 0.000000 0.000000 0.000000 0.000000 0.000000 0.000000 0.000000 0.000000 0.000000 0.000000 0.000000 0.000000 0.000000 0.000000 0.000000 0.000000 0.000000 0.000000 0.000000 0.000000 0.000000 0.000000 0.000000 0.000000 0.000000 0.000000 0.000000 0.000000 0.000000 0.000000 0.000000 0.000000 0.000000 0.000000 0.000000 0.000000 0.000000 0.000000 0.000000 0.000000 0.000000 0.000000
0.006170 -0.129409 1.281539 -8.027437 -0.263106 3.473545 -32.756812 -2.930485 -3.903766 63.411232 7.872362 -6.993182 -18.806797 -1.075451 9.631668 -1.616613 -9.537754 -1.911341 -36.687408 2.233914 3.361624 68.465953 -8.474201 1.268293 -21.316494 3.947636 -6.581905 1.804321 -3.903562 0.025489 22.834380 -0.021127 2.060991 4.188740 -5.269322 -4.063078 -7.368521 2.021956 1.176011 2.733034 3.510938 10.457002 7.853477 1.480155 7.824289 7.864223 21.519094 -10.250657 5.862903 41.546647 -19.545964 10.411111 -6.405173 -26.558742 3.404466 -10.228433 -1.722199 0.000000 0.000000 0.000000 0.000000 0.000000 0.000000 0.000000 0.000000 0.000000 0.000000 0.000000 0.000000 0.000000 0.000000 0.000000 0.000000 0.000000 0.000000 0.000000 0.000000 0.000000 0.000000 0.000000 0.000000 0.000000 0.000000 0.000000 0.000000 0.000000 0.000000 0.000000 0.000000 0.000000 0.000000 0.000000 0.000000 0.000000 0.000000 0.000000 0.000000 0.000000 0.000000 4.238010 -18.041089 8.331795 17.360094 -44.691010 22.777583 5.647118 11.768811 32.908913 0.719313 1.286902 1.642934 0.000000 0.000000 0.000000 0.000000 0.000000 0.000000 0.000000 0.000000 0.000000 0.000000 0.000000 0.000000 0.000000 0.000000 0.000000 0.000000 0.000000 0.000000 0.000000 0.000000 0.000000 0.000000 0.000000 0.000000 0.000000 0.000000 0.000000 0.000000 0.000000 0.000000 0.000000 0.000000 0.000000 0.000000 0.000000 0.000000 0.000000 0.000000 0.000000 0.000000 0.000000 0.000000
0.007581 -0.136363 1.265704 -7.739645 -0.238679 3.648482 -35.983318 -3.112891 -4.602750 67.296349 8.481207 -7.191703 -19.245621 -1.272563 9.362463 -1.789806 -9.690833 -2.001851 -39.748536 2.491011 3.880572 71.986858 -9.267775 1.500112 -22.319231 4.364300 -6.447101 1.863201 -4.074823 0.077562 23.624960 -0.020955 1.982674 3.879235 -5.440370 -4.121220 -7.522011 2.115625 1.232257 2.251310 3.481105 10.680479 7.597612 1.644794 7.329149 7.782059 21.256962 -10.991807 5.361049 41.078063 -19.965535 9.948968 -6.657238 -26.835673 3.343359 -10.320725 -1.623208 0.000000 0.000000 0.000000 0.000000 0.000000 0.000000 0.000000 0.000000 0.000000 0.000000 0.000000 0.000000 0.000000 0.000000 0.000000 0.000000 0.000000 0.000000 0.000000 0.000000 0.000000 0.000000 0.000000 0.000000 0.000000 0.000000 0.000000 0.000000 0.000000 0.000000 0.000000 0.000000 0.000000 0.000000 0.000000 0.000000 0.000000 0.000000 0.000000 0.000000 0.000000 0.000000 4.279471 -18.172480 8.803611 16.647972 -44.163165 22.869719 5.074791 12.018249 33.150984 0.343154 1.458684 1.665950 0.000000 0.000000 0.000000 0.000000 0.000000 0.000000 0.000000 0.000000 0.000000 0.000000 0.000000 0.000000 0.000000 0.000000 0.000000 0.000000 0.000000 0.000000 0.000000 0.000000 0.000000 0.000000 0.000000 0.000000 0.000000 0.000000 0.000000 0.000000 0.000000 0.000000 0.000000 0.000000 0.000000 0.000000 0.000000 0.000000 0.000000 0.000000 0.000000 0.000000 0.000000 0.000000
0.010079 -0.140126 1.249337 -7.379733 -0.292839 3.770179 -38.900400 -3.324211 -5.231856 70.884177 9.101938 -7.401436 -20.108832 -1.553533 8.952023 -2.003033 -9.894224 -2.101873 -42.575660 2.756067 4.373409 75.317632 -9.966584 1.788608 -23.659441 4.923627 -6.147842 1.921960 -4.325638 0.093810 24.473129 -0.067878 1.903572 3.609817 -5.560902 -4.173643 -7.632332 2.180397 1.307436 1.668865 3.557854 10.933975 7.235362 1.799037 7.043604 7.680698 21.033788 -11.712544 4.777707 40.679156 -20.206543 9.150196 -6.963225 -27.271374 3.269776 -10.446226 -1.543170 0.000000 0.000000 0.000000 0.000000 0.000000 0.000000 0.000000 0.000000 0.000000 0.000000 0.000000 0.000000 0.000000 0.000000 0.000000 0.000000 0.000000 0.000000 0.000000 0.000000 0.000000 0.000000 0.000000 0.000000 0.000000 0.000000 0.000000 0.000000 0.000000 0.000000 0.000000 0.000000 0.000000 0.000000 0.000000 0.000000 0.000000 0.000000 0.000000 0.000000 0.000000 0.000000 4.295059 -18.201191 9.315772 16.008192 -43.699384 22.954427 4.415165 12.284016 33.559755 0.148929 1.660105 1.675096 0.000000 0.000000 0.000000 0.000000 0.000000 0.000000 0.000000 0.000000 0.000000 0.000000 0.000000 0.000000 0.000000 0.000000 0.000000 0.000000 0.000000 0.000000 0.000000 0.000000 0.000000 0.000000 0.000000 0.000000 0.000000 0.000000 0.000000 0.000000 0.000000 0.000000 0.000000 0.000000 0.000000 0.000000 0.000000 0.000000 0.000000 0.000000 0.000000 0.000000 0.000000 0.000000
0.011722 -0.144427 1.232423 -7.128979 -0.301846 3.938120 -41.815241 -3.442936 -5.890177 74.581767 9.617263 -7.685987 -20.789400 -1.852869 8.680440 -2.062730 -9.852821 -2.209536 -45.390800 3.012810 4.845625 78.773708 -10.649298 2.031857 -24.751864 5.318998 -5.892008 1.944887 -4.335407 0.163666 25.297399 0.033820 1.827159 3.583214 -5.812877 -4.204970 -8.094244 2.261706 1.368013 1.606110 3.644753 10.990838 6.831582 1.805541 6.715557 7.914117 20.851784 -12.547628 4.025960 40.170369 -20.530305 8.367705 -7.170052 -27.613142 3.150641 -10.781669 -1.381783 0.000000 0.000000 0.000000 0.000000 0.000000 0.000000 0.000000 0.000000 0.000000 0.000000 0.000000 0.000000 0.000000 0.000000 0.000000 0.000000 0.000000 0.000000 0.000000 0.000000 0.000000 0.000000 0.000000 0.000000 0.000000 0.000000 0.000000 0.000000 0.000000 0.000000 0.000000 0.000000 0.000000 0.000000 0.000000 0.000000 0.000000 0.000000 0.000000 0.000000 0.000000 0.000000 4.646547 -18.201135 9.912668 15.109488 -43.296235 23.027320 3.746059 12.464064 33.635480 -0.293407 1.871720 1.710614 0.000000 0.000000 0.000000 0.000000 0.000000 0.000000 0.000000 0.000000 0.000000 0.000000 0.000000 0.000000 0.000000 0.000000 0.000000 0.000000 0.000000 0.000000 0.000000 0.000000 0.000000 0.000000 0.000000 0.000000 0.000000 0.000000 0.000000 0.000000 0.000000 0.000000 0.000000 0.000000 0.000000 0.000000 0.000000 0.000000 0.000000 0.000000 0.000000 0.000000 0.000000 0.000000
0.012354 -0.149765 1.215115 -6.902195 -0.261040 3.999031 -44.745328 -3.632472 -6.521917 78.183788 10.151488 -8.068224 -21.468941 -2.092080 8.402134 -2.180163 -9.895174 -2.336270 -48.345291 3.238732 5.345401 82.260664 -11.250449 2.441559 -25.564585 5.563236 -5.633246 1.948724 -4.481874 0.235173 25.989354 0.076767 1.681634 3.487477 -5.990606 -4.198700 -8.366372 2.363194 1.422324 1.316771 3.677960 11.129521 6.447707 1.915913 6.252566 7.931582 20.551361 -13.331389 3.423946 39.745172 -20.956227 7.572682 -7.389292 -27.756958 2.937121 -10.975836 -1.157930 0.000000 0.000000 0.000000 0.000000 0.000000 0.000000 0.000000 0.000000 0.000000 0.000000 0.000000 0.000000 0.000000 0.000000 0.000000 0.000000 0.000000 0.000000 0.000000 0.000000 0.000000 0.000000 0.000000 0.000000 0.000000 0.000000 0.000000 0.000000 0.000000 0.000000 0.000000 0.000000 0.000000 0.000000 0.000000 0.000000 0.000000 0.000000 0.000000 0.000000 0.000000 0.000000 4.806503 -18.133653 10.424980 14.524260 -42.924153 23.329676 3.070133 12.687122 33.886900 -0.765861 2.045958 1.646106 0.000000 0.000000 0.000000 0.000000 0.000000 0.000000 0.000000 0.000000 0.000000 0.000000 0.000000 0.000000 0.000000 0.000000 0.000000 0.000000 0.000000 0.000000 0.000000 0.000000 0.000000 0.000000 0.000000 0.000000 0.000000 0.000000 0.000000 0.000000 0.000000 0.000000 0.000000 0.000000 0.000000 0.000000 0.000000 0.000000 0.000000 0.000000 0.000000 0.000000 0.000000 0.000000
0.013677 -0.155728 1.197727 -6.780004 -0.222116 4.039443 -47.526801 -3.930527 -7.126265 81.644311 10.628812 -8.581942 -22.137942 -2.381834 8.015252 -2.316941 -9.892322 -2.384505 -51.110088 3.431155 5.825040 85.572463 -11.876743 2.847552 -26.461926 5.880416 -5.339151 1.985668 -4.693136 0.251259 26.555436 0.045763 1.566330 3.225345 -6.105867 -4.200961 -8.380033 2.466323 1.462384 0.955849 3.523967 11.312153 6.046176 2.053786 5.758514 7.680707 20.196529 -14.014843 2.843747 39.438394 -21.302197 6.623276 -7.658152 -27.802503 2.786879 -11.089906 -0.916304 0.000000 0.000000 0.000000 0.000000 0.000000 0.000000 0.000000 0.000000 0.000000 0.000000 0.000000 0.000000 0.000000 0.000000 0.000000 0.000000 0.000000 0.000000 0.000000 0.000000 0.000000 0.000000 0.000000 0.000000 0.000000 0.000000 0.000000 0.000000 0.000000 0.000000 0.000000 0.000000 0.000000 0.000000 0.000000 0.000000 0.000000 0.000000 0.000000 0.000000 0.000000 0.000000 4.760937 -18.124850 10.973967 14.035451 -42.546537 23.636450 2.608211 12.793015 34.040743 -0.965973 2.303425 1.532585 0.000000 0.000000 0.000000 0.000000 0.000000 0.000000 0.000000 0.000000 0.000000 0.000000 0.000000 0.000000 0.000000 0.000000 0.000000 0.000000 0.000000 0.000000 0.000000 0.000000 0.000000 0.000000 0.000000 0.000000 0.000000 0.000000 0.000000 0.000000 0.000000 0.000000 0.000000 0.000000 0.000000 0.000000 0.000000 0.000000 0.000000 0.000000 0.000000 0.000000 0.000000 0.000000
0.014959 -0.162656 1.180716 -6.834369 -0.201410 3.998183 -49.949766 -4.093328 -7.689498 84.803812 10.942092 -9.018196 -23.000836 -2.734259 7.784552 -2.366059 -9.852314 -2.427366 -53.592086 3.678680 6.205866 88.698855 -12.430815 3.209521 -27.399179 6.149128 -4.967741 2.001664 -4.819710 0.268356 27.175485 0.071066 1.437026 2.966668 -6.200842 -4.173396 -8.442781 2.577134 1.487946 0.688546 3.513599 11.564385 5.641883 2.195702 5.407151 7.559765 19.910421 -14.792949 2.276090 39.018379 -21.513421 5.896074 -7.822689 -27.898311 2.526822 -11.400982 -0.821172 0.000000 0.000000 0.000000 0.000000 0.000000 0.000000 0.000000 0.000000 0.000000 0.000000 0.000000 0.000000 0.000000 0.000000 0.000000 0.000000 0.000000 0.000000 0.000000 0.000000 0.000000 0.000000 0.000000 0.000000 0.000000 0.000000 0.000000 0.000000 0.000000 0.000000 0.000000 0.000000 0.000000 0.000000 0.000000 0.000000 0.000000 0.000000 0.000000 0.000000 0.000000 0.000000 4.823367 -18.157681 11.597630 13.501977 -42.071690 23.781305 2.219079 12.690179 33.993518 -1.258882 2.506794 1.523391 0.000000 0.000000 0.000000 0.000000 0.000000 0.000000 0.000000 0.000000 0.000000 0.000000 0.000000 0.000000 0.000000 0.000000 0.000000 0.000000 0.000000 0.000000 0.000000 0.000000 0.000000 0.000000 0.000000 0.000000 0.000000 0.000000 0.000000 0.000000 0.000000 0.000000 0.000000 0.000000 0.000000 0.000000 0.000000 0.000000 0.000000 0.000000 0.000000 0.000000 0.000000 0.000000
0.016646 -0.170494 1.164161 -7.046190 -0.232624 4.027900 -52.284477 -4.245287 -8.227642 87.958031 11.221062 -9.513437 -23.513038 -2.911554 7.510835 -2.412840 -9.777905 -2.488462 -56.032746 3.895172 6.605252 91.928110 -12.851245 3.564625 -27.874157 6.187648 -4.713702 2.005506 -4.938675 0.287735 27.921366 0.153078 1.326276 2.856195 -6.390085 -4.159127 -8.757468 2.676836 1.532313 0.442142 3.528979 11.593678 5.180450 2.307274 4.984063 7.585125 19.670386 -15.540714 1.664035 38.660537 -21.724825 5.223762 -7.965045 -27.932162 2.160816 -11.443890 -0.601535 0.000000 0.000000 0.000000 0.000000 0.000000 0.000000 0.000000 0.000000 0.000000 0.000000 0.000000 0.000000 0.000000 0.000000 0.000000 0.000000 0.000000 0.000000 0.000000 0.000000 0.000000 0.000000 0.000000 0.000000 0.000000 0.000000 0.000000 0.000000 0.000000 0.000000 0.000000 0.000000 0.000000 0.000000 0.000000 0.000000 0.000000 0.000000 0.000000 0.000000 0.000000 0.000000 4.995165 -18.143105 12.179333 12.878684 -41.791005 23.944153 1.637369 12.756350 33.973160 -1.603323 2.409278 1.420211 0.000000 0.000000 0.000000 0.000000 0.000000 0.000000 0.000000 0.000000 0.000000 0.000000 0.000000 0.000000 0.000000 0.000000 0.000000 0.000000 0.000000 0.000000 0.000000 0.000000 0.000000 0.000000 0.000000 0.000000 0.000000 0.000000 0.000000 0.000000 0.000000 0.000000 0.000000 0.000000 0.000000 0.000000 0.000000 0.000000 0.000000 0.000000 0.000000 0.000000 0.000000 0.000000
0.016463 -0.174210 1.148017 -7.146084 -0.188659 4.038065 -54.385124 -4.312557 -8.774762 90.972137 11.444957 -9.990390 -24.344919 -3.267699 7.312004 -2.359843 -9.572902 -2.523790 -58.183764 4.124466 7.001284 94.981243 -13.197193 3.914237 -28.788582 6.343710 -4.341658 2.026200 -4.991974 0.307286 28.592399 0.322908 1.227436 2.843142 -6.616605 -4.182465 -9.155762 2.790008 1.584734 0.447861 3.554822 11.516569 4.764476 2.378903 4.599010 7.813409 19.351265 -16.346375 0.872736 38.331393 -21.977167 4.572771 -8.021864 -27.557479 1.947434 -11.519475 -0.250016 0.000000 0.000000 0.000000 0.000000 0.000000 0.000000 0.000000 0.000000 0.000000 0.000000 0.000000 0.000000 0.000000 0.000000 0.000000 0.000000 0.000000 0.000000 0.000000 0.000000 0.000000 0.000000 0.000000 0.000000 0.000000 0.000000 0.000000 0.000000 0.000000 0.000000 0.000000 0.000000 0.000000 0.000000 0.000000 0.000000 0.000000 0.000000 0.000000 0.000000 0.000000 0.000000 5.312515 -18.029174 12.818058 12.166710 -41.634910 24.253630 1.047006 12.725762 33.764748 -1.948162 2.412259 1.280828 0.000000 0.000000 0.000000 0.000000 0.000000 0.000000 0.000000 0.000000 0.000000 0.000000 0.000000 0.000000 0.000000 0.000000 0.000000 0.000000 0.000000 0.000000 0.000000 0.000000 0.000000 0.000000 0.000000 0.000000 0.000000 0.000000 0.000000 0.000000 0.000000 0.000000 0.000000 0.000000 0.000000 0.000000 0.000000 0.000000 0.000000 0.000000 0.000000 0.000000 0.000000 0.000000
0.016797 -0.180575 1.132779 -7.378763 -0.175435 3.989736 -56.177608 -4.378712 -9.247457 93.453377 11.614001 -10.379328 -25.466578 -3.740326 7.181661 -2.284307 -9.385143 -2.557579 -60.082164 4.367749 7.393458 97.591206 -13.533053 4.257483 -29.919741 6.563920 -3.984573 2.048391 -4.895861 0.347425 29.285148 0.403824 1.114824 2.862391 -6.824306 -4.144035 -9.603551 2.850520 1.638239 0.218226 3.516866 11.497993 4.270619 2.382207 4.260677 7.919535 19.153074 -16.973762 0.342644 37.941836 -22.213560 3.898158 -8.098134 -27.602593 1.763808 -11.636451 -0.166934 0.000000 0.000000 0.000000 0.000000 0.000000 0.000000 0.000000 0.000000 0.000000 0.000000 0.000000 0.000000 0.000000 0.000000 0.000000 0.000000 0.000000 0.000000 0.000000 0.000000 0.000000 0.000000 0.000000 0.000000 0.000000 0.000000 0.000000 0.000000 0.000000 0.000000 0.000000 0.000000 0.000000 0.000000 0.000000 0.000000 0.000000 0.000000 0.000000 0.000000 0.000000 0.000000 5.576648 -17.902142 13.354551 11.621209 -41.204119 24.500581 0.791704 12.579244 33.927368 -2.343103 2.440475 1.280991 0.000000 0.000000 0.000000 0.000000 0.000000 0.000000 0.000000 0.000000 0.000000 0.000000 0.000000 0.000000 0.000000 0.000000 0.000000 0.000000 0.000000 0.000000 0.000000 0.000000 0.000000 0.000000 0.000000 0.000000 0.000000 0.000000 0.000000 0.000000 0.000000 0.000000 0.000000 0.000000 0.000000 0.000000 0.000000 0.000000 0.000000 0.000000 0.000000 0.000000 0.000000 0.000000
0.018659 -0.186436 1.118111 -7.591824 -0.228934 3.961270 -57.982326 -4.471366 -9.745472 95.837393 11.771467 -10.774535 -26.250652 -4.070736 7.026318 -2.283207 -9.224040 -2.610826 -61.942534 4.597075 7.744162 100.111039 -13.822738 4.555232 -30.963334 6.899306 -3.616235 2.055974 -4.908132 0.377841 30.034173 0.499372 1.003885 2.832063 -7.020749 -4.149835 -10.053726 2.898070 1.657960 0.000451 3.487314 11.537097 3.762455 2.318829 3.939073 8.015611 18.952131 -17.575717 -0.107667 37.607230 -22.386568 3.426412 -8.233001 -27.589158 1.523720 -11.790111 -0.211943 0.000000 0.000000 0.000000 0.000000 0.000000 0.000000 0.000000 0.000000 0.000000 0.000000 0.000000 0.000000 0.000000 0.000000 0.000000 0.000000 0.000000 0.000000 0.000000 0.000000 0.000000 0.000000 0.000000 0.000000 0.000000 0.000000 0.000000 0.000000 0.000000 0.000000 0.000000 0.000000 0.000000 0.000000 0.000000 0.000000 0.000000 0.000000 0.000000 0.000000 0.000000 0.000000 5.769915 -17.759876 13.827928 11.130378 -40.914385 24.636530 0.521216 12.516950 33.959313 -2.690356 2.405686 1.321236 0.000000 0.000000 0.000000 0.000000 0.000000 0.000000 0.000000 0.000000 0.000000 0.000000 0.000000 0.000000 0.000000 0.000000 0.000000 0.000000 0.000000 0.000000 0.000000 0.000000 0.000000 0.000000 0.000000 0.000000 0.000000 0.000000 0.000000 0.000000 0.000000 0.000000 0.000000 0.000000 0.000000 0.000000 0.000000 0.000000 0.000000 0.000000 0.000000 0.000000 0.000000 0.000000
0.019844 -0.191979 1.103983 -7.863840 -0.225434 4.025147 -59.707858 -4.543717 -10.209470 98.182450 11.808032 -11.169393 -26.894125 -4.388881 6.837126 -2.258372 -9.024931 -2.618729 -63.770304 4.886708 8.097500 102.689848 -14.126088 4.918934 -31.614579 7.163879 -3.278606 2.087269 -4.959041 0.382851 30.765523 0.500639 0.938753 2.895827 -7.198608 -4.124335 -10.462515 2.928181 1.709130 -0.079851 3.480509 11.593270 3.300115 2.264093 3.724315 8.087849 18.764037 -18.230771 -0.601131 37.296383 -22.514229 2.860883 -8.321112 -27.552099 1.401059 -11.894551 -0.216073 0.000000 0.000000 0.000000 0.000000 0.000000 0.000000 0.000000 0.000000 0.000000 0.000000 0.000000 0.000000 0.000000 0.000000 0.000000 0.000000 0.000000 0.000000 0.000000 0.000000 0.000000 0.000000 0.000000 0.000000 0.000000 0.000000 0.000000 0.000000 0.000000 0.000000 0.000000 0.000000 0.000000 0.000000 0.000000 0.000000 0.000000 0.000000 0.000000 0.000000 0.000000 0.000000 5.951279 -17.587095 14.378727 10.444283 -40.581674 24.569676 0.208422 12.407496 34.001942 -3.034915 2.419897 1.439978 0.000000 0.000000 0.000000 0.000000 0.000000 0.000000 0.000000 0.000000 0.000000 0.000000 0.000000 0.000000 0.000000 0.000000 0.000000 0.000000 0.000000 0.000000 0.000000 0.000000 0.000000 0.000000 0.000000 0.000000 0.000000 0.000000 0.000000 0.000000 0.000000 0.000000 0.000000 0.000000 0.000000 0.000000 0.000000 0.000000 0.000000 0.000000 0.000000 0.000000 0.000000 0.000000
0.023560 -0.204301 1.091243 -8.744571 -0.341291 3.998141 -61.509345 -4.586658 -10.717941 100.892698 11.644563 -11.585108 -25.858677 -4.136416 6.698776 -2.351097 -8.808744 -2.603123 -65.689301 5.220421 8.416382 105.666890 -14.396469 5.276586 -30.721082 7.191802 -3.028240 2.106239 -5.470306 0.349437 32.129442 0.423204 0.843000 2.694171 -7.282028 -4.044922 -10.571282 2.989215 1.663873 -0.338258 3.554044 11.809483 2.670940 2.239690 3.157575 8.015396 18.495626 -19.120785 -1.175512 36.902048 -22.695730 2.559365 -8.458868 -27.569565 1.173126 -12.189194 -0.334646 0.000000 0.000000 0.000000 0.000000 0.000000 0.000000 0.000000 0.000000 0.000000 0.000000 0.000000 0.000000 0.000000 0.000000 0.000000 0.000000 0.000000 0.000000 0.000000 0.000000 0.000000 0.000000 0.000000 0.000000 0.000000 0.000000 0.000000 0.000000 0.000000 0.000000 0.000000 0.000000 0.000000 0.000000 0.000000 0.000000 0.000000 0.000000 0.000000 0.000000 0.000000 0.000000 5.893382 -17.299047 15.170929 9.724747 -40.366410 24.349963 -0.423299 12.201436 34.041493 -3.632683 2.641686 1.600493 0.000000 0.000000 0.000000 0.000000 0.000000 0.000000 0.000000 0.000000 0.000000 0.000000 0.000000 0.000000 0.000000 0.000000 0.000000 0.000000 0.000000 0.000000 0.000000 0.000000 0.000000 0.000000 0.000000 0.000000 0.000000 0.000000 0.000000 0.000000 0.000000 0.000000 0.000000 0.000000 0.000000 0.000000 0.000000 0.000000 0.000000 0.000000 0.000000 0.000000 0.000000 0.000000
0.025026 -0.211672 1.079264 -9.251838 -0.379527 4.023476 -62.831007 -4.610345 -11.074978 102.848569 11.557088 -11.952767 -26.421173 -4.552445 6.498613 -2.383213 -8.662031 -2.591048 -67.117683 5.530490 8.679335 107.878554 -14.542758 5.590274 -31.433011 7.671313 -2.704328 2.157368 -5.669514 0.329369 32.947321 0.362189 0.796294 2.686381 -7.353406 -4.014245 -10.823413 2.985864 1.687561 -0.415654 3.633682 11.828770 2.313961 2.162275 3.024589 8.014885 18.274773 -19.711108 -1.592497 36.797716 -22.842505 2.149004 -8.577516 -27.491930 0.956825 -12.106991 -0.322858 0.000000 0.000000 0.000000 0.000000 0.000000 0.000000 0.000000 0.000000 0.000000 0.000000 0.000000 0.000000 0.000000 0.000000 0.000000 0.000000 0.000000 0.000000 0.000000 0.000000 0.000000 0.000000 0.000000 0.000000 0.000000 0.000000 0.000000 0.000000 0.000000 0.000000 0.000000 0.000000 0.000000 0.000000 0.000000 0.000000 0.000000 0.000000 0.000000 0.000000 0.000000 0.000000 5.975096 -16.943470 15.693294 9.141984 -40.282571 24.298449 -0.738903 12.155259 33.857832 -3.865149 2.589362 1.712367 0.000000 0.000000 0.000000 0.000000 0.000000 0.000000 0.000000 0.000000 0.000000 0.000000 0.000000 0.000000 0.000000 0.000000 0.000000 0.000000 0.000000 0.000000 0.000000 0.000000 0.000000 0.000000 0.000000 0.000000 0.000000 0.000000 0.000000 0.000000 0.000000 0.000000 0.000000 0.000000 0.000000 0.000000 0.000000 0.000000 0.000000 0.000000 0.000000 0.000000 0.000000 0.000000
0.026581 -0.219404 1.068447 -9.824132 -0.437591 3.907992 -64.082208 -4.728083 -11.368416 104.736203 11.456642 -12.243449 -26.596555 -4.743326 6.297503 -2.475412 -8.483733 -2.564319 -68.487409 5.842315 8.915816 110.003280 -14.615556 5.884409 -31.909099 8.097467 -2.343917 2.175072 -5.951934 0.280643 33.789027 0.297863 0.718449 2.537984 -7.389592 -3.963567 -10.909918 3.038421 1.704154 -0.608664 3.569929 12.027909 2.000799 2.186557 2.877656 7.827617 18.007868 -20.159846 -2.036304 36.588002 -22.883249 1.659789 -8.683442 -27.670325 0.610290 -11.965730 -0.411259 0.000000 0.000000 0.000000 0.000000 0.000000 0.000000 0.000000 0.000000 0.000000 0.000000 0.000000 0.000000 0.000000 0.000000 0.000000 0.000000 0.000000 0.000000 0.000000 0.000000 0.000000 0.000000 0.000000 0.000000 0.000000 0.000000 0.000000 0.000000 0.000000 0.000000 0.000000 0.000000 0.000000 0.000000 0.000000 0.000000 0.000000 0.000000 0.000000 0.000000 0.000000 0.000000 5.922447 -16.708847 16.167996 8.745887 -40.070400 24.397943 -1.086255 12.030016 33.768053 -3.901168 2.481661 1.810514 0.000000 0.000000 0.000000 0.000000 0.000000 0.000000 0.000000 0.000000 0.000000 0.000000 0.000000 0.000000 0.000000 0.000000 0.000000 0.000000 0.000000 0.000000 0.000000 0.000000 0.000000 0.000000 0.000000 0.000000 0.000000 0.000000 0.000000 0.000000 0.000000 0.000000 0.000000 0.000000 0.000000 0.000000 0.000000 0.000000 0.000000 0.000000 0.000000 0.000000 0.000000 0.000000
0.028645 -0.227259 1.058842 -10.466942 -0.522684 3.901946 -65.209187 -4.750019 -11.667373 106.493790 11.309207 -12.520320 -26.498980 -4.819073 6.151636 -2.529655 -8.278425 -2.528317 -69.695168 6.102340 9.142276 112.013663 -14.639102 6.134169 -32.184346 8.488491 -2.084124 2.180866 -6.209824 0.237799 34.628930 0.236375 0.676239 2.515100 -7.430062 -3.907693 -11.076257 3.080234 1.707453 -0.628889 3.625442 12.161286 1.715682 2.203623 2.681612 7.713139 17.735424 -20.670724 -2.407471 36.376022 -22.909425 1.366172 -8.757745 -27.816030 0.463348 -11.923203 -0.562308 0.000000 0.000000 0.000000 0.000000 0.000000 0.000000 0.000000 0.000000 0.000000 0.000000 0.000000 0.000000 0.000000 0.000000 0.000000 0.000000 0.000000 0.000000 0.000000 0.000000 0.000000 0.000000 0.000000 0.000000 0.000000 0.000000 0.000000 0.000000 0.000000 0.000000 0.000000 0.000000 0.000000 0.000000 0.000000 0.000000 0.000000 0.000000 0.000000 0.000000 0.000000 0.000000 5.959521 -16.510331 16.695554 8.257972 -39.860134 24.339116 -1.372807 11.907302 33.522218 -3.954657 2.444125 1.917372 0.000000 0.000000 0.000000 0.000000 0.000000 0.000000 0.000000 0.000000 0.000000 0.000000 0.000000 0.000000 0.000000 0.000000 0.000000 0.000000 0.000000 0.000000 0.000000 0.000000 0.000000 0.000000 0.000000 0.000000 0.000000 0.000000 0.000000 0.000000 0.000000 0.000000 0.000000 0.000000 0.000000 0.000000 0.000000 0.000000 0.000000 0.000000 0.000000 0.000000 0.000000 0.000000
0.030576 -0.235163 1.050446 -11.126768 -0.580164 3.919867 -66.185266 -4.787023 -11.939603 108.026154 11.127106 -12.743918 -26.437921 -4.915783 5.998241 -2.572912 -8.096572 -2.494502 -70.760838 6.323196 9.351510 113.828748 -14.672365 6.367206 -32.417379 8.897709 -1.879504 2.219591 -6.460161 0.202568 35.373679 0.173337 0.628795 2.492443 -7.478175 -3.860745 -11.220583 3.090296 1.726808 -0.694471 3.620576 12.245169 1.482892 2.184502 2.455136 7.640490 17.551685 -21.119722 -2.699530 36.250795 -22.984126 1.106141 -8.927360 -27.878285 0.374952 -11.800212 -0.656580 0.000000 0.000000 0.000000 0.000000 0.000000 0.000000 0.000000 0.000000 0.000000 0.000000 0.000000 0.000000 0.000000 0.000000 0.000000 0.000000 0.000000 0.000000 0.000000 0.000000 0.000000 0.000000 0.000000 0.000000 0.000000 0.000000 0.000000 0.000000 0.000000 0.000000 0.000000 0.000000 0.000000 0.000000 0.000000 0.000000 0.000000 0.000000 0.000000 0.000000 0.000000 0.000000 6.009745 -16.326760 17.142018 7.876653 -39.695488 24.325607 -1.549859 11.883724 33.370498 -4.071570 2.432023 2.019197 0.000000 0.000000 0.000000 0.000000 0.000000 0.000000 0.000000 0.000000 0.000000 0.000000 0.000000 0.000000 0.000000 0.000000 0.000000 0.000000 0.000000 0.000000 0.000000 0.000000 0.000000 0.000000 0.000000 0.000000 0.000000 0.000000 0.000000 0.000000 0.000000 0.000000 0.000000 0.000000 0.000000 0.000000 0.000000 0.000000 0.000000 0.000000 0.000000 0.000000 0.000000 0.000000
0.032118 -0.241834 1.043413 -11.766668 -0.646071 3.948925 -67.039868 -4.740167 -12.191780 109.472629 10.926061 -12.993627 -26.182541 -4.898328 5.909420 -2.603142 -7.845815 -2.453412 -71.703970 6.528786 9.556533 115.562279 -14.610199 6.549972 -32.582218 9.199304 -1.701891 2.231230 -6.646755 0.170210 36.122341 0.166132 0.565551 2.501362 -7.577984 -3.817099 -11.461192 3.121222 1.771006 -0.677499 3.646687 12.368636 1.141046 2.197525 2.340762 7.598141 17.289688 -21.479605 -2.953591 36.115957 -23.080716 0.882553 -8.975416 -27.942577 0.100325 -11.566982 -0.698086 0.000000 0.000000 0.000000 0.000000 0.000000 0.000000 0.000000 0.000000 0.000000 0.000000 0.000000 0.000000 0.000000 0.000000 0.000000 0.000000 0.000000 0.000000 0.000000 0.000000 0.000000 0.000000 0.000000 0.000000 0.000000 0.000000 0.000000 0.000000 0.000000 0.000000 0.000000 0.000000 0.000000 0.000000 0.000000 0.000000 0.000000 0.000000 0.000000 0.000000 0.000000 0.000000 6.092367 -16.136734 17.515266 7.465833 -39.541541 24.361927 -1.879555 11.791210 33.246449 -4.201801 2.339527 2.123721 0.000000 0.000000 0.000000 0.000000 0.000000 0.000000 0.000000 0.000000 0.000000 0.000000 0.000000 0.000000 0.000000 0.000000 0.000000 0.000000 0.000000 0.000000 0.000000 0.000000 0.000000 0.000000 0.000000 0.000000 0.000000 0.000000 0.000000 0.000000 0.000000 0.000000 0.000000 0.000000 0.000000 0.000000 0.000000 0.000000 0.000000 0.000000 0.000000 0.000000 0.000000 0.000000
0.033353 -0.248517 1.037670 -12.350916 -0.721943 3.954269 -67.707202 -4.760340 -12.384112 110.573953 10.831425 -13.185837 -26.199247 -4.988962 5.807161 -2.636910 -7.652875 -2.415203 -72.438677 6.747561 9.739685 116.916909 -14.530048 6.767917 -33.153051 9.625047 -1.582395 2.241766 -6.781126 0.140891 36.739088 0.131009 0.518544 2.416754 -7.604227 -3.779171 -11.544574 3.156111 1.772374 -0.773610 3.628146 12.500104 0.975176 2.233055 2.211512 7.468084 17.107861 -21.695018 -3.121786 36.031761 -23.090795 0.679849 -9.095725 -28.132846 -0.105981 -11.403951 -0.765861 0.000000 0.000000 0.000000 0.000000 0.000000 0.000000 0.000000 0.000000 0.000000 0.000000 0.000000 0.000000 0.000000 0.000000 0.000000 0.000000 0.000000 0.000000 0.000000 0.000000 0.000000 0.000000 0.000000 0.000000 0.000000 0.000000 0.000000 0.000000 0.000000 0.000000 0.000000 0.000000 0.000000 0.000000 0.000000 0.000000 0.000000 0.000000 0.000000 0.000000 0.000000 0.000000 6.047811 -15.994966 17.804908 7.309033 -39.445072 24.460997 -2.046859 11.730173 33.141659 -4.212433 2.261320 2.167626 0.000000 0.000000 0.000000 0.000000 0.000000 0.000000 0.000000 0.000000 0.000000 0.000000 0.000000 0.000000 0.000000 0.000000 0.000000 0.000000 0.000000 0.000000 0.000000 0.000000 0.000000 0.000000 0.000000 0.000000 0.000000 0.000000 0.000000 0.000000 0.000000 0.000000 0.000000 0.000000 0.000000 0.000000 0.000000 0.000000 0.000000 0.000000 0.000000 0.000000 0.000000 0.000000
0.034365 -0.253555 1.032937 -12.842595 -0.771998 4.011410 -68.360552 -4.839802 -12.553654 111.612361 10.734100 -13.344451 -26.088968 -5.008277 5.651821 -2.656900 -7.465558 -2.377925 -73.183573 6.950778 9.900682 118.254910 -14.422891 6.956903 -33.440133 9.957320 -1.470951 2.270606 -6.913608 0.107362 37.231819 0.103990 0.485158 2.407015 -7.644224 -3.755300 -11.665389 3.167368 1.789174 -0.769701 3.581373 12.528808 0.929729 2.209548 2.127686 7.404712 16.917613 -21.920624 -3.254270 36.007496 -23.143327 0.567174 -9.250644 -28.215132 -0.129317 -11.338018 -0.771282 0.000000 0.000000 0.000000 0.000000 0.000000 0.000000 0.000000 0.000000 0.000000 0.000000 0.000000 0.000000 0.000000 0.000000 0.000000 0.000000 0.000000 0.000000 0.000000 0.000000 0.000000 0.000000 0.000000 0.000000 0.000000 0.000000 0.000000 0.000000 0.000000 0.000000 0.000000 0.000000 0.000000 0.000000 0.000000 0.000000 0.000000 0.000000 0.000000 0.000000 0.000000 0.000000 6.049566 -15.820436 18.044139 7.084475 -39.375266 24.552297 -2.208776 11.680003 33.033966 -4.282784 2.195363 2.208769 0.000000 0.000000 0.000000 0.000000 0.000000 0.000000 0.000000 0.000000 0.000000 0.000000 0.000000 0.000000 0.000000 0.000000 0.000000 0.000000 0.000000 0.000000 0.000000 0.000000 0.000000 0.000000 0.000000 0.000000 0.000000 0.000000 0.000000 0.000000 0.000000 0.000000 0.000000 0.000000 0.000000 0.000000 0.000000 0.000000 0.000000 0.000000 0.000000 0.000000 0.000000 0.000000
0.035221 -0.259568 1.029467 -13.433535 -0.827196 3.972607 -68.843140 -4.907681 -12.743442 112.523163 10.676121 -13.554831 -25.784119 -4.998132 5.586907 -2.687628 -7.302468 -2.333990 -73.723435 7.157937 10.061235 119.400913 -14.342451 7.165536 -33.689519 10.322837 -1.335417 2.298695 -7.082460 0.068209 37.769129 0.076198 0.469792 2.375893 -7.666382 -3.736377 -11.764811 3.189699 1.789604 -0.753425 3.593760 12.609798 0.830921 2.240588 1.954161 7.345812 16.762366 -22.108806 -3.371591 35.945734 -23.115323 0.664858 -9.329300 -28.248720 -0.207762 -11.151706 -0.840144 0.000000 0.000000 0.000000 0.000000 0.000000 0.000000 0.000000 0.000000 0.000000 0.000000 0.000000 0.000000 0.000000 0.000000 0.000000 0.000000 0.000000 0.000000 0.000000 0.000000 0.000000 0.000000 0.000000 0.000000 0.000000 0.000000 0.000000 0.000000 0.000000 0.000000 0.000000 0.000000 0.000000 0.000000 0.000000 0.000000 0.000000 0.000000 0.000000 0.000000 0.000000 0.000000 6.047637 -15.679645 18.304690 6.934310 -39.334011 24.605217 -2.294036 11.579736 32.927865 -4.404355 2.155401 2.230807 0.000000 0.000000 0.000000 0.000000 0.000000 0.000000 0.000000 0.000000 0.000000 0.000000 0.000000 0.000000 0.000000 0.000000 0.000000 0.000000 0.000000 0.000000 0.000000 0.000000 0.000000 0.000000 0.000000 0.000000 0.000000 0.000000 0.000000 0.000000 0.000000 0.000000 0.000000 0.000000 0.000000 0.000000 0.000000 0.000000 0.000000 0.000000 0.000000 0.000000 0.000000 0.000000
0.036123 -0.263307 1.026695 -13.854604 -0.878273 3.973769 -69.198698 -4.922335 -12.906184 113.244029 10.594274 -13.689804 -25.786708 -5.107999 5.495242 -2.702313 -7.132027 -2.289076 -74.154023 7.231621 10.202925 120.375715 -14.226978 7.304058 -34.138622 10.684171 -1.249047 2.321171 -7.197214 0.027847 38.105486 0.071895 0.453297 2.452298 -7.719823 -3.705007 -11.898436 3.219874 1.819567 -0.618652 3.605423 12.706874 0.753269 2.241142 1.911222 7.372020 16.683164 -22.265647 -3.506012 35.872610 -23.078115 0.771791 -9.363597 -28.154885 -0.203358 -10.984668 -0.930605 0.000000 0.000000 0.000000 0.000000 0.000000 0.000000 0.000000 0.000000 0.000000 0.000000 0.000000 0.000000 0.000000 0.000000 0.000000 0.000000 0.000000 0.000000 0.000000 0.000000 0.000000 0.000000 0.000000 0.000000 0.000000 0.000000 0.000000 0.000000 0.000000 0.000000 0.000000 0.000000 0.000000 0.000000 0.000000 0.000000 0.000000 0.000000 0.000000 0.000000 0.000000 0.000000 6.096307 -15.578234 18.504518 6.788579 -39.291108 24.633574 -2.326896 11.534990 32.838962 -4.453671 2.120363 2.299135 0.000000 0.000000 0.000000 0.000000 0.000000 0.000000 0.000000 0.000000 0.000000 0.000000 0.000000 0.000000 0.000000 0.000000 0.000000 0.000000 0.000000 0.000000 0.000000 0.000000 0.000000 0.000000 0.000000 0.000000 0.000000 0.000000 0.000000 0.000000 0.000000 0.000000 0.000000 0.000000 0.000000 0.000000 0.000000 0.000000 0.000000 0.000000 0.000000 0.000000 0.000000 0.000000
0.036064 -0.266088 1.024590 -14.143298 -0.863271 3.969827 -69.628520 -4.888157 -13.061910 113.881433 10.503008 -13.820845 -25.707851 -5.158110 5.524271 -2.701648 -6.962361 -2.250513 -74.617448 7.310990 10.341021 121.204912 -14.153767 7.463688 -34.470880 10.953768 -1.200456 2.330985 -7.247445 0.012183 38.419554 0.073022 0.429758 2.457933 -7.761928 -3.687358 -12.044385 3.231628 1.837179 -0.532087 3.565410 12.773789 0.687902 2.205206 1.882166 7.402915 16.597497 -22.358756 -3.579415 35.827352 -23.103168 0.746750 -9.454602 -28.233434 -0.208943 -11.027202 -0.943992 0.000000 0.000000 0.000000 0.000000 0.000000 0.000000 0.000000 0.000000 0.000000 0.000000 0.000000 0.000000 0.000000 0.000000 0.000000 0.000000 0.000000 0.000000 0.000000 0.000000 0.000000 0.000000 0.000000 0.000000 0.000000 0.000000 0.000000 0.000000 0.000000 0.000000 0.000000 0.000000 0.000000 0.000000 0.000000 0.000000 0.000000 0.000000 0.000000 0.000000 0.000000 0.000000 6.151142 -15.491981 18.660726 6.659037 -39.221397 24.706376 -2.347190 11.474712 32.732863 -4.488217 2.199973 2.352518 0.000000 0.000000 0.000000 0.000000 0.000000 0.000000 0.000000 0.000000 0.000000 0.000000 0.000000 0.000000 0.000000 0.000000 0.000000 0.000000 0.000000 0.000000 0.000000 0.000000 0.000000 0.000000 0.000000 0.000000 0.000000 0.000000 0.000000 0.000000 0.000000 0.000000 0.000000 0.000000 0.000000 0.000000 0.000000 0.000000 0.000000 0.000000 0.000000 0.000000 0.000000 0.000000
0.036451 -0.268537 1.023173 -14.423170 -0.890405 3.977996 -69.903141 -4.858653 -13.168678 114.378201 10.423705 -13.925296 -25.747664 -5.246412 5.513812 -2.713577 -6.821258 -2.228747 -74.928983 7.397756 10.428319 121.896722 -14.048077 7.569548 -34.909113 11.222204 -1.130475 2.322952 -7.320968 -0.002918 38.735958 0.082394 0.432647 2.490046 -7.783518 -3.656129 -12.164881 3.236495 1.847106 -0.421129 3.563567 12.773080 0.692983 2.183778 1.842249 7.408812 16.554777 -22.467141 -3.653413 35.787339 -23.075692 0.797183 -9.557719 -28.310963 -0.165384 -10.966589 -1.000098 0.000000 0.000000 0.000000 0.000000 0.000000 0.000000 0.000000 0.000000 0.000000 0.000000 0.000000 0.000000 0.000000 0.000000 0.000000 0.000000 0.000000 0.000000 0.000000 0.000000 0.000000 0.000000 0.000000 0.000000 0.000000 0.000000 0.000000 0.000000 0.000000 0.000000 0.000000 0.000000 0.000000 0.000000 0.000000 0.000000 0.000000 0.000000 0.000000 0.000000 0.000000 0.000000 6.186408 -15.438506 18.813098 6.540696 -39.222362 24.661080 -2.416563 11.528071 32.731036 -4.414076 2.239276 2.392228 0.000000 0.000000 0.000000 0.000000 0.000000 0.000000 0.000000 0.000000 0.000000 0.000000 0.000000 0.000000 0.000000 0.000000 0.000000 0.000000 0.000000 0.000000 0.000000 0.000000 0.000000 0.000000 0.000000 0.000000 0.000000 0.000000 0.000000 0.000000 0.000000 0.000000 0.000000 0.000000 0.000000 0.000000 0.000000 0.000000 0.000000 0.000000 0.000000 0.000000 0.000000 0.000000
0.036434 -0.270439 1.022296 -14.707830 -0.894534 3.978221 -70.096033 -4.833098 -13.258271 114.867218 10.331126 -13.998321 -25.739983 -5.298383 5.490474 -2.743579 -6.714833 -2.202133 -75.145283 7.458541 10.512321 122.552490 -13.935645 7.665543 -35.224728 11.439543 -1.043674 2.332746 -7.427458 -0.034856 39.033892 0.035815 0.413461 2.463126 -7.795527 -3.640046 -12.228461 3.244435 1.854710 -0.421743 3.565319 12.755040 0.638651 2.159324 1.815434 7.396384 16.496849 -22.526948 -3.648644 35.827487 -23.079656 0.830567 -9.662068 -28.330737 -0.214859 -10.986546 -1.013550 0.000000 0.000000 0.000000 0.000000 0.000000 0.000000 0.000000 0.000000 0.000000 0.000000 0.000000 0.000000 0.000000 0.000000 0.000000 0.000000 0.000000 0.000000 0.000000 0.000000 0.000000 0.000000 0.000000 0.000000 0.000000 0.000000 0.000000 0.000000 0.000000 0.000000 0.000000 0.000000 0.000000 0.000000 0.000000 0.000000 0.000000 0.000000 0.000000 0.000000 0.000000 0.000000 6.170535 -15.330925 18.918454 6.532271 -39.257279 24.740681 -2.429573 11.534776 32.642752 -4.318749 2.334568 2.412960 0.000000 0.000000 0.000000 0.000000 0.000000 0.000000 0.000000 0.000000 0.000000 0.000000 0.000000 0.000000 0.000000 0.000000 0.000000 0.000000 0.000000 0.000000 0.000000 0.000000 0.000000 0.000000 0.000000 0.000000 0.000000 0.000000 0.000000 0.000000 0.000000 0.000000 0.000000 0.000000 0.000000 0.000000 0.000000 0.000000 0.000000 0.000000 0.000000 0.000000 0.000000 0.000000
0.036832 -0.271515 1.021717 -14.901637 -0.926294 3.986953 -70.176389 -4.801665 -13.313419 115.180495 10.261494 -14.041949 -25.997935 -5.446206 5.487787 -2.725765 -6.599056 -2.187010 -75.275585 7.488235 10.588488 123.046847 -13.859122 7.707047 -35.698091 11.649646 -1.018149 2.317703 -7.423684 -0.030349 39.265265 0.068204 0.413452 2.500738 -7.834211 -3.629188 -12.353619 3.234439 1.871528 -0.345783 3.556358 12.659709 0.600943 2.070947 1.845164 7.447282 16.484782 -22.598480 -3.672176 35.819419 -23.055311 0.931104 -9.783369 -28.388060 -0.192244 -10.950771 -1.068482 0.000000 0.000000 0.000000 0.000000 0.000000 0.000000 0.000000 0.000000 0.000000 0.000000 0.000000 0.000000 0.000000 0.000000 0.000000 0.000000 0.000000 0.000000 0.000000 0.000000 0.000000 0.000000 0.000000 0.000000 0.000000 0.000000 0.000000 0.000000 0.000000 0.000000 0.000000 0.000000 0.000000 0.000000 0.000000 0.000000 0.000000 0.000000 0.000000 0.000000 0.000000 0.000000 6.237497 -15.280210 19.021587 6.435148 -39.285353 24.714267 -2.454593 11.584710 32.579262 -4.296777 2.390937 2.440275 0.000000 0.000000 0.000000 0.000000 0.000000 0.000000 0.000000 0.000000 0.000000 0.000000 0.000000 0.000000 0.000000 0.000000 0.000000 0.000000 0.000000 0.000000 0.000000 0.000000 0.000000 0.000000 0.000000 0.000000 0.000000 0.000000 0.000000 0.000000 0.000000 0.000000 0.000000 0.000000 0.000000 0.000000 0.000000 0.000000 0.000000 0.000000 0.000000 0.000000 0.000000 0.000000
0.036878 -0.271892 1.021301 -14.997743 -0.923811 4.007913 -70.284461 -4.766092 -13.372618 115.413767 10.202674 -14.078918 -26.295232 -5.625733 5.504561 -2.732409 -6.534297 -2.179608 -75.364929 7.507962 10.628734 123.410247 -13.797885 7.751031 -36.286273 11.857545 -0.961985 2.304301 -7.443953 -0.037550 39.471134 0.074557 0.417602 2.522676 -7.852083 -3.639087 -12.414678 3.219588 1.871021 -0.294131 3.583528 12.677829 0.564584 2.033906 1.923836 7.445000 16.455446 -22.663264 -3.698920 35.793662 -23.001752 1.027289 -9.879980 -28.456730 -0.070879 -11.060588 -1.094630 0.000000 0.000000 0.000000 0.000000 0.000000 0.000000 0.000000 0.000000 0.000000 0.000000 0.000000 0.000000 0.000000 0.000000 0.000000 0.000000 0.000000 0.000000 0.000000 0.000000 0.000000 0.000000 0.000000 0.000000 0.000000 0.000000 0.000000 0.000000 0.000000 0.000000 0.000000 0.000000 0.000000 0.000000 0.000000 0.000000 0.000000 0.000000 0.000000 0.000000 0.000000 0.000000 6.217126 -15.214974 19.094279 6.404240 -39.345538 24.700032 -2.455865 11.625663 32.568828 -4.222179 2.476499 2.475186 0.000000 0.000000 0.000000 0.000000 0.000000 0.000000 0.000000 0.000000 0.000000 0.000000 0.000000 0.000000 0.000000 0.000000 0.000000 0.000000 0.000000 0.000000 0.000000 0.000000 0.000000 0.000000 0.000000 0.000000 0.000000 0.000000 0.000000 0.000000 0.000000 0.000000 0.000000 0.000000 0.000000 0.000000 0.000000 0.000000 0.000000 0.000000 0.000000 0.000000 0.000000 0.000000
0.037011 -0.272672 1.021145 -15.111550 -0.950724 4.013022 -70.366318 -4.719659 -13.408424 115.607880 10.169308 -14.123764 -26.502544 -5.765216 5.521875 -2.743419 -6.481103 -2.173103 -75.455627 7.536852 10.697120 123.724677 -13.737547 7.784104 -36.670747 12.032019 -0.919130 2.309591 -7.479299 -0.042639 39.669325 0.062827 0.422515 2.533526 -7.852713 -3.642706 -12.461229 3.200427 1.877931 -0.353577 3.609783 12.633825 0.485490 1.981469 1.956115 7.432294 16.448487 -22.745848 -3.670008 35.794906 -22.958591 1.069293 -10.000065 -28.535539 -0.074887 -11.043117 -1.149810 0.000000 0.000000 0.000000 0.000000 0.000000 0.000000 0.000000 0.000000 0.000000 0.000000 0.000000 0.000000 0.000000 0.000000 0.000000 0.000000 0.000000 0.000000 0.000000 0.000000 0.000000 0.000000 0.000000 0.000000 0.000000 0.000000 0.000000 0.000000 0.000000 0.000000 0.000000 0.000000 0.000000 0.000000 0.000000 0.000000 0.000000 0.000000 0.000000 0.000000 0.000000 0.000000 6.189209 -15.134681 19.187180 6.418662 -39.381694 24.642918 -2.498869 11.672324 32.662763 -4.180382 2.522668 2.507623 0.000000 0.000000 0.000000 0.000000 0.000000 0.000000 0.000000 0.000000 0.000000 0.000000 0.000000 0.000000 0.000000 0.000000 0.000000 0.000000 0.000000 0.000000 0.000000 0.000000 0.000000 0.000000 0.000000 0.000000 0.000000 0.000000 0.000000 0.000000 0.000000 0.000000 0.000000 0.000000 0.000000 0.000000 0.000000 0.000000 0.000000 0.000000 0.000000 0.000000 0.000000 0.000000
0.037087 -0.272662 1.021083 -15.153203 -0.964689 4.036660 -70.390510 -4.697326 -13.430106 115.711467 10.147154 -14.103410 -26.901685 -5.975415 5.490780 -2.715847 -6.427118 -2.165477 -75.470658 7.559550 10.736732 123.931040 -13.700254 7.786009 -37.186166 12.226119 -0.873631 2.301545 -7.451074 -0.038907 39.766589 0.073917 0.436727 2.558363 -7.860186 -3.642021 -12.514424 3.183640 1.878107 -0.303401 3.634406 12.587044 0.527586 1.955493 1.993980 7.474970 16.456486 -22.800227 -3.655154 35.789749 -22.967514 1.137323 -10.082718 -28.554450 0.034421 -11.099820 -1.152980 0.000000 0.000000 0.000000 0.000000 0.000000 0.000000 0.000000 0.000000 0.000000 0.000000 0.000000 0.000000 0.000000 0.000000 0.000000 0.000000 0.000000 0.000000 0.000000 0.000000 0.000000 0.000000 0.000000 0.000000 0.000000 0.000000 0.000000 0.000000 0.000000 0.000000 0.000000 0.000000 0.000000 0.000000 0.000000 0.000000 0.000000 0.000000 0.000000 0.000000 0.000000 0.000000 6.233954 -15.090663 19.244144 6.370335 -39.401798 24.592939 -2.507206 11.676376 32.653133 -4.219682 2.577945 2.539703 0.000000 0.000000 0.000000 0.000000 0.000000 0.000000 0.000000 0.000000 0.000000 0.000000 0.000000 0.000000 0.000000 0.000000 0.000000 0.000000 0.000000 0.000000 0.000000 0.000000 0.000000 0.000000 0.000000 0.000000 0.000000 0.000000 0.000000 0.000000 0.000000 0.000000 0.000000 0.000000 0.000000 0.000000 0.000000 0.000000 0.000000 0.000000 0.000000 0.000000 0.000000 0.000000
0.036870 -0.272792 1.021156 -15.165826 -0.966589 4.060862 -70.479886 -4.649757 -13.448353 115.804001 10.134322 -14.106350 -27.183365 -6.116652 5.514951 -2.701076 -6.384641 -2.166627 -75.549975 7.577522 10.787639 124.104646 -13.664515 7.795481 -37.521230 12.347672 -0.862498 2.295522 -7.421338 -0.025595 39.869622 0.061600 0.440970 2.541815 -7.847527 -3.649333 -12.542241 3.170706 1.872417 -0.340804 3.623380 12.547984 0.514128 1.937162 1.987516 7.470468 16.426217 -22.862742 -3.593502 35.798624 -23.018508 1.159557 -10.135746 -28.515803 0.072648 -11.179266 -1.133622 0.000000 0.000000 0.000000 0.000000 0.000000 0.000000 0.000000 0.000000 0.000000 0.000000 0.000000 0.000000 0.000000 0.000000 0.000000 0.000000 0.000000 0.000000 0.000000 0.000000 0.000000 0.000000 0.000000 0.000000 0.000000 0.000000 0.000000 0.000000 0.000000 0.000000 0.000000 0.000000 0.000000 0.000000 0.000000 0.000000 0.000000 0.000000 0.000000 0.000000 0.000000 0.000000 6.234741 -15.042323 19.292977 6.367847 -39.411925 24.582416 -2.530379 11.662021 32.626833 -4.274396 2.662393 2.531106 0.000000 0.000000 0.000000 0.000000 0.000000 0.000000 0.000000 0.000000 0.000000 0.000000 0.000000 0.000000 0.000000 0.000000 0.000000 0.000000 0.000000 0.000000 0.000000 0.000000 0.000000 0.000000 0.000000 0.000000 0.000000 0.000000 0.000000 0.000000 0.000000 0.000000 0.000000 0.000000 0.000000 0.000000 0.000000 0.000000 0.000000 0.000000 0.000000 0.000000 0.000000 0.000000
0.036976 -0.272121 1.021319 -15.120998 -0.980224 4.082857 -70.539510 -4.613733 -13.472265 115.861718 10.128035 -14.097568 -27.551741 -6.301157 5.519265 -2.687641 -6.359725 -2.161939 -75.566587 7.566915 10.821740 124.222838 -13.640604 7.814482 -37.992085 12.503333 -0.853543 2.284594 -7.396845 -0.023066 39.915509 0.053055 0.456548 2.537509 -7.835265 -3.663177 -12.543932 3.163309 1.868024 -0.377734 3.605832 12.521918 0.514067 1.933909 2.010216 7.480916 16.438166 -22.914040 -3.546806 35.757407 -23.002579 1.177670 -10.170833 -28.558429 0.112226 -11.245921 -1.110069 0.000000 0.000000 0.000000 0.000000 0.000000 0.000000 0.000000 0.000000 0.000000 0.000000 0.000000 0.000000 0.000000 0.000000 0.000000 0.000000 0.000000 0.000000 0.000000 0.000000 0.000000 0.000000 0.000000 0.000000 0.000000 0.000000 0.000000 0.000000 0.000000 0.000000 0.000000 0.000000 0.000000 0.000000 0.000000 0.000000 0.000000 0.000000 0.000000 0.000000 0.000000 0.000000 6.241697 -15.042315 19.330798 6.370037 -39.415551 24.532755 -2.566540 11.652632 32.677099 -4.353180 2.723450 2.522925 0.000000 0.000000 0.000000 0.000000 0.000000 0.000000 0.000000 0.000000 0.000000 0.000000 0.000000 0.000000 0.000000 0.000000 0.000000 0.000000 0.000000 0.000000 0.000000 0.000000 0.000000 0.000000 0.000000 0.000000 0.000000 0.000000 0.000000 0.000000 0.000000 0.000000 0.000000 0.000000 0.000000 0.000000 0.000000 0.000000 0.000000 0.000000 0.000000 0.000000 0.000000 0.000000
0.037044 -0.271765 1.021756 -15.106353 -0.993638 4.097915 -70.559547 -4.574401 -13.476677 115.890898 10.113288 -14.085758 -27.879703 -6.468791 5.550289 -2.669404 -6.347928 -2.162045 -75.512467 7.559799 10.841841 124.284168 -13.622394 7.811959 -38.445327 12.627871 -0.841942 2.273568 -7.355107 -0.013132 39.980615 0.042759 0.476586 2.535223 -7.835747 -3.684441 -12.541694 3.155496 1.861911 -0.429826 3.593925 12.504228 0.520449 1.946331 2.044976 7.514419 16.448563 -22.982958 -3.544060 35.703217 -22.960079 1.198540 -10.162196 -28.598882 0.176953 -11.349413 -1.071047 0.000000 0.000000 0.000000 0.000000 0.000000 0.000000 0.000000 0.000000 0.000000 0.000000 0.000000 0.000000 0.000000 0.000000 0.000000 0.000000 0.000000 0.000000 0.000000 0.000000 0.000000 0.000000 0.000000 0.000000 0.000000 0.000000 0.000000 0.000000 0.000000 0.000000 0.000000 0.000000 0.000000 0.000000 0.000000 0.000000 0.000000 0.000000 0.000000 0.000000 0.000000 0.000000 6.250516 -15.038917 19.381912 6.345680 -39.429303 24.485296 -2.640031 11.627421 32.696304 -4.418906 2.784665 2.515004 0.000000 0.000000 0.000000 0.000000 0.000000 0.000000 0.000000 0.000000 0.000000 0.000000 0.000000 0.000000 0.000000 0.000000 0.000000 0.000000 0.000000 0.000000 0.000000 0.000000 0.000000 0.000000 0.000000 0.000000 0.000000 0.000000 0.000000 0.000000 0.000000 0.000000 0.000000 0.000000 0.000000 0.000000 0.000000 0.000000 0.000000 0.000000 0.000000 0.000000 0.000000 0.000000
0.036978 -0.271435 1.022401 -15.057799 -1.003464 4.108199 -70.536139 -4.538324 -13.477597 115.812236 10.132193 -14.088420 -28.354001 -6.697256 5.591878 -2.656790 -6.392884 -2.171470 -75.418527 7.523604 10.859065 124.228270 -13.605348 7.787675 -38.958925 12.767262 -0.836558 2.263964 -7.303665 0.003389 39.980255 0.036846 0.499372 2.513642 -7.805856 -3.720813 -12.488417 3.152965 1.844744 -0.501352 3.570734 12.464055 0.561939 1.951127 2.045745 7.526376 16.480959 -23.037923 -3.531346 35.655175 -22.910358 1.177846 -10.161209 -28.671439 0.216312 -11.375015 -1.017890 0.000000 0.000000 0.000000 0.000000 0.000000 0.000000 0.000000 0.000000 0.000000 0.000000 0.000000 0.000000 0.000000 0.000000 0.000000 0.000000 0.000000 0.000000 0.000000 0.000000 0.000000 0.000000 0.000000 0.000000 0.000000 0.000000 0.000000 0.000000 0.000000 0.000000 0.000000 0.000000 0.000000 0.000000 0.000000 0.000000 0.000000 0.000000 0.000000 0.000000 0.000000 0.000000 6.221569 -15.037175 19.423620 6.392890 -39.495474 24.482252 -2.744129 11.620545 32.696396 -4.514823 2.791699 2.477049 0.000000 0.000000 0.000000 0.000000 0.000000 0.000000 0.000000 0.000000 0.000000 0.000000 0.000000 0.000000 0.000000 0.000000 0.000000 0.000000 0.000000 0.000000 0.000000 0.000000 0.000000 0.000000 0.000000 0.000000 0.000000 0.000000 0.000000 0.000000 0.000000 0.000000 0.000000 0.000000 0.000000 0.000000 0.000000 0.000000 0.000000 0.000000 0.000000 0.000000 0.000000 0.000000
0.036993 -0.270800 1.023366 -14.985926 -1.020901 4.094600 -70.489495 -4.534220 -13.458386 115.705739 10.160455 -14.077072 -28.839056 -6.930811 5.615658 -2.656817 -6.453163 -2.171059 -75.282329 7.478331 10.861807 124.120345 -13.592573 7.771252 -39.457597 12.917789 -0.840255 2.260723 -7.289000 0.005485 39.941010 0.030595 0.519249 2.500135 -7.777166 -3.762413 -12.373203 3.159822 1.837037 -0.631457 3.514368 12.452419 0.567752 1.981651 2.004972 7.519586 16.499364 -23.110830 -3.521016 35.561371 -22.863609 1.181590 -10.084655 -28.678682 0.266860 -11.418083 -0.976593 0.000000 0.000000 0.000000 0.000000 0.000000 0.000000 0.000000 0.000000 0.000000 0.000000 0.000000 0.000000 0.000000 0.000000 0.000000 0.000000 0.000000 0.000000 0.000000 0.000000 0.000000 0.000000 0.000000 0.000000 0.000000 0.000000 0.000000 0.000000 0.000000 0.000000 0.000000 0.000000 0.000000 0.000000 0.000000 0.000000 0.000000 0.000000 0.000000 0.000000 0.000000 0.000000 6.174895 -15.075023 19.481823 6.414661 -39.516738 24.479626 -2.881738 11.527199 32.660549 -4.647294 2.811465 2.465098 0.000000 0.000000 0.000000 0.000000 0.000000 0.000000 0.000000 0.000000 0.000000 0.000000 0.000000 0.000000 0.000000 0.000000 0.000000 0.000000 0.000000 0.000000 0.000000 0.000000 0.000000 0.000000 0.000000 0.000000 0.000000 0.000000 0.000000 0.000000 0.000000 0.000000 0.000000 0.000000 0.000000 0.000000 0.000000 0.000000 0.000000 0.000000 0.000000 0.000000 0.000000 0.000000
0.036513 -0.268804 1.024567 -14.736381 -1.002634 4.078806 -70.448989 -4.494129 -13.432788 115.447527 10.207809 -14.028948 -29.589430 -7.276821 5.672299 -2.613261 -6.526452 -2.188992 -75.132325 7.405588 10.864418 123.817935 -13.630298 7.703462 -40.122471 13.055656 -0.859511 2.246147 -7.137501 0.042134 39.731727 0.047018 0.529854 2.517308 -7.767872 -3.810601 -12.319762 3.166963 1.835692 -0.725660 3.470705 12.414340 0.668156 1.999739 2.017355 7.589220 16.565372 -23.156468 -3.484015 35.468500 -22.890156 1.130187 -10.002353 -28.616509 0.344105 -11.432984 -0.931316 0.000000 0.000000 0.000000 0.000000 0.000000 0.000000 0.000000 0.000000 0.000000 0.000000 0.000000 0.000000 0.000000 0.000000 0.000000 0.000000 0.000000 0.000000 0.000000 0.000000 0.000000 0.000000 0.000000 0.000000 0.000000 0.000000 0.000000 0.000000 0.000000 0.000000 0.000000 0.000000 0.000000 0.000000 0.000000 0.000000 0.000000 0.000000 0.000000 0.000000 0.000000 0.000000 6.223902 -15.168548 19.474513 6.435337 -39.478846 24.493755 -2.921240 11.402241 32.619484 -4.838179 2.766534 2.446389 0.000000 0.000000 0.000000 0.000000 0.000000 0.000000 0.000000 0.000000 0.000000 0.000000 0.000000 0.000000 0.000000 0.000000 0.000000 0.000000 0.000000 0.000000 0.000000 0.000000 0.000000 0.000000 0.000000 0.000000 0.000000 0.000000 0.000000 0.000000 0.000000 0.000000 0.000000 0.000000 0.000000 0.000000 0.000000 0.000000 0.000000 0.000000 0.000000 0.000000 0.000000 0.000000
0.036798 -0.266499 1.026467 -14.436501 -1.052270 4.068986 -70.268596 -4.419775 -13.389977 114.989275 10.301454 -13.935932 -30.509949 -7.694559 5.681119 -2.581482 -6.637590 -2.218523 -74.799112 7.331811 10.848612 123.268064 -13.682635 7.561689 -40.949955 13.235664 -0.870782 2.245090 -6.983957 0.084179 39.427639 0.072414 0.528542 2.512248 -7.711736 -3.848961 -12.202401 3.155611 1.816311 -0.849759 3.453244 12.335990 0.727019 1.990926 2.015132 7.640273 16.695335 -23.216185 -3.446215 35.358937 -22.854578 1.026155 -9.919425 -28.615124 0.411013 -11.479390 -0.853036 0.000000 0.000000 0.000000 0.000000 0.000000 0.000000 0.000000 0.000000 0.000000 0.000000 0.000000 0.000000 0.000000 0.000000 0.000000 0.000000 0.000000 0.000000 0.000000 0.000000 0.000000 0.000000 0.000000 0.000000 0.000000 0.000000 0.000000 0.000000 0.000000 0.000000 0.000000 0.000000 0.000000 0.000000 0.000000 0.000000 0.000000 0.000000 0.000000 0.000000 0.000000 0.000000 6.242727 -15.279907 19.473527 6.508882 -39.518954 24.473426 -3.034996 11.325036 32.585738 -5.058227 2.683571 2.438119 0.000000 0.000000 0.000000 0.000000 0.000000 0.000000 0.000000 0.000000 0.000000 0.000000 0.000000 0.000000 0.000000 0.000000 0.000000 0.000000 0.000000 0.000000 0.000000 0.000000 0.000000 0.000000 0.000000 0.000000 0.000000 0.000000 0.000000 0.000000 0.000000 0.000000 0.000000 0.000000 0.000000 0.000000 0.000000 0.000000 0.000000 0.000000 0.000000 0.000000 0.000000 0.000000
0.036360 -0.262622 1.029117 -13.915747 -1.096726 4.098789 -70.001154 -4.347735 -13.264310 114.195645 10.473908 -13.853425 -31.758014 -8.282884 5.645621 -2.575144 -6.851882 -2.269102 -74.324897 7.203267 10.792522 122.296383 -13.705392 7.416576 -41.909650 13.474083 -0.991476 2.247152 -6.800011 0.134998 38.924233 0.101857 0.564189 2.533523 -7.643549 -3.938250 -12.020366 3.137246 1.765633 -0.942056 3.475022 12.347374 0.802488 2.002502 2.055981 7.627820 16.857089 -23.198454 -3.356219 35.258609 -22.869410 0.949121 -9.862364 -28.622400 0.645048 -11.540741 -0.843588 0.000000 0.000000 0.000000 0.000000 0.000000 0.000000 0.000000 0.000000 0.000000 0.000000 0.000000 0.000000 0.000000 0.000000 0.000000 0.000000 0.000000 0.000000 0.000000 0.000000 0.000000 0.000000 0.000000 0.000000 0.000000 0.000000 0.000000 0.000000 0.000000 0.000000 0.000000 0.000000 0.000000 0.000000 0.000000 0.000000 0.000000 0.000000 0.000000 0.000000 0.000000 0.000000 6.149125 -15.367948 19.360311 6.745949 -39.630034 24.419926 -3.116787 11.276953 32.714407 -5.399586 2.423186 2.484760 0.000000 0.000000 0.000000 0.000000 0.000000 0.000000 0.000000 0.000000 0.000000 0.000000 0.000000 0.000000 0.000000 0.000000 0.000000 0.000000 0.000000 0.000000 0.000000 0.000000 0.000000 0.000000 0.000000 0.000000 0.000000 0.000000 0.000000 0.000000 0.000000 0.000000 0.000000 0.000000 0.000000 0.000000 0.000000 0.000000 0.000000 0.000000 0.000000 0.000000 0.000000 0.000000
0.034826 -0.257370 1.033168 -13.356192 -1.087464 4.083153 -69.546963 -4.276222 -13.078774 113.279618 10.627460 -13.730916 -32.851760 -8.769521 5.692962 -2.564234 -7.053127 -2.315621 -73.633051 7.032755 10.685263 121.108701 -13.694498 7.219068 -42.551495 13.512950 -1.154568 2.248579 -6.594272 0.190376 38.408946 0.136525 0.573609 2.521761 -7.555889 -4.023269 -11.855479 3.112092 1.742705 -1.052695 3.489312 12.294964 0.816632 1.996169 2.159425 7.639248 17.019910 -23.081119 -3.188256 35.142346 -22.761206 0.893146 -9.846746 -28.842018 0.766127 -11.621613 -0.830186 0.000000 0.000000 0.000000 0.000000 0.000000 0.000000 0.000000 0.000000 0.000000 0.000000 0.000000 0.000000 0.000000 0.000000 0.000000 0.000000 0.000000 0.000000 0.000000 0.000000 0.000000 0.000000 0.000000 0.000000 0.000000 0.000000 0.000000 0.000000 0.000000 0.000000 0.000000 0.000000 0.000000 0.000000 0.000000 0.000000 0.000000 0.000000 0.000000 0.000000 0.000000 0.000000 6.083149 -15.492658 19.191567 7.010027 -39.774724 24.380744 -3.232912 11.221867 32.905675 -5.665418 2.252529 2.508478 0.000000 0.000000 0.000000 0.000000 0.000000 0.000000 0.000000 0.000000 0.000000 0.000000 0.000000 0.000000 0.000000 0.000000 0.000000 0.000000 0.000000 0.000000 0.000000 0.000000 0.000000 0.000000 0.000000 0.000000 0.000000 0.000000 0.000000 0.000000 0.000000 0.000000 0.000000 0.000000 0.000000 0.000000 0.000000 0.000000 0.000000 0.000000 0.000000 0.000000 0.000000 0.000000
0.032885 -0.250669 1.039101 -12.807860 -1.081449 4.033004 -68.657355 -4.247890 -12.763085 112.075201 10.752803 -13.514961 -33.989653 -9.211798 5.699545 -2.523362 -7.278131 -2.383504 -72.550327 6.916885 10.516160 119.621002 -13.671411 6.964577 -43.044251 13.406174 -1.257709 2.248299 -6.301054 0.281522 37.809548 0.189463 0.601703 2.607720 -7.501073 -4.106945 -11.793654 3.070669 1.742152 -1.094509 3.552167 12.143216 0.956680 1.934957 2.273902 7.786866 17.248967 -22.933213 -2.991665 35.138834 -22.600793 0.924722 -9.816819 -28.939260 1.043980 -11.676412 -0.744855 0.000000 0.000000 0.000000 0.000000 0.000000 0.000000 0.000000 0.000000 0.000000 0.000000 0.000000 0.000000 0.000000 0.000000 0.000000 0.000000 0.000000 0.000000 0.000000 0.000000 0.000000 0.000000 0.000000 0.000000 0.000000 0.000000 0.000000 0.000000 0.000000 0.000000 0.000000 0.000000 0.000000 0.000000 0.000000 0.000000 0.000000 0.000000 0.000000 0.000000 0.000000 0.000000 6.121077 -15.623816 18.984476 7.254118 -39.923718 24.281484 -3.280423 11.119924 32.928987 -5.882766 2.058277 2.515330 0.000000 0.000000 0.000000 0.000000 0.000000 0.000000 0.000000 0.000000 0.000000 0.000000 0.000000 0.000000 0.000000 0.000000 0.000000 0.000000 0.000000 0.000000 0.000000 0.000000 0.000000 0.000000 0.000000 0.000000 0.000000 0.000000 0.000000 0.000000 0.000000 0.000000 0.000000 0.000000 0.000000 0.000000 0.000000 0.000000 0.000000 0.000000 0.000000 0.000000 0.000000 0.000000
0.030405 -0.240704 1.046758 -12.015275 -1.028526 4.028538 -67.568172 -4.137289 -12.450875 110.481799 10.868677 -13.268314 -35.077660 -9.703975 5.771030 -2.456811 -7.515953 -2.434925 -71.211478 6.621785 10.298902 117.680885 -13.632295 6.656583 -43.491304 13.293109 -1.519437 2.243442 -5.949035 0.366373 36.906975 0.264348 0.672522 2.725191 -7.452773 -4.209918 -11.711651 3.031523 1.759120 -1.095290 3.641025 12.010739 1.030270 1.827182 2.519095 8.054412 17.596195 -22.704030 -2.748429 35.180187 -22.412833 1.097940 -9.661809 -28.795409 1.401761 -11.734143 -0.694706 0.000000 0.000000 0.000000 0.000000 0.000000 0.000000 0.000000 0.000000 0.000000 0.000000 0.000000 0.000000 0.000000 0.000000 0.000000 0.000000 0.000000 0.000000 0.000000 0.000000 0.000000 0.000000 0.000000 0.000000 0.000000 0.000000 0.000000 0.000000 0.000000 0.000000 0.000000 0.000000 0.000000 0.000000 0.000000 0.000000 0.000000 0.000000 0.000000 0.000000 0.000000 0.000000 6.203746 -15.806757 18.700938 7.618877 -40.140955 24.149733 -3.148833 11.021560 32.986514 -6.074869 1.886475 2.560116 0.000000 0.000000 0.000000 0.000000 0.000000 0.000000 0.000000 0.000000 0.000000 0.000000 0.000000 0.000000 0.000000 0.000000 0.000000 0.000000 0.000000 0.000000 0.000000 0.000000 0.000000 0.000000 0.000000 0.000000 0.000000 0.000000 0.000000 0.000000 0.000000 0.000000 0.000000 0.000000 0.000000 0.000000 0.000000 0.000000 0.000000 0.000000 0.000000 0.000000 0.000000 0.000000
0.026475 -0.231066 1.056711 -11.364483 -0.964797 3.968388 -66.070673 -4.097352 -11.952266 108.601524 11.008757 -12.912275 -35.913937 -10.021418 5.836364 -2.418959 -7.807861 -2.475979 -69.531300 6.401690 10.000115 115.405680 -13.441103 6.253238 -43.543703 12.984624 -1.760649 2.236946 -5.652212 0.438947 36.001416 0.330437 0.739894 2.818820 -7.340465 -4.307342 -11.543010 2.978895 1.749090 -1.005282 3.685549 11.888004 1.333778 1.832940 2.814166 8.269712 17.872174 -22.363026 -2.429332 35.309727 -22.126758 1.649301 -9.441756 -28.712510 1.858143 -11.594495 -0.629064 0.000000 0.000000 0.000000 0.000000 0.000000 0.000000 0.000000 0.000000 0.000000 0.000000 0.000000 0.000000 0.000000 0.000000 0.000000 0.000000 0.000000 0.000000 0.000000 0.000000 0.000000 0.000000 0.000000 0.000000 0.000000 0.000000 0.000000 0.000000 0.000000 0.000000 0.000000 0.000000 0.000000 0.000000 0.000000 0.000000 0.000000 0.000000 0.000000 0.000000 0.000000 0.000000 6.220742 -16.017735 18.292525 7.996729 -40.411961 23.967628 -2.935855 10.916064 32.920106 -6.144276 1.619745 2.592793 0.000000 0.000000 0.000000 0.000000 0.000000 0.000000 0.000000 0.000000 0.000000 0.000000 0.000000 0.000000 0.000000 0.000000 0.000000 0.000000 0.000000 0.000000 0.000000 0.000000 0.000000 0.000000 0.000000 0.000000 0.000000 0.000000 0.000000 0.000000 0.000000 0.000000 0.000000 0.000000 0.000000 0.000000 0.000000 0.000000 0.000000 0.000000 0.000000 0.000000 0.000000 0.000000
0.024783 -0.221015 1.068724 -10.645419 -0.978405 3.915111 -64.409715 -4.073141 -11.493964 106.302447 11.139921 -12.496961 -36.446765 -10.198655 5.932205 -2.395860 -8.099581 -2.513465 -67.674872 6.080551 9.620096 112.750980 -13.225141 5.836432 -43.595013 12.717121 -2.030280 2.228298 -5.368435 0.506015 34.947847 0.400587 0.803414 2.895216 -7.178880 -4.415698 -11.317780 2.924472 1.721169 -1.084030 3.719640 11.805204 1.466577 1.727502 3.050616 8.394767 18.193055 -21.855869 -1.960936 35.536968 -21.787401 2.048617 -9.362800 -28.698506 2.123616 -11.559919 -0.634728 0.000000 0.000000 0.000000 0.000000 0.000000 0.000000 0.000000 0.000000 0.000000 0.000000 0.000000 0.000000 0.000000 0.000000 0.000000 0.000000 0.000000 0.000000 0.000000 0.000000 0.000000 0.000000 0.000000 0.000000 0.000000 0.000000 0.000000 0.000000 0.000000 0.000000 0.000000 0.000000 0.000000 0.000000 0.000000 0.000000 0.000000 0.000000 0.000000 0.000000 0.000000 0.000000 6.127591 -16.170394 17.864166 8.632811 -40.829972 23.814607 -2.720305 10.797779 32.972853 -6.248012 1.512044 2.645755 0.000000 0.000000 0.000000 0.000000 0.000000 0.000000 0.000000 0.000000 0.000000 0.000000 0.000000 0.000000 0.000000 0.000000 0.000000 0.000000 0.000000 0.000000 0.000000 0.000000 0.000000 0.000000 0.000000 0.000000 0.000000 0.000000 0.000000 0.000000 0.000000 0.000000 0.000000 0.000000 0.000000 0.000000 0.000000 0.000000 0.000000 0.000000 0.000000 0.000000 0.000000 0.000000
0.022134 -0.210704 1.082793 -10.002805 -0.924024 3.947004 -62.361301 -4.130530 -10.918923 103.601816 11.246806 -12.070237 -37.109018 -10.366579 6.018323 -2.331067 -8.374310 -2.549612 -65.457472 5.749696 9.157794 109.743020 -12.935502 5.397678 -43.587939 12.385419 -2.411384 2.219683 -4.954411 0.598962 33.784402 0.528449 0.916771 3.093847 -7.079324 -4.548094 -11.261646 2.847285 1.713387 -1.014022 3.751316 11.571269 1.683897 1.581165 3.355420 8.602056 18.481700 -21.186676 -1.481735 35.811399 -21.512552 2.710342 -9.081032 -28.397422 2.408600 -11.462412 -0.565873 0.000000 0.000000 0.000000 0.000000 0.000000 0.000000 0.000000 0.000000 0.000000 0.000000 0.000000 0.000000 0.000000 0.000000 0.000000 0.000000 0.000000 0.000000 0.000000 0.000000 0.000000 0.000000 0.000000 0.000000 0.000000 0.000000 0.000000 0.000000 0.000000 0.000000 0.000000 0.000000 0.000000 0.000000 0.000000 0.000000 0.000000 0.000000 0.000000 0.000000 0.000000 0.000000 6.156044 -16.320483 17.245115 9.236934 -41.274792 23.721978 -2.298147 10.662107 33.024806 -6.410559 1.313012 2.588376 0.000000 0.000000 0.000000 0.000000 0.000000 0.000000 0.000000 0.000000 0.000000 0.000000 0.000000 0.000000 0.000000 0.000000 0.000000 0.000000 0.000000 0.000000 0.000000 0.000000 0.000000 0.000000 0.000000 0.000000 0.000000 0.000000 0.000000 0.000000 0.000000 0.000000 0.000000 0.000000 0.000000 0.000000 0.000000 0.000000 0.000000 0.000000 0.000000 0.000000 0.000000 0.000000
0.018911 -0.199844 1.098771 -9.539283 -0.875285 3.910001 -59.904696 -4.160517 -10.203146 100.743059 11.218221 -11.602705 -37.517710 -10.438758 6.140821 -2.266904 -8.601778 -2.560739 -62.836495 5.439764 8.650741 106.523497 -12.522512 4.908073 -43.417096 11.949163 -2.742496 2.168817 -4.584510 0.637249 32.616998 0.566451 1.017086 3.171564 -6.907742 -4.645242 -10.998429 2.779449 1.711356 -1.017935 3.758730 11.434880 1.990164 1.586189 3.754302 8.674899 18.703420 -20.455420 -0.793359 36.118044 -21.254989 3.571319 -8.703014 -28.053095 2.789363 -11.258693 -0.570285 0.000000 0.000000 0.000000 0.000000 0.000000 0.000000 0.000000 0.000000 0.000000 0.000000 0.000000 0.000000 0.000000 0.000000 0.000000 0.000000 0.000000 0.000000 0.000000 0.000000 0.000000 0.000000 0.000000 0.000000 0.000000 0.000000 0.000000 0.000000 0.000000 0.000000 0.000000 0.000000 0.000000 0.000000 0.000000 0.000000 0.000000 0.000000 0.000000 0.000000 0.000000 0.000000 6.067428 -16.562867 16.586114 9.966724 -41.646230 23.653154 -1.789536 10.425216 32.768625 -6.280410 1.250005 2.565748 0.000000 0.000000 0.000000 0.000000 0.000000 0.000000 0.000000 0.000000 0.000000 0.000000 0.000000 0.000000 0.000000 0.000000 0.000000 0.000000 0.000000 0.000000 0.000000 0.000000 0.000000 0.000000 0.000000 0.000000 0.000000 0.000000 0.000000 0.000000 0.000000 0.000000 0.000000 0.000000 0.000000 0.000000 0.000000 0.000000 0.000000 0.000000 0.000000 0.000000 0.000000 0.000000
0.016241 -0.188548 1.116031 -9.040860 -0.843121 3.702507 -57.178087 -4.162212 -9.444679 97.381702 11.097524 -11.056775 -38.068950 -10.591358 6.294563 -2.329006 -8.915534 -2.541936 -60.077902 5.028162 8.045031 102.916521 -11.944318 4.316939 -43.233516 11.663212 -2.943871 2.120823 -4.451970 0.644944 31.359945 0.587780 1.101560 3.088409 -6.585451 -4.690088 -10.477484 2.721591 1.656722 -1.249456 3.580208 11.272560 2.312027 1.598869 4.037937 8.536363 18.951497 -19.476846 -0.116214 36.638183 -20.916517 4.206933 -8.440768 -27.689538 2.717676 -10.834728 -0.599724 0.000000 0.000000 0.000000 0.000000 0.000000 0.000000 0.000000 0.000000 0.000000 0.000000 0.000000 0.000000 0.000000 0.000000 0.000000 0.000000 0.000000 0.000000 0.000000 0.000000 0.000000 0.000000 0.000000 0.000000 0.000000 0.000000 0.000000 0.000000 0.000000 0.000000 0.000000 0.000000 0.000000 0.000000 0.000000 0.000000 0.000000 0.000000 0.000000 0.000000 0.000000 0.000000 5.773750 -16.814592 15.792696 10.984598 -42.238921 23.747803 -1.399356 10.339567 32.500049 -6.022108 1.023293 2.374925 0.000000 0.000000 0.000000 0.000000 0.000000 0.000000 0.000000 0.000000 0.000000 0.000000 0.000000 0.000000 0.000000 0.000000 0.000000 0.000000 0.000000 0.000000 0.000000 0.000000 0.000000 0.000000 0.000000 0.000000 0.000000 0.000000 0.000000 0.000000 0.000000 0.000000 0.000000 0.000000 0.000000 0.000000 0.000000 0.000000 0.000000 0.000000 0.000000 0.000000 0.000000 0.000000
0.012321 -0.178117 1.134528 -8.729666 -0.724419 3.608822 -54.186988 -4.266053 -8.533634 93.757279 10.857238 -10.543613 -38.446399 -10.757476 6.304953 -2.312845 -9.054934 -2.493727 -56.958065 4.731313 7.328632 98.999537 -11.315057 3.741149 -42.968354 11.463236 -3.110428 2.043933 -4.290097 0.643588 30.214563 0.564262 1.214136 3.115259 -6.312249 -4.703338 -9.983722 2.621728 1.617311 -1.310200 3.615023 11.269934 2.614490 1.693412 4.562279 8.513817 19.180037 -18.599503 0.563030 37.199433 -20.577885 4.972491 -8.009531 -27.518055 2.817837 -10.478098 -0.667333 0.000000 0.000000 0.000000 0.000000 0.000000 0.000000 0.000000 0.000000 0.000000 0.000000 0.000000 0.000000 0.000000 0.000000 0.000000 0.000000 0.000000 0.000000 0.000000 0.000000 0.000000 0.000000 0.000000 0.000000 0.000000 0.000000 0.000000 0.000000 0.000000 0.000000 0.000000 0.000000 0.000000 0.000000 0.000000 0.000000 0.000000 0.000000 0.000000 0.000000 0.000000 0.000000 5.604754 -17.017091 15.083655 11.747615 -42.620736 23.560995 -1.005825 10.110987 32.513972 -5.650501 0.878788 2.290110 0.000000 0.000000 0.000000 0.000000 0.000000 0.000000 0.000000 0.000000 0.000000 0.000000 0.000000 0.000000 0.000000 0.000000 0.000000 0.000000 0.000000 0.000000 0.000000 0.000000 0.000000 0.000000 0.000000 0.000000 0.000000 0.000000 0.000000 0.000000 0.000000 0.000000 0.000000 0.000000 0.000000 0.000000 0.000000 0.000000 0.000000 0.000000 0.000000 0.000000 0.000000 0.000000
0.011599 -0.168784 1.153893 -8.540417 -0.770764 3.591721 -51.138498 -4.193767 -7.681268 89.941606 10.441623 -10.076013 -38.307652 -10.740739 6.446259 -2.362689 -9.240926 -2.428459 -53.756096 4.394634 6.594997 94.952327 -10.588541 3.147820 -42.481243 11.284940 -3.396605 1.989077 -4.242994 0.603325 29.249963 0.499172 1.343561 3.017020 -5.998734 -4.706704 -9.439216 2.485432 1.550865 -1.631909 3.604048 11.115990 2.800815 1.623265 5.051455 8.400482 19.430145 -17.716935 1.332620 37.784814 -20.275421 5.699174 -7.694359 -27.294562 2.694439 -10.226585 -0.736978 0.000000 0.000000 0.000000 0.000000 0.000000 0.000000 0.000000 0.000000 0.000000 0.000000 0.000000 0.000000 0.000000 0.000000 0.000000 0.000000 0.000000 0.000000 0.000000 0.000000 0.000000 0.000000 0.000000 0.000000 0.000000 0.000000 0.000000 0.000000 0.000000 0.000000 0.000000 0.000000 0.000000 0.000000 0.000000 0.000000 0.000000 0.000000 0.000000 0.000000 0.000000 0.000000 5.220509 -17.083409 14.383343 12.693381 -43.259177 23.442205 -0.737697 10.028730 32.313160 -5.247860 0.669301 2.226856 0.000000 0.000000 0.000000 0.000000 0.000000 0.000000 0.000000 0.000000 0.000000 0.000000 0.000000 0.000000 0.000000 0.000000 0.000000 0.000000 0.000000 0.000000 0.000000 0.000000 0.000000 0.000000 0.000000 0.000000 0.000000 0.000000 0.000000 0.000000 0.000000 0.000000 0.000000 0.000000 0.000000 0.000000 0.000000 0.000000 0.000000 0.000000 0.000000 0.000000 0.000000 0.000000
0.009913 -0.160086 1.173849 -8.462639 -0.785886 3.465169 -47.736627 -4.199617 -6.728416 85.667716 10.069404 -9.669246 -38.437091 -10.915770 6.590498 -2.361053 -9.291684 -2.369675 -50.244213 4.129328 5.834473 90.451569 -9.812556 2.636206 -42.062983 11.138761 -3.582326 1.871268 -4.062960 0.608616 28.235474 0.451003 1.448943 3.070173 -5.705677 -4.690927 -9.105101 2.351737 1.464706 -1.846609 3.579109 10.884296 2.981824 1.584565 5.389587 8.253942 19.645831 -16.587378 2.176054 38.090824 -19.881862 6.552910 -7.270335 -27.444842 2.651376 -9.924819 -1.057143 0.000000 0.000000 0.000000 0.000000 0.000000 0.000000 0.000000 0.000000 0.000000 0.000000 0.000000 0.000000 0.000000 0.000000 0.000000 0.000000 0.000000 0.000000 0.000000 0.000000 0.000000 0.000000 0.000000 0.000000 0.000000 0.000000 0.000000 0.000000 0.000000 0.000000 0.000000 0.000000 0.000000 0.000000 0.000000 0.000000 0.000000 0.000000 0.000000 0.000000 0.000000 0.000000 4.885972 -17.185830 13.488291 13.567354 -43.666371 23.167572 -0.202600 9.691974 32.243493 -5.086130 0.394850 2.191423 0.000000 0.000000 0.000000 0.000000 0.000000 0.000000 0.000000 0.000000 0.000000 0.000000 0.000000 0.000000 0.000000 0.000000 0.000000 0.000000 0.000000 0.000000 0.000000 0.000000 0.000000 0.000000 0.000000 0.000000 0.000000 0.000000 0.000000 0.000000 0.000000 0.000000 0.000000 0.000000 0.000000 0.000000 0.000000 0.000000 0.000000 0.000000 0.000000 0.000000 0.000000 0.000000
0.010674 -0.143628 1.193691 -8.077819 -0.944669 3.419759 -43.534012 -4.040276 -5.699363 80.298891 9.580614 -9.063516 -40.194562 -11.827378 6.396052 -2.176662 -9.155506 -2.277787 -45.965674 3.743138 4.988891 85.022385 -8.796394 2.045632 -43.005334 11.434717 -3.569009 1.744991 -3.676073 0.581569 27.107711 0.481907 1.626081 3.416988 -5.564533 -4.693572 -9.298685 2.139663 1.408190 -1.611663 3.890194 10.476366 3.221259 1.423774 6.065486 8.569098 19.922678 -15.346302 2.982483 38.673449 -19.715581 7.335347 -6.763735 -27.267759 2.465924 -9.734891 -1.376801 0.000000 0.000000 0.000000 0.000000 0.000000 0.000000 0.000000 0.000000 0.000000 0.000000 0.000000 0.000000 0.000000 0.000000 0.000000 0.000000 0.000000 0.000000 0.000000 0.000000 0.000000 0.000000 0.000000 0.000000 0.000000 0.000000 0.000000 0.000000 0.000000 0.000000 0.000000 0.000000 0.000000 0.000000 0.000000 0.000000 0.000000 0.000000 0.000000 0.000000 0.000000 0.000000 4.900541 -16.996545 12.412131 14.392347 -44.115893 22.938070 0.581583 9.301128 32.088127 -5.067831 -0.047670 2.145644 0.000000 0.000000 0.000000 0.000000 0.000000 0.000000 0.000000 0.000000 0.000000 0.000000 0.000000 0.000000 0.000000 0.000000 0.000000 0.000000 0.000000 0.000000 0.000000 0.000000 0.000000 0.000000 0.000000 0.000000 0.000000 0.000000 0.000000 0.000000 0.000000 0.000000 0.000000 0.000000 0.000000 0.000000 0.000000 0.000000 0.000000 0.000000 0.000000 0.000000 0.000000 0.000000
0.007831 -0.128848 1.212960 -7.864842 -0.902945 3.428560 -39.287023 -3.753602 -4.745525 74.731238 8.934989 -8.489264 -41.678011 -12.722614 6.266750 -1.951579 -8.929165 -2.184696 -41.519332 3.272366 4.186987 79.208303 -7.715146 1.260459 -43.036684 11.379320 -3.696450 1.651783 -3.257885 0.563153 26.042725 0.600394 1.758988 3.647838 -5.425235 -4.660825 -9.483923 1.911764 1.292754 -1.631214 4.095126 9.965233 2.951219 1.157488 6.619109 8.973352 20.262819 -14.264489 3.498465 39.388331 -19.266637 8.132658 -6.334437 -26.819939 2.031720 -9.356559 -1.553336 0.000000 0.000000 0.000000 0.000000 0.000000 0.000000 0.000000 0.000000 0.000000 0.000000 0.000000 0.000000 0.000000 0.000000 0.000000 0.000000 0.000000 0.000000 0.000000 0.000000 0.000000 0.000000 0.000000 0.000000 0.000000 0.000000 0.000000 0.000000 0.000000 0.000000 0.000000 0.000000 0.000000 0.000000 0.000000 0.000000 0.000000 0.000000 0.000000 0.000000 0.000000 0.000000 5.078734 -16.828904 11.594125 15.119447 -44.739607 22.697318 1.334215 8.851402 31.523137 -4.739212 -0.130168 2.141658 0.000000 0.000000 0.000000 0.000000 0.000000 0.000000 0.000000 0.000000 0.000000 0.000000 0.000000 0.000000 0.000000 0.000000 0.000000 0.000000 0.000000 0.000000 0.000000 0.000000 0.000000 0.000000 0.000000 0.000000 0.000000 0.000000 0.000000 0.000000 0.000000 0.000000 0.000000 0.000000 0.000000 0.000000 0.000000 0.000000 0.000000 0.000000 0.000000 0.000000 0.000000 0.000000
0.002664 -0.111425 1.231166 -7.448482 -0.744719 3.377327 -35.258338 -3.587958 -3.832284 69.011628 8.419979 -8.273114 -42.562734 -13.457428 6.262694 -1.769042 -8.563351 -2.070706 -37.404173 2.962856 3.441639 73.337053 -6.769751 0.777047 -41.334371 10.583218 -4.112049 1.519147 -2.854452 0.526821 24.501245 0.686909 1.872924 4.030062 -5.298268 -4.562657 -9.718381 1.791635 1.306610 -1.233216 4.309316 9.659734 2.923990 0.877140 7.497836 9.512454 20.629019 -13.265308 4.038523 39.913936 -18.903903 8.399765 -5.602650 -26.478510 1.608130 -9.301717 -1.783660 0.000000 0.000000 0.000000 0.000000 0.000000 0.000000 0.000000 0.000000 0.000000 0.000000 0.000000 0.000000 0.000000 0.000000 0.000000 0.000000 0.000000 0.000000 0.000000 0.000000 0.000000 0.000000 0.000000 0.000000 0.000000 0.000000 0.000000 0.000000 0.000000 0.000000 0.000000 0.000000 0.000000 0.000000 0.000000 0.000000 0.000000 0.000000 0.000000 0.000000 0.000000 0.000000 5.335003 -16.543358 10.748146 15.815403 -45.424771 22.493932 1.848322 8.485043 31.467686 -4.650253 -0.286412 2.120732 0.000000 0.000000 0.000000 0.000000 0.000000 0.000000 0.000000 0.000000 0.000000 0.000000 0.000000 0.000000 0.000000 0.000000 0.000000 0.000000 0.000000 0.000000 0.000000 0.000000 0.000000 0.000000 0.000000 0.000000 0.000000 0.000000 0.000000 0.000000 0.000000 0.000000 0.000000 0.000000 0.000000 0.000000 0.000000 0.000000 0.000000 0.000000 0.000000 0.000000 0.000000 0.000000
-0.001661 -0.098629 1.248600 -7.284392 -0.499412 3.282215 -31.386886 -3.335497 -3.135062 63.281083 7.564627 -8.127738 -42.122103 -13.619916 6.693791 -1.654684 -8.428462 -1.936422 -33.422571 2.564154 2.710499 67.355721 -6.064355 0.406507 -37.740794 9.253126 -4.856239 1.439206 -2.778906 0.414952 22.993979 0.504946 1.909439 3.912387 -4.823323 -4.368567 -9.149114 1.635851 1.238478 -1.544358 4.232160 9.291746 3.003811 0.688069 7.911403 9.316149 20.912166 -12.059538 4.999087 40.634886 -18.449706 8.716604 -5.312412 -26.341030 1.216141 -8.981589 -1.982440 0.000000 0.000000 0.000000 0.000000 0.000000 0.000000 0.000000 0.000000 0.000000 0.000000 0.000000 0.000000 0.000000 0.000000 0.000000 0.000000 0.000000 0.000000 0.000000 0.000000 0.000000 0.000000 0.000000 0.000000 0.000000 0.000000 0.000000 0.000000 0.000000 0.000000 0.000000 0.000000 0.000000 0.000000 0.000000 0.000000 0.000000 0.000000 0.000000 0.000000 0.000000 0.000000 4.985092 -16.211787 9.911418 17.082923 -46.296851 22.512310 2.307284 8.310538 31.229721 -4.698670 -0.437574 2.090676 0.000000 0.000000 0.000000 0.000000 0.000000 0.000000 0.000000 0.000000 0.000000 0.000000 0.000000 0.000000 0.000000 0.000000 0.000000 0.000000 0.000000 0.000000 0.000000 0.000000 0.000000 0.000000 0.000000 0.000000 0.000000 0.000000 0.000000 0.000000 0.000000 0.000000 0.000000 0.000000 0.000000 0.000000 0.000000 0.000000 0.000000 0.000000 0.000000 0.000000 0.000000 0.000000
-0.007083 -0.081968 1.265094 -7.026142 -0.255202 3.060556 -27.143920 -3.009877 -2.459499 56.990531 6.748955 -7.910929 -41.185799 -13.588517 7.248800 -1.483703 -8.296570 -1.734993 -29.345614 1.961519 2.101772 61.208112 -5.119445 0.111297 -33.553546 7.778599 -5.878254 1.364044 -2.748444 0.271002 21.546622 0.235193 1.801484 3.842578 -4.391770 -4.185390 -8.623074 1.409694 1.167840 -1.888906 4.337653 8.841331 2.969007 0.556924 8.216193 9.064973 21.127916 -10.795569 6.097929 41.351382 -17.954767 9.292388 -5.285176 -26.696798 1.255345 -8.974097 -2.707527 0.000000 0.000000 0.000000 0.000000 0.000000 0.000000 0.000000 0.000000 0.000000 0.000000 0.000000 0.000000 0.000000 0.000000 0.000000 0.000000 0.000000 0.000000 0.000000 0.000000 0.000000 0.000000 0.000000 0.000000 0.000000 0.000000 0.000000 0.000000 0.000000 0.000000 0.000000 0.000000 0.000000 0.000000 0.000000 0.000000 0.000000 0.000000 0.000000 0.000000 0.000000 0.000000 4.612037 -15.673079 9.081925 18.417051 -47.145412 22.411411 3.052759 8.014223 31.197233 -4.710101 -0.370974 2.442158 0.000000 0.000000 0.000000 0.000000 0.000000 0.000000 0.000000 0.000000 0.000000 0.000000 0.000000 0.000000 0.000000 0.000000 0.000000 0.000000 0.000000 0.000000 0.000000 0.000000 0.000000 0.000000 0.000000 0.000000 0.000000 0.000000 0.000000 0.000000 0.000000 0.000000 0.000000 0.000000 0.000000 0.000000 0.000000 0.000000 0.000000 0.000000 0.000000 0.000000 0.000000 0.000000
-0.012790 -0.068981 1.280706 -6.989880 -0.019698 2.888924 -23.648819 -2.624308 -1.897396 51.931955 5.858874 -7.590987 -37.959813 -12.356304 8.229904 -1.396294 -8.355737 -1.509830 -26.018622 1.464760 1.633301 56.273239 -4.393252 -0.049311 -28.497114 5.991191 -7.048273 1.332563 -2.913520 0.136873 20.142930 0.061638 1.776007 3.645105 -3.954690 -4.081043 -7.743786 1.262201 0.971175 -2.367045 4.222637 8.393226 3.014423 0.613995 7.993858 8.824073 21.390832 -9.934636 6.804736 42.172029 -17.517791 9.949745 -5.312352 -26.067454 1.490506 -8.900475 -2.876475 0.000000 0.000000 0.000000 0.000000 0.000000 0.000000 0.000000 0.000000 0.000000 0.000000 0.000000 0.000000 0.000000 0.000000 0.000000 0.000000 0.000000 0.000000 0.000000 0.000000 0.000000 0.000000 0.000000 0.000000 0.000000 0.000000 0.000000 0.000000 0.000000 0.000000 0.000000 0.000000 0.000000 0.000000 0.000000 0.000000 0.000000 0.000000 0.000000 0.000000 0.000000 0.000000 4.169796 -15.498183 8.577636 19.536392 -48.028360 22.339206 3.464380 7.942940 30.439314 -4.343924 -0.013694 2.408119 0.000000 0.000000 0.000000 0.000000 0.000000 0.000000 0.000000 0.000000 0.000000 0.000000 0.000000 0.000000 0.000000 0.000000 0.000000 0.000000 0.000000 0.000000 0.000000 0.000000 0.000000 0.000000 0.000000 0.000000 0.000000 0.000000 0.000000 0.000000 0.000000 0.000000 0.000000 0.000000 0.000000 0.000000 0.000000 0.000000 0.000000 0.000000 0.000000 0.000000 0.000000 0.000000
-0.021432 -0.054915 1.295221 -7.018996 0.350557 2.790715 -19.722324 -2.323274 -1.196175 46.333413 4.950080 -7.392196 -34.846592 -10.922304 8.999097 -1.216077 -8.191746 -1.247519 -22.196501 0.962433 1.041694 50.800274 -3.548254 -0.196560 -25.070964 4.715687 -7.781429 1.274149 -2.992584 -0.022072 18.721064 -0.264862 1.720065 3.485313 -3.475859 -3.947196 -6.921179 1.131878 0.836630 -2.308045 4.351619 8.364674 3.178235 0.607484 8.634656 8.657046 21.441097 -9.204432 7.383528 43.076550 -16.958930 10.722928 -5.219624 -25.586845 1.755167 -8.771179 -3.360332 0.000000 0.000000 0.000000 0.000000 0.000000 0.000000 0.000000 0.000000 0.000000 0.000000 0.000000 0.000000 0.000000 0.000000 0.000000 0.000000 0.000000 0.000000 0.000000 0.000000 0.000000 0.000000 0.000000 0.000000 0.000000 0.000000 0.000000 0.000000 0.000000 0.000000 0.000000 0.000000 0.000000 0.000000 0.000000 0.000000 0.000000 0.000000 0.000000 0.000000 0.000000 0.000000 3.798620 -15.033569 8.130675 20.674150 -49.080303 22.439176 4.064473 7.880334 29.941374 -4.097984 -0.084870 2.494512 0.000000 0.000000 0.000000 0.000000 0.000000 0.000000 0.000000 0.000000 0.000000 0.000000 0.000000 0.000000 0.000000 0.000000 0.000000 0.000000 0.000000 0.000000 0.000000 0.000000 0.000000 0.000000 0.000000 0.000000 0.000000 0.000000 0.000000 0.000000 0.000000 0.000000 0.000000 0.000000 0.000000 0.000000 0.000000 0.000000 0.000000 0.000000 0.000000 0.000000 0.000000 0.000000
-0.024726 -0.050137 1.308795 -6.976773 0.735219 2.515258 -16.301833 -2.019550 -0.769490 40.355342 3.755513 -7.214516 -30.527828 -8.980464 10.114377 -1.013318 -7.987661 -0.978071 -18.721155 0.336595 0.450603 44.811785 -2.947789 -0.357566 -22.000464 3.623141 -8.324917 1.213872 -3.172926 -0.235777 17.037509 -0.557478 1.642284 3.159858 -2.932024 -3.743800 -5.937403 1.002100 0.717609 -2.317447 4.439421 8.189699 3.139818 0.439464 9.145561 8.233377 21.343373 -8.250745 8.180101 44.218435 -16.586498 11.244683 -5.225573 -24.936886 2.255656 -8.567601 -3.925681 0.000000 0.000000 0.000000 0.000000 0.000000 0.000000 0.000000 0.000000 0.000000 0.000000 0.000000 0.000000 0.000000 0.000000 0.000000 0.000000 0.000000 0.000000 0.000000 0.000000 0.000000 0.000000 0.000000 0.000000 0.000000 0.000000 0.000000 0.000000 0.000000 0.000000 0.000000 0.000000 0.000000 0.000000 0.000000 0.000000 0.000000 0.000000 0.000000 0.000000 0.000000 0.000000 3.304166 -14.379744 7.551423 22.175186 -50.477508 22.780327 4.477689 7.695368 29.376474 -4.188841 -0.196386 2.705497 0.000000 0.000000 0.000000 0.000000 0.000000 0.000000 0.000000 0.000000 0.000000 0.000000 0.000000 0.000000 0.000000 0.000000 0.000000 0.000000 0.000000 0.000000 0.000000 0.000000 0.000000 0.000000 0.000000 0.000000 0.000000 0.000000 0.000000 0.000000 0.000000 0.000000 0.000000 0.000000 0.000000 0.000000 0.000000 0.000000 0.000000 0.000000 0.000000 0.000000 0.000000 0.000000
-0.028016 -0.046372 1.321255 -7.047652 1.133181 2.085797 -12.700441 -1.683175 -0.310784 34.257510 2.637360 -6.896380 -25.805462 -6.710176 11.116258 -0.684935 -7.735110 -0.640999 -15.179256 -0.216337 0.005760 38.851385 -2.349175 -0.682979 -18.994134 2.615869 -8.768008 1.163123 -3.375892 -0.464570 15.391467 -0.790566 1.500386 2.902127 -2.391029 -3.523430 -5.077615 0.788320 0.669729 -2.426826 4.780311 8.047959 2.512441 0.260950 9.804186 7.877870 21.266008 -7.385513 9.102932 45.365539 -16.159861 11.701857 -5.357524 -24.845031 3.004323 -8.493375 -4.645972 0.000000 0.000000 0.000000 0.000000 0.000000 0.000000 0.000000 0.000000 0.000000 0.000000 0.000000 0.000000 0.000000 0.000000 0.000000 0.000000 0.000000 0.000000 0.000000 0.000000 0.000000 0.000000 0.000000 0.000000 0.000000 0.000000 0.000000 0.000000 0.000000 0.000000 0.000000 0.000000 0.000000 0.000000 0.000000 0.000000 0.000000 0.000000 0.000000 0.000000 0.000000 0.000000 2.993474 -13.643526 7.132980 23.658977 -51.912177 23.032139 5.004111 7.453760 29.338751 -4.174657 -0.131502 3.035237 0.000000 0.000000 0.000000 0.000000 0.000000 0.000000 0.000000 0.000000 0.000000 0.000000 0.000000 0.000000 0.000000 0.000000 0.000000 0.000000 0.000000 0.000000 0.000000 0.000000 0.000000 0.000000 0.000000 0.000000 0.000000 0.000000 0.000000 0.000000 0.000000 0.000000 0.000000 0.000000 0.000000 0.000000 0.000000 0.000000 0.000000 0.000000 0.000000 0.000000 0.000000 0.000000
-0.029758 -0.042616 1.331761 -7.087514 1.309814 1.943535 -9.817930 -1.275067 -0.355807 29.264000 1.826705 -7.120219 -20.942220 -4.545010 11.754175 -0.287196 -7.064510 -0.289323 -12.123540 -0.706260 -0.338216 33.599462 -1.650885 -0.524666 -16.175651 1.431876 -9.248494 1.132998 -3.253829 -0.528569 13.902287 -1.092820 1.488227 2.576823 -2.026381 -3.358510 -4.599934 0.244036 0.436987 -3.019636 5.093729 7.427908 2.007384 -0.474634 10.334312 8.149983 21.274682 -6.599502 9.290804 46.655617 -15.374134 11.676088 -5.181551 -24.524380 2.699692 -7.731808 -4.738395 0.000000 0.000000 0.000000 0.000000 0.000000 0.000000 0.000000 0.000000 0.000000 0.000000 0.000000 0.000000 0.000000 0.000000 0.000000 0.000000 0.000000 0.000000 0.000000 0.000000 0.000000 0.000000 0.000000 0.000000 0.000000 0.000000 0.000000 0.000000 0.000000 0.000000 0.000000 0.000000 0.000000 0.000000 0.000000 0.000000 0.000000 0.000000 0.000000 0.000000 0.000000 0.000000 3.332888 -12.863704 6.933651 24.147566 -52.955147 22.776042 5.400212 7.020149 28.634030 -4.086796 -0.404301 2.547258 0.000000 0.000000 0.000000 0.000000 0.000000 0.000000 0.000000 0.000000 0.000000 0.000000 0.000000 0.000000 0.000000 0.000000 0.000000 0.000000 0.000000 0.000000 0.000000 0.000000 0.000000 0.000000 0.000000 0.000000 0.000000 0.000000 0.000000 0.000000 0.000000 0.000000 0.000000 0.000000 0.000000 0.000000 0.000000 0.000000 0.000000 0.000000 0.000000 0.000000 0.000000 0.000000
-0.031592 -0.040338 1.340609 -7.310183 1.469450 2.166155 -6.569929 -1.108839 0.171779 23.780222 1.175755 -7.083634 -17.579353 -2.559065 11.766585 0.281965 -6.350451 -0.077402 -8.864664 -1.081895 -0.646522 28.214589 -1.010150 -0.528427 -13.886845 0.208373 -9.313109 1.089063 -2.826648 -0.507736 12.836905 -1.256988 1.372379 3.076996 -1.989155 -3.359732 -4.996852 0.091486 0.313915 -2.356037 5.635386 6.000100 1.500476 -0.904692 9.886525 8.885534 21.261788 -6.329537 9.487973 47.466514 -14.785774 11.942731 -5.085725 -24.681631 2.963738 -7.564039 -4.584911 0.000000 0.000000 0.000000 0.000000 0.000000 0.000000 0.000000 0.000000 0.000000 0.000000 0.000000 0.000000 0.000000 0.000000 0.000000 0.000000 0.000000 0.000000 0.000000 0.000000 0.000000 0.000000 0.000000 0.000000 0.000000 0.000000 0.000000 0.000000 0.000000 0.000000 0.000000 0.000000 0.000000 0.000000 0.000000 0.000000 0.000000 0.000000 0.000000 0.000000 0.000000 0.000000 4.114678 -12.316552 6.925796 24.458168 -53.715370 22.950576 5.669820 6.323788 27.599134 -4.637825 -0.878299 2.465240 0.000000 0.000000 0.000000 0.000000 0.000000 0.000000 0.000000 0.000000 0.000000 0.000000 0.000000 0.000000 0.000000 0.000000 0.000000 0.000000 0.000000 0.000000 0.000000 0.000000 0.000000 0.000000 0.000000 0.000000 0.000000 0.000000 0.000000 0.000000 0.000000 0.000000 0.000000 0.000000 0.000000 0.000000 0.000000 0.000000 0.000000 0.000000 0.000000 0.000000 0.000000 0.000000
-0.032880 -0.037638 1.347304 -7.396468 1.491599 2.089056 -3.753213 -0.804185 0.525183 18.859071 0.737430 -6.716501 -14.014752 -0.673280 11.519412 0.724169 -5.767157 0.214027 -6.182609 -1.202959 -0.982620 23.444118 -0.473530 -0.614125 -11.557981 -0.949434 -9.145595 1.076912 -2.726373 -0.652864 11.485583 -1.255430 1.317893 3.301233 -1.724225 -3.235050 -4.791323 -0.137798 0.196148 -1.760372 6.096355 5.043598 1.448211 -1.307437 9.902916 9.195164 21.315343 -5.982338 9.986425 48.350436 -14.583413 11.827533 -5.040721 -24.374286 3.219933 -7.372608 -4.788086 0.000000 0.000000 0.000000 0.000000 0.000000 0.000000 0.000000 0.000000 0.000000 0.000000 0.000000 0.000000 0.000000 0.000000 0.000000 0.000000 0.000000 0.000000 0.000000 0.000000 0.000000 0.000000 0.000000 0.000000 0.000000 0.000000 0.000000 0.000000 0.000000 0.000000 0.000000 0.000000 0.000000 0.000000 0.000000 0.000000 0.000000 0.000000 0.000000 0.000000 0.000000 0.000000 4.428170 -11.728732 7.018875 25.334808 -54.725186 23.275185 5.751899 5.945616 26.932194 -4.616452 -0.872050 2.483248 0.000000 0.000000 0.000000 0.000000 0.000000 0.000000 0.000000 0.000000 0.000000 0.000000 0.000000 0.000000 0.000000 0.000000 0.000000 0.000000 0.000000 0.000000 0.000000 0.000000 0.000000 0.000000 0.000000 0.000000 0.000000 0.000000 0.000000 0.000000 0.000000 0.000000 0.000000 0.000000 0.000000 0.000000 0.000000 0.000000 0.000000 0.000000 0.000000 0.000000 0.000000 0.000000
-0.034499 -0.035590 1.352119 -7.520590 1.568613 2.010253 -1.361634 -0.626592 0.943812 14.730650 0.375987 -6.249260 -11.200521 0.820884 11.172833 1.108903 -5.240704 0.440037 -3.898705 -1.281946 -1.296104 19.411980 -0.135171 -0.717422 -9.676675 -2.013751 -8.928991 1.096094 -2.565764 -0.749948 10.409240 -1.151631 1.289819 3.643447 -1.607682 -3.201563 -4.889006 -0.350765 0.079688 -1.268175 6.476427 4.139059 1.215251 -1.763305 9.771091 9.587391 21.373535 -5.765217 10.447342 49.045917 -14.436528 11.826697 -4.940754 -24.035462 3.427319 -7.446211 -5.033822 0.000000 0.000000 0.000000 0.000000 0.000000 0.000000 0.000000 0.000000 0.000000 0.000000 0.000000 0.000000 0.000000 0.000000 0.000000 0.000000 0.000000 0.000000 0.000000 0.000000 0.000000 0.000000 0.000000 0.000000 0.000000 0.000000 0.000000 0.000000 0.000000 0.000000 0.000000 0.000000 0.000000 0.000000 0.000000 0.000000 0.000000 0.000000 0.000000 0.000000 0.000000 0.000000 4.869277 -11.302410 7.134863 25.986740 -55.403462 23.566275 6.091859 5.626089 26.338714 -4.344821 -0.679143 2.485322 0.000000 0.000000 0.000000 0.000000 0.000000 0.000000 0.000000 0.000000 0.000000 0.000000 0.000000 0.000000 0.000000 0.000000 0.000000 0.000000 0.000000 0.000000 0.000000 0.000000 0.000000 0.000000 0.000000 0.000000 0.000000 0.000000 0.000000 0.000000 0.000000 0.000000 0.000000 0.000000 0.000000 0.000000 0.000000 0.000000 0.000000 0.000000 0.000000 0.000000 0.000000 0.000000
-0.036169 -0.034157 1.355454 -7.673989 1.670098 1.974195 0.610389 -0.496512 1.283274 11.409336 0.090284 -5.979340 -9.113013 1.907527 10.963799 1.418930 -4.812165 0.610212 -2.116948 -1.304163 -1.604285 16.347777 0.041311 -0.744627 -8.218696 -2.834473 -8.707592 1.116161 -2.417406 -0.818627 9.560457 -1.107831 1.284498 3.895427 -1.521967 -3.170037 -4.977127 -0.479558 -0.005751 -0.727199 6.780981 3.374629 1.194219 -2.080615 9.628603 9.882743 21.343391 -5.492549 10.853631 49.717005 -14.451048 11.729254 -4.874109 -23.682433 3.528416 -7.385051 -5.117184 0.000000 0.000000 0.000000 0.000000 0.000000 0.000000 0.000000 0.000000 0.000000 0.000000 0.000000 0.000000 0.000000 0.000000 0.000000 0.000000 0.000000 0.000000 0.000000 0.000000 0.000000 0.000000 0.000000 0.000000 0.000000 0.000000 0.000000 0.000000 0.000000 0.000000 0.000000 0.000000 0.000000 0.000000 0.000000 0.000000 0.000000 0.000000 0.000000 0.000000 0.000000 0.000000 5.242899 -10.897657 7.202069 26.600320 -56.048436 23.849717 6.230491 5.402685 25.891868 -4.233191 -0.472043 2.466333 0.000000 0.000000 0.000000 0.000000 0.000000 0.000000 0.000000 0.000000 0.000000 0.000000 0.000000 0.000000 0.000000 0.000000 0.000000 0.000000 0.000000 0.000000 0.000000 0.000000 0.000000 0.000000 0.000000 0.000000 0.000000 0.000000 0.000000 0.000000 0.000000 0.000000 0.000000 0.000000 0.000000 0.000000 0.000000 0.000000 0.000000 0.000000 0.000000 0.000000 0.000000 0.000000
-0.037530 -0.032972 1.357730 -7.786493 1.746732 1.947819 2.005380 -0.432024 1.594629 9.054599 -0.080645 -5.721344 -7.529477 2.742637 10.696281 1.623456 -4.442737 0.708488 -0.768965 -1.354848 -1.856337 14.012764 0.197027 -0.815790 -7.137960 -3.366461 -8.499606 1.123216 -2.307071 -0.871885 8.941110 -1.069483 1.267229 4.119241 -1.482935 -3.173718 -5.050847 -0.595833 -0.067342 -0.419055 7.022502 2.834734 1.288961 -2.346809 9.507324 10.087633 21.352138 -5.294711 11.164451 50.198236 -14.418623 11.570091 -4.804712 -23.484292 3.485486 -7.330871 -5.247171 0.000000 0.000000 0.000000 0.000000 0.000000 0.000000 0.000000 0.000000 0.000000 0.000000 0.000000 0.000000 0.000000 0.000000 0.000000 0.000000 0.000000 0.000000 0.000000 0.000000 0.000000 0.000000 0.000000 0.000000 0.000000 0.000000 0.000000 0.000000 0.000000 0.000000 0.000000 0.000000 0.000000 0.000000 0.000000 0.000000 0.000000 0.000000 0.000000 0.000000 0.000000 0.000000 5.484073 -10.628000 7.202685 27.010642 -56.505467 23.977098 6.425308 5.292831 25.573688 -4.114308 -0.403505 2.476355 0.000000 0.000000 0.000000 0.000000 0.000000 0.000000 0.000000 0.000000 0.000000 0.000000 0.000000 0.000000 0.000000 0.000000 0.000000 0.000000 0.000000 0.000000 0.000000 0.000000 0.000000 0.000000 0.000000 0.000000 0.000000 0.000000 0.000000 0.000000 0.000000 0.000000 0.000000 0.000000 0.000000 0.000000 0.000000 0.000000 0.000000 0.000000 0.000000 0.000000 0.000000 0.000000
-0.038788 -0.032210 1.359295 -7.912639 1.823516 1.957830 3.123365 -0.420268 1.867117 7.247001 -0.192125 -5.528933 -6.440355 3.317705 10.454930 1.763151 -4.173252 0.788693 0.268375 -1.374096 -2.082296 12.311327 0.249386 -0.830382 -6.393147 -3.752172 -8.319391 1.139646 -2.261688 -0.912812 8.475683 -1.056139 1.271371 4.255857 -1.438883 -3.173541 -5.022401 -0.683620 -0.130719 -0.233435 7.182006 2.333655 1.259158 -2.530837 9.280619 10.146826 21.334548 -5.096174 11.416576 50.636691 -14.485116 11.416225 -4.789854 -23.209184 3.411272 -7.307639 -5.229472 0.000000 0.000000 0.000000 0.000000 0.000000 0.000000 0.000000 0.000000 0.000000 0.000000 0.000000 0.000000 0.000000 0.000000 0.000000 0.000000 0.000000 0.000000 0.000000 0.000000 0.000000 0.000000 0.000000 0.000000 0.000000 0.000000 0.000000 0.000000 0.000000 0.000000 0.000000 0.000000 0.000000 0.000000 0.000000 0.000000 0.000000 0.000000 0.000000 0.000000 0.000000 0.000000 5.595303 -10.450624 7.204831 27.345894 -56.906025 24.114900 6.485289 5.237054 25.196612 -3.967560 -0.283392 2.426360 0.000000 0.000000 0.000000 0.000000 0.000000 0.000000 0.000000 0.000000 0.000000 0.000000 0.000000 0.000000 0.000000 0.000000 0.000000 0.000000 0.000000 0.000000 0.000000 0.000000 0.000000 0.000000 0.000000 0.000000 0.000000 0.000000 0.000000 0.000000 0.000000 0.000000 0.000000 0.000000 0.000000 0.000000 0.000000 0.000000 0.000000 0.000000 0.000000 0.000000 0.000000 0.000000
-0.040015 -0.031461 1.360283 -7.992787 1.914864 1.914029 4.011481 -0.413657 2.075650 5.767662 -0.296298 -5.388853 -5.677916 3.680882 10.324529 1.882310 -3.918142 0.840306 1.141139 -1.412399 -2.229478 10.815203 0.294295 -0.809009 -5.842807 -4.058098 -8.176365 1.151094 -2.167516 -0.926276 8.063251 -1.039813 1.268365 4.379263 -1.405864 -3.178329 -5.072280 -0.743120 -0.166975 -0.106239 7.367752 1.863748 1.212501 -2.680119 9.044978 10.229550 21.384896 -4.907927 11.576564 50.928322 -14.443621 11.214480 -4.793358 -23.080278 3.356560 -7.160433 -5.285293 0.000000 0.000000 0.000000 0.000000 0.000000 0.000000 0.000000 0.000000 0.000000 0.000000 0.000000 0.000000 0.000000 0.000000 0.000000 0.000000 0.000000 0.000000 0.000000 0.000000 0.000000 0.000000 0.000000 0.000000 0.000000 0.000000 0.000000 0.000000 0.000000 0.000000 0.000000 0.000000 0.000000 0.000000 0.000000 0.000000 0.000000 0.000000 0.000000 0.000000 0.000000 0.000000 5.714399 -10.319443 7.191116 27.672000 -57.231005 24.257211 6.590097 5.219416 24.965558 -3.789920 -0.317575 2.409906 0.000000 0.000000 0.000000 0.000000 0.000000 0.000000 0.000000 0.000000 0.000000 0.000000 0.000000 0.000000 0.000000 0.000000 0.000000 0.000000 0.000000 0.000000 0.000000 0.000000 0.000000 0.000000 0.000000 0.000000 0.000000 0.000000 0.000000 0.000000 0.000000 0.000000 0.000000 0.000000 0.000000 0.000000 0.000000 0.000000 0.000000 0.000000 0.000000 0.000000 0.000000 0.000000
-0.040877 -0.030991 1.360883 -8.077685 1.966100 1.902109 4.512079 -0.416659 2.222852 5.015298 -0.346238 -5.334450 -5.271744 3.890099 10.238602 1.944646 -3.794760 0.850467 1.638049 -1.425746 -2.323874 10.061642 0.320268 -0.790555 -5.573493 -4.224187 -8.083209 1.156264 -2.083838 -0.918624 7.823585 -1.022912 1.271039 4.494081 -1.421840 -3.199050 -5.156499 -0.772939 -0.201195 0.017271 7.465211 1.542273 1.205815 -2.736390 8.887149 10.309017 21.399970 -4.798443 11.662357 51.158799 -14.447057 11.121772 -4.742872 -22.878097 3.314929 -7.157876 -5.250816 0.000000 0.000000 0.000000 0.000000 0.000000 0.000000 0.000000 0.000000 0.000000 0.000000 0.000000 0.000000 0.000000 0.000000 0.000000 0.000000 0.000000 0.000000 0.000000 0.000000 0.000000 0.000000 0.000000 0.000000 0.000000 0.000000 0.000000 0.000000 0.000000 0.000000 0.000000 0.000000 0.000000 0.000000 0.000000 0.000000 0.000000 0.000000 0.000000 0.000000 0.000000 0.000000 5.818950 -10.277263 7.155147 27.858060 -57.405604 24.372134 6.639813 5.203806 24.719547 -3.667466 -0.294575 2.359141 0.000000 0.000000 0.000000 0.000000 0.000000 0.000000 0.000000 0.000000 0.000000 0.000000 0.000000 0.000000 0.000000 0.000000 0.000000 0.000000 0.000000 0.000000 0.000000 0.000000 0.000000 0.000000 0.000000 0.000000 0.000000 0.000000 0.000000 0.000000 0.000000 0.000000 0.000000 0.000000 0.000000 0.000000 0.000000 0.000000 0.000000 0.000000 0.000000 0.000000 0.000000 0.000000
-0.041408 -0.030752 1.361269 -8.173344 1.975188 1.904938 4.906744 -0.396362 2.323537 4.453202 -0.377278 -5.339253 -5.007879 3.998148 10.198763 1.988138 -3.686299 0.841777 2.077131 -1.412661 -2.391449 9.450211 0.336875 -0.780469 -5.404144 -4.327429 -8.024616 1.146315 -2.000848 -0.900386 7.655870 -0.986401 1.290159 4.612147 -1.444712 -3.201932 -5.260684 -0.770643 -0.217594 0.227023 7.536069 1.236923 1.268869 -2.762200 8.676014 10.385009 21.461004 -4.689289 11.747694 51.265999 -14.463227 11.069733 -4.727723 -22.767039 3.274867 -7.154076 -5.217456 0.000000 0.000000 0.000000 0.000000 0.000000 0.000000 0.000000 0.000000 0.000000 0.000000 0.000000 0.000000 0.000000 0.000000 0.000000 0.000000 0.000000 0.000000 0.000000 0.000000 0.000000 0.000000 0.000000 0.000000 0.000000 0.000000 0.000000 0.000000 0.000000 0.000000 0.000000 0.000000 0.000000 0.000000 0.000000 0.000000 0.000000 0.000000 0.000000 0.000000 0.000000 0.000000 5.928769 -10.302563 7.100503 27.978622 -57.527978 24.410425 6.672888 5.227397 24.572302 -3.566304 -0.309588 2.321081 0.000000 0.000000 0.000000 0.000000 0.000000 0.000000 0.000000 0.000000 0.000000 0.000000 0.000000 0.000000 0.000000 0.000000 0.000000 0.000000 0.000000 0.000000 0.000000 0.000000 0.000000 0.000000 0.000000 0.000000 0.000000 0.000000 0.000000 0.000000 0.000000 0.000000 0.000000 0.000000 0.000000 0.000000 0.000000 0.000000 0.000000 0.000000 0.000000 0.000000 0.000000 0.000000
-0.041781 -0.030561 1.361500 -8.255928 1.965944 1.878757 5.227859 -0.382868 2.400253 3.994112 -0.370992 -5.369297 -4.831699 4.024053 10.164438 2.020522 -3.607780 0.837820 2.483949 -1.397160 -2.463132 8.880204 0.357184 -0.753761 -5.287728 -4.372403 -7.972498 1.131025 -1.956737 -0.891792 7.522074 -0.967679 1.317146 4.728152 -1.461138 -3.204792 -5.308723 -0.742708 -0.228268 0.412440 7.589128 1.046531 1.356686 -2.734432 8.470160 10.417832 21.544076 -4.600030 11.749628 51.309140 -14.404648 11.075263 -4.717519 -22.672912 3.317075 -7.060551 -5.217253 0.000000 0.000000 0.000000 0.000000 0.000000 0.000000 0.000000 0.000000 0.000000 0.000000 0.000000 0.000000 0.000000 0.000000 0.000000 0.000000 0.000000 0.000000 0.000000 0.000000 0.000000 0.000000 0.000000 0.000000 0.000000 0.000000 0.000000 0.000000 0.000000 0.000000 0.000000 0.000000 0.000000 0.000000 0.000000 0.000000 0.000000 0.000000 0.000000 0.000000 0.000000 0.000000 5.992857 -10.384642 7.057058 28.031488 -57.594913 24.374437 6.689798 5.292618 24.526418 -3.445136 -0.388440 2.296299 0.000000 0.000000 0.000000 0.000000 0.000000 0.000000 0.000000 0.000000 0.000000 0.000000 0.000000 0.000000 0.000000 0.000000 0.000000 0.000000 0.000000 0.000000 0.000000 0.000000 0.000000 0.000000 0.000000 0.000000 0.000000 0.000000 0.000000 0.000000 0.000000 0.000000 0.000000 0.000000 0.000000 0.000000 0.000000 0.000000 0.000000 0.000000 0.000000 0.000000 0.000000 0.000000
-0.042220 -0.029288 1.361606 -8.293783 1.952044 1.869250 5.494095 -0.363199 2.470514 3.622706 -0.368150 -5.380257 -4.741227 4.019523 10.120072 2.050006 -3.547664 0.823420 2.827372 -1.379370 -2.527498 8.429739 0.366328 -0.746840 -5.229846 -4.382911 -7.925869 1.112737 -1.915726 -0.880638 7.420481 -0.945220 1.355342 4.870746 -1.502915 -3.217350 -5.414233 -0.685654 -0.229355 0.660181 7.626513 0.880291 1.471221 -2.687029 8.253456 10.519979 21.605753 -4.529202 11.799449 51.314807 -14.384537 11.152568 -4.684588 -22.597976 3.402615 -6.995650 -5.222155 0.000000 0.000000 0.000000 0.000000 0.000000 0.000000 0.000000 0.000000 0.000000 0.000000 0.000000 0.000000 0.000000 0.000000 0.000000 0.000000 0.000000 0.000000 0.000000 0.000000 0.000000 0.000000 0.000000 0.000000 0.000000 0.000000 0.000000 0.000000 0.000000 0.000000 0.000000 0.000000 0.000000 0.000000 0.000000 0.000000 0.000000 0.000000 0.000000 0.000000 0.000000 0.000000 6.115940 -10.453426 7.010843 28.082196 -57.634165 24.361099 6.733004 5.335743 24.452336 -3.351792 -0.469578 2.276323 0.000000 0.000000 0.000000 0.000000 0.000000 0.000000 0.000000 0.000000 0.000000 0.000000 0.000000 0.000000 0.000000 0.000000 0.000000 0.000000 0.000000 0.000000 0.000000 0.000000 0.000000 0.000000 0.000000 0.000000 0.000000 0.000000 0.000000 0.000000 0.000000 0.000000 0.000000 0.000000 0.000000 0.000000 0.000000 0.000000 0.000000 0.000000 0.000000 0.000000 0.000000 0.000000
-0.042508 -0.029029 1.361652 -8.325768 1.942722 1.914216 5.640061 -0.373922 2.515119 3.359285 -0.353038 -5.370008 -4.691900 4.028509 10.045739 2.069877 -3.512269 0.804096 3.029358 -1.371675 -2.561965 8.140824 0.344653 -0.741765 -5.217515 -4.355895 -7.883823 1.101099 -1.885258 -0.865787 7.353657 -0.912462 1.387920 5.064002 -1.564127 -3.246451 -5.552732 -0.628948 -0.234343 0.947355 7.696962 0.734331 1.551350 -2.638776 8.018853 10.652979 21.620302 -4.562773 11.810415 51.301077 -14.438954 11.181294 -4.651229 -22.552645 3.455513 -6.939809 -5.248145 0.000000 0.000000 0.000000 0.000000 0.000000 0.000000 0.000000 0.000000 0.000000 0.000000 0.000000 0.000000 0.000000 0.000000 0.000000 0.000000 0.000000 0.000000 0.000000 0.000000 0.000000 0.000000 0.000000 0.000000 0.000000 0.000000 0.000000 0.000000 0.000000 0.000000 0.000000 0.000000 0.000000 0.000000 0.000000 0.000000 0.000000 0.000000 0.000000 0.000000 0.000000 0.000000 6.247107 -10.517523 7.048568 28.082927 -57.655370 24.411677 6.771743 5.430941 24.366495 -3.228582 -0.510537 2.243508 0.000000 0.000000 0.000000 0.000000 0.000000 0.000000 0.000000 0.000000 0.000000 0.000000 0.000000 0.000000 0.000000 0.000000 0.000000 0.000000 0.000000 0.000000 0.000000 0.000000 0.000000 0.000000 0.000000 0.000000 0.000000 0.000000 0.000000 0.000000 0.000000 0.000000 0.000000 0.000000 0.000000 0.000000 0.000000 0.000000 0.000000 0.000000 0.000000 0.000000 0.000000 0.000000
-0.042071 -0.030323 1.361631 -8.355274 1.903814 1.973454 5.603409 -0.420382 2.519153 3.355112 -0.277937 -5.319621 -4.711183 4.055317 9.963831 2.061845 -3.494085 0.778710 2.983077 -1.331026 -2.552523 8.227358 0.272958 -0.715058 -5.341878 -4.279948 -7.807042 1.088863 -1.876509 -0.849477 7.373079 -0.872233 1.424719 5.276035 -1.653007 -3.280440 -5.725887 -0.556591 -0.230137 1.219361 7.784962 0.695291 1.625076 -2.567289 7.896211 10.784007 21.648655 -4.675039 11.708780 51.190708 -14.506202 11.158546 -4.625989 -22.565834 3.504009 -6.918783 -5.253204 0.000000 0.000000 0.000000 0.000000 0.000000 0.000000 0.000000 0.000000 0.000000 0.000000 0.000000 0.000000 0.000000 0.000000 0.000000 0.000000 0.000000 0.000000 0.000000 0.000000 0.000000 0.000000 0.000000 0.000000 0.000000 0.000000 0.000000 0.000000 0.000000 0.000000 0.000000 0.000000 0.000000 0.000000 0.000000 0.000000 0.000000 0.000000 0.000000 0.000000 0.000000 0.000000 6.373181 -10.645983 7.142964 27.978516 -57.609320 24.451173 6.756769 5.581668 24.379586 -3.039711 -0.549864 2.198010 0.000000 0.000000 0.000000 0.000000 0.000000 0.000000 0.000000 0.000000 0.000000 0.000000 0.000000 0.000000 0.000000 0.000000 0.000000 0.000000 0.000000 0.000000 0.000000 0.000000 0.000000 0.000000 0.000000 0.000000 0.000000 0.000000 0.000000 0.000000 0.000000 0.000000 0.000000 0.000000 0.000000 0.000000 0.000000 0.000000 0.000000 0.000000 0.000000 0.000000 0.000000 0.000000
