HIERARCHY
ROOT Hips
{
	OFFSET 0.000000 0.000000 0.000000
	CHANNELS 6 Xposition Yposition Zposition Xrotation Yrotation Zrotation
	JOINT Thigh.L
	{
		OFFSET 0.054128 0.030967 -0.092432
		CHANNELS 3 Xrotation Yrotation Zrotation
		JOINT Shin.L
		{
			OFFSET 0.053326 0.016455 -0.413154
			CHANNELS 3 Xrotation Yrotation Zrotation
			JOINT Foot.L
			{
				OFFSET -0.041126 0.033607 -0.432082
				CHANNELS 3 Xrotation Yrotation Zrotation
				JOINT Toe.L
				{
					OFFSET 0.044577 -0.118931 -0.063729
					CHANNELS 3 Xrotation Yrotation Zrotation
					End Site
					{
						OFFSET 0.000000 0.050000 0.000000
					}
				}
			}
		}
	}
	JOINT Thigh.R
	{
		OFFSET -0.059414 0.028387 -0.102775
		CHANNELS 3 Xrotation Yrotation Zrotation
		JOINT Shin.R
		{
			OFFSET -0.042707 0.021781 -0.396856
			CHANNELS 3 Xrotation Yrotation Zrotation
			JOINT Foot.R
			{
				OFFSET 0.015332 0.022142 -0.441027
				CHANNELS 3 Xrotation Yrotation Zrotation
				JOINT Toe.R
				{
					OFFSET -0.036943 -0.119673 -0.063737
					CHANNELS 3 Xrotation Yrotation Zrotation
					End Site
					{
						OFFSET 0.000000 0.050000 0.000000
					}
				}
			}
		}
	}
	JOINT Spine
	{
		OFFSET -0.001997 0.018700 0.109708
		CHANNELS 3 Xrotation Yrotation Zrotation
		JOINT Spine.2
		{
			OFFSET 0.006589 0.002470 0.135545
			CHANNELS 3 Xrotation Yrotation Zrotation
			JOINT Chest
			{
				OFFSET -0.010346 -0.022937 0.049681
				CHANNELS 3 Xrotation Yrotation Zrotation
				JOINT Neck
				{
					OFFSET -0.009284 0.028284 0.164457
					CHANNELS 3 Xrotation Yrotation Zrotation
					JOINT Head
					{
						OFFSET 0.022026 -0.023653 0.169119
						CHANNELS 3 Xrotation Yrotation Zrotation
						End Site
						{
							OFFSET 0.000000 0.050000 0.000000
						}
					}
				}
				JOINT Clavicle.L
				{
					OFFSET 0.043155 0.007951 0.084048
					CHANNELS 3 Xrotation Yrotation Zrotation
					JOINT UpperArm.L
					{
						OFFSET 0.105465 0.014774 0.061565
						CHANNELS 3 Xrotation Yrotation Zrotation
						JOINT ForeArm.L
						{
							OFFSET 0.262788 0.035124 -0.075310
							CHANNELS 3 Xrotation Yrotation Zrotation
							JOINT Hand.L
							{
								OFFSET 0.261026 0.006485 0.021088
								CHANNELS 3 Xrotation Yrotation Zrotation
								JOINT Thumb1.L
								{
									OFFSET 0.154574 0.002971 0.009660
									CHANNELS 3 Xrotation Yrotation Zrotation
									JOINT Thumb2.L
									{
										OFFSET 0.029893 0.000743 0.002415
										CHANNELS 3 Xrotation Yrotation Zrotation
										End Site
										{
											OFFSET 0.024911 0.000619 0.002013
										}
									}
								}
								JOINT Index1.L
								{
									OFFSET 0.137574 0.002971 0.009660
									CHANNELS 3 Xrotation Yrotation Zrotation
									JOINT Index2.L
									{
										OFFSET 0.029893 0.000743 0.002415
										CHANNELS 3 Xrotation Yrotation Zrotation
										JOINT Index3.L
										{
											OFFSET 0.021922 0.000545 0.001771
											CHANNELS 3 Xrotation Yrotation Zrotation
											End Site
											{
												OFFSET 0.017936 0.000446 0.001449
											}
										}
									}
								}
								JOINT Middle1.L
								{
									OFFSET 0.119574 0.002971 0.009660
									CHANNELS 3 Xrotation Yrotation Zrotation
									JOINT Middle2.L
									{
										OFFSET 0.030890 0.000767 0.002496
										CHANNELS 3 Xrotation Yrotation Zrotation
										JOINT Middle3.L
										{
											OFFSET 0.021922 0.000545 0.001771
											CHANNELS 3 Xrotation Yrotation Zrotation
											End Site
											{
												OFFSET 0.017936 0.000446 0.001449
											}
										}
									}
								}
								JOINT Ring1.L
								{
									OFFSET 0.101574 0.002971 0.009660
									CHANNELS 3 Xrotation Yrotation Zrotation
									JOINT Ring2.L
									{
										OFFSET 0.028897 0.000718 0.002335
										CHANNELS 3 Xrotation Yrotation Zrotation
										JOINT Ring3.L
										{
											OFFSET 0.019929 0.000495 0.001610
											CHANNELS 3 Xrotation Yrotation Zrotation
											End Site
											{
												OFFSET 0.016940 0.000421 0.001369
											}
										}
									}
								}
								JOINT Pinky1.L
								{
									OFFSET 0.085574 0.002971 0.009660
									CHANNELS 3 Xrotation Yrotation Zrotation
									JOINT Pinky2.L
									{
										OFFSET 0.023915 0.000594 0.001932
										CHANNELS 3 Xrotation Yrotation Zrotation
										JOINT Pinky3.L
										{
											OFFSET 0.016940 0.000421 0.001369
											CHANNELS 3 Xrotation Yrotation Zrotation
											End Site
											{
												OFFSET 0.013950 0.000347 0.001127
											}
										}
									}
								}
							}
						}
					}
				}
				JOINT Clavicle.R
				{
					OFFSET -0.041087 0.014090 0.083489
					CHANNELS 3 Xrotation Yrotation Zrotation
					JOINT UpperArm.R
					{
						OFFSET -0.091114 0.009691 0.057215
						CHANNELS 3 Xrotation Yrotation Zrotation
						JOINT ForeArm.R
						{
							OFFSET -0.278548 0.022602 -0.042677
							CHANNELS 3 Xrotation Yrotation Zrotation
							JOINT Hand.R
							{
								OFFSET -0.257833 0.018931 -0.003475
								CHANNELS 3 Xrotation Yrotation Zrotation
								JOINT Thumb1.R
								{
									OFFSET -0.154667 0.008786 -0.001613
									CHANNELS 3 Xrotation Yrotation Zrotation
									JOINT Thumb2.R
									{
										OFFSET -0.029917 0.002197 -0.000403
										CHANNELS 3 Xrotation Yrotation Zrotation
										End Site
										{
											OFFSET -0.024931 0.001830 -0.000336
										}
									}
								}
								JOINT Index1.R
								{
									OFFSET -0.137667 0.008786 -0.001613
									CHANNELS 3 Xrotation Yrotation Zrotation
									JOINT Index2.R
									{
										OFFSET -0.029917 0.002197 -0.000403
										CHANNELS 3 Xrotation Yrotation Zrotation
										JOINT Index3.R
										{
											OFFSET -0.021939 0.001611 -0.000296
											CHANNELS 3 Xrotation Yrotation Zrotation
											End Site
											{
												OFFSET -0.017950 0.001318 -0.000242
											}
										}
									}
								}
								JOINT Middle1.R
								{
									OFFSET -0.119667 0.008786 -0.001613
									CHANNELS 3 Xrotation Yrotation Zrotation
									JOINT Middle2.R
									{
										OFFSET -0.030914 0.002270 -0.000417
										CHANNELS 3 Xrotation Yrotation Zrotation
										JOINT Middle3.R
										{
											OFFSET -0.021939 0.001611 -0.000296
											CHANNELS 3 Xrotation Yrotation Zrotation
											End Site
											{
												OFFSET -0.017950 0.001318 -0.000242
											}
										}
									}
								}
								JOINT Ring1.R
								{
									OFFSET -0.101667 0.008786 -0.001613
									CHANNELS 3 Xrotation Yrotation Zrotation
									JOINT Ring2.R
									{
										OFFSET -0.028920 0.002123 -0.000390
										CHANNELS 3 Xrotation Yrotation Zrotation
										JOINT Ring3.R
										{
											OFFSET -0.019945 0.001464 -0.000269
											CHANNELS 3 Xrotation Yrotation Zrotation
											End Site
											{
												OFFSET -0.016953 0.001245 -0.000229
											}
										}
									}
								}
								JOINT Pinky1.R
								{
									OFFSET -0.085667 0.008786 -0.001613
									CHANNELS 3 Xrotation Yrotation Zrotation
									JOINT Pinky2.R
									{
										OFFSET -0.023933 0.001757 -0.000323
										CHANNELS 3 Xrotation Yrotation Zrotation
										JOINT Pinky3.R
										{
											OFFSET -0.016953 0.001245 -0.000229
											CHANNELS 3 Xrotation Yrotation Zrotation
											End Site
											{
												OFFSET -0.013961 0.001025 -0.000188
											}
										}
									}
								}
							}
						}
					}
				}
			}
		}
	}
}
MOTION
Frames: 240
Frame Time: 0.03333333
-0.005484 -0.044726 1.089207 -6.620252 1.348617 0.420355 3.648382 -0.039274 2.696653 4.649715 0.886490 -0.535168 -1.171271 4.810720 10.124173 3.046681 -2.629553 0.031417 -0.009907 -0.245271 -2.963891 9.720842 -0.532396 -6.104481 2.474017 -4.221587 -6.905531 1.150740 -0.648337 -1.023194 3.067342 1.847296 2.194033 13.243266 -5.585271 -3.087876 -13.170971 2.461652 1.448657 13.391584 3.114147 -0.710908 0.036036 -3.800604 3.741144 10.664130 20.182446 1.322903 18.381667 48.339250 -22.025440 13.250104 -3.575820 -26.897592 0.917233 4.395216 -11.888527 0.000000 0.000000 0.000000 0.000000 0.000000 0.000000 0.000000 0.000000 0.000000 0.000000 0.000000 0.000000 0.000000 0.000000 0.000000 0.000000 0.000000 0.000000 0.000000 0.000000 0.000000 0.000000 0.000000 0.000000 0.000000 0.000000 0.000000 0.000000 0.000000 0.000000 0.000000 0.000000 0.000000 0.000000 0.000000 0.000000 0.000000 0.000000 0.000000 0.000000 0.000000 0.000000 8.940827 -10.730271 3.040344 26.912782 -54.605014 24.815006 14.132180 3.718436 27.332911 -0.179675 -4.633399 6.522658 0.000000 0.000000 0.000000 0.000000 0.000000 0.000000 0.000000 0.000000 0.000000 0.000000 0.000000 0.000000 0.000000 0.000000 0.000000 0.000000 0.000000 0.000000 0.000000 0.000000 0.000000 0.000000 0.000000 0.000000 0.000000 0.000000 0.000000 0.000000 0.000000 0.000000 0.000000 0.000000 0.000000 0.000000 0.000000 0.000000 0.000000 0.000000 0.000000 0.000000 0.000000 0.000000
-0.004656 -0.044172 1.089189 -6.651757 1.374938 0.253995 3.871255 0.072061 2.671201 4.365932 0.654325 -0.543795 -1.133265 4.725098 10.270220 3.098047 -2.643040 0.053587 0.096005 -0.333395 -2.955952 9.658611 -0.509907 -6.089904 2.417525 -4.160508 -6.832949 1.185961 -0.694418 -1.034833 3.077997 1.813923 2.197812 13.238028 -5.576358 -3.083662 -13.142452 2.456242 1.469927 13.274654 3.178572 -0.582247 -0.073734 -3.790655 3.975735 10.601426 20.188732 1.265777 18.343169 48.453290 -22.003660 13.179732 -3.538457 -26.339867 1.004532 4.650040 -11.816154 0.000000 0.000000 0.000000 0.000000 0.000000 0.000000 0.000000 0.000000 0.000000 0.000000 0.000000 0.000000 0.000000 0.000000 0.000000 0.000000 0.000000 0.000000 0.000000 0.000000 0.000000 0.000000 0.000000 0.000000 0.000000 0.000000 0.000000 0.000000 0.000000 0.000000 0.000000 0.000000 0.000000 0.000000 0.000000 0.000000 0.000000 0.000000 0.000000 0.000000 0.000000 0.000000 8.888400 -10.654476 3.115408 27.187945 -54.752354 25.093914 14.139791 3.749720 27.182024 -0.166744 -4.790093 6.553057 0.000000 0.000000 0.000000 0.000000 0.000000 0.000000 0.000000 0.000000 0.000000 0.000000 0.000000 0.000000 0.000000 0.000000 0.000000 0.000000 0.000000 0.000000 0.000000 0.000000 0.000000 0.000000 0.000000 0.000000 0.000000 0.000000 0.000000 0.000000 0.000000 0.000000 0.000000 0.000000 0.000000 0.000000 0.000000 0.000000 0.000000 0.000000 0.000000 0.000000 0.000000 0.000000
-0.003590 -0.044558 1.089120 -6.728305 1.346185 0.254467 3.951721 0.112826 2.598569 4.340410 0.613783 -0.720837 -1.112132 4.619593 10.300265 3.128613 -2.647180 0.082373 0.177488 -0.345402 -2.982031 9.696774 -0.547236 -6.041710 2.322477 -4.030196 -6.833425 1.189850 -0.739856 -1.054845 3.109877 1.761849 2.222684 13.304698 -5.610226 -3.110969 -13.146164 2.437259 1.457769 13.277611 3.236709 -0.532347 -0.121611 -3.807424 4.191772 10.545289 20.277533 1.183088 18.350657 48.474241 -21.974208 13.042183 -3.525459 -26.143739 1.132115 4.895578 -11.790647 0.000000 0.000000 0.000000 0.000000 0.000000 0.000000 0.000000 0.000000 0.000000 0.000000 0.000000 0.000000 0.000000 0.000000 0.000000 0.000000 0.000000 0.000000 0.000000 0.000000 0.000000 0.000000 0.000000 0.000000 0.000000 0.000000 0.000000 0.000000 0.000000 0.000000 0.000000 0.000000 0.000000 0.000000 0.000000 0.000000 0.000000 0.000000 0.000000 0.000000 0.000000 0.000000 8.866954 -10.701227 3.234891 27.154865 -54.683774 25.008518 14.201859 3.714700 27.270268 0.042094 -4.977228 6.556344 0.000000 0.000000 0.000000 0.000000 0.000000 0.000000 0.000000 0.000000 0.000000 0.000000 0.000000 0.000000 0.000000 0.000000 0.000000 0.000000 0.000000 0.000000 0.000000 0.000000 0.000000 0.000000 0.000000 0.000000 0.000000 0.000000 0.000000 0.000000 0.000000 0.000000 0.000000 0.000000 0.000000 0.000000 0.000000 0.000000 0.000000 0.000000 0.000000 0.000000 0.000000 0.000000
-0.003420 -0.044518 1.088949 -6.758989 1.338788 0.237732 3.977320 0.159332 2.543461 4.349835 0.611246 -0.805932 -1.135202 4.554733 10.284610 3.144715 -2.628920 0.086959 0.248312 -0.347841 -2.971699 9.679496 -0.550168 -5.993250 2.239916 -3.981911 -6.824718 1.199825 -0.742461 -1.056213 3.117802 1.744265 2.243935 13.350110 -5.620572 -3.135221 -13.178723 2.434191 1.460169 13.273128 3.289598 -0.505729 -0.191293 -3.823020 4.336200 10.531993 20.359705 1.112567 18.352156 48.481761 -21.900807 12.935243 -3.492643 -26.062289 1.194484 5.054567 -11.804013 0.000000 0.000000 0.000000 0.000000 0.000000 0.000000 0.000000 0.000000 0.000000 0.000000 0.000000 0.000000 0.000000 0.000000 0.000000 0.000000 0.000000 0.000000 0.000000 0.000000 0.000000 0.000000 0.000000 0.000000 0.000000 0.000000 0.000000 0.000000 0.000000 0.000000 0.000000 0.000000 0.000000 0.000000 0.000000 0.000000 0.000000 0.000000 0.000000 0.000000 0.000000 0.000000 8.887570 -10.725528 3.296681 27.151627 -54.634029 24.967082 14.255242 3.722518 27.319952 0.181168 -5.090195 6.564403 0.000000 0.000000 0.000000 0.000000 0.000000 0.000000 0.000000 0.000000 0.000000 0.000000 0.000000 0.000000 0.000000 0.000000 0.000000 0.000000 0.000000 0.000000 0.000000 0.000000 0.000000 0.000000 0.000000 0.000000 0.000000 0.000000 0.000000 0.000000 0.000000 0.000000 0.000000 0.000000 0.000000 0.000000 0.000000 0.000000 0.000000 0.000000 0.000000 0.000000 0.000000 0.000000
-0.003241 -0.044382 1.088697 -6.748634 1.307150 0.231148 3.860008 0.184525 2.488994 4.543896 0.682580 -0.843935 -1.196282 4.537648 10.226946 3.112751 -2.634832 0.071509 0.224012 -0.327475 -2.940004 9.727861 -0.533416 -6.019928 2.149171 -3.989447 -6.833738 1.211201 -0.725620 -1.044838 3.133598 1.744011 2.257142 13.361876 -5.609043 -3.161983 -13.172148 2.426728 1.466317 13.192942 3.337471 -0.454456 -0.226526 -3.814844 4.424666 10.532505 20.374285 1.047276 18.406057 48.497885 -21.884488 12.865184 -3.475625 -26.072129 1.200541 5.110960 -11.831977 0.000000 0.000000 0.000000 0.000000 0.000000 0.000000 0.000000 0.000000 0.000000 0.000000 0.000000 0.000000 0.000000 0.000000 0.000000 0.000000 0.000000 0.000000 0.000000 0.000000 0.000000 0.000000 0.000000 0.000000 0.000000 0.000000 0.000000 0.000000 0.000000 0.000000 0.000000 0.000000 0.000000 0.000000 0.000000 0.000000 0.000000 0.000000 0.000000 0.000000 0.000000 0.000000 8.878640 -10.709063 3.334972 27.179988 -54.588785 24.981446 14.349582 3.701492 27.363850 0.231477 -5.106354 6.594687 0.000000 0.000000 0.000000 0.000000 0.000000 0.000000 0.000000 0.000000 0.000000 0.000000 0.000000 0.000000 0.000000 0.000000 0.000000 0.000000 0.000000 0.000000 0.000000 0.000000 0.000000 0.000000 0.000000 0.000000 0.000000 0.000000 0.000000 0.000000 0.000000 0.000000 0.000000 0.000000 0.000000 0.000000 0.000000 0.000000 0.000000 0.000000 0.000000 0.000000 0.000000 0.000000
-0.003048 -0.044275 1.088442 -6.758119 1.277459 0.187444 3.799026 0.210268 2.500877 4.697817 0.735460 -0.809981 -1.246548 4.559535 10.148496 3.099632 -2.621902 0.064685 0.206660 -0.283390 -2.927472 9.818187 -0.542271 -6.009607 2.041473 -4.005746 -6.788367 1.212584 -0.705183 -1.040762 3.183538 1.736124 2.262444 13.402093 -5.606716 -3.174818 -13.241571 2.434308 1.479760 13.182913 3.345867 -0.403890 -0.225061 -3.808474 4.501043 10.595896 20.441791 0.984332 18.325617 48.444492 -21.744590 12.837174 -3.433089 -26.126935 1.246407 5.189013 -11.856420 0.000000 0.000000 0.000000 0.000000 0.000000 0.000000 0.000000 0.000000 0.000000 0.000000 0.000000 0.000000 0.000000 0.000000 0.000000 0.000000 0.000000 0.000000 0.000000 0.000000 0.000000 0.000000 0.000000 0.000000 0.000000 0.000000 0.000000 0.000000 0.000000 0.000000 0.000000 0.000000 0.000000 0.000000 0.000000 0.000000 0.000000 0.000000 0.000000 0.000000 0.000000 0.000000 8.937624 -10.718837 3.354036 27.106119 -54.531742 24.881078 14.457159 3.721033 27.553344 0.274244 -5.144151 6.622758 0.000000 0.000000 0.000000 0.000000 0.000000 0.000000 0.000000 0.000000 0.000000 0.000000 0.000000 0.000000 0.000000 0.000000 0.000000 0.000000 0.000000 0.000000 0.000000 0.000000 0.000000 0.000000 0.000000 0.000000 0.000000 0.000000 0.000000 0.000000 0.000000 0.000000 0.000000 0.000000 0.000000 0.000000 0.000000 0.000000 0.000000 0.000000 0.000000 0.000000 0.000000 0.000000
-0.003570 -0.044279 1.088157 -6.731944 1.268324 0.140487 3.693990 0.271785 2.476974 4.827791 0.761357 -0.742552 -1.288514 4.590364 10.138379 3.075873 -2.620810 0.050246 0.084032 -0.225387 -2.921873 9.974766 -0.543074 -6.100781 1.988046 -4.092608 -6.731223 1.227019 -0.665496 -1.027952 3.234827 1.762190 2.274936 13.397011 -5.605924 -3.190479 -13.294746 2.429171 1.492178 13.155363 3.355902 -0.409587 -0.267724 -3.830418 4.575440 10.658776 20.522001 0.963480 18.306844 48.369273 -21.676240 12.814740 -3.401548 -26.283343 1.259522 5.245573 -11.907508 0.000000 0.000000 0.000000 0.000000 0.000000 0.000000 0.000000 0.000000 0.000000 0.000000 0.000000 0.000000 0.000000 0.000000 0.000000 0.000000 0.000000 0.000000 0.000000 0.000000 0.000000 0.000000 0.000000 0.000000 0.000000 0.000000 0.000000 0.000000 0.000000 0.000000 0.000000 0.000000 0.000000 0.000000 0.000000 0.000000 0.000000 0.000000 0.000000 0.000000 0.000000 0.000000 8.990499 -10.724434 3.349690 27.036211 -54.455534 24.815012 14.471879 3.758492 27.690094 0.359496 -5.184479 6.646354 0.000000 0.000000 0.000000 0.000000 0.000000 0.000000 0.000000 0.000000 0.000000 0.000000 0.000000 0.000000 0.000000 0.000000 0.000000 0.000000 0.000000 0.000000 0.000000 0.000000 0.000000 0.000000 0.000000 0.000000 0.000000 0.000000 0.000000 0.000000 0.000000 0.000000 0.000000 0.000000 0.000000 0.000000 0.000000 0.000000 0.000000 0.000000 0.000000 0.000000 0.000000 0.000000
-0.003809 -0.044913 1.087907 -6.755699 1.235021 0.088006 3.619773 0.344621 2.462160 4.971303 0.779260 -0.743077 -1.294584 4.588886 10.147006 3.065446 -2.628182 0.056259 -0.057604 -0.155048 -2.879806 10.225531 -0.534792 -6.135008 1.943503 -4.117118 -6.728201 1.224367 -0.671071 -1.037311 3.283627 1.776597 2.253000 13.383766 -5.605545 -3.203939 -13.303847 2.428363 1.491482 13.142773 3.356630 -0.350272 -0.267648 -3.813153 4.673656 10.693480 20.571195 0.926122 18.321509 48.262261 -21.624019 12.792260 -3.340798 -26.449300 1.236638 5.305395 -11.977747 0.000000 0.000000 0.000000 0.000000 0.000000 0.000000 0.000000 0.000000 0.000000 0.000000 0.000000 0.000000 0.000000 0.000000 0.000000 0.000000 0.000000 0.000000 0.000000 0.000000 0.000000 0.000000 0.000000 0.000000 0.000000 0.000000 0.000000 0.000000 0.000000 0.000000 0.000000 0.000000 0.000000 0.000000 0.000000 0.000000 0.000000 0.000000 0.000000 0.000000 0.000000 0.000000 8.958718 -10.714540 3.366879 26.950041 -54.382829 24.712379 14.504613 3.765302 27.872797 0.390333 -5.153726 6.707337 0.000000 0.000000 0.000000 0.000000 0.000000 0.000000 0.000000 0.000000 0.000000 0.000000 0.000000 0.000000 0.000000 0.000000 0.000000 0.000000 0.000000 0.000000 0.000000 0.000000 0.000000 0.000000 0.000000 0.000000 0.000000 0.000000 0.000000 0.000000 0.000000 0.000000 0.000000 0.000000 0.000000 0.000000 0.000000 0.000000 0.000000 0.000000 0.000000 0.000000 0.000000 0.000000
-0.004038 -0.045404 1.087676 -6.767228 1.229323 0.059512 3.556589 0.367785 2.460832 5.077725 0.795246 -0.741812 -1.263661 4.602088 10.135984 3.051787 -2.638907 0.058183 -0.186476 -0.106751 -2.882160 10.432660 -0.561019 -6.219776 1.932920 -4.170330 -6.706839 1.229539 -0.663787 -1.043589 3.358520 1.772568 2.227306 13.341363 -5.599271 -3.209380 -13.289644 2.408779 1.485183 13.082139 3.359243 -0.375520 -0.260758 -3.822315 4.720868 10.714826 20.615086 0.894020 18.278573 48.190689 -21.532547 12.782229 -3.315064 -26.602008 1.227234 5.314107 -12.003681 0.000000 0.000000 0.000000 0.000000 0.000000 0.000000 0.000000 0.000000 0.000000 0.000000 0.000000 0.000000 0.000000 0.000000 0.000000 0.000000 0.000000 0.000000 0.000000 0.000000 0.000000 0.000000 0.000000 0.000000 0.000000 0.000000 0.000000 0.000000 0.000000 0.000000 0.000000 0.000000 0.000000 0.000000 0.000000 0.000000 0.000000 0.000000 0.000000 0.000000 0.000000 0.000000 8.945715 -10.717940 3.373996 26.859068 -54.287912 24.609587 14.599064 3.787422 28.074540 0.534908 -5.162492 6.738332 0.000000 0.000000 0.000000 0.000000 0.000000 0.000000 0.000000 0.000000 0.000000 0.000000 0.000000 0.000000 0.000000 0.000000 0.000000 0.000000 0.000000 0.000000 0.000000 0.000000 0.000000 0.000000 0.000000 0.000000 0.000000 0.000000 0.000000 0.000000 0.000000 0.000000 0.000000 0.000000 0.000000 0.000000 0.000000 0.000000 0.000000 0.000000 0.000000 0.000000 0.000000 0.000000
-0.004380 -0.045546 1.087459 -6.773501 1.205545 0.033847 3.503067 0.402644 2.451838 5.213961 0.840294 -0.727418 -1.254304 4.630687 10.142930 3.030239 -2.659145 0.061408 -0.333941 -0.018464 -2.897278 10.703128 -0.587394 -6.293851 1.907946 -4.230488 -6.692878 1.223756 -0.667112 -1.047833 3.416537 1.773129 2.207201 13.286273 -5.579521 -3.210414 -13.237323 2.412511 1.484362 13.026519 3.359694 -0.379958 -0.266099 -3.827511 4.787500 10.749024 20.643142 0.843582 18.194331 48.112673 -21.399026 12.807075 -3.273106 -26.784594 1.152045 5.367095 -11.966637 0.000000 0.000000 0.000000 0.000000 0.000000 0.000000 0.000000 0.000000 0.000000 0.000000 0.000000 0.000000 0.000000 0.000000 0.000000 0.000000 0.000000 0.000000 0.000000 0.000000 0.000000 0.000000 0.000000 0.000000 0.000000 0.000000 0.000000 0.000000 0.000000 0.000000 0.000000 0.000000 0.000000 0.000000 0.000000 0.000000 0.000000 0.000000 0.000000 0.000000 0.000000 0.000000 8.946729 -10.720961 3.379128 26.769602 -54.227664 24.537438 14.636836 3.807858 28.181642 0.670853 -5.211563 6.694969 0.000000 0.000000 0.000000 0.000000 0.000000 0.000000 0.000000 0.000000 0.000000 0.000000 0.000000 0.000000 0.000000 0.000000 0.000000 0.000000 0.000000 0.000000 0.000000 0.000000 0.000000 0.000000 0.000000 0.000000 0.000000 0.000000 0.000000 0.000000 0.000000 0.000000 0.000000 0.000000 0.000000 0.000000 0.000000 0.000000 0.000000 0.000000 0.000000 0.000000 0.000000 0.000000
-0.004245 -0.045998 1.087275 -6.799273 1.167955 0.008384 3.432274 0.446646 2.445699 5.416608 0.832872 -0.673967 -1.221396 4.689666 10.142012 3.021645 -2.703114 0.077213 -0.571400 0.045759 -2.904027 11.149970 -0.582847 -6.395582 1.923121 -4.238138 -6.639211 1.224707 -0.708956 -1.058324 3.478388 1.733016 2.169466 13.175421 -5.520570 -3.211530 -13.099636 2.390797 1.467087 12.983988 3.353322 -0.347462 -0.219068 -3.772834 4.857401 10.738760 20.651361 0.821231 18.171971 48.054016 -21.319562 12.813687 -3.289520 -26.982818 1.200875 5.447481 -11.956352 0.000000 0.000000 0.000000 0.000000 0.000000 0.000000 0.000000 0.000000 0.000000 0.000000 0.000000 0.000000 0.000000 0.000000 0.000000 0.000000 0.000000 0.000000 0.000000 0.000000 0.000000 0.000000 0.000000 0.000000 0.000000 0.000000 0.000000 0.000000 0.000000 0.000000 0.000000 0.000000 0.000000 0.000000 0.000000 0.000000 0.000000 0.000000 0.000000 0.000000 0.000000 0.000000 8.902238 -10.714098 3.380287 26.694494 -54.168232 24.442744 14.677498 3.846624 28.424786 0.758545 -5.383071 6.679912 0.000000 0.000000 0.000000 0.000000 0.000000 0.000000 0.000000 0.000000 0.000000 0.000000 0.000000 0.000000 0.000000 0.000000 0.000000 0.000000 0.000000 0.000000 0.000000 0.000000 0.000000 0.000000 0.000000 0.000000 0.000000 0.000000 0.000000 0.000000 0.000000 0.000000 0.000000 0.000000 0.000000 0.000000 0.000000 0.000000 0.000000 0.000000 0.000000 0.000000 0.000000 0.000000
-0.004645 -0.046209 1.087072 -6.789009 1.161253 0.017825 3.283781 0.449225 2.434702 5.698056 0.868796 -0.662882 -1.237781 4.737849 10.226246 2.978176 -2.780825 0.063739 -0.905623 0.100124 -2.846060 11.712586 -0.610615 -6.481842 1.922002 -4.273519 -6.715845 1.225347 -0.698310 -1.037259 3.548946 1.712727 2.096634 13.081626 -5.482424 -3.212965 -13.025351 2.387842 1.450373 12.950818 3.341998 -0.374110 -0.166599 -3.752711 4.882983 10.797198 20.615611 0.811314 18.141873 47.977064 -21.247991 12.906304 -3.312488 -27.315109 1.053071 5.452137 -11.901306 0.000000 0.000000 0.000000 0.000000 0.000000 0.000000 0.000000 0.000000 0.000000 0.000000 0.000000 0.000000 0.000000 0.000000 0.000000 0.000000 0.000000 0.000000 0.000000 0.000000 0.000000 0.000000 0.000000 0.000000 0.000000 0.000000 0.000000 0.000000 0.000000 0.000000 0.000000 0.000000 0.000000 0.000000 0.000000 0.000000 0.000000 0.000000 0.000000 0.000000 0.000000 0.000000 8.915822 -10.666055 3.369976 26.614492 -54.090814 24.438777 14.775065 3.827678 28.570971 0.732257 -5.415828 6.643878 0.000000 0.000000 0.000000 0.000000 0.000000 0.000000 0.000000 0.000000 0.000000 0.000000 0.000000 0.000000 0.000000 0.000000 0.000000 0.000000 0.000000 0.000000 0.000000 0.000000 0.000000 0.000000 0.000000 0.000000 0.000000 0.000000 0.000000 0.000000 0.000000 0.000000 0.000000 0.000000 0.000000 0.000000 0.000000 0.000000 0.000000 0.000000 0.000000 0.000000 0.000000 0.000000
-0.004796 -0.045892 1.086840 -6.762602 1.162354 0.079594 3.046342 0.381412 2.439028 6.190355 0.939309 -0.602721 -1.337093 4.823880 10.253515 2.929832 -2.891055 0.053917 -1.256981 0.129149 -2.779407 12.351051 -0.656618 -6.543573 1.894048 -4.256314 -6.788617 1.225978 -0.735895 -1.034791 3.661911 1.633359 2.023647 12.901573 -5.422627 -3.239855 -12.868765 2.382233 1.423901 12.927072 3.299366 -0.360563 -0.059087 -3.726444 4.945841 10.758176 20.552125 0.825227 18.133804 47.908974 -21.152137 13.032659 -3.349687 -27.633081 1.028180 5.459247 -11.948457 0.000000 0.000000 0.000000 0.000000 0.000000 0.000000 0.000000 0.000000 0.000000 0.000000 0.000000 0.000000 0.000000 0.000000 0.000000 0.000000 0.000000 0.000000 0.000000 0.000000 0.000000 0.000000 0.000000 0.000000 0.000000 0.000000 0.000000 0.000000 0.000000 0.000000 0.000000 0.000000 0.000000 0.000000 0.000000 0.000000 0.000000 0.000000 0.000000 0.000000 0.000000 0.000000 8.840821 -10.661866 3.316413 26.569222 -53.990735 24.384279 14.839317 3.788382 28.751185 0.753714 -5.446115 6.691039 0.000000 0.000000 0.000000 0.000000 0.000000 0.000000 0.000000 0.000000 0.000000 0.000000 0.000000 0.000000 0.000000 0.000000 0.000000 0.000000 0.000000 0.000000 0.000000 0.000000 0.000000 0.000000 0.000000 0.000000 0.000000 0.000000 0.000000 0.000000 0.000000 0.000000 0.000000 0.000000 0.000000 0.000000 0.000000 0.000000 0.000000 0.000000 0.000000 0.000000 0.000000 0.000000
-0.004685 -0.045852 1.086593 -6.768998 1.138511 0.125259 2.748476 0.325741 2.404562 6.868075 1.029710 -0.571082 -1.460371 4.868615 10.331736 2.864061 -2.984974 0.034329 -1.605684 0.186185 -2.737225 13.047086 -0.714771 -6.612530 1.817562 -4.248993 -6.864302 1.212102 -0.756356 -1.022364 3.808406 1.575663 1.970094 12.769824 -5.376103 -3.254330 -12.772117 2.392377 1.420569 12.967748 3.276936 -0.399235 0.016267 -3.743571 4.961838 10.762732 20.511800 0.812707 18.047918 47.773749 -20.992682 13.139537 -3.406694 -28.095873 0.973668 5.490567 -12.001590 0.000000 0.000000 0.000000 0.000000 0.000000 0.000000 0.000000 0.000000 0.000000 0.000000 0.000000 0.000000 0.000000 0.000000 0.000000 0.000000 0.000000 0.000000 0.000000 0.000000 0.000000 0.000000 0.000000 0.000000 0.000000 0.000000 0.000000 0.000000 0.000000 0.000000 0.000000 0.000000 0.000000 0.000000 0.000000 0.000000 0.000000 0.000000 0.000000 0.000000 0.000000 0.000000 8.809528 -10.661532 3.304276 26.426048 -53.896629 24.243358 14.892917 3.736343 28.985997 0.773956 -5.526157 6.759840 0.000000 0.000000 0.000000 0.000000 0.000000 0.000000 0.000000 0.000000 0.000000 0.000000 0.000000 0.000000 0.000000 0.000000 0.000000 0.000000 0.000000 0.000000 0.000000 0.000000 0.000000 0.000000 0.000000 0.000000 0.000000 0.000000 0.000000 0.000000 0.000000 0.000000 0.000000 0.000000 0.000000 0.000000 0.000000 0.000000 0.000000 0.000000 0.000000 0.000000 0.000000 0.000000
-0.004439 -0.046636 1.086249 -6.762442 1.080107 0.184504 2.107961 0.253095 2.253618 8.093658 1.185168 -0.611501 -1.644915 4.927065 10.463476 2.756228 -3.133109 -0.003248 -2.148818 0.294074 -2.634504 13.977210 -0.814072 -6.685778 1.765110 -4.175799 -6.970047 1.181085 -0.769240 -0.994698 3.963452 1.481452 1.912823 12.542179 -5.300978 -3.305740 -12.615199 2.398726 1.414402 12.966667 3.304525 -0.439909 0.137028 -3.749327 4.963327 10.744884 20.511426 0.786655 17.936139 47.555929 -20.768691 13.225038 -3.518770 -28.791053 0.780646 5.536260 -12.136420 0.000000 0.000000 0.000000 0.000000 0.000000 0.000000 0.000000 0.000000 0.000000 0.000000 0.000000 0.000000 0.000000 0.000000 0.000000 0.000000 0.000000 0.000000 0.000000 0.000000 0.000000 0.000000 0.000000 0.000000 0.000000 0.000000 0.000000 0.000000 0.000000 0.000000 0.000000 0.000000 0.000000 0.000000 0.000000 0.000000 0.000000 0.000000 0.000000 0.000000 0.000000 0.000000 8.728312 -10.715349 3.281982 26.187705 -53.671042 23.966152 15.032421 3.722106 29.438563 0.684679 -5.617957 6.902226 0.000000 0.000000 0.000000 0.000000 0.000000 0.000000 0.000000 0.000000 0.000000 0.000000 0.000000 0.000000 0.000000 0.000000 0.000000 0.000000 0.000000 0.000000 0.000000 0.000000 0.000000 0.000000 0.000000 0.000000 0.000000 0.000000 0.000000 0.000000 0.000000 0.000000 0.000000 0.000000 0.000000 0.000000 0.000000 0.000000 0.000000 0.000000 0.000000 0.000000 0.000000 0.000000
-0.003651 -0.047659 1.085772 -6.799341 0.997109 0.323904 1.247558 0.058050 2.106218 9.879564 1.470531 -0.729797 -1.869506 5.010319 10.493029 2.601137 -3.304061 -0.052114 -2.701572 0.398271 -2.599714 15.058515 -0.927954 -6.788693 1.610033 -4.058705 -7.081577 1.147978 -0.831353 -0.973937 4.211417 1.300890 1.875875 12.278879 -5.170431 -3.362904 -12.347355 2.402841 1.412046 13.057598 3.284474 -0.518223 0.353898 -3.744238 4.933404 10.673213 20.477181 0.715556 17.755836 47.284066 -20.505026 13.279076 -3.642483 -29.627426 0.678081 5.589680 -12.198641 0.000000 0.000000 0.000000 0.000000 0.000000 0.000000 0.000000 0.000000 0.000000 0.000000 0.000000 0.000000 0.000000 0.000000 0.000000 0.000000 0.000000 0.000000 0.000000 0.000000 0.000000 0.000000 0.000000 0.000000 0.000000 0.000000 0.000000 0.000000 0.000000 0.000000 0.000000 0.000000 0.000000 0.000000 0.000000 0.000000 0.000000 0.000000 0.000000 0.000000 0.000000 0.000000 8.624344 -10.695017 3.307940 25.882925 -53.475497 23.640232 15.195538 3.673086 29.967158 0.600437 -5.691144 7.018715 0.000000 0.000000 0.000000 0.000000 0.000000 0.000000 0.000000 0.000000 0.000000 0.000000 0.000000 0.000000 0.000000 0.000000 0.000000 0.000000 0.000000 0.000000 0.000000 0.000000 0.000000 0.000000 0.000000 0.000000 0.000000 0.000000 0.000000 0.000000 0.000000 0.000000 0.000000 0.000000 0.000000 0.000000 0.000000 0.000000 0.000000 0.000000 0.000000 0.000000 0.000000 0.000000
-0.001756 -0.048641 1.085167 -6.915854 0.892118 0.374337 0.232109 -0.166192 1.879874 12.198955 1.768699 -0.903798 -2.087091 5.097803 10.565063 2.399510 -3.510616 -0.134875 -3.213431 0.488624 -2.563120 16.268578 -1.047745 -6.778796 1.376852 -3.918792 -7.198167 1.089705 -0.897691 -0.939814 4.540963 1.140881 1.857434 12.015160 -5.031170 -3.392818 -12.144903 2.441084 1.402189 13.080706 3.277262 -0.584584 0.579184 -3.728028 4.820719 10.633833 20.434685 0.674671 17.467996 46.951854 -20.132724 13.392587 -3.843996 -30.478218 0.595551 5.611326 -12.261691 0.000000 0.000000 0.000000 0.000000 0.000000 0.000000 0.000000 0.000000 0.000000 0.000000 0.000000 0.000000 0.000000 0.000000 0.000000 0.000000 0.000000 0.000000 0.000000 0.000000 0.000000 0.000000 0.000000 0.000000 0.000000 0.000000 0.000000 0.000000 0.000000 0.000000 0.000000 0.000000 0.000000 0.000000 0.000000 0.000000 0.000000 0.000000 0.000000 0.000000 0.000000 0.000000 8.524299 -10.715378 3.300129 25.621113 -53.311729 23.410416 15.357995 3.667574 30.462940 0.491638 -5.656388 7.060778 0.000000 0.000000 0.000000 0.000000 0.000000 0.000000 0.000000 0.000000 0.000000 0.000000 0.000000 0.000000 0.000000 0.000000 0.000000 0.000000 0.000000 0.000000 0.000000 0.000000 0.000000 0.000000 0.000000 0.000000 0.000000 0.000000 0.000000 0.000000 0.000000 0.000000 0.000000 0.000000 0.000000 0.000000 0.000000 0.000000 0.000000 0.000000 0.000000 0.000000 0.000000 0.000000
-0.000279 -0.050678 1.084354 -7.078126 0.806661 0.383712 -1.057120 -0.479453 1.634462 15.093377 2.166058 -1.075657 -2.207211 5.282417 10.492394 2.133200 -3.752890 -0.232357 -3.810891 0.593084 -2.470639 17.635704 -1.192986 -6.749132 1.200513 -3.729560 -7.282607 1.036606 -1.002610 -0.894372 4.960817 0.896533 1.826556 11.620845 -4.803126 -3.421318 -11.773623 2.454360 1.388840 13.020338 3.264141 -0.620079 0.849989 -3.668653 4.728431 10.465435 20.345224 0.619089 17.205664 46.651130 -19.824603 13.502244 -4.125268 -31.476151 0.514264 5.659268 -12.355435 0.000000 0.000000 0.000000 0.000000 0.000000 0.000000 0.000000 0.000000 0.000000 0.000000 0.000000 0.000000 0.000000 0.000000 0.000000 0.000000 0.000000 0.000000 0.000000 0.000000 0.000000 0.000000 0.000000 0.000000 0.000000 0.000000 0.000000 0.000000 0.000000 0.000000 0.000000 0.000000 0.000000 0.000000 0.000000 0.000000 0.000000 0.000000 0.000000 0.000000 0.000000 0.000000 8.310717 -10.675682 3.319850 25.262653 -53.077678 23.199295 15.510901 3.762450 30.959338 0.411517 -5.677694 7.127285 0.000000 0.000000 0.000000 0.000000 0.000000 0.000000 0.000000 0.000000 0.000000 0.000000 0.000000 0.000000 0.000000 0.000000 0.000000 0.000000 0.000000 0.000000 0.000000 0.000000 0.000000 0.000000 0.000000 0.000000 0.000000 0.000000 0.000000 0.000000 0.000000 0.000000 0.000000 0.000000 0.000000 0.000000 0.000000 0.000000 0.000000 0.000000 0.000000 0.000000 0.000000 0.000000
0.001113 -0.052252 1.083359 -7.321666 0.648852 0.423171 -2.383297 -0.813911 1.365568 18.302917 2.685197 -1.254279 -2.129073 5.510143 10.248362 1.882906 -3.953574 -0.330010 -4.327213 0.736451 -2.364124 19.125247 -1.272571 -6.608553 0.972729 -3.364142 -7.443396 0.985708 -1.130743 -0.860274 5.435361 0.644439 1.836695 11.312290 -4.596710 -3.421065 -11.430378 2.481606 1.368432 13.055448 3.224816 -0.621730 1.152050 -3.553464 4.742545 10.324281 20.280011 0.531393 16.988135 46.346199 -19.674453 13.557661 -4.425346 -32.505027 0.515490 5.630529 -12.396770 0.000000 0.000000 0.000000 0.000000 0.000000 0.000000 0.000000 0.000000 0.000000 0.000000 0.000000 0.000000 0.000000 0.000000 0.000000 0.000000 0.000000 0.000000 0.000000 0.000000 0.000000 0.000000 0.000000 0.000000 0.000000 0.000000 0.000000 0.000000 0.000000 0.000000 0.000000 0.000000 0.000000 0.000000 0.000000 0.000000 0.000000 0.000000 0.000000 0.000000 0.000000 0.000000 8.115324 -10.631795 3.356879 24.760064 -52.735128 22.875813 15.402845 3.922472 31.481697 0.294896 -5.627979 7.152040 0.000000 0.000000 0.000000 0.000000 0.000000 0.000000 0.000000 0.000000 0.000000 0.000000 0.000000 0.000000 0.000000 0.000000 0.000000 0.000000 0.000000 0.000000 0.000000 0.000000 0.000000 0.000000 0.000000 0.000000 0.000000 0.000000 0.000000 0.000000 0.000000 0.000000 0.000000 0.000000 0.000000 0.000000 0.000000 0.000000 0.000000 0.000000 0.000000 0.000000 0.000000 0.000000
0.002656 -0.053926 1.082197 -7.552385 0.432847 0.576106 -3.905116 -1.307220 1.167413 21.822249 3.404341 -1.296846 -1.863347 5.925459 9.729830 1.635545 -4.128297 -0.453605 -4.770724 0.959783 -2.307616 20.421965 -1.406931 -6.430684 0.719469 -2.888251 -7.635716 0.932165 -1.282054 -0.804508 5.947570 0.437936 1.868132 11.084938 -4.413148 -3.426325 -11.152001 2.550017 1.338366 13.011996 3.175615 -0.686853 1.349803 -3.462307 4.720976 10.177779 20.205614 0.454870 16.750615 46.010259 -19.586451 13.547760 -4.789056 -33.657208 0.289896 5.506830 -12.403400 0.000000 0.000000 0.000000 0.000000 0.000000 0.000000 0.000000 0.000000 0.000000 0.000000 0.000000 0.000000 0.000000 0.000000 0.000000 0.000000 0.000000 0.000000 0.000000 0.000000 0.000000 0.000000 0.000000 0.000000 0.000000 0.000000 0.000000 0.000000 0.000000 0.000000 0.000000 0.000000 0.000000 0.000000 0.000000 0.000000 0.000000 0.000000 0.000000 0.000000 0.000000 0.000000 7.941135 -10.557527 3.408941 24.202785 -52.336270 22.606753 15.150542 4.146173 32.125766 0.067635 -5.475313 7.206831 0.000000 0.000000 0.000000 0.000000 0.000000 0.000000 0.000000 0.000000 0.000000 0.000000 0.000000 0.000000 0.000000 0.000000 0.000000 0.000000 0.000000 0.000000 0.000000 0.000000 0.000000 0.000000 0.000000 0.000000 0.000000 0.000000 0.000000 0.000000 0.000000 0.000000 0.000000 0.000000 0.000000 0.000000 0.000000 0.000000 0.000000 0.000000 0.000000 0.000000 0.000000 0.000000
0.003362 -0.056140 1.081058 -7.840860 0.292112 0.657308 -5.683325 -1.976286 0.951155 25.865463 4.196795 -1.251751 -1.266368 6.409759 9.290480 1.359090 -4.215859 -0.596231 -5.188033 1.152292 -2.310721 21.678728 -1.580789 -6.232847 0.490517 -2.405405 -7.803929 0.836163 -1.343426 -0.749446 6.424829 0.238751 1.923754 10.995384 -4.253808 -3.364941 -11.015912 2.623300 1.309715 13.003752 3.188373 -0.759528 1.521493 -3.331119 4.706758 10.152168 20.163613 0.322009 16.465324 45.608477 -19.528228 13.496493 -5.134045 -34.801810 0.080386 5.376708 -12.439007 0.000000 0.000000 0.000000 0.000000 0.000000 0.000000 0.000000 0.000000 0.000000 0.000000 0.000000 0.000000 0.000000 0.000000 0.000000 0.000000 0.000000 0.000000 0.000000 0.000000 0.000000 0.000000 0.000000 0.000000 0.000000 0.000000 0.000000 0.000000 0.000000 0.000000 0.000000 0.000000 0.000000 0.000000 0.000000 0.000000 0.000000 0.000000 0.000000 0.000000 0.000000 0.000000 7.863119 -10.558724 3.530735 23.363221 -51.772144 22.185598 14.959913 4.265483 32.666339 -0.197996 -5.251087 7.292621 0.000000 0.000000 0.000000 0.000000 0.000000 0.000000 0.000000 0.000000 0.000000 0.000000 0.000000 0.000000 0.000000 0.000000 0.000000 0.000000 0.000000 0.000000 0.000000 0.000000 0.000000 0.000000 0.000000 0.000000 0.000000 0.000000 0.000000 0.000000 0.000000 0.000000 0.000000 0.000000 0.000000 0.000000 0.000000 0.000000 0.000000 0.000000 0.000000 0.000000 0.000000 0.000000
0.003624 -0.058435 1.079973 -8.128752 0.142204 0.730474 -7.500336 -2.883669 0.829022 30.049808 5.069145 -1.125753 -0.533093 6.845084 9.002572 1.064487 -4.311839 -0.738330 -5.635631 1.429722 -2.277891 22.942543 -1.826223 -5.991444 0.311291 -1.894766 -7.904181 0.738271 -1.446918 -0.684557 6.927377 -0.012209 1.953651 10.764394 -4.013984 -3.303146 -10.679416 2.717797 1.266844 12.905544 3.126654 -0.782894 1.634265 -3.123860 4.598348 9.915494 20.069391 0.343777 16.281548 45.088160 -19.447144 13.424884 -5.532034 -36.424806 -0.153442 5.124106 -12.663099 0.000000 0.000000 0.000000 0.000000 0.000000 0.000000 0.000000 0.000000 0.000000 0.000000 0.000000 0.000000 0.000000 0.000000 0.000000 0.000000 0.000000 0.000000 0.000000 0.000000 0.000000 0.000000 0.000000 0.000000 0.000000 0.000000 0.000000 0.000000 0.000000 0.000000 0.000000 0.000000 0.000000 0.000000 0.000000 0.000000 0.000000 0.000000 0.000000 0.000000 0.000000 0.000000 7.647595 -10.664525 3.576574 22.454370 -51.097054 21.668627 14.703864 4.378854 33.297730 -0.358229 -4.941775 7.487829 0.000000 0.000000 0.000000 0.000000 0.000000 0.000000 0.000000 0.000000 0.000000 0.000000 0.000000 0.000000 0.000000 0.000000 0.000000 0.000000 0.000000 0.000000 0.000000 0.000000 0.000000 0.000000 0.000000 0.000000 0.000000 0.000000 0.000000 0.000000 0.000000 0.000000 0.000000 0.000000 0.000000 0.000000 0.000000 0.000000 0.000000 0.000000 0.000000 0.000000 0.000000 0.000000
0.003347 -0.060313 1.079017 -8.345974 -0.006415 0.930887 -9.078790 -3.869655 0.763586 33.716371 5.795506 -1.025436 -0.077324 6.893020 9.295785 0.830931 -4.389329 -0.833238 -6.047226 1.772420 -2.321710 24.042936 -2.079823 -5.715143 0.084934 -1.504290 -7.967505 0.660120 -1.484012 -0.645001 7.300836 -0.149032 2.012685 10.667198 -3.831790 -3.276379 -10.498601 2.796584 1.227235 12.972470 3.061763 -0.890036 1.770944 -2.999206 4.467579 9.811855 20.013615 0.365284 16.081266 44.518147 -19.454078 13.212830 -5.927456 -38.130281 -0.363757 4.875379 -12.719255 0.000000 0.000000 0.000000 0.000000 0.000000 0.000000 0.000000 0.000000 0.000000 0.000000 0.000000 0.000000 0.000000 0.000000 0.000000 0.000000 0.000000 0.000000 0.000000 0.000000 0.000000 0.000000 0.000000 0.000000 0.000000 0.000000 0.000000 0.000000 0.000000 0.000000 0.000000 0.000000 0.000000 0.000000 0.000000 0.000000 0.000000 0.000000 0.000000 0.000000 0.000000 0.000000 7.537180 -10.747345 3.597907 21.494067 -50.504264 21.082354 14.359764 4.412910 33.847994 -0.365916 -4.729377 7.578828 0.000000 0.000000 0.000000 0.000000 0.000000 0.000000 0.000000 0.000000 0.000000 0.000000 0.000000 0.000000 0.000000 0.000000 0.000000 0.000000 0.000000 0.000000 0.000000 0.000000 0.000000 0.000000 0.000000 0.000000 0.000000 0.000000 0.000000 0.000000 0.000000 0.000000 0.000000 0.000000 0.000000 0.000000 0.000000 0.000000 0.000000 0.000000 0.000000 0.000000 0.000000 0.000000
0.002964 -0.060677 1.078016 -8.320476 -0.211966 1.127580 -10.359833 -4.727911 0.735266 35.907883 6.363215 -0.971211 -0.059036 6.884434 9.770094 0.818207 -4.370588 -0.906575 -6.381428 2.206204 -2.373354 24.506848 -2.294509 -5.558338 -0.229795 -1.368335 -8.041561 0.669483 -1.397312 -0.582317 7.553126 -0.160850 2.009236 10.582192 -3.699524 -3.244734 -10.610121 2.881897 1.248575 12.984358 3.057868 -1.116752 1.785881 -2.921668 4.321967 9.778125 20.146939 0.580374 15.777469 43.919874 -19.285034 12.881047 -6.351122 -39.895614 -0.665644 4.414921 -12.909148 0.000000 0.000000 0.000000 0.000000 0.000000 0.000000 0.000000 0.000000 0.000000 0.000000 0.000000 0.000000 0.000000 0.000000 0.000000 0.000000 0.000000 0.000000 0.000000 0.000000 0.000000 0.000000 0.000000 0.000000 0.000000 0.000000 0.000000 0.000000 0.000000 0.000000 0.000000 0.000000 0.000000 0.000000 0.000000 0.000000 0.000000 0.000000 0.000000 0.000000 0.000000 0.000000 7.603635 -10.852796 3.406103 20.582123 -49.938402 20.569224 14.036725 4.462758 34.393940 -0.559846 -4.573507 7.690277 0.000000 0.000000 0.000000 0.000000 0.000000 0.000000 0.000000 0.000000 0.000000 0.000000 0.000000 0.000000 0.000000 0.000000 0.000000 0.000000 0.000000 0.000000 0.000000 0.000000 0.000000 0.000000 0.000000 0.000000 0.000000 0.000000 0.000000 0.000000 0.000000 0.000000 0.000000 0.000000 0.000000 0.000000 0.000000 0.000000 0.000000 0.000000 0.000000 0.000000 0.000000 0.000000
0.001922 -0.060432 1.076964 -8.203607 -0.408749 1.297427 -11.267834 -5.457199 0.701647 37.358746 6.737682 -0.855523 -0.245029 6.955086 10.018434 0.769994 -4.388353 -0.919810 -6.591356 2.626851 -2.455670 24.659906 -2.411734 -5.404953 -0.684447 -1.271351 -8.063236 0.686529 -1.369534 -0.577956 7.746616 -0.147802 2.006550 10.480627 -3.575617 -3.259255 -10.598887 2.921847 1.220359 12.914563 3.070363 -1.214573 1.854325 -2.849492 4.138308 9.723477 20.204103 0.726255 15.555709 43.498373 -19.161833 12.574250 -6.664273 -41.395931 -0.980740 4.152718 -13.084761 0.000000 0.000000 0.000000 0.000000 0.000000 0.000000 0.000000 0.000000 0.000000 0.000000 0.000000 0.000000 0.000000 0.000000 0.000000 0.000000 0.000000 0.000000 0.000000 0.000000 0.000000 0.000000 0.000000 0.000000 0.000000 0.000000 0.000000 0.000000 0.000000 0.000000 0.000000 0.000000 0.000000 0.000000 0.000000 0.000000 0.000000 0.000000 0.000000 0.000000 0.000000 0.000000 7.546768 -10.807978 3.349389 19.915416 -49.556783 20.194239 13.616066 4.528360 34.907859 -0.686719 -4.442395 7.757948 0.000000 0.000000 0.000000 0.000000 0.000000 0.000000 0.000000 0.000000 0.000000 0.000000 0.000000 0.000000 0.000000 0.000000 0.000000 0.000000 0.000000 0.000000 0.000000 0.000000 0.000000 0.000000 0.000000 0.000000 0.000000 0.000000 0.000000 0.000000 0.000000 0.000000 0.000000 0.000000 0.000000 0.000000 0.000000 0.000000 0.000000 0.000000 0.000000 0.000000 0.000000 0.000000
0.001150 -0.060174 1.075590 -8.083322 -0.753683 1.288010 -12.153989 -6.787691 0.761443 39.027391 7.055765 -0.969403 -0.156639 7.207956 10.003664 0.521536 -4.478188 -0.954587 -6.933240 3.369882 -2.571922 25.071579 -2.598299 -5.077779 -1.133246 -1.116043 -7.974102 0.641365 -1.447353 -0.557536 7.983042 -0.127060 1.906640 10.137569 -3.279357 -3.287711 -10.074863 2.893900 1.092552 12.588005 3.068490 -1.314183 1.925091 -2.738884 3.735829 9.504509 20.309719 1.080734 15.261410 42.797774 -18.670231 12.224763 -7.183807 -44.073986 -1.867077 3.980655 -13.264596 0.000000 0.000000 0.000000 0.000000 0.000000 0.000000 0.000000 0.000000 0.000000 0.000000 0.000000 0.000000 0.000000 0.000000 0.000000 0.000000 0.000000 0.000000 0.000000 0.000000 0.000000 0.000000 0.000000 0.000000 0.000000 0.000000 0.000000 0.000000 0.000000 0.000000 0.000000 0.000000 0.000000 0.000000 0.000000 0.000000 0.000000 0.000000 0.000000 0.000000 0.000000 0.000000 7.239120 -10.851155 3.234527 19.040953 -48.924644 19.548208 13.290400 4.719709 35.867687 -0.622550 -4.784391 7.750038 0.000000 0.000000 0.000000 0.000000 0.000000 0.000000 0.000000 0.000000 0.000000 0.000000 0.000000 0.000000 0.000000 0.000000 0.000000 0.000000 0.000000 0.000000 0.000000 0.000000 0.000000 0.000000 0.000000 0.000000 0.000000 0.000000 0.000000 0.000000 0.000000 0.000000 0.000000 0.000000 0.000000 0.000000 0.000000 0.000000 0.000000 0.000000 0.000000 0.000000 0.000000 0.000000
-0.000849 -0.059318 1.073657 -7.858510 -0.967555 1.421869 -12.867822 -7.967002 0.700354 39.893413 7.010704 -1.206174 -0.203784 7.423993 9.977483 0.394312 -4.588006 -0.956439 -7.229219 4.012032 -2.659766 25.286780 -2.775411 -4.849972 -1.752024 -1.050842 -7.814038 0.651346 -1.542788 -0.540641 8.098708 -0.029416 1.863019 9.886659 -3.090716 -3.345808 -9.773495 2.894796 0.995551 12.229037 2.969671 -1.204566 2.027584 -2.741145 3.600262 9.284103 20.328844 1.324778 15.028224 42.334078 -18.433909 11.893045 -7.686842 -45.942845 -2.473154 3.961500 -13.470567 0.000000 0.000000 0.000000 0.000000 0.000000 0.000000 0.000000 0.000000 0.000000 0.000000 0.000000 0.000000 0.000000 0.000000 0.000000 0.000000 0.000000 0.000000 0.000000 0.000000 0.000000 0.000000 0.000000 0.000000 0.000000 0.000000 0.000000 0.000000 0.000000 0.000000 0.000000 0.000000 0.000000 0.000000 0.000000 0.000000 0.000000 0.000000 0.000000 0.000000 0.000000 0.000000 6.995111 -10.895566 3.035823 18.398541 -48.433297 18.999233 12.822618 4.974441 36.774013 -0.747520 -4.986458 7.855340 0.000000 0.000000 0.000000 0.000000 0.000000 0.000000 0.000000 0.000000 0.000000 0.000000 0.000000 0.000000 0.000000 0.000000 0.000000 0.000000 0.000000 0.000000 0.000000 0.000000 0.000000 0.000000 0.000000 0.000000 0.000000 0.000000 0.000000 0.000000 0.000000 0.000000 0.000000 0.000000 0.000000 0.000000 0.000000 0.000000 0.000000 0.000000 0.000000 0.000000 0.000000 0.000000
-0.002444 -0.058914 1.071199 -7.686455 -1.318657 1.330131 -13.097907 -9.163508 0.800242 39.760534 6.844000 -1.507493 -0.717141 7.653699 10.019654 0.388376 -4.815521 -0.931178 -7.643364 4.777232 -2.618400 25.784523 -2.876477 -4.519153 -2.548245 -0.898465 -7.763933 0.694198 -1.680905 -0.533418 8.123450 0.117436 1.711613 9.588576 -2.852277 -3.336040 -9.327002 2.882449 0.941480 11.844521 2.851938 -1.232628 1.954346 -2.713189 3.172297 9.016195 20.370913 1.637322 14.802678 41.713541 -17.958792 11.495662 -8.280828 -48.458345 -3.077831 3.774386 -13.601685 0.000000 0.000000 0.000000 0.000000 0.000000 0.000000 0.000000 0.000000 0.000000 0.000000 0.000000 0.000000 0.000000 0.000000 0.000000 0.000000 0.000000 0.000000 0.000000 0.000000 0.000000 0.000000 0.000000 0.000000 0.000000 0.000000 0.000000 0.000000 0.000000 0.000000 0.000000 0.000000 0.000000 0.000000 0.000000 0.000000 0.000000 0.000000 0.000000 0.000000 0.000000 0.000000 6.666300 -10.974264 2.899596 17.578687 -47.996288 18.318278 12.324331 5.136314 37.616570 -0.665275 -5.321386 7.799973 0.000000 0.000000 0.000000 0.000000 0.000000 0.000000 0.000000 0.000000 0.000000 0.000000 0.000000 0.000000 0.000000 0.000000 0.000000 0.000000 0.000000 0.000000 0.000000 0.000000 0.000000 0.000000 0.000000 0.000000 0.000000 0.000000 0.000000 0.000000 0.000000 0.000000 0.000000 0.000000 0.000000 0.000000 0.000000 0.000000 0.000000 0.000000 0.000000 0.000000 0.000000 0.000000
-0.005770 -0.058332 1.068058 -7.455050 -1.495834 1.083215 -13.232531 -10.470988 0.962104 39.430406 6.563397 -1.844075 -1.309218 7.913559 10.067281 0.360912 -4.969280 -0.966287 -8.276960 5.430472 -2.521886 26.411337 -3.042774 -4.055358 -3.376398 -0.693158 -7.729323 0.667977 -1.720833 -0.478130 8.149710 0.224361 1.497937 9.466620 -2.720841 -3.287720 -9.147668 2.897876 0.905221 11.370179 2.646676 -1.122357 1.995048 -2.727266 2.721839 8.760147 20.393939 2.064996 14.722443 41.032039 -17.549712 10.933770 -8.908156 -51.335778 -3.813629 3.749167 -13.873438 0.000000 0.000000 0.000000 0.000000 0.000000 0.000000 0.000000 0.000000 0.000000 0.000000 0.000000 0.000000 0.000000 0.000000 0.000000 0.000000 0.000000 0.000000 0.000000 0.000000 0.000000 0.000000 0.000000 0.000000 0.000000 0.000000 0.000000 0.000000 0.000000 0.000000 0.000000 0.000000 0.000000 0.000000 0.000000 0.000000 0.000000 0.000000 0.000000 0.000000 0.000000 0.000000 6.412932 -11.137989 2.706705 16.870959 -47.257672 17.736792 11.886175 5.249773 38.575161 -0.785528 -5.808700 7.826402 0.000000 0.000000 0.000000 0.000000 0.000000 0.000000 0.000000 0.000000 0.000000 0.000000 0.000000 0.000000 0.000000 0.000000 0.000000 0.000000 0.000000 0.000000 0.000000 0.000000 0.000000 0.000000 0.000000 0.000000 0.000000 0.000000 0.000000 0.000000 0.000000 0.000000 0.000000 0.000000 0.000000 0.000000 0.000000 0.000000 0.000000 0.000000 0.000000 0.000000 0.000000 0.000000
-0.009947 -0.058814 1.064674 -7.356924 -1.656856 0.881168 -12.783871 -11.243720 1.118797 38.285958 6.114067 -2.357685 -1.633283 8.207046 9.994215 0.331817 -4.883794 -0.982889 -8.628965 6.032202 -2.558777 26.698097 -3.082556 -3.797119 -4.319005 -0.657618 -7.733471 0.651802 -1.647960 -0.460032 8.203627 0.341228 1.363638 9.474907 -2.591364 -3.211484 -9.157156 2.917959 0.945778 11.176536 2.543043 -1.089496 2.158575 -2.799100 2.316837 8.614088 20.407324 2.317571 14.584732 40.333215 -17.311216 10.013398 -9.333879 -54.142824 -4.715338 3.773477 -14.164669 0.000000 0.000000 0.000000 0.000000 0.000000 0.000000 0.000000 0.000000 0.000000 0.000000 0.000000 0.000000 0.000000 0.000000 0.000000 0.000000 0.000000 0.000000 0.000000 0.000000 0.000000 0.000000 0.000000 0.000000 0.000000 0.000000 0.000000 0.000000 0.000000 0.000000 0.000000 0.000000 0.000000 0.000000 0.000000 0.000000 0.000000 0.000000 0.000000 0.000000 0.000000 0.000000 6.426923 -11.182916 2.604846 16.300718 -46.701655 17.286075 11.391935 5.294021 39.535419 -0.777027 -5.928184 7.785997 0.000000 0.000000 0.000000 0.000000 0.000000 0.000000 0.000000 0.000000 0.000000 0.000000 0.000000 0.000000 0.000000 0.000000 0.000000 0.000000 0.000000 0.000000 0.000000 0.000000 0.000000 0.000000 0.000000 0.000000 0.000000 0.000000 0.000000 0.000000 0.000000 0.000000 0.000000 0.000000 0.000000 0.000000 0.000000 0.000000 0.000000 0.000000 0.000000 0.000000 0.000000 0.000000
-0.013319 -0.058925 1.061242 -7.178802 -2.080712 0.499835 -12.261160 -13.117618 1.284906 36.912965 5.094197 -3.133309 -1.989343 8.658124 9.936284 0.464910 -4.985754 -0.971272 -9.604184 7.072324 -2.292309 27.954334 -3.241727 -3.239607 -5.155546 -0.647036 -7.499451 0.693161 -1.745325 -0.347922 8.247419 0.545138 1.040172 8.956781 -2.306004 -3.079455 -8.515757 2.818105 0.912341 11.000570 2.371402 -1.138167 2.098647 -2.759669 1.666923 8.167376 20.415213 2.950148 14.309232 39.445191 -16.832281 8.974611 -10.069234 -58.358435 -6.292570 3.499238 -14.308267 0.000000 0.000000 0.000000 0.000000 0.000000 0.000000 0.000000 0.000000 0.000000 0.000000 0.000000 0.000000 0.000000 0.000000 0.000000 0.000000 0.000000 0.000000 0.000000 0.000000 0.000000 0.000000 0.000000 0.000000 0.000000 0.000000 0.000000 0.000000 0.000000 0.000000 0.000000 0.000000 0.000000 0.000000 0.000000 0.000000 0.000000 0.000000 0.000000 0.000000 0.000000 0.000000 6.050599 -11.524007 2.179706 15.396292 -45.778138 16.352178 11.049946 5.655111 41.040971 -0.549349 -6.310492 7.626863 0.000000 0.000000 0.000000 0.000000 0.000000 0.000000 0.000000 0.000000 0.000000 0.000000 0.000000 0.000000 0.000000 0.000000 0.000000 0.000000 0.000000 0.000000 0.000000 0.000000 0.000000 0.000000 0.000000 0.000000 0.000000 0.000000 0.000000 0.000000 0.000000 0.000000 0.000000 0.000000 0.000000 0.000000 0.000000 0.000000 0.000000 0.000000 0.000000 0.000000 0.000000 0.000000
-0.019348 -0.058012 1.057830 -6.777317 -2.266721 0.293410 -11.345633 -14.628942 1.541914 35.347617 4.053749 -3.846347 -2.079205 9.066373 10.162053 0.529334 -5.024240 -0.955504 -10.646132 7.817762 -2.085291 28.929199 -3.252737 -2.663298 -5.897061 -0.750166 -7.247178 0.663521 -1.797524 -0.330622 8.358488 0.549352 0.602216 8.699495 -2.126153 -2.972720 -7.986989 2.708056 0.779787 10.551170 2.120560 -1.380989 1.950646 -2.686996 0.680742 7.900995 20.366263 3.323950 14.069290 38.650139 -16.343877 8.002236 -10.631060 -62.540040 -8.265897 3.405166 -14.363711 0.000000 0.000000 0.000000 0.000000 0.000000 0.000000 0.000000 0.000000 0.000000 0.000000 0.000000 0.000000 0.000000 0.000000 0.000000 0.000000 0.000000 0.000000 0.000000 0.000000 0.000000 0.000000 0.000000 0.000000 0.000000 0.000000 0.000000 0.000000 0.000000 0.000000 0.000000 0.000000 0.000000 0.000000 0.000000 0.000000 0.000000 0.000000 0.000000 0.000000 0.000000 0.000000 5.754004 -11.543907 2.050536 14.700263 -44.994163 15.613073 10.956724 5.761937 42.102558 -0.675576 -6.494361 7.377972 0.000000 0.000000 0.000000 0.000000 0.000000 0.000000 0.000000 0.000000 0.000000 0.000000 0.000000 0.000000 0.000000 0.000000 0.000000 0.000000 0.000000 0.000000 0.000000 0.000000 0.000000 0.000000 0.000000 0.000000 0.000000 0.000000 0.000000 0.000000 0.000000 0.000000 0.000000 0.000000 0.000000 0.000000 0.000000 0.000000 0.000000 0.000000 0.000000 0.000000 0.000000 0.000000
-0.026286 -0.057330 1.054839 -6.429508 -2.470288 0.015683 -10.174381 -16.027973 1.925369 33.313358 3.293948 -4.432896 -1.631095 9.602267 10.183681 0.480540 -5.085074 -0.886547 -11.364313 8.681471 -2.001141 29.567160 -3.326863 -2.089376 -6.725498 -0.879261 -6.819940 0.635002 -2.025408 -0.395741 8.307548 0.570228 0.257259 8.351895 -1.923421 -2.903848 -7.386938 2.604173 0.600322 10.307656 1.845263 -1.340014 1.966950 -2.841582 0.130634 7.657725 20.276801 3.763625 13.936160 38.028618 -16.179230 7.443203 -11.028446 -65.810495 -9.971595 3.008743 -14.541509 0.000000 0.000000 0.000000 0.000000 0.000000 0.000000 0.000000 0.000000 0.000000 0.000000 0.000000 0.000000 0.000000 0.000000 0.000000 0.000000 0.000000 0.000000 0.000000 0.000000 0.000000 0.000000 0.000000 0.000000 0.000000 0.000000 0.000000 0.000000 0.000000 0.000000 0.000000 0.000000 0.000000 0.000000 0.000000 0.000000 0.000000 0.000000 0.000000 0.000000 0.000000 0.000000 5.393731 -11.508000 1.769232 14.341578 -44.637931 15.112769 10.708944 5.796049 43.044964 -0.900179 -6.238930 7.269622 0.000000 0.000000 0.000000 0.000000 0.000000 0.000000 0.000000 0.000000 0.000000 0.000000 0.000000 0.000000 0.000000 0.000000 0.000000 0.000000 0.000000 0.000000 0.000000 0.000000 0.000000 0.000000 0.000000 0.000000 0.000000 0.000000 0.000000 0.000000 0.000000 0.000000 0.000000 0.000000 0.000000 0.000000 0.000000 0.000000 0.000000 0.000000 0.000000 0.000000 0.000000 0.000000
-0.034026 -0.054394 1.051847 -5.749526 -2.719666 -0.379381 -8.693573 -17.147423 2.252743 30.327334 2.298422 -5.143719 -1.024975 10.527911 10.099834 0.576872 -5.134570 -0.818860 -12.657178 9.451609 -1.654393 30.557908 -3.182707 -1.700999 -7.284923 -1.195801 -6.436261 0.673027 -2.088215 -0.381663 8.123890 0.652003 -0.174378 7.886334 -1.694143 -2.747056 -6.792819 2.520862 0.537951 9.852690 1.609330 -1.508943 1.864042 -3.186624 -0.293479 7.461841 20.339751 4.263122 13.819578 37.529110 -15.737581 6.574941 -11.274855 -69.488970 -11.816085 3.065398 -14.674127 0.000000 0.000000 0.000000 0.000000 0.000000 0.000000 0.000000 0.000000 0.000000 0.000000 0.000000 0.000000 0.000000 0.000000 0.000000 0.000000 0.000000 0.000000 0.000000 0.000000 0.000000 0.000000 0.000000 0.000000 0.000000 0.000000 0.000000 0.000000 0.000000 0.000000 0.000000 0.000000 0.000000 0.000000 0.000000 0.000000 0.000000 0.000000 0.000000 0.000000 0.000000 0.000000 5.223543 -11.499968 1.431797 13.885883 -43.954792 14.591122 10.690857 5.919817 43.923893 -0.560900 -6.612926 7.117837 0.000000 0.000000 0.000000 0.000000 0.000000 0.000000 0.000000 0.000000 0.000000 0.000000 0.000000 0.000000 0.000000 0.000000 0.000000 0.000000 0.000000 0.000000 0.000000 0.000000 0.000000 0.000000 0.000000 0.000000 0.000000 0.000000 0.000000 0.000000 0.000000 0.000000 0.000000 0.000000 0.000000 0.000000 0.000000 0.000000 0.000000 0.000000 0.000000 0.000000 0.000000 0.000000
-0.043527 -0.051767 1.048986 -5.136453 -2.821829 -0.556933 -7.001707 -18.375547 2.773095 26.636168 1.675430 -5.934275 -0.226033 11.585803 9.814177 0.686975 -5.120935 -0.698440 -13.839334 10.207214 -1.377162 31.415670 -3.254800 -1.337441 -7.433239 -1.582012 -6.247944 0.693849 -2.004191 -0.381864 7.842879 0.630646 -0.625362 7.853648 -1.640107 -2.756883 -6.484395 2.365903 0.398332 9.423723 1.399657 -1.495031 1.759757 -3.566761 -0.677156 7.390099 20.459557 4.571020 13.960885 37.039668 -15.733534 5.775953 -11.687895 -73.155488 -13.513178 3.895465 -15.029708 0.000000 0.000000 0.000000 0.000000 0.000000 0.000000 0.000000 0.000000 0.000000 0.000000 0.000000 0.000000 0.000000 0.000000 0.000000 0.000000 0.000000 0.000000 0.000000 0.000000 0.000000 0.000000 0.000000 0.000000 0.000000 0.000000 0.000000 0.000000 0.000000 0.000000 0.000000 0.000000 0.000000 0.000000 0.000000 0.000000 0.000000 0.000000 0.000000 0.000000 0.000000 0.000000 5.108461 -11.603305 1.176480 13.091984 -43.130029 13.755746 10.405257 6.124001 44.809434 -0.356858 -7.153980 7.174353 0.000000 0.000000 0.000000 0.000000 0.000000 0.000000 0.000000 0.000000 0.000000 0.000000 0.000000 0.000000 0.000000 0.000000 0.000000 0.000000 0.000000 0.000000 0.000000 0.000000 0.000000 0.000000 0.000000 0.000000 0.000000 0.000000 0.000000 0.000000 0.000000 0.000000 0.000000 0.000000 0.000000 0.000000 0.000000 0.000000 0.000000 0.000000 0.000000 0.000000 0.000000 0.000000
-0.054103 -0.048832 1.046092 -4.486608 -2.902874 -0.701288 -5.317244 -19.365623 3.322281 22.893849 1.008029 -6.853577 0.810823 12.537287 9.485740 0.904453 -4.884157 -0.596641 -14.813297 10.911191 -1.111820 31.860565 -3.155303 -1.041435 -7.655378 -2.091315 -5.980643 0.758991 -1.802802 -0.361022 7.661763 0.636655 -0.950342 7.956587 -1.623100 -2.728511 -6.608273 2.247670 0.354391 9.541087 1.336180 -1.910661 1.548150 -4.116676 -0.909273 7.660743 20.558561 4.460361 14.085833 36.508821 -15.993716 4.752727 -11.825852 -76.647849 -14.812877 4.267284 -15.469216 0.000000 0.000000 0.000000 0.000000 0.000000 0.000000 0.000000 0.000000 0.000000 0.000000 0.000000 0.000000 0.000000 0.000000 0.000000 0.000000 0.000000 0.000000 0.000000 0.000000 0.000000 0.000000 0.000000 0.000000 0.000000 0.000000 0.000000 0.000000 0.000000 0.000000 0.000000 0.000000 0.000000 0.000000 0.000000 0.000000 0.000000 0.000000 0.000000 0.000000 0.000000 0.000000 5.380756 -11.691420 1.128666 12.310722 -42.640407 12.819149 10.200160 6.289736 45.103359 0.316042 -7.339710 7.213078 0.000000 0.000000 0.000000 0.000000 0.000000 0.000000 0.000000 0.000000 0.000000 0.000000 0.000000 0.000000 0.000000 0.000000 0.000000 0.000000 0.000000 0.000000 0.000000 0.000000 0.000000 0.000000 0.000000 0.000000 0.000000 0.000000 0.000000 0.000000 0.000000 0.000000 0.000000 0.000000 0.000000 0.000000 0.000000 0.000000 0.000000 0.000000 0.000000 0.000000 0.000000 0.000000
-0.066016 -0.045402 1.042537 -3.779002 -2.887513 -1.049965 -3.862489 -20.245339 3.975263 19.463648 0.689489 -7.412613 1.547241 13.442882 9.087346 0.985663 -4.865138 -0.481763 -15.947773 11.597447 -0.893751 32.327542 -3.153664 -0.914887 -7.809830 -2.569841 -5.686047 0.826826 -1.690892 -0.392544 7.401798 0.432766 -1.337539 7.778919 -1.531689 -2.709573 -6.356084 2.059529 0.218402 9.319914 1.145124 -2.342078 1.357432 -4.469428 -1.433435 7.567385 20.393441 4.416320 14.369992 36.214943 -16.426892 4.064910 -12.133416 -79.753433 -16.089318 4.696226 -15.806123 0.000000 0.000000 0.000000 0.000000 0.000000 0.000000 0.000000 0.000000 0.000000 0.000000 0.000000 0.000000 0.000000 0.000000 0.000000 0.000000 0.000000 0.000000 0.000000 0.000000 0.000000 0.000000 0.000000 0.000000 0.000000 0.000000 0.000000 0.000000 0.000000 0.000000 0.000000 0.000000 0.000000 0.000000 0.000000 0.000000 0.000000 0.000000 0.000000 0.000000 0.000000 0.000000 5.265130 -11.719615 1.054253 11.783843 -41.863419 12.101937 10.312673 6.360204 45.253391 0.806565 -7.566973 7.259712 0.000000 0.000000 0.000000 0.000000 0.000000 0.000000 0.000000 0.000000 0.000000 0.000000 0.000000 0.000000 0.000000 0.000000 0.000000 0.000000 0.000000 0.000000 0.000000 0.000000 0.000000 0.000000 0.000000 0.000000 0.000000 0.000000 0.000000 0.000000 0.000000 0.000000 0.000000 0.000000 0.000000 0.000000 0.000000 0.000000 0.000000 0.000000 0.000000 0.000000 0.000000 0.000000
-0.079029 -0.042997 1.038260 -3.253642 -2.814293 -1.349532 -2.770046 -20.998960 4.429863 17.124289 0.441936 -8.011984 1.412983 13.953939 8.977599 1.056813 -4.921115 -0.478799 -17.076599 12.187403 -0.568551 33.066061 -3.098045 -0.825519 -7.965925 -2.872733 -5.573608 0.887048 -1.592622 -0.312906 7.319887 0.377457 -1.659941 7.853025 -1.609722 -2.727790 -6.404323 1.941887 0.109140 9.210434 0.893592 -2.947024 0.943523 -4.740104 -2.167601 7.763846 20.340103 4.347961 14.177999 35.828339 -16.694017 3.007972 -12.377176 -83.145381 -17.177584 5.010823 -16.137139 0.000000 0.000000 0.000000 0.000000 0.000000 0.000000 0.000000 0.000000 0.000000 0.000000 0.000000 0.000000 0.000000 0.000000 0.000000 0.000000 0.000000 0.000000 0.000000 0.000000 0.000000 0.000000 0.000000 0.000000 0.000000 0.000000 0.000000 0.000000 0.000000 0.000000 0.000000 0.000000 0.000000 0.000000 0.000000 0.000000 0.000000 0.000000 0.000000 0.000000 0.000000 0.000000 5.345180 -11.732735 1.054103 10.957631 -41.133439 11.347963 10.142569 6.767207 45.367682 1.330789 -7.656625 7.409825 0.000000 0.000000 0.000000 0.000000 0.000000 0.000000 0.000000 0.000000 0.000000 0.000000 0.000000 0.000000 0.000000 0.000000 0.000000 0.000000 0.000000 0.000000 0.000000 0.000000 0.000000 0.000000 0.000000 0.000000 0.000000 0.000000 0.000000 0.000000 0.000000 0.000000 0.000000 0.000000 0.000000 0.000000 0.000000 0.000000 0.000000 0.000000 0.000000 0.000000 0.000000 0.000000
-0.092013 -0.040986 1.033346 -2.809603 -2.844325 -1.600218 -1.716272 -21.590304 4.863666 14.942551 0.271356 -8.622980 0.830314 14.243030 8.951967 1.135459 -4.993987 -0.425405 -18.238560 12.879237 -0.228134 34.013634 -3.002593 -0.809571 -8.350822 -3.260809 -5.682556 1.009830 -1.495216 -0.275071 7.242577 0.293262 -1.945157 7.910949 -1.713337 -2.794265 -6.337207 1.798207 0.000091 8.955464 0.733137 -3.529567 0.493951 -5.119172 -2.752300 7.944101 20.236399 3.998778 14.208110 35.369629 -17.275423 2.099974 -12.582346 -86.563183 -18.044966 5.527588 -16.454178 0.000000 0.000000 0.000000 0.000000 0.000000 0.000000 0.000000 0.000000 0.000000 0.000000 0.000000 0.000000 0.000000 0.000000 0.000000 0.000000 0.000000 0.000000 0.000000 0.000000 0.000000 0.000000 0.000000 0.000000 0.000000 0.000000 0.000000 0.000000 0.000000 0.000000 0.000000 0.000000 0.000000 0.000000 0.000000 0.000000 0.000000 0.000000 0.000000 0.000000 0.000000 0.000000 5.413878 -11.859789 1.219090 10.182256 -40.386474 10.544397 9.744503 6.999908 45.441305 1.906180 -7.657594 7.507009 0.000000 0.000000 0.000000 0.000000 0.000000 0.000000 0.000000 0.000000 0.000000 0.000000 0.000000 0.000000 0.000000 0.000000 0.000000 0.000000 0.000000 0.000000 0.000000 0.000000 0.000000 0.000000 0.000000 0.000000 0.000000 0.000000 0.000000 0.000000 0.000000 0.000000 0.000000 0.000000 0.000000 0.000000 0.000000 0.000000 0.000000 0.000000 0.000000 0.000000 0.000000 0.000000
-0.105881 -0.040006 1.028031 -2.561323 -2.828705 -2.090559 -1.079815 -21.877664 5.116179 14.249642 0.294119 -9.175548 -0.983070 13.981185 9.257417 1.138261 -5.156037 -0.471151 -19.336285 13.505993 0.138922 35.107304 -2.879668 -0.586081 -8.884007 -3.508817 -5.843099 1.086269 -1.373888 -0.155344 7.353476 0.255222 -2.148595 7.964301 -1.908370 -2.860119 -6.424309 1.758433 -0.036857 8.855614 0.507063 -4.006745 0.479763 -5.264802 -3.323872 8.014892 20.038765 3.756936 14.064466 34.911341 -18.024428 1.249233 -12.604369 -89.237427 -18.501739 5.971379 -16.439056 0.000000 0.000000 0.000000 0.000000 0.000000 0.000000 0.000000 0.000000 0.000000 0.000000 0.000000 0.000000 0.000000 0.000000 0.000000 0.000000 0.000000 0.000000 0.000000 0.000000 0.000000 0.000000 0.000000 0.000000 0.000000 0.000000 0.000000 0.000000 0.000000 0.000000 0.000000 0.000000 0.000000 0.000000 0.000000 0.000000 0.000000 0.000000 0.000000 0.000000 0.000000 0.000000 5.391734 -12.176187 1.203273 9.451365 -39.432145 9.994907 9.199165 6.995637 45.185199 2.312961 -7.766282 7.557087 0.000000 0.000000 0.000000 0.000000 0.000000 0.000000 0.000000 0.000000 0.000000 0.000000 0.000000 0.000000 0.000000 0.000000 0.000000 0.000000 0.000000 0.000000 0.000000 0.000000 0.000000 0.000000 0.000000 0.000000 0.000000 0.000000 0.000000 0.000000 0.000000 0.000000 0.000000 0.000000 0.000000 0.000000 0.000000 0.000000 0.000000 0.000000 0.000000 0.000000 0.000000 0.000000
-0.119189 -0.039727 1.022894 -2.462382 -2.955569 -2.592821 -0.655778 -22.065053 5.317351 14.347737 0.518662 -9.356972 -2.781473 13.573810 9.457221 1.058953 -5.289195 -0.503369 -20.050005 14.397920 0.247590 35.751686 -2.821426 -0.466028 -9.440876 -3.799886 -5.840573 1.116691 -1.416222 -0.045522 7.404116 0.186405 -2.243557 8.117312 -2.035853 -2.907036 -6.395751 1.730019 -0.087775 8.758207 0.284481 -4.385691 0.306448 -5.359410 -3.707593 8.096178 19.926118 3.344157 13.873450 34.624901 -18.719895 0.498477 -12.621089 -91.772336 -18.773964 6.282135 -16.560291 0.000000 0.000000 0.000000 0.000000 0.000000 0.000000 0.000000 0.000000 0.000000 0.000000 0.000000 0.000000 0.000000 0.000000 0.000000 0.000000 0.000000 0.000000 0.000000 0.000000 0.000000 0.000000 0.000000 0.000000 0.000000 0.000000 0.000000 0.000000 0.000000 0.000000 0.000000 0.000000 0.000000 0.000000 0.000000 0.000000 0.000000 0.000000 0.000000 0.000000 0.000000 0.000000 5.379722 -12.305246 1.402657 8.756668 -38.677859 9.412499 8.741630 6.840487 45.079900 2.640747 -7.938659 7.629885 0.000000 0.000000 0.000000 0.000000 0.000000 0.000000 0.000000 0.000000 0.000000 0.000000 0.000000 0.000000 0.000000 0.000000 0.000000 0.000000 0.000000 0.000000 0.000000 0.000000 0.000000 0.000000 0.000000 0.000000 0.000000 0.000000 0.000000 0.000000 0.000000 0.000000 0.000000 0.000000 0.000000 0.000000 0.000000 0.000000 0.000000 0.000000 0.000000 0.000000 0.000000 0.000000
-0.133904 -0.040135 1.018049 -2.501288 -2.920074 -3.161207 -0.260245 -22.004955 5.380542 14.725928 0.684877 -9.574184 -5.101935 12.862515 9.859235 0.979804 -5.443549 -0.555853 -20.731569 15.149962 0.385172 36.449352 -2.767196 -0.472111 -9.627819 -4.335971 -5.871970 1.188368 -1.371765 0.086571 7.517403 0.138386 -2.273431 8.341552 -2.233061 -2.948074 -6.479070 1.713256 -0.046789 8.558009 0.056113 -4.729680 0.093222 -5.519844 -4.042769 8.116344 19.792701 2.897016 13.666370 34.188725 -19.480652 -0.349104 -12.605792 -94.215097 -18.896485 6.840521 -16.711088 0.000000 0.000000 0.000000 0.000000 0.000000 0.000000 0.000000 0.000000 0.000000 0.000000 0.000000 0.000000 0.000000 0.000000 0.000000 0.000000 0.000000 0.000000 0.000000 0.000000 0.000000 0.000000 0.000000 0.000000 0.000000 0.000000 0.000000 0.000000 0.000000 0.000000 0.000000 0.000000 0.000000 0.000000 0.000000 0.000000 0.000000 0.000000 0.000000 0.000000 0.000000 0.000000 5.382204 -12.524033 1.599798 8.120485 -37.980371 8.932447 8.069741 6.955451 44.983619 3.187687 -8.242904 7.610686 0.000000 0.000000 0.000000 0.000000 0.000000 0.000000 0.000000 0.000000 0.000000 0.000000 0.000000 0.000000 0.000000 0.000000 0.000000 0.000000 0.000000 0.000000 0.000000 0.000000 0.000000 0.000000 0.000000 0.000000 0.000000 0.000000 0.000000 0.000000 0.000000 0.000000 0.000000 0.000000 0.000000 0.000000 0.000000 0.000000 0.000000 0.000000 0.000000 0.000000 0.000000 0.000000
-0.149016 -0.041572 1.013802 -2.736802 -2.855184 -3.721780 -0.027449 -21.871527 5.420588 15.708185 0.974219 -9.632060 -7.455005 12.093262 10.164969 0.812509 -5.763886 -0.612873 -21.236953 15.840078 0.610827 37.192285 -2.645692 -0.237375 -9.591131 -4.806503 -5.988640 1.247715 -1.509292 0.193467 7.694319 0.006415 -2.322817 8.440971 -2.399954 -3.006779 -6.391143 1.667053 -0.096448 8.197771 -0.184388 -5.038396 -0.120401 -5.543846 -4.374169 8.023936 19.605382 2.484742 13.403657 33.818688 -20.194026 -0.982242 -12.709571 -96.182948 -18.817348 6.951989 -16.755394 0.000000 0.000000 0.000000 0.000000 0.000000 0.000000 0.000000 0.000000 0.000000 0.000000 0.000000 0.000000 0.000000 0.000000 0.000000 0.000000 0.000000 0.000000 0.000000 0.000000 0.000000 0.000000 0.000000 0.000000 0.000000 0.000000 0.000000 0.000000 0.000000 0.000000 0.000000 0.000000 0.000000 0.000000 0.000000 0.000000 0.000000 0.000000 0.000000 0.000000 0.000000 0.000000 5.192940 -12.690299 1.777157 7.735342 -37.276086 8.785795 7.717117 6.919803 44.543345 3.643517 -8.211758 7.712399 0.000000 0.000000 0.000000 0.000000 0.000000 0.000000 0.000000 0.000000 0.000000 0.000000 0.000000 0.000000 0.000000 0.000000 0.000000 0.000000 0.000000 0.000000 0.000000 0.000000 0.000000 0.000000 0.000000 0.000000 0.000000 0.000000 0.000000 0.000000 0.000000 0.000000 0.000000 0.000000 0.000000 0.000000 0.000000 0.000000 0.000000 0.000000 0.000000 0.000000 0.000000 0.000000
-0.165476 -0.042870 1.010069 -2.948428 -2.626233 -4.441804 0.124396 -21.579922 5.329730 16.895920 1.217161 -9.683176 -10.203864 11.031457 10.671615 0.617693 -6.154803 -0.704354 -21.892347 16.421333 0.839506 38.010247 -2.576610 0.006332 -9.183273 -5.377718 -5.999735 1.340274 -1.614155 0.331813 7.805709 -0.171323 -2.346406 8.583872 -2.556662 -3.038389 -6.311581 1.663344 -0.115746 7.851666 -0.397685 -5.400815 -0.557615 -5.489156 -4.746068 7.837616 19.506373 2.066822 13.109848 33.626217 -20.926965 -1.619762 -12.854870 -97.766759 -18.605264 6.985537 -16.855930 0.000000 0.000000 0.000000 0.000000 0.000000 0.000000 0.000000 0.000000 0.000000 0.000000 0.000000 0.000000 0.000000 0.000000 0.000000 0.000000 0.000000 0.000000 0.000000 0.000000 0.000000 0.000000 0.000000 0.000000 0.000000 0.000000 0.000000 0.000000 0.000000 0.000000 0.000000 0.000000 0.000000 0.000000 0.000000 0.000000 0.000000 0.000000 0.000000 0.000000 0.000000 0.000000 4.989304 -12.824568 1.986162 7.367102 -36.610854 8.635081 7.223025 6.983511 43.980519 3.814720 -8.380829 7.840732 0.000000 0.000000 0.000000 0.000000 0.000000 0.000000 0.000000 0.000000 0.000000 0.000000 0.000000 0.000000 0.000000 0.000000 0.000000 0.000000 0.000000 0.000000 0.000000 0.000000 0.000000 0.000000 0.000000 0.000000 0.000000 0.000000 0.000000 0.000000 0.000000 0.000000 0.000000 0.000000 0.000000 0.000000 0.000000 0.000000 0.000000 0.000000 0.000000 0.000000 0.000000 0.000000
-0.182253 -0.043726 1.006950 -3.087952 -2.365149 -5.119137 0.179381 -21.276619 5.317783 18.174358 1.440513 -9.696295 -12.680696 10.079960 10.956124 0.443828 -6.350917 -0.792971 -22.226407 16.836896 1.023953 38.243214 -2.424261 0.212835 -8.959187 -5.857385 -6.180825 1.431168 -1.649090 0.409617 7.832450 -0.297743 -2.322586 8.797793 -2.867535 -3.122444 -6.477445 1.591895 -0.093872 7.715675 -0.496753 -5.557980 -0.828335 -5.434864 -4.802662 7.865941 19.437768 1.511142 12.734851 33.273143 -21.428901 -2.192170 -12.822557 -98.849240 -17.838838 6.577551 -17.014120 0.000000 0.000000 0.000000 0.000000 0.000000 0.000000 0.000000 0.000000 0.000000 0.000000 0.000000 0.000000 0.000000 0.000000 0.000000 0.000000 0.000000 0.000000 0.000000 0.000000 0.000000 0.000000 0.000000 0.000000 0.000000 0.000000 0.000000 0.000000 0.000000 0.000000 0.000000 0.000000 0.000000 0.000000 0.000000 0.000000 0.000000 0.000000 0.000000 0.000000 0.000000 0.000000 4.882683 -13.168742 2.100928 7.097227 -36.071461 8.455502 6.568506 7.176100 43.769688 4.129856 -8.474117 7.949019 0.000000 0.000000 0.000000 0.000000 0.000000 0.000000 0.000000 0.000000 0.000000 0.000000 0.000000 0.000000 0.000000 0.000000 0.000000 0.000000 0.000000 0.000000 0.000000 0.000000 0.000000 0.000000 0.000000 0.000000 0.000000 0.000000 0.000000 0.000000 0.000000 0.000000 0.000000 0.000000 0.000000 0.000000 0.000000 0.000000 0.000000 0.000000 0.000000 0.000000 0.000000 0.000000
-0.199758 -0.045812 1.004410 -3.371313 -1.982157 -5.838995 0.220412 -20.934651 5.270789 19.752040 1.693127 -9.550254 -15.157113 8.931434 11.319608 0.210492 -6.630868 -0.931111 -22.468163 17.214490 1.134277 38.462651 -2.329456 0.339643 -8.253185 -6.395516 -6.096401 1.494536 -1.697125 0.529379 8.129003 -0.431175 -2.294614 9.000300 -3.126031 -3.185963 -6.626157 1.557074 -0.101385 7.571038 -0.733409 -6.056425 -1.281058 -5.239469 -5.338177 7.865591 19.347106 1.094781 12.296384 33.143795 -21.960578 -2.768829 -12.880013 -99.709624 -17.028198 6.154836 -17.130487 0.000000 0.000000 0.000000 0.000000 0.000000 0.000000 0.000000 0.000000 0.000000 0.000000 0.000000 0.000000 0.000000 0.000000 0.000000 0.000000 0.000000 0.000000 0.000000 0.000000 0.000000 0.000000 0.000000 0.000000 0.000000 0.000000 0.000000 0.000000 0.000000 0.000000 0.000000 0.000000 0.000000 0.000000 0.000000 0.000000 0.000000 0.000000 0.000000 0.000000 0.000000 0.000000 4.769897 -13.410902 2.197477 6.755603 -35.777327 8.237650 5.927242 7.319616 43.479368 4.201317 -8.200475 8.119323 0.000000 0.000000 0.000000 0.000000 0.000000 0.000000 0.000000 0.000000 0.000000 0.000000 0.000000 0.000000 0.000000 0.000000 0.000000 0.000000 0.000000 0.000000 0.000000 0.000000 0.000000 0.000000 0.000000 0.000000 0.000000 0.000000 0.000000 0.000000 0.000000 0.000000 0.000000 0.000000 0.000000 0.000000 0.000000 0.000000 0.000000 0.000000 0.000000 0.000000 0.000000 0.000000
-0.217002 -0.047818 1.002493 -3.624381 -1.623639 -6.345994 0.138507 -20.711546 5.289485 21.127059 2.084620 -9.308116 -17.242057 8.050477 11.382509 0.045729 -6.842597 -1.045945 -22.699256 17.635136 1.256349 38.635589 -2.300040 0.292992 -7.261740 -6.968067 -6.077228 1.569425 -1.813535 0.606350 8.460651 -0.576918 -2.287710 9.157596 -3.365677 -3.268358 -6.640208 1.430130 -0.169364 7.349477 -0.964731 -6.609248 -1.836943 -5.282115 -5.850646 7.738617 19.179077 0.663331 11.849665 33.128880 -22.636656 -3.619059 -12.895114 -100.873848 -16.172526 5.604992 -17.429901 0.000000 0.000000 0.000000 0.000000 0.000000 0.000000 0.000000 0.000000 0.000000 0.000000 0.000000 0.000000 0.000000 0.000000 0.000000 0.000000 0.000000 0.000000 0.000000 0.000000 0.000000 0.000000 0.000000 0.000000 0.000000 0.000000 0.000000 0.000000 0.000000 0.000000 0.000000 0.000000 0.000000 0.000000 0.000000 0.000000 0.000000 0.000000 0.000000 0.000000 0.000000 0.000000 4.551416 -13.538265 2.331839 6.425004 -35.413839 8.005983 5.523862 7.524489 43.207090 4.364034 -7.628881 8.244096 0.000000 0.000000 0.000000 0.000000 0.000000 0.000000 0.000000 0.000000 0.000000 0.000000 0.000000 0.000000 0.000000 0.000000 0.000000 0.000000 0.000000 0.000000 0.000000 0.000000 0.000000 0.000000 0.000000 0.000000 0.000000 0.000000 0.000000 0.000000 0.000000 0.000000 0.000000 0.000000 0.000000 0.000000 0.000000 0.000000 0.000000 0.000000 0.000000 0.000000 0.000000 0.000000
-0.233081 -0.049367 1.001174 -3.791352 -1.406657 -6.865092 -0.313012 -20.371926 5.197172 22.839036 2.682996 -8.917412 -19.051168 7.090985 11.566699 -0.107258 -6.979473 -1.186272 -23.191352 18.248010 1.436222 38.914102 -2.324823 0.254583 -5.899153 -7.689195 -6.056374 1.564118 -1.859203 0.688765 8.773868 -0.512244 -2.172412 9.315233 -3.689969 -3.356076 -6.907626 1.388975 -0.178454 7.004557 -1.199236 -7.170616 -1.984885 -5.338132 -6.219980 8.043246 19.387621 0.328242 11.188316 32.687416 -22.975480 -4.235580 -12.620167 -102.148120 -15.899818 5.241895 -17.949544 0.000000 0.000000 0.000000 0.000000 0.000000 0.000000 0.000000 0.000000 0.000000 0.000000 0.000000 0.000000 0.000000 0.000000 0.000000 0.000000 0.000000 0.000000 0.000000 0.000000 0.000000 0.000000 0.000000 0.000000 0.000000 0.000000 0.000000 0.000000 0.000000 0.000000 0.000000 0.000000 0.000000 0.000000 0.000000 0.000000 0.000000 0.000000 0.000000 0.000000 0.000000 0.000000 4.673403 -13.956230 2.388610 6.203749 -35.113726 7.651487 4.735655 7.673728 43.737021 4.370879 -6.997507 8.531083 0.000000 0.000000 0.000000 0.000000 0.000000 0.000000 0.000000 0.000000 0.000000 0.000000 0.000000 0.000000 0.000000 0.000000 0.000000 0.000000 0.000000 0.000000 0.000000 0.000000 0.000000 0.000000 0.000000 0.000000 0.000000 0.000000 0.000000 0.000000 0.000000 0.000000 0.000000 0.000000 0.000000 0.000000 0.000000 0.000000 0.000000 0.000000 0.000000 0.000000 0.000000 0.000000
-0.248953 -0.051283 1.000594 -4.053486 -1.093572 -7.498481 -0.586682 -20.152091 5.230581 24.355145 3.252627 -8.327797 -20.471304 6.473912 11.655594 -0.240115 -7.044847 -1.315226 -23.689947 18.720281 1.589182 39.194004 -2.330171 0.188446 -4.264982 -8.474129 -5.976176 1.619049 -1.845682 0.767782 9.119351 -0.540205 -2.093458 9.610016 -3.975067 -3.445846 -7.312529 1.351319 -0.078581 6.891126 -1.255624 -7.684025 -2.278750 -5.387470 -6.657701 8.120044 19.132300 -0.163358 10.852270 32.338028 -23.731824 -4.877607 -12.797523 -103.419230 -15.183168 4.683295 -18.357093 0.000000 0.000000 0.000000 0.000000 0.000000 0.000000 0.000000 0.000000 0.000000 0.000000 0.000000 0.000000 0.000000 0.000000 0.000000 0.000000 0.000000 0.000000 0.000000 0.000000 0.000000 0.000000 0.000000 0.000000 0.000000 0.000000 0.000000 0.000000 0.000000 0.000000 0.000000 0.000000 0.000000 0.000000 0.000000 0.000000 0.000000 0.000000 0.000000 0.000000 0.000000 0.000000 4.851713 -14.177454 2.524668 6.041148 -34.883226 7.566265 4.316221 7.755924 43.717204 4.531618 -6.442756 8.597903 0.000000 0.000000 0.000000 0.000000 0.000000 0.000000 0.000000 0.000000 0.000000 0.000000 0.000000 0.000000 0.000000 0.000000 0.000000 0.000000 0.000000 0.000000 0.000000 0.000000 0.000000 0.000000 0.000000 0.000000 0.000000 0.000000 0.000000 0.000000 0.000000 0.000000 0.000000 0.000000 0.000000 0.000000 0.000000 0.000000 0.000000 0.000000 0.000000 0.000000 0.000000 0.000000
-0.260139 -0.055066 1.000463 -4.282402 -0.833153 -7.932559 -1.232884 -20.115499 5.154423 26.052860 3.731446 -7.936176 -21.045394 5.922588 11.658961 -0.417763 -7.221225 -1.411975 -24.012716 19.146811 1.506151 39.168044 -2.557710 -0.120134 -3.022404 -8.877107 -5.732361 1.613458 -2.082505 0.784142 9.638741 -0.522924 -2.021929 9.361393 -4.008345 -3.412045 -7.033497 1.243812 -0.136249 6.316034 -1.454592 -8.186984 -2.495499 -5.475093 -7.150551 7.939270 18.939622 -0.083826 10.630276 32.127088 -23.991399 -5.240028 -12.842526 -104.864477 -15.477207 4.420446 -18.489803 0.000000 0.000000 0.000000 0.000000 0.000000 0.000000 0.000000 0.000000 0.000000 0.000000 0.000000 0.000000 0.000000 0.000000 0.000000 0.000000 0.000000 0.000000 0.000000 0.000000 0.000000 0.000000 0.000000 0.000000 0.000000 0.000000 0.000000 0.000000 0.000000 0.000000 0.000000 0.000000 0.000000 0.000000 0.000000 0.000000 0.000000 0.000000 0.000000 0.000000 0.000000 0.000000 4.551925 -14.221790 2.392657 6.113286 -35.019525 7.399409 3.956189 7.945107 44.105248 4.592373 -6.097878 8.639492 0.000000 0.000000 0.000000 0.000000 0.000000 0.000000 0.000000 0.000000 0.000000 0.000000 0.000000 0.000000 0.000000 0.000000 0.000000 0.000000 0.000000 0.000000 0.000000 0.000000 0.000000 0.000000 0.000000 0.000000 0.000000 0.000000 0.000000 0.000000 0.000000 0.000000 0.000000 0.000000 0.000000 0.000000 0.000000 0.000000 0.000000 0.000000 0.000000 0.000000 0.000000 0.000000
-0.277465 -0.061172 1.000890 -4.520451 -0.343344 -8.531715 -1.831976 -19.916724 5.050596 27.587260 4.248648 -7.371327 -22.162538 4.994010 11.818706 -0.686580 -7.429831 -1.599191 -24.779075 19.670012 1.566438 39.273129 -2.688938 -0.404174 -0.638943 -9.783439 -5.293513 1.563900 -2.232636 0.873920 10.072241 -0.630525 -1.914449 9.415684 -4.140145 -3.571764 -7.231972 1.223888 -0.174929 5.756083 -1.522129 -8.770923 -2.941718 -5.665227 -7.511127 7.896157 18.732448 -0.512394 10.462086 31.721976 -24.698559 -5.829217 -13.280773 -106.654011 -14.950564 4.393081 -18.931228 0.000000 0.000000 0.000000 0.000000 0.000000 0.000000 0.000000 0.000000 0.000000 0.000000 0.000000 0.000000 0.000000 0.000000 0.000000 0.000000 0.000000 0.000000 0.000000 0.000000 0.000000 0.000000 0.000000 0.000000 0.000000 0.000000 0.000000 0.000000 0.000000 0.000000 0.000000 0.000000 0.000000 0.000000 0.000000 0.000000 0.000000 0.000000 0.000000 0.000000 0.000000 0.000000 4.604905 -14.397241 2.385764 6.190248 -35.159100 6.928589 3.404685 8.541727 45.134579 4.816129 -5.768579 8.739788 0.000000 0.000000 0.000000 0.000000 0.000000 0.000000 0.000000 0.000000 0.000000 0.000000 0.000000 0.000000 0.000000 0.000000 0.000000 0.000000 0.000000 0.000000 0.000000 0.000000 0.000000 0.000000 0.000000 0.000000 0.000000 0.000000 0.000000 0.000000 0.000000 0.000000 0.000000 0.000000 0.000000 0.000000 0.000000 0.000000 0.000000 0.000000 0.000000 0.000000 0.000000 0.000000
-0.293004 -0.068185 1.001901 -4.837100 0.170402 -9.114649 -2.227218 -19.890170 5.146174 28.848299 4.778925 -6.766780 -22.915126 4.430980 11.838701 -0.786396 -7.534337 -1.680457 -25.351867 20.091426 1.481329 39.330452 -3.014595 -0.895283 1.261559 -10.283130 -5.004516 1.565198 -2.377374 0.906651 10.640244 -0.673697 -1.868682 9.454686 -4.290720 -3.582180 -7.306163 1.165539 -0.188975 5.266221 -1.642169 -9.585761 -3.195337 -5.777591 -8.378066 7.894902 18.543205 -0.515732 10.165571 31.453587 -25.004444 -6.208758 -13.342896 -108.267125 -14.735041 4.055505 -19.258103 0.000000 0.000000 0.000000 0.000000 0.000000 0.000000 0.000000 0.000000 0.000000 0.000000 0.000000 0.000000 0.000000 0.000000 0.000000 0.000000 0.000000 0.000000 0.000000 0.000000 0.000000 0.000000 0.000000 0.000000 0.000000 0.000000 0.000000 0.000000 0.000000 0.000000 0.000000 0.000000 0.000000 0.000000 0.000000 0.000000 0.000000 0.000000 0.000000 0.000000 0.000000 0.000000 4.501078 -14.469068 2.333702 6.256895 -35.408477 6.738080 3.140199 8.650841 45.428489 4.959129 -5.255522 8.845938 0.000000 0.000000 0.000000 0.000000 0.000000 0.000000 0.000000 0.000000 0.000000 0.000000 0.000000 0.000000 0.000000 0.000000 0.000000 0.000000 0.000000 0.000000 0.000000 0.000000 0.000000 0.000000 0.000000 0.000000 0.000000 0.000000 0.000000 0.000000 0.000000 0.000000 0.000000 0.000000 0.000000 0.000000 0.000000 0.000000 0.000000 0.000000 0.000000 0.000000 0.000000 0.000000
-0.305647 -0.072510 1.003350 -5.042831 0.627108 -9.723070 -2.250807 -19.804038 5.348722 29.440284 5.113848 -6.228973 -23.363195 3.991140 11.929966 -0.836120 -7.536069 -1.743504 -25.817626 20.422755 1.397978 39.336313 -3.288491 -1.280905 2.742300 -10.716968 -4.636670 1.526781 -2.423957 0.942308 11.006913 -0.639251 -1.858754 9.487172 -4.425884 -3.607750 -7.470724 1.135754 -0.179474 5.309995 -1.763185 -10.452795 -3.198114 -5.912362 -9.069292 8.012752 18.469518 -0.464574 9.864126 31.163712 -25.075030 -6.570772 -13.415959 -109.523817 -14.807438 3.696474 -19.332194 0.000000 0.000000 0.000000 0.000000 0.000000 0.000000 0.000000 0.000000 0.000000 0.000000 0.000000 0.000000 0.000000 0.000000 0.000000 0.000000 0.000000 0.000000 0.000000 0.000000 0.000000 0.000000 0.000000 0.000000 0.000000 0.000000 0.000000 0.000000 0.000000 0.000000 0.000000 0.000000 0.000000 0.000000 0.000000 0.000000 0.000000 0.000000 0.000000 0.000000 0.000000 0.000000 4.536439 -14.485368 2.272022 6.349788 -35.782638 6.723595 3.156514 8.684232 45.596606 4.965859 -4.817476 8.816767 0.000000 0.000000 0.000000 0.000000 0.000000 0.000000 0.000000 0.000000 0.000000 0.000000 0.000000 0.000000 0.000000 0.000000 0.000000 0.000000 0.000000 0.000000 0.000000 0.000000 0.000000 0.000000 0.000000 0.000000 0.000000 0.000000 0.000000 0.000000 0.000000 0.000000 0.000000 0.000000 0.000000 0.000000 0.000000 0.000000 0.000000 0.000000 0.000000 0.000000 0.000000 0.000000
-0.317899 -0.077028 1.005286 -5.128110 1.090020 -10.446275 -2.241059 -19.539797 5.402913 29.629692 5.212319 -5.786458 -23.635660 3.408273 12.191190 -0.875134 -7.562189 -1.764360 -26.201417 20.603585 1.317713 39.104832 -3.558601 -1.677134 3.903493 -11.063291 -4.439450 1.481142 -2.485330 0.955797 11.185863 -0.521689 -1.794978 9.408192 -4.481277 -3.579577 -7.378802 1.086880 -0.155836 4.988610 -1.941774 -11.147375 -3.395351 -6.216869 -9.639461 7.914605 18.376171 -0.314741 9.707411 30.973292 -24.992249 -6.774617 -13.475345 -110.447356 -14.877579 3.744610 -19.367743 0.000000 0.000000 0.000000 0.000000 0.000000 0.000000 0.000000 0.000000 0.000000 0.000000 0.000000 0.000000 0.000000 0.000000 0.000000 0.000000 0.000000 0.000000 0.000000 0.000000 0.000000 0.000000 0.000000 0.000000 0.000000 0.000000 0.000000 0.000000 0.000000 0.000000 0.000000 0.000000 0.000000 0.000000 0.000000 0.000000 0.000000 0.000000 0.000000 0.000000 0.000000 0.000000 4.461082 -14.442103 2.183739 6.534541 -36.568034 6.726924 3.043635 8.921021 45.753381 5.078775 -4.671362 8.759859 0.000000 0.000000 0.000000 0.000000 0.000000 0.000000 0.000000 0.000000 0.000000 0.000000 0.000000 0.000000 0.000000 0.000000 0.000000 0.000000 0.000000 0.000000 0.000000 0.000000 0.000000 0.000000 0.000000 0.000000 0.000000 0.000000 0.000000 0.000000 0.000000 0.000000 0.000000 0.000000 0.000000 0.000000 0.000000 0.000000 0.000000 0.000000 0.000000 0.000000 0.000000 0.000000
-0.327961 -0.078833 1.007552 -5.103978 1.458359 -11.132305 -2.349390 -19.466232 5.511639 30.022154 5.543212 -5.269246 -23.437714 3.321634 12.364844 -0.974268 -7.673190 -1.832801 -26.728366 20.680691 1.217265 39.173789 -3.906918 -2.141268 5.038366 -11.190225 -4.179471 1.397374 -2.618416 0.948007 11.363334 -0.293401 -1.849415 9.381426 -4.590931 -3.664953 -7.358688 1.048951 -0.195223 4.850310 -2.173599 -11.655981 -3.660845 -6.455336 -10.406992 7.896053 18.185748 -0.005104 9.631857 30.775633 -24.884700 -6.997963 -13.585989 -111.129229 -14.990048 3.404330 -19.519079 0.000000 0.000000 0.000000 0.000000 0.000000 0.000000 0.000000 0.000000 0.000000 0.000000 0.000000 0.000000 0.000000 0.000000 0.000000 0.000000 0.000000 0.000000 0.000000 0.000000 0.000000 0.000000 0.000000 0.000000 0.000000 0.000000 0.000000 0.000000 0.000000 0.000000 0.000000 0.000000 0.000000 0.000000 0.000000 0.000000 0.000000 0.000000 0.000000 0.000000 0.000000 0.000000 4.287870 -14.334626 2.029990 6.980388 -37.434508 7.040993 3.014619 8.998985 46.153119 4.778794 -4.396648 8.821470 0.000000 0.000000 0.000000 0.000000 0.000000 0.000000 0.000000 0.000000 0.000000 0.000000 0.000000 0.000000 0.000000 0.000000 0.000000 0.000000 0.000000 0.000000 0.000000 0.000000 0.000000 0.000000 0.000000 0.000000 0.000000 0.000000 0.000000 0.000000 0.000000 0.000000 0.000000 0.000000 0.000000 0.000000 0.000000 0.000000 0.000000 0.000000 0.000000 0.000000 0.000000 0.000000
-0.335737 -0.081006 1.010202 -5.168332 1.811607 -11.619035 -1.893748 -19.176257 5.700188 29.389434 5.362845 -4.942525 -23.337804 3.150590 12.729173 -0.881125 -7.561776 -1.812421 -26.533674 20.440479 1.036701 38.679049 -4.078462 -2.336684 5.592474 -11.433976 -4.136104 1.398491 -2.524772 0.976080 11.304318 -0.126464 -1.853291 9.534573 -4.701182 -3.649991 -7.494149 1.035772 -0.138283 5.110817 -2.268024 -11.975085 -3.634067 -6.695520 -10.579832 8.019634 18.196885 0.220086 9.497801 30.725589 -24.624905 -7.036131 -13.432682 -111.344381 -15.190136 3.358681 -19.360452 0.000000 0.000000 0.000000 0.000000 0.000000 0.000000 0.000000 0.000000 0.000000 0.000000 0.000000 0.000000 0.000000 0.000000 0.000000 0.000000 0.000000 0.000000 0.000000 0.000000 0.000000 0.000000 0.000000 0.000000 0.000000 0.000000 0.000000 0.000000 0.000000 0.000000 0.000000 0.000000 0.000000 0.000000 0.000000 0.000000 0.000000 0.000000 0.000000 0.000000 0.000000 0.000000 4.392473 -14.338437 1.907356 7.263017 -37.989627 7.251157 3.338587 9.099597 46.353315 4.645117 -4.290337 8.771390 0.000000 0.000000 0.000000 0.000000 0.000000 0.000000 0.000000 0.000000 0.000000 0.000000 0.000000 0.000000 0.000000 0.000000 0.000000 0.000000 0.000000 0.000000 0.000000 0.000000 0.000000 0.000000 0.000000 0.000000 0.000000 0.000000 0.000000 0.000000 0.000000 0.000000 0.000000 0.000000 0.000000 0.000000 0.000000 0.000000 0.000000 0.000000 0.000000 0.000000 0.000000 0.000000
-0.341749 -0.082210 1.012894 -5.229033 2.090302 -11.952641 -1.719747 -19.062116 5.742189 29.259827 5.352370 -4.664440 -22.739215 3.214607 12.886353 -0.908548 -7.620905 -1.798286 -26.267190 20.215736 0.802964 38.007020 -4.312396 -2.581763 6.289011 -11.516588 -3.929381 1.383875 -2.650531 0.942340 11.318952 0.146283 -1.835004 9.562247 -4.722687 -3.678843 -7.364037 0.996915 -0.149355 5.179733 -2.459418 -12.146015 -3.717304 -6.924660 -11.053924 7.931649 18.004167 0.471349 9.587047 30.758156 -24.585445 -7.091687 -13.575870 -111.597224 -15.416170 3.182525 -19.461355 0.000000 0.000000 0.000000 0.000000 0.000000 0.000000 0.000000 0.000000 0.000000 0.000000 0.000000 0.000000 0.000000 0.000000 0.000000 0.000000 0.000000 0.000000 0.000000 0.000000 0.000000 0.000000 0.000000 0.000000 0.000000 0.000000 0.000000 0.000000 0.000000 0.000000 0.000000 0.000000 0.000000 0.000000 0.000000 0.000000 0.000000 0.000000 0.000000 0.000000 0.000000 0.000000 4.221978 -14.236944 1.780246 7.721246 -38.809848 7.546775 3.512578 9.247219 46.515399 4.551858 -4.106645 8.778820 0.000000 0.000000 0.000000 0.000000 0.000000 0.000000 0.000000 0.000000 0.000000 0.000000 0.000000 0.000000 0.000000 0.000000 0.000000 0.000000 0.000000 0.000000 0.000000 0.000000 0.000000 0.000000 0.000000 0.000000 0.000000 0.000000 0.000000 0.000000 0.000000 0.000000 0.000000 0.000000 0.000000 0.000000 0.000000 0.000000 0.000000 0.000000 0.000000 0.000000 0.000000 0.000000
-0.346455 -0.082832 1.015537 -5.175537 2.260529 -12.278817 -1.453416 -18.755910 5.760210 28.665043 5.189173 -4.357334 -22.268348 3.230795 13.128685 -0.822695 -7.531225 -1.768765 -25.819052 19.868369 0.601119 36.673154 -4.257335 -2.837119 6.842384 -11.839839 -3.898479 1.400003 -2.550629 0.893045 11.059964 0.503312 -1.797054 9.734853 -4.791684 -3.749800 -7.459702 0.960138 -0.124955 5.358772 -2.524034 -12.313953 -3.771732 -7.199984 -11.107168 7.973929 17.944403 0.576200 9.734392 30.703982 -24.487662 -7.241300 -13.508672 -111.816040 -15.856161 3.064999 -19.409097 0.000000 0.000000 0.000000 0.000000 0.000000 0.000000 0.000000 0.000000 0.000000 0.000000 0.000000 0.000000 0.000000 0.000000 0.000000 0.000000 0.000000 0.000000 0.000000 0.000000 0.000000 0.000000 0.000000 0.000000 0.000000 0.000000 0.000000 0.000000 0.000000 0.000000 0.000000 0.000000 0.000000 0.000000 0.000000 0.000000 0.000000 0.000000 0.000000 0.000000 0.000000 0.000000 4.261279 -14.191821 1.639929 8.215846 -39.438633 7.810785 3.521447 9.335273 46.758273 4.359553 -3.983215 8.683630 0.000000 0.000000 0.000000 0.000000 0.000000 0.000000 0.000000 0.000000 0.000000 0.000000 0.000000 0.000000 0.000000 0.000000 0.000000 0.000000 0.000000 0.000000 0.000000 0.000000 0.000000 0.000000 0.000000 0.000000 0.000000 0.000000 0.000000 0.000000 0.000000 0.000000 0.000000 0.000000 0.000000 0.000000 0.000000 0.000000 0.000000 0.000000 0.000000 0.000000 0.000000 0.000000
-0.350617 -0.082285 1.018010 -5.182819 2.424828 -12.539377 -1.306132 -18.567457 5.783398 28.570353 5.111896 -4.126702 -21.678761 3.364473 13.337692 -0.812402 -7.484170 -1.755616 -25.168123 19.480921 0.361118 35.259636 -4.142779 -2.841200 7.192243 -11.924202 -3.895784 1.383062 -2.523546 0.856527 10.849043 0.778759 -1.760002 9.837236 -4.799541 -3.794343 -7.418186 0.923389 -0.173214 5.548614 -2.544767 -12.414293 -3.766649 -7.264512 -11.216755 8.030764 17.871379 0.683650 9.872067 30.741950 -24.555321 -7.336255 -13.482928 -111.956624 -15.847552 3.186290 -19.345519 0.000000 0.000000 0.000000 0.000000 0.000000 0.000000 0.000000 0.000000 0.000000 0.000000 0.000000 0.000000 0.000000 0.000000 0.000000 0.000000 0.000000 0.000000 0.000000 0.000000 0.000000 0.000000 0.000000 0.000000 0.000000 0.000000 0.000000 0.000000 0.000000 0.000000 0.000000 0.000000 0.000000 0.000000 0.000000 0.000000 0.000000 0.000000 0.000000 0.000000 0.000000 0.000000 4.286786 -14.235507 1.536459 8.737467 -39.966965 8.131507 3.708157 9.434900 46.830078 4.364864 -4.131562 8.615839 0.000000 0.000000 0.000000 0.000000 0.000000 0.000000 0.000000 0.000000 0.000000 0.000000 0.000000 0.000000 0.000000 0.000000 0.000000 0.000000 0.000000 0.000000 0.000000 0.000000 0.000000 0.000000 0.000000 0.000000 0.000000 0.000000 0.000000 0.000000 0.000000 0.000000 0.000000 0.000000 0.000000 0.000000 0.000000 0.000000 0.000000 0.000000 0.000000 0.000000 0.000000 0.000000
-0.354883 -0.081371 1.020086 -5.158085 2.597448 -12.716580 -1.077359 -18.355335 5.769178 28.251913 4.992190 -3.780430 -21.307887 3.372197 13.424146 -0.751451 -7.352101 -1.695499 -24.450660 19.139271 0.159397 33.529865 -3.892453 -2.947546 8.112453 -12.273176 -3.794807 1.388192 -2.493054 0.784540 10.574839 1.123989 -1.730724 9.931568 -4.818430 -3.874012 -7.288575 0.867804 -0.235046 5.814544 -2.621060 -12.727734 -3.838396 -7.434013 -11.369607 8.020436 17.772563 0.742712 10.111749 30.939425 -24.809379 -7.438535 -13.470052 -112.105966 -15.853775 3.357896 -19.548592 0.000000 0.000000 0.000000 0.000000 0.000000 0.000000 0.000000 0.000000 0.000000 0.000000 0.000000 0.000000 0.000000 0.000000 0.000000 0.000000 0.000000 0.000000 0.000000 0.000000 0.000000 0.000000 0.000000 0.000000 0.000000 0.000000 0.000000 0.000000 0.000000 0.000000 0.000000 0.000000 0.000000 0.000000 0.000000 0.000000 0.000000 0.000000 0.000000 0.000000 0.000000 0.000000 4.270344 -14.195188 1.470157 9.279052 -40.510963 8.418944 3.810124 9.479156 47.057064 4.318449 -4.246634 8.618606 0.000000 0.000000 0.000000 0.000000 0.000000 0.000000 0.000000 0.000000 0.000000 0.000000 0.000000 0.000000 0.000000 0.000000 0.000000 0.000000 0.000000 0.000000 0.000000 0.000000 0.000000 0.000000 0.000000 0.000000 0.000000 0.000000 0.000000 0.000000 0.000000 0.000000 0.000000 0.000000 0.000000 0.000000 0.000000 0.000000 0.000000 0.000000 0.000000 0.000000 0.000000 0.000000
-0.355658 -0.082351 1.021560 -5.207237 2.593096 -12.801074 -0.968192 -18.229742 5.791331 28.051692 4.957992 -3.603419 -20.888728 3.512041 13.459889 -0.753649 -7.338940 -1.678971 -24.046530 18.911016 0.039015 32.493155 -3.727946 -2.910518 8.491631 -12.352160 -3.743543 1.356814 -2.473780 0.768255 10.400567 1.363789 -1.697479 10.049983 -4.834317 -3.939792 -7.313684 0.885220 -0.253155 5.909815 -2.679386 -12.875876 -3.912997 -7.533118 -11.584750 7.971267 17.734557 0.829844 10.194387 30.897844 -24.888485 -7.513840 -13.497755 -112.153959 -15.716729 3.414735 -19.624182 0.000000 0.000000 0.000000 0.000000 0.000000 0.000000 0.000000 0.000000 0.000000 0.000000 0.000000 0.000000 0.000000 0.000000 0.000000 0.000000 0.000000 0.000000 0.000000 0.000000 0.000000 0.000000 0.000000 0.000000 0.000000 0.000000 0.000000 0.000000 0.000000 0.000000 0.000000 0.000000 0.000000 0.000000 0.000000 0.000000 0.000000 0.000000 0.000000 0.000000 0.000000 0.000000 4.279480 -14.250255 1.378297 9.628235 -40.812274 8.556049 3.930902 9.619644 47.244910 4.242740 -4.370231 8.592849 0.000000 0.000000 0.000000 0.000000 0.000000 0.000000 0.000000 0.000000 0.000000 0.000000 0.000000 0.000000 0.000000 0.000000 0.000000 0.000000 0.000000 0.000000 0.000000 0.000000 0.000000 0.000000 0.000000 0.000000 0.000000 0.000000 0.000000 0.000000 0.000000 0.000000 0.000000 0.000000 0.000000 0.000000 0.000000 0.000000 0.000000 0.000000 0.000000 0.000000 0.000000 0.000000
-0.355425 -0.082001 1.022517 -5.161713 2.578460 -12.921172 -0.882869 -18.160895 5.861013 27.850012 4.905950 -3.378173 -20.548487 3.617458 13.453448 -0.718612 -7.249919 -1.658124 -23.706090 18.684310 -0.047747 31.631050 -3.529386 -2.844567 8.642773 -12.449916 -3.678723 1.369805 -2.427982 0.771309 10.155018 1.629770 -1.695900 10.162386 -4.826902 -3.996789 -7.393043 0.882522 -0.301477 6.262855 -2.736449 -13.177016 -3.934677 -7.674268 -11.740097 7.981869 17.668482 0.886715 10.261107 30.883720 -24.947298 -7.615346 -13.425239 -112.256015 -15.535309 3.693783 -19.467094 0.000000 0.000000 0.000000 0.000000 0.000000 0.000000 0.000000 0.000000 0.000000 0.000000 0.000000 0.000000 0.000000 0.000000 0.000000 0.000000 0.000000 0.000000 0.000000 0.000000 0.000000 0.000000 0.000000 0.000000 0.000000 0.000000 0.000000 0.000000 0.000000 0.000000 0.000000 0.000000 0.000000 0.000000 0.000000 0.000000 0.000000 0.000000 0.000000 0.000000 0.000000 0.000000 4.379370 -14.211559 1.341003 9.815881 -41.046270 8.574870 4.009922 9.617337 47.552070 4.206484 -4.725566 8.542468 0.000000 0.000000 0.000000 0.000000 0.000000 0.000000 0.000000 0.000000 0.000000 0.000000 0.000000 0.000000 0.000000 0.000000 0.000000 0.000000 0.000000 0.000000 0.000000 0.000000 0.000000 0.000000 0.000000 0.000000 0.000000 0.000000 0.000000 0.000000 0.000000 0.000000 0.000000 0.000000 0.000000 0.000000 0.000000 0.000000 0.000000 0.000000 0.000000 0.000000 0.000000 0.000000
-0.357839 -0.082804 1.023106 -5.188698 2.667164 -12.857493 -0.909920 -18.170138 5.928086 27.838258 4.930535 -3.159487 -20.599396 3.633234 13.365389 -0.713025 -7.191866 -1.653901 -23.525536 18.601866 -0.146994 31.170425 -3.439318 -2.923271 8.977627 -12.574789 -3.593055 1.371608 -2.398148 0.776809 10.114105 1.818628 -1.665610 10.271676 -4.837664 -4.039942 -7.486343 0.879097 -0.325460 6.586667 -2.768463 -13.339271 -3.947550 -7.759600 -11.922005 8.006325 17.613086 0.798163 10.298979 30.863249 -25.174963 -7.622805 -13.355767 -112.249479 -15.330381 3.795130 -19.467635 0.000000 0.000000 0.000000 0.000000 0.000000 0.000000 0.000000 0.000000 0.000000 0.000000 0.000000 0.000000 0.000000 0.000000 0.000000 0.000000 0.000000 0.000000 0.000000 0.000000 0.000000 0.000000 0.000000 0.000000 0.000000 0.000000 0.000000 0.000000 0.000000 0.000000 0.000000 0.000000 0.000000 0.000000 0.000000 0.000000 0.000000 0.000000 0.000000 0.000000 0.000000 0.000000 4.406290 -14.232331 1.300409 9.860640 -41.236647 8.476054 3.824504 9.667865 47.791131 4.118273 -4.796802 8.610129 0.000000 0.000000 0.000000 0.000000 0.000000 0.000000 0.000000 0.000000 0.000000 0.000000 0.000000 0.000000 0.000000 0.000000 0.000000 0.000000 0.000000 0.000000 0.000000 0.000000 0.000000 0.000000 0.000000 0.000000 0.000000 0.000000 0.000000 0.000000 0.000000 0.000000 0.000000 0.000000 0.000000 0.000000 0.000000 0.000000 0.000000 0.000000 0.000000 0.000000 0.000000 0.000000
-0.360892 -0.082724 1.023299 -5.171267 2.822436 -12.794458 -0.890815 -18.202550 6.043001 27.756976 4.898472 -3.031824 -20.843786 3.511348 13.362635 -0.753890 -7.169632 -1.659652 -23.433823 18.493537 -0.211146 30.880520 -3.373973 -2.921896 9.230528 -12.616238 -3.565614 1.334274 -2.405541 0.777774 10.036146 1.911303 -1.680224 10.324323 -4.880527 -4.077574 -7.517151 0.822899 -0.426547 6.616173 -2.805467 -13.545534 -4.018557 -7.852774 -11.966830 8.012148 17.686349 0.782326 10.375921 30.877882 -25.257424 -7.630366 -13.189711 -112.337981 -15.382050 4.155774 -19.369911 0.000000 0.000000 0.000000 0.000000 0.000000 0.000000 0.000000 0.000000 0.000000 0.000000 0.000000 0.000000 0.000000 0.000000 0.000000 0.000000 0.000000 0.000000 0.000000 0.000000 0.000000 0.000000 0.000000 0.000000 0.000000 0.000000 0.000000 0.000000 0.000000 0.000000 0.000000 0.000000 0.000000 0.000000 0.000000 0.000000 0.000000 0.000000 0.000000 0.000000 0.000000 0.000000 4.372636 -14.235727 1.219878 9.896930 -41.136925 8.314568 3.717389 9.680411 48.240321 3.981969 -5.061372 8.673332 0.000000 0.000000 0.000000 0.000000 0.000000 0.000000 0.000000 0.000000 0.000000 0.000000 0.000000 0.000000 0.000000 0.000000 0.000000 0.000000 0.000000 0.000000 0.000000 0.000000 0.000000 0.000000 0.000000 0.000000 0.000000 0.000000 0.000000 0.000000 0.000000 0.000000 0.000000 0.000000 0.000000 0.000000 0.000000 0.000000 0.000000 0.000000 0.000000 0.000000 0.000000 0.000000
-0.365548 -0.081985 1.023328 -5.114614 3.055146 -12.612511 -1.037435 -18.346707 6.162969 27.913327 4.929666 -2.849626 -21.228278 3.436662 13.228029 -0.769746 -7.173203 -1.678962 -23.454128 18.501272 -0.298201 30.850203 -3.484956 -3.108376 9.495499 -12.749843 -3.541509 1.351505 -2.358045 0.810330 10.061204 1.967297 -1.674651 10.414791 -4.943077 -4.118291 -7.660994 0.814188 -0.464672 6.791719 -2.935826 -13.785048 -3.944969 -7.883820 -12.265632 8.078711 17.607821 0.742865 10.482164 30.851042 -25.615022 -7.503343 -13.150638 -112.463528 -15.520503 4.298936 -19.283453 0.000000 0.000000 0.000000 0.000000 0.000000 0.000000 0.000000 0.000000 0.000000 0.000000 0.000000 0.000000 0.000000 0.000000 0.000000 0.000000 0.000000 0.000000 0.000000 0.000000 0.000000 0.000000 0.000000 0.000000 0.000000 0.000000 0.000000 0.000000 0.000000 0.000000 0.000000 0.000000 0.000000 0.000000 0.000000 0.000000 0.000000 0.000000 0.000000 0.000000 0.000000 0.000000 4.380147 -14.220974 1.125728 9.772494 -41.057335 8.159875 3.465548 9.719726 48.605144 3.670472 -5.078104 8.704857 0.000000 0.000000 0.000000 0.000000 0.000000 0.000000 0.000000 0.000000 0.000000 0.000000 0.000000 0.000000 0.000000 0.000000 0.000000 0.000000 0.000000 0.000000 0.000000 0.000000 0.000000 0.000000 0.000000 0.000000 0.000000 0.000000 0.000000 0.000000 0.000000 0.000000 0.000000 0.000000 0.000000 0.000000 0.000000 0.000000 0.000000 0.000000 0.000000 0.000000 0.000000 0.000000
-0.367462 -0.082834 1.023377 -5.146896 3.131601 -12.559080 -1.078573 -18.419749 6.302492 27.967498 5.012033 -2.628269 -21.403786 3.404821 13.151214 -0.796896 -7.199791 -1.692047 -23.540149 18.518647 -0.331690 30.854417 -3.529717 -3.184514 9.504895 -12.716373 -3.567747 1.357138 -2.370375 0.827656 10.102424 2.012275 -1.687209 10.417793 -4.968992 -4.154472 -7.701102 0.788004 -0.512489 6.869518 -2.970699 -13.891580 -3.894832 -7.884057 -12.373534 8.072244 17.561982 0.788745 10.439772 30.830272 -25.671913 -7.404100 -13.044226 -112.422401 -15.638125 4.532607 -19.154339 0.000000 0.000000 0.000000 0.000000 0.000000 0.000000 0.000000 0.000000 0.000000 0.000000 0.000000 0.000000 0.000000 0.000000 0.000000 0.000000 0.000000 0.000000 0.000000 0.000000 0.000000 0.000000 0.000000 0.000000 0.000000 0.000000 0.000000 0.000000 0.000000 0.000000 0.000000 0.000000 0.000000 0.000000 0.000000 0.000000 0.000000 0.000000 0.000000 0.000000 0.000000 0.000000 4.334757 -14.219596 1.065443 9.664843 -41.015584 8.062168 3.249753 9.752894 48.865393 3.620589 -5.192513 8.670158 0.000000 0.000000 0.000000 0.000000 0.000000 0.000000 0.000000 0.000000 0.000000 0.000000 0.000000 0.000000 0.000000 0.000000 0.000000 0.000000 0.000000 0.000000 0.000000 0.000000 0.000000 0.000000 0.000000 0.000000 0.000000 0.000000 0.000000 0.000000 0.000000 0.000000 0.000000 0.000000 0.000000 0.000000 0.000000 0.000000 0.000000 0.000000 0.000000 0.000000 0.000000 0.000000
-0.370510 -0.084256 1.023485 -5.177694 3.265358 -12.435021 -1.183708 -18.526696 6.436128 28.028012 5.083852 -2.454254 -21.681896 3.360653 13.075946 -0.810458 -7.218851 -1.714197 -23.541334 18.605733 -0.426621 30.729389 -3.659830 -3.353341 9.542675 -12.827701 -3.566866 1.387305 -2.321861 0.847150 10.205511 2.056050 -1.669017 10.475547 -5.039200 -4.199815 -7.837820 0.756311 -0.533673 7.011073 -3.066146 -13.993034 -3.853412 -7.900702 -12.529286 8.106833 17.451123 0.749474 10.418236 30.819277 -25.957573 -7.261184 -13.049373 -112.371970 -15.716882 4.515781 -19.100420 0.000000 0.000000 0.000000 0.000000 0.000000 0.000000 0.000000 0.000000 0.000000 0.000000 0.000000 0.000000 0.000000 0.000000 0.000000 0.000000 0.000000 0.000000 0.000000 0.000000 0.000000 0.000000 0.000000 0.000000 0.000000 0.000000 0.000000 0.000000 0.000000 0.000000 0.000000 0.000000 0.000000 0.000000 0.000000 0.000000 0.000000 0.000000 0.000000 0.000000 0.000000 0.000000 4.320996 -14.196208 0.996593 9.403529 -40.971823 7.962790 2.931420 9.759479 48.893366 3.467752 -5.051468 8.626638 0.000000 0.000000 0.000000 0.000000 0.000000 0.000000 0.000000 0.000000 0.000000 0.000000 0.000000 0.000000 0.000000 0.000000 0.000000 0.000000 0.000000 0.000000 0.000000 0.000000 0.000000 0.000000 0.000000 0.000000 0.000000 0.000000 0.000000 0.000000 0.000000 0.000000 0.000000 0.000000 0.000000 0.000000 0.000000 0.000000 0.000000 0.000000 0.000000 0.000000 0.000000 0.000000
-0.372343 -0.084314 1.023589 -5.096743 3.312568 -12.449810 -1.337728 -18.574202 6.501471 28.096676 5.201263 -2.328826 -21.786650 3.266796 13.079394 -0.854869 -7.281395 -1.725955 -23.661890 18.653082 -0.470020 30.600008 -3.672188 -3.407398 9.468857 -12.821364 -3.585250 1.421446 -2.340468 0.864943 10.263155 2.044744 -1.677728 10.366727 -5.018196 -4.255804 -7.751931 0.730665 -0.606626 6.844249 -3.102585 -14.110814 -3.939947 -7.882496 -12.739014 8.009863 17.299356 0.788119 10.456454 30.815039 -26.085908 -7.220262 -13.137054 -112.488212 -15.711540 4.638092 -18.971406 0.000000 0.000000 0.000000 0.000000 0.000000 0.000000 0.000000 0.000000 0.000000 0.000000 0.000000 0.000000 0.000000 0.000000 0.000000 0.000000 0.000000 0.000000 0.000000 0.000000 0.000000 0.000000 0.000000 0.000000 0.000000 0.000000 0.000000 0.000000 0.000000 0.000000 0.000000 0.000000 0.000000 0.000000 0.000000 0.000000 0.000000 0.000000 0.000000 0.000000 0.000000 0.000000 4.175904 -14.149724 0.940865 9.277370 -40.898477 7.869346 2.680394 9.803703 49.063564 3.412545 -5.140671 8.599693 0.000000 0.000000 0.000000 0.000000 0.000000 0.000000 0.000000 0.000000 0.000000 0.000000 0.000000 0.000000 0.000000 0.000000 0.000000 0.000000 0.000000 0.000000 0.000000 0.000000 0.000000 0.000000 0.000000 0.000000 0.000000 0.000000 0.000000 0.000000 0.000000 0.000000 0.000000 0.000000 0.000000 0.000000 0.000000 0.000000 0.000000 0.000000 0.000000 0.000000 0.000000 0.000000
-0.373094 -0.085990 1.023842 -5.073892 3.299126 -12.523066 -1.480346 -18.597659 6.572627 28.126727 5.321700 -2.170991 -21.776718 3.249718 13.056366 -0.873771 -7.306796 -1.717752 -23.775665 18.749260 -0.527078 30.435545 -3.683433 -3.482660 9.398209 -12.867399 -3.539502 1.440145 -2.346460 0.867803 10.354936 2.064275 -1.664836 10.322519 -4.989742 -4.297657 -7.738419 0.715159 -0.647254 6.748098 -3.075468 -14.121267 -4.060048 -7.886433 -12.830227 7.894011 17.153235 0.776170 10.406173 30.788111 -26.182981 -7.166279 -13.288382 -112.482733 -15.583697 4.619663 -18.968423 0.000000 0.000000 0.000000 0.000000 0.000000 0.000000 0.000000 0.000000 0.000000 0.000000 0.000000 0.000000 0.000000 0.000000 0.000000 0.000000 0.000000 0.000000 0.000000 0.000000 0.000000 0.000000 0.000000 0.000000 0.000000 0.000000 0.000000 0.000000 0.000000 0.000000 0.000000 0.000000 0.000000 0.000000 0.000000 0.000000 0.000000 0.000000 0.000000 0.000000 0.000000 0.000000 4.083077 -14.090864 0.951098 9.137168 -40.935609 7.796134 2.338155 9.881289 49.258789 3.315434 -5.065647 8.600849 0.000000 0.000000 0.000000 0.000000 0.000000 0.000000 0.000000 0.000000 0.000000 0.000000 0.000000 0.000000 0.000000 0.000000 0.000000 0.000000 0.000000 0.000000 0.000000 0.000000 0.000000 0.000000 0.000000 0.000000 0.000000 0.000000 0.000000 0.000000 0.000000 0.000000 0.000000 0.000000 0.000000 0.000000 0.000000 0.000000 0.000000 0.000000 0.000000 0.000000 0.000000 0.000000
-0.375543 -0.087258 1.024160 -5.011209 3.362218 -12.649516 -1.615837 -18.605374 6.640952 28.137530 5.438589 -1.958391 -21.914537 3.182603 13.047594 -0.892578 -7.311138 -1.710040 -23.927242 18.828442 -0.562425 30.252920 -3.715267 -3.679654 9.622547 -12.984985 -3.423837 1.466327 -2.362519 0.881421 10.441953 2.059507 -1.673369 10.398861 -5.032491 -4.364594 -7.842371 0.676564 -0.678287 6.707811 -3.050552 -14.034984 -4.129034 -7.906038 -12.829407 7.923041 17.097597 0.618810 10.405624 30.763792 -26.414754 -7.240945 -13.408807 -112.607709 -15.406452 4.495465 -19.063283 0.000000 0.000000 0.000000 0.000000 0.000000 0.000000 0.000000 0.000000 0.000000 0.000000 0.000000 0.000000 0.000000 0.000000 0.000000 0.000000 0.000000 0.000000 0.000000 0.000000 0.000000 0.000000 0.000000 0.000000 0.000000 0.000000 0.000000 0.000000 0.000000 0.000000 0.000000 0.000000 0.000000 0.000000 0.000000 0.000000 0.000000 0.000000 0.000000 0.000000 0.000000 0.000000 4.032544 -14.068810 1.019571 8.974086 -40.792177 7.675410 1.974760 9.916815 49.476714 3.186491 -4.877691 8.725509 0.000000 0.000000 0.000000 0.000000 0.000000 0.000000 0.000000 0.000000 0.000000 0.000000 0.000000 0.000000 0.000000 0.000000 0.000000 0.000000 0.000000 0.000000 0.000000 0.000000 0.000000 0.000000 0.000000 0.000000 0.000000 0.000000 0.000000 0.000000 0.000000 0.000000 0.000000 0.000000 0.000000 0.000000 0.000000 0.000000 0.000000 0.000000 0.000000 0.000000 0.000000 0.000000
-0.375067 -0.087821 1.024482 -4.955282 3.302201 -12.728416 -1.698320 -18.615395 6.744678 28.095090 5.514631 -1.850266 -21.794395 3.224298 13.020709 -0.890453 -7.305722 -1.706794 -24.049907 18.886932 -0.577524 30.172138 -3.711750 -3.743270 9.547591 -12.936632 -3.455387 1.486093 -2.362928 0.895455 10.474262 2.050274 -1.686819 10.427296 -5.046742 -4.427985 -7.908522 0.643360 -0.721807 6.718661 -2.972682 -14.079806 -4.200802 -7.919992 -12.859726 7.946029 17.028403 0.593844 10.342960 30.732178 -26.483515 -7.319157 -13.515349 -112.686970 -15.080696 4.361678 -19.149308 0.000000 0.000000 0.000000 0.000000 0.000000 0.000000 0.000000 0.000000 0.000000 0.000000 0.000000 0.000000 0.000000 0.000000 0.000000 0.000000 0.000000 0.000000 0.000000 0.000000 0.000000 0.000000 0.000000 0.000000 0.000000 0.000000 0.000000 0.000000 0.000000 0.000000 0.000000 0.000000 0.000000 0.000000 0.000000 0.000000 0.000000 0.000000 0.000000 0.000000 0.000000 0.000000 4.031958 -14.033513 1.048865 8.784786 -40.749349 7.491421 1.727774 9.999493 49.797251 3.170394 -4.768720 8.811643 0.000000 0.000000 0.000000 0.000000 0.000000 0.000000 0.000000 0.000000 0.000000 0.000000 0.000000 0.000000 0.000000 0.000000 0.000000 0.000000 0.000000 0.000000 0.000000 0.000000 0.000000 0.000000 0.000000 0.000000 0.000000 0.000000 0.000000 0.000000 0.000000 0.000000 0.000000 0.000000 0.000000 0.000000 0.000000 0.000000 0.000000 0.000000 0.000000 0.000000 0.000000 0.000000
-0.374236 -0.088226 1.024684 -4.887437 3.245457 -12.855756 -1.749534 -18.639631 6.850854 28.029477 5.587383 -1.708581 -21.696850 3.259875 12.994001 -0.909118 -7.319308 -1.696992 -24.260606 18.930600 -0.555382 30.201335 -3.745588 -3.781321 9.504855 -12.860068 -3.451399 1.505716 -2.408598 0.917528 10.478349 1.994608 -1.727406 10.469119 -5.067465 -4.512401 -7.943160 0.613904 -0.778799 6.678680 -2.878191 -14.136171 -4.318997 -7.942542 -12.932347 7.937759 16.934702 0.529838 10.270227 30.724298 -26.597389 -7.481747 -13.670340 -112.774279 -14.820631 4.189941 -19.233680 0.000000 0.000000 0.000000 0.000000 0.000000 0.000000 0.000000 0.000000 0.000000 0.000000 0.000000 0.000000 0.000000 0.000000 0.000000 0.000000 0.000000 0.000000 0.000000 0.000000 0.000000 0.000000 0.000000 0.000000 0.000000 0.000000 0.000000 0.000000 0.000000 0.000000 0.000000 0.000000 0.000000 0.000000 0.000000 0.000000 0.000000 0.000000 0.000000 0.000000 0.000000 0.000000 4.001930 -13.996541 1.128530 8.570398 -40.626180 7.267307 1.484818 10.104445 50.160292 3.069067 -4.648980 8.933546 0.000000 0.000000 0.000000 0.000000 0.000000 0.000000 0.000000 0.000000 0.000000 0.000000 0.000000 0.000000 0.000000 0.000000 0.000000 0.000000 0.000000 0.000000 0.000000 0.000000 0.000000 0.000000 0.000000 0.000000 0.000000 0.000000 0.000000 0.000000 0.000000 0.000000 0.000000 0.000000 0.000000 0.000000 0.000000 0.000000 0.000000 0.000000 0.000000 0.000000 0.000000 0.000000
-0.372275 -0.087945 1.024664 -4.776882 3.136442 -13.002707 -1.815251 -18.661873 6.939461 27.965285 5.661785 -1.556751 -21.554266 3.319942 12.954136 -0.911891 -7.299612 -1.695644 -24.476332 18.965947 -0.555738 30.198377 -3.785813 -3.850845 9.279515 -12.746222 -3.480882 1.517188 -2.433670 0.939558 10.499424 1.961558 -1.770870 10.465999 -5.092526 -4.576899 -7.970803 0.567913 -0.821512 6.569240 -2.742202 -14.279677 -4.477347 -7.962585 -13.082819 7.930724 16.814944 0.460315 10.221558 30.787929 -26.743077 -7.705043 -13.768777 -112.921579 -14.658320 3.977968 -19.319202 0.000000 0.000000 0.000000 0.000000 0.000000 0.000000 0.000000 0.000000 0.000000 0.000000 0.000000 0.000000 0.000000 0.000000 0.000000 0.000000 0.000000 0.000000 0.000000 0.000000 0.000000 0.000000 0.000000 0.000000 0.000000 0.000000 0.000000 0.000000 0.000000 0.000000 0.000000 0.000000 0.000000 0.000000 0.000000 0.000000 0.000000 0.000000 0.000000 0.000000 0.000000 0.000000 4.016072 -13.910314 1.192737 8.327381 -40.523531 6.992795 1.232636 10.201251 50.594638 2.951793 -4.490723 9.074045 0.000000 0.000000 0.000000 0.000000 0.000000 0.000000 0.000000 0.000000 0.000000 0.000000 0.000000 0.000000 0.000000 0.000000 0.000000 0.000000 0.000000 0.000000 0.000000 0.000000 0.000000 0.000000 0.000000 0.000000 0.000000 0.000000 0.000000 0.000000 0.000000 0.000000 0.000000 0.000000 0.000000 0.000000 0.000000 0.000000 0.000000 0.000000 0.000000 0.000000 0.000000 0.000000
-0.369610 -0.087601 1.024334 -4.651554 3.021005 -13.149953 -1.888047 -18.722690 6.999571 27.899023 5.738326 -1.379662 -21.451657 3.394931 12.914081 -0.909115 -7.307574 -1.679127 -24.788973 18.967161 -0.484352 30.378400 -3.881660 -3.914822 8.906102 -12.528124 -3.539701 1.540822 -2.498779 0.946477 10.540806 1.890755 -1.836175 10.460989 -5.120398 -4.682960 -7.990108 0.526184 -0.881697 6.348101 -2.631187 -14.349017 -4.655095 -7.981552 -13.263751 7.866498 16.663777 0.385502 10.157895 30.819920 -26.977852 -8.004529 -13.886861 -113.109803 -14.473259 3.772924 -19.443858 0.000000 0.000000 0.000000 0.000000 0.000000 0.000000 0.000000 0.000000 0.000000 0.000000 0.000000 0.000000 0.000000 0.000000 0.000000 0.000000 0.000000 0.000000 0.000000 0.000000 0.000000 0.000000 0.000000 0.000000 0.000000 0.000000 0.000000 0.000000 0.000000 0.000000 0.000000 0.000000 0.000000 0.000000 0.000000 0.000000 0.000000 0.000000 0.000000 0.000000 0.000000 0.000000 3.966459 -13.854256 1.274887 8.170269 -40.402964 6.769183 0.960613 10.358800 51.069151 2.796271 -4.269136 9.199119 0.000000 0.000000 0.000000 0.000000 0.000000 0.000000 0.000000 0.000000 0.000000 0.000000 0.000000 0.000000 0.000000 0.000000 0.000000 0.000000 0.000000 0.000000 0.000000 0.000000 0.000000 0.000000 0.000000 0.000000 0.000000 0.000000 0.000000 0.000000 0.000000 0.000000 0.000000 0.000000 0.000000 0.000000 0.000000 0.000000 0.000000 0.000000 0.000000 0.000000 0.000000 0.000000
-0.366869 -0.087575 1.023655 -4.506473 2.942418 -13.325579 -1.971390 -18.868874 7.081142 27.821131 5.830261 -1.169662 -21.434492 3.493078 12.822205 -0.932868 -7.379390 -1.646445 -25.296523 18.976918 -0.354387 30.841289 -4.053752 -3.923566 8.613901 -12.316638 -3.421203 1.575368 -2.654652 0.948635 10.574979 1.777930 -1.923947 10.421061 -5.128199 -4.783340 -7.959644 0.472012 -0.941757 6.007429 -2.490169 -14.350610 -4.959893 -7.997819 -13.439425 7.690806 16.458094 0.254641 10.086068 30.947449 -27.355287 -8.343876 -14.121762 -113.293021 -14.358737 3.386075 -19.681053 0.000000 0.000000 0.000000 0.000000 0.000000 0.000000 0.000000 0.000000 0.000000 0.000000 0.000000 0.000000 0.000000 0.000000 0.000000 0.000000 0.000000 0.000000 0.000000 0.000000 0.000000 0.000000 0.000000 0.000000 0.000000 0.000000 0.000000 0.000000 0.000000 0.000000 0.000000 0.000000 0.000000 0.000000 0.000000 0.000000 0.000000 0.000000 0.000000 0.000000 0.000000 0.000000 3.884201 -13.797464 1.376713 8.048619 -40.223984 6.534567 0.776701 10.571928 51.682396 2.539389 -4.007885 9.340694 0.000000 0.000000 0.000000 0.000000 0.000000 0.000000 0.000000 0.000000 0.000000 0.000000 0.000000 0.000000 0.000000 0.000000 0.000000 0.000000 0.000000 0.000000 0.000000 0.000000 0.000000 0.000000 0.000000 0.000000 0.000000 0.000000 0.000000 0.000000 0.000000 0.000000 0.000000 0.000000 0.000000 0.000000 0.000000 0.000000 0.000000 0.000000 0.000000 0.000000 0.000000 0.000000
-0.364128 -0.086273 1.022554 -4.390914 2.820953 -13.360008 -2.159317 -19.004217 7.145424 28.065922 5.936313 -1.174645 -21.464695 3.550439 12.729422 -0.946849 -7.376506 -1.639149 -25.635965 18.991357 -0.231866 31.297994 -4.092252 -3.862320 7.994653 -12.051886 -3.527187 1.589488 -2.663154 0.951741 10.675802 1.739706 -1.978904 10.361334 -5.169704 -4.880661 -8.048403 0.437716 -0.991961 5.780145 -2.375340 -14.447227 -5.114367 -7.983352 -13.573056 7.659566 16.363540 -0.047744 10.008782 30.940749 -27.728670 -8.592397 -14.161480 -113.535371 -14.148693 3.024310 -19.759489 0.000000 0.000000 0.000000 0.000000 0.000000 0.000000 0.000000 0.000000 0.000000 0.000000 0.000000 0.000000 0.000000 0.000000 0.000000 0.000000 0.000000 0.000000 0.000000 0.000000 0.000000 0.000000 0.000000 0.000000 0.000000 0.000000 0.000000 0.000000 0.000000 0.000000 0.000000 0.000000 0.000000 0.000000 0.000000 0.000000 0.000000 0.000000 0.000000 0.000000 0.000000 0.000000 3.915199 -13.763767 1.430956 7.818933 -40.045221 6.233211 0.507119 10.681062 52.169598 2.385341 -3.744530 9.399307 0.000000 0.000000 0.000000 0.000000 0.000000 0.000000 0.000000 0.000000 0.000000 0.000000 0.000000 0.000000 0.000000 0.000000 0.000000 0.000000 0.000000 0.000000 0.000000 0.000000 0.000000 0.000000 0.000000 0.000000 0.000000 0.000000 0.000000 0.000000 0.000000 0.000000 0.000000 0.000000 0.000000 0.000000 0.000000 0.000000 0.000000 0.000000 0.000000 0.000000 0.000000 0.000000
-0.359539 -0.084177 1.020944 -4.234308 2.666173 -13.450665 -2.374698 -19.265826 7.208032 28.425392 6.122374 -1.150442 -21.417656 3.671070 12.612713 -1.041429 -7.457447 -1.647311 -26.155846 19.015758 -0.042213 32.095109 -4.268642 -3.736128 7.027533 -11.581180 -3.638228 1.596081 -2.772680 0.951091 10.732039 1.603502 -2.066867 10.229901 -5.150120 -4.979721 -7.931268 0.402383 -1.090411 5.183903 -2.250692 -14.619324 -5.527662 -7.872890 -13.918736 7.416701 16.143150 -0.257333 9.954761 31.044957 -28.046179 -9.032036 -14.359680 -113.765617 -13.778652 2.647492 -19.858735 0.000000 0.000000 0.000000 0.000000 0.000000 0.000000 0.000000 0.000000 0.000000 0.000000 0.000000 0.000000 0.000000 0.000000 0.000000 0.000000 0.000000 0.000000 0.000000 0.000000 0.000000 0.000000 0.000000 0.000000 0.000000 0.000000 0.000000 0.000000 0.000000 0.000000 0.000000 0.000000 0.000000 0.000000 0.000000 0.000000 0.000000 0.000000 0.000000 0.000000 0.000000 0.000000 3.735066 -13.688555 1.480698 7.743776 -39.915301 5.947856 0.235501 10.955334 52.870900 2.308078 -3.635997 9.453215 0.000000 0.000000 0.000000 0.000000 0.000000 0.000000 0.000000 0.000000 0.000000 0.000000 0.000000 0.000000 0.000000 0.000000 0.000000 0.000000 0.000000 0.000000 0.000000 0.000000 0.000000 0.000000 0.000000 0.000000 0.000000 0.000000 0.000000 0.000000 0.000000 0.000000 0.000000 0.000000 0.000000 0.000000 0.000000 0.000000 0.000000 0.000000 0.000000 0.000000 0.000000 0.000000
-0.355684 -0.083192 1.019083 -4.116123 2.597839 -13.518833 -2.641805 -19.632398 7.293662 28.885731 6.283776 -1.196875 -21.512129 3.812947 12.482490 -1.111909 -7.525448 -1.658687 -26.860567 19.156869 0.049231 33.293933 -4.687217 -3.790379 6.135624 -11.206120 -3.608155 1.609423 -2.869399 0.987382 10.878597 1.504640 -2.106557 10.069847 -5.154029 -5.018749 -7.900924 0.374554 -1.113654 4.854672 -2.152687 -14.642231 -5.755577 -7.817882 -14.175645 7.227362 15.966402 -0.540017 9.713726 31.302311 -28.448995 -9.272101 -14.539262 -113.765563 -13.547935 2.190752 -19.980082 0.000000 0.000000 0.000000 0.000000 0.000000 0.000000 0.000000 0.000000 0.000000 0.000000 0.000000 0.000000 0.000000 0.000000 0.000000 0.000000 0.000000 0.000000 0.000000 0.000000 0.000000 0.000000 0.000000 0.000000 0.000000 0.000000 0.000000 0.000000 0.000000 0.000000 0.000000 0.000000 0.000000 0.000000 0.000000 0.000000 0.000000 0.000000 0.000000 0.000000 0.000000 0.000000 3.665613 -13.631961 1.566317 7.261378 -39.718206 5.546739 0.033660 11.115378 53.297967 2.088181 -3.397531 9.516078 0.000000 0.000000 0.000000 0.000000 0.000000 0.000000 0.000000 0.000000 0.000000 0.000000 0.000000 0.000000 0.000000 0.000000 0.000000 0.000000 0.000000 0.000000 0.000000 0.000000 0.000000 0.000000 0.000000 0.000000 0.000000 0.000000 0.000000 0.000000 0.000000 0.000000 0.000000 0.000000 0.000000 0.000000 0.000000 0.000000 0.000000 0.000000 0.000000 0.000000 0.000000 0.000000
-0.349600 -0.081899 1.016960 -4.056595 2.412226 -13.570255 -2.670866 -19.907290 7.396204 29.073388 6.426544 -1.250402 -21.590684 3.934706 12.410951 -1.194147 -7.638884 -1.678934 -27.658782 19.179427 0.347565 34.823346 -4.914665 -3.631730 5.044285 -10.564498 -3.748782 1.602851 -2.963022 1.033408 10.903670 1.326685 -2.254155 10.023679 -5.185085 -5.100303 -7.919870 0.390098 -1.232731 4.304744 -1.986337 -14.761835 -6.061168 -7.673279 -14.470349 7.119918 15.931714 -0.865046 9.433218 31.312760 -28.553344 -9.681697 -14.673820 -113.714522 -13.365768 1.818321 -19.928545 0.000000 0.000000 0.000000 0.000000 0.000000 0.000000 0.000000 0.000000 0.000000 0.000000 0.000000 0.000000 0.000000 0.000000 0.000000 0.000000 0.000000 0.000000 0.000000 0.000000 0.000000 0.000000 0.000000 0.000000 0.000000 0.000000 0.000000 0.000000 0.000000 0.000000 0.000000 0.000000 0.000000 0.000000 0.000000 0.000000 0.000000 0.000000 0.000000 0.000000 0.000000 0.000000 3.622802 -13.654663 1.725488 7.001575 -39.256395 5.204221 -0.239225 11.268090 53.996111 1.633502 -3.290660 9.561818 0.000000 0.000000 0.000000 0.000000 0.000000 0.000000 0.000000 0.000000 0.000000 0.000000 0.000000 0.000000 0.000000 0.000000 0.000000 0.000000 0.000000 0.000000 0.000000 0.000000 0.000000 0.000000 0.000000 0.000000 0.000000 0.000000 0.000000 0.000000 0.000000 0.000000 0.000000 0.000000 0.000000 0.000000 0.000000 0.000000 0.000000 0.000000 0.000000 0.000000 0.000000 0.000000
-0.341351 -0.081296 1.014776 -4.050654 2.241569 -13.648825 -2.597355 -20.324091 7.530045 29.187435 6.530613 -1.467839 -21.473012 4.166631 12.445363 -1.230678 -7.821811 -1.686041 -28.527285 19.132800 0.678797 36.732781 -5.307228 -3.461979 3.510219 -9.714173 -3.949156 1.614054 -3.031184 1.086558 10.918258 1.239941 -2.390196 10.023047 -5.215336 -5.171756 -7.949597 0.446533 -1.299896 3.969239 -1.883326 -14.707484 -6.367738 -7.468607 -14.923336 6.997133 15.676164 -1.144075 9.126931 31.348345 -28.993479 -9.834343 -14.892591 -113.132406 -13.232176 1.169613 -19.776352 0.000000 0.000000 0.000000 0.000000 0.000000 0.000000 0.000000 0.000000 0.000000 0.000000 0.000000 0.000000 0.000000 0.000000 0.000000 0.000000 0.000000 0.000000 0.000000 0.000000 0.000000 0.000000 0.000000 0.000000 0.000000 0.000000 0.000000 0.000000 0.000000 0.000000 0.000000 0.000000 0.000000 0.000000 0.000000 0.000000 0.000000 0.000000 0.000000 0.000000 0.000000 0.000000 3.558806 -13.616131 1.868271 6.652643 -38.928835 5.079577 -0.407388 11.280225 54.265755 1.049440 -2.864687 9.500412 0.000000 0.000000 0.000000 0.000000 0.000000 0.000000 0.000000 0.000000 0.000000 0.000000 0.000000 0.000000 0.000000 0.000000 0.000000 0.000000 0.000000 0.000000 0.000000 0.000000 0.000000 0.000000 0.000000 0.000000 0.000000 0.000000 0.000000 0.000000 0.000000 0.000000 0.000000 0.000000 0.000000 0.000000 0.000000 0.000000 0.000000 0.000000 0.000000 0.000000 0.000000 0.000000
-0.334680 -0.077164 1.012725 -3.811193 2.075106 -13.656799 -2.669606 -20.658400 7.631994 29.284381 6.615005 -1.604119 -21.449691 4.360221 12.430331 -1.290225 -7.833602 -1.652750 -29.214690 19.157648 0.827054 38.115366 -5.652191 -3.486105 2.082867 -9.086087 -4.193270 1.589296 -3.100340 1.087739 10.880521 1.172832 -2.468334 9.819887 -5.237048 -5.227117 -7.861487 0.377900 -1.402499 3.357889 -1.804189 -14.798989 -6.796623 -7.281458 -15.193385 6.903474 15.600513 -1.715491 9.105693 31.544528 -29.200826 -9.888773 -15.186757 -112.671737 -12.644333 0.648644 -19.845295 0.000000 0.000000 0.000000 0.000000 0.000000 0.000000 0.000000 0.000000 0.000000 0.000000 0.000000 0.000000 0.000000 0.000000 0.000000 0.000000 0.000000 0.000000 0.000000 0.000000 0.000000 0.000000 0.000000 0.000000 0.000000 0.000000 0.000000 0.000000 0.000000 0.000000 0.000000 0.000000 0.000000 0.000000 0.000000 0.000000 0.000000 0.000000 0.000000 0.000000 0.000000 0.000000 3.429589 -13.528153 2.139032 6.262216 -38.402587 4.726803 -0.668293 11.302625 54.839454 0.843396 -2.699685 9.535680 0.000000 0.000000 0.000000 0.000000 0.000000 0.000000 0.000000 0.000000 0.000000 0.000000 0.000000 0.000000 0.000000 0.000000 0.000000 0.000000 0.000000 0.000000 0.000000 0.000000 0.000000 0.000000 0.000000 0.000000 0.000000 0.000000 0.000000 0.000000 0.000000 0.000000 0.000000 0.000000 0.000000 0.000000 0.000000 0.000000 0.000000 0.000000 0.000000 0.000000 0.000000 0.000000
-0.324499 -0.074647 1.011014 -3.599681 1.867228 -13.789962 -2.591620 -21.045521 7.703522 29.058988 6.577990 -1.793561 -20.987506 4.687447 12.513443 -1.306338 -7.937272 -1.623109 -30.041232 18.975436 1.097177 39.702645 -6.038550 -3.481587 0.489673 -8.241242 -4.450574 1.587403 -3.148985 1.087745 10.708869 1.159786 -2.596928 9.771679 -5.178139 -5.250149 -7.781885 0.424265 -1.464143 2.945652 -1.633121 -14.798946 -7.228687 -7.082481 -15.612347 6.828650 15.492817 -2.074710 8.934249 31.731708 -29.249138 -9.841028 -15.399258 -111.691621 -12.187108 -0.006923 -19.877187 0.000000 0.000000 0.000000 0.000000 0.000000 0.000000 0.000000 0.000000 0.000000 0.000000 0.000000 0.000000 0.000000 0.000000 0.000000 0.000000 0.000000 0.000000 0.000000 0.000000 0.000000 0.000000 0.000000 0.000000 0.000000 0.000000 0.000000 0.000000 0.000000 0.000000 0.000000 0.000000 0.000000 0.000000 0.000000 0.000000 0.000000 0.000000 0.000000 0.000000 0.000000 0.000000 3.375678 -13.338779 2.408524 5.878805 -38.025849 4.612029 -0.865676 11.327262 55.620304 0.367606 -2.298828 9.639353 0.000000 0.000000 0.000000 0.000000 0.000000 0.000000 0.000000 0.000000 0.000000 0.000000 0.000000 0.000000 0.000000 0.000000 0.000000 0.000000 0.000000 0.000000 0.000000 0.000000 0.000000 0.000000 0.000000 0.000000 0.000000 0.000000 0.000000 0.000000 0.000000 0.000000 0.000000 0.000000 0.000000 0.000000 0.000000 0.000000 0.000000 0.000000 0.000000 0.000000 0.000000 0.000000
-0.314408 -0.072315 1.009823 -3.432483 1.642434 -13.780126 -2.288322 -21.361176 7.899437 28.402640 6.494659 -1.868737 -20.528897 5.096482 12.519811 -1.265888 -7.940953 -1.536114 -30.643426 18.841376 1.218587 41.077935 -6.399878 -3.575320 -1.032700 -7.454583 -4.778407 1.581755 -3.194104 1.071295 10.383558 1.228690 -2.713376 9.724859 -5.112931 -5.258266 -7.676484 0.444235 -1.547629 2.734625 -1.489462 -14.722194 -7.518630 -6.860337 -15.918245 6.811447 15.511137 -2.463394 9.004841 31.947022 -29.160525 -9.408428 -15.701955 -110.375901 -11.703519 -0.900914 -19.975762 0.000000 0.000000 0.000000 0.000000 0.000000 0.000000 0.000000 0.000000 0.000000 0.000000 0.000000 0.000000 0.000000 0.000000 0.000000 0.000000 0.000000 0.000000 0.000000 0.000000 0.000000 0.000000 0.000000 0.000000 0.000000 0.000000 0.000000 0.000000 0.000000 0.000000 0.000000 0.000000 0.000000 0.000000 0.000000 0.000000 0.000000 0.000000 0.000000 0.000000 0.000000 0.000000 3.264764 -13.201661 2.741461 5.438481 -37.432160 4.557170 -1.128027 11.173542 56.481452 -0.203631 -1.705455 9.764622 0.000000 0.000000 0.000000 0.000000 0.000000 0.000000 0.000000 0.000000 0.000000 0.000000 0.000000 0.000000 0.000000 0.000000 0.000000 0.000000 0.000000 0.000000 0.000000 0.000000 0.000000 0.000000 0.000000 0.000000 0.000000 0.000000 0.000000 0.000000 0.000000 0.000000 0.000000 0.000000 0.000000 0.000000 0.000000 0.000000 0.000000 0.000000 0.000000 0.000000 0.000000 0.000000
-0.304066 -0.067456 1.009173 -3.190098 1.483678 -13.731916 -1.873681 -21.616363 8.075063 27.597423 6.156070 -2.076036 -19.898198 5.534311 12.638285 -1.244072 -7.991072 -1.464601 -31.209826 18.567676 1.366990 42.597626 -6.795532 -3.610660 -2.487510 -6.569988 -5.251496 1.543125 -3.235135 1.057288 9.992500 1.245045 -2.920649 9.622982 -5.008873 -5.261419 -7.509899 0.519393 -1.688405 2.521953 -1.401248 -14.877961 -7.808197 -6.629145 -16.268593 6.995389 15.746222 -2.574363 9.111602 32.270772 -28.621043 -8.784160 -15.997504 -108.603608 -11.137269 -1.600108 -19.994889 0.000000 0.000000 0.000000 0.000000 0.000000 0.000000 0.000000 0.000000 0.000000 0.000000 0.000000 0.000000 0.000000 0.000000 0.000000 0.000000 0.000000 0.000000 0.000000 0.000000 0.000000 0.000000 0.000000 0.000000 0.000000 0.000000 0.000000 0.000000 0.000000 0.000000 0.000000 0.000000 0.000000 0.000000 0.000000 0.000000 0.000000 0.000000 0.000000 0.000000 0.000000 0.000000 3.163203 -12.886953 3.056073 4.949796 -36.656124 4.585848 -1.327088 11.259514 58.128890 -0.887416 -1.317432 10.034768 0.000000 0.000000 0.000000 0.000000 0.000000 0.000000 0.000000 0.000000 0.000000 0.000000 0.000000 0.000000 0.000000 0.000000 0.000000 0.000000 0.000000 0.000000 0.000000 0.000000 0.000000 0.000000 0.000000 0.000000 0.000000 0.000000 0.000000 0.000000 0.000000 0.000000 0.000000 0.000000 0.000000 0.000000 0.000000 0.000000 0.000000 0.000000 0.000000 0.000000 0.000000 0.000000
-0.287995 -0.058422 1.009437 -2.823458 1.209083 -13.697494 -0.845831 -21.830325 8.510592 25.831808 5.536354 -2.432341 -18.602992 6.377029 12.848660 -1.084974 -8.016000 -1.310080 -31.449170 18.000948 1.427773 43.988487 -7.158039 -3.513226 -4.702927 -5.233060 -5.894916 1.477127 -3.232489 0.998116 9.277101 1.384361 -3.152061 9.555741 -4.801219 -5.107491 -7.233496 0.711865 -1.752124 2.908908 -1.413231 -14.773345 -8.039458 -6.408170 -16.673713 7.177551 16.152793 -2.235244 9.455289 32.724960 -27.581240 -7.316151 -16.260812 -105.198065 -10.529839 -2.155675 -19.962709 0.000000 0.000000 0.000000 0.000000 0.000000 0.000000 0.000000 0.000000 0.000000 0.000000 0.000000 0.000000 0.000000 0.000000 0.000000 0.000000 0.000000 0.000000 0.000000 0.000000 0.000000 0.000000 0.000000 0.000000 0.000000 0.000000 0.000000 0.000000 0.000000 0.000000 0.000000 0.000000 0.000000 0.000000 0.000000 0.000000 0.000000 0.000000 0.000000 0.000000 0.000000 0.000000 2.886301 -12.377899 3.399597 4.338115 -35.997123 4.860404 -1.456880 11.259173 60.186028 -1.889130 -0.729903 10.465006 0.000000 0.000000 0.000000 0.000000 0.000000 0.000000 0.000000 0.000000 0.000000 0.000000 0.000000 0.000000 0.000000 0.000000 0.000000 0.000000 0.000000 0.000000 0.000000 0.000000 0.000000 0.000000 0.000000 0.000000 0.000000 0.000000 0.000000 0.000000 0.000000 0.000000 0.000000 0.000000 0.000000 0.000000 0.000000 0.000000 0.000000 0.000000 0.000000 0.000000 0.000000 0.000000
-0.275794 -0.053099 1.010816 -2.594647 1.157982 -13.801431 0.025960 -22.087366 8.874595 24.377311 4.870415 -2.823712 -17.108657 7.177858 13.065762 -0.860628 -7.950612 -1.137776 -31.626044 17.447463 1.354334 45.125439 -7.575227 -3.465097 -6.080552 -4.386492 -6.153841 1.374847 -3.186441 0.896710 8.604094 1.522521 -3.333271 9.577790 -4.564859 -4.909404 -7.106933 0.885927 -1.767093 3.320572 -1.675695 -14.503495 -8.352846 -6.329159 -16.860384 7.415651 16.504461 -1.889939 9.961968 32.926963 -26.324235 -5.463240 -16.605966 -101.986070 -9.839958 -3.245932 -19.845342 0.000000 0.000000 0.000000 0.000000 0.000000 0.000000 0.000000 0.000000 0.000000 0.000000 0.000000 0.000000 0.000000 0.000000 0.000000 0.000000 0.000000 0.000000 0.000000 0.000000 0.000000 0.000000 0.000000 0.000000 0.000000 0.000000 0.000000 0.000000 0.000000 0.000000 0.000000 0.000000 0.000000 0.000000 0.000000 0.000000 0.000000 0.000000 0.000000 0.000000 0.000000 0.000000 2.704640 -11.742115 3.878051 3.820520 -35.647826 5.460390 -1.741659 11.109536 61.556841 -3.039002 0.028123 10.627564 0.000000 0.000000 0.000000 0.000000 0.000000 0.000000 0.000000 0.000000 0.000000 0.000000 0.000000 0.000000 0.000000 0.000000 0.000000 0.000000 0.000000 0.000000 0.000000 0.000000 0.000000 0.000000 0.000000 0.000000 0.000000 0.000000 0.000000 0.000000 0.000000 0.000000 0.000000 0.000000 0.000000 0.000000 0.000000 0.000000 0.000000 0.000000 0.000000 0.000000 0.000000 0.000000
-0.267632 -0.048996 1.013191 -2.407376 1.140685 -13.990933 0.588596 -22.153502 9.189241 23.437519 4.220961 -2.984812 -15.725192 7.857601 13.204644 -0.661931 -7.847763 -1.004666 -31.574400 16.918336 1.100711 45.687469 -7.752343 -3.601864 -7.157909 -3.683476 -6.469653 1.261436 -3.079188 0.785242 8.138453 1.633636 -3.467826 9.349409 -4.249734 -4.686681 -6.882018 1.041943 -1.761447 3.400833 -1.676362 -14.518536 -8.738880 -6.094730 -16.859163 7.530983 17.010137 -1.407967 10.539584 33.573814 -24.810578 -3.691676 -16.781908 -98.255636 -8.695254 -4.080957 -19.491676 0.000000 0.000000 0.000000 0.000000 0.000000 0.000000 0.000000 0.000000 0.000000 0.000000 0.000000 0.000000 0.000000 0.000000 0.000000 0.000000 0.000000 0.000000 0.000000 0.000000 0.000000 0.000000 0.000000 0.000000 0.000000 0.000000 0.000000 0.000000 0.000000 0.000000 0.000000 0.000000 0.000000 0.000000 0.000000 0.000000 0.000000 0.000000 0.000000 0.000000 0.000000 0.000000 2.399775 -11.161732 4.241056 3.281898 -35.258354 6.062996 -2.007230 10.949209 63.414142 -3.992681 0.573734 10.762204 0.000000 0.000000 0.000000 0.000000 0.000000 0.000000 0.000000 0.000000 0.000000 0.000000 0.000000 0.000000 0.000000 0.000000 0.000000 0.000000 0.000000 0.000000 0.000000 0.000000 0.000000 0.000000 0.000000 0.000000 0.000000 0.000000 0.000000 0.000000 0.000000 0.000000 0.000000 0.000000 0.000000 0.000000 0.000000 0.000000 0.000000 0.000000 0.000000 0.000000 0.000000 0.000000
-0.258740 -0.044079 1.016647 -2.440385 1.237669 -14.069405 1.485297 -22.358285 9.554506 22.538240 3.499987 -3.296360 -13.906598 8.682095 13.213286 -0.462002 -7.634941 -0.823430 -30.947411 16.134152 0.819821 46.012714 -7.729788 -3.541185 -8.298621 -2.800635 -6.901500 1.078880 -3.027599 0.635506 7.595414 1.762436 -3.588346 9.414925 -3.852079 -4.403391 -6.699929 1.201344 -1.708485 3.936260 -1.695628 -14.046567 -9.108496 -6.040948 -16.511113 7.555387 17.589741 -0.799657 11.003877 34.237934 -22.765766 -1.874301 -16.890402 -93.939119 -7.802601 -4.974484 -18.880595 0.000000 0.000000 0.000000 0.000000 0.000000 0.000000 0.000000 0.000000 0.000000 0.000000 0.000000 0.000000 0.000000 0.000000 0.000000 0.000000 0.000000 0.000000 0.000000 0.000000 0.000000 0.000000 0.000000 0.000000 0.000000 0.000000 0.000000 0.000000 0.000000 0.000000 0.000000 0.000000 0.000000 0.000000 0.000000 0.000000 0.000000 0.000000 0.000000 0.000000 0.000000 0.000000 1.957702 -10.357797 4.675076 2.740011 -35.164098 6.804203 -2.734553 11.117517 65.906668 -5.208024 1.270838 10.632974 0.000000 0.000000 0.000000 0.000000 0.000000 0.000000 0.000000 0.000000 0.000000 0.000000 0.000000 0.000000 0.000000 0.000000 0.000000 0.000000 0.000000 0.000000 0.000000 0.000000 0.000000 0.000000 0.000000 0.000000 0.000000 0.000000 0.000000 0.000000 0.000000 0.000000 0.000000 0.000000 0.000000 0.000000 0.000000 0.000000 0.000000 0.000000 0.000000 0.000000 0.000000 0.000000
-0.246115 -0.042223 1.020946 -2.513991 1.395875 -14.349466 2.190701 -22.849672 9.985961 21.979035 2.666642 -3.408069 -11.627720 9.721663 12.994319 -0.147301 -7.415568 -0.626212 -29.981974 15.141862 0.258970 45.748956 -7.819391 -3.721454 -9.805591 -1.811107 -7.007598 0.954727 -2.953479 0.488453 6.776277 2.003894 -3.663138 9.260704 -3.349037 -4.097875 -6.408512 1.387043 -1.640653 4.858148 -1.738202 -13.966900 -9.557630 -6.031956 -16.282245 7.573350 18.360681 0.182439 11.331344 35.309820 -20.369009 0.713956 -16.716698 -87.538000 -6.849895 -6.002090 -17.880181 0.000000 0.000000 0.000000 0.000000 0.000000 0.000000 0.000000 0.000000 0.000000 0.000000 0.000000 0.000000 0.000000 0.000000 0.000000 0.000000 0.000000 0.000000 0.000000 0.000000 0.000000 0.000000 0.000000 0.000000 0.000000 0.000000 0.000000 0.000000 0.000000 0.000000 0.000000 0.000000 0.000000 0.000000 0.000000 0.000000 0.000000 0.000000 0.000000 0.000000 0.000000 0.000000 1.343596 -9.329336 4.913634 2.073347 -35.438750 7.713770 -3.874214 11.325868 69.402397 -6.994579 2.599895 10.836304 0.000000 0.000000 0.000000 0.000000 0.000000 0.000000 0.000000 0.000000 0.000000 0.000000 0.000000 0.000000 0.000000 0.000000 0.000000 0.000000 0.000000 0.000000 0.000000 0.000000 0.000000 0.000000 0.000000 0.000000 0.000000 0.000000 0.000000 0.000000 0.000000 0.000000 0.000000 0.000000 0.000000 0.000000 0.000000 0.000000 0.000000 0.000000 0.000000 0.000000 0.000000 0.000000
-0.232734 -0.040098 1.026027 -2.635027 1.749924 -15.035499 2.754312 -23.400999 10.208468 21.980638 1.455991 -3.365733 -8.609515 10.668066 12.763646 0.214826 -6.952404 -0.268793 -28.317168 13.727516 -0.442613 44.651939 -7.699230 -4.060376 -11.421595 -0.709790 -6.873478 0.753762 -2.836049 0.206210 5.655895 2.520779 -3.644930 9.339990 -2.673008 -3.495966 -6.182297 1.584400 -1.517764 6.085939 -2.105610 -14.180368 -10.012199 -6.305058 -15.675218 7.771988 19.603421 1.738600 11.120579 36.390076 -16.730177 3.341009 -15.704751 -79.544500 -6.192657 -6.822896 -16.055418 0.000000 0.000000 0.000000 0.000000 0.000000 0.000000 0.000000 0.000000 0.000000 0.000000 0.000000 0.000000 0.000000 0.000000 0.000000 0.000000 0.000000 0.000000 0.000000 0.000000 0.000000 0.000000 0.000000 0.000000 0.000000 0.000000 0.000000 0.000000 0.000000 0.000000 0.000000 0.000000 0.000000 0.000000 0.000000 0.000000 0.000000 0.000000 0.000000 0.000000 0.000000 0.000000 0.537880 -7.606461 5.332456 1.141926 -35.619769 9.061507 -5.641686 11.324431 73.680866 -9.337084 3.995628 11.040706 0.000000 0.000000 0.000000 0.000000 0.000000 0.000000 0.000000 0.000000 0.000000 0.000000 0.000000 0.000000 0.000000 0.000000 0.000000 0.000000 0.000000 0.000000 0.000000 0.000000 0.000000 0.000000 0.000000 0.000000 0.000000 0.000000 0.000000 0.000000 0.000000 0.000000 0.000000 0.000000 0.000000 0.000000 0.000000 0.000000 0.000000 0.000000 0.000000 0.000000 0.000000 0.000000
-0.216338 -0.039055 1.031308 -2.963258 1.966483 -15.362331 2.180870 -23.884699 9.941756 23.682828 0.785832 -3.108099 -6.316711 10.897292 13.023236 0.462337 -6.641474 -0.084219 -26.593549 12.532426 -1.005591 43.849068 -7.502121 -3.981945 -12.423607 0.298706 -6.981867 0.573063 -2.693659 0.003112 5.156194 2.847567 -3.390561 9.490734 -2.024997 -3.128761 -6.180772 1.777220 -1.365251 6.770672 -2.437496 -14.056193 -9.901685 -6.526523 -14.966355 7.897118 20.665896 2.885677 10.724569 37.003176 -13.227954 5.039649 -14.605640 -73.110821 -5.396801 -6.930564 -14.294830 0.000000 0.000000 0.000000 0.000000 0.000000 0.000000 0.000000 0.000000 0.000000 0.000000 0.000000 0.000000 0.000000 0.000000 0.000000 0.000000 0.000000 0.000000 0.000000 0.000000 0.000000 0.000000 0.000000 0.000000 0.000000 0.000000 0.000000 0.000000 0.000000 0.000000 0.000000 0.000000 0.000000 0.000000 0.000000 0.000000 0.000000 0.000000 0.000000 0.000000 0.000000 0.000000 -0.117555 -6.229479 5.755774 0.118692 -35.609199 10.143797 -7.849568 11.316296 77.690118 -11.214784 5.165616 11.135703 0.000000 0.000000 0.000000 0.000000 0.000000 0.000000 0.000000 0.000000 0.000000 0.000000 0.000000 0.000000 0.000000 0.000000 0.000000 0.000000 0.000000 0.000000 0.000000 0.000000 0.000000 0.000000 0.000000 0.000000 0.000000 0.000000 0.000000 0.000000 0.000000 0.000000 0.000000 0.000000 0.000000 0.000000 0.000000 0.000000 0.000000 0.000000 0.000000 0.000000 0.000000 0.000000
-0.198102 -0.038589 1.037199 -3.371513 2.094095 -15.360310 0.426168 -24.274164 9.246766 27.098795 0.969393 -3.165409 -4.779754 10.884571 13.036315 0.589210 -6.277946 -0.066018 -25.379493 11.652527 -1.361494 43.596767 -7.170370 -3.554169 -12.429809 0.737965 -7.264328 0.385162 -2.470252 -0.071652 5.263499 3.100306 -2.976063 9.623199 -1.475574 -2.852707 -6.358414 2.003388 -1.208512 7.006118 -2.634198 -13.857457 -9.435306 -6.746268 -14.626363 7.931967 21.480702 3.404324 10.311556 36.710144 -10.639558 6.128902 -13.580743 -69.207802 -3.916108 -7.202048 -12.769118 0.000000 0.000000 0.000000 0.000000 0.000000 0.000000 0.000000 0.000000 0.000000 0.000000 0.000000 0.000000 0.000000 0.000000 0.000000 0.000000 0.000000 0.000000 0.000000 0.000000 0.000000 0.000000 0.000000 0.000000 0.000000 0.000000 0.000000 0.000000 0.000000 0.000000 0.000000 0.000000 0.000000 0.000000 0.000000 0.000000 0.000000 0.000000 0.000000 0.000000 0.000000 0.000000 -0.367459 -5.490365 6.111204 -0.656780 -35.071701 10.509959 -9.481997 11.327491 80.365747 -12.301223 6.322502 10.887827 0.000000 0.000000 0.000000 0.000000 0.000000 0.000000 0.000000 0.000000 0.000000 0.000000 0.000000 0.000000 0.000000 0.000000 0.000000 0.000000 0.000000 0.000000 0.000000 0.000000 0.000000 0.000000 0.000000 0.000000 0.000000 0.000000 0.000000 0.000000 0.000000 0.000000 0.000000 0.000000 0.000000 0.000000 0.000000 0.000000 0.000000 0.000000 0.000000 0.000000 0.000000 0.000000
-0.179702 -0.039758 1.044371 -4.024832 2.352774 -15.381177 -2.204316 -24.488145 8.109677 31.956803 1.289142 -2.303682 -3.360785 10.608405 13.240707 0.723442 -5.992298 -0.054925 -23.512047 10.766939 -1.850414 42.616520 -6.980727 -3.326974 -12.360080 1.180992 -7.356753 0.240839 -2.281282 -0.127278 5.497091 3.559388 -2.285797 10.240458 -0.968559 -2.553424 -6.859692 2.219645 -0.962523 7.630404 -2.976994 -13.917338 -9.107815 -7.222255 -14.067441 8.216503 22.385386 3.920197 9.277734 36.149404 -7.579263 7.146952 -11.963107 -64.236099 -2.600542 -7.789098 -11.156132 0.000000 0.000000 0.000000 0.000000 0.000000 0.000000 0.000000 0.000000 0.000000 0.000000 0.000000 0.000000 0.000000 0.000000 0.000000 0.000000 0.000000 0.000000 0.000000 0.000000 0.000000 0.000000 0.000000 0.000000 0.000000 0.000000 0.000000 0.000000 0.000000 0.000000 0.000000 0.000000 0.000000 0.000000 0.000000 0.000000 0.000000 0.000000 0.000000 0.000000 0.000000 0.000000 -0.510969 -4.332536 6.578405 -2.078005 -33.937576 10.741212 -11.724219 11.196487 84.444778 -13.324634 7.840517 10.805920 0.000000 0.000000 0.000000 0.000000 0.000000 0.000000 0.000000 0.000000 0.000000 0.000000 0.000000 0.000000 0.000000 0.000000 0.000000 0.000000 0.000000 0.000000 0.000000 0.000000 0.000000 0.000000 0.000000 0.000000 0.000000 0.000000 0.000000 0.000000 0.000000 0.000000 0.000000 0.000000 0.000000 0.000000 0.000000 0.000000 0.000000 0.000000 0.000000 0.000000 0.000000 0.000000
-0.160361 -0.040771 1.052535 -4.580030 2.555882 -14.931380 -5.850172 -24.271019 6.631576 37.949099 2.079941 -1.372532 -2.600934 10.096756 13.293391 0.712154 -5.657610 -0.153996 -21.446799 9.795415 -2.383956 41.041724 -6.590183 -3.240208 -12.014073 1.243396 -7.379056 0.114676 -2.175741 -0.164940 6.090403 4.250940 -1.333526 10.990814 -0.710628 -2.385656 -7.673025 2.307384 -0.594181 8.450124 -3.393603 -13.796665 -8.782740 -8.045621 -13.227702 8.531222 22.839812 4.251452 8.173677 35.393168 -4.890625 7.973949 -10.181123 -60.337267 -1.742593 -8.344659 -9.661498 0.000000 0.000000 0.000000 0.000000 0.000000 0.000000 0.000000 0.000000 0.000000 0.000000 0.000000 0.000000 0.000000 0.000000 0.000000 0.000000 0.000000 0.000000 0.000000 0.000000 0.000000 0.000000 0.000000 0.000000 0.000000 0.000000 0.000000 0.000000 0.000000 0.000000 0.000000 0.000000 0.000000 0.000000 0.000000 0.000000 0.000000 0.000000 0.000000 0.000000 0.000000 0.000000 -0.454041 -3.055720 6.828528 -3.783952 -32.292704 10.357333 -13.469187 10.746901 88.054592 -14.207827 9.596026 10.783694 0.000000 0.000000 0.000000 0.000000 0.000000 0.000000 0.000000 0.000000 0.000000 0.000000 0.000000 0.000000 0.000000 0.000000 0.000000 0.000000 0.000000 0.000000 0.000000 0.000000 0.000000 0.000000 0.000000 0.000000 0.000000 0.000000 0.000000 0.000000 0.000000 0.000000 0.000000 0.000000 0.000000 0.000000 0.000000 0.000000 0.000000 0.000000 0.000000 0.000000 0.000000 0.000000
-0.140822 -0.040386 1.061022 -4.811084 2.666288 -14.036176 -11.932847 -23.418565 4.683004 46.642571 4.091635 -0.733243 -1.535915 9.692715 12.170462 0.539153 -5.234326 -0.387352 -19.568967 9.058949 -3.124425 39.572809 -6.361796 -3.173871 -11.371732 0.759508 -6.764745 -0.024099 -2.103909 -0.083051 7.316153 4.810098 -0.117729 12.095937 -0.436735 -2.365983 -9.864067 2.523454 -0.338824 9.554091 -4.018106 -13.966806 -8.050208 -9.021805 -12.381720 9.761518 23.104726 4.144258 6.951901 33.373322 -1.483720 9.542426 -7.890405 -56.833879 -0.386774 -8.958084 -8.724842 0.000000 0.000000 0.000000 0.000000 0.000000 0.000000 0.000000 0.000000 0.000000 0.000000 0.000000 0.000000 0.000000 0.000000 0.000000 0.000000 0.000000 0.000000 0.000000 0.000000 0.000000 0.000000 0.000000 0.000000 0.000000 0.000000 0.000000 0.000000 0.000000 0.000000 0.000000 0.000000 0.000000 0.000000 0.000000 0.000000 0.000000 0.000000 0.000000 0.000000 0.000000 0.000000 0.606840 -1.603726 6.907148 -6.643626 -29.785704 8.112581 -16.415067 9.610062 94.620331 -15.089142 12.779226 11.503415 0.000000 0.000000 0.000000 0.000000 0.000000 0.000000 0.000000 0.000000 0.000000 0.000000 0.000000 0.000000 0.000000 0.000000 0.000000 0.000000 0.000000 0.000000 0.000000 0.000000 0.000000 0.000000 0.000000 0.000000 0.000000 0.000000 0.000000 0.000000 0.000000 0.000000 0.000000 0.000000 0.000000 0.000000 0.000000 0.000000 0.000000 0.000000 0.000000 0.000000 0.000000 0.000000
-0.121711 -0.039120 1.068669 -4.813286 2.484354 -12.983283 -15.920689 -21.638362 3.247064 51.108066 6.006398 0.203144 -0.978482 8.975607 11.937025 0.448672 -4.823356 -0.599667 -17.776016 8.141362 -3.357504 37.154443 -5.882711 -3.605278 -10.303321 0.295796 -7.133230 0.030627 -1.959166 -0.087483 7.918020 5.375204 0.823407 12.850935 -0.358267 -2.372597 -11.135894 2.672642 -0.048908 10.343003 -4.382852 -14.171958 -7.387750 -9.818079 -11.813466 10.545698 22.848379 4.257203 6.161165 31.768733 0.970825 9.820274 -6.647618 -55.961594 0.308651 -9.464186 -8.634271 0.000000 0.000000 0.000000 0.000000 0.000000 0.000000 0.000000 0.000000 0.000000 0.000000 0.000000 0.000000 0.000000 0.000000 0.000000 0.000000 0.000000 0.000000 0.000000 0.000000 0.000000 0.000000 0.000000 0.000000 0.000000 0.000000 0.000000 0.000000 0.000000 0.000000 0.000000 0.000000 0.000000 0.000000 0.000000 0.000000 0.000000 0.000000 0.000000 0.000000 0.000000 0.000000 1.333069 -0.201793 6.547468 -8.291541 -28.237733 6.910053 -18.722935 9.100592 99.738448 -14.881695 15.591536 12.036444 0.000000 0.000000 0.000000 0.000000 0.000000 0.000000 0.000000 0.000000 0.000000 0.000000 0.000000 0.000000 0.000000 0.000000 0.000000 0.000000 0.000000 0.000000 0.000000 0.000000 0.000000 0.000000 0.000000 0.000000 0.000000 0.000000 0.000000 0.000000 0.000000 0.000000 0.000000 0.000000 0.000000 0.000000 0.000000 0.000000 0.000000 0.000000 0.000000 0.000000 0.000000 0.000000
-0.104104 -0.037293 1.076406 -4.803040 2.496225 -11.876828 -19.550994 -20.035988 1.964498 54.326595 7.893855 0.614179 -0.270616 8.610902 11.469741 0.396227 -4.407119 -0.772720 -15.744775 6.996010 -3.685229 34.270302 -5.611437 -4.160602 -8.974366 -0.043594 -7.700379 0.022216 -1.855165 -0.095987 8.548416 5.946698 1.690366 13.229737 -0.379570 -2.358055 -12.186469 2.691596 0.159551 11.129489 -4.908394 -14.672809 -7.298131 -10.519194 -11.720593 11.335212 22.683241 4.505025 5.964812 30.193199 2.933793 10.444880 -5.802847 -56.450640 0.408524 -10.012078 -8.959294 0.000000 0.000000 0.000000 0.000000 0.000000 0.000000 0.000000 0.000000 0.000000 0.000000 0.000000 0.000000 0.000000 0.000000 0.000000 0.000000 0.000000 0.000000 0.000000 0.000000 0.000000 0.000000 0.000000 0.000000 0.000000 0.000000 0.000000 0.000000 0.000000 0.000000 0.000000 0.000000 0.000000 0.000000 0.000000 0.000000 0.000000 0.000000 0.000000 0.000000 0.000000 0.000000 2.212235 0.702321 6.272027 -9.774545 -27.057004 5.569738 -20.849066 8.531066 103.348415 -15.405504 18.051974 12.403517 0.000000 0.000000 0.000000 0.000000 0.000000 0.000000 0.000000 0.000000 0.000000 0.000000 0.000000 0.000000 0.000000 0.000000 0.000000 0.000000 0.000000 0.000000 0.000000 0.000000 0.000000 0.000000 0.000000 0.000000 0.000000 0.000000 0.000000 0.000000 0.000000 0.000000 0.000000 0.000000 0.000000 0.000000 0.000000 0.000000 0.000000 0.000000 0.000000 0.000000 0.000000 0.000000
-0.087609 -0.034281 1.084822 -4.621243 2.613239 -10.557055 -23.041812 -18.191943 0.872303 56.992528 9.986104 1.169835 0.844031 8.638243 10.592912 0.230131 -4.099529 -0.942393 -13.477565 5.488290 -4.012320 30.483736 -5.312447 -4.722402 -6.992116 -0.711345 -7.866181 0.015761 -2.066903 -0.189438 9.252886 6.297885 2.499032 13.285485 -0.430013 -2.384065 -12.786527 2.550947 0.270655 11.650357 -5.614067 -15.312556 -7.121203 -11.264580 -12.025604 11.771093 22.053929 4.878780 6.268698 28.954268 4.303600 10.905958 -5.414298 -58.000835 0.151803 -10.272341 -10.002935 0.000000 0.000000 0.000000 0.000000 0.000000 0.000000 0.000000 0.000000 0.000000 0.000000 0.000000 0.000000 0.000000 0.000000 0.000000 0.000000 0.000000 0.000000 0.000000 0.000000 0.000000 0.000000 0.000000 0.000000 0.000000 0.000000 0.000000 0.000000 0.000000 0.000000 0.000000 0.000000 0.000000 0.000000 0.000000 0.000000 0.000000 0.000000 0.000000 0.000000 0.000000 0.000000 2.539574 1.721935 5.799931 -10.568768 -26.648342 4.416019 -22.847107 8.280317 105.803686 -15.465231 20.490026 12.773880 0.000000 0.000000 0.000000 0.000000 0.000000 0.000000 0.000000 0.000000 0.000000 0.000000 0.000000 0.000000 0.000000 0.000000 0.000000 0.000000 0.000000 0.000000 0.000000 0.000000 0.000000 0.000000 0.000000 0.000000 0.000000 0.000000 0.000000 0.000000 0.000000 0.000000 0.000000 0.000000 0.000000 0.000000 0.000000 0.000000 0.000000 0.000000 0.000000 0.000000 0.000000 0.000000
-0.073910 -0.029744 1.093832 -4.236196 3.073439 -8.645077 -25.742697 -15.814113 0.205950 57.633511 12.150940 2.146414 2.261800 8.809325 9.629403 0.130205 -3.685220 -1.112792 -11.368432 3.528685 -4.337722 26.266991 -5.027965 -5.711555 -3.940406 -2.062941 -7.640126 -0.077630 -2.232137 -0.276743 9.910492 6.619337 3.193614 13.234258 -0.669324 -2.401482 -13.247088 2.288854 0.354377 12.741915 -6.426817 -15.950655 -7.023451 -11.895494 -12.215738 12.376724 21.514126 5.274730 6.838392 27.272081 5.819154 11.060377 -5.170660 -61.587525 0.184075 -10.258243 -11.627942 0.000000 0.000000 0.000000 0.000000 0.000000 0.000000 0.000000 0.000000 0.000000 0.000000 0.000000 0.000000 0.000000 0.000000 0.000000 0.000000 0.000000 0.000000 0.000000 0.000000 0.000000 0.000000 0.000000 0.000000 0.000000 0.000000 0.000000 0.000000 0.000000 0.000000 0.000000 0.000000 0.000000 0.000000 0.000000 0.000000 0.000000 0.000000 0.000000 0.000000 0.000000 0.000000 2.988762 2.473047 5.224066 -11.317762 -26.569019 2.867320 -24.474808 8.006564 107.641525 -14.685084 21.948836 12.835418 0.000000 0.000000 0.000000 0.000000 0.000000 0.000000 0.000000 0.000000 0.000000 0.000000 0.000000 0.000000 0.000000 0.000000 0.000000 0.000000 0.000000 0.000000 0.000000 0.000000 0.000000 0.000000 0.000000 0.000000 0.000000 0.000000 0.000000 0.000000 0.000000 0.000000 0.000000 0.000000 0.000000 0.000000 0.000000 0.000000 0.000000 0.000000 0.000000 0.000000 0.000000 0.000000
-0.066156 -0.026418 1.103590 -4.027139 4.302429 -5.661712 -27.088668 -13.118972 0.169605 55.548525 13.757551 3.619800 4.355166 9.256657 9.118025 0.019357 -3.409964 -1.138681 -9.746314 0.910583 -4.774479 22.473526 -4.930784 -6.954819 0.409112 -4.215128 -7.121909 -0.179984 -2.600543 -0.365199 10.830386 6.633538 3.544494 12.947539 -1.190132 -2.331292 -13.391016 1.621474 0.409363 13.660348 -7.272159 -16.508970 -6.710988 -12.761061 -11.758085 12.905907 20.664079 5.633609 7.941877 25.748984 6.940028 11.688261 -5.411719 -66.705689 0.715390 -10.206269 -13.840562 0.000000 0.000000 0.000000 0.000000 0.000000 0.000000 0.000000 0.000000 0.000000 0.000000 0.000000 0.000000 0.000000 0.000000 0.000000 0.000000 0.000000 0.000000 0.000000 0.000000 0.000000 0.000000 0.000000 0.000000 0.000000 0.000000 0.000000 0.000000 0.000000 0.000000 0.000000 0.000000 0.000000 0.000000 0.000000 0.000000 0.000000 0.000000 0.000000 0.000000 0.000000 0.000000 3.142811 2.917139 4.647107 -11.747289 -26.552503 1.227419 -26.096179 7.733691 108.055653 -12.113676 22.464563 12.824740 0.000000 0.000000 0.000000 0.000000 0.000000 0.000000 0.000000 0.000000 0.000000 0.000000 0.000000 0.000000 0.000000 0.000000 0.000000 0.000000 0.000000 0.000000 0.000000 0.000000 0.000000 0.000000 0.000000 0.000000 0.000000 0.000000 0.000000 0.000000 0.000000 0.000000 0.000000 0.000000 0.000000 0.000000 0.000000 0.000000 0.000000 0.000000 0.000000 0.000000 0.000000 0.000000
-0.060269 -0.025466 1.113916 -3.889207 5.550827 -3.269071 -27.179212 -11.546514 0.188166 51.835936 13.922611 4.807125 6.534855 10.026317 8.818628 -0.224824 -3.756041 -1.179810 -10.485697 -0.673889 -4.434040 23.051829 -5.310867 -7.437597 4.663115 -6.566207 -5.245184 -0.203710 -3.034259 -0.316050 11.728136 6.427706 3.508019 12.324132 -1.847197 -2.281576 -13.049480 0.617110 0.336001 14.406849 -7.807436 -16.779763 -7.203391 -13.181827 -12.031655 13.209911 19.703895 6.269717 9.080671 24.912578 6.880302 12.179596 -6.199765 -71.862822 -0.197637 -10.146546 -15.703768 0.000000 0.000000 0.000000 0.000000 0.000000 0.000000 0.000000 0.000000 0.000000 0.000000 0.000000 0.000000 0.000000 0.000000 0.000000 0.000000 0.000000 0.000000 0.000000 0.000000 0.000000 0.000000 0.000000 0.000000 0.000000 0.000000 0.000000 0.000000 0.000000 0.000000 0.000000 0.000000 0.000000 0.000000 0.000000 0.000000 0.000000 0.000000 0.000000 0.000000 0.000000 0.000000 3.213547 2.762327 3.961586 -11.301945 -26.577529 0.187900 -26.159669 8.126937 105.811218 -9.808000 23.129771 12.617369 0.000000 0.000000 0.000000 0.000000 0.000000 0.000000 0.000000 0.000000 0.000000 0.000000 0.000000 0.000000 0.000000 0.000000 0.000000 0.000000 0.000000 0.000000 0.000000 0.000000 0.000000 0.000000 0.000000 0.000000 0.000000 0.000000 0.000000 0.000000 0.000000 0.000000 0.000000 0.000000 0.000000 0.000000 0.000000 0.000000 0.000000 0.000000 0.000000 0.000000 0.000000 0.000000
-0.056502 -0.028312 1.122326 -4.019434 6.915277 -1.278017 -26.405862 -11.246886 0.241625 48.455210 13.085749 5.191289 8.134248 10.667043 8.416171 -0.485401 -4.102663 -1.213721 -12.105173 -1.243347 -4.018260 25.492006 -6.072759 -7.900459 8.293739 -8.180058 -3.724041 -0.213360 -3.298434 -0.269191 12.459516 5.895098 3.246609 11.777996 -2.407621 -2.144342 -12.693589 -0.381747 0.267503 15.036722 -8.116497 -16.579890 -7.165287 -13.536409 -11.731159 13.320882 19.175211 6.742618 9.712924 24.732320 6.578279 12.285111 -7.013085 -76.055077 -1.297803 -9.327360 -16.796115 0.000000 0.000000 0.000000 0.000000 0.000000 0.000000 0.000000 0.000000 0.000000 0.000000 0.000000 0.000000 0.000000 0.000000 0.000000 0.000000 0.000000 0.000000 0.000000 0.000000 0.000000 0.000000 0.000000 0.000000 0.000000 0.000000 0.000000 0.000000 0.000000 0.000000 0.000000 0.000000 0.000000 0.000000 0.000000 0.000000 0.000000 0.000000 0.000000 0.000000 0.000000 0.000000 3.214735 2.433475 3.537714 -10.602175 -26.619624 -0.281567 -25.429498 8.732453 101.934418 -7.372174 22.352997 12.194751 0.000000 0.000000 0.000000 0.000000 0.000000 0.000000 0.000000 0.000000 0.000000 0.000000 0.000000 0.000000 0.000000 0.000000 0.000000 0.000000 0.000000 0.000000 0.000000 0.000000 0.000000 0.000000 0.000000 0.000000 0.000000 0.000000 0.000000 0.000000 0.000000 0.000000 0.000000 0.000000 0.000000 0.000000 0.000000 0.000000 0.000000 0.000000 0.000000 0.000000 0.000000 0.000000
-0.053500 -0.033924 1.128077 -4.366961 8.328124 0.413085 -24.610546 -11.365634 0.581795 44.325248 11.828032 4.775234 8.692017 10.891467 8.213172 -0.814307 -4.705671 -1.217312 -14.530414 -0.963779 -3.577487 30.845217 -7.202249 -7.873670 11.136654 -8.997404 -2.805155 -0.255559 -3.727602 -0.203512 13.130988 5.048584 2.751711 11.510018 -2.993805 -1.913949 -12.191464 -1.256939 0.162951 15.392066 -8.429128 -16.350183 -7.023550 -13.653562 -11.641470 13.217975 18.813179 6.886092 10.429109 24.810818 5.769561 12.246972 -7.743968 -79.685375 -2.933583 -8.862030 -17.710913 0.000000 0.000000 0.000000 0.000000 0.000000 0.000000 0.000000 0.000000 0.000000 0.000000 0.000000 0.000000 0.000000 0.000000 0.000000 0.000000 0.000000 0.000000 0.000000 0.000000 0.000000 0.000000 0.000000 0.000000 0.000000 0.000000 0.000000 0.000000 0.000000 0.000000 0.000000 0.000000 0.000000 0.000000 0.000000 0.000000 0.000000 0.000000 0.000000 0.000000 0.000000 0.000000 3.116579 1.780876 3.506196 -9.474505 -26.513131 -0.781685 -23.878472 9.187833 97.036530 -5.653767 21.910341 12.202357 0.000000 0.000000 0.000000 0.000000 0.000000 0.000000 0.000000 0.000000 0.000000 0.000000 0.000000 0.000000 0.000000 0.000000 0.000000 0.000000 0.000000 0.000000 0.000000 0.000000 0.000000 0.000000 0.000000 0.000000 0.000000 0.000000 0.000000 0.000000 0.000000 0.000000 0.000000 0.000000 0.000000 0.000000 0.000000 0.000000 0.000000 0.000000 0.000000 0.000000 0.000000 0.000000
-0.053379 -0.044360 1.131110 -5.366923 10.190883 1.900185 -21.403983 -12.173511 1.375980 38.190924 9.468061 3.315411 8.272436 11.229481 8.122011 -1.135060 -5.782252 -1.215536 -18.585184 0.231124 -2.767095 41.551800 -9.191785 -7.078715 14.060750 -9.353885 -1.472231 -0.186788 -4.246513 0.018460 13.905538 3.588908 1.731097 11.027291 -3.686681 -1.603448 -11.562572 -2.243636 0.025292 16.410384 -8.808363 -16.382920 -6.280261 -13.504803 -11.499334 13.176814 18.625176 7.034967 10.798950 25.238215 4.816543 11.433233 -8.527578 -84.009284 -5.038748 -7.345034 -17.951214 0.000000 0.000000 0.000000 0.000000 0.000000 0.000000 0.000000 0.000000 0.000000 0.000000 0.000000 0.000000 0.000000 0.000000 0.000000 0.000000 0.000000 0.000000 0.000000 0.000000 0.000000 0.000000 0.000000 0.000000 0.000000 0.000000 0.000000 0.000000 0.000000 0.000000 0.000000 0.000000 0.000000 0.000000 0.000000 0.000000 0.000000 0.000000 0.000000 0.000000 0.000000 0.000000 2.756973 0.989135 3.585324 -8.289837 -26.542548 -0.997526 -21.057550 10.172235 90.300965 -2.845979 20.078056 11.543392 0.000000 0.000000 0.000000 0.000000 0.000000 0.000000 0.000000 0.000000 0.000000 0.000000 0.000000 0.000000 0.000000 0.000000 0.000000 0.000000 0.000000 0.000000 0.000000 0.000000 0.000000 0.000000 0.000000 0.000000 0.000000 0.000000 0.000000 0.000000 0.000000 0.000000 0.000000 0.000000 0.000000 0.000000 0.000000 0.000000 0.000000 0.000000 0.000000 0.000000 0.000000 0.000000
-0.058309 -0.054467 1.130936 -6.368884 12.897461 3.056532 -17.064469 -13.472837 2.644732 30.967580 7.194901 0.729641 6.025320 10.886808 8.580523 -1.706974 -7.387386 -1.277203 -24.087214 3.565813 -1.753288 56.854473 -11.759413 -5.373072 15.997646 -8.352013 -0.496600 0.026911 -4.922718 0.502439 14.903405 1.643872 0.611407 9.740647 -4.501982 -1.191890 -10.003623 -2.922149 0.054093 16.310094 -9.406957 -16.906927 -5.997315 -13.385117 -12.037558 12.524321 18.118369 7.029030 9.944431 25.575194 3.346418 9.756340 -10.085545 -88.968235 -8.762514 -6.914073 -17.847086 0.000000 0.000000 0.000000 0.000000 0.000000 0.000000 0.000000 0.000000 0.000000 0.000000 0.000000 0.000000 0.000000 0.000000 0.000000 0.000000 0.000000 0.000000 0.000000 0.000000 0.000000 0.000000 0.000000 0.000000 0.000000 0.000000 0.000000 0.000000 0.000000 0.000000 0.000000 0.000000 0.000000 0.000000 0.000000 0.000000 0.000000 0.000000 0.000000 0.000000 0.000000 0.000000 2.600791 -0.356992 3.596759 -7.464210 -26.736242 -1.759033 -16.309820 11.189952 81.757521 -0.258130 19.012410 10.431305 0.000000 0.000000 0.000000 0.000000 0.000000 0.000000 0.000000 0.000000 0.000000 0.000000 0.000000 0.000000 0.000000 0.000000 0.000000 0.000000 0.000000 0.000000 0.000000 0.000000 0.000000 0.000000 0.000000 0.000000 0.000000 0.000000 0.000000 0.000000 0.000000 0.000000 0.000000 0.000000 0.000000 0.000000 0.000000 0.000000 0.000000 0.000000 0.000000 0.000000 0.000000 0.000000
-0.060482 -0.064547 1.126244 -7.565267 14.913417 4.136091 -13.735345 -14.777305 3.997396 26.372927 5.983182 -1.182965 2.685371 9.887845 9.914595 -2.184735 -8.513834 -1.415243 -28.247447 6.305955 -0.566874 67.825077 -12.568709 -3.000314 16.755143 -7.563409 0.070669 0.135180 -5.496894 0.901853 15.553304 0.312058 -0.380714 9.162030 -5.553213 -0.883676 -9.286131 -3.359373 0.014753 16.391389 -10.061821 -17.750704 -5.269815 -13.457755 -12.931151 12.632529 17.759760 6.513919 9.316676 25.363748 2.089903 9.114908 -10.622506 -93.533291 -11.394033 -5.701858 -17.991651 0.000000 0.000000 0.000000 0.000000 0.000000 0.000000 0.000000 0.000000 0.000000 0.000000 0.000000 0.000000 0.000000 0.000000 0.000000 0.000000 0.000000 0.000000 0.000000 0.000000 0.000000 0.000000 0.000000 0.000000 0.000000 0.000000 0.000000 0.000000 0.000000 0.000000 0.000000 0.000000 0.000000 0.000000 0.000000 0.000000 0.000000 0.000000 0.000000 0.000000 0.000000 0.000000 2.921679 -1.601451 3.945568 -7.323011 -26.144802 -2.198291 -12.777723 11.129844 74.598484 2.454072 17.499048 9.149928 0.000000 0.000000 0.000000 0.000000 0.000000 0.000000 0.000000 0.000000 0.000000 0.000000 0.000000 0.000000 0.000000 0.000000 0.000000 0.000000 0.000000 0.000000 0.000000 0.000000 0.000000 0.000000 0.000000 0.000000 0.000000 0.000000 0.000000 0.000000 0.000000 0.000000 0.000000 0.000000 0.000000 0.000000 0.000000 0.000000 0.000000 0.000000 0.000000 0.000000 0.000000 0.000000
-0.058947 -0.072529 1.117409 -8.675031 16.209987 5.045985 -11.729515 -16.146413 4.906566 24.907814 5.505102 -2.406642 0.669670 8.928294 10.923583 -2.370618 -8.871603 -1.482201 -30.672690 8.735465 0.470708 74.425017 -12.146218 -0.688532 16.786580 -6.935799 -0.044450 0.043488 -5.709064 1.100251 15.720024 -0.690716 -1.058325 8.751206 -6.181096 -0.819795 -8.619687 -3.653380 -0.263494 16.637992 -10.457849 -18.914867 -4.419427 -13.514294 -12.935275 12.893383 17.168968 5.710394 8.870091 25.471188 0.658626 8.338581 -10.724078 -95.991470 -13.598465 -5.530317 -17.366794 0.000000 0.000000 0.000000 0.000000 0.000000 0.000000 0.000000 0.000000 0.000000 0.000000 0.000000 0.000000 0.000000 0.000000 0.000000 0.000000 0.000000 0.000000 0.000000 0.000000 0.000000 0.000000 0.000000 0.000000 0.000000 0.000000 0.000000 0.000000 0.000000 0.000000 0.000000 0.000000 0.000000 0.000000 0.000000 0.000000 0.000000 0.000000 0.000000 0.000000 0.000000 0.000000 3.405986 -2.226610 4.195459 -6.911020 -25.552139 -2.550636 -10.976233 10.301494 70.234246 4.024115 16.969262 8.236755 0.000000 0.000000 0.000000 0.000000 0.000000 0.000000 0.000000 0.000000 0.000000 0.000000 0.000000 0.000000 0.000000 0.000000 0.000000 0.000000 0.000000 0.000000 0.000000 0.000000 0.000000 0.000000 0.000000 0.000000 0.000000 0.000000 0.000000 0.000000 0.000000 0.000000 0.000000 0.000000 0.000000 0.000000 0.000000 0.000000 0.000000 0.000000 0.000000 0.000000 0.000000 0.000000
-0.060171 -0.083991 1.107307 -10.640105 17.850818 6.177728 -9.450792 -18.275911 5.965184 23.315183 5.160976 -4.179993 -2.223728 8.034609 12.198089 -2.857110 -9.825523 -1.703792 -34.158614 12.199179 2.642697 83.143696 -10.333185 3.060735 17.445422 -6.155791 0.870161 0.014109 -5.991393 1.476938 16.244702 -1.947822 -1.755724 8.584873 -7.225965 -0.827005 -8.086043 -3.879587 -0.403659 16.312917 -10.548862 -19.660537 -3.581702 -13.403854 -13.498010 12.922088 16.579808 4.498038 7.568832 25.039488 -1.842711 7.054755 -10.228063 -100.428929 -17.369167 -4.552833 -16.916996 0.000000 0.000000 0.000000 0.000000 0.000000 0.000000 0.000000 0.000000 0.000000 0.000000 0.000000 0.000000 0.000000 0.000000 0.000000 0.000000 0.000000 0.000000 0.000000 0.000000 0.000000 0.000000 0.000000 0.000000 0.000000 0.000000 0.000000 0.000000 0.000000 0.000000 0.000000 0.000000 0.000000 0.000000 0.000000 0.000000 0.000000 0.000000 0.000000 0.000000 0.000000 0.000000 4.048799 -4.001566 4.434608 -6.728422 -24.811804 -2.574932 -8.949076 9.390689 62.873176 6.607333 16.037941 6.219440 0.000000 0.000000 0.000000 0.000000 0.000000 0.000000 0.000000 0.000000 0.000000 0.000000 0.000000 0.000000 0.000000 0.000000 0.000000 0.000000 0.000000 0.000000 0.000000 0.000000 0.000000 0.000000 0.000000 0.000000 0.000000 0.000000 0.000000 0.000000 0.000000 0.000000 0.000000 0.000000 0.000000 0.000000 0.000000 0.000000 0.000000 0.000000 0.000000 0.000000 0.000000 0.000000
-0.064789 -0.098210 1.099604 -13.479120 20.144217 7.886092 -7.325032 -20.970206 7.329329 22.409153 4.998564 -5.666945 -4.505262 7.241100 13.226179 -3.424165 -10.682433 -1.946389 -37.399365 16.753675 5.398137 90.906844 -7.320769 6.814767 17.602282 -5.108729 1.664078 0.107118 -6.490289 1.830551 16.864595 -3.603124 -2.249579 8.783825 -8.195603 -0.943266 -7.638089 -4.025008 -0.579604 15.952902 -10.482822 -20.217519 -2.327556 -13.268335 -12.897674 12.748871 15.720690 2.638363 5.933235 24.755701 -5.174114 5.769895 -9.246447 -105.312770 -22.306831 -4.714696 -16.479712 0.000000 0.000000 0.000000 0.000000 0.000000 0.000000 0.000000 0.000000 0.000000 0.000000 0.000000 0.000000 0.000000 0.000000 0.000000 0.000000 0.000000 0.000000 0.000000 0.000000 0.000000 0.000000 0.000000 0.000000 0.000000 0.000000 0.000000 0.000000 0.000000 0.000000 0.000000 0.000000 0.000000 0.000000 0.000000 0.000000 0.000000 0.000000 0.000000 0.000000 0.000000 0.000000 4.840223 -5.692167 4.536969 -6.214766 -23.931056 -2.706509 -7.169667 7.513307 56.336820 8.718587 14.515020 4.329119 0.000000 0.000000 0.000000 0.000000 0.000000 0.000000 0.000000 0.000000 0.000000 0.000000 0.000000 0.000000 0.000000 0.000000 0.000000 0.000000 0.000000 0.000000 0.000000 0.000000 0.000000 0.000000 0.000000 0.000000 0.000000 0.000000 0.000000 0.000000 0.000000 0.000000 0.000000 0.000000 0.000000 0.000000 0.000000 0.000000 0.000000 0.000000 0.000000 0.000000 0.000000 0.000000
-0.077618 -0.110631 1.098000 -16.531909 23.910339 9.890196 -5.911655 -24.975232 8.200010 21.579349 4.377945 -7.702492 -6.701280 6.788398 14.456123 -4.022655 -11.563322 -2.225084 -40.618604 22.848162 9.087761 95.364705 -2.903680 10.300539 16.598352 -4.446322 2.501299 0.566300 -6.938800 2.274922 17.543330 -6.043933 -2.179808 9.036017 -9.587409 -1.497143 -7.061990 -4.578781 -0.778026 14.471772 -9.981065 -20.879007 -1.721558 -13.283461 -13.205423 11.332247 14.054822 -0.131708 3.499238 26.302760 -10.793939 2.695396 -9.541427 -110.552830 -25.325853 -6.296002 -16.735756 0.000000 0.000000 0.000000 0.000000 0.000000 0.000000 0.000000 0.000000 0.000000 0.000000 0.000000 0.000000 0.000000 0.000000 0.000000 0.000000 0.000000 0.000000 0.000000 0.000000 0.000000 0.000000 0.000000 0.000000 0.000000 0.000000 0.000000 0.000000 0.000000 0.000000 0.000000 0.000000 0.000000 0.000000 0.000000 0.000000 0.000000 0.000000 0.000000 0.000000 0.000000 0.000000 5.228112 -7.763981 4.029568 -5.267903 -23.169501 -3.573374 -5.031898 5.756311 49.994900 9.051837 11.080007 1.807458 0.000000 0.000000 0.000000 0.000000 0.000000 0.000000 0.000000 0.000000 0.000000 0.000000 0.000000 0.000000 0.000000 0.000000 0.000000 0.000000 0.000000 0.000000 0.000000 0.000000 0.000000 0.000000 0.000000 0.000000 0.000000 0.000000 0.000000 0.000000 0.000000 0.000000 0.000000 0.000000 0.000000 0.000000 0.000000 0.000000 0.000000 0.000000 0.000000 0.000000 0.000000 0.000000
-0.085123 -0.113570 1.097701 -18.292788 26.799586 11.608199 -5.938845 -28.278815 8.537788 22.452881 3.492382 -9.038884 -10.096034 5.395892 15.348931 -4.069736 -11.735291 -2.303427 -41.014714 26.794778 11.427872 94.738870 0.781381 11.032526 13.473006 -3.657553 1.430690 0.993361 -6.855878 2.457171 18.463651 -8.083500 -1.897603 9.201243 -10.511385 -2.210666 -6.922757 -5.496497 -1.269574 14.165276 -9.844065 -21.450212 -1.002158 -13.390292 -12.954717 10.014766 13.236935 -2.212225 1.640249 27.312632 -15.336160 -0.018105 -10.237836 -112.600017 -24.249355 -6.331795 -16.344665 0.000000 0.000000 0.000000 0.000000 0.000000 0.000000 0.000000 0.000000 0.000000 0.000000 0.000000 0.000000 0.000000 0.000000 0.000000 0.000000 0.000000 0.000000 0.000000 0.000000 0.000000 0.000000 0.000000 0.000000 0.000000 0.000000 0.000000 0.000000 0.000000 0.000000 0.000000 0.000000 0.000000 0.000000 0.000000 0.000000 0.000000 0.000000 0.000000 0.000000 0.000000 0.000000 5.660737 -8.905247 4.116089 -4.910256 -22.864109 -4.464057 -4.175304 3.460129 43.670230 8.014575 8.435765 0.700842 0.000000 0.000000 0.000000 0.000000 0.000000 0.000000 0.000000 0.000000 0.000000 0.000000 0.000000 0.000000 0.000000 0.000000 0.000000 0.000000 0.000000 0.000000 0.000000 0.000000 0.000000 0.000000 0.000000 0.000000 0.000000 0.000000 0.000000 0.000000 0.000000 0.000000 0.000000 0.000000 0.000000 0.000000 0.000000 0.000000 0.000000 0.000000 0.000000 0.000000 0.000000 0.000000
-0.087646 -0.111473 1.097682 -19.296929 28.462128 13.078517 -6.170861 -30.852976 9.028205 23.072018 3.030311 -9.943294 -12.299414 5.432001 14.718151 -3.924444 -11.604326 -2.171929 -40.582958 30.317795 13.082031 90.627692 3.600732 10.734772 10.471959 -3.008271 -0.613410 1.422205 -6.580352 2.471107 19.573985 -9.480626 -1.299665 9.277081 -10.976641 -2.742596 -7.220080 -6.333290 -1.645495 13.447041 -9.242932 -21.940133 -0.259507 -13.736911 -12.678543 9.149522 12.518517 -4.248905 0.299753 27.517458 -19.006085 -2.195248 -11.067876 -113.921871 -24.428152 -6.105177 -15.751372 0.000000 0.000000 0.000000 0.000000 0.000000 0.000000 0.000000 0.000000 0.000000 0.000000 0.000000 0.000000 0.000000 0.000000 0.000000 0.000000 0.000000 0.000000 0.000000 0.000000 0.000000 0.000000 0.000000 0.000000 0.000000 0.000000 0.000000 0.000000 0.000000 0.000000 0.000000 0.000000 0.000000 0.000000 0.000000 0.000000 0.000000 0.000000 0.000000 0.000000 0.000000 0.000000 6.067815 -10.086437 3.940477 -4.310971 -23.091984 -6.145404 -3.595789 2.695812 40.512479 8.008613 6.682202 -0.131756 0.000000 0.000000 0.000000 0.000000 0.000000 0.000000 0.000000 0.000000 0.000000 0.000000 0.000000 0.000000 0.000000 0.000000 0.000000 0.000000 0.000000 0.000000 0.000000 0.000000 0.000000 0.000000 0.000000 0.000000 0.000000 0.000000 0.000000 0.000000 0.000000 0.000000 0.000000 0.000000 0.000000 0.000000 0.000000 0.000000 0.000000 0.000000 0.000000 0.000000 0.000000 0.000000
-0.091239 -0.114797 1.101726 -20.578017 30.149278 14.405859 -6.555862 -33.535448 9.504719 23.885052 2.493332 -10.554444 -13.202288 6.347567 13.867740 -3.576804 -11.077090 -1.968209 -37.353588 33.536778 13.201162 81.267670 5.939996 9.995578 10.263858 -3.213131 -2.287356 1.727187 -6.169057 2.441560 20.388229 -10.870949 -0.494424 9.350927 -11.459661 -3.574960 -7.497899 -7.439406 -1.885612 13.249244 -8.648268 -22.288974 0.873432 -13.845293 -11.715313 8.080370 11.628738 -6.092326 -1.118103 28.151309 -22.996739 -4.457137 -11.735396 -114.235384 -22.873262 -5.829537 -14.835878 0.000000 0.000000 0.000000 0.000000 0.000000 0.000000 0.000000 0.000000 0.000000 0.000000 0.000000 0.000000 0.000000 0.000000 0.000000 0.000000 0.000000 0.000000 0.000000 0.000000 0.000000 0.000000 0.000000 0.000000 0.000000 0.000000 0.000000 0.000000 0.000000 0.000000 0.000000 0.000000 0.000000 0.000000 0.000000 0.000000 0.000000 0.000000 0.000000 0.000000 0.000000 0.000000 6.539699 -10.841516 3.733674 -3.321804 -23.551582 -7.212693 -2.649740 2.047763 37.223816 8.503043 4.205296 -1.462872 0.000000 0.000000 0.000000 0.000000 0.000000 0.000000 0.000000 0.000000 0.000000 0.000000 0.000000 0.000000 0.000000 0.000000 0.000000 0.000000 0.000000 0.000000 0.000000 0.000000 0.000000 0.000000 0.000000 0.000000 0.000000 0.000000 0.000000 0.000000 0.000000 0.000000 0.000000 0.000000 0.000000 0.000000 0.000000 0.000000 0.000000 0.000000 0.000000 0.000000 0.000000 0.000000
-0.097343 -0.127112 1.108021 -21.789406 31.923136 15.572434 -7.227825 -36.020449 9.936826 23.796469 2.090987 -10.529985 -13.045544 7.987810 12.899232 -2.989741 -10.126475 -1.520595 -30.903430 37.109190 11.347981 64.976340 7.806682 8.888577 11.917225 -4.950728 -3.045393 2.213711 -5.572133 2.274437 21.016453 -11.907634 0.660514 9.367355 -11.843019 -4.740384 -7.878273 -8.988484 -2.020282 13.199400 -7.930052 -22.402491 1.959707 -14.684670 -10.033368 6.933961 10.686006 -7.915036 -2.199089 28.423650 -26.777915 -6.042447 -12.661725 -113.993320 -22.466452 -4.409491 -14.280901 0.000000 0.000000 0.000000 0.000000 0.000000 0.000000 0.000000 0.000000 0.000000 0.000000 0.000000 0.000000 0.000000 0.000000 0.000000 0.000000 0.000000 0.000000 0.000000 0.000000 0.000000 0.000000 0.000000 0.000000 0.000000 0.000000 0.000000 0.000000 0.000000 0.000000 0.000000 0.000000 0.000000 0.000000 0.000000 0.000000 0.000000 0.000000 0.000000 0.000000 0.000000 0.000000 7.208406 -11.283299 3.414859 -2.539405 -24.561009 -8.180699 -2.141764 1.225189 34.581102 8.401365 1.396072 -3.155294 0.000000 0.000000 0.000000 0.000000 0.000000 0.000000 0.000000 0.000000 0.000000 0.000000 0.000000 0.000000 0.000000 0.000000 0.000000 0.000000 0.000000 0.000000 0.000000 0.000000 0.000000 0.000000 0.000000 0.000000 0.000000 0.000000 0.000000 0.000000 0.000000 0.000000 0.000000 0.000000 0.000000 0.000000 0.000000 0.000000 0.000000 0.000000 0.000000 0.000000 0.000000 0.000000
-0.096186 -0.132746 1.114356 -22.175643 33.888296 16.077370 -8.642412 -38.536954 9.270402 23.445635 1.218248 -10.826853 -11.951360 9.168713 11.894218 -2.371790 -8.700735 -1.022171 -23.716119 40.054089 8.256445 44.453760 9.236795 7.063324 18.539340 -9.680702 -2.163848 2.747802 -4.690193 2.011654 21.291000 -11.893823 1.834240 9.008094 -12.365930 -5.988793 -8.039481 -11.115668 -2.311630 13.288255 -8.077555 -23.148242 2.217981 -15.724704 -8.804703 6.267402 9.672464 -9.628713 -2.441173 28.362287 -31.193632 -6.764005 -14.129403 -112.665163 -20.845959 -3.626233 -14.260432 0.000000 0.000000 0.000000 0.000000 0.000000 0.000000 0.000000 0.000000 0.000000 0.000000 0.000000 0.000000 0.000000 0.000000 0.000000 0.000000 0.000000 0.000000 0.000000 0.000000 0.000000 0.000000 0.000000 0.000000 0.000000 0.000000 0.000000 0.000000 0.000000 0.000000 0.000000 0.000000 0.000000 0.000000 0.000000 0.000000 0.000000 0.000000 0.000000 0.000000 0.000000 0.000000 8.443247 -11.398082 3.093722 -2.450859 -25.888877 -8.758125 -2.303599 0.341802 31.315188 7.972957 -1.189190 -4.033834 0.000000 0.000000 0.000000 0.000000 0.000000 0.000000 0.000000 0.000000 0.000000 0.000000 0.000000 0.000000 0.000000 0.000000 0.000000 0.000000 0.000000 0.000000 0.000000 0.000000 0.000000 0.000000 0.000000 0.000000 0.000000 0.000000 0.000000 0.000000 0.000000 0.000000 0.000000 0.000000 0.000000 0.000000 0.000000 0.000000 0.000000 0.000000 0.000000 0.000000 0.000000 0.000000
-0.084498 -0.168100 1.119814 -23.549186 34.846961 16.489519 -10.547522 -40.087960 8.340749 23.171953 0.313492 -10.926435 -8.878674 10.885841 11.357450 -1.924649 -7.730389 -0.628196 -19.986778 42.055380 5.907031 32.249759 9.282673 5.225895 22.744131 -12.137557 -1.567220 3.105619 -4.137840 1.812937 21.300261 -11.644318 2.559599 8.897568 -12.828572 -6.508962 -7.982511 -12.297676 -2.316385 12.903501 -8.169756 -22.858135 1.578437 -16.272687 -8.803245 5.405066 8.806466 -10.539932 -2.897625 27.883831 -33.972800 -7.529352 -14.950671 -111.547362 -19.234630 -3.329018 -14.412877 0.000000 0.000000 0.000000 0.000000 0.000000 0.000000 0.000000 0.000000 0.000000 0.000000 0.000000 0.000000 0.000000 0.000000 0.000000 0.000000 0.000000 0.000000 0.000000 0.000000 0.000000 0.000000 0.000000 0.000000 0.000000 0.000000 0.000000 0.000000 0.000000 0.000000 0.000000 0.000000 0.000000 0.000000 0.000000 0.000000 0.000000 0.000000 0.000000 0.000000 0.000000 0.000000 9.012261 -11.527300 2.876239 -2.539162 -27.338107 -9.039191 -2.670425 -0.184121 29.074983 7.077982 -2.589387 -4.272581 0.000000 0.000000 0.000000 0.000000 0.000000 0.000000 0.000000 0.000000 0.000000 0.000000 0.000000 0.000000 0.000000 0.000000 0.000000 0.000000 0.000000 0.000000 0.000000 0.000000 0.000000 0.000000 0.000000 0.000000 0.000000 0.000000 0.000000 0.000000 0.000000 0.000000 0.000000 0.000000 0.000000 0.000000 0.000000 0.000000 0.000000 0.000000 0.000000 0.000000 0.000000 0.000000
-0.072841 -0.172508 1.123770 -23.659398 35.861592 16.802768 -12.119021 -42.019416 7.751426 22.914744 -0.097234 -10.868981 -6.853509 12.363645 10.352112 -1.746914 -7.249354 -0.478239 -18.306251 43.185880 4.237616 24.653258 8.439348 3.930386 24.533799 -13.248543 -1.167200 3.170953 -4.087352 1.743700 21.689242 -11.318104 2.936244 8.667142 -13.209057 -6.804482 -8.151295 -13.198709 -2.381834 12.860367 -8.743260 -21.983786 1.492698 -16.608650 -8.662030 5.217659 7.854115 -10.965016 -3.470593 27.435621 -35.533540 -7.809129 -15.640524 -110.890575 -18.236573 -2.156979 -14.285353 0.000000 0.000000 0.000000 0.000000 0.000000 0.000000 0.000000 0.000000 0.000000 0.000000 0.000000 0.000000 0.000000 0.000000 0.000000 0.000000 0.000000 0.000000 0.000000 0.000000 0.000000 0.000000 0.000000 0.000000 0.000000 0.000000 0.000000 0.000000 0.000000 0.000000 0.000000 0.000000 0.000000 0.000000 0.000000 0.000000 0.000000 0.000000 0.000000 0.000000 0.000000 0.000000 9.631483 -11.217055 2.771279 -2.550848 -28.820680 -9.385584 -1.839465 -0.388760 28.227430 6.275880 -3.669288 -4.392179 0.000000 0.000000 0.000000 0.000000 0.000000 0.000000 0.000000 0.000000 0.000000 0.000000 0.000000 0.000000 0.000000 0.000000 0.000000 0.000000 0.000000 0.000000 0.000000 0.000000 0.000000 0.000000 0.000000 0.000000 0.000000 0.000000 0.000000 0.000000 0.000000 0.000000 0.000000 0.000000 0.000000 0.000000 0.000000 0.000000 0.000000 0.000000 0.000000 0.000000 0.000000 0.000000
-0.067597 -0.182177 1.128655 -23.840357 37.058482 16.906514 -13.351049 -43.440598 7.074498 21.930720 -0.687872 -11.301111 -4.793658 13.682392 10.115858 -1.616734 -7.032441 -0.293825 -17.974936 43.924127 3.342166 21.226561 7.875212 2.924984 24.988433 -13.819141 -1.339134 3.277243 -3.969291 1.667252 21.978294 -10.674524 3.250333 8.541902 -13.556216 -7.091939 -8.165619 -13.884084 -2.416886 12.361530 -9.111370 -20.919097 0.778971 -17.191761 -8.522714 4.634002 6.802163 -11.553592 -3.960673 27.105065 -37.391051 -8.139234 -16.309919 -109.939549 -16.975301 -1.417928 -13.613169 0.000000 0.000000 0.000000 0.000000 0.000000 0.000000 0.000000 0.000000 0.000000 0.000000 0.000000 0.000000 0.000000 0.000000 0.000000 0.000000 0.000000 0.000000 0.000000 0.000000 0.000000 0.000000 0.000000 0.000000 0.000000 0.000000 0.000000 0.000000 0.000000 0.000000 0.000000 0.000000 0.000000 0.000000 0.000000 0.000000 0.000000 0.000000 0.000000 0.000000 0.000000 0.000000 9.987220 -11.332460 2.831822 -2.109566 -30.273879 -9.075482 -1.705198 -0.631263 27.532652 5.060950 -4.607590 -4.706975 0.000000 0.000000 0.000000 0.000000 0.000000 0.000000 0.000000 0.000000 0.000000 0.000000 0.000000 0.000000 0.000000 0.000000 0.000000 0.000000 0.000000 0.000000 0.000000 0.000000 0.000000 0.000000 0.000000 0.000000 0.000000 0.000000 0.000000 0.000000 0.000000 0.000000 0.000000 0.000000 0.000000 0.000000 0.000000 0.000000 0.000000 0.000000 0.000000 0.000000 0.000000 0.000000
-0.058031 -0.181891 1.132234 -23.756721 37.946096 17.007770 -13.887775 -44.779525 6.795548 20.617168 -1.260009 -11.835576 -3.300091 14.803096 9.826349 -1.629529 -6.935973 -0.131276 -18.496426 44.038680 3.356770 20.516365 7.487643 2.871775 24.288323 -13.817678 -1.143548 3.210940 -4.030282 1.579893 22.620586 -10.222274 3.276172 8.192697 -13.720512 -7.266986 -8.170052 -14.208429 -2.438665 11.785704 -9.421988 -20.020387 -0.012454 -17.600645 -9.111733 4.087233 6.028645 -11.875405 -4.284625 26.655452 -38.212386 -8.598102 -16.676898 -109.701479 -16.100017 -0.228007 -12.789742 0.000000 0.000000 0.000000 0.000000 0.000000 0.000000 0.000000 0.000000 0.000000 0.000000 0.000000 0.000000 0.000000 0.000000 0.000000 0.000000 0.000000 0.000000 0.000000 0.000000 0.000000 0.000000 0.000000 0.000000 0.000000 0.000000 0.000000 0.000000 0.000000 0.000000 0.000000 0.000000 0.000000 0.000000 0.000000 0.000000 0.000000 0.000000 0.000000 0.000000 0.000000 0.000000 9.947063 -11.241291 3.014598 -1.200933 -31.685807 -8.679479 -0.555499 -0.777494 28.238203 3.541329 -5.461208 -4.989323 0.000000 0.000000 0.000000 0.000000 0.000000 0.000000 0.000000 0.000000 0.000000 0.000000 0.000000 0.000000 0.000000 0.000000 0.000000 0.000000 0.000000 0.000000 0.000000 0.000000 0.000000 0.000000 0.000000 0.000000 0.000000 0.000000 0.000000 0.000000 0.000000 0.000000 0.000000 0.000000 0.000000 0.000000 0.000000 0.000000 0.000000 0.000000 0.000000 0.000000 0.000000 0.000000
-0.058356 -0.181840 1.136212 -23.377425 39.079502 16.938982 -14.502676 -45.738951 6.383610 19.137568 -1.563222 -12.077591 -2.036942 15.749914 9.906316 -1.660782 -7.114796 -0.091096 -19.869821 43.651362 3.892306 21.643667 6.920567 2.871290 22.533700 -13.330784 -1.513957 3.256302 -4.157355 1.545539 23.295231 -9.545499 3.097437 8.067565 -13.694262 -7.436907 -8.306490 -14.331975 -2.398674 11.709719 -9.476582 -18.716375 -0.233887 -17.992198 -9.160863 3.766281 5.333026 -12.357964 -4.750400 26.394472 -38.633415 -9.130119 -16.948291 -109.538861 -15.276685 0.963916 -11.726011 0.000000 0.000000 0.000000 0.000000 0.000000 0.000000 0.000000 0.000000 0.000000 0.000000 0.000000 0.000000 0.000000 0.000000 0.000000 0.000000 0.000000 0.000000 0.000000 0.000000 0.000000 0.000000 0.000000 0.000000 0.000000 0.000000 0.000000 0.000000 0.000000 0.000000 0.000000 0.000000 0.000000 0.000000 0.000000 0.000000 0.000000 0.000000 0.000000 0.000000 0.000000 0.000000 9.835574 -11.014783 3.218619 -0.023233 -33.262201 -7.928587 0.703608 -0.632141 29.818692 2.413476 -6.646921 -5.186679 0.000000 0.000000 0.000000 0.000000 0.000000 0.000000 0.000000 0.000000 0.000000 0.000000 0.000000 0.000000 0.000000 0.000000 0.000000 0.000000 0.000000 0.000000 0.000000 0.000000 0.000000 0.000000 0.000000 0.000000 0.000000 0.000000 0.000000 0.000000 0.000000 0.000000 0.000000 0.000000 0.000000 0.000000 0.000000 0.000000 0.000000 0.000000 0.000000 0.000000 0.000000 0.000000
-0.053822 -0.173471 1.137956 -22.855587 39.700258 16.892996 -14.562975 -46.594181 6.493468 17.923370 -1.722505 -12.209621 -1.430315 16.378651 9.657090 -1.761557 -7.300103 -0.066675 -21.242226 43.265172 4.584008 23.579560 6.622331 2.983538 20.908515 -12.546168 -1.674541 3.161336 -4.374870 1.480511 23.890411 -9.266609 2.935227 7.992851 -13.576186 -7.514904 -8.453443 -14.249353 -2.328383 11.799039 -9.490100 -17.532423 -0.285240 -18.317307 -9.081727 3.849048 5.109516 -12.522934 -5.203627 26.188263 -38.100128 -9.695606 -17.184650 -110.142193 -14.924248 2.139708 -11.234059 0.000000 0.000000 0.000000 0.000000 0.000000 0.000000 0.000000 0.000000 0.000000 0.000000 0.000000 0.000000 0.000000 0.000000 0.000000 0.000000 0.000000 0.000000 0.000000 0.000000 0.000000 0.000000 0.000000 0.000000 0.000000 0.000000 0.000000 0.000000 0.000000 0.000000 0.000000 0.000000 0.000000 0.000000 0.000000 0.000000 0.000000 0.000000 0.000000 0.000000 0.000000 0.000000 9.854144 -10.816923 3.325157 0.279682 -34.485655 -8.062737 1.780524 -0.185894 31.579389 1.155050 -7.426471 -5.136375 0.000000 0.000000 0.000000 0.000000 0.000000 0.000000 0.000000 0.000000 0.000000 0.000000 0.000000 0.000000 0.000000 0.000000 0.000000 0.000000 0.000000 0.000000 0.000000 0.000000 0.000000 0.000000 0.000000 0.000000 0.000000 0.000000 0.000000 0.000000 0.000000 0.000000 0.000000 0.000000 0.000000 0.000000 0.000000 0.000000 0.000000 0.000000 0.000000 0.000000 0.000000 0.000000
-0.054443 -0.163070 1.139870 -22.445426 40.313647 16.700465 -14.223638 -47.254410 6.700866 17.260257 -1.847402 -12.361549 -1.459263 16.624488 9.624774 -1.792897 -7.532245 -0.126547 -22.885184 42.819185 5.366827 26.098270 6.223181 3.186970 18.702702 -11.899243 -2.006491 3.122876 -4.476596 1.502077 24.491179 -9.099753 2.678795 8.160879 -13.402642 -7.452769 -8.607936 -14.065379 -2.359275 12.008219 -9.660992 -16.689979 0.160933 -18.513706 -9.230732 4.002547 5.040235 -12.764060 -5.681316 25.936499 -37.692481 -9.861445 -17.599587 -110.323852 -14.774295 2.603175 -11.151888 0.000000 0.000000 0.000000 0.000000 0.000000 0.000000 0.000000 0.000000 0.000000 0.000000 0.000000 0.000000 0.000000 0.000000 0.000000 0.000000 0.000000 0.000000 0.000000 0.000000 0.000000 0.000000 0.000000 0.000000 0.000000 0.000000 0.000000 0.000000 0.000000 0.000000 0.000000 0.000000 0.000000 0.000000 0.000000 0.000000 0.000000 0.000000 0.000000 0.000000 0.000000 0.000000 10.037399 -10.891507 3.574938 0.509077 -34.857269 -8.143230 3.238626 0.069825 33.186455 0.683027 -7.760156 -4.687071 0.000000 0.000000 0.000000 0.000000 0.000000 0.000000 0.000000 0.000000 0.000000 0.000000 0.000000 0.000000 0.000000 0.000000 0.000000 0.000000 0.000000 0.000000 0.000000 0.000000 0.000000 0.000000 0.000000 0.000000 0.000000 0.000000 0.000000 0.000000 0.000000 0.000000 0.000000 0.000000 0.000000 0.000000 0.000000 0.000000 0.000000 0.000000 0.000000 0.000000 0.000000 0.000000
-0.052007 -0.150778 1.140207 -22.025827 40.521254 16.441665 -13.829441 -47.705568 6.885542 17.144160 -1.879422 -12.878897 -1.629695 16.646929 9.795279 -1.994820 -8.016905 -0.214032 -25.663700 42.337233 6.796829 30.899455 5.850151 3.469445 16.006038 -10.334741 -2.912097 3.001032 -4.710368 1.480993 25.067214 -8.912723 2.412170 8.215781 -13.192078 -7.341859 -8.589386 -13.664722 -2.376633 12.055785 -9.942731 -15.996603 0.311824 -18.848364 -9.428585 4.055160 4.879830 -12.699862 -5.811473 26.142561 -37.316612 -9.969148 -17.967053 -110.416049 -14.661305 2.796903 -10.880209 0.000000 0.000000 0.000000 0.000000 0.000000 0.000000 0.000000 0.000000 0.000000 0.000000 0.000000 0.000000 0.000000 0.000000 0.000000 0.000000 0.000000 0.000000 0.000000 0.000000 0.000000 0.000000 0.000000 0.000000 0.000000 0.000000 0.000000 0.000000 0.000000 0.000000 0.000000 0.000000 0.000000 0.000000 0.000000 0.000000 0.000000 0.000000 0.000000 0.000000 0.000000 0.000000 9.912010 -10.892300 3.795894 0.831303 -35.690300 -8.035879 3.978973 0.752755 34.460734 0.067944 -7.623510 -4.438096 0.000000 0.000000 0.000000 0.000000 0.000000 0.000000 0.000000 0.000000 0.000000 0.000000 0.000000 0.000000 0.000000 0.000000 0.000000 0.000000 0.000000 0.000000 0.000000 0.000000 0.000000 0.000000 0.000000 0.000000 0.000000 0.000000 0.000000 0.000000 0.000000 0.000000 0.000000 0.000000 0.000000 0.000000 0.000000 0.000000 0.000000 0.000000 0.000000 0.000000 0.000000 0.000000
-0.052917 -0.136696 1.140054 -21.554010 40.636620 15.941728 -12.915560 -47.904547 7.301293 17.124319 -1.785001 -13.404981 -2.082847 16.343130 10.190396 -2.254440 -8.556374 -0.365858 -29.477134 41.799370 8.787674 37.542828 5.600305 4.099555 12.547389 -8.483703 -4.138269 2.870666 -4.983136 1.526730 25.601773 -8.608918 2.022985 8.229166 -13.021139 -7.102551 -8.437620 -13.156358 -2.468790 11.831437 -10.112528 -15.438446 0.894660 -19.072732 -9.517387 4.215613 4.860239 -12.716753 -5.712519 26.257397 -36.655748 -9.837259 -18.167347 -110.736557 -14.923519 2.782071 -10.415569 0.000000 0.000000 0.000000 0.000000 0.000000 0.000000 0.000000 0.000000 0.000000 0.000000 0.000000 0.000000 0.000000 0.000000 0.000000 0.000000 0.000000 0.000000 0.000000 0.000000 0.000000 0.000000 0.000000 0.000000 0.000000 0.000000 0.000000 0.000000 0.000000 0.000000 0.000000 0.000000 0.000000 0.000000 0.000000 0.000000 0.000000 0.000000 0.000000 0.000000 0.000000 0.000000 9.618745 -11.045898 3.986979 1.382588 -36.279515 -7.860387 4.464357 1.458808 36.167751 -0.216186 -7.451588 -4.312683 0.000000 0.000000 0.000000 0.000000 0.000000 0.000000 0.000000 0.000000 0.000000 0.000000 0.000000 0.000000 0.000000 0.000000 0.000000 0.000000 0.000000 0.000000 0.000000 0.000000 0.000000 0.000000 0.000000 0.000000 0.000000 0.000000 0.000000 0.000000 0.000000 0.000000 0.000000 0.000000 0.000000 0.000000 0.000000 0.000000 0.000000 0.000000 0.000000 0.000000 0.000000 0.000000
-0.059160 -0.119507 1.141366 -21.200388 41.105159 15.420916 -11.315661 -48.360667 8.328572 16.873251 -1.632475 -13.075772 -2.913996 16.156050 10.406309 -2.773991 -9.369278 -0.566248 -34.306271 40.858097 11.124092 47.395142 4.668201 4.567349 8.846777 -5.667077 -5.104044 2.652918 -5.415116 1.606428 26.282961 -9.033807 1.316603 8.413317 -12.818406 -6.731656 -8.439013 -12.492347 -2.477476 12.399459 -10.258458 -14.400373 2.296337 -19.066719 -9.550057 4.788973 5.382100 -12.586631 -6.060132 26.657720 -35.427051 -9.832732 -18.366347 -110.985661 -14.853721 2.797904 -10.378171 0.000000 0.000000 0.000000 0.000000 0.000000 0.000000 0.000000 0.000000 0.000000 0.000000 0.000000 0.000000 0.000000 0.000000 0.000000 0.000000 0.000000 0.000000 0.000000 0.000000 0.000000 0.000000 0.000000 0.000000 0.000000 0.000000 0.000000 0.000000 0.000000 0.000000 0.000000 0.000000 0.000000 0.000000 0.000000 0.000000 0.000000 0.000000 0.000000 0.000000 0.000000 0.000000 9.366015 -11.226827 4.209617 1.185591 -36.284348 -7.988541 5.550112 2.302339 38.102318 -0.187561 -7.304462 -3.403457 0.000000 0.000000 0.000000 0.000000 0.000000 0.000000 0.000000 0.000000 0.000000 0.000000 0.000000 0.000000 0.000000 0.000000 0.000000 0.000000 0.000000 0.000000 0.000000 0.000000 0.000000 0.000000 0.000000 0.000000 0.000000 0.000000 0.000000 0.000000 0.000000 0.000000 0.000000 0.000000 0.000000 0.000000 0.000000 0.000000 0.000000 0.000000 0.000000 0.000000 0.000000 0.000000
-0.068880 -0.105303 1.141608 -20.936241 41.276360 15.128983 -10.112329 -48.284457 9.036547 17.110156 -1.302779 -13.461309 -3.643828 15.670306 10.879858 -3.438756 -10.597823 -0.827643 -41.046390 39.850223 14.195465 61.172921 3.977837 5.958841 5.186687 -2.645964 -5.597528 2.442865 -6.043567 1.727602 26.952721 -9.227504 0.572540 8.379374 -12.756932 -6.297857 -8.313071 -11.534164 -2.580417 12.128018 -10.472252 -13.748094 2.925230 -18.821108 -10.335511 4.931877 5.420660 -12.530544 -6.026686 27.103354 -34.676643 -9.394772 -18.780769 -110.450294 -14.389544 2.308377 -10.245026 0.000000 0.000000 0.000000 0.000000 0.000000 0.000000 0.000000 0.000000 0.000000 0.000000 0.000000 0.000000 0.000000 0.000000 0.000000 0.000000 0.000000 0.000000 0.000000 0.000000 0.000000 0.000000 0.000000 0.000000 0.000000 0.000000 0.000000 0.000000 0.000000 0.000000 0.000000 0.000000 0.000000 0.000000 0.000000 0.000000 0.000000 0.000000 0.000000 0.000000 0.000000 0.000000 8.731755 -11.526304 4.249001 1.406345 -36.469858 -7.821051 6.089800 3.164067 39.589844 -0.588239 -7.079785 -2.572093 0.000000 0.000000 0.000000 0.000000 0.000000 0.000000 0.000000 0.000000 0.000000 0.000000 0.000000 0.000000 0.000000 0.000000 0.000000 0.000000 0.000000 0.000000 0.000000 0.000000 0.000000 0.000000 0.000000 0.000000 0.000000 0.000000 0.000000 0.000000 0.000000 0.000000 0.000000 0.000000 0.000000 0.000000 0.000000 0.000000 0.000000 0.000000 0.000000 0.000000 0.000000 0.000000
-0.069662 -0.082050 1.139913 -19.843907 41.268091 14.322764 -9.000784 -48.420898 9.809933 17.109981 -0.880291 -13.410172 -4.159129 15.186491 10.879881 -4.144828 -11.551262 -1.076930 -47.895166 38.815739 16.694744 75.762393 2.713750 7.910023 2.001313 -0.360396 -4.824792 2.329537 -6.664299 1.850492 27.593419 -9.405529 -0.196020 7.808511 -12.821768 -5.768505 -8.193083 -10.635733 -2.494342 12.412304 -10.870629 -12.768733 3.067458 -18.439735 -11.525417 5.200714 5.716273 -11.605619 -5.774667 27.515762 -33.445600 -9.007179 -18.621098 -110.661845 -13.782614 0.854479 -10.635360 0.000000 0.000000 0.000000 0.000000 0.000000 0.000000 0.000000 0.000000 0.000000 0.000000 0.000000 0.000000 0.000000 0.000000 0.000000 0.000000 0.000000 0.000000 0.000000 0.000000 0.000000 0.000000 0.000000 0.000000 0.000000 0.000000 0.000000 0.000000 0.000000 0.000000 0.000000 0.000000 0.000000 0.000000 0.000000 0.000000 0.000000 0.000000 0.000000 0.000000 0.000000 0.000000 8.166694 -11.772647 4.152587 1.161106 -36.234544 -7.490889 6.736635 3.509363 40.048488 -0.593218 -6.233516 -1.382458 0.000000 0.000000 0.000000 0.000000 0.000000 0.000000 0.000000 0.000000 0.000000 0.000000 0.000000 0.000000 0.000000 0.000000 0.000000 0.000000 0.000000 0.000000 0.000000 0.000000 0.000000 0.000000 0.000000 0.000000 0.000000 0.000000 0.000000 0.000000 0.000000 0.000000 0.000000 0.000000 0.000000 0.000000 0.000000 0.000000 0.000000 0.000000 0.000000 0.000000 0.000000 0.000000
-0.069771 -0.076291 1.139543 -20.026980 41.037896 14.526477 -8.205461 -48.230354 9.997865 17.149725 -0.805605 -14.079494 -3.840979 14.674066 11.004440 -4.995905 -12.397070 -1.360398 -53.641757 37.978219 19.028295 89.453096 2.081850 9.593555 -0.456722 2.122301 -4.347520 2.268299 -7.550005 1.875191 28.489335 -9.615842 -0.824916 7.659284 -13.080778 -5.528684 -8.317368 -9.764508 -2.486116 12.665518 -10.911045 -12.074757 3.173294 -18.240994 -12.057471 5.329338 5.928379 -11.366762 -5.760623 28.440364 -32.339031 -8.797158 -19.325291 -109.809478 -13.113360 -0.811317 -10.846455 0.000000 0.000000 0.000000 0.000000 0.000000 0.000000 0.000000 0.000000 0.000000 0.000000 0.000000 0.000000 0.000000 0.000000 0.000000 0.000000 0.000000 0.000000 0.000000 0.000000 0.000000 0.000000 0.000000 0.000000 0.000000 0.000000 0.000000 0.000000 0.000000 0.000000 0.000000 0.000000 0.000000 0.000000 0.000000 0.000000 0.000000 0.000000 0.000000 0.000000 0.000000 0.000000 7.833944 -11.995911 4.133748 0.913539 -36.406469 -7.646086 6.736760 4.154737 40.892258 -0.244083 -5.337439 -0.724874 0.000000 0.000000 0.000000 0.000000 0.000000 0.000000 0.000000 0.000000 0.000000 0.000000 0.000000 0.000000 0.000000 0.000000 0.000000 0.000000 0.000000 0.000000 0.000000 0.000000 0.000000 0.000000 0.000000 0.000000 0.000000 0.000000 0.000000 0.000000 0.000000 0.000000 0.000000 0.000000 0.000000 0.000000 0.000000 0.000000 0.000000 0.000000 0.000000 0.000000 0.000000 0.000000
-0.069521 -0.068211 1.138437 -19.790236 40.756081 14.302661 -6.927164 -47.886401 10.599090 16.487241 -0.580235 -14.411271 -3.593880 14.410760 11.284311 -5.391639 -12.981424 -1.470458 -57.822043 37.080199 20.626460 99.154519 1.360052 11.407112 -2.060429 3.506193 -3.492848 2.023260 -7.938896 1.759239 28.676645 -9.874837 -1.605346 7.546581 -13.083426 -5.342190 -8.290089 -9.164525 -2.601056 12.905123 -10.905509 -11.622751 3.561048 -17.662544 -12.264880 5.631277 6.251492 -11.151376 -5.795955 28.855668 -31.143118 -9.080585 -19.543219 -109.793243 -12.707377 -2.018050 -11.629592 0.000000 0.000000 0.000000 0.000000 0.000000 0.000000 0.000000 0.000000 0.000000 0.000000 0.000000 0.000000 0.000000 0.000000 0.000000 0.000000 0.000000 0.000000 0.000000 0.000000 0.000000 0.000000 0.000000 0.000000 0.000000 0.000000 0.000000 0.000000 0.000000 0.000000 0.000000 0.000000 0.000000 0.000000 0.000000 0.000000 0.000000 0.000000 0.000000 0.000000 0.000000 0.000000 7.646022 -12.165446 4.099425 1.340138 -36.241856 -7.243350 7.271097 4.776324 41.516541 0.667010 -4.627154 -0.068383 0.000000 0.000000 0.000000 0.000000 0.000000 0.000000 0.000000 0.000000 0.000000 0.000000 0.000000 0.000000 0.000000 0.000000 0.000000 0.000000 0.000000 0.000000 0.000000 0.000000 0.000000 0.000000 0.000000 0.000000 0.000000 0.000000 0.000000 0.000000 0.000000 0.000000 0.000000 0.000000 0.000000 0.000000 0.000000 0.000000 0.000000 0.000000 0.000000 0.000000 0.000000 0.000000
-0.070309 -0.070000 1.138649 -20.237437 40.482024 14.105066 -5.098947 -47.396683 11.464762 15.614264 -0.595579 -14.919007 -3.045165 13.962649 11.464953 -6.467670 -13.597386 -1.518065 -62.256943 36.410935 21.892543 110.403681 0.680683 13.606693 -4.060610 5.505970 -1.637308 1.978405 -9.397042 1.599171 29.066917 -9.953725 -2.281253 7.528617 -13.243977 -5.060134 -8.252095 -8.209780 -2.508732 12.772529 -10.879541 -10.698343 2.990529 -17.464986 -12.817626 5.669618 6.437877 -10.756006 -6.051676 29.653432 -29.670747 -8.930654 -19.650201 -109.288645 -12.304457 -4.023265 -12.267739 0.000000 0.000000 0.000000 0.000000 0.000000 0.000000 0.000000 0.000000 0.000000 0.000000 0.000000 0.000000 0.000000 0.000000 0.000000 0.000000 0.000000 0.000000 0.000000 0.000000 0.000000 0.000000 0.000000 0.000000 0.000000 0.000000 0.000000 0.000000 0.000000 0.000000 0.000000 0.000000 0.000000 0.000000 0.000000 0.000000 0.000000 0.000000 0.000000 0.000000 0.000000 0.000000 7.229719 -12.283187 4.065140 1.103586 -36.165503 -7.711285 7.219630 5.024173 42.542128 1.127514 -4.139007 0.592203 0.000000 0.000000 0.000000 0.000000 0.000000 0.000000 0.000000 0.000000 0.000000 0.000000 0.000000 0.000000 0.000000 0.000000 0.000000 0.000000 0.000000 0.000000 0.000000 0.000000 0.000000 0.000000 0.000000 0.000000 0.000000 0.000000 0.000000 0.000000 0.000000 0.000000 0.000000 0.000000 0.000000 0.000000 0.000000 0.000000 0.000000 0.000000 0.000000 0.000000 0.000000 0.000000
-0.071096 -0.061350 1.137703 -20.099642 40.126388 13.976925 -3.650550 -46.910097 12.219868 14.993805 -0.365727 -14.594333 -2.837006 13.525575 11.322262 -7.089301 -13.796704 -1.580991 -64.905728 35.968653 22.746630 117.585872 0.426807 15.285546 -4.729817 6.829398 -0.136463 1.798232 -10.379632 1.272484 29.368119 -10.269349 -2.925836 7.422574 -13.242502 -4.837631 -8.203391 -7.369698 -2.385143 13.344981 -10.865639 -10.116237 2.893959 -16.992260 -12.814640 5.754361 6.688566 -10.390198 -5.907480 30.350630 -29.178669 -9.387578 -19.828646 -109.630277 -11.858175 -4.773122 -12.521069 0.000000 0.000000 0.000000 0.000000 0.000000 0.000000 0.000000 0.000000 0.000000 0.000000 0.000000 0.000000 0.000000 0.000000 0.000000 0.000000 0.000000 0.000000 0.000000 0.000000 0.000000 0.000000 0.000000 0.000000 0.000000 0.000000 0.000000 0.000000 0.000000 0.000000 0.000000 0.000000 0.000000 0.000000 0.000000 0.000000 0.000000 0.000000 0.000000 0.000000 0.000000 0.000000 7.108323 -12.347089 3.871466 0.744295 -36.171756 -7.853610 7.144104 5.413288 43.407621 1.651147 -3.293660 1.266369 0.000000 0.000000 0.000000 0.000000 0.000000 0.000000 0.000000 0.000000 0.000000 0.000000 0.000000 0.000000 0.000000 0.000000 0.000000 0.000000 0.000000 0.000000 0.000000 0.000000 0.000000 0.000000 0.000000 0.000000 0.000000 0.000000 0.000000 0.000000 0.000000 0.000000 0.000000 0.000000 0.000000 0.000000 0.000000 0.000000 0.000000 0.000000 0.000000 0.000000 0.000000 0.000000
-0.057709 -0.062875 1.134575 -20.013724 39.133647 13.817866 -2.657178 -46.311213 12.619544 13.917885 -0.139194 -14.273246 -1.848418 13.552004 10.867853 -7.360381 -13.976772 -1.541868 -66.557876 35.529734 22.960596 122.582495 0.177385 16.721962 -5.958178 7.693480 1.532026 1.559634 -11.528476 0.688009 29.295364 -10.456642 -3.367466 7.055387 -13.390304 -4.789133 -8.200746 -7.009823 -2.386089 13.421024 -10.868524 -9.683318 2.979902 -16.593658 -12.628856 5.936145 7.069132 -9.337604 -6.108622 31.051342 -27.929770 -9.414379 -19.572572 -108.994940 -12.030006 -4.753231 -12.714280 0.000000 0.000000 0.000000 0.000000 0.000000 0.000000 0.000000 0.000000 0.000000 0.000000 0.000000 0.000000 0.000000 0.000000 0.000000 0.000000 0.000000 0.000000 0.000000 0.000000 0.000000 0.000000 0.000000 0.000000 0.000000 0.000000 0.000000 0.000000 0.000000 0.000000 0.000000 0.000000 0.000000 0.000000 0.000000 0.000000 0.000000 0.000000 0.000000 0.000000 0.000000 0.000000 6.903325 -12.196237 3.345884 0.702109 -36.154299 -7.621177 6.785915 5.916245 44.011515 2.599310 -3.600650 1.257649 0.000000 0.000000 0.000000 0.000000 0.000000 0.000000 0.000000 0.000000 0.000000 0.000000 0.000000 0.000000 0.000000 0.000000 0.000000 0.000000 0.000000 0.000000 0.000000 0.000000 0.000000 0.000000 0.000000 0.000000 0.000000 0.000000 0.000000 0.000000 0.000000 0.000000 0.000000 0.000000 0.000000 0.000000 0.000000 0.000000 0.000000 0.000000 0.000000 0.000000 0.000000 0.000000
-0.042445 -0.068573 1.132582 -20.455628 38.173418 13.697358 -1.933128 -45.988794 12.865480 13.856422 -0.169088 -14.236183 -0.933382 13.678200 10.422203 -7.579317 -14.238312 -1.585776 -67.789940 34.828044 23.225986 126.048918 0.237628 17.604598 -6.649737 8.499647 2.551164 1.494725 -12.301207 0.380159 29.809805 -10.494177 -3.691752 7.120338 -13.550087 -4.654933 -8.346088 -6.761501 -2.377272 13.534531 -11.030592 -9.715850 3.137743 -16.468499 -12.783972 6.044818 7.182645 -8.378450 -6.455718 31.307953 -27.106951 -9.292477 -19.601797 -108.391383 -11.749229 -5.063617 -12.900942 0.000000 0.000000 0.000000 0.000000 0.000000 0.000000 0.000000 0.000000 0.000000 0.000000 0.000000 0.000000 0.000000 0.000000 0.000000 0.000000 0.000000 0.000000 0.000000 0.000000 0.000000 0.000000 0.000000 0.000000 0.000000 0.000000 0.000000 0.000000 0.000000 0.000000 0.000000 0.000000 0.000000 0.000000 0.000000 0.000000 0.000000 0.000000 0.000000 0.000000 0.000000 0.000000 6.955870 -12.132716 3.171712 0.519817 -36.127408 -7.339925 6.519514 6.007718 43.942610 3.018198 -3.894303 1.375609 0.000000 0.000000 0.000000 0.000000 0.000000 0.000000 0.000000 0.000000 0.000000 0.000000 0.000000 0.000000 0.000000 0.000000 0.000000 0.000000 0.000000 0.000000 0.000000 0.000000 0.000000 0.000000 0.000000 0.000000 0.000000 0.000000 0.000000 0.000000 0.000000 0.000000 0.000000 0.000000 0.000000 0.000000 0.000000 0.000000 0.000000 0.000000 0.000000 0.000000 0.000000 0.000000
-0.047504 -0.068865 1.133155 -20.511647 38.132647 13.406714 -1.175245 -45.521856 13.152627 13.561782 -0.114252 -14.264965 -0.801073 13.365387 10.650422 -7.826168 -14.301270 -1.669136 -68.737812 34.345694 23.446476 128.288967 0.298683 18.306088 -6.732095 8.708729 3.224478 1.384394 -12.681817 0.166967 29.898323 -10.698943 -3.942001 7.039699 -13.597470 -4.563650 -8.325287 -6.586429 -2.327052 13.668059 -10.890035 -9.494004 3.400875 -16.301801 -12.304666 6.189220 7.295934 -8.658885 -5.920686 31.833339 -27.431252 -8.848496 -19.566483 -108.076851 -11.495178 -5.515515 -13.042939 0.000000 0.000000 0.000000 0.000000 0.000000 0.000000 0.000000 0.000000 0.000000 0.000000 0.000000 0.000000 0.000000 0.000000 0.000000 0.000000 0.000000 0.000000 0.000000 0.000000 0.000000 0.000000 0.000000 0.000000 0.000000 0.000000 0.000000 0.000000 0.000000 0.000000 0.000000 0.000000 0.000000 0.000000 0.000000 0.000000 0.000000 0.000000 0.000000 0.000000 0.000000 0.000000 6.934644 -12.192461 3.069134 0.373473 -35.628040 -7.160084 6.435394 5.862021 43.569961 3.778912 -4.082608 1.224037 0.000000 0.000000 0.000000 0.000000 0.000000 0.000000 0.000000 0.000000 0.000000 0.000000 0.000000 0.000000 0.000000 0.000000 0.000000 0.000000 0.000000 0.000000 0.000000 0.000000 0.000000 0.000000 0.000000 0.000000 0.000000 0.000000 0.000000 0.000000 0.000000 0.000000 0.000000 0.000000 0.000000 0.000000 0.000000 0.000000 0.000000 0.000000 0.000000 0.000000 0.000000 0.000000
-0.047843 -0.080410 1.133821 -21.074437 37.879229 13.221398 -0.631394 -45.225107 13.479173 13.422700 0.113825 -13.863002 -0.181563 13.329259 10.443804 -8.131545 -14.340071 -1.659966 -69.564837 34.344516 23.545665 130.330657 0.057919 18.945910 -7.318426 9.224774 3.949975 1.409500 -13.339464 0.031463 30.108286 -10.839332 -4.063893 7.092417 -13.670231 -4.473592 -8.393094 -6.287379 -2.208072 13.788110 -10.882124 -9.156153 3.522452 -16.257095 -12.134655 6.064757 7.372711 -8.791369 -6.259873 32.023757 -26.817745 -8.083272 -19.701057 -106.687155 -11.213008 -6.283974 -13.238936 0.000000 0.000000 0.000000 0.000000 0.000000 0.000000 0.000000 0.000000 0.000000 0.000000 0.000000 0.000000 0.000000 0.000000 0.000000 0.000000 0.000000 0.000000 0.000000 0.000000 0.000000 0.000000 0.000000 0.000000 0.000000 0.000000 0.000000 0.000000 0.000000 0.000000 0.000000 0.000000 0.000000 0.000000 0.000000 0.000000 0.000000 0.000000 0.000000 0.000000 0.000000 0.000000 6.671806 -12.148365 3.085435 0.311872 -35.523370 -7.210263 6.009640 5.802652 43.879357 4.004682 -4.318693 1.233914 0.000000 0.000000 0.000000 0.000000 0.000000 0.000000 0.000000 0.000000 0.000000 0.000000 0.000000 0.000000 0.000000 0.000000 0.000000 0.000000 0.000000 0.000000 0.000000 0.000000 0.000000 0.000000 0.000000 0.000000 0.000000 0.000000 0.000000 0.000000 0.000000 0.000000 0.000000 0.000000 0.000000 0.000000 0.000000 0.000000 0.000000 0.000000 0.000000 0.000000 0.000000 0.000000
-0.043838 -0.079152 1.133534 -21.183786 37.600915 13.196350 -0.293610 -45.183615 13.609189 13.532636 0.153532 -14.201029 0.099150 13.197140 10.225405 -8.344213 -14.292778 -1.739174 -70.496046 34.126118 23.991059 131.335489 0.084835 19.158560 -7.796302 9.749411 3.942424 1.577592 -13.724686 -0.027714 30.431404 -11.009341 -4.152553 7.016964 -13.729062 -4.350699 -8.473498 -6.165121 -2.215716 13.733148 -10.821660 -9.201756 3.345679 -16.101875 -12.459199 6.088607 7.530260 -8.260029 -5.967413 32.403651 -26.842389 -8.493870 -20.014197 -107.225956 -10.631596 -6.476747 -13.334815 0.000000 0.000000 0.000000 0.000000 0.000000 0.000000 0.000000 0.000000 0.000000 0.000000 0.000000 0.000000 0.000000 0.000000 0.000000 0.000000 0.000000 0.000000 0.000000 0.000000 0.000000 0.000000 0.000000 0.000000 0.000000 0.000000 0.000000 0.000000 0.000000 0.000000 0.000000 0.000000 0.000000 0.000000 0.000000 0.000000 0.000000 0.000000 0.000000 0.000000 0.000000 0.000000 6.655514 -12.296458 2.915928 0.174080 -35.406146 -7.457849 5.895914 5.825695 43.772265 4.112119 -4.678803 1.210558 0.000000 0.000000 0.000000 0.000000 0.000000 0.000000 0.000000 0.000000 0.000000 0.000000 0.000000 0.000000 0.000000 0.000000 0.000000 0.000000 0.000000 0.000000 0.000000 0.000000 0.000000 0.000000 0.000000 0.000000 0.000000 0.000000 0.000000 0.000000 0.000000 0.000000 0.000000 0.000000 0.000000 0.000000 0.000000 0.000000 0.000000 0.000000 0.000000 0.000000 0.000000 0.000000
-0.042534 -0.080969 1.133434 -21.398028 37.324574 12.985075 0.323263 -44.920385 13.980452 13.517069 0.219919 -14.156816 0.187066 13.248266 10.245637 -8.370031 -14.293443 -1.739807 -70.876797 33.942083 24.146757 131.320434 0.167245 19.029648 -8.326268 9.996028 3.814285 1.474316 -13.731821 -0.094655 30.645711 -11.252319 -4.250392 7.147638 -13.727548 -4.268209 -8.491587 -6.096242 -2.169204 13.803331 -10.690129 -9.189858 3.465289 -15.961704 -12.203346 6.097762 7.628182 -8.077599 -5.889040 32.637144 -26.787885 -8.516594 -20.203197 -106.951945 -10.277626 -6.677572 -13.361892 0.000000 0.000000 0.000000 0.000000 0.000000 0.000000 0.000000 0.000000 0.000000 0.000000 0.000000 0.000000 0.000000 0.000000 0.000000 0.000000 0.000000 0.000000 0.000000 0.000000 0.000000 0.000000 0.000000 0.000000 0.000000 0.000000 0.000000 0.000000 0.000000 0.000000 0.000000 0.000000 0.000000 0.000000 0.000000 0.000000 0.000000 0.000000 0.000000 0.000000 0.000000 0.000000 6.603059 -12.281308 2.980513 -0.000157 -35.400438 -7.366770 5.411779 5.706154 43.469716 4.042338 -4.735517 1.171788 0.000000 0.000000 0.000000 0.000000 0.000000 0.000000 0.000000 0.000000 0.000000 0.000000 0.000000 0.000000 0.000000 0.000000 0.000000 0.000000 0.000000 0.000000 0.000000 0.000000 0.000000 0.000000 0.000000 0.000000 0.000000 0.000000 0.000000 0.000000 0.000000 0.000000 0.000000 0.000000 0.000000 0.000000 0.000000 0.000000 0.000000 0.000000 0.000000 0.000000 0.000000 0.000000
-0.043264 -0.081503 1.133383 -21.418040 37.162704 12.725010 0.723680 -44.630873 14.181984 13.471585 0.292758 -14.165646 0.219219 13.283500 10.371379 -8.314610 -14.298938 -1.752565 -71.240471 33.712947 24.324500 130.795540 0.292544 18.776923 -8.455192 9.829068 3.396662 1.487411 -13.388803 0.025393 30.709753 -11.419441 -4.321273 7.191652 -13.661806 -4.193635 -8.494697 -6.095812 -2.143956 13.708924 -10.542962 -9.345981 3.455925 -15.934568 -12.085946 6.071853 7.711673 -8.052579 -5.609727 32.741640 -26.966974 -8.479113 -20.487313 -106.752227 -9.820993 -6.891732 -13.403356 0.000000 0.000000 0.000000 0.000000 0.000000 0.000000 0.000000 0.000000 0.000000 0.000000 0.000000 0.000000 0.000000 0.000000 0.000000 0.000000 0.000000 0.000000 0.000000 0.000000 0.000000 0.000000 0.000000 0.000000 0.000000 0.000000 0.000000 0.000000 0.000000 0.000000 0.000000 0.000000 0.000000 0.000000 0.000000 0.000000 0.000000 0.000000 0.000000 0.000000 0.000000 0.000000 6.534959 -12.269651 2.941057 -0.019374 -35.373941 -7.257095 5.347317 5.713328 43.190489 4.148915 -4.952877 0.960416 0.000000 0.000000 0.000000 0.000000 0.000000 0.000000 0.000000 0.000000 0.000000 0.000000 0.000000 0.000000 0.000000 0.000000 0.000000 0.000000 0.000000 0.000000 0.000000 0.000000 0.000000 0.000000 0.000000 0.000000 0.000000 0.000000 0.000000 0.000000 0.000000 0.000000 0.000000 0.000000 0.000000 0.000000 0.000000 0.000000 0.000000 0.000000 0.000000 0.000000 0.000000 0.000000
-0.045332 -0.081156 1.133625 -21.476176 37.064981 12.507256 1.035873 -44.456417 14.363730 13.701716 0.460122 -14.308675 0.186251 13.245179 10.523753 -8.315620 -14.244283 -1.793746 -71.437394 33.697480 24.455885 129.945078 0.328974 18.498001 -8.657308 9.715622 2.861624 1.545933 -12.975463 0.152630 30.797862 -11.537926 -4.321938 7.225445 -13.597606 -4.140488 -8.454634 -6.087696 -2.081750 13.775524 -10.351686 -9.145757 3.595854 -15.848890 -11.990587 6.068125 7.719461 -8.144814 -5.308018 32.844171 -27.340326 -8.465504 -20.873086 -106.604939 -9.358904 -7.114328 -13.492212 0.000000 0.000000 0.000000 0.000000 0.000000 0.000000 0.000000 0.000000 0.000000 0.000000 0.000000 0.000000 0.000000 0.000000 0.000000 0.000000 0.000000 0.000000 0.000000 0.000000 0.000000 0.000000 0.000000 0.000000 0.000000 0.000000 0.000000 0.000000 0.000000 0.000000 0.000000 0.000000 0.000000 0.000000 0.000000 0.000000 0.000000 0.000000 0.000000 0.000000 0.000000 0.000000 6.438041 -12.331564 2.907604 -0.132562 -35.436771 -7.210803 5.271237 5.758507 42.611118 4.189829 -4.842525 0.847023 0.000000 0.000000 0.000000 0.000000 0.000000 0.000000 0.000000 0.000000 0.000000 0.000000 0.000000 0.000000 0.000000 0.000000 0.000000 0.000000 0.000000 0.000000 0.000000 0.000000 0.000000 0.000000 0.000000 0.000000 0.000000 0.000000 0.000000 0.000000 0.000000 0.000000 0.000000 0.000000 0.000000 0.000000 0.000000 0.000000 0.000000 0.000000 0.000000 0.000000 0.000000 0.000000
-0.048243 -0.081995 1.133874 -21.629424 36.919616 12.293659 1.601602 -44.103218 14.818416 13.720036 0.528744 -14.073088 0.006258 13.472448 10.618492 -8.082214 -14.235002 -1.784115 -71.845030 33.484808 24.643536 129.046293 0.365843 17.963450 -9.091004 9.581774 2.293490 1.598629 -12.622128 0.237546 30.841232 -11.908079 -4.429816 7.226039 -13.441234 -4.058248 -8.437344 -6.078168 -2.123530 13.614694 -10.205671 -9.390554 3.612838 -15.741153 -11.635466 6.108547 7.977725 -8.259793 -5.130335 32.931417 -27.339441 -8.322636 -21.082757 -106.290942 -9.283192 -7.010569 -13.706000 0.000000 0.000000 0.000000 0.000000 0.000000 0.000000 0.000000 0.000000 0.000000 0.000000 0.000000 0.000000 0.000000 0.000000 0.000000 0.000000 0.000000 0.000000 0.000000 0.000000 0.000000 0.000000 0.000000 0.000000 0.000000 0.000000 0.000000 0.000000 0.000000 0.000000 0.000000 0.000000 0.000000 0.000000 0.000000 0.000000 0.000000 0.000000 0.000000 0.000000 0.000000 0.000000 6.443900 -12.340605 2.807835 -0.163154 -35.343247 -7.244958 5.263608 5.868026 42.752943 4.430283 -4.724306 0.770455 0.000000 0.000000 0.000000 0.000000 0.000000 0.000000 0.000000 0.000000 0.000000 0.000000 0.000000 0.000000 0.000000 0.000000 0.000000 0.000000 0.000000 0.000000 0.000000 0.000000 0.000000 0.000000 0.000000 0.000000 0.000000 0.000000 0.000000 0.000000 0.000000 0.000000 0.000000 0.000000 0.000000 0.000000 0.000000 0.000000 0.000000 0.000000 0.000000 0.000000 0.000000 0.000000
-0.047966 -0.084891 1.134133 -21.896043 36.727106 12.081011 2.095370 -43.852941 14.951844 13.812589 0.581593 -14.106686 0.046062 13.510094 10.789506 -8.036537 -14.226007 -1.786780 -72.037555 33.313067 24.627589 128.400843 0.158182 17.592165 -9.119082 9.444685 1.983137 1.614108 -12.432860 0.295787 30.893957 -11.926005 -4.517157 7.283983 -13.353331 -4.021629 -8.388660 -6.025133 -2.068589 13.739905 -10.037924 -9.178090 3.698815 -15.641623 -11.470195 6.076128 8.005006 -8.201598 -5.043999 33.059806 -27.341328 -8.304816 -21.280300 -105.740410 -9.047161 -6.945088 -13.786947 0.000000 0.000000 0.000000 0.000000 0.000000 0.000000 0.000000 0.000000 0.000000 0.000000 0.000000 0.000000 0.000000 0.000000 0.000000 0.000000 0.000000 0.000000 0.000000 0.000000 0.000000 0.000000 0.000000 0.000000 0.000000 0.000000 0.000000 0.000000 0.000000 0.000000 0.000000 0.000000 0.000000 0.000000 0.000000 0.000000 0.000000 0.000000 0.000000 0.000000 0.000000 0.000000 6.339747 -12.351145 2.772255 -0.172099 -35.503138 -7.188267 5.234352 5.939858 42.603051 4.506475 -4.871756 0.718241 0.000000 0.000000 0.000000 0.000000 0.000000 0.000000 0.000000 0.000000 0.000000 0.000000 0.000000 0.000000 0.000000 0.000000 0.000000 0.000000 0.000000 0.000000 0.000000 0.000000 0.000000 0.000000 0.000000 0.000000 0.000000 0.000000 0.000000 0.000000 0.000000 0.000000 0.000000 0.000000 0.000000 0.000000 0.000000 0.000000 0.000000 0.000000 0.000000 0.000000 0.000000 0.000000
-0.051130 -0.085128 1.134616 -22.040033 36.678966 11.905520 2.545916 -43.621033 15.177461 13.904093 0.665104 -14.271899 -0.040697 13.453611 10.909992 -8.076973 -14.165930 -1.830373 -72.510970 33.018411 24.696415 128.090279 0.028195 17.376244 -9.197624 9.226966 1.792222 1.695138 -12.230600 0.420634 30.979858 -11.921814 -4.636446 7.278203 -13.321915 -3.979194 -8.369048 -6.009584 -2.098608 13.642982 -9.997353 -9.030953 3.719746 -15.533934 -11.509130 6.038745 8.138921 -8.315798 -4.757768 32.931588 -27.560815 -8.246193 -21.371285 -105.673936 -8.667588 -7.407095 -14.062845 0.000000 0.000000 0.000000 0.000000 0.000000 0.000000 0.000000 0.000000 0.000000 0.000000 0.000000 0.000000 0.000000 0.000000 0.000000 0.000000 0.000000 0.000000 0.000000 0.000000 0.000000 0.000000 0.000000 0.000000 0.000000 0.000000 0.000000 0.000000 0.000000 0.000000 0.000000 0.000000 0.000000 0.000000 0.000000 0.000000 0.000000 0.000000 0.000000 0.000000 0.000000 0.000000 6.192274 -12.517875 2.721815 -0.081020 -35.358301 -7.055978 5.051216 5.740249 42.294833 4.303647 -4.839027 0.842290 0.000000 0.000000 0.000000 0.000000 0.000000 0.000000 0.000000 0.000000 0.000000 0.000000 0.000000 0.000000 0.000000 0.000000 0.000000 0.000000 0.000000 0.000000 0.000000 0.000000 0.000000 0.000000 0.000000 0.000000 0.000000 0.000000 0.000000 0.000000 0.000000 0.000000 0.000000 0.000000 0.000000 0.000000 0.000000 0.000000 0.000000 0.000000 0.000000 0.000000 0.000000 0.000000
-0.049629 -0.087566 1.134318 -22.302062 36.338317 11.715746 3.205342 -43.237622 15.450638 13.836377 0.741209 -14.139336 -0.044376 13.447523 10.934302 -8.079518 -14.163232 -1.842881 -72.691121 32.716022 24.613890 128.192814 -0.309574 17.226922 -9.444056 9.258383 1.694027 1.753874 -12.270077 0.432353 31.001915 -11.910206 -4.778775 7.412334 -13.270903 -3.951112 -8.304980 -5.912313 -2.070394 13.674997 -9.791463 -8.721146 3.812694 -15.390209 -11.367366 5.978516 8.171306 -8.166942 -4.815816 33.107094 -27.354747 -8.241437 -21.436903 -105.306622 -8.688213 -7.381963 -14.206274 0.000000 0.000000 0.000000 0.000000 0.000000 0.000000 0.000000 0.000000 0.000000 0.000000 0.000000 0.000000 0.000000 0.000000 0.000000 0.000000 0.000000 0.000000 0.000000 0.000000 0.000000 0.000000 0.000000 0.000000 0.000000 0.000000 0.000000 0.000000 0.000000 0.000000 0.000000 0.000000 0.000000 0.000000 0.000000 0.000000 0.000000 0.000000 0.000000 0.000000 0.000000 0.000000 6.162127 -12.565722 2.745867 -0.106539 -35.396323 -6.947957 5.064520 5.711680 42.243841 4.413727 -4.857223 0.902674 0.000000 0.000000 0.000000 0.000000 0.000000 0.000000 0.000000 0.000000 0.000000 0.000000 0.000000 0.000000 0.000000 0.000000 0.000000 0.000000 0.000000 0.000000 0.000000 0.000000 0.000000 0.000000 0.000000 0.000000 0.000000 0.000000 0.000000 0.000000 0.000000 0.000000 0.000000 0.000000 0.000000 0.000000 0.000000 0.000000 0.000000 0.000000 0.000000 0.000000 0.000000 0.000000
-0.050393 -0.086704 1.134058 -22.367460 36.126062 11.461464 3.761683 -42.837523 15.646679 13.826437 0.762075 -14.234010 -0.182706 13.264904 11.050897 -8.049092 -14.102997 -1.871591 -72.960017 32.313417 24.517698 128.455686 -0.551101 17.118217 -9.578317 9.206887 1.627410 1.814319 -12.309630 0.440300 31.065767 -11.824807 -4.934794 7.496408 -13.213875 -3.908985 -8.278117 -5.797915 -2.050993 13.619177 -9.652553 -8.536606 3.833320 -15.264997 -11.330377 5.900754 8.225928 -8.124803 -4.563845 33.192847 -27.440856 -8.376130 -21.476658 -105.414145 -8.521463 -7.604200 -14.352333 0.000000 0.000000 0.000000 0.000000 0.000000 0.000000 0.000000 0.000000 0.000000 0.000000 0.000000 0.000000 0.000000 0.000000 0.000000 0.000000 0.000000 0.000000 0.000000 0.000000 0.000000 0.000000 0.000000 0.000000 0.000000 0.000000 0.000000 0.000000 0.000000 0.000000 0.000000 0.000000 0.000000 0.000000 0.000000 0.000000 0.000000 0.000000 0.000000 0.000000 0.000000 0.000000 6.096637 -12.616765 2.776298 0.006853 -35.392296 -6.826230 5.157870 5.650530 42.030822 4.575868 -4.912611 0.894470 0.000000 0.000000 0.000000 0.000000 0.000000 0.000000 0.000000 0.000000 0.000000 0.000000 0.000000 0.000000 0.000000 0.000000 0.000000 0.000000 0.000000 0.000000 0.000000 0.000000 0.000000 0.000000 0.000000 0.000000 0.000000 0.000000 0.000000 0.000000 0.000000 0.000000 0.000000 0.000000 0.000000 0.000000 0.000000 0.000000 0.000000 0.000000 0.000000 0.000000 0.000000 0.000000
-0.049405 -0.087471 1.132704 -22.327364 35.637899 11.062072 4.328721 -42.151296 15.859966 13.660045 0.946173 -14.077441 -0.310349 13.058130 11.199697 -8.118595 -14.129689 -1.888981 -73.308685 31.766428 24.270725 129.132018 -1.046943 17.196144 -9.910181 9.342039 1.959612 1.813750 -12.559009 0.375407 30.998517 -11.723472 -5.139669 7.610264 -13.160771 -3.872633 -8.317479 -5.521665 -1.963710 13.631435 -9.454101 -8.256958 3.775819 -15.005393 -11.280968 5.873641 8.327742 -8.085209 -4.503887 33.191855 -27.189819 -8.340058 -21.222066 -105.214082 -8.605358 -7.660811 -14.443490 0.000000 0.000000 0.000000 0.000000 0.000000 0.000000 0.000000 0.000000 0.000000 0.000000 0.000000 0.000000 0.000000 0.000000 0.000000 0.000000 0.000000 0.000000 0.000000 0.000000 0.000000 0.000000 0.000000 0.000000 0.000000 0.000000 0.000000 0.000000 0.000000 0.000000 0.000000 0.000000 0.000000 0.000000 0.000000 0.000000 0.000000 0.000000 0.000000 0.000000 0.000000 0.000000 6.020445 -12.736614 2.696525 0.063269 -35.448494 -6.742862 4.815427 5.496975 42.030705 4.829958 -4.817179 0.918439 0.000000 0.000000 0.000000 0.000000 0.000000 0.000000 0.000000 0.000000 0.000000 0.000000 0.000000 0.000000 0.000000 0.000000 0.000000 0.000000 0.000000 0.000000 0.000000 0.000000 0.000000 0.000000 0.000000 0.000000 0.000000 0.000000 0.000000 0.000000 0.000000 0.000000 0.000000 0.000000 0.000000 0.000000 0.000000 0.000000 0.000000 0.000000 0.000000 0.000000 0.000000 0.000000
-0.053063 -0.087642 1.132085 -22.405020 35.291680 10.839306 5.070912 -41.377686 16.064535 13.361149 1.124216 -14.003764 -0.594975 12.770564 11.428591 -8.129426 -14.106185 -1.919208 -73.473227 31.353560 23.933092 129.692593 -1.529909 17.193225 -10.250145 9.183926 2.100067 1.839026 -12.415169 0.448641 30.830031 -11.610120 -5.423924 7.762067 -13.053936 -3.794324 -8.266669 -5.262943 -1.953586 13.477218 -9.224612 -8.046811 3.647950 -14.814957 -11.254793 5.829615 8.350055 -8.389446 -4.258944 33.094501 -27.152604 -8.089960 -21.127088 -105.114979 -8.737195 -7.727354 -14.494292 0.000000 0.000000 0.000000 0.000000 0.000000 0.000000 0.000000 0.000000 0.000000 0.000000 0.000000 0.000000 0.000000 0.000000 0.000000 0.000000 0.000000 0.000000 0.000000 0.000000 0.000000 0.000000 0.000000 0.000000 0.000000 0.000000 0.000000 0.000000 0.000000 0.000000 0.000000 0.000000 0.000000 0.000000 0.000000 0.000000 0.000000 0.000000 0.000000 0.000000 0.000000 0.000000 6.025714 -12.826654 2.720573 0.210495 -35.165617 -6.721172 5.000634 5.319929 42.070715 5.050267 -4.910001 0.922686 0.000000 0.000000 0.000000 0.000000 0.000000 0.000000 0.000000 0.000000 0.000000 0.000000 0.000000 0.000000 0.000000 0.000000 0.000000 0.000000 0.000000 0.000000 0.000000 0.000000 0.000000 0.000000 0.000000 0.000000 0.000000 0.000000 0.000000 0.000000 0.000000 0.000000 0.000000 0.000000 0.000000 0.000000 0.000000 0.000000 0.000000 0.000000 0.000000 0.000000 0.000000 0.000000
-0.053330 -0.081854 1.130590 -22.279351 34.779000 10.627545 5.835196 -40.654171 16.356609 13.215923 1.332048 -13.840785 -0.941566 12.458926 11.452351 -8.162461 -14.078122 -1.975720 -73.558281 30.835901 23.577735 130.319395 -2.050775 17.165488 -10.257664 9.259297 2.135482 1.790054 -12.490765 0.447998 30.594164 -11.439102 -5.704691 7.956085 -12.914601 -3.777995 -8.191243 -4.946506 -1.905408 13.517763 -8.857536 -7.664382 3.731127 -14.612284 -10.943597 6.006412 8.403808 -8.392632 -3.866466 33.185868 -27.162300 -8.495075 -20.818232 -105.977200 -8.957409 -7.609120 -14.583118 0.000000 0.000000 0.000000 0.000000 0.000000 0.000000 0.000000 0.000000 0.000000 0.000000 0.000000 0.000000 0.000000 0.000000 0.000000 0.000000 0.000000 0.000000 0.000000 0.000000 0.000000 0.000000 0.000000 0.000000 0.000000 0.000000 0.000000 0.000000 0.000000 0.000000 0.000000 0.000000 0.000000 0.000000 0.000000 0.000000 0.000000 0.000000 0.000000 0.000000 0.000000 0.000000 6.093428 -12.846940 2.673773 0.341414 -35.291486 -6.737056 5.032817 5.478788 42.290073 5.382071 -4.761935 0.942801 0.000000 0.000000 0.000000 0.000000 0.000000 0.000000 0.000000 0.000000 0.000000 0.000000 0.000000 0.000000 0.000000 0.000000 0.000000 0.000000 0.000000 0.000000 0.000000 0.000000 0.000000 0.000000 0.000000 0.000000 0.000000 0.000000 0.000000 0.000000 0.000000 0.000000 0.000000 0.000000 0.000000 0.000000 0.000000 0.000000 0.000000 0.000000 0.000000 0.000000 0.000000 0.000000
-0.054196 -0.077017 1.129276 -22.165717 34.311831 10.477967 6.378981 -39.922947 16.527074 13.152143 1.431556 -13.705207 -1.211534 12.143492 11.449859 -8.211344 -14.053067 -2.041084 -73.633764 30.343993 23.149719 131.108138 -2.807862 17.279971 -9.857207 9.355484 2.332226 1.775541 -12.654468 0.394074 30.215501 -11.229405 -5.921092 7.962053 -12.787783 -3.778509 -8.043196 -4.744345 -1.900520 13.541565 -8.556530 -7.418987 3.691292 -14.359718 -10.914907 6.089169 8.407545 -8.474513 -3.236634 33.516136 -27.438550 -8.814482 -20.888661 -106.137754 -8.637756 -7.858951 -14.598758 0.000000 0.000000 0.000000 0.000000 0.000000 0.000000 0.000000 0.000000 0.000000 0.000000 0.000000 0.000000 0.000000 0.000000 0.000000 0.000000 0.000000 0.000000 0.000000 0.000000 0.000000 0.000000 0.000000 0.000000 0.000000 0.000000 0.000000 0.000000 0.000000 0.000000 0.000000 0.000000 0.000000 0.000000 0.000000 0.000000 0.000000 0.000000 0.000000 0.000000 0.000000 0.000000 6.053495 -12.790201 2.655016 0.646469 -35.299190 -6.562474 5.417109 5.603547 42.443456 5.679458 -4.663143 1.090943 0.000000 0.000000 0.000000 0.000000 0.000000 0.000000 0.000000 0.000000 0.000000 0.000000 0.000000 0.000000 0.000000 0.000000 0.000000 0.000000 0.000000 0.000000 0.000000 0.000000 0.000000 0.000000 0.000000 0.000000 0.000000 0.000000 0.000000 0.000000 0.000000 0.000000 0.000000 0.000000 0.000000 0.000000 0.000000 0.000000 0.000000 0.000000 0.000000 0.000000 0.000000 0.000000
-0.052049 -0.074457 1.128090 -22.137714 33.822077 10.045234 7.298382 -39.197521 16.810250 12.772202 1.487219 -13.555263 -1.260153 11.802191 11.491368 -8.285936 -14.013410 -2.040742 -73.463589 29.772126 22.573025 132.218243 -3.413125 17.262043 -10.105876 9.505522 2.403994 1.736603 -12.645838 0.416951 29.947544 -10.982844 -6.161715 8.070786 -12.646608 -3.696342 -7.946546 -4.417498 -1.908963 13.241148 -8.400972 -7.178343 3.343751 -14.012800 -11.007310 6.044166 8.626039 -8.148168 -3.339850 33.681829 -26.820944 -8.788530 -20.593372 -106.343150 -8.538424 -7.740552 -14.689445 0.000000 0.000000 0.000000 0.000000 0.000000 0.000000 0.000000 0.000000 0.000000 0.000000 0.000000 0.000000 0.000000 0.000000 0.000000 0.000000 0.000000 0.000000 0.000000 0.000000 0.000000 0.000000 0.000000 0.000000 0.000000 0.000000 0.000000 0.000000 0.000000 0.000000 0.000000 0.000000 0.000000 0.000000 0.000000 0.000000 0.000000 0.000000 0.000000 0.000000 0.000000 0.000000 6.017337 -12.824408 2.755257 0.705643 -35.287159 -6.460382 5.540862 5.738585 43.279671 5.856458 -4.721653 1.244731 0.000000 0.000000 0.000000 0.000000 0.000000 0.000000 0.000000 0.000000 0.000000 0.000000 0.000000 0.000000 0.000000 0.000000 0.000000 0.000000 0.000000 0.000000 0.000000 0.000000 0.000000 0.000000 0.000000 0.000000 0.000000 0.000000 0.000000 0.000000 0.000000 0.000000 0.000000 0.000000 0.000000 0.000000 0.000000 0.000000 0.000000 0.000000 0.000000 0.000000 0.000000 0.000000
-0.038693 -0.074023 1.124120 -22.087281 32.409026 9.501382 8.349369 -37.815153 16.829125 12.179875 1.601680 -13.104495 -1.086813 11.422631 11.334486 -8.423607 -14.027792 -2.034267 -73.282576 28.757636 21.807105 133.919162 -4.350550 17.160100 -10.358957 9.870138 2.833485 1.721200 -13.249253 0.335520 29.587682 -10.426114 -6.561118 8.220762 -12.546415 -3.533351 -7.900219 -3.740833 -1.838612 12.792026 -8.305816 -7.053758 2.847973 -13.698095 -11.361900 5.916681 8.697423 -7.052853 -3.533636 34.149101 -25.810424 -8.718126 -20.033237 -106.297097 -8.557627 -7.186642 -14.461045 0.000000 0.000000 0.000000 0.000000 0.000000 0.000000 0.000000 0.000000 0.000000 0.000000 0.000000 0.000000 0.000000 0.000000 0.000000 0.000000 0.000000 0.000000 0.000000 0.000000 0.000000 0.000000 0.000000 0.000000 0.000000 0.000000 0.000000 0.000000 0.000000 0.000000 0.000000 0.000000 0.000000 0.000000 0.000000 0.000000 0.000000 0.000000 0.000000 0.000000 0.000000 0.000000 5.889820 -12.753766 2.472543 0.929524 -35.693232 -6.284586 5.429416 6.090476 44.789338 6.827257 -5.307166 1.094217 0.000000 0.000000 0.000000 0.000000 0.000000 0.000000 0.000000 0.000000 0.000000 0.000000 0.000000 0.000000 0.000000 0.000000 0.000000 0.000000 0.000000 0.000000 0.000000 0.000000 0.000000 0.000000 0.000000 0.000000 0.000000 0.000000 0.000000 0.000000 0.000000 0.000000 0.000000 0.000000 0.000000 0.000000 0.000000 0.000000 0.000000 0.000000 0.000000 0.000000 0.000000 0.000000
-0.031790 -0.059622 1.119394 -21.101512 31.288246 8.410049 9.266261 -36.300841 16.882602 11.562751 1.872860 -12.506359 -1.481319 10.999028 11.573035 -8.404131 -13.951114 -2.033603 -72.755159 27.644778 20.653192 135.235098 -5.526478 17.137143 -11.129720 9.929989 3.161193 1.611835 -13.367263 0.294852 28.759392 -9.743528 -6.987548 8.390529 -12.440463 -3.414206 -7.812633 -3.157767 -1.724529 12.740823 -8.112722 -6.626638 2.755658 -13.316011 -11.096211 6.249978 8.920979 -6.434928 -2.745237 34.339749 -25.340029 -9.435191 -19.274795 -108.234561 -8.827715 -7.076715 -14.413020 0.000000 0.000000 0.000000 0.000000 0.000000 0.000000 0.000000 0.000000 0.000000 0.000000 0.000000 0.000000 0.000000 0.000000 0.000000 0.000000 0.000000 0.000000 0.000000 0.000000 0.000000 0.000000 0.000000 0.000000 0.000000 0.000000 0.000000 0.000000 0.000000 0.000000 0.000000 0.000000 0.000000 0.000000 0.000000 0.000000 0.000000 0.000000 0.000000 0.000000 0.000000 0.000000 5.848231 -12.716416 2.361499 1.252380 -35.858075 -5.758436 5.330525 6.414890 46.017002 7.281814 -5.427253 1.109290 0.000000 0.000000 0.000000 0.000000 0.000000 0.000000 0.000000 0.000000 0.000000 0.000000 0.000000 0.000000 0.000000 0.000000 0.000000 0.000000 0.000000 0.000000 0.000000 0.000000 0.000000 0.000000 0.000000 0.000000 0.000000 0.000000 0.000000 0.000000 0.000000 0.000000 0.000000 0.000000 0.000000 0.000000 0.000000 0.000000 0.000000 0.000000 0.000000 0.000000 0.000000 0.000000
-0.024590 -0.058735 1.116183 -20.782679 30.174810 7.465549 9.969723 -34.827096 16.735407 11.042646 2.069802 -12.215231 -1.262864 10.507144 11.941194 -8.398787 -13.795988 -2.010025 -71.633718 26.729489 19.372017 136.330560 -6.589237 17.202771 -11.383103 10.210273 3.414847 1.553429 -13.558673 0.142967 27.880895 -9.068393 -7.200558 8.495864 -12.359085 -3.356828 -7.626633 -2.629499 -1.572876 12.759358 -7.995374 -6.093322 2.566765 -12.961130 -10.515697 6.220876 9.116151 -6.167276 -2.717796 34.601549 -24.521456 -8.926762 -18.502920 -107.600021 -9.146746 -6.800997 -13.997761 0.000000 0.000000 0.000000 0.000000 0.000000 0.000000 0.000000 0.000000 0.000000 0.000000 0.000000 0.000000 0.000000 0.000000 0.000000 0.000000 0.000000 0.000000 0.000000 0.000000 0.000000 0.000000 0.000000 0.000000 0.000000 0.000000 0.000000 0.000000 0.000000 0.000000 0.000000 0.000000 0.000000 0.000000 0.000000 0.000000 0.000000 0.000000 0.000000 0.000000 0.000000 0.000000 5.754044 -12.679414 2.342674 1.428912 -36.036018 -5.186775 5.236315 6.667797 46.883807 7.888487 -5.509245 0.625712 0.000000 0.000000 0.000000 0.000000 0.000000 0.000000 0.000000 0.000000 0.000000 0.000000 0.000000 0.000000 0.000000 0.000000 0.000000 0.000000 0.000000 0.000000 0.000000 0.000000 0.000000 0.000000 0.000000 0.000000 0.000000 0.000000 0.000000 0.000000 0.000000 0.000000 0.000000 0.000000 0.000000 0.000000 0.000000 0.000000 0.000000 0.000000 0.000000 0.000000 0.000000 0.000000
-0.019191 -0.052404 1.112667 -20.274259 29.033217 6.634595 10.595094 -33.260203 16.734088 10.607819 2.257408 -11.809921 -1.314594 10.125634 12.136258 -8.199035 -13.724140 -2.023091 -70.144370 25.523857 17.956924 136.262018 -7.910007 16.930915 -11.674399 10.064703 3.730528 1.543228 -13.412611 0.212462 26.857392 -8.339162 -7.426089 8.763539 -12.269281 -3.370143 -7.469028 -2.179290 -1.456073 12.894607 -7.827648 -5.498319 2.274497 -12.610232 -10.070034 6.406398 9.341958 -5.995459 -2.058670 34.872606 -24.304385 -9.060641 -17.915891 -107.778139 -9.157218 -6.718625 -13.851166 0.000000 0.000000 0.000000 0.000000 0.000000 0.000000 0.000000 0.000000 0.000000 0.000000 0.000000 0.000000 0.000000 0.000000 0.000000 0.000000 0.000000 0.000000 0.000000 0.000000 0.000000 0.000000 0.000000 0.000000 0.000000 0.000000 0.000000 0.000000 0.000000 0.000000 0.000000 0.000000 0.000000 0.000000 0.000000 0.000000 0.000000 0.000000 0.000000 0.000000 0.000000 0.000000 5.735425 -12.679281 2.371104 1.657041 -36.218987 -4.569437 4.987760 6.864961 47.251768 7.801791 -5.255305 0.766577 0.000000 0.000000 0.000000 0.000000 0.000000 0.000000 0.000000 0.000000 0.000000 0.000000 0.000000 0.000000 0.000000 0.000000 0.000000 0.000000 0.000000 0.000000 0.000000 0.000000 0.000000 0.000000 0.000000 0.000000 0.000000 0.000000 0.000000 0.000000 0.000000 0.000000 0.000000 0.000000 0.000000 0.000000 0.000000 0.000000 0.000000 0.000000 0.000000 0.000000 0.000000 0.000000
-0.015206 -0.050877 1.109180 -19.812970 27.802827 5.615636 10.941919 -31.502564 16.623989 10.299810 2.594122 -11.197645 -1.133354 9.702114 12.363400 -8.094729 -13.620293 -2.062491 -68.603539 24.318575 16.496126 135.765013 -9.365229 16.737091 -11.238446 9.661286 3.984593 1.436110 -13.109839 0.319971 25.868501 -7.553685 -7.540901 8.890382 -12.058966 -3.369593 -7.329914 -1.745580 -1.323141 12.785136 -7.716818 -5.109960 2.029178 -12.293992 -9.723215 6.383179 9.581579 -5.973817 -1.622688 34.970111 -23.868226 -8.697542 -17.339463 -107.258163 -9.312092 -6.828688 -13.661980 0.000000 0.000000 0.000000 0.000000 0.000000 0.000000 0.000000 0.000000 0.000000 0.000000 0.000000 0.000000 0.000000 0.000000 0.000000 0.000000 0.000000 0.000000 0.000000 0.000000 0.000000 0.000000 0.000000 0.000000 0.000000 0.000000 0.000000 0.000000 0.000000 0.000000 0.000000 0.000000 0.000000 0.000000 0.000000 0.000000 0.000000 0.000000 0.000000 0.000000 0.000000 0.000000 5.481653 -12.580140 2.357412 2.099930 -36.430902 -3.793271 4.805069 7.208849 47.999521 8.179666 -5.040082 0.601514 0.000000 0.000000 0.000000 0.000000 0.000000 0.000000 0.000000 0.000000 0.000000 0.000000 0.000000 0.000000 0.000000 0.000000 0.000000 0.000000 0.000000 0.000000 0.000000 0.000000 0.000000 0.000000 0.000000 0.000000 0.000000 0.000000 0.000000 0.000000 0.000000 0.000000 0.000000 0.000000 0.000000 0.000000 0.000000 0.000000 0.000000 0.000000 0.000000 0.000000 0.000000 0.000000
0.004831 -0.054096 1.103057 -19.370559 25.398400 4.306886 11.102161 -28.806387 16.314821 9.910718 2.558399 -10.483768 -0.673656 9.568306 12.539085 -7.593756 -13.520839 -1.944692 -65.833600 22.372255 14.300463 134.118122 -11.122570 16.038131 -11.473506 8.955204 4.376372 1.410304 -12.692380 0.415119 24.737307 -6.402092 -7.512238 9.200328 -11.752998 -3.377371 -7.429806 -1.277899 -1.034107 12.495616 -7.544980 -4.559934 1.692698 -11.708278 -9.406287 6.140412 10.000207 -5.192459 -1.486833 34.803121 -22.524174 -8.535204 -16.632793 -106.291360 -8.844371 -7.382911 -13.536378 0.000000 0.000000 0.000000 0.000000 0.000000 0.000000 0.000000 0.000000 0.000000 0.000000 0.000000 0.000000 0.000000 0.000000 0.000000 0.000000 0.000000 0.000000 0.000000 0.000000 0.000000 0.000000 0.000000 0.000000 0.000000 0.000000 0.000000 0.000000 0.000000 0.000000 0.000000 0.000000 0.000000 0.000000 0.000000 0.000000 0.000000 0.000000 0.000000 0.000000 0.000000 0.000000 5.205474 -12.530163 2.262823 2.502583 -36.888949 -2.888992 4.381154 7.694563 48.591637 9.020775 -4.041762 0.653969 0.000000 0.000000 0.000000 0.000000 0.000000 0.000000 0.000000 0.000000 0.000000 0.000000 0.000000 0.000000 0.000000 0.000000 0.000000 0.000000 0.000000 0.000000 0.000000 0.000000 0.000000 0.000000 0.000000 0.000000 0.000000 0.000000 0.000000 0.000000 0.000000 0.000000 0.000000 0.000000 0.000000 0.000000 0.000000 0.000000 0.000000 0.000000 0.000000 0.000000 0.000000 0.000000
0.017213 -0.051917 1.098782 -18.783989 23.643156 3.042821 11.190894 -26.676839 15.741327 9.700122 2.764274 -9.853966 -0.236847 9.241817 12.894485 -7.297300 -13.346106 -1.932370 -63.897968 20.873135 12.577888 132.369017 -12.741386 15.247896 -10.821318 8.366799 4.474604 1.386815 -12.215634 0.600486 23.515287 -5.483194 -7.509947 9.598714 -11.531350 -3.209064 -7.470466 -0.815649 -0.736413 12.598855 -7.072285 -3.942720 1.296353 -11.168902 -8.790391 6.160234 10.374888 -4.743245 -0.755541 34.934289 -22.111335 -8.698001 -16.216128 -106.251575 -8.551641 -7.089722 -13.104079 0.000000 0.000000 0.000000 0.000000 0.000000 0.000000 0.000000 0.000000 0.000000 0.000000 0.000000 0.000000 0.000000 0.000000 0.000000 0.000000 0.000000 0.000000 0.000000 0.000000 0.000000 0.000000 0.000000 0.000000 0.000000 0.000000 0.000000 0.000000 0.000000 0.000000 0.000000 0.000000 0.000000 0.000000 0.000000 0.000000 0.000000 0.000000 0.000000 0.000000 0.000000 0.000000 5.074419 -12.586334 2.085481 2.995832 -37.368702 -2.150835 4.048692 8.194179 48.923953 9.674409 -3.886547 0.433906 0.000000 0.000000 0.000000 0.000000 0.000000 0.000000 0.000000 0.000000 0.000000 0.000000 0.000000 0.000000 0.000000 0.000000 0.000000 0.000000 0.000000 0.000000 0.000000 0.000000 0.000000 0.000000 0.000000 0.000000 0.000000 0.000000 0.000000 0.000000 0.000000 0.000000 0.000000 0.000000 0.000000 0.000000 0.000000 0.000000 0.000000 0.000000 0.000000 0.000000 0.000000 0.000000
0.025640 -0.049311 1.095179 -18.007881 22.133435 1.800253 10.957991 -24.629575 15.155260 9.356625 2.909313 -9.154104 0.302350 9.003064 13.261424 -7.027346 -13.234328 -1.894043 -61.317762 19.044616 10.779049 130.185216 -14.331298 14.160101 -10.533236 7.965945 4.156266 1.241494 -11.678780 0.739344 22.143000 -4.598101 -7.450481 9.788477 -11.285201 -3.188559 -7.401978 -0.392099 -0.506884 12.630155 -6.715190 -3.229282 1.183108 -10.660382 -7.885870 6.260952 10.780358 -4.541919 -0.031012 34.794227 -21.588905 -8.712688 -15.752107 -106.545146 -8.591612 -6.883690 -12.449778 0.000000 0.000000 0.000000 0.000000 0.000000 0.000000 0.000000 0.000000 0.000000 0.000000 0.000000 0.000000 0.000000 0.000000 0.000000 0.000000 0.000000 0.000000 0.000000 0.000000 0.000000 0.000000 0.000000 0.000000 0.000000 0.000000 0.000000 0.000000 0.000000 0.000000 0.000000 0.000000 0.000000 0.000000 0.000000 0.000000 0.000000 0.000000 0.000000 0.000000 0.000000 0.000000 4.882240 -12.512790 1.951272 3.617631 -37.951353 -1.194574 3.688822 8.618796 49.584406 9.409553 -3.765277 0.217558 0.000000 0.000000 0.000000 0.000000 0.000000 0.000000 0.000000 0.000000 0.000000 0.000000 0.000000 0.000000 0.000000 0.000000 0.000000 0.000000 0.000000 0.000000 0.000000 0.000000 0.000000 0.000000 0.000000 0.000000 0.000000 0.000000 0.000000 0.000000 0.000000 0.000000 0.000000 0.000000 0.000000 0.000000 0.000000 0.000000 0.000000 0.000000 0.000000 0.000000 0.000000 0.000000
0.039702 -0.044610 1.091480 -17.308786 20.334652 0.751219 10.554841 -22.684677 14.606929 9.517461 3.042721 -8.620847 0.928293 8.956416 13.359828 -6.515650 -13.059803 -1.825708 -58.441109 17.113785 9.085393 126.528108 -15.648652 12.539788 -9.738549 7.344993 3.669861 1.096579 -10.999768 0.856072 20.949341 -3.769829 -7.275905 9.763105 -10.982260 -3.233882 -7.267480 -0.107569 -0.361388 12.453632 -6.425709 -2.620541 1.031415 -10.121691 -7.110219 6.312766 11.101521 -3.799729 0.875525 34.987174 -21.287248 -8.980250 -15.533584 -106.638047 -8.543126 -6.816797 -12.071191 0.000000 0.000000 0.000000 0.000000 0.000000 0.000000 0.000000 0.000000 0.000000 0.000000 0.000000 0.000000 0.000000 0.000000 0.000000 0.000000 0.000000 0.000000 0.000000 0.000000 0.000000 0.000000 0.000000 0.000000 0.000000 0.000000 0.000000 0.000000 0.000000 0.000000 0.000000 0.000000 0.000000 0.000000 0.000000 0.000000 0.000000 0.000000 0.000000 0.000000 0.000000 0.000000 4.624389 -12.379506 1.750916 4.505593 -38.798057 -0.218542 3.699788 9.299922 50.074852 8.939182 -3.194414 0.130041 0.000000 0.000000 0.000000 0.000000 0.000000 0.000000 0.000000 0.000000 0.000000 0.000000 0.000000 0.000000 0.000000 0.000000 0.000000 0.000000 0.000000 0.000000 0.000000 0.000000 0.000000 0.000000 0.000000 0.000000 0.000000 0.000000 0.000000 0.000000 0.000000 0.000000 0.000000 0.000000 0.000000 0.000000 0.000000 0.000000 0.000000 0.000000 0.000000 0.000000 0.000000 0.000000
0.045393 -0.042905 1.089816 -16.945830 19.173375 0.098211 10.398912 -21.167016 14.124899 9.401214 3.124601 -8.223359 1.495417 8.854751 13.482420 -6.105117 -12.898125 -1.795160 -56.103070 15.738324 7.778254 123.566815 -16.600493 11.232695 -8.753971 6.661814 3.227052 0.985137 -10.320703 1.025310 20.050243 -3.131378 -7.108422 9.864653 -10.707885 -3.329221 -7.224801 0.100963 -0.261120 12.564595 -6.051897 -2.266472 1.033577 -9.866975 -6.437469 6.458716 11.384407 -3.710151 1.479210 35.072913 -21.261166 -8.981332 -15.449592 -106.749340 -8.686681 -6.764284 -11.795155 0.000000 0.000000 0.000000 0.000000 0.000000 0.000000 0.000000 0.000000 0.000000 0.000000 0.000000 0.000000 0.000000 0.000000 0.000000 0.000000 0.000000 0.000000 0.000000 0.000000 0.000000 0.000000 0.000000 0.000000 0.000000 0.000000 0.000000 0.000000 0.000000 0.000000 0.000000 0.000000 0.000000 0.000000 0.000000 0.000000 0.000000 0.000000 0.000000 0.000000 0.000000 0.000000 4.617755 -12.317239 1.701686 5.078817 -39.407994 0.521011 3.878671 9.849316 50.574836 8.794163 -2.866165 -0.205167 0.000000 0.000000 0.000000 0.000000 0.000000 0.000000 0.000000 0.000000 0.000000 0.000000 0.000000 0.000000 0.000000 0.000000 0.000000 0.000000 0.000000 0.000000 0.000000 0.000000 0.000000 0.000000 0.000000 0.000000 0.000000 0.000000 0.000000 0.000000 0.000000 0.000000 0.000000 0.000000 0.000000 0.000000 0.000000 0.000000 0.000000 0.000000 0.000000 0.000000 0.000000 0.000000
0.060264 -0.029583 1.084948 -15.714335 16.926185 -0.717268 9.126545 -18.658661 12.799707 10.283480 3.131456 -7.562677 1.748879 8.756634 13.662357 -5.310341 -12.450982 -1.689185 -52.208876 13.462999 6.152565 116.813800 -17.678066 8.696146 -7.279646 4.886308 2.373906 0.843842 -9.219710 1.111922 18.557332 -2.146549 -6.666514 9.739330 -10.237542 -3.463625 -7.188509 0.211258 -0.150426 12.532715 -5.342227 -1.836560 0.994891 -9.255356 -5.216027 6.718690 11.940434 -3.026008 2.867619 35.163229 -21.143186 -9.425045 -15.466686 -107.777070 -8.147319 -6.579361 -11.570380 0.000000 0.000000 0.000000 0.000000 0.000000 0.000000 0.000000 0.000000 0.000000 0.000000 0.000000 0.000000 0.000000 0.000000 0.000000 0.000000 0.000000 0.000000 0.000000 0.000000 0.000000 0.000000 0.000000 0.000000 0.000000 0.000000 0.000000 0.000000 0.000000 0.000000 0.000000 0.000000 0.000000 0.000000 0.000000 0.000000 0.000000 0.000000 0.000000 0.000000 0.000000 0.000000 4.408072 -11.991234 1.434192 6.161081 -40.317940 1.699947 4.083445 10.446462 50.907063 8.451004 -2.084102 0.045567 0.000000 0.000000 0.000000 0.000000 0.000000 0.000000 0.000000 0.000000 0.000000 0.000000 0.000000 0.000000 0.000000 0.000000 0.000000 0.000000 0.000000 0.000000 0.000000 0.000000 0.000000 0.000000 0.000000 0.000000 0.000000 0.000000 0.000000 0.000000 0.000000 0.000000 0.000000 0.000000 0.000000 0.000000 0.000000 0.000000 0.000000 0.000000 0.000000 0.000000 0.000000 0.000000
0.064410 -0.025876 1.082975 -15.219335 15.625834 -1.231682 8.384068 -16.937039 11.842469 10.891760 3.247102 -7.182127 2.057191 8.573372 13.934397 -4.813981 -12.125874 -1.637740 -48.615360 11.750538 4.865523 111.184562 -18.152236 6.711010 -6.121945 3.770239 1.563247 0.767050 -8.497839 1.162969 17.478889 -1.318831 -6.287649 9.758340 -9.864042 -3.665337 -7.084842 0.266208 -0.093268 12.625577 -4.787642 -1.439072 1.320089 -8.890272 -4.061515 6.840215 12.291902 -3.146700 3.714741 35.196565 -21.447017 -9.384008 -15.500670 -107.762522 -8.206901 -6.587899 -11.450342 0.000000 0.000000 0.000000 0.000000 0.000000 0.000000 0.000000 0.000000 0.000000 0.000000 0.000000 0.000000 0.000000 0.000000 0.000000 0.000000 0.000000 0.000000 0.000000 0.000000 0.000000 0.000000 0.000000 0.000000 0.000000 0.000000 0.000000 0.000000 0.000000 0.000000 0.000000 0.000000 0.000000 0.000000 0.000000 0.000000 0.000000 0.000000 0.000000 0.000000 0.000000 0.000000 4.244617 -11.906364 1.342332 7.071808 -41.125740 2.773944 4.335108 11.114015 51.092913 8.365084 -1.896609 -0.140712 0.000000 0.000000 0.000000 0.000000 0.000000 0.000000 0.000000 0.000000 0.000000 0.000000 0.000000 0.000000 0.000000 0.000000 0.000000 0.000000 0.000000 0.000000 0.000000 0.000000 0.000000 0.000000 0.000000 0.000000 0.000000 0.000000 0.000000 0.000000 0.000000 0.000000 0.000000 0.000000 0.000000 0.000000 0.000000 0.000000 0.000000 0.000000 0.000000 0.000000 0.000000 0.000000
0.072088 -0.018110 1.080691 -14.729750 14.106795 -1.352032 7.592233 -15.196978 10.691575 11.834444 3.303090 -6.867481 2.279814 8.369811 13.934359 -4.310260 -11.793238 -1.631461 -44.933190 9.973762 3.633900 104.885948 -18.237628 4.554452 -4.849529 2.524533 1.019435 0.720067 -7.905179 1.199265 16.521204 -0.444331 -5.779525 9.773343 -9.550137 -3.963515 -7.133483 0.279236 -0.037126 12.761479 -4.144139 -1.121984 1.614206 -8.640648 -2.905984 7.080805 12.593385 -2.889292 4.745679 35.504711 -21.893492 -9.509526 -15.581118 -108.097180 -8.022969 -7.073277 -11.770372 0.000000 0.000000 0.000000 0.000000 0.000000 0.000000 0.000000 0.000000 0.000000 0.000000 0.000000 0.000000 0.000000 0.000000 0.000000 0.000000 0.000000 0.000000 0.000000 0.000000 0.000000 0.000000 0.000000 0.000000 0.000000 0.000000 0.000000 0.000000 0.000000 0.000000 0.000000 0.000000 0.000000 0.000000 0.000000 0.000000 0.000000 0.000000 0.000000 0.000000 0.000000 0.000000 4.209748 -11.802873 1.185510 8.143252 -42.155817 3.879973 4.508530 11.623215 51.209233 8.373814 -1.546776 -0.136216 0.000000 0.000000 0.000000 0.000000 0.000000 0.000000 0.000000 0.000000 0.000000 0.000000 0.000000 0.000000 0.000000 0.000000 0.000000 0.000000 0.000000 0.000000 0.000000 0.000000 0.000000 0.000000 0.000000 0.000000 0.000000 0.000000 0.000000 0.000000 0.000000 0.000000 0.000000 0.000000 0.000000 0.000000 0.000000 0.000000 0.000000 0.000000 0.000000 0.000000 0.000000 0.000000
0.078198 -0.009600 1.078803 -14.314480 12.802921 -1.349906 6.879992 -13.715732 9.683918 12.906475 3.394490 -6.554156 2.253481 8.309727 13.977004 -3.647458 -11.197423 -1.607017 -40.826160 8.194313 2.523889 96.416622 -17.965008 2.122312 -3.879011 0.958851 0.083240 0.724276 -6.928077 1.152732 15.738628 0.223319 -5.250166 9.641181 -9.078536 -4.291938 -7.192256 0.238736 -0.058268 12.748134 -3.340024 -1.098614 1.642205 -8.408178 -1.988632 7.355379 12.814744 -2.737004 5.692762 35.687862 -22.419986 -9.597306 -15.735799 -108.275435 -7.859460 -7.105787 -12.074629 0.000000 0.000000 0.000000 0.000000 0.000000 0.000000 0.000000 0.000000 0.000000 0.000000 0.000000 0.000000 0.000000 0.000000 0.000000 0.000000 0.000000 0.000000 0.000000 0.000000 0.000000 0.000000 0.000000 0.000000 0.000000 0.000000 0.000000 0.000000 0.000000 0.000000 0.000000 0.000000 0.000000 0.000000 0.000000 0.000000 0.000000 0.000000 0.000000 0.000000 0.000000 0.000000 4.314162 -11.502972 1.150568 9.272382 -43.185645 5.056948 5.098516 12.381704 51.172972 7.941697 -1.380496 -0.135509 0.000000 0.000000 0.000000 0.000000 0.000000 0.000000 0.000000 0.000000 0.000000 0.000000 0.000000 0.000000 0.000000 0.000000 0.000000 0.000000 0.000000 0.000000 0.000000 0.000000 0.000000 0.000000 0.000000 0.000000 0.000000 0.000000 0.000000 0.000000 0.000000 0.000000 0.000000 0.000000 0.000000 0.000000 0.000000 0.000000 0.000000 0.000000 0.000000 0.000000 0.000000 0.000000
0.080939 -0.000923 1.077391 -13.840418 12.004314 -1.432157 6.410331 -12.669360 8.989687 13.477853 3.397081 -6.139485 2.093903 8.329853 13.983384 -3.278612 -10.883355 -1.577360 -37.493971 6.956832 1.651833 89.619031 -17.336618 0.400248 -3.366778 0.106663 -0.506708 0.744084 -6.408401 1.162932 15.037950 0.768589 -4.783067 9.701884 -8.818206 -4.590113 -7.360998 0.241707 -0.064316 12.783925 -2.890855 -0.991797 1.693077 -8.353357 -1.184843 7.644203 13.069529 -2.630774 6.136826 35.618368 -22.585682 -9.589368 -15.771997 -108.660991 -7.853178 -7.181118 -12.467139 0.000000 0.000000 0.000000 0.000000 0.000000 0.000000 0.000000 0.000000 0.000000 0.000000 0.000000 0.000000 0.000000 0.000000 0.000000 0.000000 0.000000 0.000000 0.000000 0.000000 0.000000 0.000000 0.000000 0.000000 0.000000 0.000000 0.000000 0.000000 0.000000 0.000000 0.000000 0.000000 0.000000 0.000000 0.000000 0.000000 0.000000 0.000000 0.000000 0.000000 0.000000 0.000000 4.473030 -11.416142 1.090762 10.104214 -43.819701 5.960107 5.652795 12.914279 51.269789 7.945256 -1.319452 -0.268197 0.000000 0.000000 0.000000 0.000000 0.000000 0.000000 0.000000 0.000000 0.000000 0.000000 0.000000 0.000000 0.000000 0.000000 0.000000 0.000000 0.000000 0.000000 0.000000 0.000000 0.000000 0.000000 0.000000 0.000000 0.000000 0.000000 0.000000 0.000000 0.000000 0.000000 0.000000 0.000000 0.000000 0.000000 0.000000 0.000000 0.000000 0.000000 0.000000 0.000000 0.000000 0.000000
0.098171 0.007679 1.074943 -13.322950 10.275338 -1.461925 5.372548 -11.154682 7.738758 14.907623 3.304778 -5.572846 2.133433 8.591860 13.792488 -2.253434 -9.722380 -1.403448 -31.744321 4.668361 0.576051 77.337330 -15.665912 -2.333008 -2.994364 -1.578698 -1.647400 0.781828 -5.237229 0.933744 14.184422 1.574021 -3.969405 9.809284 -8.220071 -5.003153 -7.558042 -0.024484 -0.233753 12.801521 -2.039024 -1.358721 1.828395 -8.229057 -0.359883 7.758154 13.254582 -2.141917 6.387454 35.264703 -21.949987 -9.645899 -15.998251 -108.455714 -6.822994 -7.627670 -12.681329 0.000000 0.000000 0.000000 0.000000 0.000000 0.000000 0.000000 0.000000 0.000000 0.000000 0.000000 0.000000 0.000000 0.000000 0.000000 0.000000 0.000000 0.000000 0.000000 0.000000 0.000000 0.000000 0.000000 0.000000 0.000000 0.000000 0.000000 0.000000 0.000000 0.000000 0.000000 0.000000 0.000000 0.000000 0.000000 0.000000 0.000000 0.000000 0.000000 0.000000 0.000000 0.000000 4.585199 -10.772380 1.184458 11.612465 -45.056774 7.260295 5.941213 13.689938 51.644597 7.266781 -0.899880 -0.095419 0.000000 0.000000 0.000000 0.000000 0.000000 0.000000 0.000000 0.000000 0.000000 0.000000 0.000000 0.000000 0.000000 0.000000 0.000000 0.000000 0.000000 0.000000 0.000000 0.000000 0.000000 0.000000 0.000000 0.000000 0.000000 0.000000 0.000000 0.000000 0.000000 0.000000 0.000000 0.000000 0.000000 0.000000 0.000000 0.000000 0.000000 0.000000 0.000000 0.000000 0.000000 0.000000
0.107486 0.017838 1.072650 -12.567932 9.076145 -1.344590 4.368318 -9.992275 6.846981 15.801018 3.338132 -4.883506 1.916389 8.764082 13.573803 -1.517613 -8.939142 -1.228157 -26.741801 3.142994 -0.352738 66.742481 -14.118311 -4.012368 -3.192030 -2.604616 -2.571513 0.831108 -4.455232 0.735413 13.150711 2.228058 -3.151467 9.993942 -7.792011 -5.434509 -7.741675 -0.177865 -0.314500 12.711079 -1.408492 -1.342840 2.218782 -8.303705 0.635612 7.882343 13.606816 -2.211084 6.834645 34.718849 -21.659763 -9.475383 -16.340165 -108.663372 -6.462546 -8.212084 -13.058286 0.000000 0.000000 0.000000 0.000000 0.000000 0.000000 0.000000 0.000000 0.000000 0.000000 0.000000 0.000000 0.000000 0.000000 0.000000 0.000000 0.000000 0.000000 0.000000 0.000000 0.000000 0.000000 0.000000 0.000000 0.000000 0.000000 0.000000 0.000000 0.000000 0.000000 0.000000 0.000000 0.000000 0.000000 0.000000 0.000000 0.000000 0.000000 0.000000 0.000000 0.000000 0.000000 4.618192 -10.630717 1.167471 12.633186 -45.507395 7.915173 6.214954 14.206909 51.889705 7.097918 -0.432198 0.090981 0.000000 0.000000 0.000000 0.000000 0.000000 0.000000 0.000000 0.000000 0.000000 0.000000 0.000000 0.000000 0.000000 0.000000 0.000000 0.000000 0.000000 0.000000 0.000000 0.000000 0.000000 0.000000 0.000000 0.000000 0.000000 0.000000 0.000000 0.000000 0.000000 0.000000 0.000000 0.000000 0.000000 0.000000 0.000000 0.000000 0.000000 0.000000 0.000000 0.000000 0.000000 0.000000
0.115467 0.034633 1.070013 -11.485881 8.081102 -1.104154 3.266753 -9.031411 5.988963 16.726316 3.297339 -4.158123 1.617763 8.821397 13.168311 -0.922913 -8.173600 -1.067747 -21.568132 1.484781 -1.129841 55.667586 -12.103803 -5.272186 -3.301951 -3.290056 -3.419320 0.896167 -3.981802 0.479968 12.011627 2.680506 -2.315308 10.093008 -7.265788 -5.793855 -7.688584 -0.246320 -0.377978 12.376256 -0.902711 -1.582377 2.331290 -8.472651 1.289554 7.913454 13.759828 -2.018597 7.802363 34.552908 -21.838634 -9.490250 -16.817963 -109.308000 -5.887425 -8.948803 -13.345333 0.000000 0.000000 0.000000 0.000000 0.000000 0.000000 0.000000 0.000000 0.000000 0.000000 0.000000 0.000000 0.000000 0.000000 0.000000 0.000000 0.000000 0.000000 0.000000 0.000000 0.000000 0.000000 0.000000 0.000000 0.000000 0.000000 0.000000 0.000000 0.000000 0.000000 0.000000 0.000000 0.000000 0.000000 0.000000 0.000000 0.000000 0.000000 0.000000 0.000000 0.000000 0.000000 4.616888 -10.373792 1.081485 13.817333 -46.131289 8.548218 6.240456 14.832430 52.549569 6.796129 0.210559 -0.002641 0.000000 0.000000 0.000000 0.000000 0.000000 0.000000 0.000000 0.000000 0.000000 0.000000 0.000000 0.000000 0.000000 0.000000 0.000000 0.000000 0.000000 0.000000 0.000000 0.000000 0.000000 0.000000 0.000000 0.000000 0.000000 0.000000 0.000000 0.000000 0.000000 0.000000 0.000000 0.000000 0.000000 0.000000 0.000000 0.000000 0.000000 0.000000 0.000000 0.000000 0.000000 0.000000
0.124144 0.047408 1.067017 -10.434897 6.972656 -0.975706 1.887494 -8.035770 5.236536 17.857173 3.452084 -3.270779 1.307341 8.941893 12.739635 -0.360228 -7.486967 -0.888663 -16.455914 0.097640 -1.839774 45.202030 -9.941742 -6.049600 -3.561650 -3.855173 -4.224501 0.933838 -3.572165 0.225807 10.849957 3.181623 -1.438594 10.207272 -6.733296 -6.123140 -7.703043 -0.257645 -0.452677 11.951903 -0.361428 -1.865610 2.539150 -8.573237 1.895305 7.881116 14.125805 -1.978910 8.207780 33.920069 -21.383082 -9.300203 -17.077390 -109.688099 -5.374187 -9.842261 -13.440559 0.000000 0.000000 0.000000 0.000000 0.000000 0.000000 0.000000 0.000000 0.000000 0.000000 0.000000 0.000000 0.000000 0.000000 0.000000 0.000000 0.000000 0.000000 0.000000 0.000000 0.000000 0.000000 0.000000 0.000000 0.000000 0.000000 0.000000 0.000000 0.000000 0.000000 0.000000 0.000000 0.000000 0.000000 0.000000 0.000000 0.000000 0.000000 0.000000 0.000000 0.000000 0.000000 4.552882 -10.221742 1.057613 14.748163 -46.517682 8.984393 5.938534 15.123710 53.579009 6.347735 0.959788 -0.030531 0.000000 0.000000 0.000000 0.000000 0.000000 0.000000 0.000000 0.000000 0.000000 0.000000 0.000000 0.000000 0.000000 0.000000 0.000000 0.000000 0.000000 0.000000 0.000000 0.000000 0.000000 0.000000 0.000000 0.000000 0.000000 0.000000 0.000000 0.000000 0.000000 0.000000 0.000000 0.000000 0.000000 0.000000 0.000000 0.000000 0.000000 0.000000 0.000000 0.000000 0.000000 0.000000
0.129769 0.055451 1.064459 -9.756397 6.333973 -0.675075 0.647233 -7.623753 4.803398 19.193450 3.620989 -2.410599 0.809895 9.102408 12.207151 -0.052230 -7.087682 -0.809514 -12.731433 -0.804317 -2.330494 37.756076 -8.362630 -6.112739 -3.573007 -4.232898 -4.444195 0.971109 -3.338517 0.125379 10.013247 3.445479 -0.831872 10.369639 -6.447866 -6.338800 -7.929868 -0.237751 -0.462849 11.772264 0.079836 -2.111859 2.507029 -8.547753 2.363335 8.020659 14.428971 -1.779729 8.386473 33.646657 -21.346312 -8.980573 -17.197719 -109.647325 -5.453575 -10.431886 -13.687073 0.000000 0.000000 0.000000 0.000000 0.000000 0.000000 0.000000 0.000000 0.000000 0.000000 0.000000 0.000000 0.000000 0.000000 0.000000 0.000000 0.000000 0.000000 0.000000 0.000000 0.000000 0.000000 0.000000 0.000000 0.000000 0.000000 0.000000 0.000000 0.000000 0.000000 0.000000 0.000000 0.000000 0.000000 0.000000 0.000000 0.000000 0.000000 0.000000 0.000000 0.000000 0.000000 4.725988 -10.272047 0.865480 15.132286 -46.558839 9.361961 5.948648 15.416897 54.045622 6.150500 1.371694 -0.001285 0.000000 0.000000 0.000000 0.000000 0.000000 0.000000 0.000000 0.000000 0.000000 0.000000 0.000000 0.000000 0.000000 0.000000 0.000000 0.000000 0.000000 0.000000 0.000000 0.000000 0.000000 0.000000 0.000000 0.000000 0.000000 0.000000 0.000000 0.000000 0.000000 0.000000 0.000000 0.000000 0.000000 0.000000 0.000000 0.000000 0.000000 0.000000 0.000000 0.000000 0.000000 0.000000
0.138983 0.066896 1.061132 -9.015038 5.160547 -0.684646 -1.143440 -6.811115 4.131404 21.906843 4.220148 -1.081975 0.565091 9.294853 11.516130 0.389460 -6.106780 -0.653209 -6.869885 -2.611787 -2.729703 26.062148 -5.503045 -5.575999 -4.143633 -4.537149 -5.022552 0.859452 -3.236960 -0.332376 8.784911 3.810129 -0.068482 10.299725 -5.748182 -6.266619 -7.527833 -0.010292 -0.425073 11.017493 0.457552 -2.647021 3.163338 -8.384319 2.570535 7.489674 14.826363 -1.339223 9.169802 33.098802 -20.762134 -8.566416 -17.395244 -110.012931 -4.262414 -11.529345 -14.102720 0.000000 0.000000 0.000000 0.000000 0.000000 0.000000 0.000000 0.000000 0.000000 0.000000 0.000000 0.000000 0.000000 0.000000 0.000000 0.000000 0.000000 0.000000 0.000000 0.000000 0.000000 0.000000 0.000000 0.000000 0.000000 0.000000 0.000000 0.000000 0.000000 0.000000 0.000000 0.000000 0.000000 0.000000 0.000000 0.000000 0.000000 0.000000 0.000000 0.000000 0.000000 0.000000 4.460351 -10.177933 0.523161 16.453951 -47.158765 9.982820 5.305809 15.666810 55.222072 6.035675 2.469513 0.128549 0.000000 0.000000 0.000000 0.000000 0.000000 0.000000 0.000000 0.000000 0.000000 0.000000 0.000000 0.000000 0.000000 0.000000 0.000000 0.000000 0.000000 0.000000 0.000000 0.000000 0.000000 0.000000 0.000000 0.000000 0.000000 0.000000 0.000000 0.000000 0.000000 0.000000 0.000000 0.000000 0.000000 0.000000 0.000000 0.000000 0.000000 0.000000 0.000000 0.000000 0.000000 0.000000
0.146589 0.066809 1.057791 -9.037194 4.433272 -0.134441 -3.006823 -6.744202 3.756973 25.309965 4.841803 -0.170946 0.337096 9.388395 10.749400 0.376279 -5.756876 -0.625459 -3.384083 -3.630688 -2.807756 20.390796 -3.856635 -4.666024 -5.038322 -3.936551 -5.259213 0.694185 -3.337358 -0.549491 8.164754 3.544679 0.350801 10.206211 -5.184832 -6.169838 -7.323426 0.219806 -0.492059 10.744771 0.852987 -2.755599 3.381878 -7.943263 2.925707 7.225629 15.281911 -1.172365 9.167489 32.932702 -20.246133 -8.026088 -17.614831 -109.288686 -3.983735 -12.196999 -14.266290 0.000000 0.000000 0.000000 0.000000 0.000000 0.000000 0.000000 0.000000 0.000000 0.000000 0.000000 0.000000 0.000000 0.000000 0.000000 0.000000 0.000000 0.000000 0.000000 0.000000 0.000000 0.000000 0.000000 0.000000 0.000000 0.000000 0.000000 0.000000 0.000000 0.000000 0.000000 0.000000 0.000000 0.000000 0.000000 0.000000 0.000000 0.000000 0.000000 0.000000 0.000000 0.000000 4.528146 -10.303900 0.431644 16.844865 -47.225054 10.228271 4.868765 15.691489 56.193801 5.764627 3.720552 0.330932 0.000000 0.000000 0.000000 0.000000 0.000000 0.000000 0.000000 0.000000 0.000000 0.000000 0.000000 0.000000 0.000000 0.000000 0.000000 0.000000 0.000000 0.000000 0.000000 0.000000 0.000000 0.000000 0.000000 0.000000 0.000000 0.000000 0.000000 0.000000 0.000000 0.000000 0.000000 0.000000 0.000000 0.000000 0.000000 0.000000 0.000000 0.000000 0.000000 0.000000 0.000000 0.000000
0.154339 0.063709 1.054146 -9.199453 3.769245 0.313321 -5.089624 -6.740893 3.271857 29.083221 5.541445 0.586953 0.359611 9.413445 10.393585 0.335417 -5.426383 -0.675591 -0.955687 -4.267530 -2.865007 16.753918 -2.683771 -4.052479 -6.555184 -2.885649 -5.557241 0.530727 -3.350661 -0.674994 7.851407 3.214262 0.828660 10.328722 -4.774214 -6.109445 -7.431146 0.501022 -0.359398 10.783365 1.294288 -2.666274 3.676492 -7.559790 3.360164 7.089032 15.731320 -1.045110 9.077702 33.031653 -19.792567 -7.541701 -18.104749 -108.459072 -3.607182 -13.193466 -14.316679 0.000000 0.000000 0.000000 0.000000 0.000000 0.000000 0.000000 0.000000 0.000000 0.000000 0.000000 0.000000 0.000000 0.000000 0.000000 0.000000 0.000000 0.000000 0.000000 0.000000 0.000000 0.000000 0.000000 0.000000 0.000000 0.000000 0.000000 0.000000 0.000000 0.000000 0.000000 0.000000 0.000000 0.000000 0.000000 0.000000 0.000000 0.000000 0.000000 0.000000 0.000000 0.000000 4.833651 -10.369065 0.446864 16.583827 -47.429049 10.168886 4.492267 15.719467 56.795446 5.414639 4.919063 0.488129 0.000000 0.000000 0.000000 0.000000 0.000000 0.000000 0.000000 0.000000 0.000000 0.000000 0.000000 0.000000 0.000000 0.000000 0.000000 0.000000 0.000000 0.000000 0.000000 0.000000 0.000000 0.000000 0.000000 0.000000 0.000000 0.000000 0.000000 0.000000 0.000000 0.000000 0.000000 0.000000 0.000000 0.000000 0.000000 0.000000 0.000000 0.000000 0.000000 0.000000 0.000000 0.000000
0.158776 0.056139 1.050699 -9.626339 3.414309 0.812310 -7.210718 -7.084736 2.913723 32.983807 6.351651 1.227724 0.698958 9.379261 10.202383 0.229405 -5.159134 -0.778139 0.629828 -4.632958 -2.814563 14.936735 -2.064287 -3.462227 -8.186555 -1.802420 -5.384272 0.396281 -3.374860 -0.698691 7.732882 2.687683 1.117095 10.511337 -4.482040 -6.046816 -7.542884 0.736263 -0.296071 10.767249 1.602881 -2.549574 3.700618 -7.086085 3.842767 7.185118 16.426647 -1.104800 9.117557 33.243420 -19.458063 -7.285278 -18.517509 -107.610205 -3.692446 -13.292164 -14.376000 0.000000 0.000000 0.000000 0.000000 0.000000 0.000000 0.000000 0.000000 0.000000 0.000000 0.000000 0.000000 0.000000 0.000000 0.000000 0.000000 0.000000 0.000000 0.000000 0.000000 0.000000 0.000000 0.000000 0.000000 0.000000 0.000000 0.000000 0.000000 0.000000 0.000000 0.000000 0.000000 0.000000 0.000000 0.000000 0.000000 0.000000 0.000000 0.000000 0.000000 0.000000 0.000000 5.195901 -10.520775 0.491930 16.153149 -47.197086 10.015563 4.284688 15.911576 57.366190 4.946057 5.655532 0.630468 0.000000 0.000000 0.000000 0.000000 0.000000 0.000000 0.000000 0.000000 0.000000 0.000000 0.000000 0.000000 0.000000 0.000000 0.000000 0.000000 0.000000 0.000000 0.000000 0.000000 0.000000 0.000000 0.000000 0.000000 0.000000 0.000000 0.000000 0.000000 0.000000 0.000000 0.000000 0.000000 0.000000 0.000000 0.000000 0.000000 0.000000 0.000000 0.000000 0.000000 0.000000 0.000000
0.162153 0.050658 1.047796 -10.160910 3.162529 1.184172 -8.992559 -7.438237 2.577270 36.654872 7.072044 1.434780 1.087334 9.215226 10.413394 0.081719 -4.941442 -0.890545 1.779432 -4.738660 -2.939893 14.066642 -1.851551 -3.147232 -9.439371 -0.993985 -5.256755 0.276297 -3.320073 -0.668417 7.960592 2.289593 1.412871 10.627555 -4.277918 -6.034411 -7.659029 0.905499 -0.234313 10.869897 1.889974 -2.525374 3.686939 -6.764728 4.115288 7.428038 17.059950 -0.919144 9.305217 33.691323 -19.066389 -7.097755 -18.815040 -107.358030 -4.005347 -13.475572 -14.379232 0.000000 0.000000 0.000000 0.000000 0.000000 0.000000 0.000000 0.000000 0.000000 0.000000 0.000000 0.000000 0.000000 0.000000 0.000000 0.000000 0.000000 0.000000 0.000000 0.000000 0.000000 0.000000 0.000000 0.000000 0.000000 0.000000 0.000000 0.000000 0.000000 0.000000 0.000000 0.000000 0.000000 0.000000 0.000000 0.000000 0.000000 0.000000 0.000000 0.000000 0.000000 0.000000 5.504049 -10.619254 0.638764 15.556894 -47.220567 9.748270 4.076869 15.903204 57.618152 4.416818 6.217188 0.825407 0.000000 0.000000 0.000000 0.000000 0.000000 0.000000 0.000000 0.000000 0.000000 0.000000 0.000000 0.000000 0.000000 0.000000 0.000000 0.000000 0.000000 0.000000 0.000000 0.000000 0.000000 0.000000 0.000000 0.000000 0.000000 0.000000 0.000000 0.000000 0.000000 0.000000 0.000000 0.000000 0.000000 0.000000 0.000000 0.000000 0.000000 0.000000 0.000000 0.000000 0.000000 0.000000
0.171764 0.041023 1.045820 -11.166966 2.633597 1.943928 -11.338514 -8.223009 2.335260 41.449877 8.133097 1.687001 3.039926 9.177134 10.299958 -0.112715 -4.467155 -0.998936 3.247391 -4.862034 -3.106871 13.237961 -1.617338 -2.832443 -10.293601 0.096896 -5.041467 -0.012830 -3.366438 -0.723643 8.365574 1.704433 1.736317 10.969504 -4.007880 -5.863613 -7.752192 1.134714 -0.229234 10.889619 2.225199 -2.337206 3.798202 -6.330967 4.573637 7.683941 17.574586 -0.873476 9.363007 33.647158 -18.419717 -6.518169 -19.308362 -106.255261 -4.139559 -13.853243 -14.154434 0.000000 0.000000 0.000000 0.000000 0.000000 0.000000 0.000000 0.000000 0.000000 0.000000 0.000000 0.000000 0.000000 0.000000 0.000000 0.000000 0.000000 0.000000 0.000000 0.000000 0.000000 0.000000 0.000000 0.000000 0.000000 0.000000 0.000000 0.000000 0.000000 0.000000 0.000000 0.000000 0.000000 0.000000 0.000000 0.000000 0.000000 0.000000 0.000000 0.000000 0.000000 0.000000 5.927329 -10.667499 0.902556 14.974504 -46.899803 9.355199 4.222606 15.823821 58.012528 4.087685 7.220318 0.812757 0.000000 0.000000 0.000000 0.000000 0.000000 0.000000 0.000000 0.000000 0.000000 0.000000 0.000000 0.000000 0.000000 0.000000 0.000000 0.000000 0.000000 0.000000 0.000000 0.000000 0.000000 0.000000 0.000000 0.000000 0.000000 0.000000 0.000000 0.000000 0.000000 0.000000 0.000000 0.000000 0.000000 0.000000 0.000000 0.000000 0.000000 0.000000 0.000000 0.000000 0.000000 0.000000
0.179611 0.030018 1.044848 -12.140864 2.169226 2.271402 -13.071913 -8.884964 2.107469 45.023610 8.910640 1.638237 3.896390 9.205284 9.687972 -0.238504 -4.175255 -1.058253 4.121015 -4.682761 -3.298766 13.150838 -1.751362 -2.588171 -10.865450 0.821367 -4.887956 -0.145299 -3.305112 -0.699831 8.812085 1.289290 2.003651 11.283496 -3.839102 -5.745848 -7.810579 1.306996 -0.166615 10.993774 2.368379 -2.210920 3.873415 -5.919377 4.816060 8.096246 18.236024 -0.777256 9.703127 33.882721 -17.772004 -5.844112 -19.579751 -105.164445 -4.142797 -14.271475 -14.083022 0.000000 0.000000 0.000000 0.000000 0.000000 0.000000 0.000000 0.000000 0.000000 0.000000 0.000000 0.000000 0.000000 0.000000 0.000000 0.000000 0.000000 0.000000 0.000000 0.000000 0.000000 0.000000 0.000000 0.000000 0.000000 0.000000 0.000000 0.000000 0.000000 0.000000 0.000000 0.000000 0.000000 0.000000 0.000000 0.000000 0.000000 0.000000 0.000000 0.000000 0.000000 0.000000 6.097373 -10.696798 1.230617 14.477292 -46.832172 9.243507 4.296920 15.636801 57.886233 3.753452 7.850222 0.866227 0.000000 0.000000 0.000000 0.000000 0.000000 0.000000 0.000000 0.000000 0.000000 0.000000 0.000000 0.000000 0.000000 0.000000 0.000000 0.000000 0.000000 0.000000 0.000000 0.000000 0.000000 0.000000 0.000000 0.000000 0.000000 0.000000 0.000000 0.000000 0.000000 0.000000 0.000000 0.000000 0.000000 0.000000 0.000000 0.000000 0.000000 0.000000 0.000000 0.000000 0.000000 0.000000
0.187396 0.019684 1.044754 -12.990330 1.661728 2.350223 -14.587047 -9.318282 1.822466 47.962205 9.512513 1.537502 4.219070 9.086365 9.027746 -0.325839 -3.784636 -1.096598 4.955142 -4.372299 -3.619356 12.799599 -1.857761 -2.333124 -11.056057 1.222239 -4.636729 -0.298217 -3.187573 -0.701310 9.358821 1.066103 2.305920 11.498956 -3.662149 -5.552899 -7.746132 1.485465 -0.136890 10.947951 2.478900 -2.000176 4.003561 -5.598336 4.997172 8.531800 18.968143 -0.544854 9.950706 33.999730 -17.048788 -5.055548 -19.681978 -104.008107 -4.154422 -14.552762 -14.206325 0.000000 0.000000 0.000000 0.000000 0.000000 0.000000 0.000000 0.000000 0.000000 0.000000 0.000000 0.000000 0.000000 0.000000 0.000000 0.000000 0.000000 0.000000 0.000000 0.000000 0.000000 0.000000 0.000000 0.000000 0.000000 0.000000 0.000000 0.000000 0.000000 0.000000 0.000000 0.000000 0.000000 0.000000 0.000000 0.000000 0.000000 0.000000 0.000000 0.000000 0.000000 0.000000 6.235235 -10.690204 1.599160 14.158266 -46.873601 9.387745 4.276484 15.181085 57.618503 3.000847 8.415442 1.205795 0.000000 0.000000 0.000000 0.000000 0.000000 0.000000 0.000000 0.000000 0.000000 0.000000 0.000000 0.000000 0.000000 0.000000 0.000000 0.000000 0.000000 0.000000 0.000000 0.000000 0.000000 0.000000 0.000000 0.000000 0.000000 0.000000 0.000000 0.000000 0.000000 0.000000 0.000000 0.000000 0.000000 0.000000 0.000000 0.000000 0.000000 0.000000 0.000000 0.000000 0.000000 0.000000
0.190536 0.009396 1.045429 -13.690009 1.280274 2.499738 -15.897839 -9.903942 1.638880 50.221533 10.102411 1.461403 4.830293 9.273325 7.797977 -0.511782 -3.412096 -1.134256 5.626766 -3.946037 -3.927028 12.303993 -1.988338 -2.273312 -10.731617 1.397715 -4.346290 -0.466364 -3.133807 -0.695632 9.759785 0.785063 2.515910 11.635355 -3.553081 -5.408788 -7.788469 1.584287 -0.117049 11.033106 2.583494 -1.817155 4.089347 -5.268549 5.114031 8.879131 19.648831 -0.311128 10.477500 34.209260 -16.550580 -3.828146 -20.007469 -102.584710 -3.815596 -14.691710 -14.403270 0.000000 0.000000 0.000000 0.000000 0.000000 0.000000 0.000000 0.000000 0.000000 0.000000 0.000000 0.000000 0.000000 0.000000 0.000000 0.000000 0.000000 0.000000 0.000000 0.000000 0.000000 0.000000 0.000000 0.000000 0.000000 0.000000 0.000000 0.000000 0.000000 0.000000 0.000000 0.000000 0.000000 0.000000 0.000000 0.000000 0.000000 0.000000 0.000000 0.000000 0.000000 0.000000 6.252950 -10.594653 1.816748 14.073266 -47.001099 9.665579 4.499947 15.061268 57.258694 2.812316 8.682428 1.347828 0.000000 0.000000 0.000000 0.000000 0.000000 0.000000 0.000000 0.000000 0.000000 0.000000 0.000000 0.000000 0.000000 0.000000 0.000000 0.000000 0.000000 0.000000 0.000000 0.000000 0.000000 0.000000 0.000000 0.000000 0.000000 0.000000 0.000000 0.000000 0.000000 0.000000 0.000000 0.000000 0.000000 0.000000 0.000000 0.000000 0.000000 0.000000 0.000000 0.000000 0.000000 0.000000
0.192889 0.000557 1.046700 -14.302384 0.954496 2.550346 -16.726968 -10.149669 1.441351 51.594746 10.379029 1.287327 5.152834 9.246331 7.238903 -0.598957 -3.053363 -1.112068 6.261815 -3.611867 -4.112375 11.780116 -1.996133 -2.181708 -10.208311 1.387562 -4.207537 -0.566016 -3.064028 -0.716948 10.150444 0.654387 2.686279 11.846211 -3.462203 -5.266663 -7.942318 1.628893 -0.055763 11.138236 2.725920 -1.638405 4.172937 -5.020667 5.268236 9.265914 20.177768 -0.143507 10.902982 34.309785 -15.985346 -2.864710 -20.026954 -101.273951 -3.611181 -14.600415 -14.492496 0.000000 0.000000 0.000000 0.000000 0.000000 0.000000 0.000000 0.000000 0.000000 0.000000 0.000000 0.000000 0.000000 0.000000 0.000000 0.000000 0.000000 0.000000 0.000000 0.000000 0.000000 0.000000 0.000000 0.000000 0.000000 0.000000 0.000000 0.000000 0.000000 0.000000 0.000000 0.000000 0.000000 0.000000 0.000000 0.000000 0.000000 0.000000 0.000000 0.000000 0.000000 0.000000 6.381804 -10.496995 2.102803 14.014787 -47.106418 10.020609 4.679270 14.826410 56.795269 2.810427 8.896890 1.480200 0.000000 0.000000 0.000000 0.000000 0.000000 0.000000 0.000000 0.000000 0.000000 0.000000 0.000000 0.000000 0.000000 0.000000 0.000000 0.000000 0.000000 0.000000 0.000000 0.000000 0.000000 0.000000 0.000000 0.000000 0.000000 0.000000 0.000000 0.000000 0.000000 0.000000 0.000000 0.000000 0.000000 0.000000 0.000000 0.000000 0.000000 0.000000 0.000000 0.000000 0.000000 0.000000
0.193435 -0.008349 1.048371 -14.888195 0.650532 2.716076 -17.609111 -10.504358 1.333348 52.784432 10.694871 0.900970 6.056949 9.295287 6.413597 -0.750395 -2.694089 -1.137976 6.940113 -3.246277 -4.432462 11.082718 -1.927064 -2.226653 -9.397448 1.325422 -3.890358 -0.752658 -3.029819 -0.791700 10.627170 0.565380 2.959827 11.892598 -3.458745 -5.108480 -7.960408 1.718187 -0.051049 11.200714 2.685317 -1.369155 4.147484 -4.680193 5.273971 9.475459 20.501048 0.156399 11.081693 34.460750 -15.301460 -1.114471 -20.436089 -98.760430 -2.663528 -14.556599 -14.362792 0.000000 0.000000 0.000000 0.000000 0.000000 0.000000 0.000000 0.000000 0.000000 0.000000 0.000000 0.000000 0.000000 0.000000 0.000000 0.000000 0.000000 0.000000 0.000000 0.000000 0.000000 0.000000 0.000000 0.000000 0.000000 0.000000 0.000000 0.000000 0.000000 0.000000 0.000000 0.000000 0.000000 0.000000 0.000000 0.000000 0.000000 0.000000 0.000000 0.000000 0.000000 0.000000 6.300902 -10.193957 2.170548 14.129056 -47.448752 10.578607 5.283321 14.730035 55.933624 2.749954 8.890893 1.454968 0.000000 0.000000 0.000000 0.000000 0.000000 0.000000 0.000000 0.000000 0.000000 0.000000 0.000000 0.000000 0.000000 0.000000 0.000000 0.000000 0.000000 0.000000 0.000000 0.000000 0.000000 0.000000 0.000000 0.000000 0.000000 0.000000 0.000000 0.000000 0.000000 0.000000 0.000000 0.000000 0.000000 0.000000 0.000000 0.000000 0.000000 0.000000 0.000000 0.000000 0.000000 0.000000
0.194855 -0.012624 1.049755 -15.174548 0.319796 2.693840 -17.941683 -10.572256 1.185043 52.888669 10.753513 0.646665 6.496104 9.321833 5.802336 -0.889514 -2.380391 -1.097614 7.357728 -2.896736 -4.560510 10.585084 -1.816829 -2.314562 -8.714946 1.165788 -3.716527 -0.878460 -3.039549 -0.891532 10.819324 0.605293 3.110724 11.976913 -3.357901 -4.917685 -8.016071 1.735086 -0.011218 11.365371 2.695066 -1.050391 4.218637 -4.483166 5.376430 9.789300 20.764463 0.511891 11.415206 34.391055 -14.503661 0.344401 -20.531398 -96.516041 -1.930300 -14.572304 -14.332846 0.000000 0.000000 0.000000 0.000000 0.000000 0.000000 0.000000 0.000000 0.000000 0.000000 0.000000 0.000000 0.000000 0.000000 0.000000 0.000000 0.000000 0.000000 0.000000 0.000000 0.000000 0.000000 0.000000 0.000000 0.000000 0.000000 0.000000 0.000000 0.000000 0.000000 0.000000 0.000000 0.000000 0.000000 0.000000 0.000000 0.000000 0.000000 0.000000 0.000000 0.000000 0.000000 6.303520 -9.993005 2.358512 14.394318 -47.805856 11.073206 5.729612 14.531390 55.266058 2.892764 9.071360 1.510581 0.000000 0.000000 0.000000 0.000000 0.000000 0.000000 0.000000 0.000000 0.000000 0.000000 0.000000 0.000000 0.000000 0.000000 0.000000 0.000000 0.000000 0.000000 0.000000 0.000000 0.000000 0.000000 0.000000 0.000000 0.000000 0.000000 0.000000 0.000000 0.000000 0.000000 0.000000 0.000000 0.000000 0.000000 0.000000 0.000000 0.000000 0.000000 0.000000 0.000000 0.000000 0.000000
0.195340 -0.017234 1.051096 -15.405290 0.098597 2.541776 -18.046222 -10.479604 0.991908 52.609328 10.494062 0.275666 6.967361 9.344118 5.267001 -0.946701 -2.061111 -1.047970 7.854530 -2.653948 -4.691915 9.708204 -1.643467 -2.229748 -7.868139 0.911168 -3.584773 -0.984731 -3.069644 -0.995131 10.832934 0.604067 3.247994 12.022554 -3.281921 -4.689477 -7.987409 1.733544 0.041119 11.409700 2.748660 -0.862512 4.303110 -4.181709 5.399708 9.894006 21.033728 0.873689 11.739204 34.500416 -13.880937 1.763714 -20.690728 -94.150831 -1.038463 -14.510536 -14.254100 0.000000 0.000000 0.000000 0.000000 0.000000 0.000000 0.000000 0.000000 0.000000 0.000000 0.000000 0.000000 0.000000 0.000000 0.000000 0.000000 0.000000 0.000000 0.000000 0.000000 0.000000 0.000000 0.000000 0.000000 0.000000 0.000000 0.000000 0.000000 0.000000 0.000000 0.000000 0.000000 0.000000 0.000000 0.000000 0.000000 0.000000 0.000000 0.000000 0.000000 0.000000 0.000000 6.171929 -9.742540 2.473152 14.754646 -48.110040 11.644195 6.218963 14.377421 54.602311 2.966169 8.979154 1.447678 0.000000 0.000000 0.000000 0.000000 0.000000 0.000000 0.000000 0.000000 0.000000 0.000000 0.000000 0.000000 0.000000 0.000000 0.000000 0.000000 0.000000 0.000000 0.000000 0.000000 0.000000 0.000000 0.000000 0.000000 0.000000 0.000000 0.000000 0.000000 0.000000 0.000000 0.000000 0.000000 0.000000 0.000000 0.000000 0.000000 0.000000 0.000000 0.000000 0.000000 0.000000 0.000000
0.193891 -0.019459 1.051971 -15.394753 0.011280 2.387938 -17.881535 -10.293786 0.885546 51.732100 10.164302 -0.084518 7.189186 9.310454 4.911305 -0.956751 -1.838472 -1.030168 8.196470 -2.468192 -4.793982 8.724883 -1.494358 -2.248708 -6.978131 0.575985 -3.377222 -1.031338 -3.100073 -1.088519 10.674180 0.619765 3.325906 11.969522 -3.210928 -4.468683 -7.957510 1.731603 0.102773 11.380213 2.791921 -0.774434 4.202507 -3.982103 5.320062 9.942009 21.194922 1.203823 11.890647 34.729130 -13.223206 3.045572 -20.861922 -91.824949 -0.200681 -14.220517 -14.060659 0.000000 0.000000 0.000000 0.000000 0.000000 0.000000 0.000000 0.000000 0.000000 0.000000 0.000000 0.000000 0.000000 0.000000 0.000000 0.000000 0.000000 0.000000 0.000000 0.000000 0.000000 0.000000 0.000000 0.000000 0.000000 0.000000 0.000000 0.000000 0.000000 0.000000 0.000000 0.000000 0.000000 0.000000 0.000000 0.000000 0.000000 0.000000 0.000000 0.000000 0.000000 0.000000 6.066528 -9.367376 2.489217 15.252497 -48.475731 12.253937 6.937367 14.279860 53.919603 2.968047 8.638224 1.431286 0.000000 0.000000 0.000000 0.000000 0.000000 0.000000 0.000000 0.000000 0.000000 0.000000 0.000000 0.000000 0.000000 0.000000 0.000000 0.000000 0.000000 0.000000 0.000000 0.000000 0.000000 0.000000 0.000000 0.000000 0.000000 0.000000 0.000000 0.000000 0.000000 0.000000 0.000000 0.000000 0.000000 0.000000 0.000000 0.000000 0.000000 0.000000 0.000000 0.000000 0.000000 0.000000
0.191677 -0.019857 1.052729 -15.357519 -0.014892 2.308909 -17.363231 -10.057040 0.923853 50.413991 9.805937 -0.256988 7.415090 9.324499 4.729773 -0.838450 -1.757125 -0.986026 8.444687 -2.349247 -4.806609 8.078886 -1.350437 -2.343350 -6.270985 0.273407 -3.255537 -1.017855 -3.123550 -1.135944 10.478628 0.558786 3.345275 11.857650 -3.161481 -4.315878 -7.895283 1.705826 0.173110 11.286148 2.801253 -0.589742 4.111004 -3.787082 5.243724 9.977955 21.195876 1.405770 12.117027 34.850513 -12.701331 4.249643 -20.967337 -90.003275 0.485719 -14.150199 -14.024644 0.000000 0.000000 0.000000 0.000000 0.000000 0.000000 0.000000 0.000000 0.000000 0.000000 0.000000 0.000000 0.000000 0.000000 0.000000 0.000000 0.000000 0.000000 0.000000 0.000000 0.000000 0.000000 0.000000 0.000000 0.000000 0.000000 0.000000 0.000000 0.000000 0.000000 0.000000 0.000000 0.000000 0.000000 0.000000 0.000000 0.000000 0.000000 0.000000 0.000000 0.000000 0.000000 6.048338 -9.161982 2.504585 15.585133 -48.670431 12.720017 7.618345 14.198340 53.190293 3.182309 8.514012 1.442289 0.000000 0.000000 0.000000 0.000000 0.000000 0.000000 0.000000 0.000000 0.000000 0.000000 0.000000 0.000000 0.000000 0.000000 0.000000 0.000000 0.000000 0.000000 0.000000 0.000000 0.000000 0.000000 0.000000 0.000000 0.000000 0.000000 0.000000 0.000000 0.000000 0.000000 0.000000 0.000000 0.000000 0.000000 0.000000 0.000000 0.000000 0.000000 0.000000 0.000000 0.000000 0.000000
0.190676 -0.017312 1.052844 -14.969043 -0.186095 1.909421 -16.428805 -9.245410 0.731780 47.921090 9.143671 -0.717473 7.777139 9.307711 4.577256 -0.647502 -1.512997 -0.879447 8.523157 -2.073498 -4.799550 7.080387 -1.096548 -2.271717 -5.608412 -0.249341 -3.206015 -0.998096 -3.069457 -1.289035 9.978297 0.630832 3.359256 11.691168 -3.083247 -4.062239 -7.710057 1.726919 0.223999 10.975856 2.855486 -0.561966 3.866308 -3.488604 5.082005 9.882912 21.287343 1.787352 12.441852 34.886438 -12.140732 5.870847 -20.885352 -87.427025 1.575501 -14.231231 -13.771055 0.000000 0.000000 0.000000 0.000000 0.000000 0.000000 0.000000 0.000000 0.000000 0.000000 0.000000 0.000000 0.000000 0.000000 0.000000 0.000000 0.000000 0.000000 0.000000 0.000000 0.000000 0.000000 0.000000 0.000000 0.000000 0.000000 0.000000 0.000000 0.000000 0.000000 0.000000 0.000000 0.000000 0.000000 0.000000 0.000000 0.000000 0.000000 0.000000 0.000000 0.000000 0.000000 5.817195 -8.864379 2.433792 16.347498 -49.010669 13.532148 8.324770 14.017414 52.510310 3.415888 8.244427 1.318262 0.000000 0.000000 0.000000 0.000000 0.000000 0.000000 0.000000 0.000000 0.000000 0.000000 0.000000 0.000000 0.000000 0.000000 0.000000 0.000000 0.000000 0.000000 0.000000 0.000000 0.000000 0.000000 0.000000 0.000000 0.000000 0.000000 0.000000 0.000000 0.000000 0.000000 0.000000 0.000000 0.000000 0.000000 0.000000 0.000000 0.000000 0.000000 0.000000 0.000000 0.000000 0.000000
0.189778 -0.012015 1.052681 -14.566882 -0.296815 1.587262 -15.322673 -8.588003 0.738635 45.492927 8.560951 -0.913461 8.119602 9.329767 4.440120 -0.564415 -1.440812 -0.815040 8.494860 -1.866315 -4.793490 6.595558 -0.933048 -2.362145 -5.283483 -0.605448 -3.081363 -0.977431 -3.006066 -1.361212 9.500086 0.596012 3.322381 11.563203 -2.962149 -3.803981 -7.599662 1.732289 0.288645 10.705706 2.931419 -0.454099 3.619540 -3.244695 4.980924 9.885536 21.248013 2.089986 12.632913 35.043914 -11.626359 7.197285 -20.662798 -85.294189 2.133165 -14.110545 -13.712012 0.000000 0.000000 0.000000 0.000000 0.000000 0.000000 0.000000 0.000000 0.000000 0.000000 0.000000 0.000000 0.000000 0.000000 0.000000 0.000000 0.000000 0.000000 0.000000 0.000000 0.000000 0.000000 0.000000 0.000000 0.000000 0.000000 0.000000 0.000000 0.000000 0.000000 0.000000 0.000000 0.000000 0.000000 0.000000 0.000000 0.000000 0.000000 0.000000 0.000000 0.000000 0.000000 5.843511 -8.603701 2.406291 16.980747 -49.313359 14.110006 8.970580 13.817705 52.077872 3.628443 7.942612 1.346959 0.000000 0.000000 0.000000 0.000000 0.000000 0.000000 0.000000 0.000000 0.000000 0.000000 0.000000 0.000000 0.000000 0.000000 0.000000 0.000000 0.000000 0.000000 0.000000 0.000000 0.000000 0.000000 0.000000 0.000000 0.000000 0.000000 0.000000 0.000000 0.000000 0.000000 0.000000 0.000000 0.000000 0.000000 0.000000 0.000000 0.000000 0.000000 0.000000 0.000000 0.000000 0.000000
0.187609 -0.006606 1.052306 -14.144617 -0.353936 1.335040 -13.893017 -7.780119 0.768174 42.514800 7.784151 -1.297043 8.166825 9.308897 4.432924 -0.294338 -1.349320 -0.731554 8.387294 -1.691596 -4.651142 6.231111 -0.730363 -2.271079 -5.024826 -0.926758 -3.124192 -0.900606 -2.863665 -1.407922 8.957978 0.555900 3.238922 11.523515 -2.934626 -3.592736 -7.651914 1.781278 0.422042 10.690472 3.068243 -0.460534 3.545971 -3.017842 4.925220 9.972047 21.228279 2.178046 12.833148 35.331074 -11.431723 8.450900 -20.491918 -82.926504 3.041420 -14.104534 -13.417290 0.000000 0.000000 0.000000 0.000000 0.000000 0.000000 0.000000 0.000000 0.000000 0.000000 0.000000 0.000000 0.000000 0.000000 0.000000 0.000000 0.000000 0.000000 0.000000 0.000000 0.000000 0.000000 0.000000 0.000000 0.000000 0.000000 0.000000 0.000000 0.000000 0.000000 0.000000 0.000000 0.000000 0.000000 0.000000 0.000000 0.000000 0.000000 0.000000 0.000000 0.000000 0.000000 5.991450 -8.383422 2.383141 17.550570 -49.553985 14.821780 9.529443 13.623002 51.318691 3.912165 7.545337 1.312132 0.000000 0.000000 0.000000 0.000000 0.000000 0.000000 0.000000 0.000000 0.000000 0.000000 0.000000 0.000000 0.000000 0.000000 0.000000 0.000000 0.000000 0.000000 0.000000 0.000000 0.000000 0.000000 0.000000 0.000000 0.000000 0.000000 0.000000 0.000000 0.000000 0.000000 0.000000 0.000000 0.000000 0.000000 0.000000 0.000000 0.000000 0.000000 0.000000 0.000000 0.000000 0.000000
0.187082 -0.002501 1.051802 -13.767642 -0.402518 1.209297 -12.460263 -7.045408 0.820237 39.611028 7.028000 -1.685742 8.163702 9.303392 4.474941 0.008798 -1.380817 -0.653620 8.160323 -1.634478 -4.452880 6.072731 -0.597948 -2.260139 -4.815992 -1.080488 -3.226268 -0.803341 -2.779873 -1.446768 8.483875 0.476354 3.120033 11.417200 -2.932898 -3.400975 -7.637315 1.829336 0.507270 10.424716 3.090860 -0.374062 3.341612 -2.771771 4.894407 9.921082 21.093558 2.286549 13.074309 35.583012 -11.352438 9.890294 -20.177371 -80.256862 3.873379 -13.877756 -13.170211 0.000000 0.000000 0.000000 0.000000 0.000000 0.000000 0.000000 0.000000 0.000000 0.000000 0.000000 0.000000 0.000000 0.000000 0.000000 0.000000 0.000000 0.000000 0.000000 0.000000 0.000000 0.000000 0.000000 0.000000 0.000000 0.000000 0.000000 0.000000 0.000000 0.000000 0.000000 0.000000 0.000000 0.000000 0.000000 0.000000 0.000000 0.000000 0.000000 0.000000 0.000000 0.000000 5.960098 -8.281919 2.371426 18.270605 -49.770364 15.766335 10.198261 13.356428 50.477018 4.102013 7.209914 1.330808 0.000000 0.000000 0.000000 0.000000 0.000000 0.000000 0.000000 0.000000 0.000000 0.000000 0.000000 0.000000 0.000000 0.000000 0.000000 0.000000 0.000000 0.000000 0.000000 0.000000 0.000000 0.000000 0.000000 0.000000 0.000000 0.000000 0.000000 0.000000 0.000000 0.000000 0.000000 0.000000 0.000000 0.000000 0.000000 0.000000 0.000000 0.000000 0.000000 0.000000 0.000000 0.000000
0.188893 0.004367 1.051074 -13.337800 -0.532461 0.667409 -10.686041 -6.127770 0.874542 36.348916 6.252941 -2.077181 7.705491 9.101955 4.788267 0.198067 -1.449272 -0.565234 7.891537 -1.560395 -4.258332 6.135367 -0.385443 -2.111887 -4.981907 -1.271674 -3.289573 -0.724425 -2.649750 -1.528541 7.946540 0.399911 3.005005 11.295904 -2.906522 -3.205539 -7.617168 1.929395 0.590885 10.265946 3.161881 -0.236920 3.336511 -2.525063 4.821054 9.913618 21.002814 2.396416 13.223097 35.899690 -11.249135 11.442092 -19.804438 -77.324105 4.614585 -13.344578 -12.787286 0.000000 0.000000 0.000000 0.000000 0.000000 0.000000 0.000000 0.000000 0.000000 0.000000 0.000000 0.000000 0.000000 0.000000 0.000000 0.000000 0.000000 0.000000 0.000000 0.000000 0.000000 0.000000 0.000000 0.000000 0.000000 0.000000 0.000000 0.000000 0.000000 0.000000 0.000000 0.000000 0.000000 0.000000 0.000000 0.000000 0.000000 0.000000 0.000000 0.000000 0.000000 0.000000 5.941520 -8.314648 2.486349 19.112880 -50.075758 16.808111 10.754863 12.812654 49.792987 4.088483 6.590157 1.328963 0.000000 0.000000 0.000000 0.000000 0.000000 0.000000 0.000000 0.000000 0.000000 0.000000 0.000000 0.000000 0.000000 0.000000 0.000000 0.000000 0.000000 0.000000 0.000000 0.000000 0.000000 0.000000 0.000000 0.000000 0.000000 0.000000 0.000000 0.000000 0.000000 0.000000 0.000000 0.000000 0.000000 0.000000 0.000000 0.000000 0.000000 0.000000 0.000000 0.000000 0.000000 0.000000
0.190252 0.008904 1.050211 -12.914045 -0.650707 0.510737 -9.539853 -5.545867 0.942575 34.042866 5.814647 -2.462153 7.538471 9.072156 4.796334 0.409202 -1.535158 -0.496425 7.486881 -1.466615 -4.066036 6.240922 -0.350089 -2.147745 -4.998817 -1.337177 -3.389188 -0.666166 -2.631080 -1.559073 7.440381 0.286314 2.886205 11.160115 -2.904022 -3.062706 -7.528188 1.963077 0.648479 10.049903 3.193907 -0.036079 3.341826 -2.310556 4.750005 9.846312 20.972378 2.436235 13.527242 36.064935 -11.259008 12.792383 -19.386333 -75.052989 5.294550 -13.155050 -12.750614 0.000000 0.000000 0.000000 0.000000 0.000000 0.000000 0.000000 0.000000 0.000000 0.000000 0.000000 0.000000 0.000000 0.000000 0.000000 0.000000 0.000000 0.000000 0.000000 0.000000 0.000000 0.000000 0.000000 0.000000 0.000000 0.000000 0.000000 0.000000 0.000000 0.000000 0.000000 0.000000 0.000000 0.000000 0.000000 0.000000 0.000000 0.000000 0.000000 0.000000 0.000000 0.000000 5.832210 -8.379667 2.589050 19.871390 -50.271286 17.666419 11.476628 12.508371 49.201859 4.165582 6.237326 1.321660 0.000000 0.000000 0.000000 0.000000 0.000000 0.000000 0.000000 0.000000 0.000000 0.000000 0.000000 0.000000 0.000000 0.000000 0.000000 0.000000 0.000000 0.000000 0.000000 0.000000 0.000000 0.000000 0.000000 0.000000 0.000000 0.000000 0.000000 0.000000 0.000000 0.000000 0.000000 0.000000 0.000000 0.000000 0.000000 0.000000 0.000000 0.000000 0.000000 0.000000 0.000000 0.000000
0.191922 0.015844 1.049301 -12.544182 -0.750310 0.224556 -8.164612 -4.879381 0.958861 31.752215 5.289468 -2.895711 7.043069 8.843212 5.033765 0.461143 -1.636968 -0.451097 7.133463 -1.442166 -3.830613 6.689136 -0.229497 -2.090390 -5.297222 -1.290164 -3.504016 -0.645486 -2.582764 -1.601008 7.042472 0.237582 2.792284 11.062294 -2.916535 -2.949250 -7.484093 2.015141 0.694643 9.964632 3.243136 0.141668 3.336216 -2.168035 4.738165 9.830070 20.890181 2.416576 13.688845 36.475181 -11.352755 14.055173 -18.960567 -72.484708 5.804398 -12.861733 -12.523964 0.000000 0.000000 0.000000 0.000000 0.000000 0.000000 0.000000 0.000000 0.000000 0.000000 0.000000 0.000000 0.000000 0.000000 0.000000 0.000000 0.000000 0.000000 0.000000 0.000000 0.000000 0.000000 0.000000 0.000000 0.000000 0.000000 0.000000 0.000000 0.000000 0.000000 0.000000 0.000000 0.000000 0.000000 0.000000 0.000000 0.000000 0.000000 0.000000 0.000000 0.000000 0.000000 5.831445 -8.535427 2.826296 20.608070 -50.576595 18.570059 12.054924 12.050734 48.308356 4.067626 5.831335 1.361512 0.000000 0.000000 0.000000 0.000000 0.000000 0.000000 0.000000 0.000000 0.000000 0.000000 0.000000 0.000000 0.000000 0.000000 0.000000 0.000000 0.000000 0.000000 0.000000 0.000000 0.000000 0.000000 0.000000 0.000000 0.000000 0.000000 0.000000 0.000000 0.000000 0.000000 0.000000 0.000000 0.000000 0.000000 0.000000 0.000000 0.000000 0.000000 0.000000 0.000000 0.000000 0.000000
0.191240 0.019863 1.048280 -12.180425 -0.769413 0.058844 -6.806736 -4.252711 1.061704 29.297226 4.842480 -3.259040 6.139771 8.541749 5.353845 0.678440 -1.747179 -0.359890 6.774535 -1.390633 -3.610505 6.812479 -0.162881 -2.041249 -5.367508 -1.424202 -3.745640 -0.536039 -2.511754 -1.617603 6.570802 0.189777 2.698073 10.966402 -3.002688 -2.853503 -7.485711 2.079219 0.771016 9.832704 3.216289 0.291075 3.362522 -1.921357 4.652952 9.771535 20.778397 2.326508 13.977321 36.781268 -11.604189 15.697119 -18.341256 -69.603401 6.545657 -12.581713 -12.241972 0.000000 0.000000 0.000000 0.000000 0.000000 0.000000 0.000000 0.000000 0.000000 0.000000 0.000000 0.000000 0.000000 0.000000 0.000000 0.000000 0.000000 0.000000 0.000000 0.000000 0.000000 0.000000 0.000000 0.000000 0.000000 0.000000 0.000000 0.000000 0.000000 0.000000 0.000000 0.000000 0.000000 0.000000 0.000000 0.000000 0.000000 0.000000 0.000000 0.000000 0.000000 0.000000 5.686259 -8.666093 3.011756 21.422120 -50.679232 19.630766 12.792244 11.451634 46.929621 4.181931 5.377554 1.238156 0.000000 0.000000 0.000000 0.000000 0.000000 0.000000 0.000000 0.000000 0.000000 0.000000 0.000000 0.000000 0.000000 0.000000 0.000000 0.000000 0.000000 0.000000 0.000000 0.000000 0.000000 0.000000 0.000000 0.000000 0.000000 0.000000 0.000000 0.000000 0.000000 0.000000 0.000000 0.000000 0.000000 0.000000 0.000000 0.000000 0.000000 0.000000 0.000000 0.000000 0.000000 0.000000
0.191454 0.023208 1.047370 -11.962466 -0.829972 -0.031409 -5.332759 -3.601747 1.141893 26.759274 4.310244 -3.892308 5.225298 8.074476 5.811040 0.877498 -1.877349 -0.227805 6.381976 -1.342158 -3.389123 7.354458 -0.103882 -1.926051 -5.619155 -1.394326 -4.037432 -0.459461 -2.463384 -1.663301 6.253986 0.178201 2.614671 10.952974 -3.126757 -2.857553 -7.489265 2.154099 0.807959 9.827516 3.221295 0.476520 3.517931 -1.740569 4.652455 9.719632 20.732862 2.141879 14.275750 36.978367 -11.895682 17.249885 -17.588418 -66.788424 7.142897 -12.262452 -11.857741 0.000000 0.000000 0.000000 0.000000 0.000000 0.000000 0.000000 0.000000 0.000000 0.000000 0.000000 0.000000 0.000000 0.000000 0.000000 0.000000 0.000000 0.000000 0.000000 0.000000 0.000000 0.000000 0.000000 0.000000 0.000000 0.000000 0.000000 0.000000 0.000000 0.000000 0.000000 0.000000 0.000000 0.000000 0.000000 0.000000 0.000000 0.000000 0.000000 0.000000 0.000000 0.000000 5.523326 -8.996342 3.237901 21.995505 -50.716082 20.236984 13.251905 10.803777 45.937692 3.924906 4.878285 1.226428 0.000000 0.000000 0.000000 0.000000 0.000000 0.000000 0.000000 0.000000 0.000000 0.000000 0.000000 0.000000 0.000000 0.000000 0.000000 0.000000 0.000000 0.000000 0.000000 0.000000 0.000000 0.000000 0.000000 0.000000 0.000000 0.000000 0.000000 0.000000 0.000000 0.000000 0.000000 0.000000 0.000000 0.000000 0.000000 0.000000 0.000000 0.000000 0.000000 0.000000 0.000000 0.000000
0.190332 0.028040 1.046206 -11.626743 -0.737937 -0.066593 -3.849742 -3.049092 1.314242 24.129565 3.770209 -3.984806 3.732999 7.526623 6.516366 1.143067 -2.075234 -0.112788 5.937060 -1.438910 -3.076480 7.856519 -0.087649 -1.877245 -5.876993 -1.451793 -4.435868 -0.296657 -2.337123 -1.646356 5.912478 0.169730 2.478285 11.014400 -3.369178 -2.808181 -7.746975 2.229069 0.895439 9.964524 3.097807 0.578589 3.614679 -1.591179 4.748416 9.835308 20.602690 1.972952 14.355353 37.496622 -12.256080 18.616806 -16.765952 -63.711246 7.523218 -11.738376 -11.576918 0.000000 0.000000 0.000000 0.000000 0.000000 0.000000 0.000000 0.000000 0.000000 0.000000 0.000000 0.000000 0.000000 0.000000 0.000000 0.000000 0.000000 0.000000 0.000000 0.000000 0.000000 0.000000 0.000000 0.000000 0.000000 0.000000 0.000000 0.000000 0.000000 0.000000 0.000000 0.000000 0.000000 0.000000 0.000000 0.000000 0.000000 0.000000 0.000000 0.000000 0.000000 0.000000 5.625643 -9.162340 3.400145 22.698311 -50.761790 21.285258 13.940372 10.179629 44.187520 3.910303 4.430916 1.243409 0.000000 0.000000 0.000000 0.000000 0.000000 0.000000 0.000000 0.000000 0.000000 0.000000 0.000000 0.000000 0.000000 0.000000 0.000000 0.000000 0.000000 0.000000 0.000000 0.000000 0.000000 0.000000 0.000000 0.000000 0.000000 0.000000 0.000000 0.000000 0.000000 0.000000 0.000000 0.000000 0.000000 0.000000 0.000000 0.000000 0.000000 0.000000 0.000000 0.000000 0.000000 0.000000
0.189791 0.029720 1.045261 -11.438658 -0.818228 0.007403 -2.806768 -2.593079 1.481875 22.118214 3.510271 -4.274802 2.996751 7.202001 6.861075 1.356381 -2.114410 -0.043911 5.559945 -1.339650 -2.855188 8.262445 -0.068636 -1.926488 -5.961489 -1.444482 -4.744543 -0.223653 -2.237040 -1.610083 5.634289 0.232185 2.390764 11.081847 -3.567216 -2.852385 -7.942539 2.263371 0.920681 10.037021 3.150181 0.710689 3.675499 -1.417739 4.862684 9.922588 20.493261 1.637238 14.580959 37.911339 -12.685831 19.762662 -15.935523 -60.849233 7.931195 -11.140286 -11.275501 0.000000 0.000000 0.000000 0.000000 0.000000 0.000000 0.000000 0.000000 0.000000 0.000000 0.000000 0.000000 0.000000 0.000000 0.000000 0.000000 0.000000 0.000000 0.000000 0.000000 0.000000 0.000000 0.000000 0.000000 0.000000 0.000000 0.000000 0.000000 0.000000 0.000000 0.000000 0.000000 0.000000 0.000000 0.000000 0.000000 0.000000 0.000000 0.000000 0.000000 0.000000 0.000000 5.670108 -9.394536 3.516893 23.173541 -50.705860 21.824549 14.452600 9.733562 43.114786 3.726770 3.883772 1.213673 0.000000 0.000000 0.000000 0.000000 0.000000 0.000000 0.000000 0.000000 0.000000 0.000000 0.000000 0.000000 0.000000 0.000000 0.000000 0.000000 0.000000 0.000000 0.000000 0.000000 0.000000 0.000000 0.000000 0.000000 0.000000 0.000000 0.000000 0.000000 0.000000 0.000000 0.000000 0.000000 0.000000 0.000000 0.000000 0.000000 0.000000 0.000000 0.000000 0.000000 0.000000 0.000000
0.187444 0.030882 1.044398 -11.300398 -0.781615 -0.006338 -1.661506 -2.122232 1.591923 19.991497 3.155683 -4.504985 2.175533 6.785416 7.307278 1.547396 -2.212009 0.029463 5.162383 -1.297685 -2.603759 8.758426 -0.026836 -1.958779 -5.979932 -1.509146 -5.052363 -0.104672 -2.103390 -1.571543 5.368823 0.321500 2.320923 11.218824 -3.821023 -2.838911 -8.303733 2.316547 0.978380 10.250885 3.066174 0.800310 3.759202 -1.298139 4.881481 10.120499 20.463471 1.327234 14.650428 38.507683 -13.115095 20.963333 -14.977854 -57.439680 8.504104 -10.599038 -10.897001 0.000000 0.000000 0.000000 0.000000 0.000000 0.000000 0.000000 0.000000 0.000000 0.000000 0.000000 0.000000 0.000000 0.000000 0.000000 0.000000 0.000000 0.000000 0.000000 0.000000 0.000000 0.000000 0.000000 0.000000 0.000000 0.000000 0.000000 0.000000 0.000000 0.000000 0.000000 0.000000 0.000000 0.000000 0.000000 0.000000 0.000000 0.000000 0.000000 0.000000 0.000000 0.000000 5.789296 -9.500775 3.638558 23.811071 -50.805240 22.583788 14.977994 9.295219 41.607619 3.575002 3.409960 1.187789 0.000000 0.000000 0.000000 0.000000 0.000000 0.000000 0.000000 0.000000 0.000000 0.000000 0.000000 0.000000 0.000000 0.000000 0.000000 0.000000 0.000000 0.000000 0.000000 0.000000 0.000000 0.000000 0.000000 0.000000 0.000000 0.000000 0.000000 0.000000 0.000000 0.000000 0.000000 0.000000 0.000000 0.000000 0.000000 0.000000 0.000000 0.000000 0.000000 0.000000 0.000000 0.000000
0.183039 0.033036 1.043474 -11.040257 -0.707380 0.103524 -0.681433 -1.667941 1.795315 17.924757 2.860093 -4.548560 1.372489 6.495456 7.584517 1.770415 -2.231497 0.096533 4.777292 -1.221676 -2.460399 9.003134 0.070500 -2.045727 -5.818900 -1.708622 -5.284375 0.041911 -1.944593 -1.530607 5.111381 0.529640 2.313373 11.482958 -4.159155 -2.896281 -8.862646 2.375398 1.035954 10.533144 3.115307 0.886876 3.726822 -1.299293 4.891063 10.348452 20.418688 0.868306 14.745003 39.033361 -13.617351 22.272707 -13.790426 -53.568629 9.180280 -10.010727 -10.414679 0.000000 0.000000 0.000000 0.000000 0.000000 0.000000 0.000000 0.000000 0.000000 0.000000 0.000000 0.000000 0.000000 0.000000 0.000000 0.000000 0.000000 0.000000 0.000000 0.000000 0.000000 0.000000 0.000000 0.000000 0.000000 0.000000 0.000000 0.000000 0.000000 0.000000 0.000000 0.000000 0.000000 0.000000 0.000000 0.000000 0.000000 0.000000 0.000000 0.000000 0.000000 0.000000 5.967317 -9.686030 3.771293 24.374932 -50.904905 23.252639 15.402155 8.675481 39.806082 3.466288 3.006086 1.231514 0.000000 0.000000 0.000000 0.000000 0.000000 0.000000 0.000000 0.000000 0.000000 0.000000 0.000000 0.000000 0.000000 0.000000 0.000000 0.000000 0.000000 0.000000 0.000000 0.000000 0.000000 0.000000 0.000000 0.000000 0.000000 0.000000 0.000000 0.000000 0.000000 0.000000 0.000000 0.000000 0.000000 0.000000 0.000000 0.000000 0.000000 0.000000 0.000000 0.000000 0.000000 0.000000
0.183197 0.033546 1.042856 -10.963186 -0.751987 0.023508 0.129713 -1.365756 1.954553 16.481893 2.639888 -4.653051 0.886836 6.357955 7.817169 1.882516 -2.414846 0.150465 4.406333 -1.205241 -2.265788 9.512106 0.111623 -1.962059 -5.746708 -1.753078 -5.568731 0.144792 -1.955435 -1.497454 4.999374 0.574183 2.243873 11.597069 -4.370295 -2.943233 -9.063868 2.408918 1.026721 10.542727 3.116708 1.120910 3.689400 -1.143232 4.905856 10.415611 20.294100 0.516746 14.890970 39.719511 -14.102311 23.326829 -12.667070 -50.071739 9.738549 -9.246881 -9.842093 0.000000 0.000000 0.000000 0.000000 0.000000 0.000000 0.000000 0.000000 0.000000 0.000000 0.000000 0.000000 0.000000 0.000000 0.000000 0.000000 0.000000 0.000000 0.000000 0.000000 0.000000 0.000000 0.000000 0.000000 0.000000 0.000000 0.000000 0.000000 0.000000 0.000000 0.000000 0.000000 0.000000 0.000000 0.000000 0.000000 0.000000 0.000000 0.000000 0.000000 0.000000 0.000000 5.915418 -9.786461 3.905151 25.041830 -51.084153 23.965814 15.984809 8.161502 38.376198 3.356618 2.647628 1.071004 0.000000 0.000000 0.000000 0.000000 0.000000 0.000000 0.000000 0.000000 0.000000 0.000000 0.000000 0.000000 0.000000 0.000000 0.000000 0.000000 0.000000 0.000000 0.000000 0.000000 0.000000 0.000000 0.000000 0.000000 0.000000 0.000000 0.000000 0.000000 0.000000 0.000000 0.000000 0.000000 0.000000 0.000000 0.000000 0.000000 0.000000 0.000000 0.000000 0.000000 0.000000 0.000000
0.179904 0.033429 1.042390 -10.949228 -0.749116 -0.016475 1.135151 -0.957340 2.056105 14.709215 2.497302 -4.776313 0.552764 6.129641 8.071122 2.117336 -2.459476 0.241032 4.077858 -1.017702 -2.022579 10.058469 0.118502 -1.891996 -5.542291 -1.889995 -5.783067 0.300453 -1.813935 -1.426717 4.831380 0.810828 2.269525 11.844425 -4.672620 -3.058515 -9.509723 2.481544 1.064922 10.777902 3.113860 1.175788 3.708750 -1.104037 4.989554 10.600270 20.235385 0.130044 14.991288 40.517251 -14.816479 23.978198 -11.459672 -46.119134 10.130333 -8.543126 -9.236990 0.000000 0.000000 0.000000 0.000000 0.000000 0.000000 0.000000 0.000000 0.000000 0.000000 0.000000 0.000000 0.000000 0.000000 0.000000 0.000000 0.000000 0.000000 0.000000 0.000000 0.000000 0.000000 0.000000 0.000000 0.000000 0.000000 0.000000 0.000000 0.000000 0.000000 0.000000 0.000000 0.000000 0.000000 0.000000 0.000000 0.000000 0.000000 0.000000 0.000000 0.000000 0.000000 6.059098 -10.031828 3.993002 25.629024 -51.245253 24.551692 16.062821 7.672067 36.733909 3.156465 2.263217 0.960554 0.000000 0.000000 0.000000 0.000000 0.000000 0.000000 0.000000 0.000000 0.000000 0.000000 0.000000 0.000000 0.000000 0.000000 0.000000 0.000000 0.000000 0.000000 0.000000 0.000000 0.000000 0.000000 0.000000 0.000000 0.000000 0.000000 0.000000 0.000000 0.000000 0.000000 0.000000 0.000000 0.000000 0.000000 0.000000 0.000000 0.000000 0.000000 0.000000 0.000000 0.000000 0.000000
0.178220 0.032772 1.042055 -10.986910 -0.698492 -0.194006 1.642658 -0.831468 2.219074 13.974860 2.467439 -4.703109 0.448777 6.090410 7.970532 2.090309 -2.584462 0.291518 3.716832 -0.917404 -1.934089 10.687627 0.054215 -1.897323 -5.250017 -2.027750 -5.717997 0.331515 -1.899658 -1.432769 4.814020 0.775666 2.185503 11.734689 -4.682631 -3.065257 -9.244094 2.470192 1.044852 10.614202 3.103719 1.436594 3.767460 -0.986767 4.955783 10.438315 20.201306 -0.113573 14.968561 41.120700 -14.879013 24.352646 -10.763416 -43.708128 10.356767 -7.782596 -8.862050 0.000000 0.000000 0.000000 0.000000 0.000000 0.000000 0.000000 0.000000 0.000000 0.000000 0.000000 0.000000 0.000000 0.000000 0.000000 0.000000 0.000000 0.000000 0.000000 0.000000 0.000000 0.000000 0.000000 0.000000 0.000000 0.000000 0.000000 0.000000 0.000000 0.000000 0.000000 0.000000 0.000000 0.000000 0.000000 0.000000 0.000000 0.000000 0.000000 0.000000 0.000000 0.000000 5.837382 -10.179521 4.110942 25.944223 -51.470255 24.722438 16.365636 7.369534 35.626814 3.077892 1.869839 0.939223 0.000000 0.000000 0.000000 0.000000 0.000000 0.000000 0.000000 0.000000 0.000000 0.000000 0.000000 0.000000 0.000000 0.000000 0.000000 0.000000 0.000000 0.000000 0.000000 0.000000 0.000000 0.000000 0.000000 0.000000 0.000000 0.000000 0.000000 0.000000 0.000000 0.000000 0.000000 0.000000 0.000000 0.000000 0.000000 0.000000 0.000000 0.000000 0.000000 0.000000 0.000000 0.000000
0.174887 0.033751 1.041670 -10.954304 -0.618222 -0.182222 2.256844 -0.698520 2.354915 12.989455 2.485827 -4.656187 0.254444 6.038053 7.923137 2.219240 -2.615058 0.337771 3.573621 -0.817120 -1.800973 10.948887 0.017257 -1.866796 -4.959256 -2.216859 -5.840673 0.431678 -1.878860 -1.409778 4.759305 0.866531 2.178164 11.790081 -4.830932 -3.092411 -9.397516 2.492961 1.046784 10.667006 2.966439 1.587772 3.856593 -0.942194 5.060640 10.504910 20.182648 -0.299253 15.002701 41.772439 -15.298416 24.628391 -9.874523 -40.858983 10.605040 -7.262599 -8.482526 0.000000 0.000000 0.000000 0.000000 0.000000 0.000000 0.000000 0.000000 0.000000 0.000000 0.000000 0.000000 0.000000 0.000000 0.000000 0.000000 0.000000 0.000000 0.000000 0.000000 0.000000 0.000000 0.000000 0.000000 0.000000 0.000000 0.000000 0.000000 0.000000 0.000000 0.000000 0.000000 0.000000 0.000000 0.000000 0.000000 0.000000 0.000000 0.000000 0.000000 0.000000 0.000000 5.930801 -10.322118 4.119931 26.374923 -51.593111 25.102273 16.451379 7.003800 34.318856 2.987192 1.669461 0.878947 0.000000 0.000000 0.000000 0.000000 0.000000 0.000000 0.000000 0.000000 0.000000 0.000000 0.000000 0.000000 0.000000 0.000000 0.000000 0.000000 0.000000 0.000000 0.000000 0.000000 0.000000 0.000000 0.000000 0.000000 0.000000 0.000000 0.000000 0.000000 0.000000 0.000000 0.000000 0.000000 0.000000 0.000000 0.000000 0.000000 0.000000 0.000000 0.000000 0.000000 0.000000 0.000000
0.172949 0.034536 1.041352 -10.936050 -0.623103 -0.308121 2.766351 -0.515685 2.457421 12.211040 2.516977 -4.618927 0.238067 5.965693 7.892153 2.275965 -2.640920 0.380350 3.419440 -0.685048 -1.751553 11.206042 0.054784 -1.817037 -4.660994 -2.361926 -5.846033 0.471146 -1.874229 -1.403500 4.751201 0.938804 2.173315 11.748995 -4.881806 -3.133658 -9.317413 2.534060 1.003027 10.610709 2.977787 1.745184 3.893863 -0.836768 5.152891 10.491330 20.211378 -0.444195 14.992767 42.403289 -15.562090 24.612524 -9.141427 -38.343312 10.681026 -6.670436 -8.102727 0.000000 0.000000 0.000000 0.000000 0.000000 0.000000 0.000000 0.000000 0.000000 0.000000 0.000000 0.000000 0.000000 0.000000 0.000000 0.000000 0.000000 0.000000 0.000000 0.000000 0.000000 0.000000 0.000000 0.000000 0.000000 0.000000 0.000000 0.000000 0.000000 0.000000 0.000000 0.000000 0.000000 0.000000 0.000000 0.000000 0.000000 0.000000 0.000000 0.000000 0.000000 0.000000 5.866845 -10.501866 4.170721 26.799208 -51.858040 25.422435 16.337613 6.684223 33.207281 2.848004 1.526728 0.781709 0.000000 0.000000 0.000000 0.000000 0.000000 0.000000 0.000000 0.000000 0.000000 0.000000 0.000000 0.000000 0.000000 0.000000 0.000000 0.000000 0.000000 0.000000 0.000000 0.000000 0.000000 0.000000 0.000000 0.000000 0.000000 0.000000 0.000000 0.000000 0.000000 0.000000 0.000000 0.000000 0.000000 0.000000 0.000000 0.000000 0.000000 0.000000 0.000000 0.000000 0.000000 0.000000
0.170209 0.034855 1.041008 -10.914657 -0.542513 -0.166174 3.215973 -0.437238 2.575527 11.427668 2.492953 -4.621533 0.207709 5.914804 7.763798 2.378843 -2.688507 0.427598 3.323937 -0.633766 -1.673289 11.341051 -0.002856 -1.773491 -4.307754 -2.473105 -5.967198 0.552944 -1.886550 -1.406206 4.742670 0.953414 2.181663 11.672578 -4.964117 -3.146669 -9.256924 2.525895 0.985397 10.572343 2.824821 1.925770 4.047946 -0.812704 5.289949 10.481857 20.240478 -0.499195 15.075235 43.040368 -15.915909 24.474684 -8.584343 -36.287907 10.787854 -6.342129 -7.872071 0.000000 0.000000 0.000000 0.000000 0.000000 0.000000 0.000000 0.000000 0.000000 0.000000 0.000000 0.000000 0.000000 0.000000 0.000000 0.000000 0.000000 0.000000 0.000000 0.000000 0.000000 0.000000 0.000000 0.000000 0.000000 0.000000 0.000000 0.000000 0.000000 0.000000 0.000000 0.000000 0.000000 0.000000 0.000000 0.000000 0.000000 0.000000 0.000000 0.000000 0.000000 0.000000 5.869749 -10.709529 4.110733 27.105015 -51.928087 25.616565 16.352192 6.413351 32.128274 2.870234 1.441805 0.767617 0.000000 0.000000 0.000000 0.000000 0.000000 0.000000 0.000000 0.000000 0.000000 0.000000 0.000000 0.000000 0.000000 0.000000 0.000000 0.000000 0.000000 0.000000 0.000000 0.000000 0.000000 0.000000 0.000000 0.000000 0.000000 0.000000 0.000000 0.000000 0.000000 0.000000 0.000000 0.000000 0.000000 0.000000 0.000000 0.000000 0.000000 0.000000 0.000000 0.000000 0.000000 0.000000
0.168297 0.034683 1.040744 -10.951212 -0.502457 -0.215898 3.489119 -0.375620 2.707782 11.103219 2.531997 -4.596412 0.232263 5.904482 7.629891 2.409091 -2.730154 0.430029 3.250573 -0.562818 -1.640032 11.487613 0.012767 -1.691435 -3.972127 -2.624437 -5.957819 0.612937 -1.854300 -1.372608 4.851643 0.996883 2.185728 11.649052 -4.986784 -3.158160 -9.213426 2.524650 0.947916 10.476141 2.852868 2.056915 4.078430 -0.732301 5.345581 10.495503 20.236471 -0.704028 14.967723 43.712215 -16.156521 24.478194 -7.972339 -33.839616 11.031794 -5.924597 -7.582337 0.000000 0.000000 0.000000 0.000000 0.000000 0.000000 0.000000 0.000000 0.000000 0.000000 0.000000 0.000000 0.000000 0.000000 0.000000 0.000000 0.000000 0.000000 0.000000 0.000000 0.000000 0.000000 0.000000 0.000000 0.000000 0.000000 0.000000 0.000000 0.000000 0.000000 0.000000 0.000000 0.000000 0.000000 0.000000 0.000000 0.000000 0.000000 0.000000 0.000000 0.000000 0.000000 5.824966 -10.796984 4.151859 27.350613 -52.272889 25.854332 16.382975 6.154622 30.903238 2.808815 1.384485 0.741444 0.000000 0.000000 0.000000 0.000000 0.000000 0.000000 0.000000 0.000000 0.000000 0.000000 0.000000 0.000000 0.000000 0.000000 0.000000 0.000000 0.000000 0.000000 0.000000 0.000000 0.000000 0.000000 0.000000 0.000000 0.000000 0.000000 0.000000 0.000000 0.000000 0.000000 0.000000 0.000000 0.000000 0.000000 0.000000 0.000000 0.000000 0.000000 0.000000 0.000000 0.000000 0.000000
0.166605 0.033090 1.040483 -11.017525 -0.453548 -0.032240 3.678246 -0.331942 2.716096 10.784259 2.497436 -4.558549 0.331352 5.919399 7.496916 2.430668 -2.757549 0.500302 3.236780 -0.559893 -1.510392 11.491393 -0.013892 -1.607275 -3.567438 -2.658254 -6.091140 0.665077 -1.872388 -1.378611 4.801816 0.959273 2.177146 11.620171 -5.001244 -3.158057 -9.035670 2.505526 0.930996 10.479063 2.757774 2.219427 4.287358 -0.719429 5.529193 10.357205 20.298227 -0.655057 15.114400 44.083103 -16.322208 24.269485 -7.662097 -32.781186 11.187329 -5.716217 -7.459638 0.000000 0.000000 0.000000 0.000000 0.000000 0.000000 0.000000 0.000000 0.000000 0.000000 0.000000 0.000000 0.000000 0.000000 0.000000 0.000000 0.000000 0.000000 0.000000 0.000000 0.000000 0.000000 0.000000 0.000000 0.000000 0.000000 0.000000 0.000000 0.000000 0.000000 0.000000 0.000000 0.000000 0.000000 0.000000 0.000000 0.000000 0.000000 0.000000 0.000000 0.000000 0.000000 5.751530 -10.963479 4.094152 27.563239 -52.323265 25.843063 16.167585 6.038826 30.421938 2.875191 1.260731 0.739141 0.000000 0.000000 0.000000 0.000000 0.000000 0.000000 0.000000 0.000000 0.000000 0.000000 0.000000 0.000000 0.000000 0.000000 0.000000 0.000000 0.000000 0.000000 0.000000 0.000000 0.000000 0.000000 0.000000 0.000000 0.000000 0.000000 0.000000 0.000000 0.000000 0.000000 0.000000 0.000000 0.000000 0.000000 0.000000 0.000000 0.000000 0.000000 0.000000 0.000000 0.000000 0.000000
0.164668 0.031149 1.040308 -11.156464 -0.421000 -0.154340 3.866030 -0.203390 2.717941 10.674111 2.489438 -4.672183 0.302548 5.877487 7.634869 2.481144 -2.809980 0.475432 3.187774 -0.483992 -1.400911 11.674871 0.030060 -1.474424 -3.302770 -2.824163 -6.097910 0.684406 -1.784914 -1.337339 4.870082 1.022070 2.184966 11.760187 -5.087963 -3.168779 -9.187541 2.544156 0.906678 10.654402 2.754627 2.293383 4.394832 -0.621408 5.625271 10.502756 20.356686 -0.764535 15.048573 44.435234 -16.436961 24.174050 -7.180921 -31.223282 11.110462 -5.407757 -7.221594 0.000000 0.000000 0.000000 0.000000 0.000000 0.000000 0.000000 0.000000 0.000000 0.000000 0.000000 0.000000 0.000000 0.000000 0.000000 0.000000 0.000000 0.000000 0.000000 0.000000 0.000000 0.000000 0.000000 0.000000 0.000000 0.000000 0.000000 0.000000 0.000000 0.000000 0.000000 0.000000 0.000000 0.000000 0.000000 0.000000 0.000000 0.000000 0.000000 0.000000 0.000000 0.000000 5.858264 -11.085507 4.131649 27.604262 -52.432658 25.952885 16.055231 5.869485 29.679251 2.734488 1.172836 0.670074 0.000000 0.000000 0.000000 0.000000 0.000000 0.000000 0.000000 0.000000 0.000000 0.000000 0.000000 0.000000 0.000000 0.000000 0.000000 0.000000 0.000000 0.000000 0.000000 0.000000 0.000000 0.000000 0.000000 0.000000 0.000000 0.000000 0.000000 0.000000 0.000000 0.000000 0.000000 0.000000 0.000000 0.000000 0.000000 0.000000 0.000000 0.000000 0.000000 0.000000 0.000000 0.000000
0.162040 0.029861 1.040033 -11.217245 -0.367584 -0.121507 4.086150 -0.111311 2.749631 10.335539 2.519187 -4.710196 0.315091 5.857279 7.658925 2.519641 -2.772725 0.458985 3.066521 -0.378433 -1.324790 11.875697 -0.005539 -1.412475 -2.992949 -2.982192 -6.103712 0.710734 -1.654412 -1.256277 4.981059 1.105475 2.194292 11.924680 -5.231058 -3.176804 -9.438022 2.571892 0.911494 10.785552 2.731584 2.360236 4.458482 -0.614129 5.848406 10.703362 20.483889 -0.801141 14.943078 44.783247 -16.612063 23.697252 -6.818097 -30.028285 10.933995 -5.218366 -7.149365 0.000000 0.000000 0.000000 0.000000 0.000000 0.000000 0.000000 0.000000 0.000000 0.000000 0.000000 0.000000 0.000000 0.000000 0.000000 0.000000 0.000000 0.000000 0.000000 0.000000 0.000000 0.000000 0.000000 0.000000 0.000000 0.000000 0.000000 0.000000 0.000000 0.000000 0.000000 0.000000 0.000000 0.000000 0.000000 0.000000 0.000000 0.000000 0.000000 0.000000 0.000000 0.000000 6.068917 -11.189477 4.079605 27.609997 -52.442323 25.955128 15.871089 5.825109 29.240400 2.607372 1.149418 0.725567 0.000000 0.000000 0.000000 0.000000 0.000000 0.000000 0.000000 0.000000 0.000000 0.000000 0.000000 0.000000 0.000000 0.000000 0.000000 0.000000 0.000000 0.000000 0.000000 0.000000 0.000000 0.000000 0.000000 0.000000 0.000000 0.000000 0.000000 0.000000 0.000000 0.000000 0.000000 0.000000 0.000000 0.000000 0.000000 0.000000 0.000000 0.000000 0.000000 0.000000 0.000000 0.000000
0.159448 0.028130 1.039808 -11.288895 -0.287440 -0.168164 4.174813 -0.058670 2.779881 10.225742 2.548358 -4.704872 0.357566 5.854609 7.665682 2.568991 -2.732950 0.422653 3.039056 -0.306834 -1.259032 11.867277 -0.020940 -1.393679 -2.670858 -3.223038 -6.045859 0.739936 -1.514185 -1.188212 4.998753 1.197774 2.209009 12.118432 -5.327995 -3.160130 -9.686561 2.588437 0.921542 10.944644 2.715456 2.371015 4.549119 -0.631436 5.953427 10.882583 20.565925 -0.838402 14.874946 45.077700 -16.770126 23.371270 -6.493561 -28.929326 10.901167 -5.044205 -7.085711 0.000000 0.000000 0.000000 0.000000 0.000000 0.000000 0.000000 0.000000 0.000000 0.000000 0.000000 0.000000 0.000000 0.000000 0.000000 0.000000 0.000000 0.000000 0.000000 0.000000 0.000000 0.000000 0.000000 0.000000 0.000000 0.000000 0.000000 0.000000 0.000000 0.000000 0.000000 0.000000 0.000000 0.000000 0.000000 0.000000 0.000000 0.000000 0.000000 0.000000 0.000000 0.000000 6.246874 -11.225726 4.034524 27.629995 -52.512279 26.039551 15.787273 5.743885 28.820364 2.441521 1.084635 0.790121 0.000000 0.000000 0.000000 0.000000 0.000000 0.000000 0.000000 0.000000 0.000000 0.000000 0.000000 0.000000 0.000000 0.000000 0.000000 0.000000 0.000000 0.000000 0.000000 0.000000 0.000000 0.000000 0.000000 0.000000 0.000000 0.000000 0.000000 0.000000 0.000000 0.000000 0.000000 0.000000 0.000000 0.000000 0.000000 0.000000 0.000000 0.000000 0.000000 0.000000 0.000000 0.000000
0.157138 0.025305 1.039775 -11.483993 -0.272584 -0.204890 4.514318 0.103563 2.827124 9.841596 2.526656 -4.722686 0.473300 5.832750 7.654504 2.598424 -2.700157 0.442159 2.966633 -0.163749 -1.214847 12.160870 -0.008637 -1.341854 -2.370127 -3.406210 -5.932713 0.747892 -1.433491 -1.166648 5.062541 1.314035 2.215988 12.229420 -5.377198 -3.140892 -9.775161 2.629866 0.912565 11.071544 2.702125 2.418982 4.609261 -0.576264 6.011301 10.997349 20.648540 -0.899071 14.737298 45.319361 -16.793141 22.962390 -6.235559 -28.057965 10.737294 -4.820788 -7.022022 0.000000 0.000000 0.000000 0.000000 0.000000 0.000000 0.000000 0.000000 0.000000 0.000000 0.000000 0.000000 0.000000 0.000000 0.000000 0.000000 0.000000 0.000000 0.000000 0.000000 0.000000 0.000000 0.000000 0.000000 0.000000 0.000000 0.000000 0.000000 0.000000 0.000000 0.000000 0.000000 0.000000 0.000000 0.000000 0.000000 0.000000 0.000000 0.000000 0.000000 0.000000 0.000000 6.318622 -11.384730 4.051033 27.626774 -52.618476 26.042187 15.455068 5.778449 28.375368 2.476602 1.022036 0.778577 0.000000 0.000000 0.000000 0.000000 0.000000 0.000000 0.000000 0.000000 0.000000 0.000000 0.000000 0.000000 0.000000 0.000000 0.000000 0.000000 0.000000 0.000000 0.000000 0.000000 0.000000 0.000000 0.000000 0.000000 0.000000 0.000000 0.000000 0.000000 0.000000 0.000000 0.000000 0.000000 0.000000 0.000000 0.000000 0.000000 0.000000 0.000000 0.000000 0.000000 0.000000 0.000000
0.155005 0.024971 1.039540 -11.496639 -0.218253 -0.197090 4.710285 0.175491 2.836769 9.491595 2.527083 -4.731245 0.587292 5.815324 7.643468 2.661648 -2.611713 0.425332 2.982844 -0.087036 -1.210909 12.102214 -0.037706 -1.428507 -2.110149 -3.614515 -5.830159 0.752837 -1.321498 -1.113784 5.024884 1.404278 2.236996 12.454157 -5.496205 -3.128570 -10.054016 2.664961 0.943200 11.279731 2.702609 2.383814 4.704002 -0.592506 6.094218 11.212276 20.790052 -0.860749 14.651745 45.435708 -16.837731 22.521003 -5.994085 -27.489724 10.522974 -4.823097 -7.038272 0.000000 0.000000 0.000000 0.000000 0.000000 0.000000 0.000000 0.000000 0.000000 0.000000 0.000000 0.000000 0.000000 0.000000 0.000000 0.000000 0.000000 0.000000 0.000000 0.000000 0.000000 0.000000 0.000000 0.000000 0.000000 0.000000 0.000000 0.000000 0.000000 0.000000 0.000000 0.000000 0.000000 0.000000 0.000000 0.000000 0.000000 0.000000 0.000000 0.000000 0.000000 0.000000 6.590868 -11.487921 4.001618 27.555714 -52.606420 25.941587 15.279211 5.714540 28.220953 2.358645 1.048702 0.853686 0.000000 0.000000 0.000000 0.000000 0.000000 0.000000 0.000000 0.000000 0.000000 0.000000 0.000000 0.000000 0.000000 0.000000 0.000000 0.000000 0.000000 0.000000 0.000000 0.000000 0.000000 0.000000 0.000000 0.000000 0.000000 0.000000 0.000000 0.000000 0.000000 0.000000 0.000000 0.000000 0.000000 0.000000 0.000000 0.000000 0.000000 0.000000 0.000000 0.000000 0.000000 0.000000
0.153296 0.024876 1.039372 -11.528263 -0.139725 -0.164272 5.098749 0.189082 2.973711 8.852360 2.520700 -4.631154 0.657081 5.839878 7.556602 2.724358 -2.587987 0.417717 3.119068 -0.057783 -1.269920 11.898136 -0.086819 -1.500650 -1.857854 -3.791700 -5.706461 0.785150 -1.279469 -1.086090 5.045129 1.483962 2.230637 12.511813 -5.554922 -3.090554 -10.147075 2.696036 0.934890 11.283522 2.635700 2.424398 4.702481 -0.555099 6.058799 11.260877 20.866742 -0.727406 14.448469 45.677062 -16.820114 22.223269 -5.804333 -26.759679 10.348274 -4.587343 -7.007429 0.000000 0.000000 0.000000 0.000000 0.000000 0.000000 0.000000 0.000000 0.000000 0.000000 0.000000 0.000000 0.000000 0.000000 0.000000 0.000000 0.000000 0.000000 0.000000 0.000000 0.000000 0.000000 0.000000 0.000000 0.000000 0.000000 0.000000 0.000000 0.000000 0.000000 0.000000 0.000000 0.000000 0.000000 0.000000 0.000000 0.000000 0.000000 0.000000 0.000000 0.000000 0.000000 6.718515 -11.559075 3.872653 27.613125 -52.749292 26.018083 15.081641 5.679337 27.917701 2.235579 1.019723 0.938936 0.000000 0.000000 0.000000 0.000000 0.000000 0.000000 0.000000 0.000000 0.000000 0.000000 0.000000 0.000000 0.000000 0.000000 0.000000 0.000000 0.000000 0.000000 0.000000 0.000000 0.000000 0.000000 0.000000 0.000000 0.000000 0.000000 0.000000 0.000000 0.000000 0.000000 0.000000 0.000000 0.000000 0.000000 0.000000 0.000000 0.000000 0.000000 0.000000 0.000000 0.000000 0.000000
0.152594 0.024154 1.039328 -11.611171 -0.111926 -0.180527 5.301385 0.240967 3.003720 8.603054 2.470717 -4.662776 0.734820 5.858795 7.559289 2.750410 -2.572614 0.412372 3.126281 -0.022487 -1.290166 11.989475 -0.097060 -1.476230 -1.631848 -3.936257 -5.595854 0.793860 -1.242186 -1.078714 5.087922 1.525393 2.230641 12.558324 -5.572023 -3.080857 -10.206743 2.701655 0.940646 11.319247 2.640735 2.457687 4.743020 -0.565149 6.068368 11.345617 20.950426 -0.739203 14.341689 45.839647 -16.831613 21.844220 -5.632541 -26.118104 10.355103 -4.509342 -7.037619 0.000000 0.000000 0.000000 0.000000 0.000000 0.000000 0.000000 0.000000 0.000000 0.000000 0.000000 0.000000 0.000000 0.000000 0.000000 0.000000 0.000000 0.000000 0.000000 0.000000 0.000000 0.000000 0.000000 0.000000 0.000000 0.000000 0.000000 0.000000 0.000000 0.000000 0.000000 0.000000 0.000000 0.000000 0.000000 0.000000 0.000000 0.000000 0.000000 0.000000 0.000000 0.000000 6.780093 -11.673577 3.867159 27.666366 -52.883768 26.068620 14.913536 5.686100 27.593295 2.291816 1.043618 1.005409 0.000000 0.000000 0.000000 0.000000 0.000000 0.000000 0.000000 0.000000 0.000000 0.000000 0.000000 0.000000 0.000000 0.000000 0.000000 0.000000 0.000000 0.000000 0.000000 0.000000 0.000000 0.000000 0.000000 0.000000 0.000000 0.000000 0.000000 0.000000 0.000000 0.000000 0.000000 0.000000 0.000000 0.000000 0.000000 0.000000 0.000000 0.000000 0.000000 0.000000 0.000000 0.000000
0.151301 0.024328 1.039283 -11.666278 -0.108055 -0.210884 5.563252 0.346089 2.993838 8.285516 2.477840 -4.650809 0.799696 5.828525 7.552384 2.788025 -2.511942 0.420183 3.231489 0.064550 -1.280309 11.914502 -0.059008 -1.436117 -1.380172 -4.111957 -5.523882 0.790495 -1.230842 -1.072168 5.114598 1.608679 2.266306 12.629921 -5.622980 -3.068565 -10.332418 2.736800 0.939670 11.467724 2.589904 2.374257 4.818418 -0.590014 6.117619 11.479513 21.029079 -0.693762 14.288111 45.996680 -16.910845 21.432468 -5.417175 -25.610664 10.233184 -4.343467 -7.101466 0.000000 0.000000 0.000000 0.000000 0.000000 0.000000 0.000000 0.000000 0.000000 0.000000 0.000000 0.000000 0.000000 0.000000 0.000000 0.000000 0.000000 0.000000 0.000000 0.000000 0.000000 0.000000 0.000000 0.000000 0.000000 0.000000 0.000000 0.000000 0.000000 0.000000 0.000000 0.000000 0.000000 0.000000 0.000000 0.000000 0.000000 0.000000 0.000000 0.000000 0.000000 0.000000 6.930223 -11.747111 3.832677 27.765411 -52.966952 26.088803 14.620652 5.687678 27.408027 2.342673 0.992977 1.076063 0.000000 0.000000 0.000000 0.000000 0.000000 0.000000 0.000000 0.000000 0.000000 0.000000 0.000000 0.000000 0.000000 0.000000 0.000000 0.000000 0.000000 0.000000 0.000000 0.000000 0.000000 0.000000 0.000000 0.000000 0.000000 0.000000 0.000000 0.000000 0.000000 0.000000 0.000000 0.000000 0.000000 0.000000 0.000000 0.000000 0.000000 0.000000 0.000000 0.000000 0.000000 0.000000
0.149532 0.024642 1.039190 -11.671058 -0.024441 -0.165969 5.760741 0.375144 3.037203 7.956358 2.451176 -4.701420 0.758054 5.819419 7.602991 2.837926 -2.516315 0.385229 3.294393 0.075851 -1.309687 11.817435 -0.074168 -1.479258 -1.153929 -4.299213 -5.456732 0.808173 -1.136749 -1.034046 5.163515 1.705746 2.274820 12.789300 -5.767633 -3.073522 -10.624820 2.750472 0.944289 11.550910 2.574400 2.296384 4.780706 -0.645541 6.168156 11.737142 21.137447 -0.706076 14.132159 46.113641 -16.906620 21.233870 -5.272690 -25.231612 10.066473 -4.228369 -7.056715 0.000000 0.000000 0.000000 0.000000 0.000000 0.000000 0.000000 0.000000 0.000000 0.000000 0.000000 0.000000 0.000000 0.000000 0.000000 0.000000 0.000000 0.000000 0.000000 0.000000 0.000000 0.000000 0.000000 0.000000 0.000000 0.000000 0.000000 0.000000 0.000000 0.000000 0.000000 0.000000 0.000000 0.000000 0.000000 0.000000 0.000000 0.000000 0.000000 0.000000 0.000000 0.000000 7.185189 -11.763044 3.773948 27.687163 -53.030910 26.063715 14.580466 5.691469 27.249130 2.271038 0.968252 1.088809 0.000000 0.000000 0.000000 0.000000 0.000000 0.000000 0.000000 0.000000 0.000000 0.000000 0.000000 0.000000 0.000000 0.000000 0.000000 0.000000 0.000000 0.000000 0.000000 0.000000 0.000000 0.000000 0.000000 0.000000 0.000000 0.000000 0.000000 0.000000 0.000000 0.000000 0.000000 0.000000 0.000000 0.000000 0.000000 0.000000 0.000000 0.000000 0.000000 0.000000 0.000000 0.000000
0.149225 0.024958 1.039139 -11.684103 -0.025899 -0.249887 5.916315 0.442028 3.068379 7.732311 2.456068 -4.639158 0.802570 5.784424 7.581176 2.841273 -2.503434 0.400645 3.395042 0.135718 -1.413307 11.646096 -0.065046 -1.492939 -0.972786 -4.465405 -5.345992 0.804145 -1.121439 -1.050210 5.073252 1.750596 2.281782 12.830972 -5.746891 -3.049110 -10.584562 2.754336 0.945880 11.573318 2.578070 2.274547 4.820588 -0.688893 6.172610 11.746971 21.145856 -0.639530 14.183848 46.225008 -16.915877 20.989336 -5.214905 -25.011324 10.101206 -4.159507 -7.118637 0.000000 0.000000 0.000000 0.000000 0.000000 0.000000 0.000000 0.000000 0.000000 0.000000 0.000000 0.000000 0.000000 0.000000 0.000000 0.000000 0.000000 0.000000 0.000000 0.000000 0.000000 0.000000 0.000000 0.000000 0.000000 0.000000 0.000000 0.000000 0.000000 0.000000 0.000000 0.000000 0.000000 0.000000 0.000000 0.000000 0.000000 0.000000 0.000000 0.000000 0.000000 0.000000 7.228763 -11.818638 3.784562 27.775924 -53.186094 26.108840 14.382785 5.678770 27.121392 2.371269 0.977627 1.200381 0.000000 0.000000 0.000000 0.000000 0.000000 0.000000 0.000000 0.000000 0.000000 0.000000 0.000000 0.000000 0.000000 0.000000 0.000000 0.000000 0.000000 0.000000 0.000000 0.000000 0.000000 0.000000 0.000000 0.000000 0.000000 0.000000 0.000000 0.000000 0.000000 0.000000 0.000000 0.000000 0.000000 0.000000 0.000000 0.000000 0.000000 0.000000 0.000000 0.000000 0.000000 0.000000
0.148928 0.025198 1.039070 -11.667631 0.012232 -0.299339 6.043408 0.444618 3.110995 7.460954 2.441797 -4.508876 0.892273 5.767748 7.461778 2.842958 -2.477915 0.425896 3.445601 0.124877 -1.444172 11.486823 -0.061114 -1.525806 -0.726606 -4.569391 -5.242048 0.815492 -1.124884 -1.043317 5.028464 1.756580 2.283019 12.797987 -5.734572 -3.001188 -10.520010 2.753777 0.949875 11.595277 2.543144 2.287891 4.888267 -0.700402 6.151735 11.700736 21.130127 -0.555283 14.225898 46.348275 -16.932798 20.809812 -5.156851 -24.858847 10.041573 -4.052698 -7.153128 0.000000 0.000000 0.000000 0.000000 0.000000 0.000000 0.000000 0.000000 0.000000 0.000000 0.000000 0.000000 0.000000 0.000000 0.000000 0.000000 0.000000 0.000000 0.000000 0.000000 0.000000 0.000000 0.000000 0.000000 0.000000 0.000000 0.000000 0.000000 0.000000 0.000000 0.000000 0.000000 0.000000 0.000000 0.000000 0.000000 0.000000 0.000000 0.000000 0.000000 0.000000 0.000000 7.254030 -11.839135 3.758694 27.938924 -53.342209 26.200336 14.236972 5.715525 27.065227 2.429680 0.939467 1.262349 0.000000 0.000000 0.000000 0.000000 0.000000 0.000000 0.000000 0.000000 0.000000 0.000000 0.000000 0.000000 0.000000 0.000000 0.000000 0.000000 0.000000 0.000000 0.000000 0.000000 0.000000 0.000000 0.000000 0.000000 0.000000 0.000000 0.000000 0.000000 0.000000 0.000000 0.000000 0.000000 0.000000 0.000000 0.000000 0.000000 0.000000 0.000000 0.000000 0.000000 0.000000 0.000000
0.148321 0.026729 1.038928 -11.585847 0.062709 -0.331094 6.133841 0.453583 3.123887 7.242824 2.427835 -4.435319 0.903682 5.727845 7.436315 2.831149 -2.467292 0.408625 3.437963 0.114489 -1.441878 11.428860 -0.063316 -1.526619 -0.548508 -4.681769 -5.175370 0.807731 -1.072457 -1.018071 5.024094 1.793185 2.297920 12.819061 -5.759288 -2.949208 -10.588369 2.766841 0.983271 11.618242 2.505994 2.245613 4.923567 -0.762868 6.104387 11.785889 21.174950 -0.481062 14.185305 46.417854 -16.853351 20.631662 -5.146391 -24.883827 9.954912 -3.916268 -7.219279 0.000000 0.000000 0.000000 0.000000 0.000000 0.000000 0.000000 0.000000 0.000000 0.000000 0.000000 0.000000 0.000000 0.000000 0.000000 0.000000 0.000000 0.000000 0.000000 0.000000 0.000000 0.000000 0.000000 0.000000 0.000000 0.000000 0.000000 0.000000 0.000000 0.000000 0.000000 0.000000 0.000000 0.000000 0.000000 0.000000 0.000000 0.000000 0.000000 0.000000 0.000000 0.000000 7.397163 -11.887658 3.713713 28.009806 -53.471260 26.201997 14.149647 5.763898 26.998891 2.437844 0.836714 1.325311 0.000000 0.000000 0.000000 0.000000 0.000000 0.000000 0.000000 0.000000 0.000000 0.000000 0.000000 0.000000 0.000000 0.000000 0.000000 0.000000 0.000000 0.000000 0.000000 0.000000 0.000000 0.000000 0.000000 0.000000 0.000000 0.000000 0.000000 0.000000 0.000000 0.000000 0.000000 0.000000 0.000000 0.000000 0.000000 0.000000 0.000000 0.000000 0.000000 0.000000 0.000000 0.000000
0.147313 0.028074 1.038781 -11.490124 0.115994 -0.298971 6.218497 0.462371 3.168333 6.984436 2.424902 -4.287835 0.919135 5.715605 7.345285 2.837712 -2.474493 0.405743 3.375496 0.127826 -1.440609 11.418139 -0.088252 -1.565315 -0.328320 -4.796171 -5.116304 0.812644 -1.051175 -1.005471 5.041733 1.830373 2.294305 12.796948 -5.795567 -2.927579 -10.617637 2.761896 0.993244 11.610181 2.478888 2.238343 4.935315 -0.788293 6.083875 11.812628 21.194816 -0.420988 14.204639 46.524368 -16.882474 20.499950 -5.106773 -24.846039 9.783772 -3.816962 -7.250807 0.000000 0.000000 0.000000 0.000000 0.000000 0.000000 0.000000 0.000000 0.000000 0.000000 0.000000 0.000000 0.000000 0.000000 0.000000 0.000000 0.000000 0.000000 0.000000 0.000000 0.000000 0.000000 0.000000 0.000000 0.000000 0.000000 0.000000 0.000000 0.000000 0.000000 0.000000 0.000000 0.000000 0.000000 0.000000 0.000000 0.000000 0.000000 0.000000 0.000000 0.000000 0.000000 7.481357 -11.915295 3.669223 28.030333 -53.544320 26.194659 14.102932 5.760883 26.884298 2.444817 0.745129 1.338479 0.000000 0.000000 0.000000 0.000000 0.000000 0.000000 0.000000 0.000000 0.000000 0.000000 0.000000 0.000000 0.000000 0.000000 0.000000 0.000000 0.000000 0.000000 0.000000 0.000000 0.000000 0.000000 0.000000 0.000000 0.000000 0.000000 0.000000 0.000000 0.000000 0.000000 0.000000 0.000000 0.000000 0.000000 0.000000 0.000000 0.000000 0.000000 0.000000 0.000000 0.000000 0.000000
0.146307 0.028396 1.038701 -11.434607 0.171235 -0.310557 6.214730 0.479131 3.180880 6.887257 2.412325 -4.189074 0.924895 5.714506 7.340226 2.829847 -2.511122 0.389695 3.222937 0.157393 -1.436823 11.552273 -0.115935 -1.599564 -0.110357 -4.946026 -5.026998 0.817194 -1.009373 -0.980219 5.072795 1.858414 2.282003 12.809230 -5.822444 -2.908270 -10.704152 2.755801 1.003475 11.598886 2.490672 2.220211 4.933026 -0.796640 6.083927 11.874043 21.188900 -0.386402 14.249925 46.670764 -16.992951 20.319113 -5.082933 -24.787692 9.736370 -3.758611 -7.247392 0.000000 0.000000 0.000000 0.000000 0.000000 0.000000 0.000000 0.000000 0.000000 0.000000 0.000000 0.000000 0.000000 0.000000 0.000000 0.000000 0.000000 0.000000 0.000000 0.000000 0.000000 0.000000 0.000000 0.000000 0.000000 0.000000 0.000000 0.000000 0.000000 0.000000 0.000000 0.000000 0.000000 0.000000 0.000000 0.000000 0.000000 0.000000 0.000000 0.000000 0.000000 0.000000 7.549842 -11.866704 3.640567 28.117029 -53.661174 26.341329 14.054756 5.777261 26.746416 2.475945 0.690787 1.310568 0.000000 0.000000 0.000000 0.000000 0.000000 0.000000 0.000000 0.000000 0.000000 0.000000 0.000000 0.000000 0.000000 0.000000 0.000000 0.000000 0.000000 0.000000 0.000000 0.000000 0.000000 0.000000 0.000000 0.000000 0.000000 0.000000 0.000000 0.000000 0.000000 0.000000 0.000000 0.000000 0.000000 0.000000 0.000000 0.000000 0.000000 0.000000 0.000000 0.000000 0.000000 0.000000
0.145588 0.029270 1.038625 -11.369869 0.220425 -0.351866 6.290749 0.510752 3.193266 6.687020 2.375397 -4.030761 0.961888 5.679389 7.316643 2.853107 -2.502814 0.391642 3.167754 0.158042 -1.420434 11.553330 -0.102307 -1.616143 0.084984 -5.035268 -4.926583 0.827642 -1.013342 -0.978782 5.090193 1.900388 2.294106 12.805879 -5.840120 -2.877097 -10.786306 2.773302 1.030733 11.658596 2.500294 2.204272 4.947673 -0.820877 6.047019 11.929710 21.174907 -0.345205 14.296766 46.770209 -17.090385 20.177611 -5.032359 -24.715313 9.614607 -3.664234 -7.282029 0.000000 0.000000 0.000000 0.000000 0.000000 0.000000 0.000000 0.000000 0.000000 0.000000 0.000000 0.000000 0.000000 0.000000 0.000000 0.000000 0.000000 0.000000 0.000000 0.000000 0.000000 0.000000 0.000000 0.000000 0.000000 0.000000 0.000000 0.000000 0.000000 0.000000 0.000000 0.000000 0.000000 0.000000 0.000000 0.000000 0.000000 0.000000 0.000000 0.000000 0.000000 0.000000 7.641093 -11.851968 3.618232 28.230837 -53.781073 26.453072 14.029501 5.779674 26.664806 2.479525 0.652453 1.332553 0.000000 0.000000 0.000000 0.000000 0.000000 0.000000 0.000000 0.000000 0.000000 0.000000 0.000000 0.000000 0.000000 0.000000 0.000000 0.000000 0.000000 0.000000 0.000000 0.000000 0.000000 0.000000 0.000000 0.000000 0.000000 0.000000 0.000000 0.000000 0.000000 0.000000 0.000000 0.000000 0.000000 0.000000 0.000000 0.000000 0.000000 0.000000 0.000000 0.000000 0.000000 0.000000
0.145219 0.029164 1.038599 -11.336607 0.266314 -0.333854 6.306460 0.503301 3.203618 6.559653 2.347316 -3.913046 1.058981 5.650457 7.271857 2.841784 -2.492854 0.412277 3.092439 0.132743 -1.384696 11.563933 -0.111361 -1.640001 0.318907 -5.098375 -4.924510 0.843992 -0.987780 -0.969076 5.061930 1.905945 2.282271 12.815134 -5.847620 -2.862581 -10.824061 2.763387 1.045344 11.689455 2.531399 2.214795 4.978350 -0.857258 6.060301 11.963236 21.150862 -0.386906 14.411222 46.853840 -17.262609 20.078270 -5.019271 -24.633305 9.538968 -3.579663 -7.384111 0.000000 0.000000 0.000000 0.000000 0.000000 0.000000 0.000000 0.000000 0.000000 0.000000 0.000000 0.000000 0.000000 0.000000 0.000000 0.000000 0.000000 0.000000 0.000000 0.000000 0.000000 0.000000 0.000000 0.000000 0.000000 0.000000 0.000000 0.000000 0.000000 0.000000 0.000000 0.000000 0.000000 0.000000 0.000000 0.000000 0.000000 0.000000 0.000000 0.000000 0.000000 0.000000 7.686121 -11.820707 3.661578 28.345391 -53.874664 26.562382 14.061893 5.790168 26.648315 2.473976 0.643115 1.426276 0.000000 0.000000 0.000000 0.000000 0.000000 0.000000 0.000000 0.000000 0.000000 0.000000 0.000000 0.000000 0.000000 0.000000 0.000000 0.000000 0.000000 0.000000 0.000000 0.000000 0.000000 0.000000 0.000000 0.000000 0.000000 0.000000 0.000000 0.000000 0.000000 0.000000 0.000000 0.000000 0.000000 0.000000 0.000000 0.000000 0.000000 0.000000 0.000000 0.000000 0.000000 0.000000
0.144839 0.029307 1.038593 -11.308323 0.296817 -0.414823 6.296257 0.541738 3.190059 6.542374 2.311436 -3.812133 1.130801 5.619704 7.296623 2.801754 -2.496950 0.425561 3.020371 0.150276 -1.379454 11.591773 -0.112767 -1.665039 0.513964 -5.193456 -4.858445 0.841459 -0.994877 -0.981470 5.009666 1.918734 2.275977 12.791151 -5.818318 -2.841319 -10.803627 2.767474 1.072274 11.705977 2.559027 2.216546 5.011344 -0.895013 6.032006 11.946165 21.110799 -0.383943 14.558899 46.946583 -17.395233 20.001043 -5.020345 -24.605790 9.495273 -3.507417 -7.498807 0.000000 0.000000 0.000000 0.000000 0.000000 0.000000 0.000000 0.000000 0.000000 0.000000 0.000000 0.000000 0.000000 0.000000 0.000000 0.000000 0.000000 0.000000 0.000000 0.000000 0.000000 0.000000 0.000000 0.000000 0.000000 0.000000 0.000000 0.000000 0.000000 0.000000 0.000000 0.000000 0.000000 0.000000 0.000000 0.000000 0.000000 0.000000 0.000000 0.000000 0.000000 0.000000 7.704176 -11.808045 3.704662 28.426809 -53.945760 26.634330 14.142753 5.759490 26.644774 2.542084 0.693772 1.508787 0.000000 0.000000 0.000000 0.000000 0.000000 0.000000 0.000000 0.000000 0.000000 0.000000 0.000000 0.000000 0.000000 0.000000 0.000000 0.000000 0.000000 0.000000 0.000000 0.000000 0.000000 0.000000 0.000000 0.000000 0.000000 0.000000 0.000000 0.000000 0.000000 0.000000 0.000000 0.000000 0.000000 0.000000 0.000000 0.000000 0.000000 0.000000 0.000000 0.000000 0.000000 0.000000
0.144344 0.029717 1.038574 -11.257783 0.340404 -0.430683 6.256367 0.546395 3.183328 6.554186 2.281035 -3.704900 1.201238 5.619065 7.282274 2.774930 -2.489045 0.438971 2.969367 0.144607 -1.367702 11.562072 -0.118020 -1.680388 0.740125 -5.268193 -4.814244 0.852999 -0.998373 -0.986518 4.946596 1.925088 2.276935 12.771111 -5.803378 -2.840166 -10.793525 2.751734 1.113094 11.746677 2.587231 2.199972 5.045031 -0.971765 6.037348 11.944673 21.093763 -0.392823 14.731951 47.030243 -17.546574 19.880656 -5.064686 -24.668863 9.398415 -3.458777 -7.642137 0.000000 0.000000 0.000000 0.000000 0.000000 0.000000 0.000000 0.000000 0.000000 0.000000 0.000000 0.000000 0.000000 0.000000 0.000000 0.000000 0.000000 0.000000 0.000000 0.000000 0.000000 0.000000 0.000000 0.000000 0.000000 0.000000 0.000000 0.000000 0.000000 0.000000 0.000000 0.000000 0.000000 0.000000 0.000000 0.000000 0.000000 0.000000 0.000000 0.000000 0.000000 0.000000 7.730862 -11.787306 3.720077 28.499327 -54.032583 26.659685 14.206034 5.780276 26.671988 2.561889 0.700719 1.624738 0.000000 0.000000 0.000000 0.000000 0.000000 0.000000 0.000000 0.000000 0.000000 0.000000 0.000000 0.000000 0.000000 0.000000 0.000000 0.000000 0.000000 0.000000 0.000000 0.000000 0.000000 0.000000 0.000000 0.000000 0.000000 0.000000 0.000000 0.000000 0.000000 0.000000 0.000000 0.000000 0.000000 0.000000 0.000000 0.000000 0.000000 0.000000 0.000000 0.000000 0.000000 0.000000
0.143393 0.030303 1.038569 -11.203074 0.412212 -0.408893 6.195902 0.500711 3.195639 6.624602 2.282570 -3.531381 1.283027 5.647647 7.174387 2.744520 -2.502139 0.448403 2.929992 0.122863 -1.391922 11.527899 -0.113135 -1.748627 0.990572 -5.333964 -4.695201 0.859610 -1.042893 -1.002843 4.945210 1.907922 2.288582 12.706757 -5.761214 -2.825183 -10.755413 2.733248 1.129661 11.780636 2.598739 2.228282 5.089514 -1.047632 6.126914 11.922412 21.044969 -0.397951 14.880812 47.143125 -17.696591 19.831576 -5.079288 -24.765513 9.305446 -3.425061 -7.764798 0.000000 0.000000 0.000000 0.000000 0.000000 0.000000 0.000000 0.000000 0.000000 0.000000 0.000000 0.000000 0.000000 0.000000 0.000000 0.000000 0.000000 0.000000 0.000000 0.000000 0.000000 0.000000 0.000000 0.000000 0.000000 0.000000 0.000000 0.000000 0.000000 0.000000 0.000000 0.000000 0.000000 0.000000 0.000000 0.000000 0.000000 0.000000 0.000000 0.000000 0.000000 0.000000 7.772097 -11.702468 3.744358 28.617067 -54.124752 26.750352 14.294043 5.765980 26.664441 2.621362 0.689266 1.715428 0.000000 0.000000 0.000000 0.000000 0.000000 0.000000 0.000000 0.000000 0.000000 0.000000 0.000000 0.000000 0.000000 0.000000 0.000000 0.000000 0.000000 0.000000 0.000000 0.000000 0.000000 0.000000 0.000000 0.000000 0.000000 0.000000 0.000000 0.000000 0.000000 0.000000 0.000000 0.000000 0.000000 0.000000 0.000000 0.000000 0.000000 0.000000 0.000000 0.000000 0.000000 0.000000
0.142377 0.030305 1.038601 -11.173231 0.456772 -0.338914 6.090438 0.490871 3.181853 6.767867 2.288599 -3.460147 1.366560 5.669306 7.167495 2.716933 -2.498736 0.450166 2.839046 0.139401 -1.386896 11.600782 -0.122331 -1.783267 1.214526 -5.418463 -4.684038 0.862121 -1.030263 -1.013329 4.869423 1.927702 2.292661 12.733655 -5.766475 -2.831566 -10.815387 2.730573 1.155974 11.891050 2.607868 2.154325 5.120604 -1.124584 6.112494 11.985985 21.034865 -0.453108 15.033697 47.153699 -17.874126 19.769838 -5.070706 -24.945588 9.224762 -3.449936 -7.872769 0.000000 0.000000 0.000000 0.000000 0.000000 0.000000 0.000000 0.000000 0.000000 0.000000 0.000000 0.000000 0.000000 0.000000 0.000000 0.000000 0.000000 0.000000 0.000000 0.000000 0.000000 0.000000 0.000000 0.000000 0.000000 0.000000 0.000000 0.000000 0.000000 0.000000 0.000000 0.000000 0.000000 0.000000 0.000000 0.000000 0.000000 0.000000 0.000000 0.000000 0.000000 0.000000 7.847413 -11.667999 3.759815 28.636520 -54.138058 26.762644 14.388355 5.734941 26.689352 2.624400 0.705574 1.804132 0.000000 0.000000 0.000000 0.000000 0.000000 0.000000 0.000000 0.000000 0.000000 0.000000 0.000000 0.000000 0.000000 0.000000 0.000000 0.000000 0.000000 0.000000 0.000000 0.000000 0.000000 0.000000 0.000000 0.000000 0.000000 0.000000 0.000000 0.000000 0.000000 0.000000 0.000000 0.000000 0.000000 0.000000 0.000000 0.000000 0.000000 0.000000 0.000000 0.000000 0.000000 0.000000
0.141708 0.030221 1.038642 -11.145167 0.513642 -0.292774 5.990128 0.431683 3.194104 6.908462 2.304456 -3.311000 1.483817 5.702973 7.081823 2.673151 -2.486752 0.448965 2.804326 0.105923 -1.400287 11.558092 -0.112335 -1.855959 1.431382 -5.495538 -4.657286 0.866847 -1.027379 -1.019834 4.828926 1.927638 2.300325 12.734654 -5.759262 -2.824585 -10.859182 2.731567 1.176785 11.968889 2.592503 2.115420 5.127065 -1.197909 6.044933 12.014637 21.004053 -0.480792 15.111620 47.155119 -17.964728 19.793292 -5.108005 -25.141605 9.169302 -3.400549 -7.988660 0.000000 0.000000 0.000000 0.000000 0.000000 0.000000 0.000000 0.000000 0.000000 0.000000 0.000000 0.000000 0.000000 0.000000 0.000000 0.000000 0.000000 0.000000 0.000000 0.000000 0.000000 0.000000 0.000000 0.000000 0.000000 0.000000 0.000000 0.000000 0.000000 0.000000 0.000000 0.000000 0.000000 0.000000 0.000000 0.000000 0.000000 0.000000 0.000000 0.000000 0.000000 0.000000 7.928304 -11.657890 3.785046 28.632066 -54.156088 26.772382 14.514549 5.711284 26.749560 2.710314 0.685136 1.881764 0.000000 0.000000 0.000000 0.000000 0.000000 0.000000 0.000000 0.000000 0.000000 0.000000 0.000000 0.000000 0.000000 0.000000 0.000000 0.000000 0.000000 0.000000 0.000000 0.000000 0.000000 0.000000 0.000000 0.000000 0.000000 0.000000 0.000000 0.000000 0.000000 0.000000 0.000000 0.000000 0.000000 0.000000 0.000000 0.000000 0.000000 0.000000 0.000000 0.000000 0.000000 0.000000
0.140758 0.030700 1.038647 -11.093775 0.576176 -0.251575 5.880773 0.384469 3.189642 7.082569 2.319646 -3.172793 1.568922 5.732067 7.032961 2.640643 -2.489392 0.446590 2.736105 0.079543 -1.374949 11.588799 -0.092864 -1.889733 1.625467 -5.524993 -4.608157 0.874245 -1.049963 -1.028006 4.825038 1.931453 2.303206 12.661479 -5.743764 -2.828101 -10.877975 2.739719 1.191353 12.008361 2.559716 2.108615 5.163303 -1.265222 5.996701 12.030225 20.981080 -0.497284 15.175861 47.175091 -18.047672 19.811364 -5.118113 -25.246668 9.067512 -3.311397 -8.079509 0.000000 0.000000 0.000000 0.000000 0.000000 0.000000 0.000000 0.000000 0.000000 0.000000 0.000000 0.000000 0.000000 0.000000 0.000000 0.000000 0.000000 0.000000 0.000000 0.000000 0.000000 0.000000 0.000000 0.000000 0.000000 0.000000 0.000000 0.000000 0.000000 0.000000 0.000000 0.000000 0.000000 0.000000 0.000000 0.000000 0.000000 0.000000 0.000000 0.000000 0.000000 0.000000 7.991367 -11.650067 3.778696 28.692809 -54.181299 26.813152 14.602846 5.712453 26.783108 2.688959 0.615751 1.953076 0.000000 0.000000 0.000000 0.000000 0.000000 0.000000 0.000000 0.000000 0.000000 0.000000 0.000000 0.000000 0.000000 0.000000 0.000000 0.000000 0.000000 0.000000 0.000000 0.000000 0.000000 0.000000 0.000000 0.000000 0.000000 0.000000 0.000000 0.000000 0.000000 0.000000 0.000000 0.000000 0.000000 0.000000 0.000000 0.000000 0.000000 0.000000 0.000000 0.000000 0.000000 0.000000
0.140314 0.031460 1.038626 -11.027972 0.629777 -0.188066 5.777431 0.306331 3.195621 7.245067 2.346743 -3.063136 1.646999 5.755970 6.989951 2.606161 -2.501098 0.447323 2.686269 0.038439 -1.379438 11.587148 -0.101051 -1.934038 1.761813 -5.535871 -4.612819 0.876602 -1.065088 -1.038834 4.784121 1.914710 2.288649 12.609879 -5.724743 -2.823858 -10.852111 2.746226 1.189051 12.037173 2.507266 2.072057 5.212753 -1.320649 5.927393 12.005008 20.944677 -0.486739 15.258376 47.170032 -18.103348 19.808672 -5.151762 -25.426563 8.962251 -3.233374 -8.143761 0.000000 0.000000 0.000000 0.000000 0.000000 0.000000 0.000000 0.000000 0.000000 0.000000 0.000000 0.000000 0.000000 0.000000 0.000000 0.000000 0.000000 0.000000 0.000000 0.000000 0.000000 0.000000 0.000000 0.000000 0.000000 0.000000 0.000000 0.000000 0.000000 0.000000 0.000000 0.000000 0.000000 0.000000 0.000000 0.000000 0.000000 0.000000 0.000000 0.000000 0.000000 0.000000 8.014870 -11.640954 3.782246 28.755687 -54.219413 26.868535 14.656373 5.652165 26.809534 2.678194 0.585889 2.025398 0.000000 0.000000 0.000000 0.000000 0.000000 0.000000 0.000000 0.000000 0.000000 0.000000 0.000000 0.000000 0.000000 0.000000 0.000000 0.000000 0.000000 0.000000 0.000000 0.000000 0.000000 0.000000 0.000000 0.000000 0.000000 0.000000 0.000000 0.000000 0.000000 0.000000 0.000000 0.000000 0.000000 0.000000 0.000000 0.000000 0.000000 0.000000 0.000000 0.000000 0.000000 0.000000
0.139557 0.032295 1.038576 -10.945742 0.684796 -0.107042 5.647023 0.250275 3.154924 7.421010 2.361275 -2.968525 1.775921 5.745249 6.948638 2.549730 -2.508485 0.469129 2.588323 0.021594 -1.385963 11.638375 -0.120077 -1.974833 1.931365 -5.534164 -4.590990 0.869360 -1.100103 -1.063856 4.698743 1.882302 2.284957 12.532413 -5.668142 -2.834282 -10.730500 2.735728 1.187782 12.061465 2.479704 2.042536 5.239679 -1.412024 5.906629 11.922661 20.891917 -0.477237 15.428920 47.179275 -18.238376 19.773224 -5.207183 -25.639847 8.812373 -3.244169 -8.264820 0.000000 0.000000 0.000000 0.000000 0.000000 0.000000 0.000000 0.000000 0.000000 0.000000 0.000000 0.000000 0.000000 0.000000 0.000000 0.000000 0.000000 0.000000 0.000000 0.000000 0.000000 0.000000 0.000000 0.000000 0.000000 0.000000 0.000000 0.000000 0.000000 0.000000 0.000000 0.000000 0.000000 0.000000 0.000000 0.000000 0.000000 0.000000 0.000000 0.000000 0.000000 0.000000 7.997569 -11.629383 3.788600 28.807016 -54.237099 26.864001 14.687531 5.621077 26.908605 2.669663 0.582029 2.143330 0.000000 0.000000 0.000000 0.000000 0.000000 0.000000 0.000000 0.000000 0.000000 0.000000 0.000000 0.000000 0.000000 0.000000 0.000000 0.000000 0.000000 0.000000 0.000000 0.000000 0.000000 0.000000 0.000000 0.000000 0.000000 0.000000 0.000000 0.000000 0.000000 0.000000 0.000000 0.000000 0.000000 0.000000 0.000000 0.000000 0.000000 0.000000 0.000000 0.000000 0.000000 0.000000
0.139402 0.033252 1.038531 -10.876517 0.718304 -0.050511 5.552951 0.191620 3.153073 7.580845 2.379311 -2.920570 1.862208 5.741186 6.948785 2.487205 -2.557791 0.458063 2.462824 0.005037 -1.410051 11.806485 -0.154214 -2.020485 1.987248 -5.506096 -4.576011 0.859549 -1.134697 -1.069819 4.719284 1.839904 2.257210 12.429880 -5.620353 -2.830192 -10.612953 2.746350 1.179247 12.021576 2.408628 2.049081 5.273167 -1.444367 5.809642 11.847300 20.833407 -0.452811 15.485027 47.196936 -18.279298 19.817076 -5.295327 -25.811241 8.681332 -3.225454 -8.312358 0.000000 0.000000 0.000000 0.000000 0.000000 0.000000 0.000000 0.000000 0.000000 0.000000 0.000000 0.000000 0.000000 0.000000 0.000000 0.000000 0.000000 0.000000 0.000000 0.000000 0.000000 0.000000 0.000000 0.000000 0.000000 0.000000 0.000000 0.000000 0.000000 0.000000 0.000000 0.000000 0.000000 0.000000 0.000000 0.000000 0.000000 0.000000 0.000000 0.000000 0.000000 0.000000 7.984209 -11.638605 3.796288 28.841659 -54.255904 26.898898 14.776918 5.593141 26.981704 2.634159 0.555686 2.230233 0.000000 0.000000 0.000000 0.000000 0.000000 0.000000 0.000000 0.000000 0.000000 0.000000 0.000000 0.000000 0.000000 0.000000 0.000000 0.000000 0.000000 0.000000 0.000000 0.000000 0.000000 0.000000 0.000000 0.000000 0.000000 0.000000 0.000000 0.000000 0.000000 0.000000 0.000000 0.000000 0.000000 0.000000 0.000000 0.000000 0.000000 0.000000 0.000000 0.000000 0.000000 0.000000
0.139315 0.033897 1.038511 -10.824044 0.732374 0.006622 5.466244 0.151834 3.141101 7.727158 2.403087 -2.872276 1.971878 5.754805 6.953773 2.457842 -2.584920 0.451255 2.321656 0.006732 -1.404979 12.014218 -0.176542 -2.050705 2.068735 -5.476852 -4.555049 0.860512 -1.144661 -1.069350 4.717248 1.830445 2.255373 12.376869 -5.594076 -2.837285 -10.582950 2.754357 1.182332 12.037302 2.378282 2.051715 5.313199 -1.495029 5.772920 11.832283 20.773529 -0.464431 15.554544 47.204197 -18.382919 19.805873 -5.338762 -25.932967 8.534064 -3.226677 -8.404268 0.000000 0.000000 0.000000 0.000000 0.000000 0.000000 0.000000 0.000000 0.000000 0.000000 0.000000 0.000000 0.000000 0.000000 0.000000 0.000000 0.000000 0.000000 0.000000 0.000000 0.000000 0.000000 0.000000 0.000000 0.000000 0.000000 0.000000 0.000000 0.000000 0.000000 0.000000 0.000000 0.000000 0.000000 0.000000 0.000000 0.000000 0.000000 0.000000 0.000000 0.000000 0.000000 7.999147 -11.610099 3.791487 28.912347 -54.286554 26.989033 14.889008 5.570022 27.023459 2.580419 0.550620 2.315083 0.000000 0.000000 0.000000 0.000000 0.000000 0.000000 0.000000 0.000000 0.000000 0.000000 0.000000 0.000000 0.000000 0.000000 0.000000 0.000000 0.000000 0.000000 0.000000 0.000000 0.000000 0.000000 0.000000 0.000000 0.000000 0.000000 0.000000 0.000000 0.000000 0.000000 0.000000 0.000000 0.000000 0.000000 0.000000 0.000000 0.000000 0.000000 0.000000 0.000000 0.000000 0.000000
0.139457 0.034621 1.038468 -10.750882 0.732051 0.070903 5.376960 0.121268 3.117747 7.836358 2.422096 -2.812615 2.074245 5.768435 6.958963 2.425434 -2.602384 0.449197 2.186083 -0.003530 -1.406897 12.172189 -0.179384 -2.075583 2.142964 -5.436396 -4.556792 0.854736 -1.156053 -1.069481 4.680570 1.822494 2.253405 12.337821 -5.575031 -2.842108 -10.552919 2.773998 1.173637 12.067886 2.342156 2.064747 5.342585 -1.517122 5.720128 11.818525 20.728406 -0.458797 15.632901 47.186296 -18.492991 19.805797 -5.400130 -26.054828 8.452228 -3.186054 -8.487814 0.000000 0.000000 0.000000 0.000000 0.000000 0.000000 0.000000 0.000000 0.000000 0.000000 0.000000 0.000000 0.000000 0.000000 0.000000 0.000000 0.000000 0.000000 0.000000 0.000000 0.000000 0.000000 0.000000 0.000000 0.000000 0.000000 0.000000 0.000000 0.000000 0.000000 0.000000 0.000000 0.000000 0.000000 0.000000 0.000000 0.000000 0.000000 0.000000 0.000000 0.000000 0.000000 8.018789 -11.606596 3.786429 28.985193 -54.306073 27.078310 14.952613 5.552501 27.083648 2.522607 0.539736 2.381230 0.000000 0.000000 0.000000 0.000000 0.000000 0.000000 0.000000 0.000000 0.000000 0.000000 0.000000 0.000000 0.000000 0.000000 0.000000 0.000000 0.000000 0.000000 0.000000 0.000000 0.000000 0.000000 0.000000 0.000000 0.000000 0.000000 0.000000 0.000000 0.000000 0.000000 0.000000 0.000000 0.000000 0.000000 0.000000 0.000000 0.000000 0.000000 0.000000 0.000000 0.000000 0.000000
0.139674 0.035284 1.038464 -10.703785 0.732586 0.054445 5.348226 0.111095 3.101966 7.903746 2.425118 -2.782895 2.150445 5.765001 7.027284 2.407630 -2.631113 0.441907 2.077216 -0.001173 -1.410162 12.343495 -0.190255 -2.082495 2.177242 -5.413313 -4.522988 0.845234 -1.174511 -1.073180 4.667283 1.823927 2.256536 12.300242 -5.560583 -2.852708 -10.530147 2.805925 1.170391 12.120533 2.314344 2.116909 5.368968 -1.518176 5.683560 11.807557 20.681731 -0.446944 15.669014 47.183299 -18.567362 19.811042 -5.437806 -26.088830 8.349786 -3.137187 -8.536593 0.000000 0.000000 0.000000 0.000000 0.000000 0.000000 0.000000 0.000000 0.000000 0.000000 0.000000 0.000000 0.000000 0.000000 0.000000 0.000000 0.000000 0.000000 0.000000 0.000000 0.000000 0.000000 0.000000 0.000000 0.000000 0.000000 0.000000 0.000000 0.000000 0.000000 0.000000 0.000000 0.000000 0.000000 0.000000 0.000000 0.000000 0.000000 0.000000 0.000000 0.000000 0.000000 8.012578 -11.600451 3.778307 29.068649 -54.348274 27.198801 15.042967 5.547303 27.109714 2.416860 0.540488 2.439940 0.000000 0.000000 0.000000 0.000000 0.000000 0.000000 0.000000 0.000000 0.000000 0.000000 0.000000 0.000000 0.000000 0.000000 0.000000 0.000000 0.000000 0.000000 0.000000 0.000000 0.000000 0.000000 0.000000 0.000000 0.000000 0.000000 0.000000 0.000000 0.000000 0.000000 0.000000 0.000000 0.000000 0.000000 0.000000 0.000000 0.000000 0.000000 0.000000 0.000000 0.000000 0.000000
0.139713 0.035780 1.038468 -10.654252 0.724777 0.071317 5.358549 0.113204 3.102357 7.861230 2.432704 -2.678349 2.281643 5.777490 7.011120 2.382666 -2.620527 0.456357 2.036091 0.014156 -1.428422 12.364452 -0.200051 -2.142906 2.249969 -5.408179 -4.493314 0.836273 -1.167606 -1.066601 4.597758 1.823680 2.253976 12.314391 -5.548718 -2.872947 -10.507119 2.831535 1.170336 12.180370 2.329614 2.213212 5.363969 -1.521667 5.729391 11.770952 20.645644 -0.437364 15.755116 47.199759 -18.660237 19.749224 -5.497866 -26.188111 8.269030 -3.096220 -8.612694 0.000000 0.000000 0.000000 0.000000 0.000000 0.000000 0.000000 0.000000 0.000000 0.000000 0.000000 0.000000 0.000000 0.000000 0.000000 0.000000 0.000000 0.000000 0.000000 0.000000 0.000000 0.000000 0.000000 0.000000 0.000000 0.000000 0.000000 0.000000 0.000000 0.000000 0.000000 0.000000 0.000000 0.000000 0.000000 0.000000 0.000000 0.000000 0.000000 0.000000 0.000000 0.000000 8.014790 -11.591378 3.795091 29.151784 -54.358824 27.286410 15.044529 5.549564 27.195827 2.380971 0.557880 2.510061 0.000000 0.000000 0.000000 0.000000 0.000000 0.000000 0.000000 0.000000 0.000000 0.000000 0.000000 0.000000 0.000000 0.000000 0.000000 0.000000 0.000000 0.000000 0.000000 0.000000 0.000000 0.000000 0.000000 0.000000 0.000000 0.000000 0.000000 0.000000 0.000000 0.000000 0.000000 0.000000 0.000000 0.000000 0.000000 0.000000 0.000000 0.000000 0.000000 0.000000 0.000000 0.000000
0.139789 0.036640 1.038456 -10.590514 0.727379 0.085804 5.369204 0.094312 3.110033 7.817331 2.438747 -2.591667 2.412545 5.784246 6.980201 2.356943 -2.605677 0.464540 1.998268 0.013777 -1.441538 12.389144 -0.211578 -2.180020 2.313139 -5.388314 -4.458090 0.834841 -1.156273 -1.050015 4.551612 1.808370 2.257335 12.323336 -5.546724 -2.891732 -10.527474 2.847514 1.164125 12.243232 2.338984 2.285626 5.350821 -1.521830 5.742506 11.772420 20.624727 -0.446797 15.788712 47.229517 -18.760078 19.714082 -5.493590 -26.122738 8.265799 -3.032794 -8.669072 0.000000 0.000000 0.000000 0.000000 0.000000 0.000000 0.000000 0.000000 0.000000 0.000000 0.000000 0.000000 0.000000 0.000000 0.000000 0.000000 0.000000 0.000000 0.000000 0.000000 0.000000 0.000000 0.000000 0.000000 0.000000 0.000000 0.000000 0.000000 0.000000 0.000000 0.000000 0.000000 0.000000 0.000000 0.000000 0.000000 0.000000 0.000000 0.000000 0.000000 0.000000 0.000000 8.043633 -11.562276 3.797347 29.221549 -54.378693 27.380942 15.111562 5.532930 27.219307 2.317751 0.567690 2.558186 0.000000 0.000000 0.000000 0.000000 0.000000 0.000000 0.000000 0.000000 0.000000 0.000000 0.000000 0.000000 0.000000 0.000000 0.000000 0.000000 0.000000 0.000000 0.000000 0.000000 0.000000 0.000000 0.000000 0.000000 0.000000 0.000000 0.000000 0.000000 0.000000 0.000000 0.000000 0.000000 0.000000 0.000000 0.000000 0.000000 0.000000 0.000000 0.000000 0.000000 0.000000 0.000000
0.139923 0.037829 1.038431 -10.519310 0.715680 0.109073 5.425675 0.094553 3.102615 7.706550 2.441540 -2.537308 2.527453 5.786298 6.967927 2.332630 -2.596188 0.478498 2.005599 0.022820 -1.452249 12.356593 -0.216356 -2.195193 2.344703 -5.371136 -4.462071 0.839494 -1.160382 -1.036686 4.514934 1.784910 2.254982 12.301555 -5.524506 -2.901596 -10.499785 2.862002 1.155002 12.244816 2.347415 2.371310 5.304665 -1.510273 5.756112 11.742978 20.590523 -0.452835 15.822029 47.294663 -18.861776 19.702998 -5.482642 -25.985147 8.300555 -2.972703 -8.713111 0.000000 0.000000 0.000000 0.000000 0.000000 0.000000 0.000000 0.000000 0.000000 0.000000 0.000000 0.000000 0.000000 0.000000 0.000000 0.000000 0.000000 0.000000 0.000000 0.000000 0.000000 0.000000 0.000000 0.000000 0.000000 0.000000 0.000000 0.000000 0.000000 0.000000 0.000000 0.000000 0.000000 0.000000 0.000000 0.000000 0.000000 0.000000 0.000000 0.000000 0.000000 0.000000 8.057162 -11.519812 3.797576 29.316244 -54.433501 27.483773 15.105659 5.510707 27.209994 2.193321 0.578491 2.615992 0.000000 0.000000 0.000000 0.000000 0.000000 0.000000 0.000000 0.000000 0.000000 0.000000 0.000000 0.000000 0.000000 0.000000 0.000000 0.000000 0.000000 0.000000 0.000000 0.000000 0.000000 0.000000 0.000000 0.000000 0.000000 0.000000 0.000000 0.000000 0.000000 0.000000 0.000000 0.000000 0.000000 0.000000 0.000000 0.000000 0.000000 0.000000 0.000000 0.000000 0.000000 0.000000
0.140026 0.038340 1.038435 -10.477522 0.686851 0.080398 5.425949 0.124541 3.065988 7.705017 2.457698 -2.526361 2.633127 5.775143 7.015871 2.311506 -2.589704 0.490106 1.982960 0.061544 -1.434100 12.374160 -0.209775 -2.188743 2.362581 -5.375561 -4.471986 0.842077 -1.147390 -1.024981 4.486395 1.793582 2.267625 12.296667 -5.520590 -2.931943 -10.500730 2.889888 1.159242 12.307255 2.355163 2.438682 5.322671 -1.500534 5.771233 11.734626 20.555986 -0.470082 15.870928 47.330128 -18.991846 19.659293 -5.461268 -25.897452 8.327811 -2.934354 -8.757695 0.000000 0.000000 0.000000 0.000000 0.000000 0.000000 0.000000 0.000000 0.000000 0.000000 0.000000 0.000000 0.000000 0.000000 0.000000 0.000000 0.000000 0.000000 0.000000 0.000000 0.000000 0.000000 0.000000 0.000000 0.000000 0.000000 0.000000 0.000000 0.000000 0.000000 0.000000 0.000000 0.000000 0.000000 0.000000 0.000000 0.000000 0.000000 0.000000 0.000000 0.000000 0.000000 8.040292 -11.496103 3.793793 29.392939 -54.468236 27.607367 15.039320 5.480507 27.183646 2.091527 0.570939 2.651583 0.000000 0.000000 0.000000 0.000000 0.000000 0.000000 0.000000 0.000000 0.000000 0.000000 0.000000 0.000000 0.000000 0.000000 0.000000 0.000000 0.000000 0.000000 0.000000 0.000000 0.000000 0.000000 0.000000 0.000000 0.000000 0.000000 0.000000 0.000000 0.000000 0.000000 0.000000 0.000000 0.000000 0.000000 0.000000 0.000000 0.000000 0.000000 0.000000 0.000000 0.000000 0.000000
0.140214 0.038974 1.038378 -10.401778 0.693005 0.088695 5.336996 0.098232 3.016360 7.791612 2.455800 -2.527438 2.689430 5.769880 7.057316 2.286491 -2.613593 0.506757 1.953476 0.014603 -1.386445 12.328011 -0.184365 -2.131113 2.397934 -5.326254 -4.562024 0.857517 -1.133295 -1.011010 4.479287 1.762118 2.261559 12.255359 -5.511212 -2.966189 -10.442780 2.885782 1.145588 12.266448 2.351825 2.482054 5.335240 -1.511390 5.778784 11.693194 20.524023 -0.490975 15.913132 47.355937 -19.090798 19.639174 -5.472650 -25.870976 8.350789 -2.895915 -8.793448 0.000000 0.000000 0.000000 0.000000 0.000000 0.000000 0.000000 0.000000 0.000000 0.000000 0.000000 0.000000 0.000000 0.000000 0.000000 0.000000 0.000000 0.000000 0.000000 0.000000 0.000000 0.000000 0.000000 0.000000 0.000000 0.000000 0.000000 0.000000 0.000000 0.000000 0.000000 0.000000 0.000000 0.000000 0.000000 0.000000 0.000000 0.000000 0.000000 0.000000 0.000000 0.000000 7.995094 -11.474205 3.807769 29.463062 -54.486100 27.686401 15.013336 5.487721 27.246332 2.027583 0.560061 2.685406 0.000000 0.000000 0.000000 0.000000 0.000000 0.000000 0.000000 0.000000 0.000000 0.000000 0.000000 0.000000 0.000000 0.000000 0.000000 0.000000 0.000000 0.000000 0.000000 0.000000 0.000000 0.000000 0.000000 0.000000 0.000000 0.000000 0.000000 0.000000 0.000000 0.000000 0.000000 0.000000 0.000000 0.000000 0.000000 0.000000 0.000000 0.000000 0.000000 0.000000 0.000000 0.000000
0.140011 0.038452 1.038377 -10.417391 0.715981 0.040203 5.239466 0.054959 2.952041 8.012124 2.501222 -2.574468 2.737875 5.722910 7.136148 2.212860 -2.651718 0.518922 1.881089 -0.007697 -1.311326 12.458051 -0.179254 -2.022263 2.440089 -5.276270 -4.633023 0.863477 -1.093282 -0.971118 4.536548 1.730546 2.271982 12.274610 -5.522235 -2.992850 -10.437018 2.893995 1.145252 12.316436 2.330686 2.503288 5.345842 -1.563060 5.774297 11.695800 20.463859 -0.548270 15.918436 47.395334 -19.207867 19.662393 -5.512335 -25.921465 8.307515 -2.891687 -8.830317 0.000000 0.000000 0.000000 0.000000 0.000000 0.000000 0.000000 0.000000 0.000000 0.000000 0.000000 0.000000 0.000000 0.000000 0.000000 0.000000 0.000000 0.000000 0.000000 0.000000 0.000000 0.000000 0.000000 0.000000 0.000000 0.000000 0.000000 0.000000 0.000000 0.000000 0.000000 0.000000 0.000000 0.000000 0.000000 0.000000 0.000000 0.000000 0.000000 0.000000 0.000000 0.000000 7.956377 -11.429344 3.871884 29.431050 -54.486229 27.747525 15.054207 5.498848 27.263396 1.993513 0.639947 2.704572 0.000000 0.000000 0.000000 0.000000 0.000000 0.000000 0.000000 0.000000 0.000000 0.000000 0.000000 0.000000 0.000000 0.000000 0.000000 0.000000 0.000000 0.000000 0.000000 0.000000 0.000000 0.000000 0.000000 0.000000 0.000000 0.000000 0.000000 0.000000 0.000000 0.000000 0.000000 0.000000 0.000000 0.000000 0.000000 0.000000 0.000000 0.000000 0.000000 0.000000 0.000000 0.000000
0.134513 0.034056 1.038599 -10.684016 1.000256 0.060259 5.074744 -0.280912 3.022175 8.554807 2.787700 -3.029231 2.876816 5.676749 7.083251 1.991867 -2.705874 0.480874 2.112508 0.056579 -1.394489 12.168836 -0.229871 -1.213012 3.016855 -5.456785 -4.551186 0.809900 -0.848923 -0.816381 4.536739 1.484098 2.286369 12.523375 -5.610433 -3.014399 -10.609080 2.873530 1.098226 12.806704 2.101916 2.185205 5.598008 -1.922108 5.906800 11.836635 20.551716 -0.490804 16.119465 47.547487 -19.662398 19.610568 -5.783035 -26.650479 7.872734 -2.926220 -9.168468 0.000000 0.000000 0.000000 0.000000 0.000000 0.000000 0.000000 0.000000 0.000000 0.000000 0.000000 0.000000 0.000000 0.000000 0.000000 0.000000 0.000000 0.000000 0.000000 0.000000 0.000000 0.000000 0.000000 0.000000 0.000000 0.000000 0.000000 0.000000 0.000000 0.000000 0.000000 0.000000 0.000000 0.000000 0.000000 0.000000 0.000000 0.000000 0.000000 0.000000 0.000000 0.000000 8.099993 -11.201638 3.953315 28.802139 -54.182021 27.445058 15.387744 5.547668 27.326532 2.121011 0.824766 2.788473 0.000000 0.000000 0.000000 0.000000 0.000000 0.000000 0.000000 0.000000 0.000000 0.000000 0.000000 0.000000 0.000000 0.000000 0.000000 0.000000 0.000000 0.000000 0.000000 0.000000 0.000000 0.000000 0.000000 0.000000 0.000000 0.000000 0.000000 0.000000 0.000000 0.000000 0.000000 0.000000 0.000000 0.000000 0.000000 0.000000 0.000000 0.000000 0.000000 0.000000 0.000000 0.000000
