HIERARCHY
ROOT Hips
{
	OFFSET 0.000000 0.000000 0.000000
	CHANNELS 6 Xposition Yposition Zposition Xrotation Yrotation Zrotation
	JOINT Thigh.L
	{
		OFFSET 0.055208 0.027001 -0.094106
		CHANNELS 3 Xrotation Yrotation Zrotation
		JOINT Shin.L
		{
			OFFSET 0.060821 0.006087 -0.412928
			CHANNELS 3 Xrotation Yrotation Zrotation
			JOINT Foot.L
			{
				OFFSET -0.042021 0.031688 -0.438342
				CHANNELS 3 Xrotation Yrotation Zrotation
				JOINT Toe.L
				{
					OFFSET 0.048069 -0.126416 -0.064489
					CHANNELS 3 Xrotation Yrotation Zrotation
					End Site
					{
						OFFSET 0.000000 0.050000 0.000000
					}
				}
			}
		}
	}
	JOINT Thigh.R
	{
		OFFSET -0.060351 0.021319 -0.106657
		CHANNELS 3 Xrotation Yrotation Zrotation
		JOINT Shin.R
		{
			OFFSET -0.049762 0.014116 -0.394355
			CHANNELS 3 Xrotation Yrotation Zrotation
			JOINT Foot.R
			{
				OFFSET 0.013986 0.019849 -0.447406
				CHANNELS 3 Xrotation Yrotation Zrotation
				JOINT Toe.R
				{
					OFFSET -0.039558 -0.127268 -0.064335
					CHANNELS 3 Xrotation Yrotation Zrotation
					End Site
					{
						OFFSET 0.000000 0.050000 0.000000
					}
				}
			}
		}
	}
	JOINT Spine
	{
		OFFSET -0.002705 0.027671 0.113168
		CHANNELS 3 Xrotation Yrotation Zrotation
		JOINT Spine.2
		{
			OFFSET 0.008951 0.006969 0.139025
			CHANNELS 3 Xrotation Yrotation Zrotation
			JOINT Chest
			{
				OFFSET -0.010743 -0.022940 0.055647
				CHANNELS 3 Xrotation Yrotation Zrotation
				JOINT Neck
				{
					OFFSET -0.012030 0.025961 0.169406
					CHANNELS 3 Xrotation Yrotation Zrotation
					JOINT Head
					{
						OFFSET 0.025223 -0.021337 0.170735
						CHANNELS 3 Xrotation Yrotation Zrotation
						End Site
						{
							OFFSET 0.000000 0.050000 0.000000
						}
					}
				}
				JOINT Clavicle.L
				{
					OFFSET 0.047051 0.004907 0.087114
					CHANNELS 3 Xrotation Yrotation Zrotation
					JOINT UpperArm.L
					{
						OFFSET 0.125992 0.013762 0.057763
						CHANNELS 3 Xrotation Yrotation Zrotation
						JOINT ForeArm.L
						{
							OFFSET 0.269561 0.042948 -0.075713
							CHANNELS 3 Xrotation Yrotation Zrotation
							JOINT Hand.L
							{
								OFFSET 0.273761 0.000867 0.022220
								CHANNELS 3 Xrotation Yrotation Zrotation
								JOINT Thumb1.L
								{
									OFFSET 0.154606 0.000379 0.009708
									CHANNELS 3 Xrotation Yrotation Zrotation
									JOINT Thumb2.L
									{
										OFFSET 0.029902 0.000095 0.002427
										CHANNELS 3 Xrotation Yrotation Zrotation
										End Site
										{
											OFFSET 0.024918 0.000079 0.002022
										}
									}
								}
								JOINT Index1.L
								{
									OFFSET 0.137606 0.000379 0.009708
									CHANNELS 3 Xrotation Yrotation Zrotation
									JOINT Index2.L
									{
										OFFSET 0.029902 0.000095 0.002427
										CHANNELS 3 Xrotation Yrotation Zrotation
										JOINT Index3.L
										{
											OFFSET 0.021928 0.000069 0.001780
											CHANNELS 3 Xrotation Yrotation Zrotation
											End Site
											{
												OFFSET 0.017941 0.000057 0.001456
											}
										}
									}
								}
								JOINT Middle1.L
								{
									OFFSET 0.119606 0.000379 0.009708
									CHANNELS 3 Xrotation Yrotation Zrotation
									JOINT Middle2.L
									{
										OFFSET 0.030898 0.000098 0.002508
										CHANNELS 3 Xrotation Yrotation Zrotation
										JOINT Middle3.L
										{
											OFFSET 0.021928 0.000069 0.001780
											CHANNELS 3 Xrotation Yrotation Zrotation
											End Site
											{
												OFFSET 0.017941 0.000057 0.001456
											}
										}
									}
								}
								JOINT Ring1.L
								{
									OFFSET 0.101606 0.000379 0.009708
									CHANNELS 3 Xrotation Yrotation Zrotation
									JOINT Ring2.L
									{
										OFFSET 0.028905 0.000092 0.002346
										CHANNELS 3 Xrotation Yrotation Zrotation
										JOINT Ring3.L
										{
											OFFSET 0.019934 0.000063 0.001618
											CHANNELS 3 Xrotation Yrotation Zrotation
											End Site
											{
												OFFSET 0.016944 0.000054 0.001375
											}
										}
									}
								}
								JOINT Pinky1.L
								{
									OFFSET 0.085606 0.000379 0.009708
									CHANNELS 3 Xrotation Yrotation Zrotation
									JOINT Pinky2.L
									{
										OFFSET 0.023921 0.000076 0.001942
										CHANNELS 3 Xrotation Yrotation Zrotation
										JOINT Pinky3.L
										{
											OFFSET 0.016944 0.000054 0.001375
											CHANNELS 3 Xrotation Yrotation Zrotation
											End Site
											{
												OFFSET 0.013954 0.000044 0.001133
											}
										}
									}
								}
							}
						}
					}
				}
				JOINT Clavicle.R
				{
					OFFSET -0.047864 0.011053 0.086184
					CHANNELS 3 Xrotation Yrotation Zrotation
					JOINT UpperArm.R
					{
						OFFSET -0.109333 0.010005 0.054069
						CHANNELS 3 Xrotation Yrotation Zrotation
						JOINT ForeArm.R
						{
							OFFSET -0.287710 0.027801 -0.040156
							CHANNELS 3 Xrotation Yrotation Zrotation
							JOINT Hand.R
							{
								OFFSET -0.270070 0.014417 -0.005460
								CHANNELS 3 Xrotation Yrotation Zrotation
								JOINT Thumb1.R
								{
									OFFSET -0.154805 0.006396 -0.002422
									CHANNELS 3 Xrotation Yrotation Zrotation
									JOINT Thumb2.R
									{
										OFFSET -0.029951 0.001599 -0.000605
										CHANNELS 3 Xrotation Yrotation Zrotation
										End Site
										{
											OFFSET -0.024959 0.001332 -0.000505
										}
									}
								}
								JOINT Index1.R
								{
									OFFSET -0.137805 0.006396 -0.002422
									CHANNELS 3 Xrotation Yrotation Zrotation
									JOINT Index2.R
									{
										OFFSET -0.029951 0.001599 -0.000605
										CHANNELS 3 Xrotation Yrotation Zrotation
										JOINT Index3.R
										{
											OFFSET -0.021964 0.001173 -0.000444
											CHANNELS 3 Xrotation Yrotation Zrotation
											End Site
											{
												OFFSET -0.017971 0.000959 -0.000363
											}
										}
									}
								}
								JOINT Middle1.R
								{
									OFFSET -0.119805 0.006396 -0.002422
									CHANNELS 3 Xrotation Yrotation Zrotation
									JOINT Middle2.R
									{
										OFFSET -0.030950 0.001652 -0.000626
										CHANNELS 3 Xrotation Yrotation Zrotation
										JOINT Middle3.R
										{
											OFFSET -0.021964 0.001173 -0.000444
											CHANNELS 3 Xrotation Yrotation Zrotation
											End Site
											{
												OFFSET -0.017971 0.000959 -0.000363
											}
										}
									}
								}
								JOINT Ring1.R
								{
									OFFSET -0.101805 0.006396 -0.002422
									CHANNELS 3 Xrotation Yrotation Zrotation
									JOINT Ring2.R
									{
										OFFSET -0.028953 0.001546 -0.000585
										CHANNELS 3 Xrotation Yrotation Zrotation
										JOINT Ring3.R
										{
											OFFSET -0.019967 0.001066 -0.000404
											CHANNELS 3 Xrotation Yrotation Zrotation
											End Site
											{
												OFFSET -0.016972 0.000906 -0.000343
											}
										}
									}
								}
								JOINT Pinky1.R
								{
									OFFSET -0.085805 0.006396 -0.002422
									CHANNELS 3 Xrotation Yrotation Zrotation
									JOINT Pinky2.R
									{
										OFFSET -0.023961 0.001279 -0.000484
										CHANNELS 3 Xrotation Yrotation Zrotation
										JOINT Pinky3.R
										{
											OFFSET -0.016972 0.000906 -0.000343
											CHANNELS 3 Xrotation Yrotation Zrotation
											End Site
											{
												OFFSET -0.013977 0.000746 -0.000283
											}
										}
									}
								}
							}
						}
					}
				}
			}
		}
	}
}
MOTION
Frames: 97
Frame Time: 0.04166667
0.006985538 -0.060930721 1.434317 -7.762892 -0.607239 1.902810 6.714634 -2.823415 3.998334 1.529656 1.829797 -6.368211 -6.735974 -1.828574 9.118293 -0.159393 -1.449887 -1.119818 2.628662 4.056372 -4.923329 10.087540 0.196310 2.493788 -7.461692 -2.926308 -6.577134 -0.336628 -1.865590 0.757306 8.539563 0.859684 2.192211 -3.237384 0.490370 -1.773340 4.825678 -1.219639 -0.203263 3.433654 2.276280 4.422899 1.018085 -1.247581 4.617252 -0.066136 20.807828 -3.712109 21.725012 47.839833 -23.862493 16.583626 -3.138997 -24.522110 -2.134211 -3.414261 -6.497346 0.000000 0.000000 0.000000 0.000000 0.000000 0.000000 0.000000 0.000000 0.000000 0.000000 0.000000 0.000000 0.000000 0.000000 0.000000 0.000000 0.000000 0.000000 0.000000 0.000000 0.000000 0.000000 0.000000 0.000000 0.000000 0.000000 0.000000 0.000000 0.000000 0.000000 0.000000 0.000000 0.000000 0.000000 0.000000 0.000000 0.000000 0.000000 0.000000 0.000000 0.000000 0.000000 0.717180 -19.702475 8.598257 26.417287 -47.052993 26.662097 11.391931 5.334759 29.443896 2.286137 -1.687439 3.586795 0.000000 0.000000 0.000000 0.000000 0.000000 0.000000 0.000000 0.000000 0.000000 0.000000 0.000000 0.000000 0.000000 0.000000 0.000000 0.000000 0.000000 0.000000 0.000000 0.000000 0.000000 0.000000 0.000000 0.000000 0.000000 0.000000 0.000000 0.000000 0.000000 0.000000 0.000000 0.000000 0.000000 0.000000 0.000000 0.000000 0.000000 0.000000 0.000000 0.000000 0.000000 0.000000
0.007084354 -0.062136297 1.434540 -7.722907 -0.619485 1.861697 6.635657 -2.747444 3.926281 1.470520 1.746532 -6.257819 -6.583356 -1.814147 9.133281 -0.124694 -1.428823 -1.113155 2.506985 4.035041 -4.833727 10.076963 0.267865 2.520185 -7.310042 -2.955054 -6.624764 -0.319760 -1.877906 0.761818 8.657183 0.866134 2.173548 -3.262217 0.473813 -1.791084 4.818360 -1.216055 -0.211513 3.351876 2.273088 4.465861 0.940943 -1.181022 4.661233 -0.167608 20.817005 -3.680992 21.715566 47.841128 -23.906879 16.602781 -3.128420 -24.458127 -2.026663 -3.319744 -6.479344 0.000000 0.000000 0.000000 0.000000 0.000000 0.000000 0.000000 0.000000 0.000000 0.000000 0.000000 0.000000 0.000000 0.000000 0.000000 0.000000 0.000000 0.000000 0.000000 0.000000 0.000000 0.000000 0.000000 0.000000 0.000000 0.000000 0.000000 0.000000 0.000000 0.000000 0.000000 0.000000 0.000000 0.000000 0.000000 0.000000 0.000000 0.000000 0.000000 0.000000 0.000000 0.000000 0.636328 -19.747931 8.557533 26.429220 -46.992058 26.778752 11.327326 5.382911 29.420450 2.394463 -1.679580 3.582001 0.000000 0.000000 0.000000 0.000000 0.000000 0.000000 0.000000 0.000000 0.000000 0.000000 0.000000 0.000000 0.000000 0.000000 0.000000 0.000000 0.000000 0.000000 0.000000 0.000000 0.000000 0.000000 0.000000 0.000000 0.000000 0.000000 0.000000 0.000000 0.000000 0.000000 0.000000 0.000000 0.000000 0.000000 0.000000 0.000000 0.000000 0.000000 0.000000 0.000000 0.000000 0.000000
0.006720732 -0.063313708 1.434751 -7.690663 -0.672284 1.852488 6.465889 -2.697876 3.817780 1.586759 1.703829 -6.192929 -6.445741 -1.775756 9.163063 -0.100981 -1.427525 -1.109984 2.296046 4.046716 -4.721596 10.258262 0.302627 2.589956 -7.218973 -2.938055 -6.724966 -0.290885 -1.886142 0.765209 8.717476 0.846062 2.165548 -3.228788 0.470812 -1.808699 4.791604 -1.212237 -0.216697 3.233525 2.272558 4.439393 0.951111 -1.136211 4.666132 -0.270074 20.824956 -3.668007 21.709527 47.801956 -23.940326 16.452131 -3.048824 -24.416791 -2.050255 -3.283611 -6.443490 0.000000 0.000000 0.000000 0.000000 0.000000 0.000000 0.000000 0.000000 0.000000 0.000000 0.000000 0.000000 0.000000 0.000000 0.000000 0.000000 0.000000 0.000000 0.000000 0.000000 0.000000 0.000000 0.000000 0.000000 0.000000 0.000000 0.000000 0.000000 0.000000 0.000000 0.000000 0.000000 0.000000 0.000000 0.000000 0.000000 0.000000 0.000000 0.000000 0.000000 0.000000 0.000000 0.535583 -19.778051 8.524508 26.440308 -47.009480 26.848990 11.110337 5.380421 29.474387 2.418267 -1.619099 3.485098 0.000000 0.000000 0.000000 0.000000 0.000000 0.000000 0.000000 0.000000 0.000000 0.000000 0.000000 0.000000 0.000000 0.000000 0.000000 0.000000 0.000000 0.000000 0.000000 0.000000 0.000000 0.000000 0.000000 0.000000 0.000000 0.000000 0.000000 0.000000 0.000000 0.000000 0.000000 0.000000 0.000000 0.000000 0.000000 0.000000 0.000000 0.000000 0.000000 0.000000 0.000000 0.000000
0.006634680 -0.063849986 1.434826 -7.662481 -0.686624 1.852749 6.124801 -2.693901 3.702157 1.922875 1.703481 -6.096611 -6.385914 -1.795231 9.180709 -0.086607 -1.414514 -1.106076 1.942879 4.073400 -4.624643 10.596155 0.282974 2.561103 -7.130534 -2.949143 -6.771381 -0.287126 -1.888938 0.766616 8.883730 0.832530 2.148498 -3.288834 0.470742 -1.814113 4.807059 -1.224863 -0.216834 3.091916 2.255837 4.457757 0.915585 -1.131109 4.673263 -0.386148 20.823312 -3.701920 21.709814 47.779553 -24.039131 16.347723 -3.025809 -24.416848 -2.014041 -3.267066 -6.411385 0.000000 0.000000 0.000000 0.000000 0.000000 0.000000 0.000000 0.000000 0.000000 0.000000 0.000000 0.000000 0.000000 0.000000 0.000000 0.000000 0.000000 0.000000 0.000000 0.000000 0.000000 0.000000 0.000000 0.000000 0.000000 0.000000 0.000000 0.000000 0.000000 0.000000 0.000000 0.000000 0.000000 0.000000 0.000000 0.000000 0.000000 0.000000 0.000000 0.000000 0.000000 0.000000 0.429753 -19.802919 8.529339 26.353006 -46.981534 26.878213 11.013891 5.442088 29.521637 2.489430 -1.595708 3.437107 0.000000 0.000000 0.000000 0.000000 0.000000 0.000000 0.000000 0.000000 0.000000 0.000000 0.000000 0.000000 0.000000 0.000000 0.000000 0.000000 0.000000 0.000000 0.000000 0.000000 0.000000 0.000000 0.000000 0.000000 0.000000 0.000000 0.000000 0.000000 0.000000 0.000000 0.000000 0.000000 0.000000 0.000000 0.000000 0.000000 0.000000 0.000000 0.000000 0.000000 0.000000 0.000000
0.006863917 -0.064247912 1.434819 -7.640289 -0.678475 1.829569 5.736943 -2.703602 3.576393 2.327527 1.740564 -5.975266 -6.357382 -1.864787 9.212612 -0.070519 -1.390478 -1.094930 1.505128 4.122687 -4.539542 11.050518 0.239168 2.500935 -7.047496 -2.985922 -6.782893 -0.291846 -1.877552 0.770687 9.129116 0.833598 2.129440 -3.373851 0.478469 -1.811645 4.844743 -1.233862 -0.219462 2.934971 2.232963 4.493565 0.822990 -1.136647 4.684450 -0.482697 20.800363 -3.793184 21.695527 47.781651 -24.159263 16.242724 -3.041420 -24.447803 -2.007783 -3.293494 -6.389269 0.000000 0.000000 0.000000 0.000000 0.000000 0.000000 0.000000 0.000000 0.000000 0.000000 0.000000 0.000000 0.000000 0.000000 0.000000 0.000000 0.000000 0.000000 0.000000 0.000000 0.000000 0.000000 0.000000 0.000000 0.000000 0.000000 0.000000 0.000000 0.000000 0.000000 0.000000 0.000000 0.000000 0.000000 0.000000 0.000000 0.000000 0.000000 0.000000 0.000000 0.000000 0.000000 0.344117 -19.782689 8.604138 26.261183 -46.946882 26.927503 10.939821 5.544217 29.581823 2.521274 -1.580768 3.417474 0.000000 0.000000 0.000000 0.000000 0.000000 0.000000 0.000000 0.000000 0.000000 0.000000 0.000000 0.000000 0.000000 0.000000 0.000000 0.000000 0.000000 0.000000 0.000000 0.000000 0.000000 0.000000 0.000000 0.000000 0.000000 0.000000 0.000000 0.000000 0.000000 0.000000 0.000000 0.000000 0.000000 0.000000 0.000000 0.000000 0.000000 0.000000 0.000000 0.000000 0.000000 0.000000
0.006839514 -0.064235158 1.434728 -7.591125 -0.673103 1.803029 5.079694 -2.739240 3.431061 3.067094 1.794721 -5.837416 -6.383470 -1.941390 9.267611 -0.063795 -1.364325 -1.089347 0.784863 4.179528 -4.369606 11.848200 0.154316 2.368667 -6.992347 -3.011658 -6.844901 -0.328435 -1.839230 0.784057 9.580016 0.826509 2.080398 -3.549771 0.483678 -1.814988 4.908865 -1.248058 -0.214498 2.637057 2.213174 4.543525 0.711842 -1.155334 4.675150 -0.585178 20.776453 -3.975272 21.600105 47.775734 -24.245604 16.162483 -3.155417 -24.495372 -2.016496 -3.300057 -6.383563 0.000000 0.000000 0.000000 0.000000 0.000000 0.000000 0.000000 0.000000 0.000000 0.000000 0.000000 0.000000 0.000000 0.000000 0.000000 0.000000 0.000000 0.000000 0.000000 0.000000 0.000000 0.000000 0.000000 0.000000 0.000000 0.000000 0.000000 0.000000 0.000000 0.000000 0.000000 0.000000 0.000000 0.000000 0.000000 0.000000 0.000000 0.000000 0.000000 0.000000 0.000000 0.000000 0.228633 -19.763355 8.745789 26.095644 -46.903006 26.923386 11.000743 5.791038 29.797409 2.546946 -1.577192 3.489384 0.000000 0.000000 0.000000 0.000000 0.000000 0.000000 0.000000 0.000000 0.000000 0.000000 0.000000 0.000000 0.000000 0.000000 0.000000 0.000000 0.000000 0.000000 0.000000 0.000000 0.000000 0.000000 0.000000 0.000000 0.000000 0.000000 0.000000 0.000000 0.000000 0.000000 0.000000 0.000000 0.000000 0.000000 0.000000 0.000000 0.000000 0.000000 0.000000 0.000000 0.000000 0.000000
0.006797430 -0.064175177 1.434506 -7.498291 -0.662705 1.750358 4.243083 -2.804744 3.275794 4.036031 1.895268 -5.694302 -6.453495 -2.022554 9.319405 -0.063964 -1.367822 -1.091781 -0.119996 4.260780 -4.199608 12.854338 0.047194 2.256236 -6.947557 -3.051518 -6.879145 -0.356079 -1.811697 0.795020 10.074329 0.798894 2.030157 -3.743051 0.504427 -1.800095 4.998977 -1.268979 -0.211528 2.299241 2.193335 4.606201 0.588486 -1.173925 4.681696 -0.680649 20.746803 -4.186181 21.472116 47.749772 -24.348090 16.035295 -3.232278 -24.560949 -2.006319 -3.392850 -6.367098 0.000000 0.000000 0.000000 0.000000 0.000000 0.000000 0.000000 0.000000 0.000000 0.000000 0.000000 0.000000 0.000000 0.000000 0.000000 0.000000 0.000000 0.000000 0.000000 0.000000 0.000000 0.000000 0.000000 0.000000 0.000000 0.000000 0.000000 0.000000 0.000000 0.000000 0.000000 0.000000 0.000000 0.000000 0.000000 0.000000 0.000000 0.000000 0.000000 0.000000 0.000000 0.000000 0.121974 -19.707550 8.916310 25.893927 -46.844787 26.934487 10.995920 5.984592 30.051732 2.529873 -1.544241 3.523748 0.000000 0.000000 0.000000 0.000000 0.000000 0.000000 0.000000 0.000000 0.000000 0.000000 0.000000 0.000000 0.000000 0.000000 0.000000 0.000000 0.000000 0.000000 0.000000 0.000000 0.000000 0.000000 0.000000 0.000000 0.000000 0.000000 0.000000 0.000000 0.000000 0.000000 0.000000 0.000000 0.000000 0.000000 0.000000 0.000000 0.000000 0.000000 0.000000 0.000000 0.000000 0.000000
0.006829646 -0.064117646 1.434152 -7.412157 -0.654176 1.706293 3.136111 -2.882221 3.070385 5.362606 2.031194 -5.576112 -6.542164 -2.143347 9.413357 -0.064427 -1.363837 -1.100026 -1.286111 4.365118 -3.981468 14.186942 -0.082289 2.144513 -6.864243 -3.068532 -6.958037 -0.403830 -1.775299 0.804943 10.722489 0.765828 1.958336 -4.026348 0.528409 -1.775845 5.114562 -1.289240 -0.208992 1.858428 2.191647 4.706765 0.476413 -1.206126 4.674774 -0.811866 20.674257 -4.442300 21.380227 47.705881 -24.541068 15.876055 -3.313526 -24.702966 -2.164444 -3.516210 -6.378393 0.000000 0.000000 0.000000 0.000000 0.000000 0.000000 0.000000 0.000000 0.000000 0.000000 0.000000 0.000000 0.000000 0.000000 0.000000 0.000000 0.000000 0.000000 0.000000 0.000000 0.000000 0.000000 0.000000 0.000000 0.000000 0.000000 0.000000 0.000000 0.000000 0.000000 0.000000 0.000000 0.000000 0.000000 0.000000 0.000000 0.000000 0.000000 0.000000 0.000000 0.000000 0.000000 -0.035704 -19.598485 9.119067 25.672587 -46.796141 26.969851 10.949997 6.211723 30.362203 2.438506 -1.541352 3.566119 0.000000 0.000000 0.000000 0.000000 0.000000 0.000000 0.000000 0.000000 0.000000 0.000000 0.000000 0.000000 0.000000 0.000000 0.000000 0.000000 0.000000 0.000000 0.000000 0.000000 0.000000 0.000000 0.000000 0.000000 0.000000 0.000000 0.000000 0.000000 0.000000 0.000000 0.000000 0.000000 0.000000 0.000000 0.000000 0.000000 0.000000 0.000000 0.000000 0.000000 0.000000 0.000000
0.006997180 -0.064859206 1.433548 -7.303007 -0.611250 1.647397 1.488534 -3.022930 2.774577 7.503644 2.245309 -5.486771 -6.723131 -2.308777 9.588945 -0.068515 -1.377701 -1.109306 -2.974043 4.513774 -3.668552 16.250676 -0.302085 2.020158 -6.728356 -3.106063 -7.072331 -0.478118 -1.721443 0.803927 11.621745 0.727661 1.855956 -4.431395 0.533816 -1.758809 5.265204 -1.299141 -0.218906 1.261146 2.167922 4.907276 0.381521 -1.226885 4.694512 -0.949997 20.580444 -4.777997 21.260069 47.636920 -24.785043 15.806660 -3.491587 -24.892075 -2.272367 -3.757340 -6.372129 0.000000 0.000000 0.000000 0.000000 0.000000 0.000000 0.000000 0.000000 0.000000 0.000000 0.000000 0.000000 0.000000 0.000000 0.000000 0.000000 0.000000 0.000000 0.000000 0.000000 0.000000 0.000000 0.000000 0.000000 0.000000 0.000000 0.000000 0.000000 0.000000 0.000000 0.000000 0.000000 0.000000 0.000000 0.000000 0.000000 0.000000 0.000000 0.000000 0.000000 0.000000 0.000000 -0.266735 -19.475475 9.363306 25.341049 -46.736509 26.979836 10.936492 6.502911 30.678652 2.146793 -1.544768 3.664009 0.000000 0.000000 0.000000 0.000000 0.000000 0.000000 0.000000 0.000000 0.000000 0.000000 0.000000 0.000000 0.000000 0.000000 0.000000 0.000000 0.000000 0.000000 0.000000 0.000000 0.000000 0.000000 0.000000 0.000000 0.000000 0.000000 0.000000 0.000000 0.000000 0.000000 0.000000 0.000000 0.000000 0.000000 0.000000 0.000000 0.000000 0.000000 0.000000 0.000000 0.000000 0.000000
0.006922915 -0.067184893 1.432592 -7.209093 -0.514980 1.610160 -0.565218 -3.276047 2.482701 10.306385 2.517689 -5.468589 -6.964870 -2.386190 9.755432 -0.095070 -1.383504 -1.134619 -5.043444 4.642247 -3.247747 18.922352 -0.615842 1.869266 -6.526473 -3.112022 -7.178977 -0.593064 -1.685696 0.806120 12.854439 0.641256 1.745429 -4.964996 0.530402 -1.744781 5.448275 -1.330533 -0.200500 0.599618 2.118886 5.123516 0.306371 -1.306643 4.676464 -1.113614 20.429743 -5.194009 21.182542 47.580193 -25.097207 15.679169 -3.791181 -25.215717 -2.382306 -4.060564 -6.358784 0.000000 0.000000 0.000000 0.000000 0.000000 0.000000 0.000000 0.000000 0.000000 0.000000 0.000000 0.000000 0.000000 0.000000 0.000000 0.000000 0.000000 0.000000 0.000000 0.000000 0.000000 0.000000 0.000000 0.000000 0.000000 0.000000 0.000000 0.000000 0.000000 0.000000 0.000000 0.000000 0.000000 0.000000 0.000000 0.000000 0.000000 0.000000 0.000000 0.000000 0.000000 0.000000 -0.514963 -19.297304 9.651045 24.875626 -46.671494 26.883281 10.982928 6.868956 31.103264 1.912317 -1.578874 3.805636 0.000000 0.000000 0.000000 0.000000 0.000000 0.000000 0.000000 0.000000 0.000000 0.000000 0.000000 0.000000 0.000000 0.000000 0.000000 0.000000 0.000000 0.000000 0.000000 0.000000 0.000000 0.000000 0.000000 0.000000 0.000000 0.000000 0.000000 0.000000 0.000000 0.000000 0.000000 0.000000 0.000000 0.000000 0.000000 0.000000 0.000000 0.000000 0.000000 0.000000 0.000000 0.000000
0.006650598 -0.071703988 1.431071 -7.120463 -0.466960 1.570977 -2.736393 -3.532879 2.128177 13.258750 2.844153 -5.554826 -7.102622 -2.460509 9.945377 -0.103984 -1.393185 -1.128523 -7.217347 4.802288 -2.841007 21.712307 -0.970187 1.740849 -6.367435 -3.096836 -7.294900 -0.681515 -1.668629 0.781854 14.176558 0.554986 1.644829 -5.555459 0.536264 -1.723631 5.655401 -1.346002 -0.190569 -0.211213 2.036542 5.369779 0.173882 -1.349677 4.559301 -1.254080 20.242881 -5.595906 20.995230 47.440904 -25.329765 15.439995 -4.069450 -25.643520 -2.601111 -4.474473 -6.351392 0.000000 0.000000 0.000000 0.000000 0.000000 0.000000 0.000000 0.000000 0.000000 0.000000 0.000000 0.000000 0.000000 0.000000 0.000000 0.000000 0.000000 0.000000 0.000000 0.000000 0.000000 0.000000 0.000000 0.000000 0.000000 0.000000 0.000000 0.000000 0.000000 0.000000 0.000000 0.000000 0.000000 0.000000 0.000000 0.000000 0.000000 0.000000 0.000000 0.000000 0.000000 0.000000 -0.736319 -19.090404 9.901373 24.456179 -46.618281 26.756128 10.888844 7.184217 31.670620 1.562341 -1.421066 3.940475 0.000000 0.000000 0.000000 0.000000 0.000000 0.000000 0.000000 0.000000 0.000000 0.000000 0.000000 0.000000 0.000000 0.000000 0.000000 0.000000 0.000000 0.000000 0.000000 0.000000 0.000000 0.000000 0.000000 0.000000 0.000000 0.000000 0.000000 0.000000 0.000000 0.000000 0.000000 0.000000 0.000000 0.000000 0.000000 0.000000 0.000000 0.000000 0.000000 0.000000 0.000000 0.000000
0.005819944 -0.085741160 1.428871 -7.046098 -0.306068 1.558946 -5.659298 -3.932507 1.645589 17.342282 3.240100 -5.747298 -7.135884 -2.437841 10.213274 -0.139170 -1.415469 -1.160681 -9.965226 4.934297 -2.289784 25.289533 -1.510384 1.665469 -6.010216 -3.129630 -7.456645 -0.810096 -1.677783 0.773882 15.880596 0.419994 1.520273 -6.411964 0.536522 -1.696437 5.981346 -1.355071 -0.166308 -1.219493 1.943705 5.759579 0.020796 -1.431217 4.577171 -1.449662 19.925432 -6.093498 20.695975 47.342329 -25.533465 15.146322 -4.434681 -26.163423 -2.928336 -5.050264 -6.362731 0.000000 0.000000 0.000000 0.000000 0.000000 0.000000 0.000000 0.000000 0.000000 0.000000 0.000000 0.000000 0.000000 0.000000 0.000000 0.000000 0.000000 0.000000 0.000000 0.000000 0.000000 0.000000 0.000000 0.000000 0.000000 0.000000 0.000000 0.000000 0.000000 0.000000 0.000000 0.000000 0.000000 0.000000 0.000000 0.000000 0.000000 0.000000 0.000000 0.000000 0.000000 0.000000 -0.948636 -18.814602 10.107236 23.906263 -46.551323 26.497321 10.727065 7.614418 32.351174 1.080341 -1.198307 4.101311 0.000000 0.000000 0.000000 0.000000 0.000000 0.000000 0.000000 0.000000 0.000000 0.000000 0.000000 0.000000 0.000000 0.000000 0.000000 0.000000 0.000000 0.000000 0.000000 0.000000 0.000000 0.000000 0.000000 0.000000 0.000000 0.000000 0.000000 0.000000 0.000000 0.000000 0.000000 0.000000 0.000000 0.000000 0.000000 0.000000 0.000000 0.000000 0.000000 0.000000 0.000000 0.000000
0.005833705 -0.102554921 1.425863 -7.009948 -0.232927 1.571663 -8.342067 -4.339940 1.212518 20.982776 3.733567 -5.955024 -7.054485 -2.315181 10.312946 -0.147671 -1.422580 -1.143720 -12.580443 5.121896 -1.860009 28.652635 -2.063331 1.573232 -5.819576 -3.156183 -7.540235 -0.885043 -1.706383 0.723173 17.609895 0.324406 1.432444 -7.162063 0.544398 -1.676550 6.279946 -1.354987 -0.161990 -2.217666 1.819788 6.032903 -0.269565 -1.437082 4.298656 -1.598880 19.650394 -6.574232 20.229888 47.020013 -25.545304 14.657510 -4.713281 -26.679932 -3.392162 -5.521089 -6.358180 0.000000 0.000000 0.000000 0.000000 0.000000 0.000000 0.000000 0.000000 0.000000 0.000000 0.000000 0.000000 0.000000 0.000000 0.000000 0.000000 0.000000 0.000000 0.000000 0.000000 0.000000 0.000000 0.000000 0.000000 0.000000 0.000000 0.000000 0.000000 0.000000 0.000000 0.000000 0.000000 0.000000 0.000000 0.000000 0.000000 0.000000 0.000000 0.000000 0.000000 0.000000 0.000000 -1.070567 -18.606350 10.367589 23.274315 -46.356746 26.126987 10.421420 7.872703 32.848025 0.607391 -0.833901 4.222206 0.000000 0.000000 0.000000 0.000000 0.000000 0.000000 0.000000 0.000000 0.000000 0.000000 0.000000 0.000000 0.000000 0.000000 0.000000 0.000000 0.000000 0.000000 0.000000 0.000000 0.000000 0.000000 0.000000 0.000000 0.000000 0.000000 0.000000 0.000000 0.000000 0.000000 0.000000 0.000000 0.000000 0.000000 0.000000 0.000000 0.000000 0.000000 0.000000 0.000000 0.000000 0.000000
0.005974653 -0.116680209 1.421915 -6.951042 -0.187699 1.518080 -10.799281 -4.710552 0.845221 24.341823 4.228545 -6.115964 -7.103742 -2.237968 10.331130 -0.164261 -1.444940 -1.128728 -15.100173 5.341706 -1.504862 31.931653 -2.575259 1.562203 -5.820840 -3.128764 -7.533332 -0.925033 -1.737363 0.688815 19.170205 0.247773 1.358653 -7.785914 0.561243 -1.652182 6.503953 -1.357586 -0.159036 -3.055688 1.786923 6.374528 -0.464574 -1.363232 4.156967 -1.641248 19.336859 -6.963373 19.725534 46.720346 -25.429390 14.144267 -4.824709 -26.976348 -3.618254 -5.809939 -6.282003 0.000000 0.000000 0.000000 0.000000 0.000000 0.000000 0.000000 0.000000 0.000000 0.000000 0.000000 0.000000 0.000000 0.000000 0.000000 0.000000 0.000000 0.000000 0.000000 0.000000 0.000000 0.000000 0.000000 0.000000 0.000000 0.000000 0.000000 0.000000 0.000000 0.000000 0.000000 0.000000 0.000000 0.000000 0.000000 0.000000 0.000000 0.000000 0.000000 0.000000 0.000000 0.000000 -1.105503 -18.327082 10.557358 22.650901 -46.173269 25.700576 10.085436 7.994552 33.206121 0.358651 -0.606721 4.255403 0.000000 0.000000 0.000000 0.000000 0.000000 0.000000 0.000000 0.000000 0.000000 0.000000 0.000000 0.000000 0.000000 0.000000 0.000000 0.000000 0.000000 0.000000 0.000000 0.000000 0.000000 0.000000 0.000000 0.000000 0.000000 0.000000 0.000000 0.000000 0.000000 0.000000 0.000000 0.000000 0.000000 0.000000 0.000000 0.000000 0.000000 0.000000 0.000000 0.000000 0.000000 0.000000
0.006441861 -0.128437176 1.416977 -6.939861 -0.110688 1.582827 -13.307866 -5.160285 0.465343 27.849881 4.735102 -6.291914 -7.206487 -2.129956 10.256259 -0.181504 -1.451131 -1.115397 -17.580907 5.558003 -1.238196 35.281215 -3.170058 1.528601 -5.966883 -3.042349 -7.503746 -0.983802 -1.790429 0.633832 20.804836 0.193224 1.306780 -8.376250 0.508287 -1.649728 6.735678 -1.348885 -0.183653 -3.933942 1.703339 6.691289 -0.754422 -1.318502 3.948373 -1.694837 19.011670 -7.376173 19.204401 46.383005 -25.382158 13.602968 -4.804991 -27.188931 -4.208522 -6.126223 -6.244701 0.000000 0.000000 0.000000 0.000000 0.000000 0.000000 0.000000 0.000000 0.000000 0.000000 0.000000 0.000000 0.000000 0.000000 0.000000 0.000000 0.000000 0.000000 0.000000 0.000000 0.000000 0.000000 0.000000 0.000000 0.000000 0.000000 0.000000 0.000000 0.000000 0.000000 0.000000 0.000000 0.000000 0.000000 0.000000 0.000000 0.000000 0.000000 0.000000 0.000000 0.000000 0.000000 -1.202288 -18.050587 10.786517 21.982777 -45.969668 25.361187 9.699226 8.176132 33.556585 -0.090081 -0.257591 4.278094 0.000000 0.000000 0.000000 0.000000 0.000000 0.000000 0.000000 0.000000 0.000000 0.000000 0.000000 0.000000 0.000000 0.000000 0.000000 0.000000 0.000000 0.000000 0.000000 0.000000 0.000000 0.000000 0.000000 0.000000 0.000000 0.000000 0.000000 0.000000 0.000000 0.000000 0.000000 0.000000 0.000000 0.000000 0.000000 0.000000 0.000000 0.000000 0.000000 0.000000 0.000000 0.000000
0.006578592 -0.141923421 1.410948 -7.075443 -0.007390 1.762830 -16.070439 -5.798149 0.177610 31.862575 5.486492 -6.504521 -7.185462 -1.892457 9.952393 -0.206691 -1.441332 -1.093995 -20.397884 6.003252 -0.985279 39.307277 -4.055402 1.542587 -5.809591 -3.066161 -7.375979 -1.075859 -1.907410 0.552820 22.607808 0.147633 1.203792 -8.965775 0.357136 -1.695663 6.932175 -1.295878 -0.205220 -4.836301 1.539894 7.211618 -1.096952 -1.200206 3.694768 -1.808737 18.786204 -7.882775 18.549241 45.803877 -25.224962 13.261235 -4.796699 -27.726684 -4.530681 -6.321923 -6.201485 0.000000 0.000000 0.000000 0.000000 0.000000 0.000000 0.000000 0.000000 0.000000 0.000000 0.000000 0.000000 0.000000 0.000000 0.000000 0.000000 0.000000 0.000000 0.000000 0.000000 0.000000 0.000000 0.000000 0.000000 0.000000 0.000000 0.000000 0.000000 0.000000 0.000000 0.000000 0.000000 0.000000 0.000000 0.000000 0.000000 0.000000 0.000000 0.000000 0.000000 0.000000 0.000000 -1.343895 -17.986989 11.066279 20.885772 -45.469063 24.866898 9.321148 8.390103 33.980883 -0.415376 -0.080033 4.283201 0.000000 0.000000 0.000000 0.000000 0.000000 0.000000 0.000000 0.000000 0.000000 0.000000 0.000000 0.000000 0.000000 0.000000 0.000000 0.000000 0.000000 0.000000 0.000000 0.000000 0.000000 0.000000 0.000000 0.000000 0.000000 0.000000 0.000000 0.000000 0.000000 0.000000 0.000000 0.000000 0.000000 0.000000 0.000000 0.000000 0.000000 0.000000 0.000000 0.000000 0.000000 0.000000
0.007377783 -0.152695302 1.403671 -7.138257 0.028213 1.724577 -18.457145 -6.245097 -0.140523 35.246620 6.066164 -6.684889 -7.441757 -1.928835 9.770762 -0.202349 -1.441721 -1.049878 -22.744018 6.288717 -0.742260 42.482425 -4.568429 1.716009 -6.233174 -2.891987 -7.226387 -1.105423 -1.978925 0.474812 24.133965 0.093731 1.184290 -9.489375 0.314275 -1.691428 7.097374 -1.259180 -0.239122 -5.506224 1.539293 7.501990 -1.476501 -1.072008 3.432196 -1.956084 18.574353 -8.300920 17.860290 45.454567 -25.181592 12.878517 -4.723982 -27.728770 -4.981395 -6.523271 -6.092456 0.000000 0.000000 0.000000 0.000000 0.000000 0.000000 0.000000 0.000000 0.000000 0.000000 0.000000 0.000000 0.000000 0.000000 0.000000 0.000000 0.000000 0.000000 0.000000 0.000000 0.000000 0.000000 0.000000 0.000000 0.000000 0.000000 0.000000 0.000000 0.000000 0.000000 0.000000 0.000000 0.000000 0.000000 0.000000 0.000000 0.000000 0.000000 0.000000 0.000000 0.000000 0.000000 -1.477889 -17.800138 11.346979 20.112430 -45.252563 24.677310 9.041567 8.484921 33.977031 -0.782111 0.208840 4.248734 0.000000 0.000000 0.000000 0.000000 0.000000 0.000000 0.000000 0.000000 0.000000 0.000000 0.000000 0.000000 0.000000 0.000000 0.000000 0.000000 0.000000 0.000000 0.000000 0.000000 0.000000 0.000000 0.000000 0.000000 0.000000 0.000000 0.000000 0.000000 0.000000 0.000000 0.000000 0.000000 0.000000 0.000000 0.000000 0.000000 0.000000 0.000000 0.000000 0.000000 0.000000 0.000000
0.007547164 -0.162605482 1.395159 -7.190192 0.121740 1.838882 -20.911866 -6.790690 -0.461107 38.673616 6.720232 -6.846763 -7.826318 -2.003588 9.432479 -0.204925 -1.414199 -1.027634 -25.001201 6.586649 -0.551681 45.522110 -5.139611 1.806529 -6.792417 -2.644454 -7.076044 -1.182921 -2.033855 0.409356 25.626979 0.051182 1.151176 -9.950063 0.204056 -1.710334 7.232278 -1.194094 -0.293024 -6.115906 1.477837 7.857084 -1.756286 -0.969781 3.303389 -2.050518 18.413746 -8.762325 17.136916 45.009378 -25.090044 12.448150 -4.698537 -27.850317 -5.410773 -6.593369 -6.054873 0.000000 0.000000 0.000000 0.000000 0.000000 0.000000 0.000000 0.000000 0.000000 0.000000 0.000000 0.000000 0.000000 0.000000 0.000000 0.000000 0.000000 0.000000 0.000000 0.000000 0.000000 0.000000 0.000000 0.000000 0.000000 0.000000 0.000000 0.000000 0.000000 0.000000 0.000000 0.000000 0.000000 0.000000 0.000000 0.000000 0.000000 0.000000 0.000000 0.000000 0.000000 0.000000 -1.542623 -17.718029 11.632529 19.198976 -44.898479 24.365693 8.660772 8.656640 34.079727 -1.047613 0.385788 4.253204 0.000000 0.000000 0.000000 0.000000 0.000000 0.000000 0.000000 0.000000 0.000000 0.000000 0.000000 0.000000 0.000000 0.000000 0.000000 0.000000 0.000000 0.000000 0.000000 0.000000 0.000000 0.000000 0.000000 0.000000 0.000000 0.000000 0.000000 0.000000 0.000000 0.000000 0.000000 0.000000 0.000000 0.000000 0.000000 0.000000 0.000000 0.000000 0.000000 0.000000 0.000000 0.000000
0.008330727 -0.171988269 1.385364 -7.194268 0.134733 1.864161 -23.346976 -7.240848 -0.803712 41.973421 7.358555 -6.985883 -8.361833 -2.132678 9.144721 -0.217123 -1.398972 -1.008936 -27.211460 6.933885 -0.343880 48.363931 -5.642152 1.956559 -7.650592 -2.337941 -6.872628 -1.236168 -2.055840 0.346765 27.003849 0.006654 1.156275 -10.342727 0.138415 -1.725311 7.324490 -1.139515 -0.310754 -6.675161 1.515073 8.203606 -2.055913 -0.843492 3.271290 -2.159734 18.280051 -9.224899 16.432375 44.541496 -25.036583 12.038453 -4.645633 -27.873752 -5.660066 -6.607506 -6.007993 0.000000 0.000000 0.000000 0.000000 0.000000 0.000000 0.000000 0.000000 0.000000 0.000000 0.000000 0.000000 0.000000 0.000000 0.000000 0.000000 0.000000 0.000000 0.000000 0.000000 0.000000 0.000000 0.000000 0.000000 0.000000 0.000000 0.000000 0.000000 0.000000 0.000000 0.000000 0.000000 0.000000 0.000000 0.000000 0.000000 0.000000 0.000000 0.000000 0.000000 0.000000 0.000000 -1.597238 -17.631673 11.910739 18.312660 -44.508014 24.099586 8.406749 8.729021 33.958931 -1.201956 0.561666 4.239964 0.000000 0.000000 0.000000 0.000000 0.000000 0.000000 0.000000 0.000000 0.000000 0.000000 0.000000 0.000000 0.000000 0.000000 0.000000 0.000000 0.000000 0.000000 0.000000 0.000000 0.000000 0.000000 0.000000 0.000000 0.000000 0.000000 0.000000 0.000000 0.000000 0.000000 0.000000 0.000000 0.000000 0.000000 0.000000 0.000000 0.000000 0.000000 0.000000 0.000000 0.000000 0.000000
0.010665699 -0.183521966 1.374461 -7.408093 0.044421 1.953746 -25.954350 -7.786677 -1.170776 45.780162 8.143098 -7.353873 -8.561208 -2.104988 8.811878 -0.231746 -1.420558 -1.006539 -29.697172 7.418391 -0.057526 51.920775 -6.273067 2.112217 -8.231517 -2.107108 -6.667999 -1.305097 -2.136129 0.288455 28.594443 0.001251 1.136899 -10.709546 0.022264 -1.726080 7.413900 -0.947441 -0.305471 -7.253247 1.414388 8.558596 -2.389154 -0.727273 3.056171 -2.279762 18.174886 -9.667784 15.621734 43.941913 -25.001697 11.490090 -4.697809 -28.025604 -5.847941 -6.913646 -5.940026 0.000000 0.000000 0.000000 0.000000 0.000000 0.000000 0.000000 0.000000 0.000000 0.000000 0.000000 0.000000 0.000000 0.000000 0.000000 0.000000 0.000000 0.000000 0.000000 0.000000 0.000000 0.000000 0.000000 0.000000 0.000000 0.000000 0.000000 0.000000 0.000000 0.000000 0.000000 0.000000 0.000000 0.000000 0.000000 0.000000 0.000000 0.000000 0.000000 0.000000 0.000000 0.000000 -1.596990 -17.626494 12.237420 17.324698 -44.042416 23.882118 8.092476 8.988235 34.107876 -1.256909 0.850378 4.258701 0.000000 0.000000 0.000000 0.000000 0.000000 0.000000 0.000000 0.000000 0.000000 0.000000 0.000000 0.000000 0.000000 0.000000 0.000000 0.000000 0.000000 0.000000 0.000000 0.000000 0.000000 0.000000 0.000000 0.000000 0.000000 0.000000 0.000000 0.000000 0.000000 0.000000 0.000000 0.000000 0.000000 0.000000 0.000000 0.000000 0.000000 0.000000 0.000000 0.000000 0.000000 0.000000
0.011786960 -0.188042226 1.362165 -7.363507 0.013683 1.977097 -28.275275 -8.207261 -1.544593 48.951235 8.738147 -7.546904 -9.520287 -2.501698 8.511167 -0.260025 -1.448778 -1.010726 -31.866550 7.770096 0.202268 54.797668 -6.762151 2.326159 -9.563529 -1.620352 -6.438308 -1.316237 -2.159708 0.272662 29.879772 -0.054598 1.148920 -10.970840 -0.061680 -1.705727 7.383863 -0.846233 -0.314864 -7.645709 1.472112 8.944314 -2.640069 -0.531980 2.993202 -2.335576 18.091274 -10.092565 14.822738 43.485124 -24.889009 11.083005 -4.712213 -27.894370 -5.934465 -6.891144 -5.822911 0.000000 0.000000 0.000000 0.000000 0.000000 0.000000 0.000000 0.000000 0.000000 0.000000 0.000000 0.000000 0.000000 0.000000 0.000000 0.000000 0.000000 0.000000 0.000000 0.000000 0.000000 0.000000 0.000000 0.000000 0.000000 0.000000 0.000000 0.000000 0.000000 0.000000 0.000000 0.000000 0.000000 0.000000 0.000000 0.000000 0.000000 0.000000 0.000000 0.000000 0.000000 0.000000 -1.568484 -17.568335 12.586899 16.505005 -43.592301 23.736031 7.939509 9.116617 33.935062 -1.463021 1.043084 4.283354 0.000000 0.000000 0.000000 0.000000 0.000000 0.000000 0.000000 0.000000 0.000000 0.000000 0.000000 0.000000 0.000000 0.000000 0.000000 0.000000 0.000000 0.000000 0.000000 0.000000 0.000000 0.000000 0.000000 0.000000 0.000000 0.000000 0.000000 0.000000 0.000000 0.000000 0.000000 0.000000 0.000000 0.000000 0.000000 0.000000 0.000000 0.000000 0.000000 0.000000 0.000000 0.000000
0.011838383 -0.191884298 1.348686 -7.343603 0.078603 2.015188 -30.653932 -8.636707 -1.928189 52.304282 9.273158 -7.840549 -10.626129 -3.039567 8.167795 -0.295680 -1.474293 -1.028109 -34.037360 8.027695 0.535732 57.763991 -7.186419 2.544829 -10.955982 -1.033333 -6.195771 -1.367441 -2.205857 0.231294 31.188536 -0.132906 1.133678 -11.316592 -0.179361 -1.707113 7.398055 -0.754316 -0.340159 -7.922661 1.598932 9.226665 -2.827034 -0.415652 2.929115 -2.395042 17.948907 -10.510379 14.042766 43.158286 -24.766550 10.561436 -4.803892 -27.849440 -6.010310 -6.938630 -5.639141 0.000000 0.000000 0.000000 0.000000 0.000000 0.000000 0.000000 0.000000 0.000000 0.000000 0.000000 0.000000 0.000000 0.000000 0.000000 0.000000 0.000000 0.000000 0.000000 0.000000 0.000000 0.000000 0.000000 0.000000 0.000000 0.000000 0.000000 0.000000 0.000000 0.000000 0.000000 0.000000 0.000000 0.000000 0.000000 0.000000 0.000000 0.000000 0.000000 0.000000 0.000000 0.000000 -1.517343 -17.435587 12.941988 15.735070 -43.221732 23.519642 7.706768 9.409632 34.218142 -1.521750 1.134981 4.320982 0.000000 0.000000 0.000000 0.000000 0.000000 0.000000 0.000000 0.000000 0.000000 0.000000 0.000000 0.000000 0.000000 0.000000 0.000000 0.000000 0.000000 0.000000 0.000000 0.000000 0.000000 0.000000 0.000000 0.000000 0.000000 0.000000 0.000000 0.000000 0.000000 0.000000 0.000000 0.000000 0.000000 0.000000 0.000000 0.000000 0.000000 0.000000 0.000000 0.000000 0.000000 0.000000
0.014689333 -0.211200142 1.334960 -8.027711 0.081626 2.166382 -33.425945 -9.357451 -2.336312 56.611314 9.884696 -8.269074 -10.320616 -2.787256 7.590228 -0.288611 -1.439106 -1.041006 -36.538299 8.414280 0.892221 61.696804 -7.816243 2.691448 -11.126782 -0.880773 -5.796299 -1.484076 -2.292285 0.149779 32.833811 -0.219040 1.175471 -11.503280 -0.389384 -1.710104 7.338220 -0.489373 -0.303113 -7.641840 1.544252 9.645384 -3.034678 -0.221698 2.951827 -2.400525 17.773720 -11.130699 12.952906 42.403522 -24.658018 10.138268 -4.786275 -27.685695 -5.774275 -7.095121 -5.331947 0.000000 0.000000 0.000000 0.000000 0.000000 0.000000 0.000000 0.000000 0.000000 0.000000 0.000000 0.000000 0.000000 0.000000 0.000000 0.000000 0.000000 0.000000 0.000000 0.000000 0.000000 0.000000 0.000000 0.000000 0.000000 0.000000 0.000000 0.000000 0.000000 0.000000 0.000000 0.000000 0.000000 0.000000 0.000000 0.000000 0.000000 0.000000 0.000000 0.000000 0.000000 0.000000 -1.279414 -17.507765 13.443567 14.445578 -42.691583 23.403990 7.277251 9.628250 33.872198 -1.228497 1.270721 4.124779 0.000000 0.000000 0.000000 0.000000 0.000000 0.000000 0.000000 0.000000 0.000000 0.000000 0.000000 0.000000 0.000000 0.000000 0.000000 0.000000 0.000000 0.000000 0.000000 0.000000 0.000000 0.000000 0.000000 0.000000 0.000000 0.000000 0.000000 0.000000 0.000000 0.000000 0.000000 0.000000 0.000000 0.000000 0.000000 0.000000 0.000000 0.000000 0.000000 0.000000 0.000000 0.000000
0.017016773 -0.220092156 1.320464 -8.252602 -0.007513 2.161239 -35.722794 -9.844274 -2.709557 60.063033 10.401435 -8.651758 -11.075776 -3.150659 7.159019 -0.331320 -1.475462 -1.087618 -38.551845 8.809386 1.184811 64.699773 -8.302246 2.814187 -12.585930 -0.351715 -5.361285 -1.534353 -2.269951 0.180253 34.176922 -0.286359 1.184967 -11.743937 -0.481725 -1.711569 7.278360 -0.361748 -0.294673 -7.796999 1.631870 9.775757 -3.322567 -0.082056 2.716462 -2.519382 17.673133 -11.565384 12.071426 42.046244 -24.423473 9.618755 -4.843351 -27.533410 -5.907511 -7.115384 -5.159134 0.000000 0.000000 0.000000 0.000000 0.000000 0.000000 0.000000 0.000000 0.000000 0.000000 0.000000 0.000000 0.000000 0.000000 0.000000 0.000000 0.000000 0.000000 0.000000 0.000000 0.000000 0.000000 0.000000 0.000000 0.000000 0.000000 0.000000 0.000000 0.000000 0.000000 0.000000 0.000000 0.000000 0.000000 0.000000 0.000000 0.000000 0.000000 0.000000 0.000000 0.000000 0.000000 -1.233463 -17.440778 13.860853 13.643376 -42.405971 23.274596 6.871003 9.766090 33.786519 -1.302037 1.432566 4.058329 0.000000 0.000000 0.000000 0.000000 0.000000 0.000000 0.000000 0.000000 0.000000 0.000000 0.000000 0.000000 0.000000 0.000000 0.000000 0.000000 0.000000 0.000000 0.000000 0.000000 0.000000 0.000000 0.000000 0.000000 0.000000 0.000000 0.000000 0.000000 0.000000 0.000000 0.000000 0.000000 0.000000 0.000000 0.000000 0.000000 0.000000 0.000000 0.000000 0.000000 0.000000 0.000000
0.018894310 -0.228218978 1.305702 -8.451576 -0.080457 2.322415 -37.954903 -10.165590 -3.134428 63.302316 10.779034 -9.020213 -12.023817 -3.663270 6.794142 -0.350787 -1.469451 -1.091444 -40.559105 9.165713 1.563580 67.678448 -8.765511 3.009443 -13.957063 0.130169 -5.145261 -1.593095 -2.250015 0.176121 35.376137 -0.364829 1.125263 -11.955174 -0.628357 -1.708092 7.200326 -0.245416 -0.308916 -7.851861 1.768301 9.853280 -3.482090 0.077920 2.564593 -2.577932 17.638708 -11.991079 11.292073 41.597172 -24.131810 9.040707 -4.969728 -27.691951 -5.871630 -7.097511 -4.998828 0.000000 0.000000 0.000000 0.000000 0.000000 0.000000 0.000000 0.000000 0.000000 0.000000 0.000000 0.000000 0.000000 0.000000 0.000000 0.000000 0.000000 0.000000 0.000000 0.000000 0.000000 0.000000 0.000000 0.000000 0.000000 0.000000 0.000000 0.000000 0.000000 0.000000 0.000000 0.000000 0.000000 0.000000 0.000000 0.000000 0.000000 0.000000 0.000000 0.000000 0.000000 0.000000 -1.134825 -17.454633 14.239791 12.745358 -41.910258 22.833440 6.432630 9.899150 34.147167 -1.417035 1.424285 4.068346 0.000000 0.000000 0.000000 0.000000 0.000000 0.000000 0.000000 0.000000 0.000000 0.000000 0.000000 0.000000 0.000000 0.000000 0.000000 0.000000 0.000000 0.000000 0.000000 0.000000 0.000000 0.000000 0.000000 0.000000 0.000000 0.000000 0.000000 0.000000 0.000000 0.000000 0.000000 0.000000 0.000000 0.000000 0.000000 0.000000 0.000000 0.000000 0.000000 0.000000 0.000000 0.000000
0.020382689 -0.235587190 1.290612 -8.614017 -0.101965 2.417595 -40.185110 -10.460935 -3.611319 66.575453 11.085041 -9.402251 -13.019994 -4.215869 6.448237 -0.385272 -1.471819 -1.104375 -42.635824 9.489141 1.972310 70.759227 -9.200864 3.268084 -15.138785 0.600407 -4.860250 -1.658721 -2.271663 0.177537 36.676112 -0.424084 1.063727 -12.207874 -0.818515 -1.666282 7.083582 -0.105516 -0.307173 -7.929985 1.871264 9.959812 -3.632723 0.187740 2.427406 -2.608138 17.592703 -12.394195 10.387252 41.083573 -23.718295 8.338599 -5.058316 -28.074292 -5.900165 -7.321392 -4.797394 0.000000 0.000000 0.000000 0.000000 0.000000 0.000000 0.000000 0.000000 0.000000 0.000000 0.000000 0.000000 0.000000 0.000000 0.000000 0.000000 0.000000 0.000000 0.000000 0.000000 0.000000 0.000000 0.000000 0.000000 0.000000 0.000000 0.000000 0.000000 0.000000 0.000000 0.000000 0.000000 0.000000 0.000000 0.000000 0.000000 0.000000 0.000000 0.000000 0.000000 0.000000 0.000000 -1.012749 -17.422277 14.631074 11.861256 -41.467199 22.480458 5.823074 10.007232 34.547044 -1.546929 1.499823 4.013095 0.000000 0.000000 0.000000 0.000000 0.000000 0.000000 0.000000 0.000000 0.000000 0.000000 0.000000 0.000000 0.000000 0.000000 0.000000 0.000000 0.000000 0.000000 0.000000 0.000000 0.000000 0.000000 0.000000 0.000000 0.000000 0.000000 0.000000 0.000000 0.000000 0.000000 0.000000 0.000000 0.000000 0.000000 0.000000 0.000000 0.000000 0.000000 0.000000 0.000000 0.000000 0.000000
0.019797844 -0.253474585 1.275518 -9.148151 0.051879 2.498975 -42.689318 -10.712228 -4.171179 70.312833 11.262647 -9.803300 -13.307416 -4.401967 6.151697 -0.394633 -1.410317 -1.119406 -45.088131 9.961340 2.456141 74.364940 -9.767999 3.468164 -14.900957 0.407655 -4.501232 -1.744729 -2.277896 0.180231 37.989824 -0.491774 1.066918 -12.319989 -1.057775 -1.606350 6.914830 0.106959 -0.257788 -7.534551 1.772842 10.020275 -3.658849 0.198669 2.142157 -2.549323 17.539059 -13.013298 9.273390 40.489241 -23.536572 7.448378 -4.993527 -27.931601 -6.045980 -7.720715 -4.497918 0.000000 0.000000 0.000000 0.000000 0.000000 0.000000 0.000000 0.000000 0.000000 0.000000 0.000000 0.000000 0.000000 0.000000 0.000000 0.000000 0.000000 0.000000 0.000000 0.000000 0.000000 0.000000 0.000000 0.000000 0.000000 0.000000 0.000000 0.000000 0.000000 0.000000 0.000000 0.000000 0.000000 0.000000 0.000000 0.000000 0.000000 0.000000 0.000000 0.000000 0.000000 0.000000 -0.727479 -17.432050 15.193101 10.717426 -40.965628 22.226100 5.130517 9.809186 34.107578 -1.670941 1.874249 3.806985 0.000000 0.000000 0.000000 0.000000 0.000000 0.000000 0.000000 0.000000 0.000000 0.000000 0.000000 0.000000 0.000000 0.000000 0.000000 0.000000 0.000000 0.000000 0.000000 0.000000 0.000000 0.000000 0.000000 0.000000 0.000000 0.000000 0.000000 0.000000 0.000000 0.000000 0.000000 0.000000 0.000000 0.000000 0.000000 0.000000 0.000000 0.000000 0.000000 0.000000 0.000000 0.000000
0.020648017 -0.257414880 1.260370 -9.448563 0.083851 2.526120 -44.578666 -10.982111 -4.582738 73.332161 11.481321 -10.159373 -14.669643 -5.067840 5.871228 -0.445513 -1.423240 -1.122040 -46.907753 10.319695 2.821051 77.247745 -10.173013 3.761306 -16.071120 0.784796 -4.205144 -1.800471 -2.266671 0.212569 39.189917 -0.540792 1.022455 -12.478081 -1.195225 -1.588921 6.787462 0.204067 -0.267117 -7.644551 1.834799 9.978769 -3.979159 0.232820 1.939798 -2.644958 17.489331 -13.430290 8.584392 40.152318 -23.312797 6.914026 -5.092260 -27.876207 -6.075561 -7.881203 -4.292451 0.000000 0.000000 0.000000 0.000000 0.000000 0.000000 0.000000 0.000000 0.000000 0.000000 0.000000 0.000000 0.000000 0.000000 0.000000 0.000000 0.000000 0.000000 0.000000 0.000000 0.000000 0.000000 0.000000 0.000000 0.000000 0.000000 0.000000 0.000000 0.000000 0.000000 0.000000 0.000000 0.000000 0.000000 0.000000 0.000000 0.000000 0.000000 0.000000 0.000000 0.000000 0.000000 -0.667277 -17.374225 15.611180 9.890436 -40.574550 21.961187 4.755352 9.813589 34.032452 -1.881680 2.054361 3.690296 0.000000 0.000000 0.000000 0.000000 0.000000 0.000000 0.000000 0.000000 0.000000 0.000000 0.000000 0.000000 0.000000 0.000000 0.000000 0.000000 0.000000 0.000000 0.000000 0.000000 0.000000 0.000000 0.000000 0.000000 0.000000 0.000000 0.000000 0.000000 0.000000 0.000000 0.000000 0.000000 0.000000 0.000000 0.000000 0.000000 0.000000 0.000000 0.000000 0.000000 0.000000 0.000000
0.021274094 -0.260094985 1.245146 -9.665402 0.098076 2.618767 -46.469817 -11.170603 -5.041779 76.223057 11.639804 -10.574664 -16.063491 -5.771323 5.569815 -0.497436 -1.453033 -1.114261 -48.724007 10.679086 3.215882 80.060707 -10.558971 4.062001 -17.256547 1.203282 -3.897930 -1.820178 -2.298414 0.243837 40.299633 -0.557260 0.962961 -12.597295 -1.362206 -1.574411 6.632791 0.245641 -0.307099 -7.756444 1.983510 9.984709 -4.259591 0.299761 1.675272 -2.676710 17.455638 -13.879120 7.973548 39.844313 -23.194072 6.496476 -5.284561 -27.789378 -5.997743 -7.934885 -4.105591 0.000000 0.000000 0.000000 0.000000 0.000000 0.000000 0.000000 0.000000 0.000000 0.000000 0.000000 0.000000 0.000000 0.000000 0.000000 0.000000 0.000000 0.000000 0.000000 0.000000 0.000000 0.000000 0.000000 0.000000 0.000000 0.000000 0.000000 0.000000 0.000000 0.000000 0.000000 0.000000 0.000000 0.000000 0.000000 0.000000 0.000000 0.000000 0.000000 0.000000 0.000000 0.000000 -0.555182 -17.366158 16.022198 9.111380 -40.208514 21.633642 4.298509 9.907120 34.032146 -2.168460 2.170026 3.690925 0.000000 0.000000 0.000000 0.000000 0.000000 0.000000 0.000000 0.000000 0.000000 0.000000 0.000000 0.000000 0.000000 0.000000 0.000000 0.000000 0.000000 0.000000 0.000000 0.000000 0.000000 0.000000 0.000000 0.000000 0.000000 0.000000 0.000000 0.000000 0.000000 0.000000 0.000000 0.000000 0.000000 0.000000 0.000000 0.000000 0.000000 0.000000 0.000000 0.000000 0.000000 0.000000
0.021392522 -0.261630012 1.229742 -9.778749 0.094607 2.638106 -48.294489 -11.474095 -5.473053 79.053603 11.838513 -11.047671 -17.511867 -6.469001 5.222191 -0.555339 -1.467076 -1.117963 -50.531404 11.073864 3.616991 82.875876 -10.979263 4.450476 -18.560664 1.665795 -3.539194 -1.833351 -2.311463 0.298273 41.256816 -0.613607 0.911113 -12.655610 -1.479862 -1.566084 6.437834 0.296529 -0.328457 -7.801605 2.131034 10.022335 -4.572630 0.380563 1.446012 -2.665422 17.365819 -14.361255 7.202119 39.592703 -23.047002 6.115701 -5.330821 -27.237034 -6.029702 -7.875958 -3.946056 0.000000 0.000000 0.000000 0.000000 0.000000 0.000000 0.000000 0.000000 0.000000 0.000000 0.000000 0.000000 0.000000 0.000000 0.000000 0.000000 0.000000 0.000000 0.000000 0.000000 0.000000 0.000000 0.000000 0.000000 0.000000 0.000000 0.000000 0.000000 0.000000 0.000000 0.000000 0.000000 0.000000 0.000000 0.000000 0.000000 0.000000 0.000000 0.000000 0.000000 0.000000 0.000000 -0.415991 -17.306309 16.445581 8.279486 -39.887103 21.364681 3.987248 9.917692 33.775716 -2.490326 2.237346 3.665993 0.000000 0.000000 0.000000 0.000000 0.000000 0.000000 0.000000 0.000000 0.000000 0.000000 0.000000 0.000000 0.000000 0.000000 0.000000 0.000000 0.000000 0.000000 0.000000 0.000000 0.000000 0.000000 0.000000 0.000000 0.000000 0.000000 0.000000 0.000000 0.000000 0.000000 0.000000 0.000000 0.000000 0.000000 0.000000 0.000000 0.000000 0.000000 0.000000 0.000000 0.000000 0.000000
0.023416237 -0.273823706 1.214915 -10.218475 0.263271 2.857967 -50.584841 -11.774077 -6.075208 82.253573 11.828210 -11.414807 -17.735616 -6.532180 4.930215 -0.541922 -1.363761 -1.107778 -52.690932 11.334248 4.136579 86.049476 -11.500572 4.788685 -18.281311 1.675583 -3.342567 -1.893187 -2.403834 0.305914 42.472403 -0.725726 0.823948 -12.732167 -1.708664 -1.540307 6.292076 0.392304 -0.347624 -7.494408 2.245596 10.226548 -4.721244 0.414394 1.239800 -2.493490 17.240732 -15.189096 6.211314 39.226410 -22.946810 5.549987 -5.355295 -26.575145 -5.747384 -7.939605 -3.830142 0.000000 0.000000 0.000000 0.000000 0.000000 0.000000 0.000000 0.000000 0.000000 0.000000 0.000000 0.000000 0.000000 0.000000 0.000000 0.000000 0.000000 0.000000 0.000000 0.000000 0.000000 0.000000 0.000000 0.000000 0.000000 0.000000 0.000000 0.000000 0.000000 0.000000 0.000000 0.000000 0.000000 0.000000 0.000000 0.000000 0.000000 0.000000 0.000000 0.000000 0.000000 0.000000 -0.109481 -17.167116 17.144504 7.296693 -39.390937 21.221789 3.792103 9.617114 32.986420 -2.806722 2.437059 3.554968 0.000000 0.000000 0.000000 0.000000 0.000000 0.000000 0.000000 0.000000 0.000000 0.000000 0.000000 0.000000 0.000000 0.000000 0.000000 0.000000 0.000000 0.000000 0.000000 0.000000 0.000000 0.000000 0.000000 0.000000 0.000000 0.000000 0.000000 0.000000 0.000000 0.000000 0.000000 0.000000 0.000000 0.000000 0.000000 0.000000 0.000000 0.000000 0.000000 0.000000 0.000000 0.000000
0.023849043 -0.275862121 1.200301 -10.555586 0.229352 2.786505 -52.099045 -12.044035 -6.423918 84.878900 11.942399 -11.895751 -19.010204 -7.147750 4.685032 -0.558317 -1.333408 -1.104554 -54.261492 11.750815 4.534009 88.696337 -11.813949 5.222801 -19.333644 2.050385 -2.943052 -1.913279 -2.454311 0.352289 43.528614 -0.781252 0.781817 -12.763359 -1.803386 -1.490165 6.079244 0.450829 -0.351853 -7.530565 2.396892 10.236972 -5.029555 0.470394 0.996057 -2.459223 17.105436 -15.750709 5.550123 39.010521 -22.832044 5.348374 -5.274672 -26.103246 -5.647541 -7.893884 -3.643548 0.000000 0.000000 0.000000 0.000000 0.000000 0.000000 0.000000 0.000000 0.000000 0.000000 0.000000 0.000000 0.000000 0.000000 0.000000 0.000000 0.000000 0.000000 0.000000 0.000000 0.000000 0.000000 0.000000 0.000000 0.000000 0.000000 0.000000 0.000000 0.000000 0.000000 0.000000 0.000000 0.000000 0.000000 0.000000 0.000000 0.000000 0.000000 0.000000 0.000000 0.000000 0.000000 0.026195 -17.025288 17.658245 6.548385 -39.142650 21.001315 3.539433 9.434473 32.636500 -3.088919 2.468273 3.492323 0.000000 0.000000 0.000000 0.000000 0.000000 0.000000 0.000000 0.000000 0.000000 0.000000 0.000000 0.000000 0.000000 0.000000 0.000000 0.000000 0.000000 0.000000 0.000000 0.000000 0.000000 0.000000 0.000000 0.000000 0.000000 0.000000 0.000000 0.000000 0.000000 0.000000 0.000000 0.000000 0.000000 0.000000 0.000000 0.000000 0.000000 0.000000 0.000000 0.000000 0.000000 0.000000
0.023750517 -0.277651767 1.185843 -10.879618 0.168735 2.807861 -53.688712 -12.235259 -6.869070 87.482200 12.001208 -12.366220 -20.042467 -7.603389 4.494827 -0.612405 -1.329190 -1.104734 -55.844676 12.136764 4.971516 91.341373 -12.154543 5.561841 -20.303387 2.358140 -2.607245 -1.965123 -2.497623 0.402619 44.531208 -0.828206 0.730508 -12.802075 -1.929390 -1.438929 5.897198 0.532671 -0.385082 -7.776746 2.437965 10.181396 -5.442726 0.522907 0.681838 -2.408866 17.078833 -16.339769 4.995219 38.698779 -22.630025 5.101000 -5.249018 -25.823554 -5.718144 -7.863073 -3.632253 0.000000 0.000000 0.000000 0.000000 0.000000 0.000000 0.000000 0.000000 0.000000 0.000000 0.000000 0.000000 0.000000 0.000000 0.000000 0.000000 0.000000 0.000000 0.000000 0.000000 0.000000 0.000000 0.000000 0.000000 0.000000 0.000000 0.000000 0.000000 0.000000 0.000000 0.000000 0.000000 0.000000 0.000000 0.000000 0.000000 0.000000 0.000000 0.000000 0.000000 0.000000 0.000000 0.120817 -16.998187 18.147899 5.945691 -38.868785 20.758337 3.283892 9.344122 32.422241 -3.459556 2.454935 3.486228 0.000000 0.000000 0.000000 0.000000 0.000000 0.000000 0.000000 0.000000 0.000000 0.000000 0.000000 0.000000 0.000000 0.000000 0.000000 0.000000 0.000000 0.000000 0.000000 0.000000 0.000000 0.000000 0.000000 0.000000 0.000000 0.000000 0.000000 0.000000 0.000000 0.000000 0.000000 0.000000 0.000000 0.000000 0.000000 0.000000 0.000000 0.000000 0.000000 0.000000 0.000000 0.000000
0.024038477 -0.279553890 1.171517 -11.342908 0.137193 2.798900 -55.092374 -12.468151 -7.262854 89.961209 12.053151 -12.876239 -21.158938 -8.111672 4.314494 -0.643792 -1.330592 -1.097500 -57.269764 12.614775 5.389741 93.899632 -12.514518 6.026624 -21.242966 2.687317 -2.253191 -1.967008 -2.567905 0.460696 45.570194 -0.887718 0.711050 -12.905946 -2.029872 -1.376799 5.757814 0.588427 -0.401359 -8.030534 2.549988 10.080340 -5.914730 0.570780 0.331091 -2.324009 17.011747 -16.979655 4.363048 38.559047 -22.488937 4.846812 -5.240515 -25.224836 -5.760974 -7.851538 -3.496031 0.000000 0.000000 0.000000 0.000000 0.000000 0.000000 0.000000 0.000000 0.000000 0.000000 0.000000 0.000000 0.000000 0.000000 0.000000 0.000000 0.000000 0.000000 0.000000 0.000000 0.000000 0.000000 0.000000 0.000000 0.000000 0.000000 0.000000 0.000000 0.000000 0.000000 0.000000 0.000000 0.000000 0.000000 0.000000 0.000000 0.000000 0.000000 0.000000 0.000000 0.000000 0.000000 0.254418 -16.873608 18.700645 5.281888 -38.739031 20.437216 3.021960 9.277979 32.057631 -3.851657 2.565930 3.475935 0.000000 0.000000 0.000000 0.000000 0.000000 0.000000 0.000000 0.000000 0.000000 0.000000 0.000000 0.000000 0.000000 0.000000 0.000000 0.000000 0.000000 0.000000 0.000000 0.000000 0.000000 0.000000 0.000000 0.000000 0.000000 0.000000 0.000000 0.000000 0.000000 0.000000 0.000000 0.000000 0.000000 0.000000 0.000000 0.000000 0.000000 0.000000 0.000000 0.000000 0.000000 0.000000
0.025405168 -0.285138388 1.157782 -12.081067 0.094918 2.767251 -56.655775 -12.648462 -7.732730 92.709589 11.968054 -13.416241 -21.356100 -8.206211 4.289452 -0.681640 -1.335533 -1.104595 -58.945282 13.087091 5.908656 96.817447 -12.853197 6.586234 -21.037765 2.709901 -2.042621 -1.962680 -2.617863 0.545183 46.696334 -0.972843 0.662044 -12.783023 -2.153168 -1.303445 5.411991 0.731361 -0.430844 -8.325039 2.564373 10.099581 -6.392467 0.608012 -0.166104 -2.203606 16.892939 -17.659638 3.716861 38.172098 -22.292189 4.520745 -5.162275 -25.132524 -6.093933 -8.046713 -3.274126 0.000000 0.000000 0.000000 0.000000 0.000000 0.000000 0.000000 0.000000 0.000000 0.000000 0.000000 0.000000 0.000000 0.000000 0.000000 0.000000 0.000000 0.000000 0.000000 0.000000 0.000000 0.000000 0.000000 0.000000 0.000000 0.000000 0.000000 0.000000 0.000000 0.000000 0.000000 0.000000 0.000000 0.000000 0.000000 0.000000 0.000000 0.000000 0.000000 0.000000 0.000000 0.000000 0.465345 -16.633550 19.385095 4.547944 -38.476797 20.163728 2.651574 8.939109 31.767603 -4.544111 2.838429 3.347006 0.000000 0.000000 0.000000 0.000000 0.000000 0.000000 0.000000 0.000000 0.000000 0.000000 0.000000 0.000000 0.000000 0.000000 0.000000 0.000000 0.000000 0.000000 0.000000 0.000000 0.000000 0.000000 0.000000 0.000000 0.000000 0.000000 0.000000 0.000000 0.000000 0.000000 0.000000 0.000000 0.000000 0.000000 0.000000 0.000000 0.000000 0.000000 0.000000 0.000000 0.000000 0.000000
0.026194955 -0.289309493 1.144397 -12.637678 0.013594 2.758428 -57.971370 -12.859594 -8.136995 95.118536 11.927023 -13.945242 -22.026545 -8.475091 4.071743 -0.715566 -1.344751 -1.098067 -60.205568 13.504226 6.316246 99.230467 -13.062188 7.059427 -21.854043 3.032417 -1.728973 -1.957908 -2.667948 0.590387 47.697836 -1.065793 0.647434 -12.775472 -2.220647 -1.252561 5.257017 0.788419 -0.421788 -8.530064 2.700920 10.106361 -6.837269 0.699238 -0.377065 -2.108683 16.814684 -18.280710 3.112106 37.939228 -22.045466 4.312831 -5.127654 -24.917654 -6.238263 -7.829266 -3.153650 0.000000 0.000000 0.000000 0.000000 0.000000 0.000000 0.000000 0.000000 0.000000 0.000000 0.000000 0.000000 0.000000 0.000000 0.000000 0.000000 0.000000 0.000000 0.000000 0.000000 0.000000 0.000000 0.000000 0.000000 0.000000 0.000000 0.000000 0.000000 0.000000 0.000000 0.000000 0.000000 0.000000 0.000000 0.000000 0.000000 0.000000 0.000000 0.000000 0.000000 0.000000 0.000000 0.665143 -16.513234 19.992479 3.866562 -38.240479 19.797354 2.289620 8.858387 31.746489 -4.820503 2.844695 3.361329 0.000000 0.000000 0.000000 0.000000 0.000000 0.000000 0.000000 0.000000 0.000000 0.000000 0.000000 0.000000 0.000000 0.000000 0.000000 0.000000 0.000000 0.000000 0.000000 0.000000 0.000000 0.000000 0.000000 0.000000 0.000000 0.000000 0.000000 0.000000 0.000000 0.000000 0.000000 0.000000 0.000000 0.000000 0.000000 0.000000 0.000000 0.000000 0.000000 0.000000 0.000000 0.000000
0.026741769 -0.292470465 1.131362 -13.090213 0.057459 2.739906 -59.197174 -12.993916 -8.547127 97.336122 11.781996 -14.367138 -22.989120 -8.888563 3.931242 -0.757864 -1.334352 -1.085193 -61.438156 13.747343 6.702823 101.519993 -13.212476 7.424499 -22.648078 3.354879 -1.422115 -1.973316 -2.729268 0.619053 48.565045 -1.125942 0.618429 -12.747647 -2.323426 -1.196624 5.115006 0.836194 -0.420284 -8.754596 2.734208 10.044896 -7.269329 0.807487 -0.667078 -2.052199 16.741628 -18.816744 2.572549 37.732428 -21.790261 4.084153 -5.128660 -24.677367 -6.332992 -7.619544 -3.119354 0.000000 0.000000 0.000000 0.000000 0.000000 0.000000 0.000000 0.000000 0.000000 0.000000 0.000000 0.000000 0.000000 0.000000 0.000000 0.000000 0.000000 0.000000 0.000000 0.000000 0.000000 0.000000 0.000000 0.000000 0.000000 0.000000 0.000000 0.000000 0.000000 0.000000 0.000000 0.000000 0.000000 0.000000 0.000000 0.000000 0.000000 0.000000 0.000000 0.000000 0.000000 0.000000 0.796797 -16.425786 20.521343 3.288565 -37.928113 19.490439 2.134122 8.708047 31.595335 -5.164710 2.832833 3.303351 0.000000 0.000000 0.000000 0.000000 0.000000 0.000000 0.000000 0.000000 0.000000 0.000000 0.000000 0.000000 0.000000 0.000000 0.000000 0.000000 0.000000 0.000000 0.000000 0.000000 0.000000 0.000000 0.000000 0.000000 0.000000 0.000000 0.000000 0.000000 0.000000 0.000000 0.000000 0.000000 0.000000 0.000000 0.000000 0.000000 0.000000 0.000000 0.000000 0.000000 0.000000 0.000000
0.028817274 -0.301401610 1.119791 -14.090804 0.017538 2.692273 -60.412775 -13.201287 -9.076850 99.884884 11.574153 -14.976578 -22.584266 -8.552011 4.070752 -0.745323 -1.317332 -1.102106 -62.464900 14.125478 7.113610 104.027400 -13.445731 8.012778 -22.660273 3.294458 -1.340110 -1.922575 -2.678578 0.647733 49.605844 -1.305249 0.624060 -12.726201 -2.403566 -1.135486 5.050251 0.878021 -0.420455 -8.803787 2.753612 9.970957 -7.796449 0.905363 -1.036897 -1.918928 16.552960 -19.524955 1.838836 37.616653 -21.451290 3.844138 -5.146561 -24.125138 -6.739984 -7.339215 -2.943418 0.000000 0.000000 0.000000 0.000000 0.000000 0.000000 0.000000 0.000000 0.000000 0.000000 0.000000 0.000000 0.000000 0.000000 0.000000 0.000000 0.000000 0.000000 0.000000 0.000000 0.000000 0.000000 0.000000 0.000000 0.000000 0.000000 0.000000 0.000000 0.000000 0.000000 0.000000 0.000000 0.000000 0.000000 0.000000 0.000000 0.000000 0.000000 0.000000 0.000000 0.000000 0.000000 0.929518 -16.210590 21.153538 2.527230 -37.779739 19.120462 1.881564 8.548773 31.139444 -5.658958 3.109857 3.148623 0.000000 0.000000 0.000000 0.000000 0.000000 0.000000 0.000000 0.000000 0.000000 0.000000 0.000000 0.000000 0.000000 0.000000 0.000000 0.000000 0.000000 0.000000 0.000000 0.000000 0.000000 0.000000 0.000000 0.000000 0.000000 0.000000 0.000000 0.000000 0.000000 0.000000 0.000000 0.000000 0.000000 0.000000 0.000000 0.000000 0.000000 0.000000 0.000000 0.000000 0.000000 0.000000
0.029839405 -0.305999865 1.108911 -14.694806 0.031553 2.659747 -61.419052 -13.308740 -9.456588 101.789638 11.401597 -15.431995 -23.102888 -8.702079 4.030571 -0.736549 -1.325862 -1.108170 -63.353721 14.450531 7.367720 105.900058 -13.530904 8.395697 -23.333902 3.569349 -1.040326 -1.887445 -2.731458 0.645161 50.492918 -1.345823 0.641888 -12.687581 -2.465845 -1.094759 4.925546 0.888270 -0.391037 -8.974946 2.871599 10.032611 -8.219058 0.885579 -1.197049 -1.885009 16.447958 -19.987705 1.274411 37.530183 -21.145938 3.361601 -5.267997 -24.253697 -7.052044 -7.331412 -2.895541 0.000000 0.000000 0.000000 0.000000 0.000000 0.000000 0.000000 0.000000 0.000000 0.000000 0.000000 0.000000 0.000000 0.000000 0.000000 0.000000 0.000000 0.000000 0.000000 0.000000 0.000000 0.000000 0.000000 0.000000 0.000000 0.000000 0.000000 0.000000 0.000000 0.000000 0.000000 0.000000 0.000000 0.000000 0.000000 0.000000 0.000000 0.000000 0.000000 0.000000 0.000000 0.000000 0.994431 -15.985040 21.622903 2.008016 -37.738869 18.758256 1.388901 8.533005 31.318446 -5.979587 3.282413 3.145754 0.000000 0.000000 0.000000 0.000000 0.000000 0.000000 0.000000 0.000000 0.000000 0.000000 0.000000 0.000000 0.000000 0.000000 0.000000 0.000000 0.000000 0.000000 0.000000 0.000000 0.000000 0.000000 0.000000 0.000000 0.000000 0.000000 0.000000 0.000000 0.000000 0.000000 0.000000 0.000000 0.000000 0.000000 0.000000 0.000000 0.000000 0.000000 0.000000 0.000000 0.000000 0.000000
0.030514544 -0.310083109 1.098884 -15.307279 -0.016972 2.569928 -62.371355 -13.417507 -9.843555 103.594274 11.257812 -15.923331 -23.295008 -8.759452 4.051956 -0.741469 -1.340331 -1.139996 -64.264813 14.691026 7.647624 107.727568 -13.540921 8.779741 -23.749258 3.814752 -0.813493 -1.881768 -2.786963 0.651440 51.291714 -1.377595 0.626729 -12.659217 -2.508332 -1.046325 4.779046 0.908487 -0.390673 -9.145905 2.973994 10.040413 -8.543639 0.911049 -1.369029 -1.849093 16.315285 -20.349282 0.821841 37.368765 -20.850443 3.141533 -5.359848 -24.377014 -7.226060 -7.182625 -2.903727 0.000000 0.000000 0.000000 0.000000 0.000000 0.000000 0.000000 0.000000 0.000000 0.000000 0.000000 0.000000 0.000000 0.000000 0.000000 0.000000 0.000000 0.000000 0.000000 0.000000 0.000000 0.000000 0.000000 0.000000 0.000000 0.000000 0.000000 0.000000 0.000000 0.000000 0.000000 0.000000 0.000000 0.000000 0.000000 0.000000 0.000000 0.000000 0.000000 0.000000 0.000000 0.000000 1.086567 -15.791151 22.011748 1.561826 -37.590346 18.517708 1.277841 8.512677 31.313864 -6.123947 3.185779 3.135283 0.000000 0.000000 0.000000 0.000000 0.000000 0.000000 0.000000 0.000000 0.000000 0.000000 0.000000 0.000000 0.000000 0.000000 0.000000 0.000000 0.000000 0.000000 0.000000 0.000000 0.000000 0.000000 0.000000 0.000000 0.000000 0.000000 0.000000 0.000000 0.000000 0.000000 0.000000 0.000000 0.000000 0.000000 0.000000 0.000000 0.000000 0.000000 0.000000 0.000000 0.000000 0.000000
0.031047413 -0.314312951 1.089558 -15.919822 -0.098200 2.518064 -63.195463 -13.518808 -10.207792 105.255248 11.139004 -16.362114 -23.502600 -8.777390 4.017308 -0.718887 -1.315177 -1.138144 -65.008389 14.892756 7.920562 109.393722 -13.531989 9.010602 -24.334485 4.029861 -0.590568 -1.870190 -2.821848 0.623765 51.989811 -1.405858 0.632046 -12.612891 -2.544705 -1.017319 4.673825 0.930906 -0.355648 -9.281187 3.070681 10.016147 -8.873359 0.949227 -1.537506 -1.861176 16.234821 -20.622717 0.494391 37.307101 -20.564305 2.873884 -5.514432 -24.592008 -7.383534 -7.028745 -2.946835 0.000000 0.000000 0.000000 0.000000 0.000000 0.000000 0.000000 0.000000 0.000000 0.000000 0.000000 0.000000 0.000000 0.000000 0.000000 0.000000 0.000000 0.000000 0.000000 0.000000 0.000000 0.000000 0.000000 0.000000 0.000000 0.000000 0.000000 0.000000 0.000000 0.000000 0.000000 0.000000 0.000000 0.000000 0.000000 0.000000 0.000000 0.000000 0.000000 0.000000 0.000000 0.000000 1.141150 -15.700400 22.344015 1.179154 -37.522415 18.246509 1.043053 8.502426 31.336680 -6.220617 3.184036 3.123672 0.000000 0.000000 0.000000 0.000000 0.000000 0.000000 0.000000 0.000000 0.000000 0.000000 0.000000 0.000000 0.000000 0.000000 0.000000 0.000000 0.000000 0.000000 0.000000 0.000000 0.000000 0.000000 0.000000 0.000000 0.000000 0.000000 0.000000 0.000000 0.000000 0.000000 0.000000 0.000000 0.000000 0.000000 0.000000 0.000000 0.000000 0.000000 0.000000 0.000000 0.000000 0.000000
0.034878769 -0.329769195 1.082130 -17.078334 -0.215171 2.370061 -63.998248 -13.575769 -10.613583 107.157345 10.839506 -16.821039 -22.288814 -8.242189 4.269228 -0.710009 -1.311904 -1.147489 -65.705148 15.103261 8.180373 111.310581 -13.463607 9.346512 -23.693807 3.913830 -0.575276 -1.818813 -2.853023 0.654072 52.973667 -1.425193 0.663767 -12.430854 -2.577380 -0.995565 4.581707 0.953375 -0.321662 -9.366502 3.211060 10.030041 -9.265696 0.994600 -1.694233 -1.852751 16.121728 -21.216107 0.026131 37.120675 -20.144592 2.766446 -5.714504 -24.604257 -7.630101 -6.772530 -2.887149 0.000000 0.000000 0.000000 0.000000 0.000000 0.000000 0.000000 0.000000 0.000000 0.000000 0.000000 0.000000 0.000000 0.000000 0.000000 0.000000 0.000000 0.000000 0.000000 0.000000 0.000000 0.000000 0.000000 0.000000 0.000000 0.000000 0.000000 0.000000 0.000000 0.000000 0.000000 0.000000 0.000000 0.000000 0.000000 0.000000 0.000000 0.000000 0.000000 0.000000 0.000000 0.000000 1.176378 -15.552710 22.938931 0.611580 -37.329342 18.019042 0.702825 8.457948 30.987617 -6.461365 3.205276 3.001104 0.000000 0.000000 0.000000 0.000000 0.000000 0.000000 0.000000 0.000000 0.000000 0.000000 0.000000 0.000000 0.000000 0.000000 0.000000 0.000000 0.000000 0.000000 0.000000 0.000000 0.000000 0.000000 0.000000 0.000000 0.000000 0.000000 0.000000 0.000000 0.000000 0.000000 0.000000 0.000000 0.000000 0.000000 0.000000 0.000000 0.000000 0.000000 0.000000 0.000000 0.000000 0.000000
0.035569806 -0.334225133 1.074835 -17.730811 -0.239540 2.319031 -64.686778 -13.597624 -10.949784 108.625435 10.646792 -17.187226 -22.170029 -8.170586 4.328891 -0.707675 -1.317347 -1.169487 -66.340907 15.307443 8.427052 112.808540 -13.447301 9.586158 -23.759568 3.948952 -0.443560 -1.798495 -2.882428 0.649342 53.539001 -1.470089 0.671457 -12.376160 -2.585325 -0.967433 4.491287 0.964867 -0.316006 -9.499352 3.227557 9.928662 -9.396833 0.995752 -1.903053 -1.839158 16.039255 -21.469789 -0.197270 37.090621 -19.951966 2.661257 -5.859621 -24.680136 -7.854545 -6.653640 -2.933890 0.000000 0.000000 0.000000 0.000000 0.000000 0.000000 0.000000 0.000000 0.000000 0.000000 0.000000 0.000000 0.000000 0.000000 0.000000 0.000000 0.000000 0.000000 0.000000 0.000000 0.000000 0.000000 0.000000 0.000000 0.000000 0.000000 0.000000 0.000000 0.000000 0.000000 0.000000 0.000000 0.000000 0.000000 0.000000 0.000000 0.000000 0.000000 0.000000 0.000000 0.000000 0.000000 1.204797 -15.472826 23.220723 0.388372 -37.211114 17.876152 0.612882 8.435568 30.757294 -6.518848 3.194770 2.959255 0.000000 0.000000 0.000000 0.000000 0.000000 0.000000 0.000000 0.000000 0.000000 0.000000 0.000000 0.000000 0.000000 0.000000 0.000000 0.000000 0.000000 0.000000 0.000000 0.000000 0.000000 0.000000 0.000000 0.000000 0.000000 0.000000 0.000000 0.000000 0.000000 0.000000 0.000000 0.000000 0.000000 0.000000 0.000000 0.000000 0.000000 0.000000 0.000000 0.000000 0.000000 0.000000
0.035901603 -0.338180925 1.068522 -18.404051 -0.261547 2.276398 -65.227203 -13.661433 -11.245397 109.996315 10.447915 -17.530993 -22.025467 -8.081759 4.353070 -0.722376 -1.310941 -1.163502 -66.830032 15.493944 8.656242 114.219514 -13.421677 9.832640 -23.752477 3.990327 -0.330185 -1.787416 -2.910333 0.624465 54.143736 -1.500390 0.698879 -12.308826 -2.605034 -0.963723 4.433777 0.991830 -0.307362 -9.592619 3.177770 9.851600 -9.662772 0.933342 -2.000602 -1.812918 15.908184 -21.745960 -0.413927 37.044679 -19.840852 2.731310 -5.934723 -24.463951 -8.007314 -6.493524 -2.936698 0.000000 0.000000 0.000000 0.000000 0.000000 0.000000 0.000000 0.000000 0.000000 0.000000 0.000000 0.000000 0.000000 0.000000 0.000000 0.000000 0.000000 0.000000 0.000000 0.000000 0.000000 0.000000 0.000000 0.000000 0.000000 0.000000 0.000000 0.000000 0.000000 0.000000 0.000000 0.000000 0.000000 0.000000 0.000000 0.000000 0.000000 0.000000 0.000000 0.000000 0.000000 0.000000 1.201491 -15.371035 23.503350 0.093194 -37.199294 17.824362 0.531026 8.356119 30.353733 -6.565219 3.211077 2.884013 0.000000 0.000000 0.000000 0.000000 0.000000 0.000000 0.000000 0.000000 0.000000 0.000000 0.000000 0.000000 0.000000 0.000000 0.000000 0.000000 0.000000 0.000000 0.000000 0.000000 0.000000 0.000000 0.000000 0.000000 0.000000 0.000000 0.000000 0.000000 0.000000 0.000000 0.000000 0.000000 0.000000 0.000000 0.000000 0.000000 0.000000 0.000000 0.000000 0.000000 0.000000 0.000000
0.036194177 -0.341434510 1.062959 -19.000552 -0.361929 2.278318 -65.754806 -13.599433 -11.532113 111.134842 10.311678 -17.835847 -21.771136 -7.946783 4.386222 -0.756751 -1.335703 -1.180366 -67.326469 15.563127 8.917191 115.406748 -13.322180 9.993373 -23.740940 3.999317 -0.290286 -1.760043 -2.910167 0.625805 54.570435 -1.538312 0.680602 -12.229869 -2.617055 -0.955175 4.320101 1.014035 -0.321971 -9.644104 3.164405 9.858583 -9.725445 0.940354 -2.122339 -1.770973 15.827722 -21.954240 -0.563235 37.066679 -19.689530 2.737740 -6.016205 -24.372707 -8.188491 -6.119657 -3.065611 0.000000 0.000000 0.000000 0.000000 0.000000 0.000000 0.000000 0.000000 0.000000 0.000000 0.000000 0.000000 0.000000 0.000000 0.000000 0.000000 0.000000 0.000000 0.000000 0.000000 0.000000 0.000000 0.000000 0.000000 0.000000 0.000000 0.000000 0.000000 0.000000 0.000000 0.000000 0.000000 0.000000 0.000000 0.000000 0.000000 0.000000 0.000000 0.000000 0.000000 0.000000 0.000000 1.228488 -15.277061 23.728032 0.001548 -37.212231 17.766280 0.568090 8.337545 30.221595 -6.668484 3.020806 2.902017 0.000000 0.000000 0.000000 0.000000 0.000000 0.000000 0.000000 0.000000 0.000000 0.000000 0.000000 0.000000 0.000000 0.000000 0.000000 0.000000 0.000000 0.000000 0.000000 0.000000 0.000000 0.000000 0.000000 0.000000 0.000000 0.000000 0.000000 0.000000 0.000000 0.000000 0.000000 0.000000 0.000000 0.000000 0.000000 0.000000 0.000000 0.000000 0.000000 0.000000 0.000000 0.000000
0.036873983 -0.345006949 1.058565 -19.774205 -0.306513 2.250459 -66.207918 -13.542614 -11.803514 112.341594 10.042197 -18.070333 -21.169353 -7.696312 4.475984 -0.762962 -1.354700 -1.159638 -67.772236 15.720891 9.101189 116.653668 -13.213963 10.258132 -23.062611 3.808473 -0.258198 -1.699888 -2.911062 0.637421 55.095507 -1.546755 0.729752 -12.003705 -2.647325 -0.942986 4.183780 1.048083 -0.309308 -9.644065 3.121471 9.793178 -9.947453 0.897389 -2.241189 -1.690938 15.747516 -22.306665 -0.855607 37.047851 -19.537572 2.652320 -6.143567 -24.065615 -8.386062 -6.051800 -3.059978 0.000000 0.000000 0.000000 0.000000 0.000000 0.000000 0.000000 0.000000 0.000000 0.000000 0.000000 0.000000 0.000000 0.000000 0.000000 0.000000 0.000000 0.000000 0.000000 0.000000 0.000000 0.000000 0.000000 0.000000 0.000000 0.000000 0.000000 0.000000 0.000000 0.000000 0.000000 0.000000 0.000000 0.000000 0.000000 0.000000 0.000000 0.000000 0.000000 0.000000 0.000000 0.000000 1.276682 -15.140960 24.057653 -0.214261 -37.298269 17.803053 0.425189 8.412379 29.774600 -6.819628 3.045812 2.813211 0.000000 0.000000 0.000000 0.000000 0.000000 0.000000 0.000000 0.000000 0.000000 0.000000 0.000000 0.000000 0.000000 0.000000 0.000000 0.000000 0.000000 0.000000 0.000000 0.000000 0.000000 0.000000 0.000000 0.000000 0.000000 0.000000 0.000000 0.000000 0.000000 0.000000 0.000000 0.000000 0.000000 0.000000 0.000000 0.000000 0.000000 0.000000 0.000000 0.000000 0.000000 0.000000
0.037221062 -0.347933866 1.054760 -20.303505 -0.279009 2.233393 -66.679408 -13.498855 -12.045339 113.401562 9.814732 -18.346840 -20.627522 -7.487749 4.592331 -0.727401 -1.351439 -1.154489 -68.185662 15.908971 9.249198 117.726129 -13.145383 10.533412 -22.628738 3.745881 -0.236425 -1.669154 -2.932561 0.615847 55.465478 -1.551501 0.786822 -11.835001 -2.678663 -0.957432 4.072750 1.049038 -0.302276 -9.669570 3.095769 9.825419 -10.083378 0.883985 -2.363157 -1.696123 15.643779 -22.503029 -0.916388 37.054891 -19.506349 2.699792 -6.226082 -23.916421 -8.538574 -5.933149 -3.156178 0.000000 0.000000 0.000000 0.000000 0.000000 0.000000 0.000000 0.000000 0.000000 0.000000 0.000000 0.000000 0.000000 0.000000 0.000000 0.000000 0.000000 0.000000 0.000000 0.000000 0.000000 0.000000 0.000000 0.000000 0.000000 0.000000 0.000000 0.000000 0.000000 0.000000 0.000000 0.000000 0.000000 0.000000 0.000000 0.000000 0.000000 0.000000 0.000000 0.000000 0.000000 0.000000 1.296790 -15.097228 24.258743 -0.351907 -37.328619 17.703104 0.145502 8.372536 29.691628 -7.117812 3.061362 2.841951 0.000000 0.000000 0.000000 0.000000 0.000000 0.000000 0.000000 0.000000 0.000000 0.000000 0.000000 0.000000 0.000000 0.000000 0.000000 0.000000 0.000000 0.000000 0.000000 0.000000 0.000000 0.000000 0.000000 0.000000 0.000000 0.000000 0.000000 0.000000 0.000000 0.000000 0.000000 0.000000 0.000000 0.000000 0.000000 0.000000 0.000000 0.000000 0.000000 0.000000 0.000000 0.000000
0.037560295 -0.350293727 1.052185 -20.970938 -0.308408 2.154587 -66.758293 -13.454297 -12.188087 114.155701 9.650997 -18.454941 -20.336386 -7.316080 4.590480 -0.760476 -1.354355 -1.141231 -68.258337 15.984413 9.343942 118.472287 -13.000282 10.582716 -22.481761 3.658789 -0.124799 -1.646653 -2.864332 0.623155 55.858884 -1.550643 0.803073 -11.834296 -2.626790 -0.958942 4.095727 1.035130 -0.303317 -9.523085 3.064021 9.749592 -10.112801 0.842168 -2.350693 -1.728677 15.599045 -22.575511 -1.027466 37.120215 -19.364260 2.825547 -6.278985 -23.828602 -8.609440 -5.693787 -3.120079 0.000000 0.000000 0.000000 0.000000 0.000000 0.000000 0.000000 0.000000 0.000000 0.000000 0.000000 0.000000 0.000000 0.000000 0.000000 0.000000 0.000000 0.000000 0.000000 0.000000 0.000000 0.000000 0.000000 0.000000 0.000000 0.000000 0.000000 0.000000 0.000000 0.000000 0.000000 0.000000 0.000000 0.000000 0.000000 0.000000 0.000000 0.000000 0.000000 0.000000 0.000000 0.000000 1.262600 -15.061033 24.358290 -0.346276 -37.419968 17.794953 0.227641 8.403116 29.512850 -6.931789 3.015668 2.745986 0.000000 0.000000 0.000000 0.000000 0.000000 0.000000 0.000000 0.000000 0.000000 0.000000 0.000000 0.000000 0.000000 0.000000 0.000000 0.000000 0.000000 0.000000 0.000000 0.000000 0.000000 0.000000 0.000000 0.000000 0.000000 0.000000 0.000000 0.000000 0.000000 0.000000 0.000000 0.000000 0.000000 0.000000 0.000000 0.000000 0.000000 0.000000 0.000000 0.000000 0.000000 0.000000
0.037906843 -0.352497820 1.050312 -21.558511 -0.320831 2.148212 -67.095155 -13.303654 -12.378315 115.017599 9.447558 -18.670134 -19.420209 -6.912691 4.800124 -0.716669 -1.334169 -1.168908 -68.641343 16.075921 9.535111 119.400927 -12.867905 10.795386 -21.541589 3.380502 -0.225510 -1.607883 -2.846993 0.621436 56.132619 -1.559342 0.791075 -11.721653 -2.641905 -0.964176 3.992199 1.058571 -0.313362 -9.561234 3.005476 9.779337 -10.132210 0.906607 -2.485277 -1.715695 15.538480 -22.701662 -1.025799 37.145702 -19.310403 3.002663 -6.364574 -23.691486 -8.638766 -5.468386 -3.112292 0.000000 0.000000 0.000000 0.000000 0.000000 0.000000 0.000000 0.000000 0.000000 0.000000 0.000000 0.000000 0.000000 0.000000 0.000000 0.000000 0.000000 0.000000 0.000000 0.000000 0.000000 0.000000 0.000000 0.000000 0.000000 0.000000 0.000000 0.000000 0.000000 0.000000 0.000000 0.000000 0.000000 0.000000 0.000000 0.000000 0.000000 0.000000 0.000000 0.000000 0.000000 0.000000 1.257952 -15.109924 24.483939 -0.342349 -37.414333 17.858722 0.151637 8.355378 29.232373 -6.968630 2.936445 2.684447 0.000000 0.000000 0.000000 0.000000 0.000000 0.000000 0.000000 0.000000 0.000000 0.000000 0.000000 0.000000 0.000000 0.000000 0.000000 0.000000 0.000000 0.000000 0.000000 0.000000 0.000000 0.000000 0.000000 0.000000 0.000000 0.000000 0.000000 0.000000 0.000000 0.000000 0.000000 0.000000 0.000000 0.000000 0.000000 0.000000 0.000000 0.000000 0.000000 0.000000 0.000000 0.000000
0.038275607 -0.354033341 1.049016 -22.079913 -0.325676 2.246109 -67.320480 -13.221760 -12.519794 115.571661 9.323895 -18.794329 -18.792567 -6.669230 4.806155 -0.716964 -1.338815 -1.153905 -68.774711 16.144082 9.626642 119.953745 -12.774516 10.879409 -21.015152 3.221916 -0.278938 -1.579024 -2.830106 0.628366 56.409937 -1.576728 0.845923 -11.673803 -2.670943 -0.978261 3.972784 1.030871 -0.305323 -9.415825 3.022859 9.775753 -10.198732 0.866114 -2.433685 -1.759212 15.443422 -22.818009 -1.096916 37.322400 -19.337479 3.124395 -6.491892 -23.572920 -8.510154 -5.307723 -3.112871 0.000000 0.000000 0.000000 0.000000 0.000000 0.000000 0.000000 0.000000 0.000000 0.000000 0.000000 0.000000 0.000000 0.000000 0.000000 0.000000 0.000000 0.000000 0.000000 0.000000 0.000000 0.000000 0.000000 0.000000 0.000000 0.000000 0.000000 0.000000 0.000000 0.000000 0.000000 0.000000 0.000000 0.000000 0.000000 0.000000 0.000000 0.000000 0.000000 0.000000 0.000000 0.000000 1.178775 -14.966171 24.535014 -0.358209 -37.556593 17.858201 0.217979 8.471079 29.135622 -6.815157 2.829119 2.617774 0.000000 0.000000 0.000000 0.000000 0.000000 0.000000 0.000000 0.000000 0.000000 0.000000 0.000000 0.000000 0.000000 0.000000 0.000000 0.000000 0.000000 0.000000 0.000000 0.000000 0.000000 0.000000 0.000000 0.000000 0.000000 0.000000 0.000000 0.000000 0.000000 0.000000 0.000000 0.000000 0.000000 0.000000 0.000000 0.000000 0.000000 0.000000 0.000000 0.000000 0.000000 0.000000
0.038820675 -0.355577188 1.047848 -22.390892 -0.307845 2.346382 -67.489988 -13.206085 -12.620033 116.049299 9.260183 -18.943066 -18.521207 -6.534958 4.816380 -0.696417 -1.354203 -1.167568 -68.954369 16.232743 9.744299 120.473281 -12.708727 11.017446 -20.562174 3.094385 -0.361104 -1.576488 -2.835459 0.634343 56.507321 -1.581479 0.862537 -11.632877 -2.682102 -0.985195 3.951247 1.042706 -0.294245 -9.429413 2.971644 9.786962 -10.248452 0.894651 -2.453080 -1.708033 15.494843 -22.911975 -1.135357 37.339056 -19.267495 3.144901 -6.589820 -23.584688 -8.489835 -5.172340 -3.108636 0.000000 0.000000 0.000000 0.000000 0.000000 0.000000 0.000000 0.000000 0.000000 0.000000 0.000000 0.000000 0.000000 0.000000 0.000000 0.000000 0.000000 0.000000 0.000000 0.000000 0.000000 0.000000 0.000000 0.000000 0.000000 0.000000 0.000000 0.000000 0.000000 0.000000 0.000000 0.000000 0.000000 0.000000 0.000000 0.000000 0.000000 0.000000 0.000000 0.000000 0.000000 0.000000 1.222550 -15.027084 24.584166 -0.390858 -37.543095 17.783392 0.153688 8.494390 29.075361 -6.820899 2.875477 2.619467 0.000000 0.000000 0.000000 0.000000 0.000000 0.000000 0.000000 0.000000 0.000000 0.000000 0.000000 0.000000 0.000000 0.000000 0.000000 0.000000 0.000000 0.000000 0.000000 0.000000 0.000000 0.000000 0.000000 0.000000 0.000000 0.000000 0.000000 0.000000 0.000000 0.000000 0.000000 0.000000 0.000000 0.000000 0.000000 0.000000 0.000000 0.000000 0.000000 0.000000 0.000000 0.000000
0.039301743 -0.356802019 1.047152 -22.681583 -0.294339 2.382863 -67.618163 -13.150965 -12.702988 116.463420 9.185165 -19.017982 -18.153835 -6.369943 4.864675 -0.714549 -1.344518 -1.150076 -69.075340 16.222010 9.786094 120.889796 -12.572296 11.047226 -20.165683 3.002661 -0.407599 -1.580777 -2.840937 0.622159 56.647105 -1.595782 0.875232 -11.598913 -2.683966 -1.006854 3.913773 1.052453 -0.299462 -9.379151 2.951457 9.804013 -10.208613 0.898978 -2.412503 -1.714273 15.470764 -22.894080 -1.069048 37.393708 -19.300678 3.275071 -6.713018 -23.570528 -8.435050 -5.124593 -3.107359 0.000000 0.000000 0.000000 0.000000 0.000000 0.000000 0.000000 0.000000 0.000000 0.000000 0.000000 0.000000 0.000000 0.000000 0.000000 0.000000 0.000000 0.000000 0.000000 0.000000 0.000000 0.000000 0.000000 0.000000 0.000000 0.000000 0.000000 0.000000 0.000000 0.000000 0.000000 0.000000 0.000000 0.000000 0.000000 0.000000 0.000000 0.000000 0.000000 0.000000 0.000000 0.000000 1.166104 -15.037174 24.570368 -0.334707 -37.619245 17.834817 0.156099 8.566422 29.002665 -6.780682 2.900604 2.563363 0.000000 0.000000 0.000000 0.000000 0.000000 0.000000 0.000000 0.000000 0.000000 0.000000 0.000000 0.000000 0.000000 0.000000 0.000000 0.000000 0.000000 0.000000 0.000000 0.000000 0.000000 0.000000 0.000000 0.000000 0.000000 0.000000 0.000000 0.000000 0.000000 0.000000 0.000000 0.000000 0.000000 0.000000 0.000000 0.000000 0.000000 0.000000 0.000000 0.000000 0.000000 0.000000
0.039390294 -0.357784994 1.046741 -22.920112 -0.324229 2.360910 -67.617815 -13.096649 -12.773838 116.746028 9.130041 -19.066430 -17.930578 -6.264982 4.888858 -0.734280 -1.346443 -1.149261 -69.089285 16.246938 9.845701 121.187738 -12.514056 11.060797 -20.015721 2.902787 -0.402295 -1.579009 -2.816699 0.626727 56.784327 -1.585194 0.892748 -11.589379 -2.676092 -1.011488 3.900048 1.039034 -0.293467 -9.431339 2.896622 9.865906 -10.253405 0.898510 -2.361859 -1.731824 15.471617 -22.876873 -1.051912 37.422789 -19.219244 3.485430 -6.781770 -23.626043 -8.465302 -5.028933 -3.143648 0.000000 0.000000 0.000000 0.000000 0.000000 0.000000 0.000000 0.000000 0.000000 0.000000 0.000000 0.000000 0.000000 0.000000 0.000000 0.000000 0.000000 0.000000 0.000000 0.000000 0.000000 0.000000 0.000000 0.000000 0.000000 0.000000 0.000000 0.000000 0.000000 0.000000 0.000000 0.000000 0.000000 0.000000 0.000000 0.000000 0.000000 0.000000 0.000000 0.000000 0.000000 0.000000 1.175130 -15.087052 24.564049 -0.317573 -37.608458 17.848754 0.160711 8.613174 29.033772 -6.692392 3.000602 2.520600 0.000000 0.000000 0.000000 0.000000 0.000000 0.000000 0.000000 0.000000 0.000000 0.000000 0.000000 0.000000 0.000000 0.000000 0.000000 0.000000 0.000000 0.000000 0.000000 0.000000 0.000000 0.000000 0.000000 0.000000 0.000000 0.000000 0.000000 0.000000 0.000000 0.000000 0.000000 0.000000 0.000000 0.000000 0.000000 0.000000 0.000000 0.000000 0.000000 0.000000 0.000000 0.000000
0.039643577 -0.358006262 1.046552 -23.104683 -0.357453 2.396058 -67.663863 -13.080210 -12.814335 116.919290 9.130769 -19.126942 -17.701301 -6.161751 4.875735 -0.696606 -1.336678 -1.140045 -69.177329 16.324365 9.912680 121.399951 -12.464678 11.122816 -19.713665 2.802101 -0.416897 -1.583994 -2.812010 0.629621 56.912867 -1.582785 0.919489 -11.607505 -2.656786 -1.018765 3.905115 1.024400 -0.277154 -9.399376 2.909778 9.858871 -10.245209 0.887219 -2.316904 -1.757682 15.488184 -22.903426 -1.031330 37.496532 -19.208994 3.473554 -6.913620 -23.731963 -8.352347 -5.040002 -3.157550 0.000000 0.000000 0.000000 0.000000 0.000000 0.000000 0.000000 0.000000 0.000000 0.000000 0.000000 0.000000 0.000000 0.000000 0.000000 0.000000 0.000000 0.000000 0.000000 0.000000 0.000000 0.000000 0.000000 0.000000 0.000000 0.000000 0.000000 0.000000 0.000000 0.000000 0.000000 0.000000 0.000000 0.000000 0.000000 0.000000 0.000000 0.000000 0.000000 0.000000 0.000000 0.000000 1.165885 -15.077357 24.570434 -0.327589 -37.625625 17.786636 0.126697 8.688206 29.094999 -6.581188 3.032612 2.466124 0.000000 0.000000 0.000000 0.000000 0.000000 0.000000 0.000000 0.000000 0.000000 0.000000 0.000000 0.000000 0.000000 0.000000 0.000000 0.000000 0.000000 0.000000 0.000000 0.000000 0.000000 0.000000 0.000000 0.000000 0.000000 0.000000 0.000000 0.000000 0.000000 0.000000 0.000000 0.000000 0.000000 0.000000 0.000000 0.000000 0.000000 0.000000 0.000000 0.000000 0.000000 0.000000
0.040002980 -0.358414889 1.046533 -23.260886 -0.362137 2.397372 -67.625009 -13.026831 -12.837860 117.075399 9.094761 -19.139055 -17.623729 -6.082419 4.898626 -0.703540 -1.332851 -1.130469 -69.166378 16.316041 9.934520 121.563619 -12.390656 11.110692 -19.584181 2.715800 -0.423811 -1.581896 -2.782160 0.632636 57.022973 -1.587036 0.943283 -11.635135 -2.631362 -1.017811 3.915204 1.003302 -0.270273 -9.397144 2.897467 9.816476 -10.267159 0.835486 -2.310391 -1.749440 15.508426 -22.897332 -1.017665 37.562143 -19.209112 3.509176 -7.010871 -23.781837 -8.360254 -5.080795 -3.132795 0.000000 0.000000 0.000000 0.000000 0.000000 0.000000 0.000000 0.000000 0.000000 0.000000 0.000000 0.000000 0.000000 0.000000 0.000000 0.000000 0.000000 0.000000 0.000000 0.000000 0.000000 0.000000 0.000000 0.000000 0.000000 0.000000 0.000000 0.000000 0.000000 0.000000 0.000000 0.000000 0.000000 0.000000 0.000000 0.000000 0.000000 0.000000 0.000000 0.000000 0.000000 0.000000 1.150239 -15.057627 24.560092 -0.335579 -37.672572 17.770321 0.093087 8.712638 29.045476 -6.490252 3.130568 2.395246 0.000000 0.000000 0.000000 0.000000 0.000000 0.000000 0.000000 0.000000 0.000000 0.000000 0.000000 0.000000 0.000000 0.000000 0.000000 0.000000 0.000000 0.000000 0.000000 0.000000 0.000000 0.000000 0.000000 0.000000 0.000000 0.000000 0.000000 0.000000 0.000000 0.000000 0.000000 0.000000 0.000000 0.000000 0.000000 0.000000 0.000000 0.000000 0.000000 0.000000 0.000000 0.000000
0.040213266 -0.358734761 1.046385 -23.292836 -0.371484 2.437767 -67.658656 -13.001833 -12.870452 117.168223 9.091969 -19.163652 -17.628346 -6.033160 4.900260 -0.703229 -1.334195 -1.138517 -69.217753 16.314063 9.961215 121.686036 -12.355625 11.103751 -19.514951 2.663561 -0.433242 -1.595440 -2.761051 0.634905 57.048965 -1.581635 0.954744 -11.659971 -2.623109 -1.019053 3.903156 1.003099 -0.268960 -9.415677 2.855983 9.809365 -10.229470 0.814549 -2.320213 -1.727120 15.544725 -22.911817 -0.979766 37.558862 -19.201524 3.524045 -7.071174 -23.831471 -8.369975 -5.095693 -3.152730 0.000000 0.000000 0.000000 0.000000 0.000000 0.000000 0.000000 0.000000 0.000000 0.000000 0.000000 0.000000 0.000000 0.000000 0.000000 0.000000 0.000000 0.000000 0.000000 0.000000 0.000000 0.000000 0.000000 0.000000 0.000000 0.000000 0.000000 0.000000 0.000000 0.000000 0.000000 0.000000 0.000000 0.000000 0.000000 0.000000 0.000000 0.000000 0.000000 0.000000 0.000000 0.000000 1.175772 -15.088504 24.554410 -0.318192 -37.674444 17.739176 0.099004 8.729990 29.028185 -6.448267 3.198199 2.325071 0.000000 0.000000 0.000000 0.000000 0.000000 0.000000 0.000000 0.000000 0.000000 0.000000 0.000000 0.000000 0.000000 0.000000 0.000000 0.000000 0.000000 0.000000 0.000000 0.000000 0.000000 0.000000 0.000000 0.000000 0.000000 0.000000 0.000000 0.000000 0.000000 0.000000 0.000000 0.000000 0.000000 0.000000 0.000000 0.000000 0.000000 0.000000 0.000000 0.000000 0.000000 0.000000
0.040281688 -0.358535232 1.046425 -23.332026 -0.396695 2.453937 -67.707319 -13.008832 -12.886592 117.220216 9.100306 -19.195516 -17.538872 -5.958095 4.904471 -0.696259 -1.333241 -1.142161 -69.264560 16.306850 9.966392 121.753157 -12.321007 11.110711 -19.439500 2.635380 -0.470522 -1.611782 -2.759351 0.631050 57.121642 -1.570103 0.967937 -11.645674 -2.625582 -1.019450 3.868885 1.008813 -0.263496 -9.477212 2.842318 9.818771 -10.222127 0.822128 -2.322270 -1.712900 15.604835 -22.970565 -0.978648 37.482290 -19.136567 3.527160 -7.125460 -23.939093 -8.306991 -5.120280 -3.157747 0.000000 0.000000 0.000000 0.000000 0.000000 0.000000 0.000000 0.000000 0.000000 0.000000 0.000000 0.000000 0.000000 0.000000 0.000000 0.000000 0.000000 0.000000 0.000000 0.000000 0.000000 0.000000 0.000000 0.000000 0.000000 0.000000 0.000000 0.000000 0.000000 0.000000 0.000000 0.000000 0.000000 0.000000 0.000000 0.000000 0.000000 0.000000 0.000000 0.000000 0.000000 0.000000 1.197726 -15.137825 24.610479 -0.350453 -37.616149 17.653469 0.052154 8.741224 29.097023 -6.408850 3.219847 2.299563 0.000000 0.000000 0.000000 0.000000 0.000000 0.000000 0.000000 0.000000 0.000000 0.000000 0.000000 0.000000 0.000000 0.000000 0.000000 0.000000 0.000000 0.000000 0.000000 0.000000 0.000000 0.000000 0.000000 0.000000 0.000000 0.000000 0.000000 0.000000 0.000000 0.000000 0.000000 0.000000 0.000000 0.000000 0.000000 0.000000 0.000000 0.000000 0.000000 0.000000 0.000000 0.000000
0.040335770 -0.358364961 1.046412 -23.295546 -0.420540 2.475698 -67.708737 -12.985582 -12.897418 117.196209 9.120825 -19.205408 -17.653105 -5.964798 4.907392 -0.680503 -1.336254 -1.146809 -69.270299 16.261105 9.976746 121.749255 -12.313314 11.056753 -19.552094 2.633348 -0.485096 -1.625693 -2.750864 0.628215 57.135875 -1.554632 0.978674 -11.648803 -2.613912 -1.024565 3.845269 1.012949 -0.252574 -9.511758 2.831181 9.822685 -10.232592 0.843612 -2.336838 -1.699377 15.654615 -22.993363 -0.955278 37.450028 -19.121852 3.485139 -7.180144 -24.002031 -8.316114 -5.157288 -3.145821 0.000000 0.000000 0.000000 0.000000 0.000000 0.000000 0.000000 0.000000 0.000000 0.000000 0.000000 0.000000 0.000000 0.000000 0.000000 0.000000 0.000000 0.000000 0.000000 0.000000 0.000000 0.000000 0.000000 0.000000 0.000000 0.000000 0.000000 0.000000 0.000000 0.000000 0.000000 0.000000 0.000000 0.000000 0.000000 0.000000 0.000000 0.000000 0.000000 0.000000 0.000000 0.000000 1.230458 -15.175207 24.632510 -0.357510 -37.606817 17.586195 0.006514 8.766777 29.168542 -6.453450 3.272948 2.259820 0.000000 0.000000 0.000000 0.000000 0.000000 0.000000 0.000000 0.000000 0.000000 0.000000 0.000000 0.000000 0.000000 0.000000 0.000000 0.000000 0.000000 0.000000 0.000000 0.000000 0.000000 0.000000 0.000000 0.000000 0.000000 0.000000 0.000000 0.000000 0.000000 0.000000 0.000000 0.000000 0.000000 0.000000 0.000000 0.000000 0.000000 0.000000 0.000000 0.000000 0.000000 0.000000
0.040330148 -0.358024176 1.046470 -23.222746 -0.442939 2.526796 -67.716648 -12.949587 -12.901277 117.126807 9.137127 -19.189058 -17.815415 -5.977089 4.895022 -0.666781 -1.345526 -1.161439 -69.266568 16.191418 9.974326 121.704279 -12.311376 10.993556 -19.701626 2.641537 -0.525348 -1.636755 -2.734105 0.629607 57.187169 -1.545847 0.988873 -11.643628 -2.611423 -1.033776 3.818185 1.009520 -0.248994 -9.578048 2.843519 9.803511 -10.252428 0.856256 -2.332184 -1.690329 15.679295 -23.059979 -0.935436 37.380017 -19.099349 3.460758 -7.215735 -24.065275 -8.342924 -5.172593 -3.119230 0.000000 0.000000 0.000000 0.000000 0.000000 0.000000 0.000000 0.000000 0.000000 0.000000 0.000000 0.000000 0.000000 0.000000 0.000000 0.000000 0.000000 0.000000 0.000000 0.000000 0.000000 0.000000 0.000000 0.000000 0.000000 0.000000 0.000000 0.000000 0.000000 0.000000 0.000000 0.000000 0.000000 0.000000 0.000000 0.000000 0.000000 0.000000 0.000000 0.000000 0.000000 0.000000 1.254604 -15.196954 24.686562 -0.375468 -37.561367 17.539664 -0.030575 8.772019 29.185856 -6.455517 3.258228 2.220656 0.000000 0.000000 0.000000 0.000000 0.000000 0.000000 0.000000 0.000000 0.000000 0.000000 0.000000 0.000000 0.000000 0.000000 0.000000 0.000000 0.000000 0.000000 0.000000 0.000000 0.000000 0.000000 0.000000 0.000000 0.000000 0.000000 0.000000 0.000000 0.000000 0.000000 0.000000 0.000000 0.000000 0.000000 0.000000 0.000000 0.000000 0.000000 0.000000 0.000000 0.000000 0.000000
0.040091734 -0.357532295 1.046720 -23.149670 -0.487340 2.569241 -67.668099 -12.958232 -12.885171 116.999472 9.164908 -19.147992 -18.036446 -5.987754 4.848637 -0.664850 -1.364519 -1.181944 -69.201132 16.156909 9.955306 121.611974 -12.334795 10.923437 -19.947392 2.653761 -0.551183 -1.638786 -2.709297 0.636427 57.228266 -1.527866 1.004091 -11.626102 -2.606539 -1.042047 3.804992 1.005425 -0.249048 -9.645266 2.844760 9.760347 -10.269753 0.851224 -2.348784 -1.682191 15.701109 -23.149420 -0.957500 37.283378 -19.070857 3.462728 -7.198953 -24.034365 -8.415238 -5.187076 -3.081209 0.000000 0.000000 0.000000 0.000000 0.000000 0.000000 0.000000 0.000000 0.000000 0.000000 0.000000 0.000000 0.000000 0.000000 0.000000 0.000000 0.000000 0.000000 0.000000 0.000000 0.000000 0.000000 0.000000 0.000000 0.000000 0.000000 0.000000 0.000000 0.000000 0.000000 0.000000 0.000000 0.000000 0.000000 0.000000 0.000000 0.000000 0.000000 0.000000 0.000000 0.000000 0.000000 1.270404 -15.222799 24.752421 -0.409354 -37.531775 17.535964 -0.102208 8.749140 29.108188 -6.468483 3.235040 2.169912 0.000000 0.000000 0.000000 0.000000 0.000000 0.000000 0.000000 0.000000 0.000000 0.000000 0.000000 0.000000 0.000000 0.000000 0.000000 0.000000 0.000000 0.000000 0.000000 0.000000 0.000000 0.000000 0.000000 0.000000 0.000000 0.000000 0.000000 0.000000 0.000000 0.000000 0.000000 0.000000 0.000000 0.000000 0.000000 0.000000 0.000000 0.000000 0.000000 0.000000 0.000000 0.000000
0.039982210 -0.356821182 1.046847 -22.940519 -0.522603 2.619289 -67.689632 -12.904256 -12.879331 116.794897 9.226109 -19.072401 -18.343522 -6.059654 4.817113 -0.659574 -1.376038 -1.196646 -69.218241 16.047501 9.952287 121.437498 -12.356805 10.834459 -20.257689 2.713227 -0.584249 -1.631074 -2.703636 0.640406 57.250035 -1.504181 1.002009 -11.614737 -2.601427 -1.058209 3.787894 1.000612 -0.246871 -9.719871 2.894966 9.724961 -10.335544 0.865039 -2.354969 -1.664903 15.696320 -23.257719 -0.987309 37.184072 -19.056815 3.406682 -7.194104 -24.013729 -8.421482 -5.197164 -3.038102 0.000000 0.000000 0.000000 0.000000 0.000000 0.000000 0.000000 0.000000 0.000000 0.000000 0.000000 0.000000 0.000000 0.000000 0.000000 0.000000 0.000000 0.000000 0.000000 0.000000 0.000000 0.000000 0.000000 0.000000 0.000000 0.000000 0.000000 0.000000 0.000000 0.000000 0.000000 0.000000 0.000000 0.000000 0.000000 0.000000 0.000000 0.000000 0.000000 0.000000 0.000000 0.000000 1.290550 -15.201227 24.839360 -0.449324 -37.512915 17.553461 -0.186212 8.739924 29.033175 -6.533818 3.143114 2.164809 0.000000 0.000000 0.000000 0.000000 0.000000 0.000000 0.000000 0.000000 0.000000 0.000000 0.000000 0.000000 0.000000 0.000000 0.000000 0.000000 0.000000 0.000000 0.000000 0.000000 0.000000 0.000000 0.000000 0.000000 0.000000 0.000000 0.000000 0.000000 0.000000 0.000000 0.000000 0.000000 0.000000 0.000000 0.000000 0.000000 0.000000 0.000000 0.000000 0.000000 0.000000 0.000000
0.039431664 -0.355925106 1.047096 -22.644471 -0.608520 2.670949 -67.749222 -12.860728 -12.869990 116.515180 9.313450 -19.009640 -18.625385 -6.132632 4.778302 -0.655167 -1.405255 -1.232127 -69.267875 15.959484 9.943809 121.205030 -12.414542 10.764330 -20.637624 2.836338 -0.662158 -1.625306 -2.714758 0.646224 57.205836 -1.463664 0.982357 -11.569033 -2.618578 -1.083959 3.735312 1.020850 -0.255836 -9.826302 2.912805 9.714035 -10.359814 0.892845 -2.372725 -1.631773 15.714154 -23.387662 -1.015532 36.971991 -19.006660 3.415348 -7.105099 -23.922898 -8.371869 -5.124206 -3.033493 0.000000 0.000000 0.000000 0.000000 0.000000 0.000000 0.000000 0.000000 0.000000 0.000000 0.000000 0.000000 0.000000 0.000000 0.000000 0.000000 0.000000 0.000000 0.000000 0.000000 0.000000 0.000000 0.000000 0.000000 0.000000 0.000000 0.000000 0.000000 0.000000 0.000000 0.000000 0.000000 0.000000 0.000000 0.000000 0.000000 0.000000 0.000000 0.000000 0.000000 0.000000 0.000000 1.324982 -15.236195 24.964117 -0.455136 -37.453452 17.592222 -0.210691 8.720614 28.969145 -6.567346 2.939250 2.201770 0.000000 0.000000 0.000000 0.000000 0.000000 0.000000 0.000000 0.000000 0.000000 0.000000 0.000000 0.000000 0.000000 0.000000 0.000000 0.000000 0.000000 0.000000 0.000000 0.000000 0.000000 0.000000 0.000000 0.000000 0.000000 0.000000 0.000000 0.000000 0.000000 0.000000 0.000000 0.000000 0.000000 0.000000 0.000000 0.000000 0.000000 0.000000 0.000000 0.000000 0.000000 0.000000
0.039423637 -0.354929757 1.047662 -22.276741 -0.612869 2.741743 -67.779156 -12.838070 -12.820073 116.156757 9.406010 -18.928449 -19.101946 -6.299667 4.755396 -0.664169 -1.416461 -1.248906 -69.240014 15.841810 9.865599 120.832760 -12.455892 10.686823 -21.126824 3.008428 -0.736290 -1.619956 -2.713802 0.647458 57.027397 -1.428053 0.947920 -11.522996 -2.643523 -1.118363 3.698665 1.038862 -0.280142 -9.951098 2.954856 9.648439 -10.314249 0.870400 -2.405816 -1.564926 15.748801 -23.530693 -1.039162 36.755351 -19.003998 3.416704 -6.916072 -23.695183 -8.371947 -5.186302 -2.945779 0.000000 0.000000 0.000000 0.000000 0.000000 0.000000 0.000000 0.000000 0.000000 0.000000 0.000000 0.000000 0.000000 0.000000 0.000000 0.000000 0.000000 0.000000 0.000000 0.000000 0.000000 0.000000 0.000000 0.000000 0.000000 0.000000 0.000000 0.000000 0.000000 0.000000 0.000000 0.000000 0.000000 0.000000 0.000000 0.000000 0.000000 0.000000 0.000000 0.000000 0.000000 0.000000 1.351718 -15.258698 25.080538 -0.458639 -37.348096 17.696028 -0.211597 8.505451 28.710896 -6.673113 2.834970 2.226485 0.000000 0.000000 0.000000 0.000000 0.000000 0.000000 0.000000 0.000000 0.000000 0.000000 0.000000 0.000000 0.000000 0.000000 0.000000 0.000000 0.000000 0.000000 0.000000 0.000000 0.000000 0.000000 0.000000 0.000000 0.000000 0.000000 0.000000 0.000000 0.000000 0.000000 0.000000 0.000000 0.000000 0.000000 0.000000 0.000000 0.000000 0.000000 0.000000 0.000000 0.000000 0.000000
0.038830193 -0.353081440 1.048612 -21.760529 -0.680966 2.788319 -67.835500 -12.818582 -12.775733 115.546980 9.578592 -18.901067 -19.582637 -6.562641 4.708982 -0.620292 -1.405929 -1.255738 -69.209921 15.797316 9.803659 120.202263 -12.625108 10.671098 -21.830533 3.257847 -0.826121 -1.629159 -2.737715 0.636932 56.796568 -1.371191 0.941454 -11.548449 -2.687247 -1.161160 3.743805 1.029328 -0.284404 -10.065349 3.049372 9.608550 -10.274627 0.845574 -2.447486 -1.537381 15.790128 -23.681934 -1.093217 36.561979 -18.986964 3.280055 -6.667840 -23.546034 -8.183573 -5.321029 -2.942000 0.000000 0.000000 0.000000 0.000000 0.000000 0.000000 0.000000 0.000000 0.000000 0.000000 0.000000 0.000000 0.000000 0.000000 0.000000 0.000000 0.000000 0.000000 0.000000 0.000000 0.000000 0.000000 0.000000 0.000000 0.000000 0.000000 0.000000 0.000000 0.000000 0.000000 0.000000 0.000000 0.000000 0.000000 0.000000 0.000000 0.000000 0.000000 0.000000 0.000000 0.000000 0.000000 1.369828 -15.225897 25.222300 -0.471823 -37.191916 17.706672 -0.148146 8.413496 28.776039 -6.650186 2.621283 2.280270 0.000000 0.000000 0.000000 0.000000 0.000000 0.000000 0.000000 0.000000 0.000000 0.000000 0.000000 0.000000 0.000000 0.000000 0.000000 0.000000 0.000000 0.000000 0.000000 0.000000 0.000000 0.000000 0.000000 0.000000 0.000000 0.000000 0.000000 0.000000 0.000000 0.000000 0.000000 0.000000 0.000000 0.000000 0.000000 0.000000 0.000000 0.000000 0.000000 0.000000 0.000000 0.000000
0.038663025 -0.351538921 1.050010 -21.009584 -0.716609 2.811147 -67.797015 -12.701269 -12.687686 114.800668 9.777008 -18.711830 -20.448064 -6.991904 4.685433 -0.612268 -1.383453 -1.280213 -69.219335 15.612092 9.717020 119.484180 -12.707207 10.509863 -22.647655 3.540642 -0.851731 -1.648991 -2.765298 0.632243 56.498724 -1.312391 0.870357 -11.662055 -2.704447 -1.188112 3.818030 1.026196 -0.311081 -10.178905 3.125180 9.646405 -10.162841 0.872639 -2.452029 -1.548151 15.731411 -23.645571 -1.017688 36.506436 -19.077795 3.330626 -6.474484 -23.433141 -8.088995 -5.387470 -2.953061 0.000000 0.000000 0.000000 0.000000 0.000000 0.000000 0.000000 0.000000 0.000000 0.000000 0.000000 0.000000 0.000000 0.000000 0.000000 0.000000 0.000000 0.000000 0.000000 0.000000 0.000000 0.000000 0.000000 0.000000 0.000000 0.000000 0.000000 0.000000 0.000000 0.000000 0.000000 0.000000 0.000000 0.000000 0.000000 0.000000 0.000000 0.000000 0.000000 0.000000 0.000000 0.000000 1.318691 -15.150736 25.204322 -0.352163 -37.167474 17.950355 0.028969 8.383650 28.669682 -6.637471 2.306855 2.293708 0.000000 0.000000 0.000000 0.000000 0.000000 0.000000 0.000000 0.000000 0.000000 0.000000 0.000000 0.000000 0.000000 0.000000 0.000000 0.000000 0.000000 0.000000 0.000000 0.000000 0.000000 0.000000 0.000000 0.000000 0.000000 0.000000 0.000000 0.000000 0.000000 0.000000 0.000000 0.000000 0.000000 0.000000 0.000000 0.000000 0.000000 0.000000 0.000000 0.000000 0.000000 0.000000
0.038683255 -0.349192489 1.052679 -20.208598 -0.740520 2.820697 -67.530721 -12.701722 -12.494219 113.701830 10.064581 -18.515176 -21.631305 -7.601227 4.534625 -0.634041 -1.342679 -1.268727 -68.965093 15.345076 9.537285 118.350245 -12.766919 10.265154 -23.771669 3.891115 -0.882090 -1.689313 -2.736416 0.632341 56.034874 -1.240509 0.811228 -11.768259 -2.713958 -1.208605 3.873992 1.021800 -0.327901 -10.217596 3.138143 9.554473 -10.058057 0.796328 -2.429288 -1.545686 15.701843 -23.538547 -0.909332 36.402467 -19.204962 3.507377 -6.350905 -23.385474 -7.928542 -5.378395 -2.978862 0.000000 0.000000 0.000000 0.000000 0.000000 0.000000 0.000000 0.000000 0.000000 0.000000 0.000000 0.000000 0.000000 0.000000 0.000000 0.000000 0.000000 0.000000 0.000000 0.000000 0.000000 0.000000 0.000000 0.000000 0.000000 0.000000 0.000000 0.000000 0.000000 0.000000 0.000000 0.000000 0.000000 0.000000 0.000000 0.000000 0.000000 0.000000 0.000000 0.000000 0.000000 0.000000 1.328958 -15.107688 25.053894 -0.224921 -37.141967 18.110775 0.275140 8.450511 28.879635 -6.673451 2.123373 2.334661 0.000000 0.000000 0.000000 0.000000 0.000000 0.000000 0.000000 0.000000 0.000000 0.000000 0.000000 0.000000 0.000000 0.000000 0.000000 0.000000 0.000000 0.000000 0.000000 0.000000 0.000000 0.000000 0.000000 0.000000 0.000000 0.000000 0.000000 0.000000 0.000000 0.000000 0.000000 0.000000 0.000000 0.000000 0.000000 0.000000 0.000000 0.000000 0.000000 0.000000 0.000000 0.000000
0.038890903 -0.346419476 1.056622 -19.252324 -0.715585 2.960685 -67.294152 -12.687604 -12.259142 112.379847 10.381266 -18.261484 -22.821568 -8.185906 4.367157 -0.617512 -1.303116 -1.259471 -68.600705 15.116007 9.286663 116.930564 -12.863991 10.045868 -24.932210 4.299322 -0.969437 -1.735769 -2.770484 0.611908 55.472959 -1.168601 0.806872 -11.860535 -2.787239 -1.264752 3.946450 1.007229 -0.329352 -10.344206 3.233515 9.568701 -9.922073 0.774343 -2.332228 -1.557722 15.736782 -23.389797 -0.798986 36.418792 -19.295538 3.370313 -6.351859 -23.595805 -7.551051 -5.781001 -2.924411 0.000000 0.000000 0.000000 0.000000 0.000000 0.000000 0.000000 0.000000 0.000000 0.000000 0.000000 0.000000 0.000000 0.000000 0.000000 0.000000 0.000000 0.000000 0.000000 0.000000 0.000000 0.000000 0.000000 0.000000 0.000000 0.000000 0.000000 0.000000 0.000000 0.000000 0.000000 0.000000 0.000000 0.000000 0.000000 0.000000 0.000000 0.000000 0.000000 0.000000 0.000000 0.000000 1.256762 -15.039883 24.875262 -0.046324 -37.197313 18.154904 0.241251 8.481262 29.321646 -6.604320 2.145714 2.415525 0.000000 0.000000 0.000000 0.000000 0.000000 0.000000 0.000000 0.000000 0.000000 0.000000 0.000000 0.000000 0.000000 0.000000 0.000000 0.000000 0.000000 0.000000 0.000000 0.000000 0.000000 0.000000 0.000000 0.000000 0.000000 0.000000 0.000000 0.000000 0.000000 0.000000 0.000000 0.000000 0.000000 0.000000 0.000000 0.000000 0.000000 0.000000 0.000000 0.000000 0.000000 0.000000
0.039513157 -0.343145001 1.062290 -18.190640 -0.672226 3.125512 -66.761826 -12.685919 -11.957950 110.751977 10.840619 -17.859495 -24.351692 -8.936314 4.039059 -0.598446 -1.241952 -1.228224 -68.066995 14.842162 9.075692 115.242839 -12.955570 9.745142 -26.074973 4.656698 -1.103538 -1.830929 -2.771846 0.586044 54.833519 -1.106749 0.755251 -12.148445 -2.776022 -1.360383 4.155372 0.979421 -0.326694 -10.386001 3.300750 9.462346 -9.480827 0.750777 -2.238469 -1.643808 15.722199 -23.066554 -0.460806 36.492732 -19.529538 3.328011 -6.239110 -23.837338 -7.015600 -5.994936 -2.977013 0.000000 0.000000 0.000000 0.000000 0.000000 0.000000 0.000000 0.000000 0.000000 0.000000 0.000000 0.000000 0.000000 0.000000 0.000000 0.000000 0.000000 0.000000 0.000000 0.000000 0.000000 0.000000 0.000000 0.000000 0.000000 0.000000 0.000000 0.000000 0.000000 0.000000 0.000000 0.000000 0.000000 0.000000 0.000000 0.000000 0.000000 0.000000 0.000000 0.000000 0.000000 0.000000 1.144048 -15.015783 24.540301 0.375229 -37.228902 18.283279 0.551452 8.505726 29.860943 -6.293789 2.055134 2.512284 0.000000 0.000000 0.000000 0.000000 0.000000 0.000000 0.000000 0.000000 0.000000 0.000000 0.000000 0.000000 0.000000 0.000000 0.000000 0.000000 0.000000 0.000000 0.000000 0.000000 0.000000 0.000000 0.000000 0.000000 0.000000 0.000000 0.000000 0.000000 0.000000 0.000000 0.000000 0.000000 0.000000 0.000000 0.000000 0.000000 0.000000 0.000000 0.000000 0.000000 0.000000 0.000000
0.039793262 -0.339442009 1.070153 -17.185049 -0.559868 3.223950 -66.125271 -12.657628 -11.600972 108.934185 11.130782 -17.411632 -25.403916 -9.499174 3.836728 -0.588356 -1.194485 -1.200530 -67.483218 14.605242 8.740707 113.438341 -13.045841 9.484606 -26.522821 4.872602 -1.232880 -1.866583 -2.764887 0.582127 54.073061 -0.988182 0.741045 -12.245882 -2.798374 -1.406685 4.233460 0.939477 -0.328594 -10.417111 3.259344 9.459745 -9.315342 0.696503 -2.139823 -1.633559 15.754830 -22.745911 -0.162333 36.537860 -19.796965 3.460001 -6.188831 -23.941323 -6.648844 -6.272150 -2.966042 0.000000 0.000000 0.000000 0.000000 0.000000 0.000000 0.000000 0.000000 0.000000 0.000000 0.000000 0.000000 0.000000 0.000000 0.000000 0.000000 0.000000 0.000000 0.000000 0.000000 0.000000 0.000000 0.000000 0.000000 0.000000 0.000000 0.000000 0.000000 0.000000 0.000000 0.000000 0.000000 0.000000 0.000000 0.000000 0.000000 0.000000 0.000000 0.000000 0.000000 0.000000 0.000000 1.118318 -15.077307 24.186702 0.675303 -37.388067 18.530160 0.553093 8.588495 30.047292 -6.166162 2.069847 2.600156 0.000000 0.000000 0.000000 0.000000 0.000000 0.000000 0.000000 0.000000 0.000000 0.000000 0.000000 0.000000 0.000000 0.000000 0.000000 0.000000 0.000000 0.000000 0.000000 0.000000 0.000000 0.000000 0.000000 0.000000 0.000000 0.000000 0.000000 0.000000 0.000000 0.000000 0.000000 0.000000 0.000000 0.000000 0.000000 0.000000 0.000000 0.000000 0.000000 0.000000 0.000000 0.000000
0.040166615 -0.335521249 1.080282 -16.205028 -0.473169 3.297714 -65.159659 -12.455077 -11.169638 106.716422 11.401308 -16.868531 -26.390726 -10.018471 3.740146 -0.565016 -1.151709 -1.197914 -66.627143 14.133456 8.441270 111.239735 -13.042612 9.026880 -26.860599 5.011789 -1.445614 -1.897117 -2.729202 0.584360 53.089185 -0.917548 0.630526 -12.317673 -2.770771 -1.476482 4.338231 0.923056 -0.319202 -10.275940 3.333678 9.541255 -9.032658 0.691610 -1.901899 -1.613737 15.790728 -22.286460 0.214336 36.793034 -20.003576 3.279628 -6.237379 -24.212885 -6.321256 -6.472124 -2.941805 0.000000 0.000000 0.000000 0.000000 0.000000 0.000000 0.000000 0.000000 0.000000 0.000000 0.000000 0.000000 0.000000 0.000000 0.000000 0.000000 0.000000 0.000000 0.000000 0.000000 0.000000 0.000000 0.000000 0.000000 0.000000 0.000000 0.000000 0.000000 0.000000 0.000000 0.000000 0.000000 0.000000 0.000000 0.000000 0.000000 0.000000 0.000000 0.000000 0.000000 0.000000 0.000000 1.055665 -15.076457 23.744407 1.255049 -37.652468 18.775572 0.826551 8.674168 30.668942 -6.067415 2.086066 2.777344 0.000000 0.000000 0.000000 0.000000 0.000000 0.000000 0.000000 0.000000 0.000000 0.000000 0.000000 0.000000 0.000000 0.000000 0.000000 0.000000 0.000000 0.000000 0.000000 0.000000 0.000000 0.000000 0.000000 0.000000 0.000000 0.000000 0.000000 0.000000 0.000000 0.000000 0.000000 0.000000 0.000000 0.000000 0.000000 0.000000 0.000000 0.000000 0.000000 0.000000 0.000000 0.000000
0.039462018 -0.328529560 1.092457 -15.131065 -0.407124 3.429781 -64.028123 -12.395046 -10.626623 104.387130 11.619524 -16.321993 -27.139424 -10.398024 3.519511 -0.582139 -1.134565 -1.179297 -65.535946 13.751727 7.998421 108.920209 -12.934469 8.600328 -27.110208 5.073867 -1.674364 -1.902970 -2.683565 0.566649 52.158665 -0.863359 0.593912 -12.372054 -2.753053 -1.510259 4.437371 0.883259 -0.357041 -10.082788 3.300920 9.482237 -8.683729 0.677355 -1.767694 -1.626826 15.788847 -21.750275 0.696583 36.969831 -20.372431 3.770203 -6.083235 -24.144134 -6.197366 -6.605973 -3.000903 0.000000 0.000000 0.000000 0.000000 0.000000 0.000000 0.000000 0.000000 0.000000 0.000000 0.000000 0.000000 0.000000 0.000000 0.000000 0.000000 0.000000 0.000000 0.000000 0.000000 0.000000 0.000000 0.000000 0.000000 0.000000 0.000000 0.000000 0.000000 0.000000 0.000000 0.000000 0.000000 0.000000 0.000000 0.000000 0.000000 0.000000 0.000000 0.000000 0.000000 0.000000 0.000000 0.927743 -15.173816 23.223037 1.751549 -37.926054 19.176727 1.012121 8.684273 30.721791 -5.870742 2.134178 2.886195 0.000000 0.000000 0.000000 0.000000 0.000000 0.000000 0.000000 0.000000 0.000000 0.000000 0.000000 0.000000 0.000000 0.000000 0.000000 0.000000 0.000000 0.000000 0.000000 0.000000 0.000000 0.000000 0.000000 0.000000 0.000000 0.000000 0.000000 0.000000 0.000000 0.000000 0.000000 0.000000 0.000000 0.000000 0.000000 0.000000 0.000000 0.000000 0.000000 0.000000 0.000000 0.000000
0.037801436 -0.318636019 1.106428 -14.015072 -0.286871 3.440366 -62.335767 -12.315935 -10.022250 101.395291 12.051317 -15.508631 -28.552503 -11.184503 3.111044 -0.598270 -1.073388 -1.134723 -64.129690 13.215769 7.627930 106.042162 -12.794582 7.907489 -27.546460 5.198182 -1.778530 -1.955839 -2.692919 0.551887 50.972339 -0.694935 0.474401 -12.670674 -2.659969 -1.588196 4.739111 0.802468 -0.379675 -9.922498 3.191205 9.504404 -8.136816 0.580923 -1.458436 -1.668438 15.930713 -20.817731 1.532449 37.460639 -20.839925 4.037445 -5.992846 -24.143080 -5.803699 -6.667770 -3.070525 0.000000 0.000000 0.000000 0.000000 0.000000 0.000000 0.000000 0.000000 0.000000 0.000000 0.000000 0.000000 0.000000 0.000000 0.000000 0.000000 0.000000 0.000000 0.000000 0.000000 0.000000 0.000000 0.000000 0.000000 0.000000 0.000000 0.000000 0.000000 0.000000 0.000000 0.000000 0.000000 0.000000 0.000000 0.000000 0.000000 0.000000 0.000000 0.000000 0.000000 0.000000 0.000000 0.769060 -15.419564 22.373248 2.804503 -38.406243 19.835322 1.556716 8.795510 30.746041 -5.560246 1.917830 2.970156 0.000000 0.000000 0.000000 0.000000 0.000000 0.000000 0.000000 0.000000 0.000000 0.000000 0.000000 0.000000 0.000000 0.000000 0.000000 0.000000 0.000000 0.000000 0.000000 0.000000 0.000000 0.000000 0.000000 0.000000 0.000000 0.000000 0.000000 0.000000 0.000000 0.000000 0.000000 0.000000 0.000000 0.000000 0.000000 0.000000 0.000000 0.000000 0.000000 0.000000 0.000000 0.000000
0.036218669 -0.308598050 1.121839 -13.019344 -0.233725 3.536182 -60.806999 -12.259340 -9.423947 98.524894 12.301404 -14.843738 -28.831942 -11.379351 2.931499 -0.590673 -1.020397 -1.099654 -62.649842 12.858122 7.117227 103.206310 -12.645531 7.396061 -27.459946 5.246010 -2.036079 -1.989822 -2.687765 0.531812 49.787765 -0.594030 0.428787 -12.761171 -2.607205 -1.674309 4.898067 0.755441 -0.388160 -9.781966 3.096126 9.511871 -7.501062 0.466475 -1.113476 -1.632569 16.057760 -20.133924 2.112628 37.684748 -21.082676 4.250101 -5.841400 -24.348644 -5.627985 -6.884453 -3.076941 0.000000 0.000000 0.000000 0.000000 0.000000 0.000000 0.000000 0.000000 0.000000 0.000000 0.000000 0.000000 0.000000 0.000000 0.000000 0.000000 0.000000 0.000000 0.000000 0.000000 0.000000 0.000000 0.000000 0.000000 0.000000 0.000000 0.000000 0.000000 0.000000 0.000000 0.000000 0.000000 0.000000 0.000000 0.000000 0.000000 0.000000 0.000000 0.000000 0.000000 0.000000 0.000000 0.725796 -15.634909 21.770628 3.454718 -38.536215 20.236955 1.809406 8.719362 30.878751 -5.207218 1.988120 3.105876 0.000000 0.000000 0.000000 0.000000 0.000000 0.000000 0.000000 0.000000 0.000000 0.000000 0.000000 0.000000 0.000000 0.000000 0.000000 0.000000 0.000000 0.000000 0.000000 0.000000 0.000000 0.000000 0.000000 0.000000 0.000000 0.000000 0.000000 0.000000 0.000000 0.000000 0.000000 0.000000 0.000000 0.000000 0.000000 0.000000 0.000000 0.000000 0.000000 0.000000 0.000000 0.000000
0.035178438 -0.301828254 1.139248 -12.316123 -0.238732 3.581693 -58.897761 -11.989137 -8.807479 95.343029 12.345251 -14.059248 -28.747008 -11.462480 2.916286 -0.555930 -0.986446 -1.079794 -60.831601 12.330957 6.562738 100.100653 -12.347304 6.788089 -27.098914 5.137771 -2.428612 -1.997852 -2.640729 0.499747 48.596077 -0.478279 0.398595 -12.832536 -2.524337 -1.732218 5.046997 0.684834 -0.415416 -9.721840 3.013346 9.461704 -6.982710 0.349691 -0.853762 -1.666756 16.145415 -19.415215 2.876990 37.959015 -21.401979 4.770660 -5.618851 -24.467971 -5.559341 -6.978386 -3.150233 0.000000 0.000000 0.000000 0.000000 0.000000 0.000000 0.000000 0.000000 0.000000 0.000000 0.000000 0.000000 0.000000 0.000000 0.000000 0.000000 0.000000 0.000000 0.000000 0.000000 0.000000 0.000000 0.000000 0.000000 0.000000 0.000000 0.000000 0.000000 0.000000 0.000000 0.000000 0.000000 0.000000 0.000000 0.000000 0.000000 0.000000 0.000000 0.000000 0.000000 0.000000 0.000000 0.621002 -15.865754 21.094061 4.283312 -38.805097 20.601563 2.214239 8.728828 30.940576 -4.893887 1.947790 3.172380 0.000000 0.000000 0.000000 0.000000 0.000000 0.000000 0.000000 0.000000 0.000000 0.000000 0.000000 0.000000 0.000000 0.000000 0.000000 0.000000 0.000000 0.000000 0.000000 0.000000 0.000000 0.000000 0.000000 0.000000 0.000000 0.000000 0.000000 0.000000 0.000000 0.000000 0.000000 0.000000 0.000000 0.000000 0.000000 0.000000 0.000000 0.000000 0.000000 0.000000 0.000000 0.000000
0.029643917 -0.277561000 1.156780 -11.149271 -0.074660 3.535616 -56.391773 -11.974190 -7.945708 91.415123 12.506971 -13.331318 -30.518446 -12.354001 2.636966 -0.480636 -0.908418 -1.078666 -58.413787 11.691392 5.813578 96.237070 -11.926146 6.125230 -28.485150 5.554821 -2.584454 -2.055962 -2.680839 0.411523 47.169821 -0.319430 0.401769 -12.816085 -2.429390 -1.881423 5.399013 0.525963 -0.395250 -9.396620 3.038560 9.610733 -6.137876 0.281996 -0.130109 -1.884502 16.238825 -18.393836 3.819540 38.435585 -21.680242 5.222084 -5.479452 -24.503146 -5.041077 -6.797363 -3.431321 0.000000 0.000000 0.000000 0.000000 0.000000 0.000000 0.000000 0.000000 0.000000 0.000000 0.000000 0.000000 0.000000 0.000000 0.000000 0.000000 0.000000 0.000000 0.000000 0.000000 0.000000 0.000000 0.000000 0.000000 0.000000 0.000000 0.000000 0.000000 0.000000 0.000000 0.000000 0.000000 0.000000 0.000000 0.000000 0.000000 0.000000 0.000000 0.000000 0.000000 0.000000 0.000000 0.151658 -16.199404 20.091654 5.350443 -39.262176 20.958899 2.567641 9.036155 31.371599 -4.162023 1.358998 3.388928 0.000000 0.000000 0.000000 0.000000 0.000000 0.000000 0.000000 0.000000 0.000000 0.000000 0.000000 0.000000 0.000000 0.000000 0.000000 0.000000 0.000000 0.000000 0.000000 0.000000 0.000000 0.000000 0.000000 0.000000 0.000000 0.000000 0.000000 0.000000 0.000000 0.000000 0.000000 0.000000 0.000000 0.000000 0.000000 0.000000 0.000000 0.000000 0.000000 0.000000 0.000000 0.000000
0.028364871 -0.268059063 1.175601 -10.486242 -0.036546 3.539380 -54.245839 -11.838268 -7.266844 87.877351 12.473522 -12.600530 -30.095335 -12.224296 2.749412 -0.439012 -0.921667 -1.060218 -56.248038 11.225042 5.142250 92.715417 -11.583722 5.618559 -28.098389 5.514155 -2.983944 -2.045236 -2.610584 0.375362 45.789581 -0.262602 0.431026 -12.867637 -2.316147 -1.952890 5.624267 0.419362 -0.417398 -9.281694 2.930431 9.518399 -5.379808 0.190383 0.138641 -1.865916 16.313571 -17.575799 4.492419 38.765289 -21.877846 5.814586 -5.197348 -24.631336 -5.071318 -6.804089 -3.577633 0.000000 0.000000 0.000000 0.000000 0.000000 0.000000 0.000000 0.000000 0.000000 0.000000 0.000000 0.000000 0.000000 0.000000 0.000000 0.000000 0.000000 0.000000 0.000000 0.000000 0.000000 0.000000 0.000000 0.000000 0.000000 0.000000 0.000000 0.000000 0.000000 0.000000 0.000000 0.000000 0.000000 0.000000 0.000000 0.000000 0.000000 0.000000 0.000000 0.000000 0.000000 0.000000 0.067343 -16.367917 19.352438 6.191604 -39.497421 21.254384 3.094138 8.950991 31.550459 -3.828185 1.248597 3.442848 0.000000 0.000000 0.000000 0.000000 0.000000 0.000000 0.000000 0.000000 0.000000 0.000000 0.000000 0.000000 0.000000 0.000000 0.000000 0.000000 0.000000 0.000000 0.000000 0.000000 0.000000 0.000000 0.000000 0.000000 0.000000 0.000000 0.000000 0.000000 0.000000 0.000000 0.000000 0.000000 0.000000 0.000000 0.000000 0.000000 0.000000 0.000000 0.000000 0.000000 0.000000 0.000000
0.027518600 -0.261063930 1.194863 -9.910664 -0.002284 3.549772 -51.853198 -11.639053 -6.566493 84.125366 12.347545 -12.026977 -29.749571 -12.147705 2.927031 -0.405779 -0.909020 -1.041594 -53.774355 10.737610 4.399927 88.917596 -11.096911 5.147899 -27.939803 5.562908 -3.335897 -1.984805 -2.545808 0.312290 44.500468 -0.224281 0.483172 -12.947628 -2.150754 -2.006059 5.891008 0.276740 -0.424549 -9.243814 2.879433 9.459308 -4.782559 0.083392 0.458605 -1.906028 16.314120 -16.676845 5.239245 39.166898 -22.068674 6.392128 -4.961332 -24.965014 -5.439617 -6.804255 -3.676226 0.000000 0.000000 0.000000 0.000000 0.000000 0.000000 0.000000 0.000000 0.000000 0.000000 0.000000 0.000000 0.000000 0.000000 0.000000 0.000000 0.000000 0.000000 0.000000 0.000000 0.000000 0.000000 0.000000 0.000000 0.000000 0.000000 0.000000 0.000000 0.000000 0.000000 0.000000 0.000000 0.000000 0.000000 0.000000 0.000000 0.000000 0.000000 0.000000 0.000000 0.000000 0.000000 -0.199527 -16.316854 18.514080 7.124832 -39.993412 21.593011 3.410125 8.924714 31.912964 -3.573179 1.139406 3.480958 0.000000 0.000000 0.000000 0.000000 0.000000 0.000000 0.000000 0.000000 0.000000 0.000000 0.000000 0.000000 0.000000 0.000000 0.000000 0.000000 0.000000 0.000000 0.000000 0.000000 0.000000 0.000000 0.000000 0.000000 0.000000 0.000000 0.000000 0.000000 0.000000 0.000000 0.000000 0.000000 0.000000 0.000000 0.000000 0.000000 0.000000 0.000000 0.000000 0.000000 0.000000 0.000000
0.027408264 -0.255512141 1.214467 -9.482413 -0.059966 3.679560 -49.402136 -11.337934 -5.895059 80.307203 12.186700 -11.537451 -29.012150 -11.886182 3.215605 -0.365945 -0.927877 -1.038257 -51.259181 10.186558 3.750031 85.114369 -10.483976 4.698308 -27.393581 5.564798 -3.925967 -1.951023 -2.477463 0.288576 43.072908 -0.175925 0.526165 -12.995069 -1.975928 -2.061765 6.244711 0.152845 -0.437049 -9.134440 2.795588 9.339925 -4.219886 0.029109 0.720922 -1.981206 16.307281 -15.780602 6.119925 39.625879 -22.333910 6.631508 -4.708880 -25.474793 -6.171191 -6.998252 -3.801973 0.000000 0.000000 0.000000 0.000000 0.000000 0.000000 0.000000 0.000000 0.000000 0.000000 0.000000 0.000000 0.000000 0.000000 0.000000 0.000000 0.000000 0.000000 0.000000 0.000000 0.000000 0.000000 0.000000 0.000000 0.000000 0.000000 0.000000 0.000000 0.000000 0.000000 0.000000 0.000000 0.000000 0.000000 0.000000 0.000000 0.000000 0.000000 0.000000 0.000000 0.000000 0.000000 -0.432046 -16.372061 17.766010 8.165779 -40.471881 21.866549 3.576509 8.837970 32.363621 -3.640680 1.087622 3.506139 0.000000 0.000000 0.000000 0.000000 0.000000 0.000000 0.000000 0.000000 0.000000 0.000000 0.000000 0.000000 0.000000 0.000000 0.000000 0.000000 0.000000 0.000000 0.000000 0.000000 0.000000 0.000000 0.000000 0.000000 0.000000 0.000000 0.000000 0.000000 0.000000 0.000000 0.000000 0.000000 0.000000 0.000000 0.000000 0.000000 0.000000 0.000000 0.000000 0.000000 0.000000 0.000000
0.026837946 -0.241401743 1.233788 -8.938009 -0.121662 3.447322 -46.001433 -11.033315 -5.005542 75.422257 11.972614 -10.934233 -30.064221 -12.409701 3.459634 -0.319822 -0.964373 -0.995193 -47.886650 9.539180 2.920886 80.262320 -9.733469 4.166707 -28.841669 6.074279 -4.171161 -1.894752 -2.369394 0.263977 41.289247 -0.063003 0.613622 -13.035252 -1.683710 -2.067425 6.677475 -0.099467 -0.411855 -9.190759 2.870768 9.103442 -3.624872 0.012114 1.236823 -2.213373 16.439935 -14.568247 7.367816 40.238426 -22.541638 6.967562 -4.455424 -26.323473 -6.822852 -7.157580 -3.951926 0.000000 0.000000 0.000000 0.000000 0.000000 0.000000 0.000000 0.000000 0.000000 0.000000 0.000000 0.000000 0.000000 0.000000 0.000000 0.000000 0.000000 0.000000 0.000000 0.000000 0.000000 0.000000 0.000000 0.000000 0.000000 0.000000 0.000000 0.000000 0.000000 0.000000 0.000000 0.000000 0.000000 0.000000 0.000000 0.000000 0.000000 0.000000 0.000000 0.000000 0.000000 0.000000 -0.851805 -16.503221 16.775988 9.568385 -40.995721 22.199661 3.810445 8.808424 33.259014 -3.471625 0.760236 3.436317 0.000000 0.000000 0.000000 0.000000 0.000000 0.000000 0.000000 0.000000 0.000000 0.000000 0.000000 0.000000 0.000000 0.000000 0.000000 0.000000 0.000000 0.000000 0.000000 0.000000 0.000000 0.000000 0.000000 0.000000 0.000000 0.000000 0.000000 0.000000 0.000000 0.000000 0.000000 0.000000 0.000000 0.000000 0.000000 0.000000 0.000000 0.000000 0.000000 0.000000 0.000000 0.000000
0.026564013 -0.234473302 1.252837 -8.693519 -0.112699 3.433167 -43.149675 -10.860949 -4.228877 71.201128 11.656393 -10.407379 -29.474543 -12.102673 3.770921 -0.265725 -0.949637 -0.989115 -44.975538 9.047028 2.189701 76.066031 -9.163095 3.739858 -28.458238 6.142167 -4.492405 -1.840938 -2.368004 0.262053 39.861588 -0.049681 0.715488 -12.919601 -1.514170 -2.089215 6.908249 -0.256173 -0.393076 -9.096840 2.856757 9.043215 -2.965981 -0.063430 1.552023 -2.222335 16.422217 -13.808753 8.161505 40.692658 -22.737205 7.497185 -4.190838 -26.953436 -7.274412 -7.364495 -4.135428 0.000000 0.000000 0.000000 0.000000 0.000000 0.000000 0.000000 0.000000 0.000000 0.000000 0.000000 0.000000 0.000000 0.000000 0.000000 0.000000 0.000000 0.000000 0.000000 0.000000 0.000000 0.000000 0.000000 0.000000 0.000000 0.000000 0.000000 0.000000 0.000000 0.000000 0.000000 0.000000 0.000000 0.000000 0.000000 0.000000 0.000000 0.000000 0.000000 0.000000 0.000000 0.000000 -1.080283 -16.466585 16.038207 10.571984 -41.412762 22.483915 4.175805 8.678128 33.606987 -3.310141 0.668339 3.320057 0.000000 0.000000 0.000000 0.000000 0.000000 0.000000 0.000000 0.000000 0.000000 0.000000 0.000000 0.000000 0.000000 0.000000 0.000000 0.000000 0.000000 0.000000 0.000000 0.000000 0.000000 0.000000 0.000000 0.000000 0.000000 0.000000 0.000000 0.000000 0.000000 0.000000 0.000000 0.000000 0.000000 0.000000 0.000000 0.000000 0.000000 0.000000 0.000000 0.000000 0.000000 0.000000
0.026010127 -0.228644461 1.271327 -8.506848 -0.079679 3.459009 -40.308192 -10.558588 -3.533329 67.076447 11.231640 -10.021400 -28.759388 -11.820026 4.199044 -0.232677 -0.941943 -0.955064 -42.107174 8.584960 1.600067 71.998820 -8.650360 3.364119 -27.742595 6.038528 -4.933220 -1.789695 -2.355396 0.235059 38.344901 -0.016084 0.779760 -12.825277 -1.325225 -2.098951 7.098858 -0.395893 -0.421180 -8.982532 2.704081 8.752343 -2.523996 -0.192873 1.673102 -2.108423 16.483897 -13.108721 8.977432 41.091762 -22.988704 8.057027 -3.897389 -27.059934 -7.873294 -7.442640 -4.306936 0.000000 0.000000 0.000000 0.000000 0.000000 0.000000 0.000000 0.000000 0.000000 0.000000 0.000000 0.000000 0.000000 0.000000 0.000000 0.000000 0.000000 0.000000 0.000000 0.000000 0.000000 0.000000 0.000000 0.000000 0.000000 0.000000 0.000000 0.000000 0.000000 0.000000 0.000000 0.000000 0.000000 0.000000 0.000000 0.000000 0.000000 0.000000 0.000000 0.000000 0.000000 0.000000 -1.242462 -16.527379 15.386367 11.498022 -41.851013 22.671817 4.443133 8.468131 33.529859 -3.454117 0.719740 3.239984 0.000000 0.000000 0.000000 0.000000 0.000000 0.000000 0.000000 0.000000 0.000000 0.000000 0.000000 0.000000 0.000000 0.000000 0.000000 0.000000 0.000000 0.000000 0.000000 0.000000 0.000000 0.000000 0.000000 0.000000 0.000000 0.000000 0.000000 0.000000 0.000000 0.000000 0.000000 0.000000 0.000000 0.000000 0.000000 0.000000 0.000000 0.000000 0.000000 0.000000 0.000000 0.000000
0.024110286 -0.219190178 1.289026 -8.133571 0.036084 3.449058 -37.487178 -10.162216 -2.912559 62.729849 10.743588 -9.596381 -28.235888 -11.705093 4.685000 -0.189582 -0.940185 -0.938614 -39.268569 8.113301 1.058699 67.698279 -8.145265 3.068988 -27.099832 5.949202 -5.346671 -1.689183 -2.324825 0.246081 36.678682 -0.001514 0.892547 -12.715479 -1.130334 -2.098000 7.266296 -0.596496 -0.434488 -8.839199 2.536197 8.517770 -2.079410 -0.298228 1.918605 -1.991487 16.627553 -12.500697 9.816436 41.618874 -23.267853 8.699712 -3.747783 -26.792569 -8.019205 -7.353795 -4.546764 0.000000 0.000000 0.000000 0.000000 0.000000 0.000000 0.000000 0.000000 0.000000 0.000000 0.000000 0.000000 0.000000 0.000000 0.000000 0.000000 0.000000 0.000000 0.000000 0.000000 0.000000 0.000000 0.000000 0.000000 0.000000 0.000000 0.000000 0.000000 0.000000 0.000000 0.000000 0.000000 0.000000 0.000000 0.000000 0.000000 0.000000 0.000000 0.000000 0.000000 0.000000 0.000000 -1.415769 -16.609930 14.786774 12.421734 -42.235253 22.807611 4.889233 8.268716 33.160807 -3.478989 0.672584 3.223505 0.000000 0.000000 0.000000 0.000000 0.000000 0.000000 0.000000 0.000000 0.000000 0.000000 0.000000 0.000000 0.000000 0.000000 0.000000 0.000000 0.000000 0.000000 0.000000 0.000000 0.000000 0.000000 0.000000 0.000000 0.000000 0.000000 0.000000 0.000000 0.000000 0.000000 0.000000 0.000000 0.000000 0.000000 0.000000 0.000000 0.000000 0.000000 0.000000 0.000000 0.000000 0.000000
0.024370660 -0.191170903 1.304928 -7.062410 -0.144707 3.018617 -33.735513 -9.336710 -2.215670 57.157502 10.089843 -8.984956 -29.872329 -12.654955 5.093293 -0.216349 -1.067042 -0.931579 -35.672958 7.601975 0.425695 62.253452 -7.208240 2.950333 -29.195274 6.544447 -5.407147 -1.553030 -2.175140 0.317887 34.577249 0.048642 0.965732 -12.574802 -0.731959 -2.036493 7.448658 -0.935073 -0.501603 -9.541226 2.590351 8.137672 -1.963999 -0.366270 1.984261 -2.016924 16.883987 -11.605353 11.189561 42.513647 -23.439202 9.409270 -3.671331 -26.967622 -8.511341 -7.149682 -4.919478 0.000000 0.000000 0.000000 0.000000 0.000000 0.000000 0.000000 0.000000 0.000000 0.000000 0.000000 0.000000 0.000000 0.000000 0.000000 0.000000 0.000000 0.000000 0.000000 0.000000 0.000000 0.000000 0.000000 0.000000 0.000000 0.000000 0.000000 0.000000 0.000000 0.000000 0.000000 0.000000 0.000000 0.000000 0.000000 0.000000 0.000000 0.000000 0.000000 0.000000 0.000000 0.000000 -1.793113 -16.652801 14.035433 13.861464 -42.722807 22.983022 5.379142 8.164884 33.286472 -3.597343 0.400307 3.359085 0.000000 0.000000 0.000000 0.000000 0.000000 0.000000 0.000000 0.000000 0.000000 0.000000 0.000000 0.000000 0.000000 0.000000 0.000000 0.000000 0.000000 0.000000 0.000000 0.000000 0.000000 0.000000 0.000000 0.000000 0.000000 0.000000 0.000000 0.000000 0.000000 0.000000 0.000000 0.000000 0.000000 0.000000 0.000000 0.000000 0.000000 0.000000 0.000000 0.000000 0.000000 0.000000
0.021772335 -0.179756425 1.320409 -6.895300 -0.060655 3.047860 -30.715007 -8.770346 -1.656584 52.711129 9.344404 -8.579688 -29.265715 -12.538711 5.561950 -0.190546 -1.061365 -0.904242 -32.789037 7.186993 -0.005520 58.127888 -6.665300 2.748055 -28.202307 6.237712 -5.886548 -1.475996 -2.115190 0.357123 32.932872 0.036603 0.985067 -12.372017 -0.575560 -1.999859 7.520699 -1.087248 -0.530186 -9.566525 2.352529 7.808713 -1.635238 -0.486984 2.133821 -1.917986 17.063232 -10.977181 12.049904 42.950611 -23.554321 10.090581 -3.572816 -26.953939 -8.553459 -7.070981 -5.152308 0.000000 0.000000 0.000000 0.000000 0.000000 0.000000 0.000000 0.000000 0.000000 0.000000 0.000000 0.000000 0.000000 0.000000 0.000000 0.000000 0.000000 0.000000 0.000000 0.000000 0.000000 0.000000 0.000000 0.000000 0.000000 0.000000 0.000000 0.000000 0.000000 0.000000 0.000000 0.000000 0.000000 0.000000 0.000000 0.000000 0.000000 0.000000 0.000000 0.000000 0.000000 0.000000 -1.909019 -16.771403 13.473245 14.710601 -43.061929 23.026600 5.787545 7.976308 33.113567 -3.627378 0.435134 3.432946 0.000000 0.000000 0.000000 0.000000 0.000000 0.000000 0.000000 0.000000 0.000000 0.000000 0.000000 0.000000 0.000000 0.000000 0.000000 0.000000 0.000000 0.000000 0.000000 0.000000 0.000000 0.000000 0.000000 0.000000 0.000000 0.000000 0.000000 0.000000 0.000000 0.000000 0.000000 0.000000 0.000000 0.000000 0.000000 0.000000 0.000000 0.000000 0.000000 0.000000 0.000000 0.000000
0.020962734 -0.171178085 1.334609 -6.850821 -0.068380 3.076987 -27.931386 -8.258118 -1.192723 48.670247 8.651527 -8.279279 -28.122671 -12.171880 6.056758 -0.180239 -1.040911 -0.899430 -30.099600 6.840102 -0.386236 54.339062 -6.167697 2.603609 -26.873801 5.867062 -6.305463 -1.438253 -2.055593 0.417022 31.429328 0.050113 0.993399 -12.261460 -0.422660 -1.946369 7.609587 -1.222382 -0.516427 -9.513161 2.207520 7.512754 -1.265103 -0.638628 2.238430 -1.815559 17.245708 -10.387501 12.773171 43.358994 -23.580101 10.502797 -3.444508 -27.171099 -8.463788 -7.009706 -5.373347 0.000000 0.000000 0.000000 0.000000 0.000000 0.000000 0.000000 0.000000 0.000000 0.000000 0.000000 0.000000 0.000000 0.000000 0.000000 0.000000 0.000000 0.000000 0.000000 0.000000 0.000000 0.000000 0.000000 0.000000 0.000000 0.000000 0.000000 0.000000 0.000000 0.000000 0.000000 0.000000 0.000000 0.000000 0.000000 0.000000 0.000000 0.000000 0.000000 0.000000 0.000000 0.000000 -1.967550 -16.861298 12.988349 15.581851 -43.459563 23.062928 5.924209 7.746538 33.253505 -3.601581 0.320682 3.464541 0.000000 0.000000 0.000000 0.000000 0.000000 0.000000 0.000000 0.000000 0.000000 0.000000 0.000000 0.000000 0.000000 0.000000 0.000000 0.000000 0.000000 0.000000 0.000000 0.000000 0.000000 0.000000 0.000000 0.000000 0.000000 0.000000 0.000000 0.000000 0.000000 0.000000 0.000000 0.000000 0.000000 0.000000 0.000000 0.000000 0.000000 0.000000 0.000000 0.000000 0.000000 0.000000
0.017928430 -0.154033553 1.347168 -6.559827 0.042798 2.992086 -24.313693 -7.564397 -0.626701 43.501697 7.638289 -7.747991 -28.515939 -12.686514 6.338945 -0.156126 -0.986176 -0.858761 -26.561464 6.307534 -0.895905 49.394914 -5.445463 2.481100 -27.033763 5.827102 -6.520834 -1.333987 -1.845431 0.498079 29.469596 -0.012013 1.038427 -11.971651 -0.136517 -1.850615 7.661137 -1.467359 -0.525006 -9.218358 2.149032 6.861330 -0.818923 -0.881879 2.371568 -1.854992 17.380202 -9.724230 13.699853 44.020681 -23.547903 11.156855 -3.356173 -27.226486 -8.651604 -6.934475 -5.599953 0.000000 0.000000 0.000000 0.000000 0.000000 0.000000 0.000000 0.000000 0.000000 0.000000 0.000000 0.000000 0.000000 0.000000 0.000000 0.000000 0.000000 0.000000 0.000000 0.000000 0.000000 0.000000 0.000000 0.000000 0.000000 0.000000 0.000000 0.000000 0.000000 0.000000 0.000000 0.000000 0.000000 0.000000 0.000000 0.000000 0.000000 0.000000 0.000000 0.000000 0.000000 0.000000 -2.063647 -16.820751 12.516332 16.623905 -44.039146 23.122262 6.202227 7.406331 33.271358 -3.591775 0.007464 3.462348 0.000000 0.000000 0.000000 0.000000 0.000000 0.000000 0.000000 0.000000 0.000000 0.000000 0.000000 0.000000 0.000000 0.000000 0.000000 0.000000 0.000000 0.000000 0.000000 0.000000 0.000000 0.000000 0.000000 0.000000 0.000000 0.000000 0.000000 0.000000 0.000000 0.000000 0.000000 0.000000 0.000000 0.000000 0.000000 0.000000 0.000000 0.000000 0.000000 0.000000 0.000000 0.000000
0.016291653 -0.143512182 1.358349 -6.492364 0.044197 2.913846 -21.579398 -6.934537 -0.205564 39.563645 6.785201 -7.530355 -27.535705 -12.515294 6.872693 -0.163528 -1.020420 -0.865356 -23.927576 5.875120 -1.207296 45.638281 -4.732720 2.482184 -25.628873 5.459205 -6.891312 -1.264981 -1.751054 0.569753 27.844891 -0.047200 1.029785 -11.784289 0.049117 -1.795634 7.683359 -1.580649 -0.526116 -8.933096 2.111025 6.407149 -0.390863 -0.949439 2.316368 -1.734460 17.550020 -9.156312 14.410824 44.540569 -23.612082 11.576399 -3.317490 -27.248552 -8.432252 -6.894061 -5.711313 0.000000 0.000000 0.000000 0.000000 0.000000 0.000000 0.000000 0.000000 0.000000 0.000000 0.000000 0.000000 0.000000 0.000000 0.000000 0.000000 0.000000 0.000000 0.000000 0.000000 0.000000 0.000000 0.000000 0.000000 0.000000 0.000000 0.000000 0.000000 0.000000 0.000000 0.000000 0.000000 0.000000 0.000000 0.000000 0.000000 0.000000 0.000000 0.000000 0.000000 0.000000 0.000000 -2.034222 -16.796854 12.095075 17.600874 -44.490963 23.286802 6.457393 7.219723 33.443256 -3.495070 -0.206794 3.500985 0.000000 0.000000 0.000000 0.000000 0.000000 0.000000 0.000000 0.000000 0.000000 0.000000 0.000000 0.000000 0.000000 0.000000 0.000000 0.000000 0.000000 0.000000 0.000000 0.000000 0.000000 0.000000 0.000000 0.000000 0.000000 0.000000 0.000000 0.000000 0.000000 0.000000 0.000000 0.000000 0.000000 0.000000 0.000000 0.000000 0.000000 0.000000 0.000000 0.000000 0.000000 0.000000
0.014190950 -0.132364525 1.368543 -6.441304 0.043150 2.900609 -19.026309 -6.423456 0.221290 35.964186 6.140676 -7.317714 -26.380948 -12.088168 7.279941 -0.160311 -1.048113 -0.876109 -21.293159 5.549794 -1.490954 41.923004 -4.110093 2.493699 -24.155539 4.904756 -7.222607 -1.188411 -1.681647 0.617552 26.278863 -0.083273 1.073798 -11.490254 0.172152 -1.767978 7.634897 -1.652138 -0.506878 -8.486179 2.074675 5.953498 -0.019202 -1.038721 2.354258 -1.595716 17.761484 -8.704392 15.083557 44.962655 -23.674081 11.995527 -3.230784 -27.041991 -8.316386 -6.859803 -5.840984 0.000000 0.000000 0.000000 0.000000 0.000000 0.000000 0.000000 0.000000 0.000000 0.000000 0.000000 0.000000 0.000000 0.000000 0.000000 0.000000 0.000000 0.000000 0.000000 0.000000 0.000000 0.000000 0.000000 0.000000 0.000000 0.000000 0.000000 0.000000 0.000000 0.000000 0.000000 0.000000 0.000000 0.000000 0.000000 0.000000 0.000000 0.000000 0.000000 0.000000 0.000000 0.000000 -1.969267 -16.925682 11.716030 18.378322 -44.812364 23.309395 6.572070 7.091397 33.527441 -3.522458 -0.276911 3.547170 0.000000 0.000000 0.000000 0.000000 0.000000 0.000000 0.000000 0.000000 0.000000 0.000000 0.000000 0.000000 0.000000 0.000000 0.000000 0.000000 0.000000 0.000000 0.000000 0.000000 0.000000 0.000000 0.000000 0.000000 0.000000 0.000000 0.000000 0.000000 0.000000 0.000000 0.000000 0.000000 0.000000 0.000000 0.000000 0.000000 0.000000 0.000000 0.000000 0.000000 0.000000 0.000000
0.013666872 -0.124001289 1.377833 -6.533617 -0.049438 2.916380 -16.635036 -5.946927 0.631151 32.654875 5.557990 -7.169265 -24.912054 -11.466636 7.633873 -0.172741 -1.107535 -0.892804 -18.767654 5.315078 -1.816683 38.421456 -3.528412 2.571224 -22.579613 4.252423 -7.494302 -1.113025 -1.598010 0.658132 24.786827 -0.083749 1.149188 -11.024580 0.295835 -1.766667 7.510522 -1.691652 -0.489625 -7.850281 2.012473 5.573826 0.296071 -1.103235 2.464102 -1.444216 18.084986 -8.311516 15.670753 45.258958 -23.750472 12.415392 -3.105288 -26.654296 -7.944274 -6.726952 -5.936198 0.000000 0.000000 0.000000 0.000000 0.000000 0.000000 0.000000 0.000000 0.000000 0.000000 0.000000 0.000000 0.000000 0.000000 0.000000 0.000000 0.000000 0.000000 0.000000 0.000000 0.000000 0.000000 0.000000 0.000000 0.000000 0.000000 0.000000 0.000000 0.000000 0.000000 0.000000 0.000000 0.000000 0.000000 0.000000 0.000000 0.000000 0.000000 0.000000 0.000000 0.000000 0.000000 -1.868679 -17.193138 11.378137 19.011768 -45.014121 23.307787 6.677463 6.948980 33.391737 -3.345528 -0.393879 3.562314 0.000000 0.000000 0.000000 0.000000 0.000000 0.000000 0.000000 0.000000 0.000000 0.000000 0.000000 0.000000 0.000000 0.000000 0.000000 0.000000 0.000000 0.000000 0.000000 0.000000 0.000000 0.000000 0.000000 0.000000 0.000000 0.000000 0.000000 0.000000 0.000000 0.000000 0.000000 0.000000 0.000000 0.000000 0.000000 0.000000 0.000000 0.000000 0.000000 0.000000 0.000000 0.000000
0.012142788 -0.110527428 1.385904 -6.378477 -0.129772 2.761843 -13.782414 -5.334211 1.078653 28.347585 4.854627 -6.800954 -24.050074 -11.155521 7.861916 -0.145206 -1.134695 -0.893253 -15.646376 4.934092 -2.147354 33.625431 -2.687530 2.686716 -21.772445 3.747504 -7.634148 -0.975662 -1.454423 0.714567 23.074717 -0.139393 1.245508 -10.553071 0.512692 -1.730168 7.354404 -1.772467 -0.480700 -7.044267 2.082141 5.097796 0.556487 -1.186585 2.725863 -1.324401 18.398207 -7.850176 16.224804 45.814396 -23.792384 12.868369 -3.037351 -25.842871 -7.452438 -6.516512 -6.002161 0.000000 0.000000 0.000000 0.000000 0.000000 0.000000 0.000000 0.000000 0.000000 0.000000 0.000000 0.000000 0.000000 0.000000 0.000000 0.000000 0.000000 0.000000 0.000000 0.000000 0.000000 0.000000 0.000000 0.000000 0.000000 0.000000 0.000000 0.000000 0.000000 0.000000 0.000000 0.000000 0.000000 0.000000 0.000000 0.000000 0.000000 0.000000 0.000000 0.000000 0.000000 0.000000 -1.717267 -17.369736 11.056811 19.904957 -45.533387 23.525626 6.723446 6.737434 32.900564 -3.181586 -0.626016 3.661472 0.000000 0.000000 0.000000 0.000000 0.000000 0.000000 0.000000 0.000000 0.000000 0.000000 0.000000 0.000000 0.000000 0.000000 0.000000 0.000000 0.000000 0.000000 0.000000 0.000000 0.000000 0.000000 0.000000 0.000000 0.000000 0.000000 0.000000 0.000000 0.000000 0.000000 0.000000 0.000000 0.000000 0.000000 0.000000 0.000000 0.000000 0.000000 0.000000 0.000000 0.000000 0.000000
0.012322684 -0.107021194 1.392515 -6.398040 -0.253669 2.804296 -11.476832 -4.853332 1.379520 24.760748 4.281573 -6.664612 -22.714962 -10.597439 8.097611 -0.139332 -1.149528 -0.914876 -13.150775 4.666542 -2.405427 29.779760 -2.122423 2.782666 -20.421091 3.155108 -7.856676 -0.906010 -1.356238 0.748067 21.580340 -0.119144 1.307172 -10.081066 0.591388 -1.732755 7.148186 -1.802935 -0.505254 -6.348268 2.049615 4.761081 0.856486 -1.235517 2.866701 -1.157056 18.778279 -7.418901 16.798963 46.099439 -23.851374 13.324249 -3.054282 -25.331826 -6.919517 -6.218122 -6.067723 0.000000 0.000000 0.000000 0.000000 0.000000 0.000000 0.000000 0.000000 0.000000 0.000000 0.000000 0.000000 0.000000 0.000000 0.000000 0.000000 0.000000 0.000000 0.000000 0.000000 0.000000 0.000000 0.000000 0.000000 0.000000 0.000000 0.000000 0.000000 0.000000 0.000000 0.000000 0.000000 0.000000 0.000000 0.000000 0.000000 0.000000 0.000000 0.000000 0.000000 0.000000 0.000000 -1.580183 -17.710622 10.693618 20.610682 -45.759573 23.594162 6.913456 6.675391 32.619061 -2.942166 -0.823225 3.710141 0.000000 0.000000 0.000000 0.000000 0.000000 0.000000 0.000000 0.000000 0.000000 0.000000 0.000000 0.000000 0.000000 0.000000 0.000000 0.000000 0.000000 0.000000 0.000000 0.000000 0.000000 0.000000 0.000000 0.000000 0.000000 0.000000 0.000000 0.000000 0.000000 0.000000 0.000000 0.000000 0.000000 0.000000 0.000000 0.000000 0.000000 0.000000 0.000000 0.000000 0.000000 0.000000
0.011793606 -0.102666058 1.397593 -6.415386 -0.318927 2.895935 -9.231105 -4.469349 1.712570 21.433631 3.888181 -6.512662 -21.803558 -10.182623 8.139302 -0.149630 -1.186549 -0.932340 -10.746136 4.536814 -2.750195 26.260608 -1.716661 2.863315 -19.339847 2.588744 -7.957732 -0.844822 -1.260731 0.780372 20.094090 -0.054019 1.358917 -9.537199 0.618175 -1.766742 6.928383 -1.804397 -0.533880 -5.661384 1.976136 4.461846 1.175148 -1.203442 2.899463 -0.996179 19.107410 -6.988809 17.310291 46.359407 -23.950563 13.633911 -3.028008 -24.867723 -6.441292 -5.955260 -6.137462 0.000000 0.000000 0.000000 0.000000 0.000000 0.000000 0.000000 0.000000 0.000000 0.000000 0.000000 0.000000 0.000000 0.000000 0.000000 0.000000 0.000000 0.000000 0.000000 0.000000 0.000000 0.000000 0.000000 0.000000 0.000000 0.000000 0.000000 0.000000 0.000000 0.000000 0.000000 0.000000 0.000000 0.000000 0.000000 0.000000 0.000000 0.000000 0.000000 0.000000 0.000000 0.000000 -1.390611 -18.080157 10.344828 21.176242 -45.885556 23.711188 7.105256 6.596723 32.319882 -2.569771 -0.963510 3.749703 0.000000 0.000000 0.000000 0.000000 0.000000 0.000000 0.000000 0.000000 0.000000 0.000000 0.000000 0.000000 0.000000 0.000000 0.000000 0.000000 0.000000 0.000000 0.000000 0.000000 0.000000 0.000000 0.000000 0.000000 0.000000 0.000000 0.000000 0.000000 0.000000 0.000000 0.000000 0.000000 0.000000 0.000000 0.000000 0.000000 0.000000 0.000000 0.000000 0.000000 0.000000 0.000000
0.011553986 -0.098392176 1.401386 -6.453207 -0.378365 2.903764 -6.990294 -4.107262 2.001057 18.053583 3.459721 -6.526759 -21.074612 -9.948906 8.263417 -0.136557 -1.247854 -0.939718 -8.608682 4.390833 -3.048957 23.148597 -1.370569 3.044083 -18.449835 2.152007 -8.026612 -0.746669 -1.211425 0.790845 18.657671 -0.028616 1.401740 -8.993591 0.625217 -1.805927 6.671149 -1.801769 -0.591189 -4.989795 1.909771 4.327388 1.448918 -1.111378 3.038374 -0.801163 19.435002 -6.534438 17.776910 46.612647 -24.022901 14.061387 -3.056426 -24.383988 -5.858080 -5.674700 -6.208868 0.000000 0.000000 0.000000 0.000000 0.000000 0.000000 0.000000 0.000000 0.000000 0.000000 0.000000 0.000000 0.000000 0.000000 0.000000 0.000000 0.000000 0.000000 0.000000 0.000000 0.000000 0.000000 0.000000 0.000000 0.000000 0.000000 0.000000 0.000000 0.000000 0.000000 0.000000 0.000000 0.000000 0.000000 0.000000 0.000000 0.000000 0.000000 0.000000 0.000000 0.000000 0.000000 -1.207990 -18.393462 9.999914 21.721068 -46.079610 23.828933 7.249974 6.610497 32.046209 -2.304981 -1.072505 3.784516 0.000000 0.000000 0.000000 0.000000 0.000000 0.000000 0.000000 0.000000 0.000000 0.000000 0.000000 0.000000 0.000000 0.000000 0.000000 0.000000 0.000000 0.000000 0.000000 0.000000 0.000000 0.000000 0.000000 0.000000 0.000000 0.000000 0.000000 0.000000 0.000000 0.000000 0.000000 0.000000 0.000000 0.000000 0.000000 0.000000 0.000000 0.000000 0.000000 0.000000 0.000000 0.000000
0.010005015 -0.090825602 1.403901 -6.432943 -0.357028 2.746955 -4.256991 -3.806667 2.356738 13.893018 3.175385 -6.351361 -20.671506 -9.983012 8.194193 -0.078236 -1.265411 -0.883727 -6.141592 4.265420 -3.479890 19.484542 -1.059344 3.159237 -17.927442 1.663926 -7.856266 -0.575955 -1.252331 0.735880 17.000213 0.058442 1.466165 -8.261285 0.689423 -1.789553 6.432618 -1.850777 -0.645925 -4.232280 1.882498 4.090933 1.547675 -1.119957 3.290893 -0.631861 19.790133 -6.038746 18.127473 46.824049 -23.945620 14.312991 -3.078689 -23.996472 -5.589215 -5.299114 -6.164369 0.000000 0.000000 0.000000 0.000000 0.000000 0.000000 0.000000 0.000000 0.000000 0.000000 0.000000 0.000000 0.000000 0.000000 0.000000 0.000000 0.000000 0.000000 0.000000 0.000000 0.000000 0.000000 0.000000 0.000000 0.000000 0.000000 0.000000 0.000000 0.000000 0.000000 0.000000 0.000000 0.000000 0.000000 0.000000 0.000000 0.000000 0.000000 0.000000 0.000000 0.000000 0.000000 -0.909971 -18.752787 9.700779 22.307844 -46.290039 24.125166 7.069728 6.726771 31.665569 -1.746968 -1.197687 3.727520 0.000000 0.000000 0.000000 0.000000 0.000000 0.000000 0.000000 0.000000 0.000000 0.000000 0.000000 0.000000 0.000000 0.000000 0.000000 0.000000 0.000000 0.000000 0.000000 0.000000 0.000000 0.000000 0.000000 0.000000 0.000000 0.000000 0.000000 0.000000 0.000000 0.000000 0.000000 0.000000 0.000000 0.000000 0.000000 0.000000 0.000000 0.000000 0.000000 0.000000 0.000000 0.000000
0.009891641 -0.089340326 1.405358 -6.554150 -0.379347 2.675937 -2.330878 -3.576258 2.547767 11.175118 2.957212 -6.304703 -20.279637 -9.920517 8.165297 -0.054948 -1.276722 -0.858182 -4.306588 4.192828 -3.774214 16.963966 -0.871003 3.209158 -17.437768 1.299204 -7.715353 -0.473848 -1.267617 0.720704 15.743133 0.116446 1.550610 -7.697889 0.688110 -1.817033 6.213095 -1.830418 -0.655889 -3.565589 1.842191 3.941794 1.710498 -1.037691 3.304089 -0.445379 20.092662 -5.782417 18.397161 46.965836 -23.888791 14.406526 -3.090293 -23.620191 -5.215942 -4.988803 -6.236025 0.000000 0.000000 0.000000 0.000000 0.000000 0.000000 0.000000 0.000000 0.000000 0.000000 0.000000 0.000000 0.000000 0.000000 0.000000 0.000000 0.000000 0.000000 0.000000 0.000000 0.000000 0.000000 0.000000 0.000000 0.000000 0.000000 0.000000 0.000000 0.000000 0.000000 0.000000 0.000000 0.000000 0.000000 0.000000 0.000000 0.000000 0.000000 0.000000 0.000000 0.000000 0.000000 -0.588461 -19.156607 9.530119 22.664883 -46.338787 24.201247 6.963204 6.801699 31.441927 -1.329117 -1.166017 3.787837 0.000000 0.000000 0.000000 0.000000 0.000000 0.000000 0.000000 0.000000 0.000000 0.000000 0.000000 0.000000 0.000000 0.000000 0.000000 0.000000 0.000000 0.000000 0.000000 0.000000 0.000000 0.000000 0.000000 0.000000 0.000000 0.000000 0.000000 0.000000 0.000000 0.000000 0.000000 0.000000 0.000000 0.000000 0.000000 0.000000 0.000000 0.000000 0.000000 0.000000 0.000000 0.000000
0.010232793 -0.090330589 1.406123 -6.720224 -0.411224 2.560889 -1.054385 -3.363089 2.623053 9.512406 2.792113 -6.322532 -19.994962 -9.900677 8.226656 -0.043884 -1.317891 -0.864780 -3.064368 4.183127 -3.959896 15.343901 -0.717798 3.232166 -17.009243 0.974496 -7.531031 -0.389316 -1.297931 0.716090 14.806459 0.178438 1.653382 -7.271561 0.711101 -1.838485 6.019700 -1.804269 -0.650316 -3.011844 1.844721 3.796402 1.828962 -1.009867 3.251338 -0.310921 20.343266 -5.569465 18.574632 47.107484 -23.798019 14.407231 -3.101762 -23.384867 -4.898423 -4.751061 -6.285003 0.000000 0.000000 0.000000 0.000000 0.000000 0.000000 0.000000 0.000000 0.000000 0.000000 0.000000 0.000000 0.000000 0.000000 0.000000 0.000000 0.000000 0.000000 0.000000 0.000000 0.000000 0.000000 0.000000 0.000000 0.000000 0.000000 0.000000 0.000000 0.000000 0.000000 0.000000 0.000000 0.000000 0.000000 0.000000 0.000000 0.000000 0.000000 0.000000 0.000000 0.000000 0.000000 -0.355958 -19.404041 9.383131 22.977317 -46.498557 24.330550 6.877230 6.858819 31.098187 -0.985979 -1.116522 3.778706 0.000000 0.000000 0.000000 0.000000 0.000000 0.000000 0.000000 0.000000 0.000000 0.000000 0.000000 0.000000 0.000000 0.000000 0.000000 0.000000 0.000000 0.000000 0.000000 0.000000 0.000000 0.000000 0.000000 0.000000 0.000000 0.000000 0.000000 0.000000 0.000000 0.000000 0.000000 0.000000 0.000000 0.000000 0.000000 0.000000 0.000000 0.000000 0.000000 0.000000 0.000000 0.000000
0.010273785 -0.090667168 1.406596 -7.008248 -0.513596 2.439765 -0.214723 -3.198672 2.639163 8.602156 2.718552 -6.356170 -19.727764 -9.845625 8.270137 -0.050879 -1.359857 -0.885165 -2.315219 4.212946 -4.055802 14.554604 -0.563565 3.259800 -16.688889 0.783843 -7.360738 -0.330815 -1.339663 0.717072 14.225491 0.291432 1.745228 -6.826942 0.719928 -1.855208 5.786715 -1.765529 -0.637499 -2.558102 1.826949 3.736072 1.865412 -1.032777 3.217901 -0.258380 20.588865 -5.474179 18.639619 47.102913 -23.682668 14.315300 -3.057634 -23.190852 -4.431263 -4.548135 -6.372407 0.000000 0.000000 0.000000 0.000000 0.000000 0.000000 0.000000 0.000000 0.000000 0.000000 0.000000 0.000000 0.000000 0.000000 0.000000 0.000000 0.000000 0.000000 0.000000 0.000000 0.000000 0.000000 0.000000 0.000000 0.000000 0.000000 0.000000 0.000000 0.000000 0.000000 0.000000 0.000000 0.000000 0.000000 0.000000 0.000000 0.000000 0.000000 0.000000 0.000000 0.000000 0.000000 -0.267116 -19.657152 9.329340 23.241564 -46.611602 24.476225 6.820339 6.904130 30.656606 -0.464839 -1.143677 3.697778 0.000000 0.000000 0.000000 0.000000 0.000000 0.000000 0.000000 0.000000 0.000000 0.000000 0.000000 0.000000 0.000000 0.000000 0.000000 0.000000 0.000000 0.000000 0.000000 0.000000 0.000000 0.000000 0.000000 0.000000 0.000000 0.000000 0.000000 0.000000 0.000000 0.000000 0.000000 0.000000 0.000000 0.000000 0.000000 0.000000 0.000000 0.000000 0.000000 0.000000 0.000000 0.000000
