HIERARCHY
ROOT Hips
{
	OFFSET 0.000000 0.000000 0.000000
	CHANNELS 6 Xposition Yposition Zposition Xrotation Yrotation Zrotation
	JOINT Thigh.L
	{
		OFFSET 0.055641 0.027010 -0.095679
		CHANNELS 3 Xrotation Yrotation Zrotation
		JOINT Shin.L
		{
			OFFSET 0.059955 0.006616 -0.411445
			CHANNELS 3 Xrotation Yrotation Zrotation
			JOINT Foot.L
			{
				OFFSET -0.042164 0.032395 -0.436576
				CHANNELS 3 Xrotation Yrotation Zrotation
				JOINT Toe.L
				{
					OFFSET 0.048322 -0.126560 -0.064022
					CHANNELS 3 Xrotation Yrotation Zrotation
					End Site
					{
						OFFSET 0.000000 0.050000 0.000000
					}
				}
			}
		}
	}
	JOINT Thigh.R
	{
		OFFSET -0.060754 0.021278 -0.108362
		CHANNELS 3 Xrotation Yrotation Zrotation
		JOINT Shin.R
		{
			OFFSET -0.048974 0.014708 -0.392747
			CHANNELS 3 Xrotation Yrotation Zrotation
			JOINT Foot.R
			{
				OFFSET 0.014005 0.020500 -0.445583
				CHANNELS 3 Xrotation Yrotation Zrotation
				JOINT Toe.R
				{
					OFFSET -0.039702 -0.127390 -0.063900
					CHANNELS 3 Xrotation Yrotation Zrotation
					End Site
					{
						OFFSET 0.000000 0.050000 0.000000
					}
				}
			}
		}
	}
	JOINT Spine
	{
		OFFSET -0.002637 0.027630 0.114935
		CHANNELS 3 Xrotation Yrotation Zrotation
		JOINT Spine.2
		{
			OFFSET 0.009274 0.006475 0.143128
			CHANNELS 3 Xrotation Yrotation Zrotation
			JOINT Chest
			{
				OFFSET -0.011033 -0.023820 0.056893
				CHANNELS 3 Xrotation Yrotation Zrotation
				JOINT Neck
				{
					OFFSET -0.012395 0.026168 0.170871
					CHANNELS 3 Xrotation Yrotation Zrotation
					JOINT Head
					{
						OFFSET 0.025627 -0.020482 0.168895
						CHANNELS 3 Xrotation Yrotation Zrotation
						End Site
						{
							OFFSET 0.000000 0.050000 0.000000
						}
					}
				}
				JOINT Clavicle.L
				{
					OFFSET 0.047921 0.004469 0.088052
					CHANNELS 3 Xrotation Yrotation Zrotation
					JOINT UpperArm.L
					{
						OFFSET 0.128574 0.013832 0.058711
						CHANNELS 3 Xrotation Yrotation Zrotation
						JOINT ForeArm.L
						{
							OFFSET 0.269347 0.043543 -0.075318
							CHANNELS 3 Xrotation Yrotation Zrotation
							JOINT Hand.L
							{
								OFFSET 0.272674 0.000536 0.022678
								CHANNELS 3 Xrotation Yrotation Zrotation
								JOINT Thumb1.L
								{
									OFFSET 0.154587 0.000235 0.009946
									CHANNELS 3 Xrotation Yrotation Zrotation
									JOINT Thumb2.L
									{
										OFFSET 0.029897 0.000059 0.002486
										CHANNELS 3 Xrotation Yrotation Zrotation
										End Site
										{
											OFFSET 0.024914 0.000049 0.002072
										}
									}
								}
								JOINT Index1.L
								{
									OFFSET 0.137587 0.000235 0.009946
									CHANNELS 3 Xrotation Yrotation Zrotation
									JOINT Index2.L
									{
										OFFSET 0.029897 0.000059 0.002486
										CHANNELS 3 Xrotation Yrotation Zrotation
										JOINT Index3.L
										{
											OFFSET 0.021924 0.000043 0.001823
											CHANNELS 3 Xrotation Yrotation Zrotation
											End Site
											{
												OFFSET 0.017938 0.000035 0.001492
											}
										}
									}
								}
								JOINT Middle1.L
								{
									OFFSET 0.119587 0.000235 0.009946
									CHANNELS 3 Xrotation Yrotation Zrotation
									JOINT Middle2.L
									{
										OFFSET 0.030893 0.000061 0.002569
										CHANNELS 3 Xrotation Yrotation Zrotation
										JOINT Middle3.L
										{
											OFFSET 0.021924 0.000043 0.001823
											CHANNELS 3 Xrotation Yrotation Zrotation
											End Site
											{
												OFFSET 0.017938 0.000035 0.001492
											}
										}
									}
								}
								JOINT Ring1.L
								{
									OFFSET 0.101587 0.000235 0.009946
									CHANNELS 3 Xrotation Yrotation Zrotation
									JOINT Ring2.L
									{
										OFFSET 0.028900 0.000057 0.002404
										CHANNELS 3 Xrotation Yrotation Zrotation
										JOINT Ring3.L
										{
											OFFSET 0.019931 0.000039 0.001658
											CHANNELS 3 Xrotation Yrotation Zrotation
											End Site
											{
												OFFSET 0.016941 0.000033 0.001409
											}
										}
									}
								}
								JOINT Pinky1.L
								{
									OFFSET 0.085587 0.000235 0.009946
									CHANNELS 3 Xrotation Yrotation Zrotation
									JOINT Pinky2.L
									{
										OFFSET 0.023917 0.000047 0.001989
										CHANNELS 3 Xrotation Yrotation Zrotation
										JOINT Pinky3.L
										{
											OFFSET 0.016941 0.000033 0.001409
											CHANNELS 3 Xrotation Yrotation Zrotation
											End Site
											{
												OFFSET 0.013952 0.000027 0.001160
											}
										}
									}
								}
							}
						}
					}
				}
				JOINT Clavicle.R
				{
					OFFSET -0.049022 0.010628 0.087182
					CHANNELS 3 Xrotation Yrotation Zrotation
					JOINT UpperArm.R
					{
						OFFSET -0.111476 0.010486 0.054800
						CHANNELS 3 Xrotation Yrotation Zrotation
						JOINT ForeArm.R
						{
							OFFSET -0.287822 0.027903 -0.039235
							CHANNELS 3 Xrotation Yrotation Zrotation
							JOINT Hand.R
							{
								OFFSET -0.269008 0.014054 -0.005370
								CHANNELS 3 Xrotation Yrotation Zrotation
								JOINT Thumb1.R
								{
									OFFSET -0.154813 0.006260 -0.002392
									CHANNELS 3 Xrotation Yrotation Zrotation
									JOINT Thumb2.R
									{
										OFFSET -0.029953 0.001565 -0.000598
										CHANNELS 3 Xrotation Yrotation Zrotation
										End Site
										{
											OFFSET -0.024961 0.001304 -0.000498
										}
									}
								}
								JOINT Index1.R
								{
									OFFSET -0.137813 0.006260 -0.002392
									CHANNELS 3 Xrotation Yrotation Zrotation
									JOINT Index2.R
									{
										OFFSET -0.029953 0.001565 -0.000598
										CHANNELS 3 Xrotation Yrotation Zrotation
										JOINT Index3.R
										{
											OFFSET -0.021966 0.001148 -0.000438
											CHANNELS 3 Xrotation Yrotation Zrotation
											End Site
											{
												OFFSET -0.017972 0.000939 -0.000359
											}
										}
									}
								}
								JOINT Middle1.R
								{
									OFFSET -0.119813 0.006260 -0.002392
									CHANNELS 3 Xrotation Yrotation Zrotation
									JOINT Middle2.R
									{
										OFFSET -0.030952 0.001617 -0.000618
										CHANNELS 3 Xrotation Yrotation Zrotation
										JOINT Middle3.R
										{
											OFFSET -0.021966 0.001148 -0.000438
											CHANNELS 3 Xrotation Yrotation Zrotation
											End Site
											{
												OFFSET -0.017972 0.000939 -0.000359
											}
										}
									}
								}
								JOINT Ring1.R
								{
									OFFSET -0.101813 0.006260 -0.002392
									CHANNELS 3 Xrotation Yrotation Zrotation
									JOINT Ring2.R
									{
										OFFSET -0.028955 0.001513 -0.000578
										CHANNELS 3 Xrotation Yrotation Zrotation
										JOINT Ring3.R
										{
											OFFSET -0.019969 0.001043 -0.000399
											CHANNELS 3 Xrotation Yrotation Zrotation
											End Site
											{
												OFFSET -0.016973 0.000887 -0.000339
											}
										}
									}
								}
								JOINT Pinky1.R
								{
									OFFSET -0.085813 0.006260 -0.002392
									CHANNELS 3 Xrotation Yrotation Zrotation
									JOINT Pinky2.R
									{
										OFFSET -0.023963 0.001252 -0.000478
										CHANNELS 3 Xrotation Yrotation Zrotation
										JOINT Pinky3.R
										{
											OFFSET -0.016973 0.000887 -0.000339
											CHANNELS 3 Xrotation Yrotation Zrotation
											End Site
											{
												OFFSET -0.013978 0.000730 -0.000279
											}
										}
									}
								}
							}
						}
					}
				}
			}
		}
	}
}
MOTION
Frames: 193
Frame Time: 0.04166667
-0.002672 -0.040144 1.068037 -4.435857 0.860305 0.605863 4.691931 -3.616728 2.662867 4.604961 3.069138 -11.515909 -9.335183 -1.805673 8.469503 -0.716117 -2.000649 -1.364006 0.534774 2.918198 -2.713379 10.048215 -0.133780 6.361418 -10.037782 -1.273841 -5.764773 -0.622363 -1.284028 0.738605 3.337857 1.064033 2.172832 -0.139213 -0.427391 -1.949739 2.754808 0.509484 -0.357566 6.638673 0.499933 1.376771 5.432991 -1.494460 0.993156 -0.050119 22.931932 -1.571678 24.019333 44.146843 -24.339112 16.829391 -1.842637 -22.523207 -1.104695 1.450571 -7.002189 0.000000 0.000000 0.000000 0.000000 0.000000 0.000000 0.000000 0.000000 0.000000 0.000000 0.000000 0.000000 0.000000 0.000000 0.000000 0.000000 0.000000 0.000000 0.000000 0.000000 0.000000 0.000000 0.000000 0.000000 0.000000 0.000000 0.000000 0.000000 0.000000 0.000000 0.000000 0.000000 0.000000 0.000000 0.000000 0.000000 0.000000 0.000000 0.000000 0.000000 0.000000 0.000000 1.183367 -21.777348 6.778599 27.647609 -45.242828 27.524296 12.512763 1.666730 24.710103 -0.428449 -3.779960 3.562683 0.000000 0.000000 0.000000 0.000000 0.000000 0.000000 0.000000 0.000000 0.000000 0.000000 0.000000 0.000000 0.000000 0.000000 0.000000 0.000000 0.000000 0.000000 0.000000 0.000000 0.000000 0.000000 0.000000 0.000000 0.000000 0.000000 0.000000 0.000000 0.000000 0.000000 0.000000 0.000000 0.000000 0.000000 0.000000 0.000000 0.000000 0.000000 0.000000 0.000000 0.000000 0.000000
-0.002950 -0.040550 1.068068 -4.474519 0.855954 0.587883 4.693964 -3.598208 2.658463 4.666458 3.079868 -11.583694 -9.342702 -1.836142 8.507868 -0.714851 -1.996568 -1.370543 0.595261 2.956117 -2.750996 9.989019 -0.134261 6.424477 -10.019692 -1.342029 -5.743981 -0.622775 -1.277756 0.744075 3.327778 1.101524 2.183721 -0.098136 -0.407509 -1.938837 2.728531 0.518489 -0.342453 6.642562 0.528754 1.363943 5.399962 -1.497130 1.001036 -0.068957 22.957391 -1.558132 24.030193 44.102187 -24.342712 16.802155 -1.844219 -22.564506 -1.071379 1.446627 -6.986830 0.000000 0.000000 0.000000 0.000000 0.000000 0.000000 0.000000 0.000000 0.000000 0.000000 0.000000 0.000000 0.000000 0.000000 0.000000 0.000000 0.000000 0.000000 0.000000 0.000000 0.000000 0.000000 0.000000 0.000000 0.000000 0.000000 0.000000 0.000000 0.000000 0.000000 0.000000 0.000000 0.000000 0.000000 0.000000 0.000000 0.000000 0.000000 0.000000 0.000000 0.000000 0.000000 1.183739 -21.798754 6.770314 27.637609 -45.239610 27.511987 12.493511 1.671233 24.697564 -0.403857 -3.801311 3.536293 0.000000 0.000000 0.000000 0.000000 0.000000 0.000000 0.000000 0.000000 0.000000 0.000000 0.000000 0.000000 0.000000 0.000000 0.000000 0.000000 0.000000 0.000000 0.000000 0.000000 0.000000 0.000000 0.000000 0.000000 0.000000 0.000000 0.000000 0.000000 0.000000 0.000000 0.000000 0.000000 0.000000 0.000000 0.000000 0.000000 0.000000 0.000000 0.000000 0.000000 0.000000 0.000000
-0.002825 -0.040545 1.068066 -4.473989 0.854200 0.575166 4.654820 -3.602037 2.662215 4.741936 3.070202 -11.625799 -9.363904 -1.823876 8.522687 -0.721304 -2.006191 -1.373900 0.590408 2.941290 -2.733132 9.996280 -0.113046 6.434152 -10.030160 -1.340447 -5.738169 -0.627386 -1.286445 0.742107 3.318333 1.125060 2.199069 -0.058363 -0.406875 -1.943956 2.697400 0.524800 -0.331998 6.606774 0.550464 1.317456 5.307464 -1.508159 0.967858 -0.087387 22.977707 -1.551436 24.083333 44.064019 -24.352931 16.759051 -1.896239 -22.575866 -0.996174 1.423707 -6.954464 0.000000 0.000000 0.000000 0.000000 0.000000 0.000000 0.000000 0.000000 0.000000 0.000000 0.000000 0.000000 0.000000 0.000000 0.000000 0.000000 0.000000 0.000000 0.000000 0.000000 0.000000 0.000000 0.000000 0.000000 0.000000 0.000000 0.000000 0.000000 0.000000 0.000000 0.000000 0.000000 0.000000 0.000000 0.000000 0.000000 0.000000 0.000000 0.000000 0.000000 0.000000 0.000000 1.158684 -21.831941 6.773278 27.660714 -45.262192 27.492559 12.491553 1.713500 24.701471 -0.356307 -3.732857 3.522907 0.000000 0.000000 0.000000 0.000000 0.000000 0.000000 0.000000 0.000000 0.000000 0.000000 0.000000 0.000000 0.000000 0.000000 0.000000 0.000000 0.000000 0.000000 0.000000 0.000000 0.000000 0.000000 0.000000 0.000000 0.000000 0.000000 0.000000 0.000000 0.000000 0.000000 0.000000 0.000000 0.000000 0.000000 0.000000 0.000000 0.000000 0.000000 0.000000 0.000000 0.000000 0.000000
-0.002525 -0.040441 1.068050 -4.461985 0.831873 0.600807 4.590514 -3.605282 2.661219 4.836998 3.092098 -11.624323 -9.374248 -1.816587 8.502275 -0.719104 -1.994781 -1.375883 0.588092 2.960290 -2.754095 9.988344 -0.124705 6.405670 -10.054237 -1.355259 -5.734565 -0.638811 -1.274121 0.750455 3.334325 1.154501 2.217890 -0.079236 -0.405527 -1.948757 2.687742 0.524679 -0.319295 6.556051 0.525898 1.301529 5.256208 -1.516195 0.902759 -0.113353 23.013576 -1.530588 24.075396 44.051834 -24.296105 16.703030 -1.964401 -22.628535 -0.922960 1.404555 -6.915932 0.000000 0.000000 0.000000 0.000000 0.000000 0.000000 0.000000 0.000000 0.000000 0.000000 0.000000 0.000000 0.000000 0.000000 0.000000 0.000000 0.000000 0.000000 0.000000 0.000000 0.000000 0.000000 0.000000 0.000000 0.000000 0.000000 0.000000 0.000000 0.000000 0.000000 0.000000 0.000000 0.000000 0.000000 0.000000 0.000000 0.000000 0.000000 0.000000 0.000000 0.000000 0.000000 1.149856 -21.879527 6.768384 27.664678 -45.255427 27.435880 12.542117 1.749724 24.722845 -0.229930 -3.691261 3.517482 0.000000 0.000000 0.000000 0.000000 0.000000 0.000000 0.000000 0.000000 0.000000 0.000000 0.000000 0.000000 0.000000 0.000000 0.000000 0.000000 0.000000 0.000000 0.000000 0.000000 0.000000 0.000000 0.000000 0.000000 0.000000 0.000000 0.000000 0.000000 0.000000 0.000000 0.000000 0.000000 0.000000 0.000000 0.000000 0.000000 0.000000 0.000000 0.000000 0.000000 0.000000 0.000000
-0.002775 -0.040454 1.068036 -4.451242 0.838583 0.577035 4.552113 -3.609442 2.668112 4.884621 3.121735 -11.563147 -9.379013 -1.832282 8.490744 -0.716504 -1.988750 -1.374696 0.574323 2.976529 -2.762709 9.976913 -0.137560 6.370975 -10.051950 -1.390842 -5.695588 -0.641893 -1.264643 0.758894 3.326437 1.186224 2.232864 -0.078260 -0.404080 -1.951876 2.656692 0.531269 -0.306709 6.517256 0.498880 1.289876 5.193211 -1.545654 0.867157 -0.138501 23.018345 -1.513791 24.114695 44.067020 -24.294584 16.696414 -2.013000 -22.636715 -0.897867 1.383752 -6.938757 0.000000 0.000000 0.000000 0.000000 0.000000 0.000000 0.000000 0.000000 0.000000 0.000000 0.000000 0.000000 0.000000 0.000000 0.000000 0.000000 0.000000 0.000000 0.000000 0.000000 0.000000 0.000000 0.000000 0.000000 0.000000 0.000000 0.000000 0.000000 0.000000 0.000000 0.000000 0.000000 0.000000 0.000000 0.000000 0.000000 0.000000 0.000000 0.000000 0.000000 0.000000 0.000000 1.141251 -21.892313 6.769330 27.720422 -45.256536 27.457293 12.572045 1.794786 24.688319 -0.138439 -3.638299 3.530470 0.000000 0.000000 0.000000 0.000000 0.000000 0.000000 0.000000 0.000000 0.000000 0.000000 0.000000 0.000000 0.000000 0.000000 0.000000 0.000000 0.000000 0.000000 0.000000 0.000000 0.000000 0.000000 0.000000 0.000000 0.000000 0.000000 0.000000 0.000000 0.000000 0.000000 0.000000 0.000000 0.000000 0.000000 0.000000 0.000000 0.000000 0.000000 0.000000 0.000000 0.000000 0.000000
-0.002858 -0.040601 1.068028 -4.449617 0.828202 0.529225 4.510944 -3.597834 2.664891 4.953297 3.156564 -11.510327 -9.375643 -1.858575 8.500949 -0.710732 -1.981635 -1.375501 0.551706 3.011284 -2.774616 9.985118 -0.146884 6.366744 -10.062221 -1.430877 -5.655508 -0.636303 -1.249904 0.766263 3.325937 1.224725 2.247415 -0.073308 -0.400275 -1.952269 2.630350 0.540146 -0.289683 6.477646 0.479968 1.338848 5.094501 -1.563368 0.866999 -0.169928 23.016080 -1.488555 24.113570 44.094539 -24.275332 16.675952 -2.047225 -22.629319 -0.887025 1.358318 -6.988428 0.000000 0.000000 0.000000 0.000000 0.000000 0.000000 0.000000 0.000000 0.000000 0.000000 0.000000 0.000000 0.000000 0.000000 0.000000 0.000000 0.000000 0.000000 0.000000 0.000000 0.000000 0.000000 0.000000 0.000000 0.000000 0.000000 0.000000 0.000000 0.000000 0.000000 0.000000 0.000000 0.000000 0.000000 0.000000 0.000000 0.000000 0.000000 0.000000 0.000000 0.000000 0.000000 1.125718 -21.890644 6.769122 27.783009 -45.270751 27.512777 12.594068 1.833349 24.647591 -0.069978 -3.575651 3.568424 0.000000 0.000000 0.000000 0.000000 0.000000 0.000000 0.000000 0.000000 0.000000 0.000000 0.000000 0.000000 0.000000 0.000000 0.000000 0.000000 0.000000 0.000000 0.000000 0.000000 0.000000 0.000000 0.000000 0.000000 0.000000 0.000000 0.000000 0.000000 0.000000 0.000000 0.000000 0.000000 0.000000 0.000000 0.000000 0.000000 0.000000 0.000000 0.000000 0.000000 0.000000 0.000000
-0.002849 -0.040563 1.068012 -4.426504 0.831045 0.455684 4.467746 -3.602341 2.656805 4.991480 3.175787 -11.470625 -9.361320 -1.876310 8.521802 -0.700034 -1.977819 -1.374691 0.508093 3.021916 -2.783468 9.987072 -0.151468 6.378330 -10.070758 -1.466188 -5.592023 -0.624737 -1.244526 0.770290 3.324593 1.240573 2.269405 -0.044449 -0.399314 -1.952330 2.590934 0.544461 -0.278256 6.478797 0.479778 1.378610 4.972461 -1.579016 0.857004 -0.194160 22.992135 -1.471639 24.122451 44.132144 -24.286352 16.633997 -2.053777 -22.575861 -0.893295 1.328023 -7.038946 0.000000 0.000000 0.000000 0.000000 0.000000 0.000000 0.000000 0.000000 0.000000 0.000000 0.000000 0.000000 0.000000 0.000000 0.000000 0.000000 0.000000 0.000000 0.000000 0.000000 0.000000 0.000000 0.000000 0.000000 0.000000 0.000000 0.000000 0.000000 0.000000 0.000000 0.000000 0.000000 0.000000 0.000000 0.000000 0.000000 0.000000 0.000000 0.000000 0.000000 0.000000 0.000000 1.128493 -21.864616 6.777911 27.845751 -45.300368 27.583279 12.583625 1.871798 24.657152 -0.063869 -3.503345 3.597020 0.000000 0.000000 0.000000 0.000000 0.000000 0.000000 0.000000 0.000000 0.000000 0.000000 0.000000 0.000000 0.000000 0.000000 0.000000 0.000000 0.000000 0.000000 0.000000 0.000000 0.000000 0.000000 0.000000 0.000000 0.000000 0.000000 0.000000 0.000000 0.000000 0.000000 0.000000 0.000000 0.000000 0.000000 0.000000 0.000000 0.000000 0.000000 0.000000 0.000000 0.000000 0.000000
-0.002855 -0.040390 1.067999 -4.404363 0.832083 0.416911 4.421413 -3.611708 2.644914 5.047980 3.200705 -11.448781 -9.361343 -1.884988 8.535886 -0.691744 -1.972096 -1.375042 0.500341 3.032884 -2.788250 9.953866 -0.160477 6.403216 -10.080601 -1.498133 -5.568778 -0.621075 -1.240390 0.769059 3.321800 1.257040 2.285087 -0.020503 -0.409224 -1.954106 2.571037 0.545441 -0.274723 6.453019 0.489682 1.419320 4.839527 -1.585552 0.852227 -0.206325 23.002657 -1.463705 24.100850 44.165032 -24.247965 16.604171 -2.101859 -22.569307 -0.858628 1.322581 -7.053319 0.000000 0.000000 0.000000 0.000000 0.000000 0.000000 0.000000 0.000000 0.000000 0.000000 0.000000 0.000000 0.000000 0.000000 0.000000 0.000000 0.000000 0.000000 0.000000 0.000000 0.000000 0.000000 0.000000 0.000000 0.000000 0.000000 0.000000 0.000000 0.000000 0.000000 0.000000 0.000000 0.000000 0.000000 0.000000 0.000000 0.000000 0.000000 0.000000 0.000000 0.000000 0.000000 1.140770 -21.871337 6.781793 27.836047 -45.297003 27.574033 12.620261 1.909232 24.692386 -0.034242 -3.463928 3.614593 0.000000 0.000000 0.000000 0.000000 0.000000 0.000000 0.000000 0.000000 0.000000 0.000000 0.000000 0.000000 0.000000 0.000000 0.000000 0.000000 0.000000 0.000000 0.000000 0.000000 0.000000 0.000000 0.000000 0.000000 0.000000 0.000000 0.000000 0.000000 0.000000 0.000000 0.000000 0.000000 0.000000 0.000000 0.000000 0.000000 0.000000 0.000000 0.000000 0.000000 0.000000 0.000000
-0.002859 -0.040217 1.067980 -4.373242 0.826915 0.372868 4.392964 -3.604717 2.650853 5.045653 3.211767 -11.413185 -9.350857 -1.877785 8.527331 -0.689322 -1.962749 -1.375973 0.500078 3.051401 -2.802922 9.874801 -0.161958 6.434320 -10.062765 -1.525776 -5.527240 -0.611561 -1.239277 0.772148 3.306654 1.267931 2.301360 0.015564 -0.411023 -1.955493 2.545025 0.543518 -0.266054 6.475196 0.503632 1.444513 4.740747 -1.605375 0.868375 -0.200408 22.990372 -1.472067 24.105686 44.185936 -24.264942 16.557091 -2.090425 -22.548389 -0.848379 1.304041 -7.103120 0.000000 0.000000 0.000000 0.000000 0.000000 0.000000 0.000000 0.000000 0.000000 0.000000 0.000000 0.000000 0.000000 0.000000 0.000000 0.000000 0.000000 0.000000 0.000000 0.000000 0.000000 0.000000 0.000000 0.000000 0.000000 0.000000 0.000000 0.000000 0.000000 0.000000 0.000000 0.000000 0.000000 0.000000 0.000000 0.000000 0.000000 0.000000 0.000000 0.000000 0.000000 0.000000 1.167435 -21.839440 6.795356 27.839041 -45.304672 27.607412 12.599609 1.901931 24.710284 -0.055933 -3.462125 3.648286 0.000000 0.000000 0.000000 0.000000 0.000000 0.000000 0.000000 0.000000 0.000000 0.000000 0.000000 0.000000 0.000000 0.000000 0.000000 0.000000 0.000000 0.000000 0.000000 0.000000 0.000000 0.000000 0.000000 0.000000 0.000000 0.000000 0.000000 0.000000 0.000000 0.000000 0.000000 0.000000 0.000000 0.000000 0.000000 0.000000 0.000000 0.000000 0.000000 0.000000 0.000000 0.000000
-0.003139 -0.039874 1.067966 -4.346892 0.835985 0.324405 4.410594 -3.585637 2.655552 4.994030 3.201093 -11.379643 -9.358182 -1.880824 8.539036 -0.688337 -1.950740 -1.374735 0.516064 3.061422 -2.818882 9.797731 -0.156821 6.450586 -10.045591 -1.566100 -5.483993 -0.608296 -1.243891 0.772344 3.308504 1.283754 2.301230 0.026601 -0.417137 -1.942998 2.541022 0.540939 -0.260040 6.462275 0.506985 1.486579 4.662696 -1.607810 0.892305 -0.190194 22.989184 -1.458554 24.069413 44.228812 -24.231004 16.539740 -2.102036 -22.571112 -0.822098 1.264824 -7.127806 0.000000 0.000000 0.000000 0.000000 0.000000 0.000000 0.000000 0.000000 0.000000 0.000000 0.000000 0.000000 0.000000 0.000000 0.000000 0.000000 0.000000 0.000000 0.000000 0.000000 0.000000 0.000000 0.000000 0.000000 0.000000 0.000000 0.000000 0.000000 0.000000 0.000000 0.000000 0.000000 0.000000 0.000000 0.000000 0.000000 0.000000 0.000000 0.000000 0.000000 0.000000 0.000000 1.196538 -21.818347 6.792681 27.820118 -45.287496 27.613949 12.642441 1.903495 24.737019 -0.025182 -3.465821 3.675999 0.000000 0.000000 0.000000 0.000000 0.000000 0.000000 0.000000 0.000000 0.000000 0.000000 0.000000 0.000000 0.000000 0.000000 0.000000 0.000000 0.000000 0.000000 0.000000 0.000000 0.000000 0.000000 0.000000 0.000000 0.000000 0.000000 0.000000 0.000000 0.000000 0.000000 0.000000 0.000000 0.000000 0.000000 0.000000 0.000000 0.000000 0.000000 0.000000 0.000000 0.000000 0.000000
-0.003353 -0.039213 1.067936 -4.292991 0.837043 0.260136 4.430538 -3.552038 2.658564 4.900725 3.183919 -11.344576 -9.352473 -1.880951 8.559966 -0.695605 -1.942862 -1.372292 0.514628 3.081137 -2.844024 9.704529 -0.151868 6.458642 -10.024586 -1.622823 -5.433164 -0.600038 -1.239268 0.776996 3.299658 1.295509 2.305650 0.028522 -0.414943 -1.935996 2.547564 0.536458 -0.253283 6.431743 0.519428 1.509244 4.586058 -1.599612 0.913102 -0.170519 22.992685 -1.461446 24.078431 44.247897 -24.221900 16.501053 -2.097088 -22.576022 -0.821173 1.253318 -7.156417 0.000000 0.000000 0.000000 0.000000 0.000000 0.000000 0.000000 0.000000 0.000000 0.000000 0.000000 0.000000 0.000000 0.000000 0.000000 0.000000 0.000000 0.000000 0.000000 0.000000 0.000000 0.000000 0.000000 0.000000 0.000000 0.000000 0.000000 0.000000 0.000000 0.000000 0.000000 0.000000 0.000000 0.000000 0.000000 0.000000 0.000000 0.000000 0.000000 0.000000 0.000000 0.000000 1.229034 -21.812522 6.808871 27.811116 -45.252324 27.618644 12.641757 1.881243 24.755392 -0.035511 -3.440993 3.716080 0.000000 0.000000 0.000000 0.000000 0.000000 0.000000 0.000000 0.000000 0.000000 0.000000 0.000000 0.000000 0.000000 0.000000 0.000000 0.000000 0.000000 0.000000 0.000000 0.000000 0.000000 0.000000 0.000000 0.000000 0.000000 0.000000 0.000000 0.000000 0.000000 0.000000 0.000000 0.000000 0.000000 0.000000 0.000000 0.000000 0.000000 0.000000 0.000000 0.000000 0.000000 0.000000
-0.003639 -0.038508 1.067904 -4.226039 0.843925 0.220976 4.437389 -3.522938 2.674684 4.792367 3.162290 -11.270644 -9.336367 -1.879177 8.539312 -0.686841 -1.933183 -1.363955 0.513187 3.089586 -2.879006 9.584890 -0.142208 6.433778 -9.989252 -1.681363 -5.377773 -0.586023 -1.245437 0.769952 3.301774 1.300069 2.306789 0.033952 -0.414183 -1.926991 2.554719 0.529478 -0.252040 6.371253 0.527805 1.528795 4.495254 -1.604893 0.946267 -0.157421 23.009546 -1.454977 24.085104 44.266962 -24.231505 16.497291 -2.127572 -22.574790 -0.755741 1.231244 -7.165066 0.000000 0.000000 0.000000 0.000000 0.000000 0.000000 0.000000 0.000000 0.000000 0.000000 0.000000 0.000000 0.000000 0.000000 0.000000 0.000000 0.000000 0.000000 0.000000 0.000000 0.000000 0.000000 0.000000 0.000000 0.000000 0.000000 0.000000 0.000000 0.000000 0.000000 0.000000 0.000000 0.000000 0.000000 0.000000 0.000000 0.000000 0.000000 0.000000 0.000000 0.000000 0.000000 1.257174 -21.800843 6.805858 27.795282 -45.243764 27.619325 12.622852 1.914374 24.781344 0.008856 -3.421346 3.737216 0.000000 0.000000 0.000000 0.000000 0.000000 0.000000 0.000000 0.000000 0.000000 0.000000 0.000000 0.000000 0.000000 0.000000 0.000000 0.000000 0.000000 0.000000 0.000000 0.000000 0.000000 0.000000 0.000000 0.000000 0.000000 0.000000 0.000000 0.000000 0.000000 0.000000 0.000000 0.000000 0.000000 0.000000 0.000000 0.000000 0.000000 0.000000 0.000000 0.000000 0.000000 0.000000
-0.004242 -0.037685 1.067869 -4.146244 0.869682 0.188180 4.438644 -3.497261 2.681698 4.670080 3.134047 -11.187573 -9.322839 -1.887992 8.521683 -0.677583 -1.928790 -1.358506 0.512799 3.092362 -2.921534 9.440663 -0.136302 6.409222 -9.927212 -1.751752 -5.313291 -0.566971 -1.245473 0.767230 3.297025 1.303979 2.315445 0.048268 -0.412960 -1.928309 2.559589 0.522136 -0.252614 6.350245 0.522285 1.526414 4.418170 -1.627285 0.940693 -0.144218 23.022681 -1.455140 24.097943 44.310033 -24.252322 16.495858 -2.170709 -22.566401 -0.711903 1.231834 -7.166982 0.000000 0.000000 0.000000 0.000000 0.000000 0.000000 0.000000 0.000000 0.000000 0.000000 0.000000 0.000000 0.000000 0.000000 0.000000 0.000000 0.000000 0.000000 0.000000 0.000000 0.000000 0.000000 0.000000 0.000000 0.000000 0.000000 0.000000 0.000000 0.000000 0.000000 0.000000 0.000000 0.000000 0.000000 0.000000 0.000000 0.000000 0.000000 0.000000 0.000000 0.000000 0.000000 1.292878 -21.784395 6.810766 27.760416 -45.229921 27.602804 12.647601 1.959217 24.798031 0.063520 -3.373634 3.762807 0.000000 0.000000 0.000000 0.000000 0.000000 0.000000 0.000000 0.000000 0.000000 0.000000 0.000000 0.000000 0.000000 0.000000 0.000000 0.000000 0.000000 0.000000 0.000000 0.000000 0.000000 0.000000 0.000000 0.000000 0.000000 0.000000 0.000000 0.000000 0.000000 0.000000 0.000000 0.000000 0.000000 0.000000 0.000000 0.000000 0.000000 0.000000 0.000000 0.000000 0.000000 0.000000
-0.004971 -0.037158 1.067849 -4.082848 0.887552 0.138717 4.429951 -3.457171 2.685074 4.581672 3.118994 -11.091961 -9.303273 -1.912600 8.499009 -0.670402 -1.922603 -1.354024 0.514376 3.123266 -2.976288 9.295631 -0.137958 6.373313 -9.847002 -1.838433 -5.219619 -0.548890 -1.245304 0.762822 3.306654 1.314224 2.328246 0.082975 -0.395175 -1.928008 2.558140 0.516822 -0.252775 6.300448 0.541839 1.525813 4.340147 -1.641133 0.976992 -0.145735 23.026599 -1.461420 24.132335 44.354246 -24.314382 16.461934 -2.198723 -22.540534 -0.689644 1.247295 -7.184702 0.000000 0.000000 0.000000 0.000000 0.000000 0.000000 0.000000 0.000000 0.000000 0.000000 0.000000 0.000000 0.000000 0.000000 0.000000 0.000000 0.000000 0.000000 0.000000 0.000000 0.000000 0.000000 0.000000 0.000000 0.000000 0.000000 0.000000 0.000000 0.000000 0.000000 0.000000 0.000000 0.000000 0.000000 0.000000 0.000000 0.000000 0.000000 0.000000 0.000000 0.000000 0.000000 1.321711 -21.762706 6.826010 27.739902 -45.221465 27.618897 12.576997 2.001357 24.794885 0.126075 -3.318961 3.785810 0.000000 0.000000 0.000000 0.000000 0.000000 0.000000 0.000000 0.000000 0.000000 0.000000 0.000000 0.000000 0.000000 0.000000 0.000000 0.000000 0.000000 0.000000 0.000000 0.000000 0.000000 0.000000 0.000000 0.000000 0.000000 0.000000 0.000000 0.000000 0.000000 0.000000 0.000000 0.000000 0.000000 0.000000 0.000000 0.000000 0.000000 0.000000 0.000000 0.000000 0.000000 0.000000
-0.005459 -0.037090 1.067849 -4.046696 0.899415 0.122026 4.399762 -3.427809 2.689600 4.544167 3.099902 -11.032529 -9.280192 -1.936789 8.476099 -0.659244 -1.912054 -1.345994 0.502013 3.146301 -3.025058 9.209131 -0.143089 6.334184 -9.784948 -1.914227 -5.151651 -0.530798 -1.238135 0.756458 3.339930 1.314586 2.342768 0.089780 -0.386420 -1.927877 2.565409 0.508045 -0.246352 6.277081 0.543965 1.499467 4.269308 -1.660836 0.944650 -0.164003 23.035332 -1.471960 24.146007 44.378741 -24.344748 16.504571 -2.243059 -22.566875 -0.596233 1.254832 -7.199905 0.000000 0.000000 0.000000 0.000000 0.000000 0.000000 0.000000 0.000000 0.000000 0.000000 0.000000 0.000000 0.000000 0.000000 0.000000 0.000000 0.000000 0.000000 0.000000 0.000000 0.000000 0.000000 0.000000 0.000000 0.000000 0.000000 0.000000 0.000000 0.000000 0.000000 0.000000 0.000000 0.000000 0.000000 0.000000 0.000000 0.000000 0.000000 0.000000 0.000000 0.000000 0.000000 1.330667 -21.757027 6.829350 27.674778 -45.206872 27.579910 12.587897 2.056330 24.819050 0.243200 -3.290306 3.811341 0.000000 0.000000 0.000000 0.000000 0.000000 0.000000 0.000000 0.000000 0.000000 0.000000 0.000000 0.000000 0.000000 0.000000 0.000000 0.000000 0.000000 0.000000 0.000000 0.000000 0.000000 0.000000 0.000000 0.000000 0.000000 0.000000 0.000000 0.000000 0.000000 0.000000 0.000000 0.000000 0.000000 0.000000 0.000000 0.000000 0.000000 0.000000 0.000000 0.000000 0.000000 0.000000
-0.006130 -0.037556 1.067869 -4.038669 0.910037 0.093462 4.372977 -3.388224 2.683383 4.517604 3.093493 -10.991408 -9.246137 -1.990809 8.477698 -0.652498 -1.904164 -1.344771 0.506258 3.178059 -3.060170 9.101371 -0.137018 6.331056 -9.695349 -1.990587 -5.102954 -0.520661 -1.232844 0.760081 3.400533 1.323958 2.360563 0.067295 -0.368431 -1.920354 2.584474 0.500298 -0.243500 6.232696 0.535639 1.486783 4.251494 -1.669990 0.943118 -0.204826 23.045464 -1.486591 24.159016 44.406336 -24.396281 16.511596 -2.258804 -22.575938 -0.558129 1.248869 -7.202379 0.000000 0.000000 0.000000 0.000000 0.000000 0.000000 0.000000 0.000000 0.000000 0.000000 0.000000 0.000000 0.000000 0.000000 0.000000 0.000000 0.000000 0.000000 0.000000 0.000000 0.000000 0.000000 0.000000 0.000000 0.000000 0.000000 0.000000 0.000000 0.000000 0.000000 0.000000 0.000000 0.000000 0.000000 0.000000 0.000000 0.000000 0.000000 0.000000 0.000000 0.000000 0.000000 1.304907 -21.753063 6.833286 27.635341 -45.156725 27.574878 12.586256 2.066460 24.804541 0.328129 -3.266639 3.805592 0.000000 0.000000 0.000000 0.000000 0.000000 0.000000 0.000000 0.000000 0.000000 0.000000 0.000000 0.000000 0.000000 0.000000 0.000000 0.000000 0.000000 0.000000 0.000000 0.000000 0.000000 0.000000 0.000000 0.000000 0.000000 0.000000 0.000000 0.000000 0.000000 0.000000 0.000000 0.000000 0.000000 0.000000 0.000000 0.000000 0.000000 0.000000 0.000000 0.000000 0.000000 0.000000
-0.006983 -0.037809 1.067885 -4.015171 0.932486 0.041855 4.304462 -3.355672 2.656791 4.556613 3.092455 -10.972074 -9.218955 -2.066293 8.511186 -0.645784 -1.899794 -1.337324 0.460450 3.215133 -3.093637 9.063486 -0.140933 6.346988 -9.622985 -2.096706 -5.050466 -0.498535 -1.224904 0.763232 3.478953 1.304368 2.378075 0.013770 -0.336630 -1.910545 2.621820 0.483296 -0.244072 6.161443 0.540849 1.455462 4.224153 -1.650936 0.904614 -0.254253 23.059165 -1.491316 24.162969 44.440775 -24.419788 16.558797 -2.254416 -22.601961 -0.507054 1.243339 -7.193957 0.000000 0.000000 0.000000 0.000000 0.000000 0.000000 0.000000 0.000000 0.000000 0.000000 0.000000 0.000000 0.000000 0.000000 0.000000 0.000000 0.000000 0.000000 0.000000 0.000000 0.000000 0.000000 0.000000 0.000000 0.000000 0.000000 0.000000 0.000000 0.000000 0.000000 0.000000 0.000000 0.000000 0.000000 0.000000 0.000000 0.000000 0.000000 0.000000 0.000000 0.000000 0.000000 1.269972 -21.745483 6.819064 27.580221 -45.105923 27.530395 12.576125 2.095989 24.848832 0.402585 -3.238276 3.788922 0.000000 0.000000 0.000000 0.000000 0.000000 0.000000 0.000000 0.000000 0.000000 0.000000 0.000000 0.000000 0.000000 0.000000 0.000000 0.000000 0.000000 0.000000 0.000000 0.000000 0.000000 0.000000 0.000000 0.000000 0.000000 0.000000 0.000000 0.000000 0.000000 0.000000 0.000000 0.000000 0.000000 0.000000 0.000000 0.000000 0.000000 0.000000 0.000000 0.000000 0.000000 0.000000
-0.007920 -0.038797 1.067921 -4.018294 0.940898 0.000567 4.236940 -3.298975 2.610220 4.576592 3.099318 -10.929599 -9.160700 -2.167841 8.533792 -0.632732 -1.890078 -1.327231 0.388864 3.276594 -3.092513 9.059687 -0.143840 6.382712 -9.515754 -2.175769 -5.027157 -0.481862 -1.227736 0.758808 3.596829 1.292894 2.391910 -0.016214 -0.322707 -1.918451 2.640814 0.471404 -0.247882 6.109520 0.557707 1.403602 4.209621 -1.640143 0.864549 -0.279476 23.052384 -1.542558 24.190865 44.493962 -24.537947 16.561075 -2.239277 -22.598275 -0.514853 1.221021 -7.185297 0.000000 0.000000 0.000000 0.000000 0.000000 0.000000 0.000000 0.000000 0.000000 0.000000 0.000000 0.000000 0.000000 0.000000 0.000000 0.000000 0.000000 0.000000 0.000000 0.000000 0.000000 0.000000 0.000000 0.000000 0.000000 0.000000 0.000000 0.000000 0.000000 0.000000 0.000000 0.000000 0.000000 0.000000 0.000000 0.000000 0.000000 0.000000 0.000000 0.000000 0.000000 0.000000 1.226807 -21.704034 6.824643 27.510250 -45.069638 27.524863 12.520939 2.160460 24.878243 0.475463 -3.254834 3.755655 0.000000 0.000000 0.000000 0.000000 0.000000 0.000000 0.000000 0.000000 0.000000 0.000000 0.000000 0.000000 0.000000 0.000000 0.000000 0.000000 0.000000 0.000000 0.000000 0.000000 0.000000 0.000000 0.000000 0.000000 0.000000 0.000000 0.000000 0.000000 0.000000 0.000000 0.000000 0.000000 0.000000 0.000000 0.000000 0.000000 0.000000 0.000000 0.000000 0.000000 0.000000 0.000000
-0.009307 -0.039803 1.067962 -4.021915 0.974459 -0.056866 4.132124 -3.250964 2.540376 4.673965 3.112988 -10.901668 -9.131932 -2.302911 8.596002 -0.623434 -1.876844 -1.314050 0.284005 3.336571 -3.052732 9.113184 -0.153896 6.472814 -9.391627 -2.256760 -5.029833 -0.465737 -1.230838 0.753327 3.735862 1.269562 2.390950 -0.065365 -0.306123 -1.914998 2.684324 0.454932 -0.256564 6.078578 0.582699 1.364216 4.205928 -1.636608 0.842598 -0.322192 23.009881 -1.575146 24.249591 44.607235 -24.706454 16.535990 -2.208547 -22.585449 -0.562175 1.143524 -7.176437 0.000000 0.000000 0.000000 0.000000 0.000000 0.000000 0.000000 0.000000 0.000000 0.000000 0.000000 0.000000 0.000000 0.000000 0.000000 0.000000 0.000000 0.000000 0.000000 0.000000 0.000000 0.000000 0.000000 0.000000 0.000000 0.000000 0.000000 0.000000 0.000000 0.000000 0.000000 0.000000 0.000000 0.000000 0.000000 0.000000 0.000000 0.000000 0.000000 0.000000 0.000000 0.000000 1.151104 -21.619958 6.817854 27.454001 -45.052852 27.578081 12.454184 2.203972 24.823246 0.536372 -3.174850 3.733043 0.000000 0.000000 0.000000 0.000000 0.000000 0.000000 0.000000 0.000000 0.000000 0.000000 0.000000 0.000000 0.000000 0.000000 0.000000 0.000000 0.000000 0.000000 0.000000 0.000000 0.000000 0.000000 0.000000 0.000000 0.000000 0.000000 0.000000 0.000000 0.000000 0.000000 0.000000 0.000000 0.000000 0.000000 0.000000 0.000000 0.000000 0.000000 0.000000 0.000000 0.000000 0.000000
-0.010434 -0.041116 1.068004 -4.017684 0.983998 -0.121644 4.003338 -3.178541 2.458949 4.757161 3.119970 -10.890447 -9.085122 -2.426658 8.679890 -0.609052 -1.864236 -1.302622 0.114559 3.413737 -2.991605 9.220645 -0.159457 6.563817 -9.267863 -2.338401 -5.051452 -0.450031 -1.236885 0.748859 3.894600 1.245946 2.385756 -0.133601 -0.303079 -1.910949 2.732520 0.441582 -0.257657 6.046255 0.619961 1.330885 4.231520 -1.613734 0.815615 -0.365973 22.993278 -1.629523 24.307697 44.678132 -24.852629 16.568560 -2.208274 -22.620519 -0.540125 1.114059 -7.161248 0.000000 0.000000 0.000000 0.000000 0.000000 0.000000 0.000000 0.000000 0.000000 0.000000 0.000000 0.000000 0.000000 0.000000 0.000000 0.000000 0.000000 0.000000 0.000000 0.000000 0.000000 0.000000 0.000000 0.000000 0.000000 0.000000 0.000000 0.000000 0.000000 0.000000 0.000000 0.000000 0.000000 0.000000 0.000000 0.000000 0.000000 0.000000 0.000000 0.000000 0.000000 0.000000 1.073355 -21.593364 6.815766 27.356494 -44.986414 27.569806 12.357932 2.286392 24.851561 0.609509 -3.141967 3.724645 0.000000 0.000000 0.000000 0.000000 0.000000 0.000000 0.000000 0.000000 0.000000 0.000000 0.000000 0.000000 0.000000 0.000000 0.000000 0.000000 0.000000 0.000000 0.000000 0.000000 0.000000 0.000000 0.000000 0.000000 0.000000 0.000000 0.000000 0.000000 0.000000 0.000000 0.000000 0.000000 0.000000 0.000000 0.000000 0.000000 0.000000 0.000000 0.000000 0.000000 0.000000 0.000000
-0.012538 -0.042986 1.068059 -4.022579 1.023816 -0.220798 3.861749 -3.079572 2.373070 4.829812 3.124858 -10.874981 -9.040034 -2.591873 8.797129 -0.603908 -1.867897 -1.299633 -0.129147 3.519550 -2.902801 9.401017 -0.170127 6.707574 -9.059553 -2.445066 -5.073525 -0.417187 -1.256106 0.743190 4.088649 1.220746 2.344215 -0.252819 -0.274756 -1.895080 2.838574 0.417977 -0.286745 5.989015 0.658630 1.295437 4.344854 -1.547508 0.814205 -0.402222 22.918734 -1.687540 24.416236 44.823789 -25.144632 16.541157 -2.155338 -22.599452 -0.701617 1.041694 -7.166032 0.000000 0.000000 0.000000 0.000000 0.000000 0.000000 0.000000 0.000000 0.000000 0.000000 0.000000 0.000000 0.000000 0.000000 0.000000 0.000000 0.000000 0.000000 0.000000 0.000000 0.000000 0.000000 0.000000 0.000000 0.000000 0.000000 0.000000 0.000000 0.000000 0.000000 0.000000 0.000000 0.000000 0.000000 0.000000 0.000000 0.000000 0.000000 0.000000 0.000000 0.000000 0.000000 0.936814 -21.443408 6.813454 27.356149 -44.961116 27.714248 12.217715 2.369071 24.832111 0.568245 -3.078661 3.675680 0.000000 0.000000 0.000000 0.000000 0.000000 0.000000 0.000000 0.000000 0.000000 0.000000 0.000000 0.000000 0.000000 0.000000 0.000000 0.000000 0.000000 0.000000 0.000000 0.000000 0.000000 0.000000 0.000000 0.000000 0.000000 0.000000 0.000000 0.000000 0.000000 0.000000 0.000000 0.000000 0.000000 0.000000 0.000000 0.000000 0.000000 0.000000 0.000000 0.000000 0.000000 0.000000
-0.014806 -0.044707 1.068099 -3.991394 1.062180 -0.286571 3.665972 -2.974753 2.299151 4.915054 3.137416 -10.826617 -9.008635 -2.737731 8.886062 -0.589782 -1.865620 -1.297198 -0.512558 3.639679 -2.755690 9.762177 -0.194691 6.816193 -8.860023 -2.568532 -5.149020 -0.385288 -1.281398 0.735744 4.340078 1.204033 2.266907 -0.424975 -0.264802 -1.874389 2.995513 0.379551 -0.317113 5.939091 0.677869 1.309959 4.447291 -1.491922 0.875168 -0.447061 22.856062 -1.759234 24.529711 44.970931 -25.415925 16.664055 -2.187906 -22.658296 -0.689573 0.970172 -7.147241 0.000000 0.000000 0.000000 0.000000 0.000000 0.000000 0.000000 0.000000 0.000000 0.000000 0.000000 0.000000 0.000000 0.000000 0.000000 0.000000 0.000000 0.000000 0.000000 0.000000 0.000000 0.000000 0.000000 0.000000 0.000000 0.000000 0.000000 0.000000 0.000000 0.000000 0.000000 0.000000 0.000000 0.000000 0.000000 0.000000 0.000000 0.000000 0.000000 0.000000 0.000000 0.000000 0.760707 -21.374608 6.777554 27.232050 -44.867581 27.726344 12.153212 2.483078 24.869132 0.608573 -3.086143 3.643679 0.000000 0.000000 0.000000 0.000000 0.000000 0.000000 0.000000 0.000000 0.000000 0.000000 0.000000 0.000000 0.000000 0.000000 0.000000 0.000000 0.000000 0.000000 0.000000 0.000000 0.000000 0.000000 0.000000 0.000000 0.000000 0.000000 0.000000 0.000000 0.000000 0.000000 0.000000 0.000000 0.000000 0.000000 0.000000 0.000000 0.000000 0.000000 0.000000 0.000000 0.000000 0.000000
-0.017586 -0.046629 1.068164 -3.980626 1.102753 -0.445733 3.543023 -2.811839 2.217903 4.914692 3.132459 -10.764047 -8.946400 -2.942230 9.046264 -0.579426 -1.872602 -1.284574 -1.008692 3.794614 -2.611669 10.324731 -0.201995 6.885981 -8.657091 -2.761807 -5.140691 -0.341488 -1.292751 0.733781 4.642831 1.179167 2.168718 -0.627307 -0.241381 -1.852184 3.154847 0.343690 -0.349829 5.867478 0.679665 1.339703 4.526645 -1.439870 0.951315 -0.487167 22.794991 -1.824599 24.695016 45.121963 -25.738717 16.762875 -2.180421 -22.645282 -0.734425 0.897571 -7.156701 0.000000 0.000000 0.000000 0.000000 0.000000 0.000000 0.000000 0.000000 0.000000 0.000000 0.000000 0.000000 0.000000 0.000000 0.000000 0.000000 0.000000 0.000000 0.000000 0.000000 0.000000 0.000000 0.000000 0.000000 0.000000 0.000000 0.000000 0.000000 0.000000 0.000000 0.000000 0.000000 0.000000 0.000000 0.000000 0.000000 0.000000 0.000000 0.000000 0.000000 0.000000 0.000000 0.552500 -21.290577 6.734454 27.196542 -44.770889 27.850774 12.049589 2.589652 24.848553 0.575817 -3.019549 3.610448 0.000000 0.000000 0.000000 0.000000 0.000000 0.000000 0.000000 0.000000 0.000000 0.000000 0.000000 0.000000 0.000000 0.000000 0.000000 0.000000 0.000000 0.000000 0.000000 0.000000 0.000000 0.000000 0.000000 0.000000 0.000000 0.000000 0.000000 0.000000 0.000000 0.000000 0.000000 0.000000 0.000000 0.000000 0.000000 0.000000 0.000000 0.000000 0.000000 0.000000 0.000000 0.000000
-0.020456 -0.049398 1.068253 -3.974642 1.144517 -0.619598 3.344331 -2.658780 2.182823 4.970838 3.152139 -10.649095 -8.887135 -3.105512 9.180971 -0.545473 -1.874657 -1.276013 -1.684078 3.942361 -2.384991 11.116316 -0.204466 6.893636 -8.410366 -2.925555 -5.134373 -0.322641 -1.337609 0.717596 5.056115 1.165253 2.019096 -0.746720 -0.296480 -1.868927 3.270056 0.300624 -0.392291 5.835140 0.728359 1.365041 4.522856 -1.402335 1.048214 -0.518136 22.688335 -1.992552 24.925651 45.299219 -26.178912 16.913658 -2.214675 -22.552698 -0.633144 0.866781 -7.135633 0.000000 0.000000 0.000000 0.000000 0.000000 0.000000 0.000000 0.000000 0.000000 0.000000 0.000000 0.000000 0.000000 0.000000 0.000000 0.000000 0.000000 0.000000 0.000000 0.000000 0.000000 0.000000 0.000000 0.000000 0.000000 0.000000 0.000000 0.000000 0.000000 0.000000 0.000000 0.000000 0.000000 0.000000 0.000000 0.000000 0.000000 0.000000 0.000000 0.000000 0.000000 0.000000 0.338476 -21.199151 6.753266 27.081536 -44.648757 27.979416 12.064473 2.732400 24.920323 0.684386 -3.066718 3.557588 0.000000 0.000000 0.000000 0.000000 0.000000 0.000000 0.000000 0.000000 0.000000 0.000000 0.000000 0.000000 0.000000 0.000000 0.000000 0.000000 0.000000 0.000000 0.000000 0.000000 0.000000 0.000000 0.000000 0.000000 0.000000 0.000000 0.000000 0.000000 0.000000 0.000000 0.000000 0.000000 0.000000 0.000000 0.000000 0.000000 0.000000 0.000000 0.000000 0.000000 0.000000 0.000000
-0.023822 -0.053267 1.068397 -4.005227 1.201408 -0.775523 3.131092 -2.484807 2.116078 5.008162 3.155152 -10.604251 -8.768412 -3.322154 9.387172 -0.534910 -1.888757 -1.267082 -2.522761 4.106330 -2.170642 12.160632 -0.224494 6.836919 -8.097056 -3.166029 -5.133833 -0.294215 -1.370088 0.719071 5.553595 1.183891 1.859703 -0.978135 -0.320692 -1.865256 3.440525 0.230179 -0.428675 5.640236 0.741735 1.381644 4.537610 -1.371891 1.150607 -0.567878 22.630135 -2.165121 25.090826 45.400527 -26.557050 16.967229 -2.258458 -22.550477 -0.602741 0.856257 -7.065794 0.000000 0.000000 0.000000 0.000000 0.000000 0.000000 0.000000 0.000000 0.000000 0.000000 0.000000 0.000000 0.000000 0.000000 0.000000 0.000000 0.000000 0.000000 0.000000 0.000000 0.000000 0.000000 0.000000 0.000000 0.000000 0.000000 0.000000 0.000000 0.000000 0.000000 0.000000 0.000000 0.000000 0.000000 0.000000 0.000000 0.000000 0.000000 0.000000 0.000000 0.000000 0.000000 0.133913 -21.193642 6.775736 27.031038 -44.568722 28.104551 11.907345 2.832524 24.975770 0.731773 -3.129737 3.445055 0.000000 0.000000 0.000000 0.000000 0.000000 0.000000 0.000000 0.000000 0.000000 0.000000 0.000000 0.000000 0.000000 0.000000 0.000000 0.000000 0.000000 0.000000 0.000000 0.000000 0.000000 0.000000 0.000000 0.000000 0.000000 0.000000 0.000000 0.000000 0.000000 0.000000 0.000000 0.000000 0.000000 0.000000 0.000000 0.000000 0.000000 0.000000 0.000000 0.000000 0.000000 0.000000
-0.028104 -0.059472 1.068607 -4.083326 1.283136 -0.982028 2.804964 -2.309595 2.100104 5.129617 3.193060 -10.516656 -8.641794 -3.515068 9.555264 -0.513917 -1.886581 -1.253949 -3.662474 4.259296 -1.885322 13.578782 -0.193312 6.699050 -7.660836 -3.489116 -5.087010 -0.299211 -1.407975 0.717160 6.268196 1.213937 1.652939 -1.204660 -0.395061 -1.864038 3.572676 0.161934 -0.455843 5.493234 0.769437 1.352039 4.491611 -1.358048 1.162678 -0.643664 22.500017 -2.450645 25.233165 45.460012 -26.960293 17.123627 -2.305555 -22.617590 -0.424780 0.694563 -7.040440 0.000000 0.000000 0.000000 0.000000 0.000000 0.000000 0.000000 0.000000 0.000000 0.000000 0.000000 0.000000 0.000000 0.000000 0.000000 0.000000 0.000000 0.000000 0.000000 0.000000 0.000000 0.000000 0.000000 0.000000 0.000000 0.000000 0.000000 0.000000 0.000000 0.000000 0.000000 0.000000 0.000000 0.000000 0.000000 0.000000 0.000000 0.000000 0.000000 0.000000 0.000000 0.000000 -0.000106 -21.227023 6.877992 26.905152 -44.516236 28.152048 11.841114 2.883497 25.187152 0.922372 -3.165525 3.424410 0.000000 0.000000 0.000000 0.000000 0.000000 0.000000 0.000000 0.000000 0.000000 0.000000 0.000000 0.000000 0.000000 0.000000 0.000000 0.000000 0.000000 0.000000 0.000000 0.000000 0.000000 0.000000 0.000000 0.000000 0.000000 0.000000 0.000000 0.000000 0.000000 0.000000 0.000000 0.000000 0.000000 0.000000 0.000000 0.000000 0.000000 0.000000 0.000000 0.000000 0.000000 0.000000
-0.032786 -0.067420 1.068844 -4.148733 1.332333 -1.099243 2.349447 -2.112100 2.051006 5.230336 3.295959 -10.520895 -8.437443 -3.664341 9.706446 -0.497052 -1.885434 -1.251904 -5.082451 4.455113 -1.519477 15.243687 -0.166238 6.499106 -7.004417 -3.851254 -5.189045 -0.300807 -1.476466 0.700586 7.040397 1.250890 1.388648 -1.537575 -0.442061 -1.832323 3.778047 0.048339 -0.526369 5.184612 0.748777 1.336265 4.451000 -1.374838 1.223495 -0.713016 22.361988 -2.746296 25.260567 45.431670 -27.324731 17.189007 -2.348005 -22.675089 -0.400982 0.596649 -6.884139 0.000000 0.000000 0.000000 0.000000 0.000000 0.000000 0.000000 0.000000 0.000000 0.000000 0.000000 0.000000 0.000000 0.000000 0.000000 0.000000 0.000000 0.000000 0.000000 0.000000 0.000000 0.000000 0.000000 0.000000 0.000000 0.000000 0.000000 0.000000 0.000000 0.000000 0.000000 0.000000 0.000000 0.000000 0.000000 0.000000 0.000000 0.000000 0.000000 0.000000 0.000000 0.000000 -0.060397 -21.267132 6.904760 26.950204 -44.560769 28.272756 11.617944 2.749036 25.357634 0.926641 -3.284014 3.246318 0.000000 0.000000 0.000000 0.000000 0.000000 0.000000 0.000000 0.000000 0.000000 0.000000 0.000000 0.000000 0.000000 0.000000 0.000000 0.000000 0.000000 0.000000 0.000000 0.000000 0.000000 0.000000 0.000000 0.000000 0.000000 0.000000 0.000000 0.000000 0.000000 0.000000 0.000000 0.000000 0.000000 0.000000 0.000000 0.000000 0.000000 0.000000 0.000000 0.000000 0.000000 0.000000
-0.039906 -0.080875 1.069183 -4.331297 1.461230 -1.279264 1.655558 -1.880248 1.986726 5.462503 3.405911 -10.693319 -8.190598 -3.799289 10.035677 -0.460426 -1.873480 -1.263260 -7.348583 4.659489 -0.898861 17.929751 -0.139410 6.187136 -5.670931 -4.469256 -5.327318 -0.321150 -1.648270 0.658521 8.262569 1.369335 0.974987 -2.064727 -0.554459 -1.817138 3.996974 -0.118478 -0.624188 4.864145 0.654726 1.294283 4.492525 -1.419802 1.216072 -0.716159 22.152225 -3.216102 25.091692 45.411912 -27.606760 17.091278 -2.462948 -22.851031 -0.084793 0.440715 -6.582420 0.000000 0.000000 0.000000 0.000000 0.000000 0.000000 0.000000 0.000000 0.000000 0.000000 0.000000 0.000000 0.000000 0.000000 0.000000 0.000000 0.000000 0.000000 0.000000 0.000000 0.000000 0.000000 0.000000 0.000000 0.000000 0.000000 0.000000 0.000000 0.000000 0.000000 0.000000 0.000000 0.000000 0.000000 0.000000 0.000000 0.000000 0.000000 0.000000 0.000000 0.000000 0.000000 -0.101651 -21.254286 7.040970 26.936719 -44.587477 28.355169 11.470320 2.594991 25.605139 1.048767 -3.601256 3.019377 0.000000 0.000000 0.000000 0.000000 0.000000 0.000000 0.000000 0.000000 0.000000 0.000000 0.000000 0.000000 0.000000 0.000000 0.000000 0.000000 0.000000 0.000000 0.000000 0.000000 0.000000 0.000000 0.000000 0.000000 0.000000 0.000000 0.000000 0.000000 0.000000 0.000000 0.000000 0.000000 0.000000 0.000000 0.000000 0.000000 0.000000 0.000000 0.000000 0.000000 0.000000 0.000000
-0.043085 -0.090477 1.069480 -4.483028 1.493172 -1.500529 1.169849 -1.751396 1.988244 5.664730 3.497520 -10.595449 -7.808555 -3.929513 10.133785 -0.466132 -1.892777 -1.242942 -9.406295 4.778160 -0.524209 20.130553 -0.192034 5.654639 -3.963610 -5.001021 -5.691314 -0.341192 -1.692060 0.649741 9.255328 1.409582 0.707519 -2.375096 -0.602241 -1.792683 4.090620 -0.210317 -0.649939 4.409210 0.706520 1.328623 4.162490 -1.399441 1.084195 -0.704636 21.844945 -3.561575 24.938911 45.192778 -27.758974 16.807007 -2.305631 -22.603637 -0.098911 0.279800 -6.440816 0.000000 0.000000 0.000000 0.000000 0.000000 0.000000 0.000000 0.000000 0.000000 0.000000 0.000000 0.000000 0.000000 0.000000 0.000000 0.000000 0.000000 0.000000 0.000000 0.000000 0.000000 0.000000 0.000000 0.000000 0.000000 0.000000 0.000000 0.000000 0.000000 0.000000 0.000000 0.000000 0.000000 0.000000 0.000000 0.000000 0.000000 0.000000 0.000000 0.000000 0.000000 0.000000 -0.089807 -21.203169 7.168666 26.941394 -44.709040 28.352684 11.178621 2.445343 25.699323 1.231958 -3.554833 2.924841 0.000000 0.000000 0.000000 0.000000 0.000000 0.000000 0.000000 0.000000 0.000000 0.000000 0.000000 0.000000 0.000000 0.000000 0.000000 0.000000 0.000000 0.000000 0.000000 0.000000 0.000000 0.000000 0.000000 0.000000 0.000000 0.000000 0.000000 0.000000 0.000000 0.000000 0.000000 0.000000 0.000000 0.000000 0.000000 0.000000 0.000000 0.000000 0.000000 0.000000 0.000000 0.000000
-0.047679 -0.101730 1.069893 -4.772274 1.601740 -1.661462 0.543318 -1.623557 1.934036 6.300776 3.538849 -10.656189 -7.478585 -4.146490 10.367077 -0.458054 -1.891790 -1.228078 -12.236360 4.758775 0.091761 22.986467 -0.408308 5.028726 -2.041140 -5.010589 -7.138660 -0.375273 -1.833607 0.650364 10.570863 1.470011 0.339596 -2.808508 -0.733898 -1.770432 4.226623 -0.347240 -0.738116 4.009093 0.669495 1.413561 3.815045 -1.378801 0.993162 -0.607913 21.606370 -4.039352 24.627414 44.941366 -27.814632 16.525369 -2.156707 -22.593239 -0.082744 0.018538 -6.153482 0.000000 0.000000 0.000000 0.000000 0.000000 0.000000 0.000000 0.000000 0.000000 0.000000 0.000000 0.000000 0.000000 0.000000 0.000000 0.000000 0.000000 0.000000 0.000000 0.000000 0.000000 0.000000 0.000000 0.000000 0.000000 0.000000 0.000000 0.000000 0.000000 0.000000 0.000000 0.000000 0.000000 0.000000 0.000000 0.000000 0.000000 0.000000 0.000000 0.000000 0.000000 0.000000 -0.193038 -21.045017 7.428614 26.723321 -44.645742 28.296605 10.679189 2.362487 25.875372 1.122681 -3.567086 2.723353 0.000000 0.000000 0.000000 0.000000 0.000000 0.000000 0.000000 0.000000 0.000000 0.000000 0.000000 0.000000 0.000000 0.000000 0.000000 0.000000 0.000000 0.000000 0.000000 0.000000 0.000000 0.000000 0.000000 0.000000 0.000000 0.000000 0.000000 0.000000 0.000000 0.000000 0.000000 0.000000 0.000000 0.000000 0.000000 0.000000 0.000000 0.000000 0.000000 0.000000 0.000000 0.000000
-0.051843 -0.112389 1.070285 -5.018828 1.712489 -1.826502 -0.059470 -1.514222 1.841161 6.838988 3.560316 -10.655101 -7.108735 -4.289861 10.619473 -0.498360 -1.927213 -1.228267 -14.774883 4.635854 0.578137 25.722597 -0.749914 4.402521 -5.726883 -3.419662 -6.997669 -0.424745 -1.903234 0.665414 11.637364 1.497855 0.033545 -3.122070 -0.841127 -1.764228 4.288178 -0.419164 -0.827510 3.663668 0.651138 1.541662 3.459182 -1.340747 0.752526 -0.556930 21.405424 -4.472695 24.303860 44.670889 -27.804059 16.127391 -1.935243 -22.505075 -0.274970 -0.155746 -5.901991 0.000000 0.000000 0.000000 0.000000 0.000000 0.000000 0.000000 0.000000 0.000000 0.000000 0.000000 0.000000 0.000000 0.000000 0.000000 0.000000 0.000000 0.000000 0.000000 0.000000 0.000000 0.000000 0.000000 0.000000 0.000000 0.000000 0.000000 0.000000 0.000000 0.000000 0.000000 0.000000 0.000000 0.000000 0.000000 0.000000 0.000000 0.000000 0.000000 0.000000 0.000000 0.000000 -0.298506 -20.861148 7.666437 26.604203 -44.673821 28.295490 10.175444 2.257838 25.891169 0.912881 -3.471990 2.596117 0.000000 0.000000 0.000000 0.000000 0.000000 0.000000 0.000000 0.000000 0.000000 0.000000 0.000000 0.000000 0.000000 0.000000 0.000000 0.000000 0.000000 0.000000 0.000000 0.000000 0.000000 0.000000 0.000000 0.000000 0.000000 0.000000 0.000000 0.000000 0.000000 0.000000 0.000000 0.000000 0.000000 0.000000 0.000000 0.000000 0.000000 0.000000 0.000000 0.000000 0.000000 0.000000
-0.058369 -0.123817 1.070814 -5.315591 2.033224 -1.999980 -0.757728 -1.472288 1.682634 7.618091 3.395719 -10.753791 -6.840610 -4.434016 10.991443 -0.520898 -1.988828 -1.194762 -17.142074 4.200412 1.092395 29.577048 -1.447400 3.671370 -7.253680 -2.371475 -6.913471 -0.467466 -1.985993 0.694289 12.724791 1.477210 -0.258594 -3.471056 -0.985514 -1.789006 4.352503 -0.493146 -0.935446 3.495019 0.546644 1.785413 3.155627 -1.238740 0.441944 -0.450738 21.223497 -4.828925 23.864716 44.513926 -27.698104 15.728503 -1.968075 -22.530143 -0.486813 -0.447303 -5.541712 0.000000 0.000000 0.000000 0.000000 0.000000 0.000000 0.000000 0.000000 0.000000 0.000000 0.000000 0.000000 0.000000 0.000000 0.000000 0.000000 0.000000 0.000000 0.000000 0.000000 0.000000 0.000000 0.000000 0.000000 0.000000 0.000000 0.000000 0.000000 0.000000 0.000000 0.000000 0.000000 0.000000 0.000000 0.000000 0.000000 0.000000 0.000000 0.000000 0.000000 0.000000 0.000000 -0.286378 -20.744044 7.959167 26.316445 -44.719535 28.254360 9.864601 2.293144 25.799849 0.541658 -3.164409 2.539613 0.000000 0.000000 0.000000 0.000000 0.000000 0.000000 0.000000 0.000000 0.000000 0.000000 0.000000 0.000000 0.000000 0.000000 0.000000 0.000000 0.000000 0.000000 0.000000 0.000000 0.000000 0.000000 0.000000 0.000000 0.000000 0.000000 0.000000 0.000000 0.000000 0.000000 0.000000 0.000000 0.000000 0.000000 0.000000 0.000000 0.000000 0.000000 0.000000 0.000000 0.000000 0.000000
-0.060855 -0.132187 1.071241 -5.426772 2.193207 -2.106328 -1.524198 -1.470079 1.452733 8.352369 3.246518 -10.846956 -6.497961 -4.409565 11.316242 -0.528230 -2.089037 -1.173294 -18.542146 3.650154 1.376318 32.575203 -2.033216 3.236865 -8.222937 -1.525159 -7.019870 -0.496435 -1.974040 0.723176 13.344353 1.425202 -0.409187 -3.678233 -1.050401 -1.831596 4.363043 -0.535877 -0.982046 3.308705 0.531354 2.040625 2.856552 -1.122938 0.146247 -0.445358 21.087911 -5.017721 23.574795 44.227994 -27.531137 15.439654 -1.929466 -22.325292 -0.619010 -0.478543 -5.320649 0.000000 0.000000 0.000000 0.000000 0.000000 0.000000 0.000000 0.000000 0.000000 0.000000 0.000000 0.000000 0.000000 0.000000 0.000000 0.000000 0.000000 0.000000 0.000000 0.000000 0.000000 0.000000 0.000000 0.000000 0.000000 0.000000 0.000000 0.000000 0.000000 0.000000 0.000000 0.000000 0.000000 0.000000 0.000000 0.000000 0.000000 0.000000 0.000000 0.000000 0.000000 0.000000 -0.349440 -20.649275 8.137907 26.206273 -44.832499 28.231841 9.850517 2.312205 25.567944 0.334750 -2.999800 2.562570 0.000000 0.000000 0.000000 0.000000 0.000000 0.000000 0.000000 0.000000 0.000000 0.000000 0.000000 0.000000 0.000000 0.000000 0.000000 0.000000 0.000000 0.000000 0.000000 0.000000 0.000000 0.000000 0.000000 0.000000 0.000000 0.000000 0.000000 0.000000 0.000000 0.000000 0.000000 0.000000 0.000000 0.000000 0.000000 0.000000 0.000000 0.000000 0.000000 0.000000 0.000000 0.000000
-0.059428 -0.136117 1.071504 -5.292017 2.224363 -2.002200 -2.392879 -1.556095 1.049861 9.086341 3.133780 -10.934307 -6.170496 -4.239486 11.560179 -0.523498 -2.158474 -1.144725 -19.195187 3.046920 1.605382 34.413950 -2.488215 3.119123 -9.200283 -0.963822 -6.940927 -0.517436 -1.940585 0.729393 13.608443 1.412390 -0.444476 -3.785154 -1.091700 -1.922105 4.377735 -0.578967 -1.019585 3.198494 0.485902 2.249609 2.630933 -1.062150 -0.095991 -0.493077 20.978678 -5.124893 23.378047 44.033787 -27.356572 15.049710 -1.891991 -22.035362 -0.723233 -0.370826 -5.203233 0.000000 0.000000 0.000000 0.000000 0.000000 0.000000 0.000000 0.000000 0.000000 0.000000 0.000000 0.000000 0.000000 0.000000 0.000000 0.000000 0.000000 0.000000 0.000000 0.000000 0.000000 0.000000 0.000000 0.000000 0.000000 0.000000 0.000000 0.000000 0.000000 0.000000 0.000000 0.000000 0.000000 0.000000 0.000000 0.000000 0.000000 0.000000 0.000000 0.000000 0.000000 0.000000 -0.469236 -20.552827 8.217142 26.249915 -44.962989 28.273138 9.874166 2.351306 25.318539 0.054679 -3.082897 2.648431 0.000000 0.000000 0.000000 0.000000 0.000000 0.000000 0.000000 0.000000 0.000000 0.000000 0.000000 0.000000 0.000000 0.000000 0.000000 0.000000 0.000000 0.000000 0.000000 0.000000 0.000000 0.000000 0.000000 0.000000 0.000000 0.000000 0.000000 0.000000 0.000000 0.000000 0.000000 0.000000 0.000000 0.000000 0.000000 0.000000 0.000000 0.000000 0.000000 0.000000 0.000000 0.000000
-0.053264 -0.136910 1.071696 -4.988588 2.133043 -1.767099 -3.426314 -1.732808 0.438371 10.013734 2.958008 -11.235019 -5.846127 -3.928956 11.853845 -0.518675 -2.250872 -1.099944 -19.175181 2.075294 1.815679 35.908822 -2.960140 3.335915 -10.433308 -0.385364 -6.572449 -0.527600 -1.898066 0.746774 13.637106 1.397214 -0.359204 -3.938179 -1.092931 -2.041407 4.471130 -0.628910 -1.057098 2.961496 0.386856 2.537243 2.525274 -0.895665 -0.517961 -0.646889 20.880023 -5.046509 23.196557 43.906911 -27.045022 14.820427 -1.944599 -21.791507 -0.587825 -0.183441 -5.100782 0.000000 0.000000 0.000000 0.000000 0.000000 0.000000 0.000000 0.000000 0.000000 0.000000 0.000000 0.000000 0.000000 0.000000 0.000000 0.000000 0.000000 0.000000 0.000000 0.000000 0.000000 0.000000 0.000000 0.000000 0.000000 0.000000 0.000000 0.000000 0.000000 0.000000 0.000000 0.000000 0.000000 0.000000 0.000000 0.000000 0.000000 0.000000 0.000000 0.000000 0.000000 0.000000 -0.604741 -20.636989 8.163665 26.220824 -44.984982 28.145698 10.110931 2.525303 25.106627 -0.075817 -3.299737 2.776966 0.000000 0.000000 0.000000 0.000000 0.000000 0.000000 0.000000 0.000000 0.000000 0.000000 0.000000 0.000000 0.000000 0.000000 0.000000 0.000000 0.000000 0.000000 0.000000 0.000000 0.000000 0.000000 0.000000 0.000000 0.000000 0.000000 0.000000 0.000000 0.000000 0.000000 0.000000 0.000000 0.000000 0.000000 0.000000 0.000000 0.000000 0.000000 0.000000 0.000000 0.000000 0.000000
-0.044795 -0.132370 1.071678 -4.447232 1.954835 -1.279898 -4.405562 -1.900245 -0.339525 10.757173 2.753465 -11.648635 -5.620246 -3.552381 12.106353 -0.499979 -2.346082 -1.083538 -18.182339 0.723392 2.069750 35.983598 -3.074418 3.891127 -11.615829 0.044399 -6.107277 -0.523054 -1.877164 0.776408 13.421786 1.372174 -0.172789 -3.968430 -1.082134 -2.190688 4.595740 -0.645092 -1.109591 2.689736 0.298614 2.726157 2.581037 -0.769768 -0.925196 -0.891356 20.815963 -4.811914 23.076991 43.864419 -26.692446 14.581668 -2.044621 -21.662891 -0.365959 -0.022700 -5.040970 0.000000 0.000000 0.000000 0.000000 0.000000 0.000000 0.000000 0.000000 0.000000 0.000000 0.000000 0.000000 0.000000 0.000000 0.000000 0.000000 0.000000 0.000000 0.000000 0.000000 0.000000 0.000000 0.000000 0.000000 0.000000 0.000000 0.000000 0.000000 0.000000 0.000000 0.000000 0.000000 0.000000 0.000000 0.000000 0.000000 0.000000 0.000000 0.000000 0.000000 0.000000 0.000000 -0.813136 -20.798417 7.994754 26.265774 -44.939334 27.972732 10.203734 2.689980 25.008104 -0.250849 -3.606845 2.880408 0.000000 0.000000 0.000000 0.000000 0.000000 0.000000 0.000000 0.000000 0.000000 0.000000 0.000000 0.000000 0.000000 0.000000 0.000000 0.000000 0.000000 0.000000 0.000000 0.000000 0.000000 0.000000 0.000000 0.000000 0.000000 0.000000 0.000000 0.000000 0.000000 0.000000 0.000000 0.000000 0.000000 0.000000 0.000000 0.000000 0.000000 0.000000 0.000000 0.000000 0.000000 0.000000
-0.034527 -0.130308 1.071509 -3.882909 1.622790 -0.775117 -5.526230 -1.994203 -1.060824 11.382912 2.646700 -11.683333 -5.207075 -3.030867 12.071581 -0.488912 -2.361421 -1.065921 -16.683552 -0.384349 2.240836 34.842234 -2.892576 4.502705 -12.314092 0.276910 -5.632016 -0.527258 -1.835587 0.771386 13.211157 1.408523 0.127199 -3.967967 -1.034763 -2.332231 4.689079 -0.642262 -1.137779 2.502504 0.253481 2.882017 2.743018 -0.800081 -1.129832 -1.017496 20.726379 -4.572909 22.885849 43.924417 -26.358476 14.184748 -1.883811 -21.515288 -0.312689 0.015898 -5.125883 0.000000 0.000000 0.000000 0.000000 0.000000 0.000000 0.000000 0.000000 0.000000 0.000000 0.000000 0.000000 0.000000 0.000000 0.000000 0.000000 0.000000 0.000000 0.000000 0.000000 0.000000 0.000000 0.000000 0.000000 0.000000 0.000000 0.000000 0.000000 0.000000 0.000000 0.000000 0.000000 0.000000 0.000000 0.000000 0.000000 0.000000 0.000000 0.000000 0.000000 0.000000 0.000000 -0.938153 -20.898917 7.863164 26.160698 -44.882610 27.827610 10.090273 2.733548 24.930829 -0.585773 -3.980600 2.985952 0.000000 0.000000 0.000000 0.000000 0.000000 0.000000 0.000000 0.000000 0.000000 0.000000 0.000000 0.000000 0.000000 0.000000 0.000000 0.000000 0.000000 0.000000 0.000000 0.000000 0.000000 0.000000 0.000000 0.000000 0.000000 0.000000 0.000000 0.000000 0.000000 0.000000 0.000000 0.000000 0.000000 0.000000 0.000000 0.000000 0.000000 0.000000 0.000000 0.000000 0.000000 0.000000
-0.026108 -0.129025 1.071088 -3.276358 1.305079 -0.416129 -6.843010 -2.018226 -1.578640 12.190154 2.604455 -11.403156 -4.830403 -2.518473 11.818662 -0.431227 -2.296382 -1.090916 -14.738078 -1.364809 2.263624 32.162095 -2.378624 5.077508 -12.679950 0.462128 -5.403808 -0.546489 -1.769144 0.769750 13.208653 1.333429 0.523577 -4.056358 -0.842849 -2.401678 4.811842 -0.595728 -1.084679 2.244508 0.358027 2.664088 2.853555 -0.914536 -1.238600 -1.159438 20.773750 -4.372846 22.621706 43.909936 -25.963551 13.778811 -1.670441 -21.489148 -0.301015 -0.209954 -5.299013 0.000000 0.000000 0.000000 0.000000 0.000000 0.000000 0.000000 0.000000 0.000000 0.000000 0.000000 0.000000 0.000000 0.000000 0.000000 0.000000 0.000000 0.000000 0.000000 0.000000 0.000000 0.000000 0.000000 0.000000 0.000000 0.000000 0.000000 0.000000 0.000000 0.000000 0.000000 0.000000 0.000000 0.000000 0.000000 0.000000 0.000000 0.000000 0.000000 0.000000 0.000000 0.000000 -1.044568 -20.926532 7.819255 26.010577 -44.796527 27.610571 9.765549 2.691190 25.026624 -0.918051 -4.259402 3.081382 0.000000 0.000000 0.000000 0.000000 0.000000 0.000000 0.000000 0.000000 0.000000 0.000000 0.000000 0.000000 0.000000 0.000000 0.000000 0.000000 0.000000 0.000000 0.000000 0.000000 0.000000 0.000000 0.000000 0.000000 0.000000 0.000000 0.000000 0.000000 0.000000 0.000000 0.000000 0.000000 0.000000 0.000000 0.000000 0.000000 0.000000 0.000000 0.000000 0.000000 0.000000 0.000000
-0.017375 -0.134904 1.070273 -2.882563 0.968987 -0.122698 -8.334979 -2.070246 -1.907922 13.063474 2.607054 -11.038424 -4.309358 -1.894404 11.394507 -0.372481 -2.230460 -1.114048 -13.177090 -2.086235 2.300811 29.278737 -1.766433 5.523011 -12.855903 0.916401 -5.416160 -0.566196 -1.726762 0.780960 13.484156 1.126871 0.920071 -4.245382 -0.630955 -2.449613 4.835359 -0.529646 -1.011132 1.975308 0.600844 2.227251 2.765677 -0.961591 -1.403369 -1.208575 20.972800 -4.189667 22.433705 43.964498 -25.696090 13.428268 -1.626677 -21.535826 -0.692900 -0.150796 -5.344404 0.000000 0.000000 0.000000 0.000000 0.000000 0.000000 0.000000 0.000000 0.000000 0.000000 0.000000 0.000000 0.000000 0.000000 0.000000 0.000000 0.000000 0.000000 0.000000 0.000000 0.000000 0.000000 0.000000 0.000000 0.000000 0.000000 0.000000 0.000000 0.000000 0.000000 0.000000 0.000000 0.000000 0.000000 0.000000 0.000000 0.000000 0.000000 0.000000 0.000000 0.000000 0.000000 -1.081398 -20.902282 7.900696 25.773364 -44.697313 27.461202 9.435065 2.778996 25.266729 -1.467175 -4.398579 3.011478 0.000000 0.000000 0.000000 0.000000 0.000000 0.000000 0.000000 0.000000 0.000000 0.000000 0.000000 0.000000 0.000000 0.000000 0.000000 0.000000 0.000000 0.000000 0.000000 0.000000 0.000000 0.000000 0.000000 0.000000 0.000000 0.000000 0.000000 0.000000 0.000000 0.000000 0.000000 0.000000 0.000000 0.000000 0.000000 0.000000 0.000000 0.000000 0.000000 0.000000 0.000000 0.000000
-0.012557 -0.146754 1.069020 -2.483567 0.787946 0.377719 -10.594789 -2.092117 -2.214908 14.574615 2.656495 -10.440528 -3.654050 -1.083239 10.761924 -0.349153 -2.153847 -1.195255 -12.189372 -2.806185 2.339227 26.142577 -1.099145 5.547666 -13.965352 2.371793 -6.177753 -0.678134 -1.639895 0.789609 14.076629 0.707825 1.280919 -4.570550 -0.425882 -2.475899 4.869596 -0.382401 -0.893469 1.800836 0.901017 1.746055 2.887665 -1.059528 -1.301081 -1.107266 21.248669 -4.146911 22.250492 43.955504 -25.518999 13.120055 -1.678210 -21.849392 -1.350384 -0.157990 -5.457297 0.000000 0.000000 0.000000 0.000000 0.000000 0.000000 0.000000 0.000000 0.000000 0.000000 0.000000 0.000000 0.000000 0.000000 0.000000 0.000000 0.000000 0.000000 0.000000 0.000000 0.000000 0.000000 0.000000 0.000000 0.000000 0.000000 0.000000 0.000000 0.000000 0.000000 0.000000 0.000000 0.000000 0.000000 0.000000 0.000000 0.000000 0.000000 0.000000 0.000000 0.000000 0.000000 -1.069176 -20.676915 8.088570 25.544052 -44.495972 27.452987 9.301820 2.863356 25.722667 -2.199081 -4.443706 3.059467 0.000000 0.000000 0.000000 0.000000 0.000000 0.000000 0.000000 0.000000 0.000000 0.000000 0.000000 0.000000 0.000000 0.000000 0.000000 0.000000 0.000000 0.000000 0.000000 0.000000 0.000000 0.000000 0.000000 0.000000 0.000000 0.000000 0.000000 0.000000 0.000000 0.000000 0.000000 0.000000 0.000000 0.000000 0.000000 0.000000 0.000000 0.000000 0.000000 0.000000 0.000000 0.000000
-0.006045 -0.162875 1.067780 -2.490226 0.635862 0.664622 -12.501144 -2.215372 -2.321664 16.086508 2.599214 -9.975931 -2.927815 -0.180598 10.203412 -0.261356 -2.044828 -1.232172 -11.931453 -3.280295 2.272830 24.145685 -0.671125 5.255012 -14.290006 3.179161 -6.213085 -0.765822 -1.613821 0.761249 15.053706 0.248864 1.581059 -4.961976 -0.239362 -2.449497 4.835109 -0.304754 -0.760824 1.657833 1.147960 1.266128 2.696438 -1.073210 -1.352364 -1.036053 21.573553 -4.205296 22.085782 44.097510 -25.360591 13.019898 -1.919415 -22.181650 -1.965164 0.079184 -5.426653 0.000000 0.000000 0.000000 0.000000 0.000000 0.000000 0.000000 0.000000 0.000000 0.000000 0.000000 0.000000 0.000000 0.000000 0.000000 0.000000 0.000000 0.000000 0.000000 0.000000 0.000000 0.000000 0.000000 0.000000 0.000000 0.000000 0.000000 0.000000 0.000000 0.000000 0.000000 0.000000 0.000000 0.000000 0.000000 0.000000 0.000000 0.000000 0.000000 0.000000 0.000000 0.000000 -1.057223 -20.408363 8.358704 25.139507 -44.341832 27.361164 9.388912 3.025440 26.256156 -2.883597 -4.349159 3.079388 0.000000 0.000000 0.000000 0.000000 0.000000 0.000000 0.000000 0.000000 0.000000 0.000000 0.000000 0.000000 0.000000 0.000000 0.000000 0.000000 0.000000 0.000000 0.000000 0.000000 0.000000 0.000000 0.000000 0.000000 0.000000 0.000000 0.000000 0.000000 0.000000 0.000000 0.000000 0.000000 0.000000 0.000000 0.000000 0.000000 0.000000 0.000000 0.000000 0.000000 0.000000 0.000000
0.000016 -0.181657 1.066699 -2.656157 0.552878 1.156851 -14.334463 -2.391542 -2.395593 17.484513 2.635936 -9.537541 -2.057652 0.788147 9.545378 -0.168833 -1.925838 -1.235608 -12.291941 -3.660316 2.186178 23.168586 -0.498147 4.662853 -13.994597 3.643311 -6.137801 -0.858037 -1.591221 0.729386 16.251520 -0.200312 1.761069 -5.369069 -0.109244 -2.407140 4.750643 -0.246383 -0.693642 1.545531 1.259645 0.867501 2.367542 -1.100293 -1.579479 -0.974922 21.779156 -4.251544 22.119148 44.335995 -25.414190 13.049940 -2.176047 -22.509694 -2.675209 0.320925 -5.278357 0.000000 0.000000 0.000000 0.000000 0.000000 0.000000 0.000000 0.000000 0.000000 0.000000 0.000000 0.000000 0.000000 0.000000 0.000000 0.000000 0.000000 0.000000 0.000000 0.000000 0.000000 0.000000 0.000000 0.000000 0.000000 0.000000 0.000000 0.000000 0.000000 0.000000 0.000000 0.000000 0.000000 0.000000 0.000000 0.000000 0.000000 0.000000 0.000000 0.000000 0.000000 0.000000 -1.088946 -20.058121 8.647027 24.732382 -44.213044 27.411077 9.478706 3.183785 26.725586 -3.603658 -4.070491 3.192424 0.000000 0.000000 0.000000 0.000000 0.000000 0.000000 0.000000 0.000000 0.000000 0.000000 0.000000 0.000000 0.000000 0.000000 0.000000 0.000000 0.000000 0.000000 0.000000 0.000000 0.000000 0.000000 0.000000 0.000000 0.000000 0.000000 0.000000 0.000000 0.000000 0.000000 0.000000 0.000000 0.000000 0.000000 0.000000 0.000000 0.000000 0.000000 0.000000 0.000000 0.000000 0.000000
0.005736 -0.196402 1.065987 -2.854653 0.485194 1.678576 -16.036066 -2.470462 -2.461756 18.828687 2.865640 -8.922484 -1.774507 1.559570 8.824162 -0.090115 -1.743332 -1.241975 -12.711580 -3.903967 2.001576 22.702904 -0.560371 3.644520 -13.529785 3.794070 -5.924373 -0.961513 -1.482359 0.727174 17.327584 -0.602151 1.905343 -5.670801 -0.013807 -2.371339 4.596136 -0.184637 -0.614754 1.604840 1.298142 0.451851 1.974175 -1.189838 -1.715400 -0.946568 21.958340 -4.221988 22.279210 44.659276 -25.471649 12.895167 -2.562034 -22.892069 -3.424769 0.775027 -5.192350 0.000000 0.000000 0.000000 0.000000 0.000000 0.000000 0.000000 0.000000 0.000000 0.000000 0.000000 0.000000 0.000000 0.000000 0.000000 0.000000 0.000000 0.000000 0.000000 0.000000 0.000000 0.000000 0.000000 0.000000 0.000000 0.000000 0.000000 0.000000 0.000000 0.000000 0.000000 0.000000 0.000000 0.000000 0.000000 0.000000 0.000000 0.000000 0.000000 0.000000 0.000000 0.000000 -1.055831 -19.693806 8.905936 24.360443 -44.108195 27.350053 9.538516 3.434246 27.359287 -4.053129 -3.649965 3.523505 0.000000 0.000000 0.000000 0.000000 0.000000 0.000000 0.000000 0.000000 0.000000 0.000000 0.000000 0.000000 0.000000 0.000000 0.000000 0.000000 0.000000 0.000000 0.000000 0.000000 0.000000 0.000000 0.000000 0.000000 0.000000 0.000000 0.000000 0.000000 0.000000 0.000000 0.000000 0.000000 0.000000 0.000000 0.000000 0.000000 0.000000 0.000000 0.000000 0.000000 0.000000 0.000000
0.012574 -0.214989 1.065834 -3.133507 0.291066 2.301534 -17.852838 -2.570318 -2.525511 20.201115 3.351007 -8.171989 -2.961759 1.924940 7.066087 -0.040506 -1.544490 -1.239004 -13.425460 -3.961304 1.866373 22.496429 -0.727767 2.470439 -12.576462 3.770410 -5.749114 -1.071004 -1.404553 0.710951 18.270184 -0.884404 1.995570 -5.883883 -0.029017 -2.384893 4.406387 -0.127142 -0.549413 1.845017 1.274326 0.108306 1.619288 -1.291019 -1.722035 -0.807323 22.094083 -4.319562 22.414237 44.997194 -25.323197 12.961316 -2.938272 -23.183302 -3.861649 1.402264 -5.195569 0.000000 0.000000 0.000000 0.000000 0.000000 0.000000 0.000000 0.000000 0.000000 0.000000 0.000000 0.000000 0.000000 0.000000 0.000000 0.000000 0.000000 0.000000 0.000000 0.000000 0.000000 0.000000 0.000000 0.000000 0.000000 0.000000 0.000000 0.000000 0.000000 0.000000 0.000000 0.000000 0.000000 0.000000 0.000000 0.000000 0.000000 0.000000 0.000000 0.000000 0.000000 0.000000 -1.032675 -19.353917 9.153575 23.924781 -43.967942 27.225245 9.696298 3.770477 27.999152 -4.295998 -3.474918 3.856314 0.000000 0.000000 0.000000 0.000000 0.000000 0.000000 0.000000 0.000000 0.000000 0.000000 0.000000 0.000000 0.000000 0.000000 0.000000 0.000000 0.000000 0.000000 0.000000 0.000000 0.000000 0.000000 0.000000 0.000000 0.000000 0.000000 0.000000 0.000000 0.000000 0.000000 0.000000 0.000000 0.000000 0.000000 0.000000 0.000000 0.000000 0.000000 0.000000 0.000000 0.000000 0.000000
0.018821 -0.235313 1.066285 -3.565915 0.055152 2.637011 -19.109883 -2.763447 -2.484197 21.781970 3.760719 -7.449066 -3.962019 1.828335 6.488305 -0.016679 -1.387510 -1.228063 -13.972660 -3.851573 1.618173 22.158239 -0.899699 1.639731 -11.376003 3.428036 -5.537220 -1.164756 -1.310487 0.715957 18.935002 -1.039481 2.117789 -5.979978 -0.037504 -2.385749 4.198421 -0.058801 -0.451134 2.170100 1.255764 -0.220952 1.245485 -1.425107 -1.725255 -0.678712 22.234370 -4.394304 22.471998 45.301205 -25.064270 13.039095 -3.237322 -23.164573 -3.980970 2.046834 -5.167907 0.000000 0.000000 0.000000 0.000000 0.000000 0.000000 0.000000 0.000000 0.000000 0.000000 0.000000 0.000000 0.000000 0.000000 0.000000 0.000000 0.000000 0.000000 0.000000 0.000000 0.000000 0.000000 0.000000 0.000000 0.000000 0.000000 0.000000 0.000000 0.000000 0.000000 0.000000 0.000000 0.000000 0.000000 0.000000 0.000000 0.000000 0.000000 0.000000 0.000000 0.000000 0.000000 -0.962406 -19.025708 9.340092 23.443923 -43.895100 26.966410 9.943791 4.072843 28.655839 -4.135864 -3.403144 4.052571 0.000000 0.000000 0.000000 0.000000 0.000000 0.000000 0.000000 0.000000 0.000000 0.000000 0.000000 0.000000 0.000000 0.000000 0.000000 0.000000 0.000000 0.000000 0.000000 0.000000 0.000000 0.000000 0.000000 0.000000 0.000000 0.000000 0.000000 0.000000 0.000000 0.000000 0.000000 0.000000 0.000000 0.000000 0.000000 0.000000 0.000000 0.000000 0.000000 0.000000 0.000000 0.000000
0.023233 -0.255937 1.067023 -3.957195 -0.118156 2.952580 -20.049761 -2.901507 -2.527362 24.342160 4.232952 -6.776204 -4.782064 1.369201 6.700341 0.031473 -1.196514 -1.232282 -14.464910 -3.766126 1.516358 21.570745 -0.980420 1.049296 -9.834075 3.036501 -5.559372 -1.269665 -1.210236 0.724445 19.145941 -1.065468 2.194302 -5.835809 -0.181623 -2.449824 3.944741 0.040934 -0.362497 2.968501 1.280936 -0.731314 1.186125 -1.651915 -1.622642 -0.406831 22.419089 -4.528375 22.462221 45.554659 -24.715101 13.018391 -3.465187 -22.977921 -4.146836 2.438456 -5.209745 0.000000 0.000000 0.000000 0.000000 0.000000 0.000000 0.000000 0.000000 0.000000 0.000000 0.000000 0.000000 0.000000 0.000000 0.000000 0.000000 0.000000 0.000000 0.000000 0.000000 0.000000 0.000000 0.000000 0.000000 0.000000 0.000000 0.000000 0.000000 0.000000 0.000000 0.000000 0.000000 0.000000 0.000000 0.000000 0.000000 0.000000 0.000000 0.000000 0.000000 0.000000 0.000000 -0.797633 -18.820571 9.452309 22.961560 -43.779469 26.688782 10.101163 4.307115 29.211838 -4.022357 -3.412589 4.219825 0.000000 0.000000 0.000000 0.000000 0.000000 0.000000 0.000000 0.000000 0.000000 0.000000 0.000000 0.000000 0.000000 0.000000 0.000000 0.000000 0.000000 0.000000 0.000000 0.000000 0.000000 0.000000 0.000000 0.000000 0.000000 0.000000 0.000000 0.000000 0.000000 0.000000 0.000000 0.000000 0.000000 0.000000 0.000000 0.000000 0.000000 0.000000 0.000000 0.000000 0.000000 0.000000
0.027029 -0.273208 1.067752 -4.237884 -0.310113 3.208940 -20.647886 -2.992454 -2.602697 28.245823 4.951734 -6.254933 -5.918896 0.427955 7.150019 0.052181 -0.996908 -1.260699 -14.864262 -3.627789 1.468769 20.933785 -1.002365 0.858412 -8.371785 2.598424 -5.767208 -1.376068 -1.108068 0.723605 18.905588 -0.946273 2.236741 -5.569389 -0.349041 -2.502239 3.796818 0.170857 -0.321346 3.715918 1.225538 -1.137963 1.217994 -1.867412 -1.354589 -0.128011 22.564047 -4.620855 22.289731 45.712100 -24.361823 13.006511 -3.540495 -22.443284 -3.909799 2.703677 -5.258370 0.000000 0.000000 0.000000 0.000000 0.000000 0.000000 0.000000 0.000000 0.000000 0.000000 0.000000 0.000000 0.000000 0.000000 0.000000 0.000000 0.000000 0.000000 0.000000 0.000000 0.000000 0.000000 0.000000 0.000000 0.000000 0.000000 0.000000 0.000000 0.000000 0.000000 0.000000 0.000000 0.000000 0.000000 0.000000 0.000000 0.000000 0.000000 0.000000 0.000000 0.000000 0.000000 -0.596331 -18.780962 9.416133 22.572999 -43.717709 26.361390 10.137941 4.428790 29.542226 -3.714211 -3.513654 4.394676 0.000000 0.000000 0.000000 0.000000 0.000000 0.000000 0.000000 0.000000 0.000000 0.000000 0.000000 0.000000 0.000000 0.000000 0.000000 0.000000 0.000000 0.000000 0.000000 0.000000 0.000000 0.000000 0.000000 0.000000 0.000000 0.000000 0.000000 0.000000 0.000000 0.000000 0.000000 0.000000 0.000000 0.000000 0.000000 0.000000 0.000000 0.000000 0.000000 0.000000 0.000000 0.000000
0.031413 -0.288231 1.068281 -4.654883 -0.547284 3.300976 -20.417922 -2.951473 -2.619342 31.771485 5.413809 -6.161017 -7.347665 -0.513896 7.672811 0.020434 -0.874350 -1.297323 -15.120380 -3.542259 1.500595 20.729580 -0.963483 0.820584 -7.312896 2.228447 -5.989667 -1.466454 -1.005369 0.727414 18.724737 -0.785815 2.172988 -5.341507 -0.412322 -2.476231 3.706394 0.285729 -0.270392 4.372064 1.189607 -1.522080 1.164982 -2.028886 -1.291991 -0.032830 22.657855 -4.536234 22.035433 45.860829 -23.896019 13.025623 -3.638804 -22.000483 -3.633786 2.913684 -5.357816 0.000000 0.000000 0.000000 0.000000 0.000000 0.000000 0.000000 0.000000 0.000000 0.000000 0.000000 0.000000 0.000000 0.000000 0.000000 0.000000 0.000000 0.000000 0.000000 0.000000 0.000000 0.000000 0.000000 0.000000 0.000000 0.000000 0.000000 0.000000 0.000000 0.000000 0.000000 0.000000 0.000000 0.000000 0.000000 0.000000 0.000000 0.000000 0.000000 0.000000 0.000000 0.000000 -0.506746 -18.767380 9.297986 22.363820 -43.838764 26.094279 10.462769 4.601221 29.842206 -3.278734 -3.538193 4.649770 0.000000 0.000000 0.000000 0.000000 0.000000 0.000000 0.000000 0.000000 0.000000 0.000000 0.000000 0.000000 0.000000 0.000000 0.000000 0.000000 0.000000 0.000000 0.000000 0.000000 0.000000 0.000000 0.000000 0.000000 0.000000 0.000000 0.000000 0.000000 0.000000 0.000000 0.000000 0.000000 0.000000 0.000000 0.000000 0.000000 0.000000 0.000000 0.000000 0.000000 0.000000 0.000000
0.031731 -0.299401 1.068269 -4.810817 -0.622841 3.482508 -19.858951 -2.903655 -2.607138 36.214063 5.952701 -6.302856 -8.770090 -1.684849 8.234998 -0.007813 -0.731847 -1.343381 -15.411729 -3.397857 1.535320 20.334061 -0.925712 1.080300 -6.322523 2.000202 -6.281453 -1.581179 -0.893438 0.710284 18.102318 -0.597383 2.042725 -4.941310 -0.597939 -2.522120 3.590120 0.422149 -0.274833 5.306382 1.132798 -1.840697 1.321782 -2.202251 -0.995620 0.226947 22.826330 -4.525170 21.679828 45.825155 -23.449822 12.911162 -3.495910 -21.619173 -3.289446 2.905663 -5.437101 0.000000 0.000000 0.000000 0.000000 0.000000 0.000000 0.000000 0.000000 0.000000 0.000000 0.000000 0.000000 0.000000 0.000000 0.000000 0.000000 0.000000 0.000000 0.000000 0.000000 0.000000 0.000000 0.000000 0.000000 0.000000 0.000000 0.000000 0.000000 0.000000 0.000000 0.000000 0.000000 0.000000 0.000000 0.000000 0.000000 0.000000 0.000000 0.000000 0.000000 0.000000 0.000000 -0.276180 -18.878946 9.208699 22.110460 -43.883578 25.774881 10.537703 4.428590 30.003674 -2.930521 -3.625778 4.848031 0.000000 0.000000 0.000000 0.000000 0.000000 0.000000 0.000000 0.000000 0.000000 0.000000 0.000000 0.000000 0.000000 0.000000 0.000000 0.000000 0.000000 0.000000 0.000000 0.000000 0.000000 0.000000 0.000000 0.000000 0.000000 0.000000 0.000000 0.000000 0.000000 0.000000 0.000000 0.000000 0.000000 0.000000 0.000000 0.000000 0.000000 0.000000 0.000000 0.000000 0.000000 0.000000
0.031511 -0.308315 1.067487 -4.852573 -0.629294 3.760950 -18.626767 -2.950225 -2.435005 40.842374 6.263682 -6.813971 -10.065214 -2.727616 8.621015 -0.041616 -0.622526 -1.390012 -15.728479 -3.295556 1.629790 19.956945 -0.914685 1.575726 -5.587171 1.897418 -6.700871 -1.681363 -0.854500 0.680400 17.281417 -0.471053 1.758336 -4.640993 -0.809477 -2.568331 3.640808 0.504398 -0.379288 6.012088 1.077038 -2.174252 1.490076 -2.184921 -0.858677 0.385117 22.934318 -4.458885 21.457791 45.644240 -23.111788 12.896249 -3.217931 -21.424666 -2.883698 2.643066 -5.515522 0.000000 0.000000 0.000000 0.000000 0.000000 0.000000 0.000000 0.000000 0.000000 0.000000 0.000000 0.000000 0.000000 0.000000 0.000000 0.000000 0.000000 0.000000 0.000000 0.000000 0.000000 0.000000 0.000000 0.000000 0.000000 0.000000 0.000000 0.000000 0.000000 0.000000 0.000000 0.000000 0.000000 0.000000 0.000000 0.000000 0.000000 0.000000 0.000000 0.000000 0.000000 0.000000 -0.186464 -19.183035 8.996905 22.035291 -43.813990 25.408261 10.465342 4.053755 30.079592 -2.707770 -3.747975 4.950152 0.000000 0.000000 0.000000 0.000000 0.000000 0.000000 0.000000 0.000000 0.000000 0.000000 0.000000 0.000000 0.000000 0.000000 0.000000 0.000000 0.000000 0.000000 0.000000 0.000000 0.000000 0.000000 0.000000 0.000000 0.000000 0.000000 0.000000 0.000000 0.000000 0.000000 0.000000 0.000000 0.000000 0.000000 0.000000 0.000000 0.000000 0.000000 0.000000 0.000000 0.000000 0.000000
0.031920 -0.316575 1.065956 -4.909177 -0.410571 4.272672 -16.434282 -3.301966 -1.987326 45.872996 6.247171 -7.672710 -10.085984 -2.879095 8.613341 -0.041755 -0.487129 -1.401141 -16.036529 -3.348650 1.637905 19.650628 -1.251981 1.938490 -5.015363 1.989060 -6.983928 -1.753035 -0.847805 0.606482 16.272445 -0.607685 1.347892 -4.046587 -1.153183 -2.640993 3.582870 0.568289 -0.545126 7.077701 0.927051 -2.400671 1.581838 -2.095930 -0.635950 0.576087 22.945303 -4.356795 21.503726 45.492288 -23.252785 12.960759 -2.892970 -21.456307 -2.463146 2.240211 -5.416236 0.000000 0.000000 0.000000 0.000000 0.000000 0.000000 0.000000 0.000000 0.000000 0.000000 0.000000 0.000000 0.000000 0.000000 0.000000 0.000000 0.000000 0.000000 0.000000 0.000000 0.000000 0.000000 0.000000 0.000000 0.000000 0.000000 0.000000 0.000000 0.000000 0.000000 0.000000 0.000000 0.000000 0.000000 0.000000 0.000000 0.000000 0.000000 0.000000 0.000000 0.000000 0.000000 0.041563 -19.521672 8.729547 21.742794 -43.716653 24.780223 10.175189 3.432364 29.859689 -2.563160 -3.676715 4.762707 0.000000 0.000000 0.000000 0.000000 0.000000 0.000000 0.000000 0.000000 0.000000 0.000000 0.000000 0.000000 0.000000 0.000000 0.000000 0.000000 0.000000 0.000000 0.000000 0.000000 0.000000 0.000000 0.000000 0.000000 0.000000 0.000000 0.000000 0.000000 0.000000 0.000000 0.000000 0.000000 0.000000 0.000000 0.000000 0.000000 0.000000 0.000000 0.000000 0.000000 0.000000 0.000000
0.031930 -0.320450 1.063614 -4.780451 -0.162046 4.554765 -13.692277 -3.542121 -1.491861 48.377542 5.684093 -8.798665 -9.162182 -2.200860 8.307359 -0.012218 -0.495922 -1.409703 -16.412421 -3.521206 1.709028 19.465289 -1.502662 2.029500 -4.951269 2.168001 -7.064143 -1.710387 -0.853733 0.575693 15.436216 -0.788344 0.854862 -3.473183 -1.393864 -2.664955 3.394966 0.577521 -0.694054 7.793991 0.920678 -2.501064 1.634395 -1.944269 -0.465065 0.714684 22.978000 -4.294393 21.551812 45.329485 -23.381902 13.045622 -2.784681 -21.461460 -2.025701 2.076078 -5.311828 0.000000 0.000000 0.000000 0.000000 0.000000 0.000000 0.000000 0.000000 0.000000 0.000000 0.000000 0.000000 0.000000 0.000000 0.000000 0.000000 0.000000 0.000000 0.000000 0.000000 0.000000 0.000000 0.000000 0.000000 0.000000 0.000000 0.000000 0.000000 0.000000 0.000000 0.000000 0.000000 0.000000 0.000000 0.000000 0.000000 0.000000 0.000000 0.000000 0.000000 0.000000 0.000000 0.271580 -19.826814 8.583926 21.618564 -43.733227 24.142361 9.973615 3.076498 29.676750 -2.723913 -3.686007 4.606508 0.000000 0.000000 0.000000 0.000000 0.000000 0.000000 0.000000 0.000000 0.000000 0.000000 0.000000 0.000000 0.000000 0.000000 0.000000 0.000000 0.000000 0.000000 0.000000 0.000000 0.000000 0.000000 0.000000 0.000000 0.000000 0.000000 0.000000 0.000000 0.000000 0.000000 0.000000 0.000000 0.000000 0.000000 0.000000 0.000000 0.000000 0.000000 0.000000 0.000000 0.000000 0.000000
0.031560 -0.322573 1.060764 -4.472814 0.044620 4.926382 -10.744507 -3.718820 -0.982799 48.681802 4.990199 -9.986969 -8.061592 -1.373456 8.025138 0.001412 -0.517272 -1.394225 -17.077548 -3.632820 1.855213 19.535834 -1.728344 1.912255 -5.051742 2.357997 -7.223291 -1.618269 -0.890087 0.531195 14.552232 -0.978064 0.203586 -3.039218 -1.591110 -2.642817 3.300093 0.581988 -0.894681 8.236258 0.877158 -2.393235 1.938994 -1.758601 -0.179382 0.851178 22.997143 -4.198264 21.620113 45.154778 -23.674257 13.088860 -2.764974 -21.450740 -1.696862 2.040243 -5.346409 0.000000 0.000000 0.000000 0.000000 0.000000 0.000000 0.000000 0.000000 0.000000 0.000000 0.000000 0.000000 0.000000 0.000000 0.000000 0.000000 0.000000 0.000000 0.000000 0.000000 0.000000 0.000000 0.000000 0.000000 0.000000 0.000000 0.000000 0.000000 0.000000 0.000000 0.000000 0.000000 0.000000 0.000000 0.000000 0.000000 0.000000 0.000000 0.000000 0.000000 0.000000 0.000000 0.385214 -20.102229 8.297260 21.805327 -43.813132 23.770863 9.893765 2.987316 29.484997 -2.933625 -3.742452 4.521512 0.000000 0.000000 0.000000 0.000000 0.000000 0.000000 0.000000 0.000000 0.000000 0.000000 0.000000 0.000000 0.000000 0.000000 0.000000 0.000000 0.000000 0.000000 0.000000 0.000000 0.000000 0.000000 0.000000 0.000000 0.000000 0.000000 0.000000 0.000000 0.000000 0.000000 0.000000 0.000000 0.000000 0.000000 0.000000 0.000000 0.000000 0.000000 0.000000 0.000000 0.000000 0.000000
0.028512 -0.327078 1.057751 -4.334818 0.336206 5.257498 -7.136078 -3.576876 -0.517594 47.365361 3.963438 -11.472241 -6.949919 -0.588923 7.692729 -0.006844 -0.546545 -1.341475 -17.903997 -3.736296 2.080428 20.066988 -1.958882 1.641597 -5.040862 2.382496 -7.399186 -1.491652 -0.918425 0.521341 13.769388 -1.064185 -0.490157 -2.605438 -1.820025 -2.653343 3.160359 0.537358 -1.131719 8.720597 0.829668 -2.396269 2.423744 -1.603390 0.045517 0.986077 22.908625 -4.129617 21.890445 45.002975 -24.327789 13.067902 -2.795987 -21.627889 -1.418013 1.771340 -5.345908 0.000000 0.000000 0.000000 0.000000 0.000000 0.000000 0.000000 0.000000 0.000000 0.000000 0.000000 0.000000 0.000000 0.000000 0.000000 0.000000 0.000000 0.000000 0.000000 0.000000 0.000000 0.000000 0.000000 0.000000 0.000000 0.000000 0.000000 0.000000 0.000000 0.000000 0.000000 0.000000 0.000000 0.000000 0.000000 0.000000 0.000000 0.000000 0.000000 0.000000 0.000000 0.000000 0.481260 -20.339253 7.980027 22.041947 -43.925055 23.469852 9.560186 2.861828 29.089449 -3.217947 -3.668929 4.367340 0.000000 0.000000 0.000000 0.000000 0.000000 0.000000 0.000000 0.000000 0.000000 0.000000 0.000000 0.000000 0.000000 0.000000 0.000000 0.000000 0.000000 0.000000 0.000000 0.000000 0.000000 0.000000 0.000000 0.000000 0.000000 0.000000 0.000000 0.000000 0.000000 0.000000 0.000000 0.000000 0.000000 0.000000 0.000000 0.000000 0.000000 0.000000 0.000000 0.000000 0.000000 0.000000
0.024990 -0.334762 1.054306 -4.071301 0.634686 5.580186 -2.855769 -3.143944 -0.306473 43.702825 2.733488 -13.606182 -6.693182 -0.051158 7.315439 -0.028186 -0.524362 -1.284133 -19.212994 -3.841785 2.534011 20.726579 -2.181144 1.169334 -4.675237 2.042564 -7.810644 -1.330127 -0.976814 0.500617 13.048527 -1.036954 -1.335192 -2.266974 -2.129821 -2.635821 3.038813 0.431876 -1.389726 9.014194 0.829992 -2.436808 3.002281 -1.490337 0.132265 1.117177 22.957397 -4.096307 22.154996 44.757943 -24.988058 12.515175 -2.793154 -22.070359 -1.209501 1.413414 -5.429800 0.000000 0.000000 0.000000 0.000000 0.000000 0.000000 0.000000 0.000000 0.000000 0.000000 0.000000 0.000000 0.000000 0.000000 0.000000 0.000000 0.000000 0.000000 0.000000 0.000000 0.000000 0.000000 0.000000 0.000000 0.000000 0.000000 0.000000 0.000000 0.000000 0.000000 0.000000 0.000000 0.000000 0.000000 0.000000 0.000000 0.000000 0.000000 0.000000 0.000000 0.000000 0.000000 0.494582 -20.604306 7.603559 22.575303 -43.892579 23.292844 9.103982 2.793852 28.883710 -3.325164 -3.707802 4.226235 0.000000 0.000000 0.000000 0.000000 0.000000 0.000000 0.000000 0.000000 0.000000 0.000000 0.000000 0.000000 0.000000 0.000000 0.000000 0.000000 0.000000 0.000000 0.000000 0.000000 0.000000 0.000000 0.000000 0.000000 0.000000 0.000000 0.000000 0.000000 0.000000 0.000000 0.000000 0.000000 0.000000 0.000000 0.000000 0.000000 0.000000 0.000000 0.000000 0.000000 0.000000 0.000000
0.020786 -0.346775 1.050604 -3.883379 0.857319 5.843969 0.812316 -2.713561 -0.110798 38.911972 1.771391 -15.630941 -7.524457 -0.168563 7.124781 -0.086637 -0.535865 -1.221724 -20.437617 -3.845814 2.950247 20.945012 -2.196948 0.903224 -3.890010 1.534284 -8.224006 -1.247425 -1.059501 0.497017 12.597533 -0.921976 -2.088214 -2.133145 -2.386833 -2.620130 2.998079 0.293301 -1.628440 9.158903 0.824129 -2.269334 3.489777 -1.403159 0.307002 1.268913 22.927058 -4.096151 22.270703 44.477797 -25.690050 12.185085 -2.878975 -22.592623 -0.910000 1.223041 -5.597648 0.000000 0.000000 0.000000 0.000000 0.000000 0.000000 0.000000 0.000000 0.000000 0.000000 0.000000 0.000000 0.000000 0.000000 0.000000 0.000000 0.000000 0.000000 0.000000 0.000000 0.000000 0.000000 0.000000 0.000000 0.000000 0.000000 0.000000 0.000000 0.000000 0.000000 0.000000 0.000000 0.000000 0.000000 0.000000 0.000000 0.000000 0.000000 0.000000 0.000000 0.000000 0.000000 0.444190 -20.818312 7.293386 22.894165 -43.915901 23.298741 8.563758 2.896871 28.364875 -3.232858 -3.715943 4.099189 0.000000 0.000000 0.000000 0.000000 0.000000 0.000000 0.000000 0.000000 0.000000 0.000000 0.000000 0.000000 0.000000 0.000000 0.000000 0.000000 0.000000 0.000000 0.000000 0.000000 0.000000 0.000000 0.000000 0.000000 0.000000 0.000000 0.000000 0.000000 0.000000 0.000000 0.000000 0.000000 0.000000 0.000000 0.000000 0.000000 0.000000 0.000000 0.000000 0.000000 0.000000 0.000000
0.015286 -0.365761 1.047036 -3.817535 1.126620 5.983362 4.052625 -2.171143 0.022133 33.540193 1.026777 -17.347242 -9.704165 -0.990550 7.177780 -0.140225 -0.502233 -1.138659 -21.915739 -3.839296 3.356869 21.123981 -2.115987 0.741743 -2.331489 0.370704 -8.592338 -1.206288 -1.125699 0.461622 12.607678 -0.781374 -2.772952 -2.144083 -2.621789 -2.586617 2.996180 0.132803 -1.814669 9.141778 0.711542 -2.296549 3.756221 -1.504351 0.282870 1.262762 22.815976 -4.140649 22.414678 44.274908 -26.594852 11.581384 -2.886020 -23.386648 -0.677231 0.883661 -5.786460 0.000000 0.000000 0.000000 0.000000 0.000000 0.000000 0.000000 0.000000 0.000000 0.000000 0.000000 0.000000 0.000000 0.000000 0.000000 0.000000 0.000000 0.000000 0.000000 0.000000 0.000000 0.000000 0.000000 0.000000 0.000000 0.000000 0.000000 0.000000 0.000000 0.000000 0.000000 0.000000 0.000000 0.000000 0.000000 0.000000 0.000000 0.000000 0.000000 0.000000 0.000000 0.000000 0.354986 -20.928194 7.070627 23.163077 -43.936119 23.540852 7.869550 2.799856 27.762965 -2.886228 -3.732685 3.965479 0.000000 0.000000 0.000000 0.000000 0.000000 0.000000 0.000000 0.000000 0.000000 0.000000 0.000000 0.000000 0.000000 0.000000 0.000000 0.000000 0.000000 0.000000 0.000000 0.000000 0.000000 0.000000 0.000000 0.000000 0.000000 0.000000 0.000000 0.000000 0.000000 0.000000 0.000000 0.000000 0.000000 0.000000 0.000000 0.000000 0.000000 0.000000 0.000000 0.000000 0.000000 0.000000
0.006944 -0.386997 1.043823 -3.918983 1.388276 5.915624 6.278344 -1.515828 0.174445 29.148083 0.601667 -18.444675 -12.051128 -2.256587 7.361420 -0.207526 -0.540447 -1.117082 -23.069237 -3.697448 3.582450 20.958550 -1.890896 0.620720 -0.400348 -1.192737 -8.620099 -1.167866 -1.149151 0.508757 12.927157 -0.619710 -3.220404 -2.314159 -2.691824 -2.579900 3.178741 -0.083567 -1.958368 8.827182 0.659560 -2.423223 3.622353 -1.678354 0.220125 1.194694 22.593224 -4.274638 22.162277 44.088806 -27.325274 11.102984 -2.922395 -24.066099 -0.433684 0.520543 -6.070714 0.000000 0.000000 0.000000 0.000000 0.000000 0.000000 0.000000 0.000000 0.000000 0.000000 0.000000 0.000000 0.000000 0.000000 0.000000 0.000000 0.000000 0.000000 0.000000 0.000000 0.000000 0.000000 0.000000 0.000000 0.000000 0.000000 0.000000 0.000000 0.000000 0.000000 0.000000 0.000000 0.000000 0.000000 0.000000 0.000000 0.000000 0.000000 0.000000 0.000000 0.000000 0.000000 0.281647 -20.861172 6.967574 23.215842 -43.998597 23.589987 7.255358 2.781796 27.797314 -2.563378 -3.792425 4.011733 0.000000 0.000000 0.000000 0.000000 0.000000 0.000000 0.000000 0.000000 0.000000 0.000000 0.000000 0.000000 0.000000 0.000000 0.000000 0.000000 0.000000 0.000000 0.000000 0.000000 0.000000 0.000000 0.000000 0.000000 0.000000 0.000000 0.000000 0.000000 0.000000 0.000000 0.000000 0.000000 0.000000 0.000000 0.000000 0.000000 0.000000 0.000000 0.000000 0.000000 0.000000 0.000000
-0.000211 -0.424824 1.041390 -4.445650 1.448816 5.737180 8.490202 -0.494278 0.176788 23.049783 0.410818 -19.166020 -16.333775 -4.819871 7.764884 -0.302760 -0.490334 -1.037272 -24.433009 -3.254982 4.061390 20.493210 -1.701236 0.850620 2.974031 -3.924825 -8.612900 -1.103151 -1.280334 0.487934 13.713992 -0.190007 -3.697276 -2.577551 -2.788663 -2.637274 3.224808 -0.332503 -2.061111 8.784311 0.512057 -2.540386 3.789223 -1.879779 0.313876 0.916826 22.236580 -4.306804 21.871300 43.989415 -28.012825 10.702398 -2.885986 -24.912296 0.089370 0.508421 -6.085946 0.000000 0.000000 0.000000 0.000000 0.000000 0.000000 0.000000 0.000000 0.000000 0.000000 0.000000 0.000000 0.000000 0.000000 0.000000 0.000000 0.000000 0.000000 0.000000 0.000000 0.000000 0.000000 0.000000 0.000000 0.000000 0.000000 0.000000 0.000000 0.000000 0.000000 0.000000 0.000000 0.000000 0.000000 0.000000 0.000000 0.000000 0.000000 0.000000 0.000000 0.000000 0.000000 -0.035011 -20.814082 6.772394 23.509071 -43.990850 24.320779 6.455267 2.473325 27.247387 -1.868652 -3.949545 3.811296 0.000000 0.000000 0.000000 0.000000 0.000000 0.000000 0.000000 0.000000 0.000000 0.000000 0.000000 0.000000 0.000000 0.000000 0.000000 0.000000 0.000000 0.000000 0.000000 0.000000 0.000000 0.000000 0.000000 0.000000 0.000000 0.000000 0.000000 0.000000 0.000000 0.000000 0.000000 0.000000 0.000000 0.000000 0.000000 0.000000 0.000000 0.000000 0.000000 0.000000 0.000000 0.000000
-0.004118 -0.454433 1.040175 -5.071870 1.420609 5.430284 9.319920 0.273748 0.238140 19.693923 0.490827 -19.192226 -18.207903 -6.841977 8.537374 -0.321672 -0.517664 -0.996191 -25.047200 -2.676708 4.042790 19.666706 -1.672115 0.859275 5.357037 -6.372830 -7.735509 -1.020379 -1.386530 0.471713 14.607893 0.323831 -3.823702 -2.777968 -2.858318 -2.741591 3.412223 -0.590562 -2.118765 8.615712 0.217052 -2.714556 3.820884 -2.227618 0.101208 0.778516 21.724388 -4.582109 21.509530 43.852516 -28.666231 10.525404 -2.807316 -25.502248 0.417722 0.176397 -6.148939 0.000000 0.000000 0.000000 0.000000 0.000000 0.000000 0.000000 0.000000 0.000000 0.000000 0.000000 0.000000 0.000000 0.000000 0.000000 0.000000 0.000000 0.000000 0.000000 0.000000 0.000000 0.000000 0.000000 0.000000 0.000000 0.000000 0.000000 0.000000 0.000000 0.000000 0.000000 0.000000 0.000000 0.000000 0.000000 0.000000 0.000000 0.000000 0.000000 0.000000 0.000000 0.000000 -0.271178 -20.679727 6.728599 23.612763 -44.116147 24.724867 5.889294 2.323285 27.190346 -1.551826 -4.033587 3.696650 0.000000 0.000000 0.000000 0.000000 0.000000 0.000000 0.000000 0.000000 0.000000 0.000000 0.000000 0.000000 0.000000 0.000000 0.000000 0.000000 0.000000 0.000000 0.000000 0.000000 0.000000 0.000000 0.000000 0.000000 0.000000 0.000000 0.000000 0.000000 0.000000 0.000000 0.000000 0.000000 0.000000 0.000000 0.000000 0.000000 0.000000 0.000000 0.000000 0.000000 0.000000 0.000000
-0.007972 -0.498760 1.040053 -5.989566 1.249145 4.832249 9.305947 0.956111 0.327924 17.252969 0.908083 -18.792347 -19.968219 -8.473560 8.135332 -0.332538 -0.551562 -0.980588 -25.402301 -1.889660 3.845898 17.846659 -1.367863 0.743636 7.277814 -8.575647 -6.606690 -0.922698 -1.443959 0.440620 15.534823 0.938954 -3.756474 -3.003252 -2.864839 -2.827943 3.611329 -0.845261 -2.130366 8.398803 -0.114388 -2.868500 3.726904 -2.714193 -0.292063 0.480644 21.145237 -4.791321 21.311894 43.737158 -29.334484 10.514484 -2.727544 -25.793514 0.670261 -0.083558 -6.184215 0.000000 0.000000 0.000000 0.000000 0.000000 0.000000 0.000000 0.000000 0.000000 0.000000 0.000000 0.000000 0.000000 0.000000 0.000000 0.000000 0.000000 0.000000 0.000000 0.000000 0.000000 0.000000 0.000000 0.000000 0.000000 0.000000 0.000000 0.000000 0.000000 0.000000 0.000000 0.000000 0.000000 0.000000 0.000000 0.000000 0.000000 0.000000 0.000000 0.000000 0.000000 0.000000 -0.634438 -20.450884 6.593574 23.837850 -44.444642 25.210997 5.389913 2.257197 27.085811 -1.313436 -4.098404 3.370801 0.000000 0.000000 0.000000 0.000000 0.000000 0.000000 0.000000 0.000000 0.000000 0.000000 0.000000 0.000000 0.000000 0.000000 0.000000 0.000000 0.000000 0.000000 0.000000 0.000000 0.000000 0.000000 0.000000 0.000000 0.000000 0.000000 0.000000 0.000000 0.000000 0.000000 0.000000 0.000000 0.000000 0.000000 0.000000 0.000000 0.000000 0.000000 0.000000 0.000000 0.000000 0.000000
-0.014076 -0.541475 1.040660 -6.888419 1.227954 4.019668 8.772852 1.455543 0.416663 15.792282 1.495321 -18.210915 -20.751410 -9.583963 7.695534 -0.307909 -0.524707 -0.980299 -25.389324 -1.134905 3.532077 15.767779 -1.089453 0.654793 6.784335 -9.562581 -6.082457 -0.822098 -1.464897 0.381850 16.434241 1.559843 -3.594338 -3.137175 -2.911491 -2.903796 3.739723 -1.045160 -2.114159 8.279378 -0.484702 -3.169903 3.719439 -3.317251 -0.752542 0.235076 20.602277 -4.958187 21.290288 43.484497 -29.870439 10.558692 -2.569320 -25.996731 0.774931 -0.649836 -6.190950 0.000000 0.000000 0.000000 0.000000 0.000000 0.000000 0.000000 0.000000 0.000000 0.000000 0.000000 0.000000 0.000000 0.000000 0.000000 0.000000 0.000000 0.000000 0.000000 0.000000 0.000000 0.000000 0.000000 0.000000 0.000000 0.000000 0.000000 0.000000 0.000000 0.000000 0.000000 0.000000 0.000000 0.000000 0.000000 0.000000 0.000000 0.000000 0.000000 0.000000 0.000000 0.000000 -0.985685 -20.171601 6.444524 24.218548 -44.748427 25.707225 5.052180 2.100023 27.266900 -1.229626 -3.962758 2.999727 0.000000 0.000000 0.000000 0.000000 0.000000 0.000000 0.000000 0.000000 0.000000 0.000000 0.000000 0.000000 0.000000 0.000000 0.000000 0.000000 0.000000 0.000000 0.000000 0.000000 0.000000 0.000000 0.000000 0.000000 0.000000 0.000000 0.000000 0.000000 0.000000 0.000000 0.000000 0.000000 0.000000 0.000000 0.000000 0.000000 0.000000 0.000000 0.000000 0.000000 0.000000 0.000000
-0.020408 -0.585150 1.041791 -7.743004 1.323737 2.968722 7.776603 1.937917 0.568375 14.862563 1.967879 -17.062349 -20.919021 -10.336457 7.525885 -0.322512 -0.607056 -1.034881 -25.183925 -0.634688 3.061750 13.724061 -0.825276 0.321801 6.130197 -10.057959 -6.003563 -0.758731 -1.485517 0.352390 17.192915 2.063888 -3.372028 -3.203500 -2.926786 -2.904808 3.785070 -1.166034 -2.039504 8.339904 -0.710611 -3.381223 3.798813 -3.859517 -0.954007 0.007472 20.167589 -5.042518 21.341584 43.408700 -30.172477 10.404015 -2.434447 -25.888066 0.931706 -1.294660 -6.203949 0.000000 0.000000 0.000000 0.000000 0.000000 0.000000 0.000000 0.000000 0.000000 0.000000 0.000000 0.000000 0.000000 0.000000 0.000000 0.000000 0.000000 0.000000 0.000000 0.000000 0.000000 0.000000 0.000000 0.000000 0.000000 0.000000 0.000000 0.000000 0.000000 0.000000 0.000000 0.000000 0.000000 0.000000 0.000000 0.000000 0.000000 0.000000 0.000000 0.000000 0.000000 0.000000 -1.275850 -19.749554 6.344187 24.703690 -45.260922 26.325997 4.988795 2.015079 27.407664 -0.925688 -3.629667 2.749170 0.000000 0.000000 0.000000 0.000000 0.000000 0.000000 0.000000 0.000000 0.000000 0.000000 0.000000 0.000000 0.000000 0.000000 0.000000 0.000000 0.000000 0.000000 0.000000 0.000000 0.000000 0.000000 0.000000 0.000000 0.000000 0.000000 0.000000 0.000000 0.000000 0.000000 0.000000 0.000000 0.000000 0.000000 0.000000 0.000000 0.000000 0.000000 0.000000 0.000000 0.000000 0.000000
-0.027351 -0.614650 1.042719 -7.995279 1.627698 2.053273 6.571256 2.136985 0.626256 14.250208 2.286522 -16.045662 -20.542946 -10.679008 7.626639 -0.330819 -0.727861 -1.077014 -25.448151 -0.520649 2.923346 14.168692 -0.944225 0.040640 4.841712 -9.722305 -6.097565 -0.719904 -1.513582 0.346231 17.455531 2.266672 -3.188647 -3.213874 -3.001818 -2.905403 3.694590 -1.178655 -1.948530 8.404091 -0.944203 -3.520421 3.787767 -4.193662 -1.388586 -0.018337 20.052519 -5.138527 21.418862 43.132975 -30.062336 10.310772 -2.233108 -25.660422 0.764659 -1.398453 -6.096207 0.000000 0.000000 0.000000 0.000000 0.000000 0.000000 0.000000 0.000000 0.000000 0.000000 0.000000 0.000000 0.000000 0.000000 0.000000 0.000000 0.000000 0.000000 0.000000 0.000000 0.000000 0.000000 0.000000 0.000000 0.000000 0.000000 0.000000 0.000000 0.000000 0.000000 0.000000 0.000000 0.000000 0.000000 0.000000 0.000000 0.000000 0.000000 0.000000 0.000000 0.000000 0.000000 -1.339234 -19.690474 6.284463 24.881179 -45.301530 26.425594 5.157974 2.009860 27.855462 -0.806212 -3.530297 2.611154 0.000000 0.000000 0.000000 0.000000 0.000000 0.000000 0.000000 0.000000 0.000000 0.000000 0.000000 0.000000 0.000000 0.000000 0.000000 0.000000 0.000000 0.000000 0.000000 0.000000 0.000000 0.000000 0.000000 0.000000 0.000000 0.000000 0.000000 0.000000 0.000000 0.000000 0.000000 0.000000 0.000000 0.000000 0.000000 0.000000 0.000000 0.000000 0.000000 0.000000 0.000000 0.000000
-0.035870 -0.635878 1.043532 -7.905012 2.060965 1.208678 5.384783 2.193192 0.695405 13.589102 2.559435 -15.118346 -19.846683 -10.824033 7.850458 -0.351051 -0.872069 -1.128854 -25.870701 -0.524646 2.889250 16.687890 -1.377368 -0.325688 2.982073 -8.668307 -6.491721 -0.732252 -1.459768 0.442482 17.465944 2.295422 -3.088169 -3.099928 -3.109229 -2.880927 3.548121 -1.132327 -1.871573 8.678319 -1.161004 -3.623746 3.712133 -4.440449 -1.827604 0.082179 20.090528 -5.193934 21.588042 42.958486 -29.807825 10.235387 -2.216725 -25.445453 0.538147 -1.233003 -5.806966 0.000000 0.000000 0.000000 0.000000 0.000000 0.000000 0.000000 0.000000 0.000000 0.000000 0.000000 0.000000 0.000000 0.000000 0.000000 0.000000 0.000000 0.000000 0.000000 0.000000 0.000000 0.000000 0.000000 0.000000 0.000000 0.000000 0.000000 0.000000 0.000000 0.000000 0.000000 0.000000 0.000000 0.000000 0.000000 0.000000 0.000000 0.000000 0.000000 0.000000 0.000000 0.000000 -1.217752 -19.739875 6.373018 24.951292 -45.301260 26.315617 5.321056 2.141740 28.292072 -0.735337 -3.490426 2.521623 0.000000 0.000000 0.000000 0.000000 0.000000 0.000000 0.000000 0.000000 0.000000 0.000000 0.000000 0.000000 0.000000 0.000000 0.000000 0.000000 0.000000 0.000000 0.000000 0.000000 0.000000 0.000000 0.000000 0.000000 0.000000 0.000000 0.000000 0.000000 0.000000 0.000000 0.000000 0.000000 0.000000 0.000000 0.000000 0.000000 0.000000 0.000000 0.000000 0.000000 0.000000 0.000000
-0.044508 -0.648714 1.044170 -7.376645 2.627809 0.386092 3.995371 2.064301 0.550733 13.074484 2.747654 -14.385020 -18.952106 -10.902380 8.380821 -0.385113 -1.101884 -1.162015 -26.521663 -0.762645 3.070617 21.855904 -2.211774 -0.511273 0.567804 -6.884480 -7.013470 -0.765448 -1.426540 0.584551 17.134601 2.110782 -2.963404 -2.991062 -3.228201 -2.839401 3.422629 -1.017017 -1.834131 8.992331 -1.463996 -3.618356 3.649556 -4.501177 -2.398806 0.317113 20.209321 -5.224379 21.819395 42.927556 -29.479645 10.594273 -2.123097 -24.657943 0.473135 -0.722439 -5.259549 0.000000 0.000000 0.000000 0.000000 0.000000 0.000000 0.000000 0.000000 0.000000 0.000000 0.000000 0.000000 0.000000 0.000000 0.000000 0.000000 0.000000 0.000000 0.000000 0.000000 0.000000 0.000000 0.000000 0.000000 0.000000 0.000000 0.000000 0.000000 0.000000 0.000000 0.000000 0.000000 0.000000 0.000000 0.000000 0.000000 0.000000 0.000000 0.000000 0.000000 0.000000 0.000000 -1.025929 -19.814541 6.513936 24.959263 -45.260467 26.230699 6.049140 2.419813 28.451802 -0.686815 -3.563594 2.382604 0.000000 0.000000 0.000000 0.000000 0.000000 0.000000 0.000000 0.000000 0.000000 0.000000 0.000000 0.000000 0.000000 0.000000 0.000000 0.000000 0.000000 0.000000 0.000000 0.000000 0.000000 0.000000 0.000000 0.000000 0.000000 0.000000 0.000000 0.000000 0.000000 0.000000 0.000000 0.000000 0.000000 0.000000 0.000000 0.000000 0.000000 0.000000 0.000000 0.000000 0.000000 0.000000
-0.050432 -0.659915 1.045041 -6.842027 3.110774 -0.350846 2.656695 1.841865 0.337716 12.651466 2.882119 -13.694450 -17.967829 -10.796954 8.945583 -0.354822 -1.345305 -1.173543 -26.808701 -0.960918 3.302112 27.792667 -3.023006 -0.462442 -1.886182 -4.991071 -7.506454 -0.734134 -1.474125 0.690443 16.611789 1.935731 -2.858244 -2.815523 -3.355289 -2.823948 3.396173 -0.890516 -1.849179 9.600146 -1.788087 -3.605071 3.479173 -4.569751 -3.030855 0.639013 20.330356 -5.215413 21.988467 43.038212 -29.044489 11.030598 -2.069599 -23.871752 0.479315 -0.264969 -4.630975 0.000000 0.000000 0.000000 0.000000 0.000000 0.000000 0.000000 0.000000 0.000000 0.000000 0.000000 0.000000 0.000000 0.000000 0.000000 0.000000 0.000000 0.000000 0.000000 0.000000 0.000000 0.000000 0.000000 0.000000 0.000000 0.000000 0.000000 0.000000 0.000000 0.000000 0.000000 0.000000 0.000000 0.000000 0.000000 0.000000 0.000000 0.000000 0.000000 0.000000 0.000000 0.000000 -0.746569 -19.821861 6.823964 24.865901 -45.310761 26.195974 6.639225 2.691779 28.410696 -0.894865 -3.415172 2.265183 0.000000 0.000000 0.000000 0.000000 0.000000 0.000000 0.000000 0.000000 0.000000 0.000000 0.000000 0.000000 0.000000 0.000000 0.000000 0.000000 0.000000 0.000000 0.000000 0.000000 0.000000 0.000000 0.000000 0.000000 0.000000 0.000000 0.000000 0.000000 0.000000 0.000000 0.000000 0.000000 0.000000 0.000000 0.000000 0.000000 0.000000 0.000000 0.000000 0.000000 0.000000 0.000000
-0.053633 -0.672644 1.046101 -6.484191 3.403993 -1.032185 1.305300 1.696243 0.120202 12.591486 2.958748 -13.016750 -16.974711 -10.482635 9.449611 -0.334177 -1.585893 -1.171580 -26.346981 -1.061656 3.324532 33.263461 -3.544218 -0.210414 -4.284358 -3.230329 -7.900576 -0.709290 -1.483996 0.763951 15.918927 1.798620 -2.634068 -2.665990 -3.353489 -2.822316 3.526021 -0.753989 -1.849737 10.144980 -2.122302 -3.593293 3.612131 -4.577334 -3.496479 0.968054 20.558572 -5.235438 21.855288 43.185061 -28.249281 11.628443 -1.974057 -22.987214 0.674162 0.297839 -4.130783 0.000000 0.000000 0.000000 0.000000 0.000000 0.000000 0.000000 0.000000 0.000000 0.000000 0.000000 0.000000 0.000000 0.000000 0.000000 0.000000 0.000000 0.000000 0.000000 0.000000 0.000000 0.000000 0.000000 0.000000 0.000000 0.000000 0.000000 0.000000 0.000000 0.000000 0.000000 0.000000 0.000000 0.000000 0.000000 0.000000 0.000000 0.000000 0.000000 0.000000 0.000000 0.000000 -0.430897 -19.901196 7.170823 24.589187 -45.299135 26.109490 7.229061 2.964356 28.213535 -0.942078 -3.459118 2.289399 0.000000 0.000000 0.000000 0.000000 0.000000 0.000000 0.000000 0.000000 0.000000 0.000000 0.000000 0.000000 0.000000 0.000000 0.000000 0.000000 0.000000 0.000000 0.000000 0.000000 0.000000 0.000000 0.000000 0.000000 0.000000 0.000000 0.000000 0.000000 0.000000 0.000000 0.000000 0.000000 0.000000 0.000000 0.000000 0.000000 0.000000 0.000000 0.000000 0.000000 0.000000 0.000000
-0.052380 -0.686284 1.046963 -6.211351 3.392290 -1.554690 -0.105335 1.658375 -0.191135 12.766024 3.060888 -12.408855 -15.913196 -10.080059 9.896458 -0.308145 -1.849179 -1.158215 -25.267821 -0.985368 3.288401 38.638398 -3.746034 0.610514 -6.291882 -1.837197 -7.962123 -0.649459 -1.467672 0.791693 15.050848 1.783893 -2.307359 -2.500542 -3.262037 -2.844868 3.684643 -0.632291 -1.885344 10.590000 -2.485103 -3.822127 3.693851 -4.587759 -4.219689 1.202335 20.803069 -5.227976 21.690416 43.388403 -27.435414 12.015723 -1.821655 -21.983734 0.979455 0.838220 -3.667569 0.000000 0.000000 0.000000 0.000000 0.000000 0.000000 0.000000 0.000000 0.000000 0.000000 0.000000 0.000000 0.000000 0.000000 0.000000 0.000000 0.000000 0.000000 0.000000 0.000000 0.000000 0.000000 0.000000 0.000000 0.000000 0.000000 0.000000 0.000000 0.000000 0.000000 0.000000 0.000000 0.000000 0.000000 0.000000 0.000000 0.000000 0.000000 0.000000 0.000000 0.000000 0.000000 -0.151960 -20.006063 7.556515 24.339823 -45.354277 26.001808 7.885022 3.262646 27.851948 -0.725430 -3.567956 2.334094 0.000000 0.000000 0.000000 0.000000 0.000000 0.000000 0.000000 0.000000 0.000000 0.000000 0.000000 0.000000 0.000000 0.000000 0.000000 0.000000 0.000000 0.000000 0.000000 0.000000 0.000000 0.000000 0.000000 0.000000 0.000000 0.000000 0.000000 0.000000 0.000000 0.000000 0.000000 0.000000 0.000000 0.000000 0.000000 0.000000 0.000000 0.000000 0.000000 0.000000 0.000000 0.000000
-0.048590 -0.701777 1.047524 -5.958817 3.124988 -2.022661 -1.623728 1.801130 -0.672982 12.955728 3.203920 -11.799752 -14.681867 -9.616074 10.347594 -0.316179 -2.085738 -1.120364 -23.607913 -0.784119 3.187539 43.331539 -3.788421 1.570414 -7.829116 -0.844410 -7.806148 -0.586902 -1.429909 0.770284 14.069397 1.939271 -1.829947 -2.248015 -3.134588 -2.860585 3.821932 -0.496552 -1.813081 10.974927 -2.802966 -3.755396 4.062839 -4.583594 -4.569099 1.391057 21.101004 -5.159896 21.456338 43.540668 -26.438869 12.067747 -1.660431 -21.298110 1.436823 1.473659 -3.529502 0.000000 0.000000 0.000000 0.000000 0.000000 0.000000 0.000000 0.000000 0.000000 0.000000 0.000000 0.000000 0.000000 0.000000 0.000000 0.000000 0.000000 0.000000 0.000000 0.000000 0.000000 0.000000 0.000000 0.000000 0.000000 0.000000 0.000000 0.000000 0.000000 0.000000 0.000000 0.000000 0.000000 0.000000 0.000000 0.000000 0.000000 0.000000 0.000000 0.000000 0.000000 0.000000 0.107124 -20.203998 7.890192 24.025652 -45.275768 25.831934 8.199251 3.473772 27.572228 -0.511074 -4.034697 2.464079 0.000000 0.000000 0.000000 0.000000 0.000000 0.000000 0.000000 0.000000 0.000000 0.000000 0.000000 0.000000 0.000000 0.000000 0.000000 0.000000 0.000000 0.000000 0.000000 0.000000 0.000000 0.000000 0.000000 0.000000 0.000000 0.000000 0.000000 0.000000 0.000000 0.000000 0.000000 0.000000 0.000000 0.000000 0.000000 0.000000 0.000000 0.000000 0.000000 0.000000 0.000000 0.000000
-0.047118 -0.722052 1.047844 -5.901758 2.768092 -2.518896 -3.250003 2.240362 -1.340205 13.284279 3.361098 -11.155045 -13.121072 -9.304960 10.913757 -0.352135 -2.320397 -1.043067 -21.244623 -0.532369 2.999668 47.970414 -3.513062 2.949828 -8.561655 -0.461442 -7.090613 -0.480234 -1.272193 0.735902 13.146733 2.142593 -1.257051 -2.007655 -2.847392 -2.895264 3.973873 -0.361867 -1.718442 11.178311 -3.097625 -3.419732 4.674357 -4.670288 -4.535626 1.523809 21.337671 -5.057995 20.992740 43.758840 -25.118983 11.902976 -1.550119 -20.665536 1.322836 2.126792 -3.722465 0.000000 0.000000 0.000000 0.000000 0.000000 0.000000 0.000000 0.000000 0.000000 0.000000 0.000000 0.000000 0.000000 0.000000 0.000000 0.000000 0.000000 0.000000 0.000000 0.000000 0.000000 0.000000 0.000000 0.000000 0.000000 0.000000 0.000000 0.000000 0.000000 0.000000 0.000000 0.000000 0.000000 0.000000 0.000000 0.000000 0.000000 0.000000 0.000000 0.000000 0.000000 0.000000 0.360607 -20.406294 8.218304 23.767391 -45.347078 25.700634 8.452311 3.721981 27.137055 -0.240430 -4.706652 2.635390 0.000000 0.000000 0.000000 0.000000 0.000000 0.000000 0.000000 0.000000 0.000000 0.000000 0.000000 0.000000 0.000000 0.000000 0.000000 0.000000 0.000000 0.000000 0.000000 0.000000 0.000000 0.000000 0.000000 0.000000 0.000000 0.000000 0.000000 0.000000 0.000000 0.000000 0.000000 0.000000 0.000000 0.000000 0.000000 0.000000 0.000000 0.000000 0.000000 0.000000 0.000000 0.000000
-0.043462 -0.735323 1.047271 -5.479918 2.527481 -2.733743 -5.175082 2.224408 -2.041586 14.020724 3.681324 -10.646034 -11.963603 -8.943065 11.209424 -0.341955 -2.415201 -1.026160 -18.412413 -0.433573 2.848548 49.487490 -3.265851 4.396342 -8.306085 -0.806083 -6.299212 -0.449259 -1.191054 0.714016 12.277887 2.340050 -0.527271 -1.774181 -2.777791 -3.075415 3.956165 -0.251624 -1.649365 11.405822 -3.418633 -3.621730 4.955162 -4.750041 -4.943569 1.715315 21.615746 -5.012444 20.759183 43.847797 -24.141839 11.541439 -1.353329 -20.282207 1.486030 2.622544 -3.612475 0.000000 0.000000 0.000000 0.000000 0.000000 0.000000 0.000000 0.000000 0.000000 0.000000 0.000000 0.000000 0.000000 0.000000 0.000000 0.000000 0.000000 0.000000 0.000000 0.000000 0.000000 0.000000 0.000000 0.000000 0.000000 0.000000 0.000000 0.000000 0.000000 0.000000 0.000000 0.000000 0.000000 0.000000 0.000000 0.000000 0.000000 0.000000 0.000000 0.000000 0.000000 0.000000 0.517894 -20.588210 8.469091 23.644851 -45.208048 25.608508 8.575042 3.775791 26.945508 -0.418954 -5.481916 2.605275 0.000000 0.000000 0.000000 0.000000 0.000000 0.000000 0.000000 0.000000 0.000000 0.000000 0.000000 0.000000 0.000000 0.000000 0.000000 0.000000 0.000000 0.000000 0.000000 0.000000 0.000000 0.000000 0.000000 0.000000 0.000000 0.000000 0.000000 0.000000 0.000000 0.000000 0.000000 0.000000 0.000000 0.000000 0.000000 0.000000 0.000000 0.000000 0.000000 0.000000 0.000000 0.000000
-0.037948 -0.744497 1.045871 -4.672106 2.187596 -3.154668 -7.574069 2.261853 -2.874057 15.050625 3.980815 -10.153418 -10.741713 -8.735170 11.627905 -0.364820 -2.525324 -1.032137 -14.763211 -0.592660 2.620402 49.714558 -2.681152 6.204066 -7.662050 -1.338813 -5.237245 -0.414445 -1.073132 0.726767 11.317675 2.531610 0.387756 -1.584169 -2.598411 -3.224835 3.951953 -0.129660 -1.485997 11.412569 -3.689470 -3.689113 5.382233 -4.866595 -5.125261 1.794511 21.898499 -4.756277 20.583377 43.809203 -23.289639 11.044190 -1.089778 -20.058742 1.054424 2.857425 -3.586038 0.000000 0.000000 0.000000 0.000000 0.000000 0.000000 0.000000 0.000000 0.000000 0.000000 0.000000 0.000000 0.000000 0.000000 0.000000 0.000000 0.000000 0.000000 0.000000 0.000000 0.000000 0.000000 0.000000 0.000000 0.000000 0.000000 0.000000 0.000000 0.000000 0.000000 0.000000 0.000000 0.000000 0.000000 0.000000 0.000000 0.000000 0.000000 0.000000 0.000000 0.000000 0.000000 0.640227 -20.795842 8.586881 23.629560 -45.081616 25.742554 8.516733 3.601379 26.668769 -0.967931 -6.120168 2.518444 0.000000 0.000000 0.000000 0.000000 0.000000 0.000000 0.000000 0.000000 0.000000 0.000000 0.000000 0.000000 0.000000 0.000000 0.000000 0.000000 0.000000 0.000000 0.000000 0.000000 0.000000 0.000000 0.000000 0.000000 0.000000 0.000000 0.000000 0.000000 0.000000 0.000000 0.000000 0.000000 0.000000 0.000000 0.000000 0.000000 0.000000 0.000000 0.000000 0.000000 0.000000 0.000000
-0.034228 -0.755328 1.043885 -3.865910 1.930194 -3.630005 -10.059301 2.224995 -3.555147 16.022196 4.314128 -9.419015 -9.571492 -8.359845 11.835475 -0.412331 -2.610884 -1.071131 -10.684467 -0.848341 2.238404 48.317400 -1.953143 7.837500 -7.253975 -1.831467 -4.113040 -0.424645 -0.968626 0.762852 10.468437 2.617730 1.384982 -1.471794 -2.381704 -3.319755 3.992769 -0.001286 -1.239366 11.321597 -3.773680 -3.581292 5.830239 -4.997987 -5.043473 1.676237 22.180955 -4.285569 20.439881 43.606748 -22.651498 10.508042 -0.767112 -20.056566 0.502849 2.591846 -3.721317 0.000000 0.000000 0.000000 0.000000 0.000000 0.000000 0.000000 0.000000 0.000000 0.000000 0.000000 0.000000 0.000000 0.000000 0.000000 0.000000 0.000000 0.000000 0.000000 0.000000 0.000000 0.000000 0.000000 0.000000 0.000000 0.000000 0.000000 0.000000 0.000000 0.000000 0.000000 0.000000 0.000000 0.000000 0.000000 0.000000 0.000000 0.000000 0.000000 0.000000 0.000000 0.000000 0.655062 -21.137698 8.446948 23.455908 -44.682304 25.831638 8.463493 3.259363 26.501645 -1.368880 -6.295899 2.486973 0.000000 0.000000 0.000000 0.000000 0.000000 0.000000 0.000000 0.000000 0.000000 0.000000 0.000000 0.000000 0.000000 0.000000 0.000000 0.000000 0.000000 0.000000 0.000000 0.000000 0.000000 0.000000 0.000000 0.000000 0.000000 0.000000 0.000000 0.000000 0.000000 0.000000 0.000000 0.000000 0.000000 0.000000 0.000000 0.000000 0.000000 0.000000 0.000000 0.000000 0.000000 0.000000
-0.029162 -0.767934 1.041661 -3.125263 1.633855 -4.091751 -12.487171 2.050609 -4.085239 16.833881 4.719867 -8.704103 -8.354498 -7.727236 11.881936 -0.429667 -2.615984 -1.110071 -6.760558 -0.938967 1.805803 44.687373 -1.335704 9.447742 -7.799576 -2.126911 -3.167146 -0.513132 -0.869835 0.726237 9.871019 2.602398 2.362009 -1.415723 -2.138537 -3.391006 4.004641 0.127092 -0.998913 11.076201 -3.781420 -3.603418 6.100216 -5.200959 -5.014174 1.558462 22.325629 -3.907782 20.417799 43.648551 -22.344809 9.939216 -0.380549 -19.961075 -0.172007 2.398303 -3.794523 0.000000 0.000000 0.000000 0.000000 0.000000 0.000000 0.000000 0.000000 0.000000 0.000000 0.000000 0.000000 0.000000 0.000000 0.000000 0.000000 0.000000 0.000000 0.000000 0.000000 0.000000 0.000000 0.000000 0.000000 0.000000 0.000000 0.000000 0.000000 0.000000 0.000000 0.000000 0.000000 0.000000 0.000000 0.000000 0.000000 0.000000 0.000000 0.000000 0.000000 0.000000 0.000000 0.678627 -21.205839 8.399670 23.314808 -44.427912 25.992737 8.480299 2.906123 26.623357 -1.789339 -6.611477 2.381665 0.000000 0.000000 0.000000 0.000000 0.000000 0.000000 0.000000 0.000000 0.000000 0.000000 0.000000 0.000000 0.000000 0.000000 0.000000 0.000000 0.000000 0.000000 0.000000 0.000000 0.000000 0.000000 0.000000 0.000000 0.000000 0.000000 0.000000 0.000000 0.000000 0.000000 0.000000 0.000000 0.000000 0.000000 0.000000 0.000000 0.000000 0.000000 0.000000 0.000000 0.000000 0.000000
-0.027388 -0.786137 1.039528 -2.515067 1.442277 -4.660200 -14.904091 1.908778 -4.514832 17.280331 4.995268 -7.957044 -6.771759 -6.710074 11.971409 -0.440012 -2.649648 -1.183115 -3.288996 -1.125033 1.543675 39.735474 -0.739787 10.866767 -8.993153 -2.160082 -2.445219 -0.571488 -0.839933 0.732421 9.708082 2.499368 3.259491 -1.521754 -1.794469 -3.393199 3.987221 0.212026 -0.731860 10.713670 -3.655464 -3.686158 6.173014 -5.360885 -5.248959 1.269423 22.470805 -3.454664 20.255779 43.637912 -22.027352 9.347687 -0.025002 -20.091299 -0.927547 1.962756 -3.967581 0.000000 0.000000 0.000000 0.000000 0.000000 0.000000 0.000000 0.000000 0.000000 0.000000 0.000000 0.000000 0.000000 0.000000 0.000000 0.000000 0.000000 0.000000 0.000000 0.000000 0.000000 0.000000 0.000000 0.000000 0.000000 0.000000 0.000000 0.000000 0.000000 0.000000 0.000000 0.000000 0.000000 0.000000 0.000000 0.000000 0.000000 0.000000 0.000000 0.000000 0.000000 0.000000 0.549543 -21.201432 8.370072 23.258665 -44.185438 26.298716 8.331791 2.551402 26.886851 -2.265930 -6.774557 2.259673 0.000000 0.000000 0.000000 0.000000 0.000000 0.000000 0.000000 0.000000 0.000000 0.000000 0.000000 0.000000 0.000000 0.000000 0.000000 0.000000 0.000000 0.000000 0.000000 0.000000 0.000000 0.000000 0.000000 0.000000 0.000000 0.000000 0.000000 0.000000 0.000000 0.000000 0.000000 0.000000 0.000000 0.000000 0.000000 0.000000 0.000000 0.000000 0.000000 0.000000 0.000000 0.000000
-0.025847 -0.812992 1.037827 -2.435483 1.370868 -5.052932 -16.827458 1.613520 -4.735779 17.258353 5.098521 -7.235264 -4.851379 -5.170112 11.832836 -0.427275 -2.708887 -1.173232 -0.824203 -1.483019 1.448533 35.348455 -0.317708 11.752333 -10.809912 -1.613274 -1.969453 -0.639578 -0.866565 0.751937 9.866867 2.243279 3.935437 -1.456425 -1.513742 -3.427489 3.838278 0.275815 -0.540166 10.368205 -3.445749 -3.824894 5.795521 -5.451798 -5.482390 1.101398 22.604551 -3.329456 20.193869 43.709377 -21.805236 9.202439 0.051807 -20.366411 -1.538006 1.833326 -4.054270 0.000000 0.000000 0.000000 0.000000 0.000000 0.000000 0.000000 0.000000 0.000000 0.000000 0.000000 0.000000 0.000000 0.000000 0.000000 0.000000 0.000000 0.000000 0.000000 0.000000 0.000000 0.000000 0.000000 0.000000 0.000000 0.000000 0.000000 0.000000 0.000000 0.000000 0.000000 0.000000 0.000000 0.000000 0.000000 0.000000 0.000000 0.000000 0.000000 0.000000 0.000000 0.000000 0.567752 -21.016687 8.637923 23.075873 -44.008116 26.683566 8.393376 2.479558 27.318185 -2.672658 -6.820796 2.097161 0.000000 0.000000 0.000000 0.000000 0.000000 0.000000 0.000000 0.000000 0.000000 0.000000 0.000000 0.000000 0.000000 0.000000 0.000000 0.000000 0.000000 0.000000 0.000000 0.000000 0.000000 0.000000 0.000000 0.000000 0.000000 0.000000 0.000000 0.000000 0.000000 0.000000 0.000000 0.000000 0.000000 0.000000 0.000000 0.000000 0.000000 0.000000 0.000000 0.000000 0.000000 0.000000
-0.026787 -0.851368 1.036363 -2.355294 1.464087 -5.457444 -18.945081 1.130080 -4.592426 16.158689 4.953790 -6.195966 -1.675071 -2.625181 11.388881 -0.456863 -2.673141 -1.267927 1.752193 -2.147680 1.321941 29.173052 0.298839 12.612044 -14.325444 -0.319031 -1.782098 -0.853713 -0.872733 0.730824 10.512612 1.592987 4.530354 -1.769321 -1.079924 -3.272798 3.814338 0.418872 -0.289054 9.760577 -3.163144 -3.622874 5.595364 -5.391155 -5.561563 0.662563 22.907193 -3.000629 20.049463 43.690600 -21.330738 9.268730 -0.137025 -21.029243 -2.389940 1.375821 -4.414798 0.000000 0.000000 0.000000 0.000000 0.000000 0.000000 0.000000 0.000000 0.000000 0.000000 0.000000 0.000000 0.000000 0.000000 0.000000 0.000000 0.000000 0.000000 0.000000 0.000000 0.000000 0.000000 0.000000 0.000000 0.000000 0.000000 0.000000 0.000000 0.000000 0.000000 0.000000 0.000000 0.000000 0.000000 0.000000 0.000000 0.000000 0.000000 0.000000 0.000000 0.000000 0.000000 0.316765 -20.964413 8.774028 23.011979 -43.724061 27.011655 8.602798 2.720584 27.892121 -3.154556 -6.281829 2.260014 0.000000 0.000000 0.000000 0.000000 0.000000 0.000000 0.000000 0.000000 0.000000 0.000000 0.000000 0.000000 0.000000 0.000000 0.000000 0.000000 0.000000 0.000000 0.000000 0.000000 0.000000 0.000000 0.000000 0.000000 0.000000 0.000000 0.000000 0.000000 0.000000 0.000000 0.000000 0.000000 0.000000 0.000000 0.000000 0.000000 0.000000 0.000000 0.000000 0.000000 0.000000 0.000000
-0.027347 -0.894530 1.035645 -2.705874 1.646053 -5.738418 -20.337539 0.602206 -4.313385 14.413856 4.525502 -5.402477 1.840492 0.430557 10.578903 -0.444342 -2.694021 -1.287834 2.950358 -2.937307 1.363338 24.979546 0.772842 12.609673 -17.917319 1.421679 -1.820005 -0.956196 -0.912808 0.723968 11.495826 0.925237 4.815692 -1.991744 -0.741541 -3.168791 3.813226 0.496984 -0.098853 9.318734 -2.859737 -3.375405 4.986525 -5.090542 -5.592489 0.364433 23.219371 -2.925857 19.810956 43.714093 -20.761121 9.606075 -0.446734 -21.821722 -3.135368 1.344561 -4.544066 0.000000 0.000000 0.000000 0.000000 0.000000 0.000000 0.000000 0.000000 0.000000 0.000000 0.000000 0.000000 0.000000 0.000000 0.000000 0.000000 0.000000 0.000000 0.000000 0.000000 0.000000 0.000000 0.000000 0.000000 0.000000 0.000000 0.000000 0.000000 0.000000 0.000000 0.000000 0.000000 0.000000 0.000000 0.000000 0.000000 0.000000 0.000000 0.000000 0.000000 0.000000 0.000000 0.167613 -20.768897 9.102281 22.758201 -43.509883 27.350696 8.793381 2.972381 28.329508 -3.520780 -5.763977 2.462897 0.000000 0.000000 0.000000 0.000000 0.000000 0.000000 0.000000 0.000000 0.000000 0.000000 0.000000 0.000000 0.000000 0.000000 0.000000 0.000000 0.000000 0.000000 0.000000 0.000000 0.000000 0.000000 0.000000 0.000000 0.000000 0.000000 0.000000 0.000000 0.000000 0.000000 0.000000 0.000000 0.000000 0.000000 0.000000 0.000000 0.000000 0.000000 0.000000 0.000000 0.000000 0.000000
-0.022247 -0.923256 1.035477 -3.173337 1.706655 -5.780789 -21.274083 0.144136 -3.951056 13.186445 4.026494 -4.830811 3.379566 2.695055 9.056002 -0.427011 -2.675696 -1.264233 3.359492 -3.699516 1.325275 22.576673 0.985842 12.226926 -19.312271 2.534008 -1.893754 -1.035784 -0.973510 0.694146 12.696928 0.322847 4.988846 -2.168947 -0.528540 -3.087403 3.703258 0.492267 0.049201 8.845496 -2.532298 -3.043775 4.407873 -4.772391 -5.611106 0.107642 23.525727 -3.052000 19.737447 43.701238 -20.359751 10.029402 -0.777535 -22.641833 -3.703816 1.263274 -4.649606 0.000000 0.000000 0.000000 0.000000 0.000000 0.000000 0.000000 0.000000 0.000000 0.000000 0.000000 0.000000 0.000000 0.000000 0.000000 0.000000 0.000000 0.000000 0.000000 0.000000 0.000000 0.000000 0.000000 0.000000 0.000000 0.000000 0.000000 0.000000 0.000000 0.000000 0.000000 0.000000 0.000000 0.000000 0.000000 0.000000 0.000000 0.000000 0.000000 0.000000 0.000000 0.000000 -0.008962 -20.620082 9.558550 22.281193 -43.137156 27.324001 8.903774 3.184365 28.712912 -4.015471 -5.069204 2.859847 0.000000 0.000000 0.000000 0.000000 0.000000 0.000000 0.000000 0.000000 0.000000 0.000000 0.000000 0.000000 0.000000 0.000000 0.000000 0.000000 0.000000 0.000000 0.000000 0.000000 0.000000 0.000000 0.000000 0.000000 0.000000 0.000000 0.000000 0.000000 0.000000 0.000000 0.000000 0.000000 0.000000 0.000000 0.000000 0.000000 0.000000 0.000000 0.000000 0.000000 0.000000 0.000000
-0.017542 -0.953701 1.035803 -3.598106 1.703502 -5.541022 -22.361487 -0.328329 -3.609830 11.501027 3.578756 -4.302712 3.393624 4.181903 7.491318 -0.398232 -2.670069 -1.246585 2.622504 -4.376218 1.341936 21.740651 0.959386 11.315335 -20.084158 3.520221 -2.019019 -1.072255 -1.003884 0.693795 14.017838 -0.236784 4.956876 -2.475463 -0.368352 -2.993038 3.581333 0.419999 0.124669 8.327803 -2.181085 -2.791621 3.800005 -4.398963 -5.661456 -0.005506 23.794125 -3.233814 19.627613 43.878179 -20.026574 10.306595 -1.187494 -23.226444 -4.250228 1.619659 -4.567114 0.000000 0.000000 0.000000 0.000000 0.000000 0.000000 0.000000 0.000000 0.000000 0.000000 0.000000 0.000000 0.000000 0.000000 0.000000 0.000000 0.000000 0.000000 0.000000 0.000000 0.000000 0.000000 0.000000 0.000000 0.000000 0.000000 0.000000 0.000000 0.000000 0.000000 0.000000 0.000000 0.000000 0.000000 0.000000 0.000000 0.000000 0.000000 0.000000 0.000000 0.000000 0.000000 -0.073966 -20.307488 10.054402 21.889450 -42.917565 27.261644 8.937815 3.376668 29.055515 -4.482787 -4.495278 3.249538 0.000000 0.000000 0.000000 0.000000 0.000000 0.000000 0.000000 0.000000 0.000000 0.000000 0.000000 0.000000 0.000000 0.000000 0.000000 0.000000 0.000000 0.000000 0.000000 0.000000 0.000000 0.000000 0.000000 0.000000 0.000000 0.000000 0.000000 0.000000 0.000000 0.000000 0.000000 0.000000 0.000000 0.000000 0.000000 0.000000 0.000000 0.000000 0.000000 0.000000 0.000000 0.000000
-0.010276 -0.988718 1.036795 -4.255701 1.533216 -4.908744 -22.906761 -0.752945 -3.119090 10.340452 3.146032 -3.820117 3.161367 5.048906 6.986678 -0.373375 -2.588807 -1.222873 1.394810 -4.956979 1.305451 21.793109 0.734971 9.836859 -20.345427 4.289913 -2.103619 -1.148329 -1.106611 0.704244 15.609280 -0.691514 4.835249 -2.946472 -0.252677 -2.918191 3.519730 0.281738 0.187820 7.976838 -1.814256 -2.553494 3.359783 -4.050254 -5.517923 -0.120338 23.845468 -3.397228 19.625321 44.083725 -19.802221 10.792905 -1.717317 -24.154016 -4.451226 2.221418 -4.581330 0.000000 0.000000 0.000000 0.000000 0.000000 0.000000 0.000000 0.000000 0.000000 0.000000 0.000000 0.000000 0.000000 0.000000 0.000000 0.000000 0.000000 0.000000 0.000000 0.000000 0.000000 0.000000 0.000000 0.000000 0.000000 0.000000 0.000000 0.000000 0.000000 0.000000 0.000000 0.000000 0.000000 0.000000 0.000000 0.000000 0.000000 0.000000 0.000000 0.000000 0.000000 0.000000 -0.141276 -20.048822 10.419406 21.310956 -42.761544 26.853042 8.957879 3.544459 29.497653 -4.776653 -4.390472 3.631493 0.000000 0.000000 0.000000 0.000000 0.000000 0.000000 0.000000 0.000000 0.000000 0.000000 0.000000 0.000000 0.000000 0.000000 0.000000 0.000000 0.000000 0.000000 0.000000 0.000000 0.000000 0.000000 0.000000 0.000000 0.000000 0.000000 0.000000 0.000000 0.000000 0.000000 0.000000 0.000000 0.000000 0.000000 0.000000 0.000000 0.000000 0.000000 0.000000 0.000000 0.000000 0.000000
-0.003208 -1.030625 1.038275 -4.926218 1.252894 -4.218655 -23.260149 -1.169227 -2.773347 10.694422 2.974536 -3.289715 2.458517 5.199833 7.071252 -0.312257 -2.486020 -1.191046 -0.465706 -5.377231 1.400635 22.076040 0.520369 8.245928 -20.020552 4.741959 -2.245937 -1.215449 -1.112818 0.726771 16.926341 -0.973947 4.551446 -3.279713 -0.246294 -2.856084 3.413963 0.196322 0.159078 7.399019 -1.416237 -2.336153 2.720436 -3.572661 -5.235056 -0.146078 23.906678 -3.544154 19.669799 44.412315 -19.846629 11.106144 -2.284040 -24.495948 -4.771877 2.942962 -4.524460 0.000000 0.000000 0.000000 0.000000 0.000000 0.000000 0.000000 0.000000 0.000000 0.000000 0.000000 0.000000 0.000000 0.000000 0.000000 0.000000 0.000000 0.000000 0.000000 0.000000 0.000000 0.000000 0.000000 0.000000 0.000000 0.000000 0.000000 0.000000 0.000000 0.000000 0.000000 0.000000 0.000000 0.000000 0.000000 0.000000 0.000000 0.000000 0.000000 0.000000 0.000000 0.000000 -0.204897 -19.759015 10.572430 21.127621 -42.874298 26.697351 8.983588 3.864844 29.626694 -4.892977 -4.251083 3.834650 0.000000 0.000000 0.000000 0.000000 0.000000 0.000000 0.000000 0.000000 0.000000 0.000000 0.000000 0.000000 0.000000 0.000000 0.000000 0.000000 0.000000 0.000000 0.000000 0.000000 0.000000 0.000000 0.000000 0.000000 0.000000 0.000000 0.000000 0.000000 0.000000 0.000000 0.000000 0.000000 0.000000 0.000000 0.000000 0.000000 0.000000 0.000000 0.000000 0.000000 0.000000 0.000000
0.005420 -1.068263 1.040113 -5.455023 0.869276 -3.518769 -23.686593 -1.434945 -2.632815 13.364102 3.240720 -2.752993 1.160274 4.670605 7.490280 -0.234280 -2.317186 -1.223854 -2.129489 -5.525134 1.477018 21.991299 0.150177 6.768439 -19.065883 4.738110 -2.278926 -1.299410 -1.097179 0.783925 17.937614 -1.021112 4.362651 -3.631677 -0.331025 -2.860590 3.399194 0.167590 0.199192 7.014358 -1.092270 -2.344044 2.229188 -3.276134 -4.973569 -0.117386 23.863133 -3.649124 19.758586 44.713862 -20.070029 11.477672 -2.788152 -24.693181 -4.752039 3.264868 -4.572506 0.000000 0.000000 0.000000 0.000000 0.000000 0.000000 0.000000 0.000000 0.000000 0.000000 0.000000 0.000000 0.000000 0.000000 0.000000 0.000000 0.000000 0.000000 0.000000 0.000000 0.000000 0.000000 0.000000 0.000000 0.000000 0.000000 0.000000 0.000000 0.000000 0.000000 0.000000 0.000000 0.000000 0.000000 0.000000 0.000000 0.000000 0.000000 0.000000 0.000000 0.000000 0.000000 -0.255401 -19.617455 10.501480 21.040940 -43.176102 26.446006 9.005177 4.129801 29.709979 -4.843741 -4.330634 3.941060 0.000000 0.000000 0.000000 0.000000 0.000000 0.000000 0.000000 0.000000 0.000000 0.000000 0.000000 0.000000 0.000000 0.000000 0.000000 0.000000 0.000000 0.000000 0.000000 0.000000 0.000000 0.000000 0.000000 0.000000 0.000000 0.000000 0.000000 0.000000 0.000000 0.000000 0.000000 0.000000 0.000000 0.000000 0.000000 0.000000 0.000000 0.000000 0.000000 0.000000 0.000000 0.000000
0.010041 -1.100087 1.042136 -5.716446 0.490452 -2.877660 -24.080104 -1.665709 -2.696651 17.905195 3.983646 -2.278686 -0.201237 3.561415 8.143087 -0.189625 -2.150350 -1.267749 -3.784888 -5.360095 1.497634 21.756537 -0.145070 5.527122 -17.622290 4.498289 -2.418666 -1.407291 -1.043076 0.859008 18.235315 -0.925987 4.149622 -3.848354 -0.385763 -2.886536 3.423052 0.207117 0.191440 6.722643 -0.664057 -2.350366 1.690349 -3.060382 -4.334725 0.033522 23.792099 -3.675657 19.670985 45.010470 -20.341309 11.592629 -3.204210 -24.386183 -4.688190 3.689815 -4.647850 0.000000 0.000000 0.000000 0.000000 0.000000 0.000000 0.000000 0.000000 0.000000 0.000000 0.000000 0.000000 0.000000 0.000000 0.000000 0.000000 0.000000 0.000000 0.000000 0.000000 0.000000 0.000000 0.000000 0.000000 0.000000 0.000000 0.000000 0.000000 0.000000 0.000000 0.000000 0.000000 0.000000 0.000000 0.000000 0.000000 0.000000 0.000000 0.000000 0.000000 0.000000 0.000000 -0.108221 -19.604399 10.353323 21.092136 -43.395451 26.239728 9.229090 4.368548 29.639161 -4.484235 -4.468489 3.955915 0.000000 0.000000 0.000000 0.000000 0.000000 0.000000 0.000000 0.000000 0.000000 0.000000 0.000000 0.000000 0.000000 0.000000 0.000000 0.000000 0.000000 0.000000 0.000000 0.000000 0.000000 0.000000 0.000000 0.000000 0.000000 0.000000 0.000000 0.000000 0.000000 0.000000 0.000000 0.000000 0.000000 0.000000 0.000000 0.000000 0.000000 0.000000 0.000000 0.000000 0.000000 0.000000
0.012844 -1.127124 1.044246 -5.793695 0.188225 -2.346341 -24.350129 -1.969949 -2.924443 23.867095 4.958817 -2.328721 -1.326351 2.322089 8.741458 -0.108464 -1.916314 -1.293836 -5.294882 -5.132951 1.433929 21.278747 -0.344767 4.654155 -15.812744 4.086230 -2.633072 -1.497240 -0.899920 0.920453 18.149517 -0.756409 3.953936 -3.944722 -0.493246 -2.869243 3.364929 0.280036 0.119689 6.691582 -0.358393 -2.639097 1.292481 -2.916048 -3.919996 0.261931 23.823974 -3.662831 19.657394 45.084870 -20.633019 11.671673 -3.501110 -24.224223 -4.475301 3.950283 -4.686568 0.000000 0.000000 0.000000 0.000000 0.000000 0.000000 0.000000 0.000000 0.000000 0.000000 0.000000 0.000000 0.000000 0.000000 0.000000 0.000000 0.000000 0.000000 0.000000 0.000000 0.000000 0.000000 0.000000 0.000000 0.000000 0.000000 0.000000 0.000000 0.000000 0.000000 0.000000 0.000000 0.000000 0.000000 0.000000 0.000000 0.000000 0.000000 0.000000 0.000000 0.000000 0.000000 0.118851 -19.704975 10.210927 21.190115 -43.536864 25.872674 9.439592 4.330711 29.669584 -4.368976 -4.811516 4.125231 0.000000 0.000000 0.000000 0.000000 0.000000 0.000000 0.000000 0.000000 0.000000 0.000000 0.000000 0.000000 0.000000 0.000000 0.000000 0.000000 0.000000 0.000000 0.000000 0.000000 0.000000 0.000000 0.000000 0.000000 0.000000 0.000000 0.000000 0.000000 0.000000 0.000000 0.000000 0.000000 0.000000 0.000000 0.000000 0.000000 0.000000 0.000000 0.000000 0.000000 0.000000 0.000000
0.013097 -1.150880 1.046162 -5.799085 -0.009344 -1.634402 -23.972497 -2.274064 -3.048915 29.891005 5.983233 -2.744801 -2.616446 1.034050 9.076681 -0.060385 -1.630305 -1.315527 -6.609339 -4.865179 1.333248 20.661211 -0.521885 3.822059 -13.853688 3.683969 -2.878902 -1.597214 -0.795256 0.950468 17.765948 -0.601272 3.716402 -3.868171 -0.694592 -2.884125 3.225754 0.406716 0.042540 7.109429 -0.102201 -2.848348 1.001073 -2.875233 -3.328442 0.601310 23.801064 -3.738804 19.494512 45.161378 -20.777334 11.798151 -3.628117 -24.116322 -4.016558 3.938482 -4.742891 0.000000 0.000000 0.000000 0.000000 0.000000 0.000000 0.000000 0.000000 0.000000 0.000000 0.000000 0.000000 0.000000 0.000000 0.000000 0.000000 0.000000 0.000000 0.000000 0.000000 0.000000 0.000000 0.000000 0.000000 0.000000 0.000000 0.000000 0.000000 0.000000 0.000000 0.000000 0.000000 0.000000 0.000000 0.000000 0.000000 0.000000 0.000000 0.000000 0.000000 0.000000 0.000000 0.437270 -19.890275 10.037677 21.063837 -43.661634 25.479792 9.868724 4.215863 29.508025 -3.948197 -5.173087 4.294678 0.000000 0.000000 0.000000 0.000000 0.000000 0.000000 0.000000 0.000000 0.000000 0.000000 0.000000 0.000000 0.000000 0.000000 0.000000 0.000000 0.000000 0.000000 0.000000 0.000000 0.000000 0.000000 0.000000 0.000000 0.000000 0.000000 0.000000 0.000000 0.000000 0.000000 0.000000 0.000000 0.000000 0.000000 0.000000 0.000000 0.000000 0.000000 0.000000 0.000000 0.000000 0.000000
0.009975 -1.172375 1.047506 -5.656086 -0.063578 -0.906580 -22.700369 -2.429589 -3.092003 35.444556 6.667489 -3.649364 -4.293593 -0.416405 9.435130 -0.080316 -1.368406 -1.325659 -8.000798 -4.600026 1.277664 20.068591 -0.598585 3.290398 -11.866425 3.118103 -3.328635 -1.648063 -0.737382 0.941299 17.152646 -0.422378 3.346836 -3.756965 -0.889355 -2.828927 3.204171 0.482060 -0.074967 7.424797 0.179588 -2.871498 0.882050 -2.769345 -2.580662 0.902746 23.853157 -3.819462 19.332759 45.049623 -20.914339 12.050189 -3.733329 -23.964741 -3.552630 3.784456 -4.947153 0.000000 0.000000 0.000000 0.000000 0.000000 0.000000 0.000000 0.000000 0.000000 0.000000 0.000000 0.000000 0.000000 0.000000 0.000000 0.000000 0.000000 0.000000 0.000000 0.000000 0.000000 0.000000 0.000000 0.000000 0.000000 0.000000 0.000000 0.000000 0.000000 0.000000 0.000000 0.000000 0.000000 0.000000 0.000000 0.000000 0.000000 0.000000 0.000000 0.000000 0.000000 0.000000 0.674466 -20.192930 9.707385 21.002496 -43.746258 24.990283 10.125086 4.121988 29.423074 -3.582810 -5.687733 4.452566 0.000000 0.000000 0.000000 0.000000 0.000000 0.000000 0.000000 0.000000 0.000000 0.000000 0.000000 0.000000 0.000000 0.000000 0.000000 0.000000 0.000000 0.000000 0.000000 0.000000 0.000000 0.000000 0.000000 0.000000 0.000000 0.000000 0.000000 0.000000 0.000000 0.000000 0.000000 0.000000 0.000000 0.000000 0.000000 0.000000 0.000000 0.000000 0.000000 0.000000 0.000000 0.000000
0.007460 -1.193363 1.047916 -5.427055 -0.116988 -0.073644 -20.744377 -2.499582 -3.021115 40.548781 6.957023 -4.855910 -6.129224 -1.898770 9.751716 -0.131386 -1.165866 -1.369565 -9.547241 -4.410047 1.403233 19.634775 -0.580545 3.104653 -9.937654 2.629907 -4.091658 -1.696677 -0.661644 0.920693 16.156141 -0.220867 2.816258 -3.572438 -1.168301 -2.786656 3.195960 0.558663 -0.276525 7.855727 0.291341 -2.926529 1.052819 -2.572325 -1.941277 1.213045 23.916884 -3.912722 19.273656 44.837118 -21.156584 12.060602 -3.558697 -23.786745 -3.151223 3.429530 -5.221111 0.000000 0.000000 0.000000 0.000000 0.000000 0.000000 0.000000 0.000000 0.000000 0.000000 0.000000 0.000000 0.000000 0.000000 0.000000 0.000000 0.000000 0.000000 0.000000 0.000000 0.000000 0.000000 0.000000 0.000000 0.000000 0.000000 0.000000 0.000000 0.000000 0.000000 0.000000 0.000000 0.000000 0.000000 0.000000 0.000000 0.000000 0.000000 0.000000 0.000000 0.000000 0.000000 0.848698 -20.536634 9.274041 21.139463 -43.820810 24.500377 10.165081 3.879362 29.258749 -3.318044 -6.162308 4.590924 0.000000 0.000000 0.000000 0.000000 0.000000 0.000000 0.000000 0.000000 0.000000 0.000000 0.000000 0.000000 0.000000 0.000000 0.000000 0.000000 0.000000 0.000000 0.000000 0.000000 0.000000 0.000000 0.000000 0.000000 0.000000 0.000000 0.000000 0.000000 0.000000 0.000000 0.000000 0.000000 0.000000 0.000000 0.000000 0.000000 0.000000 0.000000 0.000000 0.000000 0.000000 0.000000
0.006567 -1.209131 1.046928 -4.921501 0.218480 1.101243 -17.413586 -2.892154 -2.418865 46.156847 6.449400 -6.564001 -7.399246 -2.777775 9.624663 -0.168210 -0.933933 -1.412180 -11.047355 -4.742940 1.532501 19.016759 -0.746103 3.427518 -8.241371 2.493572 -5.082369 -1.785824 -0.703811 0.880135 14.746177 -0.354454 2.075543 -3.155868 -1.686478 -2.855084 3.001042 0.583374 -0.533670 8.537131 0.278832 -3.014070 1.246480 -2.222295 -1.491927 1.537480 24.199936 -4.011099 19.446077 44.451701 -21.509001 12.474420 -3.184326 -23.662668 -2.315925 2.816137 -5.091218 0.000000 0.000000 0.000000 0.000000 0.000000 0.000000 0.000000 0.000000 0.000000 0.000000 0.000000 0.000000 0.000000 0.000000 0.000000 0.000000 0.000000 0.000000 0.000000 0.000000 0.000000 0.000000 0.000000 0.000000 0.000000 0.000000 0.000000 0.000000 0.000000 0.000000 0.000000 0.000000 0.000000 0.000000 0.000000 0.000000 0.000000 0.000000 0.000000 0.000000 0.000000 0.000000 1.107771 -21.134207 8.626352 21.095777 -43.587883 23.455713 10.189764 3.378618 29.181485 -3.092770 -6.594837 4.175382 0.000000 0.000000 0.000000 0.000000 0.000000 0.000000 0.000000 0.000000 0.000000 0.000000 0.000000 0.000000 0.000000 0.000000 0.000000 0.000000 0.000000 0.000000 0.000000 0.000000 0.000000 0.000000 0.000000 0.000000 0.000000 0.000000 0.000000 0.000000 0.000000 0.000000 0.000000 0.000000 0.000000 0.000000 0.000000 0.000000 0.000000 0.000000 0.000000 0.000000 0.000000 0.000000
0.008558 -1.219356 1.044275 -4.550194 0.308878 1.886648 -14.001825 -3.179262 -1.705960 47.339096 5.733583 -7.800917 -7.327013 -2.413381 9.478491 -0.162627 -0.926997 -1.414530 -12.480609 -4.918567 1.706952 19.360372 -0.930997 3.120007 -7.810792 2.571650 -5.560385 -1.715174 -0.783316 0.858777 13.965057 -0.577326 1.212444 -2.976004 -1.805979 -2.755457 2.952666 0.564103 -0.733377 8.524923 0.373212 -2.607205 1.223447 -1.823898 -0.956505 1.484256 24.143611 -4.019015 19.592587 44.341638 -21.840945 12.766871 -3.033563 -23.565327 -1.926490 2.678587 -5.287935 0.000000 0.000000 0.000000 0.000000 0.000000 0.000000 0.000000 0.000000 0.000000 0.000000 0.000000 0.000000 0.000000 0.000000 0.000000 0.000000 0.000000 0.000000 0.000000 0.000000 0.000000 0.000000 0.000000 0.000000 0.000000 0.000000 0.000000 0.000000 0.000000 0.000000 0.000000 0.000000 0.000000 0.000000 0.000000 0.000000 0.000000 0.000000 0.000000 0.000000 0.000000 0.000000 1.139225 -21.385307 8.380747 21.234692 -43.574797 22.996288 10.173321 3.067716 28.795071 -3.056047 -6.735240 4.129454 0.000000 0.000000 0.000000 0.000000 0.000000 0.000000 0.000000 0.000000 0.000000 0.000000 0.000000 0.000000 0.000000 0.000000 0.000000 0.000000 0.000000 0.000000 0.000000 0.000000 0.000000 0.000000 0.000000 0.000000 0.000000 0.000000 0.000000 0.000000 0.000000 0.000000 0.000000 0.000000 0.000000 0.000000 0.000000 0.000000 0.000000 0.000000 0.000000 0.000000 0.000000 0.000000
0.010005 -1.226523 1.040691 -3.987591 0.619861 2.643398 -9.926560 -3.581342 -0.804199 47.817334 4.646512 -9.337924 -6.099556 -1.330256 9.055353 -0.160831 -0.913880 -1.392076 -14.125848 -5.253382 1.901499 19.866869 -1.353983 2.704340 -7.550552 2.784203 -5.968447 -1.606633 -0.844091 0.848518 13.011726 -0.923452 0.217417 -2.608412 -1.985809 -2.687181 2.752232 0.498751 -0.952724 8.314441 0.462928 -2.345633 1.010568 -1.342017 -0.559973 1.488077 24.203526 -4.009311 19.852859 44.134396 -22.276400 12.836512 -2.903391 -23.414799 -1.694063 2.698772 -5.408159 0.000000 0.000000 0.000000 0.000000 0.000000 0.000000 0.000000 0.000000 0.000000 0.000000 0.000000 0.000000 0.000000 0.000000 0.000000 0.000000 0.000000 0.000000 0.000000 0.000000 0.000000 0.000000 0.000000 0.000000 0.000000 0.000000 0.000000 0.000000 0.000000 0.000000 0.000000 0.000000 0.000000 0.000000 0.000000 0.000000 0.000000 0.000000 0.000000 0.000000 0.000000 0.000000 1.204598 -21.688196 8.150374 21.427527 -43.437957 22.472141 9.971606 2.787054 28.459142 -3.198531 -6.733674 4.153407 0.000000 0.000000 0.000000 0.000000 0.000000 0.000000 0.000000 0.000000 0.000000 0.000000 0.000000 0.000000 0.000000 0.000000 0.000000 0.000000 0.000000 0.000000 0.000000 0.000000 0.000000 0.000000 0.000000 0.000000 0.000000 0.000000 0.000000 0.000000 0.000000 0.000000 0.000000 0.000000 0.000000 0.000000 0.000000 0.000000 0.000000 0.000000 0.000000 0.000000 0.000000 0.000000
0.010642 -1.235381 1.036504 -3.502705 0.875797 3.630176 -5.471946 -3.716294 0.024156 45.834555 3.359009 -11.070955 -5.196312 -0.299302 8.721980 -0.209093 -0.914940 -1.302674 -16.068749 -5.379577 2.058682 20.904827 -1.858996 1.955554 -7.429746 2.827588 -6.434715 -1.476245 -0.927397 0.817826 12.141158 -1.189018 -0.829248 -2.349674 -2.131884 -2.586278 2.603893 0.419755 -1.177416 7.823210 0.546459 -1.952178 0.779813 -0.969313 -0.028510 1.450688 24.208702 -3.988829 20.204593 43.875739 -22.850786 12.837649 -2.920357 -23.561059 -1.269715 2.617643 -5.619085 0.000000 0.000000 0.000000 0.000000 0.000000 0.000000 0.000000 0.000000 0.000000 0.000000 0.000000 0.000000 0.000000 0.000000 0.000000 0.000000 0.000000 0.000000 0.000000 0.000000 0.000000 0.000000 0.000000 0.000000 0.000000 0.000000 0.000000 0.000000 0.000000 0.000000 0.000000 0.000000 0.000000 0.000000 0.000000 0.000000 0.000000 0.000000 0.000000 0.000000 0.000000 0.000000 1.180947 -21.834647 7.825065 21.668873 -43.363225 22.081968 9.687092 2.669300 28.195330 -3.154025 -6.657080 4.185609 0.000000 0.000000 0.000000 0.000000 0.000000 0.000000 0.000000 0.000000 0.000000 0.000000 0.000000 0.000000 0.000000 0.000000 0.000000 0.000000 0.000000 0.000000 0.000000 0.000000 0.000000 0.000000 0.000000 0.000000 0.000000 0.000000 0.000000 0.000000 0.000000 0.000000 0.000000 0.000000 0.000000 0.000000 0.000000 0.000000 0.000000 0.000000 0.000000 0.000000 0.000000 0.000000
0.009749 -1.255708 1.032047 -3.333908 1.044119 4.678486 -0.664665 -3.499131 0.564031 41.722598 1.942805 -13.661041 -5.752227 0.197205 8.347809 -0.263770 -0.843088 -1.194355 -18.458741 -5.296339 2.518206 22.241060 -2.291827 1.168579 -6.530165 2.514509 -7.189906 -1.341623 -1.088725 0.775674 11.578849 -1.191741 -1.874667 -2.181936 -2.330495 -2.490029 2.456064 0.334379 -1.372151 7.443852 0.476864 -1.714181 0.837409 -0.741265 0.337016 1.400737 24.286807 -3.999054 20.508721 43.468984 -23.521781 12.339828 -3.215881 -24.216806 -1.036007 2.432808 -5.832648 0.000000 0.000000 0.000000 0.000000 0.000000 0.000000 0.000000 0.000000 0.000000 0.000000 0.000000 0.000000 0.000000 0.000000 0.000000 0.000000 0.000000 0.000000 0.000000 0.000000 0.000000 0.000000 0.000000 0.000000 0.000000 0.000000 0.000000 0.000000 0.000000 0.000000 0.000000 0.000000 0.000000 0.000000 0.000000 0.000000 0.000000 0.000000 0.000000 0.000000 0.000000 0.000000 1.105490 -22.103950 7.534125 22.009260 -43.297975 21.904130 8.932414 2.681202 27.943230 -3.169735 -6.628117 4.094808 0.000000 0.000000 0.000000 0.000000 0.000000 0.000000 0.000000 0.000000 0.000000 0.000000 0.000000 0.000000 0.000000 0.000000 0.000000 0.000000 0.000000 0.000000 0.000000 0.000000 0.000000 0.000000 0.000000 0.000000 0.000000 0.000000 0.000000 0.000000 0.000000 0.000000 0.000000 0.000000 0.000000 0.000000 0.000000 0.000000 0.000000 0.000000 0.000000 0.000000 0.000000 0.000000
0.006022 -1.275751 1.027354 -3.078547 1.354823 5.584404 3.248949 -3.436757 1.036559 37.085523 1.028267 -16.078496 -7.115492 0.238683 8.066593 -0.339526 -0.801308 -1.138937 -20.952476 -5.218291 2.953609 23.523623 -2.654462 0.482919 -5.460922 1.960711 -7.872549 -1.282486 -1.179749 0.744615 11.240346 -1.253068 -2.843436 -2.267778 -2.530295 -2.340820 2.409375 0.247014 -1.580194 6.907475 0.421377 -1.481394 0.837283 -0.585862 0.531992 1.289665 24.233277 -3.869835 20.839430 43.153925 -24.329964 11.782815 -3.325312 -25.053706 -1.046837 2.025456 -6.193380 0.000000 0.000000 0.000000 0.000000 0.000000 0.000000 0.000000 0.000000 0.000000 0.000000 0.000000 0.000000 0.000000 0.000000 0.000000 0.000000 0.000000 0.000000 0.000000 0.000000 0.000000 0.000000 0.000000 0.000000 0.000000 0.000000 0.000000 0.000000 0.000000 0.000000 0.000000 0.000000 0.000000 0.000000 0.000000 0.000000 0.000000 0.000000 0.000000 0.000000 0.000000 0.000000 0.908566 -22.237377 7.189937 22.332123 -43.174878 21.892929 8.225146 2.618652 27.931101 -3.275404 -6.361508 4.193512 0.000000 0.000000 0.000000 0.000000 0.000000 0.000000 0.000000 0.000000 0.000000 0.000000 0.000000 0.000000 0.000000 0.000000 0.000000 0.000000 0.000000 0.000000 0.000000 0.000000 0.000000 0.000000 0.000000 0.000000 0.000000 0.000000 0.000000 0.000000 0.000000 0.000000 0.000000 0.000000 0.000000 0.000000 0.000000 0.000000 0.000000 0.000000 0.000000 0.000000 0.000000 0.000000
-0.001386 -1.297149 1.023046 -2.942889 1.729310 6.298186 5.952263 -3.199311 1.495789 33.040017 0.478686 -17.742568 -9.045374 -0.282515 7.986750 -0.373705 -0.802750 -1.114809 -22.876708 -5.099498 3.134907 23.959580 -2.603178 -0.072816 -4.224073 1.142424 -8.274857 -1.293596 -1.212075 0.721353 11.291355 -1.335972 -3.467463 -2.446822 -2.570149 -2.174381 2.461802 0.156928 -1.751923 6.343258 0.410367 -1.204962 0.551007 -0.499152 0.746616 1.175002 23.988828 -3.979379 21.052641 43.073591 -25.238431 11.518380 -3.380053 -25.485621 -1.183260 1.687084 -6.592866 0.000000 0.000000 0.000000 0.000000 0.000000 0.000000 0.000000 0.000000 0.000000 0.000000 0.000000 0.000000 0.000000 0.000000 0.000000 0.000000 0.000000 0.000000 0.000000 0.000000 0.000000 0.000000 0.000000 0.000000 0.000000 0.000000 0.000000 0.000000 0.000000 0.000000 0.000000 0.000000 0.000000 0.000000 0.000000 0.000000 0.000000 0.000000 0.000000 0.000000 0.000000 0.000000 0.759578 -22.046036 7.037173 22.525995 -43.220514 22.042576 7.762174 2.501005 27.920737 -3.507974 -6.137543 4.357500 0.000000 0.000000 0.000000 0.000000 0.000000 0.000000 0.000000 0.000000 0.000000 0.000000 0.000000 0.000000 0.000000 0.000000 0.000000 0.000000 0.000000 0.000000 0.000000 0.000000 0.000000 0.000000 0.000000 0.000000 0.000000 0.000000 0.000000 0.000000 0.000000 0.000000 0.000000 0.000000 0.000000 0.000000 0.000000 0.000000 0.000000 0.000000 0.000000 0.000000 0.000000 0.000000
-0.008069 -1.331775 1.019741 -3.169545 1.890662 6.897506 9.037879 -2.615113 1.809837 26.574338 0.050214 -19.401649 -12.965645 -1.740983 8.103060 -0.460898 -0.808502 -1.097147 -24.826110 -4.705146 3.495640 23.910469 -2.428810 -0.669651 -1.865074 -0.692565 -8.863216 -1.242522 -1.295212 0.726496 11.807119 -1.124708 -4.084751 -2.783819 -2.645042 -2.103255 2.582694 -0.070782 -1.893781 5.765796 0.452649 -1.127013 0.257404 -0.518678 0.803712 0.998239 23.803348 -4.151929 20.924150 42.841868 -25.946910 10.852125 -3.453797 -26.495322 -1.339620 1.435463 -6.859547 0.000000 0.000000 0.000000 0.000000 0.000000 0.000000 0.000000 0.000000 0.000000 0.000000 0.000000 0.000000 0.000000 0.000000 0.000000 0.000000 0.000000 0.000000 0.000000 0.000000 0.000000 0.000000 0.000000 0.000000 0.000000 0.000000 0.000000 0.000000 0.000000 0.000000 0.000000 0.000000 0.000000 0.000000 0.000000 0.000000 0.000000 0.000000 0.000000 0.000000 0.000000 0.000000 0.446929 -21.983886 6.915800 22.770043 -43.180745 22.378183 6.834129 2.618416 28.152606 -3.129192 -6.101169 4.239789 0.000000 0.000000 0.000000 0.000000 0.000000 0.000000 0.000000 0.000000 0.000000 0.000000 0.000000 0.000000 0.000000 0.000000 0.000000 0.000000 0.000000 0.000000 0.000000 0.000000 0.000000 0.000000 0.000000 0.000000 0.000000 0.000000 0.000000 0.000000 0.000000 0.000000 0.000000 0.000000 0.000000 0.000000 0.000000 0.000000 0.000000 0.000000 0.000000 0.000000 0.000000 0.000000
-0.017410 -1.379109 1.017674 -3.932557 1.951677 7.368552 11.292792 -1.805436 1.964783 20.320199 -0.068966 -20.139886 -17.765547 -4.265026 8.525186 -0.570422 -0.859707 -1.098595 -26.368467 -3.997442 3.958174 23.200386 -2.121798 -0.833569 1.353083 -3.175303 -9.504747 -1.134463 -1.406641 0.752251 12.743342 -0.836391 -4.595284 -3.236650 -2.539681 -2.033344 2.814657 -0.335218 -2.006801 5.280405 0.497170 -0.937903 -0.073417 -0.681688 1.370892 0.679617 23.425037 -4.247390 20.576978 42.716768 -26.720633 10.680546 -3.439405 -26.943456 -1.439744 1.613658 -6.996188 0.000000 0.000000 0.000000 0.000000 0.000000 0.000000 0.000000 0.000000 0.000000 0.000000 0.000000 0.000000 0.000000 0.000000 0.000000 0.000000 0.000000 0.000000 0.000000 0.000000 0.000000 0.000000 0.000000 0.000000 0.000000 0.000000 0.000000 0.000000 0.000000 0.000000 0.000000 0.000000 0.000000 0.000000 0.000000 0.000000 0.000000 0.000000 0.000000 0.000000 0.000000 0.000000 0.011243 -21.769700 6.725869 23.157062 -43.303170 23.399949 6.104315 2.751250 28.091323 -2.620583 -6.150840 4.026158 0.000000 0.000000 0.000000 0.000000 0.000000 0.000000 0.000000 0.000000 0.000000 0.000000 0.000000 0.000000 0.000000 0.000000 0.000000 0.000000 0.000000 0.000000 0.000000 0.000000 0.000000 0.000000 0.000000 0.000000 0.000000 0.000000 0.000000 0.000000 0.000000 0.000000 0.000000 0.000000 0.000000 0.000000 0.000000 0.000000 0.000000 0.000000 0.000000 0.000000 0.000000 0.000000
-0.026159 -1.425229 1.016942 -4.763869 2.005130 7.521517 11.832532 -1.203139 2.035102 17.080474 0.103242 -20.313810 -21.142758 -6.173180 7.917946 -0.576569 -0.858638 -1.097546 -27.226789 -3.276006 3.904833 21.546388 -1.749864 -1.064319 3.729144 -5.271630 -9.380557 -1.151145 -1.437312 0.731692 13.681531 -0.409518 -4.649929 -3.600964 -2.490816 -1.957313 3.040410 -0.588398 -2.067574 4.761762 0.473124 -0.949597 -0.561560 -0.985091 1.538317 0.424803 23.032385 -4.516586 20.562238 42.691486 -27.464457 10.424331 -3.361336 -27.280928 -1.477692 1.440741 -6.975580 0.000000 0.000000 0.000000 0.000000 0.000000 0.000000 0.000000 0.000000 0.000000 0.000000 0.000000 0.000000 0.000000 0.000000 0.000000 0.000000 0.000000 0.000000 0.000000 0.000000 0.000000 0.000000 0.000000 0.000000 0.000000 0.000000 0.000000 0.000000 0.000000 0.000000 0.000000 0.000000 0.000000 0.000000 0.000000 0.000000 0.000000 0.000000 0.000000 0.000000 0.000000 0.000000 -0.278557 -21.442773 6.723544 23.279280 -43.419686 23.782661 5.729199 2.792738 28.612345 -2.288685 -6.196775 3.852246 0.000000 0.000000 0.000000 0.000000 0.000000 0.000000 0.000000 0.000000 0.000000 0.000000 0.000000 0.000000 0.000000 0.000000 0.000000 0.000000 0.000000 0.000000 0.000000 0.000000 0.000000 0.000000 0.000000 0.000000 0.000000 0.000000 0.000000 0.000000 0.000000 0.000000 0.000000 0.000000 0.000000 0.000000 0.000000 0.000000 0.000000 0.000000 0.000000 0.000000 0.000000 0.000000
-0.031746 -1.465179 1.017180 -5.679336 1.995177 7.461826 11.966792 -0.711927 2.078938 14.833630 0.452678 -20.177611 -22.870908 -7.542403 7.755302 -0.577623 -0.885234 -1.108393 -27.546130 -2.601279 3.718129 19.676759 -1.586487 -1.305351 3.186953 -6.012637 -9.034450 -1.103682 -1.474272 0.746341 14.464772 -0.000790 -4.541296 -3.831806 -2.372155 -1.903017 3.255658 -0.825635 -2.048392 4.495054 0.547238 -0.943874 -0.929141 -1.240889 1.613000 0.148840 22.676967 -4.737363 20.585901 42.742118 -27.978544 10.522367 -3.282113 -27.216448 -1.378629 1.222729 -6.937005 0.000000 0.000000 0.000000 0.000000 0.000000 0.000000 0.000000 0.000000 0.000000 0.000000 0.000000 0.000000 0.000000 0.000000 0.000000 0.000000 0.000000 0.000000 0.000000 0.000000 0.000000 0.000000 0.000000 0.000000 0.000000 0.000000 0.000000 0.000000 0.000000 0.000000 0.000000 0.000000 0.000000 0.000000 0.000000 0.000000 0.000000 0.000000 0.000000 0.000000 0.000000 0.000000 -0.523507 -21.120773 6.762102 23.285425 -43.703918 24.025307 5.204329 2.856171 28.967494 -2.050001 -6.123202 3.632471 0.000000 0.000000 0.000000 0.000000 0.000000 0.000000 0.000000 0.000000 0.000000 0.000000 0.000000 0.000000 0.000000 0.000000 0.000000 0.000000 0.000000 0.000000 0.000000 0.000000 0.000000 0.000000 0.000000 0.000000 0.000000 0.000000 0.000000 0.000000 0.000000 0.000000 0.000000 0.000000 0.000000 0.000000 0.000000 0.000000 0.000000 0.000000 0.000000 0.000000 0.000000 0.000000
-0.035369 -1.505539 1.018213 -6.573097 1.976045 7.228818 11.569977 -0.244546 2.006542 13.349948 0.700699 -19.701935 -23.897897 -8.586333 7.447445 -0.561501 -0.949770 -1.122958 -27.593165 -2.027294 3.554023 17.727680 -1.187313 -1.318532 1.224898 -5.894145 -8.801651 -1.067891 -1.504487 0.752714 14.973701 0.386062 -4.294615 -3.783878 -2.272610 -1.809450 3.328276 -0.948840 -1.968167 4.353323 0.625153 -0.824228 -1.194447 -1.434610 1.628709 -0.060789 22.477255 -4.898465 20.545965 42.804067 -28.079857 10.613231 -3.194570 -26.898745 -0.966378 1.089409 -6.827233 0.000000 0.000000 0.000000 0.000000 0.000000 0.000000 0.000000 0.000000 0.000000 0.000000 0.000000 0.000000 0.000000 0.000000 0.000000 0.000000 0.000000 0.000000 0.000000 0.000000 0.000000 0.000000 0.000000 0.000000 0.000000 0.000000 0.000000 0.000000 0.000000 0.000000 0.000000 0.000000 0.000000 0.000000 0.000000 0.000000 0.000000 0.000000 0.000000 0.000000 0.000000 0.000000 -0.700882 -20.905995 6.771036 23.393931 -43.931484 24.237601 5.105159 2.864242 29.252599 -1.765711 -6.111180 3.400476 0.000000 0.000000 0.000000 0.000000 0.000000 0.000000 0.000000 0.000000 0.000000 0.000000 0.000000 0.000000 0.000000 0.000000 0.000000 0.000000 0.000000 0.000000 0.000000 0.000000 0.000000 0.000000 0.000000 0.000000 0.000000 0.000000 0.000000 0.000000 0.000000 0.000000 0.000000 0.000000 0.000000 0.000000 0.000000 0.000000 0.000000 0.000000 0.000000 0.000000 0.000000 0.000000
-0.040433 -1.536432 1.019605 -7.166535 2.140451 6.981971 11.065845 0.044832 1.855775 12.254513 0.873437 -19.186263 -24.192478 -9.157135 7.336274 -0.543513 -1.045056 -1.143128 -27.587003 -1.860208 3.550182 17.200431 -1.040229 -1.263526 0.181426 -5.889743 -8.631207 -0.989196 -1.572607 0.745874 15.247368 0.536192 -4.143011 -3.643500 -2.255133 -1.678522 3.283826 -0.983311 -1.895036 4.373065 0.574448 -0.627578 -1.205295 -1.537773 1.683171 -0.064968 22.358607 -4.917037 20.670580 42.926069 -27.994999 10.845314 -3.015878 -26.374056 -0.680839 1.160147 -6.643128 0.000000 0.000000 0.000000 0.000000 0.000000 0.000000 0.000000 0.000000 0.000000 0.000000 0.000000 0.000000 0.000000 0.000000 0.000000 0.000000 0.000000 0.000000 0.000000 0.000000 0.000000 0.000000 0.000000 0.000000 0.000000 0.000000 0.000000 0.000000 0.000000 0.000000 0.000000 0.000000 0.000000 0.000000 0.000000 0.000000 0.000000 0.000000 0.000000 0.000000 0.000000 0.000000 -0.729813 -20.710620 6.810115 23.648450 -44.198964 24.643077 5.119564 2.955246 29.280312 -1.565916 -6.057643 3.217224 0.000000 0.000000 0.000000 0.000000 0.000000 0.000000 0.000000 0.000000 0.000000 0.000000 0.000000 0.000000 0.000000 0.000000 0.000000 0.000000 0.000000 0.000000 0.000000 0.000000 0.000000 0.000000 0.000000 0.000000 0.000000 0.000000 0.000000 0.000000 0.000000 0.000000 0.000000 0.000000 0.000000 0.000000 0.000000 0.000000 0.000000 0.000000 0.000000 0.000000 0.000000 0.000000
-0.045793 -1.560670 1.021138 -7.550238 2.384304 6.881310 10.418736 0.124337 1.672486 11.576622 1.070389 -18.975785 -24.024413 -9.505108 7.337103 -0.552377 -1.163922 -1.173653 -27.824671 -1.771886 3.575894 18.319125 -1.335541 -1.280299 -0.703503 -5.621473 -8.628436 -0.910819 -1.568067 0.758380 15.337248 0.550281 -4.017402 -3.592556 -2.233680 -1.512627 3.261704 -0.953051 -1.848737 4.326608 0.513294 -0.316376 -1.258446 -1.460509 1.643937 0.055716 22.377134 -4.806232 20.705343 43.020358 -27.661146 11.237051 -2.854795 -25.510238 -0.375127 1.241122 -6.201516 0.000000 0.000000 0.000000 0.000000 0.000000 0.000000 0.000000 0.000000 0.000000 0.000000 0.000000 0.000000 0.000000 0.000000 0.000000 0.000000 0.000000 0.000000 0.000000 0.000000 0.000000 0.000000 0.000000 0.000000 0.000000 0.000000 0.000000 0.000000 0.000000 0.000000 0.000000 0.000000 0.000000 0.000000 0.000000 0.000000 0.000000 0.000000 0.000000 0.000000 0.000000 0.000000 -0.672089 -20.650289 6.740876 23.740779 -44.385285 24.723806 5.350686 2.971757 29.420619 -1.800154 -5.909868 2.995215 0.000000 0.000000 0.000000 0.000000 0.000000 0.000000 0.000000 0.000000 0.000000 0.000000 0.000000 0.000000 0.000000 0.000000 0.000000 0.000000 0.000000 0.000000 0.000000 0.000000 0.000000 0.000000 0.000000 0.000000 0.000000 0.000000 0.000000 0.000000 0.000000 0.000000 0.000000 0.000000 0.000000 0.000000 0.000000 0.000000 0.000000 0.000000 0.000000 0.000000 0.000000 0.000000
-0.050148 -1.574510 1.022426 -7.519305 2.649375 6.639067 9.874340 0.152912 1.524349 10.777277 1.234256 -18.578631 -23.533691 -9.603171 7.462604 -0.554907 -1.281230 -1.216009 -28.085286 -1.894887 3.718374 20.797882 -1.882997 -1.332411 -2.135751 -4.766040 -8.745665 -0.870045 -1.600623 0.797483 15.142138 0.555083 -3.891923 -3.370156 -2.299997 -1.320261 3.204032 -0.842586 -1.759661 4.455731 0.431659 0.108389 -1.369678 -1.374769 1.529477 0.299558 22.517825 -4.761521 20.905097 43.093286 -27.146365 11.682595 -2.770913 -24.763223 0.172018 1.493146 -5.871345 0.000000 0.000000 0.000000 0.000000 0.000000 0.000000 0.000000 0.000000 0.000000 0.000000 0.000000 0.000000 0.000000 0.000000 0.000000 0.000000 0.000000 0.000000 0.000000 0.000000 0.000000 0.000000 0.000000 0.000000 0.000000 0.000000 0.000000 0.000000 0.000000 0.000000 0.000000 0.000000 0.000000 0.000000 0.000000 0.000000 0.000000 0.000000 0.000000 0.000000 0.000000 0.000000 -0.458761 -20.707310 6.821619 23.830291 -44.382301 24.750053 5.752829 3.056322 29.523388 -1.855957 -5.888634 2.995849 0.000000 0.000000 0.000000 0.000000 0.000000 0.000000 0.000000 0.000000 0.000000 0.000000 0.000000 0.000000 0.000000 0.000000 0.000000 0.000000 0.000000 0.000000 0.000000 0.000000 0.000000 0.000000 0.000000 0.000000 0.000000 0.000000 0.000000 0.000000 0.000000 0.000000 0.000000 0.000000 0.000000 0.000000 0.000000 0.000000 0.000000 0.000000 0.000000 0.000000 0.000000 0.000000
-0.054544 -1.581762 1.023663 -7.332982 2.973258 6.383481 9.537939 0.074329 1.425600 9.918901 1.368283 -18.529695 -22.863312 -9.676740 7.823096 -0.549996 -1.412640 -1.252997 -28.366106 -2.035154 3.852504 24.220218 -2.606988 -1.163592 -3.781411 -3.718461 -8.873566 -0.809156 -1.589402 0.851294 14.793069 0.481015 -3.827084 -3.208121 -2.321399 -1.130366 3.189873 -0.724188 -1.752515 4.577449 0.275859 0.686303 -1.446412 -1.094619 1.489007 0.631262 22.762433 -4.558752 20.936232 43.059244 -26.476234 12.433457 -2.574163 -23.600561 0.699235 1.731667 -5.451481 0.000000 0.000000 0.000000 0.000000 0.000000 0.000000 0.000000 0.000000 0.000000 0.000000 0.000000 0.000000 0.000000 0.000000 0.000000 0.000000 0.000000 0.000000 0.000000 0.000000 0.000000 0.000000 0.000000 0.000000 0.000000 0.000000 0.000000 0.000000 0.000000 0.000000 0.000000 0.000000 0.000000 0.000000 0.000000 0.000000 0.000000 0.000000 0.000000 0.000000 0.000000 0.000000 -0.237669 -20.876665 6.782374 23.810454 -44.466482 24.720938 5.887133 3.089343 29.320496 -2.362115 -5.668620 2.953213 0.000000 0.000000 0.000000 0.000000 0.000000 0.000000 0.000000 0.000000 0.000000 0.000000 0.000000 0.000000 0.000000 0.000000 0.000000 0.000000 0.000000 0.000000 0.000000 0.000000 0.000000 0.000000 0.000000 0.000000 0.000000 0.000000 0.000000 0.000000 0.000000 0.000000 0.000000 0.000000 0.000000 0.000000 0.000000 0.000000 0.000000 0.000000 0.000000 0.000000 0.000000 0.000000
-0.057028 -1.585526 1.024878 -7.056390 3.187462 6.034376 9.333368 0.037058 1.415722 9.002528 1.486824 -18.362265 -22.108822 -9.574282 8.152983 -0.550141 -1.511208 -1.280203 -28.641090 -2.138939 3.932927 28.031202 -3.383559 -1.157205 -5.432372 -2.604141 -9.091637 -0.771651 -1.578493 0.919761 14.419839 0.472726 -3.776101 -3.110975 -2.357688 -0.936639 3.225598 -0.600007 -1.679835 4.604422 0.142807 1.137929 -1.492213 -0.895726 1.380337 0.844770 22.993053 -4.376002 20.995222 43.123533 -25.700765 13.060292 -2.472491 -22.873234 1.237990 2.019587 -5.125822 0.000000 0.000000 0.000000 0.000000 0.000000 0.000000 0.000000 0.000000 0.000000 0.000000 0.000000 0.000000 0.000000 0.000000 0.000000 0.000000 0.000000 0.000000 0.000000 0.000000 0.000000 0.000000 0.000000 0.000000 0.000000 0.000000 0.000000 0.000000 0.000000 0.000000 0.000000 0.000000 0.000000 0.000000 0.000000 0.000000 0.000000 0.000000 0.000000 0.000000 0.000000 0.000000 -0.032239 -21.135274 6.799013 23.773159 -44.392249 24.547710 6.172173 3.124013 29.330292 -2.448975 -5.559098 3.015980 0.000000 0.000000 0.000000 0.000000 0.000000 0.000000 0.000000 0.000000 0.000000 0.000000 0.000000 0.000000 0.000000 0.000000 0.000000 0.000000 0.000000 0.000000 0.000000 0.000000 0.000000 0.000000 0.000000 0.000000 0.000000 0.000000 0.000000 0.000000 0.000000 0.000000 0.000000 0.000000 0.000000 0.000000 0.000000 0.000000 0.000000 0.000000 0.000000 0.000000 0.000000 0.000000
-0.057940 -1.584958 1.025927 -6.681605 3.373443 5.684935 9.238591 -0.055287 1.428635 8.126674 1.530278 -18.281199 -21.377824 -9.397922 8.500512 -0.532689 -1.668082 -1.294192 -28.793396 -2.290546 3.988121 32.432267 -4.273117 -0.950177 -7.077841 -1.355063 -9.060832 -0.715394 -1.606186 0.971118 14.023612 0.449713 -3.703448 -3.058990 -2.384617 -0.770896 3.280427 -0.504134 -1.614211 4.793397 0.025434 1.801456 -1.435688 -0.621632 1.357473 1.122846 23.228579 -4.140747 20.955041 43.272041 -24.740490 13.806668 -2.399883 -22.229639 1.912260 2.267021 -4.832167 0.000000 0.000000 0.000000 0.000000 0.000000 0.000000 0.000000 0.000000 0.000000 0.000000 0.000000 0.000000 0.000000 0.000000 0.000000 0.000000 0.000000 0.000000 0.000000 0.000000 0.000000 0.000000 0.000000 0.000000 0.000000 0.000000 0.000000 0.000000 0.000000 0.000000 0.000000 0.000000 0.000000 0.000000 0.000000 0.000000 0.000000 0.000000 0.000000 0.000000 0.000000 0.000000 0.224814 -21.408527 6.852735 23.550160 -44.339879 24.341999 6.497821 3.154439 29.028617 -2.516911 -5.471900 3.049983 0.000000 0.000000 0.000000 0.000000 0.000000 0.000000 0.000000 0.000000 0.000000 0.000000 0.000000 0.000000 0.000000 0.000000 0.000000 0.000000 0.000000 0.000000 0.000000 0.000000 0.000000 0.000000 0.000000 0.000000 0.000000 0.000000 0.000000 0.000000 0.000000 0.000000 0.000000 0.000000 0.000000 0.000000 0.000000 0.000000 0.000000 0.000000 0.000000 0.000000 0.000000 0.000000
-0.057798 -1.584022 1.026596 -6.390597 3.455743 5.452231 9.154263 -0.095288 1.407397 7.531410 1.549199 -18.375486 -20.837140 -9.282892 8.874490 -0.559488 -1.789007 -1.293828 -28.620392 -2.312040 3.948387 35.719216 -4.832625 -0.484657 -8.199611 -0.518337 -9.011422 -0.685628 -1.588559 0.995697 13.577033 0.473411 -3.568851 -2.952543 -2.415855 -0.685047 3.291504 -0.437597 -1.592848 4.897743 -0.009095 2.296431 -1.375054 -0.400056 1.297749 1.389652 23.379507 -3.913600 21.039222 43.426639 -24.025881 14.300953 -2.264995 -21.649483 2.359298 2.511177 -4.654244 0.000000 0.000000 0.000000 0.000000 0.000000 0.000000 0.000000 0.000000 0.000000 0.000000 0.000000 0.000000 0.000000 0.000000 0.000000 0.000000 0.000000 0.000000 0.000000 0.000000 0.000000 0.000000 0.000000 0.000000 0.000000 0.000000 0.000000 0.000000 0.000000 0.000000 0.000000 0.000000 0.000000 0.000000 0.000000 0.000000 0.000000 0.000000 0.000000 0.000000 0.000000 0.000000 0.440749 -21.573610 6.892947 23.438411 -44.283537 24.194812 6.908368 3.072341 28.718967 -2.610732 -5.366263 3.039550 0.000000 0.000000 0.000000 0.000000 0.000000 0.000000 0.000000 0.000000 0.000000 0.000000 0.000000 0.000000 0.000000 0.000000 0.000000 0.000000 0.000000 0.000000 0.000000 0.000000 0.000000 0.000000 0.000000 0.000000 0.000000 0.000000 0.000000 0.000000 0.000000 0.000000 0.000000 0.000000 0.000000 0.000000 0.000000 0.000000 0.000000 0.000000 0.000000 0.000000 0.000000 0.000000
-0.056772 -1.579307 1.026468 -6.002817 3.468834 5.408763 9.206968 -0.155932 1.427312 6.852251 1.565514 -18.603282 -20.506785 -9.178464 9.084747 -0.578100 -1.893222 -1.285227 -28.238161 -2.349227 3.888531 37.847000 -5.156499 0.062697 -9.045380 -0.018035 -8.905752 -0.621116 -1.571280 1.003997 13.116347 0.496163 -3.473169 -2.821198 -2.401436 -0.625283 3.314408 -0.409449 -1.579786 4.918004 -0.103835 2.804028 -1.187404 -0.200475 1.508169 1.554708 23.528255 -3.669340 20.992580 43.622317 -23.372471 14.758017 -2.134595 -21.150503 2.730773 2.759173 -4.510478 0.000000 0.000000 0.000000 0.000000 0.000000 0.000000 0.000000 0.000000 0.000000 0.000000 0.000000 0.000000 0.000000 0.000000 0.000000 0.000000 0.000000 0.000000 0.000000 0.000000 0.000000 0.000000 0.000000 0.000000 0.000000 0.000000 0.000000 0.000000 0.000000 0.000000 0.000000 0.000000 0.000000 0.000000 0.000000 0.000000 0.000000 0.000000 0.000000 0.000000 0.000000 0.000000 0.608887 -21.765032 6.833315 23.327756 -44.302657 24.000573 6.972632 3.020621 28.374867 -2.787579 -5.376715 3.038926 0.000000 0.000000 0.000000 0.000000 0.000000 0.000000 0.000000 0.000000 0.000000 0.000000 0.000000 0.000000 0.000000 0.000000 0.000000 0.000000 0.000000 0.000000 0.000000 0.000000 0.000000 0.000000 0.000000 0.000000 0.000000 0.000000 0.000000 0.000000 0.000000 0.000000 0.000000 0.000000 0.000000 0.000000 0.000000 0.000000 0.000000 0.000000 0.000000 0.000000 0.000000 0.000000
-0.055123 -1.572441 1.025539 -5.703246 3.409958 5.536547 9.436039 -0.165847 1.448464 6.369415 1.497237 -18.852406 -20.551337 -9.163484 9.166928 -0.620379 -1.941634 -1.271462 -27.944165 -2.413822 3.844580 38.850065 -5.296325 0.411411 -9.646549 0.282591 -8.926090 -0.593861 -1.547927 1.018910 12.750555 0.499276 -3.424940 -2.730273 -2.416068 -0.616620 3.311529 -0.409072 -1.584610 4.838370 -0.152980 3.163872 -0.997822 -0.029808 1.746753 1.625590 23.638389 -3.430242 21.077682 43.743722 -23.018061 15.086244 -2.119141 -20.943776 2.983133 2.967067 -4.519018 0.000000 0.000000 0.000000 0.000000 0.000000 0.000000 0.000000 0.000000 0.000000 0.000000 0.000000 0.000000 0.000000 0.000000 0.000000 0.000000 0.000000 0.000000 0.000000 0.000000 0.000000 0.000000 0.000000 0.000000 0.000000 0.000000 0.000000 0.000000 0.000000 0.000000 0.000000 0.000000 0.000000 0.000000 0.000000 0.000000 0.000000 0.000000 0.000000 0.000000 0.000000 0.000000 0.727267 -21.962369 6.711868 23.275205 -44.223793 23.810072 7.043985 2.981960 28.089878 -2.860785 -5.461763 3.118466 0.000000 0.000000 0.000000 0.000000 0.000000 0.000000 0.000000 0.000000 0.000000 0.000000 0.000000 0.000000 0.000000 0.000000 0.000000 0.000000 0.000000 0.000000 0.000000 0.000000 0.000000 0.000000 0.000000 0.000000 0.000000 0.000000 0.000000 0.000000 0.000000 0.000000 0.000000 0.000000 0.000000 0.000000 0.000000 0.000000 0.000000 0.000000 0.000000 0.000000 0.000000 0.000000
-0.052274 -1.562204 1.023791 -5.397571 3.287759 5.750692 9.765300 -0.189209 1.505049 6.113407 1.404124 -19.076248 -20.906367 -9.226275 9.103809 -0.644768 -1.946149 -1.244378 -27.561783 -2.514466 3.790891 38.912016 -5.306426 0.622327 -10.210738 0.553925 -8.968318 -0.596642 -1.538982 1.020679 12.444148 0.459302 -3.415292 -2.608058 -2.428074 -0.654401 3.291994 -0.398374 -1.590671 4.699525 -0.196631 3.497061 -0.970764 0.084893 2.087147 1.644810 23.704860 -3.202739 21.307224 43.786387 -22.861713 15.404152 -2.123684 -20.803788 3.059263 3.075401 -4.648013 0.000000 0.000000 0.000000 0.000000 0.000000 0.000000 0.000000 0.000000 0.000000 0.000000 0.000000 0.000000 0.000000 0.000000 0.000000 0.000000 0.000000 0.000000 0.000000 0.000000 0.000000 0.000000 0.000000 0.000000 0.000000 0.000000 0.000000 0.000000 0.000000 0.000000 0.000000 0.000000 0.000000 0.000000 0.000000 0.000000 0.000000 0.000000 0.000000 0.000000 0.000000 0.000000 0.762240 -22.125359 6.534626 23.281460 -44.183646 23.648562 7.065636 2.963032 27.767674 -2.791826 -5.553270 3.278240 0.000000 0.000000 0.000000 0.000000 0.000000 0.000000 0.000000 0.000000 0.000000 0.000000 0.000000 0.000000 0.000000 0.000000 0.000000 0.000000 0.000000 0.000000 0.000000 0.000000 0.000000 0.000000 0.000000 0.000000 0.000000 0.000000 0.000000 0.000000 0.000000 0.000000 0.000000 0.000000 0.000000 0.000000 0.000000 0.000000 0.000000 0.000000 0.000000 0.000000 0.000000 0.000000
-0.049623 -1.550493 1.021417 -5.177016 3.121283 6.082277 10.249339 -0.153391 1.562304 6.008371 1.247785 -19.314395 -21.509061 -9.375031 8.923227 -0.651945 -1.927062 -1.220681 -27.266937 -2.618751 3.692581 37.886424 -5.102448 0.698017 -10.656744 0.690283 -9.064180 -0.634159 -1.545628 1.012003 12.232839 0.423217 -3.400741 -2.477162 -2.466994 -0.704947 3.235465 -0.399338 -1.605486 4.455119 -0.194743 3.660306 -0.992799 0.138088 2.371526 1.605460 23.784463 -3.066339 21.546732 43.753244 -22.915484 15.579465 -2.028352 -20.857656 3.014482 3.020732 -4.848026 0.000000 0.000000 0.000000 0.000000 0.000000 0.000000 0.000000 0.000000 0.000000 0.000000 0.000000 0.000000 0.000000 0.000000 0.000000 0.000000 0.000000 0.000000 0.000000 0.000000 0.000000 0.000000 0.000000 0.000000 0.000000 0.000000 0.000000 0.000000 0.000000 0.000000 0.000000 0.000000 0.000000 0.000000 0.000000 0.000000 0.000000 0.000000 0.000000 0.000000 0.000000 0.000000 0.725298 -22.296556 6.350048 23.195603 -44.036346 23.375985 6.883319 2.898227 27.456691 -2.614219 -5.595425 3.335846 0.000000 0.000000 0.000000 0.000000 0.000000 0.000000 0.000000 0.000000 0.000000 0.000000 0.000000 0.000000 0.000000 0.000000 0.000000 0.000000 0.000000 0.000000 0.000000 0.000000 0.000000 0.000000 0.000000 0.000000 0.000000 0.000000 0.000000 0.000000 0.000000 0.000000 0.000000 0.000000 0.000000 0.000000 0.000000 0.000000 0.000000 0.000000 0.000000 0.000000 0.000000 0.000000
-0.045602 -1.537739 1.018586 -5.068986 2.843811 6.403577 10.901279 -0.054951 1.657055 6.076035 1.058847 -19.459125 -22.275621 -9.535230 8.644919 -0.650024 -1.855983 -1.198941 -26.870058 -2.696433 3.565050 36.007155 -4.848168 0.593459 -10.829064 0.664751 -9.231334 -0.692610 -1.541666 1.014333 12.067832 0.375475 -3.384244 -2.364924 -2.508757 -0.767353 3.186954 -0.392822 -1.593873 4.244882 -0.208695 3.809566 -0.869198 0.198403 2.779661 1.459592 23.860612 -3.027841 21.752353 43.744561 -23.223143 15.620913 -2.009372 -20.998524 3.038900 2.767977 -5.081250 0.000000 0.000000 0.000000 0.000000 0.000000 0.000000 0.000000 0.000000 0.000000 0.000000 0.000000 0.000000 0.000000 0.000000 0.000000 0.000000 0.000000 0.000000 0.000000 0.000000 0.000000 0.000000 0.000000 0.000000 0.000000 0.000000 0.000000 0.000000 0.000000 0.000000 0.000000 0.000000 0.000000 0.000000 0.000000 0.000000 0.000000 0.000000 0.000000 0.000000 0.000000 0.000000 0.602241 -22.469065 6.126186 23.213381 -43.914663 23.239832 6.580752 2.877221 26.958562 -2.252240 -5.546039 3.404249 0.000000 0.000000 0.000000 0.000000 0.000000 0.000000 0.000000 0.000000 0.000000 0.000000 0.000000 0.000000 0.000000 0.000000 0.000000 0.000000 0.000000 0.000000 0.000000 0.000000 0.000000 0.000000 0.000000 0.000000 0.000000 0.000000 0.000000 0.000000 0.000000 0.000000 0.000000 0.000000 0.000000 0.000000 0.000000 0.000000 0.000000 0.000000 0.000000 0.000000 0.000000 0.000000
-0.042661 -1.523553 1.015675 -4.989239 2.689018 6.736985 11.606900 -0.097813 1.762895 6.277210 0.865881 -19.706619 -23.018476 -9.772123 8.409705 -0.666161 -1.765254 -1.158259 -26.710484 -2.924680 3.612813 34.146840 -4.553875 0.619371 -10.540185 0.568992 -9.405318 -0.765777 -1.531674 1.005089 11.871758 0.222069 -3.492284 -2.337802 -2.526575 -0.841837 3.156723 -0.397000 -1.618540 3.987751 -0.093683 3.950022 -0.976912 0.276081 3.419070 1.288346 24.002177 -2.984533 21.746248 43.574042 -23.326688 15.641156 -2.031069 -21.333926 3.107918 2.448354 -5.185716 0.000000 0.000000 0.000000 0.000000 0.000000 0.000000 0.000000 0.000000 0.000000 0.000000 0.000000 0.000000 0.000000 0.000000 0.000000 0.000000 0.000000 0.000000 0.000000 0.000000 0.000000 0.000000 0.000000 0.000000 0.000000 0.000000 0.000000 0.000000 0.000000 0.000000 0.000000 0.000000 0.000000 0.000000 0.000000 0.000000 0.000000 0.000000 0.000000 0.000000 0.000000 0.000000 0.537065 -22.688969 5.907477 23.143108 -43.772089 23.013586 6.301523 2.865118 26.741049 -1.932769 -5.572687 3.416156 0.000000 0.000000 0.000000 0.000000 0.000000 0.000000 0.000000 0.000000 0.000000 0.000000 0.000000 0.000000 0.000000 0.000000 0.000000 0.000000 0.000000 0.000000 0.000000 0.000000 0.000000 0.000000 0.000000 0.000000 0.000000 0.000000 0.000000 0.000000 0.000000 0.000000 0.000000 0.000000 0.000000 0.000000 0.000000 0.000000 0.000000 0.000000 0.000000 0.000000 0.000000 0.000000
-0.038354 -1.509136 1.012959 -4.795203 2.543520 6.971894 12.027760 -0.222330 1.861047 6.717554 0.685522 -19.576668 -23.744151 -9.730902 8.094109 -0.686734 -1.727459 -1.130624 -26.309732 -3.138815 3.600913 32.464063 -4.198886 0.650996 -10.443834 0.643752 -9.538805 -0.833134 -1.507178 1.010067 11.594314 0.059124 -3.550212 -2.298052 -2.552503 -0.937043 3.115176 -0.406054 -1.631795 3.816726 0.073224 4.001931 -1.194521 0.332723 3.957445 1.126547 24.006261 -2.986367 21.918360 43.546488 -23.650543 15.765329 -2.089904 -21.524385 3.049665 2.132172 -5.322897 0.000000 0.000000 0.000000 0.000000 0.000000 0.000000 0.000000 0.000000 0.000000 0.000000 0.000000 0.000000 0.000000 0.000000 0.000000 0.000000 0.000000 0.000000 0.000000 0.000000 0.000000 0.000000 0.000000 0.000000 0.000000 0.000000 0.000000 0.000000 0.000000 0.000000 0.000000 0.000000 0.000000 0.000000 0.000000 0.000000 0.000000 0.000000 0.000000 0.000000 0.000000 0.000000 0.522458 -22.722483 5.800565 23.195524 -43.666307 22.989913 6.402957 2.779841 26.386884 -1.655857 -5.404188 3.427121 0.000000 0.000000 0.000000 0.000000 0.000000 0.000000 0.000000 0.000000 0.000000 0.000000 0.000000 0.000000 0.000000 0.000000 0.000000 0.000000 0.000000 0.000000 0.000000 0.000000 0.000000 0.000000 0.000000 0.000000 0.000000 0.000000 0.000000 0.000000 0.000000 0.000000 0.000000 0.000000 0.000000 0.000000 0.000000 0.000000 0.000000 0.000000 0.000000 0.000000 0.000000 0.000000
-0.034492 -1.489984 1.010770 -4.497148 2.385262 7.339411 12.514633 -0.369108 1.983460 7.262211 0.509451 -19.405790 -24.083771 -9.418593 7.804380 -0.705064 -1.693683 -1.112996 -25.741293 -3.459634 3.666704 30.923521 -3.820550 0.666007 -10.474262 0.825891 -9.690824 -0.915198 -1.495392 1.021392 11.311221 -0.142718 -3.672330 -2.310909 -2.616269 -1.079809 3.037503 -0.397165 -1.669475 3.654419 0.254493 4.056400 -1.323748 0.371578 4.534741 1.017402 24.019420 -3.012086 21.947459 43.483955 -23.786398 15.996937 -2.199047 -21.954754 2.912061 1.771389 -5.426258 0.000000 0.000000 0.000000 0.000000 0.000000 0.000000 0.000000 0.000000 0.000000 0.000000 0.000000 0.000000 0.000000 0.000000 0.000000 0.000000 0.000000 0.000000 0.000000 0.000000 0.000000 0.000000 0.000000 0.000000 0.000000 0.000000 0.000000 0.000000 0.000000 0.000000 0.000000 0.000000 0.000000 0.000000 0.000000 0.000000 0.000000 0.000000 0.000000 0.000000 0.000000 0.000000 0.500105 -22.850617 5.636593 23.242871 -43.528748 22.867560 6.466872 2.746652 26.002008 -1.287922 -5.256909 3.382043 0.000000 0.000000 0.000000 0.000000 0.000000 0.000000 0.000000 0.000000 0.000000 0.000000 0.000000 0.000000 0.000000 0.000000 0.000000 0.000000 0.000000 0.000000 0.000000 0.000000 0.000000 0.000000 0.000000 0.000000 0.000000 0.000000 0.000000 0.000000 0.000000 0.000000 0.000000 0.000000 0.000000 0.000000 0.000000 0.000000 0.000000 0.000000 0.000000 0.000000 0.000000 0.000000
-0.029227 -1.465219 1.009323 -4.004343 2.183211 7.751090 12.666487 -0.538642 2.065767 8.465235 0.349213 -19.188346 -23.825138 -8.970234 7.936284 -0.714897 -1.571705 -1.086109 -24.869210 -3.824334 3.734687 29.719381 -3.506943 0.605406 -11.204137 1.524253 -9.689706 -1.020686 -1.455595 0.992762 10.911022 -0.424398 -3.809057 -2.362452 -2.741298 -1.278474 2.904131 -0.339528 -1.725323 3.641670 0.489621 4.171100 -1.307173 0.377942 5.225876 0.986257 24.054220 -2.890749 21.924698 43.584528 -23.866670 16.012686 -2.467692 -22.567075 2.644011 1.546728 -5.555074 0.000000 0.000000 0.000000 0.000000 0.000000 0.000000 0.000000 0.000000 0.000000 0.000000 0.000000 0.000000 0.000000 0.000000 0.000000 0.000000 0.000000 0.000000 0.000000 0.000000 0.000000 0.000000 0.000000 0.000000 0.000000 0.000000 0.000000 0.000000 0.000000 0.000000 0.000000 0.000000 0.000000 0.000000 0.000000 0.000000 0.000000 0.000000 0.000000 0.000000 0.000000 0.000000 0.532135 -22.885512 5.416794 23.330068 -43.532299 22.826549 6.692831 2.813987 25.791126 -1.014326 -5.171710 3.468258 0.000000 0.000000 0.000000 0.000000 0.000000 0.000000 0.000000 0.000000 0.000000 0.000000 0.000000 0.000000 0.000000 0.000000 0.000000 0.000000 0.000000 0.000000 0.000000 0.000000 0.000000 0.000000 0.000000 0.000000 0.000000 0.000000 0.000000 0.000000 0.000000 0.000000 0.000000 0.000000 0.000000 0.000000 0.000000 0.000000 0.000000 0.000000 0.000000 0.000000 0.000000 0.000000
-0.022512 -1.444389 1.008969 -3.566890 1.985166 8.167387 12.508365 -0.850772 2.100071 10.111181 0.367616 -18.969927 -23.353365 -8.354215 8.230951 -0.712034 -1.437519 -1.065261 -23.874805 -4.181618 3.736923 29.000751 -3.252519 0.598689 -12.274760 2.657744 -9.619140 -1.142833 -1.467213 0.946143 10.627053 -0.730777 -3.827565 -2.495708 -2.823951 -1.454058 2.841476 -0.285936 -1.759705 3.870545 0.770670 4.345022 -1.188464 0.396144 5.866751 0.974080 24.030315 -2.821058 21.879103 43.711931 -23.913761 16.024683 -2.779478 -23.247181 2.070032 1.448604 -5.777951 0.000000 0.000000 0.000000 0.000000 0.000000 0.000000 0.000000 0.000000 0.000000 0.000000 0.000000 0.000000 0.000000 0.000000 0.000000 0.000000 0.000000 0.000000 0.000000 0.000000 0.000000 0.000000 0.000000 0.000000 0.000000 0.000000 0.000000 0.000000 0.000000 0.000000 0.000000 0.000000 0.000000 0.000000 0.000000 0.000000 0.000000 0.000000 0.000000 0.000000 0.000000 0.000000 0.590323 -22.849424 5.357013 23.320888 -43.545194 22.716174 7.126213 2.803984 25.492239 -0.853590 -5.091176 3.577092 0.000000 0.000000 0.000000 0.000000 0.000000 0.000000 0.000000 0.000000 0.000000 0.000000 0.000000 0.000000 0.000000 0.000000 0.000000 0.000000 0.000000 0.000000 0.000000 0.000000 0.000000 0.000000 0.000000 0.000000 0.000000 0.000000 0.000000 0.000000 0.000000 0.000000 0.000000 0.000000 0.000000 0.000000 0.000000 0.000000 0.000000 0.000000 0.000000 0.000000 0.000000 0.000000
-0.015280 -1.422041 1.009775 -3.245716 1.869660 8.632817 11.631669 -1.587986 1.813758 13.712069 0.327461 -19.052662 -22.402640 -7.111812 7.755482 -0.736039 -1.356170 -1.053029 -22.405743 -4.795538 3.668878 28.118104 -2.860829 0.800371 -13.604449 4.228845 -9.645508 -1.259431 -1.445497 0.909712 10.133672 -1.106848 -3.634507 -2.467376 -2.885626 -1.711301 2.857268 -0.254636 -1.756770 3.856489 1.127575 4.416815 -1.245519 0.443864 6.313169 0.892748 24.046989 -2.855133 21.931380 43.842012 -24.045048 15.974832 -3.010484 -23.507131 1.347326 1.477120 -5.919073 0.000000 0.000000 0.000000 0.000000 0.000000 0.000000 0.000000 0.000000 0.000000 0.000000 0.000000 0.000000 0.000000 0.000000 0.000000 0.000000 0.000000 0.000000 0.000000 0.000000 0.000000 0.000000 0.000000 0.000000 0.000000 0.000000 0.000000 0.000000 0.000000 0.000000 0.000000 0.000000 0.000000 0.000000 0.000000 0.000000 0.000000 0.000000 0.000000 0.000000 0.000000 0.000000 0.642387 -22.875702 5.320794 23.458408 -43.525945 22.675480 7.690681 3.007560 25.267569 -0.842779 -5.043289 3.580829 0.000000 0.000000 0.000000 0.000000 0.000000 0.000000 0.000000 0.000000 0.000000 0.000000 0.000000 0.000000 0.000000 0.000000 0.000000 0.000000 0.000000 0.000000 0.000000 0.000000 0.000000 0.000000 0.000000 0.000000 0.000000 0.000000 0.000000 0.000000 0.000000 0.000000 0.000000 0.000000 0.000000 0.000000 0.000000 0.000000 0.000000 0.000000 0.000000 0.000000 0.000000 0.000000
-0.010316 -1.395713 1.011684 -2.863198 1.825496 8.745523 9.827512 -2.371752 1.526874 18.992335 0.523173 -18.604694 -18.894113 -4.920918 7.853767 -0.691759 -1.290377 -1.048620 -20.612988 -5.365382 3.483603 27.019868 -2.505661 1.096408 -14.969559 5.733741 -9.300190 -1.300004 -1.405112 0.839059 9.814119 -1.465520 -3.271253 -2.504253 -2.873773 -1.954192 2.796621 -0.170592 -1.681291 4.282622 1.380983 4.647108 -0.811509 0.437725 6.784145 1.011214 24.134895 -2.879021 21.710913 43.867278 -23.702612 15.978883 -3.248485 -23.987057 0.753832 1.736448 -5.945131 0.000000 0.000000 0.000000 0.000000 0.000000 0.000000 0.000000 0.000000 0.000000 0.000000 0.000000 0.000000 0.000000 0.000000 0.000000 0.000000 0.000000 0.000000 0.000000 0.000000 0.000000 0.000000 0.000000 0.000000 0.000000 0.000000 0.000000 0.000000 0.000000 0.000000 0.000000 0.000000 0.000000 0.000000 0.000000 0.000000 0.000000 0.000000 0.000000 0.000000 0.000000 0.000000 0.812074 -22.859143 5.413918 23.327813 -43.531201 22.502501 8.185893 3.029536 25.149041 -1.400784 -5.140759 3.534336 0.000000 0.000000 0.000000 0.000000 0.000000 0.000000 0.000000 0.000000 0.000000 0.000000 0.000000 0.000000 0.000000 0.000000 0.000000 0.000000 0.000000 0.000000 0.000000 0.000000 0.000000 0.000000 0.000000 0.000000 0.000000 0.000000 0.000000 0.000000 0.000000 0.000000 0.000000 0.000000 0.000000 0.000000 0.000000 0.000000 0.000000 0.000000 0.000000 0.000000 0.000000 0.000000
-0.003350 -1.374048 1.013981 -2.753496 1.645816 8.413508 6.744020 -3.281365 1.075130 26.941117 1.057287 -17.480940 -10.970588 -1.095297 8.560915 -0.559054 -1.246864 -1.044050 -18.314710 -5.835414 2.986949 25.160144 -2.089255 1.410522 -16.145858 6.977181 -8.507000 -1.334752 -1.325850 0.787633 9.656797 -1.614439 -2.509515 -2.415624 -2.741880 -2.138823 2.896548 -0.130891 -1.545037 4.440778 1.665117 4.814480 -0.590335 0.394193 6.870296 1.062411 24.007295 -3.015979 21.678911 43.981032 -23.666992 15.940636 -3.547267 -24.362044 -0.235903 2.179902 -5.990080 0.000000 0.000000 0.000000 0.000000 0.000000 0.000000 0.000000 0.000000 0.000000 0.000000 0.000000 0.000000 0.000000 0.000000 0.000000 0.000000 0.000000 0.000000 0.000000 0.000000 0.000000 0.000000 0.000000 0.000000 0.000000 0.000000 0.000000 0.000000 0.000000 0.000000 0.000000 0.000000 0.000000 0.000000 0.000000 0.000000 0.000000 0.000000 0.000000 0.000000 0.000000 0.000000 1.012170 -22.663423 5.682458 23.311230 -43.565633 22.453727 8.986434 3.157739 25.360015 -2.390997 -5.536665 3.426719 0.000000 0.000000 0.000000 0.000000 0.000000 0.000000 0.000000 0.000000 0.000000 0.000000 0.000000 0.000000 0.000000 0.000000 0.000000 0.000000 0.000000 0.000000 0.000000 0.000000 0.000000 0.000000 0.000000 0.000000 0.000000 0.000000 0.000000 0.000000 0.000000 0.000000 0.000000 0.000000 0.000000 0.000000 0.000000 0.000000 0.000000 0.000000 0.000000 0.000000 0.000000 0.000000
0.003674 -1.349406 1.016072 -2.799055 1.455108 8.059554 2.054711 -4.182709 0.462912 36.536321 1.967869 -15.361773 -5.389864 1.175769 7.955340 -0.434445 -1.125056 -1.067227 -15.697189 -6.262854 2.510753 23.513277 -1.847564 1.727337 -17.474997 8.234103 -7.578129 -1.360093 -1.202660 0.729594 9.819452 -1.707247 -1.537155 -2.486838 -2.559417 -2.275847 3.038456 -0.097327 -1.351269 4.788493 1.723604 5.047663 -0.390005 0.319508 7.038807 1.041148 23.843176 -3.158122 21.722949 43.986074 -23.596765 16.126937 -3.908942 -25.042770 -1.034044 2.557288 -5.957961 0.000000 0.000000 0.000000 0.000000 0.000000 0.000000 0.000000 0.000000 0.000000 0.000000 0.000000 0.000000 0.000000 0.000000 0.000000 0.000000 0.000000 0.000000 0.000000 0.000000 0.000000 0.000000 0.000000 0.000000 0.000000 0.000000 0.000000 0.000000 0.000000 0.000000 0.000000 0.000000 0.000000 0.000000 0.000000 0.000000 0.000000 0.000000 0.000000 0.000000 0.000000 0.000000 1.150109 -22.650997 5.964182 22.984869 -43.347299 22.128842 9.616590 3.144327 25.788897 -3.454977 -5.905910 3.423663 0.000000 0.000000 0.000000 0.000000 0.000000 0.000000 0.000000 0.000000 0.000000 0.000000 0.000000 0.000000 0.000000 0.000000 0.000000 0.000000 0.000000 0.000000 0.000000 0.000000 0.000000 0.000000 0.000000 0.000000 0.000000 0.000000 0.000000 0.000000 0.000000 0.000000 0.000000 0.000000 0.000000 0.000000 0.000000 0.000000 0.000000 0.000000 0.000000 0.000000 0.000000 0.000000
0.008709 -1.328379 1.017945 -3.080358 1.290239 7.685567 -2.985989 -4.860801 -0.202495 45.200927 3.083359 -12.746550 -1.901823 1.981777 7.785190 -0.350090 -1.054537 -1.128612 -13.181714 -6.481643 1.993479 22.271794 -1.817060 2.007459 -18.564110 9.066435 -6.638695 -1.418017 -1.100397 0.704008 10.406158 -1.820056 -0.524777 -2.741067 -2.338034 -2.293998 3.224285 0.027727 -1.119018 4.969102 1.694366 5.169279 0.022195 0.214894 7.152529 0.985608 23.626552 -3.221581 21.626171 43.812401 -23.465431 16.457457 -4.236264 -26.229995 -1.982979 2.663545 -6.135623 0.000000 0.000000 0.000000 0.000000 0.000000 0.000000 0.000000 0.000000 0.000000 0.000000 0.000000 0.000000 0.000000 0.000000 0.000000 0.000000 0.000000 0.000000 0.000000 0.000000 0.000000 0.000000 0.000000 0.000000 0.000000 0.000000 0.000000 0.000000 0.000000 0.000000 0.000000 0.000000 0.000000 0.000000 0.000000 0.000000 0.000000 0.000000 0.000000 0.000000 0.000000 0.000000 1.321321 -22.637256 6.172039 22.581275 -43.009105 21.944251 10.176716 3.073596 26.185762 -3.990158 -6.236904 3.513173 0.000000 0.000000 0.000000 0.000000 0.000000 0.000000 0.000000 0.000000 0.000000 0.000000 0.000000 0.000000 0.000000 0.000000 0.000000 0.000000 0.000000 0.000000 0.000000 0.000000 0.000000 0.000000 0.000000 0.000000 0.000000 0.000000 0.000000 0.000000 0.000000 0.000000 0.000000 0.000000 0.000000 0.000000 0.000000 0.000000 0.000000 0.000000 0.000000 0.000000 0.000000 0.000000
0.006179 -1.306231 1.020058 -3.294466 1.347043 7.160230 -8.898669 -5.189822 -1.047132 52.765426 4.207726 -9.467306 -1.354751 1.017501 8.848820 -0.300922 -1.044006 -1.229459 -10.237955 -6.573730 1.436001 20.240936 -1.539321 2.791931 -19.446513 9.494638 -5.796992 -1.581418 -0.970795 0.718978 10.988522 -1.861616 0.849330 -2.993040 -2.121930 -2.336534 3.417126 0.204248 -0.745305 5.298385 1.557885 5.106656 0.253969 -0.024658 7.086847 0.747394 23.471243 -3.396301 21.532262 43.611934 -23.437013 16.689185 -4.555228 -27.225701 -2.644539 2.629249 -6.215520 0.000000 0.000000 0.000000 0.000000 0.000000 0.000000 0.000000 0.000000 0.000000 0.000000 0.000000 0.000000 0.000000 0.000000 0.000000 0.000000 0.000000 0.000000 0.000000 0.000000 0.000000 0.000000 0.000000 0.000000 0.000000 0.000000 0.000000 0.000000 0.000000 0.000000 0.000000 0.000000 0.000000 0.000000 0.000000 0.000000 0.000000 0.000000 0.000000 0.000000 0.000000 0.000000 1.523109 -22.707941 6.369847 21.729419 -42.409720 21.620283 10.644713 2.852624 26.516545 -3.803596 -6.133822 3.731973 0.000000 0.000000 0.000000 0.000000 0.000000 0.000000 0.000000 0.000000 0.000000 0.000000 0.000000 0.000000 0.000000 0.000000 0.000000 0.000000 0.000000 0.000000 0.000000 0.000000 0.000000 0.000000 0.000000 0.000000 0.000000 0.000000 0.000000 0.000000 0.000000 0.000000 0.000000 0.000000 0.000000 0.000000 0.000000 0.000000 0.000000 0.000000 0.000000 0.000000 0.000000 0.000000
0.007108 -1.295952 1.022667 -3.790993 1.198790 6.619789 -13.070418 -4.931751 -1.947297 56.430711 5.210090 -7.785784 -3.068836 -0.430734 9.643608 -0.318022 -1.083864 -1.243965 -8.118295 -6.528587 1.159481 19.029693 -1.431079 3.276358 -19.467495 9.416208 -5.453832 -1.625748 -0.943485 0.723107 11.602394 -1.666725 1.988241 -3.166562 -2.055380 -2.416526 3.488436 0.332922 -0.432027 5.578011 1.428567 5.001513 0.373962 -0.252094 6.959715 0.720818 23.480864 -3.459034 21.356849 43.377210 -23.222571 16.678665 -4.774138 -28.195779 -2.745427 2.647571 -6.309053 0.000000 0.000000 0.000000 0.000000 0.000000 0.000000 0.000000 0.000000 0.000000 0.000000 0.000000 0.000000 0.000000 0.000000 0.000000 0.000000 0.000000 0.000000 0.000000 0.000000 0.000000 0.000000 0.000000 0.000000 0.000000 0.000000 0.000000 0.000000 0.000000 0.000000 0.000000 0.000000 0.000000 0.000000 0.000000 0.000000 0.000000 0.000000 0.000000 0.000000 0.000000 0.000000 1.655998 -22.835167 6.526463 21.158964 -41.988280 21.443729 10.490705 2.913890 26.953812 -3.404222 -5.967041 3.788661 0.000000 0.000000 0.000000 0.000000 0.000000 0.000000 0.000000 0.000000 0.000000 0.000000 0.000000 0.000000 0.000000 0.000000 0.000000 0.000000 0.000000 0.000000 0.000000 0.000000 0.000000 0.000000 0.000000 0.000000 0.000000 0.000000 0.000000 0.000000 0.000000 0.000000 0.000000 0.000000 0.000000 0.000000 0.000000 0.000000 0.000000 0.000000 0.000000 0.000000 0.000000 0.000000
0.006785 -1.286728 1.025731 -4.392275 0.873799 5.976420 -17.152594 -4.360374 -2.838629 57.862401 6.306935 -6.364218 -5.532414 -2.010124 10.346982 -0.321637 -1.108821 -1.305176 -5.127224 -6.225402 0.771603 16.439770 -0.963547 4.034507 -19.419691 9.002125 -5.080900 -1.733359 -0.881827 0.716149 12.166805 -1.277227 3.253956 -3.166350 -1.877776 -2.519448 3.567805 0.485110 -0.091791 6.035725 1.372175 4.998046 0.597512 -0.482938 6.720647 0.613036 23.441946 -3.414704 21.306168 43.321313 -23.034118 16.480374 -4.999898 -28.971594 -2.825336 2.530462 -6.523052 0.000000 0.000000 0.000000 0.000000 0.000000 0.000000 0.000000 0.000000 0.000000 0.000000 0.000000 0.000000 0.000000 0.000000 0.000000 0.000000 0.000000 0.000000 0.000000 0.000000 0.000000 0.000000 0.000000 0.000000 0.000000 0.000000 0.000000 0.000000 0.000000 0.000000 0.000000 0.000000 0.000000 0.000000 0.000000 0.000000 0.000000 0.000000 0.000000 0.000000 0.000000 0.000000 1.679434 -22.734520 6.682924 20.738671 -41.706312 21.568365 10.177386 2.856332 27.414467 -3.167482 -5.732390 3.996427 0.000000 0.000000 0.000000 0.000000 0.000000 0.000000 0.000000 0.000000 0.000000 0.000000 0.000000 0.000000 0.000000 0.000000 0.000000 0.000000 0.000000 0.000000 0.000000 0.000000 0.000000 0.000000 0.000000 0.000000 0.000000 0.000000 0.000000 0.000000 0.000000 0.000000 0.000000 0.000000 0.000000 0.000000 0.000000 0.000000 0.000000 0.000000 0.000000 0.000000 0.000000 0.000000
0.008983 -1.281347 1.028796 -5.133113 0.463524 4.958706 -20.143614 -3.699262 -3.577466 56.010787 7.059414 -5.420563 -7.510018 -3.055396 10.699950 -0.306606 -1.118376 -1.317263 -2.056221 -5.883393 0.297119 13.543348 -0.515808 4.804362 -19.202224 8.124527 -4.628194 -1.809808 -0.805637 0.689632 12.651145 -0.819262 4.405860 -3.069646 -1.629459 -2.560530 3.583785 0.579384 0.215690 6.288568 1.302542 5.012451 0.554810 -0.730789 6.405855 0.402108 23.438515 -3.197962 21.339376 43.473729 -22.855429 16.321172 -5.054728 -28.937291 -2.736339 2.469136 -6.679248 0.000000 0.000000 0.000000 0.000000 0.000000 0.000000 0.000000 0.000000 0.000000 0.000000 0.000000 0.000000 0.000000 0.000000 0.000000 0.000000 0.000000 0.000000 0.000000 0.000000 0.000000 0.000000 0.000000 0.000000 0.000000 0.000000 0.000000 0.000000 0.000000 0.000000 0.000000 0.000000 0.000000 0.000000 0.000000 0.000000 0.000000 0.000000 0.000000 0.000000 0.000000 0.000000 1.502925 -22.410424 6.814499 20.610584 -41.546217 21.900064 10.123151 2.852841 28.102501 -3.229732 -5.416909 4.252241 0.000000 0.000000 0.000000 0.000000 0.000000 0.000000 0.000000 0.000000 0.000000 0.000000 0.000000 0.000000 0.000000 0.000000 0.000000 0.000000 0.000000 0.000000 0.000000 0.000000 0.000000 0.000000 0.000000 0.000000 0.000000 0.000000 0.000000 0.000000 0.000000 0.000000 0.000000 0.000000 0.000000 0.000000 0.000000 0.000000 0.000000 0.000000 0.000000 0.000000 0.000000 0.000000
0.013489 -1.270321 1.031101 -5.719557 -0.195745 3.739687 -22.270523 -2.932874 -4.079518 50.503336 7.830419 -4.316337 -8.222966 -3.097301 10.777560 -0.289470 -1.174145 -1.335027 0.882573 -5.218201 -0.232215 11.140668 -0.153970 5.489201 -19.341170 7.199691 -3.903236 -1.831693 -0.711522 0.677447 13.472177 -0.357213 5.340284 -3.098573 -1.099040 -2.548620 3.602474 0.660243 0.554588 6.338143 1.530012 5.306593 0.758119 -1.049151 6.302992 0.012875 23.309431 -2.695147 21.335382 43.743090 -22.372481 15.864516 -5.094311 -28.796624 -2.661608 2.416495 -7.112221 0.000000 0.000000 0.000000 0.000000 0.000000 0.000000 0.000000 0.000000 0.000000 0.000000 0.000000 0.000000 0.000000 0.000000 0.000000 0.000000 0.000000 0.000000 0.000000 0.000000 0.000000 0.000000 0.000000 0.000000 0.000000 0.000000 0.000000 0.000000 0.000000 0.000000 0.000000 0.000000 0.000000 0.000000 0.000000 0.000000 0.000000 0.000000 0.000000 0.000000 0.000000 0.000000 1.136469 -21.844879 6.973408 20.613866 -41.771559 22.602466 9.782102 2.920511 28.802065 -3.425583 -5.248565 4.762558 0.000000 0.000000 0.000000 0.000000 0.000000 0.000000 0.000000 0.000000 0.000000 0.000000 0.000000 0.000000 0.000000 0.000000 0.000000 0.000000 0.000000 0.000000 0.000000 0.000000 0.000000 0.000000 0.000000 0.000000 0.000000 0.000000 0.000000 0.000000 0.000000 0.000000 0.000000 0.000000 0.000000 0.000000 0.000000 0.000000 0.000000 0.000000 0.000000 0.000000 0.000000 0.000000
0.017141 -1.251725 1.031795 -5.905031 -0.516830 2.848109 -23.353411 -2.375340 -4.288433 43.937327 7.613546 -3.544670 -7.597726 -2.293806 10.528568 -0.222765 -1.271707 -1.288372 3.348215 -4.984707 -0.640003 9.350743 0.077440 5.995378 -19.712950 6.581548 -3.363687 -1.753213 -0.709501 0.679571 13.938077 -0.156961 5.962947 -2.944955 -0.647967 -2.532023 3.528371 0.649792 0.811397 6.281026 1.663033 5.455813 1.031087 -1.215643 6.084418 -0.239821 23.215368 -2.379472 21.476377 43.974889 -21.898796 15.715042 -5.077910 -28.394142 -2.779401 2.488040 -7.450226 0.000000 0.000000 0.000000 0.000000 0.000000 0.000000 0.000000 0.000000 0.000000 0.000000 0.000000 0.000000 0.000000 0.000000 0.000000 0.000000 0.000000 0.000000 0.000000 0.000000 0.000000 0.000000 0.000000 0.000000 0.000000 0.000000 0.000000 0.000000 0.000000 0.000000 0.000000 0.000000 0.000000 0.000000 0.000000 0.000000 0.000000 0.000000 0.000000 0.000000 0.000000 0.000000 0.943698 -21.263251 7.304383 20.708463 -41.786472 23.165585 9.670871 2.969749 29.513229 -3.919244 -4.787977 5.163136 0.000000 0.000000 0.000000 0.000000 0.000000 0.000000 0.000000 0.000000 0.000000 0.000000 0.000000 0.000000 0.000000 0.000000 0.000000 0.000000 0.000000 0.000000 0.000000 0.000000 0.000000 0.000000 0.000000 0.000000 0.000000 0.000000 0.000000 0.000000 0.000000 0.000000 0.000000 0.000000 0.000000 0.000000 0.000000 0.000000 0.000000 0.000000 0.000000 0.000000 0.000000 0.000000
0.017075 -1.229705 1.030895 -5.931620 -0.478549 2.022710 -23.985457 -2.090519 -4.154788 37.048262 6.988878 -2.998548 -6.437501 -1.194978 10.131429 -0.179308 -1.326407 -1.256140 5.676695 -4.962281 -0.969784 7.779892 0.172908 6.649603 -20.253961 6.154388 -2.867897 -1.683860 -0.754565 0.678683 14.259727 -0.127870 6.457032 -2.953563 -0.292729 -2.474730 3.506264 0.611830 1.045436 6.262849 1.680587 5.564521 1.300107 -1.246523 5.778807 -0.460413 23.199870 -2.048091 21.734945 44.237594 -21.514469 15.815082 -4.972750 -27.979968 -2.707396 2.367878 -7.608408 0.000000 0.000000 0.000000 0.000000 0.000000 0.000000 0.000000 0.000000 0.000000 0.000000 0.000000 0.000000 0.000000 0.000000 0.000000 0.000000 0.000000 0.000000 0.000000 0.000000 0.000000 0.000000 0.000000 0.000000 0.000000 0.000000 0.000000 0.000000 0.000000 0.000000 0.000000 0.000000 0.000000 0.000000 0.000000 0.000000 0.000000 0.000000 0.000000 0.000000 0.000000 0.000000 0.715742 -20.826284 7.456356 20.662849 -41.751057 23.563558 9.483838 2.928995 30.038491 -4.363064 -4.267146 5.469683 0.000000 0.000000 0.000000 0.000000 0.000000 0.000000 0.000000 0.000000 0.000000 0.000000 0.000000 0.000000 0.000000 0.000000 0.000000 0.000000 0.000000 0.000000 0.000000 0.000000 0.000000 0.000000 0.000000 0.000000 0.000000 0.000000 0.000000 0.000000 0.000000 0.000000 0.000000 0.000000 0.000000 0.000000 0.000000 0.000000 0.000000 0.000000 0.000000 0.000000 0.000000 0.000000
0.018682 -1.204823 1.028906 -5.949465 -0.408261 1.079473 -24.136964 -1.783118 -3.834133 28.209438 5.815423 -2.698745 -5.265587 0.187573 9.675863 -0.184249 -1.501677 -1.219948 7.968929 -5.063635 -1.392983 6.615074 0.325795 7.549210 -21.088366 5.796740 -2.343364 -1.504217 -0.773498 0.641091 14.667819 -0.312797 6.846445 -2.859041 0.154207 -2.439177 3.457868 0.575861 1.249955 6.106766 1.745836 5.758810 1.624972 -1.321381 5.486216 -0.808416 23.273384 -1.736640 21.881843 44.576079 -21.043574 15.808409 -4.533091 -26.885755 -2.789675 2.235605 -7.644357 0.000000 0.000000 0.000000 0.000000 0.000000 0.000000 0.000000 0.000000 0.000000 0.000000 0.000000 0.000000 0.000000 0.000000 0.000000 0.000000 0.000000 0.000000 0.000000 0.000000 0.000000 0.000000 0.000000 0.000000 0.000000 0.000000 0.000000 0.000000 0.000000 0.000000 0.000000 0.000000 0.000000 0.000000 0.000000 0.000000 0.000000 0.000000 0.000000 0.000000 0.000000 0.000000 0.339386 -20.210121 7.656414 20.717284 -41.962555 24.198024 9.426811 2.845656 30.324702 -4.644983 -3.629747 5.671021 0.000000 0.000000 0.000000 0.000000 0.000000 0.000000 0.000000 0.000000 0.000000 0.000000 0.000000 0.000000 0.000000 0.000000 0.000000 0.000000 0.000000 0.000000 0.000000 0.000000 0.000000 0.000000 0.000000 0.000000 0.000000 0.000000 0.000000 0.000000 0.000000 0.000000 0.000000 0.000000 0.000000 0.000000 0.000000 0.000000 0.000000 0.000000 0.000000 0.000000 0.000000 0.000000
0.018454 -1.179982 1.026018 -5.930885 -0.179860 0.001951 -23.611006 -1.561104 -3.481387 19.372207 4.348067 -3.204058 -4.798263 1.334390 9.126377 -0.232897 -1.669626 -1.204756 9.952840 -5.213491 -1.643891 5.944283 0.493706 8.633039 -22.019215 5.486059 -1.957853 -1.326974 -0.824207 0.635718 14.918468 -0.510987 7.142648 -2.822955 0.463348 -2.310728 3.537749 0.493877 1.468008 5.922925 1.674163 5.946592 1.726002 -1.328679 5.124086 -1.130876 23.334744 -1.547052 21.880750 44.896329 -20.316766 16.030873 -4.054117 -26.064645 -2.986811 2.122399 -7.775738 0.000000 0.000000 0.000000 0.000000 0.000000 0.000000 0.000000 0.000000 0.000000 0.000000 0.000000 0.000000 0.000000 0.000000 0.000000 0.000000 0.000000 0.000000 0.000000 0.000000 0.000000 0.000000 0.000000 0.000000 0.000000 0.000000 0.000000 0.000000 0.000000 0.000000 0.000000 0.000000 0.000000 0.000000 0.000000 0.000000 0.000000 0.000000 0.000000 0.000000 0.000000 0.000000 -0.063293 -19.764204 7.856078 20.694308 -42.036684 24.685356 9.449774 2.726630 30.598286 -4.981663 -3.357648 5.874950 0.000000 0.000000 0.000000 0.000000 0.000000 0.000000 0.000000 0.000000 0.000000 0.000000 0.000000 0.000000 0.000000 0.000000 0.000000 0.000000 0.000000 0.000000 0.000000 0.000000 0.000000 0.000000 0.000000 0.000000 0.000000 0.000000 0.000000 0.000000 0.000000 0.000000 0.000000 0.000000 0.000000 0.000000 0.000000 0.000000 0.000000 0.000000 0.000000 0.000000 0.000000 0.000000
0.011316 -1.154313 1.022544 -5.828054 0.403779 -0.697567 -22.888316 -1.569653 -2.957681 12.056805 3.083653 -3.797881 -4.176533 2.328500 8.550022 -0.251396 -1.747391 -1.187491 11.792485 -5.521855 -1.914057 5.426730 0.724035 9.502778 -22.742003 5.346770 -1.608393 -1.186429 -0.834209 0.604275 14.949888 -0.803168 7.318425 -2.688098 0.658861 -2.190420 3.554730 0.419009 1.526796 5.954148 1.529642 6.147625 1.783342 -1.271170 4.830550 -1.281866 23.537775 -1.373598 21.811735 45.189977 -19.620933 16.208630 -3.693047 -25.172151 -3.168761 2.181608 -7.701842 0.000000 0.000000 0.000000 0.000000 0.000000 0.000000 0.000000 0.000000 0.000000 0.000000 0.000000 0.000000 0.000000 0.000000 0.000000 0.000000 0.000000 0.000000 0.000000 0.000000 0.000000 0.000000 0.000000 0.000000 0.000000 0.000000 0.000000 0.000000 0.000000 0.000000 0.000000 0.000000 0.000000 0.000000 0.000000 0.000000 0.000000 0.000000 0.000000 0.000000 0.000000 0.000000 -0.352689 -19.549691 7.947794 20.728600 -42.136217 25.037973 9.548721 2.753734 30.773910 -5.442315 -3.122834 6.048517 0.000000 0.000000 0.000000 0.000000 0.000000 0.000000 0.000000 0.000000 0.000000 0.000000 0.000000 0.000000 0.000000 0.000000 0.000000 0.000000 0.000000 0.000000 0.000000 0.000000 0.000000 0.000000 0.000000 0.000000 0.000000 0.000000 0.000000 0.000000 0.000000 0.000000 0.000000 0.000000 0.000000 0.000000 0.000000 0.000000 0.000000 0.000000 0.000000 0.000000 0.000000 0.000000
0.003183 -1.127835 1.018787 -5.693249 1.058113 -1.384598 -22.143276 -1.518890 -2.496763 6.495826 2.032981 -4.184151 -3.699617 2.970485 8.251026 -0.303122 -1.853777 -1.193517 13.521901 -5.880930 -2.142369 5.126703 1.043275 10.412467 -23.364393 5.265242 -1.362169 -1.094414 -0.869363 0.557037 14.734884 -1.072846 7.465704 -2.630726 0.784699 -2.067647 3.640061 0.356548 1.582202 5.966115 1.345954 6.258435 1.880037 -1.358959 4.594228 -1.479662 23.721812 -1.173232 21.732310 45.375655 -18.811160 16.480239 -3.328801 -24.477215 -3.420775 2.171589 -7.557720 0.000000 0.000000 0.000000 0.000000 0.000000 0.000000 0.000000 0.000000 0.000000 0.000000 0.000000 0.000000 0.000000 0.000000 0.000000 0.000000 0.000000 0.000000 0.000000 0.000000 0.000000 0.000000 0.000000 0.000000 0.000000 0.000000 0.000000 0.000000 0.000000 0.000000 0.000000 0.000000 0.000000 0.000000 0.000000 0.000000 0.000000 0.000000 0.000000 0.000000 0.000000 0.000000 -0.668247 -19.487820 7.956514 20.830002 -42.215375 25.297859 9.910440 2.849623 30.940714 -5.606269 -2.948445 6.208527 0.000000 0.000000 0.000000 0.000000 0.000000 0.000000 0.000000 0.000000 0.000000 0.000000 0.000000 0.000000 0.000000 0.000000 0.000000 0.000000 0.000000 0.000000 0.000000 0.000000 0.000000 0.000000 0.000000 0.000000 0.000000 0.000000 0.000000 0.000000 0.000000 0.000000 0.000000 0.000000 0.000000 0.000000 0.000000 0.000000 0.000000 0.000000 0.000000 0.000000 0.000000 0.000000
-0.005530 -1.102423 1.015094 -5.459474 1.549525 -1.911770 -22.097544 -1.410927 -2.331472 5.334883 1.794861 -3.969054 -2.902988 3.046371 8.426113 -0.328500 -1.920582 -1.212556 14.602384 -5.920966 -2.207671 5.580588 1.244783 10.929337 -23.938994 5.278362 -1.217953 -1.086907 -0.923767 0.502543 14.104420 -0.977553 7.598025 -2.435808 0.767898 -2.008430 3.624670 0.360002 1.599986 5.997160 1.143033 6.252257 2.085633 -1.527648 4.422156 -1.499125 23.972524 -0.876457 21.787479 45.233996 -18.286248 16.567830 -3.185074 -23.931391 -3.435333 2.137268 -7.442831 0.000000 0.000000 0.000000 0.000000 0.000000 0.000000 0.000000 0.000000 0.000000 0.000000 0.000000 0.000000 0.000000 0.000000 0.000000 0.000000 0.000000 0.000000 0.000000 0.000000 0.000000 0.000000 0.000000 0.000000 0.000000 0.000000 0.000000 0.000000 0.000000 0.000000 0.000000 0.000000 0.000000 0.000000 0.000000 0.000000 0.000000 0.000000 0.000000 0.000000 0.000000 0.000000 -0.730592 -19.833546 7.776501 21.076616 -42.247736 25.444151 10.147033 3.063172 30.792874 -5.337287 -2.767503 6.335729 0.000000 0.000000 0.000000 0.000000 0.000000 0.000000 0.000000 0.000000 0.000000 0.000000 0.000000 0.000000 0.000000 0.000000 0.000000 0.000000 0.000000 0.000000 0.000000 0.000000 0.000000 0.000000 0.000000 0.000000 0.000000 0.000000 0.000000 0.000000 0.000000 0.000000 0.000000 0.000000 0.000000 0.000000 0.000000 0.000000 0.000000 0.000000 0.000000 0.000000 0.000000 0.000000
-0.015715 -1.074745 1.012035 -5.094370 1.998255 -2.654511 -22.107522 -1.256720 -2.508490 6.204617 1.876576 -3.788597 -2.180211 2.778036 8.839126 -0.434840 -2.060982 -1.271442 15.133329 -5.619215 -2.332728 6.635114 1.287335 11.608439 -24.032444 5.080858 -1.390692 -1.143934 -0.997159 0.446079 13.062545 -0.753655 7.802211 -2.080063 0.627542 -1.994871 3.585279 0.508482 1.646377 6.237807 0.912001 6.311383 2.113457 -1.766562 4.215247 -1.274276 24.324162 -0.556072 21.717602 45.079511 -17.856655 16.324789 -3.020969 -23.146105 -3.328680 2.365204 -7.385285 0.000000 0.000000 0.000000 0.000000 0.000000 0.000000 0.000000 0.000000 0.000000 0.000000 0.000000 0.000000 0.000000 0.000000 0.000000 0.000000 0.000000 0.000000 0.000000 0.000000 0.000000 0.000000 0.000000 0.000000 0.000000 0.000000 0.000000 0.000000 0.000000 0.000000 0.000000 0.000000 0.000000 0.000000 0.000000 0.000000 0.000000 0.000000 0.000000 0.000000 0.000000 0.000000 -0.446222 -20.345767 7.605855 21.227447 -42.238193 25.509732 10.600339 3.151605 30.652383 -5.071075 -2.813418 6.370512 0.000000 0.000000 0.000000 0.000000 0.000000 0.000000 0.000000 0.000000 0.000000 0.000000 0.000000 0.000000 0.000000 0.000000 0.000000 0.000000 0.000000 0.000000 0.000000 0.000000 0.000000 0.000000 0.000000 0.000000 0.000000 0.000000 0.000000 0.000000 0.000000 0.000000 0.000000 0.000000 0.000000 0.000000 0.000000 0.000000 0.000000 0.000000 0.000000 0.000000 0.000000 0.000000
-0.024153 -1.045175 1.010057 -4.530942 2.188349 -3.129293 -22.278691 -0.889838 -2.813996 8.209263 2.150344 -3.464653 -1.161811 2.275564 9.317839 -0.469612 -2.134663 -1.305328 15.039215 -5.201789 -2.235491 8.152374 1.321336 11.827683 -23.272423 4.967725 -2.244032 -1.171040 -1.116293 0.409033 11.989213 -0.301377 7.905007 -1.751944 0.472185 -1.945906 3.454255 0.590941 1.663980 6.272813 0.753570 6.297431 2.309313 -2.021983 4.118855 -1.033690 24.643956 -0.375481 21.843340 44.759611 -17.761585 16.148175 -3.114090 -22.598646 -2.921858 2.554185 -7.272682 0.000000 0.000000 0.000000 0.000000 0.000000 0.000000 0.000000 0.000000 0.000000 0.000000 0.000000 0.000000 0.000000 0.000000 0.000000 0.000000 0.000000 0.000000 0.000000 0.000000 0.000000 0.000000 0.000000 0.000000 0.000000 0.000000 0.000000 0.000000 0.000000 0.000000 0.000000 0.000000 0.000000 0.000000 0.000000 0.000000 0.000000 0.000000 0.000000 0.000000 0.000000 0.000000 -0.079891 -21.016097 7.403266 21.518215 -42.223151 25.442866 10.714744 3.302106 30.114878 -4.505747 -2.957228 6.362752 0.000000 0.000000 0.000000 0.000000 0.000000 0.000000 0.000000 0.000000 0.000000 0.000000 0.000000 0.000000 0.000000 0.000000 0.000000 0.000000 0.000000 0.000000 0.000000 0.000000 0.000000 0.000000 0.000000 0.000000 0.000000 0.000000 0.000000 0.000000 0.000000 0.000000 0.000000 0.000000 0.000000 0.000000 0.000000 0.000000 0.000000 0.000000 0.000000 0.000000 0.000000 0.000000
-0.033026 -1.007949 1.009344 -3.716515 2.151877 -3.380853 -22.424242 -0.416860 -3.299121 10.551403 2.727181 -3.158483 -0.333326 1.408430 9.875544 -0.504680 -2.227480 -1.342902 14.561631 -4.364652 -2.115535 10.945026 1.300303 11.740978 -21.810765 4.230230 -2.745641 -1.163562 -1.164526 0.397522 10.671020 0.248571 7.982630 -1.311649 0.322832 -1.909696 3.309402 0.739244 1.659836 6.429859 0.645117 6.305515 2.472386 -2.198286 4.201599 -0.626776 24.753700 -0.172246 21.947399 44.599002 -18.034494 15.734613 -3.148873 -21.856308 -2.585149 2.878949 -7.292782 0.000000 0.000000 0.000000 0.000000 0.000000 0.000000 0.000000 0.000000 0.000000 0.000000 0.000000 0.000000 0.000000 0.000000 0.000000 0.000000 0.000000 0.000000 0.000000 0.000000 0.000000 0.000000 0.000000 0.000000 0.000000 0.000000 0.000000 0.000000 0.000000 0.000000 0.000000 0.000000 0.000000 0.000000 0.000000 0.000000 0.000000 0.000000 0.000000 0.000000 0.000000 0.000000 0.414361 -21.542623 7.152717 22.026401 -42.525679 25.596253 10.770879 3.414906 29.231101 -3.987477 -3.402586 6.311981 0.000000 0.000000 0.000000 0.000000 0.000000 0.000000 0.000000 0.000000 0.000000 0.000000 0.000000 0.000000 0.000000 0.000000 0.000000 0.000000 0.000000 0.000000 0.000000 0.000000 0.000000 0.000000 0.000000 0.000000 0.000000 0.000000 0.000000 0.000000 0.000000 0.000000 0.000000 0.000000 0.000000 0.000000 0.000000 0.000000 0.000000 0.000000 0.000000 0.000000 0.000000 0.000000
-0.040096 -0.971923 1.010018 -2.899841 1.820400 -3.506167 -22.429712 0.255761 -3.849768 13.095944 3.497404 -3.058085 -0.158517 0.033610 10.626292 -0.545755 -2.343258 -1.371406 13.224868 -3.283912 -1.882349 14.959574 1.295625 11.136689 -19.247086 3.085249 -3.213609 -1.135350 -1.163402 0.450357 9.652822 0.908038 7.905005 -1.145622 0.257824 -1.850554 3.275085 0.873631 1.637381 6.363657 0.358493 6.339665 2.723813 -2.402774 4.189962 -0.290848 24.742003 -0.180235 21.965832 44.449969 -18.232678 15.306704 -3.211530 -21.597751 -2.033255 3.154957 -7.371174 0.000000 0.000000 0.000000 0.000000 0.000000 0.000000 0.000000 0.000000 0.000000 0.000000 0.000000 0.000000 0.000000 0.000000 0.000000 0.000000 0.000000 0.000000 0.000000 0.000000 0.000000 0.000000 0.000000 0.000000 0.000000 0.000000 0.000000 0.000000 0.000000 0.000000 0.000000 0.000000 0.000000 0.000000 0.000000 0.000000 0.000000 0.000000 0.000000 0.000000 0.000000 0.000000 0.872148 -21.992325 7.016514 22.587107 -42.933010 25.582839 10.592507 3.258622 28.153231 -3.474488 -3.903896 6.319363 0.000000 0.000000 0.000000 0.000000 0.000000 0.000000 0.000000 0.000000 0.000000 0.000000 0.000000 0.000000 0.000000 0.000000 0.000000 0.000000 0.000000 0.000000 0.000000 0.000000 0.000000 0.000000 0.000000 0.000000 0.000000 0.000000 0.000000 0.000000 0.000000 0.000000 0.000000 0.000000 0.000000 0.000000 0.000000 0.000000 0.000000 0.000000 0.000000 0.000000 0.000000 0.000000
-0.041018 -0.925867 1.012002 -2.240031 1.313427 -3.314773 -21.693206 1.137239 -4.437687 15.598882 4.208413 -3.540563 -2.199591 -2.567929 10.948626 -0.597776 -2.490566 -1.372094 10.670173 -1.973942 -1.811170 21.274075 0.878173 10.060228 -13.474591 0.629456 -3.510878 -1.008422 -1.083446 0.552217 8.883211 1.665300 7.668511 -1.116682 0.194654 -1.780397 3.302284 0.917073 1.489426 6.249237 0.120591 6.205575 2.794240 -2.426360 4.075034 0.206806 24.661420 -0.369890 21.897558 44.264330 -18.535693 14.903390 -3.102515 -21.336025 -1.307706 3.311844 -7.312393 0.000000 0.000000 0.000000 0.000000 0.000000 0.000000 0.000000 0.000000 0.000000 0.000000 0.000000 0.000000 0.000000 0.000000 0.000000 0.000000 0.000000 0.000000 0.000000 0.000000 0.000000 0.000000 0.000000 0.000000 0.000000 0.000000 0.000000 0.000000 0.000000 0.000000 0.000000 0.000000 0.000000 0.000000 0.000000 0.000000 0.000000 0.000000 0.000000 0.000000 0.000000 0.000000 1.401563 -22.317311 7.048776 23.233598 -43.341136 25.402029 10.224864 2.925556 27.338340 -3.155233 -4.466373 6.283592 0.000000 0.000000 0.000000 0.000000 0.000000 0.000000 0.000000 0.000000 0.000000 0.000000 0.000000 0.000000 0.000000 0.000000 0.000000 0.000000 0.000000 0.000000 0.000000 0.000000 0.000000 0.000000 0.000000 0.000000 0.000000 0.000000 0.000000 0.000000 0.000000 0.000000 0.000000 0.000000 0.000000 0.000000 0.000000 0.000000 0.000000 0.000000 0.000000 0.000000 0.000000 0.000000
-0.036870 -0.884936 1.014693 -2.023903 0.725082 -2.977467 -20.234524 1.883289 -4.886121 17.375519 4.777446 -4.332309 -4.437510 -5.037110 11.151165 -0.641939 -2.534799 -1.354142 6.853672 -0.609258 -1.637594 28.766544 0.252260 8.754265 -9.411787 -0.976677 -3.974022 -0.900993 -1.061666 0.595060 8.614171 2.324719 7.075523 -1.245404 0.081506 -1.572031 3.505433 0.900000 1.272454 6.268764 0.004858 6.205565 2.710836 -2.340473 4.249581 0.549249 24.268544 -0.691852 21.957598 44.156727 -19.232523 14.686657 -2.939205 -21.468417 -0.592835 3.610791 -7.277646 0.000000 0.000000 0.000000 0.000000 0.000000 0.000000 0.000000 0.000000 0.000000 0.000000 0.000000 0.000000 0.000000 0.000000 0.000000 0.000000 0.000000 0.000000 0.000000 0.000000 0.000000 0.000000 0.000000 0.000000 0.000000 0.000000 0.000000 0.000000 0.000000 0.000000 0.000000 0.000000 0.000000 0.000000 0.000000 0.000000 0.000000 0.000000 0.000000 0.000000 0.000000 0.000000 1.590621 -22.367281 6.999151 23.827677 -43.841678 25.258982 10.027380 2.843024 26.698600 -2.786433 -5.293286 6.145301 0.000000 0.000000 0.000000 0.000000 0.000000 0.000000 0.000000 0.000000 0.000000 0.000000 0.000000 0.000000 0.000000 0.000000 0.000000 0.000000 0.000000 0.000000 0.000000 0.000000 0.000000 0.000000 0.000000 0.000000 0.000000 0.000000 0.000000 0.000000 0.000000 0.000000 0.000000 0.000000 0.000000 0.000000 0.000000 0.000000 0.000000 0.000000 0.000000 0.000000 0.000000 0.000000
-0.034390 -0.851775 1.017697 -2.324547 0.337363 -2.549296 -18.236568 2.527973 -5.126254 18.683478 5.060822 -5.465324 -6.245876 -7.018498 11.420079 -0.651655 -2.532779 -1.331078 2.237402 0.447152 -1.289758 37.640863 -0.499115 7.235329 -5.245606 -2.389109 -4.573586 -0.761150 -1.058082 0.670923 8.796407 2.932531 6.229004 -1.345963 -0.151615 -1.312874 3.661037 0.786542 1.020349 6.346553 -0.065405 6.132964 2.241849 -2.188996 4.276080 0.843117 23.802183 -1.246531 21.908430 43.970544 -19.979491 14.631467 -2.857803 -21.972985 0.205593 3.918882 -7.295154 0.000000 0.000000 0.000000 0.000000 0.000000 0.000000 0.000000 0.000000 0.000000 0.000000 0.000000 0.000000 0.000000 0.000000 0.000000 0.000000 0.000000 0.000000 0.000000 0.000000 0.000000 0.000000 0.000000 0.000000 0.000000 0.000000 0.000000 0.000000 0.000000 0.000000 0.000000 0.000000 0.000000 0.000000 0.000000 0.000000 0.000000 0.000000 0.000000 0.000000 0.000000 0.000000 1.744621 -22.365766 7.202982 24.257544 -44.139787 24.859263 9.916378 2.835731 26.546417 -2.577721 -5.820455 6.091361 0.000000 0.000000 0.000000 0.000000 0.000000 0.000000 0.000000 0.000000 0.000000 0.000000 0.000000 0.000000 0.000000 0.000000 0.000000 0.000000 0.000000 0.000000 0.000000 0.000000 0.000000 0.000000 0.000000 0.000000 0.000000 0.000000 0.000000 0.000000 0.000000 0.000000 0.000000 0.000000 0.000000 0.000000 0.000000 0.000000 0.000000 0.000000 0.000000 0.000000 0.000000 0.000000
-0.033961 -0.829810 1.020733 -3.118618 0.072426 -2.259057 -15.717514 3.124044 -5.125692 19.048394 5.072592 -6.737232 -7.468047 -8.571950 11.841250 -0.721164 -2.520079 -1.244181 -3.002151 1.431596 -0.813699 46.707586 -1.371600 5.964171 -2.249638 -3.010129 -5.183845 -0.641993 -1.098129 0.714322 9.388228 3.508340 5.145618 -1.683839 -0.447224 -1.100841 3.860384 0.665341 0.738380 6.357051 -0.039459 6.504223 1.708635 -1.901571 4.513320 1.009236 23.254463 -1.755641 21.778417 43.713187 -20.621137 14.938752 -2.854646 -22.560757 0.530213 4.023636 -7.391987 0.000000 0.000000 0.000000 0.000000 0.000000 0.000000 0.000000 0.000000 0.000000 0.000000 0.000000 0.000000 0.000000 0.000000 0.000000 0.000000 0.000000 0.000000 0.000000 0.000000 0.000000 0.000000 0.000000 0.000000 0.000000 0.000000 0.000000 0.000000 0.000000 0.000000 0.000000 0.000000 0.000000 0.000000 0.000000 0.000000 0.000000 0.000000 0.000000 0.000000 0.000000 0.000000 1.847866 -22.324440 7.332569 24.475753 -44.413955 24.596467 9.844500 2.921422 26.487458 -2.516049 -6.209174 5.961397 0.000000 0.000000 0.000000 0.000000 0.000000 0.000000 0.000000 0.000000 0.000000 0.000000 0.000000 0.000000 0.000000 0.000000 0.000000 0.000000 0.000000 0.000000 0.000000 0.000000 0.000000 0.000000 0.000000 0.000000 0.000000 0.000000 0.000000 0.000000 0.000000 0.000000 0.000000 0.000000 0.000000 0.000000 0.000000 0.000000 0.000000 0.000000 0.000000 0.000000 0.000000 0.000000
-0.038386 -0.810509 1.023761 -4.019833 0.225372 -1.886039 -12.811592 3.426773 -4.738304 18.691790 4.763089 -7.964690 -8.878541 -9.602200 12.051471 -0.815845 -2.559140 -1.229176 -7.698529 1.800247 -0.304411 53.078131 -2.152868 4.656952 -1.947896 -2.504529 -6.172624 -0.541930 -1.170879 0.799005 10.013313 3.803197 3.987806 -1.730488 -0.809834 -1.018135 3.832262 0.536354 0.463249 6.297024 0.054402 6.919880 1.019998 -1.517496 4.636541 1.052587 22.915395 -2.381686 21.596098 43.297960 -21.274156 15.251553 -3.081553 -23.018085 1.015640 4.009104 -7.331616 0.000000 0.000000 0.000000 0.000000 0.000000 0.000000 0.000000 0.000000 0.000000 0.000000 0.000000 0.000000 0.000000 0.000000 0.000000 0.000000 0.000000 0.000000 0.000000 0.000000 0.000000 0.000000 0.000000 0.000000 0.000000 0.000000 0.000000 0.000000 0.000000 0.000000 0.000000 0.000000 0.000000 0.000000 0.000000 0.000000 0.000000 0.000000 0.000000 0.000000 0.000000 0.000000 1.889323 -22.464542 7.450094 24.501745 -44.407181 24.162419 9.990582 3.140028 26.588360 -2.009378 -6.217627 5.881022 0.000000 0.000000 0.000000 0.000000 0.000000 0.000000 0.000000 0.000000 0.000000 0.000000 0.000000 0.000000 0.000000 0.000000 0.000000 0.000000 0.000000 0.000000 0.000000 0.000000 0.000000 0.000000 0.000000 0.000000 0.000000 0.000000 0.000000 0.000000 0.000000 0.000000 0.000000 0.000000 0.000000 0.000000 0.000000 0.000000 0.000000 0.000000 0.000000 0.000000 0.000000 0.000000
-0.042154 -0.794815 1.027043 -5.002993 0.484815 -1.405626 -9.572455 3.460294 -4.060279 17.464790 4.290443 -9.280600 -10.123182 -10.078611 12.136670 -0.891102 -2.621314 -1.223224 -12.029623 1.787318 0.289163 56.656550 -3.082015 3.617429 -3.763110 -1.155747 -7.193527 -0.439689 -1.283557 0.819496 10.686830 3.720773 2.711259 -1.894518 -1.198106 -1.032228 3.836862 0.374028 0.159869 6.123514 0.127703 7.367657 0.602816 -0.949467 4.690849 0.989297 22.594051 -2.934430 21.433849 42.970428 -22.028820 15.656066 -3.268941 -23.278213 1.633525 3.684153 -7.183145 0.000000 0.000000 0.000000 0.000000 0.000000 0.000000 0.000000 0.000000 0.000000 0.000000 0.000000 0.000000 0.000000 0.000000 0.000000 0.000000 0.000000 0.000000 0.000000 0.000000 0.000000 0.000000 0.000000 0.000000 0.000000 0.000000 0.000000 0.000000 0.000000 0.000000 0.000000 0.000000 0.000000 0.000000 0.000000 0.000000 0.000000 0.000000 0.000000 0.000000 0.000000 0.000000 1.736871 -22.648476 7.326558 24.424487 -44.287124 23.764994 10.293628 3.384778 26.742977 -1.261122 -5.744658 5.849749 0.000000 0.000000 0.000000 0.000000 0.000000 0.000000 0.000000 0.000000 0.000000 0.000000 0.000000 0.000000 0.000000 0.000000 0.000000 0.000000 0.000000 0.000000 0.000000 0.000000 0.000000 0.000000 0.000000 0.000000 0.000000 0.000000 0.000000 0.000000 0.000000 0.000000 0.000000 0.000000 0.000000 0.000000 0.000000 0.000000 0.000000 0.000000 0.000000 0.000000 0.000000 0.000000
-0.050649 -0.778855 1.030279 -5.941409 1.062499 -0.894659 -6.044976 3.217348 -3.130829 15.558538 3.796041 -10.658840 -11.475551 -10.133468 12.118718 -0.941733 -2.679201 -1.213714 -15.702119 1.613062 0.809146 56.901721 -3.938253 2.531382 -6.595771 0.306258 -8.120447 -0.402223 -1.389843 0.858203 11.335233 3.388001 1.453475 -2.025024 -1.549084 -1.154293 3.750959 0.202821 -0.112925 5.994077 0.345527 7.695133 0.349893 -0.527739 4.930455 0.815496 22.300202 -3.371334 21.249598 42.664317 -22.881915 15.774273 -3.581751 -23.573356 2.048602 3.337610 -7.097619 0.000000 0.000000 0.000000 0.000000 0.000000 0.000000 0.000000 0.000000 0.000000 0.000000 0.000000 0.000000 0.000000 0.000000 0.000000 0.000000 0.000000 0.000000 0.000000 0.000000 0.000000 0.000000 0.000000 0.000000 0.000000 0.000000 0.000000 0.000000 0.000000 0.000000 0.000000 0.000000 0.000000 0.000000 0.000000 0.000000 0.000000 0.000000 0.000000 0.000000 0.000000 0.000000 1.571987 -22.673081 7.090268 24.334093 -44.214068 23.407813 10.567070 3.651167 27.124601 -0.594704 -5.316870 5.879883 0.000000 0.000000 0.000000 0.000000 0.000000 0.000000 0.000000 0.000000 0.000000 0.000000 0.000000 0.000000 0.000000 0.000000 0.000000 0.000000 0.000000 0.000000 0.000000 0.000000 0.000000 0.000000 0.000000 0.000000 0.000000 0.000000 0.000000 0.000000 0.000000 0.000000 0.000000 0.000000 0.000000 0.000000 0.000000 0.000000 0.000000 0.000000 0.000000 0.000000 0.000000 0.000000
-0.056878 -0.756612 1.032921 -6.585578 1.708480 -0.364966 -2.332044 2.710767 -2.146804 13.207108 3.213929 -12.197072 -12.968120 -10.060851 11.982865 -0.881115 -2.613365 -1.181046 -18.788592 1.350122 1.273846 53.114239 -4.888790 1.439226 -8.627060 0.809777 -8.771984 -0.391991 -1.534321 0.852803 11.953245 2.665855 0.260109 -2.169079 -1.954251 -1.317475 3.576087 -0.019185 -0.405505 5.879383 0.670831 7.461254 0.097557 -0.143563 5.122081 0.638935 21.957796 -3.886912 21.297672 42.510388 -23.946303 15.903619 -3.710090 -23.831081 2.299707 2.637931 -6.781429 0.000000 0.000000 0.000000 0.000000 0.000000 0.000000 0.000000 0.000000 0.000000 0.000000 0.000000 0.000000 0.000000 0.000000 0.000000 0.000000 0.000000 0.000000 0.000000 0.000000 0.000000 0.000000 0.000000 0.000000 0.000000 0.000000 0.000000 0.000000 0.000000 0.000000 0.000000 0.000000 0.000000 0.000000 0.000000 0.000000 0.000000 0.000000 0.000000 0.000000 0.000000 0.000000 1.190913 -22.331856 6.816139 24.414465 -44.145617 23.250220 10.700794 3.676400 27.302348 -0.294362 -4.711604 5.628650 0.000000 0.000000 0.000000 0.000000 0.000000 0.000000 0.000000 0.000000 0.000000 0.000000 0.000000 0.000000 0.000000 0.000000 0.000000 0.000000 0.000000 0.000000 0.000000 0.000000 0.000000 0.000000 0.000000 0.000000 0.000000 0.000000 0.000000 0.000000 0.000000 0.000000 0.000000 0.000000 0.000000 0.000000 0.000000 0.000000 0.000000 0.000000 0.000000 0.000000 0.000000 0.000000
-0.059913 -0.734212 1.034252 -6.900881 2.097482 -0.046636 0.568735 2.328278 -1.339745 11.430342 2.846775 -13.327765 -14.075145 -10.040147 11.760422 -0.854890 -2.446209 -1.160962 -20.884142 0.990919 1.567604 47.993949 -5.070340 0.413482 -9.172698 0.618668 -9.248162 -0.447768 -1.589947 0.859601 12.484071 2.243841 -0.562312 -2.354917 -2.179129 -1.357076 3.511306 -0.254651 -0.602633 5.581250 0.850982 7.507029 -0.129965 -0.083659 5.427391 0.400688 21.524590 -4.128134 21.331909 42.302189 -25.236442 15.645454 -3.717501 -24.323452 1.684557 2.060386 -6.858533 0.000000 0.000000 0.000000 0.000000 0.000000 0.000000 0.000000 0.000000 0.000000 0.000000 0.000000 0.000000 0.000000 0.000000 0.000000 0.000000 0.000000 0.000000 0.000000 0.000000 0.000000 0.000000 0.000000 0.000000 0.000000 0.000000 0.000000 0.000000 0.000000 0.000000 0.000000 0.000000 0.000000 0.000000 0.000000 0.000000 0.000000 0.000000 0.000000 0.000000 0.000000 0.000000 0.946975 -22.133284 6.459424 24.543884 -44.082923 23.306412 10.612486 3.608333 27.526673 -0.218245 -4.428517 5.431961 0.000000 0.000000 0.000000 0.000000 0.000000 0.000000 0.000000 0.000000 0.000000 0.000000 0.000000 0.000000 0.000000 0.000000 0.000000 0.000000 0.000000 0.000000 0.000000 0.000000 0.000000 0.000000 0.000000 0.000000 0.000000 0.000000 0.000000 0.000000 0.000000 0.000000 0.000000 0.000000 0.000000 0.000000 0.000000 0.000000 0.000000 0.000000 0.000000 0.000000 0.000000 0.000000
-0.060257 -0.715293 1.034564 -7.249016 2.219578 0.226150 3.312741 2.209179 -0.672623 9.592098 2.475640 -14.272675 -14.974574 -10.025240 11.534310 -0.844447 -2.315032 -1.116817 -22.374771 0.737371 1.762537 42.931249 -4.970694 -0.492868 -8.832115 0.002281 -9.440528 -0.460188 -1.646953 0.874966 12.843346 2.035087 -1.237717 -2.366788 -2.330083 -1.404455 3.413313 -0.507968 -0.774105 5.276348 0.987978 7.617076 -0.245656 -0.160124 5.697415 0.291393 21.042101 -4.299600 21.195237 42.221762 -26.428562 15.217781 -3.614436 -24.684838 0.614521 1.676401 -7.065150 0.000000 0.000000 0.000000 0.000000 0.000000 0.000000 0.000000 0.000000 0.000000 0.000000 0.000000 0.000000 0.000000 0.000000 0.000000 0.000000 0.000000 0.000000 0.000000 0.000000 0.000000 0.000000 0.000000 0.000000 0.000000 0.000000 0.000000 0.000000 0.000000 0.000000 0.000000 0.000000 0.000000 0.000000 0.000000 0.000000 0.000000 0.000000 0.000000 0.000000 0.000000 0.000000 0.863901 -21.964093 6.188537 24.627652 -44.116458 23.400922 10.167113 3.568659 27.776891 -0.408262 -4.312005 5.256240 0.000000 0.000000 0.000000 0.000000 0.000000 0.000000 0.000000 0.000000 0.000000 0.000000 0.000000 0.000000 0.000000 0.000000 0.000000 0.000000 0.000000 0.000000 0.000000 0.000000 0.000000 0.000000 0.000000 0.000000 0.000000 0.000000 0.000000 0.000000 0.000000 0.000000 0.000000 0.000000 0.000000 0.000000 0.000000 0.000000 0.000000 0.000000 0.000000 0.000000 0.000000 0.000000
-0.057784 -0.698928 1.034128 -7.744750 2.204324 0.755530 5.894743 2.009962 -0.041516 8.145899 2.224432 -15.226399 -15.955551 -9.971538 11.137590 -0.791784 -2.089895 -1.051908 -23.527443 0.456255 1.982568 36.443888 -4.490247 -1.013239 -7.399168 -1.384786 -9.478279 -0.518082 -1.706668 0.867312 13.187608 1.896298 -1.877834 -2.500564 -2.526254 -1.449163 3.427285 -0.764914 -0.995285 4.806655 1.138962 7.227129 -0.513438 -0.300425 5.727925 0.087954 20.562980 -4.478630 21.040957 42.112055 -27.448522 14.560760 -3.370394 -25.285622 -0.335079 1.302864 -7.302276 0.000000 0.000000 0.000000 0.000000 0.000000 0.000000 0.000000 0.000000 0.000000 0.000000 0.000000 0.000000 0.000000 0.000000 0.000000 0.000000 0.000000 0.000000 0.000000 0.000000 0.000000 0.000000 0.000000 0.000000 0.000000 0.000000 0.000000 0.000000 0.000000 0.000000 0.000000 0.000000 0.000000 0.000000 0.000000 0.000000 0.000000 0.000000 0.000000 0.000000 0.000000 0.000000 0.593369 -21.778944 5.898887 24.895906 -44.111670 23.604336 9.312223 3.332908 27.941705 -0.584993 -4.121196 4.933684 0.000000 0.000000 0.000000 0.000000 0.000000 0.000000 0.000000 0.000000 0.000000 0.000000 0.000000 0.000000 0.000000 0.000000 0.000000 0.000000 0.000000 0.000000 0.000000 0.000000 0.000000 0.000000 0.000000 0.000000 0.000000 0.000000 0.000000 0.000000 0.000000 0.000000 0.000000 0.000000 0.000000 0.000000 0.000000 0.000000 0.000000 0.000000 0.000000 0.000000 0.000000 0.000000
-0.049889 -0.684040 1.033065 -8.308376 1.800696 1.478907 8.170062 1.894769 0.522450 7.278392 2.140165 -16.104738 -16.848948 -9.929785 10.547633 -0.729361 -1.743693 -1.009368 -23.759860 0.356162 2.203839 27.927788 -3.253998 -0.816246 -5.446299 -3.204108 -9.433220 -0.582156 -1.791957 0.768397 13.291200 1.782792 -2.473499 -2.508930 -2.653785 -1.417202 3.390644 -0.984408 -1.218661 4.382751 1.434064 6.423445 -0.531823 -0.666016 6.194762 -0.145157 20.175298 -4.647403 21.169101 42.122534 -28.552540 13.691042 -3.070225 -26.133638 -0.934838 0.979944 -7.734851 0.000000 0.000000 0.000000 0.000000 0.000000 0.000000 0.000000 0.000000 0.000000 0.000000 0.000000 0.000000 0.000000 0.000000 0.000000 0.000000 0.000000 0.000000 0.000000 0.000000 0.000000 0.000000 0.000000 0.000000 0.000000 0.000000 0.000000 0.000000 0.000000 0.000000 0.000000 0.000000 0.000000 0.000000 0.000000 0.000000 0.000000 0.000000 0.000000 0.000000 0.000000 0.000000 0.324521 -21.428899 5.568028 25.372032 -44.363931 23.940559 7.729091 3.012372 27.895671 -0.911875 -4.465567 4.753824 0.000000 0.000000 0.000000 0.000000 0.000000 0.000000 0.000000 0.000000 0.000000 0.000000 0.000000 0.000000 0.000000 0.000000 0.000000 0.000000 0.000000 0.000000 0.000000 0.000000 0.000000 0.000000 0.000000 0.000000 0.000000 0.000000 0.000000 0.000000 0.000000 0.000000 0.000000 0.000000 0.000000 0.000000 0.000000 0.000000 0.000000 0.000000 0.000000 0.000000 0.000000 0.000000
-0.041609 -0.674440 1.031559 -9.060955 1.350638 2.099777 10.118365 1.907372 1.002615 6.947015 1.886032 -16.964882 -17.885941 -9.954462 10.077955 -0.681847 -1.467974 -0.930902 -23.643098 0.312029 2.187118 20.621191 -2.175771 -0.560667 -3.675538 -4.908972 -9.303484 -0.570605 -1.831879 0.666712 13.453253 1.686480 -2.886363 -2.500240 -2.694987 -1.399705 3.403374 -1.143569 -1.385098 3.833777 1.456314 5.768126 -0.404408 -0.852324 6.411050 -0.315496 19.938514 -4.666882 21.075704 42.219751 -29.210338 13.442460 -3.022948 -26.907448 -1.168810 0.548403 -8.083459 0.000000 0.000000 0.000000 0.000000 0.000000 0.000000 0.000000 0.000000 0.000000 0.000000 0.000000 0.000000 0.000000 0.000000 0.000000 0.000000 0.000000 0.000000 0.000000 0.000000 0.000000 0.000000 0.000000 0.000000 0.000000 0.000000 0.000000 0.000000 0.000000 0.000000 0.000000 0.000000 0.000000 0.000000 0.000000 0.000000 0.000000 0.000000 0.000000 0.000000 0.000000 0.000000 0.117919 -21.127114 5.318134 25.605747 -44.533173 24.226236 7.001627 2.771817 27.603659 -0.924196 -4.629105 4.534253 0.000000 0.000000 0.000000 0.000000 0.000000 0.000000 0.000000 0.000000 0.000000 0.000000 0.000000 0.000000 0.000000 0.000000 0.000000 0.000000 0.000000 0.000000 0.000000 0.000000 0.000000 0.000000 0.000000 0.000000 0.000000 0.000000 0.000000 0.000000 0.000000 0.000000 0.000000 0.000000 0.000000 0.000000 0.000000 0.000000 0.000000 0.000000 0.000000 0.000000 0.000000 0.000000
-0.031238 -0.661413 1.029619 -9.698614 0.844095 2.675360 11.793346 1.906469 1.280853 7.249724 1.485186 -17.935479 -19.085186 -9.974332 9.768763 -0.640119 -1.239359 -0.892242 -23.268959 0.288607 2.095226 14.486553 -1.214680 -0.350387 -2.306370 -6.314381 -9.154751 -0.506214 -1.882789 0.561179 13.474926 1.665648 -3.202833 -2.465456 -2.709208 -1.402042 3.464690 -1.246597 -1.516743 3.480466 1.425277 5.157747 -0.327419 -1.021829 6.641352 -0.548477 19.817441 -4.643426 20.959652 42.306120 -29.663698 13.262021 -2.991040 -27.517725 -1.212401 0.024318 -8.414595 0.000000 0.000000 0.000000 0.000000 0.000000 0.000000 0.000000 0.000000 0.000000 0.000000 0.000000 0.000000 0.000000 0.000000 0.000000 0.000000 0.000000 0.000000 0.000000 0.000000 0.000000 0.000000 0.000000 0.000000 0.000000 0.000000 0.000000 0.000000 0.000000 0.000000 0.000000 0.000000 0.000000 0.000000 0.000000 0.000000 0.000000 0.000000 0.000000 0.000000 0.000000 0.000000 -0.150756 -20.944485 5.051292 25.810755 -44.656070 24.381610 6.337176 2.540496 27.475236 -0.945196 -4.681039 4.437385 0.000000 0.000000 0.000000 0.000000 0.000000 0.000000 0.000000 0.000000 0.000000 0.000000 0.000000 0.000000 0.000000 0.000000 0.000000 0.000000 0.000000 0.000000 0.000000 0.000000 0.000000 0.000000 0.000000 0.000000 0.000000 0.000000 0.000000 0.000000 0.000000 0.000000 0.000000 0.000000 0.000000 0.000000 0.000000 0.000000 0.000000 0.000000 0.000000 0.000000 0.000000 0.000000
-0.022383 -0.640295 1.026964 -9.834897 0.450356 3.294083 13.157826 1.802942 1.442589 7.684827 1.072858 -18.479092 -20.203419 -9.836267 9.331358 -0.633921 -1.139830 -0.868845 -23.088759 0.135399 2.144756 11.487655 -0.629745 -0.189532 -1.281492 -7.020324 -9.156473 -0.468344 -1.869435 0.517768 13.255623 1.651167 -3.443438 -2.325720 -2.781732 -1.472020 3.427220 -1.312831 -1.650067 3.342756 1.429120 4.623181 -0.392020 -1.110889 6.700825 -0.541996 19.844271 -4.741434 20.976071 42.484889 -29.941641 13.206907 -2.980254 -27.613948 -0.971758 -0.279884 -8.686048 0.000000 0.000000 0.000000 0.000000 0.000000 0.000000 0.000000 0.000000 0.000000 0.000000 0.000000 0.000000 0.000000 0.000000 0.000000 0.000000 0.000000 0.000000 0.000000 0.000000 0.000000 0.000000 0.000000 0.000000 0.000000 0.000000 0.000000 0.000000 0.000000 0.000000 0.000000 0.000000 0.000000 0.000000 0.000000 0.000000 0.000000 0.000000 0.000000 0.000000 0.000000 0.000000 -0.253502 -20.876850 5.026608 25.866257 -44.722559 24.396921 6.073893 2.376160 27.122619 -0.827049 -4.532121 4.500742 0.000000 0.000000 0.000000 0.000000 0.000000 0.000000 0.000000 0.000000 0.000000 0.000000 0.000000 0.000000 0.000000 0.000000 0.000000 0.000000 0.000000 0.000000 0.000000 0.000000 0.000000 0.000000 0.000000 0.000000 0.000000 0.000000 0.000000 0.000000 0.000000 0.000000 0.000000 0.000000 0.000000 0.000000 0.000000 0.000000 0.000000 0.000000 0.000000 0.000000 0.000000 0.000000
-0.013202 -0.608781 1.024050 -9.572125 0.065827 4.066047 14.590723 1.523682 1.704278 8.005814 0.748603 -19.039052 -20.798641 -9.473969 8.979021 -0.665803 -1.009739 -0.862088 -23.020651 0.006342 2.284292 10.390109 -0.397144 -0.129266 -0.784054 -7.088548 -9.434096 -0.496356 -1.895297 0.522551 12.874878 1.492318 -3.777753 -2.130521 -2.885223 -1.533315 3.399080 -1.282762 -1.823169 3.077595 1.341256 4.221046 -0.513584 -1.118777 6.770260 -0.422049 20.085968 -4.760632 20.953927 42.572208 -29.930516 13.384306 -3.046622 -27.917466 -0.481037 -0.461625 -8.711502 0.000000 0.000000 0.000000 0.000000 0.000000 0.000000 0.000000 0.000000 0.000000 0.000000 0.000000 0.000000 0.000000 0.000000 0.000000 0.000000 0.000000 0.000000 0.000000 0.000000 0.000000 0.000000 0.000000 0.000000 0.000000 0.000000 0.000000 0.000000 0.000000 0.000000 0.000000 0.000000 0.000000 0.000000 0.000000 0.000000 0.000000 0.000000 0.000000 0.000000 0.000000 0.000000 -0.345568 -20.948789 4.854596 25.885835 -44.755945 24.203181 5.851341 2.371028 26.977507 -0.695056 -4.475638 4.495493 0.000000 0.000000 0.000000 0.000000 0.000000 0.000000 0.000000 0.000000 0.000000 0.000000 0.000000 0.000000 0.000000 0.000000 0.000000 0.000000 0.000000 0.000000 0.000000 0.000000 0.000000 0.000000 0.000000 0.000000 0.000000 0.000000 0.000000 0.000000 0.000000 0.000000 0.000000 0.000000 0.000000 0.000000 0.000000 0.000000 0.000000 0.000000 0.000000 0.000000 0.000000 0.000000
-0.007884 -0.565636 1.021217 -8.672221 0.149192 4.789115 15.186313 0.958310 1.635411 9.351649 0.254076 -19.392400 -20.707777 -9.020856 9.333790 -0.695637 -0.945102 -0.829508 -23.463152 -0.484385 2.602517 12.439121 -0.639229 -0.099833 -0.520315 -6.366998 -9.770556 -0.627335 -1.808354 0.559293 12.199230 1.066352 -4.029172 -1.918676 -3.058280 -1.555261 3.214914 -1.185542 -1.948566 3.095150 1.362760 3.749919 -0.830412 -1.008093 6.580532 -0.146112 20.567355 -4.740629 21.337274 42.705143 -29.984504 13.458662 -3.243135 -27.657582 -0.032433 -0.537250 -8.696380 0.000000 0.000000 0.000000 0.000000 0.000000 0.000000 0.000000 0.000000 0.000000 0.000000 0.000000 0.000000 0.000000 0.000000 0.000000 0.000000 0.000000 0.000000 0.000000 0.000000 0.000000 0.000000 0.000000 0.000000 0.000000 0.000000 0.000000 0.000000 0.000000 0.000000 0.000000 0.000000 0.000000 0.000000 0.000000 0.000000 0.000000 0.000000 0.000000 0.000000 0.000000 0.000000 -0.180919 -21.224229 4.895938 25.665121 -44.665107 23.863229 6.150098 2.487985 26.354597 -0.417197 -4.373244 4.670589 0.000000 0.000000 0.000000 0.000000 0.000000 0.000000 0.000000 0.000000 0.000000 0.000000 0.000000 0.000000 0.000000 0.000000 0.000000 0.000000 0.000000 0.000000 0.000000 0.000000 0.000000 0.000000 0.000000 0.000000 0.000000 0.000000 0.000000 0.000000 0.000000 0.000000 0.000000 0.000000 0.000000 0.000000 0.000000 0.000000 0.000000 0.000000 0.000000 0.000000 0.000000 0.000000
-0.003158 -0.522504 1.019740 -7.725472 0.275385 5.375639 15.670423 0.270958 1.710396 10.754912 0.074965 -19.514059 -19.660463 -8.141855 9.899789 -0.716830 -0.918795 -0.816277 -24.063350 -1.048816 3.057030 15.983422 -1.160958 -0.111852 -0.262596 -5.304491 -10.036862 -0.806326 -1.768373 0.632442 11.619707 0.567505 -4.291202 -1.882442 -3.209946 -1.543859 3.081961 -1.038044 -2.054410 3.273490 1.335912 3.657491 -0.777476 -0.765192 6.514729 0.279466 21.173865 -4.590005 21.484416 42.906258 -29.489448 13.944443 -3.397134 -27.125342 0.442095 -0.307688 -8.556549 0.000000 0.000000 0.000000 0.000000 0.000000 0.000000 0.000000 0.000000 0.000000 0.000000 0.000000 0.000000 0.000000 0.000000 0.000000 0.000000 0.000000 0.000000 0.000000 0.000000 0.000000 0.000000 0.000000 0.000000 0.000000 0.000000 0.000000 0.000000 0.000000 0.000000 0.000000 0.000000 0.000000 0.000000 0.000000 0.000000 0.000000 0.000000 0.000000 0.000000 0.000000 0.000000 0.067120 -21.629828 4.995114 25.217249 -44.469929 23.408467 6.658737 2.620332 25.640599 -0.177911 -4.445505 4.774965 0.000000 0.000000 0.000000 0.000000 0.000000 0.000000 0.000000 0.000000 0.000000 0.000000 0.000000 0.000000 0.000000 0.000000 0.000000 0.000000 0.000000 0.000000 0.000000 0.000000 0.000000 0.000000 0.000000 0.000000 0.000000 0.000000 0.000000 0.000000 0.000000 0.000000 0.000000 0.000000 0.000000 0.000000 0.000000 0.000000 0.000000 0.000000 0.000000 0.000000 0.000000 0.000000
-0.000034 -0.475007 1.019812 -6.566632 0.572204 5.727636 15.442246 -0.605775 1.680899 13.368918 -0.084801 -19.583515 -17.699473 -6.518612 10.231824 -0.745692 -0.878710 -0.831857 -24.538384 -1.726897 3.361197 19.553281 -1.776602 -0.182597 -0.548118 -3.892758 -10.186488 -0.966607 -1.651488 0.707874 10.863535 -0.043945 -4.459168 -1.841430 -3.349067 -1.561614 2.979740 -0.854428 -2.094170 3.354851 1.401495 3.620759 -0.934787 -0.455799 6.463542 0.701258 21.869159 -4.390579 21.702053 43.104833 -28.789949 14.323005 -3.491968 -26.461495 0.757412 -0.075937 -8.323355 0.000000 0.000000 0.000000 0.000000 0.000000 0.000000 0.000000 0.000000 0.000000 0.000000 0.000000 0.000000 0.000000 0.000000 0.000000 0.000000 0.000000 0.000000 0.000000 0.000000 0.000000 0.000000 0.000000 0.000000 0.000000 0.000000 0.000000 0.000000 0.000000 0.000000 0.000000 0.000000 0.000000 0.000000 0.000000 0.000000 0.000000 0.000000 0.000000 0.000000 0.000000 0.000000 0.398011 -22.056676 5.101436 24.789919 -44.215987 22.976204 7.248931 2.731782 25.140512 -0.122587 -4.444139 4.925984 0.000000 0.000000 0.000000 0.000000 0.000000 0.000000 0.000000 0.000000 0.000000 0.000000 0.000000 0.000000 0.000000 0.000000 0.000000 0.000000 0.000000 0.000000 0.000000 0.000000 0.000000 0.000000 0.000000 0.000000 0.000000 0.000000 0.000000 0.000000 0.000000 0.000000 0.000000 0.000000 0.000000 0.000000 0.000000 0.000000 0.000000 0.000000 0.000000 0.000000 0.000000 0.000000
0.004949 -0.427729 1.021683 -5.514762 0.878365 5.866226 14.451174 -1.681464 1.792937 17.515131 -0.023290 -19.335694 -15.032849 -4.729230 10.176504 -0.729715 -0.908770 -0.872088 -24.566424 -2.614691 3.456308 22.507031 -2.239879 -0.093562 -1.482509 -1.903924 -10.100612 -1.112511 -1.507116 0.764935 10.019713 -0.604377 -4.370266 -1.698373 -3.448864 -1.657779 2.955599 -0.646911 -2.118367 3.504362 1.486125 3.648954 -0.853279 -0.169780 6.317037 1.238616 22.567335 -4.205517 21.886468 43.520837 -27.799456 14.663422 -3.489541 -25.068843 1.038920 0.272321 -7.948456 0.000000 0.000000 0.000000 0.000000 0.000000 0.000000 0.000000 0.000000 0.000000 0.000000 0.000000 0.000000 0.000000 0.000000 0.000000 0.000000 0.000000 0.000000 0.000000 0.000000 0.000000 0.000000 0.000000 0.000000 0.000000 0.000000 0.000000 0.000000 0.000000 0.000000 0.000000 0.000000 0.000000 0.000000 0.000000 0.000000 0.000000 0.000000 0.000000 0.000000 0.000000 0.000000 0.803632 -22.409090 5.336561 24.367638 -44.002487 22.575381 7.979808 2.777755 24.609809 -0.345040 -4.446683 4.958589 0.000000 0.000000 0.000000 0.000000 0.000000 0.000000 0.000000 0.000000 0.000000 0.000000 0.000000 0.000000 0.000000 0.000000 0.000000 0.000000 0.000000 0.000000 0.000000 0.000000 0.000000 0.000000 0.000000 0.000000 0.000000 0.000000 0.000000 0.000000 0.000000 0.000000 0.000000 0.000000 0.000000 0.000000 0.000000 0.000000 0.000000 0.000000 0.000000 0.000000 0.000000 0.000000
0.011068 -0.383872 1.025175 -4.690741 1.143397 5.540938 12.677040 -2.653655 1.795241 22.946751 0.177136 -18.558186 -12.053285 -2.687264 9.500769 -0.601217 -0.985869 -0.890501 -23.737761 -3.633788 3.407210 24.063211 -2.519636 0.010987 -3.596646 0.360453 -9.527613 -1.159973 -1.357765 0.752020 9.519973 -1.105122 -4.130026 -1.709766 -3.473392 -1.775012 2.885502 -0.473774 -2.027926 3.872283 1.597570 3.682632 -0.662033 -0.048030 6.145117 1.634981 23.032210 -3.966476 22.109275 43.995095 -26.599132 15.157060 -3.495883 -24.107107 1.363394 0.863869 -7.546395 0.000000 0.000000 0.000000 0.000000 0.000000 0.000000 0.000000 0.000000 0.000000 0.000000 0.000000 0.000000 0.000000 0.000000 0.000000 0.000000 0.000000 0.000000 0.000000 0.000000 0.000000 0.000000 0.000000 0.000000 0.000000 0.000000 0.000000 0.000000 0.000000 0.000000 0.000000 0.000000 0.000000 0.000000 0.000000 0.000000 0.000000 0.000000 0.000000 0.000000 0.000000 0.000000 1.187034 -22.606558 5.665747 23.973725 -43.912491 22.164803 8.811457 2.774672 24.598081 -0.947368 -4.438134 4.965212 0.000000 0.000000 0.000000 0.000000 0.000000 0.000000 0.000000 0.000000 0.000000 0.000000 0.000000 0.000000 0.000000 0.000000 0.000000 0.000000 0.000000 0.000000 0.000000 0.000000 0.000000 0.000000 0.000000 0.000000 0.000000 0.000000 0.000000 0.000000 0.000000 0.000000 0.000000 0.000000 0.000000 0.000000 0.000000 0.000000 0.000000 0.000000 0.000000 0.000000 0.000000 0.000000
0.018464 -0.346137 1.029304 -4.266603 1.187916 5.254777 9.660374 -3.778481 1.670795 29.944582 0.775496 -17.056292 -6.791273 0.043949 8.653565 -0.445427 -1.036870 -0.907859 -22.151836 -4.412720 3.190509 24.671125 -2.594900 0.388245 -5.561292 2.564398 -8.860730 -1.139024 -1.242303 0.717039 9.228735 -1.434587 -3.600334 -1.705830 -3.299743 -1.951382 2.913986 -0.333514 -1.907196 4.261294 1.623152 3.558391 -0.472890 -0.035908 5.914378 1.910407 23.312203 -3.812253 22.162339 44.334112 -25.487272 15.721421 -3.368187 -22.984795 1.297111 1.542419 -7.132621 0.000000 0.000000 0.000000 0.000000 0.000000 0.000000 0.000000 0.000000 0.000000 0.000000 0.000000 0.000000 0.000000 0.000000 0.000000 0.000000 0.000000 0.000000 0.000000 0.000000 0.000000 0.000000 0.000000 0.000000 0.000000 0.000000 0.000000 0.000000 0.000000 0.000000 0.000000 0.000000 0.000000 0.000000 0.000000 0.000000 0.000000 0.000000 0.000000 0.000000 0.000000 0.000000 1.484669 -22.584225 5.970115 23.753261 -43.988079 22.030203 9.554505 2.770447 24.851136 -2.075720 -4.491591 4.836466 0.000000 0.000000 0.000000 0.000000 0.000000 0.000000 0.000000 0.000000 0.000000 0.000000 0.000000 0.000000 0.000000 0.000000 0.000000 0.000000 0.000000 0.000000 0.000000 0.000000 0.000000 0.000000 0.000000 0.000000 0.000000 0.000000 0.000000 0.000000 0.000000 0.000000 0.000000 0.000000 0.000000 0.000000 0.000000 0.000000 0.000000 0.000000 0.000000 0.000000 0.000000 0.000000
0.025552 -0.311551 1.033389 -4.118407 1.238298 4.733269 5.523220 -4.746857 1.411050 38.131761 1.512590 -14.800708 -0.999442 2.253392 7.832898 -0.299387 -1.012446 -0.938998 -20.063761 -5.142831 2.754584 24.731535 -2.637564 0.627984 -7.407632 4.409775 -7.847911 -1.172663 -1.088524 0.699780 9.484381 -1.689412 -2.785791 -1.783088 -3.064402 -2.102578 2.960362 -0.206350 -1.712988 4.462233 1.527929 3.346658 -0.319190 -0.131972 5.580282 2.080389 23.409709 -3.859267 22.193595 44.538134 -24.353904 16.713825 -3.421392 -22.401955 0.824204 2.138336 -6.735844 0.000000 0.000000 0.000000 0.000000 0.000000 0.000000 0.000000 0.000000 0.000000 0.000000 0.000000 0.000000 0.000000 0.000000 0.000000 0.000000 0.000000 0.000000 0.000000 0.000000 0.000000 0.000000 0.000000 0.000000 0.000000 0.000000 0.000000 0.000000 0.000000 0.000000 0.000000 0.000000 0.000000 0.000000 0.000000 0.000000 0.000000 0.000000 0.000000 0.000000 0.000000 0.000000 1.791706 -22.515315 6.486766 23.396462 -43.927249 21.724064 10.417968 2.883017 25.669756 -3.220150 -4.636323 4.814133 0.000000 0.000000 0.000000 0.000000 0.000000 0.000000 0.000000 0.000000 0.000000 0.000000 0.000000 0.000000 0.000000 0.000000 0.000000 0.000000 0.000000 0.000000 0.000000 0.000000 0.000000 0.000000 0.000000 0.000000 0.000000 0.000000 0.000000 0.000000 0.000000 0.000000 0.000000 0.000000 0.000000 0.000000 0.000000 0.000000 0.000000 0.000000 0.000000 0.000000 0.000000 0.000000
0.029995 -0.283764 1.037357 -4.257614 1.257901 4.318499 0.584004 -5.526933 0.986374 46.436577 2.370496 -12.186418 2.652953 3.061697 7.704626 -0.207793 -0.927699 -1.026927 -17.704125 -5.683269 2.366407 24.328624 -2.462497 1.128406 -8.823519 5.709669 -7.099807 -1.294020 -0.971359 0.699073 10.115007 -1.859340 -1.817739 -2.035428 -2.838087 -2.146057 3.026752 -0.080952 -1.461224 4.608084 1.303796 2.907368 -0.174026 -0.288779 5.283958 2.122641 23.395399 -3.962100 22.113155 44.583183 -23.504224 17.671435 -3.400426 -22.045969 0.139857 2.604926 -6.441145 0.000000 0.000000 0.000000 0.000000 0.000000 0.000000 0.000000 0.000000 0.000000 0.000000 0.000000 0.000000 0.000000 0.000000 0.000000 0.000000 0.000000 0.000000 0.000000 0.000000 0.000000 0.000000 0.000000 0.000000 0.000000 0.000000 0.000000 0.000000 0.000000 0.000000 0.000000 0.000000 0.000000 0.000000 0.000000 0.000000 0.000000 0.000000 0.000000 0.000000 0.000000 0.000000 2.016454 -22.402243 6.824377 22.845588 -43.587855 21.257737 11.266054 2.746687 26.617498 -4.162923 -4.720482 4.896296 0.000000 0.000000 0.000000 0.000000 0.000000 0.000000 0.000000 0.000000 0.000000 0.000000 0.000000 0.000000 0.000000 0.000000 0.000000 0.000000 0.000000 0.000000 0.000000 0.000000 0.000000 0.000000 0.000000 0.000000 0.000000 0.000000 0.000000 0.000000 0.000000 0.000000 0.000000 0.000000 0.000000 0.000000 0.000000 0.000000 0.000000 0.000000 0.000000 0.000000 0.000000 0.000000
0.030744 -0.260194 1.041720 -4.476305 1.291377 3.764452 -4.120154 -5.756918 0.332516 52.358779 3.358184 -9.764191 2.133348 2.055149 8.711330 -0.187823 -0.936407 -1.107041 -15.120330 -6.022101 1.992205 23.222192 -2.110813 1.807824 -9.800454 6.240458 -6.639515 -1.408199 -0.897681 0.731192 10.774375 -1.896183 -0.728843 -2.435932 -2.589386 -2.181195 3.186816 0.049713 -1.189076 4.775005 1.160787 2.459217 0.062345 -0.409361 4.931810 2.028604 23.430172 -3.858252 21.832174 44.489622 -22.679371 18.333777 -3.376667 -22.010161 -0.295279 2.879109 -6.231174 0.000000 0.000000 0.000000 0.000000 0.000000 0.000000 0.000000 0.000000 0.000000 0.000000 0.000000 0.000000 0.000000 0.000000 0.000000 0.000000 0.000000 0.000000 0.000000 0.000000 0.000000 0.000000 0.000000 0.000000 0.000000 0.000000 0.000000 0.000000 0.000000 0.000000 0.000000 0.000000 0.000000 0.000000 0.000000 0.000000 0.000000 0.000000 0.000000 0.000000 0.000000 0.000000 2.020691 -22.308120 6.962515 22.272246 -43.222735 20.987968 11.828774 2.720221 27.339901 -4.341751 -4.728133 4.884739 0.000000 0.000000 0.000000 0.000000 0.000000 0.000000 0.000000 0.000000 0.000000 0.000000 0.000000 0.000000 0.000000 0.000000 0.000000 0.000000 0.000000 0.000000 0.000000 0.000000 0.000000 0.000000 0.000000 0.000000 0.000000 0.000000 0.000000 0.000000 0.000000 0.000000 0.000000 0.000000 0.000000 0.000000 0.000000 0.000000 0.000000 0.000000 0.000000 0.000000 0.000000 0.000000
0.031072 -0.242115 1.046672 -4.914512 1.210124 3.154138 -8.838742 -5.608747 -0.458455 56.314531 4.382367 -7.833364 -0.391429 0.254746 9.832531 -0.187550 -0.965722 -1.186527 -12.204665 -6.130543 1.569628 21.440315 -1.642689 2.627392 -10.282175 6.267310 -6.276223 -1.539608 -0.860570 0.758680 11.395131 -1.800712 0.512438 -2.777131 -2.355841 -2.230460 3.342148 0.165376 -0.888914 5.078326 1.015665 2.125939 0.233769 -0.578126 4.664637 1.938272 23.438680 -3.765007 21.497610 44.433418 -21.930218 18.588076 -3.348726 -22.433522 -0.729555 2.956289 -6.240530 0.000000 0.000000 0.000000 0.000000 0.000000 0.000000 0.000000 0.000000 0.000000 0.000000 0.000000 0.000000 0.000000 0.000000 0.000000 0.000000 0.000000 0.000000 0.000000 0.000000 0.000000 0.000000 0.000000 0.000000 0.000000 0.000000 0.000000 0.000000 0.000000 0.000000 0.000000 0.000000 0.000000 0.000000 0.000000 0.000000 0.000000 0.000000 0.000000 0.000000 0.000000 0.000000 2.012035 -22.132986 7.056936 21.650209 -42.796728 20.791276 12.070002 2.670901 27.989920 -4.128678 -4.548936 5.050275 0.000000 0.000000 0.000000 0.000000 0.000000 0.000000 0.000000 0.000000 0.000000 0.000000 0.000000 0.000000 0.000000 0.000000 0.000000 0.000000 0.000000 0.000000 0.000000 0.000000 0.000000 0.000000 0.000000 0.000000 0.000000 0.000000 0.000000 0.000000 0.000000 0.000000 0.000000 0.000000 0.000000 0.000000 0.000000 0.000000 0.000000 0.000000 0.000000 0.000000 0.000000 0.000000
0.032054 -0.228739 1.051702 -5.365327 0.913817 2.252172 -12.777472 -5.188694 -1.270248 57.026395 5.485835 -6.490410 -3.091917 -1.375000 10.692119 -0.211959 -1.007090 -1.236294 -9.132170 -5.914153 1.082391 18.780670 -1.077777 3.474579 -10.370776 5.763500 -5.897729 -1.622796 -0.803101 0.778515 11.797270 -1.508550 1.826712 -2.993450 -2.066497 -2.232365 3.488503 0.307876 -0.513080 5.662197 0.967531 1.930085 0.501639 -0.708086 4.360795 1.812377 23.554957 -3.458241 21.122350 44.268904 -21.205922 18.686956 -3.422445 -22.964211 -1.041178 2.967292 -6.327228 0.000000 0.000000 0.000000 0.000000 0.000000 0.000000 0.000000 0.000000 0.000000 0.000000 0.000000 0.000000 0.000000 0.000000 0.000000 0.000000 0.000000 0.000000 0.000000 0.000000 0.000000 0.000000 0.000000 0.000000 0.000000 0.000000 0.000000 0.000000 0.000000 0.000000 0.000000 0.000000 0.000000 0.000000 0.000000 0.000000 0.000000 0.000000 0.000000 0.000000 0.000000 0.000000 1.928172 -21.941749 7.092803 21.184270 -42.356981 20.886508 12.284592 2.730637 28.790584 -4.052701 -4.376022 5.116493 0.000000 0.000000 0.000000 0.000000 0.000000 0.000000 0.000000 0.000000 0.000000 0.000000 0.000000 0.000000 0.000000 0.000000 0.000000 0.000000 0.000000 0.000000 0.000000 0.000000 0.000000 0.000000 0.000000 0.000000 0.000000 0.000000 0.000000 0.000000 0.000000 0.000000 0.000000 0.000000 0.000000 0.000000 0.000000 0.000000 0.000000 0.000000 0.000000 0.000000 0.000000 0.000000
0.034924 -0.218920 1.056356 -6.154627 0.323105 1.328227 -16.050646 -4.350981 -1.987883 54.208703 6.589833 -5.097921 -5.813512 -2.687767 11.299073 -0.174158 -1.114362 -1.283409 -5.006519 -5.386839 0.388983 14.668721 -0.306884 4.416129 -10.487669 5.040513 -5.307245 -1.632837 -0.642668 0.740890 12.244835 -1.052730 3.183400 -2.753891 -1.662458 -2.352596 3.448051 0.469061 -0.152380 6.211221 1.033906 1.899263 0.550090 -1.068622 3.998459 1.517299 23.514580 -3.164484 21.016933 44.296368 -20.579890 18.456220 -3.538536 -23.654072 -1.384365 2.872796 -6.768647 0.000000 0.000000 0.000000 0.000000 0.000000 0.000000 0.000000 0.000000 0.000000 0.000000 0.000000 0.000000 0.000000 0.000000 0.000000 0.000000 0.000000 0.000000 0.000000 0.000000 0.000000 0.000000 0.000000 0.000000 0.000000 0.000000 0.000000 0.000000 0.000000 0.000000 0.000000 0.000000 0.000000 0.000000 0.000000 0.000000 0.000000 0.000000 0.000000 0.000000 0.000000 0.000000 1.610464 -21.332073 7.268401 20.883786 -42.354842 21.449260 12.140634 2.663140 29.287016 -4.117444 -4.178600 5.623583 0.000000 0.000000 0.000000 0.000000 0.000000 0.000000 0.000000 0.000000 0.000000 0.000000 0.000000 0.000000 0.000000 0.000000 0.000000 0.000000 0.000000 0.000000 0.000000 0.000000 0.000000 0.000000 0.000000 0.000000 0.000000 0.000000 0.000000 0.000000 0.000000 0.000000 0.000000 0.000000 0.000000 0.000000 0.000000 0.000000 0.000000 0.000000 0.000000 0.000000 0.000000 0.000000
0.035117 -0.204853 1.058942 -6.667192 0.157484 0.557322 -17.888094 -3.924169 -2.321659 50.465037 6.795245 -4.507488 -6.800301 -3.075736 11.372455 -0.182307 -1.096392 -1.283591 -2.203559 -5.116695 -0.085277 12.656623 -0.089909 5.191350 -10.841836 4.573372 -4.951185 -1.705399 -0.663897 0.734451 12.669668 -0.791408 4.136907 -2.820341 -1.377028 -2.302502 3.464288 0.510941 0.192610 6.528095 1.026801 1.691259 0.836673 -1.241045 3.634076 1.341371 23.531335 -2.859754 20.900656 44.227487 -20.130423 18.243560 -3.542634 -24.235191 -1.531454 2.679352 -7.024279 0.000000 0.000000 0.000000 0.000000 0.000000 0.000000 0.000000 0.000000 0.000000 0.000000 0.000000 0.000000 0.000000 0.000000 0.000000 0.000000 0.000000 0.000000 0.000000 0.000000 0.000000 0.000000 0.000000 0.000000 0.000000 0.000000 0.000000 0.000000 0.000000 0.000000 0.000000 0.000000 0.000000 0.000000 0.000000 0.000000 0.000000 0.000000 0.000000 0.000000 0.000000 0.000000 1.452225 -21.038173 7.327730 20.512371 -42.097209 21.536502 11.855787 2.610095 30.011215 -4.260049 -3.900165 5.901079 0.000000 0.000000 0.000000 0.000000 0.000000 0.000000 0.000000 0.000000 0.000000 0.000000 0.000000 0.000000 0.000000 0.000000 0.000000 0.000000 0.000000 0.000000 0.000000 0.000000 0.000000 0.000000 0.000000 0.000000 0.000000 0.000000 0.000000 0.000000 0.000000 0.000000 0.000000 0.000000 0.000000 0.000000 0.000000 0.000000 0.000000 0.000000 0.000000 0.000000 0.000000 0.000000
0.035676 -0.180855 1.059915 -6.842779 0.014437 -0.333892 -19.018417 -3.340320 -2.599020 43.550281 6.617146 -3.799890 -6.687851 -2.593451 11.227072 -0.115472 -1.168902 -1.254112 0.837581 -4.862372 -0.579140 10.454282 0.123581 5.904066 -11.741644 4.235380 -4.348469 -1.658702 -0.698818 0.724398 13.023012 -0.618421 4.929697 -2.694844 -0.936197 -2.186630 3.403987 0.564953 0.534334 6.732131 1.152038 1.693823 1.105117 -1.505788 3.336695 1.028196 23.542565 -2.441004 20.997671 44.246112 -19.648053 17.830420 -3.642817 -25.102472 -1.948394 2.477448 -7.477109 0.000000 0.000000 0.000000 0.000000 0.000000 0.000000 0.000000 0.000000 0.000000 0.000000 0.000000 0.000000 0.000000 0.000000 0.000000 0.000000 0.000000 0.000000 0.000000 0.000000 0.000000 0.000000 0.000000 0.000000 0.000000 0.000000 0.000000 0.000000 0.000000 0.000000 0.000000 0.000000 0.000000 0.000000 0.000000 0.000000 0.000000 0.000000 0.000000 0.000000 0.000000 0.000000 1.288286 -20.596698 7.621462 20.300360 -41.947077 21.955202 11.299775 2.462030 30.712045 -4.731233 -3.485704 6.339242 0.000000 0.000000 0.000000 0.000000 0.000000 0.000000 0.000000 0.000000 0.000000 0.000000 0.000000 0.000000 0.000000 0.000000 0.000000 0.000000 0.000000 0.000000 0.000000 0.000000 0.000000 0.000000 0.000000 0.000000 0.000000 0.000000 0.000000 0.000000 0.000000 0.000000 0.000000 0.000000 0.000000 0.000000 0.000000 0.000000 0.000000 0.000000 0.000000 0.000000 0.000000 0.000000
0.039993 -0.151988 1.059039 -6.762618 -0.076407 -1.413829 -19.870989 -2.922788 -2.659081 34.917838 6.081677 -2.991374 -5.534535 -1.308431 10.903917 -0.073538 -1.364797 -1.270450 3.488090 -4.866036 -0.901730 8.857389 0.275902 6.515621 -13.023005 4.081834 -3.662742 -1.550182 -0.744213 0.749145 13.533652 -0.658985 5.520563 -2.707799 -0.379893 -2.009951 3.358849 0.595768 0.845904 6.545194 1.217072 1.833468 1.357704 -1.586740 2.938400 0.518268 23.457340 -1.973119 21.293895 44.451059 -19.454475 17.196100 -3.542796 -25.339735 -2.386065 2.377059 -7.764871 0.000000 0.000000 0.000000 0.000000 0.000000 0.000000 0.000000 0.000000 0.000000 0.000000 0.000000 0.000000 0.000000 0.000000 0.000000 0.000000 0.000000 0.000000 0.000000 0.000000 0.000000 0.000000 0.000000 0.000000 0.000000 0.000000 0.000000 0.000000 0.000000 0.000000 0.000000 0.000000 0.000000 0.000000 0.000000 0.000000 0.000000 0.000000 0.000000 0.000000 0.000000 0.000000 0.902044 -19.981327 7.951349 20.418720 -41.902149 22.790740 10.911877 2.156350 30.956397 -5.197002 -2.820748 6.647575 0.000000 0.000000 0.000000 0.000000 0.000000 0.000000 0.000000 0.000000 0.000000 0.000000 0.000000 0.000000 0.000000 0.000000 0.000000 0.000000 0.000000 0.000000 0.000000 0.000000 0.000000 0.000000 0.000000 0.000000 0.000000 0.000000 0.000000 0.000000 0.000000 0.000000 0.000000 0.000000 0.000000 0.000000 0.000000 0.000000 0.000000 0.000000 0.000000 0.000000 0.000000 0.000000
0.045785 -0.124646 1.056882 -6.868654 -0.012250 -2.369087 -19.901227 -2.629083 -2.452652 25.335635 4.951194 -2.706654 -4.716660 0.127781 10.406311 -0.094603 -1.589421 -1.222348 5.874004 -5.096112 -1.202249 8.161418 0.299506 7.227547 -14.591213 4.048223 -3.153435 -1.409840 -0.838234 0.713753 14.081206 -0.960879 5.926878 -2.879254 0.120470 -1.872411 3.435698 0.577728 1.089513 6.441001 1.151344 1.962705 1.946795 -1.645589 2.669328 -0.103264 23.289859 -1.525091 21.601591 44.694676 -19.277440 16.934260 -3.306104 -25.764588 -3.098622 2.102235 -7.822363 0.000000 0.000000 0.000000 0.000000 0.000000 0.000000 0.000000 0.000000 0.000000 0.000000 0.000000 0.000000 0.000000 0.000000 0.000000 0.000000 0.000000 0.000000 0.000000 0.000000 0.000000 0.000000 0.000000 0.000000 0.000000 0.000000 0.000000 0.000000 0.000000 0.000000 0.000000 0.000000 0.000000 0.000000 0.000000 0.000000 0.000000 0.000000 0.000000 0.000000 0.000000 0.000000 0.432745 -19.359073 8.120724 20.503050 -41.996396 23.605820 10.575820 2.014736 30.916548 -5.199675 -2.459407 6.633050 0.000000 0.000000 0.000000 0.000000 0.000000 0.000000 0.000000 0.000000 0.000000 0.000000 0.000000 0.000000 0.000000 0.000000 0.000000 0.000000 0.000000 0.000000 0.000000 0.000000 0.000000 0.000000 0.000000 0.000000 0.000000 0.000000 0.000000 0.000000 0.000000 0.000000 0.000000 0.000000 0.000000 0.000000 0.000000 0.000000 0.000000 0.000000 0.000000 0.000000 0.000000 0.000000
0.044955 -0.095626 1.053383 -6.787006 0.377906 -3.151330 -19.469909 -2.462544 -2.005778 16.581093 3.670987 -2.935697 -3.836827 1.651154 9.746120 -0.092621 -1.734717 -1.187007 8.031757 -5.427623 -1.454704 7.607991 0.427277 7.922851 -16.077586 4.154221 -2.648697 -1.222476 -0.936107 0.696224 14.199236 -1.252195 6.261772 -2.792709 0.425554 -1.792123 3.504975 0.498936 1.266666 6.547957 1.195089 2.163432 2.361879 -1.622994 2.421200 -0.490537 23.317187 -1.380146 21.838186 44.784924 -19.058311 16.765990 -3.099811 -25.860305 -3.579433 1.889763 -7.877780 0.000000 0.000000 0.000000 0.000000 0.000000 0.000000 0.000000 0.000000 0.000000 0.000000 0.000000 0.000000 0.000000 0.000000 0.000000 0.000000 0.000000 0.000000 0.000000 0.000000 0.000000 0.000000 0.000000 0.000000 0.000000 0.000000 0.000000 0.000000 0.000000 0.000000 0.000000 0.000000 0.000000 0.000000 0.000000 0.000000 0.000000 0.000000 0.000000 0.000000 0.000000 0.000000 0.133629 -19.108106 8.309232 20.512063 -41.876303 24.050444 10.347334 1.952985 31.048457 -5.550050 -2.187930 6.672722 0.000000 0.000000 0.000000 0.000000 0.000000 0.000000 0.000000 0.000000 0.000000 0.000000 0.000000 0.000000 0.000000 0.000000 0.000000 0.000000 0.000000 0.000000 0.000000 0.000000 0.000000 0.000000 0.000000 0.000000 0.000000 0.000000 0.000000 0.000000 0.000000 0.000000 0.000000 0.000000 0.000000 0.000000 0.000000 0.000000 0.000000 0.000000 0.000000 0.000000 0.000000 0.000000
0.037612 -0.066982 1.049035 -6.676770 0.993195 -3.723979 -19.210835 -2.410392 -1.492215 9.736366 2.662775 -3.155673 -2.572910 3.014175 9.058670 -0.130679 -1.825507 -1.157541 10.023479 -5.727733 -1.750969 7.251667 0.678157 8.660587 -17.491191 4.324902 -2.174771 -1.094274 -0.964978 0.671200 14.195934 -1.522184 6.561742 -2.741893 0.660060 -1.734084 3.570034 0.432993 1.347528 6.741484 1.112174 2.515864 2.746355 -1.641158 2.283266 -0.753354 23.401595 -1.200174 21.885909 44.897405 -18.807062 16.640937 -2.958232 -26.053435 -3.818933 1.676823 -7.777145 0.000000 0.000000 0.000000 0.000000 0.000000 0.000000 0.000000 0.000000 0.000000 0.000000 0.000000 0.000000 0.000000 0.000000 0.000000 0.000000 0.000000 0.000000 0.000000 0.000000 0.000000 0.000000 0.000000 0.000000 0.000000 0.000000 0.000000 0.000000 0.000000 0.000000 0.000000 0.000000 0.000000 0.000000 0.000000 0.000000 0.000000 0.000000 0.000000 0.000000 0.000000 0.000000 -0.076219 -18.960621 8.366425 20.522013 -41.853545 24.341056 10.280219 1.881768 31.231995 -5.938552 -1.903065 6.732491 0.000000 0.000000 0.000000 0.000000 0.000000 0.000000 0.000000 0.000000 0.000000 0.000000 0.000000 0.000000 0.000000 0.000000 0.000000 0.000000 0.000000 0.000000 0.000000 0.000000 0.000000 0.000000 0.000000 0.000000 0.000000 0.000000 0.000000 0.000000 0.000000 0.000000 0.000000 0.000000 0.000000 0.000000 0.000000 0.000000 0.000000 0.000000 0.000000 0.000000 0.000000 0.000000
0.030516 -0.038406 1.044359 -6.620407 1.821243 -4.486829 -18.213257 -2.402541 -0.938652 2.732932 1.231531 -3.831302 -1.874383 4.048277 8.368251 -0.183099 -1.944650 -1.127299 12.193841 -6.268298 -2.275159 6.735349 0.994083 9.793981 -18.694657 4.357986 -1.636964 -0.898561 -0.999473 0.601738 14.106592 -1.975237 6.769084 -2.613138 0.885120 -1.645908 3.623982 0.289795 1.386874 6.820992 1.171720 2.750823 2.790659 -1.784021 2.106349 -1.192361 23.535701 -1.074055 21.824567 45.052713 -18.257815 16.802722 -2.555869 -25.907195 -4.200468 1.495902 -7.741078 0.000000 0.000000 0.000000 0.000000 0.000000 0.000000 0.000000 0.000000 0.000000 0.000000 0.000000 0.000000 0.000000 0.000000 0.000000 0.000000 0.000000 0.000000 0.000000 0.000000 0.000000 0.000000 0.000000 0.000000 0.000000 0.000000 0.000000 0.000000 0.000000 0.000000 0.000000 0.000000 0.000000 0.000000 0.000000 0.000000 0.000000 0.000000 0.000000 0.000000 0.000000 0.000000 -0.523048 -18.769893 8.405836 20.510692 -41.949794 24.598468 10.503117 1.874445 31.410178 -5.872081 -1.625712 6.920643 0.000000 0.000000 0.000000 0.000000 0.000000 0.000000 0.000000 0.000000 0.000000 0.000000 0.000000 0.000000 0.000000 0.000000 0.000000 0.000000 0.000000 0.000000 0.000000 0.000000 0.000000 0.000000 0.000000 0.000000 0.000000 0.000000 0.000000 0.000000 0.000000 0.000000 0.000000 0.000000 0.000000 0.000000 0.000000 0.000000 0.000000 0.000000 0.000000 0.000000 0.000000 0.000000
0.023581 -0.011329 1.039748 -6.475227 2.425631 -5.175393 -18.313187 -2.229246 -0.842851 1.005005 0.852068 -3.736772 -1.085922 4.241692 8.357270 -0.287188 -2.076551 -1.180384 13.643572 -6.457761 -2.429874 7.103267 1.253254 10.682542 -19.803627 4.539229 -1.334013 -0.865689 -1.029905 0.579752 13.504042 -1.999228 6.977480 -2.408970 0.865791 -1.671006 3.600116 0.289830 1.416140 6.914003 1.070687 2.991455 3.060261 -1.863611 1.886354 -1.279320 23.732600 -0.862595 21.790217 45.033247 -17.855546 16.904936 -2.501517 -25.822217 -4.065510 1.447372 -7.815663 0.000000 0.000000 0.000000 0.000000 0.000000 0.000000 0.000000 0.000000 0.000000 0.000000 0.000000 0.000000 0.000000 0.000000 0.000000 0.000000 0.000000 0.000000 0.000000 0.000000 0.000000 0.000000 0.000000 0.000000 0.000000 0.000000 0.000000 0.000000 0.000000 0.000000 0.000000 0.000000 0.000000 0.000000 0.000000 0.000000 0.000000 0.000000 0.000000 0.000000 0.000000 0.000000 -0.675505 -19.074852 8.259961 20.730010 -42.022320 24.723629 10.890530 2.134917 31.410568 -5.564257 -1.586591 7.234913 0.000000 0.000000 0.000000 0.000000 0.000000 0.000000 0.000000 0.000000 0.000000 0.000000 0.000000 0.000000 0.000000 0.000000 0.000000 0.000000 0.000000 0.000000 0.000000 0.000000 0.000000 0.000000 0.000000 0.000000 0.000000 0.000000 0.000000 0.000000 0.000000 0.000000 0.000000 0.000000 0.000000 0.000000 0.000000 0.000000 0.000000 0.000000 0.000000 0.000000 0.000000 0.000000
0.015574 0.019591 1.035748 -6.073897 2.884582 -5.756654 -18.684393 -2.056048 -1.064651 2.059702 0.907855 -3.409069 -0.286632 3.959692 8.692149 -0.343982 -2.180707 -1.230548 14.497487 -6.307024 -2.443095 8.181027 1.411269 11.465815 -20.396467 4.584634 -1.305554 -0.900468 -1.120862 0.541007 12.450429 -1.764681 7.166216 -2.030662 0.707609 -1.738428 3.557866 0.382431 1.425728 7.075845 0.955248 3.197583 3.203112 -2.013872 1.828191 -1.167167 24.069016 -0.633300 21.774713 44.963238 -17.666680 16.610784 -2.546071 -25.258422 -3.712144 1.451437 -7.767871 0.000000 0.000000 0.000000 0.000000 0.000000 0.000000 0.000000 0.000000 0.000000 0.000000 0.000000 0.000000 0.000000 0.000000 0.000000 0.000000 0.000000 0.000000 0.000000 0.000000 0.000000 0.000000 0.000000 0.000000 0.000000 0.000000 0.000000 0.000000 0.000000 0.000000 0.000000 0.000000 0.000000 0.000000 0.000000 0.000000 0.000000 0.000000 0.000000 0.000000 0.000000 0.000000 -0.488393 -19.601861 8.060176 20.974053 -42.039552 24.800780 11.266846 2.407913 31.232210 -5.051877 -1.716921 7.451886 0.000000 0.000000 0.000000 0.000000 0.000000 0.000000 0.000000 0.000000 0.000000 0.000000 0.000000 0.000000 0.000000 0.000000 0.000000 0.000000 0.000000 0.000000 0.000000 0.000000 0.000000 0.000000 0.000000 0.000000 0.000000 0.000000 0.000000 0.000000 0.000000 0.000000 0.000000 0.000000 0.000000 0.000000 0.000000 0.000000 0.000000 0.000000 0.000000 0.000000 0.000000 0.000000
0.010779 0.052549 1.032630 -5.509961 2.914120 -6.292191 -19.329481 -1.731000 -1.498218 4.552976 1.358166 -3.182591 0.613809 3.404186 9.128777 -0.411490 -2.254016 -1.271948 14.814215 -5.673518 -2.412107 9.797160 1.454346 12.062560 -20.392256 4.307943 -1.590380 -0.954648 -1.149347 0.512017 11.389652 -1.320428 7.330705 -1.782057 0.579683 -1.793366 3.583514 0.544854 1.456025 7.031438 0.852801 3.413832 3.425592 -2.107607 1.841294 -0.949158 24.394696 -0.421025 21.762604 44.706840 -17.596384 16.283713 -2.678590 -24.682520 -3.250640 1.658426 -7.835005 0.000000 0.000000 0.000000 0.000000 0.000000 0.000000 0.000000 0.000000 0.000000 0.000000 0.000000 0.000000 0.000000 0.000000 0.000000 0.000000 0.000000 0.000000 0.000000 0.000000 0.000000 0.000000 0.000000 0.000000 0.000000 0.000000 0.000000 0.000000 0.000000 0.000000 0.000000 0.000000 0.000000 0.000000 0.000000 0.000000 0.000000 0.000000 0.000000 0.000000 0.000000 0.000000 -0.122617 -20.321897 7.806834 21.262799 -41.989793 24.775662 11.679530 2.592043 31.016137 -4.499786 -2.098329 7.443879 0.000000 0.000000 0.000000 0.000000 0.000000 0.000000 0.000000 0.000000 0.000000 0.000000 0.000000 0.000000 0.000000 0.000000 0.000000 0.000000 0.000000 0.000000 0.000000 0.000000 0.000000 0.000000 0.000000 0.000000 0.000000 0.000000 0.000000 0.000000 0.000000 0.000000 0.000000 0.000000 0.000000 0.000000 0.000000 0.000000 0.000000 0.000000 0.000000 0.000000 0.000000 0.000000
0.004388 0.092420 1.030699 -4.703357 2.795297 -6.603921 -20.078871 -1.302058 -2.146057 8.058722 2.079539 -3.059382 1.739817 2.613029 9.597265 -0.474839 -2.329666 -1.313949 14.412708 -4.725990 -2.203898 12.807511 1.537858 12.366067 -19.425542 3.544196 -1.821466 -0.998504 -1.132955 0.534185 10.189551 -0.612477 7.466004 -1.537887 0.424324 -1.831938 3.545193 0.714746 1.449625 6.909140 0.627749 3.542585 3.735612 -2.315775 1.921504 -0.611023 24.537321 -0.271125 21.869310 44.514997 -17.849840 16.113786 -2.917884 -24.035441 -2.471516 1.862371 -7.793885 0.000000 0.000000 0.000000 0.000000 0.000000 0.000000 0.000000 0.000000 0.000000 0.000000 0.000000 0.000000 0.000000 0.000000 0.000000 0.000000 0.000000 0.000000 0.000000 0.000000 0.000000 0.000000 0.000000 0.000000 0.000000 0.000000 0.000000 0.000000 0.000000 0.000000 0.000000 0.000000 0.000000 0.000000 0.000000 0.000000 0.000000 0.000000 0.000000 0.000000 0.000000 0.000000 0.380039 -20.987832 7.520992 21.775958 -42.186078 24.866202 12.115851 2.711324 30.395881 -3.826986 -2.701187 7.151826 0.000000 0.000000 0.000000 0.000000 0.000000 0.000000 0.000000 0.000000 0.000000 0.000000 0.000000 0.000000 0.000000 0.000000 0.000000 0.000000 0.000000 0.000000 0.000000 0.000000 0.000000 0.000000 0.000000 0.000000 0.000000 0.000000 0.000000 0.000000 0.000000 0.000000 0.000000 0.000000 0.000000 0.000000 0.000000 0.000000 0.000000 0.000000 0.000000 0.000000 0.000000 0.000000
-0.002248 0.135956 1.030086 -3.794602 2.430211 -6.722063 -20.352366 -0.638272 -2.758749 11.419993 2.913660 -3.066446 1.934948 1.229021 10.231724 -0.493118 -2.364026 -1.324724 13.359543 -3.429105 -2.076729 16.820617 1.533108 12.152479 -17.001837 2.159515 -2.220603 -0.934103 -1.087539 0.567402 9.141497 0.163375 7.424212 -1.376432 0.363356 -1.804720 3.606751 0.843517 1.397626 6.739511 0.461034 3.592190 4.008080 -2.389649 2.161372 -0.235641 24.586901 -0.232204 21.922899 44.375846 -18.217202 15.715155 -3.036169 -23.311102 -1.570778 2.333315 -7.732974 0.000000 0.000000 0.000000 0.000000 0.000000 0.000000 0.000000 0.000000 0.000000 0.000000 0.000000 0.000000 0.000000 0.000000 0.000000 0.000000 0.000000 0.000000 0.000000 0.000000 0.000000 0.000000 0.000000 0.000000 0.000000 0.000000 0.000000 0.000000 0.000000 0.000000 0.000000 0.000000 0.000000 0.000000 0.000000 0.000000 0.000000 0.000000 0.000000 0.000000 0.000000 0.000000 0.910023 -21.524180 7.281487 22.436757 -42.506932 24.839746 12.218096 2.598782 29.506196 -2.934859 -3.433451 6.971153 0.000000 0.000000 0.000000 0.000000 0.000000 0.000000 0.000000 0.000000 0.000000 0.000000 0.000000 0.000000 0.000000 0.000000 0.000000 0.000000 0.000000 0.000000 0.000000 0.000000 0.000000 0.000000 0.000000 0.000000 0.000000 0.000000 0.000000 0.000000 0.000000 0.000000 0.000000 0.000000 0.000000 0.000000 0.000000 0.000000 0.000000 0.000000 0.000000 0.000000 0.000000 0.000000
-0.003142 0.171562 1.030887 -3.106652 1.857118 -6.415722 -20.426412 0.156464 -3.461734 14.273514 3.871182 -3.401034 1.116934 -0.779872 10.963708 -0.507596 -2.380104 -1.307115 11.326109 -2.021520 -1.935550 22.495976 1.254721 11.651353 -13.358006 0.106440 -2.160289 -0.875198 -1.047559 0.576842 8.439578 0.972486 7.214313 -1.442176 0.268526 -1.687693 3.782480 0.928018 1.268970 6.488634 0.251925 3.597378 4.148300 -2.409405 2.244862 0.046125 24.336364 -0.346422 22.106115 44.239471 -18.838949 15.561493 -2.989128 -22.871465 -0.681762 2.675016 -7.742376 0.000000 0.000000 0.000000 0.000000 0.000000 0.000000 0.000000 0.000000 0.000000 0.000000 0.000000 0.000000 0.000000 0.000000 0.000000 0.000000 0.000000 0.000000 0.000000 0.000000 0.000000 0.000000 0.000000 0.000000 0.000000 0.000000 0.000000 0.000000 0.000000 0.000000 0.000000 0.000000 0.000000 0.000000 0.000000 0.000000 0.000000 0.000000 0.000000 0.000000 0.000000 0.000000 1.179809 -21.780335 7.073925 23.263685 -43.026999 24.838579 12.056305 2.340477 28.309648 -2.204696 -4.106119 6.851968 0.000000 0.000000 0.000000 0.000000 0.000000 0.000000 0.000000 0.000000 0.000000 0.000000 0.000000 0.000000 0.000000 0.000000 0.000000 0.000000 0.000000 0.000000 0.000000 0.000000 0.000000 0.000000 0.000000 0.000000 0.000000 0.000000 0.000000 0.000000 0.000000 0.000000 0.000000 0.000000 0.000000 0.000000 0.000000 0.000000 0.000000 0.000000 0.000000 0.000000 0.000000 0.000000
0.003179 0.212414 1.032803 -2.914134 1.089730 -6.097690 -19.634229 1.105781 -4.245365 17.278107 4.674156 -4.225873 -1.180648 -3.507583 11.415663 -0.545218 -2.430909 -1.278564 7.595491 -0.320623 -1.692357 31.187790 0.739628 10.523840 -6.954095 -2.144797 -2.982179 -0.788125 -1.053496 0.619128 8.277630 1.787491 6.765003 -1.714881 0.219586 -1.537221 4.019048 0.970206 1.061880 6.569305 0.150962 3.593507 4.280273 -2.338033 2.522531 0.500506 23.942075 -0.744337 22.147914 44.070650 -19.519742 15.352140 -2.644247 -22.684270 -0.009383 2.953848 -7.793815 0.000000 0.000000 0.000000 0.000000 0.000000 0.000000 0.000000 0.000000 0.000000 0.000000 0.000000 0.000000 0.000000 0.000000 0.000000 0.000000 0.000000 0.000000 0.000000 0.000000 0.000000 0.000000 0.000000 0.000000 0.000000 0.000000 0.000000 0.000000 0.000000 0.000000 0.000000 0.000000 0.000000 0.000000 0.000000 0.000000 0.000000 0.000000 0.000000 0.000000 0.000000 0.000000 1.542407 -21.796502 7.105575 23.981378 -43.516934 24.656634 11.982399 1.981051 27.460329 -1.836151 -4.980201 6.564195 0.000000 0.000000 0.000000 0.000000 0.000000 0.000000 0.000000 0.000000 0.000000 0.000000 0.000000 0.000000 0.000000 0.000000 0.000000 0.000000 0.000000 0.000000 0.000000 0.000000 0.000000 0.000000 0.000000 0.000000 0.000000 0.000000 0.000000 0.000000 0.000000 0.000000 0.000000 0.000000 0.000000 0.000000 0.000000 0.000000 0.000000 0.000000 0.000000 0.000000 0.000000 0.000000
0.005305 0.244635 1.035166 -3.149414 0.638008 -5.474096 -18.019868 1.973359 -4.626485 18.909404 5.109852 -5.171820 -3.019258 -5.585664 11.645754 -0.559536 -2.366051 -1.201763 3.159386 0.883846 -1.288280 39.971260 0.062921 9.150014 -2.183792 -3.790341 -3.288542 -0.700101 -1.105258 0.632098 8.672186 2.432512 5.983455 -2.050180 0.053641 -1.368570 4.240435 0.926966 0.781148 6.711195 0.096242 3.786927 4.173654 -2.225324 2.934976 0.735330 23.448379 -1.278731 22.166690 43.801339 -20.281107 15.360046 -2.426032 -22.836194 0.551832 3.165479 -7.895698 0.000000 0.000000 0.000000 0.000000 0.000000 0.000000 0.000000 0.000000 0.000000 0.000000 0.000000 0.000000 0.000000 0.000000 0.000000 0.000000 0.000000 0.000000 0.000000 0.000000 0.000000 0.000000 0.000000 0.000000 0.000000 0.000000 0.000000 0.000000 0.000000 0.000000 0.000000 0.000000 0.000000 0.000000 0.000000 0.000000 0.000000 0.000000 0.000000 0.000000 0.000000 0.000000 1.682180 -21.769194 7.158915 24.564017 -43.954549 24.356630 11.789386 1.861632 26.998778 -1.645647 -5.478159 6.433425 0.000000 0.000000 0.000000 0.000000 0.000000 0.000000 0.000000 0.000000 0.000000 0.000000 0.000000 0.000000 0.000000 0.000000 0.000000 0.000000 0.000000 0.000000 0.000000 0.000000 0.000000 0.000000 0.000000 0.000000 0.000000 0.000000 0.000000 0.000000 0.000000 0.000000 0.000000 0.000000 0.000000 0.000000 0.000000 0.000000 0.000000 0.000000 0.000000 0.000000 0.000000 0.000000
0.003553 0.268017 1.037902 -3.813174 0.451881 -4.850177 -15.679366 2.727750 -4.573827 19.357995 5.157135 -6.180502 -4.531752 -7.116939 11.856553 -0.599741 -2.318629 -1.136131 -1.556439 1.773397 -0.886386 47.998279 -0.609158 7.718714 0.851597 -4.562351 -4.108124 -0.626759 -1.116476 0.655701 9.181052 2.913158 4.947449 -2.227202 -0.239920 -1.221519 4.406525 0.864395 0.521179 6.878374 0.189930 3.981541 3.927545 -1.958871 3.405087 0.908698 23.053939 -1.895583 21.946786 43.402211 -20.898757 15.372738 -2.287605 -22.942315 1.039310 3.220919 -7.955564 0.000000 0.000000 0.000000 0.000000 0.000000 0.000000 0.000000 0.000000 0.000000 0.000000 0.000000 0.000000 0.000000 0.000000 0.000000 0.000000 0.000000 0.000000 0.000000 0.000000 0.000000 0.000000 0.000000 0.000000 0.000000 0.000000 0.000000 0.000000 0.000000 0.000000 0.000000 0.000000 0.000000 0.000000 0.000000 0.000000 0.000000 0.000000 0.000000 0.000000 0.000000 0.000000 1.767452 -21.782730 7.190368 24.872835 -44.179007 23.937032 11.830611 1.877830 26.794217 -1.289305 -5.755475 6.276419 0.000000 0.000000 0.000000 0.000000 0.000000 0.000000 0.000000 0.000000 0.000000 0.000000 0.000000 0.000000 0.000000 0.000000 0.000000 0.000000 0.000000 0.000000 0.000000 0.000000 0.000000 0.000000 0.000000 0.000000 0.000000 0.000000 0.000000 0.000000 0.000000 0.000000 0.000000 0.000000 0.000000 0.000000 0.000000 0.000000 0.000000 0.000000 0.000000 0.000000 0.000000 0.000000
-0.001614 0.287324 1.041038 -4.659798 0.496913 -4.303208 -12.891581 3.410935 -4.388281 19.032705 4.867462 -7.367746 -5.868645 -8.294195 12.252913 -0.699061 -2.357570 -1.116384 -6.274399 2.130107 -0.280343 54.480909 -1.257977 6.326722 0.986979 -3.859649 -5.412589 -0.522388 -1.188537 0.734503 9.756916 3.291870 3.793186 -2.294718 -0.581453 -1.173937 4.477483 0.749640 0.245675 7.062733 0.327263 4.527773 3.569772 -1.605411 3.728762 0.948569 22.597803 -2.543945 21.767697 43.001178 -21.658749 15.570789 -2.287534 -22.864907 1.367498 3.139995 -7.952190 0.000000 0.000000 0.000000 0.000000 0.000000 0.000000 0.000000 0.000000 0.000000 0.000000 0.000000 0.000000 0.000000 0.000000 0.000000 0.000000 0.000000 0.000000 0.000000 0.000000 0.000000 0.000000 0.000000 0.000000 0.000000 0.000000 0.000000 0.000000 0.000000 0.000000 0.000000 0.000000 0.000000 0.000000 0.000000 0.000000 0.000000 0.000000 0.000000 0.000000 0.000000 0.000000 1.812576 -21.874365 7.252161 25.185396 -44.328665 23.806976 11.830197 2.039369 26.584845 -0.766297 -5.676750 6.238229 0.000000 0.000000 0.000000 0.000000 0.000000 0.000000 0.000000 0.000000 0.000000 0.000000 0.000000 0.000000 0.000000 0.000000 0.000000 0.000000 0.000000 0.000000 0.000000 0.000000 0.000000 0.000000 0.000000 0.000000 0.000000 0.000000 0.000000 0.000000 0.000000 0.000000 0.000000 0.000000 0.000000 0.000000 0.000000 0.000000 0.000000 0.000000 0.000000 0.000000 0.000000 0.000000
-0.006695 0.303580 1.044546 -5.493256 0.680687 -3.710047 -9.978147 3.842771 -3.973345 18.065654 4.333621 -8.626026 -6.935346 -8.924514 12.536038 -0.821456 -2.457342 -1.114789 -10.507748 1.974958 0.322362 58.236452 -1.993261 5.129873 -1.272518 -2.167433 -6.871352 -0.454116 -1.288633 0.781290 10.377757 3.387500 2.631490 -2.275371 -0.967280 -1.264694 4.346331 0.619655 -0.040753 7.161968 0.557871 5.160160 3.353156 -1.172245 4.139713 0.985031 22.360541 -3.123473 21.463164 42.640513 -22.306155 15.779407 -2.421785 -22.803938 1.975287 2.911865 -7.764641 0.000000 0.000000 0.000000 0.000000 0.000000 0.000000 0.000000 0.000000 0.000000 0.000000 0.000000 0.000000 0.000000 0.000000 0.000000 0.000000 0.000000 0.000000 0.000000 0.000000 0.000000 0.000000 0.000000 0.000000 0.000000 0.000000 0.000000 0.000000 0.000000 0.000000 0.000000 0.000000 0.000000 0.000000 0.000000 0.000000 0.000000 0.000000 0.000000 0.000000 0.000000 0.000000 1.815641 -22.127329 7.237468 25.138611 -44.330500 23.476576 11.965305 2.358211 26.475679 -0.028049 -5.440752 6.276835 0.000000 0.000000 0.000000 0.000000 0.000000 0.000000 0.000000 0.000000 0.000000 0.000000 0.000000 0.000000 0.000000 0.000000 0.000000 0.000000 0.000000 0.000000 0.000000 0.000000 0.000000 0.000000 0.000000 0.000000 0.000000 0.000000 0.000000 0.000000 0.000000 0.000000 0.000000 0.000000 0.000000 0.000000 0.000000 0.000000 0.000000 0.000000 0.000000 0.000000 0.000000 0.000000
-0.014850 0.323092 1.048099 -6.290114 1.180315 -2.929369 -6.242324 3.915123 -3.399844 15.845463 3.655499 -10.446417 -8.249292 -9.252470 12.816514 -0.850633 -2.503355 -1.109688 -14.444762 1.563607 1.047519 58.327139 -2.918649 4.246786 -4.621784 -0.611633 -7.877767 -0.347799 -1.435113 0.804492 10.882272 3.010301 1.392355 -2.207283 -1.420211 -1.441492 4.099202 0.393695 -0.311849 7.360696 1.005778 5.347481 3.149717 -0.592600 4.266871 0.961690 22.242501 -3.655800 21.313213 42.394953 -23.050028 15.898866 -2.681646 -22.782362 2.682694 2.523638 -7.500138 0.000000 0.000000 0.000000 0.000000 0.000000 0.000000 0.000000 0.000000 0.000000 0.000000 0.000000 0.000000 0.000000 0.000000 0.000000 0.000000 0.000000 0.000000 0.000000 0.000000 0.000000 0.000000 0.000000 0.000000 0.000000 0.000000 0.000000 0.000000 0.000000 0.000000 0.000000 0.000000 0.000000 0.000000 0.000000 0.000000 0.000000 0.000000 0.000000 0.000000 0.000000 0.000000 1.685767 -22.240722 7.085364 25.014646 -44.263675 22.888281 12.089587 2.813461 26.500009 0.658740 -4.928610 6.249059 0.000000 0.000000 0.000000 0.000000 0.000000 0.000000 0.000000 0.000000 0.000000 0.000000 0.000000 0.000000 0.000000 0.000000 0.000000 0.000000 0.000000 0.000000 0.000000 0.000000 0.000000 0.000000 0.000000 0.000000 0.000000 0.000000 0.000000 0.000000 0.000000 0.000000 0.000000 0.000000 0.000000 0.000000 0.000000 0.000000 0.000000 0.000000 0.000000 0.000000 0.000000 0.000000
-0.018584 0.337402 1.051119 -6.913166 1.471194 -2.560997 -3.357550 3.940910 -2.899440 14.024302 3.062076 -11.692491 -8.822474 -9.383766 12.902847 -0.908593 -2.546247 -1.111309 -17.128363 0.923639 1.470109 56.578635 -3.221618 3.464256 -6.748985 0.399815 -8.410875 -0.359387 -1.467233 0.840542 11.414778 2.678525 0.570101 -2.093559 -1.667598 -1.517800 3.871829 0.271612 -0.494485 7.476056 1.313499 5.606340 3.047126 -0.467038 4.559483 0.914853 21.878220 -3.974843 21.226439 42.127506 -24.086509 15.642066 -2.688025 -22.829887 2.180947 2.163499 -7.549099 0.000000 0.000000 0.000000 0.000000 0.000000 0.000000 0.000000 0.000000 0.000000 0.000000 0.000000 0.000000 0.000000 0.000000 0.000000 0.000000 0.000000 0.000000 0.000000 0.000000 0.000000 0.000000 0.000000 0.000000 0.000000 0.000000 0.000000 0.000000 0.000000 0.000000 0.000000 0.000000 0.000000 0.000000 0.000000 0.000000 0.000000 0.000000 0.000000 0.000000 0.000000 0.000000 1.716599 -22.047701 6.934911 24.987926 -44.361551 22.765279 12.210965 2.845785 26.630096 0.781952 -4.610112 6.334323 0.000000 0.000000 0.000000 0.000000 0.000000 0.000000 0.000000 0.000000 0.000000 0.000000 0.000000 0.000000 0.000000 0.000000 0.000000 0.000000 0.000000 0.000000 0.000000 0.000000 0.000000 0.000000 0.000000 0.000000 0.000000 0.000000 0.000000 0.000000 0.000000 0.000000 0.000000 0.000000 0.000000 0.000000 0.000000 0.000000 0.000000 0.000000 0.000000 0.000000 0.000000 0.000000
-0.021710 0.358758 1.053349 -7.417540 1.788505 -1.887014 -0.178023 3.743723 -2.405130 12.151757 2.635344 -13.298341 -9.809924 -9.409261 12.874830 -0.894501 -2.443660 -1.090272 -19.528563 0.315998 1.967033 51.712108 -3.550692 2.517817 -8.085384 0.661185 -8.991015 -0.406013 -1.607177 0.833129 12.052219 2.313709 -0.306263 -2.231016 -2.011507 -1.656596 3.777448 0.049848 -0.733544 7.488947 1.707792 5.615131 2.658957 -0.410422 4.916570 0.778126 21.453498 -4.277025 21.185080 41.906046 -25.322818 15.181858 -2.775622 -23.256027 1.317273 1.417646 -7.621741 0.000000 0.000000 0.000000 0.000000 0.000000 0.000000 0.000000 0.000000 0.000000 0.000000 0.000000 0.000000 0.000000 0.000000 0.000000 0.000000 0.000000 0.000000 0.000000 0.000000 0.000000 0.000000 0.000000 0.000000 0.000000 0.000000 0.000000 0.000000 0.000000 0.000000 0.000000 0.000000 0.000000 0.000000 0.000000 0.000000 0.000000 0.000000 0.000000 0.000000 0.000000 0.000000 1.487348 -21.831208 6.615112 25.162328 -44.297831 22.709120 12.187350 2.889784 26.726541 0.718743 -4.208162 6.224954 0.000000 0.000000 0.000000 0.000000 0.000000 0.000000 0.000000 0.000000 0.000000 0.000000 0.000000 0.000000 0.000000 0.000000 0.000000 0.000000 0.000000 0.000000 0.000000 0.000000 0.000000 0.000000 0.000000 0.000000 0.000000 0.000000 0.000000 0.000000 0.000000 0.000000 0.000000 0.000000 0.000000 0.000000 0.000000 0.000000 0.000000 0.000000 0.000000 0.000000 0.000000 0.000000
-0.021908 0.380353 1.054370 -7.815898 1.863306 -1.425305 2.699276 3.628359 -1.891427 10.558886 2.388309 -14.719654 -10.715679 -9.478481 12.728306 -0.890734 -2.239865 -1.069091 -21.303590 -0.171445 2.338630 45.587307 -3.441252 1.808024 -7.837704 0.014724 -9.276125 -0.457605 -1.690422 0.825339 12.627978 2.091219 -1.069240 -2.414834 -2.244762 -1.701755 3.772885 -0.211402 -0.925102 7.278741 2.014846 5.547028 2.364657 -0.378722 5.226276 0.672224 21.007705 -4.439977 21.041189 41.639214 -26.383869 14.637915 -2.621213 -24.096234 0.190550 0.787719 -7.769928 0.000000 0.000000 0.000000 0.000000 0.000000 0.000000 0.000000 0.000000 0.000000 0.000000 0.000000 0.000000 0.000000 0.000000 0.000000 0.000000 0.000000 0.000000 0.000000 0.000000 0.000000 0.000000 0.000000 0.000000 0.000000 0.000000 0.000000 0.000000 0.000000 0.000000 0.000000 0.000000 0.000000 0.000000 0.000000 0.000000 0.000000 0.000000 0.000000 0.000000 0.000000 0.000000 1.295204 -21.601936 6.276905 25.481113 -44.175428 22.960720 11.887296 2.778841 26.727623 0.706963 -4.130600 5.867869 0.000000 0.000000 0.000000 0.000000 0.000000 0.000000 0.000000 0.000000 0.000000 0.000000 0.000000 0.000000 0.000000 0.000000 0.000000 0.000000 0.000000 0.000000 0.000000 0.000000 0.000000 0.000000 0.000000 0.000000 0.000000 0.000000 0.000000 0.000000 0.000000 0.000000 0.000000 0.000000 0.000000 0.000000 0.000000 0.000000 0.000000 0.000000 0.000000 0.000000 0.000000 0.000000
-0.017583 0.396417 1.054628 -8.428266 1.680218 -0.728826 5.091700 3.593984 -1.676853 9.812852 2.098495 -16.228885 -11.565931 -9.596615 12.511672 -0.831673 -1.873834 -1.026084 -22.203344 -0.587373 2.785065 37.182745 -2.630012 1.625647 -5.973859 -1.904904 -9.097774 -0.550843 -1.742954 0.757240 13.058449 2.015741 -1.696726 -2.552262 -2.435444 -1.744509 3.774063 -0.513437 -1.114313 7.137624 2.338576 5.152362 1.856784 -0.635445 5.646035 0.473023 20.531399 -4.653920 21.240683 41.515967 -27.692272 13.526828 -2.396587 -25.138307 -1.143910 0.103509 -8.192299 0.000000 0.000000 0.000000 0.000000 0.000000 0.000000 0.000000 0.000000 0.000000 0.000000 0.000000 0.000000 0.000000 0.000000 0.000000 0.000000 0.000000 0.000000 0.000000 0.000000 0.000000 0.000000 0.000000 0.000000 0.000000 0.000000 0.000000 0.000000 0.000000 0.000000 0.000000 0.000000 0.000000 0.000000 0.000000 0.000000 0.000000 0.000000 0.000000 0.000000 0.000000 0.000000 1.119009 -21.354189 5.947417 26.012935 -44.185304 23.229068 10.635349 2.594759 26.969737 0.208270 -4.058475 5.604738 0.000000 0.000000 0.000000 0.000000 0.000000 0.000000 0.000000 0.000000 0.000000 0.000000 0.000000 0.000000 0.000000 0.000000 0.000000 0.000000 0.000000 0.000000 0.000000 0.000000 0.000000 0.000000 0.000000 0.000000 0.000000 0.000000 0.000000 0.000000 0.000000 0.000000 0.000000 0.000000 0.000000 0.000000 0.000000 0.000000 0.000000 0.000000 0.000000 0.000000 0.000000 0.000000
-0.011678 0.400467 1.054368 -9.210806 1.383962 -0.181023 6.567815 3.588681 -1.537883 9.820362 1.892777 -17.225761 -12.305584 -9.640907 12.095430 -0.774251 -1.587259 -0.963570 -22.451713 -0.764330 3.016277 29.398790 -1.852292 1.848712 -3.908534 -3.958723 -8.369490 -0.600731 -1.835500 0.646465 13.434545 2.019232 -2.060443 -2.555766 -2.543970 -1.765692 3.745648 -0.775638 -1.213544 6.655317 2.475624 4.725370 1.436383 -1.171949 6.106900 0.212882 20.089056 -4.873646 21.384301 41.515495 -28.721477 12.972352 -2.256738 -25.979983 -2.285399 -0.600390 -8.742711 0.000000 0.000000 0.000000 0.000000 0.000000 0.000000 0.000000 0.000000 0.000000 0.000000 0.000000 0.000000 0.000000 0.000000 0.000000 0.000000 0.000000 0.000000 0.000000 0.000000 0.000000 0.000000 0.000000 0.000000 0.000000 0.000000 0.000000 0.000000 0.000000 0.000000 0.000000 0.000000 0.000000 0.000000 0.000000 0.000000 0.000000 0.000000 0.000000 0.000000 0.000000 0.000000 0.950489 -21.063639 5.702386 26.478837 -44.255382 23.594987 9.673003 2.280071 27.100985 -0.433134 -4.096186 5.489132 0.000000 0.000000 0.000000 0.000000 0.000000 0.000000 0.000000 0.000000 0.000000 0.000000 0.000000 0.000000 0.000000 0.000000 0.000000 0.000000 0.000000 0.000000 0.000000 0.000000 0.000000 0.000000 0.000000 0.000000 0.000000 0.000000 0.000000 0.000000 0.000000 0.000000 0.000000 0.000000 0.000000 0.000000 0.000000 0.000000 0.000000 0.000000 0.000000 0.000000 0.000000 0.000000
-0.004295 0.399281 1.053696 -9.950161 1.036691 0.109932 7.449342 3.616349 -1.436941 10.201770 1.674548 -17.762370 -13.065694 -9.618040 11.592906 -0.673436 -1.424497 -0.910638 -22.439675 -0.972400 3.118086 23.806863 -1.239279 2.179281 -1.954874 -5.751818 -7.537492 -0.555636 -1.892003 0.555005 13.780609 2.096631 -2.243466 -2.532869 -2.599753 -1.827214 3.693392 -0.988100 -1.279131 6.327532 2.642491 4.441957 1.156814 -1.530310 6.500766 0.062523 19.785311 -5.009163 21.234005 41.642011 -29.262903 12.617296 -2.061104 -26.532044 -2.582291 -1.236029 -9.021219 0.000000 0.000000 0.000000 0.000000 0.000000 0.000000 0.000000 0.000000 0.000000 0.000000 0.000000 0.000000 0.000000 0.000000 0.000000 0.000000 0.000000 0.000000 0.000000 0.000000 0.000000 0.000000 0.000000 0.000000 0.000000 0.000000 0.000000 0.000000 0.000000 0.000000 0.000000 0.000000 0.000000 0.000000 0.000000 0.000000 0.000000 0.000000 0.000000 0.000000 0.000000 0.000000 0.768807 -20.842944 5.623057 26.661768 -44.401887 23.973277 9.056698 2.042296 26.968182 -0.518089 -3.969219 5.239199 0.000000 0.000000 0.000000 0.000000 0.000000 0.000000 0.000000 0.000000 0.000000 0.000000 0.000000 0.000000 0.000000 0.000000 0.000000 0.000000 0.000000 0.000000 0.000000 0.000000 0.000000 0.000000 0.000000 0.000000 0.000000 0.000000 0.000000 0.000000 0.000000 0.000000 0.000000 0.000000 0.000000 0.000000 0.000000 0.000000 0.000000 0.000000 0.000000 0.000000 0.000000 0.000000
0.007642 0.405021 1.051680 -10.031534 0.509762 0.411229 7.669346 3.488775 -1.378564 10.795533 1.719893 -17.978712 -13.996275 -9.495676 11.047216 -0.596733 -1.274878 -0.980005 -21.999635 -1.231610 3.367324 20.733573 -0.791968 2.871056 -1.171854 -6.554431 -7.082395 -0.488293 -1.958804 0.528990 13.464716 2.273435 -2.262067 -2.401162 -2.634472 -1.792063 3.794320 -1.121393 -1.354770 6.190341 2.566343 3.605999 1.277826 -1.935645 6.175853 -0.283798 19.629815 -4.986271 21.558558 41.773512 -29.770528 12.474768 -1.671394 -26.558407 -2.097322 -1.364023 -8.903133 0.000000 0.000000 0.000000 0.000000 0.000000 0.000000 0.000000 0.000000 0.000000 0.000000 0.000000 0.000000 0.000000 0.000000 0.000000 0.000000 0.000000 0.000000 0.000000 0.000000 0.000000 0.000000 0.000000 0.000000 0.000000 0.000000 0.000000 0.000000 0.000000 0.000000 0.000000 0.000000 0.000000 0.000000 0.000000 0.000000 0.000000 0.000000 0.000000 0.000000 0.000000 0.000000 0.380948 -20.737137 5.586131 27.095717 -44.404130 24.504774 8.458851 1.885084 26.794307 -0.064207 -3.725623 5.154119 0.000000 0.000000 0.000000 0.000000 0.000000 0.000000 0.000000 0.000000 0.000000 0.000000 0.000000 0.000000 0.000000 0.000000 0.000000 0.000000 0.000000 0.000000 0.000000 0.000000 0.000000 0.000000 0.000000 0.000000 0.000000 0.000000 0.000000 0.000000 0.000000 0.000000 0.000000 0.000000 0.000000 0.000000 0.000000 0.000000 0.000000 0.000000 0.000000 0.000000 0.000000 0.000000
