HIERARCHY
ROOT Hips
{
	OFFSET 0.000000 0.000000 0.000000
	CHANNELS 6 Xposition Yposition Zposition Xrotation Yrotation Zrotation
	JOINT Thigh.L
	{
		OFFSET 0.054214 0.030721 -0.091931
		CHANNELS 3 Xrotation Yrotation Zrotation
		JOINT Shin.L
		{
			OFFSET 0.053251 0.015721 -0.411258
			CHANNELS 3 Xrotation Yrotation Zrotation
			JOINT Foot.L
			{
				OFFSET -0.041505 0.032921 -0.432088
				CHANNELS 3 Xrotation Yrotation Zrotation
				JOINT Toe.L
				{
					OFFSET 0.044723 -0.119426 -0.063857
					CHANNELS 3 Xrotation Yrotation Zrotation
					End Site
					{
						OFFSET 0.000000 0.050000 0.000000
					}
				}
			}
		}
	}
	JOINT Thigh.R
	{
		OFFSET -0.059507 0.027993 -0.102329
		CHANNELS 3 Xrotation Yrotation Zrotation
		JOINT Shin.R
		{
			OFFSET -0.042622 0.021186 -0.394943
			CHANNELS 3 Xrotation Yrotation Zrotation
			JOINT Foot.R
			{
				OFFSET 0.015592 0.021416 -0.441018
				CHANNELS 3 Xrotation Yrotation Zrotation
				JOINT Toe.R
				{
					OFFSET -0.037068 -0.120199 -0.063802
					CHANNELS 3 Xrotation Yrotation Zrotation
					End Site
					{
						OFFSET 0.000000 0.050000 0.000000
					}
				}
			}
		}
	}
	JOINT Spine
	{
		OFFSET -0.002059 0.019558 0.109334
		CHANNELS 3 Xrotation Yrotation Zrotation
		JOINT Spine.2
		{
			OFFSET 0.006718 0.002889 0.134636
			CHANNELS 3 Xrotation Yrotation Zrotation
			JOINT Chest
			{
				OFFSET -0.010383 -0.023060 0.049380
				CHANNELS 3 Xrotation Yrotation Zrotation
				JOINT Neck
				{
					OFFSET -0.009439 0.029035 0.163637
					CHANNELS 3 Xrotation Yrotation Zrotation
					JOINT Head
					{
						OFFSET 0.022309 -0.022109 0.165431
						CHANNELS 3 Xrotation Yrotation Zrotation
						End Site
						{
							OFFSET 0.000000 0.050000 0.000000
						}
					}
				}
				JOINT Clavicle.L
				{
					OFFSET 0.043330 0.008323 0.083643
					CHANNELS 3 Xrotation Yrotation Zrotation
					JOINT UpperArm.L
					{
						OFFSET 0.106594 0.014782 0.061803
						CHANNELS 3 Xrotation Yrotation Zrotation
						JOINT ForeArm.L
						{
							OFFSET 0.264518 0.035127 -0.075598
							CHANNELS 3 Xrotation Yrotation Zrotation
							JOINT Hand.L
							{
								OFFSET 0.263811 0.006268 0.021235
								CHANNELS 3 Xrotation Yrotation Zrotation
								JOINT Thumb1.L
								{
									OFFSET 0.154580 0.002841 0.009625
									CHANNELS 3 Xrotation Yrotation Zrotation
									JOINT Thumb2.L
									{
										OFFSET 0.029895 0.000710 0.002406
										CHANNELS 3 Xrotation Yrotation Zrotation
										End Site
										{
											OFFSET 0.024912 0.000592 0.002005
										}
									}
								}
								JOINT Index1.L
								{
									OFFSET 0.137580 0.002841 0.009625
									CHANNELS 3 Xrotation Yrotation Zrotation
									JOINT Index2.L
									{
										OFFSET 0.029895 0.000710 0.002406
										CHANNELS 3 Xrotation Yrotation Zrotation
										JOINT Index3.L
										{
											OFFSET 0.021923 0.000521 0.001765
											CHANNELS 3 Xrotation Yrotation Zrotation
											End Site
											{
												OFFSET 0.017937 0.000426 0.001444
											}
										}
									}
								}
								JOINT Middle1.L
								{
									OFFSET 0.119580 0.002841 0.009625
									CHANNELS 3 Xrotation Yrotation Zrotation
									JOINT Middle2.L
									{
										OFFSET 0.030891 0.000734 0.002487
										CHANNELS 3 Xrotation Yrotation Zrotation
										JOINT Middle3.L
										{
											OFFSET 0.021923 0.000521 0.001765
											CHANNELS 3 Xrotation Yrotation Zrotation
											End Site
											{
												OFFSET 0.017937 0.000426 0.001444
											}
										}
									}
								}
								JOINT Ring1.L
								{
									OFFSET 0.101580 0.002841 0.009625
									CHANNELS 3 Xrotation Yrotation Zrotation
									JOINT Ring2.L
									{
										OFFSET 0.028898 0.000687 0.002326
										CHANNELS 3 Xrotation Yrotation Zrotation
										JOINT Ring3.L
										{
											OFFSET 0.019930 0.000474 0.001604
											CHANNELS 3 Xrotation Yrotation Zrotation
											End Site
											{
												OFFSET 0.016940 0.000402 0.001364
											}
										}
									}
								}
								JOINT Pinky1.L
								{
									OFFSET 0.085580 0.002841 0.009625
									CHANNELS 3 Xrotation Yrotation Zrotation
									JOINT Pinky2.L
									{
										OFFSET 0.023916 0.000568 0.001925
										CHANNELS 3 Xrotation Yrotation Zrotation
										JOINT Pinky3.L
										{
											OFFSET 0.016940 0.000402 0.001364
											CHANNELS 3 Xrotation Yrotation Zrotation
											End Site
											{
												OFFSET 0.013951 0.000331 0.001123
											}
										}
									}
								}
							}
						}
					}
				}
				JOINT Clavicle.R
				{
					OFFSET -0.041398 0.014408 0.083145
					CHANNELS 3 Xrotation Yrotation Zrotation
					JOINT UpperArm.R
					{
						OFFSET -0.092028 0.009678 0.057348
						CHANNELS 3 Xrotation Yrotation Zrotation
						JOINT ForeArm.R
						{
							OFFSET -0.280605 0.022550 -0.042846
							CHANNELS 3 Xrotation Yrotation Zrotation
							JOINT Hand.R
							{
								OFFSET -0.260513 0.018839 -0.003403
								CHANNELS 3 Xrotation Yrotation Zrotation
								JOINT Thumb1.R
								{
									OFFSET -0.154677 0.008654 -0.001563
									CHANNELS 3 Xrotation Yrotation Zrotation
									JOINT Thumb2.R
									{
										OFFSET -0.029919 0.002164 -0.000391
										CHANNELS 3 Xrotation Yrotation Zrotation
										End Site
										{
											OFFSET -0.024933 0.001803 -0.000326
										}
									}
								}
								JOINT Index1.R
								{
									OFFSET -0.137677 0.008654 -0.001563
									CHANNELS 3 Xrotation Yrotation Zrotation
									JOINT Index2.R
									{
										OFFSET -0.029919 0.002164 -0.000391
										CHANNELS 3 Xrotation Yrotation Zrotation
										JOINT Index3.R
										{
											OFFSET -0.021941 0.001587 -0.000287
											CHANNELS 3 Xrotation Yrotation Zrotation
											End Site
											{
												OFFSET -0.017952 0.001298 -0.000234
											}
										}
									}
								}
								JOINT Middle1.R
								{
									OFFSET -0.119677 0.008654 -0.001563
									CHANNELS 3 Xrotation Yrotation Zrotation
									JOINT Middle2.R
									{
										OFFSET -0.030917 0.002236 -0.000404
										CHANNELS 3 Xrotation Yrotation Zrotation
										JOINT Middle3.R
										{
											OFFSET -0.021941 0.001587 -0.000287
											CHANNELS 3 Xrotation Yrotation Zrotation
											End Site
											{
												OFFSET -0.017952 0.001298 -0.000234
											}
										}
									}
								}
								JOINT Ring1.R
								{
									OFFSET -0.101677 0.008654 -0.001563
									CHANNELS 3 Xrotation Yrotation Zrotation
									JOINT Ring2.R
									{
										OFFSET -0.028922 0.002091 -0.000378
										CHANNELS 3 Xrotation Yrotation Zrotation
										JOINT Ring3.R
										{
											OFFSET -0.019946 0.001442 -0.000261
											CHANNELS 3 Xrotation Yrotation Zrotation
											End Site
											{
												OFFSET -0.016954 0.001226 -0.000221
											}
										}
									}
								}
								JOINT Pinky1.R
								{
									OFFSET -0.085677 0.008654 -0.001563
									CHANNELS 3 Xrotation Yrotation Zrotation
									JOINT Pinky2.R
									{
										OFFSET -0.023935 0.001731 -0.000313
										CHANNELS 3 Xrotation Yrotation Zrotation
										JOINT Pinky3.R
										{
											OFFSET -0.016954 0.001226 -0.000221
											CHANNELS 3 Xrotation Yrotation Zrotation
											End Site
											{
												OFFSET -0.013962 0.001010 -0.000182
											}
										}
									}
								}
							}
						}
					}
				}
			}
		}
	}
}
MOTION
Frames: 193
Frame Time: 0.04166667
-0.002162 -0.033595 1.041344 -4.575206 0.857810 2.605481 2.907444 1.668842 -1.745128 4.164907 -0.118517 -11.585796 -7.003006 0.581002 7.554931 2.999057 -3.769929 0.464575 0.988889 -1.518526 1.167129 5.363709 0.637415 5.146391 -4.109152 -3.749813 -3.958985 0.994071 -2.331513 -1.386784 4.214829 0.111502 2.371902 4.682636 -4.133062 -2.788872 -5.155955 3.337246 0.398243 9.242574 0.192296 3.519744 14.674499 1.657507 2.826941 5.483479 20.984965 3.100280 18.332268 48.762281 -23.287391 17.850144 -2.107117 -20.748807 4.042910 0.386601 -7.593745 0.000000 0.000000 0.000000 0.000000 0.000000 0.000000 0.000000 0.000000 0.000000 0.000000 0.000000 0.000000 0.000000 0.000000 0.000000 0.000000 0.000000 0.000000 0.000000 0.000000 0.000000 0.000000 0.000000 0.000000 0.000000 0.000000 0.000000 0.000000 0.000000 0.000000 0.000000 0.000000 0.000000 0.000000 0.000000 0.000000 0.000000 0.000000 0.000000 0.000000 0.000000 0.000000 2.357280 -14.810991 -0.122467 31.629492 -52.104437 29.215894 10.408837 2.921008 26.061372 -3.448558 -3.790217 3.681764 0.000000 0.000000 0.000000 0.000000 0.000000 0.000000 0.000000 0.000000 0.000000 0.000000 0.000000 0.000000 0.000000 0.000000 0.000000 0.000000 0.000000 0.000000 0.000000 0.000000 0.000000 0.000000 0.000000 0.000000 0.000000 0.000000 0.000000 0.000000 0.000000 0.000000 0.000000 0.000000 0.000000 0.000000 0.000000 0.000000 0.000000 0.000000 0.000000 0.000000 0.000000 0.000000
-0.003084 -0.033111 1.041320 -4.508976 0.905656 2.501920 2.934302 1.717817 -1.792983 4.010200 -0.177959 -11.561693 -6.973923 0.536587 7.662022 3.032837 -3.695777 0.444743 1.140244 -1.520583 1.148469 5.004945 0.680595 5.187137 -4.046869 -3.859893 -3.887867 0.994772 -2.277742 -1.357878 4.231600 0.128581 2.443843 4.693313 -4.115748 -2.748513 -5.279449 3.333466 0.429440 9.320863 0.180599 3.524367 14.615666 1.624154 2.856455 5.507744 21.005464 3.145849 18.323088 48.804000 -23.294203 17.826756 -2.062199 -20.636033 3.849861 0.532458 -7.532001 0.000000 0.000000 0.000000 0.000000 0.000000 0.000000 0.000000 0.000000 0.000000 0.000000 0.000000 0.000000 0.000000 0.000000 0.000000 0.000000 0.000000 0.000000 0.000000 0.000000 0.000000 0.000000 0.000000 0.000000 0.000000 0.000000 0.000000 0.000000 0.000000 0.000000 0.000000 0.000000 0.000000 0.000000 0.000000 0.000000 0.000000 0.000000 0.000000 0.000000 0.000000 0.000000 2.469432 -14.716524 -0.085388 31.674445 -52.132238 29.296942 10.525869 2.918366 25.959943 -3.489782 -3.792675 3.663599 0.000000 0.000000 0.000000 0.000000 0.000000 0.000000 0.000000 0.000000 0.000000 0.000000 0.000000 0.000000 0.000000 0.000000 0.000000 0.000000 0.000000 0.000000 0.000000 0.000000 0.000000 0.000000 0.000000 0.000000 0.000000 0.000000 0.000000 0.000000 0.000000 0.000000 0.000000 0.000000 0.000000 0.000000 0.000000 0.000000 0.000000 0.000000 0.000000 0.000000 0.000000 0.000000
-0.002730 -0.032126 1.041245 -4.399269 0.878220 2.393204 2.888231 1.779495 -1.825891 3.944879 -0.206259 -11.378056 -6.991504 0.562143 7.675903 3.044911 -3.660804 0.440620 1.270274 -1.496015 1.175147 4.649585 0.709550 5.211635 -4.027119 -3.881591 -3.845202 0.991035 -2.253367 -1.348337 4.204757 0.151745 2.482620 4.696128 -4.105595 -2.729039 -5.351031 3.346708 0.452838 9.290123 0.162550 3.554826 14.461194 1.616634 2.816623 5.514257 20.986848 3.216999 18.359732 48.799747 -23.210003 17.908572 -2.091446 -20.654227 3.756467 0.715032 -7.512196 0.000000 0.000000 0.000000 0.000000 0.000000 0.000000 0.000000 0.000000 0.000000 0.000000 0.000000 0.000000 0.000000 0.000000 0.000000 0.000000 0.000000 0.000000 0.000000 0.000000 0.000000 0.000000 0.000000 0.000000 0.000000 0.000000 0.000000 0.000000 0.000000 0.000000 0.000000 0.000000 0.000000 0.000000 0.000000 0.000000 0.000000 0.000000 0.000000 0.000000 0.000000 0.000000 2.517784 -14.693283 -0.059849 31.778348 -52.180666 29.382897 10.533020 2.935765 25.947151 -3.520943 -3.807579 3.646596 0.000000 0.000000 0.000000 0.000000 0.000000 0.000000 0.000000 0.000000 0.000000 0.000000 0.000000 0.000000 0.000000 0.000000 0.000000 0.000000 0.000000 0.000000 0.000000 0.000000 0.000000 0.000000 0.000000 0.000000 0.000000 0.000000 0.000000 0.000000 0.000000 0.000000 0.000000 0.000000 0.000000 0.000000 0.000000 0.000000 0.000000 0.000000 0.000000 0.000000 0.000000 0.000000
-0.002857 -0.031555 1.041178 -4.349796 0.886278 2.343164 2.806268 1.798496 -1.854714 4.054100 -0.208980 -11.300588 -7.067294 0.540158 7.707877 3.043143 -3.628516 0.431461 1.360879 -1.486789 1.183459 4.489189 0.702288 5.229282 -4.047312 -3.878437 -3.816733 0.975692 -2.243138 -1.337500 4.186807 0.147613 2.502396 4.728483 -4.120923 -2.711336 -5.411022 3.341528 0.462975 9.320707 0.167177 3.601010 14.380348 1.607748 2.827822 5.563974 20.995121 3.242298 18.380440 48.817002 -23.148750 17.968834 -2.101268 -20.682140 3.704227 0.781120 -7.502248 0.000000 0.000000 0.000000 0.000000 0.000000 0.000000 0.000000 0.000000 0.000000 0.000000 0.000000 0.000000 0.000000 0.000000 0.000000 0.000000 0.000000 0.000000 0.000000 0.000000 0.000000 0.000000 0.000000 0.000000 0.000000 0.000000 0.000000 0.000000 0.000000 0.000000 0.000000 0.000000 0.000000 0.000000 0.000000 0.000000 0.000000 0.000000 0.000000 0.000000 0.000000 0.000000 2.594576 -14.668180 -0.026669 31.747530 -52.176654 29.338113 10.527925 2.925116 26.012022 -3.626945 -3.785863 3.674552 0.000000 0.000000 0.000000 0.000000 0.000000 0.000000 0.000000 0.000000 0.000000 0.000000 0.000000 0.000000 0.000000 0.000000 0.000000 0.000000 0.000000 0.000000 0.000000 0.000000 0.000000 0.000000 0.000000 0.000000 0.000000 0.000000 0.000000 0.000000 0.000000 0.000000 0.000000 0.000000 0.000000 0.000000 0.000000 0.000000 0.000000 0.000000 0.000000 0.000000 0.000000 0.000000
-0.003348 -0.031005 1.041101 -4.323210 0.904412 2.262081 2.718834 1.812891 -1.875817 4.247581 -0.181554 -11.252692 -7.180067 0.474583 7.748485 3.034793 -3.635674 0.414913 1.429981 -1.468846 1.169287 4.424915 0.689364 5.270466 -4.107234 -3.855390 -3.788487 0.960706 -2.266960 -1.330929 4.185629 0.142594 2.522507 4.728947 -4.128974 -2.693021 -5.407186 3.337152 0.462133 9.309016 0.158521 3.676317 14.337063 1.615072 2.853565 5.589397 21.004436 3.282208 18.347556 48.857664 -23.058649 18.064562 -2.080190 -20.666504 3.676255 0.800441 -7.443310 0.000000 0.000000 0.000000 0.000000 0.000000 0.000000 0.000000 0.000000 0.000000 0.000000 0.000000 0.000000 0.000000 0.000000 0.000000 0.000000 0.000000 0.000000 0.000000 0.000000 0.000000 0.000000 0.000000 0.000000 0.000000 0.000000 0.000000 0.000000 0.000000 0.000000 0.000000 0.000000 0.000000 0.000000 0.000000 0.000000 0.000000 0.000000 0.000000 0.000000 0.000000 0.000000 2.618909 -14.614670 -0.023354 31.727674 -52.215339 29.327868 10.480669 2.948067 26.014997 -3.767197 -3.820224 3.660069 0.000000 0.000000 0.000000 0.000000 0.000000 0.000000 0.000000 0.000000 0.000000 0.000000 0.000000 0.000000 0.000000 0.000000 0.000000 0.000000 0.000000 0.000000 0.000000 0.000000 0.000000 0.000000 0.000000 0.000000 0.000000 0.000000 0.000000 0.000000 0.000000 0.000000 0.000000 0.000000 0.000000 0.000000 0.000000 0.000000 0.000000 0.000000 0.000000 0.000000 0.000000 0.000000
-0.004144 -0.031009 1.041029 -4.332461 0.932102 2.185880 2.580943 1.842197 -1.909879 4.573649 -0.165159 -11.262106 -7.330990 0.368439 7.821004 3.010491 -3.654837 0.399034 1.468021 -1.448434 1.161427 4.448230 0.680000 5.355004 -4.174492 -3.817523 -3.802474 0.942039 -2.297412 -1.325710 4.196789 0.117254 2.539213 4.682850 -4.122609 -2.670003 -5.353281 3.338156 0.458872 9.315373 0.147826 3.755058 14.397077 1.657927 2.895938 5.587934 21.039562 3.299295 18.316100 48.883366 -22.986129 18.127241 -2.041056 -20.613997 3.695622 0.763239 -7.361054 0.000000 0.000000 0.000000 0.000000 0.000000 0.000000 0.000000 0.000000 0.000000 0.000000 0.000000 0.000000 0.000000 0.000000 0.000000 0.000000 0.000000 0.000000 0.000000 0.000000 0.000000 0.000000 0.000000 0.000000 0.000000 0.000000 0.000000 0.000000 0.000000 0.000000 0.000000 0.000000 0.000000 0.000000 0.000000 0.000000 0.000000 0.000000 0.000000 0.000000 0.000000 0.000000 2.593389 -14.577545 -0.011700 31.687214 -52.223686 29.291619 10.396535 2.942482 25.989354 -3.923132 -3.830095 3.644433 0.000000 0.000000 0.000000 0.000000 0.000000 0.000000 0.000000 0.000000 0.000000 0.000000 0.000000 0.000000 0.000000 0.000000 0.000000 0.000000 0.000000 0.000000 0.000000 0.000000 0.000000 0.000000 0.000000 0.000000 0.000000 0.000000 0.000000 0.000000 0.000000 0.000000 0.000000 0.000000 0.000000 0.000000 0.000000 0.000000 0.000000 0.000000 0.000000 0.000000 0.000000 0.000000
-0.004703 -0.031112 1.040945 -4.350474 0.948098 2.099951 2.440050 1.852675 -1.931035 4.925904 -0.111070 -11.215071 -7.496960 0.270873 7.853930 2.993539 -3.668438 0.372856 1.523322 -1.425658 1.158956 4.473882 0.674724 5.434928 -4.287564 -3.777982 -3.811866 0.922267 -2.304597 -1.310310 4.222114 0.108694 2.575006 4.701871 -4.140582 -2.639520 -5.369446 3.354507 0.461254 9.294627 0.120450 3.827866 14.373140 1.694896 2.933622 5.604434 21.114042 3.290005 18.218237 48.859354 -22.841685 18.179308 -2.009827 -20.558328 3.701056 0.771960 -7.259907 0.000000 0.000000 0.000000 0.000000 0.000000 0.000000 0.000000 0.000000 0.000000 0.000000 0.000000 0.000000 0.000000 0.000000 0.000000 0.000000 0.000000 0.000000 0.000000 0.000000 0.000000 0.000000 0.000000 0.000000 0.000000 0.000000 0.000000 0.000000 0.000000 0.000000 0.000000 0.000000 0.000000 0.000000 0.000000 0.000000 0.000000 0.000000 0.000000 0.000000 0.000000 0.000000 2.606432 -14.612317 0.013670 31.623417 -52.163663 29.243044 10.320113 2.946435 25.978930 -4.026590 -3.848834 3.605207 0.000000 0.000000 0.000000 0.000000 0.000000 0.000000 0.000000 0.000000 0.000000 0.000000 0.000000 0.000000 0.000000 0.000000 0.000000 0.000000 0.000000 0.000000 0.000000 0.000000 0.000000 0.000000 0.000000 0.000000 0.000000 0.000000 0.000000 0.000000 0.000000 0.000000 0.000000 0.000000 0.000000 0.000000 0.000000 0.000000 0.000000 0.000000 0.000000 0.000000 0.000000 0.000000
-0.005146 -0.031830 1.040865 -4.394409 0.936204 1.982581 2.295548 1.881838 -1.921497 5.288802 -0.038869 -11.109261 -7.671077 0.197901 7.851821 2.962756 -3.694148 0.360113 1.588879 -1.376083 1.149441 4.497639 0.680045 5.505242 -4.397438 -3.736986 -3.813487 0.907374 -2.323864 -1.303831 4.251726 0.091673 2.617807 4.692259 -4.122671 -2.601050 -5.333389 3.376635 0.460926 9.259783 0.064211 3.902852 14.337591 1.762676 2.883980 5.581377 21.182646 3.274371 18.118040 48.827652 -22.677675 18.241636 -1.997109 -20.490435 3.818049 0.788091 -7.167262 0.000000 0.000000 0.000000 0.000000 0.000000 0.000000 0.000000 0.000000 0.000000 0.000000 0.000000 0.000000 0.000000 0.000000 0.000000 0.000000 0.000000 0.000000 0.000000 0.000000 0.000000 0.000000 0.000000 0.000000 0.000000 0.000000 0.000000 0.000000 0.000000 0.000000 0.000000 0.000000 0.000000 0.000000 0.000000 0.000000 0.000000 0.000000 0.000000 0.000000 0.000000 0.000000 2.553376 -14.642617 0.070187 31.561577 -52.114826 29.209235 10.219910 2.919892 25.926834 -4.085478 -3.794907 3.572835 0.000000 0.000000 0.000000 0.000000 0.000000 0.000000 0.000000 0.000000 0.000000 0.000000 0.000000 0.000000 0.000000 0.000000 0.000000 0.000000 0.000000 0.000000 0.000000 0.000000 0.000000 0.000000 0.000000 0.000000 0.000000 0.000000 0.000000 0.000000 0.000000 0.000000 0.000000 0.000000 0.000000 0.000000 0.000000 0.000000 0.000000 0.000000 0.000000 0.000000 0.000000 0.000000
-0.005584 -0.031648 1.040795 -4.467733 0.905380 1.820139 2.218391 1.946344 -1.896435 5.696646 -0.000108 -10.962024 -7.894220 0.137600 7.857121 2.935498 -3.737655 0.367261 1.649098 -1.307538 1.120214 4.710489 0.697117 5.490988 -4.597048 -3.678392 -3.762162 0.898382 -2.355129 -1.312855 4.300025 0.051322 2.666775 4.658774 -4.067626 -2.573809 -5.238235 3.397708 0.481194 9.244837 0.033338 4.008979 14.300597 1.853040 2.900450 5.577949 21.231842 3.252273 18.028728 48.828397 -22.480134 18.245975 -1.969369 -20.349944 3.946185 0.835909 -7.115142 0.000000 0.000000 0.000000 0.000000 0.000000 0.000000 0.000000 0.000000 0.000000 0.000000 0.000000 0.000000 0.000000 0.000000 0.000000 0.000000 0.000000 0.000000 0.000000 0.000000 0.000000 0.000000 0.000000 0.000000 0.000000 0.000000 0.000000 0.000000 0.000000 0.000000 0.000000 0.000000 0.000000 0.000000 0.000000 0.000000 0.000000 0.000000 0.000000 0.000000 0.000000 0.000000 2.511992 -14.645776 0.137701 31.533387 -52.105622 29.154608 10.140972 2.912233 25.907636 -4.028906 -3.709795 3.569235 0.000000 0.000000 0.000000 0.000000 0.000000 0.000000 0.000000 0.000000 0.000000 0.000000 0.000000 0.000000 0.000000 0.000000 0.000000 0.000000 0.000000 0.000000 0.000000 0.000000 0.000000 0.000000 0.000000 0.000000 0.000000 0.000000 0.000000 0.000000 0.000000 0.000000 0.000000 0.000000 0.000000 0.000000 0.000000 0.000000 0.000000 0.000000 0.000000 0.000000 0.000000 0.000000
-0.006252 -0.031071 1.040713 -4.497582 0.895860 1.716304 2.129089 1.995207 -1.855409 6.035761 -0.000694 -10.779458 -8.140162 0.127593 7.833628 2.891592 -3.789288 0.375227 1.711335 -1.244492 1.080305 4.824291 0.708471 5.427689 -4.735275 -3.654997 -3.701395 0.900188 -2.387003 -1.317964 4.306205 -0.008655 2.712934 4.624350 -3.997838 -2.565675 -5.132385 3.401798 0.502638 9.180804 0.020333 4.131870 14.187839 1.901566 2.924320 5.550925 21.297793 3.241863 17.957967 48.842510 -22.285186 18.217467 -1.986190 -20.182358 4.101183 0.939633 -7.134391 0.000000 0.000000 0.000000 0.000000 0.000000 0.000000 0.000000 0.000000 0.000000 0.000000 0.000000 0.000000 0.000000 0.000000 0.000000 0.000000 0.000000 0.000000 0.000000 0.000000 0.000000 0.000000 0.000000 0.000000 0.000000 0.000000 0.000000 0.000000 0.000000 0.000000 0.000000 0.000000 0.000000 0.000000 0.000000 0.000000 0.000000 0.000000 0.000000 0.000000 0.000000 0.000000 2.483094 -14.665229 0.183122 31.444716 -52.069355 29.028558 10.080853 2.898636 25.966019 -4.001043 -3.615585 3.618505 0.000000 0.000000 0.000000 0.000000 0.000000 0.000000 0.000000 0.000000 0.000000 0.000000 0.000000 0.000000 0.000000 0.000000 0.000000 0.000000 0.000000 0.000000 0.000000 0.000000 0.000000 0.000000 0.000000 0.000000 0.000000 0.000000 0.000000 0.000000 0.000000 0.000000 0.000000 0.000000 0.000000 0.000000 0.000000 0.000000 0.000000 0.000000 0.000000 0.000000 0.000000 0.000000
-0.007141 -0.030078 1.040614 -4.474726 0.899481 1.558720 2.067297 2.034578 -1.814070 6.218558 0.014831 -10.678178 -8.346973 0.095575 7.910865 2.854588 -3.847112 0.373186 1.741851 -1.174632 1.030775 4.895306 0.714204 5.401776 -4.875105 -3.656423 -3.673669 0.907283 -2.424945 -1.325711 4.320415 -0.042558 2.743280 4.570370 -3.933092 -2.550202 -5.022318 3.399409 0.514557 9.075641 -0.025791 4.212553 14.076154 1.939890 2.942168 5.525717 21.345262 3.269818 17.883452 48.853896 -22.067734 18.268755 -1.981948 -20.017403 4.183268 1.032414 -7.123687 0.000000 0.000000 0.000000 0.000000 0.000000 0.000000 0.000000 0.000000 0.000000 0.000000 0.000000 0.000000 0.000000 0.000000 0.000000 0.000000 0.000000 0.000000 0.000000 0.000000 0.000000 0.000000 0.000000 0.000000 0.000000 0.000000 0.000000 0.000000 0.000000 0.000000 0.000000 0.000000 0.000000 0.000000 0.000000 0.000000 0.000000 0.000000 0.000000 0.000000 0.000000 0.000000 2.421768 -14.615869 0.214428 31.471198 -52.070702 29.039016 10.109242 2.946239 26.040594 -3.975825 -3.506480 3.626981 0.000000 0.000000 0.000000 0.000000 0.000000 0.000000 0.000000 0.000000 0.000000 0.000000 0.000000 0.000000 0.000000 0.000000 0.000000 0.000000 0.000000 0.000000 0.000000 0.000000 0.000000 0.000000 0.000000 0.000000 0.000000 0.000000 0.000000 0.000000 0.000000 0.000000 0.000000 0.000000 0.000000 0.000000 0.000000 0.000000 0.000000 0.000000 0.000000 0.000000 0.000000 0.000000
-0.008289 -0.028680 1.040498 -4.399232 0.915169 1.398051 2.042787 2.079107 -1.794743 6.244230 0.032823 -10.643680 -8.504264 0.029283 8.029199 2.822441 -3.888781 0.364305 1.774252 -1.088699 0.954499 4.866001 0.718990 5.452696 -4.966001 -3.689821 -3.651382 0.904165 -2.468347 -1.335963 4.298493 -0.061546 2.751124 4.456415 -3.854579 -2.525682 -4.855764 3.397824 0.495892 8.966848 -0.094634 4.274739 14.009837 1.996973 2.943548 5.467621 21.359047 3.367334 17.804576 48.885622 -21.859001 18.341353 -1.923003 -19.795053 4.177353 1.167335 -7.067464 0.000000 0.000000 0.000000 0.000000 0.000000 0.000000 0.000000 0.000000 0.000000 0.000000 0.000000 0.000000 0.000000 0.000000 0.000000 0.000000 0.000000 0.000000 0.000000 0.000000 0.000000 0.000000 0.000000 0.000000 0.000000 0.000000 0.000000 0.000000 0.000000 0.000000 0.000000 0.000000 0.000000 0.000000 0.000000 0.000000 0.000000 0.000000 0.000000 0.000000 0.000000 0.000000 2.311328 -14.537976 0.192806 31.529614 -52.086836 29.110820 10.219930 2.982525 26.100661 -4.007923 -3.490014 3.568231 0.000000 0.000000 0.000000 0.000000 0.000000 0.000000 0.000000 0.000000 0.000000 0.000000 0.000000 0.000000 0.000000 0.000000 0.000000 0.000000 0.000000 0.000000 0.000000 0.000000 0.000000 0.000000 0.000000 0.000000 0.000000 0.000000 0.000000 0.000000 0.000000 0.000000 0.000000 0.000000 0.000000 0.000000 0.000000 0.000000 0.000000 0.000000 0.000000 0.000000 0.000000 0.000000
-0.009685 -0.027137 1.040379 -4.316104 0.928395 1.235128 2.014039 2.139050 -1.801177 6.290020 0.064678 -10.677568 -8.649136 -0.050834 8.152656 2.790794 -3.934747 0.350010 1.784799 -1.009959 0.882550 4.875427 0.758129 5.467340 -5.065534 -3.723762 -3.661732 0.907606 -2.508190 -1.342170 4.291998 -0.067454 2.756434 4.320023 -3.776828 -2.509686 -4.684731 3.392042 0.474735 8.866333 -0.176032 4.363890 13.999714 2.068505 3.042101 5.413646 21.355069 3.494342 17.746833 48.928124 -21.683348 18.388786 -1.825501 -19.559789 4.099544 1.293290 -6.976665 0.000000 0.000000 0.000000 0.000000 0.000000 0.000000 0.000000 0.000000 0.000000 0.000000 0.000000 0.000000 0.000000 0.000000 0.000000 0.000000 0.000000 0.000000 0.000000 0.000000 0.000000 0.000000 0.000000 0.000000 0.000000 0.000000 0.000000 0.000000 0.000000 0.000000 0.000000 0.000000 0.000000 0.000000 0.000000 0.000000 0.000000 0.000000 0.000000 0.000000 0.000000 0.000000 2.177218 -14.430693 0.128924 31.641637 -52.133069 29.268349 10.265745 3.028337 26.104510 -4.043936 -3.503803 3.475238 0.000000 0.000000 0.000000 0.000000 0.000000 0.000000 0.000000 0.000000 0.000000 0.000000 0.000000 0.000000 0.000000 0.000000 0.000000 0.000000 0.000000 0.000000 0.000000 0.000000 0.000000 0.000000 0.000000 0.000000 0.000000 0.000000 0.000000 0.000000 0.000000 0.000000 0.000000 0.000000 0.000000 0.000000 0.000000 0.000000 0.000000 0.000000 0.000000 0.000000 0.000000 0.000000
-0.011260 -0.025213 1.040238 -4.194509 0.916252 1.023177 2.000706 2.255620 -1.852906 6.267014 0.098941 -10.771894 -8.732107 -0.169357 8.301290 2.763256 -3.945478 0.340410 1.790480 -0.889969 0.815486 4.830723 0.817946 5.486587 -5.159942 -3.788434 -3.687970 0.912189 -2.536987 -1.348170 4.240586 -0.056882 2.776234 4.192857 -3.691638 -2.483938 -4.504740 3.396477 0.482962 8.744316 -0.221978 4.407749 13.981985 2.115008 3.094456 5.345091 21.355799 3.628892 17.714441 48.963110 -21.541122 18.427132 -1.729279 -19.257080 4.021645 1.444747 -6.922109 0.000000 0.000000 0.000000 0.000000 0.000000 0.000000 0.000000 0.000000 0.000000 0.000000 0.000000 0.000000 0.000000 0.000000 0.000000 0.000000 0.000000 0.000000 0.000000 0.000000 0.000000 0.000000 0.000000 0.000000 0.000000 0.000000 0.000000 0.000000 0.000000 0.000000 0.000000 0.000000 0.000000 0.000000 0.000000 0.000000 0.000000 0.000000 0.000000 0.000000 0.000000 0.000000 2.042245 -14.328636 0.059807 31.761533 -52.194817 29.405978 10.309569 3.111239 26.144006 -4.048501 -3.552564 3.401049 0.000000 0.000000 0.000000 0.000000 0.000000 0.000000 0.000000 0.000000 0.000000 0.000000 0.000000 0.000000 0.000000 0.000000 0.000000 0.000000 0.000000 0.000000 0.000000 0.000000 0.000000 0.000000 0.000000 0.000000 0.000000 0.000000 0.000000 0.000000 0.000000 0.000000 0.000000 0.000000 0.000000 0.000000 0.000000 0.000000 0.000000 0.000000 0.000000 0.000000 0.000000 0.000000
-0.013172 -0.023568 1.040144 -4.154669 0.899598 0.887393 2.085605 2.371574 -1.910051 6.223376 0.152781 -10.941931 -8.765233 -0.279640 8.394052 2.776810 -3.929650 0.320895 1.882407 -0.789716 0.768877 4.814307 0.923398 5.536046 -5.242468 -3.817358 -3.789147 0.921191 -2.530042 -1.355926 4.252370 0.001351 2.802069 4.202918 -3.690724 -2.462615 -4.519959 3.410849 0.494388 8.724073 -0.242874 4.436451 14.023676 2.118520 3.163687 5.422317 21.380976 3.731625 17.558544 48.962675 -21.324718 18.438597 -1.599058 -19.075060 3.955818 1.540561 -6.843438 0.000000 0.000000 0.000000 0.000000 0.000000 0.000000 0.000000 0.000000 0.000000 0.000000 0.000000 0.000000 0.000000 0.000000 0.000000 0.000000 0.000000 0.000000 0.000000 0.000000 0.000000 0.000000 0.000000 0.000000 0.000000 0.000000 0.000000 0.000000 0.000000 0.000000 0.000000 0.000000 0.000000 0.000000 0.000000 0.000000 0.000000 0.000000 0.000000 0.000000 0.000000 0.000000 2.031038 -14.260474 -0.013778 31.764970 -52.215007 29.445726 10.329986 3.186683 26.189077 -4.073128 -3.649512 3.322183 0.000000 0.000000 0.000000 0.000000 0.000000 0.000000 0.000000 0.000000 0.000000 0.000000 0.000000 0.000000 0.000000 0.000000 0.000000 0.000000 0.000000 0.000000 0.000000 0.000000 0.000000 0.000000 0.000000 0.000000 0.000000 0.000000 0.000000 0.000000 0.000000 0.000000 0.000000 0.000000 0.000000 0.000000 0.000000 0.000000 0.000000 0.000000 0.000000 0.000000 0.000000 0.000000
-0.015701 -0.021717 1.040019 -4.121058 0.922320 0.787690 2.124650 2.504128 -1.988034 6.304364 0.151820 -11.148807 -8.856581 -0.366694 8.531593 2.783760 -3.900834 0.280818 1.929085 -0.700812 0.777762 4.912144 1.022287 5.622459 -5.330886 -3.893508 -3.893598 0.920529 -2.449771 -1.339576 4.261216 0.064260 2.809287 4.316921 -3.742712 -2.448866 -4.697367 3.436339 0.516575 8.781716 -0.217621 4.434777 14.066268 2.094943 3.259098 5.632985 21.425747 3.797598 17.402905 48.921155 -21.107263 18.415575 -1.501238 -18.975351 4.017836 1.596107 -6.859641 0.000000 0.000000 0.000000 0.000000 0.000000 0.000000 0.000000 0.000000 0.000000 0.000000 0.000000 0.000000 0.000000 0.000000 0.000000 0.000000 0.000000 0.000000 0.000000 0.000000 0.000000 0.000000 0.000000 0.000000 0.000000 0.000000 0.000000 0.000000 0.000000 0.000000 0.000000 0.000000 0.000000 0.000000 0.000000 0.000000 0.000000 0.000000 0.000000 0.000000 0.000000 0.000000 2.173444 -14.225204 -0.082665 31.644233 -52.183316 29.403499 10.311183 3.233125 26.281603 -4.152179 -3.779861 3.354929 0.000000 0.000000 0.000000 0.000000 0.000000 0.000000 0.000000 0.000000 0.000000 0.000000 0.000000 0.000000 0.000000 0.000000 0.000000 0.000000 0.000000 0.000000 0.000000 0.000000 0.000000 0.000000 0.000000 0.000000 0.000000 0.000000 0.000000 0.000000 0.000000 0.000000 0.000000 0.000000 0.000000 0.000000 0.000000 0.000000 0.000000 0.000000 0.000000 0.000000 0.000000 0.000000
-0.018791 -0.019857 1.039869 -4.177382 0.925674 0.720683 2.250836 2.729418 -2.111664 6.460359 0.114805 -11.459364 -8.966490 -0.473958 8.734511 2.773838 -3.957606 0.268285 1.928821 -0.577301 0.871982 5.360835 1.158984 5.779628 -5.538426 -3.913956 -4.065740 0.929186 -2.421299 -1.344971 4.275711 0.100506 2.804524 4.368879 -3.740545 -2.422016 -4.701415 3.461002 0.530763 8.800042 -0.230062 4.509464 14.184416 2.100980 3.342050 5.771007 21.445490 3.861368 17.224266 48.880070 -20.888874 18.432383 -1.407451 -18.856223 4.103672 1.672580 -6.879679 0.000000 0.000000 0.000000 0.000000 0.000000 0.000000 0.000000 0.000000 0.000000 0.000000 0.000000 0.000000 0.000000 0.000000 0.000000 0.000000 0.000000 0.000000 0.000000 0.000000 0.000000 0.000000 0.000000 0.000000 0.000000 0.000000 0.000000 0.000000 0.000000 0.000000 0.000000 0.000000 0.000000 0.000000 0.000000 0.000000 0.000000 0.000000 0.000000 0.000000 0.000000 0.000000 2.219733 -14.197467 -0.178725 31.467695 -52.224117 29.273495 10.260666 3.346853 26.333116 -4.232238 -3.927579 3.315347 0.000000 0.000000 0.000000 0.000000 0.000000 0.000000 0.000000 0.000000 0.000000 0.000000 0.000000 0.000000 0.000000 0.000000 0.000000 0.000000 0.000000 0.000000 0.000000 0.000000 0.000000 0.000000 0.000000 0.000000 0.000000 0.000000 0.000000 0.000000 0.000000 0.000000 0.000000 0.000000 0.000000 0.000000 0.000000 0.000000 0.000000 0.000000 0.000000 0.000000 0.000000 0.000000
-0.022618 -0.017242 1.039580 -4.225852 0.909508 0.629892 2.322456 3.018355 -2.261932 6.795733 0.114440 -11.830746 -9.152026 -0.611145 8.974552 2.709994 -4.127329 0.236874 1.724575 -0.395231 1.033481 6.262051 1.321554 5.988083 -5.899528 -3.930011 -4.275794 0.945505 -2.418805 -1.343958 4.318240 0.136363 2.815321 4.318148 -3.709799 -2.400148 -4.538707 3.486707 0.551341 8.720141 -0.270476 4.688275 14.358971 2.175610 3.459074 5.904259 21.459321 3.837409 16.938415 48.829882 -20.626552 18.432831 -1.288316 -18.636856 4.324297 1.710721 -6.844015 0.000000 0.000000 0.000000 0.000000 0.000000 0.000000 0.000000 0.000000 0.000000 0.000000 0.000000 0.000000 0.000000 0.000000 0.000000 0.000000 0.000000 0.000000 0.000000 0.000000 0.000000 0.000000 0.000000 0.000000 0.000000 0.000000 0.000000 0.000000 0.000000 0.000000 0.000000 0.000000 0.000000 0.000000 0.000000 0.000000 0.000000 0.000000 0.000000 0.000000 0.000000 0.000000 2.204405 -14.159179 -0.243386 31.322943 -52.309661 29.175251 10.240975 3.512037 26.353363 -4.155073 -4.063433 3.200732 0.000000 0.000000 0.000000 0.000000 0.000000 0.000000 0.000000 0.000000 0.000000 0.000000 0.000000 0.000000 0.000000 0.000000 0.000000 0.000000 0.000000 0.000000 0.000000 0.000000 0.000000 0.000000 0.000000 0.000000 0.000000 0.000000 0.000000 0.000000 0.000000 0.000000 0.000000 0.000000 0.000000 0.000000 0.000000 0.000000 0.000000 0.000000 0.000000 0.000000 0.000000 0.000000
-0.026067 -0.014683 1.039154 -4.337594 0.871942 0.429039 2.551959 3.331853 -2.383702 7.011439 0.159089 -12.244330 -9.399105 -0.790883 9.316245 2.601819 -4.421121 0.191377 1.179872 -0.140915 1.249404 7.953068 1.379268 6.111171 -6.515658 -3.949625 -4.437033 0.948541 -2.442292 -1.324199 4.458892 0.241992 2.781957 4.147401 -3.662595 -2.338885 -4.193444 3.578934 0.566202 8.560037 -0.412017 4.933793 14.537045 2.407939 3.424522 5.921168 21.369979 3.855731 16.534703 48.784959 -20.314587 18.393097 -1.206767 -18.453550 4.530154 1.673445 -6.628514 0.000000 0.000000 0.000000 0.000000 0.000000 0.000000 0.000000 0.000000 0.000000 0.000000 0.000000 0.000000 0.000000 0.000000 0.000000 0.000000 0.000000 0.000000 0.000000 0.000000 0.000000 0.000000 0.000000 0.000000 0.000000 0.000000 0.000000 0.000000 0.000000 0.000000 0.000000 0.000000 0.000000 0.000000 0.000000 0.000000 0.000000 0.000000 0.000000 0.000000 0.000000 0.000000 2.004254 -14.194959 -0.317374 31.339610 -52.397180 29.301747 10.213131 3.600506 26.254889 -3.940675 -4.057172 2.948915 0.000000 0.000000 0.000000 0.000000 0.000000 0.000000 0.000000 0.000000 0.000000 0.000000 0.000000 0.000000 0.000000 0.000000 0.000000 0.000000 0.000000 0.000000 0.000000 0.000000 0.000000 0.000000 0.000000 0.000000 0.000000 0.000000 0.000000 0.000000 0.000000 0.000000 0.000000 0.000000 0.000000 0.000000 0.000000 0.000000 0.000000 0.000000 0.000000 0.000000 0.000000 0.000000
-0.029801 -0.010960 1.038516 -4.409101 0.814024 0.414922 2.940946 3.593991 -2.437902 6.924089 0.274927 -12.758337 -9.644850 -0.896391 9.478483 2.509708 -4.724775 0.159559 0.275203 0.085261 1.577179 10.389742 1.385386 6.030807 -7.280134 -3.824831 -4.815516 0.992030 -2.468945 -1.292722 4.541060 0.297033 2.622422 4.017015 -3.661279 -2.289508 -3.793981 3.629964 0.565296 8.411166 -0.541633 5.114105 14.628980 2.673121 3.265243 5.838172 21.322494 3.749656 16.220465 48.684114 -20.100148 18.313977 -1.301230 -18.404104 4.923890 1.733958 -6.448077 0.000000 0.000000 0.000000 0.000000 0.000000 0.000000 0.000000 0.000000 0.000000 0.000000 0.000000 0.000000 0.000000 0.000000 0.000000 0.000000 0.000000 0.000000 0.000000 0.000000 0.000000 0.000000 0.000000 0.000000 0.000000 0.000000 0.000000 0.000000 0.000000 0.000000 0.000000 0.000000 0.000000 0.000000 0.000000 0.000000 0.000000 0.000000 0.000000 0.000000 0.000000 0.000000 1.836646 -14.400480 -0.344892 31.106010 -52.238917 29.061730 10.108877 3.675940 26.323541 -3.668915 -4.105472 2.815671 0.000000 0.000000 0.000000 0.000000 0.000000 0.000000 0.000000 0.000000 0.000000 0.000000 0.000000 0.000000 0.000000 0.000000 0.000000 0.000000 0.000000 0.000000 0.000000 0.000000 0.000000 0.000000 0.000000 0.000000 0.000000 0.000000 0.000000 0.000000 0.000000 0.000000 0.000000 0.000000 0.000000 0.000000 0.000000 0.000000 0.000000 0.000000 0.000000 0.000000 0.000000 0.000000
-0.033446 -0.007450 1.037826 -4.651868 0.711893 0.164327 3.494200 4.038405 -2.557897 7.017876 0.262650 -13.409417 -10.065365 -1.077504 9.958480 2.386126 -5.168972 0.072906 -1.620821 0.401087 2.064576 14.920286 1.276696 5.755363 -8.077408 -3.749187 -5.085790 1.006371 -2.388718 -1.220654 4.962542 0.535478 2.389361 3.947873 -3.777924 -2.214041 -3.639942 3.791461 0.635832 8.338989 -0.612106 5.372379 14.590666 2.981410 3.078440 5.994339 21.359447 3.518219 15.698440 48.481323 -19.866798 18.107833 -1.363708 -18.520172 5.052810 1.519891 -6.038470 0.000000 0.000000 0.000000 0.000000 0.000000 0.000000 0.000000 0.000000 0.000000 0.000000 0.000000 0.000000 0.000000 0.000000 0.000000 0.000000 0.000000 0.000000 0.000000 0.000000 0.000000 0.000000 0.000000 0.000000 0.000000 0.000000 0.000000 0.000000 0.000000 0.000000 0.000000 0.000000 0.000000 0.000000 0.000000 0.000000 0.000000 0.000000 0.000000 0.000000 0.000000 0.000000 1.802887 -14.665539 -0.302228 30.779011 -52.143925 28.885484 9.980040 3.748749 26.300255 -3.481909 -3.992576 2.579419 0.000000 0.000000 0.000000 0.000000 0.000000 0.000000 0.000000 0.000000 0.000000 0.000000 0.000000 0.000000 0.000000 0.000000 0.000000 0.000000 0.000000 0.000000 0.000000 0.000000 0.000000 0.000000 0.000000 0.000000 0.000000 0.000000 0.000000 0.000000 0.000000 0.000000 0.000000 0.000000 0.000000 0.000000 0.000000 0.000000 0.000000 0.000000 0.000000 0.000000 0.000000 0.000000
-0.036707 -0.003595 1.037023 -4.982362 0.546568 0.187855 4.360029 4.469998 -2.586899 6.815079 0.334768 -14.142624 -10.464937 -1.244830 10.176239 2.200224 -5.718436 0.045345 -4.191225 0.774378 2.543546 20.569278 0.995925 5.170087 -8.404811 -3.600853 -5.772039 1.063777 -2.456256 -1.171869 5.361435 0.728061 1.999958 3.794098 -3.811404 -2.208248 -3.071768 3.958875 0.648463 8.062017 -0.702341 5.799903 14.545679 3.279824 2.971719 5.753702 21.147773 3.243338 15.592284 48.282600 -20.094762 17.924539 -1.454516 -18.764700 5.121993 1.583192 -5.852952 0.000000 0.000000 0.000000 0.000000 0.000000 0.000000 0.000000 0.000000 0.000000 0.000000 0.000000 0.000000 0.000000 0.000000 0.000000 0.000000 0.000000 0.000000 0.000000 0.000000 0.000000 0.000000 0.000000 0.000000 0.000000 0.000000 0.000000 0.000000 0.000000 0.000000 0.000000 0.000000 0.000000 0.000000 0.000000 0.000000 0.000000 0.000000 0.000000 0.000000 0.000000 0.000000 1.409720 -14.987746 -0.299834 30.641227 -51.957314 28.716806 9.565182 3.680389 26.245787 -3.238978 -3.839336 2.517762 0.000000 0.000000 0.000000 0.000000 0.000000 0.000000 0.000000 0.000000 0.000000 0.000000 0.000000 0.000000 0.000000 0.000000 0.000000 0.000000 0.000000 0.000000 0.000000 0.000000 0.000000 0.000000 0.000000 0.000000 0.000000 0.000000 0.000000 0.000000 0.000000 0.000000 0.000000 0.000000 0.000000 0.000000 0.000000 0.000000 0.000000 0.000000 0.000000 0.000000 0.000000 0.000000
-0.039455 0.000100 1.036390 -5.469858 0.366248 0.042823 5.256442 4.978187 -2.566108 6.949130 0.322641 -14.976650 -10.987933 -1.411385 10.462156 2.035613 -6.242329 -0.034040 -7.442975 1.180441 2.965829 27.216506 0.572145 4.415294 -9.122683 -3.192465 -6.450835 1.151421 -2.407538 -1.108351 5.961862 1.027659 1.539049 3.791304 -3.983126 -2.243269 -2.871137 4.189023 0.694562 7.914776 -0.742862 6.189237 14.439010 3.633152 2.728090 5.717609 21.038535 2.892119 15.450651 48.076796 -20.496135 17.498320 -1.442277 -18.836394 5.493570 1.502741 -5.607956 0.000000 0.000000 0.000000 0.000000 0.000000 0.000000 0.000000 0.000000 0.000000 0.000000 0.000000 0.000000 0.000000 0.000000 0.000000 0.000000 0.000000 0.000000 0.000000 0.000000 0.000000 0.000000 0.000000 0.000000 0.000000 0.000000 0.000000 0.000000 0.000000 0.000000 0.000000 0.000000 0.000000 0.000000 0.000000 0.000000 0.000000 0.000000 0.000000 0.000000 0.000000 0.000000 1.208157 -15.329235 -0.284833 30.421408 -51.802165 28.637936 9.016711 3.419545 26.004411 -3.117017 -3.562653 2.540614 0.000000 0.000000 0.000000 0.000000 0.000000 0.000000 0.000000 0.000000 0.000000 0.000000 0.000000 0.000000 0.000000 0.000000 0.000000 0.000000 0.000000 0.000000 0.000000 0.000000 0.000000 0.000000 0.000000 0.000000 0.000000 0.000000 0.000000 0.000000 0.000000 0.000000 0.000000 0.000000 0.000000 0.000000 0.000000 0.000000 0.000000 0.000000 0.000000 0.000000 0.000000 0.000000
-0.041854 0.003862 1.036023 -6.070316 0.234038 0.108250 6.327593 5.280074 -2.384067 7.015770 0.389031 -15.809799 -11.468416 -1.399304 10.536107 1.892605 -6.614767 -0.139504 -10.927063 1.487965 3.403176 34.155331 -0.075634 3.590650 -9.532699 -2.868130 -6.738129 1.234176 -2.338377 -1.028326 6.719484 1.307241 0.951204 3.973876 -4.277529 -2.335120 -2.883423 4.398575 0.706541 7.873200 -0.726351 6.742018 14.224114 3.845673 2.923657 5.728777 20.950508 2.360003 15.381998 47.738468 -21.104420 17.028602 -1.358216 -19.033197 5.514047 1.490869 -5.584703 0.000000 0.000000 0.000000 0.000000 0.000000 0.000000 0.000000 0.000000 0.000000 0.000000 0.000000 0.000000 0.000000 0.000000 0.000000 0.000000 0.000000 0.000000 0.000000 0.000000 0.000000 0.000000 0.000000 0.000000 0.000000 0.000000 0.000000 0.000000 0.000000 0.000000 0.000000 0.000000 0.000000 0.000000 0.000000 0.000000 0.000000 0.000000 0.000000 0.000000 0.000000 0.000000 1.126978 -15.690143 -0.224028 30.167558 -51.551819 28.476909 8.382812 3.155828 25.887858 -3.306861 -3.383358 2.750833 0.000000 0.000000 0.000000 0.000000 0.000000 0.000000 0.000000 0.000000 0.000000 0.000000 0.000000 0.000000 0.000000 0.000000 0.000000 0.000000 0.000000 0.000000 0.000000 0.000000 0.000000 0.000000 0.000000 0.000000 0.000000 0.000000 0.000000 0.000000 0.000000 0.000000 0.000000 0.000000 0.000000 0.000000 0.000000 0.000000 0.000000 0.000000 0.000000 0.000000 0.000000 0.000000
-0.044961 0.006879 1.036096 -6.913759 0.339255 0.203012 7.615846 5.398670 -2.059772 7.136096 0.201328 -16.714801 -11.998138 -1.373213 10.561698 1.769454 -6.939497 -0.251574 -14.466585 1.498354 3.889976 40.569192 -1.018949 2.884347 -9.096923 -2.829962 -6.631732 1.284489 -2.242512 -0.911854 7.735270 1.374388 0.291545 4.204797 -4.642864 -2.469497 -3.163706 4.587281 0.699876 7.956234 -0.626903 7.256781 14.145868 4.168446 3.064255 5.997088 20.856953 1.748408 15.065022 47.565679 -21.765619 16.731885 -1.317662 -19.108599 5.771300 1.391883 -5.499453 0.000000 0.000000 0.000000 0.000000 0.000000 0.000000 0.000000 0.000000 0.000000 0.000000 0.000000 0.000000 0.000000 0.000000 0.000000 0.000000 0.000000 0.000000 0.000000 0.000000 0.000000 0.000000 0.000000 0.000000 0.000000 0.000000 0.000000 0.000000 0.000000 0.000000 0.000000 0.000000 0.000000 0.000000 0.000000 0.000000 0.000000 0.000000 0.000000 0.000000 0.000000 0.000000 1.322371 -15.928359 -0.146056 29.635324 -51.423563 28.137052 8.038747 2.909126 25.830999 -3.586828 -3.333416 2.921857 0.000000 0.000000 0.000000 0.000000 0.000000 0.000000 0.000000 0.000000 0.000000 0.000000 0.000000 0.000000 0.000000 0.000000 0.000000 0.000000 0.000000 0.000000 0.000000 0.000000 0.000000 0.000000 0.000000 0.000000 0.000000 0.000000 0.000000 0.000000 0.000000 0.000000 0.000000 0.000000 0.000000 0.000000 0.000000 0.000000 0.000000 0.000000 0.000000 0.000000 0.000000 0.000000
-0.048611 0.013034 1.036077 -7.355050 0.645270 0.485456 8.892555 5.109412 -1.592374 6.712653 0.114184 -17.408140 -12.420400 -1.200751 10.387336 1.728014 -7.141064 -0.332568 -17.548859 1.060431 4.358247 43.974199 -2.006096 2.294847 -8.893982 -2.767490 -6.585178 1.330008 -2.173198 -0.797466 8.623903 1.220823 -0.461860 4.180204 -4.983894 -2.695420 -3.341652 4.633614 0.550614 7.990742 -0.456860 7.658150 14.183427 4.508448 3.239103 6.061276 20.461411 1.136720 14.968224 47.562244 -22.840081 16.701209 -1.254698 -19.184734 5.831370 1.244953 -5.463150 0.000000 0.000000 0.000000 0.000000 0.000000 0.000000 0.000000 0.000000 0.000000 0.000000 0.000000 0.000000 0.000000 0.000000 0.000000 0.000000 0.000000 0.000000 0.000000 0.000000 0.000000 0.000000 0.000000 0.000000 0.000000 0.000000 0.000000 0.000000 0.000000 0.000000 0.000000 0.000000 0.000000 0.000000 0.000000 0.000000 0.000000 0.000000 0.000000 0.000000 0.000000 0.000000 1.426714 -16.076493 -0.192261 29.379735 -51.225859 27.904736 8.150883 2.630325 25.675146 -3.666510 -3.220211 2.997691 0.000000 0.000000 0.000000 0.000000 0.000000 0.000000 0.000000 0.000000 0.000000 0.000000 0.000000 0.000000 0.000000 0.000000 0.000000 0.000000 0.000000 0.000000 0.000000 0.000000 0.000000 0.000000 0.000000 0.000000 0.000000 0.000000 0.000000 0.000000 0.000000 0.000000 0.000000 0.000000 0.000000 0.000000 0.000000 0.000000 0.000000 0.000000 0.000000 0.000000 0.000000 0.000000
-0.051907 0.022369 1.035856 -7.517678 1.017722 0.785753 10.155406 4.728126 -1.226369 6.092069 -0.084383 -17.887340 -12.862010 -1.058476 10.289803 1.712888 -7.218134 -0.400223 -20.259625 0.501131 4.739795 44.707357 -2.960232 1.510160 -8.684776 -2.816690 -6.610933 1.350480 -2.052741 -0.724888 9.296554 0.939097 -1.173227 4.166070 -5.288038 -2.891327 -3.602486 4.576162 0.426717 8.065364 -0.173755 7.944439 14.054132 4.621491 3.695786 6.118432 20.072633 0.613360 14.996164 47.602155 -24.182429 16.376336 -1.365591 -19.443562 5.631999 1.074584 -5.807534 0.000000 0.000000 0.000000 0.000000 0.000000 0.000000 0.000000 0.000000 0.000000 0.000000 0.000000 0.000000 0.000000 0.000000 0.000000 0.000000 0.000000 0.000000 0.000000 0.000000 0.000000 0.000000 0.000000 0.000000 0.000000 0.000000 0.000000 0.000000 0.000000 0.000000 0.000000 0.000000 0.000000 0.000000 0.000000 0.000000 0.000000 0.000000 0.000000 0.000000 0.000000 0.000000 1.681175 -16.094789 -0.258166 29.165241 -51.188610 27.583293 8.294039 2.476998 25.586607 -3.630872 -3.293819 3.288331 0.000000 0.000000 0.000000 0.000000 0.000000 0.000000 0.000000 0.000000 0.000000 0.000000 0.000000 0.000000 0.000000 0.000000 0.000000 0.000000 0.000000 0.000000 0.000000 0.000000 0.000000 0.000000 0.000000 0.000000 0.000000 0.000000 0.000000 0.000000 0.000000 0.000000 0.000000 0.000000 0.000000 0.000000 0.000000 0.000000 0.000000 0.000000 0.000000 0.000000 0.000000 0.000000
-0.053878 0.034362 1.035197 -7.560384 1.299865 1.308014 11.495556 4.279431 -0.877072 5.375597 -0.211619 -18.291448 -13.375739 -0.981759 10.062210 1.725813 -7.064876 -0.463058 -22.566117 0.066448 5.111000 42.923517 -3.784716 0.515223 -8.210553 -3.328241 -6.584203 1.357004 -1.793419 -0.592129 9.994216 0.796092 -1.789017 4.254147 -5.664652 -3.098790 -4.254863 4.461910 0.382955 8.050958 0.133487 8.048729 13.792230 4.515620 3.800404 6.268410 19.531421 0.032047 15.288388 47.486276 -25.651684 16.275555 -1.538244 -20.331881 5.459937 0.850115 -6.205107 0.000000 0.000000 0.000000 0.000000 0.000000 0.000000 0.000000 0.000000 0.000000 0.000000 0.000000 0.000000 0.000000 0.000000 0.000000 0.000000 0.000000 0.000000 0.000000 0.000000 0.000000 0.000000 0.000000 0.000000 0.000000 0.000000 0.000000 0.000000 0.000000 0.000000 0.000000 0.000000 0.000000 0.000000 0.000000 0.000000 0.000000 0.000000 0.000000 0.000000 0.000000 0.000000 2.212299 -16.332504 -0.363686 28.845257 -50.957744 27.148512 8.202333 2.137930 25.185660 -3.420541 -3.265629 3.419575 0.000000 0.000000 0.000000 0.000000 0.000000 0.000000 0.000000 0.000000 0.000000 0.000000 0.000000 0.000000 0.000000 0.000000 0.000000 0.000000 0.000000 0.000000 0.000000 0.000000 0.000000 0.000000 0.000000 0.000000 0.000000 0.000000 0.000000 0.000000 0.000000 0.000000 0.000000 0.000000 0.000000 0.000000 0.000000 0.000000 0.000000 0.000000 0.000000 0.000000 0.000000 0.000000
-0.054126 0.050199 1.033652 -7.420405 1.439401 1.514284 12.653523 3.891045 -0.525529 4.875222 -0.243310 -18.679138 -14.036391 -0.998195 9.838911 1.724343 -6.895653 -0.464007 -24.126882 -0.369601 5.309038 39.417242 -4.066899 -0.319564 -7.781837 -3.876889 -6.783311 1.359120 -1.619473 -0.542024 10.338242 0.651286 -2.305058 4.252692 -5.871800 -3.262362 -4.625965 4.304742 0.297224 8.034921 0.500621 8.127918 13.622016 4.436644 4.189221 6.212259 19.064058 -0.314828 15.340095 47.339342 -26.816351 15.957642 -1.698592 -21.191473 5.235670 0.567998 -6.606876 0.000000 0.000000 0.000000 0.000000 0.000000 0.000000 0.000000 0.000000 0.000000 0.000000 0.000000 0.000000 0.000000 0.000000 0.000000 0.000000 0.000000 0.000000 0.000000 0.000000 0.000000 0.000000 0.000000 0.000000 0.000000 0.000000 0.000000 0.000000 0.000000 0.000000 0.000000 0.000000 0.000000 0.000000 0.000000 0.000000 0.000000 0.000000 0.000000 0.000000 0.000000 0.000000 2.517913 -16.413933 -0.522960 28.761746 -50.850196 26.911625 7.953453 1.812133 24.790870 -3.116323 -3.501425 3.546100 0.000000 0.000000 0.000000 0.000000 0.000000 0.000000 0.000000 0.000000 0.000000 0.000000 0.000000 0.000000 0.000000 0.000000 0.000000 0.000000 0.000000 0.000000 0.000000 0.000000 0.000000 0.000000 0.000000 0.000000 0.000000 0.000000 0.000000 0.000000 0.000000 0.000000 0.000000 0.000000 0.000000 0.000000 0.000000 0.000000 0.000000 0.000000 0.000000 0.000000 0.000000 0.000000
-0.053164 0.069169 1.031229 -7.273729 1.526356 2.016960 13.773003 3.378289 -0.153854 4.726984 -0.371014 -19.114211 -14.912809 -1.002892 9.428961 1.685074 -6.647944 -0.451886 -25.261213 -0.798439 5.377490 34.588793 -4.167902 -1.134027 -6.902201 -4.700077 -6.884131 1.403117 -1.434891 -0.508878 10.589889 0.487303 -2.764246 4.213114 -6.052624 -3.410436 -4.886791 4.047859 0.136321 7.830798 0.725778 8.078680 13.417880 4.247580 4.511029 6.096671 18.579206 -0.632751 15.448443 47.192769 -27.994237 15.651267 -1.903340 -22.273318 4.916455 0.031644 -7.134475 0.000000 0.000000 0.000000 0.000000 0.000000 0.000000 0.000000 0.000000 0.000000 0.000000 0.000000 0.000000 0.000000 0.000000 0.000000 0.000000 0.000000 0.000000 0.000000 0.000000 0.000000 0.000000 0.000000 0.000000 0.000000 0.000000 0.000000 0.000000 0.000000 0.000000 0.000000 0.000000 0.000000 0.000000 0.000000 0.000000 0.000000 0.000000 0.000000 0.000000 0.000000 0.000000 2.814145 -16.501930 -0.743117 28.596508 -50.641640 26.457915 7.670621 1.444231 24.474578 -2.853706 -3.607029 3.688695 0.000000 0.000000 0.000000 0.000000 0.000000 0.000000 0.000000 0.000000 0.000000 0.000000 0.000000 0.000000 0.000000 0.000000 0.000000 0.000000 0.000000 0.000000 0.000000 0.000000 0.000000 0.000000 0.000000 0.000000 0.000000 0.000000 0.000000 0.000000 0.000000 0.000000 0.000000 0.000000 0.000000 0.000000 0.000000 0.000000 0.000000 0.000000 0.000000 0.000000 0.000000 0.000000
-0.050778 0.090008 1.028229 -7.373238 1.495132 2.594092 15.046575 2.909302 0.226009 4.956426 -0.560267 -19.583473 -15.857599 -0.983157 8.953116 1.681423 -6.284118 -0.448874 -25.607921 -1.091901 5.298938 27.990847 -3.694006 -1.706809 -5.904693 -5.790926 -6.999122 1.475978 -1.143450 -0.487377 10.671375 0.421279 -3.119033 4.291984 -6.235798 -3.549482 -5.164802 3.805232 -0.002925 7.584440 0.892014 7.978449 13.164194 3.974280 5.071607 5.921998 18.163679 -0.885982 15.541568 46.989753 -29.098095 15.222282 -2.092793 -23.317661 4.587654 -0.433436 -7.704195 0.000000 0.000000 0.000000 0.000000 0.000000 0.000000 0.000000 0.000000 0.000000 0.000000 0.000000 0.000000 0.000000 0.000000 0.000000 0.000000 0.000000 0.000000 0.000000 0.000000 0.000000 0.000000 0.000000 0.000000 0.000000 0.000000 0.000000 0.000000 0.000000 0.000000 0.000000 0.000000 0.000000 0.000000 0.000000 0.000000 0.000000 0.000000 0.000000 0.000000 0.000000 0.000000 3.052319 -16.590309 -1.075061 28.557794 -50.415397 26.101481 7.169454 1.061765 23.909745 -2.622121 -3.819557 3.739600 0.000000 0.000000 0.000000 0.000000 0.000000 0.000000 0.000000 0.000000 0.000000 0.000000 0.000000 0.000000 0.000000 0.000000 0.000000 0.000000 0.000000 0.000000 0.000000 0.000000 0.000000 0.000000 0.000000 0.000000 0.000000 0.000000 0.000000 0.000000 0.000000 0.000000 0.000000 0.000000 0.000000 0.000000 0.000000 0.000000 0.000000 0.000000 0.000000 0.000000 0.000000 0.000000
-0.046636 0.112945 1.024906 -7.650402 1.255523 3.112587 16.720903 2.544839 0.613808 5.018012 -0.752409 -20.168095 -16.664808 -0.802390 8.354863 1.735047 -5.865656 -0.393007 -25.249686 -1.290518 5.115029 20.016484 -2.728382 -1.958563 -4.938360 -7.166194 -7.213968 1.584482 -0.884349 -0.493448 10.589395 0.504126 -3.453974 4.257737 -6.375685 -3.703291 -5.172328 3.576161 -0.148770 7.262548 1.016778 7.746404 12.984165 3.639327 5.688408 5.476567 17.874895 -0.965660 15.422467 46.676751 -29.774862 14.826500 -2.259617 -24.573983 4.158170 -1.158806 -8.273887 0.000000 0.000000 0.000000 0.000000 0.000000 0.000000 0.000000 0.000000 0.000000 0.000000 0.000000 0.000000 0.000000 0.000000 0.000000 0.000000 0.000000 0.000000 0.000000 0.000000 0.000000 0.000000 0.000000 0.000000 0.000000 0.000000 0.000000 0.000000 0.000000 0.000000 0.000000 0.000000 0.000000 0.000000 0.000000 0.000000 0.000000 0.000000 0.000000 0.000000 0.000000 0.000000 2.956770 -16.816375 -1.536217 28.651619 -50.157039 25.664154 6.781587 0.726433 23.318792 -2.120385 -3.936030 3.713581 0.000000 0.000000 0.000000 0.000000 0.000000 0.000000 0.000000 0.000000 0.000000 0.000000 0.000000 0.000000 0.000000 0.000000 0.000000 0.000000 0.000000 0.000000 0.000000 0.000000 0.000000 0.000000 0.000000 0.000000 0.000000 0.000000 0.000000 0.000000 0.000000 0.000000 0.000000 0.000000 0.000000 0.000000 0.000000 0.000000 0.000000 0.000000 0.000000 0.000000 0.000000 0.000000
-0.042403 0.119950 1.021370 -7.811324 1.063063 3.764594 17.824732 2.227721 1.003844 5.284853 -1.113093 -20.628734 -18.565570 -0.859175 7.551793 1.737830 -5.578183 -0.402396 -24.810492 -1.510152 4.895601 15.227959 -1.888734 -2.064855 -4.205820 -8.002591 -7.394285 1.611305 -0.539303 -0.442966 10.512483 0.552394 -3.657205 4.360738 -6.484177 -3.916083 -5.249501 3.415348 -0.277511 7.060938 1.073269 7.382534 12.891457 3.372510 6.215847 5.250182 17.831272 -1.009646 15.175754 46.424995 -30.187767 14.577669 -2.361678 -25.333619 3.976997 -1.748767 -8.595500 0.000000 0.000000 0.000000 0.000000 0.000000 0.000000 0.000000 0.000000 0.000000 0.000000 0.000000 0.000000 0.000000 0.000000 0.000000 0.000000 0.000000 0.000000 0.000000 0.000000 0.000000 0.000000 0.000000 0.000000 0.000000 0.000000 0.000000 0.000000 0.000000 0.000000 0.000000 0.000000 0.000000 0.000000 0.000000 0.000000 0.000000 0.000000 0.000000 0.000000 0.000000 0.000000 2.908580 -16.970852 -1.919826 28.602383 -49.978193 25.282207 6.633114 0.451961 22.673654 -1.667687 -3.840993 3.619586 0.000000 0.000000 0.000000 0.000000 0.000000 0.000000 0.000000 0.000000 0.000000 0.000000 0.000000 0.000000 0.000000 0.000000 0.000000 0.000000 0.000000 0.000000 0.000000 0.000000 0.000000 0.000000 0.000000 0.000000 0.000000 0.000000 0.000000 0.000000 0.000000 0.000000 0.000000 0.000000 0.000000 0.000000 0.000000 0.000000 0.000000 0.000000 0.000000 0.000000 0.000000 0.000000
-0.038372 0.132118 1.017760 -7.574472 0.950925 4.691042 18.915061 1.753758 1.189495 6.061755 -1.618780 -21.229357 -20.434600 -0.841688 6.851896 1.668761 -5.479777 -0.392549 -24.657002 -1.781467 5.002658 14.176348 -1.500324 -1.905305 -3.540209 -8.176722 -7.697793 1.593929 -0.324062 -0.323917 10.164156 0.274040 -3.835022 4.236457 -6.539498 -4.133814 -5.008181 3.343615 -0.383323 6.983789 1.002218 7.148910 13.023838 3.354280 6.612597 5.038139 17.923328 -1.057188 15.261573 46.278842 -30.596599 14.447000 -2.475803 -25.839226 4.127807 -2.116031 -8.859852 0.000000 0.000000 0.000000 0.000000 0.000000 0.000000 0.000000 0.000000 0.000000 0.000000 0.000000 0.000000 0.000000 0.000000 0.000000 0.000000 0.000000 0.000000 0.000000 0.000000 0.000000 0.000000 0.000000 0.000000 0.000000 0.000000 0.000000 0.000000 0.000000 0.000000 0.000000 0.000000 0.000000 0.000000 0.000000 0.000000 0.000000 0.000000 0.000000 0.000000 0.000000 0.000000 2.741216 -17.305136 -2.263260 28.342927 -49.680250 24.593492 6.339140 0.092913 21.901634 -1.352701 -3.590303 3.560197 0.000000 0.000000 0.000000 0.000000 0.000000 0.000000 0.000000 0.000000 0.000000 0.000000 0.000000 0.000000 0.000000 0.000000 0.000000 0.000000 0.000000 0.000000 0.000000 0.000000 0.000000 0.000000 0.000000 0.000000 0.000000 0.000000 0.000000 0.000000 0.000000 0.000000 0.000000 0.000000 0.000000 0.000000 0.000000 0.000000 0.000000 0.000000 0.000000 0.000000 0.000000 0.000000
-0.036061 0.149582 1.014643 -6.819910 1.211374 5.311910 19.410741 1.119099 1.269345 8.031417 -2.130517 -21.526405 -21.790574 -1.024956 7.012340 1.514183 -5.618252 -0.421143 -25.055914 -2.417292 5.139373 16.651825 -1.809738 -1.927160 -3.616811 -7.316664 -8.024445 1.448076 -0.298054 -0.193919 9.529897 -0.324770 -4.061687 4.060964 -6.485122 -4.290141 -4.668975 3.428994 -0.475842 7.030682 0.976022 7.056190 13.120407 3.516288 6.908342 4.865359 18.262216 -0.930143 15.215305 46.288139 -30.376197 14.319663 -2.782464 -26.368450 4.082658 -2.028377 -9.020897 0.000000 0.000000 0.000000 0.000000 0.000000 0.000000 0.000000 0.000000 0.000000 0.000000 0.000000 0.000000 0.000000 0.000000 0.000000 0.000000 0.000000 0.000000 0.000000 0.000000 0.000000 0.000000 0.000000 0.000000 0.000000 0.000000 0.000000 0.000000 0.000000 0.000000 0.000000 0.000000 0.000000 0.000000 0.000000 0.000000 0.000000 0.000000 0.000000 0.000000 0.000000 0.000000 2.535390 -17.597524 -2.524867 27.896040 -49.507415 23.797841 6.439378 0.017506 21.222894 -1.169112 -3.485632 3.587193 0.000000 0.000000 0.000000 0.000000 0.000000 0.000000 0.000000 0.000000 0.000000 0.000000 0.000000 0.000000 0.000000 0.000000 0.000000 0.000000 0.000000 0.000000 0.000000 0.000000 0.000000 0.000000 0.000000 0.000000 0.000000 0.000000 0.000000 0.000000 0.000000 0.000000 0.000000 0.000000 0.000000 0.000000 0.000000 0.000000 0.000000 0.000000 0.000000 0.000000 0.000000 0.000000
-0.034681 0.169498 1.012682 -5.930895 1.714903 5.859130 19.071640 0.100758 1.260699 12.070030 -2.598916 -21.663255 -21.220030 -0.592053 7.473160 1.459160 -5.783645 -0.419202 -25.595211 -3.278492 5.430181 21.041123 -2.601057 -1.884068 -2.876728 -6.090526 -8.115427 1.324401 -0.367600 -0.089106 8.857550 -1.260708 -4.301645 3.674828 -6.388815 -4.377926 -4.197049 3.529004 -0.631545 7.165262 0.954199 7.001827 13.442890 3.925277 7.164322 4.954291 18.811502 -0.585031 15.307351 46.525612 -29.890190 14.114268 -3.042902 -26.571130 3.798558 -1.798413 -9.139965 0.000000 0.000000 0.000000 0.000000 0.000000 0.000000 0.000000 0.000000 0.000000 0.000000 0.000000 0.000000 0.000000 0.000000 0.000000 0.000000 0.000000 0.000000 0.000000 0.000000 0.000000 0.000000 0.000000 0.000000 0.000000 0.000000 0.000000 0.000000 0.000000 0.000000 0.000000 0.000000 0.000000 0.000000 0.000000 0.000000 0.000000 0.000000 0.000000 0.000000 0.000000 0.000000 2.450215 -17.891959 -2.737082 27.255908 -49.325888 23.061314 6.495810 0.004292 20.531037 -1.265655 -3.340940 3.535780 0.000000 0.000000 0.000000 0.000000 0.000000 0.000000 0.000000 0.000000 0.000000 0.000000 0.000000 0.000000 0.000000 0.000000 0.000000 0.000000 0.000000 0.000000 0.000000 0.000000 0.000000 0.000000 0.000000 0.000000 0.000000 0.000000 0.000000 0.000000 0.000000 0.000000 0.000000 0.000000 0.000000 0.000000 0.000000 0.000000 0.000000 0.000000 0.000000 0.000000 0.000000 0.000000
-0.033038 0.187556 1.012812 -5.356523 2.231555 6.064654 18.138244 -1.005080 1.145319 18.467480 -2.897097 -21.341856 -16.605402 1.585019 8.321368 1.546085 -5.848118 -0.366969 -25.853936 -4.365662 5.614774 24.635462 -3.200189 -1.897952 -2.382667 -4.588527 -8.073013 1.274399 -0.585570 -0.123326 8.283380 -2.216511 -4.587585 3.291378 -6.174283 -4.403655 -3.615829 3.509042 -0.846365 7.122513 1.048575 7.017081 13.528589 4.197807 7.445368 4.879353 19.323534 -0.233325 15.355364 47.070680 -29.130876 14.040184 -3.416042 -26.247514 3.471464 -1.139577 -9.113220 0.000000 0.000000 0.000000 0.000000 0.000000 0.000000 0.000000 0.000000 0.000000 0.000000 0.000000 0.000000 0.000000 0.000000 0.000000 0.000000 0.000000 0.000000 0.000000 0.000000 0.000000 0.000000 0.000000 0.000000 0.000000 0.000000 0.000000 0.000000 0.000000 0.000000 0.000000 0.000000 0.000000 0.000000 0.000000 0.000000 0.000000 0.000000 0.000000 0.000000 0.000000 0.000000 2.327977 -17.961863 -2.665421 26.792363 -49.346390 22.610549 6.808722 0.258540 20.066146 -1.732276 -3.549598 3.328595 0.000000 0.000000 0.000000 0.000000 0.000000 0.000000 0.000000 0.000000 0.000000 0.000000 0.000000 0.000000 0.000000 0.000000 0.000000 0.000000 0.000000 0.000000 0.000000 0.000000 0.000000 0.000000 0.000000 0.000000 0.000000 0.000000 0.000000 0.000000 0.000000 0.000000 0.000000 0.000000 0.000000 0.000000 0.000000 0.000000 0.000000 0.000000 0.000000 0.000000 0.000000 0.000000
-0.032419 0.203525 1.015019 -5.135133 2.911823 5.974202 15.407838 -2.280127 0.970904 27.111195 -2.958583 -20.259436 -9.584012 4.807936 7.725089 1.780721 -5.602064 -0.282366 -25.471957 -5.585844 5.584460 26.902357 -3.687146 -2.015864 -2.268908 -2.811585 -7.670884 1.244077 -0.831361 -0.275628 7.933491 -3.154793 -4.669543 3.111650 -5.862260 -4.277953 -3.160662 3.361077 -1.038788 6.988888 1.094844 7.097804 13.678073 4.296712 7.756847 4.800069 19.800408 0.116000 15.327954 47.601360 -28.089405 14.343874 -3.685653 -25.706624 2.994106 -0.539650 -8.958678 0.000000 0.000000 0.000000 0.000000 0.000000 0.000000 0.000000 0.000000 0.000000 0.000000 0.000000 0.000000 0.000000 0.000000 0.000000 0.000000 0.000000 0.000000 0.000000 0.000000 0.000000 0.000000 0.000000 0.000000 0.000000 0.000000 0.000000 0.000000 0.000000 0.000000 0.000000 0.000000 0.000000 0.000000 0.000000 0.000000 0.000000 0.000000 0.000000 0.000000 0.000000 0.000000 2.316584 -17.829809 -2.471981 26.311138 -49.338703 22.161148 7.542044 0.569193 20.241737 -2.613707 -3.869363 3.028942 0.000000 0.000000 0.000000 0.000000 0.000000 0.000000 0.000000 0.000000 0.000000 0.000000 0.000000 0.000000 0.000000 0.000000 0.000000 0.000000 0.000000 0.000000 0.000000 0.000000 0.000000 0.000000 0.000000 0.000000 0.000000 0.000000 0.000000 0.000000 0.000000 0.000000 0.000000 0.000000 0.000000 0.000000 0.000000 0.000000 0.000000 0.000000 0.000000 0.000000 0.000000 0.000000
-0.032347 0.216552 1.019013 -5.290225 3.559757 5.704420 11.227974 -3.587593 0.698553 36.436621 -2.785980 -17.854923 -2.583071 7.389416 6.675799 1.950536 -5.252243 -0.223310 -23.880267 -6.840118 5.372780 27.906785 -3.938752 -2.016960 -2.891674 -0.753105 -6.900302 1.217215 -1.112219 -0.473431 8.107354 -3.936520 -4.334744 2.777101 -5.486530 -4.183359 -2.584504 3.056777 -1.172141 6.589728 0.968184 6.908485 14.152494 4.160619 7.860729 4.565178 20.122114 0.232406 15.349161 48.186224 -27.112308 15.207859 -3.785943 -24.775014 2.728172 -0.000974 -8.554218 0.000000 0.000000 0.000000 0.000000 0.000000 0.000000 0.000000 0.000000 0.000000 0.000000 0.000000 0.000000 0.000000 0.000000 0.000000 0.000000 0.000000 0.000000 0.000000 0.000000 0.000000 0.000000 0.000000 0.000000 0.000000 0.000000 0.000000 0.000000 0.000000 0.000000 0.000000 0.000000 0.000000 0.000000 0.000000 0.000000 0.000000 0.000000 0.000000 0.000000 0.000000 0.000000 2.102345 -17.538025 -1.980430 26.037835 -49.243917 22.089878 8.327383 0.804138 20.716725 -3.649101 -3.908508 2.821874 0.000000 0.000000 0.000000 0.000000 0.000000 0.000000 0.000000 0.000000 0.000000 0.000000 0.000000 0.000000 0.000000 0.000000 0.000000 0.000000 0.000000 0.000000 0.000000 0.000000 0.000000 0.000000 0.000000 0.000000 0.000000 0.000000 0.000000 0.000000 0.000000 0.000000 0.000000 0.000000 0.000000 0.000000 0.000000 0.000000 0.000000 0.000000 0.000000 0.000000 0.000000 0.000000
-0.033303 0.228281 1.024422 -5.489638 4.195319 4.949954 5.662490 -4.360917 0.240604 46.226586 -2.418241 -14.602260 2.257203 8.321817 6.427720 1.668253 -5.129763 -0.338821 -20.978529 -8.281404 4.994740 27.501266 -3.546098 -1.434404 -4.142592 1.284135 -6.102923 1.029663 -1.566120 -0.645955 8.589500 -4.650404 -3.576238 2.222046 -4.850051 -3.963717 -1.669891 2.712655 -1.288194 5.729216 0.714672 6.710704 14.287833 4.119411 7.916915 4.003748 20.315341 0.368451 15.528268 48.688804 -26.101279 16.461662 -3.844590 -23.606207 2.365941 0.536699 -8.087445 0.000000 0.000000 0.000000 0.000000 0.000000 0.000000 0.000000 0.000000 0.000000 0.000000 0.000000 0.000000 0.000000 0.000000 0.000000 0.000000 0.000000 0.000000 0.000000 0.000000 0.000000 0.000000 0.000000 0.000000 0.000000 0.000000 0.000000 0.000000 0.000000 0.000000 0.000000 0.000000 0.000000 0.000000 0.000000 0.000000 0.000000 0.000000 0.000000 0.000000 0.000000 0.000000 1.431871 -17.105260 -1.501881 25.992247 -49.219516 22.189542 8.717759 1.021705 21.647240 -4.636816 -3.696463 2.753044 0.000000 0.000000 0.000000 0.000000 0.000000 0.000000 0.000000 0.000000 0.000000 0.000000 0.000000 0.000000 0.000000 0.000000 0.000000 0.000000 0.000000 0.000000 0.000000 0.000000 0.000000 0.000000 0.000000 0.000000 0.000000 0.000000 0.000000 0.000000 0.000000 0.000000 0.000000 0.000000 0.000000 0.000000 0.000000 0.000000 0.000000 0.000000 0.000000 0.000000 0.000000 0.000000
-0.032588 0.237378 1.031420 -6.017598 4.374128 4.206432 -0.020378 -4.364472 -0.638583 53.433632 -1.618707 -11.544579 2.269934 7.318520 7.525230 1.501623 -5.131530 -0.449699 -17.122380 -9.150896 4.608993 25.847423 -2.786856 -0.472791 -5.461206 2.466395 -5.550296 0.896758 -1.900791 -0.739388 9.300438 -4.936882 -2.288337 1.910507 -4.397223 -3.774317 -1.332637 2.520709 -1.191590 5.417437 0.459931 6.383449 14.359521 3.810915 7.784047 3.750676 20.556493 0.495143 15.620675 48.895812 -25.033969 17.513057 -3.633189 -23.079272 1.870096 1.044406 -7.613873 0.000000 0.000000 0.000000 0.000000 0.000000 0.000000 0.000000 0.000000 0.000000 0.000000 0.000000 0.000000 0.000000 0.000000 0.000000 0.000000 0.000000 0.000000 0.000000 0.000000 0.000000 0.000000 0.000000 0.000000 0.000000 0.000000 0.000000 0.000000 0.000000 0.000000 0.000000 0.000000 0.000000 0.000000 0.000000 0.000000 0.000000 0.000000 0.000000 0.000000 0.000000 0.000000 0.901545 -16.749248 -1.053522 25.808850 -49.278622 22.328012 8.913348 1.197573 22.496832 -5.190743 -3.040048 2.759624 0.000000 0.000000 0.000000 0.000000 0.000000 0.000000 0.000000 0.000000 0.000000 0.000000 0.000000 0.000000 0.000000 0.000000 0.000000 0.000000 0.000000 0.000000 0.000000 0.000000 0.000000 0.000000 0.000000 0.000000 0.000000 0.000000 0.000000 0.000000 0.000000 0.000000 0.000000 0.000000 0.000000 0.000000 0.000000 0.000000 0.000000 0.000000 0.000000 0.000000 0.000000 0.000000
-0.030735 0.245356 1.039724 -6.667894 4.212998 3.222049 -5.738221 -3.854697 -1.669819 58.380662 -0.343845 -8.991133 0.019882 5.458126 8.817055 1.362068 -5.142665 -0.558321 -12.475076 -9.532950 4.134258 22.733306 -1.667179 0.677067 -6.273785 2.917323 -5.096560 0.755245 -2.302437 -0.818098 9.989085 -4.766266 -0.654370 1.693605 -3.944594 -3.548897 -1.182029 2.437070 -0.991029 5.626445 0.139285 5.976155 14.283416 3.412908 7.304651 3.776841 20.781756 0.676376 15.615490 48.873827 -23.817621 18.432744 -3.321620 -22.633958 1.442652 1.513106 -7.522158 0.000000 0.000000 0.000000 0.000000 0.000000 0.000000 0.000000 0.000000 0.000000 0.000000 0.000000 0.000000 0.000000 0.000000 0.000000 0.000000 0.000000 0.000000 0.000000 0.000000 0.000000 0.000000 0.000000 0.000000 0.000000 0.000000 0.000000 0.000000 0.000000 0.000000 0.000000 0.000000 0.000000 0.000000 0.000000 0.000000 0.000000 0.000000 0.000000 0.000000 0.000000 0.000000 0.544197 -16.322846 -0.575091 25.771368 -49.484325 22.769748 9.057740 1.542749 23.665945 -5.654323 -2.348963 3.018906 0.000000 0.000000 0.000000 0.000000 0.000000 0.000000 0.000000 0.000000 0.000000 0.000000 0.000000 0.000000 0.000000 0.000000 0.000000 0.000000 0.000000 0.000000 0.000000 0.000000 0.000000 0.000000 0.000000 0.000000 0.000000 0.000000 0.000000 0.000000 0.000000 0.000000 0.000000 0.000000 0.000000 0.000000 0.000000 0.000000 0.000000 0.000000 0.000000 0.000000 0.000000 0.000000
-0.027254 0.252994 1.048256 -7.271006 3.715022 2.037302 -10.858049 -2.984048 -2.684886 59.772758 1.264766 -7.176701 -3.141710 3.426588 9.821514 1.250603 -5.153917 -0.640478 -7.377571 -9.246622 3.546346 18.628393 -0.596480 1.981906 -6.698130 2.710167 -4.584972 0.604022 -2.750489 -0.958825 10.400129 -4.224762 1.133725 1.784981 -3.596822 -3.326744 -1.377403 2.515178 -0.692879 6.284038 -0.149950 5.775121 14.035246 3.067203 6.676123 3.986298 21.032780 1.093001 15.407816 48.762802 -22.439609 18.750492 -2.822088 -22.260552 1.240378 1.590734 -7.664241 0.000000 0.000000 0.000000 0.000000 0.000000 0.000000 0.000000 0.000000 0.000000 0.000000 0.000000 0.000000 0.000000 0.000000 0.000000 0.000000 0.000000 0.000000 0.000000 0.000000 0.000000 0.000000 0.000000 0.000000 0.000000 0.000000 0.000000 0.000000 0.000000 0.000000 0.000000 0.000000 0.000000 0.000000 0.000000 0.000000 0.000000 0.000000 0.000000 0.000000 0.000000 0.000000 0.373956 -15.840554 -0.285978 25.826505 -49.692597 23.511191 9.078668 1.892122 25.087806 -6.190585 -1.737337 3.433981 0.000000 0.000000 0.000000 0.000000 0.000000 0.000000 0.000000 0.000000 0.000000 0.000000 0.000000 0.000000 0.000000 0.000000 0.000000 0.000000 0.000000 0.000000 0.000000 0.000000 0.000000 0.000000 0.000000 0.000000 0.000000 0.000000 0.000000 0.000000 0.000000 0.000000 0.000000 0.000000 0.000000 0.000000 0.000000 0.000000 0.000000 0.000000 0.000000 0.000000 0.000000 0.000000
-0.021128 0.262855 1.055246 -7.409072 2.766704 0.782130 -15.227459 -1.849473 -3.613778 56.598657 3.046789 -5.589543 -6.123546 1.520251 10.651393 1.256005 -4.832694 -0.625274 -2.458644 -7.999796 2.471251 13.823936 0.261144 3.102827 -6.722992 1.682721 -3.775363 0.365021 -3.139064 -1.221023 10.364526 -3.187886 2.928234 2.101007 -3.215652 -2.932308 -1.742871 2.729893 -0.313881 7.060585 -0.540177 5.581115 13.891978 2.589431 5.521868 4.218407 21.484327 1.742480 15.493999 48.182522 -21.163588 18.854564 -2.235176 -22.343254 1.238472 1.315372 -8.091926 0.000000 0.000000 0.000000 0.000000 0.000000 0.000000 0.000000 0.000000 0.000000 0.000000 0.000000 0.000000 0.000000 0.000000 0.000000 0.000000 0.000000 0.000000 0.000000 0.000000 0.000000 0.000000 0.000000 0.000000 0.000000 0.000000 0.000000 0.000000 0.000000 0.000000 0.000000 0.000000 0.000000 0.000000 0.000000 0.000000 0.000000 0.000000 0.000000 0.000000 0.000000 0.000000 0.332941 -15.506384 0.000903 25.889164 -49.704962 24.347883 8.966370 1.962137 27.012881 -6.992426 -1.440263 4.168506 0.000000 0.000000 0.000000 0.000000 0.000000 0.000000 0.000000 0.000000 0.000000 0.000000 0.000000 0.000000 0.000000 0.000000 0.000000 0.000000 0.000000 0.000000 0.000000 0.000000 0.000000 0.000000 0.000000 0.000000 0.000000 0.000000 0.000000 0.000000 0.000000 0.000000 0.000000 0.000000 0.000000 0.000000 0.000000 0.000000 0.000000 0.000000 0.000000 0.000000 0.000000 0.000000
-0.017960 0.273567 1.059756 -7.546797 2.311669 -0.339171 -17.830804 -1.152847 -3.850812 50.518183 3.881254 -4.218351 -7.336792 1.154207 10.928161 1.329033 -4.524785 -0.592825 1.921086 -7.145565 1.524228 10.284355 0.842153 3.923685 -6.622393 0.902661 -3.201861 0.165827 -3.397117 -1.336706 10.701250 -2.460597 4.263218 2.436170 -2.777709 -2.553728 -2.232600 2.778572 0.122738 7.347429 -0.845476 5.463778 13.676134 2.145876 4.686046 4.413900 21.859932 2.378367 15.401585 47.802906 -19.602484 18.583455 -1.665018 -22.432567 1.196143 1.280231 -8.252648 0.000000 0.000000 0.000000 0.000000 0.000000 0.000000 0.000000 0.000000 0.000000 0.000000 0.000000 0.000000 0.000000 0.000000 0.000000 0.000000 0.000000 0.000000 0.000000 0.000000 0.000000 0.000000 0.000000 0.000000 0.000000 0.000000 0.000000 0.000000 0.000000 0.000000 0.000000 0.000000 0.000000 0.000000 0.000000 0.000000 0.000000 0.000000 0.000000 0.000000 0.000000 0.000000 0.290163 -14.866091 0.402667 25.887259 -49.764003 25.443861 8.665255 2.027601 28.441955 -7.808394 -1.016296 4.529996 0.000000 0.000000 0.000000 0.000000 0.000000 0.000000 0.000000 0.000000 0.000000 0.000000 0.000000 0.000000 0.000000 0.000000 0.000000 0.000000 0.000000 0.000000 0.000000 0.000000 0.000000 0.000000 0.000000 0.000000 0.000000 0.000000 0.000000 0.000000 0.000000 0.000000 0.000000 0.000000 0.000000 0.000000 0.000000 0.000000 0.000000 0.000000 0.000000 0.000000 0.000000 0.000000
-0.016847 0.285791 1.061424 -7.621737 2.146003 -1.560860 -19.416393 -0.703827 -3.758720 41.757357 3.791848 -2.839601 -6.687904 1.869258 10.964290 1.591258 -4.074924 -0.414504 5.812171 -6.583781 0.649633 7.573192 1.163641 4.704988 -6.663513 0.357592 -2.680373 0.065454 -3.514172 -1.411220 11.063033 -2.066646 5.273129 2.946319 -2.296351 -2.077532 -2.885230 2.681388 0.600728 7.339927 -0.923123 5.465310 13.534836 1.727964 3.840745 4.450896 22.270450 3.159777 15.429353 47.454619 -18.115907 18.297811 -1.226019 -22.537955 0.999396 1.422491 -8.304228 0.000000 0.000000 0.000000 0.000000 0.000000 0.000000 0.000000 0.000000 0.000000 0.000000 0.000000 0.000000 0.000000 0.000000 0.000000 0.000000 0.000000 0.000000 0.000000 0.000000 0.000000 0.000000 0.000000 0.000000 0.000000 0.000000 0.000000 0.000000 0.000000 0.000000 0.000000 0.000000 0.000000 0.000000 0.000000 0.000000 0.000000 0.000000 0.000000 0.000000 0.000000 0.000000 0.341587 -14.186503 0.982269 25.596121 -49.557527 26.384093 8.345252 2.004683 29.760166 -8.698702 -0.324269 4.691634 0.000000 0.000000 0.000000 0.000000 0.000000 0.000000 0.000000 0.000000 0.000000 0.000000 0.000000 0.000000 0.000000 0.000000 0.000000 0.000000 0.000000 0.000000 0.000000 0.000000 0.000000 0.000000 0.000000 0.000000 0.000000 0.000000 0.000000 0.000000 0.000000 0.000000 0.000000 0.000000 0.000000 0.000000 0.000000 0.000000 0.000000 0.000000 0.000000 0.000000 0.000000 0.000000
-0.017516 0.300187 1.059773 -7.504829 2.215264 -2.728503 -19.860040 -0.485600 -3.290932 30.717252 2.988730 -1.801477 -5.121281 3.294019 10.526899 1.932033 -3.577982 -0.143511 9.156297 -6.196751 -0.180670 5.483403 1.306304 5.443315 -7.028957 -0.060332 -2.094755 0.094074 -3.654933 -1.548992 11.360845 -1.928696 6.003939 3.535825 -1.834385 -1.616877 -3.642348 2.560313 1.002156 7.333257 -0.879322 5.575964 13.582134 1.399810 3.146982 4.363667 22.641898 3.992979 15.498978 47.162748 -16.950454 18.069753 -0.818530 -22.234194 0.909285 1.644169 -8.269189 0.000000 0.000000 0.000000 0.000000 0.000000 0.000000 0.000000 0.000000 0.000000 0.000000 0.000000 0.000000 0.000000 0.000000 0.000000 0.000000 0.000000 0.000000 0.000000 0.000000 0.000000 0.000000 0.000000 0.000000 0.000000 0.000000 0.000000 0.000000 0.000000 0.000000 0.000000 0.000000 0.000000 0.000000 0.000000 0.000000 0.000000 0.000000 0.000000 0.000000 0.000000 0.000000 0.280974 -13.428278 1.467463 25.408711 -49.389799 27.288994 7.949886 1.927703 30.946471 -9.841214 0.098197 4.874510 0.000000 0.000000 0.000000 0.000000 0.000000 0.000000 0.000000 0.000000 0.000000 0.000000 0.000000 0.000000 0.000000 0.000000 0.000000 0.000000 0.000000 0.000000 0.000000 0.000000 0.000000 0.000000 0.000000 0.000000 0.000000 0.000000 0.000000 0.000000 0.000000 0.000000 0.000000 0.000000 0.000000 0.000000 0.000000 0.000000 0.000000 0.000000 0.000000 0.000000 0.000000 0.000000
-0.019380 0.315577 1.055386 -7.337659 2.459374 -3.728894 -19.177164 -0.364815 -2.477734 17.883192 1.547467 -1.211216 -4.096651 4.693510 9.960162 2.360729 -3.182649 0.187662 12.356822 -6.008417 -0.871457 3.802585 1.366910 6.601833 -8.079838 -0.137274 -1.750127 0.274122 -3.668517 -1.701168 11.473179 -2.136715 6.532851 4.080875 -1.447661 -1.161666 -4.078344 2.471746 1.346489 7.369777 -0.876021 5.656032 13.576545 1.197244 2.433279 3.988285 23.035380 4.748866 15.393577 47.006176 -15.714481 17.891509 -0.307425 -21.678743 0.852894 1.847393 -8.270650 0.000000 0.000000 0.000000 0.000000 0.000000 0.000000 0.000000 0.000000 0.000000 0.000000 0.000000 0.000000 0.000000 0.000000 0.000000 0.000000 0.000000 0.000000 0.000000 0.000000 0.000000 0.000000 0.000000 0.000000 0.000000 0.000000 0.000000 0.000000 0.000000 0.000000 0.000000 0.000000 0.000000 0.000000 0.000000 0.000000 0.000000 0.000000 0.000000 0.000000 0.000000 0.000000 -0.110323 -12.695738 1.919191 24.916662 -49.230348 28.037196 7.670219 1.774388 31.746060 -10.762488 0.284161 5.281069 0.000000 0.000000 0.000000 0.000000 0.000000 0.000000 0.000000 0.000000 0.000000 0.000000 0.000000 0.000000 0.000000 0.000000 0.000000 0.000000 0.000000 0.000000 0.000000 0.000000 0.000000 0.000000 0.000000 0.000000 0.000000 0.000000 0.000000 0.000000 0.000000 0.000000 0.000000 0.000000 0.000000 0.000000 0.000000 0.000000 0.000000 0.000000 0.000000 0.000000 0.000000 0.000000
-0.021561 0.333071 1.048537 -6.993195 2.786054 -4.348630 -18.433551 -0.171822 -1.750692 8.046786 0.178876 -1.208683 -3.178817 5.720800 9.495204 2.638316 -2.917883 0.311466 15.094510 -5.883765 -1.611483 3.033315 1.454739 7.634072 -9.901864 -0.000203 -1.300635 0.389494 -3.582404 -1.763077 11.297746 -2.251088 6.977185 4.613497 -1.282938 -0.874346 -4.594162 2.474339 1.560515 7.702783 -0.958664 5.793214 13.453015 1.078396 1.776537 3.999944 23.408188 5.148085 15.148085 46.809694 -14.619683 17.706726 0.205726 -21.215757 0.793095 1.896334 -8.054268 0.000000 0.000000 0.000000 0.000000 0.000000 0.000000 0.000000 0.000000 0.000000 0.000000 0.000000 0.000000 0.000000 0.000000 0.000000 0.000000 0.000000 0.000000 0.000000 0.000000 0.000000 0.000000 0.000000 0.000000 0.000000 0.000000 0.000000 0.000000 0.000000 0.000000 0.000000 0.000000 0.000000 0.000000 0.000000 0.000000 0.000000 0.000000 0.000000 0.000000 0.000000 0.000000 -0.197846 -12.268319 2.238708 24.435774 -48.938698 28.486989 7.675354 1.594994 32.291990 -11.631703 0.459541 5.779032 0.000000 0.000000 0.000000 0.000000 0.000000 0.000000 0.000000 0.000000 0.000000 0.000000 0.000000 0.000000 0.000000 0.000000 0.000000 0.000000 0.000000 0.000000 0.000000 0.000000 0.000000 0.000000 0.000000 0.000000 0.000000 0.000000 0.000000 0.000000 0.000000 0.000000 0.000000 0.000000 0.000000 0.000000 0.000000 0.000000 0.000000 0.000000 0.000000 0.000000 0.000000 0.000000
-0.023631 0.351710 1.040060 -6.636135 3.121279 -4.819675 -18.262482 0.276818 -1.462852 2.779247 -0.629322 -1.356552 -2.529203 5.971576 9.325010 2.666958 -2.874659 0.349978 17.463160 -5.558057 -2.146097 4.001552 1.752093 8.893420 -13.015968 0.094301 -0.133591 0.370089 -3.507085 -1.777956 10.640546 -2.268843 7.370045 5.020239 -1.132146 -0.690309 -4.668806 2.574282 1.674450 7.912335 -1.259519 5.881120 13.412752 0.857086 1.070448 3.886189 23.694656 5.487967 14.848568 46.513880 -13.504099 17.427992 0.633346 -20.785486 0.611254 1.954092 -7.822971 0.000000 0.000000 0.000000 0.000000 0.000000 0.000000 0.000000 0.000000 0.000000 0.000000 0.000000 0.000000 0.000000 0.000000 0.000000 0.000000 0.000000 0.000000 0.000000 0.000000 0.000000 0.000000 0.000000 0.000000 0.000000 0.000000 0.000000 0.000000 0.000000 0.000000 0.000000 0.000000 0.000000 0.000000 0.000000 0.000000 0.000000 0.000000 0.000000 0.000000 0.000000 0.000000 -0.470197 -12.113166 2.432430 24.204026 -48.719620 28.885016 7.641963 1.640559 32.835751 -12.199014 0.666969 6.334560 0.000000 0.000000 0.000000 0.000000 0.000000 0.000000 0.000000 0.000000 0.000000 0.000000 0.000000 0.000000 0.000000 0.000000 0.000000 0.000000 0.000000 0.000000 0.000000 0.000000 0.000000 0.000000 0.000000 0.000000 0.000000 0.000000 0.000000 0.000000 0.000000 0.000000 0.000000 0.000000 0.000000 0.000000 0.000000 0.000000 0.000000 0.000000 0.000000 0.000000 0.000000 0.000000
-0.024966 0.371828 1.031546 -6.248160 3.291136 -5.124349 -18.970464 1.018737 -1.913791 3.216767 -0.556041 -1.430300 -1.888266 5.313610 9.661385 2.534343 -3.012540 0.327028 18.813371 -4.672353 -2.235569 6.859737 2.127492 10.376574 -15.795296 -0.313344 1.635305 0.245059 -3.399577 -1.738743 9.423070 -1.858471 7.784111 5.824963 -1.305206 -0.669269 -5.146293 2.931527 1.877135 8.170654 -1.576317 5.804571 13.677985 0.674994 0.576342 4.153831 24.094884 5.724692 14.559788 46.013827 -12.812870 16.781195 0.936010 -20.240541 0.648102 1.922461 -7.599352 0.000000 0.000000 0.000000 0.000000 0.000000 0.000000 0.000000 0.000000 0.000000 0.000000 0.000000 0.000000 0.000000 0.000000 0.000000 0.000000 0.000000 0.000000 0.000000 0.000000 0.000000 0.000000 0.000000 0.000000 0.000000 0.000000 0.000000 0.000000 0.000000 0.000000 0.000000 0.000000 0.000000 0.000000 0.000000 0.000000 0.000000 0.000000 0.000000 0.000000 0.000000 0.000000 -0.309698 -12.467331 2.396866 24.047379 -48.587155 29.177334 7.491970 1.949532 32.997597 -12.265555 0.432259 6.493931 0.000000 0.000000 0.000000 0.000000 0.000000 0.000000 0.000000 0.000000 0.000000 0.000000 0.000000 0.000000 0.000000 0.000000 0.000000 0.000000 0.000000 0.000000 0.000000 0.000000 0.000000 0.000000 0.000000 0.000000 0.000000 0.000000 0.000000 0.000000 0.000000 0.000000 0.000000 0.000000 0.000000 0.000000 0.000000 0.000000 0.000000 0.000000 0.000000 0.000000 0.000000 0.000000
-0.025548 0.394869 1.024845 -5.494160 3.083490 -5.546208 -19.946763 1.897649 -2.624353 6.634425 0.247860 -1.172070 -0.972133 4.324885 10.086226 2.290390 -3.430773 0.335766 18.565544 -3.508655 -1.894473 10.882719 2.433520 11.174372 -16.206286 -0.607123 1.679106 0.179880 -3.538241 -1.727836 7.973336 -1.259977 7.981534 6.199867 -1.388563 -0.635015 -5.108239 3.351206 1.886330 8.106171 -2.013329 5.850881 14.113913 0.649757 0.414850 4.363054 24.247202 5.982791 14.467617 45.793781 -12.590255 16.270111 0.761630 -19.410001 0.634287 2.272552 -7.468740 0.000000 0.000000 0.000000 0.000000 0.000000 0.000000 0.000000 0.000000 0.000000 0.000000 0.000000 0.000000 0.000000 0.000000 0.000000 0.000000 0.000000 0.000000 0.000000 0.000000 0.000000 0.000000 0.000000 0.000000 0.000000 0.000000 0.000000 0.000000 0.000000 0.000000 0.000000 0.000000 0.000000 0.000000 0.000000 0.000000 0.000000 0.000000 0.000000 0.000000 0.000000 0.000000 -0.322460 -12.909424 2.186140 24.943782 -48.697207 29.919662 7.442375 2.329683 33.013714 -12.255504 0.227982 6.291903 0.000000 0.000000 0.000000 0.000000 0.000000 0.000000 0.000000 0.000000 0.000000 0.000000 0.000000 0.000000 0.000000 0.000000 0.000000 0.000000 0.000000 0.000000 0.000000 0.000000 0.000000 0.000000 0.000000 0.000000 0.000000 0.000000 0.000000 0.000000 0.000000 0.000000 0.000000 0.000000 0.000000 0.000000 0.000000 0.000000 0.000000 0.000000 0.000000 0.000000 0.000000 0.000000
-0.025982 0.421059 1.020827 -4.450386 2.553666 -5.735238 -20.652093 3.018315 -3.600224 10.954738 1.247168 -1.132449 -0.256458 3.077886 10.521646 2.008013 -4.120365 0.259571 17.249046 -1.985352 -1.350795 16.562177 2.569991 11.425719 -13.596248 -1.568132 0.783768 0.261614 -3.691322 -1.666568 6.428505 -0.510756 8.020148 6.275271 -1.426738 -0.692558 -4.815284 3.824695 1.843206 7.990510 -2.459663 5.828446 14.636587 0.670249 0.468146 4.582542 24.130313 6.050602 14.404065 45.766450 -12.838211 15.473116 0.636772 -18.423564 0.816758 2.491277 -7.370534 0.000000 0.000000 0.000000 0.000000 0.000000 0.000000 0.000000 0.000000 0.000000 0.000000 0.000000 0.000000 0.000000 0.000000 0.000000 0.000000 0.000000 0.000000 0.000000 0.000000 0.000000 0.000000 0.000000 0.000000 0.000000 0.000000 0.000000 0.000000 0.000000 0.000000 0.000000 0.000000 0.000000 0.000000 0.000000 0.000000 0.000000 0.000000 0.000000 0.000000 0.000000 0.000000 -0.223523 -13.340385 1.785812 26.405195 -49.205382 30.770468 7.225197 2.673484 32.630616 -11.820718 -0.083336 5.969541 0.000000 0.000000 0.000000 0.000000 0.000000 0.000000 0.000000 0.000000 0.000000 0.000000 0.000000 0.000000 0.000000 0.000000 0.000000 0.000000 0.000000 0.000000 0.000000 0.000000 0.000000 0.000000 0.000000 0.000000 0.000000 0.000000 0.000000 0.000000 0.000000 0.000000 0.000000 0.000000 0.000000 0.000000 0.000000 0.000000 0.000000 0.000000 0.000000 0.000000 0.000000 0.000000
-0.025629 0.446744 1.019833 -3.722223 1.674946 -5.706656 -20.371189 4.495739 -4.624144 14.653601 2.226164 -1.263328 -0.075317 1.505853 11.175920 1.518323 -5.228129 0.143316 14.186688 -0.204951 -0.641854 25.719339 2.431883 10.734200 -6.287307 -3.569695 -0.554450 0.410162 -4.067979 -1.540847 5.534627 0.370137 7.801583 6.047083 -1.455485 -0.689183 -4.374897 4.319752 1.782912 7.914422 -2.797795 5.829388 14.832241 0.823443 0.461101 4.844092 23.715976 5.857021 14.181683 45.744176 -13.299452 14.670044 0.599261 -17.774499 1.488497 2.487470 -7.288508 0.000000 0.000000 0.000000 0.000000 0.000000 0.000000 0.000000 0.000000 0.000000 0.000000 0.000000 0.000000 0.000000 0.000000 0.000000 0.000000 0.000000 0.000000 0.000000 0.000000 0.000000 0.000000 0.000000 0.000000 0.000000 0.000000 0.000000 0.000000 0.000000 0.000000 0.000000 0.000000 0.000000 0.000000 0.000000 0.000000 0.000000 0.000000 0.000000 0.000000 0.000000 0.000000 -0.189917 -13.633110 1.505482 28.065783 -49.970104 31.494669 6.685899 2.764351 31.902226 -10.852070 -0.276938 5.770661 0.000000 0.000000 0.000000 0.000000 0.000000 0.000000 0.000000 0.000000 0.000000 0.000000 0.000000 0.000000 0.000000 0.000000 0.000000 0.000000 0.000000 0.000000 0.000000 0.000000 0.000000 0.000000 0.000000 0.000000 0.000000 0.000000 0.000000 0.000000 0.000000 0.000000 0.000000 0.000000 0.000000 0.000000 0.000000 0.000000 0.000000 0.000000 0.000000 0.000000 0.000000 0.000000
-0.021669 0.467930 1.021099 -3.732143 0.217708 -5.206404 -18.874194 6.325457 -5.343269 16.694566 3.149945 -2.004270 -0.890522 -0.340577 12.037041 0.819332 -6.596155 -0.043092 8.862864 1.798622 0.133186 37.227117 1.947425 9.343231 1.097977 -5.995446 -0.112747 0.625846 -4.678473 -1.391586 5.657643 1.322140 7.112059 5.432124 -1.494119 -0.829469 -3.859305 4.842093 1.701992 8.027189 -2.786027 5.675602 14.722858 1.227235 0.591443 5.136739 23.024606 5.173906 13.951866 45.878959 -14.074013 13.980847 0.667643 -17.361270 2.431771 2.529176 -7.154125 0.000000 0.000000 0.000000 0.000000 0.000000 0.000000 0.000000 0.000000 0.000000 0.000000 0.000000 0.000000 0.000000 0.000000 0.000000 0.000000 0.000000 0.000000 0.000000 0.000000 0.000000 0.000000 0.000000 0.000000 0.000000 0.000000 0.000000 0.000000 0.000000 0.000000 0.000000 0.000000 0.000000 0.000000 0.000000 0.000000 0.000000 0.000000 0.000000 0.000000 0.000000 0.000000 -0.182222 -13.863125 1.456688 29.889488 -50.757392 31.986797 6.047546 2.373686 31.077208 -9.312989 -0.451954 5.370377 0.000000 0.000000 0.000000 0.000000 0.000000 0.000000 0.000000 0.000000 0.000000 0.000000 0.000000 0.000000 0.000000 0.000000 0.000000 0.000000 0.000000 0.000000 0.000000 0.000000 0.000000 0.000000 0.000000 0.000000 0.000000 0.000000 0.000000 0.000000 0.000000 0.000000 0.000000 0.000000 0.000000 0.000000 0.000000 0.000000 0.000000 0.000000 0.000000 0.000000 0.000000 0.000000
-0.018578 0.485740 1.023675 -4.047845 -0.920115 -4.718511 -16.392270 7.756589 -5.705719 16.916523 3.541184 -3.345293 -1.878877 -1.838462 12.600200 0.295813 -7.504068 -0.201139 3.303844 3.061440 0.997462 46.932223 1.546493 7.956898 5.911479 -7.030116 -0.076519 0.793949 -5.156053 -1.282284 5.772603 2.092166 6.150227 4.789730 -1.718204 -0.997111 -3.239203 5.328160 1.623905 8.087510 -2.698397 5.696369 14.599205 1.508205 0.601947 5.211406 22.209646 4.499289 14.204538 45.958217 -15.508169 13.729930 0.831107 -17.123717 2.937859 2.194659 -7.088468 0.000000 0.000000 0.000000 0.000000 0.000000 0.000000 0.000000 0.000000 0.000000 0.000000 0.000000 0.000000 0.000000 0.000000 0.000000 0.000000 0.000000 0.000000 0.000000 0.000000 0.000000 0.000000 0.000000 0.000000 0.000000 0.000000 0.000000 0.000000 0.000000 0.000000 0.000000 0.000000 0.000000 0.000000 0.000000 0.000000 0.000000 0.000000 0.000000 0.000000 0.000000 0.000000 -0.366109 -14.093194 1.160851 31.679098 -51.464392 32.610915 5.632514 2.005264 30.092272 -8.362934 -0.629966 4.951023 0.000000 0.000000 0.000000 0.000000 0.000000 0.000000 0.000000 0.000000 0.000000 0.000000 0.000000 0.000000 0.000000 0.000000 0.000000 0.000000 0.000000 0.000000 0.000000 0.000000 0.000000 0.000000 0.000000 0.000000 0.000000 0.000000 0.000000 0.000000 0.000000 0.000000 0.000000 0.000000 0.000000 0.000000 0.000000 0.000000 0.000000 0.000000 0.000000 0.000000 0.000000 0.000000
-0.016741 0.497894 1.027838 -5.056118 -1.650704 -4.109145 -12.485197 8.682081 -5.577276 15.768662 3.422274 -5.252980 -3.189700 -2.824625 12.957861 0.028777 -8.134950 -0.250868 -2.203183 3.599189 1.773334 54.672153 1.073618 6.728049 5.853580 -6.033108 -1.367398 0.966715 -5.269697 -1.186902 6.037242 2.586371 4.938727 4.606233 -2.190885 -1.309043 -2.903675 5.755744 1.472939 8.294687 -2.399982 5.772970 14.343784 1.829289 0.673702 5.264086 21.611981 3.611935 14.407412 45.831230 -17.296212 13.808348 0.790900 -16.970990 3.383452 1.594470 -6.866369 0.000000 0.000000 0.000000 0.000000 0.000000 0.000000 0.000000 0.000000 0.000000 0.000000 0.000000 0.000000 0.000000 0.000000 0.000000 0.000000 0.000000 0.000000 0.000000 0.000000 0.000000 0.000000 0.000000 0.000000 0.000000 0.000000 0.000000 0.000000 0.000000 0.000000 0.000000 0.000000 0.000000 0.000000 0.000000 0.000000 0.000000 0.000000 0.000000 0.000000 0.000000 0.000000 -0.255006 -14.663068 0.989429 32.414457 -51.686873 32.436873 5.665893 1.697356 29.283975 -7.335718 -0.854027 4.552603 0.000000 0.000000 0.000000 0.000000 0.000000 0.000000 0.000000 0.000000 0.000000 0.000000 0.000000 0.000000 0.000000 0.000000 0.000000 0.000000 0.000000 0.000000 0.000000 0.000000 0.000000 0.000000 0.000000 0.000000 0.000000 0.000000 0.000000 0.000000 0.000000 0.000000 0.000000 0.000000 0.000000 0.000000 0.000000 0.000000 0.000000 0.000000 0.000000 0.000000 0.000000 0.000000
-0.017725 0.506623 1.033100 -6.348179 -1.755054 -3.363372 -7.728367 9.014616 -5.131352 13.749600 2.639485 -7.600663 -4.900715 -3.251907 12.990679 0.092146 -8.402574 -0.208378 -7.739572 3.139151 2.734756 59.762980 0.203238 5.555970 2.098031 -3.887349 -3.577611 1.102139 -5.100881 -1.136512 6.675494 2.687908 3.409018 4.394729 -2.815577 -1.759428 -2.667434 5.939320 1.223912 8.379664 -2.035450 5.962271 14.291572 2.406582 0.484319 5.128429 21.062842 2.744236 14.725207 45.846405 -19.232683 14.325644 0.442117 -17.214073 4.161760 1.138075 -6.654963 0.000000 0.000000 0.000000 0.000000 0.000000 0.000000 0.000000 0.000000 0.000000 0.000000 0.000000 0.000000 0.000000 0.000000 0.000000 0.000000 0.000000 0.000000 0.000000 0.000000 0.000000 0.000000 0.000000 0.000000 0.000000 0.000000 0.000000 0.000000 0.000000 0.000000 0.000000 0.000000 0.000000 0.000000 0.000000 0.000000 0.000000 0.000000 0.000000 0.000000 0.000000 0.000000 -0.184575 -15.379098 0.871211 32.483943 -51.674127 31.704912 6.256293 1.502899 28.512246 -6.371909 -1.217397 4.342298 0.000000 0.000000 0.000000 0.000000 0.000000 0.000000 0.000000 0.000000 0.000000 0.000000 0.000000 0.000000 0.000000 0.000000 0.000000 0.000000 0.000000 0.000000 0.000000 0.000000 0.000000 0.000000 0.000000 0.000000 0.000000 0.000000 0.000000 0.000000 0.000000 0.000000 0.000000 0.000000 0.000000 0.000000 0.000000 0.000000 0.000000 0.000000 0.000000 0.000000 0.000000 0.000000
-0.021524 0.513552 1.038455 -7.669691 -1.247987 -2.375453 -1.826864 8.666919 -4.404604 9.794865 1.556444 -10.557380 -6.702981 -2.685918 12.653688 0.634642 -8.326827 -0.085064 -13.055183 2.215370 3.762060 62.061998 -1.352439 4.222918 -1.932183 -2.331089 -5.427940 1.287472 -4.408375 -1.071044 7.664703 2.608373 1.659443 4.471013 -3.797552 -2.403028 -2.973376 5.778625 0.938412 8.569519 -1.562431 6.046999 14.431020 3.049769 0.634162 5.186731 20.610629 1.777024 15.114271 46.046381 -21.227575 14.771281 -0.395864 -18.275536 5.199765 0.861345 -6.658053 0.000000 0.000000 0.000000 0.000000 0.000000 0.000000 0.000000 0.000000 0.000000 0.000000 0.000000 0.000000 0.000000 0.000000 0.000000 0.000000 0.000000 0.000000 0.000000 0.000000 0.000000 0.000000 0.000000 0.000000 0.000000 0.000000 0.000000 0.000000 0.000000 0.000000 0.000000 0.000000 0.000000 0.000000 0.000000 0.000000 0.000000 0.000000 0.000000 0.000000 0.000000 0.000000 0.044238 -16.174957 0.838832 31.825721 -51.397626 30.507072 6.995713 1.609109 27.358180 -5.266561 -1.935202 4.378755 0.000000 0.000000 0.000000 0.000000 0.000000 0.000000 0.000000 0.000000 0.000000 0.000000 0.000000 0.000000 0.000000 0.000000 0.000000 0.000000 0.000000 0.000000 0.000000 0.000000 0.000000 0.000000 0.000000 0.000000 0.000000 0.000000 0.000000 0.000000 0.000000 0.000000 0.000000 0.000000 0.000000 0.000000 0.000000 0.000000 0.000000 0.000000 0.000000 0.000000 0.000000 0.000000
-0.024092 0.523783 1.041887 -8.138770 -0.813475 -1.187749 2.359334 8.047766 -3.702225 7.365613 0.883399 -12.690792 -7.977813 -2.150731 12.097996 1.055330 -8.045257 -0.067359 -17.130909 1.342565 4.372222 60.229054 -2.508532 2.830735 -4.475586 -1.747256 -6.543412 1.414891 -3.664546 -0.984128 8.495541 2.246830 0.349474 4.596756 -4.479560 -2.808117 -3.519609 5.434049 0.668410 8.666880 -0.956982 5.821500 14.319404 3.051277 0.930097 5.321052 20.075468 0.847583 15.438511 46.137628 -23.537764 14.705014 -0.799742 -18.785758 5.184140 0.197405 -6.955431 0.000000 0.000000 0.000000 0.000000 0.000000 0.000000 0.000000 0.000000 0.000000 0.000000 0.000000 0.000000 0.000000 0.000000 0.000000 0.000000 0.000000 0.000000 0.000000 0.000000 0.000000 0.000000 0.000000 0.000000 0.000000 0.000000 0.000000 0.000000 0.000000 0.000000 0.000000 0.000000 0.000000 0.000000 0.000000 0.000000 0.000000 0.000000 0.000000 0.000000 0.000000 0.000000 0.485223 -16.329299 0.723796 31.229208 -51.365953 29.316916 7.596792 1.610923 26.419491 -4.834809 -2.057752 4.699572 0.000000 0.000000 0.000000 0.000000 0.000000 0.000000 0.000000 0.000000 0.000000 0.000000 0.000000 0.000000 0.000000 0.000000 0.000000 0.000000 0.000000 0.000000 0.000000 0.000000 0.000000 0.000000 0.000000 0.000000 0.000000 0.000000 0.000000 0.000000 0.000000 0.000000 0.000000 0.000000 0.000000 0.000000 0.000000 0.000000 0.000000 0.000000 0.000000 0.000000 0.000000 0.000000
-0.026197 0.533700 1.043154 -8.491226 -0.365806 -0.144913 5.920817 7.390456 -2.931213 5.508177 0.239695 -14.527255 -9.165718 -1.716302 11.586237 1.381541 -7.735521 -0.049945 -20.452103 0.588404 4.833493 55.821650 -3.276426 1.204944 -5.943962 -1.788665 -7.515455 1.563955 -3.034900 -0.899679 9.305495 1.817153 -0.755019 4.591720 -4.981762 -3.226289 -3.990086 4.985554 0.412425 8.547771 -0.427933 5.375576 14.209690 2.860539 1.275503 5.281929 19.365083 0.157622 15.745521 46.238061 -26.052974 14.277955 -1.149455 -19.482329 5.186559 -0.589404 -7.392160 0.000000 0.000000 0.000000 0.000000 0.000000 0.000000 0.000000 0.000000 0.000000 0.000000 0.000000 0.000000 0.000000 0.000000 0.000000 0.000000 0.000000 0.000000 0.000000 0.000000 0.000000 0.000000 0.000000 0.000000 0.000000 0.000000 0.000000 0.000000 0.000000 0.000000 0.000000 0.000000 0.000000 0.000000 0.000000 0.000000 0.000000 0.000000 0.000000 0.000000 0.000000 0.000000 0.934845 -16.316073 0.342947 30.718284 -51.272166 28.233292 7.882798 1.437891 25.731157 -4.194864 -2.114249 4.904978 0.000000 0.000000 0.000000 0.000000 0.000000 0.000000 0.000000 0.000000 0.000000 0.000000 0.000000 0.000000 0.000000 0.000000 0.000000 0.000000 0.000000 0.000000 0.000000 0.000000 0.000000 0.000000 0.000000 0.000000 0.000000 0.000000 0.000000 0.000000 0.000000 0.000000 0.000000 0.000000 0.000000 0.000000 0.000000 0.000000 0.000000 0.000000 0.000000 0.000000 0.000000 0.000000
-0.027365 0.542955 1.042404 -8.774318 0.016581 0.877374 8.868028 6.666637 -2.109592 4.374234 -0.177756 -15.898679 -10.549649 -1.483572 10.993951 1.634889 -7.228383 -0.066481 -22.957726 -0.029985 5.118366 48.854723 -3.675264 -0.603586 -6.252368 -2.537342 -8.357769 1.656712 -2.384214 -0.794008 10.170464 1.545460 -1.733719 4.566900 -5.490278 -3.612156 -4.644429 4.564397 0.155833 8.282957 -0.029431 4.882949 14.157229 2.592328 1.600872 5.471713 18.730056 -0.559355 15.623144 45.989805 -28.125890 13.972949 -1.359268 -20.563319 4.900672 -1.326498 -7.863193 0.000000 0.000000 0.000000 0.000000 0.000000 0.000000 0.000000 0.000000 0.000000 0.000000 0.000000 0.000000 0.000000 0.000000 0.000000 0.000000 0.000000 0.000000 0.000000 0.000000 0.000000 0.000000 0.000000 0.000000 0.000000 0.000000 0.000000 0.000000 0.000000 0.000000 0.000000 0.000000 0.000000 0.000000 0.000000 0.000000 0.000000 0.000000 0.000000 0.000000 0.000000 0.000000 1.589946 -16.365874 -0.038676 30.221024 -50.975872 27.126461 7.888582 1.105266 25.377314 -3.897946 -2.227824 5.117264 0.000000 0.000000 0.000000 0.000000 0.000000 0.000000 0.000000 0.000000 0.000000 0.000000 0.000000 0.000000 0.000000 0.000000 0.000000 0.000000 0.000000 0.000000 0.000000 0.000000 0.000000 0.000000 0.000000 0.000000 0.000000 0.000000 0.000000 0.000000 0.000000 0.000000 0.000000 0.000000 0.000000 0.000000 0.000000 0.000000 0.000000 0.000000 0.000000 0.000000 0.000000 0.000000
-0.026537 0.553122 1.039758 -8.885731 0.164169 1.877659 11.475177 5.945177 -1.427635 3.546212 -0.321849 -17.335954 -12.305037 -1.561875 10.316688 1.866190 -6.505393 -0.163079 -24.313004 -0.436830 5.403663 38.884517 -3.512909 -2.066112 -5.642281 -4.213077 -8.847418 1.755114 -1.584479 -0.565715 10.582054 1.596677 -2.537218 4.780292 -6.174071 -3.986279 -5.722264 4.163833 -0.059475 8.334301 0.201382 4.499202 13.820128 2.256249 2.048280 5.808928 17.971731 -1.286855 15.589986 45.629877 -30.091630 13.186550 -1.500130 -22.280635 4.349875 -2.120756 -8.197559 0.000000 0.000000 0.000000 0.000000 0.000000 0.000000 0.000000 0.000000 0.000000 0.000000 0.000000 0.000000 0.000000 0.000000 0.000000 0.000000 0.000000 0.000000 0.000000 0.000000 0.000000 0.000000 0.000000 0.000000 0.000000 0.000000 0.000000 0.000000 0.000000 0.000000 0.000000 0.000000 0.000000 0.000000 0.000000 0.000000 0.000000 0.000000 0.000000 0.000000 0.000000 0.000000 2.527136 -16.615756 -0.586248 29.834700 -50.362430 26.098231 7.202455 0.455383 24.777328 -3.559422 -2.411145 5.072251 0.000000 0.000000 0.000000 0.000000 0.000000 0.000000 0.000000 0.000000 0.000000 0.000000 0.000000 0.000000 0.000000 0.000000 0.000000 0.000000 0.000000 0.000000 0.000000 0.000000 0.000000 0.000000 0.000000 0.000000 0.000000 0.000000 0.000000 0.000000 0.000000 0.000000 0.000000 0.000000 0.000000 0.000000 0.000000 0.000000 0.000000 0.000000 0.000000 0.000000 0.000000 0.000000
-0.023560 0.561326 1.036365 -9.558406 0.060470 2.775133 14.236648 5.337644 -0.703016 3.289965 -0.436729 -18.474189 -14.254466 -1.781494 9.416410 1.926959 -6.017788 -0.114573 -24.538354 -0.553403 5.205055 28.360777 -2.792052 -2.974229 -4.316583 -6.126803 -8.965348 1.813133 -1.229244 -0.495859 10.930811 1.646020 -3.016519 4.775754 -6.467332 -4.256626 -5.887624 3.771870 -0.332603 7.905119 0.304926 4.112995 13.624271 1.889824 2.417115 5.669806 17.384629 -1.658347 15.337376 45.407216 -31.486123 12.734746 -1.693337 -23.669577 3.656699 -2.938485 -8.602783 0.000000 0.000000 0.000000 0.000000 0.000000 0.000000 0.000000 0.000000 0.000000 0.000000 0.000000 0.000000 0.000000 0.000000 0.000000 0.000000 0.000000 0.000000 0.000000 0.000000 0.000000 0.000000 0.000000 0.000000 0.000000 0.000000 0.000000 0.000000 0.000000 0.000000 0.000000 0.000000 0.000000 0.000000 0.000000 0.000000 0.000000 0.000000 0.000000 0.000000 0.000000 0.000000 2.708650 -16.571956 -1.048960 29.724625 -50.117408 25.520427 6.519814 -0.041353 24.203869 -3.249038 -2.557796 4.694167 0.000000 0.000000 0.000000 0.000000 0.000000 0.000000 0.000000 0.000000 0.000000 0.000000 0.000000 0.000000 0.000000 0.000000 0.000000 0.000000 0.000000 0.000000 0.000000 0.000000 0.000000 0.000000 0.000000 0.000000 0.000000 0.000000 0.000000 0.000000 0.000000 0.000000 0.000000 0.000000 0.000000 0.000000 0.000000 0.000000 0.000000 0.000000 0.000000 0.000000 0.000000 0.000000
-0.019104 0.570984 1.032454 -10.312995 -0.208510 3.808455 16.958981 4.884555 0.074612 3.239007 -0.683246 -19.379188 -16.440836 -2.031611 8.377702 2.027650 -5.482114 -0.095914 -23.772772 -0.535326 4.780116 17.419775 -1.486891 -3.287931 -2.748598 -8.271435 -9.030007 1.912485 -0.738790 -0.427484 11.064315 1.878744 -3.343572 4.872692 -6.762805 -4.589105 -6.064457 3.450983 -0.535258 7.425594 0.386688 3.469607 13.588631 1.442571 3.051394 5.507146 17.080772 -2.009050 14.830215 45.170415 -32.249238 12.273180 -1.796546 -24.879247 3.443681 -3.940660 -8.892427 0.000000 0.000000 0.000000 0.000000 0.000000 0.000000 0.000000 0.000000 0.000000 0.000000 0.000000 0.000000 0.000000 0.000000 0.000000 0.000000 0.000000 0.000000 0.000000 0.000000 0.000000 0.000000 0.000000 0.000000 0.000000 0.000000 0.000000 0.000000 0.000000 0.000000 0.000000 0.000000 0.000000 0.000000 0.000000 0.000000 0.000000 0.000000 0.000000 0.000000 0.000000 0.000000 2.774135 -16.712417 -1.480411 29.577248 -49.866287 24.986196 5.744668 -0.487807 23.369901 -2.559127 -2.734457 4.392126 0.000000 0.000000 0.000000 0.000000 0.000000 0.000000 0.000000 0.000000 0.000000 0.000000 0.000000 0.000000 0.000000 0.000000 0.000000 0.000000 0.000000 0.000000 0.000000 0.000000 0.000000 0.000000 0.000000 0.000000 0.000000 0.000000 0.000000 0.000000 0.000000 0.000000 0.000000 0.000000 0.000000 0.000000 0.000000 0.000000 0.000000 0.000000 0.000000 0.000000 0.000000 0.000000
-0.015151 0.584709 1.028128 -10.689328 -0.362922 4.792467 19.456654 4.395578 0.711199 3.419925 -1.114757 -20.255994 -18.613491 -2.261010 7.623531 2.042674 -5.076036 -0.079134 -23.162954 -0.746893 4.462556 10.004023 -0.442792 -3.243178 -1.741863 -9.822619 -9.151542 1.987176 -0.387678 -0.395562 10.876028 1.879139 -3.705885 4.767744 -6.889448 -4.828069 -5.672833 3.228243 -0.741415 6.940075 0.305479 2.926733 13.609145 1.167029 3.461584 5.063555 17.006538 -2.271213 14.429080 44.942107 -32.492897 12.003401 -1.981635 -26.016654 3.758978 -4.559771 -9.141398 0.000000 0.000000 0.000000 0.000000 0.000000 0.000000 0.000000 0.000000 0.000000 0.000000 0.000000 0.000000 0.000000 0.000000 0.000000 0.000000 0.000000 0.000000 0.000000 0.000000 0.000000 0.000000 0.000000 0.000000 0.000000 0.000000 0.000000 0.000000 0.000000 0.000000 0.000000 0.000000 0.000000 0.000000 0.000000 0.000000 0.000000 0.000000 0.000000 0.000000 0.000000 0.000000 2.497232 -16.966293 -1.769802 29.463865 -49.543287 24.234326 5.291811 -0.782252 22.841452 -1.832700 -2.883687 4.168596 0.000000 0.000000 0.000000 0.000000 0.000000 0.000000 0.000000 0.000000 0.000000 0.000000 0.000000 0.000000 0.000000 0.000000 0.000000 0.000000 0.000000 0.000000 0.000000 0.000000 0.000000 0.000000 0.000000 0.000000 0.000000 0.000000 0.000000 0.000000 0.000000 0.000000 0.000000 0.000000 0.000000 0.000000 0.000000 0.000000 0.000000 0.000000 0.000000 0.000000 0.000000 0.000000
-0.012716 0.606053 1.023331 -10.200523 -0.251788 5.786723 21.116493 3.736079 1.042563 4.742767 -1.655592 -20.980564 -20.623670 -2.461358 7.234710 1.863018 -5.046672 -0.178898 -23.331726 -1.286705 4.520929 8.976076 -0.247575 -3.196501 -1.291893 -9.741443 -9.550268 1.920942 -0.124642 -0.274054 10.334372 1.518135 -4.010969 4.729487 -6.992370 -5.076758 -5.363853 3.258012 -0.884692 6.843553 0.232620 2.396416 13.558014 1.153986 3.681600 5.003180 17.241051 -2.465722 14.141680 44.721831 -32.538638 11.913401 -2.294729 -26.860236 4.410775 -4.739707 -9.340855 0.000000 0.000000 0.000000 0.000000 0.000000 0.000000 0.000000 0.000000 0.000000 0.000000 0.000000 0.000000 0.000000 0.000000 0.000000 0.000000 0.000000 0.000000 0.000000 0.000000 0.000000 0.000000 0.000000 0.000000 0.000000 0.000000 0.000000 0.000000 0.000000 0.000000 0.000000 0.000000 0.000000 0.000000 0.000000 0.000000 0.000000 0.000000 0.000000 0.000000 0.000000 0.000000 2.376180 -17.326937 -2.012841 29.115976 -49.321197 23.360761 5.052971 -0.813913 22.230926 -1.230376 -3.127462 4.135994 0.000000 0.000000 0.000000 0.000000 0.000000 0.000000 0.000000 0.000000 0.000000 0.000000 0.000000 0.000000 0.000000 0.000000 0.000000 0.000000 0.000000 0.000000 0.000000 0.000000 0.000000 0.000000 0.000000 0.000000 0.000000 0.000000 0.000000 0.000000 0.000000 0.000000 0.000000 0.000000 0.000000 0.000000 0.000000 0.000000 0.000000 0.000000 0.000000 0.000000 0.000000 0.000000
-0.011350 0.632364 1.019234 -9.148376 0.074004 6.508602 21.766008 2.824461 1.109490 7.505225 -2.164711 -21.586438 -21.341249 -2.226740 7.330253 1.626435 -5.279860 -0.237858 -24.069740 -2.050769 4.831674 12.019949 -0.679377 -3.178988 -1.103267 -8.620929 -9.893188 1.748437 -0.029819 -0.122635 9.619191 0.781948 -4.295095 4.498623 -6.991364 -5.175508 -5.137802 3.337824 -1.001110 6.881188 0.214538 1.987971 13.644730 1.381700 3.446001 4.988182 17.683747 -2.345601 14.189046 44.837244 -32.284447 11.920165 -2.745777 -27.157220 4.731732 -4.555345 -9.554465 0.000000 0.000000 0.000000 0.000000 0.000000 0.000000 0.000000 0.000000 0.000000 0.000000 0.000000 0.000000 0.000000 0.000000 0.000000 0.000000 0.000000 0.000000 0.000000 0.000000 0.000000 0.000000 0.000000 0.000000 0.000000 0.000000 0.000000 0.000000 0.000000 0.000000 0.000000 0.000000 0.000000 0.000000 0.000000 0.000000 0.000000 0.000000 0.000000 0.000000 0.000000 0.000000 2.265496 -17.667621 -2.203029 28.562944 -49.223793 22.455468 5.296338 -0.638062 21.439673 -0.833667 -3.162524 4.077968 0.000000 0.000000 0.000000 0.000000 0.000000 0.000000 0.000000 0.000000 0.000000 0.000000 0.000000 0.000000 0.000000 0.000000 0.000000 0.000000 0.000000 0.000000 0.000000 0.000000 0.000000 0.000000 0.000000 0.000000 0.000000 0.000000 0.000000 0.000000 0.000000 0.000000 0.000000 0.000000 0.000000 0.000000 0.000000 0.000000 0.000000 0.000000 0.000000 0.000000 0.000000 0.000000
-0.011262 0.660415 1.017198 -7.959386 0.733932 6.888358 21.144661 1.630019 0.889349 12.744034 -2.639463 -21.578065 -19.887290 -1.160199 8.095499 1.498087 -5.543759 -0.270605 -25.062409 -3.182567 5.214290 17.201485 -1.559119 -3.207016 -0.688081 -6.961493 -9.969920 1.596161 -0.112054 -0.026088 8.762325 -0.206361 -4.591660 4.159991 -6.932344 -5.175448 -4.848009 3.445115 -1.180077 7.054284 0.165631 1.771060 13.673829 1.729878 3.515013 5.067362 18.399354 -1.869468 14.368584 45.141658 -31.539587 11.649485 -3.081941 -27.392422 4.543316 -3.950446 -9.785446 0.000000 0.000000 0.000000 0.000000 0.000000 0.000000 0.000000 0.000000 0.000000 0.000000 0.000000 0.000000 0.000000 0.000000 0.000000 0.000000 0.000000 0.000000 0.000000 0.000000 0.000000 0.000000 0.000000 0.000000 0.000000 0.000000 0.000000 0.000000 0.000000 0.000000 0.000000 0.000000 0.000000 0.000000 0.000000 0.000000 0.000000 0.000000 0.000000 0.000000 0.000000 0.000000 2.241509 -18.103751 -2.364004 27.863938 -48.821367 21.693515 5.782339 -0.584148 20.672885 -0.676019 -3.412180 4.019617 0.000000 0.000000 0.000000 0.000000 0.000000 0.000000 0.000000 0.000000 0.000000 0.000000 0.000000 0.000000 0.000000 0.000000 0.000000 0.000000 0.000000 0.000000 0.000000 0.000000 0.000000 0.000000 0.000000 0.000000 0.000000 0.000000 0.000000 0.000000 0.000000 0.000000 0.000000 0.000000 0.000000 0.000000 0.000000 0.000000 0.000000 0.000000 0.000000 0.000000 0.000000 0.000000
-0.012049 0.687004 1.018445 -7.048935 1.628120 6.916262 19.214430 0.055707 0.771543 20.766896 -2.915498 -21.259874 -14.728733 1.590174 8.272418 1.569419 -5.639874 -0.231905 -25.804661 -4.486462 5.611493 22.696191 -2.542564 -3.232461 -0.139802 -4.916064 -9.760941 1.553867 -0.407571 -0.055433 8.227596 -1.375883 -4.886794 3.608585 -6.652716 -4.999970 -4.182642 3.426122 -1.398078 7.094601 0.022518 1.624782 13.810991 2.032689 3.357327 4.961734 19.008509 -1.191011 14.783255 45.884235 -30.772601 11.647439 -3.443101 -26.869775 3.772582 -3.408408 -9.845041 0.000000 0.000000 0.000000 0.000000 0.000000 0.000000 0.000000 0.000000 0.000000 0.000000 0.000000 0.000000 0.000000 0.000000 0.000000 0.000000 0.000000 0.000000 0.000000 0.000000 0.000000 0.000000 0.000000 0.000000 0.000000 0.000000 0.000000 0.000000 0.000000 0.000000 0.000000 0.000000 0.000000 0.000000 0.000000 0.000000 0.000000 0.000000 0.000000 0.000000 0.000000 0.000000 2.180897 -18.312561 -2.253645 27.279011 -48.621628 21.317574 6.375985 -0.530423 20.055415 -1.435314 -3.593787 3.796293 0.000000 0.000000 0.000000 0.000000 0.000000 0.000000 0.000000 0.000000 0.000000 0.000000 0.000000 0.000000 0.000000 0.000000 0.000000 0.000000 0.000000 0.000000 0.000000 0.000000 0.000000 0.000000 0.000000 0.000000 0.000000 0.000000 0.000000 0.000000 0.000000 0.000000 0.000000 0.000000 0.000000 0.000000 0.000000 0.000000 0.000000 0.000000 0.000000 0.000000 0.000000 0.000000
-0.014389 0.710525 1.023156 -6.495570 2.766355 6.439701 14.759826 -1.914539 0.968001 32.137643 -2.911122 -19.581263 -6.296894 5.417080 6.813772 1.887330 -5.354345 -0.147425 -25.521696 -6.224597 5.523505 25.947678 -3.263901 -3.277909 0.415749 -2.523910 -9.095623 1.489960 -0.768211 -0.253664 8.040031 -2.512534 -4.901818 3.190456 -6.252175 -4.740887 -3.354978 3.110006 -1.706501 6.663140 -0.227377 1.269422 14.156179 2.019117 3.233491 4.899224 19.442567 -0.783359 15.097782 46.821961 -29.659078 12.299675 -3.526047 -25.551742 3.051624 -2.432863 -9.536394 0.000000 0.000000 0.000000 0.000000 0.000000 0.000000 0.000000 0.000000 0.000000 0.000000 0.000000 0.000000 0.000000 0.000000 0.000000 0.000000 0.000000 0.000000 0.000000 0.000000 0.000000 0.000000 0.000000 0.000000 0.000000 0.000000 0.000000 0.000000 0.000000 0.000000 0.000000 0.000000 0.000000 0.000000 0.000000 0.000000 0.000000 0.000000 0.000000 0.000000 0.000000 0.000000 2.256124 -17.926287 -1.629773 26.564902 -48.462120 21.032592 7.076120 -0.649695 20.342379 -3.393952 -4.179973 3.424407 0.000000 0.000000 0.000000 0.000000 0.000000 0.000000 0.000000 0.000000 0.000000 0.000000 0.000000 0.000000 0.000000 0.000000 0.000000 0.000000 0.000000 0.000000 0.000000 0.000000 0.000000 0.000000 0.000000 0.000000 0.000000 0.000000 0.000000 0.000000 0.000000 0.000000 0.000000 0.000000 0.000000 0.000000 0.000000 0.000000 0.000000 0.000000 0.000000 0.000000 0.000000 0.000000
-0.015843 0.729347 1.029852 -6.356963 3.580941 5.983235 9.336612 -3.200746 0.489923 42.496317 -2.674587 -16.344706 0.875733 7.691712 6.130055 2.025408 -4.921239 -0.109520 -23.381306 -7.794661 5.364902 26.718842 -3.299271 -3.028451 -0.480103 -0.071913 -8.288896 1.383722 -1.156797 -0.488095 8.210845 -3.498491 -4.399513 2.656850 -5.675162 -4.528201 -2.466435 2.733477 -1.833905 6.038444 -0.538799 0.802796 14.458648 1.713375 3.010252 4.370300 19.665059 -0.571767 15.737502 47.786278 -28.882418 13.287157 -3.554021 -24.184674 2.610400 -1.590822 -9.020154 0.000000 0.000000 0.000000 0.000000 0.000000 0.000000 0.000000 0.000000 0.000000 0.000000 0.000000 0.000000 0.000000 0.000000 0.000000 0.000000 0.000000 0.000000 0.000000 0.000000 0.000000 0.000000 0.000000 0.000000 0.000000 0.000000 0.000000 0.000000 0.000000 0.000000 0.000000 0.000000 0.000000 0.000000 0.000000 0.000000 0.000000 0.000000 0.000000 0.000000 0.000000 0.000000 1.814533 -17.385156 -0.927760 26.499673 -48.614512 21.180138 7.441229 -0.494223 20.864887 -4.963346 -4.155715 3.349236 0.000000 0.000000 0.000000 0.000000 0.000000 0.000000 0.000000 0.000000 0.000000 0.000000 0.000000 0.000000 0.000000 0.000000 0.000000 0.000000 0.000000 0.000000 0.000000 0.000000 0.000000 0.000000 0.000000 0.000000 0.000000 0.000000 0.000000 0.000000 0.000000 0.000000 0.000000 0.000000 0.000000 0.000000 0.000000 0.000000 0.000000 0.000000 0.000000 0.000000 0.000000 0.000000
-0.016451 0.744315 1.038227 -6.641827 4.008060 5.137597 3.612422 -3.825796 -0.225134 50.553837 -2.033277 -12.823293 3.505838 7.817773 6.694213 1.958636 -4.729691 -0.168782 -19.848555 -8.984414 5.091151 26.103255 -3.028982 -2.319389 -1.934522 1.719407 -7.473202 1.271916 -1.514925 -0.646935 8.750625 -4.049417 -3.356095 2.183593 -5.211431 -4.327399 -1.909892 2.377047 -1.799144 5.642957 -0.917667 0.247449 14.849257 1.382335 2.611331 4.080027 19.916580 -0.352344 16.190668 48.371193 -27.853225 14.731966 -3.348311 -23.187369 2.202476 -0.852231 -8.672174 0.000000 0.000000 0.000000 0.000000 0.000000 0.000000 0.000000 0.000000 0.000000 0.000000 0.000000 0.000000 0.000000 0.000000 0.000000 0.000000 0.000000 0.000000 0.000000 0.000000 0.000000 0.000000 0.000000 0.000000 0.000000 0.000000 0.000000 0.000000 0.000000 0.000000 0.000000 0.000000 0.000000 0.000000 0.000000 0.000000 0.000000 0.000000 0.000000 0.000000 0.000000 0.000000 1.257999 -16.898104 -0.388409 26.412402 -48.697334 21.381184 7.793870 -0.367555 21.617588 -5.962025 -3.320009 3.503102 0.000000 0.000000 0.000000 0.000000 0.000000 0.000000 0.000000 0.000000 0.000000 0.000000 0.000000 0.000000 0.000000 0.000000 0.000000 0.000000 0.000000 0.000000 0.000000 0.000000 0.000000 0.000000 0.000000 0.000000 0.000000 0.000000 0.000000 0.000000 0.000000 0.000000 0.000000 0.000000 0.000000 0.000000 0.000000 0.000000 0.000000 0.000000 0.000000 0.000000 0.000000 0.000000
-0.016281 0.757026 1.047842 -7.149278 4.131306 4.104918 -2.534396 -3.736063 -1.257858 56.708796 -0.931848 -9.793135 2.407335 6.446589 7.970577 1.791582 -4.634312 -0.273339 -15.025559 -9.905086 4.669622 23.231899 -1.938609 -1.190817 -3.256060 2.614842 -6.840574 1.102125 -1.890899 -0.749375 9.355701 -4.271544 -1.896614 1.839770 -4.658719 -4.099755 -1.550168 2.083889 -1.734183 5.794884 -1.321677 -0.291531 14.835767 0.984533 2.099137 3.932361 20.105917 -0.027266 16.581520 48.668649 -26.511066 16.411867 -2.854444 -22.406536 1.589392 0.012211 -8.614328 0.000000 0.000000 0.000000 0.000000 0.000000 0.000000 0.000000 0.000000 0.000000 0.000000 0.000000 0.000000 0.000000 0.000000 0.000000 0.000000 0.000000 0.000000 0.000000 0.000000 0.000000 0.000000 0.000000 0.000000 0.000000 0.000000 0.000000 0.000000 0.000000 0.000000 0.000000 0.000000 0.000000 0.000000 0.000000 0.000000 0.000000 0.000000 0.000000 0.000000 0.000000 0.000000 0.664311 -16.199935 -0.039987 26.391794 -48.958643 21.697751 8.285653 -0.219129 22.991836 -6.890108 -2.341376 3.923363 0.000000 0.000000 0.000000 0.000000 0.000000 0.000000 0.000000 0.000000 0.000000 0.000000 0.000000 0.000000 0.000000 0.000000 0.000000 0.000000 0.000000 0.000000 0.000000 0.000000 0.000000 0.000000 0.000000 0.000000 0.000000 0.000000 0.000000 0.000000 0.000000 0.000000 0.000000 0.000000 0.000000 0.000000 0.000000 0.000000 0.000000 0.000000 0.000000 0.000000 0.000000 0.000000
-0.013890 0.769049 1.057407 -7.616526 3.788553 2.968210 -8.534466 -3.126530 -2.409122 59.530234 0.676488 -7.353565 -0.699659 4.276956 9.465023 1.712600 -4.536725 -0.327452 -9.607370 -9.973482 3.922953 18.729293 -0.742519 0.055515 -4.085493 2.726733 -6.251015 0.941605 -2.277038 -0.940747 9.651307 -4.014224 -0.072442 1.966145 -4.193992 -3.850283 -1.778076 1.994030 -1.512241 6.695764 -1.614536 -0.674687 14.497095 0.458488 1.669231 4.167773 20.491093 0.456962 16.722982 48.701024 -25.020168 17.454029 -2.291389 -21.740527 0.938938 0.554271 -8.792247 0.000000 0.000000 0.000000 0.000000 0.000000 0.000000 0.000000 0.000000 0.000000 0.000000 0.000000 0.000000 0.000000 0.000000 0.000000 0.000000 0.000000 0.000000 0.000000 0.000000 0.000000 0.000000 0.000000 0.000000 0.000000 0.000000 0.000000 0.000000 0.000000 0.000000 0.000000 0.000000 0.000000 0.000000 0.000000 0.000000 0.000000 0.000000 0.000000 0.000000 0.000000 0.000000 0.453928 -15.472953 0.253717 26.269488 -49.339868 22.183673 8.632762 0.174814 24.565169 -7.740398 -1.576462 4.632200 0.000000 0.000000 0.000000 0.000000 0.000000 0.000000 0.000000 0.000000 0.000000 0.000000 0.000000 0.000000 0.000000 0.000000 0.000000 0.000000 0.000000 0.000000 0.000000 0.000000 0.000000 0.000000 0.000000 0.000000 0.000000 0.000000 0.000000 0.000000 0.000000 0.000000 0.000000 0.000000 0.000000 0.000000 0.000000 0.000000 0.000000 0.000000 0.000000 0.000000 0.000000 0.000000
-0.009535 0.780474 1.065343 -7.983457 3.128791 1.363551 -13.053733 -2.370611 -3.261775 58.103713 2.189971 -5.990405 -4.230868 2.272630 10.274853 1.512319 -4.429235 -0.364841 -4.189639 -9.287387 2.986086 13.887619 0.204641 1.524992 -4.354498 2.206369 -5.539969 0.626184 -2.886844 -1.118958 9.922007 -3.343227 1.740116 2.002706 -3.693369 -3.482260 -1.859633 2.042715 -1.181726 7.347456 -2.062540 -0.959100 14.051848 0.011225 0.679195 4.395534 20.889627 1.162252 16.543480 48.459431 -23.154244 17.946338 -1.532542 -21.623339 0.778581 0.581386 -9.136775 0.000000 0.000000 0.000000 0.000000 0.000000 0.000000 0.000000 0.000000 0.000000 0.000000 0.000000 0.000000 0.000000 0.000000 0.000000 0.000000 0.000000 0.000000 0.000000 0.000000 0.000000 0.000000 0.000000 0.000000 0.000000 0.000000 0.000000 0.000000 0.000000 0.000000 0.000000 0.000000 0.000000 0.000000 0.000000 0.000000 0.000000 0.000000 0.000000 0.000000 0.000000 0.000000 0.230639 -14.866927 0.574280 26.159530 -49.620242 22.883177 8.549520 0.270645 26.313510 -8.458292 -0.964537 5.156354 0.000000 0.000000 0.000000 0.000000 0.000000 0.000000 0.000000 0.000000 0.000000 0.000000 0.000000 0.000000 0.000000 0.000000 0.000000 0.000000 0.000000 0.000000 0.000000 0.000000 0.000000 0.000000 0.000000 0.000000 0.000000 0.000000 0.000000 0.000000 0.000000 0.000000 0.000000 0.000000 0.000000 0.000000 0.000000 0.000000 0.000000 0.000000 0.000000 0.000000 0.000000 0.000000
-0.004302 0.793680 1.070907 -8.102495 2.425531 0.086787 -16.420946 -1.501232 -3.864865 52.395140 3.277755 -4.681712 -6.195429 1.227624 10.700641 1.531988 -4.159412 -0.326722 0.406607 -8.304154 2.075558 9.730712 0.859456 2.666822 -4.185073 1.323334 -4.881144 0.460349 -3.277466 -1.311041 10.126681 -2.524911 3.224273 2.180398 -3.242856 -3.136222 -2.176321 2.111649 -0.761807 7.770977 -2.487937 -1.363447 13.651449 -0.525105 -0.440419 4.609103 21.350542 1.826439 16.473992 48.137576 -21.439882 17.803345 -0.812498 -21.456498 0.790602 0.609837 -9.349870 0.000000 0.000000 0.000000 0.000000 0.000000 0.000000 0.000000 0.000000 0.000000 0.000000 0.000000 0.000000 0.000000 0.000000 0.000000 0.000000 0.000000 0.000000 0.000000 0.000000 0.000000 0.000000 0.000000 0.000000 0.000000 0.000000 0.000000 0.000000 0.000000 0.000000 0.000000 0.000000 0.000000 0.000000 0.000000 0.000000 0.000000 0.000000 0.000000 0.000000 0.000000 0.000000 0.091730 -14.226675 0.995644 26.240026 -49.773008 24.009034 8.153670 0.291125 27.702284 -9.321722 -0.510467 5.805050 0.000000 0.000000 0.000000 0.000000 0.000000 0.000000 0.000000 0.000000 0.000000 0.000000 0.000000 0.000000 0.000000 0.000000 0.000000 0.000000 0.000000 0.000000 0.000000 0.000000 0.000000 0.000000 0.000000 0.000000 0.000000 0.000000 0.000000 0.000000 0.000000 0.000000 0.000000 0.000000 0.000000 0.000000 0.000000 0.000000 0.000000 0.000000 0.000000 0.000000 0.000000 0.000000
-0.001625 0.808770 1.073353 -8.087417 2.154518 -1.536870 -18.289287 -1.068130 -3.723890 42.646817 3.389700 -2.887393 -5.919724 1.853654 10.947871 1.812999 -3.722187 -0.155033 4.456928 -7.636616 1.058548 6.852470 1.266763 3.625802 -4.130835 0.699352 -3.941798 0.298340 -3.428560 -1.427990 10.577450 -2.038914 4.371741 2.912929 -2.702606 -2.515276 -2.970922 2.090004 -0.250208 7.828730 -2.746377 -1.487340 13.323082 -1.041019 -1.450406 4.708778 22.031228 2.943806 16.208307 47.807224 -19.332896 17.551427 -0.318702 -21.509472 0.674880 1.016593 -9.117855 0.000000 0.000000 0.000000 0.000000 0.000000 0.000000 0.000000 0.000000 0.000000 0.000000 0.000000 0.000000 0.000000 0.000000 0.000000 0.000000 0.000000 0.000000 0.000000 0.000000 0.000000 0.000000 0.000000 0.000000 0.000000 0.000000 0.000000 0.000000 0.000000 0.000000 0.000000 0.000000 0.000000 0.000000 0.000000 0.000000 0.000000 0.000000 0.000000 0.000000 0.000000 0.000000 0.023756 -13.437281 1.579649 25.976568 -49.808919 25.390804 8.056455 0.478212 29.499829 -10.143666 0.366897 5.962788 0.000000 0.000000 0.000000 0.000000 0.000000 0.000000 0.000000 0.000000 0.000000 0.000000 0.000000 0.000000 0.000000 0.000000 0.000000 0.000000 0.000000 0.000000 0.000000 0.000000 0.000000 0.000000 0.000000 0.000000 0.000000 0.000000 0.000000 0.000000 0.000000 0.000000 0.000000 0.000000 0.000000 0.000000 0.000000 0.000000 0.000000 0.000000 0.000000 0.000000 0.000000 0.000000
-0.001753 0.826091 1.071739 -7.907628 2.255596 -3.102763 -19.130293 -1.039188 -3.364095 31.425628 2.475599 -2.085123 -4.364686 3.376465 10.460694 2.166300 -3.163860 0.077001 8.068181 -7.359319 0.273397 4.718975 1.481732 4.714469 -4.523806 0.446176 -3.350178 0.238916 -3.584264 -1.542787 11.029174 -2.005946 5.224199 3.626496 -2.185284 -1.883798 -3.802930 1.983160 0.251727 7.689149 -2.718256 -1.554712 13.163317 -1.430690 -2.589345 4.585491 22.624667 4.071465 16.199312 47.366661 -17.566042 17.436491 -0.047053 -21.847071 0.516057 1.552848 -8.974250 0.000000 0.000000 0.000000 0.000000 0.000000 0.000000 0.000000 0.000000 0.000000 0.000000 0.000000 0.000000 0.000000 0.000000 0.000000 0.000000 0.000000 0.000000 0.000000 0.000000 0.000000 0.000000 0.000000 0.000000 0.000000 0.000000 0.000000 0.000000 0.000000 0.000000 0.000000 0.000000 0.000000 0.000000 0.000000 0.000000 0.000000 0.000000 0.000000 0.000000 0.000000 0.000000 -0.081187 -12.719168 2.175978 25.452746 -49.572845 26.229862 7.691382 0.507824 31.149899 -11.429427 0.903568 6.117020 0.000000 0.000000 0.000000 0.000000 0.000000 0.000000 0.000000 0.000000 0.000000 0.000000 0.000000 0.000000 0.000000 0.000000 0.000000 0.000000 0.000000 0.000000 0.000000 0.000000 0.000000 0.000000 0.000000 0.000000 0.000000 0.000000 0.000000 0.000000 0.000000 0.000000 0.000000 0.000000 0.000000 0.000000 0.000000 0.000000 0.000000 0.000000 0.000000 0.000000 0.000000 0.000000
-0.003201 0.844308 1.066692 -7.666744 2.519803 -4.054391 -18.779715 -0.991284 -2.645647 18.865622 1.213093 -1.900365 -3.271882 4.990508 9.769265 2.528221 -2.812333 0.322393 11.058341 -7.170941 -0.388300 3.512859 1.475198 5.714705 -5.831405 0.434956 -2.992810 0.333164 -3.579065 -1.645610 11.262322 -2.111455 5.822239 4.280014 -1.843620 -1.414957 -4.521988 1.938574 0.587213 7.660877 -2.812279 -1.663187 13.099175 -1.650474 -3.625666 4.432975 23.078509 4.904092 16.269269 47.135851 -16.353721 17.350094 0.323510 -21.526327 0.297417 1.824956 -8.846445 0.000000 0.000000 0.000000 0.000000 0.000000 0.000000 0.000000 0.000000 0.000000 0.000000 0.000000 0.000000 0.000000 0.000000 0.000000 0.000000 0.000000 0.000000 0.000000 0.000000 0.000000 0.000000 0.000000 0.000000 0.000000 0.000000 0.000000 0.000000 0.000000 0.000000 0.000000 0.000000 0.000000 0.000000 0.000000 0.000000 0.000000 0.000000 0.000000 0.000000 0.000000 0.000000 -0.257157 -12.142664 2.684670 25.075786 -49.272342 27.213656 7.365601 0.363024 31.959017 -12.549024 1.160680 6.427680 0.000000 0.000000 0.000000 0.000000 0.000000 0.000000 0.000000 0.000000 0.000000 0.000000 0.000000 0.000000 0.000000 0.000000 0.000000 0.000000 0.000000 0.000000 0.000000 0.000000 0.000000 0.000000 0.000000 0.000000 0.000000 0.000000 0.000000 0.000000 0.000000 0.000000 0.000000 0.000000 0.000000 0.000000 0.000000 0.000000 0.000000 0.000000 0.000000 0.000000 0.000000 0.000000
-0.005070 0.863754 1.058943 -7.343838 2.858993 -4.740676 -18.079976 -0.850834 -1.905593 8.028963 -0.169386 -1.999615 -2.748676 6.179974 9.175424 2.767661 -2.672796 0.468645 13.801080 -7.026385 -1.088348 2.895744 1.482498 6.794523 -8.182941 0.781286 -2.550258 0.454689 -3.519814 -1.744332 11.136342 -2.355887 6.318824 4.739724 -1.578692 -1.053037 -4.715289 1.923779 0.795853 7.546167 -3.058553 -1.695278 12.678907 -1.800447 -4.803096 4.155170 23.436199 5.381353 16.006594 47.113975 -15.075967 17.100479 0.757590 -20.926457 0.361288 1.781517 -8.601874 0.000000 0.000000 0.000000 0.000000 0.000000 0.000000 0.000000 0.000000 0.000000 0.000000 0.000000 0.000000 0.000000 0.000000 0.000000 0.000000 0.000000 0.000000 0.000000 0.000000 0.000000 0.000000 0.000000 0.000000 0.000000 0.000000 0.000000 0.000000 0.000000 0.000000 0.000000 0.000000 0.000000 0.000000 0.000000 0.000000 0.000000 0.000000 0.000000 0.000000 0.000000 0.000000 -0.651231 -11.706479 3.075936 24.476045 -48.906142 27.717327 7.375937 0.257682 32.500218 -13.151827 1.628353 6.997047 0.000000 0.000000 0.000000 0.000000 0.000000 0.000000 0.000000 0.000000 0.000000 0.000000 0.000000 0.000000 0.000000 0.000000 0.000000 0.000000 0.000000 0.000000 0.000000 0.000000 0.000000 0.000000 0.000000 0.000000 0.000000 0.000000 0.000000 0.000000 0.000000 0.000000 0.000000 0.000000 0.000000 0.000000 0.000000 0.000000 0.000000 0.000000 0.000000 0.000000 0.000000 0.000000
-0.006757 0.883930 1.049329 -7.078403 3.215378 -5.282987 -17.843729 -0.331184 -1.623242 1.782230 -1.200558 -2.246486 -2.655539 6.481153 9.004004 2.800555 -2.663385 0.468950 16.430391 -6.825642 -1.600996 3.524944 1.743443 8.135221 -11.548719 1.185705 -1.479217 0.470365 -3.365319 -1.740206 10.706497 -2.481998 6.785949 5.217092 -1.502634 -0.864277 -4.890113 2.020637 0.989765 7.477417 -3.404844 -1.817532 12.248970 -1.950273 -6.311904 3.968800 23.835148 5.720639 15.742777 46.840624 -13.930039 16.781688 1.272704 -20.336100 0.383313 1.604645 -8.381239 0.000000 0.000000 0.000000 0.000000 0.000000 0.000000 0.000000 0.000000 0.000000 0.000000 0.000000 0.000000 0.000000 0.000000 0.000000 0.000000 0.000000 0.000000 0.000000 0.000000 0.000000 0.000000 0.000000 0.000000 0.000000 0.000000 0.000000 0.000000 0.000000 0.000000 0.000000 0.000000 0.000000 0.000000 0.000000 0.000000 0.000000 0.000000 0.000000 0.000000 0.000000 0.000000 -1.001666 -11.643085 3.318302 23.823567 -48.561613 28.009114 7.286307 0.265631 32.634098 -13.637559 2.011248 7.668421 0.000000 0.000000 0.000000 0.000000 0.000000 0.000000 0.000000 0.000000 0.000000 0.000000 0.000000 0.000000 0.000000 0.000000 0.000000 0.000000 0.000000 0.000000 0.000000 0.000000 0.000000 0.000000 0.000000 0.000000 0.000000 0.000000 0.000000 0.000000 0.000000 0.000000 0.000000 0.000000 0.000000 0.000000 0.000000 0.000000 0.000000 0.000000 0.000000 0.000000 0.000000 0.000000
-0.007527 0.906564 1.039645 -6.567992 3.405477 -5.601464 -18.507493 0.389265 -1.962122 1.662667 -1.110862 -2.217977 -2.305722 5.923139 9.277844 2.664865 -2.890719 0.464681 17.761884 -6.007920 -1.659057 6.496346 2.051416 9.542355 -14.797622 0.816607 0.632578 0.376546 -3.392564 -1.769230 9.663173 -2.240379 7.161559 5.802927 -1.597574 -0.816142 -5.090622 2.286459 1.070581 7.361181 -3.813117 -1.898495 12.086301 -1.887355 -7.157793 4.056512 24.228710 6.045947 15.515623 46.576156 -13.244356 16.283189 1.465872 -19.368579 0.665041 1.453764 -8.066110 0.000000 0.000000 0.000000 0.000000 0.000000 0.000000 0.000000 0.000000 0.000000 0.000000 0.000000 0.000000 0.000000 0.000000 0.000000 0.000000 0.000000 0.000000 0.000000 0.000000 0.000000 0.000000 0.000000 0.000000 0.000000 0.000000 0.000000 0.000000 0.000000 0.000000 0.000000 0.000000 0.000000 0.000000 0.000000 0.000000 0.000000 0.000000 0.000000 0.000000 0.000000 0.000000 -1.151872 -11.882343 3.265437 23.754492 -48.396659 28.357969 7.076431 0.598366 32.816311 -13.904418 2.111706 7.811218 0.000000 0.000000 0.000000 0.000000 0.000000 0.000000 0.000000 0.000000 0.000000 0.000000 0.000000 0.000000 0.000000 0.000000 0.000000 0.000000 0.000000 0.000000 0.000000 0.000000 0.000000 0.000000 0.000000 0.000000 0.000000 0.000000 0.000000 0.000000 0.000000 0.000000 0.000000 0.000000 0.000000 0.000000 0.000000 0.000000 0.000000 0.000000 0.000000 0.000000 0.000000 0.000000
-0.007510 0.932446 1.031747 -5.628687 3.263133 -5.968542 -19.636971 1.288991 -2.713570 5.101210 -0.345792 -2.061888 -1.508875 4.978383 9.723894 2.466473 -3.194383 0.417647 17.471985 -4.913800 -1.236562 10.459707 2.322612 10.404722 -15.388051 0.330278 1.177338 0.288277 -3.398319 -1.727345 8.301939 -1.518514 7.375187 6.321759 -1.924821 -0.844136 -5.635921 2.696697 1.115348 7.372409 -4.306913 -2.044980 12.198018 -1.991774 -7.621621 4.513629 24.543750 6.301715 15.417845 46.193361 -13.076732 15.671885 1.603522 -18.353278 0.714945 1.546705 -7.702661 0.000000 0.000000 0.000000 0.000000 0.000000 0.000000 0.000000 0.000000 0.000000 0.000000 0.000000 0.000000 0.000000 0.000000 0.000000 0.000000 0.000000 0.000000 0.000000 0.000000 0.000000 0.000000 0.000000 0.000000 0.000000 0.000000 0.000000 0.000000 0.000000 0.000000 0.000000 0.000000 0.000000 0.000000 0.000000 0.000000 0.000000 0.000000 0.000000 0.000000 0.000000 0.000000 -0.827067 -12.404423 2.997846 24.388774 -48.282025 28.915295 6.926685 0.895472 32.886503 -14.197470 1.799635 7.518371 0.000000 0.000000 0.000000 0.000000 0.000000 0.000000 0.000000 0.000000 0.000000 0.000000 0.000000 0.000000 0.000000 0.000000 0.000000 0.000000 0.000000 0.000000 0.000000 0.000000 0.000000 0.000000 0.000000 0.000000 0.000000 0.000000 0.000000 0.000000 0.000000 0.000000 0.000000 0.000000 0.000000 0.000000 0.000000 0.000000 0.000000 0.000000 0.000000 0.000000 0.000000 0.000000
-0.007238 0.961048 1.026806 -4.390286 2.768676 -6.117482 -20.453081 2.511131 -3.748925 9.412617 0.699591 -2.054617 -0.677940 3.727509 10.209869 2.204716 -3.866250 0.371870 15.867428 -3.345415 -0.676236 16.374442 2.477610 10.835565 -13.285038 -0.847225 0.826793 0.308668 -3.482090 -1.658919 6.645229 -0.611677 7.492548 6.583250 -2.165798 -0.934170 -5.805582 3.215556 1.147881 7.453306 -4.663290 -2.033978 12.731237 -1.979913 -7.444462 4.975131 24.485221 6.422040 15.373615 46.061636 -13.441360 14.863743 1.658648 -17.263223 0.846323 1.771363 -7.411213 0.000000 0.000000 0.000000 0.000000 0.000000 0.000000 0.000000 0.000000 0.000000 0.000000 0.000000 0.000000 0.000000 0.000000 0.000000 0.000000 0.000000 0.000000 0.000000 0.000000 0.000000 0.000000 0.000000 0.000000 0.000000 0.000000 0.000000 0.000000 0.000000 0.000000 0.000000 0.000000 0.000000 0.000000 0.000000 0.000000 0.000000 0.000000 0.000000 0.000000 0.000000 0.000000 -0.479920 -12.871232 2.491583 25.654435 -48.732422 29.672659 6.575750 1.179294 32.412046 -13.993571 1.136001 6.955610 0.000000 0.000000 0.000000 0.000000 0.000000 0.000000 0.000000 0.000000 0.000000 0.000000 0.000000 0.000000 0.000000 0.000000 0.000000 0.000000 0.000000 0.000000 0.000000 0.000000 0.000000 0.000000 0.000000 0.000000 0.000000 0.000000 0.000000 0.000000 0.000000 0.000000 0.000000 0.000000 0.000000 0.000000 0.000000 0.000000 0.000000 0.000000 0.000000 0.000000 0.000000 0.000000
-0.005582 0.989775 1.024944 -3.311892 1.795543 -6.019034 -20.587017 3.949434 -4.795921 13.681493 1.921858 -2.027740 -0.072678 2.074887 11.055169 1.735778 -4.917628 0.233027 12.577136 -1.381657 0.034538 26.069859 2.162124 10.151138 -5.557896 -2.998206 -0.715773 0.425879 -3.675228 -1.489954 5.655322 0.443285 7.218322 6.610919 -2.355276 -1.011605 -5.977546 3.727423 1.091659 7.449546 -5.099875 -2.161440 12.922422 -1.821511 -7.363409 5.653825 24.190866 6.362340 15.161409 45.992007 -13.981556 13.771236 1.679710 -16.476395 1.223893 1.647097 -7.072414 0.000000 0.000000 0.000000 0.000000 0.000000 0.000000 0.000000 0.000000 0.000000 0.000000 0.000000 0.000000 0.000000 0.000000 0.000000 0.000000 0.000000 0.000000 0.000000 0.000000 0.000000 0.000000 0.000000 0.000000 0.000000 0.000000 0.000000 0.000000 0.000000 0.000000 0.000000 0.000000 0.000000 0.000000 0.000000 0.000000 0.000000 0.000000 0.000000 0.000000 0.000000 0.000000 0.101022 -13.141152 2.154221 27.222119 -49.448899 30.460854 6.004939 1.122132 31.772501 -13.446679 1.040367 6.670874 0.000000 0.000000 0.000000 0.000000 0.000000 0.000000 0.000000 0.000000 0.000000 0.000000 0.000000 0.000000 0.000000 0.000000 0.000000 0.000000 0.000000 0.000000 0.000000 0.000000 0.000000 0.000000 0.000000 0.000000 0.000000 0.000000 0.000000 0.000000 0.000000 0.000000 0.000000 0.000000 0.000000 0.000000 0.000000 0.000000 0.000000 0.000000 0.000000 0.000000 0.000000 0.000000
-0.002602 1.014970 1.025413 -2.790954 0.585635 -5.599544 -19.453807 5.683913 -5.584370 15.637248 2.609498 -2.567826 -0.474460 0.262472 12.013533 1.155743 -6.138315 0.062543 7.237312 0.427067 0.884035 36.894808 1.705850 8.824228 1.455326 -5.351180 -0.503007 0.636410 -4.157833 -1.325318 5.417898 1.401666 6.590604 6.069678 -2.416759 -1.161242 -5.542892 4.243929 1.074555 7.371244 -5.112260 -2.440155 12.928351 -1.633986 -7.388860 5.962188 23.350278 5.751381 15.141762 46.261930 -15.159601 12.976303 1.723620 -15.901182 1.698480 2.079345 -6.838900 0.000000 0.000000 0.000000 0.000000 0.000000 0.000000 0.000000 0.000000 0.000000 0.000000 0.000000 0.000000 0.000000 0.000000 0.000000 0.000000 0.000000 0.000000 0.000000 0.000000 0.000000 0.000000 0.000000 0.000000 0.000000 0.000000 0.000000 0.000000 0.000000 0.000000 0.000000 0.000000 0.000000 0.000000 0.000000 0.000000 0.000000 0.000000 0.000000 0.000000 0.000000 0.000000 0.249114 -13.150598 2.074568 29.083728 -50.491669 31.223908 5.364273 0.981085 30.636642 -12.318134 0.491975 6.169466 0.000000 0.000000 0.000000 0.000000 0.000000 0.000000 0.000000 0.000000 0.000000 0.000000 0.000000 0.000000 0.000000 0.000000 0.000000 0.000000 0.000000 0.000000 0.000000 0.000000 0.000000 0.000000 0.000000 0.000000 0.000000 0.000000 0.000000 0.000000 0.000000 0.000000 0.000000 0.000000 0.000000 0.000000 0.000000 0.000000 0.000000 0.000000 0.000000 0.000000 0.000000 0.000000
0.001049 1.034382 1.027407 -2.957202 -0.575728 -5.286257 -16.976440 7.214901 -5.950561 15.793998 2.989695 -3.725015 -1.146763 -1.392582 12.851252 0.520850 -7.255882 -0.031891 1.597716 1.725350 1.764255 46.830261 1.307749 7.666311 6.539283 -6.361211 -0.460733 0.770854 -4.808228 -1.207649 5.615061 2.135727 5.605934 5.117208 -2.404274 -1.297360 -4.393192 4.768544 0.977677 7.066347 -5.097676 -2.446503 12.695777 -1.406567 -7.611723 5.716924 22.381947 5.151360 15.314287 46.392685 -16.490993 12.610065 1.714424 -15.678931 1.901691 2.167283 -6.616042 0.000000 0.000000 0.000000 0.000000 0.000000 0.000000 0.000000 0.000000 0.000000 0.000000 0.000000 0.000000 0.000000 0.000000 0.000000 0.000000 0.000000 0.000000 0.000000 0.000000 0.000000 0.000000 0.000000 0.000000 0.000000 0.000000 0.000000 0.000000 0.000000 0.000000 0.000000 0.000000 0.000000 0.000000 0.000000 0.000000 0.000000 0.000000 0.000000 0.000000 0.000000 0.000000 -0.210841 -13.210852 1.987075 31.035117 -51.420902 32.031868 4.863963 0.638354 29.548260 -11.193339 0.260467 5.534613 0.000000 0.000000 0.000000 0.000000 0.000000 0.000000 0.000000 0.000000 0.000000 0.000000 0.000000 0.000000 0.000000 0.000000 0.000000 0.000000 0.000000 0.000000 0.000000 0.000000 0.000000 0.000000 0.000000 0.000000 0.000000 0.000000 0.000000 0.000000 0.000000 0.000000 0.000000 0.000000 0.000000 0.000000 0.000000 0.000000 0.000000 0.000000 0.000000 0.000000 0.000000 0.000000
0.003046 1.048283 1.030701 -3.873619 -1.237851 -4.641301 -13.127231 8.180886 -5.808442 14.398221 2.875267 -5.579391 -2.271202 -2.513282 13.321102 0.282474 -7.864204 -0.065759 -3.856224 2.259654 2.440645 54.393232 0.725100 6.476171 6.543863 -5.447265 -1.798312 0.970726 -4.871189 -1.154269 5.870562 2.566923 4.359633 4.788845 -2.752705 -1.546591 -3.851476 5.227200 0.864215 7.099276 -4.849552 -2.337676 12.430622 -1.216807 -7.418306 5.582531 21.700178 4.299870 15.557915 46.270696 -18.236573 12.393970 1.697270 -15.558436 2.044836 1.767950 -6.567484 0.000000 0.000000 0.000000 0.000000 0.000000 0.000000 0.000000 0.000000 0.000000 0.000000 0.000000 0.000000 0.000000 0.000000 0.000000 0.000000 0.000000 0.000000 0.000000 0.000000 0.000000 0.000000 0.000000 0.000000 0.000000 0.000000 0.000000 0.000000 0.000000 0.000000 0.000000 0.000000 0.000000 0.000000 0.000000 0.000000 0.000000 0.000000 0.000000 0.000000 0.000000 0.000000 -0.274466 -13.625343 1.858632 32.024082 -51.909438 32.034798 4.747069 0.310098 28.582100 -10.286193 -0.120016 5.270450 0.000000 0.000000 0.000000 0.000000 0.000000 0.000000 0.000000 0.000000 0.000000 0.000000 0.000000 0.000000 0.000000 0.000000 0.000000 0.000000 0.000000 0.000000 0.000000 0.000000 0.000000 0.000000 0.000000 0.000000 0.000000 0.000000 0.000000 0.000000 0.000000 0.000000 0.000000 0.000000 0.000000 0.000000 0.000000 0.000000 0.000000 0.000000 0.000000 0.000000 0.000000 0.000000
0.001708 1.058532 1.035254 -5.219001 -1.191957 -3.776418 -7.888720 8.543916 -5.280909 11.821583 2.016420 -8.268479 -4.022036 -2.736747 13.336450 0.453628 -8.162358 -0.012254 -9.500061 1.771385 3.439626 59.186482 -0.291359 5.290023 2.739208 -3.333635 -3.995480 1.183203 -4.542659 -1.067780 6.413613 2.823207 2.737407 4.790425 -3.636712 -2.148658 -3.936383 5.458420 0.638113 7.379015 -4.548559 -2.205494 12.483045 -0.648860 -7.520638 5.593090 21.184502 3.193518 15.985674 46.181072 -20.363551 12.880639 1.337741 -16.039995 2.833812 1.556206 -6.332622 0.000000 0.000000 0.000000 0.000000 0.000000 0.000000 0.000000 0.000000 0.000000 0.000000 0.000000 0.000000 0.000000 0.000000 0.000000 0.000000 0.000000 0.000000 0.000000 0.000000 0.000000 0.000000 0.000000 0.000000 0.000000 0.000000 0.000000 0.000000 0.000000 0.000000 0.000000 0.000000 0.000000 0.000000 0.000000 0.000000 0.000000 0.000000 0.000000 0.000000 0.000000 0.000000 -0.029111 -14.563114 1.809258 31.910234 -51.757342 31.062771 5.310776 0.001829 27.378196 -9.206837 -1.171711 4.874608 0.000000 0.000000 0.000000 0.000000 0.000000 0.000000 0.000000 0.000000 0.000000 0.000000 0.000000 0.000000 0.000000 0.000000 0.000000 0.000000 0.000000 0.000000 0.000000 0.000000 0.000000 0.000000 0.000000 0.000000 0.000000 0.000000 0.000000 0.000000 0.000000 0.000000 0.000000 0.000000 0.000000 0.000000 0.000000 0.000000 0.000000 0.000000 0.000000 0.000000 0.000000 0.000000
-0.000886 1.068578 1.039487 -6.242690 -0.801743 -2.986365 -2.729716 8.398299 -4.653008 8.701629 1.180203 -10.863118 -5.940398 -2.362914 12.585977 0.809635 -8.127845 0.069205 -14.078418 1.016096 4.306445 60.185582 -1.272882 4.235327 -1.028891 -1.941452 -5.498717 1.309386 -4.011073 -1.014478 7.144758 2.696766 1.264149 4.720954 -4.243030 -2.562198 -4.010380 5.427520 0.411402 7.307542 -4.135657 -2.406213 12.264339 -0.372625 -7.738287 5.473933 20.685551 2.355472 16.337653 46.120475 -22.430461 12.781149 0.904781 -16.729126 3.319703 0.985859 -6.501287 0.000000 0.000000 0.000000 0.000000 0.000000 0.000000 0.000000 0.000000 0.000000 0.000000 0.000000 0.000000 0.000000 0.000000 0.000000 0.000000 0.000000 0.000000 0.000000 0.000000 0.000000 0.000000 0.000000 0.000000 0.000000 0.000000 0.000000 0.000000 0.000000 0.000000 0.000000 0.000000 0.000000 0.000000 0.000000 0.000000 0.000000 0.000000 0.000000 0.000000 0.000000 0.000000 0.097224 -15.050997 1.722127 31.884904 -51.745120 30.256455 6.054282 -0.185208 26.334572 -8.385752 -1.491916 5.035610 0.000000 0.000000 0.000000 0.000000 0.000000 0.000000 0.000000 0.000000 0.000000 0.000000 0.000000 0.000000 0.000000 0.000000 0.000000 0.000000 0.000000 0.000000 0.000000 0.000000 0.000000 0.000000 0.000000 0.000000 0.000000 0.000000 0.000000 0.000000 0.000000 0.000000 0.000000 0.000000 0.000000 0.000000 0.000000 0.000000 0.000000 0.000000 0.000000 0.000000 0.000000 0.000000
-0.003358 1.080622 1.042342 -6.695420 -0.282129 -1.917063 1.376258 7.816019 -4.015366 6.483559 0.580827 -13.022300 -7.355361 -1.829708 11.680474 1.145230 -7.896245 0.077654 -18.091586 0.135097 4.907146 57.615628 -2.266139 2.688375 -3.527817 -1.390428 -6.770398 1.467442 -3.412060 -0.932334 7.990522 2.293911 -0.043009 4.575775 -4.804165 -2.925862 -4.340767 5.050549 0.090692 7.162534 -3.686453 -2.936958 11.974291 -0.495570 -7.731657 5.528898 20.130771 1.431856 16.641824 46.060479 -24.803140 12.524846 0.665252 -17.213075 3.106855 0.402413 -6.919036 0.000000 0.000000 0.000000 0.000000 0.000000 0.000000 0.000000 0.000000 0.000000 0.000000 0.000000 0.000000 0.000000 0.000000 0.000000 0.000000 0.000000 0.000000 0.000000 0.000000 0.000000 0.000000 0.000000 0.000000 0.000000 0.000000 0.000000 0.000000 0.000000 0.000000 0.000000 0.000000 0.000000 0.000000 0.000000 0.000000 0.000000 0.000000 0.000000 0.000000 0.000000 0.000000 0.418090 -15.234328 1.533619 31.573820 -51.744371 29.028084 6.610907 -0.234544 25.559497 -8.058043 -1.779008 5.304105 0.000000 0.000000 0.000000 0.000000 0.000000 0.000000 0.000000 0.000000 0.000000 0.000000 0.000000 0.000000 0.000000 0.000000 0.000000 0.000000 0.000000 0.000000 0.000000 0.000000 0.000000 0.000000 0.000000 0.000000 0.000000 0.000000 0.000000 0.000000 0.000000 0.000000 0.000000 0.000000 0.000000 0.000000 0.000000 0.000000 0.000000 0.000000 0.000000 0.000000 0.000000 0.000000
-0.003706 1.091806 1.043042 -7.076638 0.027806 -0.980160 4.821939 7.331435 -3.343528 5.172828 0.095649 -14.880635 -8.889500 -1.442252 10.826846 1.486964 -7.412138 0.045305 -21.253897 -0.508797 5.388527 52.444432 -2.688780 1.000262 -4.937297 -1.667652 -7.838085 1.582711 -2.635043 -0.819001 8.869228 2.042869 -1.116883 4.520871 -5.346207 -3.312492 -5.018622 4.649581 -0.171740 7.123561 -3.297820 -3.522271 11.832322 -0.718734 -7.522725 5.716610 19.528073 0.672988 16.807889 45.894102 -27.037676 12.137098 0.530867 -18.022697 2.915027 -0.392750 -7.488084 0.000000 0.000000 0.000000 0.000000 0.000000 0.000000 0.000000 0.000000 0.000000 0.000000 0.000000 0.000000 0.000000 0.000000 0.000000 0.000000 0.000000 0.000000 0.000000 0.000000 0.000000 0.000000 0.000000 0.000000 0.000000 0.000000 0.000000 0.000000 0.000000 0.000000 0.000000 0.000000 0.000000 0.000000 0.000000 0.000000 0.000000 0.000000 0.000000 0.000000 0.000000 0.000000 1.014275 -15.328521 1.203858 31.152566 -51.489188 27.941220 6.829159 -0.668556 24.872929 -7.789780 -1.822222 5.663885 0.000000 0.000000 0.000000 0.000000 0.000000 0.000000 0.000000 0.000000 0.000000 0.000000 0.000000 0.000000 0.000000 0.000000 0.000000 0.000000 0.000000 0.000000 0.000000 0.000000 0.000000 0.000000 0.000000 0.000000 0.000000 0.000000 0.000000 0.000000 0.000000 0.000000 0.000000 0.000000 0.000000 0.000000 0.000000 0.000000 0.000000 0.000000 0.000000 0.000000 0.000000 0.000000
-0.004721 1.103018 1.041500 -7.182086 0.555042 0.293004 7.539724 6.434802 -2.822187 4.766300 -0.231148 -16.696148 -10.691546 -1.377401 9.922943 1.665783 -6.690442 -0.064645 -23.468920 -1.226560 5.770571 43.515877 -2.892178 -0.871524 -4.557793 -2.968524 -8.765369 1.731415 -1.860844 -0.627207 9.386618 1.897956 -2.094982 4.427852 -5.979016 -3.652513 -5.752983 4.131402 -0.455738 6.811687 -2.966557 -4.640473 11.578747 -1.160615 -7.801616 5.858765 18.724112 -0.020344 17.062708 45.500063 -29.247839 11.463733 0.341294 -19.878989 2.424248 -1.358667 -8.177070 0.000000 0.000000 0.000000 0.000000 0.000000 0.000000 0.000000 0.000000 0.000000 0.000000 0.000000 0.000000 0.000000 0.000000 0.000000 0.000000 0.000000 0.000000 0.000000 0.000000 0.000000 0.000000 0.000000 0.000000 0.000000 0.000000 0.000000 0.000000 0.000000 0.000000 0.000000 0.000000 0.000000 0.000000 0.000000 0.000000 0.000000 0.000000 0.000000 0.000000 0.000000 0.000000 1.795929 -15.709888 0.584886 30.763428 -50.855110 26.491233 6.515604 -1.233697 24.515653 -7.286918 -1.938386 6.100592 0.000000 0.000000 0.000000 0.000000 0.000000 0.000000 0.000000 0.000000 0.000000 0.000000 0.000000 0.000000 0.000000 0.000000 0.000000 0.000000 0.000000 0.000000 0.000000 0.000000 0.000000 0.000000 0.000000 0.000000 0.000000 0.000000 0.000000 0.000000 0.000000 0.000000 0.000000 0.000000 0.000000 0.000000 0.000000 0.000000 0.000000 0.000000 0.000000 0.000000 0.000000 0.000000
-0.001365 1.111162 1.038739 -7.802824 0.421613 1.055957 10.713381 5.947639 -2.127798 3.728318 -0.306927 -17.958190 -12.319019 -1.311610 8.868629 1.840056 -6.107369 -0.062073 -24.462180 -1.357624 5.964271 34.097807 -2.511416 -2.212518 -3.794955 -4.605823 -9.066873 1.764923 -1.395256 -0.470847 9.890173 2.058050 -2.849539 4.455707 -6.421191 -3.961926 -6.199282 3.716503 -0.745398 6.432170 -2.817229 -5.504055 10.996632 -1.697746 -8.077211 5.908275 18.048355 -0.584773 16.774486 45.219110 -30.658591 10.783757 0.110536 -21.381063 1.675211 -1.923707 -8.518650 0.000000 0.000000 0.000000 0.000000 0.000000 0.000000 0.000000 0.000000 0.000000 0.000000 0.000000 0.000000 0.000000 0.000000 0.000000 0.000000 0.000000 0.000000 0.000000 0.000000 0.000000 0.000000 0.000000 0.000000 0.000000 0.000000 0.000000 0.000000 0.000000 0.000000 0.000000 0.000000 0.000000 0.000000 0.000000 0.000000 0.000000 0.000000 0.000000 0.000000 0.000000 0.000000 2.277245 -15.846156 0.213778 30.420927 -50.456807 25.494107 5.807297 -1.876821 24.052939 -6.912350 -1.949767 5.885038 0.000000 0.000000 0.000000 0.000000 0.000000 0.000000 0.000000 0.000000 0.000000 0.000000 0.000000 0.000000 0.000000 0.000000 0.000000 0.000000 0.000000 0.000000 0.000000 0.000000 0.000000 0.000000 0.000000 0.000000 0.000000 0.000000 0.000000 0.000000 0.000000 0.000000 0.000000 0.000000 0.000000 0.000000 0.000000 0.000000 0.000000 0.000000 0.000000 0.000000 0.000000 0.000000
0.003374 1.119077 1.035102 -8.719177 0.157132 1.897267 13.732506 5.449764 -1.275864 3.157652 -0.372878 -19.074950 -14.301034 -1.408977 7.745718 1.934552 -5.481224 0.000465 -24.242652 -1.310850 5.653290 23.123589 -1.655193 -3.045278 -2.620419 -6.598946 -9.171155 1.778710 -1.004088 -0.424037 10.162923 2.369375 -3.273658 4.597550 -6.795385 -4.278185 -6.434881 3.365056 -1.007513 5.965833 -2.648626 -6.275011 10.899953 -2.214408 -8.005362 5.919476 17.561949 -1.022354 16.280755 44.896309 -31.697952 10.273561 -0.106380 -22.715501 1.283341 -2.652634 -8.885132 0.000000 0.000000 0.000000 0.000000 0.000000 0.000000 0.000000 0.000000 0.000000 0.000000 0.000000 0.000000 0.000000 0.000000 0.000000 0.000000 0.000000 0.000000 0.000000 0.000000 0.000000 0.000000 0.000000 0.000000 0.000000 0.000000 0.000000 0.000000 0.000000 0.000000 0.000000 0.000000 0.000000 0.000000 0.000000 0.000000 0.000000 0.000000 0.000000 0.000000 0.000000 0.000000 2.522519 -15.929713 -0.197991 30.250498 -50.150472 24.705441 5.210088 -2.353520 23.683862 -6.301196 -2.008475 5.583253 0.000000 0.000000 0.000000 0.000000 0.000000 0.000000 0.000000 0.000000 0.000000 0.000000 0.000000 0.000000 0.000000 0.000000 0.000000 0.000000 0.000000 0.000000 0.000000 0.000000 0.000000 0.000000 0.000000 0.000000 0.000000 0.000000 0.000000 0.000000 0.000000 0.000000 0.000000 0.000000 0.000000 0.000000 0.000000 0.000000 0.000000 0.000000 0.000000 0.000000 0.000000 0.000000
0.009075 1.129027 1.030988 -9.625997 -0.185827 2.748253 16.573787 5.052670 -0.361470 2.958419 -0.605003 -20.095783 -16.510445 -1.568916 6.747170 2.037520 -4.930781 0.070593 -23.554494 -1.252595 5.124854 13.245543 -0.562570 -3.522703 -1.687733 -8.428119 -9.234077 1.851902 -0.639149 -0.445615 10.317782 2.670590 -3.622093 4.642908 -7.040577 -4.572665 -6.377973 3.137256 -1.264941 5.448254 -2.584010 -7.076112 10.971834 -2.490397 -8.116908 5.685015 17.254953 -1.251069 15.665662 44.611488 -32.245673 9.951418 -0.332260 -24.044950 1.303657 -3.414822 -9.128337 0.000000 0.000000 0.000000 0.000000 0.000000 0.000000 0.000000 0.000000 0.000000 0.000000 0.000000 0.000000 0.000000 0.000000 0.000000 0.000000 0.000000 0.000000 0.000000 0.000000 0.000000 0.000000 0.000000 0.000000 0.000000 0.000000 0.000000 0.000000 0.000000 0.000000 0.000000 0.000000 0.000000 0.000000 0.000000 0.000000 0.000000 0.000000 0.000000 0.000000 0.000000 0.000000 2.411400 -16.127476 -0.586964 30.130245 -49.896124 24.019822 4.866578 -2.695765 23.225981 -5.438730 -1.983331 5.244087 0.000000 0.000000 0.000000 0.000000 0.000000 0.000000 0.000000 0.000000 0.000000 0.000000 0.000000 0.000000 0.000000 0.000000 0.000000 0.000000 0.000000 0.000000 0.000000 0.000000 0.000000 0.000000 0.000000 0.000000 0.000000 0.000000 0.000000 0.000000 0.000000 0.000000 0.000000 0.000000 0.000000 0.000000 0.000000 0.000000 0.000000 0.000000 0.000000 0.000000 0.000000 0.000000
0.014258 1.143792 1.026570 -10.069930 -0.396112 3.695095 19.287835 4.570227 0.617576 2.875779 -0.912982 -20.802320 -18.659590 -1.733570 6.074651 2.090324 -4.475461 0.067427 -23.212554 -1.432975 4.548774 6.828591 0.170976 -3.864975 -1.338112 -9.574214 -9.341482 1.927471 -0.299342 -0.452938 10.168545 2.763141 -4.006519 4.665182 -7.279789 -4.901745 -6.195913 3.055417 -1.481153 5.097885 -2.552433 -7.737734 10.748276 -2.669677 -8.260749 5.483695 17.242475 -1.544277 15.009273 44.257195 -32.240821 9.928039 -0.536362 -25.224200 1.763329 -4.030971 -9.477888 0.000000 0.000000 0.000000 0.000000 0.000000 0.000000 0.000000 0.000000 0.000000 0.000000 0.000000 0.000000 0.000000 0.000000 0.000000 0.000000 0.000000 0.000000 0.000000 0.000000 0.000000 0.000000 0.000000 0.000000 0.000000 0.000000 0.000000 0.000000 0.000000 0.000000 0.000000 0.000000 0.000000 0.000000 0.000000 0.000000 0.000000 0.000000 0.000000 0.000000 0.000000 0.000000 2.194282 -16.504835 -0.924259 29.818231 -49.649552 23.081406 4.680034 -2.771165 22.968908 -4.574322 -2.026178 5.088957 0.000000 0.000000 0.000000 0.000000 0.000000 0.000000 0.000000 0.000000 0.000000 0.000000 0.000000 0.000000 0.000000 0.000000 0.000000 0.000000 0.000000 0.000000 0.000000 0.000000 0.000000 0.000000 0.000000 0.000000 0.000000 0.000000 0.000000 0.000000 0.000000 0.000000 0.000000 0.000000 0.000000 0.000000 0.000000 0.000000 0.000000 0.000000 0.000000 0.000000 0.000000 0.000000
0.017225 1.166998 1.021753 -9.512250 -0.231978 4.709794 20.832531 3.865879 1.003234 4.400486 -1.437488 -21.580390 -20.636002 -1.995829 6.000111 1.867223 -4.535104 -0.021754 -23.527314 -1.913688 4.458363 6.280575 0.274712 -4.081453 -1.278889 -9.250190 -9.821742 1.891050 -0.142171 -0.376453 9.627213 2.381359 -4.295382 4.631956 -7.385688 -5.174010 -5.956365 3.114048 -1.672847 4.860596 -2.615441 -8.407312 10.427350 -2.725701 -8.555813 5.382475 17.440645 -1.638117 14.859730 44.089659 -32.392850 9.953744 -1.042355 -25.998995 2.550878 -4.198509 -9.835084 0.000000 0.000000 0.000000 0.000000 0.000000 0.000000 0.000000 0.000000 0.000000 0.000000 0.000000 0.000000 0.000000 0.000000 0.000000 0.000000 0.000000 0.000000 0.000000 0.000000 0.000000 0.000000 0.000000 0.000000 0.000000 0.000000 0.000000 0.000000 0.000000 0.000000 0.000000 0.000000 0.000000 0.000000 0.000000 0.000000 0.000000 0.000000 0.000000 0.000000 0.000000 0.000000 2.015405 -16.879004 -1.188772 29.490271 -49.494657 22.177390 4.603793 -2.749474 22.437628 -4.042184 -2.200383 5.114535 0.000000 0.000000 0.000000 0.000000 0.000000 0.000000 0.000000 0.000000 0.000000 0.000000 0.000000 0.000000 0.000000 0.000000 0.000000 0.000000 0.000000 0.000000 0.000000 0.000000 0.000000 0.000000 0.000000 0.000000 0.000000 0.000000 0.000000 0.000000 0.000000 0.000000 0.000000 0.000000 0.000000 0.000000 0.000000 0.000000 0.000000 0.000000 0.000000 0.000000 0.000000 0.000000
0.018998 1.195353 1.017828 -8.390753 0.178385 5.458894 21.560989 2.864009 1.128148 7.225277 -1.821512 -22.002267 -20.761771 -1.559690 6.361776 1.669964 -4.824831 -0.101694 -24.232708 -2.649375 4.760592 9.840798 -0.170601 -4.189245 -0.950978 -7.961178 -10.229066 1.741668 -0.068027 -0.222382 8.861984 1.687069 -4.543426 4.537218 -7.419611 -5.317553 -5.850736 3.229272 -1.813943 4.784413 -2.652010 -8.892164 10.386619 -2.570880 -8.925464 5.425310 17.948074 -1.552810 14.897046 44.250257 -32.101192 9.890377 -1.577096 -26.277066 2.787463 -3.873756 -10.158646 0.000000 0.000000 0.000000 0.000000 0.000000 0.000000 0.000000 0.000000 0.000000 0.000000 0.000000 0.000000 0.000000 0.000000 0.000000 0.000000 0.000000 0.000000 0.000000 0.000000 0.000000 0.000000 0.000000 0.000000 0.000000 0.000000 0.000000 0.000000 0.000000 0.000000 0.000000 0.000000 0.000000 0.000000 0.000000 0.000000 0.000000 0.000000 0.000000 0.000000 0.000000 0.000000 1.968868 -17.356119 -1.270879 28.964167 -49.217448 21.292953 4.948816 -2.612264 21.738992 -3.811416 -2.447208 5.164601 0.000000 0.000000 0.000000 0.000000 0.000000 0.000000 0.000000 0.000000 0.000000 0.000000 0.000000 0.000000 0.000000 0.000000 0.000000 0.000000 0.000000 0.000000 0.000000 0.000000 0.000000 0.000000 0.000000 0.000000 0.000000 0.000000 0.000000 0.000000 0.000000 0.000000 0.000000 0.000000 0.000000 0.000000 0.000000 0.000000 0.000000 0.000000 0.000000 0.000000 0.000000 0.000000
0.018764 1.225876 1.016050 -7.068943 1.042037 5.812425 20.705285 1.477628 0.990426 13.182762 -2.355520 -22.140700 -18.278265 0.001904 6.829509 1.571749 -5.065319 -0.198777 -25.337586 -3.817705 5.301183 15.738913 -1.098605 -4.244481 -0.057161 -6.336697 -10.201836 1.573988 -0.029230 -0.050515 7.998426 0.633160 -4.818866 4.336182 -7.392318 -5.220788 -5.765189 3.343001 -1.960363 4.879625 -2.840023 -9.260499 10.378611 -2.222967 -9.052173 5.525341 18.708581 -0.875829 15.273583 44.588200 -31.502916 9.827741 -2.010175 -26.473288 2.465289 -3.404899 -10.271863 0.000000 0.000000 0.000000 0.000000 0.000000 0.000000 0.000000 0.000000 0.000000 0.000000 0.000000 0.000000 0.000000 0.000000 0.000000 0.000000 0.000000 0.000000 0.000000 0.000000 0.000000 0.000000 0.000000 0.000000 0.000000 0.000000 0.000000 0.000000 0.000000 0.000000 0.000000 0.000000 0.000000 0.000000 0.000000 0.000000 0.000000 0.000000 0.000000 0.000000 0.000000 0.000000 2.070262 -17.873105 -1.486010 28.259053 -48.687280 20.495403 5.585929 -2.699045 21.081967 -3.855590 -2.725230 5.142442 0.000000 0.000000 0.000000 0.000000 0.000000 0.000000 0.000000 0.000000 0.000000 0.000000 0.000000 0.000000 0.000000 0.000000 0.000000 0.000000 0.000000 0.000000 0.000000 0.000000 0.000000 0.000000 0.000000 0.000000 0.000000 0.000000 0.000000 0.000000 0.000000 0.000000 0.000000 0.000000 0.000000 0.000000 0.000000 0.000000 0.000000 0.000000 0.000000 0.000000 0.000000 0.000000
0.018305 1.253388 1.017736 -6.225350 2.048637 5.579772 18.665810 -0.151899 0.926216 21.326783 -2.592615 -21.703413 -12.247331 3.170585 6.405603 1.798806 -5.091999 -0.143354 -25.733014 -5.282397 5.577857 21.069273 -2.026344 -4.307125 0.481847 -4.145653 -9.904647 1.472462 -0.224689 -0.065422 7.381336 -0.514630 -5.057304 3.855275 -7.090913 -4.918368 -5.169898 3.336231 -2.161283 4.897054 -3.068696 -9.251520 10.452128 -1.851123 -9.028881 5.456369 19.355724 -0.233300 15.474152 45.312093 -30.495170 9.925589 -2.316059 -25.841688 1.681462 -2.629620 -10.159041 0.000000 0.000000 0.000000 0.000000 0.000000 0.000000 0.000000 0.000000 0.000000 0.000000 0.000000 0.000000 0.000000 0.000000 0.000000 0.000000 0.000000 0.000000 0.000000 0.000000 0.000000 0.000000 0.000000 0.000000 0.000000 0.000000 0.000000 0.000000 0.000000 0.000000 0.000000 0.000000 0.000000 0.000000 0.000000 0.000000 0.000000 0.000000 0.000000 0.000000 0.000000 0.000000 2.203170 -18.069563 -1.201149 27.653098 -48.468623 20.133475 6.173510 -2.729586 20.525539 -5.009645 -3.314025 4.784932 0.000000 0.000000 0.000000 0.000000 0.000000 0.000000 0.000000 0.000000 0.000000 0.000000 0.000000 0.000000 0.000000 0.000000 0.000000 0.000000 0.000000 0.000000 0.000000 0.000000 0.000000 0.000000 0.000000 0.000000 0.000000 0.000000 0.000000 0.000000 0.000000 0.000000 0.000000 0.000000 0.000000 0.000000 0.000000 0.000000 0.000000 0.000000 0.000000 0.000000 0.000000 0.000000
0.018090 1.276857 1.022339 -5.933320 2.972119 5.042040 14.625988 -1.956035 0.804334 31.918377 -2.411426 -19.787091 -3.864331 6.868694 4.977668 2.123266 -4.681852 -0.021965 -24.678345 -6.802084 5.535626 23.691697 -2.610790 -4.335395 0.702932 -1.760035 -9.471696 1.433011 -0.576709 -0.290935 7.192795 -1.602485 -5.014528 3.183422 -6.582650 -4.695142 -4.104786 3.036391 -2.377763 4.537874 -3.264519 -9.560215 10.692067 -1.751625 -8.866016 5.040536 19.771051 0.302253 15.867974 46.301747 -29.477170 10.421781 -2.494331 -24.861740 0.916246 -1.844085 -9.877059 0.000000 0.000000 0.000000 0.000000 0.000000 0.000000 0.000000 0.000000 0.000000 0.000000 0.000000 0.000000 0.000000 0.000000 0.000000 0.000000 0.000000 0.000000 0.000000 0.000000 0.000000 0.000000 0.000000 0.000000 0.000000 0.000000 0.000000 0.000000 0.000000 0.000000 0.000000 0.000000 0.000000 0.000000 0.000000 0.000000 0.000000 0.000000 0.000000 0.000000 0.000000 0.000000 1.927127 -17.777540 -0.800427 27.363554 -48.570402 20.023016 6.548194 -2.759758 20.660915 -6.858348 -3.789538 4.329377 0.000000 0.000000 0.000000 0.000000 0.000000 0.000000 0.000000 0.000000 0.000000 0.000000 0.000000 0.000000 0.000000 0.000000 0.000000 0.000000 0.000000 0.000000 0.000000 0.000000 0.000000 0.000000 0.000000 0.000000 0.000000 0.000000 0.000000 0.000000 0.000000 0.000000 0.000000 0.000000 0.000000 0.000000 0.000000 0.000000 0.000000 0.000000 0.000000 0.000000 0.000000 0.000000
0.016988 1.297493 1.028628 -5.850742 3.887514 4.422879 8.935029 -3.354638 0.307995 42.943518 -2.052267 -16.503793 3.972196 9.191320 4.170853 2.196025 -4.152278 -0.033908 -22.542907 -8.359219 5.364629 24.887506 -2.870475 -3.930495 -0.125537 0.685854 -8.604196 1.270431 -0.819390 -0.532077 7.350636 -2.632918 -4.489962 2.822282 -6.069279 -4.499536 -3.358234 2.720551 -2.518814 3.957352 -3.522682 -9.949548 10.935741 -1.873249 -8.854748 4.588177 20.005598 0.634668 16.474123 47.173060 -28.714015 11.365679 -2.451111 -23.555423 0.285601 -1.052363 -9.252963 0.000000 0.000000 0.000000 0.000000 0.000000 0.000000 0.000000 0.000000 0.000000 0.000000 0.000000 0.000000 0.000000 0.000000 0.000000 0.000000 0.000000 0.000000 0.000000 0.000000 0.000000 0.000000 0.000000 0.000000 0.000000 0.000000 0.000000 0.000000 0.000000 0.000000 0.000000 0.000000 0.000000 0.000000 0.000000 0.000000 0.000000 0.000000 0.000000 0.000000 0.000000 0.000000 1.497595 -17.282607 -0.283939 27.204153 -48.642243 20.269787 6.911926 -2.535824 21.171946 -8.630133 -3.656340 4.084489 0.000000 0.000000 0.000000 0.000000 0.000000 0.000000 0.000000 0.000000 0.000000 0.000000 0.000000 0.000000 0.000000 0.000000 0.000000 0.000000 0.000000 0.000000 0.000000 0.000000 0.000000 0.000000 0.000000 0.000000 0.000000 0.000000 0.000000 0.000000 0.000000 0.000000 0.000000 0.000000 0.000000 0.000000 0.000000 0.000000 0.000000 0.000000 0.000000 0.000000 0.000000 0.000000
0.017081 1.314138 1.035819 -6.101377 4.342279 3.582306 3.405712 -4.163359 -0.284848 51.093458 -1.400104 -12.951125 6.736805 9.234463 4.916994 2.093304 -3.982358 -0.092170 -19.185729 -9.536956 5.124278 24.457745 -2.638723 -3.112720 -1.544952 2.444466 -7.793094 1.138097 -1.093766 -0.658907 7.737347 -3.240232 -3.521554 2.474384 -5.609474 -4.308895 -2.912784 2.389146 -2.520757 3.569203 -3.794837 -10.383930 11.076290 -2.013462 -8.781162 4.354812 20.245364 0.940959 16.871047 47.865406 -27.755866 12.625249 -2.310119 -22.426345 -0.296137 -0.475719 -8.823680 0.000000 0.000000 0.000000 0.000000 0.000000 0.000000 0.000000 0.000000 0.000000 0.000000 0.000000 0.000000 0.000000 0.000000 0.000000 0.000000 0.000000 0.000000 0.000000 0.000000 0.000000 0.000000 0.000000 0.000000 0.000000 0.000000 0.000000 0.000000 0.000000 0.000000 0.000000 0.000000 0.000000 0.000000 0.000000 0.000000 0.000000 0.000000 0.000000 0.000000 0.000000 0.000000 1.074198 -16.835486 0.138272 26.973671 -48.649114 20.543828 7.247125 -2.340933 21.987348 -9.570626 -2.580511 4.254906 0.000000 0.000000 0.000000 0.000000 0.000000 0.000000 0.000000 0.000000 0.000000 0.000000 0.000000 0.000000 0.000000 0.000000 0.000000 0.000000 0.000000 0.000000 0.000000 0.000000 0.000000 0.000000 0.000000 0.000000 0.000000 0.000000 0.000000 0.000000 0.000000 0.000000 0.000000 0.000000 0.000000 0.000000 0.000000 0.000000 0.000000 0.000000 0.000000 0.000000 0.000000 0.000000
0.018510 1.327117 1.043812 -6.733342 4.389586 2.619489 -2.121632 -4.110233 -1.284102 56.641214 -0.517777 -10.138261 4.844028 7.711939 6.694823 2.013817 -4.106564 -0.165454 -14.828664 -10.266044 4.828382 22.337350 -1.815914 -1.881803 -2.877611 3.235924 -7.382258 1.067436 -1.422436 -0.740978 8.249343 -3.506256 -2.205376 2.196309 -5.117907 -4.114536 -2.522778 2.141187 -2.437863 3.606902 -4.071401 -10.513072 11.115294 -2.059623 -8.877770 4.217759 20.412129 1.281426 17.235473 48.283653 -26.631823 14.017567 -2.010453 -21.661243 -0.926981 0.043448 -8.869285 0.000000 0.000000 0.000000 0.000000 0.000000 0.000000 0.000000 0.000000 0.000000 0.000000 0.000000 0.000000 0.000000 0.000000 0.000000 0.000000 0.000000 0.000000 0.000000 0.000000 0.000000 0.000000 0.000000 0.000000 0.000000 0.000000 0.000000 0.000000 0.000000 0.000000 0.000000 0.000000 0.000000 0.000000 0.000000 0.000000 0.000000 0.000000 0.000000 0.000000 0.000000 0.000000 0.554508 -16.298616 0.461572 26.872691 -48.769569 20.891557 7.681806 -1.992097 22.990299 -10.152150 -1.288925 4.800075 0.000000 0.000000 0.000000 0.000000 0.000000 0.000000 0.000000 0.000000 0.000000 0.000000 0.000000 0.000000 0.000000 0.000000 0.000000 0.000000 0.000000 0.000000 0.000000 0.000000 0.000000 0.000000 0.000000 0.000000 0.000000 0.000000 0.000000 0.000000 0.000000 0.000000 0.000000 0.000000 0.000000 0.000000 0.000000 0.000000 0.000000 0.000000 0.000000 0.000000 0.000000 0.000000
0.021359 1.338586 1.052241 -7.401290 4.093309 1.550262 -7.200490 -3.670168 -2.116522 59.122750 0.757212 -7.889037 0.982358 5.460795 8.517761 1.943581 -4.271790 -0.228669 -9.841338 -10.289836 4.241403 18.804311 -0.938082 -0.572625 -3.910607 3.367338 -6.916736 0.935024 -1.904582 -0.842257 8.720293 -3.416573 -0.609287 2.122983 -4.672623 -3.898953 -2.427660 2.040641 -2.144610 4.048282 -4.330094 -10.198541 11.318451 -2.120286 -8.736353 4.309064 20.629785 1.736567 17.310062 48.423041 -25.276167 15.063142 -1.477113 -21.259221 -1.525780 0.291654 -9.192552 0.000000 0.000000 0.000000 0.000000 0.000000 0.000000 0.000000 0.000000 0.000000 0.000000 0.000000 0.000000 0.000000 0.000000 0.000000 0.000000 0.000000 0.000000 0.000000 0.000000 0.000000 0.000000 0.000000 0.000000 0.000000 0.000000 0.000000 0.000000 0.000000 0.000000 0.000000 0.000000 0.000000 0.000000 0.000000 0.000000 0.000000 0.000000 0.000000 0.000000 0.000000 0.000000 0.169224 -15.793939 0.582077 26.717969 -48.923276 21.362931 7.898860 -1.614330 24.097854 -10.498127 -0.112973 5.458635 0.000000 0.000000 0.000000 0.000000 0.000000 0.000000 0.000000 0.000000 0.000000 0.000000 0.000000 0.000000 0.000000 0.000000 0.000000 0.000000 0.000000 0.000000 0.000000 0.000000 0.000000 0.000000 0.000000 0.000000 0.000000 0.000000 0.000000 0.000000 0.000000 0.000000 0.000000 0.000000 0.000000 0.000000 0.000000 0.000000 0.000000 0.000000 0.000000 0.000000 0.000000 0.000000
0.025972 1.349698 1.059930 -7.926389 3.501426 0.323438 -11.526245 -2.896596 -2.918883 57.788449 2.096999 -6.437922 -3.178649 3.180543 9.850061 1.839095 -4.349224 -0.282836 -4.578118 -9.740760 3.378009 14.364102 -0.028366 0.860847 -4.367059 2.861965 -6.381137 0.741189 -2.430737 -0.986677 8.936786 -2.999538 1.050621 2.327489 -4.216910 -3.576239 -2.656029 2.048547 -1.778074 4.854059 -4.566222 -9.943843 11.187668 -2.332650 -8.816447 4.481697 20.871335 2.330850 17.249255 48.354048 -23.715953 15.783834 -0.823124 -21.172695 -1.905006 0.248675 -9.523533 0.000000 0.000000 0.000000 0.000000 0.000000 0.000000 0.000000 0.000000 0.000000 0.000000 0.000000 0.000000 0.000000 0.000000 0.000000 0.000000 0.000000 0.000000 0.000000 0.000000 0.000000 0.000000 0.000000 0.000000 0.000000 0.000000 0.000000 0.000000 0.000000 0.000000 0.000000 0.000000 0.000000 0.000000 0.000000 0.000000 0.000000 0.000000 0.000000 0.000000 0.000000 0.000000 -0.000594 -15.160357 0.776224 26.548032 -49.159700 21.984668 7.960665 -1.417207 25.405526 -10.973719 0.606253 6.016919 0.000000 0.000000 0.000000 0.000000 0.000000 0.000000 0.000000 0.000000 0.000000 0.000000 0.000000 0.000000 0.000000 0.000000 0.000000 0.000000 0.000000 0.000000 0.000000 0.000000 0.000000 0.000000 0.000000 0.000000 0.000000 0.000000 0.000000 0.000000 0.000000 0.000000 0.000000 0.000000 0.000000 0.000000 0.000000 0.000000 0.000000 0.000000 0.000000 0.000000 0.000000 0.000000
0.032708 1.363472 1.065383 -7.965891 2.619360 -1.143302 -14.702685 -1.903620 -3.527668 51.315847 3.283482 -4.782835 -6.213139 1.430623 10.985240 1.841812 -4.255988 -0.242441 -0.176848 -8.541320 2.252721 10.540952 0.564622 2.053139 -4.535114 1.852386 -5.595955 0.557423 -2.808262 -1.177413 9.116264 -2.243722 2.565381 2.662216 -3.750511 -3.179535 -3.061929 2.212105 -1.279709 5.488493 -4.846979 -9.663498 10.777396 -2.697873 -9.031832 4.695849 21.443502 3.040815 16.949420 47.886758 -21.912737 16.052263 -0.089137 -21.174433 -1.764458 0.171622 -9.739371 0.000000 0.000000 0.000000 0.000000 0.000000 0.000000 0.000000 0.000000 0.000000 0.000000 0.000000 0.000000 0.000000 0.000000 0.000000 0.000000 0.000000 0.000000 0.000000 0.000000 0.000000 0.000000 0.000000 0.000000 0.000000 0.000000 0.000000 0.000000 0.000000 0.000000 0.000000 0.000000 0.000000 0.000000 0.000000 0.000000 0.000000 0.000000 0.000000 0.000000 0.000000 0.000000 -0.145399 -14.526157 1.004913 26.581747 -49.566482 23.209163 7.750330 -1.123631 27.162207 -11.513325 1.189934 6.697275 0.000000 0.000000 0.000000 0.000000 0.000000 0.000000 0.000000 0.000000 0.000000 0.000000 0.000000 0.000000 0.000000 0.000000 0.000000 0.000000 0.000000 0.000000 0.000000 0.000000 0.000000 0.000000 0.000000 0.000000 0.000000 0.000000 0.000000 0.000000 0.000000 0.000000 0.000000 0.000000 0.000000 0.000000 0.000000 0.000000 0.000000 0.000000 0.000000 0.000000 0.000000 0.000000
0.036198 1.379891 1.067568 -7.805312 2.312188 -2.412961 -16.734831 -1.398076 -3.596864 42.514716 3.450477 -3.309241 -6.847730 1.532167 11.243940 1.984049 -3.962060 -0.114540 3.684782 -7.897417 1.467672 7.883053 0.904305 3.121894 -4.657092 1.201117 -4.904242 0.447042 -3.079613 -1.266938 9.393315 -1.798475 3.670278 2.955907 -3.292448 -2.731054 -3.574729 2.158747 -0.831141 5.535861 -5.071062 -9.811752 10.282771 -3.135389 -9.832192 4.736921 21.971684 3.912610 16.772505 47.714074 -19.955557 16.100203 0.457125 -21.297357 -1.522798 0.631712 -9.544779 0.000000 0.000000 0.000000 0.000000 0.000000 0.000000 0.000000 0.000000 0.000000 0.000000 0.000000 0.000000 0.000000 0.000000 0.000000 0.000000 0.000000 0.000000 0.000000 0.000000 0.000000 0.000000 0.000000 0.000000 0.000000 0.000000 0.000000 0.000000 0.000000 0.000000 0.000000 0.000000 0.000000 0.000000 0.000000 0.000000 0.000000 0.000000 0.000000 0.000000 0.000000 0.000000 -0.249390 -13.858717 1.442236 26.462038 -49.604240 24.380868 7.617946 -0.944721 28.801242 -11.953656 1.820485 7.012602 0.000000 0.000000 0.000000 0.000000 0.000000 0.000000 0.000000 0.000000 0.000000 0.000000 0.000000 0.000000 0.000000 0.000000 0.000000 0.000000 0.000000 0.000000 0.000000 0.000000 0.000000 0.000000 0.000000 0.000000 0.000000 0.000000 0.000000 0.000000 0.000000 0.000000 0.000000 0.000000 0.000000 0.000000 0.000000 0.000000 0.000000 0.000000 0.000000 0.000000 0.000000 0.000000
0.036560 1.398428 1.066042 -7.560062 2.485849 -3.483718 -17.720457 -1.161899 -3.262483 31.506095 2.614255 -2.140222 -5.676389 2.706592 11.010495 2.329288 -3.494874 0.079483 7.228568 -7.659462 0.596421 5.800743 1.125948 4.142786 -5.008344 0.889496 -4.334211 0.440597 -3.200454 -1.373809 9.731743 -1.701152 4.545961 3.630451 -2.866981 -2.175548 -4.518819 2.024230 -0.420772 5.675830 -4.871538 -9.611267 10.256301 -3.257489 -10.325989 4.845437 22.523120 4.858855 16.723087 47.675114 -18.419356 16.129390 0.858614 -20.918390 -1.451853 1.105065 -9.294788 0.000000 0.000000 0.000000 0.000000 0.000000 0.000000 0.000000 0.000000 0.000000 0.000000 0.000000 0.000000 0.000000 0.000000 0.000000 0.000000 0.000000 0.000000 0.000000 0.000000 0.000000 0.000000 0.000000 0.000000 0.000000 0.000000 0.000000 0.000000 0.000000 0.000000 0.000000 0.000000 0.000000 0.000000 0.000000 0.000000 0.000000 0.000000 0.000000 0.000000 0.000000 0.000000 -0.216811 -13.067285 1.888377 26.163218 -49.530911 25.429959 7.205007 -0.765824 30.454211 -13.052032 2.356019 7.220107 0.000000 0.000000 0.000000 0.000000 0.000000 0.000000 0.000000 0.000000 0.000000 0.000000 0.000000 0.000000 0.000000 0.000000 0.000000 0.000000 0.000000 0.000000 0.000000 0.000000 0.000000 0.000000 0.000000 0.000000 0.000000 0.000000 0.000000 0.000000 0.000000 0.000000 0.000000 0.000000 0.000000 0.000000 0.000000 0.000000 0.000000 0.000000 0.000000 0.000000 0.000000 0.000000
0.036302 1.418129 1.061068 -7.201337 2.660912 -4.498833 -17.479215 -1.159451 -2.630687 18.849012 1.215676 -1.865023 -4.344194 4.400198 10.334092 2.689217 -3.073537 0.320877 10.208808 -7.497834 -0.008796 4.649927 1.267687 5.101450 -5.939490 0.970923 -3.892238 0.499634 -3.281521 -1.472760 9.971913 -1.836114 5.109808 4.227844 -2.514309 -1.679679 -5.263062 1.892548 -0.066931 5.567381 -4.731022 -9.375536 10.145833 -3.400700 -11.076314 4.651358 23.028441 5.671524 16.842430 47.504183 -17.093498 16.278631 1.128181 -21.019496 -1.683487 1.537069 -9.221543 0.000000 0.000000 0.000000 0.000000 0.000000 0.000000 0.000000 0.000000 0.000000 0.000000 0.000000 0.000000 0.000000 0.000000 0.000000 0.000000 0.000000 0.000000 0.000000 0.000000 0.000000 0.000000 0.000000 0.000000 0.000000 0.000000 0.000000 0.000000 0.000000 0.000000 0.000000 0.000000 0.000000 0.000000 0.000000 0.000000 0.000000 0.000000 0.000000 0.000000 0.000000 0.000000 -0.329472 -12.537801 2.376805 25.702330 -49.274333 26.188484 7.119623 -0.663738 31.831714 -13.915790 2.652907 7.503249 0.000000 0.000000 0.000000 0.000000 0.000000 0.000000 0.000000 0.000000 0.000000 0.000000 0.000000 0.000000 0.000000 0.000000 0.000000 0.000000 0.000000 0.000000 0.000000 0.000000 0.000000 0.000000 0.000000 0.000000 0.000000 0.000000 0.000000 0.000000 0.000000 0.000000 0.000000 0.000000 0.000000 0.000000 0.000000 0.000000 0.000000 0.000000 0.000000 0.000000 0.000000 0.000000
0.034257 1.438400 1.053690 -6.837318 3.093169 -5.025884 -16.572919 -1.135433 -1.789667 7.278167 -0.457679 -1.986289 -3.562075 5.774701 9.470397 2.922711 -2.893982 0.530256 13.042830 -7.537829 -0.704917 3.736031 1.295738 6.027026 -7.686941 1.216831 -3.455353 0.651839 -3.283032 -1.633370 9.896200 -2.317354 5.579430 4.377124 -2.099621 -1.328353 -5.054008 1.740957 0.119211 5.233283 -4.638720 -9.010079 9.848836 -3.455781 -11.863522 4.077946 23.358960 6.109618 16.614753 47.620586 -15.679798 16.307022 1.498228 -20.557072 -1.542597 1.672333 -9.072912 0.000000 0.000000 0.000000 0.000000 0.000000 0.000000 0.000000 0.000000 0.000000 0.000000 0.000000 0.000000 0.000000 0.000000 0.000000 0.000000 0.000000 0.000000 0.000000 0.000000 0.000000 0.000000 0.000000 0.000000 0.000000 0.000000 0.000000 0.000000 0.000000 0.000000 0.000000 0.000000 0.000000 0.000000 0.000000 0.000000 0.000000 0.000000 0.000000 0.000000 0.000000 0.000000 -0.912207 -12.117855 2.742566 25.021837 -49.056023 26.332971 7.106760 -0.600888 33.018198 -14.399979 2.813819 8.126968 0.000000 0.000000 0.000000 0.000000 0.000000 0.000000 0.000000 0.000000 0.000000 0.000000 0.000000 0.000000 0.000000 0.000000 0.000000 0.000000 0.000000 0.000000 0.000000 0.000000 0.000000 0.000000 0.000000 0.000000 0.000000 0.000000 0.000000 0.000000 0.000000 0.000000 0.000000 0.000000 0.000000 0.000000 0.000000 0.000000 0.000000 0.000000 0.000000 0.000000 0.000000 0.000000
0.033400 1.460608 1.044476 -6.344274 3.363713 -5.273162 -16.368388 -0.696112 -1.431020 0.284543 -1.502229 -2.126150 -3.119447 6.396678 9.070936 2.999114 -2.943080 0.524908 15.342026 -7.391431 -1.212730 3.978870 1.507485 7.164139 -10.231417 1.509201 -2.663113 0.706089 -3.214048 -1.699231 9.550750 -2.489785 6.053117 4.651445 -1.917401 -1.161041 -4.986791 1.747223 0.211311 4.921679 -4.886295 -8.927540 9.341915 -3.499747 -13.080155 3.854465 23.678043 6.419870 16.286722 47.620356 -14.572913 15.963259 1.949477 -19.858739 -1.454670 1.596669 -8.645729 0.000000 0.000000 0.000000 0.000000 0.000000 0.000000 0.000000 0.000000 0.000000 0.000000 0.000000 0.000000 0.000000 0.000000 0.000000 0.000000 0.000000 0.000000 0.000000 0.000000 0.000000 0.000000 0.000000 0.000000 0.000000 0.000000 0.000000 0.000000 0.000000 0.000000 0.000000 0.000000 0.000000 0.000000 0.000000 0.000000 0.000000 0.000000 0.000000 0.000000 0.000000 0.000000 -1.353278 -11.811199 2.972375 24.765525 -48.975049 26.917090 7.015322 -0.548790 33.320551 -14.886621 3.135209 8.622997 0.000000 0.000000 0.000000 0.000000 0.000000 0.000000 0.000000 0.000000 0.000000 0.000000 0.000000 0.000000 0.000000 0.000000 0.000000 0.000000 0.000000 0.000000 0.000000 0.000000 0.000000 0.000000 0.000000 0.000000 0.000000 0.000000 0.000000 0.000000 0.000000 0.000000 0.000000 0.000000 0.000000 0.000000 0.000000 0.000000 0.000000 0.000000 0.000000 0.000000 0.000000 0.000000
0.032618 1.483365 1.035009 -5.922836 3.617982 -5.254188 -16.796990 0.038614 -1.571025 -1.403954 -1.702289 -2.364177 -2.949111 6.103719 9.066871 2.889954 -3.164355 0.495010 16.746999 -6.847384 -1.430056 6.327989 1.745557 8.262996 -12.971407 1.112967 -0.771720 0.673383 -3.244151 -1.771172 8.767774 -2.348180 6.423230 5.029064 -1.975256 -1.157750 -5.096424 1.879428 0.268830 4.729083 -5.162837 -8.874227 9.084931 -3.496609 -13.786465 3.846950 24.023775 6.653626 16.077206 47.528842 -13.928050 15.580836 2.195531 -18.735739 -1.145311 1.461505 -8.219654 0.000000 0.000000 0.000000 0.000000 0.000000 0.000000 0.000000 0.000000 0.000000 0.000000 0.000000 0.000000 0.000000 0.000000 0.000000 0.000000 0.000000 0.000000 0.000000 0.000000 0.000000 0.000000 0.000000 0.000000 0.000000 0.000000 0.000000 0.000000 0.000000 0.000000 0.000000 0.000000 0.000000 0.000000 0.000000 0.000000 0.000000 0.000000 0.000000 0.000000 0.000000 0.000000 -1.534250 -11.941179 2.889445 24.679630 -48.909354 27.219143 6.886102 -0.157715 33.571719 -15.022711 3.355414 8.886786 0.000000 0.000000 0.000000 0.000000 0.000000 0.000000 0.000000 0.000000 0.000000 0.000000 0.000000 0.000000 0.000000 0.000000 0.000000 0.000000 0.000000 0.000000 0.000000 0.000000 0.000000 0.000000 0.000000 0.000000 0.000000 0.000000 0.000000 0.000000 0.000000 0.000000 0.000000 0.000000 0.000000 0.000000 0.000000 0.000000 0.000000 0.000000 0.000000 0.000000 0.000000 0.000000
0.033099 1.508085 1.026961 -5.233033 3.523372 -5.558340 -17.778344 0.938694 -2.248875 1.112284 -1.063372 -2.521486 -2.378770 5.233464 9.422898 2.697170 -3.377484 0.498512 16.982127 -5.807009 -1.230774 9.567262 1.931092 9.334813 -13.932526 0.512222 0.131979 0.572695 -3.294233 -1.789190 7.571371 -1.803268 6.760176 5.613714 -2.206289 -1.143955 -5.525606 2.202852 0.387335 4.762407 -5.462447 -8.563256 9.115808 -3.528943 -13.891512 4.209651 24.374591 6.821975 16.010694 47.091316 -13.631320 15.205556 2.295819 -17.883090 -0.862435 1.628981 -7.972936 0.000000 0.000000 0.000000 0.000000 0.000000 0.000000 0.000000 0.000000 0.000000 0.000000 0.000000 0.000000 0.000000 0.000000 0.000000 0.000000 0.000000 0.000000 0.000000 0.000000 0.000000 0.000000 0.000000 0.000000 0.000000 0.000000 0.000000 0.000000 0.000000 0.000000 0.000000 0.000000 0.000000 0.000000 0.000000 0.000000 0.000000 0.000000 0.000000 0.000000 0.000000 0.000000 -1.378242 -12.354565 2.739381 24.911291 -48.808435 27.571319 6.683503 0.203735 33.476861 -15.238620 2.953301 8.574423 0.000000 0.000000 0.000000 0.000000 0.000000 0.000000 0.000000 0.000000 0.000000 0.000000 0.000000 0.000000 0.000000 0.000000 0.000000 0.000000 0.000000 0.000000 0.000000 0.000000 0.000000 0.000000 0.000000 0.000000 0.000000 0.000000 0.000000 0.000000 0.000000 0.000000 0.000000 0.000000 0.000000 0.000000 0.000000 0.000000 0.000000 0.000000 0.000000 0.000000 0.000000 0.000000
0.033308 1.534358 1.021559 -4.370110 3.155489 -5.765698 -18.800258 2.023861 -3.339264 5.665003 0.024463 -2.690481 -1.316972 4.141450 9.820583 2.463591 -3.908863 0.485122 15.856578 -4.307795 -0.704508 14.957340 1.892058 10.100497 -12.929473 -0.491075 0.432458 0.527044 -3.319809 -1.722688 6.120995 -0.888656 6.974545 6.151540 -2.561254 -1.217862 -6.138598 2.719853 0.455638 4.945815 -5.972780 -8.365284 9.294641 -3.488298 -13.758664 4.871679 24.595981 6.978954 15.840306 46.697864 -13.703238 14.622864 2.436844 -16.838355 -0.525633 1.585854 -7.440389 0.000000 0.000000 0.000000 0.000000 0.000000 0.000000 0.000000 0.000000 0.000000 0.000000 0.000000 0.000000 0.000000 0.000000 0.000000 0.000000 0.000000 0.000000 0.000000 0.000000 0.000000 0.000000 0.000000 0.000000 0.000000 0.000000 0.000000 0.000000 0.000000 0.000000 0.000000 0.000000 0.000000 0.000000 0.000000 0.000000 0.000000 0.000000 0.000000 0.000000 0.000000 0.000000 -0.689207 -12.941226 2.340693 25.772135 -48.895292 28.138609 6.528767 0.480795 33.071241 -15.160441 2.377538 7.868116 0.000000 0.000000 0.000000 0.000000 0.000000 0.000000 0.000000 0.000000 0.000000 0.000000 0.000000 0.000000 0.000000 0.000000 0.000000 0.000000 0.000000 0.000000 0.000000 0.000000 0.000000 0.000000 0.000000 0.000000 0.000000 0.000000 0.000000 0.000000 0.000000 0.000000 0.000000 0.000000 0.000000 0.000000 0.000000 0.000000 0.000000 0.000000 0.000000 0.000000 0.000000 0.000000
0.033647 1.563280 1.018900 -3.208263 2.468103 -5.786773 -19.244867 3.262466 -4.387075 9.871568 1.177595 -2.607354 -0.549524 2.769900 10.297405 2.090342 -4.803456 0.410436 13.111025 -2.482204 -0.087314 23.144092 1.697979 9.841078 -6.779868 -2.309490 -0.663343 0.559597 -3.552786 -1.584221 4.837369 0.115166 6.969882 6.220609 -2.801758 -1.313397 -6.363498 3.206258 0.478050 5.055017 -6.289167 -8.257603 9.629802 -3.296545 -13.455918 5.500295 24.364397 6.993665 15.643435 46.616262 -14.120148 13.838686 2.447587 -15.897248 0.204188 1.713403 -6.916997 0.000000 0.000000 0.000000 0.000000 0.000000 0.000000 0.000000 0.000000 0.000000 0.000000 0.000000 0.000000 0.000000 0.000000 0.000000 0.000000 0.000000 0.000000 0.000000 0.000000 0.000000 0.000000 0.000000 0.000000 0.000000 0.000000 0.000000 0.000000 0.000000 0.000000 0.000000 0.000000 0.000000 0.000000 0.000000 0.000000 0.000000 0.000000 0.000000 0.000000 0.000000 0.000000 -0.117183 -13.238305 1.964418 27.202251 -49.461334 28.880864 6.332144 0.649136 32.258887 -14.397104 1.875602 7.236436 0.000000 0.000000 0.000000 0.000000 0.000000 0.000000 0.000000 0.000000 0.000000 0.000000 0.000000 0.000000 0.000000 0.000000 0.000000 0.000000 0.000000 0.000000 0.000000 0.000000 0.000000 0.000000 0.000000 0.000000 0.000000 0.000000 0.000000 0.000000 0.000000 0.000000 0.000000 0.000000 0.000000 0.000000 0.000000 0.000000 0.000000 0.000000 0.000000 0.000000 0.000000 0.000000
0.035712 1.588682 1.018530 -2.625451 1.375331 -5.536215 -18.531938 4.751250 -5.204736 12.405865 2.098250 -2.782781 -0.331137 1.004670 11.259633 1.551019 -5.947211 0.302253 8.607271 -0.534099 0.559316 33.369759 1.018715 9.064942 0.616985 -4.891465 -0.519996 0.689847 -3.980998 -1.439018 4.178599 1.069533 6.562013 5.896383 -2.966367 -1.437970 -6.131979 3.706271 0.468039 5.212274 -6.398240 -8.357742 9.851210 -3.033965 -13.244553 6.080709 23.685864 6.596959 15.609335 46.831913 -15.234635 12.926231 2.416012 -15.179262 0.786772 1.889852 -6.518362 0.000000 0.000000 0.000000 0.000000 0.000000 0.000000 0.000000 0.000000 0.000000 0.000000 0.000000 0.000000 0.000000 0.000000 0.000000 0.000000 0.000000 0.000000 0.000000 0.000000 0.000000 0.000000 0.000000 0.000000 0.000000 0.000000 0.000000 0.000000 0.000000 0.000000 0.000000 0.000000 0.000000 0.000000 0.000000 0.000000 0.000000 0.000000 0.000000 0.000000 0.000000 0.000000 0.327823 -13.295583 1.790305 28.779541 -50.375636 29.634035 5.877549 0.629341 30.971546 -13.197937 1.294832 6.493059 0.000000 0.000000 0.000000 0.000000 0.000000 0.000000 0.000000 0.000000 0.000000 0.000000 0.000000 0.000000 0.000000 0.000000 0.000000 0.000000 0.000000 0.000000 0.000000 0.000000 0.000000 0.000000 0.000000 0.000000 0.000000 0.000000 0.000000 0.000000 0.000000 0.000000 0.000000 0.000000 0.000000 0.000000 0.000000 0.000000 0.000000 0.000000 0.000000 0.000000 0.000000 0.000000
0.038852 1.608767 1.019916 -2.685174 0.208345 -5.253648 -16.673592 6.317728 -5.678205 13.367842 2.674133 -3.446373 -0.728490 -0.722559 12.169854 0.954862 -7.048369 0.184495 3.019712 1.059210 1.400186 43.981378 0.390344 7.967065 7.111298 -6.677848 0.108426 0.788975 -4.543319 -1.296470 4.356871 1.846162 5.698229 5.060059 -2.963692 -1.555497 -5.239906 4.215158 0.437420 5.168754 -6.260553 -8.085137 9.858438 -2.629399 -12.998717 6.000209 22.706261 6.084486 15.864312 47.037090 -16.519038 12.355528 2.386484 -14.945282 1.130469 2.141004 -6.336680 0.000000 0.000000 0.000000 0.000000 0.000000 0.000000 0.000000 0.000000 0.000000 0.000000 0.000000 0.000000 0.000000 0.000000 0.000000 0.000000 0.000000 0.000000 0.000000 0.000000 0.000000 0.000000 0.000000 0.000000 0.000000 0.000000 0.000000 0.000000 0.000000 0.000000 0.000000 0.000000 0.000000 0.000000 0.000000 0.000000 0.000000 0.000000 0.000000 0.000000 0.000000 0.000000 0.086902 -13.269850 1.711895 30.596651 -51.213032 30.460839 5.452153 0.143847 29.566755 -11.972024 0.901684 5.768512 0.000000 0.000000 0.000000 0.000000 0.000000 0.000000 0.000000 0.000000 0.000000 0.000000 0.000000 0.000000 0.000000 0.000000 0.000000 0.000000 0.000000 0.000000 0.000000 0.000000 0.000000 0.000000 0.000000 0.000000 0.000000 0.000000 0.000000 0.000000 0.000000 0.000000 0.000000 0.000000 0.000000 0.000000 0.000000 0.000000 0.000000 0.000000 0.000000 0.000000 0.000000 0.000000
0.041463 1.623013 1.022524 -3.399872 -0.679365 -4.778426 -13.455469 7.579345 -5.638732 12.621262 2.700331 -4.939344 -1.670865 -1.948036 12.800753 0.552403 -7.918299 0.114001 -2.824774 2.045339 2.131359 52.907712 -0.204194 6.678936 9.155734 -6.267726 -0.739446 1.002655 -4.817157 -1.171801 4.700569 2.474501 4.588077 4.544165 -3.239885 -1.795864 -4.515670 4.699792 0.400831 5.187977 -6.079728 -7.741232 10.032864 -2.227562 -12.648078 5.839241 21.953473 5.258364 16.155544 46.838661 -18.126515 12.178004 2.316322 -15.085101 1.548048 2.111409 -6.170190 0.000000 0.000000 0.000000 0.000000 0.000000 0.000000 0.000000 0.000000 0.000000 0.000000 0.000000 0.000000 0.000000 0.000000 0.000000 0.000000 0.000000 0.000000 0.000000 0.000000 0.000000 0.000000 0.000000 0.000000 0.000000 0.000000 0.000000 0.000000 0.000000 0.000000 0.000000 0.000000 0.000000 0.000000 0.000000 0.000000 0.000000 0.000000 0.000000 0.000000 0.000000 0.000000 0.015474 -13.809042 1.569285 31.444085 -51.533886 30.459642 5.010605 -0.380888 28.332943 -10.798708 0.223581 5.053676 0.000000 0.000000 0.000000 0.000000 0.000000 0.000000 0.000000 0.000000 0.000000 0.000000 0.000000 0.000000 0.000000 0.000000 0.000000 0.000000 0.000000 0.000000 0.000000 0.000000 0.000000 0.000000 0.000000 0.000000 0.000000 0.000000 0.000000 0.000000 0.000000 0.000000 0.000000 0.000000 0.000000 0.000000 0.000000 0.000000 0.000000 0.000000 0.000000 0.000000 0.000000 0.000000
0.041037 1.634023 1.026245 -4.352090 -0.893184 -4.155139 -9.584882 8.125371 -5.346566 11.495608 2.353246 -6.981212 -3.152187 -2.558325 13.265610 0.471935 -8.278696 0.013047 -7.778314 2.055818 2.910380 57.969213 -0.827716 5.657155 5.765152 -4.314247 -3.151726 1.128686 -4.552990 -1.027602 5.094759 2.757921 3.250159 4.535691 -3.766920 -2.142392 -4.264698 5.086804 0.283667 5.229761 -5.685772 -7.285955 9.890156 -1.934553 -12.314183 5.681785 21.342336 4.342233 16.488108 46.406838 -20.041405 12.229008 2.275619 -15.463420 1.798165 1.779081 -6.107357 0.000000 0.000000 0.000000 0.000000 0.000000 0.000000 0.000000 0.000000 0.000000 0.000000 0.000000 0.000000 0.000000 0.000000 0.000000 0.000000 0.000000 0.000000 0.000000 0.000000 0.000000 0.000000 0.000000 0.000000 0.000000 0.000000 0.000000 0.000000 0.000000 0.000000 0.000000 0.000000 0.000000 0.000000 0.000000 0.000000 0.000000 0.000000 0.000000 0.000000 0.000000 0.000000 0.044671 -14.423595 1.431836 31.816573 -51.618628 29.955071 5.171823 -0.740035 27.312318 -9.940064 -0.392164 4.895723 0.000000 0.000000 0.000000 0.000000 0.000000 0.000000 0.000000 0.000000 0.000000 0.000000 0.000000 0.000000 0.000000 0.000000 0.000000 0.000000 0.000000 0.000000 0.000000 0.000000 0.000000 0.000000 0.000000 0.000000 0.000000 0.000000 0.000000 0.000000 0.000000 0.000000 0.000000 0.000000 0.000000 0.000000 0.000000 0.000000 0.000000 0.000000 0.000000 0.000000 0.000000 0.000000
0.038784 1.643171 1.030480 -5.382508 -0.661361 -3.476906 -4.816840 8.064609 -4.764749 9.169705 1.721701 -9.456465 -4.913916 -2.566635 12.938224 0.675298 -8.369898 0.055903 -12.262052 1.467144 3.629333 59.507367 -1.597363 4.838490 1.482682 -2.488429 -5.079613 1.268142 -4.150368 -0.994441 5.746554 2.664759 1.816449 4.338087 -4.207642 -2.481912 -3.916660 5.135718 0.038741 5.186394 -5.240179 -7.051496 9.756251 -1.553282 -12.046716 5.363486 20.708590 3.427841 16.792928 46.304822 -22.037432 12.097293 2.066620 -15.797208 2.040610 1.368583 -6.137778 0.000000 0.000000 0.000000 0.000000 0.000000 0.000000 0.000000 0.000000 0.000000 0.000000 0.000000 0.000000 0.000000 0.000000 0.000000 0.000000 0.000000 0.000000 0.000000 0.000000 0.000000 0.000000 0.000000 0.000000 0.000000 0.000000 0.000000 0.000000 0.000000 0.000000 0.000000 0.000000 0.000000 0.000000 0.000000 0.000000 0.000000 0.000000 0.000000 0.000000 0.000000 0.000000 -0.040497 -14.766511 1.334791 32.034174 -51.707043 29.469107 5.964060 -1.036365 26.302006 -8.916566 -0.851957 4.754203 0.000000 0.000000 0.000000 0.000000 0.000000 0.000000 0.000000 0.000000 0.000000 0.000000 0.000000 0.000000 0.000000 0.000000 0.000000 0.000000 0.000000 0.000000 0.000000 0.000000 0.000000 0.000000 0.000000 0.000000 0.000000 0.000000 0.000000 0.000000 0.000000 0.000000 0.000000 0.000000 0.000000 0.000000 0.000000 0.000000 0.000000 0.000000 0.000000 0.000000 0.000000 0.000000
0.035550 1.654664 1.033899 -5.871918 -0.082782 -2.286719 -0.381302 7.579345 -4.128448 6.896106 0.990837 -11.958982 -6.752076 -1.990676 12.127239 1.114542 -8.030833 0.039494 -16.397128 0.654902 4.279020 57.389112 -2.580914 3.240702 -1.923067 -1.797592 -6.653596 1.430360 -3.401209 -0.943647 6.619351 2.339069 0.442549 4.401139 -4.902606 -2.946890 -4.477329 4.875823 -0.174334 5.527066 -4.531804 -6.804828 9.855103 -1.423847 -11.054413 5.478064 20.192795 2.424367 17.173780 46.242618 -24.272581 11.937681 1.745154 -16.583842 2.227419 0.636817 -6.631395 0.000000 0.000000 0.000000 0.000000 0.000000 0.000000 0.000000 0.000000 0.000000 0.000000 0.000000 0.000000 0.000000 0.000000 0.000000 0.000000 0.000000 0.000000 0.000000 0.000000 0.000000 0.000000 0.000000 0.000000 0.000000 0.000000 0.000000 0.000000 0.000000 0.000000 0.000000 0.000000 0.000000 0.000000 0.000000 0.000000 0.000000 0.000000 0.000000 0.000000 0.000000 0.000000 0.342037 -15.020360 1.128599 31.818733 -51.606456 28.350453 6.771780 -1.151005 25.549572 -8.315226 -1.311347 5.087035 0.000000 0.000000 0.000000 0.000000 0.000000 0.000000 0.000000 0.000000 0.000000 0.000000 0.000000 0.000000 0.000000 0.000000 0.000000 0.000000 0.000000 0.000000 0.000000 0.000000 0.000000 0.000000 0.000000 0.000000 0.000000 0.000000 0.000000 0.000000 0.000000 0.000000 0.000000 0.000000 0.000000 0.000000 0.000000 0.000000 0.000000 0.000000 0.000000 0.000000 0.000000 0.000000
0.034646 1.666277 1.035327 -6.124558 0.284229 -1.434668 3.156938 7.050053 -3.513904 5.459652 0.542561 -13.783944 -8.249857 -1.595969 11.210521 1.492009 -7.482345 0.040397 -19.486788 -0.022767 4.688615 52.598560 -3.047422 1.501258 -3.988842 -1.755547 -7.816621 1.536664 -2.651504 -0.878370 7.376546 2.017626 -0.634894 4.401548 -5.361246 -3.252821 -5.079712 4.511345 -0.371310 5.712892 -3.992757 -6.897733 9.778248 -1.571462 -10.326747 5.608381 19.616459 1.675147 17.289208 46.152411 -26.243785 11.606135 1.549536 -17.377126 1.780288 -0.041936 -7.217041 0.000000 0.000000 0.000000 0.000000 0.000000 0.000000 0.000000 0.000000 0.000000 0.000000 0.000000 0.000000 0.000000 0.000000 0.000000 0.000000 0.000000 0.000000 0.000000 0.000000 0.000000 0.000000 0.000000 0.000000 0.000000 0.000000 0.000000 0.000000 0.000000 0.000000 0.000000 0.000000 0.000000 0.000000 0.000000 0.000000 0.000000 0.000000 0.000000 0.000000 0.000000 0.000000 0.916718 -14.911500 0.848778 31.544324 -51.538002 27.431827 7.268111 -1.449775 25.215076 -8.248464 -1.563360 5.437640 0.000000 0.000000 0.000000 0.000000 0.000000 0.000000 0.000000 0.000000 0.000000 0.000000 0.000000 0.000000 0.000000 0.000000 0.000000 0.000000 0.000000 0.000000 0.000000 0.000000 0.000000 0.000000 0.000000 0.000000 0.000000 0.000000 0.000000 0.000000 0.000000 0.000000 0.000000 0.000000 0.000000 0.000000 0.000000 0.000000 0.000000 0.000000 0.000000 0.000000 0.000000 0.000000
0.033696 1.677247 1.034580 -6.236348 0.788295 -0.397140 6.121998 6.352519 -2.961538 4.643071 0.169634 -15.437373 -9.788852 -1.373980 10.319673 1.728619 -6.831619 -0.035685 -21.942427 -0.799518 5.087611 45.054625 -3.063714 -0.297911 -4.584100 -2.534493 -8.819332 1.624273 -1.893848 -0.748309 8.065934 1.894186 -1.621161 4.373431 -5.855850 -3.525332 -5.841903 4.097578 -0.542167 5.747190 -3.459359 -7.303952 9.557921 -1.939032 -9.699106 5.924000 19.021686 0.983956 17.261667 45.834593 -27.975367 11.211865 1.373648 -18.925194 0.988853 -0.714855 -7.798983 0.000000 0.000000 0.000000 0.000000 0.000000 0.000000 0.000000 0.000000 0.000000 0.000000 0.000000 0.000000 0.000000 0.000000 0.000000 0.000000 0.000000 0.000000 0.000000 0.000000 0.000000 0.000000 0.000000 0.000000 0.000000 0.000000 0.000000 0.000000 0.000000 0.000000 0.000000 0.000000 0.000000 0.000000 0.000000 0.000000 0.000000 0.000000 0.000000 0.000000 0.000000 0.000000 1.758776 -14.931946 0.461570 31.293737 -51.358263 26.548650 7.402755 -1.834847 24.922590 -8.150118 -2.019262 5.762670 0.000000 0.000000 0.000000 0.000000 0.000000 0.000000 0.000000 0.000000 0.000000 0.000000 0.000000 0.000000 0.000000 0.000000 0.000000 0.000000 0.000000 0.000000 0.000000 0.000000 0.000000 0.000000 0.000000 0.000000 0.000000 0.000000 0.000000 0.000000 0.000000 0.000000 0.000000 0.000000 0.000000 0.000000 0.000000 0.000000 0.000000 0.000000 0.000000 0.000000 0.000000 0.000000
0.035400 1.685780 1.031982 -6.604699 0.923928 0.534644 8.974366 5.774695 -2.376693 4.047521 -0.013141 -16.798270 -11.459937 -1.290172 9.261375 1.861739 -6.222589 -0.080894 -23.244711 -1.163616 5.199687 36.075345 -2.896803 -1.942087 -4.028498 -4.020382 -9.318292 1.685682 -1.356657 -0.615694 8.622272 1.959555 -2.390314 4.442222 -6.296529 -3.808550 -6.303724 3.663506 -0.766859 5.372387 -3.168537 -7.789329 9.167375 -2.384927 -9.400365 6.042426 18.340051 0.337698 16.963831 45.606549 -29.473696 10.393612 1.198403 -20.329342 0.230643 -1.513596 -8.218078 0.000000 0.000000 0.000000 0.000000 0.000000 0.000000 0.000000 0.000000 0.000000 0.000000 0.000000 0.000000 0.000000 0.000000 0.000000 0.000000 0.000000 0.000000 0.000000 0.000000 0.000000 0.000000 0.000000 0.000000 0.000000 0.000000 0.000000 0.000000 0.000000 0.000000 0.000000 0.000000 0.000000 0.000000 0.000000 0.000000 0.000000 0.000000 0.000000 0.000000 0.000000 0.000000 2.431272 -15.061557 0.048219 31.064807 -51.019401 25.626541 7.012691 -2.355433 24.719041 -7.747915 -2.291051 5.841861 0.000000 0.000000 0.000000 0.000000 0.000000 0.000000 0.000000 0.000000 0.000000 0.000000 0.000000 0.000000 0.000000 0.000000 0.000000 0.000000 0.000000 0.000000 0.000000 0.000000 0.000000 0.000000 0.000000 0.000000 0.000000 0.000000 0.000000 0.000000 0.000000 0.000000 0.000000 0.000000 0.000000 0.000000 0.000000 0.000000 0.000000 0.000000 0.000000 0.000000 0.000000 0.000000
0.039967 1.693018 1.028211 -7.267165 0.656707 1.339209 11.891687 5.323249 -1.614833 3.329171 0.158735 -17.889568 -13.221700 -1.416437 8.065904 1.952590 -5.372454 -0.121999 -23.099062 -1.137302 4.938005 24.040862 -2.050189 -3.004866 -2.961948 -6.130724 -9.451540 1.680819 -0.853180 -0.508017 8.862487 2.429115 -2.892177 4.746085 -6.757468 -4.069664 -6.936118 3.357726 -0.957453 5.185840 -2.900866 -8.351745 8.991402 -2.805780 -9.168282 6.017511 17.768283 -0.235075 16.667307 45.179495 -30.550349 9.445864 0.949197 -22.257969 -0.212841 -2.156868 -8.699253 0.000000 0.000000 0.000000 0.000000 0.000000 0.000000 0.000000 0.000000 0.000000 0.000000 0.000000 0.000000 0.000000 0.000000 0.000000 0.000000 0.000000 0.000000 0.000000 0.000000 0.000000 0.000000 0.000000 0.000000 0.000000 0.000000 0.000000 0.000000 0.000000 0.000000 0.000000 0.000000 0.000000 0.000000 0.000000 0.000000 0.000000 0.000000 0.000000 0.000000 0.000000 0.000000 2.976795 -15.324329 -0.311891 31.113338 -50.632907 24.905010 6.112317 -2.819546 24.438879 -6.959401 -2.387131 5.741314 0.000000 0.000000 0.000000 0.000000 0.000000 0.000000 0.000000 0.000000 0.000000 0.000000 0.000000 0.000000 0.000000 0.000000 0.000000 0.000000 0.000000 0.000000 0.000000 0.000000 0.000000 0.000000 0.000000 0.000000 0.000000 0.000000 0.000000 0.000000 0.000000 0.000000 0.000000 0.000000 0.000000 0.000000 0.000000 0.000000 0.000000 0.000000 0.000000 0.000000 0.000000 0.000000
0.045831 1.700128 1.023791 -8.393091 0.252140 2.156066 15.015323 5.185085 -0.706964 2.843005 -0.049780 -18.988109 -15.216628 -1.642965 7.147173 2.052150 -4.754804 -0.102917 -22.295411 -0.997258 4.375366 13.317850 -0.770197 -3.435227 -2.472735 -8.017469 -9.424348 1.741158 -0.336454 -0.505046 9.371775 2.890860 -3.246241 4.953110 -7.018662 -4.370476 -7.196555 3.114150 -1.099222 4.748845 -2.563961 -8.605985 9.013478 -3.159338 -8.711527 5.874577 17.490224 -0.548030 15.990181 44.834111 -31.169199 8.990108 0.654740 -23.480041 -0.259842 -2.981756 -8.995435 0.000000 0.000000 0.000000 0.000000 0.000000 0.000000 0.000000 0.000000 0.000000 0.000000 0.000000 0.000000 0.000000 0.000000 0.000000 0.000000 0.000000 0.000000 0.000000 0.000000 0.000000 0.000000 0.000000 0.000000 0.000000 0.000000 0.000000 0.000000 0.000000 0.000000 0.000000 0.000000 0.000000 0.000000 0.000000 0.000000 0.000000 0.000000 0.000000 0.000000 0.000000 0.000000 3.094569 -15.483127 -0.680319 31.003217 -50.534594 24.341935 5.517904 -3.136005 23.979389 -6.360186 -2.534678 5.478823 0.000000 0.000000 0.000000 0.000000 0.000000 0.000000 0.000000 0.000000 0.000000 0.000000 0.000000 0.000000 0.000000 0.000000 0.000000 0.000000 0.000000 0.000000 0.000000 0.000000 0.000000 0.000000 0.000000 0.000000 0.000000 0.000000 0.000000 0.000000 0.000000 0.000000 0.000000 0.000000 0.000000 0.000000 0.000000 0.000000 0.000000 0.000000 0.000000 0.000000 0.000000 0.000000
0.051215 1.711625 1.018861 -9.081416 -0.019027 3.071018 17.768774 4.897392 0.309789 2.688698 -0.291384 -19.839992 -17.378180 -1.856345 6.449183 2.116598 -4.262767 -0.110490 -21.741126 -1.095961 3.706941 5.404761 0.283327 -3.697244 -2.348016 -9.495303 -9.195127 1.861478 0.128092 -0.545517 9.552692 3.218256 -3.586456 5.139641 -7.264249 -4.701589 -7.276505 3.039980 -1.271715 4.410253 -2.396932 -8.832399 8.706486 -3.329505 -8.624440 5.612465 17.391055 -0.739829 15.385691 44.453384 -31.383141 8.934468 0.291261 -24.900589 0.111575 -3.899479 -9.239440 0.000000 0.000000 0.000000 0.000000 0.000000 0.000000 0.000000 0.000000 0.000000 0.000000 0.000000 0.000000 0.000000 0.000000 0.000000 0.000000 0.000000 0.000000 0.000000 0.000000 0.000000 0.000000 0.000000 0.000000 0.000000 0.000000 0.000000 0.000000 0.000000 0.000000 0.000000 0.000000 0.000000 0.000000 0.000000 0.000000 0.000000 0.000000 0.000000 0.000000 0.000000 0.000000 3.033818 -15.883465 -1.046116 30.789175 -50.277565 23.683505 5.240655 -3.338512 23.647467 -5.646107 -2.418823 5.310749 0.000000 0.000000 0.000000 0.000000 0.000000 0.000000 0.000000 0.000000 0.000000 0.000000 0.000000 0.000000 0.000000 0.000000 0.000000 0.000000 0.000000 0.000000 0.000000 0.000000 0.000000 0.000000 0.000000 0.000000 0.000000 0.000000 0.000000 0.000000 0.000000 0.000000 0.000000 0.000000 0.000000 0.000000 0.000000 0.000000 0.000000 0.000000 0.000000 0.000000 0.000000 0.000000
0.055331 1.731208 1.013403 -8.830629 -0.056884 4.012819 19.611754 4.373809 0.910472 3.717062 -0.648627 -20.559526 -19.493692 -1.955552 6.068240 1.977928 -4.239787 -0.188725 -21.997053 -1.494752 3.515243 3.473513 0.581010 -3.820114 -2.265830 -9.563384 -9.392296 1.888731 0.357425 -0.525538 9.321119 3.009697 -3.917189 5.083517 -7.384313 -4.975321 -7.010590 3.133172 -1.449211 4.167184 -2.284518 -8.836979 8.638559 -3.190109 -8.313134 5.540107 17.559994 -0.930665 14.926983 44.268779 -31.343785 8.975483 -0.228702 -25.832181 0.586406 -4.230645 -9.601275 0.000000 0.000000 0.000000 0.000000 0.000000 0.000000 0.000000 0.000000 0.000000 0.000000 0.000000 0.000000 0.000000 0.000000 0.000000 0.000000 0.000000 0.000000 0.000000 0.000000 0.000000 0.000000 0.000000 0.000000 0.000000 0.000000 0.000000 0.000000 0.000000 0.000000 0.000000 0.000000 0.000000 0.000000 0.000000 0.000000 0.000000 0.000000 0.000000 0.000000 0.000000 0.000000 2.926008 -16.317138 -1.267740 30.580422 -50.081591 22.978360 5.188536 -3.219682 23.248825 -5.296745 -2.390290 5.293637 0.000000 0.000000 0.000000 0.000000 0.000000 0.000000 0.000000 0.000000 0.000000 0.000000 0.000000 0.000000 0.000000 0.000000 0.000000 0.000000 0.000000 0.000000 0.000000 0.000000 0.000000 0.000000 0.000000 0.000000 0.000000 0.000000 0.000000 0.000000 0.000000 0.000000 0.000000 0.000000 0.000000 0.000000 0.000000 0.000000 0.000000 0.000000 0.000000 0.000000 0.000000 0.000000
0.057081 1.756161 1.008375 -8.048247 0.313294 5.005397 20.564983 3.324664 1.100274 6.382760 -1.163952 -21.314612 -20.536775 -1.761124 5.885734 1.714178 -4.521475 -0.290036 -22.594765 -2.223538 3.876384 6.268837 0.257126 -3.747910 -1.623855 -8.482871 -9.695083 1.739052 0.393250 -0.341340 8.629762 2.240727 -4.148989 5.030416 -7.411491 -5.140508 -6.756518 3.288040 -1.579069 4.205029 -2.174208 -8.677102 8.717453 -2.765531 -7.996181 5.608037 18.042764 -0.956249 14.833604 44.313345 -31.114585 9.185820 -0.975366 -26.550846 1.061100 -4.067035 -10.048927 0.000000 0.000000 0.000000 0.000000 0.000000 0.000000 0.000000 0.000000 0.000000 0.000000 0.000000 0.000000 0.000000 0.000000 0.000000 0.000000 0.000000 0.000000 0.000000 0.000000 0.000000 0.000000 0.000000 0.000000 0.000000 0.000000 0.000000 0.000000 0.000000 0.000000 0.000000 0.000000 0.000000 0.000000 0.000000 0.000000 0.000000 0.000000 0.000000 0.000000 0.000000 0.000000 2.835707 -16.880514 -1.452029 30.019932 -49.777868 21.997148 5.380889 -2.962803 22.705695 -4.914930 -2.587686 5.306918 0.000000 0.000000 0.000000 0.000000 0.000000 0.000000 0.000000 0.000000 0.000000 0.000000 0.000000 0.000000 0.000000 0.000000 0.000000 0.000000 0.000000 0.000000 0.000000 0.000000 0.000000 0.000000 0.000000 0.000000 0.000000 0.000000 0.000000 0.000000 0.000000 0.000000 0.000000 0.000000 0.000000 0.000000 0.000000 0.000000 0.000000 0.000000 0.000000 0.000000 0.000000 0.000000
0.058164 1.784589 1.004951 -6.897990 0.865518 5.566990 20.341864 2.123344 0.951406 10.878786 -1.650149 -21.476071 -19.105130 -0.647573 6.391863 1.606356 -4.807747 -0.345387 -23.512313 -3.162214 4.407638 11.157215 -0.463758 -3.756691 -0.782200 -7.051192 -9.982349 1.544152 0.394188 -0.140146 7.777923 1.340180 -4.368455 4.819366 -7.396825 -5.163830 -6.623993 3.433428 -1.656171 4.281972 -2.089217 -8.449503 8.931635 -2.365946 -7.419919 5.691724 18.702980 -0.649582 14.968301 44.513549 -30.555411 9.103209 -1.422593 -26.934201 1.074622 -3.701299 -10.382808 0.000000 0.000000 0.000000 0.000000 0.000000 0.000000 0.000000 0.000000 0.000000 0.000000 0.000000 0.000000 0.000000 0.000000 0.000000 0.000000 0.000000 0.000000 0.000000 0.000000 0.000000 0.000000 0.000000 0.000000 0.000000 0.000000 0.000000 0.000000 0.000000 0.000000 0.000000 0.000000 0.000000 0.000000 0.000000 0.000000 0.000000 0.000000 0.000000 0.000000 0.000000 0.000000 2.885640 -17.436883 -1.616334 29.439210 -49.304772 21.202956 5.826505 -2.871652 22.075899 -4.616671 -2.888179 5.434038 0.000000 0.000000 0.000000 0.000000 0.000000 0.000000 0.000000 0.000000 0.000000 0.000000 0.000000 0.000000 0.000000 0.000000 0.000000 0.000000 0.000000 0.000000 0.000000 0.000000 0.000000 0.000000 0.000000 0.000000 0.000000 0.000000 0.000000 0.000000 0.000000 0.000000 0.000000 0.000000 0.000000 0.000000 0.000000 0.000000 0.000000 0.000000 0.000000 0.000000 0.000000 0.000000
0.057620 1.812268 1.004486 -5.973211 1.788149 5.541257 18.740487 0.534821 0.755209 18.277864 -1.993820 -21.119578 -14.282357 1.915338 6.550710 1.655965 -4.996835 -0.287367 -24.179091 -4.400515 4.861041 16.608184 -1.342264 -3.842472 0.277502 -5.273957 -9.866769 1.421810 0.113589 -0.088774 7.047545 0.089193 -4.596670 4.186891 -7.023736 -4.986205 -5.792797 3.431095 -1.834635 4.283856 -2.110463 -8.118672 9.088048 -1.746841 -6.913192 5.411931 19.358155 0.005408 15.236748 45.124000 -29.673744 9.254525 -1.913028 -26.603908 0.465532 -3.073388 -10.438161 0.000000 0.000000 0.000000 0.000000 0.000000 0.000000 0.000000 0.000000 0.000000 0.000000 0.000000 0.000000 0.000000 0.000000 0.000000 0.000000 0.000000 0.000000 0.000000 0.000000 0.000000 0.000000 0.000000 0.000000 0.000000 0.000000 0.000000 0.000000 0.000000 0.000000 0.000000 0.000000 0.000000 0.000000 0.000000 0.000000 0.000000 0.000000 0.000000 0.000000 0.000000 0.000000 2.693731 -17.755434 -1.610329 28.881823 -48.958583 20.690480 6.481162 -2.841850 21.555368 -5.104686 -3.238564 5.196462 0.000000 0.000000 0.000000 0.000000 0.000000 0.000000 0.000000 0.000000 0.000000 0.000000 0.000000 0.000000 0.000000 0.000000 0.000000 0.000000 0.000000 0.000000 0.000000 0.000000 0.000000 0.000000 0.000000 0.000000 0.000000 0.000000 0.000000 0.000000 0.000000 0.000000 0.000000 0.000000 0.000000 0.000000 0.000000 0.000000 0.000000 0.000000 0.000000 0.000000 0.000000 0.000000
0.057109 1.836273 1.007246 -5.583528 2.737670 5.279868 15.037002 -1.301321 0.784735 28.826775 -2.001526 -19.736908 -6.368331 5.622459 5.626897 1.975301 -4.767642 -0.213772 -23.851343 -5.925627 4.982460 20.818329 -2.215859 -3.853001 0.818314 -3.023958 -9.300651 1.350822 -0.198671 -0.189555 6.705232 -1.113744 -4.677909 3.777405 -6.618246 -4.678073 -5.053099 3.204258 -1.955423 4.304656 -2.061431 -7.497030 9.348177 -1.430654 -5.715234 5.245544 19.793614 0.507920 15.604376 45.980833 -28.636434 9.842371 -2.134190 -26.103960 -0.344802 -2.368775 -10.258913 0.000000 0.000000 0.000000 0.000000 0.000000 0.000000 0.000000 0.000000 0.000000 0.000000 0.000000 0.000000 0.000000 0.000000 0.000000 0.000000 0.000000 0.000000 0.000000 0.000000 0.000000 0.000000 0.000000 0.000000 0.000000 0.000000 0.000000 0.000000 0.000000 0.000000 0.000000 0.000000 0.000000 0.000000 0.000000 0.000000 0.000000 0.000000 0.000000 0.000000 0.000000 0.000000 2.719976 -17.659539 -1.344631 28.174518 -48.822340 20.416339 7.045867 -2.934294 21.167424 -6.332127 -3.765653 4.663379 0.000000 0.000000 0.000000 0.000000 0.000000 0.000000 0.000000 0.000000 0.000000 0.000000 0.000000 0.000000 0.000000 0.000000 0.000000 0.000000 0.000000 0.000000 0.000000 0.000000 0.000000 0.000000 0.000000 0.000000 0.000000 0.000000 0.000000 0.000000 0.000000 0.000000 0.000000 0.000000 0.000000 0.000000 0.000000 0.000000 0.000000 0.000000 0.000000 0.000000 0.000000 0.000000
0.055588 1.857222 1.012091 -5.470105 3.700901 4.664790 9.328693 -3.088555 0.603389 41.129216 -1.646863 -16.721771 2.658446 8.543334 4.536453 2.004193 -4.297017 -0.216291 -22.325463 -7.573459 4.753280 22.995915 -2.718891 -3.667572 0.525688 -0.383380 -8.492919 1.142311 -0.654160 -0.456913 6.821559 -2.340142 -4.257898 3.381238 -5.882338 -4.336232 -3.897963 2.775072 -2.113012 3.640577 -2.027004 -7.322847 9.243533 -1.542296 -5.054443 4.650054 19.863731 0.770893 16.279135 47.032839 -28.044235 11.011785 -2.344458 -24.617277 -1.125844 -1.469056 -9.537431 0.000000 0.000000 0.000000 0.000000 0.000000 0.000000 0.000000 0.000000 0.000000 0.000000 0.000000 0.000000 0.000000 0.000000 0.000000 0.000000 0.000000 0.000000 0.000000 0.000000 0.000000 0.000000 0.000000 0.000000 0.000000 0.000000 0.000000 0.000000 0.000000 0.000000 0.000000 0.000000 0.000000 0.000000 0.000000 0.000000 0.000000 0.000000 0.000000 0.000000 0.000000 0.000000 2.326305 -16.937007 -0.736303 27.673778 -49.232919 20.342785 7.644796 -2.606229 21.601520 -8.082642 -3.839206 4.120497 0.000000 0.000000 0.000000 0.000000 0.000000 0.000000 0.000000 0.000000 0.000000 0.000000 0.000000 0.000000 0.000000 0.000000 0.000000 0.000000 0.000000 0.000000 0.000000 0.000000 0.000000 0.000000 0.000000 0.000000 0.000000 0.000000 0.000000 0.000000 0.000000 0.000000 0.000000 0.000000 0.000000 0.000000 0.000000 0.000000 0.000000 0.000000 0.000000 0.000000 0.000000 0.000000
0.055938 1.873521 1.017774 -5.729288 4.143577 4.109345 4.105602 -4.049384 -0.093505 49.473416 -1.032864 -13.414244 6.968896 9.221983 4.816898 1.787592 -4.026430 -0.242101 -19.677572 -8.706003 4.708828 23.626997 -2.797345 -2.925199 -0.773780 1.666825 -7.833484 1.032048 -0.983059 -0.648554 7.181741 -3.154039 -3.490067 2.900298 -5.402849 -4.173895 -3.210564 2.425689 -2.160908 3.081603 -2.065830 -7.073027 9.383192 -1.542582 -4.483535 4.323609 20.082434 0.892117 16.795137 47.772044 -27.308261 12.221030 -2.327098 -23.464365 -1.668873 -0.852794 -9.288826 0.000000 0.000000 0.000000 0.000000 0.000000 0.000000 0.000000 0.000000 0.000000 0.000000 0.000000 0.000000 0.000000 0.000000 0.000000 0.000000 0.000000 0.000000 0.000000 0.000000 0.000000 0.000000 0.000000 0.000000 0.000000 0.000000 0.000000 0.000000 0.000000 0.000000 0.000000 0.000000 0.000000 0.000000 0.000000 0.000000 0.000000 0.000000 0.000000 0.000000 0.000000 0.000000 1.866055 -16.631493 -0.199953 27.530933 -49.128022 20.580207 7.659696 -2.419595 22.009370 -9.193913 -2.861838 4.283021 0.000000 0.000000 0.000000 0.000000 0.000000 0.000000 0.000000 0.000000 0.000000 0.000000 0.000000 0.000000 0.000000 0.000000 0.000000 0.000000 0.000000 0.000000 0.000000 0.000000 0.000000 0.000000 0.000000 0.000000 0.000000 0.000000 0.000000 0.000000 0.000000 0.000000 0.000000 0.000000 0.000000 0.000000 0.000000 0.000000 0.000000 0.000000 0.000000 0.000000 0.000000 0.000000
0.056283 1.886159 1.024687 -6.360811 4.389591 3.328336 -1.086992 -4.369906 -0.891547 55.604441 -0.392430 -10.759330 6.189914 8.160038 6.252220 1.662995 -4.140142 -0.324075 -16.134883 -9.622583 4.507839 22.907212 -2.344528 -1.916213 -2.199513 2.807930 -7.282083 0.977933 -1.364191 -0.720645 7.807547 -3.646700 -2.382760 2.579338 -4.963774 -3.959761 -2.837222 2.149970 -2.096246 3.053439 -2.236526 -6.817667 9.310896 -1.490040 -4.284306 4.229030 20.202123 1.072936 17.157819 48.359905 -26.394180 13.707299 -2.108287 -22.472900 -2.047161 -0.326924 -9.138634 0.000000 0.000000 0.000000 0.000000 0.000000 0.000000 0.000000 0.000000 0.000000 0.000000 0.000000 0.000000 0.000000 0.000000 0.000000 0.000000 0.000000 0.000000 0.000000 0.000000 0.000000 0.000000 0.000000 0.000000 0.000000 0.000000 0.000000 0.000000 0.000000 0.000000 0.000000 0.000000 0.000000 0.000000 0.000000 0.000000 0.000000 0.000000 0.000000 0.000000 0.000000 0.000000 1.420983 -16.113742 0.256802 27.272974 -49.211585 20.911750 8.152250 -2.110696 22.562250 -9.758566 -1.647719 4.657776 0.000000 0.000000 0.000000 0.000000 0.000000 0.000000 0.000000 0.000000 0.000000 0.000000 0.000000 0.000000 0.000000 0.000000 0.000000 0.000000 0.000000 0.000000 0.000000 0.000000 0.000000 0.000000 0.000000 0.000000 0.000000 0.000000 0.000000 0.000000 0.000000 0.000000 0.000000 0.000000 0.000000 0.000000 0.000000 0.000000 0.000000 0.000000 0.000000 0.000000 0.000000 0.000000
0.058464 1.896702 1.032474 -7.158155 4.185881 2.183013 -5.829310 -4.120034 -1.714339 58.673568 0.723054 -8.723739 2.718343 6.227824 7.938234 1.555142 -4.360536 -0.395713 -11.671250 -9.825611 3.975005 20.612307 -1.657908 -0.705306 -3.555320 3.138779 -6.718126 0.850416 -1.840710 -0.787471 8.421286 -3.647334 -0.902710 2.439598 -4.576112 -3.777003 -2.650987 1.984890 -1.874452 3.277174 -2.441684 -6.232903 9.227490 -1.393302 -4.128301 4.247836 20.331250 1.438460 17.225455 48.724449 -25.154542 14.960934 -1.693096 -21.811282 -2.351686 0.090496 -9.226738 0.000000 0.000000 0.000000 0.000000 0.000000 0.000000 0.000000 0.000000 0.000000 0.000000 0.000000 0.000000 0.000000 0.000000 0.000000 0.000000 0.000000 0.000000 0.000000 0.000000 0.000000 0.000000 0.000000 0.000000 0.000000 0.000000 0.000000 0.000000 0.000000 0.000000 0.000000 0.000000 0.000000 0.000000 0.000000 0.000000 0.000000 0.000000 0.000000 0.000000 0.000000 0.000000 0.961327 -15.600176 0.454848 27.000099 -49.416352 21.332783 8.450818 -1.621174 23.374037 -9.908550 -0.462541 5.007998 0.000000 0.000000 0.000000 0.000000 0.000000 0.000000 0.000000 0.000000 0.000000 0.000000 0.000000 0.000000 0.000000 0.000000 0.000000 0.000000 0.000000 0.000000 0.000000 0.000000 0.000000 0.000000 0.000000 0.000000 0.000000 0.000000 0.000000 0.000000 0.000000 0.000000 0.000000 0.000000 0.000000 0.000000 0.000000 0.000000 0.000000 0.000000 0.000000 0.000000 0.000000 0.000000
0.063875 1.907104 1.040126 -7.793503 3.435689 1.109050 -10.756602 -3.408543 -2.582623 58.741276 2.331454 -6.824990 -1.308777 3.825173 9.469399 1.516739 -4.375234 -0.454878 -6.263808 -9.310160 3.080270 16.158526 -0.698209 0.413083 -4.428288 2.887790 -6.135519 0.633076 -2.404929 -0.999080 8.677021 -3.296142 0.757050 2.748801 -4.165525 -3.451343 -2.876696 1.973045 -1.584623 3.963544 -2.603985 -5.499721 8.937370 -1.359720 -3.884638 4.349603 20.619624 2.012768 17.053150 48.684336 -23.576095 15.939607 -0.949554 -21.513774 -2.661320 0.202714 -9.489586 0.000000 0.000000 0.000000 0.000000 0.000000 0.000000 0.000000 0.000000 0.000000 0.000000 0.000000 0.000000 0.000000 0.000000 0.000000 0.000000 0.000000 0.000000 0.000000 0.000000 0.000000 0.000000 0.000000 0.000000 0.000000 0.000000 0.000000 0.000000 0.000000 0.000000 0.000000 0.000000 0.000000 0.000000 0.000000 0.000000 0.000000 0.000000 0.000000 0.000000 0.000000 0.000000 0.661531 -15.108192 0.435575 26.602666 -49.577344 21.767895 8.577382 -1.299868 24.658082 -10.203108 0.224081 5.598018 0.000000 0.000000 0.000000 0.000000 0.000000 0.000000 0.000000 0.000000 0.000000 0.000000 0.000000 0.000000 0.000000 0.000000 0.000000 0.000000 0.000000 0.000000 0.000000 0.000000 0.000000 0.000000 0.000000 0.000000 0.000000 0.000000 0.000000 0.000000 0.000000 0.000000 0.000000 0.000000 0.000000 0.000000 0.000000 0.000000 0.000000 0.000000 0.000000 0.000000 0.000000 0.000000
0.069336 1.919217 1.045722 -8.086484 2.732296 -0.246521 -13.845651 -2.613624 -3.225309 54.322480 3.520585 -5.716670 -4.716287 2.097986 10.341760 1.452901 -4.446582 -0.454132 -1.876609 -8.445054 2.198274 12.991659 -0.163579 1.585342 -4.842541 2.218559 -5.589117 0.485565 -2.877255 -1.111250 8.992339 -2.709579 2.295287 2.857462 -3.803028 -3.164776 -3.124288 2.086978 -1.166200 4.496312 -2.786036 -5.043089 8.706640 -1.287302 -4.219666 4.579768 21.003561 2.618536 16.973379 48.388041 -22.045316 16.659932 -0.346875 -21.439146 -2.497249 0.289495 -9.784516 0.000000 0.000000 0.000000 0.000000 0.000000 0.000000 0.000000 0.000000 0.000000 0.000000 0.000000 0.000000 0.000000 0.000000 0.000000 0.000000 0.000000 0.000000 0.000000 0.000000 0.000000 0.000000 0.000000 0.000000 0.000000 0.000000 0.000000 0.000000 0.000000 0.000000 0.000000 0.000000 0.000000 0.000000 0.000000 0.000000 0.000000 0.000000 0.000000 0.000000 0.000000 0.000000 0.470237 -14.707713 0.659469 26.634993 -49.716393 22.744167 8.333036 -0.989696 25.924789 -10.549200 0.934270 6.134848 0.000000 0.000000 0.000000 0.000000 0.000000 0.000000 0.000000 0.000000 0.000000 0.000000 0.000000 0.000000 0.000000 0.000000 0.000000 0.000000 0.000000 0.000000 0.000000 0.000000 0.000000 0.000000 0.000000 0.000000 0.000000 0.000000 0.000000 0.000000 0.000000 0.000000 0.000000 0.000000 0.000000 0.000000 0.000000 0.000000 0.000000 0.000000 0.000000 0.000000 0.000000 0.000000
0.073145 1.933423 1.048927 -8.178752 2.355746 -1.430323 -16.096512 -1.951737 -3.500653 47.101153 3.916521 -4.604938 -6.356854 1.485464 10.703192 1.540096 -4.225676 -0.356031 2.135945 -7.758395 1.331978 10.100980 0.302140 2.635496 -4.874218 1.308407 -4.876858 0.337208 -3.199015 -1.207368 9.153682 -2.211127 3.540557 2.973439 -3.369027 -2.713432 -3.409820 2.061812 -0.743415 4.710506 -2.870459 -4.656589 8.381629 -1.397497 -4.609206 4.615819 21.413504 3.431832 16.844782 48.240795 -20.281400 16.922069 0.166377 -21.391614 -2.230695 0.621976 -9.629479 0.000000 0.000000 0.000000 0.000000 0.000000 0.000000 0.000000 0.000000 0.000000 0.000000 0.000000 0.000000 0.000000 0.000000 0.000000 0.000000 0.000000 0.000000 0.000000 0.000000 0.000000 0.000000 0.000000 0.000000 0.000000 0.000000 0.000000 0.000000 0.000000 0.000000 0.000000 0.000000 0.000000 0.000000 0.000000 0.000000 0.000000 0.000000 0.000000 0.000000 0.000000 0.000000 0.264017 -14.150664 0.971854 26.571402 -49.723508 23.784425 8.053154 -0.862641 27.500172 -11.183800 1.411598 6.438050 0.000000 0.000000 0.000000 0.000000 0.000000 0.000000 0.000000 0.000000 0.000000 0.000000 0.000000 0.000000 0.000000 0.000000 0.000000 0.000000 0.000000 0.000000 0.000000 0.000000 0.000000 0.000000 0.000000 0.000000 0.000000 0.000000 0.000000 0.000000 0.000000 0.000000 0.000000 0.000000 0.000000 0.000000 0.000000 0.000000 0.000000 0.000000 0.000000 0.000000 0.000000 0.000000
0.075141 1.950558 1.049138 -8.014932 2.265940 -2.549906 -17.183250 -1.444131 -3.320539 36.351714 3.491695 -3.296539 -6.009625 2.192013 10.690595 1.902005 -3.818735 -0.121445 5.828669 -7.264166 0.420280 7.664252 0.547089 3.535041 -5.197423 0.705212 -4.095309 0.304862 -3.356004 -1.322011 9.424141 -2.017284 4.504681 3.366029 -2.873475 -2.152691 -3.965848 1.922114 -0.257133 4.679862 -2.724105 -4.025396 8.326430 -1.507824 -4.626653 4.530298 21.881983 4.390139 16.848678 48.163468 -18.656596 16.919324 0.480771 -21.183187 -2.178707 1.241197 -9.439731 0.000000 0.000000 0.000000 0.000000 0.000000 0.000000 0.000000 0.000000 0.000000 0.000000 0.000000 0.000000 0.000000 0.000000 0.000000 0.000000 0.000000 0.000000 0.000000 0.000000 0.000000 0.000000 0.000000 0.000000 0.000000 0.000000 0.000000 0.000000 0.000000 0.000000 0.000000 0.000000 0.000000 0.000000 0.000000 0.000000 0.000000 0.000000 0.000000 0.000000 0.000000 0.000000 0.106820 -13.524123 1.321634 26.417168 -49.635853 24.978182 7.549378 -0.442400 29.002565 -11.820595 1.868401 6.638871 0.000000 0.000000 0.000000 0.000000 0.000000 0.000000 0.000000 0.000000 0.000000 0.000000 0.000000 0.000000 0.000000 0.000000 0.000000 0.000000 0.000000 0.000000 0.000000 0.000000 0.000000 0.000000 0.000000 0.000000 0.000000 0.000000 0.000000 0.000000 0.000000 0.000000 0.000000 0.000000 0.000000 0.000000 0.000000 0.000000 0.000000 0.000000 0.000000 0.000000 0.000000 0.000000
0.074960 1.968902 1.045906 -7.878784 2.442694 -3.791541 -17.204416 -1.279810 -2.677262 22.700698 2.197723 -2.187012 -4.601136 3.804708 10.217902 2.396478 -3.408693 0.224021 9.355140 -7.056680 -0.321527 6.049333 0.682234 4.445452 -6.227829 0.622760 -3.554481 0.427688 -3.408995 -1.472960 9.684516 -2.217999 5.206391 3.952911 -2.328489 -1.559159 -4.500057 1.705822 0.190487 4.469145 -2.420785 -3.393036 8.323043 -1.560834 -4.908291 4.167810 22.385414 5.293273 16.697968 48.083263 -16.996662 16.611476 0.865272 -20.908871 -2.297192 1.844792 -9.319136 0.000000 0.000000 0.000000 0.000000 0.000000 0.000000 0.000000 0.000000 0.000000 0.000000 0.000000 0.000000 0.000000 0.000000 0.000000 0.000000 0.000000 0.000000 0.000000 0.000000 0.000000 0.000000 0.000000 0.000000 0.000000 0.000000 0.000000 0.000000 0.000000 0.000000 0.000000 0.000000 0.000000 0.000000 0.000000 0.000000 0.000000 0.000000 0.000000 0.000000 0.000000 0.000000 -0.224519 -12.854765 1.894338 25.939618 -49.463645 25.914995 7.091859 -0.203354 30.550951 -12.732231 2.126287 6.891554 0.000000 0.000000 0.000000 0.000000 0.000000 0.000000 0.000000 0.000000 0.000000 0.000000 0.000000 0.000000 0.000000 0.000000 0.000000 0.000000 0.000000 0.000000 0.000000 0.000000 0.000000 0.000000 0.000000 0.000000 0.000000 0.000000 0.000000 0.000000 0.000000 0.000000 0.000000 0.000000 0.000000 0.000000 0.000000 0.000000 0.000000 0.000000 0.000000 0.000000 0.000000 0.000000
0.073480 1.989714 1.039359 -7.538703 2.768812 -4.441505 -16.563671 -1.119743 -1.781786 11.438058 0.743491 -1.927797 -3.535892 5.229234 9.511954 2.727695 -3.069912 0.416478 12.231786 -6.969928 -1.122193 5.188528 0.787871 5.249147 -7.464702 0.687960 -3.311321 0.553250 -3.347868 -1.580325 9.747904 -2.447473 5.766176 4.413729 -2.054223 -1.202374 -4.952976 1.607411 0.470920 4.517667 -2.256422 -2.733987 8.185847 -1.395202 -5.092735 4.072312 22.902871 5.801580 16.340128 47.999295 -15.526768 16.657762 1.239702 -20.427609 -2.159282 1.940301 -8.980618 0.000000 0.000000 0.000000 0.000000 0.000000 0.000000 0.000000 0.000000 0.000000 0.000000 0.000000 0.000000 0.000000 0.000000 0.000000 0.000000 0.000000 0.000000 0.000000 0.000000 0.000000 0.000000 0.000000 0.000000 0.000000 0.000000 0.000000 0.000000 0.000000 0.000000 0.000000 0.000000 0.000000 0.000000 0.000000 0.000000 0.000000 0.000000 0.000000 0.000000 0.000000 0.000000 -0.329051 -12.461806 2.245184 25.260166 -49.162819 26.308277 6.800032 -0.210694 31.701403 -13.616006 2.355903 7.288252 0.000000 0.000000 0.000000 0.000000 0.000000 0.000000 0.000000 0.000000 0.000000 0.000000 0.000000 0.000000 0.000000 0.000000 0.000000 0.000000 0.000000 0.000000 0.000000 0.000000 0.000000 0.000000 0.000000 0.000000 0.000000 0.000000 0.000000 0.000000 0.000000 0.000000 0.000000 0.000000 0.000000 0.000000 0.000000 0.000000 0.000000 0.000000 0.000000 0.000000 0.000000 0.000000
0.072233 2.012225 1.030893 -7.072328 3.081666 -4.819150 -16.253239 -0.753453 -1.063772 2.441548 -0.681898 -1.607035 -3.028299 6.064408 9.151488 2.876856 -2.837556 0.437151 15.214432 -6.857172 -1.819755 4.369759 0.997729 6.275248 -9.493267 0.843007 -2.802810 0.619910 -3.213455 -1.647529 9.550029 -2.676221 6.290972 4.849539 -1.884628 -0.980335 -5.168062 1.564018 0.722485 4.360843 -2.196817 -2.103388 7.797253 -1.300524 -5.455991 3.858865 23.320869 6.065354 15.984219 47.917984 -14.135199 16.231352 1.743688 -19.907400 -2.134915 1.896040 -8.761655 0.000000 0.000000 0.000000 0.000000 0.000000 0.000000 0.000000 0.000000 0.000000 0.000000 0.000000 0.000000 0.000000 0.000000 0.000000 0.000000 0.000000 0.000000 0.000000 0.000000 0.000000 0.000000 0.000000 0.000000 0.000000 0.000000 0.000000 0.000000 0.000000 0.000000 0.000000 0.000000 0.000000 0.000000 0.000000 0.000000 0.000000 0.000000 0.000000 0.000000 0.000000 0.000000 -0.575422 -12.238130 2.446106 24.393827 -48.756532 26.374325 6.483022 -0.262237 32.751562 -14.461782 2.678990 8.178734 0.000000 0.000000 0.000000 0.000000 0.000000 0.000000 0.000000 0.000000 0.000000 0.000000 0.000000 0.000000 0.000000 0.000000 0.000000 0.000000 0.000000 0.000000 0.000000 0.000000 0.000000 0.000000 0.000000 0.000000 0.000000 0.000000 0.000000 0.000000 0.000000 0.000000 0.000000 0.000000 0.000000 0.000000 0.000000 0.000000 0.000000 0.000000 0.000000 0.000000 0.000000 0.000000
0.071413 2.035622 1.021648 -6.608340 3.321236 -5.016121 -16.434299 0.030680 -0.988821 -1.246873 -1.299546 -1.463573 -2.970858 5.834826 9.226350 2.795517 -3.001487 0.453402 17.206937 -6.279738 -2.236976 5.945925 1.316342 7.518946 -12.026103 0.628288 -1.314445 0.591885 -3.220627 -1.712943 8.905126 -2.624854 6.801125 5.322760 -1.778944 -0.879676 -5.198580 1.681185 0.914977 4.251795 -2.231904 -1.587084 7.465666 -1.101620 -5.768524 3.755339 23.702434 6.349854 15.774487 47.638714 -13.294428 15.655348 2.051190 -19.044050 -2.274242 1.746254 -8.653738 0.000000 0.000000 0.000000 0.000000 0.000000 0.000000 0.000000 0.000000 0.000000 0.000000 0.000000 0.000000 0.000000 0.000000 0.000000 0.000000 0.000000 0.000000 0.000000 0.000000 0.000000 0.000000 0.000000 0.000000 0.000000 0.000000 0.000000 0.000000 0.000000 0.000000 0.000000 0.000000 0.000000 0.000000 0.000000 0.000000 0.000000 0.000000 0.000000 0.000000 0.000000 0.000000 -0.863966 -12.357305 2.474591 23.938451 -48.545602 26.614786 5.873209 -0.117316 32.948623 -14.908079 2.959493 8.900417 0.000000 0.000000 0.000000 0.000000 0.000000 0.000000 0.000000 0.000000 0.000000 0.000000 0.000000 0.000000 0.000000 0.000000 0.000000 0.000000 0.000000 0.000000 0.000000 0.000000 0.000000 0.000000 0.000000 0.000000 0.000000 0.000000 0.000000 0.000000 0.000000 0.000000 0.000000 0.000000 0.000000 0.000000 0.000000 0.000000 0.000000 0.000000 0.000000 0.000000 0.000000 0.000000
0.071095 2.060208 1.013309 -5.997853 3.385635 -5.210897 -17.398801 0.797329 -1.555703 0.434763 -0.834373 -1.461559 -2.347120 5.079010 9.568566 2.581007 -3.301332 0.436538 17.515787 -5.180621 -2.151930 9.494591 1.479784 8.483762 -13.081753 -0.029978 -0.038709 0.498692 -3.297325 -1.740801 7.755116 -2.083914 7.158325 5.880730 -1.974826 -0.874910 -5.594197 1.956727 1.020006 4.368687 -2.475042 -1.177179 7.582025 -0.965103 -5.799467 4.061751 24.064605 6.604289 15.744629 47.267338 -12.926777 15.379193 2.072990 -18.170391 -2.065251 1.788489 -8.415201 0.000000 0.000000 0.000000 0.000000 0.000000 0.000000 0.000000 0.000000 0.000000 0.000000 0.000000 0.000000 0.000000 0.000000 0.000000 0.000000 0.000000 0.000000 0.000000 0.000000 0.000000 0.000000 0.000000 0.000000 0.000000 0.000000 0.000000 0.000000 0.000000 0.000000 0.000000 0.000000 0.000000 0.000000 0.000000 0.000000 0.000000 0.000000 0.000000 0.000000 0.000000 0.000000 -0.740821 -12.829059 2.308290 24.116022 -48.315436 27.008954 5.685943 0.171744 33.017704 -15.236226 2.842132 8.939031 0.000000 0.000000 0.000000 0.000000 0.000000 0.000000 0.000000 0.000000 0.000000 0.000000 0.000000 0.000000 0.000000 0.000000 0.000000 0.000000 0.000000 0.000000 0.000000 0.000000 0.000000 0.000000 0.000000 0.000000 0.000000 0.000000 0.000000 0.000000 0.000000 0.000000 0.000000 0.000000 0.000000 0.000000 0.000000 0.000000 0.000000 0.000000 0.000000 0.000000 0.000000 0.000000
0.071151 2.086864 1.007159 -5.116024 3.111175 -5.373578 -18.301509 1.807220 -2.521166 4.250714 0.050860 -1.542012 -1.533812 4.003053 9.942282 2.403740 -3.716145 0.446926 16.741740 -3.886715 -1.500650 14.103202 1.539576 9.111374 -12.134843 -0.713838 -0.075730 0.499356 -3.334659 -1.715794 6.354907 -1.292264 7.367574 6.375118 -2.307345 -0.960534 -6.066745 2.353618 1.119660 4.504515 -2.707325 -0.842638 7.945559 -0.799836 -5.540224 4.612464 24.221671 6.610530 15.707493 46.979508 -12.957149 14.909372 2.071897 -17.184582 -1.740088 1.956902 -8.102602 0.000000 0.000000 0.000000 0.000000 0.000000 0.000000 0.000000 0.000000 0.000000 0.000000 0.000000 0.000000 0.000000 0.000000 0.000000 0.000000 0.000000 0.000000 0.000000 0.000000 0.000000 0.000000 0.000000 0.000000 0.000000 0.000000 0.000000 0.000000 0.000000 0.000000 0.000000 0.000000 0.000000 0.000000 0.000000 0.000000 0.000000 0.000000 0.000000 0.000000 0.000000 0.000000 -0.329700 -13.434514 2.024830 24.784722 -48.216003 27.296294 5.562541 0.595945 32.960877 -15.230322 2.268324 8.602795 0.000000 0.000000 0.000000 0.000000 0.000000 0.000000 0.000000 0.000000 0.000000 0.000000 0.000000 0.000000 0.000000 0.000000 0.000000 0.000000 0.000000 0.000000 0.000000 0.000000 0.000000 0.000000 0.000000 0.000000 0.000000 0.000000 0.000000 0.000000 0.000000 0.000000 0.000000 0.000000 0.000000 0.000000 0.000000 0.000000 0.000000 0.000000 0.000000 0.000000 0.000000 0.000000
0.070835 2.114339 1.003994 -4.185776 2.576253 -5.290476 -18.957476 2.965493 -3.669353 8.635522 1.195135 -1.756611 -0.859360 2.674435 10.380717 1.990236 -4.587598 0.390481 14.475986 -2.231031 -0.870188 21.576849 1.393278 9.297089 -7.949846 -2.114040 -0.631577 0.463242 -3.618830 -1.611686 5.046043 -0.365996 7.438366 6.441891 -2.517170 -1.041628 -6.059019 2.845679 1.117539 4.649344 -2.973861 -0.533966 8.391867 -0.662628 -5.293397 4.981795 23.908807 6.705056 15.776585 46.914442 -13.482168 14.434914 2.148014 -16.246665 -1.459769 2.001681 -7.858536 0.000000 0.000000 0.000000 0.000000 0.000000 0.000000 0.000000 0.000000 0.000000 0.000000 0.000000 0.000000 0.000000 0.000000 0.000000 0.000000 0.000000 0.000000 0.000000 0.000000 0.000000 0.000000 0.000000 0.000000 0.000000 0.000000 0.000000 0.000000 0.000000 0.000000 0.000000 0.000000 0.000000 0.000000 0.000000 0.000000 0.000000 0.000000 0.000000 0.000000 0.000000 0.000000 -0.046553 -13.717171 1.552858 26.192580 -48.695951 28.068862 5.392383 0.778917 32.321620 -14.763811 1.824050 8.108766 0.000000 0.000000 0.000000 0.000000 0.000000 0.000000 0.000000 0.000000 0.000000 0.000000 0.000000 0.000000 0.000000 0.000000 0.000000 0.000000 0.000000 0.000000 0.000000 0.000000 0.000000 0.000000 0.000000 0.000000 0.000000 0.000000 0.000000 0.000000 0.000000 0.000000 0.000000 0.000000 0.000000 0.000000 0.000000 0.000000 0.000000 0.000000 0.000000 0.000000 0.000000 0.000000
0.072644 2.140302 1.003334 -3.621857 1.531911 -4.834136 -18.418119 4.355919 -4.576418 12.418918 2.315657 -2.184654 -0.852504 0.912947 11.232893 1.448660 -5.774867 0.278212 10.497859 -0.271776 -0.361514 31.614722 0.743270 8.704699 -0.491604 -4.558254 -0.900143 0.570789 -4.113901 -1.491351 4.373637 0.563632 7.063295 6.188053 -2.603520 -1.201207 -5.705838 3.318818 1.031892 4.722290 -2.953544 -0.318104 8.850001 -0.277133 -4.377170 5.390063 23.298949 6.408236 15.616780 47.053875 -14.219166 13.565871 2.193330 -15.595742 -0.926095 2.020720 -7.598441 0.000000 0.000000 0.000000 0.000000 0.000000 0.000000 0.000000 0.000000 0.000000 0.000000 0.000000 0.000000 0.000000 0.000000 0.000000 0.000000 0.000000 0.000000 0.000000 0.000000 0.000000 0.000000 0.000000 0.000000 0.000000 0.000000 0.000000 0.000000 0.000000 0.000000 0.000000 0.000000 0.000000 0.000000 0.000000 0.000000 0.000000 0.000000 0.000000 0.000000 0.000000 0.000000 0.198457 -13.731271 1.272977 27.966817 -49.590776 28.858103 4.995748 0.788600 31.443704 -13.532160 1.634295 7.526728 0.000000 0.000000 0.000000 0.000000 0.000000 0.000000 0.000000 0.000000 0.000000 0.000000 0.000000 0.000000 0.000000 0.000000 0.000000 0.000000 0.000000 0.000000 0.000000 0.000000 0.000000 0.000000 0.000000 0.000000 0.000000 0.000000 0.000000 0.000000 0.000000 0.000000 0.000000 0.000000 0.000000 0.000000 0.000000 0.000000 0.000000 0.000000 0.000000 0.000000 0.000000 0.000000
0.075382 2.161483 1.004585 -3.644279 0.355909 -4.511138 -16.811510 5.862856 -5.170470 14.170072 3.037274 -2.897348 -1.363931 -0.840972 11.925271 0.839088 -6.911482 0.141956 5.249897 1.496846 0.339207 42.292123 0.070766 7.571402 6.663209 -6.653141 -0.357918 0.625387 -4.774127 -1.366084 4.295822 1.415246 6.327401 5.391593 -2.624902 -1.274063 -4.828258 3.853200 0.979781 4.719238 -2.899548 0.136658 9.289667 0.260157 -3.824780 5.513072 22.413424 5.987672 15.767864 47.199669 -15.292249 13.236488 2.264786 -15.653590 -0.383539 2.250022 -7.462750 0.000000 0.000000 0.000000 0.000000 0.000000 0.000000 0.000000 0.000000 0.000000 0.000000 0.000000 0.000000 0.000000 0.000000 0.000000 0.000000 0.000000 0.000000 0.000000 0.000000 0.000000 0.000000 0.000000 0.000000 0.000000 0.000000 0.000000 0.000000 0.000000 0.000000 0.000000 0.000000 0.000000 0.000000 0.000000 0.000000 0.000000 0.000000 0.000000 0.000000 0.000000 0.000000 0.099114 -13.834168 1.055599 29.830735 -50.399449 29.618457 4.698688 0.478372 30.475457 -12.240563 1.112980 6.799074 0.000000 0.000000 0.000000 0.000000 0.000000 0.000000 0.000000 0.000000 0.000000 0.000000 0.000000 0.000000 0.000000 0.000000 0.000000 0.000000 0.000000 0.000000 0.000000 0.000000 0.000000 0.000000 0.000000 0.000000 0.000000 0.000000 0.000000 0.000000 0.000000 0.000000 0.000000 0.000000 0.000000 0.000000 0.000000 0.000000 0.000000 0.000000 0.000000 0.000000 0.000000 0.000000
0.078299 2.177004 1.007178 -4.342888 -0.665881 -3.901475 -14.095642 7.123117 -5.260939 14.674039 3.446917 -4.145961 -2.406905 -2.194275 12.488698 0.352863 -7.759213 -0.003350 0.107414 2.739069 1.024329 50.928837 -0.344616 6.509540 9.506907 -6.788561 -0.948684 0.745192 -5.203550 -1.243713 4.610283 2.135564 5.353698 4.763277 -2.782364 -1.440123 -4.000499 4.404008 0.928808 4.727480 -2.702882 0.889984 9.573395 0.726410 -3.029867 5.441343 21.557515 5.294518 16.027045 47.034945 -16.818829 13.280662 2.349995 -15.898103 0.165314 2.110688 -7.412392 0.000000 0.000000 0.000000 0.000000 0.000000 0.000000 0.000000 0.000000 0.000000 0.000000 0.000000 0.000000 0.000000 0.000000 0.000000 0.000000 0.000000 0.000000 0.000000 0.000000 0.000000 0.000000 0.000000 0.000000 0.000000 0.000000 0.000000 0.000000 0.000000 0.000000 0.000000 0.000000 0.000000 0.000000 0.000000 0.000000 0.000000 0.000000 0.000000 0.000000 0.000000 0.000000 -0.073829 -14.182235 0.751433 31.324247 -50.951121 30.165762 4.529455 0.022752 29.334075 -10.928188 0.707525 6.108324 0.000000 0.000000 0.000000 0.000000 0.000000 0.000000 0.000000 0.000000 0.000000 0.000000 0.000000 0.000000 0.000000 0.000000 0.000000 0.000000 0.000000 0.000000 0.000000 0.000000 0.000000 0.000000 0.000000 0.000000 0.000000 0.000000 0.000000 0.000000 0.000000 0.000000 0.000000 0.000000 0.000000 0.000000 0.000000 0.000000 0.000000 0.000000 0.000000 0.000000 0.000000 0.000000
0.078548 2.188267 1.011013 -5.466453 -1.089243 -3.149893 -10.402343 7.852944 -5.156663 14.379219 3.184292 -6.013606 -4.094362 -3.085713 12.968262 0.103256 -8.280053 -0.101254 -4.782486 2.947309 1.772712 57.033642 -0.879656 5.509252 7.103455 -5.000829 -2.982002 0.886879 -5.195830 -1.102005 4.884558 2.579538 4.164605 4.663087 -3.217389 -1.748162 -3.550674 4.806311 0.820480 5.001365 -2.353886 1.558997 9.479923 1.061981 -2.451511 5.365248 20.891780 4.288842 16.402507 46.660076 -18.724796 13.626688 2.323904 -16.247292 0.660562 1.627767 -7.368221 0.000000 0.000000 0.000000 0.000000 0.000000 0.000000 0.000000 0.000000 0.000000 0.000000 0.000000 0.000000 0.000000 0.000000 0.000000 0.000000 0.000000 0.000000 0.000000 0.000000 0.000000 0.000000 0.000000 0.000000 0.000000 0.000000 0.000000 0.000000 0.000000 0.000000 0.000000 0.000000 0.000000 0.000000 0.000000 0.000000 0.000000 0.000000 0.000000 0.000000 0.000000 0.000000 0.019658 -14.728281 0.672976 31.949410 -51.121430 30.022238 4.919942 -0.330740 28.173299 -9.774061 0.253093 5.763164 0.000000 0.000000 0.000000 0.000000 0.000000 0.000000 0.000000 0.000000 0.000000 0.000000 0.000000 0.000000 0.000000 0.000000 0.000000 0.000000 0.000000 0.000000 0.000000 0.000000 0.000000 0.000000 0.000000 0.000000 0.000000 0.000000 0.000000 0.000000 0.000000 0.000000 0.000000 0.000000 0.000000 0.000000 0.000000 0.000000 0.000000 0.000000 0.000000 0.000000 0.000000 0.000000
0.078208 2.196480 1.015756 -6.841166 -1.260339 -2.222583 -5.356308 8.202255 -4.647452 12.262526 2.491158 -8.556262 -6.115503 -3.157808 12.894847 0.273696 -8.494986 -0.126941 -9.834081 2.751388 2.649936 60.361717 -1.630840 4.584499 2.439959 -2.944797 -5.274012 1.056067 -4.786443 -0.997119 5.519491 2.881681 2.696189 4.816012 -3.849908 -2.278325 -3.514187 5.083728 0.688033 5.174878 -1.809068 2.371400 9.556333 1.654913 -1.709312 5.230200 20.429886 3.195130 16.655564 46.367643 -20.570993 13.969695 2.026239 -16.855371 1.365569 1.265681 -7.129144 0.000000 0.000000 0.000000 0.000000 0.000000 0.000000 0.000000 0.000000 0.000000 0.000000 0.000000 0.000000 0.000000 0.000000 0.000000 0.000000 0.000000 0.000000 0.000000 0.000000 0.000000 0.000000 0.000000 0.000000 0.000000 0.000000 0.000000 0.000000 0.000000 0.000000 0.000000 0.000000 0.000000 0.000000 0.000000 0.000000 0.000000 0.000000 0.000000 0.000000 0.000000 0.000000 0.102125 -15.375793 0.617154 32.231875 -51.210546 29.665153 5.524155 -0.551656 26.961673 -8.461690 -0.295926 5.377258 0.000000 0.000000 0.000000 0.000000 0.000000 0.000000 0.000000 0.000000 0.000000 0.000000 0.000000 0.000000 0.000000 0.000000 0.000000 0.000000 0.000000 0.000000 0.000000 0.000000 0.000000 0.000000 0.000000 0.000000 0.000000 0.000000 0.000000 0.000000 0.000000 0.000000 0.000000 0.000000 0.000000 0.000000 0.000000 0.000000 0.000000 0.000000 0.000000 0.000000 0.000000 0.000000
0.075290 2.206540 1.020038 -7.672169 -0.850299 -1.125763 -1.168063 7.846479 -3.998736 10.539189 1.832239 -10.720073 -7.720547 -2.765895 12.403148 0.481956 -8.384732 -0.124181 -13.814608 2.044553 3.195725 59.698912 -2.515826 3.269079 -1.299433 -1.660242 -6.935049 1.128283 -4.250889 -0.956274 6.280546 2.656231 1.353854 4.792112 -4.315525 -2.628186 -3.586832 4.953880 0.466922 5.239323 -1.173034 2.820401 9.345307 1.796136 -0.738736 5.092376 19.850198 2.324905 16.946781 46.209062 -22.610010 13.977547 1.839116 -17.602312 1.473151 0.481838 -7.438165 0.000000 0.000000 0.000000 0.000000 0.000000 0.000000 0.000000 0.000000 0.000000 0.000000 0.000000 0.000000 0.000000 0.000000 0.000000 0.000000 0.000000 0.000000 0.000000 0.000000 0.000000 0.000000 0.000000 0.000000 0.000000 0.000000 0.000000 0.000000 0.000000 0.000000 0.000000 0.000000 0.000000 0.000000 0.000000 0.000000 0.000000 0.000000 0.000000 0.000000 0.000000 0.000000 0.230112 -15.590179 0.377778 32.203575 -51.258928 28.893171 6.322057 -0.728557 26.288395 -7.778408 -0.614716 5.601327 0.000000 0.000000 0.000000 0.000000 0.000000 0.000000 0.000000 0.000000 0.000000 0.000000 0.000000 0.000000 0.000000 0.000000 0.000000 0.000000 0.000000 0.000000 0.000000 0.000000 0.000000 0.000000 0.000000 0.000000 0.000000 0.000000 0.000000 0.000000 0.000000 0.000000 0.000000 0.000000 0.000000 0.000000 0.000000 0.000000 0.000000 0.000000 0.000000 0.000000 0.000000 0.000000
0.073432 2.218047 1.022780 -8.088967 -0.466256 0.058930 2.709014 7.314532 -3.356200 8.680897 1.172233 -12.624558 -8.849804 -2.251659 11.845124 0.880708 -7.971088 -0.117361 -17.158178 1.292897 3.670634 55.913311 -3.075387 1.511159 -3.932842 -1.226137 -8.230371 1.275085 -3.497755 -0.900667 7.154443 2.355878 0.174968 4.901456 -4.812833 -2.968099 -4.158434 4.644609 0.262753 5.368919 -0.520170 2.900757 9.066162 1.713416 0.258656 5.210403 19.360938 1.533805 17.085020 46.232413 -24.728311 13.783966 1.538690 -18.287928 1.150044 -0.292680 -7.921442 0.000000 0.000000 0.000000 0.000000 0.000000 0.000000 0.000000 0.000000 0.000000 0.000000 0.000000 0.000000 0.000000 0.000000 0.000000 0.000000 0.000000 0.000000 0.000000 0.000000 0.000000 0.000000 0.000000 0.000000 0.000000 0.000000 0.000000 0.000000 0.000000 0.000000 0.000000 0.000000 0.000000 0.000000 0.000000 0.000000 0.000000 0.000000 0.000000 0.000000 0.000000 0.000000 0.752617 -15.586388 0.136719 31.990583 -51.351762 28.010011 6.893578 -0.868963 25.884259 -7.550268 -0.787443 5.948385 0.000000 0.000000 0.000000 0.000000 0.000000 0.000000 0.000000 0.000000 0.000000 0.000000 0.000000 0.000000 0.000000 0.000000 0.000000 0.000000 0.000000 0.000000 0.000000 0.000000 0.000000 0.000000 0.000000 0.000000 0.000000 0.000000 0.000000 0.000000 0.000000 0.000000 0.000000 0.000000 0.000000 0.000000 0.000000 0.000000 0.000000 0.000000 0.000000 0.000000 0.000000 0.000000
0.072082 2.229391 1.023390 -8.317433 -0.064471 1.018243 5.884316 6.708733 -2.689620 7.672203 0.683182 -14.306864 -9.963803 -1.824465 11.172062 1.174316 -7.387839 -0.105158 -19.540857 0.641018 3.941136 49.354247 -3.269501 -0.315493 -5.393113 -1.523398 -9.335722 1.371675 -2.746213 -0.808348 7.897938 2.082957 -0.770487 4.860487 -5.172916 -3.326810 -4.701238 4.277489 0.070503 5.257081 0.052249 2.802179 8.846514 1.389102 1.230537 5.251706 18.779748 0.887324 17.237456 46.100764 -26.780603 13.658682 1.388340 -19.349181 0.608043 -1.092845 -8.403350 0.000000 0.000000 0.000000 0.000000 0.000000 0.000000 0.000000 0.000000 0.000000 0.000000 0.000000 0.000000 0.000000 0.000000 0.000000 0.000000 0.000000 0.000000 0.000000 0.000000 0.000000 0.000000 0.000000 0.000000 0.000000 0.000000 0.000000 0.000000 0.000000 0.000000 0.000000 0.000000 0.000000 0.000000 0.000000 0.000000 0.000000 0.000000 0.000000 0.000000 0.000000 0.000000 1.347439 -15.546727 -0.264983 31.846362 -51.305921 27.281082 7.205762 -1.140331 25.540071 -7.338350 -1.145569 6.137675 0.000000 0.000000 0.000000 0.000000 0.000000 0.000000 0.000000 0.000000 0.000000 0.000000 0.000000 0.000000 0.000000 0.000000 0.000000 0.000000 0.000000 0.000000 0.000000 0.000000 0.000000 0.000000 0.000000 0.000000 0.000000 0.000000 0.000000 0.000000 0.000000 0.000000 0.000000 0.000000 0.000000 0.000000 0.000000 0.000000 0.000000 0.000000 0.000000 0.000000 0.000000 0.000000
0.071642 2.240364 1.022020 -8.325037 0.273557 1.938598 8.691703 5.961296 -2.172729 6.989346 0.455364 -15.856130 -11.339951 -1.626026 10.234741 1.382627 -6.568816 -0.233572 -20.984209 0.042319 4.207013 39.100623 -2.869365 -2.120466 -4.949118 -3.180787 -10.052357 1.477588 -1.929455 -0.629677 8.458723 2.098507 -1.579896 4.901740 -5.746098 -3.683310 -5.698649 3.880947 -0.052632 5.302992 0.586883 2.434583 8.533577 1.020205 2.089300 5.580588 18.107428 0.127742 17.127591 45.991271 -28.463832 12.872331 1.250790 -21.040928 -0.180080 -1.975317 -9.036997 0.000000 0.000000 0.000000 0.000000 0.000000 0.000000 0.000000 0.000000 0.000000 0.000000 0.000000 0.000000 0.000000 0.000000 0.000000 0.000000 0.000000 0.000000 0.000000 0.000000 0.000000 0.000000 0.000000 0.000000 0.000000 0.000000 0.000000 0.000000 0.000000 0.000000 0.000000 0.000000 0.000000 0.000000 0.000000 0.000000 0.000000 0.000000 0.000000 0.000000 0.000000 0.000000 2.332505 -15.615115 -0.766609 31.741126 -51.019249 26.458291 6.667253 -1.608950 25.354313 -7.020868 -1.617090 6.462874 0.000000 0.000000 0.000000 0.000000 0.000000 0.000000 0.000000 0.000000 0.000000 0.000000 0.000000 0.000000 0.000000 0.000000 0.000000 0.000000 0.000000 0.000000 0.000000 0.000000 0.000000 0.000000 0.000000 0.000000 0.000000 0.000000 0.000000 0.000000 0.000000 0.000000 0.000000 0.000000 0.000000 0.000000 0.000000 0.000000 0.000000 0.000000 0.000000 0.000000 0.000000 0.000000
0.073711 2.248542 1.019487 -8.760982 0.269694 2.659293 11.602173 5.348682 -1.541878 6.162040 0.380058 -16.889151 -12.595990 -1.603267 9.190642 1.495167 -5.952958 -0.190538 -21.414807 -0.208395 4.132013 28.873995 -2.224350 -3.226927 -3.842118 -4.971220 -10.097818 1.540290 -1.479929 -0.561400 8.782960 2.164456 -2.195571 4.892265 -6.022552 -3.930387 -5.946098 3.517448 -0.251664 5.158695 0.890651 2.366886 8.240662 0.707571 2.842119 5.528803 17.542036 -0.408268 16.824114 45.875380 -29.677578 12.282812 0.913635 -22.565076 -0.928184 -2.668041 -9.594346 0.000000 0.000000 0.000000 0.000000 0.000000 0.000000 0.000000 0.000000 0.000000 0.000000 0.000000 0.000000 0.000000 0.000000 0.000000 0.000000 0.000000 0.000000 0.000000 0.000000 0.000000 0.000000 0.000000 0.000000 0.000000 0.000000 0.000000 0.000000 0.000000 0.000000 0.000000 0.000000 0.000000 0.000000 0.000000 0.000000 0.000000 0.000000 0.000000 0.000000 0.000000 0.000000 2.818874 -15.571520 -1.091761 31.810188 -50.902962 26.105544 6.229349 -1.862885 25.152275 -6.552953 -2.107263 6.234334 0.000000 0.000000 0.000000 0.000000 0.000000 0.000000 0.000000 0.000000 0.000000 0.000000 0.000000 0.000000 0.000000 0.000000 0.000000 0.000000 0.000000 0.000000 0.000000 0.000000 0.000000 0.000000 0.000000 0.000000 0.000000 0.000000 0.000000 0.000000 0.000000 0.000000 0.000000 0.000000 0.000000 0.000000 0.000000 0.000000 0.000000 0.000000 0.000000 0.000000 0.000000 0.000000
0.077723 2.254846 1.016353 -9.632649 -0.001173 3.487713 14.586751 5.020288 -0.855373 5.548666 0.190219 -17.843021 -14.155969 -1.766953 8.197099 1.644714 -5.212588 -0.154090 -20.909012 -0.220424 3.877583 17.729202 -1.093593 -3.637980 -2.599929 -7.299255 -9.842551 1.619744 -0.848080 -0.525889 9.107290 2.525206 -2.624276 5.121789 -6.399505 -4.196871 -6.402247 3.243036 -0.358253 4.989704 1.207133 2.223268 8.286499 0.440265 3.723726 5.623888 17.282312 -0.916712 16.181007 45.572638 -30.345957 11.558498 0.721277 -23.997975 -1.435580 -3.448637 -10.094425 0.000000 0.000000 0.000000 0.000000 0.000000 0.000000 0.000000 0.000000 0.000000 0.000000 0.000000 0.000000 0.000000 0.000000 0.000000 0.000000 0.000000 0.000000 0.000000 0.000000 0.000000 0.000000 0.000000 0.000000 0.000000 0.000000 0.000000 0.000000 0.000000 0.000000 0.000000 0.000000 0.000000 0.000000 0.000000 0.000000 0.000000 0.000000 0.000000 0.000000 0.000000 0.000000 3.300878 -15.713239 -1.369577 31.621298 -50.628624 25.553885 5.576351 -2.115188 25.062494 -6.122971 -2.493082 6.027848 0.000000 0.000000 0.000000 0.000000 0.000000 0.000000 0.000000 0.000000 0.000000 0.000000 0.000000 0.000000 0.000000 0.000000 0.000000 0.000000 0.000000 0.000000 0.000000 0.000000 0.000000 0.000000 0.000000 0.000000 0.000000 0.000000 0.000000 0.000000 0.000000 0.000000 0.000000 0.000000 0.000000 0.000000 0.000000 0.000000 0.000000 0.000000 0.000000 0.000000 0.000000 0.000000
0.082053 2.262096 1.012761 -10.492313 -0.276984 4.477308 17.393778 4.633239 -0.136626 5.506234 -0.146988 -18.689457 -15.999451 -1.926476 7.398954 1.839272 -4.565618 -0.106124 -20.184066 -0.356044 3.493811 8.292181 -0.007962 -3.490142 -1.709384 -9.354963 -9.429272 1.786584 -0.279418 -0.549041 9.181466 2.765960 -3.045263 5.192629 -6.672899 -4.516379 -6.355515 3.051441 -0.502408 4.733566 1.316372 2.139411 8.365308 0.250488 4.447167 5.424701 17.108105 -1.366689 15.699440 45.327436 -30.884330 11.066122 0.638329 -25.081043 -1.349041 -4.366629 -10.350443 0.000000 0.000000 0.000000 0.000000 0.000000 0.000000 0.000000 0.000000 0.000000 0.000000 0.000000 0.000000 0.000000 0.000000 0.000000 0.000000 0.000000 0.000000 0.000000 0.000000 0.000000 0.000000 0.000000 0.000000 0.000000 0.000000 0.000000 0.000000 0.000000 0.000000 0.000000 0.000000 0.000000 0.000000 0.000000 0.000000 0.000000 0.000000 0.000000 0.000000 0.000000 0.000000 3.418096 -15.956413 -1.626910 31.603244 -50.362589 25.095619 4.902741 -2.388811 24.811765 -5.656803 -2.698350 5.693127 0.000000 0.000000 0.000000 0.000000 0.000000 0.000000 0.000000 0.000000 0.000000 0.000000 0.000000 0.000000 0.000000 0.000000 0.000000 0.000000 0.000000 0.000000 0.000000 0.000000 0.000000 0.000000 0.000000 0.000000 0.000000 0.000000 0.000000 0.000000 0.000000 0.000000 0.000000 0.000000 0.000000 0.000000 0.000000 0.000000 0.000000 0.000000 0.000000 0.000000 0.000000 0.000000
0.085846 2.276190 1.008603 -10.581374 -0.434174 5.377841 19.595634 4.197748 0.427496 6.406938 -0.664308 -19.767503 -17.826669 -1.948461 6.947953 1.773573 -4.423172 -0.143223 -20.188410 -0.643723 3.347972 4.497146 0.537970 -3.147096 -1.535852 -9.936867 -9.287315 1.843232 -0.053323 -0.511367 9.010745 2.665214 -3.436078 5.178701 -6.767684 -4.771281 -6.008848 3.071297 -0.648446 4.536484 1.316530 2.276893 8.214674 0.249840 5.069299 5.127169 17.167651 -1.626013 15.367115 45.081936 -30.972085 10.913065 0.211714 -26.285615 -0.957842 -5.014601 -10.452242 0.000000 0.000000 0.000000 0.000000 0.000000 0.000000 0.000000 0.000000 0.000000 0.000000 0.000000 0.000000 0.000000 0.000000 0.000000 0.000000 0.000000 0.000000 0.000000 0.000000 0.000000 0.000000 0.000000 0.000000 0.000000 0.000000 0.000000 0.000000 0.000000 0.000000 0.000000 0.000000 0.000000 0.000000 0.000000 0.000000 0.000000 0.000000 0.000000 0.000000 0.000000 0.000000 3.277857 -16.319618 -1.850138 31.553014 -50.237358 24.511890 4.398275 -2.405217 24.622583 -5.378844 -2.576907 5.464761 0.000000 0.000000 0.000000 0.000000 0.000000 0.000000 0.000000 0.000000 0.000000 0.000000 0.000000 0.000000 0.000000 0.000000 0.000000 0.000000 0.000000 0.000000 0.000000 0.000000 0.000000 0.000000 0.000000 0.000000 0.000000 0.000000 0.000000 0.000000 0.000000 0.000000 0.000000 0.000000 0.000000 0.000000 0.000000 0.000000 0.000000 0.000000 0.000000 0.000000 0.000000 0.000000
0.087351 2.300074 1.004287 -9.665066 -0.173914 6.207804 20.860890 3.284840 0.785980 8.507170 -1.267685 -20.713065 -18.845558 -1.531026 6.633389 1.597294 -4.573680 -0.227640 -20.834879 -1.213635 3.520511 5.794209 0.278759 -2.976951 -1.285011 -9.224403 -9.493874 1.732397 0.061571 -0.371467 8.409732 2.114078 -3.731699 5.326891 -6.901944 -4.941904 -6.050462 3.223967 -0.719337 4.547532 1.354687 2.394415 8.349829 0.529250 5.516893 5.195264 17.551124 -1.715881 15.211325 45.016465 -30.902176 11.061891 -0.407593 -26.748284 -0.251061 -5.058756 -10.656070 0.000000 0.000000 0.000000 0.000000 0.000000 0.000000 0.000000 0.000000 0.000000 0.000000 0.000000 0.000000 0.000000 0.000000 0.000000 0.000000 0.000000 0.000000 0.000000 0.000000 0.000000 0.000000 0.000000 0.000000 0.000000 0.000000 0.000000 0.000000 0.000000 0.000000 0.000000 0.000000 0.000000 0.000000 0.000000 0.000000 0.000000 0.000000 0.000000 0.000000 0.000000 0.000000 3.279536 -16.729103 -2.067949 31.084722 -50.045323 23.686799 4.414299 -2.319343 24.013948 -5.184855 -2.613081 5.471490 0.000000 0.000000 0.000000 0.000000 0.000000 0.000000 0.000000 0.000000 0.000000 0.000000 0.000000 0.000000 0.000000 0.000000 0.000000 0.000000 0.000000 0.000000 0.000000 0.000000 0.000000 0.000000 0.000000 0.000000 0.000000 0.000000 0.000000 0.000000 0.000000 0.000000 0.000000 0.000000 0.000000 0.000000 0.000000 0.000000 0.000000 0.000000 0.000000 0.000000 0.000000 0.000000
0.087999 2.328908 1.001184 -8.463022 0.323293 6.757120 20.914375 2.029069 0.769567 12.502836 -1.830421 -21.026271 -17.901081 -0.388135 6.808579 1.486142 -4.903232 -0.244692 -21.816901 -2.146769 3.917150 9.946266 -0.426797 -3.032053 -0.686546 -7.824627 -9.670965 1.560546 -0.084278 -0.226694 7.498858 1.142886 -4.014177 5.077257 -6.799579 -4.963288 -5.717566 3.355224 -0.842078 4.555097 1.426969 2.570870 8.552678 0.892280 5.972595 5.104057 18.203674 -1.434971 15.278014 45.247782 -30.279929 11.193281 -1.000006 -27.043435 0.297805 -4.737517 -10.968682 0.000000 0.000000 0.000000 0.000000 0.000000 0.000000 0.000000 0.000000 0.000000 0.000000 0.000000 0.000000 0.000000 0.000000 0.000000 0.000000 0.000000 0.000000 0.000000 0.000000 0.000000 0.000000 0.000000 0.000000 0.000000 0.000000 0.000000 0.000000 0.000000 0.000000 0.000000 0.000000 0.000000 0.000000 0.000000 0.000000 0.000000 0.000000 0.000000 0.000000 0.000000 0.000000 3.132175 -17.213144 -2.239985 30.434298 -49.682296 22.708964 5.190285 -2.237892 23.382191 -4.669091 -2.792379 5.610783 0.000000 0.000000 0.000000 0.000000 0.000000 0.000000 0.000000 0.000000 0.000000 0.000000 0.000000 0.000000 0.000000 0.000000 0.000000 0.000000 0.000000 0.000000 0.000000 0.000000 0.000000 0.000000 0.000000 0.000000 0.000000 0.000000 0.000000 0.000000 0.000000 0.000000 0.000000 0.000000 0.000000 0.000000 0.000000 0.000000 0.000000 0.000000 0.000000 0.000000 0.000000 0.000000
0.087762 2.358352 1.000322 -7.451007 1.048945 6.938245 19.739625 0.467479 0.704999 19.088226 -2.285016 -20.765842 -13.897205 1.678869 7.315571 1.472230 -5.182125 -0.187609 -22.981727 -3.274459 4.463200 16.013668 -1.405845 -3.130870 0.309970 -6.032272 -9.581579 1.390276 -0.407820 -0.135627 6.678529 -0.066409 -4.265526 4.568078 -6.469982 -4.780530 -5.080693 3.408987 -0.949684 4.525540 1.434266 2.859804 8.785575 1.378173 6.242130 4.928686 18.975875 -0.851523 15.495002 45.699083 -29.299413 11.544961 -1.712235 -27.128279 0.132315 -3.991919 -11.182588 0.000000 0.000000 0.000000 0.000000 0.000000 0.000000 0.000000 0.000000 0.000000 0.000000 0.000000 0.000000 0.000000 0.000000 0.000000 0.000000 0.000000 0.000000 0.000000 0.000000 0.000000 0.000000 0.000000 0.000000 0.000000 0.000000 0.000000 0.000000 0.000000 0.000000 0.000000 0.000000 0.000000 0.000000 0.000000 0.000000 0.000000 0.000000 0.000000 0.000000 0.000000 0.000000 3.037515 -17.679052 -2.205074 29.517713 -49.356759 21.796848 6.010442 -2.055323 22.836679 -4.811917 -3.139069 5.563638 0.000000 0.000000 0.000000 0.000000 0.000000 0.000000 0.000000 0.000000 0.000000 0.000000 0.000000 0.000000 0.000000 0.000000 0.000000 0.000000 0.000000 0.000000 0.000000 0.000000 0.000000 0.000000 0.000000 0.000000 0.000000 0.000000 0.000000 0.000000 0.000000 0.000000 0.000000 0.000000 0.000000 0.000000 0.000000 0.000000 0.000000 0.000000 0.000000 0.000000 0.000000 0.000000
0.085642 2.386239 1.002182 -6.714050 2.108063 6.642001 16.567379 -1.469288 0.890788 28.426656 -2.394318 -19.345987 -6.896784 4.822742 6.855039 1.695010 -5.118565 -0.123249 -23.437769 -4.886752 4.652394 21.275225 -2.529047 -3.466604 1.039662 -3.846299 -9.206461 1.304525 -0.606522 -0.172974 6.209173 -1.323086 -4.422805 4.095189 -6.104204 -4.423468 -4.464537 3.247267 -1.142509 4.436495 1.530590 3.006097 8.970367 1.654025 6.602399 4.902798 19.560649 -0.179609 15.669103 46.421138 -28.069576 12.110345 -2.056533 -26.519850 -0.400200 -3.335706 -10.936664 0.000000 0.000000 0.000000 0.000000 0.000000 0.000000 0.000000 0.000000 0.000000 0.000000 0.000000 0.000000 0.000000 0.000000 0.000000 0.000000 0.000000 0.000000 0.000000 0.000000 0.000000 0.000000 0.000000 0.000000 0.000000 0.000000 0.000000 0.000000 0.000000 0.000000 0.000000 0.000000 0.000000 0.000000 0.000000 0.000000 0.000000 0.000000 0.000000 0.000000 0.000000 0.000000 3.139327 -17.758890 -1.936089 28.506523 -48.988315 21.323485 6.861702 -2.218373 22.356123 -5.624183 -3.398329 5.199857 0.000000 0.000000 0.000000 0.000000 0.000000 0.000000 0.000000 0.000000 0.000000 0.000000 0.000000 0.000000 0.000000 0.000000 0.000000 0.000000 0.000000 0.000000 0.000000 0.000000 0.000000 0.000000 0.000000 0.000000 0.000000 0.000000 0.000000 0.000000 0.000000 0.000000 0.000000 0.000000 0.000000 0.000000 0.000000 0.000000 0.000000 0.000000 0.000000 0.000000 0.000000 0.000000
0.084095 2.407931 1.006587 -6.704559 2.969935 6.031969 12.053618 -3.018709 0.854018 38.690358 -2.248284 -16.530757 1.043966 7.556998 6.038246 1.836138 -4.692680 -0.049796 -22.201129 -6.408683 4.585190 23.818238 -3.102739 -3.452440 0.979796 -1.378151 -8.647216 1.189838 -0.964026 -0.426391 6.279867 -2.438537 -4.209887 3.512009 -5.540928 -4.162512 -3.465591 2.892245 -1.359202 4.042963 1.522480 3.110623 9.386770 1.740489 6.879345 4.444096 19.710076 0.226299 16.064505 47.414761 -27.212917 12.931517 -2.208387 -25.292934 -0.932332 -2.454703 -10.416179 0.000000 0.000000 0.000000 0.000000 0.000000 0.000000 0.000000 0.000000 0.000000 0.000000 0.000000 0.000000 0.000000 0.000000 0.000000 0.000000 0.000000 0.000000 0.000000 0.000000 0.000000 0.000000 0.000000 0.000000 0.000000 0.000000 0.000000 0.000000 0.000000 0.000000 0.000000 0.000000 0.000000 0.000000 0.000000 0.000000 0.000000 0.000000 0.000000 0.000000 0.000000 0.000000 2.727211 -17.435305 -1.497276 27.838518 -48.972797 21.089487 7.396149 -2.085182 22.399765 -6.750947 -3.378178 4.814040 0.000000 0.000000 0.000000 0.000000 0.000000 0.000000 0.000000 0.000000 0.000000 0.000000 0.000000 0.000000 0.000000 0.000000 0.000000 0.000000 0.000000 0.000000 0.000000 0.000000 0.000000 0.000000 0.000000 0.000000 0.000000 0.000000 0.000000 0.000000 0.000000 0.000000 0.000000 0.000000 0.000000 0.000000 0.000000 0.000000 0.000000 0.000000 0.000000 0.000000 0.000000 0.000000
0.083223 2.425043 1.012571 -7.072635 3.548287 5.584824 6.511750 -4.079097 0.379477 48.274604 -1.864449 -13.064574 6.599718 8.677093 5.967145 1.654055 -4.334620 -0.101910 -19.667243 -7.628899 4.434448 24.703319 -3.307067 -2.891301 -0.137678 0.876552 -7.861776 1.046184 -1.306094 -0.631189 6.715496 -3.295422 -3.477161 3.160749 -5.084493 -3.976834 -2.800197 2.519478 -1.448490 3.428767 1.337106 3.082291 9.458857 1.605330 7.037154 4.102318 19.764749 0.317354 16.622783 48.232379 -26.543951 14.322770 -2.182471 -24.032143 -1.515942 -1.692073 -9.985346 0.000000 0.000000 0.000000 0.000000 0.000000 0.000000 0.000000 0.000000 0.000000 0.000000 0.000000 0.000000 0.000000 0.000000 0.000000 0.000000 0.000000 0.000000 0.000000 0.000000 0.000000 0.000000 0.000000 0.000000 0.000000 0.000000 0.000000 0.000000 0.000000 0.000000 0.000000 0.000000 0.000000 0.000000 0.000000 0.000000 0.000000 0.000000 0.000000 0.000000 0.000000 0.000000 2.258329 -17.054323 -0.985081 27.427110 -48.886029 21.100043 7.728455 -1.885068 22.798609 -7.943252 -2.534555 4.876785 0.000000 0.000000 0.000000 0.000000 0.000000 0.000000 0.000000 0.000000 0.000000 0.000000 0.000000 0.000000 0.000000 0.000000 0.000000 0.000000 0.000000 0.000000 0.000000 0.000000 0.000000 0.000000 0.000000 0.000000 0.000000 0.000000 0.000000 0.000000 0.000000 0.000000 0.000000 0.000000 0.000000 0.000000 0.000000 0.000000 0.000000 0.000000 0.000000 0.000000 0.000000 0.000000
0.083125 2.438477 1.019693 -7.614940 3.806484 4.743476 0.756910 -4.518707 -0.405301 55.615810 -1.112181 -10.376399 7.409253 8.013183 6.837693 1.441286 -4.269876 -0.191747 -16.151436 -8.655710 4.068856 23.970476 -2.964927 -1.946902 -1.564711 2.362458 -7.195953 0.894884 -1.755264 -0.753478 7.426669 -3.859400 -2.378545 2.690264 -4.590122 -3.739173 -2.307103 2.169475 -1.455536 3.046828 1.238502 3.107100 9.404672 1.621218 7.106597 3.933322 19.844270 0.583654 17.004286 48.785850 -25.605386 15.805797 -1.891162 -22.984019 -2.281144 -0.943532 -9.627080 0.000000 0.000000 0.000000 0.000000 0.000000 0.000000 0.000000 0.000000 0.000000 0.000000 0.000000 0.000000 0.000000 0.000000 0.000000 0.000000 0.000000 0.000000 0.000000 0.000000 0.000000 0.000000 0.000000 0.000000 0.000000 0.000000 0.000000 0.000000 0.000000 0.000000 0.000000 0.000000 0.000000 0.000000 0.000000 0.000000 0.000000 0.000000 0.000000 0.000000 0.000000 0.000000 1.676331 -16.445644 -0.617846 27.180763 -48.955439 21.320308 8.401807 -1.440018 23.566614 -8.744937 -1.559307 4.999554 0.000000 0.000000 0.000000 0.000000 0.000000 0.000000 0.000000 0.000000 0.000000 0.000000 0.000000 0.000000 0.000000 0.000000 0.000000 0.000000 0.000000 0.000000 0.000000 0.000000 0.000000 0.000000 0.000000 0.000000 0.000000 0.000000 0.000000 0.000000 0.000000 0.000000 0.000000 0.000000 0.000000 0.000000 0.000000 0.000000 0.000000 0.000000 0.000000 0.000000 0.000000 0.000000
0.084541 2.447830 1.028069 -8.517121 3.675467 3.783699 -4.529679 -4.223943 -1.354294 60.046166 -0.014813 -8.453065 4.243365 6.148440 8.237463 1.268296 -4.393034 -0.317735 -11.588463 -9.120700 3.554705 21.891554 -2.254056 -0.809545 -3.093820 2.999314 -6.577537 0.750645 -2.241173 -0.833397 8.244022 -3.972606 -0.868815 2.455754 -4.188457 -3.558484 -2.119435 1.970447 -1.322753 3.243875 0.960742 3.052957 9.236504 1.589264 6.633123 3.921331 19.848527 0.883059 17.275394 49.167389 -24.627851 17.148259 -1.496147 -22.433434 -2.836850 -0.292751 -9.725142 0.000000 0.000000 0.000000 0.000000 0.000000 0.000000 0.000000 0.000000 0.000000 0.000000 0.000000 0.000000 0.000000 0.000000 0.000000 0.000000 0.000000 0.000000 0.000000 0.000000 0.000000 0.000000 0.000000 0.000000 0.000000 0.000000 0.000000 0.000000 0.000000 0.000000 0.000000 0.000000 0.000000 0.000000 0.000000 0.000000 0.000000 0.000000 0.000000 0.000000 0.000000 0.000000 1.145532 -15.827410 -0.332490 26.904106 -49.189111 21.758440 8.850586 -1.003902 24.165138 -9.122258 -0.441860 5.378194 0.000000 0.000000 0.000000 0.000000 0.000000 0.000000 0.000000 0.000000 0.000000 0.000000 0.000000 0.000000 0.000000 0.000000 0.000000 0.000000 0.000000 0.000000 0.000000 0.000000 0.000000 0.000000 0.000000 0.000000 0.000000 0.000000 0.000000 0.000000 0.000000 0.000000 0.000000 0.000000 0.000000 0.000000 0.000000 0.000000 0.000000 0.000000 0.000000 0.000000 0.000000 0.000000
0.087646 2.457038 1.036458 -9.195511 3.217688 2.561950 -9.293363 -3.587725 -2.226710 61.002138 1.536337 -7.089294 0.183827 4.050625 9.391555 1.089531 -4.547428 -0.433249 -6.548276 -8.990790 2.863740 18.576688 -1.415257 0.342087 -4.168020 3.054848 -6.046376 0.539144 -2.783252 -0.912213 8.820404 -3.677697 0.855462 2.439674 -3.833497 -3.292338 -2.250188 1.949016 -1.009700 3.644618 0.652716 3.063404 8.757682 1.410021 5.906323 4.076425 20.031342 1.438743 17.128126 49.209017 -23.131346 18.033173 -0.994862 -22.299491 -3.178002 -0.025117 -9.854904 0.000000 0.000000 0.000000 0.000000 0.000000 0.000000 0.000000 0.000000 0.000000 0.000000 0.000000 0.000000 0.000000 0.000000 0.000000 0.000000 0.000000 0.000000 0.000000 0.000000 0.000000 0.000000 0.000000 0.000000 0.000000 0.000000 0.000000 0.000000 0.000000 0.000000 0.000000 0.000000 0.000000 0.000000 0.000000 0.000000 0.000000 0.000000 0.000000 0.000000 0.000000 0.000000 0.845920 -15.335171 -0.113150 26.526474 -49.439509 22.271312 8.799534 -0.675048 24.840935 -9.346218 0.456213 5.657696 0.000000 0.000000 0.000000 0.000000 0.000000 0.000000 0.000000 0.000000 0.000000 0.000000 0.000000 0.000000 0.000000 0.000000 0.000000 0.000000 0.000000 0.000000 0.000000 0.000000 0.000000 0.000000 0.000000 0.000000 0.000000 0.000000 0.000000 0.000000 0.000000 0.000000 0.000000 0.000000 0.000000 0.000000 0.000000 0.000000 0.000000 0.000000 0.000000 0.000000 0.000000 0.000000
0.092130 2.467766 1.043594 -9.496259 2.566200 1.222631 -12.945980 -2.644808 -2.964832 58.025530 3.020684 -6.025873 -3.091321 2.290354 10.003962 0.944786 -4.588172 -0.461488 -2.088682 -8.302888 2.077911 15.344990 -0.741875 1.450379 -4.514902 2.486990 -5.442552 0.341792 -3.364750 -1.019099 9.038566 -3.075506 2.492406 2.378068 -3.491819 -2.928490 -2.450200 2.028560 -0.590448 4.310442 0.395696 3.294561 8.472494 1.239133 5.230059 4.267168 20.363524 2.130891 16.974384 48.864338 -21.610238 18.382464 -0.305455 -22.520747 -3.415622 0.043898 -10.071703 0.000000 0.000000 0.000000 0.000000 0.000000 0.000000 0.000000 0.000000 0.000000 0.000000 0.000000 0.000000 0.000000 0.000000 0.000000 0.000000 0.000000 0.000000 0.000000 0.000000 0.000000 0.000000 0.000000 0.000000 0.000000 0.000000 0.000000 0.000000 0.000000 0.000000 0.000000 0.000000 0.000000 0.000000 0.000000 0.000000 0.000000 0.000000 0.000000 0.000000 0.000000 0.000000 0.703190 -15.092482 0.083466 26.207273 -49.388689 22.841900 8.231235 -0.740800 25.576617 -9.762910 0.960413 5.971600 0.000000 0.000000 0.000000 0.000000 0.000000 0.000000 0.000000 0.000000 0.000000 0.000000 0.000000 0.000000 0.000000 0.000000 0.000000 0.000000 0.000000 0.000000 0.000000 0.000000 0.000000 0.000000 0.000000 0.000000 0.000000 0.000000 0.000000 0.000000 0.000000 0.000000 0.000000 0.000000 0.000000 0.000000 0.000000 0.000000 0.000000 0.000000 0.000000 0.000000 0.000000 0.000000
0.097235 2.478797 1.048725 -9.828350 1.867770 -0.035112 -15.016281 -1.787653 -3.381800 49.910302 3.923124 -4.701541 -5.304014 1.525069 10.522778 1.096055 -4.467230 -0.344967 2.188435 -7.461975 0.984593 11.944667 -0.032906 2.189211 -4.433464 1.513449 -4.662736 0.216456 -3.748378 -1.204838 9.354300 -2.394147 3.841822 2.511523 -2.976899 -2.488331 -2.548736 2.050451 -0.183498 4.459291 0.089820 3.438237 7.998161 0.865239 4.537639 4.244566 20.787261 2.842738 16.871960 48.527293 -20.000041 18.490240 0.304849 -22.300394 -3.124296 0.100231 -9.965507 0.000000 0.000000 0.000000 0.000000 0.000000 0.000000 0.000000 0.000000 0.000000 0.000000 0.000000 0.000000 0.000000 0.000000 0.000000 0.000000 0.000000 0.000000 0.000000 0.000000 0.000000 0.000000 0.000000 0.000000 0.000000 0.000000 0.000000 0.000000 0.000000 0.000000 0.000000 0.000000 0.000000 0.000000 0.000000 0.000000 0.000000 0.000000 0.000000 0.000000 0.000000 0.000000 0.287968 -14.467108 0.480978 26.397028 -49.692804 24.195095 7.937106 -0.549741 26.643689 -10.007995 1.386088 6.183448 0.000000 0.000000 0.000000 0.000000 0.000000 0.000000 0.000000 0.000000 0.000000 0.000000 0.000000 0.000000 0.000000 0.000000 0.000000 0.000000 0.000000 0.000000 0.000000 0.000000 0.000000 0.000000 0.000000 0.000000 0.000000 0.000000 0.000000 0.000000 0.000000 0.000000 0.000000 0.000000 0.000000 0.000000 0.000000 0.000000 0.000000 0.000000 0.000000 0.000000 0.000000 0.000000
0.098278 2.494204 1.050462 -9.706818 1.794334 -1.412562 -16.201034 -1.260715 -3.189431 39.806048 3.817711 -3.271671 -5.007928 2.127872 10.378093 1.463701 -4.003357 -0.154354 6.008667 -7.049051 -0.004897 9.077021 0.280955 2.833305 -4.658768 0.762913 -3.730221 0.177128 -3.826352 -1.284455 9.627154 -2.161543 4.884082 2.892191 -2.495604 -1.958477 -3.017887 1.898022 0.305887 4.302709 0.033822 3.698412 7.687828 0.545712 3.996599 4.139842 21.219326 3.777485 16.679890 48.397731 -18.346134 18.124569 0.735285 -21.974557 -3.188880 0.711576 -9.881751 0.000000 0.000000 0.000000 0.000000 0.000000 0.000000 0.000000 0.000000 0.000000 0.000000 0.000000 0.000000 0.000000 0.000000 0.000000 0.000000 0.000000 0.000000 0.000000 0.000000 0.000000 0.000000 0.000000 0.000000 0.000000 0.000000 0.000000 0.000000 0.000000 0.000000 0.000000 0.000000 0.000000 0.000000 0.000000 0.000000 0.000000 0.000000 0.000000 0.000000 0.000000 0.000000 0.109053 -13.836543 0.903637 26.104559 -49.615558 25.307338 7.452672 -0.399291 27.529937 -10.528000 1.775720 6.435964 0.000000 0.000000 0.000000 0.000000 0.000000 0.000000 0.000000 0.000000 0.000000 0.000000 0.000000 0.000000 0.000000 0.000000 0.000000 0.000000 0.000000 0.000000 0.000000 0.000000 0.000000 0.000000 0.000000 0.000000 0.000000 0.000000 0.000000 0.000000 0.000000 0.000000 0.000000 0.000000 0.000000 0.000000 0.000000 0.000000 0.000000 0.000000 0.000000 0.000000 0.000000 0.000000
0.096494 2.511214 1.048667 -9.529705 2.142716 -2.591755 -16.510273 -1.039776 -2.620889 28.280774 2.987339 -2.217435 -3.717420 3.509827 9.757309 1.916217 -3.456860 0.135069 9.582856 -7.037563 -0.767640 6.652560 0.422169 3.640637 -5.101144 0.383717 -3.137084 0.233640 -3.838897 -1.405200 9.787292 -2.302134 5.626747 3.299172 -2.028609 -1.457072 -3.524447 1.673154 0.698700 4.217299 0.081878 3.993864 7.537784 0.437193 3.600128 3.967828 21.648367 4.689740 16.542181 48.419090 -16.769306 17.872972 1.042342 -21.498366 -2.961296 1.233085 -9.646526 0.000000 0.000000 0.000000 0.000000 0.000000 0.000000 0.000000 0.000000 0.000000 0.000000 0.000000 0.000000 0.000000 0.000000 0.000000 0.000000 0.000000 0.000000 0.000000 0.000000 0.000000 0.000000 0.000000 0.000000 0.000000 0.000000 0.000000 0.000000 0.000000 0.000000 0.000000 0.000000 0.000000 0.000000 0.000000 0.000000 0.000000 0.000000 0.000000 0.000000 0.000000 0.000000 -0.079322 -13.120162 1.334262 25.780063 -49.473966 26.245848 6.949055 -0.197768 28.605892 -11.298909 2.013913 6.577543 0.000000 0.000000 0.000000 0.000000 0.000000 0.000000 0.000000 0.000000 0.000000 0.000000 0.000000 0.000000 0.000000 0.000000 0.000000 0.000000 0.000000 0.000000 0.000000 0.000000 0.000000 0.000000 0.000000 0.000000 0.000000 0.000000 0.000000 0.000000 0.000000 0.000000 0.000000 0.000000 0.000000 0.000000 0.000000 0.000000 0.000000 0.000000 0.000000 0.000000 0.000000 0.000000
0.094849 2.530487 1.043547 -9.135169 2.490715 -3.516895 -16.164227 -0.850756 -1.790405 16.519692 1.712433 -1.785993 -2.454045 4.921022 9.005127 2.337102 -2.931859 0.385631 12.734218 -7.026998 -1.593836 4.844969 0.533174 4.629214 -5.978573 0.359676 -2.838120 0.318489 -3.805264 -1.541553 9.848242 -2.475431 6.268622 3.818217 -1.694959 -1.057760 -3.995390 1.552756 1.037241 4.100896 0.105535 4.339408 7.304401 0.419193 3.122163 3.798438 22.193824 5.301956 16.223783 48.310151 -15.274131 17.521598 1.415903 -20.875047 -2.854110 1.619269 -9.408148 0.000000 0.000000 0.000000 0.000000 0.000000 0.000000 0.000000 0.000000 0.000000 0.000000 0.000000 0.000000 0.000000 0.000000 0.000000 0.000000 0.000000 0.000000 0.000000 0.000000 0.000000 0.000000 0.000000 0.000000 0.000000 0.000000 0.000000 0.000000 0.000000 0.000000 0.000000 0.000000 0.000000 0.000000 0.000000 0.000000 0.000000 0.000000 0.000000 0.000000 0.000000 0.000000 -0.269371 -12.633176 1.816994 25.283923 -49.309457 26.749324 6.499845 -0.115453 29.664000 -12.180265 2.277312 6.912737 0.000000 0.000000 0.000000 0.000000 0.000000 0.000000 0.000000 0.000000 0.000000 0.000000 0.000000 0.000000 0.000000 0.000000 0.000000 0.000000 0.000000 0.000000 0.000000 0.000000 0.000000 0.000000 0.000000 0.000000 0.000000 0.000000 0.000000 0.000000 0.000000 0.000000 0.000000 0.000000 0.000000 0.000000 0.000000 0.000000 0.000000 0.000000 0.000000 0.000000 0.000000 0.000000
0.092373 2.550767 1.036214 -8.673765 2.999293 -4.174264 -15.156702 -0.609028 -0.835761 5.009804 0.065462 -1.495228 -1.820702 6.089926 8.547439 2.597941 -2.691337 0.532136 15.780810 -7.071843 -2.173205 3.741411 0.628433 5.935448 -7.721092 0.559264 -2.650171 0.427250 -3.628767 -1.605893 9.592633 -2.762321 6.761155 4.307069 -1.439535 -0.679321 -4.198477 1.482419 1.321418 3.950003 -0.006727 4.716026 6.881426 0.501326 2.345898 3.505137 22.556952 5.822494 15.853942 48.207086 -13.749684 16.917327 1.843933 -20.422720 -3.074216 1.512391 -9.241110 0.000000 0.000000 0.000000 0.000000 0.000000 0.000000 0.000000 0.000000 0.000000 0.000000 0.000000 0.000000 0.000000 0.000000 0.000000 0.000000 0.000000 0.000000 0.000000 0.000000 0.000000 0.000000 0.000000 0.000000 0.000000 0.000000 0.000000 0.000000 0.000000 0.000000 0.000000 0.000000 0.000000 0.000000 0.000000 0.000000 0.000000 0.000000 0.000000 0.000000 0.000000 0.000000 -0.535632 -12.403393 2.175834 24.430630 -48.843475 26.947211 6.156916 -0.271813 30.448050 -13.013301 2.817932 7.729575 0.000000 0.000000 0.000000 0.000000 0.000000 0.000000 0.000000 0.000000 0.000000 0.000000 0.000000 0.000000 0.000000 0.000000 0.000000 0.000000 0.000000 0.000000 0.000000 0.000000 0.000000 0.000000 0.000000 0.000000 0.000000 0.000000 0.000000 0.000000 0.000000 0.000000 0.000000 0.000000 0.000000 0.000000 0.000000 0.000000 0.000000 0.000000 0.000000 0.000000 0.000000 0.000000
0.090887 2.573034 1.027145 -8.077133 3.373175 -4.428532 -15.021676 -0.139663 -0.434610 -1.002150 -0.955054 -1.248005 -1.633658 6.255710 8.640663 2.671795 -2.704204 0.527309 18.230530 -6.802724 -2.688309 4.340389 0.861399 7.098623 -10.443282 0.621272 -1.667905 0.448915 -3.528061 -1.655060 8.933507 -2.842820 7.212534 4.765457 -1.344919 -0.534558 -4.278446 1.486566 1.490348 3.838282 -0.180639 4.885768 6.659631 0.547733 1.623938 3.407438 22.944717 6.055573 15.602515 48.102050 -12.716754 16.146038 2.115059 -19.665016 -3.162995 1.592744 -9.105966 0.000000 0.000000 0.000000 0.000000 0.000000 0.000000 0.000000 0.000000 0.000000 0.000000 0.000000 0.000000 0.000000 0.000000 0.000000 0.000000 0.000000 0.000000 0.000000 0.000000 0.000000 0.000000 0.000000 0.000000 0.000000 0.000000 0.000000 0.000000 0.000000 0.000000 0.000000 0.000000 0.000000 0.000000 0.000000 0.000000 0.000000 0.000000 0.000000 0.000000 0.000000 0.000000 -0.800184 -12.459737 2.348280 23.977549 -48.576929 27.045092 5.899861 -0.136088 30.876499 -13.550137 3.063610 8.600659 0.000000 0.000000 0.000000 0.000000 0.000000 0.000000 0.000000 0.000000 0.000000 0.000000 0.000000 0.000000 0.000000 0.000000 0.000000 0.000000 0.000000 0.000000 0.000000 0.000000 0.000000 0.000000 0.000000 0.000000 0.000000 0.000000 0.000000 0.000000 0.000000 0.000000 0.000000 0.000000 0.000000 0.000000 0.000000 0.000000 0.000000 0.000000 0.000000 0.000000 0.000000 0.000000
0.090425 2.595694 1.018060 -7.589608 3.525187 -4.663276 -15.702609 0.636888 -0.763776 -0.822630 -0.798073 -1.036327 -1.364736 5.536043 9.065445 2.525666 -2.968253 0.545859 19.460050 -5.895713 -2.747147 7.418084 1.183722 8.009525 -12.805363 0.102889 0.217774 0.337775 -3.596317 -1.676294 7.920357 -2.447325 7.588845 5.350212 -1.472024 -0.518744 -4.608128 1.714129 1.619827 3.998027 -0.482908 4.787308 6.732154 0.580094 1.014755 3.555430 23.305238 6.343666 15.705837 47.737420 -12.363138 15.686785 2.177774 -18.963809 -3.071631 1.662108 -8.988818 0.000000 0.000000 0.000000 0.000000 0.000000 0.000000 0.000000 0.000000 0.000000 0.000000 0.000000 0.000000 0.000000 0.000000 0.000000 0.000000 0.000000 0.000000 0.000000 0.000000 0.000000 0.000000 0.000000 0.000000 0.000000 0.000000 0.000000 0.000000 0.000000 0.000000 0.000000 0.000000 0.000000 0.000000 0.000000 0.000000 0.000000 0.000000 0.000000 0.000000 0.000000 0.000000 -0.818269 -12.862931 2.343710 23.974029 -48.298969 27.233087 5.688244 -0.039959 30.760813 -13.664779 3.062481 8.917166 0.000000 0.000000 0.000000 0.000000 0.000000 0.000000 0.000000 0.000000 0.000000 0.000000 0.000000 0.000000 0.000000 0.000000 0.000000 0.000000 0.000000 0.000000 0.000000 0.000000 0.000000 0.000000 0.000000 0.000000 0.000000 0.000000 0.000000 0.000000 0.000000 0.000000 0.000000 0.000000 0.000000 0.000000 0.000000 0.000000 0.000000 0.000000 0.000000 0.000000 0.000000 0.000000
0.091382 2.620527 1.010529 -6.812944 3.246947 -4.858746 -16.780800 1.562239 -1.632079 2.617352 0.021233 -0.954480 -0.606122 4.509798 9.438766 2.311385 -3.317906 0.546778 19.320654 -4.586307 -2.505801 11.237095 1.317157 8.668355 -12.625204 -0.504888 0.550788 0.239408 -3.779039 -1.726692 6.529342 -1.648926 7.899492 5.937880 -1.836611 -0.616589 -5.048717 2.094255 1.696379 4.135303 -0.833234 4.810276 7.061431 0.547074 0.804015 4.010311 23.573018 6.487354 15.833458 47.266817 -12.397698 15.174917 2.251620 -18.255770 -2.934449 1.708731 -8.958595 0.000000 0.000000 0.000000 0.000000 0.000000 0.000000 0.000000 0.000000 0.000000 0.000000 0.000000 0.000000 0.000000 0.000000 0.000000 0.000000 0.000000 0.000000 0.000000 0.000000 0.000000 0.000000 0.000000 0.000000 0.000000 0.000000 0.000000 0.000000 0.000000 0.000000 0.000000 0.000000 0.000000 0.000000 0.000000 0.000000 0.000000 0.000000 0.000000 0.000000 0.000000 0.000000 -0.572073 -13.480295 2.029858 24.577743 -48.193438 27.373055 5.352491 0.268530 30.966689 -13.822066 2.713399 8.796560 0.000000 0.000000 0.000000 0.000000 0.000000 0.000000 0.000000 0.000000 0.000000 0.000000 0.000000 0.000000 0.000000 0.000000 0.000000 0.000000 0.000000 0.000000 0.000000 0.000000 0.000000 0.000000 0.000000 0.000000 0.000000 0.000000 0.000000 0.000000 0.000000 0.000000 0.000000 0.000000 0.000000 0.000000 0.000000 0.000000 0.000000 0.000000 0.000000 0.000000 0.000000 0.000000
0.091727 2.645843 1.005955 -6.043335 2.726917 -4.968696 -17.535169 2.738230 -2.794335 6.796458 1.101720 -1.028809 0.283076 3.365386 10.074173 1.953335 -4.068782 0.552841 17.797618 -2.777330 -2.020127 17.611839 1.206521 9.054337 -9.343786 -1.685344 -0.075750 0.208099 -4.040929 -1.667113 5.117866 -0.721941 8.022670 6.294034 -2.082589 -0.637315 -5.234420 2.609010 1.738927 4.311141 -1.217769 4.914439 7.596263 0.605349 0.795911 4.365666 23.479874 6.763735 15.957319 46.862584 -12.816207 14.626169 2.313674 -17.649246 -2.664348 1.840106 -8.901242 0.000000 0.000000 0.000000 0.000000 0.000000 0.000000 0.000000 0.000000 0.000000 0.000000 0.000000 0.000000 0.000000 0.000000 0.000000 0.000000 0.000000 0.000000 0.000000 0.000000 0.000000 0.000000 0.000000 0.000000 0.000000 0.000000 0.000000 0.000000 0.000000 0.000000 0.000000 0.000000 0.000000 0.000000 0.000000 0.000000 0.000000 0.000000 0.000000 0.000000 0.000000 0.000000 -0.274689 -13.967540 1.512612 25.673181 -48.366779 27.853765 5.072374 0.214019 30.589465 -13.484874 2.203670 8.465670 0.000000 0.000000 0.000000 0.000000 0.000000 0.000000 0.000000 0.000000 0.000000 0.000000 0.000000 0.000000 0.000000 0.000000 0.000000 0.000000 0.000000 0.000000 0.000000 0.000000 0.000000 0.000000 0.000000 0.000000 0.000000 0.000000 0.000000 0.000000 0.000000 0.000000 0.000000 0.000000 0.000000 0.000000 0.000000 0.000000 0.000000 0.000000 0.000000 0.000000 0.000000 0.000000
0.092560 2.671428 1.003989 -5.282509 1.849892 -4.873078 -17.743238 3.918329 -3.969750 11.089843 2.208351 -1.189214 0.469405 1.792049 10.805577 1.517590 -5.112164 0.429783 14.498202 -0.742144 -1.313444 26.558401 0.614998 8.495850 -2.429516 -3.818960 -0.892752 0.304556 -4.403047 -1.531147 4.169650 0.280561 7.806393 6.401583 -2.306367 -0.826829 -5.354060 3.073128 1.647429 4.594891 -1.268726 4.884032 8.102846 0.898887 1.002299 4.970330 23.036396 6.555512 16.179940 46.850119 -13.773916 14.178848 2.392032 -16.994140 -2.063826 1.755320 -8.698187 0.000000 0.000000 0.000000 0.000000 0.000000 0.000000 0.000000 0.000000 0.000000 0.000000 0.000000 0.000000 0.000000 0.000000 0.000000 0.000000 0.000000 0.000000 0.000000 0.000000 0.000000 0.000000 0.000000 0.000000 0.000000 0.000000 0.000000 0.000000 0.000000 0.000000 0.000000 0.000000 0.000000 0.000000 0.000000 0.000000 0.000000 0.000000 0.000000 0.000000 0.000000 0.000000 0.143935 -14.065223 1.084339 27.267904 -48.904665 28.542322 4.841808 0.049189 30.033713 -13.029386 2.012821 7.993531 0.000000 0.000000 0.000000 0.000000 0.000000 0.000000 0.000000 0.000000 0.000000 0.000000 0.000000 0.000000 0.000000 0.000000 0.000000 0.000000 0.000000 0.000000 0.000000 0.000000 0.000000 0.000000 0.000000 0.000000 0.000000 0.000000 0.000000 0.000000 0.000000 0.000000 0.000000 0.000000 0.000000 0.000000 0.000000 0.000000 0.000000 0.000000 0.000000 0.000000 0.000000 0.000000
0.095467 2.690991 1.004183 -5.193732 0.547482 -4.430443 -16.801156 5.374097 -4.851742 13.944800 3.156913 -1.411941 -0.135632 -0.037212 11.906401 1.046593 -6.232911 0.235250 9.456799 1.322800 -0.524268 37.382549 -0.129384 7.438108 4.615945 -6.347519 -0.449868 0.474082 -4.742227 -1.373565 4.010895 1.157505 7.174740 5.992543 -2.391230 -1.002490 -5.044443 3.574819 1.545751 4.803126 -1.108168 4.780678 8.457920 1.274337 1.480361 5.427846 22.207550 6.066233 16.446576 46.931672 -15.060018 13.905819 2.662691 -16.768736 -1.394509 1.886545 -8.618051 0.000000 0.000000 0.000000 0.000000 0.000000 0.000000 0.000000 0.000000 0.000000 0.000000 0.000000 0.000000 0.000000 0.000000 0.000000 0.000000 0.000000 0.000000 0.000000 0.000000 0.000000 0.000000 0.000000 0.000000 0.000000 0.000000 0.000000 0.000000 0.000000 0.000000 0.000000 0.000000 0.000000 0.000000 0.000000 0.000000 0.000000 0.000000 0.000000 0.000000 0.000000 0.000000 0.393477 -13.941533 0.800238 29.166031 -49.648349 29.392716 4.810099 -0.204828 29.232434 -11.887537 1.817661 7.443554 0.000000 0.000000 0.000000 0.000000 0.000000 0.000000 0.000000 0.000000 0.000000 0.000000 0.000000 0.000000 0.000000 0.000000 0.000000 0.000000 0.000000 0.000000 0.000000 0.000000 0.000000 0.000000 0.000000 0.000000 0.000000 0.000000 0.000000 0.000000 0.000000 0.000000 0.000000 0.000000 0.000000 0.000000 0.000000 0.000000 0.000000 0.000000 0.000000 0.000000 0.000000 0.000000
0.097498 2.699939 1.005974 -5.902658 -0.520047 -3.821070 -14.762958 6.812907 -5.324466 15.716230 3.681093 -2.114695 -1.694820 -1.733204 12.814779 0.499176 -7.237082 0.037796 4.105270 2.683395 0.524232 47.317237 -0.484137 6.210775 8.534447 -7.032373 -0.879969 0.549253 -5.076794 -1.155550 4.554841 1.946543 6.221743 5.224942 -2.452447 -1.192480 -4.213931 4.148606 1.432369 4.958967 -1.034466 5.178246 8.627927 1.647914 1.996604 5.474755 21.310699 5.407700 16.776512 46.775101 -16.459113 14.294198 2.796136 -16.961659 -0.512494 1.810678 -8.569132 0.000000 0.000000 0.000000 0.000000 0.000000 0.000000 0.000000 0.000000 0.000000 0.000000 0.000000 0.000000 0.000000 0.000000 0.000000 0.000000 0.000000 0.000000 0.000000 0.000000 0.000000 0.000000 0.000000 0.000000 0.000000 0.000000 0.000000 0.000000 0.000000 0.000000 0.000000 0.000000 0.000000 0.000000 0.000000 0.000000 0.000000 0.000000 0.000000 0.000000 0.000000 0.000000 0.244037 -14.013906 0.650680 30.901493 -50.266685 30.045921 4.939623 -0.534616 28.548906 -10.694201 1.730543 6.848845 0.000000 0.000000 0.000000 0.000000 0.000000 0.000000 0.000000 0.000000 0.000000 0.000000 0.000000 0.000000 0.000000 0.000000 0.000000 0.000000 0.000000 0.000000 0.000000 0.000000 0.000000 0.000000 0.000000 0.000000 0.000000 0.000000 0.000000 0.000000 0.000000 0.000000 0.000000 0.000000 0.000000 0.000000 0.000000 0.000000 0.000000 0.000000 0.000000 0.000000 0.000000 0.000000
0.099758 2.699285 1.009411 -7.124229 -1.514248 -3.210318 -11.454362 8.024518 -5.353963 16.019133 3.764500 -3.863075 -3.718958 -3.062900 13.443554 0.233726 -7.811789 -0.130922 -1.525591 3.652672 1.343830 55.306160 -1.024874 5.214893 7.591963 -5.808547 -2.474495 0.691190 -5.023781 -0.985732 5.172158 2.594505 4.966696 4.978821 -2.813162 -1.590776 -3.824947 4.736242 1.366347 5.271335 -0.717181 5.677925 8.597328 2.000071 2.611332 5.423592 20.720761 4.533626 17.217791 46.224369 -18.124711 14.627287 2.747926 -17.474239 0.006585 1.303772 -8.520806 0.000000 0.000000 0.000000 0.000000 0.000000 0.000000 0.000000 0.000000 0.000000 0.000000 0.000000 0.000000 0.000000 0.000000 0.000000 0.000000 0.000000 0.000000 0.000000 0.000000 0.000000 0.000000 0.000000 0.000000 0.000000 0.000000 0.000000 0.000000 0.000000 0.000000 0.000000 0.000000 0.000000 0.000000 0.000000 0.000000 0.000000 0.000000 0.000000 0.000000 0.000000 0.000000 0.302004 -14.448525 0.487925 31.922984 -50.450560 30.196539 5.394491 -0.859939 27.953929 -9.539504 1.630823 6.490841 0.000000 0.000000 0.000000 0.000000 0.000000 0.000000 0.000000 0.000000 0.000000 0.000000 0.000000 0.000000 0.000000 0.000000 0.000000 0.000000 0.000000 0.000000 0.000000 0.000000 0.000000 0.000000 0.000000 0.000000 0.000000 0.000000 0.000000 0.000000 0.000000 0.000000 0.000000 0.000000 0.000000 0.000000 0.000000 0.000000 0.000000 0.000000 0.000000 0.000000 0.000000 0.000000
0.098238 2.692813 1.014083 -8.368864 -1.805265 -2.510428 -7.727418 8.647422 -5.100951 15.551514 3.257582 -5.940901 -5.691026 -3.680516 13.470607 0.192919 -8.076400 -0.199942 -6.536091 3.651923 2.088413 59.732400 -1.560951 4.388941 3.231939 -3.560851 -4.852820 0.824910 -4.843997 -0.863317 5.726169 2.891721 3.719282 5.131688 -3.379144 -2.004494 -3.829941 5.065949 1.275816 5.495564 -0.307955 5.997557 8.671414 2.289203 3.116837 5.314821 20.224260 3.573052 17.730594 45.711810 -20.086181 15.108714 2.657650 -18.163025 0.433312 0.607218 -8.417786 0.000000 0.000000 0.000000 0.000000 0.000000 0.000000 0.000000 0.000000 0.000000 0.000000 0.000000 0.000000 0.000000 0.000000 0.000000 0.000000 0.000000 0.000000 0.000000 0.000000 0.000000 0.000000 0.000000 0.000000 0.000000 0.000000 0.000000 0.000000 0.000000 0.000000 0.000000 0.000000 0.000000 0.000000 0.000000 0.000000 0.000000 0.000000 0.000000 0.000000 0.000000 0.000000 0.442438 -15.047049 0.301928 32.294810 -50.442120 29.856701 5.949270 -1.060175 27.288137 -8.324253 1.346145 6.122877 0.000000 0.000000 0.000000 0.000000 0.000000 0.000000 0.000000 0.000000 0.000000 0.000000 0.000000 0.000000 0.000000 0.000000 0.000000 0.000000 0.000000 0.000000 0.000000 0.000000 0.000000 0.000000 0.000000 0.000000 0.000000 0.000000 0.000000 0.000000 0.000000 0.000000 0.000000 0.000000 0.000000 0.000000 0.000000 0.000000 0.000000 0.000000 0.000000 0.000000 0.000000 0.000000
0.094249 2.683999 1.019349 -9.358680 -1.646955 -1.614080 -4.009973 8.755016 -4.740057 13.961490 2.544354 -8.174549 -6.761314 -3.615733 13.386139 0.280999 -8.137094 -0.229625 -10.665465 2.997516 2.693204 60.422095 -2.111554 3.530266 -1.647589 -1.370652 -6.921645 0.868083 -4.578025 -0.829362 6.438068 2.805136 2.423409 5.111046 -3.829942 -2.353343 -3.813134 5.052262 1.087332 5.642188 0.284640 6.333045 8.503102 2.282007 3.967572 5.081092 19.652328 2.834692 18.194216 45.524159 -22.238039 15.228659 2.507221 -18.842811 0.235324 -0.068125 -8.628385 0.000000 0.000000 0.000000 0.000000 0.000000 0.000000 0.000000 0.000000 0.000000 0.000000 0.000000 0.000000 0.000000 0.000000 0.000000 0.000000 0.000000 0.000000 0.000000 0.000000 0.000000 0.000000 0.000000 0.000000 0.000000 0.000000 0.000000 0.000000 0.000000 0.000000 0.000000 0.000000 0.000000 0.000000 0.000000 0.000000 0.000000 0.000000 0.000000 0.000000 0.000000 0.000000 0.416514 -15.242025 0.030721 32.641342 -50.770173 29.489546 6.692001 -0.884512 26.631232 -7.416806 0.850948 6.195807 0.000000 0.000000 0.000000 0.000000 0.000000 0.000000 0.000000 0.000000 0.000000 0.000000 0.000000 0.000000 0.000000 0.000000 0.000000 0.000000 0.000000 0.000000 0.000000 0.000000 0.000000 0.000000 0.000000 0.000000 0.000000 0.000000 0.000000 0.000000 0.000000 0.000000 0.000000 0.000000 0.000000 0.000000 0.000000 0.000000 0.000000 0.000000 0.000000 0.000000 0.000000 0.000000
0.089582 2.674758 1.023999 -10.014095 -1.305490 -0.671452 -0.256410 8.469384 -4.263334 11.458564 1.821017 -10.396481 -7.123640 -2.861534 13.018106 0.589176 -7.973076 -0.182788 -14.168043 2.174438 3.262898 57.886849 -2.576577 2.366768 -4.844386 -0.402271 -8.194165 0.999477 -4.111464 -0.835949 7.199393 2.493293 1.187636 5.176823 -4.307927 -2.748285 -4.108068 4.821470 0.831730 5.857108 0.900681 6.230694 8.460082 2.184696 4.681083 4.972288 19.166292 2.192421 18.484984 45.613834 -24.323537 15.059284 2.201657 -19.607457 -0.101103 -0.525356 -9.035178 0.000000 0.000000 0.000000 0.000000 0.000000 0.000000 0.000000 0.000000 0.000000 0.000000 0.000000 0.000000 0.000000 0.000000 0.000000 0.000000 0.000000 0.000000 0.000000 0.000000 0.000000 0.000000 0.000000 0.000000 0.000000 0.000000 0.000000 0.000000 0.000000 0.000000 0.000000 0.000000 0.000000 0.000000 0.000000 0.000000 0.000000 0.000000 0.000000 0.000000 0.000000 0.000000 0.575378 -15.261045 -0.215095 32.693886 -51.001382 28.891407 7.275935 -0.818198 26.081375 -6.861629 0.257588 6.324487 0.000000 0.000000 0.000000 0.000000 0.000000 0.000000 0.000000 0.000000 0.000000 0.000000 0.000000 0.000000 0.000000 0.000000 0.000000 0.000000 0.000000 0.000000 0.000000 0.000000 0.000000 0.000000 0.000000 0.000000 0.000000 0.000000 0.000000 0.000000 0.000000 0.000000 0.000000 0.000000 0.000000 0.000000 0.000000 0.000000 0.000000 0.000000 0.000000 0.000000 0.000000 0.000000
0.084673 2.666316 1.027013 -10.251843 -0.816734 0.220309 2.597137 7.916432 -3.867899 10.057538 1.221284 -12.700908 -7.429943 -2.218097 12.603058 0.840425 -7.533261 -0.186324 -16.753448 1.136577 3.810773 51.427110 -2.646677 0.982687 -5.916925 -0.808462 -9.312623 1.162365 -3.435138 -0.770474 8.049718 2.057219 0.151996 5.144269 -4.690148 -3.114566 -4.647073 4.444213 0.564877 6.025248 1.621268 5.387565 8.378586 2.003133 4.986138 4.931166 18.594338 1.491111 18.733697 45.727690 -26.309326 14.704364 1.964364 -20.668736 -0.509053 -1.183267 -9.475129 0.000000 0.000000 0.000000 0.000000 0.000000 0.000000 0.000000 0.000000 0.000000 0.000000 0.000000 0.000000 0.000000 0.000000 0.000000 0.000000 0.000000 0.000000 0.000000 0.000000 0.000000 0.000000 0.000000 0.000000 0.000000 0.000000 0.000000 0.000000 0.000000 0.000000 0.000000 0.000000 0.000000 0.000000 0.000000 0.000000 0.000000 0.000000 0.000000 0.000000 0.000000 0.000000 1.004055 -15.084649 -0.441648 32.729102 -51.153306 28.099220 7.730079 -0.936659 25.681572 -6.588946 -0.143865 6.481298 0.000000 0.000000 0.000000 0.000000 0.000000 0.000000 0.000000 0.000000 0.000000 0.000000 0.000000 0.000000 0.000000 0.000000 0.000000 0.000000 0.000000 0.000000 0.000000 0.000000 0.000000 0.000000 0.000000 0.000000 0.000000 0.000000 0.000000 0.000000 0.000000 0.000000 0.000000 0.000000 0.000000 0.000000 0.000000 0.000000 0.000000 0.000000 0.000000 0.000000 0.000000 0.000000
0.081021 2.658709 1.028354 -10.298531 -0.412432 1.072985 5.091808 7.318317 -3.603688 8.870497 0.892421 -14.342700 -7.750763 -1.866729 11.841719 1.114450 -6.858110 -0.220566 -18.221225 0.416215 4.204487 43.282866 -2.372686 -0.282715 -5.226636 -2.263428 -9.546458 1.321645 -2.785241 -0.625055 8.655336 1.976937 -0.548061 5.173646 -5.173080 -3.403268 -5.231723 4.078778 0.453494 6.263527 2.046587 4.661346 7.970553 1.490131 5.290085 5.233587 18.101389 0.868302 18.933649 45.572147 -28.358420 14.061952 1.829520 -22.039406 -1.652006 -2.133658 -10.251918 0.000000 0.000000 0.000000 0.000000 0.000000 0.000000 0.000000 0.000000 0.000000 0.000000 0.000000 0.000000 0.000000 0.000000 0.000000 0.000000 0.000000 0.000000 0.000000 0.000000 0.000000 0.000000 0.000000 0.000000 0.000000 0.000000 0.000000 0.000000 0.000000 0.000000 0.000000 0.000000 0.000000 0.000000 0.000000 0.000000 0.000000 0.000000 0.000000 0.000000 0.000000 0.000000 1.829128 -15.159269 -0.887205 32.775274 -51.016184 27.628397 7.472435 -1.292192 25.454404 -6.592114 -0.536736 6.698319 0.000000 0.000000 0.000000 0.000000 0.000000 0.000000 0.000000 0.000000 0.000000 0.000000 0.000000 0.000000 0.000000 0.000000 0.000000 0.000000 0.000000 0.000000 0.000000 0.000000 0.000000 0.000000 0.000000 0.000000 0.000000 0.000000 0.000000 0.000000 0.000000 0.000000 0.000000 0.000000 0.000000 0.000000 0.000000 0.000000 0.000000 0.000000 0.000000 0.000000 0.000000 0.000000
0.079988 2.644824 1.028976 -10.815118 -0.368339 1.595432 7.724143 6.950365 -3.347177 8.369481 0.811157 -15.545401 -8.572307 -1.841494 10.804449 1.270227 -6.223132 -0.225431 -18.946930 0.020099 4.480950 34.525167 -1.794363 -1.045517 -3.880053 -4.250843 -9.164210 1.406379 -2.313643 -0.522435 9.207884 2.176385 -1.060801 5.311036 -5.603953 -3.672429 -5.675744 3.755161 0.333053 6.484101 2.350209 4.105127 7.286576 1.023043 5.576305 5.431403 17.570798 0.209395 19.039599 45.530600 -29.938768 13.268024 1.685603 -23.255365 -2.667700 -2.791074 -10.988100 0.000000 0.000000 0.000000 0.000000 0.000000 0.000000 0.000000 0.000000 0.000000 0.000000 0.000000 0.000000 0.000000 0.000000 0.000000 0.000000 0.000000 0.000000 0.000000 0.000000 0.000000 0.000000 0.000000 0.000000 0.000000 0.000000 0.000000 0.000000 0.000000 0.000000 0.000000 0.000000 0.000000 0.000000 0.000000 0.000000 0.000000 0.000000 0.000000 0.000000 0.000000 0.000000 2.369157 -15.216480 -1.212954 32.842896 -50.928398 27.200563 6.704142 -1.741017 25.450559 -6.450804 -0.858087 6.630541 0.000000 0.000000 0.000000 0.000000 0.000000 0.000000 0.000000 0.000000 0.000000 0.000000 0.000000 0.000000 0.000000 0.000000 0.000000 0.000000 0.000000 0.000000 0.000000 0.000000 0.000000 0.000000 0.000000 0.000000 0.000000 0.000000 0.000000 0.000000 0.000000 0.000000 0.000000 0.000000 0.000000 0.000000 0.000000 0.000000 0.000000 0.000000 0.000000 0.000000 0.000000 0.000000
0.081157 2.623529 1.029259 -11.892935 -0.612770 2.247884 10.545777 6.778457 -3.040207 9.130190 0.539967 -16.852499 -10.414179 -2.086167 9.699254 1.346455 -5.640654 -0.272273 -19.031802 -0.521871 4.693807 25.445232 -1.121479 -1.140638 -2.283084 -6.465016 -8.601980 1.486493 -1.842803 -0.420817 9.602106 2.644626 -1.648457 5.598708 -6.166080 -3.986920 -5.888325 3.465698 0.075180 6.721174 2.408849 3.206362 7.112056 0.574973 5.860127 5.362899 17.089821 -0.395058 18.669607 45.554450 -30.892908 12.301962 1.592515 -24.024235 -3.249204 -3.414708 -11.258576 0.000000 0.000000 0.000000 0.000000 0.000000 0.000000 0.000000 0.000000 0.000000 0.000000 0.000000 0.000000 0.000000 0.000000 0.000000 0.000000 0.000000 0.000000 0.000000 0.000000 0.000000 0.000000 0.000000 0.000000 0.000000 0.000000 0.000000 0.000000 0.000000 0.000000 0.000000 0.000000 0.000000 0.000000 0.000000 0.000000 0.000000 0.000000 0.000000 0.000000 0.000000 0.000000 2.457287 -15.470357 -1.478706 32.831086 -50.509836 26.534897 6.002132 -2.281326 25.897510 -5.899323 -1.258461 6.534434 0.000000 0.000000 0.000000 0.000000 0.000000 0.000000 0.000000 0.000000 0.000000 0.000000 0.000000 0.000000 0.000000 0.000000 0.000000 0.000000 0.000000 0.000000 0.000000 0.000000 0.000000 0.000000 0.000000 0.000000 0.000000 0.000000 0.000000 0.000000 0.000000 0.000000 0.000000 0.000000 0.000000 0.000000 0.000000 0.000000 0.000000 0.000000 0.000000 0.000000 0.000000 0.000000
