HIERARCHY
ROOT Hips
{
	OFFSET 0.000000 0.000000 0.000000
	CHANNELS 6 Xposition Yposition Zposition Xrotation Yrotation Zrotation
	JOINT Thigh.L
	{
		OFFSET 0.055431 0.026550 -0.094897
		CHANNELS 3 Xrotation Yrotation Zrotation
		JOINT Shin.L
		{
			OFFSET 0.059839 0.007009 -0.410813
			CHANNELS 3 Xrotation Yrotation Zrotation
			JOINT Foot.L
			{
				OFFSET -0.042126 0.032085 -0.436566
				CHANNELS 3 Xrotation Yrotation Zrotation
				JOINT Toe.L
				{
					OFFSET 0.048332 -0.126726 -0.064110
					CHANNELS 3 Xrotation Yrotation Zrotation
					End Site
					{
						OFFSET 0.000000 0.050000 0.000000
					}
				}
			}
		}
	}
	JOINT Thigh.R
	{
		OFFSET -0.060493 0.020878 -0.107509
		CHANNELS 3 Xrotation Yrotation Zrotation
		JOINT Shin.R
		{
			OFFSET -0.048884 0.015007 -0.392165
			CHANNELS 3 Xrotation Yrotation Zrotation
			JOINT Foot.R
			{
				OFFSET 0.014035 0.020234 -0.445600
				CHANNELS 3 Xrotation Yrotation Zrotation
				JOINT Toe.R
				{
					OFFSET -0.039718 -0.127554 -0.064009
					CHANNELS 3 Xrotation Yrotation Zrotation
					End Site
					{
						OFFSET 0.000000 0.050000 0.000000
					}
				}
			}
		}
	}
	JOINT Spine
	{
		OFFSET -0.002521 0.028289 0.113763
		CHANNELS 3 Xrotation Yrotation Zrotation
		JOINT Spine.2
		{
			OFFSET 0.009044 0.006918 0.141001
			CHANNELS 3 Xrotation Yrotation Zrotation
			JOINT Chest
			{
				OFFSET -0.010925 -0.023121 0.056373
				CHANNELS 3 Xrotation Yrotation Zrotation
				JOINT Neck
				{
					OFFSET -0.012235 0.026686 0.171779
					CHANNELS 3 Xrotation Yrotation Zrotation
					JOINT Head
					{
						OFFSET 0.025350 -0.021417 0.173168
						CHANNELS 3 Xrotation Yrotation Zrotation
						End Site
						{
							OFFSET 0.000000 0.050000 0.000000
						}
					}
				}
				JOINT Clavicle.L
				{
					OFFSET 0.047610 0.005169 0.088241
					CHANNELS 3 Xrotation Yrotation Zrotation
					JOINT UpperArm.L
					{
						OFFSET 0.128018 0.013572 0.058017
						CHANNELS 3 Xrotation Yrotation Zrotation
						JOINT ForeArm.L
						{
							OFFSET 0.270676 0.043302 -0.075610
							CHANNELS 3 Xrotation Yrotation Zrotation
							JOINT Hand.L
							{
								OFFSET 0.274305 0.000862 0.022088
								CHANNELS 3 Xrotation Yrotation Zrotation
								JOINT Thumb1.L
								{
									OFFSET 0.154612 0.000376 0.009632
									CHANNELS 3 Xrotation Yrotation Zrotation
									JOINT Thumb2.L
									{
										OFFSET 0.029903 0.000094 0.002408
										CHANNELS 3 Xrotation Yrotation Zrotation
										End Site
										{
											OFFSET 0.024919 0.000078 0.002007
										}
									}
								}
								JOINT Index1.L
								{
									OFFSET 0.137612 0.000376 0.009632
									CHANNELS 3 Xrotation Yrotation Zrotation
									JOINT Index2.L
									{
										OFFSET 0.029903 0.000094 0.002408
										CHANNELS 3 Xrotation Yrotation Zrotation
										JOINT Index3.L
										{
											OFFSET 0.021929 0.000069 0.001766
											CHANNELS 3 Xrotation Yrotation Zrotation
											End Site
											{
												OFFSET 0.017942 0.000056 0.001445
											}
										}
									}
								}
								JOINT Middle1.L
								{
									OFFSET 0.119612 0.000376 0.009632
									CHANNELS 3 Xrotation Yrotation Zrotation
									JOINT Middle2.L
									{
										OFFSET 0.030900 0.000097 0.002488
										CHANNELS 3 Xrotation Yrotation Zrotation
										JOINT Middle3.L
										{
											OFFSET 0.021929 0.000069 0.001766
											CHANNELS 3 Xrotation Yrotation Zrotation
											End Site
											{
												OFFSET 0.017942 0.000056 0.001445
											}
										}
									}
								}
								JOINT Ring1.L
								{
									OFFSET 0.101612 0.000376 0.009632
									CHANNELS 3 Xrotation Yrotation Zrotation
									JOINT Ring2.L
									{
										OFFSET 0.028906 0.000091 0.002328
										CHANNELS 3 Xrotation Yrotation Zrotation
										JOINT Ring3.L
										{
											OFFSET 0.019935 0.000063 0.001605
											CHANNELS 3 Xrotation Yrotation Zrotation
											End Site
											{
												OFFSET 0.016945 0.000053 0.001365
											}
										}
									}
								}
								JOINT Pinky1.L
								{
									OFFSET 0.085612 0.000376 0.009632
									CHANNELS 3 Xrotation Yrotation Zrotation
									JOINT Pinky2.L
									{
										OFFSET 0.023922 0.000075 0.001926
										CHANNELS 3 Xrotation Yrotation Zrotation
										JOINT Pinky3.L
										{
											OFFSET 0.016945 0.000053 0.001365
											CHANNELS 3 Xrotation Yrotation Zrotation
											End Site
											{
												OFFSET 0.013955 0.000044 0.001124
											}
										}
									}
								}
							}
						}
					}
				}
				JOINT Clavicle.R
				{
					OFFSET -0.048612 0.011296 0.087305
					CHANNELS 3 Xrotation Yrotation Zrotation
					JOINT UpperArm.R
					{
						OFFSET -0.110989 0.009997 0.054341
						CHANNELS 3 Xrotation Yrotation Zrotation
						JOINT ForeArm.R
						{
							OFFSET -0.289214 0.027976 -0.039954
							CHANNELS 3 Xrotation Yrotation Zrotation
							JOINT Hand.R
							{
								OFFSET -0.270534 0.014407 -0.005706
								CHANNELS 3 Xrotation Yrotation Zrotation
								JOINT Thumb1.R
								{
									OFFSET -0.154804 0.006380 -0.002527
									CHANNELS 3 Xrotation Yrotation Zrotation
									JOINT Thumb2.R
									{
										OFFSET -0.029951 0.001595 -0.000632
										CHANNELS 3 Xrotation Yrotation Zrotation
										End Site
										{
											OFFSET -0.024959 0.001329 -0.000526
										}
									}
								}
								JOINT Index1.R
								{
									OFFSET -0.137804 0.006380 -0.002527
									CHANNELS 3 Xrotation Yrotation Zrotation
									JOINT Index2.R
									{
										OFFSET -0.029951 0.001595 -0.000632
										CHANNELS 3 Xrotation Yrotation Zrotation
										JOINT Index3.R
										{
											OFFSET -0.021964 0.001170 -0.000463
											CHANNELS 3 Xrotation Yrotation Zrotation
											End Site
											{
												OFFSET -0.017971 0.000957 -0.000379
											}
										}
									}
								}
								JOINT Middle1.R
								{
									OFFSET -0.119804 0.006380 -0.002527
									CHANNELS 3 Xrotation Yrotation Zrotation
									JOINT Middle2.R
									{
										OFFSET -0.030949 0.001648 -0.000653
										CHANNELS 3 Xrotation Yrotation Zrotation
										JOINT Middle3.R
										{
											OFFSET -0.021964 0.001170 -0.000463
											CHANNELS 3 Xrotation Yrotation Zrotation
											End Site
											{
												OFFSET -0.017971 0.000957 -0.000379
											}
										}
									}
								}
								JOINT Ring1.R
								{
									OFFSET -0.101804 0.006380 -0.002527
									CHANNELS 3 Xrotation Yrotation Zrotation
									JOINT Ring2.R
									{
										OFFSET -0.028953 0.001542 -0.000611
										CHANNELS 3 Xrotation Yrotation Zrotation
										JOINT Ring3.R
										{
											OFFSET -0.019967 0.001063 -0.000421
											CHANNELS 3 Xrotation Yrotation Zrotation
											End Site
											{
												OFFSET -0.016972 0.000904 -0.000358
											}
										}
									}
								}
								JOINT Pinky1.R
								{
									OFFSET -0.085804 0.006380 -0.002527
									CHANNELS 3 Xrotation Yrotation Zrotation
									JOINT Pinky2.R
									{
										OFFSET -0.023961 0.001276 -0.000505
										CHANNELS 3 Xrotation Yrotation Zrotation
										JOINT Pinky3.R
										{
											OFFSET -0.016972 0.000904 -0.000358
											CHANNELS 3 Xrotation Yrotation Zrotation
											End Site
											{
												OFFSET -0.013977 0.000744 -0.000295
											}
										}
									}
								}
							}
						}
					}
				}
			}
		}
	}
}
MOTION
Frames: 361
Frame Time: 0.04166667
0.002480 -0.057197 1.170224 -6.842204 -0.021492 -1.573838 8.963156 -2.928582 5.416592 -2.056021 1.229429 -3.190182 -5.115235 -1.101918 10.147707 -0.222790 -1.158318 -0.966431 4.578579 4.459102 -5.527847 4.871561 -0.041706 -0.628388 -2.603180 -3.430168 -7.481366 -0.125204 -1.516597 0.398793 3.977088 0.789517 2.327965 0.923190 0.497495 -1.093209 4.055496 -0.197896 0.372902 8.091221 2.390884 1.622757 4.383067 -0.909228 0.927011 -0.630947 23.535234 -2.656845 23.502805 43.646058 -25.030698 7.703804 0.577592 -24.836928 -3.314125 0.009415 -14.171806 0.000000 0.000000 0.000000 0.000000 0.000000 0.000000 0.000000 0.000000 0.000000 0.000000 0.000000 0.000000 0.000000 0.000000 0.000000 0.000000 0.000000 0.000000 0.000000 0.000000 0.000000 0.000000 0.000000 0.000000 0.000000 0.000000 0.000000 0.000000 0.000000 0.000000 0.000000 0.000000 0.000000 0.000000 0.000000 0.000000 0.000000 0.000000 0.000000 0.000000 0.000000 0.000000 1.837802 -22.747542 8.854397 25.458957 -45.016726 23.324876 3.099895 -0.570410 28.737353 -2.862638 -2.891592 11.551326 0.000000 0.000000 0.000000 0.000000 0.000000 0.000000 0.000000 0.000000 0.000000 0.000000 0.000000 0.000000 0.000000 0.000000 0.000000 0.000000 0.000000 0.000000 0.000000 0.000000 0.000000 0.000000 0.000000 0.000000 0.000000 0.000000 0.000000 0.000000 0.000000 0.000000 0.000000 0.000000 0.000000 0.000000 0.000000 0.000000 0.000000 0.000000 0.000000 0.000000 0.000000 0.000000
0.001656 -0.056922 1.170293 -6.866036 0.037796 -1.545042 9.124129 -2.944968 5.444982 -2.269630 1.200532 -3.265846 -5.072099 -1.078948 10.159607 -0.212260 -1.181863 -0.993806 4.742643 4.405005 -5.480750 4.689909 -0.023459 -0.527040 -2.509945 -3.429667 -7.532071 -0.103539 -1.534845 0.408240 3.801003 0.805353 2.338775 1.075477 0.453999 -1.136786 3.928156 -0.179363 0.349789 8.139055 2.430815 1.642101 4.378561 -0.889178 0.952600 -0.607118 23.584699 -2.655269 23.497383 43.622994 -24.950182 7.815896 0.606713 -24.803370 -3.155731 0.164543 -14.149569 0.000000 0.000000 0.000000 0.000000 0.000000 0.000000 0.000000 0.000000 0.000000 0.000000 0.000000 0.000000 0.000000 0.000000 0.000000 0.000000 0.000000 0.000000 0.000000 0.000000 0.000000 0.000000 0.000000 0.000000 0.000000 0.000000 0.000000 0.000000 0.000000 0.000000 0.000000 0.000000 0.000000 0.000000 0.000000 0.000000 0.000000 0.000000 0.000000 0.000000 0.000000 0.000000 1.863172 -22.806312 8.829834 25.493767 -44.950346 23.301596 3.231724 -0.550176 28.650468 -2.845288 -2.896871 11.555110 0.000000 0.000000 0.000000 0.000000 0.000000 0.000000 0.000000 0.000000 0.000000 0.000000 0.000000 0.000000 0.000000 0.000000 0.000000 0.000000 0.000000 0.000000 0.000000 0.000000 0.000000 0.000000 0.000000 0.000000 0.000000 0.000000 0.000000 0.000000 0.000000 0.000000 0.000000 0.000000 0.000000 0.000000 0.000000 0.000000 0.000000 0.000000 0.000000 0.000000 0.000000 0.000000
0.002171 -0.056811 1.170360 -6.896693 0.035570 -1.454538 9.196330 -2.955540 5.450762 -2.336131 1.138607 -3.336355 -5.061725 -0.993634 10.150216 -0.213745 -1.210900 -1.008850 4.831823 4.346211 -5.402035 4.668621 -0.000162 -0.435499 -2.516744 -3.328789 -7.665772 -0.086792 -1.557628 0.409337 3.624085 0.774903 2.338479 1.206735 0.439965 -1.155866 3.818423 -0.154367 0.351352 8.118968 2.439130 1.629422 4.421786 -0.873619 1.029237 -0.615602 23.620291 -2.631628 23.480010 43.569543 -24.853093 7.785205 0.657474 -24.785801 -3.116879 0.231792 -14.095445 0.000000 0.000000 0.000000 0.000000 0.000000 0.000000 0.000000 0.000000 0.000000 0.000000 0.000000 0.000000 0.000000 0.000000 0.000000 0.000000 0.000000 0.000000 0.000000 0.000000 0.000000 0.000000 0.000000 0.000000 0.000000 0.000000 0.000000 0.000000 0.000000 0.000000 0.000000 0.000000 0.000000 0.000000 0.000000 0.000000 0.000000 0.000000 0.000000 0.000000 0.000000 0.000000 1.882980 -22.840097 8.792059 25.575800 -44.958897 23.288772 3.224784 -0.621727 28.657997 -2.819593 -2.759320 11.551150 0.000000 0.000000 0.000000 0.000000 0.000000 0.000000 0.000000 0.000000 0.000000 0.000000 0.000000 0.000000 0.000000 0.000000 0.000000 0.000000 0.000000 0.000000 0.000000 0.000000 0.000000 0.000000 0.000000 0.000000 0.000000 0.000000 0.000000 0.000000 0.000000 0.000000 0.000000 0.000000 0.000000 0.000000 0.000000 0.000000 0.000000 0.000000 0.000000 0.000000 0.000000 0.000000
0.002701 -0.056751 1.170407 -6.919546 0.024970 -1.404975 9.279546 -2.962777 5.466919 -2.436772 1.107563 -3.350816 -5.028397 -0.917845 10.117084 -0.211576 -1.220546 -1.024139 4.927091 4.310388 -5.348530 4.591646 0.012322 -0.372310 -2.512337 -3.267474 -7.745027 -0.083575 -1.562873 0.413044 3.487669 0.784503 2.339729 1.315206 0.410904 -1.180969 3.735110 -0.137082 0.353901 8.143484 2.439008 1.612984 4.458202 -0.874734 1.045138 -0.619689 23.639946 -2.632285 23.486451 43.526564 -24.775394 7.792366 0.666886 -24.771844 -3.046993 0.303515 -14.067268 0.000000 0.000000 0.000000 0.000000 0.000000 0.000000 0.000000 0.000000 0.000000 0.000000 0.000000 0.000000 0.000000 0.000000 0.000000 0.000000 0.000000 0.000000 0.000000 0.000000 0.000000 0.000000 0.000000 0.000000 0.000000 0.000000 0.000000 0.000000 0.000000 0.000000 0.000000 0.000000 0.000000 0.000000 0.000000 0.000000 0.000000 0.000000 0.000000 0.000000 0.000000 0.000000 1.907213 -22.888686 8.790215 25.625469 -44.950867 23.287761 3.253337 -0.648939 28.639988 -2.759052 -2.731911 11.561781 0.000000 0.000000 0.000000 0.000000 0.000000 0.000000 0.000000 0.000000 0.000000 0.000000 0.000000 0.000000 0.000000 0.000000 0.000000 0.000000 0.000000 0.000000 0.000000 0.000000 0.000000 0.000000 0.000000 0.000000 0.000000 0.000000 0.000000 0.000000 0.000000 0.000000 0.000000 0.000000 0.000000 0.000000 0.000000 0.000000 0.000000 0.000000 0.000000 0.000000 0.000000 0.000000
0.003155 -0.057020 1.170460 -6.958675 0.013838 -1.387548 9.350331 -2.964825 5.498172 -2.498908 1.086712 -3.333989 -5.011168 -0.849600 10.083358 -0.217016 -1.226649 -1.033691 5.006988 4.287406 -5.326098 4.532736 0.024045 -0.348830 -2.514207 -3.244387 -7.775429 -0.088090 -1.561472 0.419985 3.433793 0.804569 2.342977 1.352531 0.401258 -1.189114 3.701379 -0.133584 0.363167 8.161954 2.445447 1.582265 4.494033 -0.867316 1.020501 -0.614521 23.642057 -2.658754 23.463188 43.505188 -24.702440 7.828715 0.651646 -24.768846 -3.021160 0.363614 -14.059972 0.000000 0.000000 0.000000 0.000000 0.000000 0.000000 0.000000 0.000000 0.000000 0.000000 0.000000 0.000000 0.000000 0.000000 0.000000 0.000000 0.000000 0.000000 0.000000 0.000000 0.000000 0.000000 0.000000 0.000000 0.000000 0.000000 0.000000 0.000000 0.000000 0.000000 0.000000 0.000000 0.000000 0.000000 0.000000 0.000000 0.000000 0.000000 0.000000 0.000000 0.000000 0.000000 1.929425 -22.916632 8.821631 25.667124 -44.950002 23.303413 3.299514 -0.652082 28.616894 -2.707755 -2.746425 11.566579 0.000000 0.000000 0.000000 0.000000 0.000000 0.000000 0.000000 0.000000 0.000000 0.000000 0.000000 0.000000 0.000000 0.000000 0.000000 0.000000 0.000000 0.000000 0.000000 0.000000 0.000000 0.000000 0.000000 0.000000 0.000000 0.000000 0.000000 0.000000 0.000000 0.000000 0.000000 0.000000 0.000000 0.000000 0.000000 0.000000 0.000000 0.000000 0.000000 0.000000 0.000000 0.000000
0.003288 -0.056984 1.170482 -6.969853 0.015613 -1.382065 9.404538 -2.974542 5.554443 -2.564017 1.088808 -3.274360 -5.011650 -0.784460 10.019076 -0.225130 -1.233898 -1.041161 5.049195 4.274858 -5.336771 4.492851 0.023160 -0.382846 -2.508591 -3.244423 -7.746439 -0.094438 -1.554130 0.424281 3.378002 0.842156 2.344755 1.403660 0.371821 -1.207252 3.677338 -0.135427 0.380338 8.170710 2.483423 1.571556 4.440744 -0.848764 0.994125 -0.608290 23.630300 -2.674326 23.472203 43.534267 -24.685074 7.853643 0.602056 -24.753709 -2.913955 0.407520 -14.035336 0.000000 0.000000 0.000000 0.000000 0.000000 0.000000 0.000000 0.000000 0.000000 0.000000 0.000000 0.000000 0.000000 0.000000 0.000000 0.000000 0.000000 0.000000 0.000000 0.000000 0.000000 0.000000 0.000000 0.000000 0.000000 0.000000 0.000000 0.000000 0.000000 0.000000 0.000000 0.000000 0.000000 0.000000 0.000000 0.000000 0.000000 0.000000 0.000000 0.000000 0.000000 0.000000 1.949677 -22.944658 8.840148 25.662139 -44.930804 23.317665 3.367762 -0.641852 28.547804 -2.595184 -2.754473 11.578974 0.000000 0.000000 0.000000 0.000000 0.000000 0.000000 0.000000 0.000000 0.000000 0.000000 0.000000 0.000000 0.000000 0.000000 0.000000 0.000000 0.000000 0.000000 0.000000 0.000000 0.000000 0.000000 0.000000 0.000000 0.000000 0.000000 0.000000 0.000000 0.000000 0.000000 0.000000 0.000000 0.000000 0.000000 0.000000 0.000000 0.000000 0.000000 0.000000 0.000000 0.000000 0.000000
0.003440 -0.057330 1.170527 -7.001020 0.011269 -1.393680 9.459651 -2.968831 5.594627 -2.619991 1.081753 -3.246882 -4.997440 -0.741426 9.993426 -0.231376 -1.233902 -1.050142 5.092298 4.269234 -5.337900 4.455706 0.032787 -0.374759 -2.492806 -3.240148 -7.726323 -0.104521 -1.564836 0.428720 3.358420 0.881639 2.346408 1.444308 0.356498 -1.213017 3.649871 -0.136932 0.390080 8.215953 2.487158 1.564127 4.450609 -0.852822 0.966610 -0.595386 23.621635 -2.717557 23.479621 43.526985 -24.671307 7.866830 0.580905 -24.744020 -2.899090 0.429351 -14.060403 0.000000 0.000000 0.000000 0.000000 0.000000 0.000000 0.000000 0.000000 0.000000 0.000000 0.000000 0.000000 0.000000 0.000000 0.000000 0.000000 0.000000 0.000000 0.000000 0.000000 0.000000 0.000000 0.000000 0.000000 0.000000 0.000000 0.000000 0.000000 0.000000 0.000000 0.000000 0.000000 0.000000 0.000000 0.000000 0.000000 0.000000 0.000000 0.000000 0.000000 0.000000 0.000000 1.956180 -22.958039 8.888018 25.693655 -44.918533 23.359364 3.394909 -0.642127 28.480172 -2.550293 -2.770703 11.606904 0.000000 0.000000 0.000000 0.000000 0.000000 0.000000 0.000000 0.000000 0.000000 0.000000 0.000000 0.000000 0.000000 0.000000 0.000000 0.000000 0.000000 0.000000 0.000000 0.000000 0.000000 0.000000 0.000000 0.000000 0.000000 0.000000 0.000000 0.000000 0.000000 0.000000 0.000000 0.000000 0.000000 0.000000 0.000000 0.000000 0.000000 0.000000 0.000000 0.000000 0.000000 0.000000
0.003666 -0.057769 1.170580 -7.039031 -0.004996 -1.409108 9.501965 -2.955428 5.638697 -2.642518 1.085214 -3.226545 -4.991736 -0.704554 9.974400 -0.240025 -1.239273 -1.062031 5.127370 4.279536 -5.344283 4.438610 0.038273 -0.366052 -2.489646 -3.242366 -7.719570 -0.117724 -1.567570 0.441888 3.359862 0.914784 2.337967 1.475070 0.340933 -1.220349 3.624017 -0.131531 0.396417 8.208606 2.487138 1.568247 4.429983 -0.835751 0.951814 -0.558136 23.612720 -2.776384 23.457719 43.535400 -24.632801 7.835996 0.555733 -24.748646 -2.933642 0.457532 -14.095346 0.000000 0.000000 0.000000 0.000000 0.000000 0.000000 0.000000 0.000000 0.000000 0.000000 0.000000 0.000000 0.000000 0.000000 0.000000 0.000000 0.000000 0.000000 0.000000 0.000000 0.000000 0.000000 0.000000 0.000000 0.000000 0.000000 0.000000 0.000000 0.000000 0.000000 0.000000 0.000000 0.000000 0.000000 0.000000 0.000000 0.000000 0.000000 0.000000 0.000000 0.000000 0.000000 1.963425 -22.958251 8.950258 25.715390 -44.931000 23.381681 3.400642 -0.626762 28.450395 -2.524451 -2.815627 11.623611 0.000000 0.000000 0.000000 0.000000 0.000000 0.000000 0.000000 0.000000 0.000000 0.000000 0.000000 0.000000 0.000000 0.000000 0.000000 0.000000 0.000000 0.000000 0.000000 0.000000 0.000000 0.000000 0.000000 0.000000 0.000000 0.000000 0.000000 0.000000 0.000000 0.000000 0.000000 0.000000 0.000000 0.000000 0.000000 0.000000 0.000000 0.000000 0.000000 0.000000 0.000000 0.000000
0.004004 -0.057994 1.170612 -7.052653 -0.027569 -1.419465 9.540681 -2.944698 5.677344 -2.701507 1.096885 -3.212215 -4.965588 -0.659781 9.951516 -0.253733 -1.244688 -1.073637 5.141821 4.286570 -5.332227 4.420465 0.049944 -0.343403 -2.484524 -3.216617 -7.725073 -0.127618 -1.574722 0.445563 3.358009 0.944956 2.333738 1.537316 0.326708 -1.233094 3.568938 -0.125305 0.408423 8.222127 2.489317 1.575319 4.350130 -0.857155 0.943738 -0.540040 23.616409 -2.826904 23.449690 43.529876 -24.607599 7.785183 0.533021 -24.722848 -2.919184 0.519332 -14.145303 0.000000 0.000000 0.000000 0.000000 0.000000 0.000000 0.000000 0.000000 0.000000 0.000000 0.000000 0.000000 0.000000 0.000000 0.000000 0.000000 0.000000 0.000000 0.000000 0.000000 0.000000 0.000000 0.000000 0.000000 0.000000 0.000000 0.000000 0.000000 0.000000 0.000000 0.000000 0.000000 0.000000 0.000000 0.000000 0.000000 0.000000 0.000000 0.000000 0.000000 0.000000 0.000000 1.967698 -22.969296 9.003501 25.736343 -44.948391 23.413867 3.403525 -0.598699 28.394856 -2.457782 -2.883207 11.652646 0.000000 0.000000 0.000000 0.000000 0.000000 0.000000 0.000000 0.000000 0.000000 0.000000 0.000000 0.000000 0.000000 0.000000 0.000000 0.000000 0.000000 0.000000 0.000000 0.000000 0.000000 0.000000 0.000000 0.000000 0.000000 0.000000 0.000000 0.000000 0.000000 0.000000 0.000000 0.000000 0.000000 0.000000 0.000000 0.000000 0.000000 0.000000 0.000000 0.000000 0.000000 0.000000
0.004303 -0.057543 1.170590 -7.012558 -0.045511 -1.429298 9.537775 -2.937315 5.689339 -2.749836 1.101010 -3.213557 -4.946485 -0.626107 9.941196 -0.253290 -1.247047 -1.090241 5.131933 4.291513 -5.312726 4.383298 0.052533 -0.336164 -2.494995 -3.206979 -7.724724 -0.125558 -1.575029 0.451812 3.315466 0.978574 2.337151 1.651006 0.298632 -1.247765 3.489443 -0.120645 0.429169 8.242201 2.469748 1.537982 4.210580 -0.901946 0.849918 -0.521953 23.619181 -2.864637 23.482987 43.534584 -24.616500 7.779902 0.468143 -24.686684 -2.825750 0.613989 -14.194980 0.000000 0.000000 0.000000 0.000000 0.000000 0.000000 0.000000 0.000000 0.000000 0.000000 0.000000 0.000000 0.000000 0.000000 0.000000 0.000000 0.000000 0.000000 0.000000 0.000000 0.000000 0.000000 0.000000 0.000000 0.000000 0.000000 0.000000 0.000000 0.000000 0.000000 0.000000 0.000000 0.000000 0.000000 0.000000 0.000000 0.000000 0.000000 0.000000 0.000000 0.000000 0.000000 1.998349 -22.996731 9.037807 25.722653 -44.966513 23.428295 3.408954 -0.536469 28.326382 -2.352641 -2.956233 11.700898 0.000000 0.000000 0.000000 0.000000 0.000000 0.000000 0.000000 0.000000 0.000000 0.000000 0.000000 0.000000 0.000000 0.000000 0.000000 0.000000 0.000000 0.000000 0.000000 0.000000 0.000000 0.000000 0.000000 0.000000 0.000000 0.000000 0.000000 0.000000 0.000000 0.000000 0.000000 0.000000 0.000000 0.000000 0.000000 0.000000 0.000000 0.000000 0.000000 0.000000 0.000000 0.000000
0.004493 -0.057679 1.170606 -7.010494 -0.064509 -1.434263 9.528199 -2.924922 5.695847 -2.752396 1.110676 -3.231434 -4.933733 -0.620317 9.948389 -0.264920 -1.250758 -1.097355 5.109627 4.304335 -5.281681 4.401242 0.056161 -0.327499 -2.489272 -3.172684 -7.747540 -0.136446 -1.570439 0.457802 3.311583 1.003985 2.330760 1.734522 0.268408 -1.263514 3.425457 -0.112841 0.442152 8.237913 2.455635 1.536996 4.127609 -0.922274 0.815334 -0.502900 23.632383 -2.923853 23.497745 43.538142 -24.609707 7.707413 0.436526 -24.679932 -2.789535 0.689191 -14.237751 0.000000 0.000000 0.000000 0.000000 0.000000 0.000000 0.000000 0.000000 0.000000 0.000000 0.000000 0.000000 0.000000 0.000000 0.000000 0.000000 0.000000 0.000000 0.000000 0.000000 0.000000 0.000000 0.000000 0.000000 0.000000 0.000000 0.000000 0.000000 0.000000 0.000000 0.000000 0.000000 0.000000 0.000000 0.000000 0.000000 0.000000 0.000000 0.000000 0.000000 0.000000 0.000000 2.002114 -23.011416 9.092778 25.717213 -44.962591 23.438945 3.417665 -0.498113 28.269894 -2.284036 -3.027005 11.729111 0.000000 0.000000 0.000000 0.000000 0.000000 0.000000 0.000000 0.000000 0.000000 0.000000 0.000000 0.000000 0.000000 0.000000 0.000000 0.000000 0.000000 0.000000 0.000000 0.000000 0.000000 0.000000 0.000000 0.000000 0.000000 0.000000 0.000000 0.000000 0.000000 0.000000 0.000000 0.000000 0.000000 0.000000 0.000000 0.000000 0.000000 0.000000 0.000000 0.000000 0.000000 0.000000
0.004472 -0.057847 1.170619 -7.003870 -0.074612 -1.490215 9.507100 -2.898592 5.686439 -2.737084 1.107494 -3.274448 -4.923398 -0.649719 10.003611 -0.272750 -1.259080 -1.104814 5.051743 4.319686 -5.251622 4.451771 0.073038 -0.309403 -2.487074 -3.148209 -7.729438 -0.143629 -1.566568 0.464483 3.300706 1.026634 2.323218 1.826394 0.244853 -1.278327 3.356453 -0.098243 0.454823 8.240599 2.442881 1.554291 4.037764 -0.934007 0.762922 -0.491707 23.638817 -2.957795 23.529575 43.545287 -24.631939 7.643076 0.405817 -24.643257 -2.735987 0.750525 -14.272362 0.000000 0.000000 0.000000 0.000000 0.000000 0.000000 0.000000 0.000000 0.000000 0.000000 0.000000 0.000000 0.000000 0.000000 0.000000 0.000000 0.000000 0.000000 0.000000 0.000000 0.000000 0.000000 0.000000 0.000000 0.000000 0.000000 0.000000 0.000000 0.000000 0.000000 0.000000 0.000000 0.000000 0.000000 0.000000 0.000000 0.000000 0.000000 0.000000 0.000000 0.000000 0.000000 1.989942 -23.023045 9.130091 25.715944 -44.961808 23.484477 3.384788 -0.469539 28.194506 -2.254875 -3.102808 11.755374 0.000000 0.000000 0.000000 0.000000 0.000000 0.000000 0.000000 0.000000 0.000000 0.000000 0.000000 0.000000 0.000000 0.000000 0.000000 0.000000 0.000000 0.000000 0.000000 0.000000 0.000000 0.000000 0.000000 0.000000 0.000000 0.000000 0.000000 0.000000 0.000000 0.000000 0.000000 0.000000 0.000000 0.000000 0.000000 0.000000 0.000000 0.000000 0.000000 0.000000 0.000000 0.000000
0.004488 -0.058120 1.170649 -7.014434 -0.082808 -1.512926 9.499360 -2.881076 5.678126 -2.721261 1.102030 -3.305257 -4.914458 -0.665818 10.038572 -0.283184 -1.264816 -1.111961 5.008275 4.325915 -5.241565 4.517659 0.088899 -0.309173 -2.488884 -3.126522 -7.727845 -0.150491 -1.560119 0.471910 3.304052 1.050068 2.322794 1.895143 0.223261 -1.301120 3.293948 -0.086096 0.457739 8.251870 2.437470 1.545398 3.994950 -0.950450 0.748870 -0.464131 23.659244 -3.004700 23.518779 43.552457 -24.628361 7.520828 0.391377 -24.597885 -2.712799 0.787438 -14.303754 0.000000 0.000000 0.000000 0.000000 0.000000 0.000000 0.000000 0.000000 0.000000 0.000000 0.000000 0.000000 0.000000 0.000000 0.000000 0.000000 0.000000 0.000000 0.000000 0.000000 0.000000 0.000000 0.000000 0.000000 0.000000 0.000000 0.000000 0.000000 0.000000 0.000000 0.000000 0.000000 0.000000 0.000000 0.000000 0.000000 0.000000 0.000000 0.000000 0.000000 0.000000 0.000000 1.990335 -23.037573 9.179075 25.714883 -44.964016 23.490065 3.377456 -0.431006 28.168841 -2.206387 -3.136601 11.774190 0.000000 0.000000 0.000000 0.000000 0.000000 0.000000 0.000000 0.000000 0.000000 0.000000 0.000000 0.000000 0.000000 0.000000 0.000000 0.000000 0.000000 0.000000 0.000000 0.000000 0.000000 0.000000 0.000000 0.000000 0.000000 0.000000 0.000000 0.000000 0.000000 0.000000 0.000000 0.000000 0.000000 0.000000 0.000000 0.000000 0.000000 0.000000 0.000000 0.000000 0.000000 0.000000
0.004415 -0.058354 1.170674 -7.019119 -0.082976 -1.563129 9.509842 -2.862844 5.687090 -2.745279 1.093549 -3.324080 -4.896104 -0.667905 10.072680 -0.291272 -1.270507 -1.113028 4.953805 4.329902 -5.222418 4.584291 0.105889 -0.305381 -2.482902 -3.105065 -7.701507 -0.152578 -1.560490 0.473325 3.298421 1.066454 2.314371 1.989212 0.202175 -1.325958 3.208790 -0.074436 0.464136 8.270707 2.447312 1.536494 3.933167 -0.969279 0.741616 -0.445829 23.668809 -3.035778 23.555004 43.551813 -24.652199 7.413237 0.387112 -24.551916 -2.671007 0.850983 -14.335872 0.000000 0.000000 0.000000 0.000000 0.000000 0.000000 0.000000 0.000000 0.000000 0.000000 0.000000 0.000000 0.000000 0.000000 0.000000 0.000000 0.000000 0.000000 0.000000 0.000000 0.000000 0.000000 0.000000 0.000000 0.000000 0.000000 0.000000 0.000000 0.000000 0.000000 0.000000 0.000000 0.000000 0.000000 0.000000 0.000000 0.000000 0.000000 0.000000 0.000000 0.000000 0.000000 1.985679 -23.042452 9.227005 25.722527 -44.975165 23.537183 3.335456 -0.401175 28.092922 -2.187235 -3.205431 11.803484 0.000000 0.000000 0.000000 0.000000 0.000000 0.000000 0.000000 0.000000 0.000000 0.000000 0.000000 0.000000 0.000000 0.000000 0.000000 0.000000 0.000000 0.000000 0.000000 0.000000 0.000000 0.000000 0.000000 0.000000 0.000000 0.000000 0.000000 0.000000 0.000000 0.000000 0.000000 0.000000 0.000000 0.000000 0.000000 0.000000 0.000000 0.000000 0.000000 0.000000 0.000000 0.000000
0.004233 -0.058114 1.170671 -6.997200 -0.075161 -1.584736 9.502374 -2.853741 5.682233 -2.759073 1.082358 -3.340516 -4.891970 -0.674779 10.094464 -0.289193 -1.269282 -1.115384 4.936044 4.323210 -5.223810 4.573688 0.121416 -0.299073 -2.459561 -3.100209 -7.683610 -0.151703 -1.556420 0.477309 3.284936 1.073433 2.313410 2.041875 0.196383 -1.343414 3.161328 -0.066607 0.459380 8.289302 2.440487 1.536128 3.917196 -0.993455 0.766008 -0.422685 23.686411 -3.038861 23.550803 43.560432 -24.657282 7.308120 0.389293 -24.512774 -2.668459 0.875796 -14.352987 0.000000 0.000000 0.000000 0.000000 0.000000 0.000000 0.000000 0.000000 0.000000 0.000000 0.000000 0.000000 0.000000 0.000000 0.000000 0.000000 0.000000 0.000000 0.000000 0.000000 0.000000 0.000000 0.000000 0.000000 0.000000 0.000000 0.000000 0.000000 0.000000 0.000000 0.000000 0.000000 0.000000 0.000000 0.000000 0.000000 0.000000 0.000000 0.000000 0.000000 0.000000 0.000000 2.005318 -23.038201 9.246216 25.724973 -44.982255 23.567498 3.288709 -0.403426 28.054120 -2.189621 -3.232418 11.822820 0.000000 0.000000 0.000000 0.000000 0.000000 0.000000 0.000000 0.000000 0.000000 0.000000 0.000000 0.000000 0.000000 0.000000 0.000000 0.000000 0.000000 0.000000 0.000000 0.000000 0.000000 0.000000 0.000000 0.000000 0.000000 0.000000 0.000000 0.000000 0.000000 0.000000 0.000000 0.000000 0.000000 0.000000 0.000000 0.000000 0.000000 0.000000 0.000000 0.000000 0.000000 0.000000
0.004163 -0.058122 1.170688 -6.993668 -0.069493 -1.606019 9.504707 -2.851106 5.694226 -2.770958 1.076994 -3.342930 -4.884441 -0.666375 10.105859 -0.283571 -1.269824 -1.117258 4.926276 4.314598 -5.229442 4.570353 0.133160 -0.313385 -2.440484 -3.091886 -7.653919 -0.158677 -1.564082 0.471646 3.274919 1.078850 2.314907 2.112688 0.176772 -1.355538 3.125154 -0.057998 0.464021 8.305005 2.448833 1.514054 3.858123 -1.012430 0.768899 -0.406396 23.716627 -3.058978 23.564742 43.549915 -24.677741 7.238582 0.352778 -24.492765 -2.642057 0.841279 -14.349647 0.000000 0.000000 0.000000 0.000000 0.000000 0.000000 0.000000 0.000000 0.000000 0.000000 0.000000 0.000000 0.000000 0.000000 0.000000 0.000000 0.000000 0.000000 0.000000 0.000000 0.000000 0.000000 0.000000 0.000000 0.000000 0.000000 0.000000 0.000000 0.000000 0.000000 0.000000 0.000000 0.000000 0.000000 0.000000 0.000000 0.000000 0.000000 0.000000 0.000000 0.000000 0.000000 2.013151 -23.045633 9.275791 25.703547 -44.975331 23.576179 3.275298 -0.388281 28.026032 -2.175479 -3.204564 11.827961 0.000000 0.000000 0.000000 0.000000 0.000000 0.000000 0.000000 0.000000 0.000000 0.000000 0.000000 0.000000 0.000000 0.000000 0.000000 0.000000 0.000000 0.000000 0.000000 0.000000 0.000000 0.000000 0.000000 0.000000 0.000000 0.000000 0.000000 0.000000 0.000000 0.000000 0.000000 0.000000 0.000000 0.000000 0.000000 0.000000 0.000000 0.000000 0.000000 0.000000 0.000000 0.000000
0.004243 -0.058050 1.170691 -6.978704 -0.068181 -1.597348 9.492204 -2.850185 5.699165 -2.786972 1.058944 -3.333662 -4.869653 -0.648512 10.094436 -0.278217 -1.266566 -1.119457 4.939757 4.297185 -5.242280 4.510356 0.143644 -0.308482 -2.408334 -3.080794 -7.654645 -0.151339 -1.559812 0.470311 3.256766 1.074585 2.315104 2.148440 0.170165 -1.359847 3.105216 -0.063853 0.463938 8.308097 2.441242 1.491566 3.849702 -1.036669 0.776881 -0.403403 23.731512 -3.048780 23.558734 43.551912 -24.694099 7.179162 0.349237 -24.476718 -2.607793 0.832828 -14.337520 0.000000 0.000000 0.000000 0.000000 0.000000 0.000000 0.000000 0.000000 0.000000 0.000000 0.000000 0.000000 0.000000 0.000000 0.000000 0.000000 0.000000 0.000000 0.000000 0.000000 0.000000 0.000000 0.000000 0.000000 0.000000 0.000000 0.000000 0.000000 0.000000 0.000000 0.000000 0.000000 0.000000 0.000000 0.000000 0.000000 0.000000 0.000000 0.000000 0.000000 0.000000 0.000000 2.027105 -23.031103 9.283054 25.696538 -44.980362 23.609512 3.237028 -0.411412 27.983692 -2.172111 -3.188858 11.823428 0.000000 0.000000 0.000000 0.000000 0.000000 0.000000 0.000000 0.000000 0.000000 0.000000 0.000000 0.000000 0.000000 0.000000 0.000000 0.000000 0.000000 0.000000 0.000000 0.000000 0.000000 0.000000 0.000000 0.000000 0.000000 0.000000 0.000000 0.000000 0.000000 0.000000 0.000000 0.000000 0.000000 0.000000 0.000000 0.000000 0.000000 0.000000 0.000000 0.000000 0.000000 0.000000
0.004385 -0.058171 1.170709 -6.980591 -0.067582 -1.594764 9.495941 -2.845923 5.704002 -2.808866 1.030114 -3.312602 -4.846156 -0.627797 10.073449 -0.266212 -1.258666 -1.119170 4.970948 4.274501 -5.258851 4.440730 0.158214 -0.326301 -2.377442 -3.062544 -7.633750 -0.145543 -1.561226 0.466242 3.233492 1.075458 2.328399 2.210818 0.152167 -1.366645 3.064061 -0.055427 0.477769 8.362937 2.448236 1.435292 3.838606 -1.067571 0.775811 -0.396846 23.738481 -3.062478 23.564257 43.542701 -24.719743 7.144946 0.336678 -24.453519 -2.538359 0.824919 -14.330779 0.000000 0.000000 0.000000 0.000000 0.000000 0.000000 0.000000 0.000000 0.000000 0.000000 0.000000 0.000000 0.000000 0.000000 0.000000 0.000000 0.000000 0.000000 0.000000 0.000000 0.000000 0.000000 0.000000 0.000000 0.000000 0.000000 0.000000 0.000000 0.000000 0.000000 0.000000 0.000000 0.000000 0.000000 0.000000 0.000000 0.000000 0.000000 0.000000 0.000000 0.000000 0.000000 2.060267 -23.040904 9.303406 25.678646 -44.970263 23.628916 3.174211 -0.436352 27.948967 -2.130392 -3.163582 11.832340 0.000000 0.000000 0.000000 0.000000 0.000000 0.000000 0.000000 0.000000 0.000000 0.000000 0.000000 0.000000 0.000000 0.000000 0.000000 0.000000 0.000000 0.000000 0.000000 0.000000 0.000000 0.000000 0.000000 0.000000 0.000000 0.000000 0.000000 0.000000 0.000000 0.000000 0.000000 0.000000 0.000000 0.000000 0.000000 0.000000 0.000000 0.000000 0.000000 0.000000 0.000000 0.000000
0.004377 -0.058130 1.170710 -6.967298 -0.058255 -1.609515 9.481186 -2.853004 5.697134 -2.812075 1.021118 -3.291575 -4.825704 -0.632739 10.073154 -0.256480 -1.250399 -1.117537 4.986478 4.254629 -5.278970 4.369503 0.164232 -0.341292 -2.339924 -3.052807 -7.608018 -0.148425 -1.563280 0.464695 3.226035 1.076667 2.330214 2.242524 0.136804 -1.366526 3.048081 -0.047233 0.477451 8.359359 2.451301 1.422087 3.810841 -1.092493 0.795894 -0.385848 23.767735 -3.056975 23.549264 43.517117 -24.719668 7.113537 0.320350 -24.456080 -2.490886 0.743896 -14.333852 0.000000 0.000000 0.000000 0.000000 0.000000 0.000000 0.000000 0.000000 0.000000 0.000000 0.000000 0.000000 0.000000 0.000000 0.000000 0.000000 0.000000 0.000000 0.000000 0.000000 0.000000 0.000000 0.000000 0.000000 0.000000 0.000000 0.000000 0.000000 0.000000 0.000000 0.000000 0.000000 0.000000 0.000000 0.000000 0.000000 0.000000 0.000000 0.000000 0.000000 0.000000 0.000000 2.076507 -23.064231 9.309660 25.669832 -44.948087 23.655805 3.134065 -0.434346 27.925492 -2.085589 -3.097736 11.841772 0.000000 0.000000 0.000000 0.000000 0.000000 0.000000 0.000000 0.000000 0.000000 0.000000 0.000000 0.000000 0.000000 0.000000 0.000000 0.000000 0.000000 0.000000 0.000000 0.000000 0.000000 0.000000 0.000000 0.000000 0.000000 0.000000 0.000000 0.000000 0.000000 0.000000 0.000000 0.000000 0.000000 0.000000 0.000000 0.000000 0.000000 0.000000 0.000000 0.000000 0.000000 0.000000
0.004198 -0.058318 1.170708 -6.952982 -0.043498 -1.644735 9.438702 -2.856721 5.682711 -2.786946 1.012747 -3.273849 -4.810948 -0.656354 10.082645 -0.252242 -1.247646 -1.118018 4.981240 4.246041 -5.283592 4.298437 0.161449 -0.364897 -2.281386 -3.062518 -7.567359 -0.152288 -1.558807 0.469240 3.231335 1.075724 2.341719 2.257583 0.131283 -1.363797 3.039360 -0.045824 0.484780 8.367409 2.456137 1.396523 3.816030 -1.111562 0.798535 -0.386840 23.806868 -3.060515 23.527507 43.499494 -24.715694 7.050778 0.308462 -24.471103 -2.443753 0.671990 -14.324726 0.000000 0.000000 0.000000 0.000000 0.000000 0.000000 0.000000 0.000000 0.000000 0.000000 0.000000 0.000000 0.000000 0.000000 0.000000 0.000000 0.000000 0.000000 0.000000 0.000000 0.000000 0.000000 0.000000 0.000000 0.000000 0.000000 0.000000 0.000000 0.000000 0.000000 0.000000 0.000000 0.000000 0.000000 0.000000 0.000000 0.000000 0.000000 0.000000 0.000000 0.000000 0.000000 2.094243 -23.088015 9.331632 25.618477 -44.902565 23.645281 3.109107 -0.453838 27.920367 -2.036932 -3.037826 11.862762 0.000000 0.000000 0.000000 0.000000 0.000000 0.000000 0.000000 0.000000 0.000000 0.000000 0.000000 0.000000 0.000000 0.000000 0.000000 0.000000 0.000000 0.000000 0.000000 0.000000 0.000000 0.000000 0.000000 0.000000 0.000000 0.000000 0.000000 0.000000 0.000000 0.000000 0.000000 0.000000 0.000000 0.000000 0.000000 0.000000 0.000000 0.000000 0.000000 0.000000 0.000000 0.000000
0.004226 -0.058325 1.170694 -6.926042 -0.033985 -1.670861 9.391337 -2.869332 5.665283 -2.767183 1.004046 -3.263394 -4.789684 -0.665680 10.080183 -0.243837 -1.241319 -1.117807 4.965650 4.230948 -5.291588 4.238535 0.158541 -0.386290 -2.241705 -3.058173 -7.527142 -0.152419 -1.561766 0.466522 3.243684 1.070615 2.351000 2.280763 0.118126 -1.366171 3.017788 -0.044640 0.489591 8.372727 2.457833 1.383007 3.802375 -1.139623 0.803411 -0.370719 23.840179 -3.071985 23.509483 43.468790 -24.712833 7.010288 0.295974 -24.483634 -2.381448 0.600196 -14.333343 0.000000 0.000000 0.000000 0.000000 0.000000 0.000000 0.000000 0.000000 0.000000 0.000000 0.000000 0.000000 0.000000 0.000000 0.000000 0.000000 0.000000 0.000000 0.000000 0.000000 0.000000 0.000000 0.000000 0.000000 0.000000 0.000000 0.000000 0.000000 0.000000 0.000000 0.000000 0.000000 0.000000 0.000000 0.000000 0.000000 0.000000 0.000000 0.000000 0.000000 0.000000 0.000000 2.110050 -23.107371 9.349603 25.589967 -44.873736 23.647076 3.112302 -0.442805 27.931839 -1.955874 -3.009906 11.880485 0.000000 0.000000 0.000000 0.000000 0.000000 0.000000 0.000000 0.000000 0.000000 0.000000 0.000000 0.000000 0.000000 0.000000 0.000000 0.000000 0.000000 0.000000 0.000000 0.000000 0.000000 0.000000 0.000000 0.000000 0.000000 0.000000 0.000000 0.000000 0.000000 0.000000 0.000000 0.000000 0.000000 0.000000 0.000000 0.000000 0.000000 0.000000 0.000000 0.000000 0.000000 0.000000
0.004151 -0.058214 1.170654 -6.875370 -0.013773 -1.678031 9.310035 -2.894471 5.641936 -2.740867 0.996342 -3.254034 -4.776636 -0.676578 10.083502 -0.231918 -1.230991 -1.117796 4.922661 4.204688 -5.290403 4.182228 0.149864 -0.416837 -2.196015 -3.060196 -7.508929 -0.162825 -1.567006 0.465274 3.285459 1.066776 2.353216 2.275020 0.096647 -1.360090 3.016311 -0.045893 0.492344 8.328096 2.449442 1.381330 3.770959 -1.159597 0.805601 -0.370564 23.883861 -3.083648 23.502855 43.426066 -24.724266 6.993696 0.274315 -24.509997 -2.291577 0.535935 -14.327677 0.000000 0.000000 0.000000 0.000000 0.000000 0.000000 0.000000 0.000000 0.000000 0.000000 0.000000 0.000000 0.000000 0.000000 0.000000 0.000000 0.000000 0.000000 0.000000 0.000000 0.000000 0.000000 0.000000 0.000000 0.000000 0.000000 0.000000 0.000000 0.000000 0.000000 0.000000 0.000000 0.000000 0.000000 0.000000 0.000000 0.000000 0.000000 0.000000 0.000000 0.000000 0.000000 2.115649 -23.151390 9.362800 25.547556 -44.793264 23.619523 3.153725 -0.445854 27.968636 -1.859049 -2.992874 11.896311 0.000000 0.000000 0.000000 0.000000 0.000000 0.000000 0.000000 0.000000 0.000000 0.000000 0.000000 0.000000 0.000000 0.000000 0.000000 0.000000 0.000000 0.000000 0.000000 0.000000 0.000000 0.000000 0.000000 0.000000 0.000000 0.000000 0.000000 0.000000 0.000000 0.000000 0.000000 0.000000 0.000000 0.000000 0.000000 0.000000 0.000000 0.000000 0.000000 0.000000 0.000000 0.000000
0.004232 -0.058105 1.170634 -6.841973 -0.009982 -1.740838 9.254476 -2.897353 5.605714 -2.696586 0.986533 -3.237998 -4.766929 -0.693162 10.105870 -0.219473 -1.226191 -1.113744 4.888326 4.201726 -5.293361 4.141909 0.147570 -0.425863 -2.174164 -3.074730 -7.454840 -0.159156 -1.568894 0.466240 3.315085 1.065696 2.367195 2.277898 0.088751 -1.359270 2.998155 -0.043132 0.498246 8.313192 2.447439 1.374789 3.742284 -1.180163 0.798436 -0.366475 23.887878 -3.086624 23.499600 43.420668 -24.737141 6.966594 0.273326 -24.473686 -2.306228 0.513516 -14.344962 0.000000 0.000000 0.000000 0.000000 0.000000 0.000000 0.000000 0.000000 0.000000 0.000000 0.000000 0.000000 0.000000 0.000000 0.000000 0.000000 0.000000 0.000000 0.000000 0.000000 0.000000 0.000000 0.000000 0.000000 0.000000 0.000000 0.000000 0.000000 0.000000 0.000000 0.000000 0.000000 0.000000 0.000000 0.000000 0.000000 0.000000 0.000000 0.000000 0.000000 0.000000 0.000000 2.132349 -23.158792 9.381281 25.537545 -44.769719 23.643415 3.148895 -0.453259 27.986644 -1.825037 -2.983278 11.918317 0.000000 0.000000 0.000000 0.000000 0.000000 0.000000 0.000000 0.000000 0.000000 0.000000 0.000000 0.000000 0.000000 0.000000 0.000000 0.000000 0.000000 0.000000 0.000000 0.000000 0.000000 0.000000 0.000000 0.000000 0.000000 0.000000 0.000000 0.000000 0.000000 0.000000 0.000000 0.000000 0.000000 0.000000 0.000000 0.000000 0.000000 0.000000 0.000000 0.000000 0.000000 0.000000
0.004374 -0.058067 1.170613 -6.806741 -0.005045 -1.764112 9.180748 -2.912558 5.567381 -2.643559 0.979757 -3.236102 -4.757621 -0.709774 10.126971 -0.210112 -1.216448 -1.107920 4.848395 4.192530 -5.278744 4.113307 0.132077 -0.442346 -2.151979 -3.071321 -7.441415 -0.166358 -1.573198 0.462157 3.341561 1.061387 2.372628 2.276702 0.068416 -1.357670 2.986853 -0.039205 0.508701 8.289931 2.434837 1.388851 3.733850 -1.190020 0.785162 -0.364685 23.903186 -3.105363 23.519478 43.400025 -24.756016 6.950140 0.249292 -24.472258 -2.316284 0.485860 -14.372535 0.000000 0.000000 0.000000 0.000000 0.000000 0.000000 0.000000 0.000000 0.000000 0.000000 0.000000 0.000000 0.000000 0.000000 0.000000 0.000000 0.000000 0.000000 0.000000 0.000000 0.000000 0.000000 0.000000 0.000000 0.000000 0.000000 0.000000 0.000000 0.000000 0.000000 0.000000 0.000000 0.000000 0.000000 0.000000 0.000000 0.000000 0.000000 0.000000 0.000000 0.000000 0.000000 2.136985 -23.181958 9.400010 25.529716 -44.727044 23.645026 3.180810 -0.449341 28.009542 -1.781691 -2.943713 11.953568 0.000000 0.000000 0.000000 0.000000 0.000000 0.000000 0.000000 0.000000 0.000000 0.000000 0.000000 0.000000 0.000000 0.000000 0.000000 0.000000 0.000000 0.000000 0.000000 0.000000 0.000000 0.000000 0.000000 0.000000 0.000000 0.000000 0.000000 0.000000 0.000000 0.000000 0.000000 0.000000 0.000000 0.000000 0.000000 0.000000 0.000000 0.000000 0.000000 0.000000 0.000000 0.000000
0.004495 -0.058198 1.170608 -6.784912 -0.001090 -1.789933 9.126417 -2.925380 5.544249 -2.609588 0.975261 -3.239707 -4.743904 -0.714132 10.141131 -0.200140 -1.209658 -1.106034 4.799463 4.187240 -5.262618 4.118138 0.119841 -0.450459 -2.132636 -3.058053 -7.421916 -0.171512 -1.580091 0.458872 3.363330 1.053436 2.377677 2.302622 0.048601 -1.357147 2.953129 -0.028973 0.522330 8.306239 2.425475 1.405484 3.738998 -1.202708 0.792615 -0.369251 23.903973 -3.115990 23.550307 43.398731 -24.792624 6.906495 0.224299 -24.465244 -2.346728 0.494453 -14.411292 0.000000 0.000000 0.000000 0.000000 0.000000 0.000000 0.000000 0.000000 0.000000 0.000000 0.000000 0.000000 0.000000 0.000000 0.000000 0.000000 0.000000 0.000000 0.000000 0.000000 0.000000 0.000000 0.000000 0.000000 0.000000 0.000000 0.000000 0.000000 0.000000 0.000000 0.000000 0.000000 0.000000 0.000000 0.000000 0.000000 0.000000 0.000000 0.000000 0.000000 0.000000 0.000000 2.140285 -23.194346 9.415334 25.526916 -44.699519 23.669860 3.189091 -0.446644 28.008851 -1.756516 -2.931529 11.993937 0.000000 0.000000 0.000000 0.000000 0.000000 0.000000 0.000000 0.000000 0.000000 0.000000 0.000000 0.000000 0.000000 0.000000 0.000000 0.000000 0.000000 0.000000 0.000000 0.000000 0.000000 0.000000 0.000000 0.000000 0.000000 0.000000 0.000000 0.000000 0.000000 0.000000 0.000000 0.000000 0.000000 0.000000 0.000000 0.000000 0.000000 0.000000 0.000000 0.000000 0.000000 0.000000
0.004716 -0.058163 1.170603 -6.761731 0.001168 -1.801812 9.091537 -2.938034 5.532193 -2.599861 0.963536 -3.255356 -4.732158 -0.705492 10.154603 -0.196127 -1.197170 -1.104083 4.773114 4.169237 -5.252311 4.101641 0.114888 -0.473963 -2.123931 -3.044914 -7.415761 -0.184175 -1.575267 0.462374 3.393973 1.038165 2.374586 2.328034 0.032843 -1.357992 2.919349 -0.022081 0.539161 8.354511 2.430574 1.410714 3.758674 -1.217548 0.796333 -0.362754 23.929111 -3.153457 23.551341 43.388863 -24.777783 6.819600 0.202409 -24.461882 -2.349957 0.502616 -14.474607 0.000000 0.000000 0.000000 0.000000 0.000000 0.000000 0.000000 0.000000 0.000000 0.000000 0.000000 0.000000 0.000000 0.000000 0.000000 0.000000 0.000000 0.000000 0.000000 0.000000 0.000000 0.000000 0.000000 0.000000 0.000000 0.000000 0.000000 0.000000 0.000000 0.000000 0.000000 0.000000 0.000000 0.000000 0.000000 0.000000 0.000000 0.000000 0.000000 0.000000 0.000000 0.000000 2.169643 -23.227737 9.473384 25.505733 -44.663612 23.641673 3.225866 -0.421811 28.035671 -1.680804 -2.964733 12.048160 0.000000 0.000000 0.000000 0.000000 0.000000 0.000000 0.000000 0.000000 0.000000 0.000000 0.000000 0.000000 0.000000 0.000000 0.000000 0.000000 0.000000 0.000000 0.000000 0.000000 0.000000 0.000000 0.000000 0.000000 0.000000 0.000000 0.000000 0.000000 0.000000 0.000000 0.000000 0.000000 0.000000 0.000000 0.000000 0.000000 0.000000 0.000000 0.000000 0.000000 0.000000 0.000000
0.004826 -0.058186 1.170603 -6.742711 0.003343 -1.807129 9.048515 -2.948366 5.522338 -2.571545 0.956139 -3.275261 -4.729244 -0.698869 10.158599 -0.191971 -1.187841 -1.101356 4.742894 4.155980 -5.242082 4.098642 0.116764 -0.490973 -2.111024 -3.035034 -7.407935 -0.195677 -1.577790 0.460419 3.439612 1.023419 2.373517 2.346042 0.022052 -1.359841 2.892554 -0.013856 0.551311 8.382196 2.431310 1.426598 3.771835 -1.235019 0.811378 -0.350798 23.958943 -3.183118 23.532984 43.384240 -24.763030 6.734538 0.172284 -24.474733 -2.320395 0.506530 -14.522252 0.000000 0.000000 0.000000 0.000000 0.000000 0.000000 0.000000 0.000000 0.000000 0.000000 0.000000 0.000000 0.000000 0.000000 0.000000 0.000000 0.000000 0.000000 0.000000 0.000000 0.000000 0.000000 0.000000 0.000000 0.000000 0.000000 0.000000 0.000000 0.000000 0.000000 0.000000 0.000000 0.000000 0.000000 0.000000 0.000000 0.000000 0.000000 0.000000 0.000000 0.000000 0.000000 2.191788 -23.247871 9.513822 25.468669 -44.641166 23.608688 3.242705 -0.403160 28.072468 -1.610333 -2.996145 12.092288 0.000000 0.000000 0.000000 0.000000 0.000000 0.000000 0.000000 0.000000 0.000000 0.000000 0.000000 0.000000 0.000000 0.000000 0.000000 0.000000 0.000000 0.000000 0.000000 0.000000 0.000000 0.000000 0.000000 0.000000 0.000000 0.000000 0.000000 0.000000 0.000000 0.000000 0.000000 0.000000 0.000000 0.000000 0.000000 0.000000 0.000000 0.000000 0.000000 0.000000 0.000000 0.000000
0.005039 -0.058297 1.170604 -6.722477 0.002613 -1.823098 8.998313 -2.960994 5.507176 -2.541993 0.951463 -3.292124 -4.716215 -0.689529 10.175445 -0.187550 -1.183047 -1.098620 4.705509 4.143345 -5.241117 4.090533 0.114325 -0.511104 -2.103864 -3.035482 -7.397603 -0.196499 -1.573480 0.460942 3.481002 1.005186 2.367669 2.348168 0.029331 -1.356467 2.883327 -0.014590 0.559577 8.397817 2.424576 1.434395 3.786933 -1.249648 0.818416 -0.351452 23.982014 -3.190194 23.508104 43.363269 -24.743907 6.675700 0.154609 -24.499981 -2.301412 0.520173 -14.570242 0.000000 0.000000 0.000000 0.000000 0.000000 0.000000 0.000000 0.000000 0.000000 0.000000 0.000000 0.000000 0.000000 0.000000 0.000000 0.000000 0.000000 0.000000 0.000000 0.000000 0.000000 0.000000 0.000000 0.000000 0.000000 0.000000 0.000000 0.000000 0.000000 0.000000 0.000000 0.000000 0.000000 0.000000 0.000000 0.000000 0.000000 0.000000 0.000000 0.000000 0.000000 0.000000 2.205772 -23.263400 9.547409 25.439845 -44.633746 23.611639 3.227658 -0.392962 28.088466 -1.560725 -3.029081 12.112358 0.000000 0.000000 0.000000 0.000000 0.000000 0.000000 0.000000 0.000000 0.000000 0.000000 0.000000 0.000000 0.000000 0.000000 0.000000 0.000000 0.000000 0.000000 0.000000 0.000000 0.000000 0.000000 0.000000 0.000000 0.000000 0.000000 0.000000 0.000000 0.000000 0.000000 0.000000 0.000000 0.000000 0.000000 0.000000 0.000000 0.000000 0.000000 0.000000 0.000000 0.000000 0.000000
0.005255 -0.058353 1.170608 -6.702953 -0.003508 -1.835241 8.951487 -2.966039 5.491174 -2.510915 0.947423 -3.297773 -4.709002 -0.675090 10.187237 -0.188034 -1.180478 -1.095066 4.672886 4.140957 -5.238988 4.083831 0.108468 -0.527754 -2.097007 -3.038833 -7.390681 -0.196274 -1.568108 0.461814 3.528853 0.983512 2.363629 2.335565 0.043746 -1.354106 2.877410 -0.013059 0.569637 8.400603 2.413225 1.443607 3.821808 -1.259504 0.823309 -0.359835 23.992706 -3.188762 23.491416 43.360312 -24.723727 6.628712 0.132573 -24.527890 -2.283788 0.542085 -14.607661 0.000000 0.000000 0.000000 0.000000 0.000000 0.000000 0.000000 0.000000 0.000000 0.000000 0.000000 0.000000 0.000000 0.000000 0.000000 0.000000 0.000000 0.000000 0.000000 0.000000 0.000000 0.000000 0.000000 0.000000 0.000000 0.000000 0.000000 0.000000 0.000000 0.000000 0.000000 0.000000 0.000000 0.000000 0.000000 0.000000 0.000000 0.000000 0.000000 0.000000 0.000000 0.000000 2.222248 -23.265787 9.581418 25.421263 -44.639906 23.612905 3.227086 -0.379273 28.109201 -1.520302 -3.033335 12.128067 0.000000 0.000000 0.000000 0.000000 0.000000 0.000000 0.000000 0.000000 0.000000 0.000000 0.000000 0.000000 0.000000 0.000000 0.000000 0.000000 0.000000 0.000000 0.000000 0.000000 0.000000 0.000000 0.000000 0.000000 0.000000 0.000000 0.000000 0.000000 0.000000 0.000000 0.000000 0.000000 0.000000 0.000000 0.000000 0.000000 0.000000 0.000000 0.000000 0.000000 0.000000 0.000000
0.005376 -0.058881 1.170640 -6.710190 -0.005983 -1.819025 8.876894 -2.978876 5.450621 -2.415741 0.947838 -3.328025 -4.723345 -0.675013 10.220472 -0.180386 -1.171211 -1.096112 4.640556 4.140687 -5.221815 4.106042 0.093780 -0.541928 -2.081672 -3.028237 -7.410976 -0.199073 -1.559575 0.462034 3.593994 0.960705 2.361330 2.326809 0.052768 -1.343012 2.881322 -0.003217 0.585665 8.445789 2.384982 1.445434 3.866509 -1.273062 0.814380 -0.378511 24.007304 -3.205859 23.490096 43.341089 -24.723093 6.633798 0.072227 -24.611284 -2.264056 0.555783 -14.649030 0.000000 0.000000 0.000000 0.000000 0.000000 0.000000 0.000000 0.000000 0.000000 0.000000 0.000000 0.000000 0.000000 0.000000 0.000000 0.000000 0.000000 0.000000 0.000000 0.000000 0.000000 0.000000 0.000000 0.000000 0.000000 0.000000 0.000000 0.000000 0.000000 0.000000 0.000000 0.000000 0.000000 0.000000 0.000000 0.000000 0.000000 0.000000 0.000000 0.000000 0.000000 0.000000 2.235610 -23.261603 9.632695 25.404290 -44.624315 23.623377 3.261253 -0.361880 28.116702 -1.457021 -3.033993 12.150241 0.000000 0.000000 0.000000 0.000000 0.000000 0.000000 0.000000 0.000000 0.000000 0.000000 0.000000 0.000000 0.000000 0.000000 0.000000 0.000000 0.000000 0.000000 0.000000 0.000000 0.000000 0.000000 0.000000 0.000000 0.000000 0.000000 0.000000 0.000000 0.000000 0.000000 0.000000 0.000000 0.000000 0.000000 0.000000 0.000000 0.000000 0.000000 0.000000 0.000000 0.000000 0.000000
0.005348 -0.058933 1.170638 -6.681935 -0.003624 -1.826712 8.796733 -2.983954 5.420676 -2.348264 0.944833 -3.360336 -4.726927 -0.684434 10.253782 -0.174724 -1.173225 -1.096381 4.599118 4.138248 -5.220958 4.090907 0.093120 -0.529500 -2.050591 -3.031971 -7.415210 -0.187598 -1.559352 0.463824 3.631968 0.936766 2.361478 2.321485 0.074321 -1.342637 2.882810 -0.001920 0.591364 8.435839 2.379124 1.461716 3.880220 -1.264237 0.805366 -0.381803 24.028547 -3.203610 23.460483 43.324443 -24.718629 6.586125 0.069709 -24.643445 -2.247135 0.574740 -14.686607 0.000000 0.000000 0.000000 0.000000 0.000000 0.000000 0.000000 0.000000 0.000000 0.000000 0.000000 0.000000 0.000000 0.000000 0.000000 0.000000 0.000000 0.000000 0.000000 0.000000 0.000000 0.000000 0.000000 0.000000 0.000000 0.000000 0.000000 0.000000 0.000000 0.000000 0.000000 0.000000 0.000000 0.000000 0.000000 0.000000 0.000000 0.000000 0.000000 0.000000 0.000000 0.000000 2.242453 -23.256966 9.657881 25.380946 -44.612701 23.628566 3.267361 -0.367724 28.131007 -1.432059 -3.017868 12.160340 0.000000 0.000000 0.000000 0.000000 0.000000 0.000000 0.000000 0.000000 0.000000 0.000000 0.000000 0.000000 0.000000 0.000000 0.000000 0.000000 0.000000 0.000000 0.000000 0.000000 0.000000 0.000000 0.000000 0.000000 0.000000 0.000000 0.000000 0.000000 0.000000 0.000000 0.000000 0.000000 0.000000 0.000000 0.000000 0.000000 0.000000 0.000000 0.000000 0.000000 0.000000 0.000000
0.005235 -0.059251 1.170645 -6.663284 0.001222 -1.819677 8.711628 -2.992127 5.391726 -2.280673 0.945835 -3.408377 -4.724897 -0.702141 10.280558 -0.169770 -1.171764 -1.098040 4.546492 4.137868 -5.210796 4.097442 0.089151 -0.520984 -2.009795 -3.018751 -7.421027 -0.187399 -1.564999 0.462559 3.673633 0.920563 2.366885 2.352554 0.072669 -1.350349 2.857705 0.005913 0.603305 8.451595 2.363090 1.485473 3.886463 -1.276374 0.813732 -0.384441 24.062975 -3.223237 23.448997 43.301060 -24.736564 6.550191 0.038517 -24.689298 -2.176657 0.599754 -14.713848 0.000000 0.000000 0.000000 0.000000 0.000000 0.000000 0.000000 0.000000 0.000000 0.000000 0.000000 0.000000 0.000000 0.000000 0.000000 0.000000 0.000000 0.000000 0.000000 0.000000 0.000000 0.000000 0.000000 0.000000 0.000000 0.000000 0.000000 0.000000 0.000000 0.000000 0.000000 0.000000 0.000000 0.000000 0.000000 0.000000 0.000000 0.000000 0.000000 0.000000 0.000000 0.000000 2.250084 -23.263996 9.688438 25.330078 -44.583108 23.615666 3.298164 -0.344217 28.141547 -1.359161 -3.009127 12.171963 0.000000 0.000000 0.000000 0.000000 0.000000 0.000000 0.000000 0.000000 0.000000 0.000000 0.000000 0.000000 0.000000 0.000000 0.000000 0.000000 0.000000 0.000000 0.000000 0.000000 0.000000 0.000000 0.000000 0.000000 0.000000 0.000000 0.000000 0.000000 0.000000 0.000000 0.000000 0.000000 0.000000 0.000000 0.000000 0.000000 0.000000 0.000000 0.000000 0.000000 0.000000 0.000000
0.005187 -0.059500 1.170644 -6.637239 0.000240 -1.828440 8.615429 -2.999610 5.358128 -2.200476 0.955931 -3.458535 -4.716476 -0.727277 10.314322 -0.164270 -1.175279 -1.099904 4.472804 4.145198 -5.196062 4.125763 0.085347 -0.503613 -1.977718 -3.000118 -7.421063 -0.185567 -1.569923 0.463691 3.708354 0.906690 2.372773 2.388398 0.075024 -1.359124 2.832915 0.018185 0.614998 8.449678 2.360747 1.517370 3.861460 -1.281829 0.825529 -0.382877 24.102215 -3.239129 23.430109 43.271549 -24.744601 6.494380 0.002124 -24.734301 -2.107858 0.599689 -14.746959 0.000000 0.000000 0.000000 0.000000 0.000000 0.000000 0.000000 0.000000 0.000000 0.000000 0.000000 0.000000 0.000000 0.000000 0.000000 0.000000 0.000000 0.000000 0.000000 0.000000 0.000000 0.000000 0.000000 0.000000 0.000000 0.000000 0.000000 0.000000 0.000000 0.000000 0.000000 0.000000 0.000000 0.000000 0.000000 0.000000 0.000000 0.000000 0.000000 0.000000 0.000000 0.000000 2.259685 -23.272166 9.719245 25.277853 -44.563652 23.601289 3.326453 -0.312884 28.175849 -1.291881 -2.990861 12.192595 0.000000 0.000000 0.000000 0.000000 0.000000 0.000000 0.000000 0.000000 0.000000 0.000000 0.000000 0.000000 0.000000 0.000000 0.000000 0.000000 0.000000 0.000000 0.000000 0.000000 0.000000 0.000000 0.000000 0.000000 0.000000 0.000000 0.000000 0.000000 0.000000 0.000000 0.000000 0.000000 0.000000 0.000000 0.000000 0.000000 0.000000 0.000000 0.000000 0.000000 0.000000 0.000000
0.005150 -0.059698 1.170635 -6.607095 -0.000918 -1.831771 8.521783 -3.004767 5.329861 -2.132269 0.961473 -3.497438 -4.704519 -0.753919 10.335317 -0.155781 -1.175518 -1.101188 4.408648 4.148437 -5.171462 4.135366 0.086376 -0.461673 -1.940082 -2.970570 -7.434320 -0.181382 -1.583595 0.458582 3.730564 0.899225 2.378775 2.431665 0.069646 -1.369162 2.802759 0.026836 0.624982 8.478669 2.352517 1.556096 3.839743 -1.299821 0.859867 -0.382758 24.139843 -3.252713 23.418692 43.239742 -24.761386 6.465325 -0.029124 -24.768818 -1.980262 0.609817 -14.761454 0.000000 0.000000 0.000000 0.000000 0.000000 0.000000 0.000000 0.000000 0.000000 0.000000 0.000000 0.000000 0.000000 0.000000 0.000000 0.000000 0.000000 0.000000 0.000000 0.000000 0.000000 0.000000 0.000000 0.000000 0.000000 0.000000 0.000000 0.000000 0.000000 0.000000 0.000000 0.000000 0.000000 0.000000 0.000000 0.000000 0.000000 0.000000 0.000000 0.000000 0.000000 0.000000 2.268733 -23.281962 9.736752 25.218725 -44.545922 23.599100 3.329412 -0.291984 28.176746 -1.209907 -2.976511 12.197583 0.000000 0.000000 0.000000 0.000000 0.000000 0.000000 0.000000 0.000000 0.000000 0.000000 0.000000 0.000000 0.000000 0.000000 0.000000 0.000000 0.000000 0.000000 0.000000 0.000000 0.000000 0.000000 0.000000 0.000000 0.000000 0.000000 0.000000 0.000000 0.000000 0.000000 0.000000 0.000000 0.000000 0.000000 0.000000 0.000000 0.000000 0.000000 0.000000 0.000000 0.000000 0.000000
0.005404 -0.060008 1.170637 -6.590471 -0.022674 -1.839541 8.420852 -3.001302 5.293383 -2.025997 0.971152 -3.553219 -4.692071 -0.781023 10.369765 -0.155498 -1.183982 -1.101514 4.329620 4.158332 -5.142120 4.193595 0.102524 -0.402837 -1.935068 -2.936972 -7.471940 -0.178774 -1.587415 0.457281 3.768301 0.887900 2.380678 2.462530 0.068470 -1.379917 2.783476 0.034186 0.627569 8.463706 2.342782 1.593216 3.831893 -1.298197 0.866363 -0.392653 24.156869 -3.260156 23.409418 43.212280 -24.776967 6.448024 -0.045387 -24.791389 -1.900159 0.626419 -14.782834 0.000000 0.000000 0.000000 0.000000 0.000000 0.000000 0.000000 0.000000 0.000000 0.000000 0.000000 0.000000 0.000000 0.000000 0.000000 0.000000 0.000000 0.000000 0.000000 0.000000 0.000000 0.000000 0.000000 0.000000 0.000000 0.000000 0.000000 0.000000 0.000000 0.000000 0.000000 0.000000 0.000000 0.000000 0.000000 0.000000 0.000000 0.000000 0.000000 0.000000 0.000000 0.000000 2.256535 -23.284306 9.756557 25.172199 -44.539690 23.597617 3.362131 -0.270812 28.204533 -1.152524 -2.971910 12.213449 0.000000 0.000000 0.000000 0.000000 0.000000 0.000000 0.000000 0.000000 0.000000 0.000000 0.000000 0.000000 0.000000 0.000000 0.000000 0.000000 0.000000 0.000000 0.000000 0.000000 0.000000 0.000000 0.000000 0.000000 0.000000 0.000000 0.000000 0.000000 0.000000 0.000000 0.000000 0.000000 0.000000 0.000000 0.000000 0.000000 0.000000 0.000000 0.000000 0.000000 0.000000 0.000000
0.005533 -0.060474 1.170656 -6.596417 -0.037624 -1.813077 8.349098 -2.994047 5.255734 -1.938199 0.966418 -3.597362 -4.694087 -0.802973 10.388346 -0.152732 -1.181975 -1.103257 4.295196 4.163693 -5.108964 4.227228 0.114563 -0.343020 -1.917414 -2.899772 -7.529893 -0.178455 -1.592512 0.457013 3.795168 0.884469 2.383152 2.488896 0.068411 -1.379382 2.763203 0.049850 0.638908 8.472109 2.325484 1.624623 3.832386 -1.311573 0.903017 -0.416380 24.171682 -3.260016 23.395852 43.195810 -24.783773 6.437394 -0.070549 -24.840693 -1.830691 0.645316 -14.790438 0.000000 0.000000 0.000000 0.000000 0.000000 0.000000 0.000000 0.000000 0.000000 0.000000 0.000000 0.000000 0.000000 0.000000 0.000000 0.000000 0.000000 0.000000 0.000000 0.000000 0.000000 0.000000 0.000000 0.000000 0.000000 0.000000 0.000000 0.000000 0.000000 0.000000 0.000000 0.000000 0.000000 0.000000 0.000000 0.000000 0.000000 0.000000 0.000000 0.000000 0.000000 0.000000 2.258508 -23.296170 9.758470 25.133190 -44.531440 23.584338 3.377537 -0.251534 28.231355 -1.076299 -2.992447 12.225532 0.000000 0.000000 0.000000 0.000000 0.000000 0.000000 0.000000 0.000000 0.000000 0.000000 0.000000 0.000000 0.000000 0.000000 0.000000 0.000000 0.000000 0.000000 0.000000 0.000000 0.000000 0.000000 0.000000 0.000000 0.000000 0.000000 0.000000 0.000000 0.000000 0.000000 0.000000 0.000000 0.000000 0.000000 0.000000 0.000000 0.000000 0.000000 0.000000 0.000000 0.000000 0.000000
0.005820 -0.060850 1.170676 -6.606337 -0.060576 -1.790470 8.287238 -2.987405 5.224595 -1.845454 0.967182 -3.637621 -4.698000 -0.817366 10.401767 -0.149180 -1.180955 -1.102993 4.269741 4.165562 -5.086843 4.265189 0.137279 -0.302037 -1.925176 -2.870159 -7.576424 -0.180140 -1.597702 0.453808 3.823206 0.893961 2.385071 2.505222 0.064867 -1.380505 2.757772 0.059258 0.645644 8.471885 2.299853 1.662035 3.807701 -1.334710 0.934211 -0.441679 24.193051 -3.258466 23.378961 43.171160 -24.773353 6.428154 -0.098454 -24.883942 -1.741643 0.644597 -14.790084 0.000000 0.000000 0.000000 0.000000 0.000000 0.000000 0.000000 0.000000 0.000000 0.000000 0.000000 0.000000 0.000000 0.000000 0.000000 0.000000 0.000000 0.000000 0.000000 0.000000 0.000000 0.000000 0.000000 0.000000 0.000000 0.000000 0.000000 0.000000 0.000000 0.000000 0.000000 0.000000 0.000000 0.000000 0.000000 0.000000 0.000000 0.000000 0.000000 0.000000 0.000000 0.000000 2.250570 -23.318460 9.758054 25.100429 -44.528251 23.581776 3.389812 -0.229168 28.232967 -0.969883 -2.996612 12.246879 0.000000 0.000000 0.000000 0.000000 0.000000 0.000000 0.000000 0.000000 0.000000 0.000000 0.000000 0.000000 0.000000 0.000000 0.000000 0.000000 0.000000 0.000000 0.000000 0.000000 0.000000 0.000000 0.000000 0.000000 0.000000 0.000000 0.000000 0.000000 0.000000 0.000000 0.000000 0.000000 0.000000 0.000000 0.000000 0.000000 0.000000 0.000000 0.000000 0.000000 0.000000 0.000000
0.006141 -0.061177 1.170691 -6.612129 -0.083942 -1.766575 8.235633 -2.975898 5.194199 -1.778313 0.956581 -3.674919 -4.692259 -0.830431 10.405882 -0.145411 -1.174971 -1.103670 4.241214 4.165608 -5.053967 4.303077 0.158012 -0.272404 -1.930803 -2.835780 -7.626954 -0.179467 -1.601606 0.453888 3.849076 0.910165 2.387589 2.520129 0.055085 -1.383684 2.741009 0.069582 0.660103 8.519566 2.285082 1.674897 3.831400 -1.358897 0.964669 -0.459051 24.221344 -3.262075 23.350726 43.142681 -24.746523 6.424663 -0.127458 -24.927957 -1.660858 0.666838 -14.794231 0.000000 0.000000 0.000000 0.000000 0.000000 0.000000 0.000000 0.000000 0.000000 0.000000 0.000000 0.000000 0.000000 0.000000 0.000000 0.000000 0.000000 0.000000 0.000000 0.000000 0.000000 0.000000 0.000000 0.000000 0.000000 0.000000 0.000000 0.000000 0.000000 0.000000 0.000000 0.000000 0.000000 0.000000 0.000000 0.000000 0.000000 0.000000 0.000000 0.000000 0.000000 0.000000 2.261478 -23.352862 9.764852 25.057604 -44.503806 23.554526 3.433229 -0.213436 28.260136 -0.842694 -3.029351 12.263135 0.000000 0.000000 0.000000 0.000000 0.000000 0.000000 0.000000 0.000000 0.000000 0.000000 0.000000 0.000000 0.000000 0.000000 0.000000 0.000000 0.000000 0.000000 0.000000 0.000000 0.000000 0.000000 0.000000 0.000000 0.000000 0.000000 0.000000 0.000000 0.000000 0.000000 0.000000 0.000000 0.000000 0.000000 0.000000 0.000000 0.000000 0.000000 0.000000 0.000000 0.000000 0.000000
0.006552 -0.061885 1.170734 -6.644285 -0.118450 -1.749221 8.208669 -2.951080 5.171998 -1.730026 0.947447 -3.686894 -4.671565 -0.834231 10.401407 -0.143380 -1.168887 -1.102419 4.213831 4.176514 -5.049599 4.360939 0.186994 -0.255690 -1.942312 -2.814834 -7.649108 -0.183705 -1.605458 0.453638 3.893563 0.935638 2.394863 2.538319 0.055066 -1.382386 2.727949 0.074022 0.666471 8.529735 2.262843 1.687519 3.821791 -1.384619 0.972645 -0.489700 24.246105 -3.269110 23.312426 43.118342 -24.727969 6.385426 -0.150195 -24.957707 -1.594163 0.674849 -14.804035 0.000000 0.000000 0.000000 0.000000 0.000000 0.000000 0.000000 0.000000 0.000000 0.000000 0.000000 0.000000 0.000000 0.000000 0.000000 0.000000 0.000000 0.000000 0.000000 0.000000 0.000000 0.000000 0.000000 0.000000 0.000000 0.000000 0.000000 0.000000 0.000000 0.000000 0.000000 0.000000 0.000000 0.000000 0.000000 0.000000 0.000000 0.000000 0.000000 0.000000 0.000000 0.000000 2.256112 -23.379288 9.780607 25.041019 -44.493608 23.559216 3.467164 -0.167210 28.281784 -0.713580 -3.075466 12.266069 0.000000 0.000000 0.000000 0.000000 0.000000 0.000000 0.000000 0.000000 0.000000 0.000000 0.000000 0.000000 0.000000 0.000000 0.000000 0.000000 0.000000 0.000000 0.000000 0.000000 0.000000 0.000000 0.000000 0.000000 0.000000 0.000000 0.000000 0.000000 0.000000 0.000000 0.000000 0.000000 0.000000 0.000000 0.000000 0.000000 0.000000 0.000000 0.000000 0.000000 0.000000 0.000000
0.006698 -0.062433 1.170766 -6.663358 -0.141766 -1.749025 8.175463 -2.924292 5.154627 -1.682168 0.940587 -3.692505 -4.662782 -0.845077 10.405273 -0.139063 -1.162633 -1.101255 4.174280 4.194277 -5.042749 4.418020 0.209845 -0.241364 -1.942062 -2.815155 -7.652005 -0.186192 -1.606286 0.453193 3.940974 0.959968 2.405614 2.557652 0.055213 -1.382160 2.714924 0.070978 0.678994 8.564319 2.243100 1.685619 3.818339 -1.423484 0.982636 -0.524205 24.269499 -3.275848 23.305604 43.102025 -24.724650 6.358374 -0.166588 -25.006410 -1.549040 0.710116 -14.817278 0.000000 0.000000 0.000000 0.000000 0.000000 0.000000 0.000000 0.000000 0.000000 0.000000 0.000000 0.000000 0.000000 0.000000 0.000000 0.000000 0.000000 0.000000 0.000000 0.000000 0.000000 0.000000 0.000000 0.000000 0.000000 0.000000 0.000000 0.000000 0.000000 0.000000 0.000000 0.000000 0.000000 0.000000 0.000000 0.000000 0.000000 0.000000 0.000000 0.000000 0.000000 0.000000 2.264015 -23.390761 9.812959 24.998840 -44.471699 23.549659 3.488279 -0.143732 28.283610 -0.603419 -3.142253 12.268849 0.000000 0.000000 0.000000 0.000000 0.000000 0.000000 0.000000 0.000000 0.000000 0.000000 0.000000 0.000000 0.000000 0.000000 0.000000 0.000000 0.000000 0.000000 0.000000 0.000000 0.000000 0.000000 0.000000 0.000000 0.000000 0.000000 0.000000 0.000000 0.000000 0.000000 0.000000 0.000000 0.000000 0.000000 0.000000 0.000000 0.000000 0.000000 0.000000 0.000000 0.000000 0.000000
0.007074 -0.062858 1.170797 -6.678529 -0.169874 -1.719162 8.163945 -2.905520 5.138603 -1.682427 0.927331 -3.736801 -4.630590 -0.834792 10.411263 -0.136796 -1.161816 -1.100239 4.161085 4.197675 -5.038659 4.441820 0.233945 -0.216197 -1.947793 -2.801374 -7.685077 -0.181870 -1.609155 0.453334 3.966827 0.973168 2.417579 2.572881 0.064147 -1.375895 2.701280 0.069338 0.689544 8.557079 2.217544 1.667347 3.776344 -1.460696 0.955687 -0.564444 24.296718 -3.281466 23.295762 43.070658 -24.714655 6.348371 -0.184559 -25.025515 -1.537272 0.724912 -14.834024 0.000000 0.000000 0.000000 0.000000 0.000000 0.000000 0.000000 0.000000 0.000000 0.000000 0.000000 0.000000 0.000000 0.000000 0.000000 0.000000 0.000000 0.000000 0.000000 0.000000 0.000000 0.000000 0.000000 0.000000 0.000000 0.000000 0.000000 0.000000 0.000000 0.000000 0.000000 0.000000 0.000000 0.000000 0.000000 0.000000 0.000000 0.000000 0.000000 0.000000 0.000000 0.000000 2.261684 -23.405009 9.828353 24.991239 -44.472626 23.543013 3.500527 -0.126844 28.286855 -0.544300 -3.176498 12.265877 0.000000 0.000000 0.000000 0.000000 0.000000 0.000000 0.000000 0.000000 0.000000 0.000000 0.000000 0.000000 0.000000 0.000000 0.000000 0.000000 0.000000 0.000000 0.000000 0.000000 0.000000 0.000000 0.000000 0.000000 0.000000 0.000000 0.000000 0.000000 0.000000 0.000000 0.000000 0.000000 0.000000 0.000000 0.000000 0.000000 0.000000 0.000000 0.000000 0.000000 0.000000 0.000000
0.007662 -0.063442 1.170846 -6.706928 -0.218556 -1.679646 8.139280 -2.870879 5.120890 -1.643481 0.911829 -3.779513 -4.604430 -0.820645 10.410309 -0.130921 -1.156245 -1.099540 4.149885 4.217634 -5.037612 4.482142 0.259559 -0.191166 -1.967519 -2.790781 -7.731956 -0.172680 -1.604054 0.456253 4.002499 0.990684 2.421899 2.588066 0.069016 -1.375576 2.686848 0.061108 0.700977 8.538120 2.193447 1.653488 3.750625 -1.481748 0.935208 -0.584472 24.318514 -3.307943 23.263313 43.044420 -24.686264 6.337088 -0.189860 -25.058449 -1.490078 0.777999 -14.841274 0.000000 0.000000 0.000000 0.000000 0.000000 0.000000 0.000000 0.000000 0.000000 0.000000 0.000000 0.000000 0.000000 0.000000 0.000000 0.000000 0.000000 0.000000 0.000000 0.000000 0.000000 0.000000 0.000000 0.000000 0.000000 0.000000 0.000000 0.000000 0.000000 0.000000 0.000000 0.000000 0.000000 0.000000 0.000000 0.000000 0.000000 0.000000 0.000000 0.000000 0.000000 0.000000 2.272466 -23.412438 9.869689 24.967666 -44.469802 23.527220 3.486932 -0.128063 28.293984 -0.461519 -3.219935 12.255808 0.000000 0.000000 0.000000 0.000000 0.000000 0.000000 0.000000 0.000000 0.000000 0.000000 0.000000 0.000000 0.000000 0.000000 0.000000 0.000000 0.000000 0.000000 0.000000 0.000000 0.000000 0.000000 0.000000 0.000000 0.000000 0.000000 0.000000 0.000000 0.000000 0.000000 0.000000 0.000000 0.000000 0.000000 0.000000 0.000000 0.000000 0.000000 0.000000 0.000000 0.000000 0.000000
0.007929 -0.063749 1.170888 -6.729047 -0.243526 -1.656403 8.112903 -2.857710 5.104624 -1.575656 0.910740 -3.825659 -4.608805 -0.817335 10.419886 -0.133469 -1.161782 -1.099431 4.127901 4.233371 -5.032122 4.556755 0.273434 -0.161066 -1.992824 -2.783310 -7.758074 -0.166342 -1.609695 0.457159 4.042572 0.994228 2.435760 2.608569 0.078826 -1.370418 2.678553 0.056985 0.719856 8.519781 2.170858 1.639750 3.674425 -1.513487 0.905392 -0.618108 24.340551 -3.320371 23.240385 43.043183 -24.671233 6.335367 -0.214214 -25.072621 -1.452477 0.816508 -14.830522 0.000000 0.000000 0.000000 0.000000 0.000000 0.000000 0.000000 0.000000 0.000000 0.000000 0.000000 0.000000 0.000000 0.000000 0.000000 0.000000 0.000000 0.000000 0.000000 0.000000 0.000000 0.000000 0.000000 0.000000 0.000000 0.000000 0.000000 0.000000 0.000000 0.000000 0.000000 0.000000 0.000000 0.000000 0.000000 0.000000 0.000000 0.000000 0.000000 0.000000 0.000000 0.000000 2.281083 -23.425558 9.895678 24.927438 -44.467053 23.486542 3.517968 -0.099944 28.300155 -0.378764 -3.244315 12.242013 0.000000 0.000000 0.000000 0.000000 0.000000 0.000000 0.000000 0.000000 0.000000 0.000000 0.000000 0.000000 0.000000 0.000000 0.000000 0.000000 0.000000 0.000000 0.000000 0.000000 0.000000 0.000000 0.000000 0.000000 0.000000 0.000000 0.000000 0.000000 0.000000 0.000000 0.000000 0.000000 0.000000 0.000000 0.000000 0.000000 0.000000 0.000000 0.000000 0.000000 0.000000 0.000000
0.008357 -0.064266 1.170933 -6.751689 -0.274439 -1.653585 8.083270 -2.842417 5.080482 -1.522372 0.908901 -3.874726 -4.584458 -0.819737 10.445949 -0.133875 -1.160868 -1.096941 4.078640 4.248573 -5.013826 4.648804 0.285871 -0.139532 -2.017325 -2.762329 -7.789780 -0.162813 -1.616886 0.455601 4.089331 0.994345 2.439099 2.615501 0.088882 -1.367659 2.676262 0.054353 0.728736 8.503734 2.146635 1.627732 3.619798 -1.548492 0.884245 -0.637411 24.357156 -3.337822 23.218438 43.025960 -24.669745 6.324371 -0.237163 -25.064645 -1.420484 0.856841 -14.835335 0.000000 0.000000 0.000000 0.000000 0.000000 0.000000 0.000000 0.000000 0.000000 0.000000 0.000000 0.000000 0.000000 0.000000 0.000000 0.000000 0.000000 0.000000 0.000000 0.000000 0.000000 0.000000 0.000000 0.000000 0.000000 0.000000 0.000000 0.000000 0.000000 0.000000 0.000000 0.000000 0.000000 0.000000 0.000000 0.000000 0.000000 0.000000 0.000000 0.000000 0.000000 0.000000 2.276102 -23.431757 9.928084 24.898761 -44.482147 23.468486 3.514009 -0.068261 28.331672 -0.339575 -3.291541 12.236184 0.000000 0.000000 0.000000 0.000000 0.000000 0.000000 0.000000 0.000000 0.000000 0.000000 0.000000 0.000000 0.000000 0.000000 0.000000 0.000000 0.000000 0.000000 0.000000 0.000000 0.000000 0.000000 0.000000 0.000000 0.000000 0.000000 0.000000 0.000000 0.000000 0.000000 0.000000 0.000000 0.000000 0.000000 0.000000 0.000000 0.000000 0.000000 0.000000 0.000000 0.000000 0.000000
0.008469 -0.064696 1.170964 -6.759975 -0.294696 -1.656997 8.018063 -2.827338 5.042805 -1.427372 0.914648 -3.939296 -4.579666 -0.854463 10.488642 -0.137031 -1.156144 -1.091231 4.001685 4.278006 -4.995489 4.758625 0.287333 -0.099788 -2.022125 -2.756082 -7.813226 -0.165644 -1.616368 0.455325 4.156299 0.995761 2.444778 2.603548 0.095294 -1.369276 2.688466 0.047007 0.739732 8.505645 2.112855 1.640906 3.595019 -1.585732 0.876204 -0.661700 24.386415 -3.351208 23.193134 43.023935 -24.662036 6.289236 -0.254291 -25.094246 -1.367116 0.855943 -14.828891 0.000000 0.000000 0.000000 0.000000 0.000000 0.000000 0.000000 0.000000 0.000000 0.000000 0.000000 0.000000 0.000000 0.000000 0.000000 0.000000 0.000000 0.000000 0.000000 0.000000 0.000000 0.000000 0.000000 0.000000 0.000000 0.000000 0.000000 0.000000 0.000000 0.000000 0.000000 0.000000 0.000000 0.000000 0.000000 0.000000 0.000000 0.000000 0.000000 0.000000 0.000000 0.000000 2.269808 -23.439253 9.955644 24.826078 -44.465991 23.423008 3.533936 -0.048403 28.355966 -0.249382 -3.300176 12.230597 0.000000 0.000000 0.000000 0.000000 0.000000 0.000000 0.000000 0.000000 0.000000 0.000000 0.000000 0.000000 0.000000 0.000000 0.000000 0.000000 0.000000 0.000000 0.000000 0.000000 0.000000 0.000000 0.000000 0.000000 0.000000 0.000000 0.000000 0.000000 0.000000 0.000000 0.000000 0.000000 0.000000 0.000000 0.000000 0.000000 0.000000 0.000000 0.000000 0.000000 0.000000 0.000000
0.008281 -0.064973 1.170981 -6.755070 -0.295784 -1.672048 7.952788 -2.814503 5.001367 -1.347586 0.913532 -3.982943 -4.576409 -0.907867 10.534489 -0.137453 -1.154537 -1.088874 3.911730 4.299757 -4.974230 4.867584 0.287014 -0.076501 -2.012153 -2.769307 -7.822472 -0.161883 -1.616766 0.454728 4.208234 1.006427 2.452833 2.592455 0.098303 -1.363139 2.687173 0.040893 0.747361 8.471954 2.077155 1.631720 3.560422 -1.616156 0.843806 -0.676216 24.397994 -3.361110 23.200917 43.034517 -24.685265 6.250709 -0.258356 -25.118946 -1.311182 0.829487 -14.826378 0.000000 0.000000 0.000000 0.000000 0.000000 0.000000 0.000000 0.000000 0.000000 0.000000 0.000000 0.000000 0.000000 0.000000 0.000000 0.000000 0.000000 0.000000 0.000000 0.000000 0.000000 0.000000 0.000000 0.000000 0.000000 0.000000 0.000000 0.000000 0.000000 0.000000 0.000000 0.000000 0.000000 0.000000 0.000000 0.000000 0.000000 0.000000 0.000000 0.000000 0.000000 0.000000 2.275828 -23.434738 9.982822 24.784750 -44.460066 23.408528 3.515461 -0.020442 28.342047 -0.191469 -3.289357 12.221888 0.000000 0.000000 0.000000 0.000000 0.000000 0.000000 0.000000 0.000000 0.000000 0.000000 0.000000 0.000000 0.000000 0.000000 0.000000 0.000000 0.000000 0.000000 0.000000 0.000000 0.000000 0.000000 0.000000 0.000000 0.000000 0.000000 0.000000 0.000000 0.000000 0.000000 0.000000 0.000000 0.000000 0.000000 0.000000 0.000000 0.000000 0.000000 0.000000 0.000000 0.000000 0.000000
0.008457 -0.065105 1.170987 -6.739215 -0.315776 -1.683044 7.887594 -2.797936 4.982383 -1.283596 0.912045 -4.002996 -4.565819 -0.924245 10.546409 -0.135094 -1.151524 -1.080770 3.810349 4.317382 -4.970199 4.982752 0.301933 -0.064777 -2.025529 -2.775029 -7.828057 -0.154991 -1.624520 0.448384 4.253122 1.013650 2.455576 2.599784 0.089724 -1.366941 2.691035 0.032490 0.746834 8.429142 2.037455 1.636747 3.506269 -1.639189 0.822037 -0.696568 24.414963 -3.350086 23.202127 43.028814 -24.708605 6.227584 -0.265651 -25.132829 -1.199679 0.829897 -14.816882 0.000000 0.000000 0.000000 0.000000 0.000000 0.000000 0.000000 0.000000 0.000000 0.000000 0.000000 0.000000 0.000000 0.000000 0.000000 0.000000 0.000000 0.000000 0.000000 0.000000 0.000000 0.000000 0.000000 0.000000 0.000000 0.000000 0.000000 0.000000 0.000000 0.000000 0.000000 0.000000 0.000000 0.000000 0.000000 0.000000 0.000000 0.000000 0.000000 0.000000 0.000000 0.000000 2.259393 -23.456535 9.983384 24.718044 -44.447525 23.392175 3.482005 0.000905 28.333469 -0.095314 -3.237511 12.214389 0.000000 0.000000 0.000000 0.000000 0.000000 0.000000 0.000000 0.000000 0.000000 0.000000 0.000000 0.000000 0.000000 0.000000 0.000000 0.000000 0.000000 0.000000 0.000000 0.000000 0.000000 0.000000 0.000000 0.000000 0.000000 0.000000 0.000000 0.000000 0.000000 0.000000 0.000000 0.000000 0.000000 0.000000 0.000000 0.000000 0.000000 0.000000 0.000000 0.000000 0.000000 0.000000
0.008326 -0.065090 1.170966 -6.699254 -0.323251 -1.690197 7.811307 -2.778515 4.948024 -1.249659 0.909197 -4.048471 -4.553805 -0.960871 10.584788 -0.139512 -1.147825 -1.078302 3.714354 4.339135 -4.968704 5.038308 0.304247 -0.045002 -2.005211 -2.795304 -7.840765 -0.149798 -1.629150 0.444016 4.282763 1.014700 2.464705 2.581520 0.100094 -1.361842 2.716826 0.020159 0.760996 8.369488 1.991387 1.639933 3.452105 -1.693628 0.845535 -0.737980 24.452881 -3.309213 23.182845 43.038616 -24.721376 6.164045 -0.272180 -25.180231 -1.196954 0.806610 -14.796703 0.000000 0.000000 0.000000 0.000000 0.000000 0.000000 0.000000 0.000000 0.000000 0.000000 0.000000 0.000000 0.000000 0.000000 0.000000 0.000000 0.000000 0.000000 0.000000 0.000000 0.000000 0.000000 0.000000 0.000000 0.000000 0.000000 0.000000 0.000000 0.000000 0.000000 0.000000 0.000000 0.000000 0.000000 0.000000 0.000000 0.000000 0.000000 0.000000 0.000000 0.000000 0.000000 2.238596 -23.450637 9.954358 24.659069 -44.445384 23.367292 3.440179 0.011407 28.351656 -0.048695 -3.210749 12.193697 0.000000 0.000000 0.000000 0.000000 0.000000 0.000000 0.000000 0.000000 0.000000 0.000000 0.000000 0.000000 0.000000 0.000000 0.000000 0.000000 0.000000 0.000000 0.000000 0.000000 0.000000 0.000000 0.000000 0.000000 0.000000 0.000000 0.000000 0.000000 0.000000 0.000000 0.000000 0.000000 0.000000 0.000000 0.000000 0.000000 0.000000 0.000000 0.000000 0.000000 0.000000 0.000000
0.008182 -0.065236 1.170959 -6.672560 -0.332497 -1.722770 7.732080 -2.755529 4.904988 -1.186470 0.911535 -4.059428 -4.538472 -1.007795 10.624471 -0.133839 -1.141241 -1.066849 3.612730 4.366830 -4.975843 5.112878 0.305974 -0.091734 -2.001270 -2.838769 -7.808403 -0.141512 -1.626266 0.436784 4.344485 1.023208 2.477627 2.573505 0.102857 -1.350216 2.723516 0.021828 0.776285 8.317922 1.933789 1.611908 3.387453 -1.748347 0.803915 -0.770174 24.452679 -3.274403 23.210547 43.046166 -24.783297 6.146635 -0.285729 -25.233825 -1.147313 0.794228 -14.788586 0.000000 0.000000 0.000000 0.000000 0.000000 0.000000 0.000000 0.000000 0.000000 0.000000 0.000000 0.000000 0.000000 0.000000 0.000000 0.000000 0.000000 0.000000 0.000000 0.000000 0.000000 0.000000 0.000000 0.000000 0.000000 0.000000 0.000000 0.000000 0.000000 0.000000 0.000000 0.000000 0.000000 0.000000 0.000000 0.000000 0.000000 0.000000 0.000000 0.000000 0.000000 0.000000 2.210808 -23.433962 9.935728 24.635569 -44.467376 23.381852 3.389342 0.065015 28.353942 0.012053 -3.188092 12.161669 0.000000 0.000000 0.000000 0.000000 0.000000 0.000000 0.000000 0.000000 0.000000 0.000000 0.000000 0.000000 0.000000 0.000000 0.000000 0.000000 0.000000 0.000000 0.000000 0.000000 0.000000 0.000000 0.000000 0.000000 0.000000 0.000000 0.000000 0.000000 0.000000 0.000000 0.000000 0.000000 0.000000 0.000000 0.000000 0.000000 0.000000 0.000000 0.000000 0.000000 0.000000 0.000000
0.007724 -0.065641 1.170956 -6.652007 -0.325462 -1.804850 7.622522 -2.720564 4.872968 -1.067865 0.899437 -4.045812 -4.552695 -1.079313 10.695325 -0.130795 -1.129284 -1.054446 3.474372 4.400648 -4.955714 5.222803 0.303321 -0.106604 -1.972221 -2.888256 -7.770757 -0.144813 -1.620616 0.430752 4.420795 1.020788 2.484292 2.567315 0.094221 -1.347009 2.731321 0.028551 0.801232 8.341509 1.866995 1.578531 3.355451 -1.808169 0.786176 -0.794370 24.463941 -3.258922 23.257356 43.058975 -24.851509 6.093531 -0.303306 -25.304645 -1.097260 0.764448 -14.799810 0.000000 0.000000 0.000000 0.000000 0.000000 0.000000 0.000000 0.000000 0.000000 0.000000 0.000000 0.000000 0.000000 0.000000 0.000000 0.000000 0.000000 0.000000 0.000000 0.000000 0.000000 0.000000 0.000000 0.000000 0.000000 0.000000 0.000000 0.000000 0.000000 0.000000 0.000000 0.000000 0.000000 0.000000 0.000000 0.000000 0.000000 0.000000 0.000000 0.000000 0.000000 0.000000 2.184286 -23.416289 9.945461 24.556222 -44.454653 23.358204 3.335182 0.094187 28.387114 0.039950 -3.105360 12.169830 0.000000 0.000000 0.000000 0.000000 0.000000 0.000000 0.000000 0.000000 0.000000 0.000000 0.000000 0.000000 0.000000 0.000000 0.000000 0.000000 0.000000 0.000000 0.000000 0.000000 0.000000 0.000000 0.000000 0.000000 0.000000 0.000000 0.000000 0.000000 0.000000 0.000000 0.000000 0.000000 0.000000 0.000000 0.000000 0.000000 0.000000 0.000000 0.000000 0.000000 0.000000 0.000000
0.007620 -0.066111 1.170932 -6.607729 -0.334866 -1.854709 7.479829 -2.706360 4.849645 -0.971474 0.910721 -4.040275 -4.523774 -1.120769 10.715410 -0.120531 -1.111348 -1.045370 3.345433 4.434302 -4.985746 5.250003 0.290657 -0.166919 -1.938121 -2.952059 -7.705013 -0.139370 -1.620848 0.421505 4.480113 1.007004 2.493520 2.578357 0.088467 -1.335523 2.742260 0.027890 0.817227 8.314003 1.805573 1.533551 3.303984 -1.861798 0.724176 -0.836824 24.498109 -3.230988 23.297673 43.019303 -24.919843 6.062316 -0.318335 -25.417467 -0.985683 0.740554 -14.823712 0.000000 0.000000 0.000000 0.000000 0.000000 0.000000 0.000000 0.000000 0.000000 0.000000 0.000000 0.000000 0.000000 0.000000 0.000000 0.000000 0.000000 0.000000 0.000000 0.000000 0.000000 0.000000 0.000000 0.000000 0.000000 0.000000 0.000000 0.000000 0.000000 0.000000 0.000000 0.000000 0.000000 0.000000 0.000000 0.000000 0.000000 0.000000 0.000000 0.000000 0.000000 0.000000 2.150177 -23.428802 9.924956 24.446841 -44.420239 23.310100 3.266335 0.125988 28.485293 0.102117 -3.046283 12.164967 0.000000 0.000000 0.000000 0.000000 0.000000 0.000000 0.000000 0.000000 0.000000 0.000000 0.000000 0.000000 0.000000 0.000000 0.000000 0.000000 0.000000 0.000000 0.000000 0.000000 0.000000 0.000000 0.000000 0.000000 0.000000 0.000000 0.000000 0.000000 0.000000 0.000000 0.000000 0.000000 0.000000 0.000000 0.000000 0.000000 0.000000 0.000000 0.000000 0.000000 0.000000 0.000000
0.007135 -0.066932 1.170911 -6.566941 -0.327217 -1.940056 7.315654 -2.689576 4.808799 -0.857858 0.923997 -4.046215 -4.483406 -1.210974 10.769457 -0.116744 -1.097214 -1.042018 3.188599 4.473383 -4.993716 5.282104 0.273760 -0.199322 -1.859377 -3.016534 -7.633388 -0.141048 -1.621591 0.417187 4.554760 1.001532 2.504394 2.598100 0.066010 -1.339042 2.732775 0.032959 0.829665 8.349600 1.738568 1.465641 3.327727 -1.939330 0.682878 -0.851191 24.520511 -3.234971 23.359545 42.985214 -25.030746 5.992834 -0.308903 -25.520145 -0.956237 0.680290 -14.858488 0.000000 0.000000 0.000000 0.000000 0.000000 0.000000 0.000000 0.000000 0.000000 0.000000 0.000000 0.000000 0.000000 0.000000 0.000000 0.000000 0.000000 0.000000 0.000000 0.000000 0.000000 0.000000 0.000000 0.000000 0.000000 0.000000 0.000000 0.000000 0.000000 0.000000 0.000000 0.000000 0.000000 0.000000 0.000000 0.000000 0.000000 0.000000 0.000000 0.000000 0.000000 0.000000 2.127046 -23.419984 9.930712 24.353380 -44.359338 23.297426 3.192642 0.169932 28.599021 0.109196 -2.978829 12.158353 0.000000 0.000000 0.000000 0.000000 0.000000 0.000000 0.000000 0.000000 0.000000 0.000000 0.000000 0.000000 0.000000 0.000000 0.000000 0.000000 0.000000 0.000000 0.000000 0.000000 0.000000 0.000000 0.000000 0.000000 0.000000 0.000000 0.000000 0.000000 0.000000 0.000000 0.000000 0.000000 0.000000 0.000000 0.000000 0.000000 0.000000 0.000000 0.000000 0.000000 0.000000 0.000000
0.006832 -0.067697 1.170872 -6.509381 -0.324851 -2.033095 7.110980 -2.675725 4.754129 -0.702428 0.933934 -4.021379 -4.457849 -1.291291 10.819668 -0.111659 -1.075945 -1.034482 3.004629 4.513814 -5.005255 5.323550 0.250520 -0.230014 -1.800401 -3.101419 -7.556871 -0.139734 -1.614723 0.407186 4.660100 1.003232 2.512764 2.601029 0.035051 -1.346346 2.736695 0.036857 0.839136 8.397839 1.643300 1.400969 3.369352 -2.028316 0.607422 -0.846792 24.536589 -3.264314 23.399422 42.938856 -25.125882 5.943728 -0.305576 -25.633729 -0.879327 0.586099 -14.893301 0.000000 0.000000 0.000000 0.000000 0.000000 0.000000 0.000000 0.000000 0.000000 0.000000 0.000000 0.000000 0.000000 0.000000 0.000000 0.000000 0.000000 0.000000 0.000000 0.000000 0.000000 0.000000 0.000000 0.000000 0.000000 0.000000 0.000000 0.000000 0.000000 0.000000 0.000000 0.000000 0.000000 0.000000 0.000000 0.000000 0.000000 0.000000 0.000000 0.000000 0.000000 0.000000 2.123203 -23.433790 9.957763 24.231667 -44.272480 23.272625 3.140471 0.226390 28.751907 0.140559 -2.846917 12.164705 0.000000 0.000000 0.000000 0.000000 0.000000 0.000000 0.000000 0.000000 0.000000 0.000000 0.000000 0.000000 0.000000 0.000000 0.000000 0.000000 0.000000 0.000000 0.000000 0.000000 0.000000 0.000000 0.000000 0.000000 0.000000 0.000000 0.000000 0.000000 0.000000 0.000000 0.000000 0.000000 0.000000 0.000000 0.000000 0.000000 0.000000 0.000000 0.000000 0.000000 0.000000 0.000000
0.005966 -0.069016 1.170843 -6.467435 -0.297409 -2.152672 6.913875 -2.653684 4.690279 -0.577876 0.934788 -4.038486 -4.416596 -1.418281 10.909225 -0.112308 -1.067338 -1.036614 2.809586 4.546847 -4.976270 5.351229 0.239496 -0.233133 -1.679871 -3.188355 -7.489871 -0.139715 -1.613192 0.407042 4.763644 1.018458 2.510369 2.626103 -0.023853 -1.373372 2.713332 0.039847 0.828482 8.448358 1.549046 1.363080 3.438407 -2.103844 0.524054 -0.846490 24.553496 -3.294651 23.455330 42.922195 -25.280021 5.899930 -0.298952 -25.675890 -0.795159 0.552760 -14.945969 0.000000 0.000000 0.000000 0.000000 0.000000 0.000000 0.000000 0.000000 0.000000 0.000000 0.000000 0.000000 0.000000 0.000000 0.000000 0.000000 0.000000 0.000000 0.000000 0.000000 0.000000 0.000000 0.000000 0.000000 0.000000 0.000000 0.000000 0.000000 0.000000 0.000000 0.000000 0.000000 0.000000 0.000000 0.000000 0.000000 0.000000 0.000000 0.000000 0.000000 0.000000 0.000000 2.077556 -23.440968 9.959575 24.138830 -44.150330 23.328781 3.085276 0.303593 28.839379 0.156976 -2.774178 12.188739 0.000000 0.000000 0.000000 0.000000 0.000000 0.000000 0.000000 0.000000 0.000000 0.000000 0.000000 0.000000 0.000000 0.000000 0.000000 0.000000 0.000000 0.000000 0.000000 0.000000 0.000000 0.000000 0.000000 0.000000 0.000000 0.000000 0.000000 0.000000 0.000000 0.000000 0.000000 0.000000 0.000000 0.000000 0.000000 0.000000 0.000000 0.000000 0.000000 0.000000 0.000000 0.000000
0.005123 -0.070727 1.170814 -6.426122 -0.290099 -2.312250 6.674157 -2.609125 4.603989 -0.407672 0.955846 -4.008584 -4.360252 -1.572995 11.007889 -0.099141 -1.049371 -1.029407 2.553119 4.623391 -4.936588 5.431871 0.214385 -0.231164 -1.555456 -3.289115 -7.398411 -0.140823 -1.602502 0.403209 4.938300 1.059557 2.507617 2.649677 -0.105712 -1.405876 2.677935 0.059220 0.825188 8.550048 1.405346 1.303572 3.539330 -2.202762 0.387424 -0.821452 24.536774 -3.374147 23.571807 42.893389 -25.505623 5.853974 -0.302181 -25.740937 -0.791593 0.424910 -15.016204 0.000000 0.000000 0.000000 0.000000 0.000000 0.000000 0.000000 0.000000 0.000000 0.000000 0.000000 0.000000 0.000000 0.000000 0.000000 0.000000 0.000000 0.000000 0.000000 0.000000 0.000000 0.000000 0.000000 0.000000 0.000000 0.000000 0.000000 0.000000 0.000000 0.000000 0.000000 0.000000 0.000000 0.000000 0.000000 0.000000 0.000000 0.000000 0.000000 0.000000 0.000000 0.000000 2.026253 -23.433169 9.994999 24.065189 -44.047308 23.437606 2.944951 0.429648 28.923489 0.120509 -2.627829 12.247145 0.000000 0.000000 0.000000 0.000000 0.000000 0.000000 0.000000 0.000000 0.000000 0.000000 0.000000 0.000000 0.000000 0.000000 0.000000 0.000000 0.000000 0.000000 0.000000 0.000000 0.000000 0.000000 0.000000 0.000000 0.000000 0.000000 0.000000 0.000000 0.000000 0.000000 0.000000 0.000000 0.000000 0.000000 0.000000 0.000000 0.000000 0.000000 0.000000 0.000000 0.000000 0.000000
0.003798 -0.072335 1.170763 -6.371078 -0.263939 -2.513496 6.496224 -2.540133 4.527249 -0.372688 0.956720 -3.964211 -4.282282 -1.735607 11.129421 -0.082521 -1.033910 -1.017703 2.228977 4.687408 -4.820529 5.597264 0.221224 -0.195736 -1.398939 -3.328340 -7.306484 -0.145141 -1.605716 0.394628 5.134799 1.108860 2.474203 2.758555 -0.248080 -1.488867 2.567140 0.071559 0.809772 8.765364 1.241705 1.192087 3.713572 -2.371331 0.306396 -0.753302 24.494786 -3.501949 23.768427 42.992730 -25.860715 5.615957 -0.333871 -25.627448 -0.917392 0.458827 -15.100212 0.000000 0.000000 0.000000 0.000000 0.000000 0.000000 0.000000 0.000000 0.000000 0.000000 0.000000 0.000000 0.000000 0.000000 0.000000 0.000000 0.000000 0.000000 0.000000 0.000000 0.000000 0.000000 0.000000 0.000000 0.000000 0.000000 0.000000 0.000000 0.000000 0.000000 0.000000 0.000000 0.000000 0.000000 0.000000 0.000000 0.000000 0.000000 0.000000 0.000000 0.000000 0.000000 1.963196 -23.383776 10.060471 24.051946 -43.957319 23.632093 2.760770 0.649189 28.970309 0.125859 -2.549124 12.355258 0.000000 0.000000 0.000000 0.000000 0.000000 0.000000 0.000000 0.000000 0.000000 0.000000 0.000000 0.000000 0.000000 0.000000 0.000000 0.000000 0.000000 0.000000 0.000000 0.000000 0.000000 0.000000 0.000000 0.000000 0.000000 0.000000 0.000000 0.000000 0.000000 0.000000 0.000000 0.000000 0.000000 0.000000 0.000000 0.000000 0.000000 0.000000 0.000000 0.000000 0.000000 0.000000
0.001702 -0.074287 1.170630 -6.256115 -0.206917 -2.738451 6.163846 -2.473638 4.389842 -0.247640 0.959739 -3.993255 -4.223067 -1.968210 11.338930 -0.074507 -1.030992 -1.023860 1.734202 4.790162 -4.638309 5.857855 0.168961 -0.113905 -1.182167 -3.433715 -7.242529 -0.134719 -1.604298 0.396220 5.394333 1.135483 2.433977 2.783834 -0.365261 -1.531840 2.538401 0.061050 0.809134 8.977172 1.008748 1.030386 4.026059 -2.550752 0.140537 -0.702623 24.475381 -3.651547 23.938070 43.062843 -26.184650 5.563879 -0.412626 -25.749865 -1.006770 0.507893 -15.100160 0.000000 0.000000 0.000000 0.000000 0.000000 0.000000 0.000000 0.000000 0.000000 0.000000 0.000000 0.000000 0.000000 0.000000 0.000000 0.000000 0.000000 0.000000 0.000000 0.000000 0.000000 0.000000 0.000000 0.000000 0.000000 0.000000 0.000000 0.000000 0.000000 0.000000 0.000000 0.000000 0.000000 0.000000 0.000000 0.000000 0.000000 0.000000 0.000000 0.000000 0.000000 0.000000 1.923891 -23.331232 10.119205 23.902982 -43.777420 23.756529 2.542752 0.799203 29.127699 -0.025771 -2.551358 12.382363 0.000000 0.000000 0.000000 0.000000 0.000000 0.000000 0.000000 0.000000 0.000000 0.000000 0.000000 0.000000 0.000000 0.000000 0.000000 0.000000 0.000000 0.000000 0.000000 0.000000 0.000000 0.000000 0.000000 0.000000 0.000000 0.000000 0.000000 0.000000 0.000000 0.000000 0.000000 0.000000 0.000000 0.000000 0.000000 0.000000 0.000000 0.000000 0.000000 0.000000 0.000000 0.000000
-0.001030 -0.076227 1.170423 -6.091154 -0.121912 -2.920967 5.683586 -2.411165 4.230893 0.006017 0.947687 -3.992917 -4.220922 -2.235104 11.537262 -0.071686 -1.039234 -1.030897 1.074510 4.881033 -4.399241 6.291931 0.129358 0.004021 -0.946419 -3.564969 -7.242332 -0.134582 -1.631221 0.389628 5.759115 1.139161 2.349279 2.779608 -0.485789 -1.573233 2.563155 0.026533 0.781777 9.111748 0.758432 0.865129 4.321218 -2.750615 -0.005991 -0.642549 24.455715 -3.852078 24.114972 43.137296 -26.562935 5.550374 -0.520516 -25.948992 -1.040412 0.543866 -15.083732 0.000000 0.000000 0.000000 0.000000 0.000000 0.000000 0.000000 0.000000 0.000000 0.000000 0.000000 0.000000 0.000000 0.000000 0.000000 0.000000 0.000000 0.000000 0.000000 0.000000 0.000000 0.000000 0.000000 0.000000 0.000000 0.000000 0.000000 0.000000 0.000000 0.000000 0.000000 0.000000 0.000000 0.000000 0.000000 0.000000 0.000000 0.000000 0.000000 0.000000 0.000000 0.000000 1.875445 -23.291120 10.195546 23.693738 -43.571693 23.847276 2.333340 1.007890 29.376437 -0.107743 -2.560233 12.409177 0.000000 0.000000 0.000000 0.000000 0.000000 0.000000 0.000000 0.000000 0.000000 0.000000 0.000000 0.000000 0.000000 0.000000 0.000000 0.000000 0.000000 0.000000 0.000000 0.000000 0.000000 0.000000 0.000000 0.000000 0.000000 0.000000 0.000000 0.000000 0.000000 0.000000 0.000000 0.000000 0.000000 0.000000 0.000000 0.000000 0.000000 0.000000 0.000000 0.000000 0.000000 0.000000
-0.005003 -0.079210 1.170168 -5.915594 -0.025877 -3.256948 5.129288 -2.288137 4.056269 0.280559 0.964381 -3.998693 -4.235187 -2.547233 11.851001 -0.057202 -1.045150 -1.041593 0.211637 5.015150 -4.056762 6.876675 0.134221 0.206899 -0.627306 -3.746444 -7.252945 -0.133064 -1.658070 0.381604 6.227744 1.144659 2.209423 2.749050 -0.614968 -1.613034 2.613227 -0.004886 0.731859 9.288752 0.539409 0.617714 4.573174 -2.967098 -0.182709 -0.573568 24.428734 -4.081358 24.297426 43.287738 -27.045854 5.372940 -0.636760 -26.125394 -1.142150 0.534522 -15.040591 0.000000 0.000000 0.000000 0.000000 0.000000 0.000000 0.000000 0.000000 0.000000 0.000000 0.000000 0.000000 0.000000 0.000000 0.000000 0.000000 0.000000 0.000000 0.000000 0.000000 0.000000 0.000000 0.000000 0.000000 0.000000 0.000000 0.000000 0.000000 0.000000 0.000000 0.000000 0.000000 0.000000 0.000000 0.000000 0.000000 0.000000 0.000000 0.000000 0.000000 0.000000 0.000000 1.803246 -23.216462 10.309672 23.490143 -43.402763 24.042153 2.001640 1.217978 29.672107 -0.260814 -2.529221 12.418483 0.000000 0.000000 0.000000 0.000000 0.000000 0.000000 0.000000 0.000000 0.000000 0.000000 0.000000 0.000000 0.000000 0.000000 0.000000 0.000000 0.000000 0.000000 0.000000 0.000000 0.000000 0.000000 0.000000 0.000000 0.000000 0.000000 0.000000 0.000000 0.000000 0.000000 0.000000 0.000000 0.000000 0.000000 0.000000 0.000000 0.000000 0.000000 0.000000 0.000000 0.000000 0.000000
-0.009369 -0.082619 1.169774 -5.663155 0.039987 -3.616885 4.377393 -2.135457 3.885867 0.660989 1.041514 -3.950919 -4.251255 -2.910392 12.143042 -0.053890 -1.024996 -1.048476 -0.958192 5.230142 -3.624813 7.724869 0.099585 0.392324 -0.217955 -3.891767 -7.249524 -0.183888 -1.686077 0.362302 6.939305 1.189921 2.017055 2.694450 -0.841547 -1.672502 2.684947 -0.044966 0.679179 9.498692 0.171477 0.348807 4.911031 -3.253998 -0.443985 -0.464531 24.396216 -4.434663 24.520961 43.363537 -27.534563 5.182872 -0.794383 -26.628123 -1.280810 0.436335 -14.979685 0.000000 0.000000 0.000000 0.000000 0.000000 0.000000 0.000000 0.000000 0.000000 0.000000 0.000000 0.000000 0.000000 0.000000 0.000000 0.000000 0.000000 0.000000 0.000000 0.000000 0.000000 0.000000 0.000000 0.000000 0.000000 0.000000 0.000000 0.000000 0.000000 0.000000 0.000000 0.000000 0.000000 0.000000 0.000000 0.000000 0.000000 0.000000 0.000000 0.000000 0.000000 0.000000 1.780189 -23.220618 10.516194 23.132830 -43.089821 24.123928 1.561718 1.258780 30.172072 -0.610036 -2.494843 12.475225 0.000000 0.000000 0.000000 0.000000 0.000000 0.000000 0.000000 0.000000 0.000000 0.000000 0.000000 0.000000 0.000000 0.000000 0.000000 0.000000 0.000000 0.000000 0.000000 0.000000 0.000000 0.000000 0.000000 0.000000 0.000000 0.000000 0.000000 0.000000 0.000000 0.000000 0.000000 0.000000 0.000000 0.000000 0.000000 0.000000 0.000000 0.000000 0.000000 0.000000 0.000000 0.000000
-0.014883 -0.087446 1.169375 -5.512055 0.137542 -4.059815 3.728374 -1.951843 3.751031 0.979298 1.119698 -3.919416 -4.284538 -3.303919 12.457772 -0.040540 -1.016630 -1.069082 -2.157634 5.441145 -3.212938 8.685836 0.110440 0.577081 0.242707 -4.105939 -7.212982 -0.201417 -1.743672 0.356963 7.765952 1.196120 1.812314 2.634506 -1.042643 -1.712984 2.764856 -0.100922 0.621962 9.855209 -0.227949 0.002640 5.341312 -3.589292 -0.623141 -0.418949 24.296294 -4.717009 24.556416 43.493053 -28.083049 4.946746 -0.860387 -26.921286 -1.434432 0.358659 -14.849078 0.000000 0.000000 0.000000 0.000000 0.000000 0.000000 0.000000 0.000000 0.000000 0.000000 0.000000 0.000000 0.000000 0.000000 0.000000 0.000000 0.000000 0.000000 0.000000 0.000000 0.000000 0.000000 0.000000 0.000000 0.000000 0.000000 0.000000 0.000000 0.000000 0.000000 0.000000 0.000000 0.000000 0.000000 0.000000 0.000000 0.000000 0.000000 0.000000 0.000000 0.000000 0.000000 1.753197 -23.212447 10.627174 22.811286 -42.936899 24.332282 1.017356 1.175084 30.476778 -0.803769 -2.515963 12.419895 0.000000 0.000000 0.000000 0.000000 0.000000 0.000000 0.000000 0.000000 0.000000 0.000000 0.000000 0.000000 0.000000 0.000000 0.000000 0.000000 0.000000 0.000000 0.000000 0.000000 0.000000 0.000000 0.000000 0.000000 0.000000 0.000000 0.000000 0.000000 0.000000 0.000000 0.000000 0.000000 0.000000 0.000000 0.000000 0.000000 0.000000 0.000000 0.000000 0.000000 0.000000 0.000000
-0.021725 -0.094360 1.168855 -5.293725 0.271094 -4.566125 2.675848 -1.816057 3.579344 1.625551 1.298671 -3.785862 -4.320266 -3.717214 12.801933 -0.006466 -0.987259 -1.083872 -3.894946 5.658820 -2.618745 10.132984 0.077284 0.561774 0.910129 -4.383012 -7.160898 -0.267134 -1.816044 0.350891 8.997434 1.293062 1.536238 2.434514 -1.344643 -1.767869 2.906128 -0.197886 0.538620 10.106263 -0.728507 -0.474725 5.705316 -4.007847 -0.918870 -0.342795 24.093865 -5.183142 24.470136 43.454796 -28.521120 4.573845 -1.012321 -27.587304 -1.727894 0.164392 -14.755979 0.000000 0.000000 0.000000 0.000000 0.000000 0.000000 0.000000 0.000000 0.000000 0.000000 0.000000 0.000000 0.000000 0.000000 0.000000 0.000000 0.000000 0.000000 0.000000 0.000000 0.000000 0.000000 0.000000 0.000000 0.000000 0.000000 0.000000 0.000000 0.000000 0.000000 0.000000 0.000000 0.000000 0.000000 0.000000 0.000000 0.000000 0.000000 0.000000 0.000000 0.000000 0.000000 1.728723 -23.226546 10.892615 22.263286 -42.618254 24.286372 0.211225 1.044511 31.178024 -1.326308 -2.467137 12.437561 0.000000 0.000000 0.000000 0.000000 0.000000 0.000000 0.000000 0.000000 0.000000 0.000000 0.000000 0.000000 0.000000 0.000000 0.000000 0.000000 0.000000 0.000000 0.000000 0.000000 0.000000 0.000000 0.000000 0.000000 0.000000 0.000000 0.000000 0.000000 0.000000 0.000000 0.000000 0.000000 0.000000 0.000000 0.000000 0.000000 0.000000 0.000000 0.000000 0.000000 0.000000 0.000000
-0.029911 -0.101559 1.168287 -5.078120 0.468969 -5.263261 1.568992 -1.673571 3.469174 2.386161 1.442281 -3.535652 -4.397093 -4.170548 13.164576 0.033993 -0.976260 -1.107563 -5.753492 5.825813 -2.050657 11.668281 0.076893 0.541533 1.733699 -4.789335 -6.964672 -0.323699 -1.897736 0.336648 10.315696 1.355176 1.264014 2.270995 -1.697923 -1.830056 3.049345 -0.331747 0.433799 10.327174 -1.241588 -1.090728 5.911046 -4.454356 -1.350368 -0.276704 23.815326 -5.611456 24.308149 43.409543 -28.972894 3.994182 -1.152347 -28.058820 -2.245089 -0.279262 -14.603491 0.000000 0.000000 0.000000 0.000000 0.000000 0.000000 0.000000 0.000000 0.000000 0.000000 0.000000 0.000000 0.000000 0.000000 0.000000 0.000000 0.000000 0.000000 0.000000 0.000000 0.000000 0.000000 0.000000 0.000000 0.000000 0.000000 0.000000 0.000000 0.000000 0.000000 0.000000 0.000000 0.000000 0.000000 0.000000 0.000000 0.000000 0.000000 0.000000 0.000000 0.000000 0.000000 1.591367 -23.130344 11.128718 21.722352 -42.361034 24.317598 -0.655453 0.958728 31.691534 -1.944912 -2.205144 12.374455 0.000000 0.000000 0.000000 0.000000 0.000000 0.000000 0.000000 0.000000 0.000000 0.000000 0.000000 0.000000 0.000000 0.000000 0.000000 0.000000 0.000000 0.000000 0.000000 0.000000 0.000000 0.000000 0.000000 0.000000 0.000000 0.000000 0.000000 0.000000 0.000000 0.000000 0.000000 0.000000 0.000000 0.000000 0.000000 0.000000 0.000000 0.000000 0.000000 0.000000 0.000000 0.000000
-0.040023 -0.110531 1.167728 -4.939635 0.721079 -6.037357 0.444131 -1.440927 3.283464 3.178673 1.473350 -3.420520 -4.429643 -4.690642 13.689441 0.042252 -0.986923 -1.132265 -7.736132 5.927177 -1.502801 13.355210 0.204992 0.420827 2.790010 -5.325119 -6.628510 -0.402055 -1.988551 0.342776 11.755846 1.392768 1.045374 2.239007 -2.133215 -1.910269 3.096144 -0.481046 0.292972 10.476550 -1.821625 -1.862930 6.028902 -4.904339 -2.085454 -0.189003 23.544200 -6.189348 24.027416 43.295986 -29.435672 3.109651 -1.127730 -28.435301 -2.788210 -0.835925 -14.483035 0.000000 0.000000 0.000000 0.000000 0.000000 0.000000 0.000000 0.000000 0.000000 0.000000 0.000000 0.000000 0.000000 0.000000 0.000000 0.000000 0.000000 0.000000 0.000000 0.000000 0.000000 0.000000 0.000000 0.000000 0.000000 0.000000 0.000000 0.000000 0.000000 0.000000 0.000000 0.000000 0.000000 0.000000 0.000000 0.000000 0.000000 0.000000 0.000000 0.000000 0.000000 0.000000 1.420437 -23.050672 11.422115 21.090094 -42.022411 24.191720 -1.676039 0.835907 32.153776 -2.523720 -1.664303 12.319870 0.000000 0.000000 0.000000 0.000000 0.000000 0.000000 0.000000 0.000000 0.000000 0.000000 0.000000 0.000000 0.000000 0.000000 0.000000 0.000000 0.000000 0.000000 0.000000 0.000000 0.000000 0.000000 0.000000 0.000000 0.000000 0.000000 0.000000 0.000000 0.000000 0.000000 0.000000 0.000000 0.000000 0.000000 0.000000 0.000000 0.000000 0.000000 0.000000 0.000000 0.000000 0.000000
-0.052192 -0.118365 1.166990 -4.692421 1.096964 -6.934636 -0.794692 -1.358789 3.193619 4.057005 1.617347 -3.112144 -4.540452 -5.178819 14.080610 0.060098 -1.007668 -1.135677 -9.937588 6.034030 -0.987188 15.193859 0.141501 0.139066 4.042841 -6.004432 -6.047259 -0.452939 -2.064938 0.318535 13.477763 1.424014 0.846024 2.126650 -2.572112 -1.981291 3.172838 -0.688594 0.163443 10.597038 -2.527852 -2.557195 6.006553 -5.463137 -3.005379 -0.082240 23.157888 -6.817279 23.618995 43.193852 -29.885692 2.482325 -1.000031 -28.887901 -3.507646 -1.613408 -14.326322 0.000000 0.000000 0.000000 0.000000 0.000000 0.000000 0.000000 0.000000 0.000000 0.000000 0.000000 0.000000 0.000000 0.000000 0.000000 0.000000 0.000000 0.000000 0.000000 0.000000 0.000000 0.000000 0.000000 0.000000 0.000000 0.000000 0.000000 0.000000 0.000000 0.000000 0.000000 0.000000 0.000000 0.000000 0.000000 0.000000 0.000000 0.000000 0.000000 0.000000 0.000000 0.000000 1.182628 -22.733985 11.821659 20.399101 -41.832519 24.249489 -2.761850 0.651252 32.456450 -3.253419 -0.955819 12.242171 0.000000 0.000000 0.000000 0.000000 0.000000 0.000000 0.000000 0.000000 0.000000 0.000000 0.000000 0.000000 0.000000 0.000000 0.000000 0.000000 0.000000 0.000000 0.000000 0.000000 0.000000 0.000000 0.000000 0.000000 0.000000 0.000000 0.000000 0.000000 0.000000 0.000000 0.000000 0.000000 0.000000 0.000000 0.000000 0.000000 0.000000 0.000000 0.000000 0.000000 0.000000 0.000000
-0.065706 -0.126974 1.166207 -4.472762 1.474050 -7.868700 -2.121878 -1.221202 3.055338 5.055919 1.786726 -2.773499 -4.597443 -5.700530 14.576167 0.075223 -1.007587 -1.134304 -12.199010 6.167744 -0.420270 17.012791 0.051508 -0.121016 5.444631 -6.820561 -5.562475 -0.519362 -2.107618 0.309825 15.334592 1.463469 0.658571 1.857009 -3.000423 -1.985298 3.288642 -0.918708 0.059778 10.579560 -3.215225 -3.288327 5.902248 -6.055683 -3.769471 -0.086270 22.696665 -7.372245 23.157739 43.037716 -30.277431 2.120113 -0.831285 -29.408814 -4.144199 -2.262899 -14.135769 0.000000 0.000000 0.000000 0.000000 0.000000 0.000000 0.000000 0.000000 0.000000 0.000000 0.000000 0.000000 0.000000 0.000000 0.000000 0.000000 0.000000 0.000000 0.000000 0.000000 0.000000 0.000000 0.000000 0.000000 0.000000 0.000000 0.000000 0.000000 0.000000 0.000000 0.000000 0.000000 0.000000 0.000000 0.000000 0.000000 0.000000 0.000000 0.000000 0.000000 0.000000 0.000000 0.991896 -22.470144 12.221810 19.583210 -41.555972 24.204011 -3.654876 0.519587 32.601652 -3.689874 -0.334618 12.088929 0.000000 0.000000 0.000000 0.000000 0.000000 0.000000 0.000000 0.000000 0.000000 0.000000 0.000000 0.000000 0.000000 0.000000 0.000000 0.000000 0.000000 0.000000 0.000000 0.000000 0.000000 0.000000 0.000000 0.000000 0.000000 0.000000 0.000000 0.000000 0.000000 0.000000 0.000000 0.000000 0.000000 0.000000 0.000000 0.000000 0.000000 0.000000 0.000000 0.000000 0.000000 0.000000
-0.081075 -0.135043 1.165416 -4.224670 2.009269 -8.895598 -3.286321 -1.203021 3.022940 5.778493 1.899619 -2.366573 -4.693134 -6.124152 14.996915 0.132040 -0.976918 -1.110433 -14.432558 6.121241 0.095635 18.545847 -0.118343 -0.517888 6.733891 -7.419146 -5.035068 -0.594495 -2.184553 0.274480 17.208349 1.464263 0.482852 1.753323 -3.573968 -2.015419 3.234956 -1.144520 -0.035002 10.828433 -4.010786 -4.170583 5.661059 -6.755706 -4.740726 -0.028890 22.282887 -7.990128 22.488005 42.938290 -30.629865 1.671526 -0.645132 -29.705479 -4.577644 -3.105230 -13.792898 0.000000 0.000000 0.000000 0.000000 0.000000 0.000000 0.000000 0.000000 0.000000 0.000000 0.000000 0.000000 0.000000 0.000000 0.000000 0.000000 0.000000 0.000000 0.000000 0.000000 0.000000 0.000000 0.000000 0.000000 0.000000 0.000000 0.000000 0.000000 0.000000 0.000000 0.000000 0.000000 0.000000 0.000000 0.000000 0.000000 0.000000 0.000000 0.000000 0.000000 0.000000 0.000000 0.875555 -22.148968 12.731987 18.592130 -41.244740 24.099002 -4.340224 0.309006 32.413387 -3.827526 0.449372 11.990244 0.000000 0.000000 0.000000 0.000000 0.000000 0.000000 0.000000 0.000000 0.000000 0.000000 0.000000 0.000000 0.000000 0.000000 0.000000 0.000000 0.000000 0.000000 0.000000 0.000000 0.000000 0.000000 0.000000 0.000000 0.000000 0.000000 0.000000 0.000000 0.000000 0.000000 0.000000 0.000000 0.000000 0.000000 0.000000 0.000000 0.000000 0.000000 0.000000 0.000000 0.000000 0.000000
-0.099485 -0.139321 1.164607 -3.836836 2.643353 -10.096704 -4.612662 -1.130935 2.832388 6.879572 1.949232 -1.984267 -4.953961 -6.617820 15.646916 0.127196 -0.930924 -1.117861 -16.879269 6.007284 0.607164 19.812941 -0.507963 -1.282035 6.378244 -7.261389 -4.913730 -0.701582 -2.176538 0.264544 19.225381 1.302304 0.395635 1.575681 -4.264554 -2.041996 3.140918 -1.414864 -0.083622 11.042249 -4.843157 -5.325930 5.196774 -7.347486 -6.146874 0.217655 21.900390 -8.826913 21.757385 42.819363 -30.941544 1.059213 -0.577070 -30.006833 -4.770405 -3.718732 -13.517609 0.000000 0.000000 0.000000 0.000000 0.000000 0.000000 0.000000 0.000000 0.000000 0.000000 0.000000 0.000000 0.000000 0.000000 0.000000 0.000000 0.000000 0.000000 0.000000 0.000000 0.000000 0.000000 0.000000 0.000000 0.000000 0.000000 0.000000 0.000000 0.000000 0.000000 0.000000 0.000000 0.000000 0.000000 0.000000 0.000000 0.000000 0.000000 0.000000 0.000000 0.000000 0.000000 0.981698 -21.937407 13.488865 17.401935 -40.628195 23.752143 -5.208123 0.068429 31.861236 -3.929857 1.226967 11.867414 0.000000 0.000000 0.000000 0.000000 0.000000 0.000000 0.000000 0.000000 0.000000 0.000000 0.000000 0.000000 0.000000 0.000000 0.000000 0.000000 0.000000 0.000000 0.000000 0.000000 0.000000 0.000000 0.000000 0.000000 0.000000 0.000000 0.000000 0.000000 0.000000 0.000000 0.000000 0.000000 0.000000 0.000000 0.000000 0.000000 0.000000 0.000000 0.000000 0.000000 0.000000 0.000000
-0.112381 -0.142930 1.163880 -3.380659 3.060611 -11.271032 -5.793589 -1.262508 2.928098 7.572971 2.219152 -1.348958 -4.955681 -6.811268 15.969685 0.135368 -0.949528 -1.116858 -19.056943 6.025370 0.690172 20.815020 -1.235688 -2.254464 2.909677 -5.722090 -5.196824 -0.736840 -2.210871 0.236785 20.833643 1.093649 0.414229 1.505558 -4.646687 -2.016250 3.102024 -1.646696 -0.078406 11.191754 -5.405517 -6.009037 4.862945 -7.844545 -7.085872 0.297385 21.505249 -9.373886 21.119677 42.745023 -31.152745 0.654686 -0.555876 -30.155288 -5.078365 -3.810152 -13.428521 0.000000 0.000000 0.000000 0.000000 0.000000 0.000000 0.000000 0.000000 0.000000 0.000000 0.000000 0.000000 0.000000 0.000000 0.000000 0.000000 0.000000 0.000000 0.000000 0.000000 0.000000 0.000000 0.000000 0.000000 0.000000 0.000000 0.000000 0.000000 0.000000 0.000000 0.000000 0.000000 0.000000 0.000000 0.000000 0.000000 0.000000 0.000000 0.000000 0.000000 0.000000 0.000000 0.971703 -21.447929 14.000458 16.349030 -40.462611 23.660102 -5.764749 0.218012 31.184081 -3.837881 1.543270 11.695371 0.000000 0.000000 0.000000 0.000000 0.000000 0.000000 0.000000 0.000000 0.000000 0.000000 0.000000 0.000000 0.000000 0.000000 0.000000 0.000000 0.000000 0.000000 0.000000 0.000000 0.000000 0.000000 0.000000 0.000000 0.000000 0.000000 0.000000 0.000000 0.000000 0.000000 0.000000 0.000000 0.000000 0.000000 0.000000 0.000000 0.000000 0.000000 0.000000 0.000000 0.000000 0.000000
-0.125695 -0.148126 1.163389 -2.948614 3.485563 -12.503234 -6.998120 -1.420715 3.106135 8.185132 2.462737 -0.501954 -4.871958 -6.774604 16.228171 0.162461 -0.924616 -1.100309 -20.917664 6.207347 0.576858 22.464538 -2.117636 -3.746573 0.818801 -4.374068 -5.814018 -0.814056 -2.290628 0.192885 22.512807 0.787118 0.471158 1.286089 -5.048574 -1.926233 3.116189 -1.867340 -0.004604 11.199735 -5.982886 -6.734580 4.495688 -8.225948 -8.142953 0.364549 21.156047 -9.881623 20.526044 42.763290 -31.375452 0.306643 -0.706834 -30.375280 -5.302908 -3.896971 -13.357866 0.000000 0.000000 0.000000 0.000000 0.000000 0.000000 0.000000 0.000000 0.000000 0.000000 0.000000 0.000000 0.000000 0.000000 0.000000 0.000000 0.000000 0.000000 0.000000 0.000000 0.000000 0.000000 0.000000 0.000000 0.000000 0.000000 0.000000 0.000000 0.000000 0.000000 0.000000 0.000000 0.000000 0.000000 0.000000 0.000000 0.000000 0.000000 0.000000 0.000000 0.000000 0.000000 1.009463 -21.027151 14.502878 15.219835 -40.148261 23.288293 -6.296953 0.353801 30.640074 -3.794939 1.731964 11.645916 0.000000 0.000000 0.000000 0.000000 0.000000 0.000000 0.000000 0.000000 0.000000 0.000000 0.000000 0.000000 0.000000 0.000000 0.000000 0.000000 0.000000 0.000000 0.000000 0.000000 0.000000 0.000000 0.000000 0.000000 0.000000 0.000000 0.000000 0.000000 0.000000 0.000000 0.000000 0.000000 0.000000 0.000000 0.000000 0.000000 0.000000 0.000000 0.000000 0.000000 0.000000 0.000000
-0.132127 -0.151743 1.162863 -2.424382 3.545225 -13.852995 -8.195461 -1.492984 3.254814 8.688114 2.635176 0.327810 -4.575800 -6.646113 16.534830 0.168330 -0.907454 -1.098298 -22.330711 6.493387 0.259041 24.068657 -2.989985 -5.137344 -0.094356 -3.435842 -6.243965 -0.865978 -2.361613 0.161211 23.957903 0.428841 0.635241 1.062456 -5.225171 -1.820663 3.190440 -2.031598 0.150863 11.563334 -6.280763 -7.106284 4.333725 -8.350603 -8.888641 0.342534 20.838162 -10.195475 20.100951 42.794638 -31.474924 -0.038602 -0.859710 -30.564481 -5.430326 -3.745486 -13.424432 0.000000 0.000000 0.000000 0.000000 0.000000 0.000000 0.000000 0.000000 0.000000 0.000000 0.000000 0.000000 0.000000 0.000000 0.000000 0.000000 0.000000 0.000000 0.000000 0.000000 0.000000 0.000000 0.000000 0.000000 0.000000 0.000000 0.000000 0.000000 0.000000 0.000000 0.000000 0.000000 0.000000 0.000000 0.000000 0.000000 0.000000 0.000000 0.000000 0.000000 0.000000 0.000000 1.042305 -20.583947 14.963747 14.117906 -39.917329 22.898861 -6.917263 0.443928 30.064516 -3.558908 1.667480 11.642356 0.000000 0.000000 0.000000 0.000000 0.000000 0.000000 0.000000 0.000000 0.000000 0.000000 0.000000 0.000000 0.000000 0.000000 0.000000 0.000000 0.000000 0.000000 0.000000 0.000000 0.000000 0.000000 0.000000 0.000000 0.000000 0.000000 0.000000 0.000000 0.000000 0.000000 0.000000 0.000000 0.000000 0.000000 0.000000 0.000000 0.000000 0.000000 0.000000 0.000000 0.000000 0.000000
-0.134693 -0.158443 1.162304 -1.995002 3.431678 -14.969631 -9.503236 -1.659502 3.367220 9.243164 2.897837 1.189701 -4.141700 -6.198772 16.714822 0.141507 -0.971716 -1.069016 -23.837366 6.969346 0.060942 26.405200 -4.110948 -6.540196 -1.190144 -2.394788 -6.609763 -0.935424 -2.470275 0.153539 25.408474 -0.133686 0.752999 0.764960 -5.356020 -1.710121 3.231796 -2.122404 0.233847 11.880385 -6.554492 -7.420090 4.149530 -8.335140 -9.965184 0.380758 20.526111 -10.589213 19.558504 42.876608 -31.445510 -0.179676 -1.165987 -30.889070 -5.474850 -3.345503 -13.403827 0.000000 0.000000 0.000000 0.000000 0.000000 0.000000 0.000000 0.000000 0.000000 0.000000 0.000000 0.000000 0.000000 0.000000 0.000000 0.000000 0.000000 0.000000 0.000000 0.000000 0.000000 0.000000 0.000000 0.000000 0.000000 0.000000 0.000000 0.000000 0.000000 0.000000 0.000000 0.000000 0.000000 0.000000 0.000000 0.000000 0.000000 0.000000 0.000000 0.000000 0.000000 0.000000 1.109496 -20.143306 15.516564 12.921650 -39.639805 22.440129 -7.245422 0.650546 29.526603 -3.500472 1.540446 11.503508 0.000000 0.000000 0.000000 0.000000 0.000000 0.000000 0.000000 0.000000 0.000000 0.000000 0.000000 0.000000 0.000000 0.000000 0.000000 0.000000 0.000000 0.000000 0.000000 0.000000 0.000000 0.000000 0.000000 0.000000 0.000000 0.000000 0.000000 0.000000 0.000000 0.000000 0.000000 0.000000 0.000000 0.000000 0.000000 0.000000 0.000000 0.000000 0.000000 0.000000 0.000000 0.000000
-0.133484 -0.162642 1.161372 -1.476846 3.091909 -15.992127 -10.673655 -1.711662 3.407081 9.521456 3.097036 1.936940 -3.723802 -5.864670 16.880985 0.129257 -0.975042 -1.039894 -25.092489 7.389141 -0.153722 28.026650 -4.994416 -7.639117 -1.981606 -1.650171 -6.959730 -0.994950 -2.487289 0.176369 26.686039 -0.602550 0.879006 0.416378 -5.422114 -1.571469 3.397175 -2.253653 0.340579 11.916264 -6.705215 -7.856910 3.979565 -8.392931 -10.660282 0.307226 20.288860 -10.865502 19.299472 43.193643 -31.549586 -0.421508 -1.424730 -31.153124 -5.555540 -3.061812 -13.503714 0.000000 0.000000 0.000000 0.000000 0.000000 0.000000 0.000000 0.000000 0.000000 0.000000 0.000000 0.000000 0.000000 0.000000 0.000000 0.000000 0.000000 0.000000 0.000000 0.000000 0.000000 0.000000 0.000000 0.000000 0.000000 0.000000 0.000000 0.000000 0.000000 0.000000 0.000000 0.000000 0.000000 0.000000 0.000000 0.000000 0.000000 0.000000 0.000000 0.000000 0.000000 0.000000 1.100297 -19.559717 15.999273 11.830902 -39.365765 22.135600 -7.521551 0.802331 29.106292 -3.262737 1.402057 11.458342 0.000000 0.000000 0.000000 0.000000 0.000000 0.000000 0.000000 0.000000 0.000000 0.000000 0.000000 0.000000 0.000000 0.000000 0.000000 0.000000 0.000000 0.000000 0.000000 0.000000 0.000000 0.000000 0.000000 0.000000 0.000000 0.000000 0.000000 0.000000 0.000000 0.000000 0.000000 0.000000 0.000000 0.000000 0.000000 0.000000 0.000000 0.000000 0.000000 0.000000 0.000000 0.000000
-0.130751 -0.165059 1.160132 -0.844339 2.614219 -17.093902 -11.929396 -1.668856 3.384187 9.808603 3.213880 2.759240 -3.421052 -5.556499 17.096762 0.129364 -0.904780 -0.990323 -26.239783 7.751342 -0.327514 28.946873 -5.601185 -8.549629 -2.412125 -1.166221 -7.187391 -1.074781 -2.513682 0.178696 28.056651 -1.204980 1.029351 -0.078329 -5.386970 -1.359393 3.675924 -2.350145 0.502364 11.814575 -6.688848 -8.243345 3.802110 -8.292385 -11.188477 0.117414 20.030940 -11.130475 19.251695 43.454448 -31.793542 -0.630854 -1.576042 -31.443192 -5.349280 -2.989888 -13.633905 0.000000 0.000000 0.000000 0.000000 0.000000 0.000000 0.000000 0.000000 0.000000 0.000000 0.000000 0.000000 0.000000 0.000000 0.000000 0.000000 0.000000 0.000000 0.000000 0.000000 0.000000 0.000000 0.000000 0.000000 0.000000 0.000000 0.000000 0.000000 0.000000 0.000000 0.000000 0.000000 0.000000 0.000000 0.000000 0.000000 0.000000 0.000000 0.000000 0.000000 0.000000 0.000000 0.965012 -18.901633 16.553305 10.739297 -39.006492 21.918454 -8.053719 0.667445 28.611310 -2.950364 1.540832 11.503746 0.000000 0.000000 0.000000 0.000000 0.000000 0.000000 0.000000 0.000000 0.000000 0.000000 0.000000 0.000000 0.000000 0.000000 0.000000 0.000000 0.000000 0.000000 0.000000 0.000000 0.000000 0.000000 0.000000 0.000000 0.000000 0.000000 0.000000 0.000000 0.000000 0.000000 0.000000 0.000000 0.000000 0.000000 0.000000 0.000000 0.000000 0.000000 0.000000 0.000000 0.000000 0.000000
-0.125875 -0.167135 1.158544 -0.121477 1.965304 -17.987623 -13.464168 -1.569209 3.340606 10.307302 3.316966 3.763830 -3.144828 -5.220742 17.011264 0.136644 -0.788251 -0.919753 -27.567611 8.122035 -0.509313 29.315112 -6.068797 -9.500830 -2.381181 -0.927795 -7.288078 -1.182614 -2.525013 0.160103 29.760510 -1.876601 1.251284 -0.591642 -5.432572 -1.103983 3.924349 -2.490912 0.689404 11.381626 -6.851611 -8.914798 3.239732 -8.368735 -11.873860 -0.082720 19.809573 -11.557354 19.251558 43.774508 -32.100701 -0.981183 -1.710337 -31.945338 -5.516274 -3.155450 -13.911891 0.000000 0.000000 0.000000 0.000000 0.000000 0.000000 0.000000 0.000000 0.000000 0.000000 0.000000 0.000000 0.000000 0.000000 0.000000 0.000000 0.000000 0.000000 0.000000 0.000000 0.000000 0.000000 0.000000 0.000000 0.000000 0.000000 0.000000 0.000000 0.000000 0.000000 0.000000 0.000000 0.000000 0.000000 0.000000 0.000000 0.000000 0.000000 0.000000 0.000000 0.000000 0.000000 0.905846 -18.136379 17.370049 9.268533 -38.257526 21.604005 -8.715033 0.410444 28.143021 -2.944695 1.893672 11.600848 0.000000 0.000000 0.000000 0.000000 0.000000 0.000000 0.000000 0.000000 0.000000 0.000000 0.000000 0.000000 0.000000 0.000000 0.000000 0.000000 0.000000 0.000000 0.000000 0.000000 0.000000 0.000000 0.000000 0.000000 0.000000 0.000000 0.000000 0.000000 0.000000 0.000000 0.000000 0.000000 0.000000 0.000000 0.000000 0.000000 0.000000 0.000000 0.000000 0.000000 0.000000 0.000000
-0.116680 -0.176474 1.156464 0.704053 0.868792 -19.209176 -15.925356 -1.510512 3.127291 11.252862 3.621684 5.380214 -2.117834 -4.605748 16.753549 0.157374 -0.666404 -0.897655 -29.579455 8.590545 -0.383946 29.039509 -6.316616 -10.481103 -1.931844 -0.744869 -7.271778 -1.293910 -2.496106 0.116353 31.879142 -2.472158 1.594543 -0.824275 -5.633586 -0.775074 3.753812 -2.604192 0.975356 10.961628 -6.940553 -10.170841 2.049340 -8.555124 -13.191858 -0.264152 19.323425 -12.270827 19.543414 44.145186 -33.078747 -1.685320 -1.880869 -32.591667 -5.983160 -3.168146 -14.479231 0.000000 0.000000 0.000000 0.000000 0.000000 0.000000 0.000000 0.000000 0.000000 0.000000 0.000000 0.000000 0.000000 0.000000 0.000000 0.000000 0.000000 0.000000 0.000000 0.000000 0.000000 0.000000 0.000000 0.000000 0.000000 0.000000 0.000000 0.000000 0.000000 0.000000 0.000000 0.000000 0.000000 0.000000 0.000000 0.000000 0.000000 0.000000 0.000000 0.000000 0.000000 0.000000 1.070487 -16.978919 18.652798 7.321199 -37.224634 21.525776 -10.022256 0.155778 27.097724 -3.627912 2.003248 11.777185 0.000000 0.000000 0.000000 0.000000 0.000000 0.000000 0.000000 0.000000 0.000000 0.000000 0.000000 0.000000 0.000000 0.000000 0.000000 0.000000 0.000000 0.000000 0.000000 0.000000 0.000000 0.000000 0.000000 0.000000 0.000000 0.000000 0.000000 0.000000 0.000000 0.000000 0.000000 0.000000 0.000000 0.000000 0.000000 0.000000 0.000000 0.000000 0.000000 0.000000 0.000000 0.000000
-0.107085 -0.180544 1.153994 1.494630 -0.078179 -19.986089 -18.081669 -1.515041 2.904860 12.374241 3.856439 6.496413 -1.695147 -4.260217 16.522508 0.201813 -0.495443 -0.868243 -31.130876 8.799383 -0.338984 28.593167 -6.389494 -11.116650 -1.664374 -0.624481 -7.249631 -1.428474 -2.484901 0.109525 33.945238 -3.166489 1.891811 -1.314723 -5.668598 -0.376195 3.901790 -2.737711 1.224532 10.164413 -6.849181 -10.992340 0.909211 -8.710089 -13.734818 -0.579524 18.998498 -12.749800 19.902902 44.508642 -33.694582 -2.188495 -1.984669 -33.767512 -6.568749 -3.406436 -15.016901 0.000000 0.000000 0.000000 0.000000 0.000000 0.000000 0.000000 0.000000 0.000000 0.000000 0.000000 0.000000 0.000000 0.000000 0.000000 0.000000 0.000000 0.000000 0.000000 0.000000 0.000000 0.000000 0.000000 0.000000 0.000000 0.000000 0.000000 0.000000 0.000000 0.000000 0.000000 0.000000 0.000000 0.000000 0.000000 0.000000 0.000000 0.000000 0.000000 0.000000 0.000000 0.000000 1.037502 -15.869607 19.741509 5.654037 -36.171549 21.299451 -11.060154 -0.163496 26.667500 -3.664543 2.353660 11.972295 0.000000 0.000000 0.000000 0.000000 0.000000 0.000000 0.000000 0.000000 0.000000 0.000000 0.000000 0.000000 0.000000 0.000000 0.000000 0.000000 0.000000 0.000000 0.000000 0.000000 0.000000 0.000000 0.000000 0.000000 0.000000 0.000000 0.000000 0.000000 0.000000 0.000000 0.000000 0.000000 0.000000 0.000000 0.000000 0.000000 0.000000 0.000000 0.000000 0.000000 0.000000 0.000000
-0.094156 -0.184328 1.150790 2.390727 -1.278412 -20.851709 -20.633595 -1.652383 2.669029 13.917167 4.377656 7.793174 -1.346644 -3.887423 16.141238 0.250032 -0.297778 -0.840953 -32.985576 9.095038 -0.251043 28.174419 -6.491090 -11.803203 -1.784998 -0.543632 -7.004069 -1.555593 -2.407542 0.047981 36.316762 -3.917936 2.278182 -1.741054 -5.697702 0.018827 3.882052 -2.849044 1.570938 9.067085 -6.593877 -12.253040 -0.356044 -8.880056 -14.335631 -0.869237 18.690693 -13.450288 20.241945 44.690936 -34.376156 -2.991562 -2.167243 -35.354420 -7.456568 -3.766266 -15.599847 0.000000 0.000000 0.000000 0.000000 0.000000 0.000000 0.000000 0.000000 0.000000 0.000000 0.000000 0.000000 0.000000 0.000000 0.000000 0.000000 0.000000 0.000000 0.000000 0.000000 0.000000 0.000000 0.000000 0.000000 0.000000 0.000000 0.000000 0.000000 0.000000 0.000000 0.000000 0.000000 0.000000 0.000000 0.000000 0.000000 0.000000 0.000000 0.000000 0.000000 0.000000 0.000000 1.174343 -14.690444 21.008765 3.437693 -34.610603 20.910806 -12.732221 -0.640175 26.203716 -3.810379 2.762067 12.039863 0.000000 0.000000 0.000000 0.000000 0.000000 0.000000 0.000000 0.000000 0.000000 0.000000 0.000000 0.000000 0.000000 0.000000 0.000000 0.000000 0.000000 0.000000 0.000000 0.000000 0.000000 0.000000 0.000000 0.000000 0.000000 0.000000 0.000000 0.000000 0.000000 0.000000 0.000000 0.000000 0.000000 0.000000 0.000000 0.000000 0.000000 0.000000 0.000000 0.000000 0.000000 0.000000
-0.081758 -0.187606 1.146663 3.376331 -2.596153 -21.503102 -23.502820 -1.732345 2.369096 15.679646 5.064341 8.979023 -1.105241 -3.608084 15.688380 0.294941 -0.171301 -0.806193 -35.381969 9.552295 0.046385 28.508618 -6.693494 -12.341241 -2.120862 -0.430163 -6.570739 -1.624563 -2.353581 0.012012 38.974682 -4.743455 2.654234 -2.317589 -5.671360 0.497089 3.836232 -2.982018 1.922299 7.883345 -6.252089 -13.870651 -1.983824 -9.055834 -15.362457 -1.106714 18.352853 -14.281779 20.202338 44.912675 -34.848081 -3.608611 -2.375028 -37.266260 -8.231337 -4.279445 -16.220913 0.000000 0.000000 0.000000 0.000000 0.000000 0.000000 0.000000 0.000000 0.000000 0.000000 0.000000 0.000000 0.000000 0.000000 0.000000 0.000000 0.000000 0.000000 0.000000 0.000000 0.000000 0.000000 0.000000 0.000000 0.000000 0.000000 0.000000 0.000000 0.000000 0.000000 0.000000 0.000000 0.000000 0.000000 0.000000 0.000000 0.000000 0.000000 0.000000 0.000000 0.000000 0.000000 1.417710 -13.297496 22.526129 0.992449 -32.770379 20.324498 -14.276072 -1.004894 25.890730 -3.511491 3.277316 12.280510 0.000000 0.000000 0.000000 0.000000 0.000000 0.000000 0.000000 0.000000 0.000000 0.000000 0.000000 0.000000 0.000000 0.000000 0.000000 0.000000 0.000000 0.000000 0.000000 0.000000 0.000000 0.000000 0.000000 0.000000 0.000000 0.000000 0.000000 0.000000 0.000000 0.000000 0.000000 0.000000 0.000000 0.000000 0.000000 0.000000 0.000000 0.000000 0.000000 0.000000 0.000000 0.000000
-0.064497 -0.185836 1.142039 4.878949 -4.514956 -21.985205 -28.025515 -2.054630 1.707950 19.327414 6.776941 10.099422 -0.430836 -3.178422 14.945089 0.323719 0.054646 -0.873769 -39.071685 10.502565 0.782024 29.703723 -7.452354 -12.948162 -2.476329 -0.168555 -6.268515 -1.797928 -2.273466 0.000591 42.294409 -5.669555 3.175618 -2.771793 -6.015147 1.062053 3.473849 -3.014513 2.373527 6.129792 -5.963992 -15.592017 -4.337812 -9.660714 -16.351988 -1.228363 17.836914 -15.410685 20.278045 45.386099 -35.515470 -4.836786 -2.370686 -39.965917 -9.406291 -4.625886 -17.394266 0.000000 0.000000 0.000000 0.000000 0.000000 0.000000 0.000000 0.000000 0.000000 0.000000 0.000000 0.000000 0.000000 0.000000 0.000000 0.000000 0.000000 0.000000 0.000000 0.000000 0.000000 0.000000 0.000000 0.000000 0.000000 0.000000 0.000000 0.000000 0.000000 0.000000 0.000000 0.000000 0.000000 0.000000 0.000000 0.000000 0.000000 0.000000 0.000000 0.000000 0.000000 0.000000 1.806046 -11.244470 24.410396 -2.054140 -30.053868 19.308211 -15.893779 -1.549029 25.763624 -3.407361 3.648112 12.748759 0.000000 0.000000 0.000000 0.000000 0.000000 0.000000 0.000000 0.000000 0.000000 0.000000 0.000000 0.000000 0.000000 0.000000 0.000000 0.000000 0.000000 0.000000 0.000000 0.000000 0.000000 0.000000 0.000000 0.000000 0.000000 0.000000 0.000000 0.000000 0.000000 0.000000 0.000000 0.000000 0.000000 0.000000 0.000000 0.000000 0.000000 0.000000 0.000000 0.000000 0.000000 0.000000
-0.050747 -0.183604 1.136342 5.925675 -5.880469 -22.066002 -31.097229 -2.252643 1.429325 21.820928 7.904809 10.322017 -0.829454 -3.134764 14.600820 0.311268 0.180125 -0.813250 -41.964400 11.211029 1.170522 31.324685 -7.982713 -13.471378 -3.593125 0.235724 -5.840573 -1.830007 -2.248660 -0.003935 45.324812 -6.704236 3.534187 -3.768827 -5.758524 1.703617 3.683824 -3.151250 2.771690 5.152548 -5.471417 -16.606740 -5.957584 -9.659417 -16.692119 -1.785146 17.398264 -15.880462 20.201971 45.693254 -35.818328 -5.279160 -2.608667 -42.053246 -10.425394 -4.938990 -18.159837 0.000000 0.000000 0.000000 0.000000 0.000000 0.000000 0.000000 0.000000 0.000000 0.000000 0.000000 0.000000 0.000000 0.000000 0.000000 0.000000 0.000000 0.000000 0.000000 0.000000 0.000000 0.000000 0.000000 0.000000 0.000000 0.000000 0.000000 0.000000 0.000000 0.000000 0.000000 0.000000 0.000000 0.000000 0.000000 0.000000 0.000000 0.000000 0.000000 0.000000 0.000000 0.000000 1.824192 -9.670433 25.644606 -4.449038 -27.977961 18.603327 -17.351753 -2.209889 25.238174 -3.089796 4.040552 12.968914 0.000000 0.000000 0.000000 0.000000 0.000000 0.000000 0.000000 0.000000 0.000000 0.000000 0.000000 0.000000 0.000000 0.000000 0.000000 0.000000 0.000000 0.000000 0.000000 0.000000 0.000000 0.000000 0.000000 0.000000 0.000000 0.000000 0.000000 0.000000 0.000000 0.000000 0.000000 0.000000 0.000000 0.000000 0.000000 0.000000 0.000000 0.000000 0.000000 0.000000 0.000000 0.000000
-0.034967 -0.178848 1.130102 7.152679 -7.396020 -22.017272 -34.438577 -2.599480 1.118152 24.570610 9.362488 10.336894 -1.260608 -3.090609 14.168808 0.332132 0.389717 -0.713168 -45.237928 11.987107 1.820873 33.395612 -8.611512 -13.581582 -4.958818 0.709594 -5.495183 -1.928610 -2.227771 -0.049552 48.576040 -7.656398 3.957506 -4.628250 -5.466019 2.335074 3.750925 -3.219174 3.177921 4.173781 -4.751527 -17.777729 -7.670347 -9.767144 -16.607610 -2.201055 17.136109 -16.637124 19.876714 45.577823 -35.488056 -5.900072 -3.012195 -45.038999 -11.408679 -5.386781 -18.885076 0.000000 0.000000 0.000000 0.000000 0.000000 0.000000 0.000000 0.000000 0.000000 0.000000 0.000000 0.000000 0.000000 0.000000 0.000000 0.000000 0.000000 0.000000 0.000000 0.000000 0.000000 0.000000 0.000000 0.000000 0.000000 0.000000 0.000000 0.000000 0.000000 0.000000 0.000000 0.000000 0.000000 0.000000 0.000000 0.000000 0.000000 0.000000 0.000000 0.000000 0.000000 0.000000 1.999840 -7.954052 27.284341 -7.441897 -25.138964 17.728519 -19.268967 -2.814287 24.434372 -2.312749 4.242996 13.148487 0.000000 0.000000 0.000000 0.000000 0.000000 0.000000 0.000000 0.000000 0.000000 0.000000 0.000000 0.000000 0.000000 0.000000 0.000000 0.000000 0.000000 0.000000 0.000000 0.000000 0.000000 0.000000 0.000000 0.000000 0.000000 0.000000 0.000000 0.000000 0.000000 0.000000 0.000000 0.000000 0.000000 0.000000 0.000000 0.000000 0.000000 0.000000 0.000000 0.000000 0.000000 0.000000
-0.018634 -0.166383 1.123505 8.589929 -9.098704 -21.899054 -38.043607 -2.664067 0.588378 27.979424 10.927766 9.962640 -2.042679 -3.407046 13.902250 0.293092 0.512327 -0.673657 -48.756979 12.889522 2.853476 35.974153 -9.177013 -13.695519 -6.803725 1.350554 -5.214369 -1.995375 -2.112539 -0.062046 52.001172 -8.715451 4.482185 -5.554776 -5.063993 3.005799 3.666557 -3.210386 3.565184 2.922687 -4.181377 -18.941720 -9.521133 -9.949068 -16.754014 -2.627396 16.823375 -17.452258 19.645852 45.490631 -35.319318 -6.528245 -3.368783 -47.546492 -12.538962 -5.916359 -19.760680 0.000000 0.000000 0.000000 0.000000 0.000000 0.000000 0.000000 0.000000 0.000000 0.000000 0.000000 0.000000 0.000000 0.000000 0.000000 0.000000 0.000000 0.000000 0.000000 0.000000 0.000000 0.000000 0.000000 0.000000 0.000000 0.000000 0.000000 0.000000 0.000000 0.000000 0.000000 0.000000 0.000000 0.000000 0.000000 0.000000 0.000000 0.000000 0.000000 0.000000 0.000000 0.000000 2.142585 -5.881394 28.868113 -10.384776 -22.160656 16.668037 -20.575177 -3.398689 23.528375 -1.635811 4.550112 13.591118 0.000000 0.000000 0.000000 0.000000 0.000000 0.000000 0.000000 0.000000 0.000000 0.000000 0.000000 0.000000 0.000000 0.000000 0.000000 0.000000 0.000000 0.000000 0.000000 0.000000 0.000000 0.000000 0.000000 0.000000 0.000000 0.000000 0.000000 0.000000 0.000000 0.000000 0.000000 0.000000 0.000000 0.000000 0.000000 0.000000 0.000000 0.000000 0.000000 0.000000 0.000000 0.000000
0.001985 -0.151326 1.116868 10.165830 -10.958932 -21.624517 -41.644616 -2.631547 -0.146332 31.347114 12.367280 9.324653 -2.810509 -3.755273 13.803180 0.205385 0.628135 -0.679186 -52.618139 13.793863 4.307332 39.185096 -10.031488 -13.400766 -8.875616 2.228945 -5.005631 -2.132564 -2.031520 -0.032980 55.941681 -9.776067 5.232391 -6.354817 -4.730175 3.843666 3.290399 -3.137684 4.164556 1.348857 -3.368948 -19.770090 -11.584363 -10.295688 -16.202087 -2.853700 16.743752 -18.193814 19.444358 45.325016 -34.721899 -7.222172 -3.955814 -50.996794 -13.972785 -6.308246 -20.672255 0.000000 0.000000 0.000000 0.000000 0.000000 0.000000 0.000000 0.000000 0.000000 0.000000 0.000000 0.000000 0.000000 0.000000 0.000000 0.000000 0.000000 0.000000 0.000000 0.000000 0.000000 0.000000 0.000000 0.000000 0.000000 0.000000 0.000000 0.000000 0.000000 0.000000 0.000000 0.000000 0.000000 0.000000 0.000000 0.000000 0.000000 0.000000 0.000000 0.000000 0.000000 0.000000 2.500527 -3.933658 30.412861 -14.091143 -17.578268 15.407986 -22.143193 -3.841370 21.943176 -0.279962 4.859739 13.544127 0.000000 0.000000 0.000000 0.000000 0.000000 0.000000 0.000000 0.000000 0.000000 0.000000 0.000000 0.000000 0.000000 0.000000 0.000000 0.000000 0.000000 0.000000 0.000000 0.000000 0.000000 0.000000 0.000000 0.000000 0.000000 0.000000 0.000000 0.000000 0.000000 0.000000 0.000000 0.000000 0.000000 0.000000 0.000000 0.000000 0.000000 0.000000 0.000000 0.000000 0.000000 0.000000
0.021638 -0.143609 1.109010 11.251402 -12.415064 -20.868955 -44.423937 -2.853907 -0.581103 34.100439 13.769707 8.235432 -3.885586 -4.049749 13.292814 0.123870 0.732450 -0.674207 -55.812745 14.885008 5.242471 42.291621 -11.192076 -13.180977 -11.163603 3.173562 -4.754740 -2.149748 -1.986759 -0.034068 59.230020 -10.757108 5.775753 -7.178395 -4.129863 4.799386 3.361717 -3.074472 4.769695 0.363195 -2.467947 -20.826417 -13.022707 -10.334732 -15.991531 -3.329096 16.666106 -18.324915 19.203365 45.434716 -34.333676 -7.811305 -4.507925 -53.786675 -14.481557 -5.982386 -21.382701 0.000000 0.000000 0.000000 0.000000 0.000000 0.000000 0.000000 0.000000 0.000000 0.000000 0.000000 0.000000 0.000000 0.000000 0.000000 0.000000 0.000000 0.000000 0.000000 0.000000 0.000000 0.000000 0.000000 0.000000 0.000000 0.000000 0.000000 0.000000 0.000000 0.000000 0.000000 0.000000 0.000000 0.000000 0.000000 0.000000 0.000000 0.000000 0.000000 0.000000 0.000000 0.000000 2.494822 -2.218858 31.464258 -17.280265 -14.085517 14.401653 -23.276934 -4.152166 20.345981 1.960484 4.748585 13.505567 0.000000 0.000000 0.000000 0.000000 0.000000 0.000000 0.000000 0.000000 0.000000 0.000000 0.000000 0.000000 0.000000 0.000000 0.000000 0.000000 0.000000 0.000000 0.000000 0.000000 0.000000 0.000000 0.000000 0.000000 0.000000 0.000000 0.000000 0.000000 0.000000 0.000000 0.000000 0.000000 0.000000 0.000000 0.000000 0.000000 0.000000 0.000000 0.000000 0.000000 0.000000 0.000000
0.037362 -0.135110 1.100913 12.269268 -14.072352 -20.549807 -47.747320 -2.764297 -1.231835 37.705121 15.356266 7.334201 -4.503573 -4.269863 12.986933 0.032180 0.738737 -0.713772 -59.409402 15.943949 6.693576 45.597168 -11.988528 -12.502159 -12.978479 3.726295 -4.432408 -2.166620 -1.898446 0.013741 62.589132 -11.806773 6.378913 -8.015252 -3.411489 5.699661 3.215157 -2.863175 5.244643 -0.804263 -1.843839 -21.638614 -14.747825 -10.431645 -15.936276 -3.773494 16.525357 -18.460087 19.208534 45.444960 -33.871313 -8.156966 -4.760362 -56.558044 -15.462933 -5.549121 -22.322180 0.000000 0.000000 0.000000 0.000000 0.000000 0.000000 0.000000 0.000000 0.000000 0.000000 0.000000 0.000000 0.000000 0.000000 0.000000 0.000000 0.000000 0.000000 0.000000 0.000000 0.000000 0.000000 0.000000 0.000000 0.000000 0.000000 0.000000 0.000000 0.000000 0.000000 0.000000 0.000000 0.000000 0.000000 0.000000 0.000000 0.000000 0.000000 0.000000 0.000000 0.000000 0.000000 2.353305 -0.156087 32.324804 -20.127539 -10.523832 13.352499 -24.302328 -4.493249 19.044894 3.224993 4.842677 13.629809 0.000000 0.000000 0.000000 0.000000 0.000000 0.000000 0.000000 0.000000 0.000000 0.000000 0.000000 0.000000 0.000000 0.000000 0.000000 0.000000 0.000000 0.000000 0.000000 0.000000 0.000000 0.000000 0.000000 0.000000 0.000000 0.000000 0.000000 0.000000 0.000000 0.000000 0.000000 0.000000 0.000000 0.000000 0.000000 0.000000 0.000000 0.000000 0.000000 0.000000 0.000000 0.000000
0.051304 -0.126742 1.092597 13.427628 -15.643990 -19.717347 -50.925612 -2.559176 -1.818294 40.706425 16.971135 6.020165 -5.177024 -4.683497 12.660874 -0.062299 0.752968 -0.718434 -62.990413 17.341439 8.028697 48.650146 -12.986397 -11.860074 -14.783379 4.283274 -4.195772 -2.147663 -1.927028 0.052471 65.431629 -12.843680 7.003810 -8.877508 -2.600499 6.741822 3.242675 -2.575637 5.755570 -1.819102 -1.027939 -22.176470 -15.867471 -10.424256 -15.413600 -4.314243 16.393380 -18.115547 19.669528 45.595495 -33.833086 -8.148564 -5.183006 -59.148368 -16.299819 -5.126856 -23.053828 0.000000 0.000000 0.000000 0.000000 0.000000 0.000000 0.000000 0.000000 0.000000 0.000000 0.000000 0.000000 0.000000 0.000000 0.000000 0.000000 0.000000 0.000000 0.000000 0.000000 0.000000 0.000000 0.000000 0.000000 0.000000 0.000000 0.000000 0.000000 0.000000 0.000000 0.000000 0.000000 0.000000 0.000000 0.000000 0.000000 0.000000 0.000000 0.000000 0.000000 0.000000 0.000000 2.310146 1.584299 32.655684 -22.670825 -7.113153 12.411185 -24.895202 -4.691148 17.894063 4.807586 4.772425 13.556134 0.000000 0.000000 0.000000 0.000000 0.000000 0.000000 0.000000 0.000000 0.000000 0.000000 0.000000 0.000000 0.000000 0.000000 0.000000 0.000000 0.000000 0.000000 0.000000 0.000000 0.000000 0.000000 0.000000 0.000000 0.000000 0.000000 0.000000 0.000000 0.000000 0.000000 0.000000 0.000000 0.000000 0.000000 0.000000 0.000000 0.000000 0.000000 0.000000 0.000000 0.000000 0.000000
0.066863 -0.125777 1.083915 14.149289 -17.357443 -19.089119 -53.681758 -2.593504 -2.157445 43.267123 18.847117 4.887278 -5.494517 -4.986151 12.110428 -0.112487 0.809304 -0.718500 -66.748160 18.905833 9.628196 51.833705 -14.393098 -11.133881 -16.108821 4.524947 -3.908878 -2.171794 -1.966212 0.107955 68.648806 -13.869840 7.622040 -9.505326 -1.590602 7.891764 2.983552 -1.996798 6.359610 -3.001077 0.035531 -23.521363 -17.372775 -10.347331 -15.721932 -4.818166 16.404613 -17.907988 20.062144 45.248940 -33.284377 -7.871678 -6.156447 -61.745611 -16.036594 -4.906352 -23.926440 0.000000 0.000000 0.000000 0.000000 0.000000 0.000000 0.000000 0.000000 0.000000 0.000000 0.000000 0.000000 0.000000 0.000000 0.000000 0.000000 0.000000 0.000000 0.000000 0.000000 0.000000 0.000000 0.000000 0.000000 0.000000 0.000000 0.000000 0.000000 0.000000 0.000000 0.000000 0.000000 0.000000 0.000000 0.000000 0.000000 0.000000 0.000000 0.000000 0.000000 0.000000 0.000000 2.126073 3.538823 33.079775 -25.247009 -3.337563 11.351607 -24.618733 -4.126985 16.008153 7.892501 4.407973 13.289274 0.000000 0.000000 0.000000 0.000000 0.000000 0.000000 0.000000 0.000000 0.000000 0.000000 0.000000 0.000000 0.000000 0.000000 0.000000 0.000000 0.000000 0.000000 0.000000 0.000000 0.000000 0.000000 0.000000 0.000000 0.000000 0.000000 0.000000 0.000000 0.000000 0.000000 0.000000 0.000000 0.000000 0.000000 0.000000 0.000000 0.000000 0.000000 0.000000 0.000000 0.000000 0.000000
0.076143 -0.119322 1.075193 15.019407 -18.712943 -18.530455 -56.183688 -2.143658 -2.797552 45.566801 20.190250 3.998054 -6.468261 -5.833139 12.096227 -0.173223 0.776198 -0.706682 -69.885518 20.052656 11.225879 54.370502 -15.304295 -10.397149 -17.978731 4.976504 -3.684029 -2.141146 -2.006843 0.194230 70.988989 -14.732090 8.251816 -10.052276 -0.816874 8.784720 2.844984 -1.477515 6.850831 -3.936636 0.748102 -24.563452 -18.536105 -10.350371 -15.640462 -5.302710 16.306640 -17.604120 20.519174 45.374526 -33.085758 -7.810868 -6.710309 -63.784011 -15.996570 -4.134293 -24.488453 0.000000 0.000000 0.000000 0.000000 0.000000 0.000000 0.000000 0.000000 0.000000 0.000000 0.000000 0.000000 0.000000 0.000000 0.000000 0.000000 0.000000 0.000000 0.000000 0.000000 0.000000 0.000000 0.000000 0.000000 0.000000 0.000000 0.000000 0.000000 0.000000 0.000000 0.000000 0.000000 0.000000 0.000000 0.000000 0.000000 0.000000 0.000000 0.000000 0.000000 0.000000 0.000000 1.975552 5.205663 33.254779 -27.270653 -0.210963 10.522969 -24.416401 -3.715777 14.438350 10.539169 3.590483 13.065448 0.000000 0.000000 0.000000 0.000000 0.000000 0.000000 0.000000 0.000000 0.000000 0.000000 0.000000 0.000000 0.000000 0.000000 0.000000 0.000000 0.000000 0.000000 0.000000 0.000000 0.000000 0.000000 0.000000 0.000000 0.000000 0.000000 0.000000 0.000000 0.000000 0.000000 0.000000 0.000000 0.000000 0.000000 0.000000 0.000000 0.000000 0.000000 0.000000 0.000000 0.000000 0.000000
0.084762 -0.111825 1.067260 16.096319 -19.976881 -17.844461 -58.707498 -1.790474 -3.407118 47.651797 21.486137 3.205663 -7.417296 -6.518893 11.967086 -0.197276 0.729736 -0.704591 -73.188721 21.007436 12.953565 56.858658 -16.237911 -9.677889 -19.392481 5.228824 -3.717759 -2.125862 -2.054047 0.330482 72.907346 -15.646896 8.791781 -10.763874 0.088004 9.621144 3.026210 -0.981298 7.224794 -4.859157 1.601457 -25.469024 -19.567607 -10.329120 -15.607623 -5.658107 16.471270 -17.294839 20.955023 45.363739 -32.712182 -7.903983 -7.394604 -65.494008 -16.289088 -3.970704 -25.022727 0.000000 0.000000 0.000000 0.000000 0.000000 0.000000 0.000000 0.000000 0.000000 0.000000 0.000000 0.000000 0.000000 0.000000 0.000000 0.000000 0.000000 0.000000 0.000000 0.000000 0.000000 0.000000 0.000000 0.000000 0.000000 0.000000 0.000000 0.000000 0.000000 0.000000 0.000000 0.000000 0.000000 0.000000 0.000000 0.000000 0.000000 0.000000 0.000000 0.000000 0.000000 0.000000 1.728036 6.713199 33.391145 -28.652594 2.384202 9.657878 -24.020312 -3.388363 13.286270 12.540654 3.500859 12.967488 0.000000 0.000000 0.000000 0.000000 0.000000 0.000000 0.000000 0.000000 0.000000 0.000000 0.000000 0.000000 0.000000 0.000000 0.000000 0.000000 0.000000 0.000000 0.000000 0.000000 0.000000 0.000000 0.000000 0.000000 0.000000 0.000000 0.000000 0.000000 0.000000 0.000000 0.000000 0.000000 0.000000 0.000000 0.000000 0.000000 0.000000 0.000000 0.000000 0.000000 0.000000 0.000000
0.099767 -0.109382 1.060577 16.923583 -21.405433 -16.507294 -61.057363 -1.001916 -4.153030 49.531945 22.516585 2.299558 -7.397602 -6.994186 12.026001 -0.340033 0.735525 -0.533925 -76.615191 22.119046 15.027380 59.915330 -17.296708 -8.856234 -20.300146 5.352291 -4.076594 -2.048057 -2.207089 0.345909 74.897362 -16.790068 9.349264 -11.144897 0.902236 10.836463 3.258372 -0.402785 7.707398 -6.129895 2.668033 -25.517383 -20.653376 -9.850289 -14.493191 -6.228418 16.511578 -16.664432 21.802556 45.072823 -32.727566 -6.986188 -8.220458 -67.097343 -16.974395 -3.535030 -24.539542 0.000000 0.000000 0.000000 0.000000 0.000000 0.000000 0.000000 0.000000 0.000000 0.000000 0.000000 0.000000 0.000000 0.000000 0.000000 0.000000 0.000000 0.000000 0.000000 0.000000 0.000000 0.000000 0.000000 0.000000 0.000000 0.000000 0.000000 0.000000 0.000000 0.000000 0.000000 0.000000 0.000000 0.000000 0.000000 0.000000 0.000000 0.000000 0.000000 0.000000 0.000000 0.000000 1.473126 8.165004 32.775995 -29.990122 5.665230 9.108122 -23.000607 -2.992237 11.591942 15.482566 4.051142 12.580657 0.000000 0.000000 0.000000 0.000000 0.000000 0.000000 0.000000 0.000000 0.000000 0.000000 0.000000 0.000000 0.000000 0.000000 0.000000 0.000000 0.000000 0.000000 0.000000 0.000000 0.000000 0.000000 0.000000 0.000000 0.000000 0.000000 0.000000 0.000000 0.000000 0.000000 0.000000 0.000000 0.000000 0.000000 0.000000 0.000000 0.000000 0.000000 0.000000 0.000000 0.000000 0.000000
0.114002 -0.098554 1.055617 18.163207 -22.704957 -15.685431 -63.077683 -0.749971 -4.559851 51.133719 23.472407 1.560034 -8.143987 -7.458146 11.930484 -0.352725 0.783464 -0.475903 -79.175991 22.898994 16.242189 61.731538 -18.082699 -8.662546 -22.504222 5.799337 -3.565964 -2.090079 -2.161943 0.437667 76.228923 -17.377474 9.557607 -11.741000 1.588615 11.640756 3.728241 -0.044682 8.043062 -6.584250 3.575439 -25.803869 -21.408496 -9.339945 -14.264278 -6.719885 16.442217 -15.945121 21.871481 45.080739 -31.967816 -6.795502 -8.521369 -68.626181 -17.532095 -3.164511 -24.304782 0.000000 0.000000 0.000000 0.000000 0.000000 0.000000 0.000000 0.000000 0.000000 0.000000 0.000000 0.000000 0.000000 0.000000 0.000000 0.000000 0.000000 0.000000 0.000000 0.000000 0.000000 0.000000 0.000000 0.000000 0.000000 0.000000 0.000000 0.000000 0.000000 0.000000 0.000000 0.000000 0.000000 0.000000 0.000000 0.000000 0.000000 0.000000 0.000000 0.000000 0.000000 0.000000 1.307902 9.151270 32.402975 -30.863989 7.717309 8.675451 -22.753250 -2.987318 10.855450 16.741567 4.950784 12.297215 0.000000 0.000000 0.000000 0.000000 0.000000 0.000000 0.000000 0.000000 0.000000 0.000000 0.000000 0.000000 0.000000 0.000000 0.000000 0.000000 0.000000 0.000000 0.000000 0.000000 0.000000 0.000000 0.000000 0.000000 0.000000 0.000000 0.000000 0.000000 0.000000 0.000000 0.000000 0.000000 0.000000 0.000000 0.000000 0.000000 0.000000 0.000000 0.000000 0.000000 0.000000 0.000000
0.122089 -0.094404 1.050901 18.957358 -23.605583 -14.751072 -64.772669 -0.221937 -5.071042 52.394781 24.205722 0.897505 -8.464382 -7.842197 11.997665 -0.372064 0.779080 -0.449351 -81.422926 23.477813 17.592626 63.409679 -18.578423 -8.256588 -23.509219 6.018755 -3.693894 -2.091154 -2.190341 0.514963 77.275784 -17.990035 9.871569 -12.042968 2.097122 12.277255 4.070578 0.339735 8.234647 -7.224485 3.948467 -26.024814 -22.061409 -9.106162 -14.133589 -6.945586 16.419078 -15.491659 22.121711 44.993098 -31.774211 -6.684826 -8.659863 -69.909050 -18.309845 -3.191109 -23.858934 0.000000 0.000000 0.000000 0.000000 0.000000 0.000000 0.000000 0.000000 0.000000 0.000000 0.000000 0.000000 0.000000 0.000000 0.000000 0.000000 0.000000 0.000000 0.000000 0.000000 0.000000 0.000000 0.000000 0.000000 0.000000 0.000000 0.000000 0.000000 0.000000 0.000000 0.000000 0.000000 0.000000 0.000000 0.000000 0.000000 0.000000 0.000000 0.000000 0.000000 0.000000 0.000000 1.100905 10.221873 32.022539 -31.597451 9.500741 8.408351 -22.524273 -2.940193 10.020980 17.927334 5.979211 11.908964 0.000000 0.000000 0.000000 0.000000 0.000000 0.000000 0.000000 0.000000 0.000000 0.000000 0.000000 0.000000 0.000000 0.000000 0.000000 0.000000 0.000000 0.000000 0.000000 0.000000 0.000000 0.000000 0.000000 0.000000 0.000000 0.000000 0.000000 0.000000 0.000000 0.000000 0.000000 0.000000 0.000000 0.000000 0.000000 0.000000 0.000000 0.000000 0.000000 0.000000 0.000000 0.000000
0.127509 -0.090166 1.047682 19.652427 -24.366708 -14.237565 -66.149780 0.132387 -5.499874 53.367972 24.871037 0.732340 -8.821286 -8.087308 11.862569 -0.304602 0.691122 -0.490789 -83.173634 23.990811 18.783403 64.376676 -19.274706 -8.178125 -24.362817 6.031368 -3.598618 -2.104101 -2.209165 0.603191 78.040135 -18.558278 10.224895 -12.580016 2.455974 12.754991 4.528040 0.721799 8.368548 -7.924850 3.853388 -26.934502 -22.787249 -9.145775 -14.848674 -7.171931 16.472078 -14.988993 22.033549 45.101613 -31.037439 -6.723180 -9.511539 -71.346638 -17.979206 -3.976004 -24.102014 0.000000 0.000000 0.000000 0.000000 0.000000 0.000000 0.000000 0.000000 0.000000 0.000000 0.000000 0.000000 0.000000 0.000000 0.000000 0.000000 0.000000 0.000000 0.000000 0.000000 0.000000 0.000000 0.000000 0.000000 0.000000 0.000000 0.000000 0.000000 0.000000 0.000000 0.000000 0.000000 0.000000 0.000000 0.000000 0.000000 0.000000 0.000000 0.000000 0.000000 0.000000 0.000000 0.861171 10.992686 31.977164 -32.152198 10.646371 8.064255 -22.030861 -2.514313 9.257475 19.570248 6.687272 12.082250 0.000000 0.000000 0.000000 0.000000 0.000000 0.000000 0.000000 0.000000 0.000000 0.000000 0.000000 0.000000 0.000000 0.000000 0.000000 0.000000 0.000000 0.000000 0.000000 0.000000 0.000000 0.000000 0.000000 0.000000 0.000000 0.000000 0.000000 0.000000 0.000000 0.000000 0.000000 0.000000 0.000000 0.000000 0.000000 0.000000 0.000000 0.000000 0.000000 0.000000 0.000000 0.000000
0.127323 -0.096763 1.044833 19.857679 -24.713114 -13.798332 -67.192745 0.172056 -5.856232 53.597502 25.564925 0.302166 -8.373473 -7.922976 11.882769 -0.278923 0.586256 -0.586091 -84.763681 23.912203 19.878786 65.116162 -19.482491 -7.681130 -23.417000 5.998834 -4.383398 -2.127458 -2.186553 0.730588 78.669184 -18.711161 10.639818 -13.077294 2.591153 12.926760 4.479348 0.909280 8.537537 -8.449870 3.282122 -28.023370 -23.521428 -9.864133 -16.189177 -6.862336 16.786372 -14.871580 21.660583 45.031808 -30.430190 -7.455973 -10.332855 -72.445490 -17.365188 -5.147559 -24.754512 0.000000 0.000000 0.000000 0.000000 0.000000 0.000000 0.000000 0.000000 0.000000 0.000000 0.000000 0.000000 0.000000 0.000000 0.000000 0.000000 0.000000 0.000000 0.000000 0.000000 0.000000 0.000000 0.000000 0.000000 0.000000 0.000000 0.000000 0.000000 0.000000 0.000000 0.000000 0.000000 0.000000 0.000000 0.000000 0.000000 0.000000 0.000000 0.000000 0.000000 0.000000 0.000000 0.972699 11.471604 32.210536 -32.631606 11.605397 7.653005 -21.063502 -1.920506 8.864926 20.577925 7.009786 12.068153 0.000000 0.000000 0.000000 0.000000 0.000000 0.000000 0.000000 0.000000 0.000000 0.000000 0.000000 0.000000 0.000000 0.000000 0.000000 0.000000 0.000000 0.000000 0.000000 0.000000 0.000000 0.000000 0.000000 0.000000 0.000000 0.000000 0.000000 0.000000 0.000000 0.000000 0.000000 0.000000 0.000000 0.000000 0.000000 0.000000 0.000000 0.000000 0.000000 0.000000 0.000000 0.000000
0.132218 -0.095710 1.044796 20.210716 -25.112130 -13.279140 -67.973055 0.410236 -6.137791 54.150432 25.815775 0.114746 -7.807064 -7.599320 11.771906 -0.248510 0.683765 -0.526944 -85.724970 23.926131 20.547183 65.875154 -19.513779 -7.608001 -23.160738 5.877478 -4.647342 -2.119402 -2.147633 0.707887 78.988325 -18.894990 10.788104 -13.418303 2.742151 13.123508 4.813687 0.951377 8.554534 -8.594428 3.266603 -27.958122 -23.785744 -9.807809 -15.858717 -6.997230 16.795143 -14.523074 21.638876 45.066440 -30.187176 -7.442415 -10.388876 -72.851896 -18.181164 -5.666348 -24.651829 0.000000 0.000000 0.000000 0.000000 0.000000 0.000000 0.000000 0.000000 0.000000 0.000000 0.000000 0.000000 0.000000 0.000000 0.000000 0.000000 0.000000 0.000000 0.000000 0.000000 0.000000 0.000000 0.000000 0.000000 0.000000 0.000000 0.000000 0.000000 0.000000 0.000000 0.000000 0.000000 0.000000 0.000000 0.000000 0.000000 0.000000 0.000000 0.000000 0.000000 0.000000 0.000000 0.941564 11.763734 31.751649 -32.778213 11.759163 7.411841 -21.401711 -1.854697 9.056207 20.351900 8.095540 11.844798 0.000000 0.000000 0.000000 0.000000 0.000000 0.000000 0.000000 0.000000 0.000000 0.000000 0.000000 0.000000 0.000000 0.000000 0.000000 0.000000 0.000000 0.000000 0.000000 0.000000 0.000000 0.000000 0.000000 0.000000 0.000000 0.000000 0.000000 0.000000 0.000000 0.000000 0.000000 0.000000 0.000000 0.000000 0.000000 0.000000 0.000000 0.000000 0.000000 0.000000 0.000000 0.000000
0.135298 -0.094000 1.045609 20.525154 -25.386331 -13.011120 -68.465684 0.468621 -6.281589 54.420267 26.025600 0.172702 -7.370311 -7.380630 11.513837 -0.166736 0.768518 -0.486545 -86.331827 23.860490 20.995892 66.216605 -19.545174 -7.699809 -22.813813 5.804661 -4.774444 -2.081008 -2.102358 0.684923 79.100276 -18.946904 10.891758 -13.593238 2.714350 13.232161 5.039481 0.910834 8.523997 -8.795116 2.929673 -28.008629 -24.134769 -9.921983 -15.837332 -6.995538 16.755840 -14.266825 21.494234 45.332290 -29.958822 -7.527341 -10.242132 -73.136660 -18.880527 -6.101526 -24.615900 0.000000 0.000000 0.000000 0.000000 0.000000 0.000000 0.000000 0.000000 0.000000 0.000000 0.000000 0.000000 0.000000 0.000000 0.000000 0.000000 0.000000 0.000000 0.000000 0.000000 0.000000 0.000000 0.000000 0.000000 0.000000 0.000000 0.000000 0.000000 0.000000 0.000000 0.000000 0.000000 0.000000 0.000000 0.000000 0.000000 0.000000 0.000000 0.000000 0.000000 0.000000 0.000000 0.926759 11.892058 31.372320 -32.956019 11.574607 7.160512 -22.102745 -1.647206 9.580789 19.758440 8.920069 11.739691 0.000000 0.000000 0.000000 0.000000 0.000000 0.000000 0.000000 0.000000 0.000000 0.000000 0.000000 0.000000 0.000000 0.000000 0.000000 0.000000 0.000000 0.000000 0.000000 0.000000 0.000000 0.000000 0.000000 0.000000 0.000000 0.000000 0.000000 0.000000 0.000000 0.000000 0.000000 0.000000 0.000000 0.000000 0.000000 0.000000 0.000000 0.000000 0.000000 0.000000 0.000000 0.000000
0.138092 -0.092659 1.046408 20.649968 -25.560937 -13.029365 -68.512529 0.426808 -6.290474 54.389534 26.058942 0.327218 -7.298829 -7.371655 11.387457 -0.124401 0.859559 -0.428640 -86.454644 23.734193 21.082072 66.246420 -19.524422 -7.897651 -22.819601 5.829969 -4.746415 -2.034259 -2.092343 0.618917 78.900505 -18.862804 10.906510 -13.558063 2.605504 13.269219 5.217621 0.781424 8.498219 -8.702975 2.713274 -28.150012 -24.427454 -10.150344 -15.846617 -7.011824 16.642193 -14.082553 21.355858 45.477897 -29.989701 -7.808082 -9.677416 -73.019850 -20.138525 -6.397074 -24.397840 0.000000 0.000000 0.000000 0.000000 0.000000 0.000000 0.000000 0.000000 0.000000 0.000000 0.000000 0.000000 0.000000 0.000000 0.000000 0.000000 0.000000 0.000000 0.000000 0.000000 0.000000 0.000000 0.000000 0.000000 0.000000 0.000000 0.000000 0.000000 0.000000 0.000000 0.000000 0.000000 0.000000 0.000000 0.000000 0.000000 0.000000 0.000000 0.000000 0.000000 0.000000 0.000000 1.026274 11.850970 30.969442 -32.857665 11.194907 6.943818 -22.883204 -1.663022 10.511782 18.437153 9.406601 11.672473 0.000000 0.000000 0.000000 0.000000 0.000000 0.000000 0.000000 0.000000 0.000000 0.000000 0.000000 0.000000 0.000000 0.000000 0.000000 0.000000 0.000000 0.000000 0.000000 0.000000 0.000000 0.000000 0.000000 0.000000 0.000000 0.000000 0.000000 0.000000 0.000000 0.000000 0.000000 0.000000 0.000000 0.000000 0.000000 0.000000 0.000000 0.000000 0.000000 0.000000 0.000000 0.000000
0.138373 -0.091062 1.046539 20.592930 -25.509643 -13.548619 -68.076482 0.083800 -6.163726 54.063052 25.990795 0.697742 -7.874812 -7.670087 11.238716 -0.037622 0.862910 -0.446301 -85.823917 23.398442 20.731266 65.617080 -19.436955 -8.026069 -23.534483 6.269164 -4.544913 -2.008487 -2.079353 0.579580 78.391069 -18.631070 10.883475 -13.434099 2.386261 13.101559 5.251672 0.579535 8.421939 -8.574260 2.312932 -28.517708 -24.670644 -10.587567 -16.492141 -7.072058 16.405975 -14.108300 20.762562 45.432331 -29.797004 -8.475825 -9.011661 -72.696920 -20.657476 -6.785717 -24.709690 0.000000 0.000000 0.000000 0.000000 0.000000 0.000000 0.000000 0.000000 0.000000 0.000000 0.000000 0.000000 0.000000 0.000000 0.000000 0.000000 0.000000 0.000000 0.000000 0.000000 0.000000 0.000000 0.000000 0.000000 0.000000 0.000000 0.000000 0.000000 0.000000 0.000000 0.000000 0.000000 0.000000 0.000000 0.000000 0.000000 0.000000 0.000000 0.000000 0.000000 0.000000 0.000000 1.080532 11.595040 31.020049 -32.398299 10.210685 6.552875 -23.729925 -1.713084 11.856885 16.694415 8.721863 11.896939 0.000000 0.000000 0.000000 0.000000 0.000000 0.000000 0.000000 0.000000 0.000000 0.000000 0.000000 0.000000 0.000000 0.000000 0.000000 0.000000 0.000000 0.000000 0.000000 0.000000 0.000000 0.000000 0.000000 0.000000 0.000000 0.000000 0.000000 0.000000 0.000000 0.000000 0.000000 0.000000 0.000000 0.000000 0.000000 0.000000 0.000000 0.000000 0.000000 0.000000 0.000000 0.000000
0.137824 -0.088621 1.046648 20.405726 -25.376462 -14.284214 -67.289605 -0.274271 -5.945337 53.564964 25.804628 1.079864 -8.833553 -8.160301 11.147159 0.014306 0.823536 -0.520786 -84.821940 23.100138 20.163281 64.786499 -19.317119 -8.159029 -24.593424 6.664781 -4.158508 -2.026761 -2.051285 0.534866 77.750212 -18.245795 10.796164 -13.245327 2.077525 12.804103 5.164984 0.368322 8.301841 -8.231698 1.934661 -28.917676 -24.724329 -11.003364 -17.212673 -7.297249 16.155772 -14.314878 19.905900 45.029785 -29.770130 -9.458159 -8.368521 -72.504201 -20.811206 -7.310037 -25.133423 0.000000 0.000000 0.000000 0.000000 0.000000 0.000000 0.000000 0.000000 0.000000 0.000000 0.000000 0.000000 0.000000 0.000000 0.000000 0.000000 0.000000 0.000000 0.000000 0.000000 0.000000 0.000000 0.000000 0.000000 0.000000 0.000000 0.000000 0.000000 0.000000 0.000000 0.000000 0.000000 0.000000 0.000000 0.000000 0.000000 0.000000 0.000000 0.000000 0.000000 0.000000 0.000000 1.319813 11.015953 31.023518 -31.743240 8.933459 5.994809 -24.550472 -1.854697 13.492164 14.512988 7.963247 12.187502 0.000000 0.000000 0.000000 0.000000 0.000000 0.000000 0.000000 0.000000 0.000000 0.000000 0.000000 0.000000 0.000000 0.000000 0.000000 0.000000 0.000000 0.000000 0.000000 0.000000 0.000000 0.000000 0.000000 0.000000 0.000000 0.000000 0.000000 0.000000 0.000000 0.000000 0.000000 0.000000 0.000000 0.000000 0.000000 0.000000 0.000000 0.000000 0.000000 0.000000 0.000000 0.000000
0.136452 -0.085696 1.047297 20.266263 -25.152337 -15.303829 -66.306572 -0.756820 -5.690601 52.682147 25.425804 1.627001 -10.035618 -8.878224 11.084801 0.077292 0.841757 -0.557990 -83.532974 22.536976 19.357488 63.512077 -19.117717 -8.358293 -25.797606 7.201304 -3.645519 -1.994443 -2.011789 0.469231 76.864532 -17.757112 10.573385 -12.966285 1.688183 12.422569 4.994855 0.042803 8.091451 -7.863320 1.552297 -28.902831 -24.502262 -11.551562 -17.737817 -7.245455 16.042636 -14.838404 18.967034 44.628373 -29.690397 -10.282576 -7.817721 -72.170785 -20.427408 -7.883195 -25.567155 0.000000 0.000000 0.000000 0.000000 0.000000 0.000000 0.000000 0.000000 0.000000 0.000000 0.000000 0.000000 0.000000 0.000000 0.000000 0.000000 0.000000 0.000000 0.000000 0.000000 0.000000 0.000000 0.000000 0.000000 0.000000 0.000000 0.000000 0.000000 0.000000 0.000000 0.000000 0.000000 0.000000 0.000000 0.000000 0.000000 0.000000 0.000000 0.000000 0.000000 0.000000 0.000000 1.516710 10.272796 31.075743 -30.901483 7.292082 5.508025 -24.976422 -1.798639 15.602752 12.899642 6.883014 12.373056 0.000000 0.000000 0.000000 0.000000 0.000000 0.000000 0.000000 0.000000 0.000000 0.000000 0.000000 0.000000 0.000000 0.000000 0.000000 0.000000 0.000000 0.000000 0.000000 0.000000 0.000000 0.000000 0.000000 0.000000 0.000000 0.000000 0.000000 0.000000 0.000000 0.000000 0.000000 0.000000 0.000000 0.000000 0.000000 0.000000 0.000000 0.000000 0.000000 0.000000 0.000000 0.000000
0.133828 -0.085971 1.047387 19.819501 -24.486975 -16.209524 -65.022450 -1.402578 -5.314998 51.913650 24.708008 2.076095 -11.070960 -9.218303 10.938605 0.126406 0.930700 -0.537981 -81.658474 21.764042 18.136169 62.290429 -18.667928 -8.609401 -26.828271 7.753222 -3.202646 -1.962019 -1.996325 0.296534 75.796850 -17.170540 10.229071 -12.938066 1.184263 11.803460 5.034087 -0.482365 7.716574 -7.112732 1.213120 -28.539198 -24.140919 -11.895342 -17.952430 -7.220444 15.703502 -15.281553 18.172786 44.403795 -29.914773 -10.857399 -7.091907 -71.648292 -20.453889 -8.687765 -25.767163 0.000000 0.000000 0.000000 0.000000 0.000000 0.000000 0.000000 0.000000 0.000000 0.000000 0.000000 0.000000 0.000000 0.000000 0.000000 0.000000 0.000000 0.000000 0.000000 0.000000 0.000000 0.000000 0.000000 0.000000 0.000000 0.000000 0.000000 0.000000 0.000000 0.000000 0.000000 0.000000 0.000000 0.000000 0.000000 0.000000 0.000000 0.000000 0.000000 0.000000 0.000000 0.000000 1.755493 9.451557 30.934648 -29.783510 4.746301 4.904498 -25.798081 -2.243818 18.659644 9.515261 6.420936 12.614079 0.000000 0.000000 0.000000 0.000000 0.000000 0.000000 0.000000 0.000000 0.000000 0.000000 0.000000 0.000000 0.000000 0.000000 0.000000 0.000000 0.000000 0.000000 0.000000 0.000000 0.000000 0.000000 0.000000 0.000000 0.000000 0.000000 0.000000 0.000000 0.000000 0.000000 0.000000 0.000000 0.000000 0.000000 0.000000 0.000000 0.000000 0.000000 0.000000 0.000000 0.000000 0.000000
0.129190 -0.084642 1.048480 19.444493 -23.630339 -17.516239 -63.364330 -2.104611 -4.899149 50.531993 23.584437 2.451085 -12.604021 -9.947629 11.128744 0.126565 1.026736 -0.420894 -79.342078 20.527176 16.473294 60.502893 -17.794891 -8.806569 -28.043566 8.210220 -2.599783 -1.881890 -2.129387 0.098384 74.375950 -16.202947 9.552590 -12.907693 0.656342 10.917377 4.998724 -1.254772 7.250601 -5.923817 1.266950 -27.185760 -23.350450 -12.272416 -16.889847 -7.523074 15.222819 -15.819232 17.399779 44.110322 -30.429403 -11.544578 -5.286697 -70.946511 -22.211523 -8.815812 -25.522216 0.000000 0.000000 0.000000 0.000000 0.000000 0.000000 0.000000 0.000000 0.000000 0.000000 0.000000 0.000000 0.000000 0.000000 0.000000 0.000000 0.000000 0.000000 0.000000 0.000000 0.000000 0.000000 0.000000 0.000000 0.000000 0.000000 0.000000 0.000000 0.000000 0.000000 0.000000 0.000000 0.000000 0.000000 0.000000 0.000000 0.000000 0.000000 0.000000 0.000000 0.000000 0.000000 1.840269 8.103111 30.398703 -27.575462 0.580709 4.330178 -27.167374 -3.325921 24.780823 4.403281 6.124682 12.938529 0.000000 0.000000 0.000000 0.000000 0.000000 0.000000 0.000000 0.000000 0.000000 0.000000 0.000000 0.000000 0.000000 0.000000 0.000000 0.000000 0.000000 0.000000 0.000000 0.000000 0.000000 0.000000 0.000000 0.000000 0.000000 0.000000 0.000000 0.000000 0.000000 0.000000 0.000000 0.000000 0.000000 0.000000 0.000000 0.000000 0.000000 0.000000 0.000000 0.000000 0.000000 0.000000
0.120678 -0.081838 1.051135 19.001885 -22.676235 -19.305543 -61.608121 -3.140380 -4.189469 49.302196 22.722204 3.617218 -13.863843 -10.241331 10.886146 0.224325 0.944770 -0.565270 -76.812305 19.252880 14.923859 58.229331 -17.105964 -9.157771 -28.641682 8.367694 -1.894264 -1.916354 -2.041217 0.103386 72.720173 -15.047678 8.830814 -12.726288 -0.147371 9.751153 4.560234 -1.887439 6.628436 -4.869495 0.321594 -26.946134 -22.756592 -13.272314 -17.859468 -7.104503 14.945068 -17.030579 15.838606 43.617359 -30.396299 -12.716330 -4.180562 -70.027078 -21.682499 -10.094006 -26.097295 0.000000 0.000000 0.000000 0.000000 0.000000 0.000000 0.000000 0.000000 0.000000 0.000000 0.000000 0.000000 0.000000 0.000000 0.000000 0.000000 0.000000 0.000000 0.000000 0.000000 0.000000 0.000000 0.000000 0.000000 0.000000 0.000000 0.000000 0.000000 0.000000 0.000000 0.000000 0.000000 0.000000 0.000000 0.000000 0.000000 0.000000 0.000000 0.000000 0.000000 0.000000 0.000000 2.053806 6.777401 30.739403 -25.661506 -3.479494 3.875580 -27.035870 -3.462540 29.003315 1.742768 5.545733 13.561269 0.000000 0.000000 0.000000 0.000000 0.000000 0.000000 0.000000 0.000000 0.000000 0.000000 0.000000 0.000000 0.000000 0.000000 0.000000 0.000000 0.000000 0.000000 0.000000 0.000000 0.000000 0.000000 0.000000 0.000000 0.000000 0.000000 0.000000 0.000000 0.000000 0.000000 0.000000 0.000000 0.000000 0.000000 0.000000 0.000000 0.000000 0.000000 0.000000 0.000000 0.000000 0.000000
0.114540 -0.081612 1.055133 18.528076 -21.752699 -20.843918 -59.764253 -3.841532 -3.580239 47.688335 21.398647 4.315703 -14.630336 -10.371600 11.097262 0.260964 0.917999 -0.575868 -74.177348 17.845966 13.301959 55.767260 -16.142735 -9.439641 -28.933855 8.440570 -1.460312 -1.981517 -2.036534 0.040461 71.002309 -13.835228 7.924391 -12.535544 -0.870798 8.537167 4.502689 -2.537499 5.929669 -3.637528 0.193024 -25.906673 -22.017751 -13.607359 -17.979993 -6.951379 14.610962 -18.188674 14.998310 43.369486 -31.576686 -13.738712 -3.112958 -69.228800 -22.208825 -11.169790 -25.903300 0.000000 0.000000 0.000000 0.000000 0.000000 0.000000 0.000000 0.000000 0.000000 0.000000 0.000000 0.000000 0.000000 0.000000 0.000000 0.000000 0.000000 0.000000 0.000000 0.000000 0.000000 0.000000 0.000000 0.000000 0.000000 0.000000 0.000000 0.000000 0.000000 0.000000 0.000000 0.000000 0.000000 0.000000 0.000000 0.000000 0.000000 0.000000 0.000000 0.000000 0.000000 0.000000 2.155572 5.214868 30.349247 -22.987258 -8.099070 3.354489 -26.942402 -3.855311 35.461254 -2.584251 5.717253 14.243845 0.000000 0.000000 0.000000 0.000000 0.000000 0.000000 0.000000 0.000000 0.000000 0.000000 0.000000 0.000000 0.000000 0.000000 0.000000 0.000000 0.000000 0.000000 0.000000 0.000000 0.000000 0.000000 0.000000 0.000000 0.000000 0.000000 0.000000 0.000000 0.000000 0.000000 0.000000 0.000000 0.000000 0.000000 0.000000 0.000000 0.000000 0.000000 0.000000 0.000000 0.000000 0.000000
0.104259 -0.087016 1.058536 17.574213 -20.509142 -22.468951 -57.414360 -4.670252 -2.772860 45.819328 20.178541 5.321665 -15.353485 -10.302062 11.067954 0.371732 0.901470 -0.544259 -71.148146 16.251453 11.859388 53.171304 -15.003028 -9.558706 -28.679560 8.225632 -1.448014 -1.990657 -2.080684 -0.005299 69.321482 -12.638067 6.998803 -12.049158 -1.618255 7.323598 4.425711 -3.077646 5.171141 -2.677057 -0.317512 -24.599704 -21.182934 -13.924453 -18.136338 -6.985223 14.173971 -19.408485 14.188971 43.043703 -33.205084 -14.353615 -2.285068 -67.967150 -22.226766 -11.543503 -25.442388 0.000000 0.000000 0.000000 0.000000 0.000000 0.000000 0.000000 0.000000 0.000000 0.000000 0.000000 0.000000 0.000000 0.000000 0.000000 0.000000 0.000000 0.000000 0.000000 0.000000 0.000000 0.000000 0.000000 0.000000 0.000000 0.000000 0.000000 0.000000 0.000000 0.000000 0.000000 0.000000 0.000000 0.000000 0.000000 0.000000 0.000000 0.000000 0.000000 0.000000 0.000000 0.000000 2.119694 3.549042 29.766672 -20.201145 -12.708266 3.250578 -26.543099 -3.810932 41.311016 -6.433543 5.611984 14.714093 0.000000 0.000000 0.000000 0.000000 0.000000 0.000000 0.000000 0.000000 0.000000 0.000000 0.000000 0.000000 0.000000 0.000000 0.000000 0.000000 0.000000 0.000000 0.000000 0.000000 0.000000 0.000000 0.000000 0.000000 0.000000 0.000000 0.000000 0.000000 0.000000 0.000000 0.000000 0.000000 0.000000 0.000000 0.000000 0.000000 0.000000 0.000000 0.000000 0.000000 0.000000 0.000000
0.096339 -0.089214 1.061495 16.887269 -18.694540 -23.899880 -54.459226 -5.984087 -1.895286 43.432011 18.331521 6.263179 -16.976128 -10.268858 10.692158 0.497145 0.770431 -0.545904 -67.232715 13.979929 10.134453 50.064259 -13.953753 -9.601110 -29.303864 8.781197 -1.525337 -2.092280 -2.300703 0.024466 67.098420 -11.277955 5.654705 -11.470282 -2.729084 5.796143 4.574850 -3.711783 3.944932 -1.600180 -0.941594 -21.862732 -19.609874 -13.667410 -17.631474 -6.911740 13.663980 -20.795231 13.371950 43.488672 -35.727914 -15.362023 -1.123700 -65.737438 -22.115781 -12.059448 -24.300680 0.000000 0.000000 0.000000 0.000000 0.000000 0.000000 0.000000 0.000000 0.000000 0.000000 0.000000 0.000000 0.000000 0.000000 0.000000 0.000000 0.000000 0.000000 0.000000 0.000000 0.000000 0.000000 0.000000 0.000000 0.000000 0.000000 0.000000 0.000000 0.000000 0.000000 0.000000 0.000000 0.000000 0.000000 0.000000 0.000000 0.000000 0.000000 0.000000 0.000000 0.000000 0.000000 1.798956 1.290596 28.693090 -16.617266 -18.818919 3.638752 -26.089392 -4.315646 49.464814 -12.945933 6.468391 15.546584 0.000000 0.000000 0.000000 0.000000 0.000000 0.000000 0.000000 0.000000 0.000000 0.000000 0.000000 0.000000 0.000000 0.000000 0.000000 0.000000 0.000000 0.000000 0.000000 0.000000 0.000000 0.000000 0.000000 0.000000 0.000000 0.000000 0.000000 0.000000 0.000000 0.000000 0.000000 0.000000 0.000000 0.000000 0.000000 0.000000 0.000000 0.000000 0.000000 0.000000 0.000000 0.000000
0.092514 -0.097668 1.065432 16.262428 -17.504029 -24.825878 -52.715931 -7.113043 -1.357954 41.796176 17.187399 6.969836 -16.144907 -9.460057 10.464964 0.586502 0.746462 -0.533645 -64.489669 12.079719 9.051227 47.415503 -12.983065 -9.668691 -28.542474 9.192774 -2.025721 -2.125189 -2.448532 -0.028430 65.685512 -10.297053 4.768756 -11.322852 -3.370716 4.527864 4.748334 -4.094416 3.038533 -0.746995 -0.955560 -19.410904 -18.218253 -13.307434 -17.015885 -7.166408 12.874133 -22.151422 12.519159 43.151142 -37.906898 -15.813153 -0.436615 -63.465611 -22.152415 -11.815607 -23.537595 0.000000 0.000000 0.000000 0.000000 0.000000 0.000000 0.000000 0.000000 0.000000 0.000000 0.000000 0.000000 0.000000 0.000000 0.000000 0.000000 0.000000 0.000000 0.000000 0.000000 0.000000 0.000000 0.000000 0.000000 0.000000 0.000000 0.000000 0.000000 0.000000 0.000000 0.000000 0.000000 0.000000 0.000000 0.000000 0.000000 0.000000 0.000000 0.000000 0.000000 0.000000 0.000000 1.391677 -0.323161 27.843983 -13.653789 -22.756072 4.235548 -25.539564 -4.253528 54.991653 -16.899915 6.286142 15.756850 0.000000 0.000000 0.000000 0.000000 0.000000 0.000000 0.000000 0.000000 0.000000 0.000000 0.000000 0.000000 0.000000 0.000000 0.000000 0.000000 0.000000 0.000000 0.000000 0.000000 0.000000 0.000000 0.000000 0.000000 0.000000 0.000000 0.000000 0.000000 0.000000 0.000000 0.000000 0.000000 0.000000 0.000000 0.000000 0.000000 0.000000 0.000000 0.000000 0.000000 0.000000 0.000000
0.086531 -0.098175 1.069961 15.919240 -16.491758 -26.169814 -50.879921 -7.870649 -0.928466 40.070997 16.004654 8.162450 -16.211987 -9.159314 10.235769 0.776536 0.560401 -0.596984 -61.887304 10.183742 8.404380 44.617498 -11.883179 -9.642954 -27.691245 9.359517 -2.451200 -2.107791 -2.537188 0.060036 64.104636 -9.107802 3.765226 -11.201873 -4.054211 3.225265 4.850610 -4.366274 2.027236 -0.498158 -1.076894 -17.116724 -16.951839 -13.282984 -15.925541 -7.045676 12.672293 -23.390737 12.123126 43.461659 -40.069209 -16.614263 0.232596 -61.996946 -22.723362 -12.134472 -23.046733 0.000000 0.000000 0.000000 0.000000 0.000000 0.000000 0.000000 0.000000 0.000000 0.000000 0.000000 0.000000 0.000000 0.000000 0.000000 0.000000 0.000000 0.000000 0.000000 0.000000 0.000000 0.000000 0.000000 0.000000 0.000000 0.000000 0.000000 0.000000 0.000000 0.000000 0.000000 0.000000 0.000000 0.000000 0.000000 0.000000 0.000000 0.000000 0.000000 0.000000 0.000000 0.000000 0.916451 -1.904608 26.649904 -9.798727 -26.930604 5.128611 -23.801110 -3.738330 61.900915 -20.427171 7.078449 16.520952 0.000000 0.000000 0.000000 0.000000 0.000000 0.000000 0.000000 0.000000 0.000000 0.000000 0.000000 0.000000 0.000000 0.000000 0.000000 0.000000 0.000000 0.000000 0.000000 0.000000 0.000000 0.000000 0.000000 0.000000 0.000000 0.000000 0.000000 0.000000 0.000000 0.000000 0.000000 0.000000 0.000000 0.000000 0.000000 0.000000 0.000000 0.000000 0.000000 0.000000 0.000000 0.000000
0.080793 -0.106006 1.073402 15.351509 -15.397155 -27.514409 -49.142681 -9.089583 -0.252915 38.378077 15.115771 9.574974 -15.653899 -8.278334 9.906988 0.977527 0.456014 -0.617262 -59.409834 8.343784 7.652365 41.806353 -11.160521 -9.949118 -26.247130 9.466081 -2.798794 -2.141868 -2.759017 0.172272 63.281626 -8.147989 2.654050 -11.456697 -4.496661 2.085517 5.069129 -4.617941 0.960158 -0.417593 -0.916401 -14.958541 -15.057586 -12.995478 -14.489511 -7.046382 12.290696 -24.762067 11.753111 43.550769 -42.399881 -17.234122 0.938402 -60.183220 -23.889010 -12.433353 -22.430970 0.000000 0.000000 0.000000 0.000000 0.000000 0.000000 0.000000 0.000000 0.000000 0.000000 0.000000 0.000000 0.000000 0.000000 0.000000 0.000000 0.000000 0.000000 0.000000 0.000000 0.000000 0.000000 0.000000 0.000000 0.000000 0.000000 0.000000 0.000000 0.000000 0.000000 0.000000 0.000000 0.000000 0.000000 0.000000 0.000000 0.000000 0.000000 0.000000 0.000000 0.000000 0.000000 0.320714 -3.131695 25.633442 -6.323075 -30.010590 6.356720 -22.310234 -3.219277 66.548218 -23.429229 7.818828 16.950395 0.000000 0.000000 0.000000 0.000000 0.000000 0.000000 0.000000 0.000000 0.000000 0.000000 0.000000 0.000000 0.000000 0.000000 0.000000 0.000000 0.000000 0.000000 0.000000 0.000000 0.000000 0.000000 0.000000 0.000000 0.000000 0.000000 0.000000 0.000000 0.000000 0.000000 0.000000 0.000000 0.000000 0.000000 0.000000 0.000000 0.000000 0.000000 0.000000 0.000000 0.000000 0.000000
0.071229 -0.102481 1.076617 15.272154 -14.184370 -29.064332 -47.219365 -10.226623 0.621447 36.592316 14.153124 11.413284 -16.482647 -8.049222 9.173552 1.341603 0.294424 -0.757757 -56.386583 6.055855 7.205226 38.142809 -9.579390 -9.582993 -25.847302 9.522045 -3.372087 -2.073120 -2.897976 0.302803 61.909667 -6.799963 1.136497 -11.815557 -5.164798 0.524648 5.566537 -4.759153 -0.497282 0.659890 -1.071959 -13.979102 -13.035849 -12.990935 -13.420144 -6.920179 11.573160 -26.646096 11.034637 43.545390 -45.320816 -18.736506 2.465656 -57.575778 -25.617299 -13.080034 -21.646135 0.000000 0.000000 0.000000 0.000000 0.000000 0.000000 0.000000 0.000000 0.000000 0.000000 0.000000 0.000000 0.000000 0.000000 0.000000 0.000000 0.000000 0.000000 0.000000 0.000000 0.000000 0.000000 0.000000 0.000000 0.000000 0.000000 0.000000 0.000000 0.000000 0.000000 0.000000 0.000000 0.000000 0.000000 0.000000 0.000000 0.000000 0.000000 0.000000 0.000000 0.000000 0.000000 -0.494030 -4.309567 24.394243 -1.371941 -33.860290 8.908217 -20.157085 -2.405116 72.182039 -25.606684 10.071588 17.852919 0.000000 0.000000 0.000000 0.000000 0.000000 0.000000 0.000000 0.000000 0.000000 0.000000 0.000000 0.000000 0.000000 0.000000 0.000000 0.000000 0.000000 0.000000 0.000000 0.000000 0.000000 0.000000 0.000000 0.000000 0.000000 0.000000 0.000000 0.000000 0.000000 0.000000 0.000000 0.000000 0.000000 0.000000 0.000000 0.000000 0.000000 0.000000 0.000000 0.000000 0.000000 0.000000
0.071655 -0.108934 1.079948 14.890785 -13.594517 -30.392540 -45.572466 -11.108429 0.873683 34.645259 13.297922 12.213209 -15.678275 -7.397236 9.317800 1.601955 0.266273 -0.731925 -54.461020 4.332359 7.165286 35.739275 -8.864135 -8.985190 -24.203111 9.227406 -4.160859 -1.966860 -2.917929 0.334732 60.935652 -5.944874 -0.011072 -12.360079 -5.160418 -0.675276 6.076533 -4.867904 -1.522543 1.084925 -0.370250 -12.363509 -11.387144 -12.599559 -11.633909 -6.929701 11.418398 -28.046177 10.949734 43.501467 -47.517823 -19.518794 3.044458 -55.437736 -26.573174 -12.608097 -20.701168 0.000000 0.000000 0.000000 0.000000 0.000000 0.000000 0.000000 0.000000 0.000000 0.000000 0.000000 0.000000 0.000000 0.000000 0.000000 0.000000 0.000000 0.000000 0.000000 0.000000 0.000000 0.000000 0.000000 0.000000 0.000000 0.000000 0.000000 0.000000 0.000000 0.000000 0.000000 0.000000 0.000000 0.000000 0.000000 0.000000 0.000000 0.000000 0.000000 0.000000 0.000000 0.000000 -1.221945 -5.024612 23.325337 2.499493 -36.208197 10.747931 -18.588954 -1.135985 76.293289 -26.527090 10.119231 18.043722 0.000000 0.000000 0.000000 0.000000 0.000000 0.000000 0.000000 0.000000 0.000000 0.000000 0.000000 0.000000 0.000000 0.000000 0.000000 0.000000 0.000000 0.000000 0.000000 0.000000 0.000000 0.000000 0.000000 0.000000 0.000000 0.000000 0.000000 0.000000 0.000000 0.000000 0.000000 0.000000 0.000000 0.000000 0.000000 0.000000 0.000000 0.000000 0.000000 0.000000 0.000000 0.000000
0.070635 -0.116642 1.081852 14.471169 -12.834205 -31.705155 -44.153519 -12.337579 1.277630 33.285135 12.721689 12.839795 -14.736564 -6.779932 9.338786 1.789601 0.163695 -0.791014 -53.117168 2.958730 6.773025 34.431592 -8.809711 -8.592849 -22.033592 9.081921 -4.381157 -1.914875 -2.955329 0.420547 59.904404 -4.909523 -1.306262 -12.589472 -5.358597 -1.886750 6.180342 -4.784996 -2.724779 1.448418 0.627664 -10.406625 -10.202237 -11.603462 -10.025773 -6.789725 10.896645 -29.254497 10.480003 43.344840 -49.580174 -20.343622 3.593646 -52.840435 -28.563629 -12.988470 -20.202431 0.000000 0.000000 0.000000 0.000000 0.000000 0.000000 0.000000 0.000000 0.000000 0.000000 0.000000 0.000000 0.000000 0.000000 0.000000 0.000000 0.000000 0.000000 0.000000 0.000000 0.000000 0.000000 0.000000 0.000000 0.000000 0.000000 0.000000 0.000000 0.000000 0.000000 0.000000 0.000000 0.000000 0.000000 0.000000 0.000000 0.000000 0.000000 0.000000 0.000000 0.000000 0.000000 -2.061549 -5.489450 22.135249 6.543596 -38.521175 13.342364 -16.680597 0.359102 79.604287 -27.822804 10.298632 18.163083 0.000000 0.000000 0.000000 0.000000 0.000000 0.000000 0.000000 0.000000 0.000000 0.000000 0.000000 0.000000 0.000000 0.000000 0.000000 0.000000 0.000000 0.000000 0.000000 0.000000 0.000000 0.000000 0.000000 0.000000 0.000000 0.000000 0.000000 0.000000 0.000000 0.000000 0.000000 0.000000 0.000000 0.000000 0.000000 0.000000 0.000000 0.000000 0.000000 0.000000 0.000000 0.000000
0.067111 -0.119882 1.082942 13.938249 -12.087137 -33.050514 -42.319362 -13.182741 1.793927 31.857601 12.274955 13.321270 -14.558284 -6.670660 9.412316 1.955377 0.168311 -0.794287 -51.121300 1.634257 6.660300 32.620202 -8.137694 -8.131741 -21.162181 8.996400 -4.628207 -1.791113 -3.061232 0.371906 58.888050 -3.942846 -2.625987 -12.832198 -5.417927 -3.258071 6.699780 -4.526910 -3.882466 2.309491 1.539808 -8.713890 -8.695588 -10.594894 -8.018810 -6.836649 10.173125 -30.741144 9.049683 42.655644 -50.800711 -21.180584 4.059859 -48.429249 -29.154345 -13.351463 -19.695472 0.000000 0.000000 0.000000 0.000000 0.000000 0.000000 0.000000 0.000000 0.000000 0.000000 0.000000 0.000000 0.000000 0.000000 0.000000 0.000000 0.000000 0.000000 0.000000 0.000000 0.000000 0.000000 0.000000 0.000000 0.000000 0.000000 0.000000 0.000000 0.000000 0.000000 0.000000 0.000000 0.000000 0.000000 0.000000 0.000000 0.000000 0.000000 0.000000 0.000000 0.000000 0.000000 -3.179871 -5.678676 20.978191 10.501314 -40.301222 16.267817 -15.052127 2.086655 82.882016 -28.812441 9.830584 17.985273 0.000000 0.000000 0.000000 0.000000 0.000000 0.000000 0.000000 0.000000 0.000000 0.000000 0.000000 0.000000 0.000000 0.000000 0.000000 0.000000 0.000000 0.000000 0.000000 0.000000 0.000000 0.000000 0.000000 0.000000 0.000000 0.000000 0.000000 0.000000 0.000000 0.000000 0.000000 0.000000 0.000000 0.000000 0.000000 0.000000 0.000000 0.000000 0.000000 0.000000 0.000000 0.000000
0.059824 -0.129424 1.082239 13.067704 -11.030705 -34.899157 -40.436256 -14.342666 2.394414 30.741671 11.711710 13.458375 -14.032749 -6.334730 9.771833 2.112812 0.090714 -0.786744 -49.079586 0.099657 6.150126 30.992203 -7.487814 -7.507877 -20.039362 8.613582 -4.637609 -1.586306 -3.005365 0.447989 57.729838 -2.901014 -4.277224 -12.971485 -5.047971 -4.643819 7.155668 -4.369513 -5.284331 3.806648 2.779817 -7.124033 -6.822634 -9.747271 -5.244795 -6.497791 10.270695 -32.014659 7.988850 42.808558 -52.220480 -22.738964 4.349523 -44.060045 -30.741801 -14.261649 -18.634817 0.000000 0.000000 0.000000 0.000000 0.000000 0.000000 0.000000 0.000000 0.000000 0.000000 0.000000 0.000000 0.000000 0.000000 0.000000 0.000000 0.000000 0.000000 0.000000 0.000000 0.000000 0.000000 0.000000 0.000000 0.000000 0.000000 0.000000 0.000000 0.000000 0.000000 0.000000 0.000000 0.000000 0.000000 0.000000 0.000000 0.000000 0.000000 0.000000 0.000000 0.000000 0.000000 -4.208938 -5.416138 19.646970 14.510025 -41.976256 18.805860 -12.842395 3.767945 86.913844 -29.902515 8.883115 17.622509 0.000000 0.000000 0.000000 0.000000 0.000000 0.000000 0.000000 0.000000 0.000000 0.000000 0.000000 0.000000 0.000000 0.000000 0.000000 0.000000 0.000000 0.000000 0.000000 0.000000 0.000000 0.000000 0.000000 0.000000 0.000000 0.000000 0.000000 0.000000 0.000000 0.000000 0.000000 0.000000 0.000000 0.000000 0.000000 0.000000 0.000000 0.000000 0.000000 0.000000 0.000000 0.000000
0.051901 -0.137094 1.081228 12.281431 -10.104836 -36.334918 -38.742295 -15.199305 2.902782 29.641758 11.395470 13.679585 -13.511763 -5.818623 9.997737 2.119578 0.034231 -0.732163 -47.623303 -0.981602 6.145256 30.298335 -7.111055 -6.923694 -18.725819 8.510069 -4.677571 -1.480275 -3.041568 0.366395 57.120861 -2.207617 -5.456188 -13.178272 -4.623303 -5.793771 7.468865 -4.054696 -6.226462 4.537833 3.967656 -5.514812 -5.996447 -8.854576 -3.151250 -6.534540 9.887963 -33.228159 6.493137 42.361441 -52.815610 -23.603038 4.490516 -39.762959 -30.770252 -14.039008 -18.132271 0.000000 0.000000 0.000000 0.000000 0.000000 0.000000 0.000000 0.000000 0.000000 0.000000 0.000000 0.000000 0.000000 0.000000 0.000000 0.000000 0.000000 0.000000 0.000000 0.000000 0.000000 0.000000 0.000000 0.000000 0.000000 0.000000 0.000000 0.000000 0.000000 0.000000 0.000000 0.000000 0.000000 0.000000 0.000000 0.000000 0.000000 0.000000 0.000000 0.000000 0.000000 0.000000 -5.224834 -5.007485 18.885065 17.024163 -43.268072 20.863087 -12.073880 5.194617 89.890156 -30.757303 7.683594 17.188005 0.000000 0.000000 0.000000 0.000000 0.000000 0.000000 0.000000 0.000000 0.000000 0.000000 0.000000 0.000000 0.000000 0.000000 0.000000 0.000000 0.000000 0.000000 0.000000 0.000000 0.000000 0.000000 0.000000 0.000000 0.000000 0.000000 0.000000 0.000000 0.000000 0.000000 0.000000 0.000000 0.000000 0.000000 0.000000 0.000000 0.000000 0.000000 0.000000 0.000000 0.000000 0.000000
0.044956 -0.141489 1.079777 11.661852 -9.029883 -37.234232 -37.362672 -16.086778 3.261205 29.146877 11.055008 13.831201 -12.732682 -4.806904 9.840023 2.105226 -0.009458 -0.692095 -46.296151 -1.990526 6.145126 30.226058 -6.813826 -6.296812 -17.924934 8.502248 -4.999691 -1.382554 -3.035455 0.276776 56.455350 -1.575158 -6.474822 -13.352835 -4.103265 -6.897223 7.784404 -3.725552 -7.084988 5.015137 5.075761 -3.596685 -5.422521 -8.071236 -0.986009 -6.462774 9.762799 -34.137927 4.995722 41.992316 -52.780324 -24.478415 4.386164 -35.376897 -30.565085 -14.041920 -17.807072 0.000000 0.000000 0.000000 0.000000 0.000000 0.000000 0.000000 0.000000 0.000000 0.000000 0.000000 0.000000 0.000000 0.000000 0.000000 0.000000 0.000000 0.000000 0.000000 0.000000 0.000000 0.000000 0.000000 0.000000 0.000000 0.000000 0.000000 0.000000 0.000000 0.000000 0.000000 0.000000 0.000000 0.000000 0.000000 0.000000 0.000000 0.000000 0.000000 0.000000 0.000000 0.000000 -6.085952 -4.588893 18.215093 19.064619 -44.296510 22.746336 -11.202502 6.660294 92.817685 -31.513626 6.831400 16.872520 0.000000 0.000000 0.000000 0.000000 0.000000 0.000000 0.000000 0.000000 0.000000 0.000000 0.000000 0.000000 0.000000 0.000000 0.000000 0.000000 0.000000 0.000000 0.000000 0.000000 0.000000 0.000000 0.000000 0.000000 0.000000 0.000000 0.000000 0.000000 0.000000 0.000000 0.000000 0.000000 0.000000 0.000000 0.000000 0.000000 0.000000 0.000000 0.000000 0.000000 0.000000 0.000000
0.039512 -0.142833 1.078494 11.120880 -8.272520 -38.317550 -36.210728 -16.818640 3.717957 29.043844 10.862738 13.841302 -11.614534 -3.828656 9.565403 2.001053 -0.016489 -0.602310 -45.308007 -2.683746 6.104741 30.416084 -6.633343 -5.745327 -17.523380 8.413929 -5.019003 -1.367094 -3.040287 0.220439 55.728683 -1.098161 -7.168199 -13.254231 -3.590022 -7.769280 7.938948 -3.413265 -7.734449 5.376680 5.882299 -1.901231 -4.994997 -7.663511 0.793742 -6.312588 10.007697 -34.754721 3.589706 41.582228 -52.248571 -25.074557 4.120668 -32.002599 -29.147552 -14.055926 -17.669953 0.000000 0.000000 0.000000 0.000000 0.000000 0.000000 0.000000 0.000000 0.000000 0.000000 0.000000 0.000000 0.000000 0.000000 0.000000 0.000000 0.000000 0.000000 0.000000 0.000000 0.000000 0.000000 0.000000 0.000000 0.000000 0.000000 0.000000 0.000000 0.000000 0.000000 0.000000 0.000000 0.000000 0.000000 0.000000 0.000000 0.000000 0.000000 0.000000 0.000000 0.000000 0.000000 -6.822732 -4.209849 17.698272 20.465906 -45.409253 24.049089 -10.538982 7.916724 95.729754 -32.032725 5.596109 16.334903 0.000000 0.000000 0.000000 0.000000 0.000000 0.000000 0.000000 0.000000 0.000000 0.000000 0.000000 0.000000 0.000000 0.000000 0.000000 0.000000 0.000000 0.000000 0.000000 0.000000 0.000000 0.000000 0.000000 0.000000 0.000000 0.000000 0.000000 0.000000 0.000000 0.000000 0.000000 0.000000 0.000000 0.000000 0.000000 0.000000 0.000000 0.000000 0.000000 0.000000 0.000000 0.000000
0.036376 -0.144166 1.077570 10.759582 -7.677083 -39.355231 -35.327558 -17.538074 4.082479 29.093723 10.604201 13.653242 -10.426122 -2.976007 9.285045 1.948378 0.111602 -0.470696 -44.361865 -3.358971 5.799838 30.122449 -6.461733 -5.221179 -17.243733 8.421096 -4.941030 -1.341640 -3.081766 0.073563 54.620854 -0.622986 -7.769329 -12.933508 -3.058558 -8.444457 7.898551 -3.122361 -8.242105 5.799983 6.729519 -0.159032 -4.723193 -7.069613 2.477940 -6.003209 10.165087 -35.151728 2.432851 40.922740 -51.610241 -25.257437 3.746899 -28.143057 -27.774960 -13.381454 -17.375777 0.000000 0.000000 0.000000 0.000000 0.000000 0.000000 0.000000 0.000000 0.000000 0.000000 0.000000 0.000000 0.000000 0.000000 0.000000 0.000000 0.000000 0.000000 0.000000 0.000000 0.000000 0.000000 0.000000 0.000000 0.000000 0.000000 0.000000 0.000000 0.000000 0.000000 0.000000 0.000000 0.000000 0.000000 0.000000 0.000000 0.000000 0.000000 0.000000 0.000000 0.000000 0.000000 -7.425527 -3.832940 17.165987 21.594854 -46.295982 25.353200 -10.835211 8.962748 98.145559 -32.335298 4.463835 15.778675 0.000000 0.000000 0.000000 0.000000 0.000000 0.000000 0.000000 0.000000 0.000000 0.000000 0.000000 0.000000 0.000000 0.000000 0.000000 0.000000 0.000000 0.000000 0.000000 0.000000 0.000000 0.000000 0.000000 0.000000 0.000000 0.000000 0.000000 0.000000 0.000000 0.000000 0.000000 0.000000 0.000000 0.000000 0.000000 0.000000 0.000000 0.000000 0.000000 0.000000 0.000000 0.000000
0.035784 -0.146582 1.076843 10.264038 -7.245592 -39.978615 -34.502982 -17.962120 4.355366 29.372123 10.438105 13.636737 -9.480631 -2.182476 8.912585 1.823715 0.112851 -0.427938 -43.545903 -3.704014 5.605514 30.197886 -6.368970 -5.024102 -17.156525 8.469090 -4.798440 -1.318850 -3.108797 0.048486 53.838473 -0.291379 -8.177306 -12.646115 -2.614483 -8.908855 7.840160 -2.815110 -8.537444 5.961836 7.342383 1.477496 -4.606635 -6.638965 3.863098 -5.653987 10.366160 -35.246031 1.471204 40.607768 -50.659572 -25.763474 3.555179 -25.970250 -27.164976 -13.102286 -17.409517 0.000000 0.000000 0.000000 0.000000 0.000000 0.000000 0.000000 0.000000 0.000000 0.000000 0.000000 0.000000 0.000000 0.000000 0.000000 0.000000 0.000000 0.000000 0.000000 0.000000 0.000000 0.000000 0.000000 0.000000 0.000000 0.000000 0.000000 0.000000 0.000000 0.000000 0.000000 0.000000 0.000000 0.000000 0.000000 0.000000 0.000000 0.000000 0.000000 0.000000 0.000000 0.000000 -7.832194 -3.501393 16.928443 22.449967 -46.821160 26.512598 -10.757875 9.560203 99.871977 -32.783429 3.764588 15.607222 0.000000 0.000000 0.000000 0.000000 0.000000 0.000000 0.000000 0.000000 0.000000 0.000000 0.000000 0.000000 0.000000 0.000000 0.000000 0.000000 0.000000 0.000000 0.000000 0.000000 0.000000 0.000000 0.000000 0.000000 0.000000 0.000000 0.000000 0.000000 0.000000 0.000000 0.000000 0.000000 0.000000 0.000000 0.000000 0.000000 0.000000 0.000000 0.000000 0.000000 0.000000 0.000000
0.031929 -0.149467 1.076352 9.796701 -6.780641 -40.391830 -33.921780 -18.210436 4.599256 29.769242 10.291855 13.603658 -8.636933 -1.481398 8.629951 1.726313 0.112680 -0.397492 -42.717842 -3.908980 5.389106 29.927525 -6.132145 -4.904178 -16.826172 8.441430 -4.758639 -1.344675 -3.092869 0.010178 53.213404 -0.077536 -8.376120 -12.518830 -2.267803 -9.230609 7.912875 -2.577336 -8.659411 6.102163 7.797597 2.892979 -4.696481 -6.212525 5.079001 -5.291055 10.543958 -35.292831 0.510387 40.246857 -49.425752 -25.996502 3.681878 -24.322566 -26.807021 -13.023490 -17.479652 0.000000 0.000000 0.000000 0.000000 0.000000 0.000000 0.000000 0.000000 0.000000 0.000000 0.000000 0.000000 0.000000 0.000000 0.000000 0.000000 0.000000 0.000000 0.000000 0.000000 0.000000 0.000000 0.000000 0.000000 0.000000 0.000000 0.000000 0.000000 0.000000 0.000000 0.000000 0.000000 0.000000 0.000000 0.000000 0.000000 0.000000 0.000000 0.000000 0.000000 0.000000 0.000000 -8.038118 -3.173954 16.863610 22.845355 -47.058612 27.583380 -10.705633 9.926177 100.737058 -33.273349 3.818389 15.713752 0.000000 0.000000 0.000000 0.000000 0.000000 0.000000 0.000000 0.000000 0.000000 0.000000 0.000000 0.000000 0.000000 0.000000 0.000000 0.000000 0.000000 0.000000 0.000000 0.000000 0.000000 0.000000 0.000000 0.000000 0.000000 0.000000 0.000000 0.000000 0.000000 0.000000 0.000000 0.000000 0.000000 0.000000 0.000000 0.000000 0.000000 0.000000 0.000000 0.000000 0.000000 0.000000
0.029805 -0.149923 1.076307 9.474248 -6.488809 -40.834397 -33.413116 -18.251358 4.675525 30.167838 10.030085 13.484654 -7.951180 -1.129322 8.487248 1.588778 0.110119 -0.346162 -41.892522 -4.081580 5.119535 29.400927 -5.821869 -4.954389 -16.719010 8.402862 -4.581139 -1.343397 -3.103999 -0.016307 52.537049 0.182044 -8.487228 -12.305085 -2.079186 -9.321836 7.817464 -2.322647 -8.697882 6.069894 8.099453 3.995486 -4.654770 -5.809317 6.213739 -4.910485 10.851819 -34.873575 -0.003297 40.144297 -48.076979 -26.122722 3.626412 -23.881021 -26.399316 -13.109473 -17.504162 0.000000 0.000000 0.000000 0.000000 0.000000 0.000000 0.000000 0.000000 0.000000 0.000000 0.000000 0.000000 0.000000 0.000000 0.000000 0.000000 0.000000 0.000000 0.000000 0.000000 0.000000 0.000000 0.000000 0.000000 0.000000 0.000000 0.000000 0.000000 0.000000 0.000000 0.000000 0.000000 0.000000 0.000000 0.000000 0.000000 0.000000 0.000000 0.000000 0.000000 0.000000 0.000000 -8.200310 -2.939253 16.831457 23.380221 -47.089634 28.662695 -10.486850 10.217300 101.699913 -33.161977 3.713409 15.659791 0.000000 0.000000 0.000000 0.000000 0.000000 0.000000 0.000000 0.000000 0.000000 0.000000 0.000000 0.000000 0.000000 0.000000 0.000000 0.000000 0.000000 0.000000 0.000000 0.000000 0.000000 0.000000 0.000000 0.000000 0.000000 0.000000 0.000000 0.000000 0.000000 0.000000 0.000000 0.000000 0.000000 0.000000 0.000000 0.000000 0.000000 0.000000 0.000000 0.000000 0.000000 0.000000
0.024602 -0.147804 1.076456 9.219143 -6.021698 -40.732173 -32.604738 -17.929283 4.906319 30.146603 9.489652 13.337302 -7.969365 -0.894027 8.135871 1.562302 0.084518 -0.350539 -40.596218 -3.997960 4.823133 28.249501 -5.396655 -4.964185 -16.976751 8.262977 -4.572334 -1.413004 -3.083647 0.021750 51.909973 0.340189 -8.261446 -12.040844 -1.930877 -9.251725 7.813078 -2.172770 -8.498284 6.049436 8.357894 4.682953 -4.668489 -5.395555 7.028046 -4.495170 11.357504 -34.464545 -0.210020 39.957455 -46.412423 -25.557496 3.786940 -23.462006 -25.248147 -13.358304 -17.441486 0.000000 0.000000 0.000000 0.000000 0.000000 0.000000 0.000000 0.000000 0.000000 0.000000 0.000000 0.000000 0.000000 0.000000 0.000000 0.000000 0.000000 0.000000 0.000000 0.000000 0.000000 0.000000 0.000000 0.000000 0.000000 0.000000 0.000000 0.000000 0.000000 0.000000 0.000000 0.000000 0.000000 0.000000 0.000000 0.000000 0.000000 0.000000 0.000000 0.000000 0.000000 0.000000 -8.126178 -2.960397 16.880734 23.764137 -47.089747 29.252201 -10.630876 10.089062 102.267525 -33.218059 3.895288 15.882938 0.000000 0.000000 0.000000 0.000000 0.000000 0.000000 0.000000 0.000000 0.000000 0.000000 0.000000 0.000000 0.000000 0.000000 0.000000 0.000000 0.000000 0.000000 0.000000 0.000000 0.000000 0.000000 0.000000 0.000000 0.000000 0.000000 0.000000 0.000000 0.000000 0.000000 0.000000 0.000000 0.000000 0.000000 0.000000 0.000000 0.000000 0.000000 0.000000 0.000000 0.000000 0.000000
0.019606 -0.147236 1.076982 8.918882 -5.819671 -40.839862 -31.827032 -17.345367 5.010355 30.020075 9.065153 13.153997 -7.808244 -0.780672 8.132656 1.516681 0.092622 -0.343967 -39.553495 -3.728602 4.594441 27.022800 -5.030233 -5.042240 -16.937976 7.954605 -4.368217 -1.406717 -3.031052 0.033709 51.430028 0.442462 -7.888713 -11.796736 -1.811421 -9.092014 7.779455 -2.014161 -8.160347 5.621733 8.494815 5.112979 -4.839496 -5.094506 7.631998 -4.429940 11.631029 -33.795443 -0.476739 40.046441 -44.569353 -25.347974 3.805039 -24.114340 -25.045371 -13.823408 -17.360557 0.000000 0.000000 0.000000 0.000000 0.000000 0.000000 0.000000 0.000000 0.000000 0.000000 0.000000 0.000000 0.000000 0.000000 0.000000 0.000000 0.000000 0.000000 0.000000 0.000000 0.000000 0.000000 0.000000 0.000000 0.000000 0.000000 0.000000 0.000000 0.000000 0.000000 0.000000 0.000000 0.000000 0.000000 0.000000 0.000000 0.000000 0.000000 0.000000 0.000000 0.000000 0.000000 -8.090834 -3.019104 17.013948 24.272422 -47.092205 30.202605 -10.561631 10.154554 102.841037 -32.555364 4.379471 15.730936 0.000000 0.000000 0.000000 0.000000 0.000000 0.000000 0.000000 0.000000 0.000000 0.000000 0.000000 0.000000 0.000000 0.000000 0.000000 0.000000 0.000000 0.000000 0.000000 0.000000 0.000000 0.000000 0.000000 0.000000 0.000000 0.000000 0.000000 0.000000 0.000000 0.000000 0.000000 0.000000 0.000000 0.000000 0.000000 0.000000 0.000000 0.000000 0.000000 0.000000 0.000000 0.000000
0.016299 -0.148765 1.077936 8.744437 -5.701865 -40.756431 -30.895681 -16.732090 5.223081 29.435979 8.590359 13.259032 -7.350318 -0.418989 7.901136 1.459820 0.078015 -0.429794 -38.536126 -3.571454 4.396562 25.340028 -4.694993 -5.161795 -16.630471 7.682819 -4.308276 -1.434609 -2.967807 0.058190 50.748378 0.409296 -7.448898 -11.507106 -1.698416 -8.808384 7.659250 -1.829402 -7.650814 5.183561 8.580674 5.508205 -5.067143 -4.924665 8.278256 -4.150638 12.050024 -32.797873 -0.563176 40.226730 -42.211703 -25.364503 4.130174 -25.263860 -25.185751 -13.994549 -17.428205 0.000000 0.000000 0.000000 0.000000 0.000000 0.000000 0.000000 0.000000 0.000000 0.000000 0.000000 0.000000 0.000000 0.000000 0.000000 0.000000 0.000000 0.000000 0.000000 0.000000 0.000000 0.000000 0.000000 0.000000 0.000000 0.000000 0.000000 0.000000 0.000000 0.000000 0.000000 0.000000 0.000000 0.000000 0.000000 0.000000 0.000000 0.000000 0.000000 0.000000 0.000000 0.000000 -7.765090 -3.132906 17.241527 24.844551 -47.200622 31.191811 -10.469812 10.140874 103.612662 -32.001894 4.661323 15.754196 0.000000 0.000000 0.000000 0.000000 0.000000 0.000000 0.000000 0.000000 0.000000 0.000000 0.000000 0.000000 0.000000 0.000000 0.000000 0.000000 0.000000 0.000000 0.000000 0.000000 0.000000 0.000000 0.000000 0.000000 0.000000 0.000000 0.000000 0.000000 0.000000 0.000000 0.000000 0.000000 0.000000 0.000000 0.000000 0.000000 0.000000 0.000000 0.000000 0.000000 0.000000 0.000000
0.014619 -0.148529 1.079497 8.653525 -5.838110 -40.829057 -29.929242 -15.884862 5.470718 28.974520 8.267457 13.284771 -7.001263 -0.263935 7.898298 1.408942 0.101968 -0.498389 -37.409113 -3.204765 4.166479 23.073052 -4.439842 -4.979693 -16.303803 7.269652 -4.315809 -1.462397 -2.820145 0.082773 50.133662 0.305695 -6.913222 -11.267226 -1.547707 -8.324034 7.514637 -1.755086 -7.004772 4.453023 8.781261 5.937786 -5.373377 -4.608137 8.937267 -3.953934 12.384901 -31.650620 -0.488562 40.455546 -39.734389 -24.910413 4.247695 -26.853764 -25.233807 -13.842933 -17.056246 0.000000 0.000000 0.000000 0.000000 0.000000 0.000000 0.000000 0.000000 0.000000 0.000000 0.000000 0.000000 0.000000 0.000000 0.000000 0.000000 0.000000 0.000000 0.000000 0.000000 0.000000 0.000000 0.000000 0.000000 0.000000 0.000000 0.000000 0.000000 0.000000 0.000000 0.000000 0.000000 0.000000 0.000000 0.000000 0.000000 0.000000 0.000000 0.000000 0.000000 0.000000 0.000000 -7.254383 -3.417899 17.487955 25.219129 -47.342936 31.987470 -10.210647 9.707317 104.121052 -31.889339 4.619710 15.581062 0.000000 0.000000 0.000000 0.000000 0.000000 0.000000 0.000000 0.000000 0.000000 0.000000 0.000000 0.000000 0.000000 0.000000 0.000000 0.000000 0.000000 0.000000 0.000000 0.000000 0.000000 0.000000 0.000000 0.000000 0.000000 0.000000 0.000000 0.000000 0.000000 0.000000 0.000000 0.000000 0.000000 0.000000 0.000000 0.000000 0.000000 0.000000 0.000000 0.000000 0.000000 0.000000
0.012763 -0.147332 1.081353 8.375127 -5.896454 -40.916342 -28.165244 -14.340330 5.809149 27.338690 7.693487 13.065368 -7.213623 -0.482408 8.394113 1.338505 0.137286 -0.569856 -35.889593 -2.818958 3.843455 20.735135 -3.930492 -4.744516 -16.220001 6.623401 -4.334662 -1.514066 -2.663531 0.070135 49.588253 0.189436 -6.196267 -10.637154 -1.321437 -7.680225 7.057710 -1.728740 -6.144622 3.648827 8.675845 6.060592 -5.462929 -4.634104 9.752065 -3.618896 13.098990 -30.213177 -0.544327 40.155014 -36.557551 -24.488729 4.209797 -28.946381 -25.019254 -14.504650 -16.524952 0.000000 0.000000 0.000000 0.000000 0.000000 0.000000 0.000000 0.000000 0.000000 0.000000 0.000000 0.000000 0.000000 0.000000 0.000000 0.000000 0.000000 0.000000 0.000000 0.000000 0.000000 0.000000 0.000000 0.000000 0.000000 0.000000 0.000000 0.000000 0.000000 0.000000 0.000000 0.000000 0.000000 0.000000 0.000000 0.000000 0.000000 0.000000 0.000000 0.000000 0.000000 0.000000 -6.542666 -3.747552 17.980035 25.888430 -47.495896 33.129284 -9.593249 9.216493 103.874626 -31.819070 4.483320 15.300983 0.000000 0.000000 0.000000 0.000000 0.000000 0.000000 0.000000 0.000000 0.000000 0.000000 0.000000 0.000000 0.000000 0.000000 0.000000 0.000000 0.000000 0.000000 0.000000 0.000000 0.000000 0.000000 0.000000 0.000000 0.000000 0.000000 0.000000 0.000000 0.000000 0.000000 0.000000 0.000000 0.000000 0.000000 0.000000 0.000000 0.000000 0.000000 0.000000 0.000000 0.000000 0.000000
0.009931 -0.149849 1.083201 8.226906 -5.857430 -40.557920 -26.939543 -13.147632 6.230856 25.677163 7.461542 12.747445 -6.962028 -0.472692 8.740246 1.309451 0.162934 -0.565269 -34.776980 -2.505991 3.435067 18.580400 -3.628521 -4.532405 -15.340105 6.113004 -4.659024 -1.558561 -2.619888 0.046650 48.869245 0.064697 -5.631891 -10.069781 -1.172852 -7.071841 6.630896 -1.676104 -5.444312 3.348314 8.411972 6.275756 -5.010546 -4.302166 10.122484 -3.255797 13.350975 -28.883974 -0.317001 39.911603 -34.242500 -24.134065 4.305021 -30.477328 -25.264016 -14.853838 -16.037095 0.000000 0.000000 0.000000 0.000000 0.000000 0.000000 0.000000 0.000000 0.000000 0.000000 0.000000 0.000000 0.000000 0.000000 0.000000 0.000000 0.000000 0.000000 0.000000 0.000000 0.000000 0.000000 0.000000 0.000000 0.000000 0.000000 0.000000 0.000000 0.000000 0.000000 0.000000 0.000000 0.000000 0.000000 0.000000 0.000000 0.000000 0.000000 0.000000 0.000000 0.000000 0.000000 -6.091675 -4.014331 18.209700 26.917861 -47.935320 34.374958 -9.302330 8.538970 103.105792 -31.975082 4.914068 15.048814 0.000000 0.000000 0.000000 0.000000 0.000000 0.000000 0.000000 0.000000 0.000000 0.000000 0.000000 0.000000 0.000000 0.000000 0.000000 0.000000 0.000000 0.000000 0.000000 0.000000 0.000000 0.000000 0.000000 0.000000 0.000000 0.000000 0.000000 0.000000 0.000000 0.000000 0.000000 0.000000 0.000000 0.000000 0.000000 0.000000 0.000000 0.000000 0.000000 0.000000 0.000000 0.000000
0.004413 -0.157429 1.084684 7.852632 -5.587186 -40.134929 -25.888415 -12.215571 6.265828 24.007556 7.083502 12.434107 -6.694743 -0.420346 8.892314 1.289518 0.172064 -0.555901 -33.699443 -2.278248 3.102998 16.694758 -3.460617 -4.645460 -13.997963 5.670335 -5.009404 -1.538130 -2.593382 0.076536 48.224226 -0.074828 -5.060332 -9.703844 -1.140080 -6.369835 6.314097 -1.783448 -4.804297 3.238903 8.092363 6.156118 -4.923093 -4.134469 10.126249 -2.970098 13.543725 -27.337999 0.612154 40.185329 -32.746187 -23.327031 4.588636 -32.847792 -27.319052 -14.860642 -15.809606 0.000000 0.000000 0.000000 0.000000 0.000000 0.000000 0.000000 0.000000 0.000000 0.000000 0.000000 0.000000 0.000000 0.000000 0.000000 0.000000 0.000000 0.000000 0.000000 0.000000 0.000000 0.000000 0.000000 0.000000 0.000000 0.000000 0.000000 0.000000 0.000000 0.000000 0.000000 0.000000 0.000000 0.000000 0.000000 0.000000 0.000000 0.000000 0.000000 0.000000 0.000000 0.000000 -5.519136 -4.382980 18.135161 27.191712 -47.914950 34.925362 -8.844373 7.654689 102.341440 -32.810089 5.276955 15.059026 0.000000 0.000000 0.000000 0.000000 0.000000 0.000000 0.000000 0.000000 0.000000 0.000000 0.000000 0.000000 0.000000 0.000000 0.000000 0.000000 0.000000 0.000000 0.000000 0.000000 0.000000 0.000000 0.000000 0.000000 0.000000 0.000000 0.000000 0.000000 0.000000 0.000000 0.000000 0.000000 0.000000 0.000000 0.000000 0.000000 0.000000 0.000000 0.000000 0.000000 0.000000 0.000000
-0.000103 -0.158949 1.085906 7.659035 -5.216233 -39.509657 -24.827621 -11.133128 6.431543 22.489194 6.487666 12.406457 -6.965753 -0.617548 9.074821 1.291392 0.153859 -0.521550 -32.340869 -2.182298 2.773701 14.838204 -3.046782 -4.528684 -13.405622 5.349434 -5.482151 -1.487555 -2.602514 0.074243 47.618773 -0.124125 -4.568266 -9.435907 -1.183223 -5.862577 6.146383 -1.907027 -4.344809 3.187514 7.914065 5.862533 -4.924816 -4.203576 10.163221 -2.771176 13.672594 -26.136549 1.471143 40.669652 -31.643720 -22.183050 4.831377 -35.005289 -28.247153 -15.114423 -15.646622 0.000000 0.000000 0.000000 0.000000 0.000000 0.000000 0.000000 0.000000 0.000000 0.000000 0.000000 0.000000 0.000000 0.000000 0.000000 0.000000 0.000000 0.000000 0.000000 0.000000 0.000000 0.000000 0.000000 0.000000 0.000000 0.000000 0.000000 0.000000 0.000000 0.000000 0.000000 0.000000 0.000000 0.000000 0.000000 0.000000 0.000000 0.000000 0.000000 0.000000 0.000000 0.000000 -5.117648 -4.572018 17.822207 27.287672 -48.159573 34.694273 -8.713713 7.051336 102.170139 -33.162993 5.254519 14.903650 0.000000 0.000000 0.000000 0.000000 0.000000 0.000000 0.000000 0.000000 0.000000 0.000000 0.000000 0.000000 0.000000 0.000000 0.000000 0.000000 0.000000 0.000000 0.000000 0.000000 0.000000 0.000000 0.000000 0.000000 0.000000 0.000000 0.000000 0.000000 0.000000 0.000000 0.000000 0.000000 0.000000 0.000000 0.000000 0.000000 0.000000 0.000000 0.000000 0.000000 0.000000 0.000000
-0.006995 -0.158951 1.086519 7.559138 -4.683117 -38.446335 -23.872674 -10.564289 6.460473 21.391297 6.154477 11.995842 -7.256258 -0.631118 8.935070 1.224605 0.186696 -0.470551 -31.094177 -1.951266 2.391776 13.296065 -2.719525 -4.323067 -12.880077 5.177408 -6.037812 -1.504830 -2.553290 0.085533 46.710622 -0.269736 -4.268071 -9.411568 -0.960121 -5.496940 6.396810 -2.156776 -4.120116 3.215788 7.572581 5.750691 -4.996305 -4.446705 10.409593 -2.416242 14.034133 -24.674936 2.586443 41.683936 -31.046433 -20.875926 4.518807 -38.418725 -28.652098 -15.694638 -15.983349 0.000000 0.000000 0.000000 0.000000 0.000000 0.000000 0.000000 0.000000 0.000000 0.000000 0.000000 0.000000 0.000000 0.000000 0.000000 0.000000 0.000000 0.000000 0.000000 0.000000 0.000000 0.000000 0.000000 0.000000 0.000000 0.000000 0.000000 0.000000 0.000000 0.000000 0.000000 0.000000 0.000000 0.000000 0.000000 0.000000 0.000000 0.000000 0.000000 0.000000 0.000000 0.000000 -4.747612 -4.481818 17.324544 26.367683 -48.063756 33.608599 -8.216832 6.284170 102.731355 -33.718051 5.044421 15.423242 0.000000 0.000000 0.000000 0.000000 0.000000 0.000000 0.000000 0.000000 0.000000 0.000000 0.000000 0.000000 0.000000 0.000000 0.000000 0.000000 0.000000 0.000000 0.000000 0.000000 0.000000 0.000000 0.000000 0.000000 0.000000 0.000000 0.000000 0.000000 0.000000 0.000000 0.000000 0.000000 0.000000 0.000000 0.000000 0.000000 0.000000 0.000000 0.000000 0.000000 0.000000 0.000000
-0.015026 -0.155669 1.086677 7.595234 -4.121733 -37.529065 -22.959097 -9.951244 6.528392 19.975357 5.686339 11.742323 -7.703161 -1.049326 8.882845 1.231499 0.203779 -0.449749 -30.070254 -1.850158 2.307052 12.161606 -2.299637 -4.131298 -12.562993 4.969399 -6.642538 -1.435189 -2.584289 0.068198 45.959706 -0.360140 -4.255744 -9.507821 -0.910229 -5.434166 6.761886 -2.281606 -4.112744 3.336054 7.790123 5.327444 -4.846766 -4.516950 10.568075 -2.302847 13.999160 -24.417646 3.859325 42.283968 -31.737362 -19.844517 4.655306 -41.240552 -29.501415 -15.698313 -16.302893 0.000000 0.000000 0.000000 0.000000 0.000000 0.000000 0.000000 0.000000 0.000000 0.000000 0.000000 0.000000 0.000000 0.000000 0.000000 0.000000 0.000000 0.000000 0.000000 0.000000 0.000000 0.000000 0.000000 0.000000 0.000000 0.000000 0.000000 0.000000 0.000000 0.000000 0.000000 0.000000 0.000000 0.000000 0.000000 0.000000 0.000000 0.000000 0.000000 0.000000 0.000000 0.000000 -4.553491 -4.406359 16.657541 25.581021 -47.914544 31.668549 -8.818480 6.012077 104.480817 -33.301550 4.713513 15.539784 0.000000 0.000000 0.000000 0.000000 0.000000 0.000000 0.000000 0.000000 0.000000 0.000000 0.000000 0.000000 0.000000 0.000000 0.000000 0.000000 0.000000 0.000000 0.000000 0.000000 0.000000 0.000000 0.000000 0.000000 0.000000 0.000000 0.000000 0.000000 0.000000 0.000000 0.000000 0.000000 0.000000 0.000000 0.000000 0.000000 0.000000 0.000000 0.000000 0.000000 0.000000 0.000000
-0.024655 -0.151180 1.086109 7.683508 -3.525409 -36.672097 -22.209102 -9.623201 6.490246 18.947693 5.492515 11.619604 -8.446025 -1.572193 8.342504 1.257884 0.085658 -0.471266 -28.972360 -1.713408 2.310860 10.827796 -1.877763 -3.592963 -12.303760 4.724909 -7.342679 -1.292968 -2.600023 0.046800 45.372878 -0.046467 -4.409903 -9.569233 -0.810859 -5.666681 7.115885 -2.304934 -4.299054 3.644366 8.355170 5.089990 -4.679195 -4.839781 11.206413 -2.387297 13.686697 -24.753501 5.298876 43.207934 -33.465491 -18.758983 5.005634 -43.513929 -30.570333 -16.032697 -16.448439 0.000000 0.000000 0.000000 0.000000 0.000000 0.000000 0.000000 0.000000 0.000000 0.000000 0.000000 0.000000 0.000000 0.000000 0.000000 0.000000 0.000000 0.000000 0.000000 0.000000 0.000000 0.000000 0.000000 0.000000 0.000000 0.000000 0.000000 0.000000 0.000000 0.000000 0.000000 0.000000 0.000000 0.000000 0.000000 0.000000 0.000000 0.000000 0.000000 0.000000 0.000000 0.000000 -4.621549 -3.994106 15.806482 24.970126 -48.259342 29.759169 -9.733592 5.448083 106.433057 -32.638231 4.169123 15.498775 0.000000 0.000000 0.000000 0.000000 0.000000 0.000000 0.000000 0.000000 0.000000 0.000000 0.000000 0.000000 0.000000 0.000000 0.000000 0.000000 0.000000 0.000000 0.000000 0.000000 0.000000 0.000000 0.000000 0.000000 0.000000 0.000000 0.000000 0.000000 0.000000 0.000000 0.000000 0.000000 0.000000 0.000000 0.000000 0.000000 0.000000 0.000000 0.000000 0.000000 0.000000 0.000000
-0.030395 -0.145653 1.084686 7.634102 -3.004401 -35.680443 -21.638854 -9.449893 6.425536 18.686847 5.562227 11.706638 -9.357452 -2.070274 7.759036 1.315132 -0.023694 -0.540979 -28.114318 -1.478102 2.360544 10.584401 -1.623356 -3.510336 -13.221195 4.704556 -7.909419 -1.119817 -2.567758 0.031285 45.115838 0.278581 -4.732411 -9.615073 -0.842074 -6.190348 7.600255 -2.246437 -4.700733 3.506379 8.591498 4.859859 -4.726130 -5.107944 11.651734 -2.641766 13.061160 -25.600320 6.841448 44.183687 -36.608605 -17.868180 5.129141 -44.871712 -31.169210 -16.319982 -16.383922 0.000000 0.000000 0.000000 0.000000 0.000000 0.000000 0.000000 0.000000 0.000000 0.000000 0.000000 0.000000 0.000000 0.000000 0.000000 0.000000 0.000000 0.000000 0.000000 0.000000 0.000000 0.000000 0.000000 0.000000 0.000000 0.000000 0.000000 0.000000 0.000000 0.000000 0.000000 0.000000 0.000000 0.000000 0.000000 0.000000 0.000000 0.000000 0.000000 0.000000 0.000000 0.000000 -4.785964 -3.454929 14.756075 24.274486 -48.741699 27.749788 -11.725793 5.829768 108.389203 -30.484325 4.304211 15.410343 0.000000 0.000000 0.000000 0.000000 0.000000 0.000000 0.000000 0.000000 0.000000 0.000000 0.000000 0.000000 0.000000 0.000000 0.000000 0.000000 0.000000 0.000000 0.000000 0.000000 0.000000 0.000000 0.000000 0.000000 0.000000 0.000000 0.000000 0.000000 0.000000 0.000000 0.000000 0.000000 0.000000 0.000000 0.000000 0.000000 0.000000 0.000000 0.000000 0.000000 0.000000 0.000000
-0.038950 -0.142260 1.082694 7.565795 -2.327970 -35.135239 -21.286554 -9.648076 6.192650 18.936614 5.790376 11.852267 -10.331215 -2.702311 6.955142 1.400019 0.025838 -0.566455 -27.199541 -1.346723 2.176120 10.000301 -1.566741 -3.308566 -13.867868 4.157394 -8.140088 -1.001528 -2.533204 -0.110403 44.809216 0.961040 -5.171566 -9.881402 -0.786446 -6.854188 8.288481 -2.124876 -5.245053 3.240336 9.130217 4.478552 -4.594448 -5.624483 12.478772 -3.471480 12.573849 -26.988596 9.033317 45.569035 -41.396234 -17.541601 5.855176 -44.974335 -32.170892 -17.072813 -16.598589 0.000000 0.000000 0.000000 0.000000 0.000000 0.000000 0.000000 0.000000 0.000000 0.000000 0.000000 0.000000 0.000000 0.000000 0.000000 0.000000 0.000000 0.000000 0.000000 0.000000 0.000000 0.000000 0.000000 0.000000 0.000000 0.000000 0.000000 0.000000 0.000000 0.000000 0.000000 0.000000 0.000000 0.000000 0.000000 0.000000 0.000000 0.000000 0.000000 0.000000 0.000000 0.000000 -5.262097 -2.877657 13.357127 23.596769 -49.062628 25.236068 -14.435177 6.613647 111.490077 -27.176456 4.212887 15.261954 0.000000 0.000000 0.000000 0.000000 0.000000 0.000000 0.000000 0.000000 0.000000 0.000000 0.000000 0.000000 0.000000 0.000000 0.000000 0.000000 0.000000 0.000000 0.000000 0.000000 0.000000 0.000000 0.000000 0.000000 0.000000 0.000000 0.000000 0.000000 0.000000 0.000000 0.000000 0.000000 0.000000 0.000000 0.000000 0.000000 0.000000 0.000000 0.000000 0.000000 0.000000 0.000000
-0.048440 -0.144584 1.080179 7.326676 -1.870437 -34.841746 -21.564466 -9.907497 5.958560 19.885348 6.393596 11.566294 -10.969006 -3.224440 6.546895 1.489143 0.043340 -0.586795 -26.989654 -1.040279 2.199185 10.019286 -1.581988 -2.911421 -13.898106 3.576094 -8.368581 -0.881962 -2.409494 -0.185290 45.120174 1.648840 -5.690673 -10.111796 -0.513961 -7.538089 8.714722 -2.059339 -5.825985 3.131563 9.612452 5.161155 -4.532077 -5.755601 13.468805 -4.173780 11.968461 -28.476684 10.492330 46.421953 -45.750221 -17.948406 6.201497 -43.368916 -33.160574 -17.445745 -16.618133 0.000000 0.000000 0.000000 0.000000 0.000000 0.000000 0.000000 0.000000 0.000000 0.000000 0.000000 0.000000 0.000000 0.000000 0.000000 0.000000 0.000000 0.000000 0.000000 0.000000 0.000000 0.000000 0.000000 0.000000 0.000000 0.000000 0.000000 0.000000 0.000000 0.000000 0.000000 0.000000 0.000000 0.000000 0.000000 0.000000 0.000000 0.000000 0.000000 0.000000 0.000000 0.000000 -5.755840 -2.283072 12.380134 22.787345 -49.388880 23.343727 -16.105733 6.714581 111.993533 -26.461920 4.008942 15.106539 0.000000 0.000000 0.000000 0.000000 0.000000 0.000000 0.000000 0.000000 0.000000 0.000000 0.000000 0.000000 0.000000 0.000000 0.000000 0.000000 0.000000 0.000000 0.000000 0.000000 0.000000 0.000000 0.000000 0.000000 0.000000 0.000000 0.000000 0.000000 0.000000 0.000000 0.000000 0.000000 0.000000 0.000000 0.000000 0.000000 0.000000 0.000000 0.000000 0.000000 0.000000 0.000000
-0.058719 -0.142672 1.077969 7.435577 -1.387898 -34.906462 -22.137396 -10.372698 5.673786 21.091661 7.002750 11.306766 -11.699572 -3.735929 6.364333 1.534653 0.008447 -0.674561 -27.121324 -1.063133 2.290841 10.252276 -1.481178 -2.580970 -13.749851 2.924598 -8.422777 -0.706867 -2.316231 -0.268486 45.724747 2.500860 -6.222711 -10.322782 -0.411167 -8.246871 8.753545 -1.931411 -6.456365 2.701282 9.823972 6.022849 -4.482995 -5.730785 13.881619 -4.842193 11.216712 -30.114707 10.323397 46.672256 -48.764241 -18.738412 6.226846 -40.421898 -33.159611 -17.536058 -16.665351 0.000000 0.000000 0.000000 0.000000 0.000000 0.000000 0.000000 0.000000 0.000000 0.000000 0.000000 0.000000 0.000000 0.000000 0.000000 0.000000 0.000000 0.000000 0.000000 0.000000 0.000000 0.000000 0.000000 0.000000 0.000000 0.000000 0.000000 0.000000 0.000000 0.000000 0.000000 0.000000 0.000000 0.000000 0.000000 0.000000 0.000000 0.000000 0.000000 0.000000 0.000000 0.000000 -6.306739 -1.775185 11.832916 22.556130 -50.103468 22.384290 -17.291612 6.972034 111.228492 -26.913879 3.642382 15.135993 0.000000 0.000000 0.000000 0.000000 0.000000 0.000000 0.000000 0.000000 0.000000 0.000000 0.000000 0.000000 0.000000 0.000000 0.000000 0.000000 0.000000 0.000000 0.000000 0.000000 0.000000 0.000000 0.000000 0.000000 0.000000 0.000000 0.000000 0.000000 0.000000 0.000000 0.000000 0.000000 0.000000 0.000000 0.000000 0.000000 0.000000 0.000000 0.000000 0.000000 0.000000 0.000000
-0.074221 -0.146374 1.075954 7.516043 -0.815202 -35.131266 -23.121339 -10.887480 5.330905 22.354332 7.619900 11.107128 -12.016848 -3.959466 6.286497 1.526307 0.021933 -0.769206 -27.594296 -1.214154 2.433582 10.299181 -1.251260 -2.214049 -12.257678 1.982831 -8.560016 -0.636046 -2.268628 -0.327390 46.680730 3.409452 -6.673121 -10.399973 -0.417987 -8.924664 8.416658 -1.748094 -6.976284 2.088089 10.041004 7.184726 -4.968300 -5.797341 14.475337 -5.502628 10.558470 -31.718959 9.241995 46.346127 -50.453678 -19.313603 6.004099 -37.268420 -31.049837 -17.916480 -16.964665 0.000000 0.000000 0.000000 0.000000 0.000000 0.000000 0.000000 0.000000 0.000000 0.000000 0.000000 0.000000 0.000000 0.000000 0.000000 0.000000 0.000000 0.000000 0.000000 0.000000 0.000000 0.000000 0.000000 0.000000 0.000000 0.000000 0.000000 0.000000 0.000000 0.000000 0.000000 0.000000 0.000000 0.000000 0.000000 0.000000 0.000000 0.000000 0.000000 0.000000 0.000000 0.000000 -6.953661 -1.212039 11.616236 22.914638 -50.924651 22.340952 -18.320452 8.143743 110.656019 -26.138535 3.779750 15.266706 0.000000 0.000000 0.000000 0.000000 0.000000 0.000000 0.000000 0.000000 0.000000 0.000000 0.000000 0.000000 0.000000 0.000000 0.000000 0.000000 0.000000 0.000000 0.000000 0.000000 0.000000 0.000000 0.000000 0.000000 0.000000 0.000000 0.000000 0.000000 0.000000 0.000000 0.000000 0.000000 0.000000 0.000000 0.000000 0.000000 0.000000 0.000000 0.000000 0.000000 0.000000 0.000000
-0.094084 -0.151234 1.074270 7.577337 -0.025460 -35.176730 -24.365710 -11.259960 4.726009 23.916442 7.983624 10.521063 -12.184399 -4.012485 6.512865 1.403310 0.076706 -0.844682 -28.340428 -1.364775 2.465112 10.888193 -0.946960 -1.892957 -10.197240 0.836948 -8.490223 -0.519388 -2.104587 -0.457326 47.719925 4.250373 -6.958869 -10.513262 -0.463161 -9.402187 8.022360 -1.694353 -7.323814 1.072900 10.069976 8.864405 -5.824749 -5.844667 14.603315 -6.063217 10.040681 -33.101179 7.813096 45.636807 -51.221292 -19.954051 5.578360 -33.792267 -29.684062 -17.634083 -17.184347 0.000000 0.000000 0.000000 0.000000 0.000000 0.000000 0.000000 0.000000 0.000000 0.000000 0.000000 0.000000 0.000000 0.000000 0.000000 0.000000 0.000000 0.000000 0.000000 0.000000 0.000000 0.000000 0.000000 0.000000 0.000000 0.000000 0.000000 0.000000 0.000000 0.000000 0.000000 0.000000 0.000000 0.000000 0.000000 0.000000 0.000000 0.000000 0.000000 0.000000 0.000000 0.000000 -7.461768 -0.866357 11.783810 23.448690 -51.836536 23.142862 -19.318163 9.304885 109.698942 -26.168248 4.126916 15.467524 0.000000 0.000000 0.000000 0.000000 0.000000 0.000000 0.000000 0.000000 0.000000 0.000000 0.000000 0.000000 0.000000 0.000000 0.000000 0.000000 0.000000 0.000000 0.000000 0.000000 0.000000 0.000000 0.000000 0.000000 0.000000 0.000000 0.000000 0.000000 0.000000 0.000000 0.000000 0.000000 0.000000 0.000000 0.000000 0.000000 0.000000 0.000000 0.000000 0.000000 0.000000 0.000000
-0.108141 -0.155637 1.072958 7.739897 0.486183 -35.155808 -25.540428 -11.513829 4.241559 25.041381 8.143735 10.291091 -12.104043 -4.032016 6.591219 1.424687 0.027826 -0.870791 -29.097832 -1.554825 2.497886 11.276998 -0.681045 -1.880925 -8.385842 -0.073091 -8.351628 -0.479852 -2.111070 -0.644696 48.547830 4.830101 -7.145939 -10.497463 -0.257369 -9.764111 7.751392 -1.593751 -7.601657 0.610800 10.373278 9.753176 -6.640063 -5.771564 14.248697 -6.159762 10.004845 -34.029383 6.405856 44.664611 -50.988557 -20.436652 5.061980 -30.670290 -27.556202 -17.289768 -17.306429 0.000000 0.000000 0.000000 0.000000 0.000000 0.000000 0.000000 0.000000 0.000000 0.000000 0.000000 0.000000 0.000000 0.000000 0.000000 0.000000 0.000000 0.000000 0.000000 0.000000 0.000000 0.000000 0.000000 0.000000 0.000000 0.000000 0.000000 0.000000 0.000000 0.000000 0.000000 0.000000 0.000000 0.000000 0.000000 0.000000 0.000000 0.000000 0.000000 0.000000 0.000000 0.000000 -7.773167 -0.751262 12.211178 23.929044 -52.739253 23.886445 -19.813926 10.304122 108.664126 -26.579743 3.609309 15.521612 0.000000 0.000000 0.000000 0.000000 0.000000 0.000000 0.000000 0.000000 0.000000 0.000000 0.000000 0.000000 0.000000 0.000000 0.000000 0.000000 0.000000 0.000000 0.000000 0.000000 0.000000 0.000000 0.000000 0.000000 0.000000 0.000000 0.000000 0.000000 0.000000 0.000000 0.000000 0.000000 0.000000 0.000000 0.000000 0.000000 0.000000 0.000000 0.000000 0.000000 0.000000 0.000000
-0.116918 -0.158487 1.072331 7.970939 0.718837 -35.161585 -26.530385 -11.598555 3.782753 25.729963 8.133706 10.060728 -11.812074 -4.026677 6.728345 1.488675 -0.013312 -0.874459 -29.778812 -1.629171 2.451916 11.449375 -0.542046 -2.164063 -6.782283 -0.949516 -7.882386 -0.487648 -2.147896 -0.745700 49.200297 5.319235 -7.108158 -10.459700 -0.067407 -9.863513 7.467964 -1.544320 -7.639461 0.210625 10.726049 10.394453 -7.399889 -5.750453 13.761039 -6.175722 9.916460 -34.745310 4.989344 43.789387 -50.103033 -21.072792 4.967029 -28.125070 -26.123043 -17.200759 -17.421336 0.000000 0.000000 0.000000 0.000000 0.000000 0.000000 0.000000 0.000000 0.000000 0.000000 0.000000 0.000000 0.000000 0.000000 0.000000 0.000000 0.000000 0.000000 0.000000 0.000000 0.000000 0.000000 0.000000 0.000000 0.000000 0.000000 0.000000 0.000000 0.000000 0.000000 0.000000 0.000000 0.000000 0.000000 0.000000 0.000000 0.000000 0.000000 0.000000 0.000000 0.000000 0.000000 -7.962492 -0.633895 12.798474 24.608829 -53.649432 24.881537 -19.914011 10.900580 107.749503 -27.136678 3.192637 15.597100 0.000000 0.000000 0.000000 0.000000 0.000000 0.000000 0.000000 0.000000 0.000000 0.000000 0.000000 0.000000 0.000000 0.000000 0.000000 0.000000 0.000000 0.000000 0.000000 0.000000 0.000000 0.000000 0.000000 0.000000 0.000000 0.000000 0.000000 0.000000 0.000000 0.000000 0.000000 0.000000 0.000000 0.000000 0.000000 0.000000 0.000000 0.000000 0.000000 0.000000 0.000000 0.000000
-0.125322 -0.160654 1.072351 8.183056 0.950530 -34.892253 -27.128136 -11.536499 3.565499 25.718322 8.075817 10.137572 -11.576055 -3.964969 6.728911 1.530949 -0.042144 -0.890106 -30.317837 -1.494326 2.258895 11.555297 -0.485277 -2.506905 -4.964454 -1.935751 -7.412372 -0.529739 -2.106907 -0.785397 49.700880 5.739314 -6.943207 -10.415422 0.145681 -9.807715 7.228567 -1.511147 -7.477103 -0.075621 11.026619 10.699939 -7.792496 -5.659241 13.304529 -6.049908 9.968088 -34.850505 3.928067 43.178796 -48.833189 -22.191793 5.166967 -26.578966 -25.770551 -17.517753 -17.163210 0.000000 0.000000 0.000000 0.000000 0.000000 0.000000 0.000000 0.000000 0.000000 0.000000 0.000000 0.000000 0.000000 0.000000 0.000000 0.000000 0.000000 0.000000 0.000000 0.000000 0.000000 0.000000 0.000000 0.000000 0.000000 0.000000 0.000000 0.000000 0.000000 0.000000 0.000000 0.000000 0.000000 0.000000 0.000000 0.000000 0.000000 0.000000 0.000000 0.000000 0.000000 0.000000 -8.076772 -0.753312 13.474349 26.082953 -54.607515 26.867400 -19.614853 11.160234 106.701079 -27.691263 2.730795 15.490120 0.000000 0.000000 0.000000 0.000000 0.000000 0.000000 0.000000 0.000000 0.000000 0.000000 0.000000 0.000000 0.000000 0.000000 0.000000 0.000000 0.000000 0.000000 0.000000 0.000000 0.000000 0.000000 0.000000 0.000000 0.000000 0.000000 0.000000 0.000000 0.000000 0.000000 0.000000 0.000000 0.000000 0.000000 0.000000 0.000000 0.000000 0.000000 0.000000 0.000000 0.000000 0.000000
-0.132698 -0.159571 1.073011 8.303105 1.296495 -34.850385 -27.093613 -11.504915 3.498908 25.428026 7.966983 10.424219 -11.538837 -4.023868 6.745288 1.518262 -0.136051 -0.941892 -30.327407 -1.297753 2.002771 11.555330 -0.563692 -3.014236 -3.326016 -3.071961 -6.379903 -0.569533 -2.139699 -0.782049 49.845347 6.107692 -6.645910 -10.125489 0.323767 -9.386978 6.889661 -1.416130 -7.110954 0.040656 11.174732 10.865309 -8.015995 -5.615928 13.406561 -5.774179 10.121645 -34.358215 3.341448 42.846489 -47.033460 -22.632579 5.598238 -26.851678 -26.393307 -17.729039 -16.855592 0.000000 0.000000 0.000000 0.000000 0.000000 0.000000 0.000000 0.000000 0.000000 0.000000 0.000000 0.000000 0.000000 0.000000 0.000000 0.000000 0.000000 0.000000 0.000000 0.000000 0.000000 0.000000 0.000000 0.000000 0.000000 0.000000 0.000000 0.000000 0.000000 0.000000 0.000000 0.000000 0.000000 0.000000 0.000000 0.000000 0.000000 0.000000 0.000000 0.000000 0.000000 0.000000 -7.920047 -0.895698 14.235962 27.704169 -55.151532 29.354665 -18.933137 10.844060 105.889802 -28.002037 3.090284 15.362589 0.000000 0.000000 0.000000 0.000000 0.000000 0.000000 0.000000 0.000000 0.000000 0.000000 0.000000 0.000000 0.000000 0.000000 0.000000 0.000000 0.000000 0.000000 0.000000 0.000000 0.000000 0.000000 0.000000 0.000000 0.000000 0.000000 0.000000 0.000000 0.000000 0.000000 0.000000 0.000000 0.000000 0.000000 0.000000 0.000000 0.000000 0.000000 0.000000 0.000000 0.000000 0.000000
-0.139208 -0.157628 1.074202 8.534904 1.419760 -34.830438 -27.050395 -11.215427 3.345180 24.619360 7.774647 10.645755 -11.166664 -4.304933 6.961567 1.480846 -0.291855 -1.002514 -30.563064 -0.846253 1.893488 11.644185 -0.606679 -3.430840 -0.983453 -4.465627 -5.025613 -0.661106 -2.265909 -0.650274 49.725454 6.370194 -6.165828 -9.809975 0.437926 -8.761101 6.590549 -1.371119 -6.601535 0.367028 11.268876 10.529716 -7.916762 -5.564696 13.275964 -5.550411 10.228996 -33.520845 3.037724 42.556639 -45.041336 -23.133450 6.396143 -28.360659 -27.887452 -17.847048 -16.620267 0.000000 0.000000 0.000000 0.000000 0.000000 0.000000 0.000000 0.000000 0.000000 0.000000 0.000000 0.000000 0.000000 0.000000 0.000000 0.000000 0.000000 0.000000 0.000000 0.000000 0.000000 0.000000 0.000000 0.000000 0.000000 0.000000 0.000000 0.000000 0.000000 0.000000 0.000000 0.000000 0.000000 0.000000 0.000000 0.000000 0.000000 0.000000 0.000000 0.000000 0.000000 0.000000 -7.683724 -1.201660 14.903916 29.617121 -55.339805 32.049833 -18.220589 10.229195 105.649480 -27.943189 3.335344 15.295955 0.000000 0.000000 0.000000 0.000000 0.000000 0.000000 0.000000 0.000000 0.000000 0.000000 0.000000 0.000000 0.000000 0.000000 0.000000 0.000000 0.000000 0.000000 0.000000 0.000000 0.000000 0.000000 0.000000 0.000000 0.000000 0.000000 0.000000 0.000000 0.000000 0.000000 0.000000 0.000000 0.000000 0.000000 0.000000 0.000000 0.000000 0.000000 0.000000 0.000000 0.000000 0.000000
-0.146178 -0.151470 1.076104 9.078163 1.624410 -35.221958 -26.825150 -11.095033 3.282257 23.441179 7.383522 10.782154 -11.060135 -4.658903 7.399482 1.357953 -0.321899 -0.995602 -30.574888 -0.561722 1.626100 11.475636 -0.368699 -3.613594 1.723749 -6.369668 -2.868900 -0.785360 -2.361379 -0.601022 49.492481 6.581374 -5.697834 -9.740719 0.664561 -7.834742 6.393883 -1.396690 -5.968800 0.446056 11.294262 10.487788 -7.953663 -5.307495 12.948675 -5.407658 10.375450 -32.181838 2.352166 42.345830 -42.324486 -23.997277 6.865476 -30.400916 -29.788775 -17.743178 -16.487905 0.000000 0.000000 0.000000 0.000000 0.000000 0.000000 0.000000 0.000000 0.000000 0.000000 0.000000 0.000000 0.000000 0.000000 0.000000 0.000000 0.000000 0.000000 0.000000 0.000000 0.000000 0.000000 0.000000 0.000000 0.000000 0.000000 0.000000 0.000000 0.000000 0.000000 0.000000 0.000000 0.000000 0.000000 0.000000 0.000000 0.000000 0.000000 0.000000 0.000000 0.000000 0.000000 -7.493377 -1.704252 15.777516 31.085606 -54.959002 34.888700 -17.325497 9.810900 105.270378 -28.283189 3.584183 15.233417 0.000000 0.000000 0.000000 0.000000 0.000000 0.000000 0.000000 0.000000 0.000000 0.000000 0.000000 0.000000 0.000000 0.000000 0.000000 0.000000 0.000000 0.000000 0.000000 0.000000 0.000000 0.000000 0.000000 0.000000 0.000000 0.000000 0.000000 0.000000 0.000000 0.000000 0.000000 0.000000 0.000000 0.000000 0.000000 0.000000 0.000000 0.000000 0.000000 0.000000 0.000000 0.000000
-0.161070 -0.148827 1.077876 9.182630 2.376692 -35.482511 -26.034294 -11.005986 3.321257 22.114459 7.091544 10.511818 -10.989900 -5.016278 8.161957 1.179400 -0.426192 -0.965412 -30.279123 -0.361771 1.718530 12.459283 0.072615 -3.591220 4.188113 -7.387725 -1.259621 -1.000876 -2.496737 -0.388451 49.305612 6.760838 -4.886039 -8.927921 0.776043 -6.771218 5.817704 -1.537550 -5.130934 0.591538 10.711813 11.475792 -8.522393 -4.697533 12.621599 -5.132943 10.156193 -30.286580 0.816127 41.400032 -38.003480 -24.970167 6.934715 -32.572339 -30.669151 -16.912927 -15.872520 0.000000 0.000000 0.000000 0.000000 0.000000 0.000000 0.000000 0.000000 0.000000 0.000000 0.000000 0.000000 0.000000 0.000000 0.000000 0.000000 0.000000 0.000000 0.000000 0.000000 0.000000 0.000000 0.000000 0.000000 0.000000 0.000000 0.000000 0.000000 0.000000 0.000000 0.000000 0.000000 0.000000 0.000000 0.000000 0.000000 0.000000 0.000000 0.000000 0.000000 0.000000 0.000000 -7.108985 -2.366156 17.433780 32.917956 -54.403471 39.067964 -15.320975 9.441305 103.584695 -29.583598 3.763550 14.748555 0.000000 0.000000 0.000000 0.000000 0.000000 0.000000 0.000000 0.000000 0.000000 0.000000 0.000000 0.000000 0.000000 0.000000 0.000000 0.000000 0.000000 0.000000 0.000000 0.000000 0.000000 0.000000 0.000000 0.000000 0.000000 0.000000 0.000000 0.000000 0.000000 0.000000 0.000000 0.000000 0.000000 0.000000 0.000000 0.000000 0.000000 0.000000 0.000000 0.000000 0.000000 0.000000
-0.164946 -0.156516 1.078719 9.003387 2.544071 -35.967572 -25.671866 -11.085675 3.314903 21.118705 6.858949 10.047034 -10.083476 -5.092605 9.028040 1.040089 -0.349725 -0.932073 -29.876650 -0.070281 1.651344 12.969443 0.244304 -3.557809 5.215830 -7.620937 -0.331179 -1.069492 -2.574127 -0.255518 49.189707 6.850329 -4.302053 -8.519289 0.926969 -5.636583 5.276937 -1.631128 -4.263772 0.599640 10.765326 11.995660 -9.315692 -4.155359 12.443457 -5.011868 9.349673 -28.758898 -1.095963 40.340063 -33.294904 -25.890927 7.031585 -34.301596 -31.084894 -16.106704 -15.828197 0.000000 0.000000 0.000000 0.000000 0.000000 0.000000 0.000000 0.000000 0.000000 0.000000 0.000000 0.000000 0.000000 0.000000 0.000000 0.000000 0.000000 0.000000 0.000000 0.000000 0.000000 0.000000 0.000000 0.000000 0.000000 0.000000 0.000000 0.000000 0.000000 0.000000 0.000000 0.000000 0.000000 0.000000 0.000000 0.000000 0.000000 0.000000 0.000000 0.000000 0.000000 0.000000 -7.194881 -1.774483 19.060090 35.189596 -54.489984 43.621266 -13.847800 9.003446 101.796640 -31.015725 3.808617 14.321263 0.000000 0.000000 0.000000 0.000000 0.000000 0.000000 0.000000 0.000000 0.000000 0.000000 0.000000 0.000000 0.000000 0.000000 0.000000 0.000000 0.000000 0.000000 0.000000 0.000000 0.000000 0.000000 0.000000 0.000000 0.000000 0.000000 0.000000 0.000000 0.000000 0.000000 0.000000 0.000000 0.000000 0.000000 0.000000 0.000000 0.000000 0.000000 0.000000 0.000000 0.000000 0.000000
-0.165422 -0.171029 1.078883 8.443229 2.510885 -36.272516 -25.158442 -11.214419 3.564372 19.939977 6.948214 9.566151 -8.837116 -4.929819 9.665904 0.894172 -0.288934 -0.861302 -29.558324 0.290523 1.672379 13.963804 0.074028 -3.548505 5.498414 -6.847606 -0.713625 -1.296078 -2.673261 -0.049125 48.817577 6.988069 -3.816549 -8.315552 1.078693 -4.773317 4.886605 -1.618678 -3.535620 1.024499 10.488032 12.371431 -9.446454 -3.899495 12.221185 -4.695901 8.295548 -26.984476 -3.220795 38.449110 -28.353370 -26.818057 7.562293 -34.683296 -31.954819 -15.405157 -15.243554 0.000000 0.000000 0.000000 0.000000 0.000000 0.000000 0.000000 0.000000 0.000000 0.000000 0.000000 0.000000 0.000000 0.000000 0.000000 0.000000 0.000000 0.000000 0.000000 0.000000 0.000000 0.000000 0.000000 0.000000 0.000000 0.000000 0.000000 0.000000 0.000000 0.000000 0.000000 0.000000 0.000000 0.000000 0.000000 0.000000 0.000000 0.000000 0.000000 0.000000 0.000000 0.000000 -7.578201 -0.842671 20.422022 37.966582 -54.270731 48.748189 -11.815571 8.652118 99.188559 -31.937040 3.985855 13.479710 0.000000 0.000000 0.000000 0.000000 0.000000 0.000000 0.000000 0.000000 0.000000 0.000000 0.000000 0.000000 0.000000 0.000000 0.000000 0.000000 0.000000 0.000000 0.000000 0.000000 0.000000 0.000000 0.000000 0.000000 0.000000 0.000000 0.000000 0.000000 0.000000 0.000000 0.000000 0.000000 0.000000 0.000000 0.000000 0.000000 0.000000 0.000000 0.000000 0.000000 0.000000 0.000000
-0.166067 -0.186415 1.078672 7.884605 2.420477 -36.698953 -24.596544 -11.111228 3.790070 18.529354 6.649243 8.816847 -7.654687 -4.860071 10.424737 0.831552 -0.277688 -0.665634 -29.298411 0.803081 1.412696 15.042456 -0.183323 -3.372673 5.169675 -6.198429 -1.130360 -1.459731 -2.723141 0.090789 48.154075 7.114729 -3.254648 -8.066862 1.316165 -3.963183 4.695295 -1.644554 -2.807525 1.565712 10.361495 12.113265 -9.255872 -3.323408 10.998233 -4.629279 7.479395 -25.920406 -4.977910 35.786289 -24.433794 -27.216569 7.949674 -34.248350 -31.942052 -15.144880 -14.877704 0.000000 0.000000 0.000000 0.000000 0.000000 0.000000 0.000000 0.000000 0.000000 0.000000 0.000000 0.000000 0.000000 0.000000 0.000000 0.000000 0.000000 0.000000 0.000000 0.000000 0.000000 0.000000 0.000000 0.000000 0.000000 0.000000 0.000000 0.000000 0.000000 0.000000 0.000000 0.000000 0.000000 0.000000 0.000000 0.000000 0.000000 0.000000 0.000000 0.000000 0.000000 0.000000 -7.780186 -0.287495 21.804132 39.185560 -53.708786 51.755430 -10.585014 8.626715 96.998473 -33.252706 4.170057 13.393611 0.000000 0.000000 0.000000 0.000000 0.000000 0.000000 0.000000 0.000000 0.000000 0.000000 0.000000 0.000000 0.000000 0.000000 0.000000 0.000000 0.000000 0.000000 0.000000 0.000000 0.000000 0.000000 0.000000 0.000000 0.000000 0.000000 0.000000 0.000000 0.000000 0.000000 0.000000 0.000000 0.000000 0.000000 0.000000 0.000000 0.000000 0.000000 0.000000 0.000000 0.000000 0.000000
-0.156661 -0.191324 1.078141 7.250337 2.101213 -36.852432 -23.658177 -10.968928 4.053846 17.963337 6.731472 7.769741 -7.479851 -4.963594 11.283214 0.556274 -0.448669 -0.595093 -28.739412 1.330674 1.445945 17.224870 -0.165777 -2.317076 4.160954 -5.346252 -1.894025 -1.547638 -2.689373 0.324770 48.020995 7.191803 -2.832976 -7.890526 1.686185 -3.348753 4.888803 -1.766918 -2.259998 1.818155 10.126313 12.233961 -9.483499 -2.957321 10.212275 -4.536085 6.776616 -24.944335 -6.497011 33.342701 -21.011358 -28.247626 8.755995 -32.656405 -33.702827 -14.940859 -14.324026 0.000000 0.000000 0.000000 0.000000 0.000000 0.000000 0.000000 0.000000 0.000000 0.000000 0.000000 0.000000 0.000000 0.000000 0.000000 0.000000 0.000000 0.000000 0.000000 0.000000 0.000000 0.000000 0.000000 0.000000 0.000000 0.000000 0.000000 0.000000 0.000000 0.000000 0.000000 0.000000 0.000000 0.000000 0.000000 0.000000 0.000000 0.000000 0.000000 0.000000 0.000000 0.000000 -8.165177 -0.012266 23.114573 39.688709 -53.008239 53.848158 -9.404835 8.063956 95.111788 -35.902281 4.246139 13.069614 0.000000 0.000000 0.000000 0.000000 0.000000 0.000000 0.000000 0.000000 0.000000 0.000000 0.000000 0.000000 0.000000 0.000000 0.000000 0.000000 0.000000 0.000000 0.000000 0.000000 0.000000 0.000000 0.000000 0.000000 0.000000 0.000000 0.000000 0.000000 0.000000 0.000000 0.000000 0.000000 0.000000 0.000000 0.000000 0.000000 0.000000 0.000000 0.000000 0.000000 0.000000 0.000000
-0.151198 -0.194088 1.077765 6.951742 1.993894 -36.741085 -23.132132 -11.024756 4.355775 17.582886 6.790750 7.320578 -7.507764 -4.844610 11.408967 0.445543 -0.453688 -0.538681 -28.411388 1.833520 1.364006 18.313748 -0.295355 -1.813789 3.842967 -5.263886 -1.941951 -1.540002 -2.718355 0.325987 47.787144 7.182359 -2.564238 -7.512610 1.684495 -2.947784 4.928532 -1.820381 -1.895122 1.992990 9.977861 12.003199 -9.663363 -2.799533 9.700758 -4.553963 6.446563 -24.428585 -7.000340 31.780388 -19.371330 -28.595894 9.245461 -31.991719 -33.816846 -15.326361 -14.223032 0.000000 0.000000 0.000000 0.000000 0.000000 0.000000 0.000000 0.000000 0.000000 0.000000 0.000000 0.000000 0.000000 0.000000 0.000000 0.000000 0.000000 0.000000 0.000000 0.000000 0.000000 0.000000 0.000000 0.000000 0.000000 0.000000 0.000000 0.000000 0.000000 0.000000 0.000000 0.000000 0.000000 0.000000 0.000000 0.000000 0.000000 0.000000 0.000000 0.000000 0.000000 0.000000 -8.533766 0.296265 23.630715 39.771843 -52.448388 54.776347 -8.772829 7.543305 93.615867 -36.886594 4.258574 13.053198 0.000000 0.000000 0.000000 0.000000 0.000000 0.000000 0.000000 0.000000 0.000000 0.000000 0.000000 0.000000 0.000000 0.000000 0.000000 0.000000 0.000000 0.000000 0.000000 0.000000 0.000000 0.000000 0.000000 0.000000 0.000000 0.000000 0.000000 0.000000 0.000000 0.000000 0.000000 0.000000 0.000000 0.000000 0.000000 0.000000 0.000000 0.000000 0.000000 0.000000 0.000000 0.000000
-0.147625 -0.197902 1.077284 6.652678 1.738670 -36.827232 -22.799891 -10.803520 4.548601 17.190303 6.727231 7.093299 -7.376803 -4.809477 11.446213 0.420990 -0.441648 -0.495538 -28.111910 2.387845 1.277680 18.336900 -0.176207 -1.362916 3.885395 -5.642734 -1.785930 -1.487273 -2.668702 0.325999 47.494981 7.182816 -2.381402 -7.150429 1.759590 -2.935994 4.868116 -1.820939 -1.794362 2.074309 9.816955 11.837654 -9.610038 -2.945150 9.522573 -4.573894 6.583094 -24.306076 -6.908078 31.040388 -18.825798 -28.586134 9.713905 -31.174199 -34.005126 -15.417449 -14.108779 0.000000 0.000000 0.000000 0.000000 0.000000 0.000000 0.000000 0.000000 0.000000 0.000000 0.000000 0.000000 0.000000 0.000000 0.000000 0.000000 0.000000 0.000000 0.000000 0.000000 0.000000 0.000000 0.000000 0.000000 0.000000 0.000000 0.000000 0.000000 0.000000 0.000000 0.000000 0.000000 0.000000 0.000000 0.000000 0.000000 0.000000 0.000000 0.000000 0.000000 0.000000 0.000000 -8.612394 0.246558 23.692495 39.405162 -52.094165 54.450471 -8.846187 7.237287 92.870556 -37.001016 3.950689 12.862414 0.000000 0.000000 0.000000 0.000000 0.000000 0.000000 0.000000 0.000000 0.000000 0.000000 0.000000 0.000000 0.000000 0.000000 0.000000 0.000000 0.000000 0.000000 0.000000 0.000000 0.000000 0.000000 0.000000 0.000000 0.000000 0.000000 0.000000 0.000000 0.000000 0.000000 0.000000 0.000000 0.000000 0.000000 0.000000 0.000000 0.000000 0.000000 0.000000 0.000000 0.000000 0.000000
-0.142409 -0.197987 1.076939 6.665625 1.562710 -36.435784 -23.074186 -10.786824 4.395999 17.587315 6.666989 6.925490 -7.307529 -4.732360 11.239913 0.392487 -0.442686 -0.495047 -27.983039 2.605088 1.284231 17.967436 -0.022848 -0.802886 3.931773 -5.602380 -1.836133 -1.430012 -2.628391 0.306750 47.644455 6.877391 -2.377366 -7.308267 1.791927 -3.023422 4.977726 -1.783674 -1.897842 1.771835 9.706812 11.582161 -9.571704 -3.260411 9.624971 -4.619804 6.865044 -24.423733 -6.552154 31.885428 -19.607881 -28.501064 9.641936 -30.566763 -34.243367 -15.518457 -14.129286 0.000000 0.000000 0.000000 0.000000 0.000000 0.000000 0.000000 0.000000 0.000000 0.000000 0.000000 0.000000 0.000000 0.000000 0.000000 0.000000 0.000000 0.000000 0.000000 0.000000 0.000000 0.000000 0.000000 0.000000 0.000000 0.000000 0.000000 0.000000 0.000000 0.000000 0.000000 0.000000 0.000000 0.000000 0.000000 0.000000 0.000000 0.000000 0.000000 0.000000 0.000000 0.000000 -8.464346 0.157176 23.314317 38.116130 -52.044157 52.569087 -9.032855 7.126461 92.291664 -36.643866 4.093938 12.996459 0.000000 0.000000 0.000000 0.000000 0.000000 0.000000 0.000000 0.000000 0.000000 0.000000 0.000000 0.000000 0.000000 0.000000 0.000000 0.000000 0.000000 0.000000 0.000000 0.000000 0.000000 0.000000 0.000000 0.000000 0.000000 0.000000 0.000000 0.000000 0.000000 0.000000 0.000000 0.000000 0.000000 0.000000 0.000000 0.000000 0.000000 0.000000 0.000000 0.000000 0.000000 0.000000
-0.143614 -0.191543 1.076872 7.219652 1.590368 -35.807690 -23.937588 -10.666539 3.961284 18.192124 6.411023 7.215160 -7.489386 -4.840881 10.871565 0.513626 -0.257103 -0.458551 -27.835397 2.414715 1.590939 16.493463 0.425257 -0.296542 4.710890 -5.764009 -2.310907 -1.387475 -2.503305 0.159442 47.626926 6.290710 -2.531189 -7.832614 1.927746 -3.593945 5.221018 -1.773570 -2.349616 1.378538 10.051321 11.489354 -9.558047 -3.578129 10.307936 -4.403679 7.744046 -25.026941 -4.978184 33.630805 -22.022968 -27.642106 8.727899 -30.219805 -33.762767 -14.736281 -14.067409 0.000000 0.000000 0.000000 0.000000 0.000000 0.000000 0.000000 0.000000 0.000000 0.000000 0.000000 0.000000 0.000000 0.000000 0.000000 0.000000 0.000000 0.000000 0.000000 0.000000 0.000000 0.000000 0.000000 0.000000 0.000000 0.000000 0.000000 0.000000 0.000000 0.000000 0.000000 0.000000 0.000000 0.000000 0.000000 0.000000 0.000000 0.000000 0.000000 0.000000 0.000000 0.000000 -7.738917 -0.512881 22.578314 35.122612 -51.796923 47.999639 -9.756215 6.760566 92.155795 -36.519748 3.972078 13.559021 0.000000 0.000000 0.000000 0.000000 0.000000 0.000000 0.000000 0.000000 0.000000 0.000000 0.000000 0.000000 0.000000 0.000000 0.000000 0.000000 0.000000 0.000000 0.000000 0.000000 0.000000 0.000000 0.000000 0.000000 0.000000 0.000000 0.000000 0.000000 0.000000 0.000000 0.000000 0.000000 0.000000 0.000000 0.000000 0.000000 0.000000 0.000000 0.000000 0.000000 0.000000 0.000000
-0.140518 -0.188229 1.076511 7.707527 1.479554 -35.588008 -24.090675 -10.777423 3.913886 17.595845 6.150914 7.485846 -7.676505 -4.914260 10.445894 0.618061 -0.198936 -0.447867 -27.884330 2.445112 1.381779 15.152084 0.334195 -0.477684 5.050680 -6.409969 -2.041411 -1.288536 -2.526155 0.034786 47.942122 5.999296 -2.846817 -8.266275 2.045600 -3.922389 5.298862 -1.690980 -2.706889 0.643328 10.380196 11.209658 -9.399867 -3.910831 11.392887 -4.545645 8.615958 -25.700761 -3.539743 35.759237 -24.864845 -26.888399 8.053152 -31.458977 -33.103059 -14.745329 -14.205983 0.000000 0.000000 0.000000 0.000000 0.000000 0.000000 0.000000 0.000000 0.000000 0.000000 0.000000 0.000000 0.000000 0.000000 0.000000 0.000000 0.000000 0.000000 0.000000 0.000000 0.000000 0.000000 0.000000 0.000000 0.000000 0.000000 0.000000 0.000000 0.000000 0.000000 0.000000 0.000000 0.000000 0.000000 0.000000 0.000000 0.000000 0.000000 0.000000 0.000000 0.000000 0.000000 -7.390541 -0.704255 21.249817 32.333803 -51.878790 43.565882 -11.107967 6.684151 93.763619 -34.823640 3.465618 13.562545 0.000000 0.000000 0.000000 0.000000 0.000000 0.000000 0.000000 0.000000 0.000000 0.000000 0.000000 0.000000 0.000000 0.000000 0.000000 0.000000 0.000000 0.000000 0.000000 0.000000 0.000000 0.000000 0.000000 0.000000 0.000000 0.000000 0.000000 0.000000 0.000000 0.000000 0.000000 0.000000 0.000000 0.000000 0.000000 0.000000 0.000000 0.000000 0.000000 0.000000 0.000000 0.000000
-0.133929 -0.184068 1.075633 8.224848 1.398089 -34.948233 -24.873488 -11.195430 3.614983 18.302231 6.134013 7.569225 -7.909776 -4.805607 9.697735 0.710802 -0.232946 -0.507910 -28.146650 2.307999 1.242309 14.612473 0.299740 -0.776063 4.763988 -6.502547 -1.891524 -1.250201 -2.596538 -0.057840 48.320849 5.860566 -3.180125 -8.602065 1.945501 -4.532917 5.431076 -1.633561 -3.174204 0.294381 10.790988 11.004554 -9.184993 -4.615457 12.366714 -4.698940 9.447325 -26.943077 -1.325117 38.310670 -29.382629 -26.169408 7.796807 -32.686845 -33.453433 -15.320958 -14.456847 0.000000 0.000000 0.000000 0.000000 0.000000 0.000000 0.000000 0.000000 0.000000 0.000000 0.000000 0.000000 0.000000 0.000000 0.000000 0.000000 0.000000 0.000000 0.000000 0.000000 0.000000 0.000000 0.000000 0.000000 0.000000 0.000000 0.000000 0.000000 0.000000 0.000000 0.000000 0.000000 0.000000 0.000000 0.000000 0.000000 0.000000 0.000000 0.000000 0.000000 0.000000 0.000000 -7.003932 -1.202811 19.803650 28.352169 -51.567145 37.555252 -13.094035 6.041081 96.525198 -33.870757 3.545423 14.208500 0.000000 0.000000 0.000000 0.000000 0.000000 0.000000 0.000000 0.000000 0.000000 0.000000 0.000000 0.000000 0.000000 0.000000 0.000000 0.000000 0.000000 0.000000 0.000000 0.000000 0.000000 0.000000 0.000000 0.000000 0.000000 0.000000 0.000000 0.000000 0.000000 0.000000 0.000000 0.000000 0.000000 0.000000 0.000000 0.000000 0.000000 0.000000 0.000000 0.000000 0.000000 0.000000
-0.119171 -0.172391 1.074215 8.744404 1.192047 -33.946319 -25.069400 -11.383886 3.461487 18.943424 5.819710 8.024176 -9.227355 -4.810913 8.479382 0.869170 -0.351628 -0.637249 -27.984320 2.151920 1.036885 14.589557 0.502734 -0.992764 3.563153 -6.544873 -1.798410 -1.086480 -2.558078 -0.049349 48.118315 5.740342 -3.623168 -8.397847 1.804079 -5.214766 5.583921 -1.497536 -3.783536 0.615460 11.163751 9.985470 -9.055620 -5.126734 13.193020 -5.060159 10.531289 -28.285755 1.454769 40.751807 -34.661997 -24.912154 7.783600 -34.313961 -33.578187 -16.256645 -14.404945 0.000000 0.000000 0.000000 0.000000 0.000000 0.000000 0.000000 0.000000 0.000000 0.000000 0.000000 0.000000 0.000000 0.000000 0.000000 0.000000 0.000000 0.000000 0.000000 0.000000 0.000000 0.000000 0.000000 0.000000 0.000000 0.000000 0.000000 0.000000 0.000000 0.000000 0.000000 0.000000 0.000000 0.000000 0.000000 0.000000 0.000000 0.000000 0.000000 0.000000 0.000000 0.000000 -6.610735 -1.735586 18.116112 24.449097 -50.654829 31.280260 -14.860557 5.286397 100.024910 -32.936203 3.965737 14.735143 0.000000 0.000000 0.000000 0.000000 0.000000 0.000000 0.000000 0.000000 0.000000 0.000000 0.000000 0.000000 0.000000 0.000000 0.000000 0.000000 0.000000 0.000000 0.000000 0.000000 0.000000 0.000000 0.000000 0.000000 0.000000 0.000000 0.000000 0.000000 0.000000 0.000000 0.000000 0.000000 0.000000 0.000000 0.000000 0.000000 0.000000 0.000000 0.000000 0.000000 0.000000 0.000000
-0.105905 -0.172184 1.072075 8.841335 1.095157 -32.807576 -25.608910 -11.746207 3.192998 19.960764 5.559923 7.502949 -9.716171 -4.536195 7.599331 1.132587 -0.315308 -0.737345 -28.083296 1.891929 0.933596 15.400105 0.798036 -0.991948 2.526648 -6.590401 -1.575955 -0.911584 -2.637571 -0.181099 47.917016 5.669257 -4.421012 -8.538733 1.605381 -6.200567 6.022249 -1.443589 -4.769932 1.237369 12.076642 8.792582 -9.291471 -5.314700 13.466229 -5.525817 10.989311 -30.125548 4.787152 42.828119 -41.494613 -23.210999 7.908859 -34.947554 -33.530421 -16.893142 -15.016341 0.000000 0.000000 0.000000 0.000000 0.000000 0.000000 0.000000 0.000000 0.000000 0.000000 0.000000 0.000000 0.000000 0.000000 0.000000 0.000000 0.000000 0.000000 0.000000 0.000000 0.000000 0.000000 0.000000 0.000000 0.000000 0.000000 0.000000 0.000000 0.000000 0.000000 0.000000 0.000000 0.000000 0.000000 0.000000 0.000000 0.000000 0.000000 0.000000 0.000000 0.000000 0.000000 -6.826302 -1.561734 16.035213 20.911399 -50.037756 25.233616 -18.012189 5.369733 103.648650 -30.262041 4.286213 15.697203 0.000000 0.000000 0.000000 0.000000 0.000000 0.000000 0.000000 0.000000 0.000000 0.000000 0.000000 0.000000 0.000000 0.000000 0.000000 0.000000 0.000000 0.000000 0.000000 0.000000 0.000000 0.000000 0.000000 0.000000 0.000000 0.000000 0.000000 0.000000 0.000000 0.000000 0.000000 0.000000 0.000000 0.000000 0.000000 0.000000 0.000000 0.000000 0.000000 0.000000 0.000000 0.000000
-0.093249 -0.178684 1.070214 8.659840 1.068983 -32.066746 -25.602374 -12.358780 3.187402 20.110898 5.474518 7.456785 -9.682823 -4.103242 6.774814 1.126165 -0.460591 -0.813054 -28.180393 1.744247 0.653280 16.330420 0.469448 -1.386103 1.505543 -6.265267 -1.468155 -0.954558 -2.685706 -0.151957 47.953353 5.671801 -4.972729 -8.534069 1.450981 -6.934056 6.203610 -1.366792 -5.412820 1.374201 12.388407 8.131047 -9.079676 -5.674655 13.483105 -5.651623 11.182143 -31.481731 6.591934 43.350716 -45.306970 -21.212002 7.940237 -35.553439 -33.197705 -17.018855 -15.476873 0.000000 0.000000 0.000000 0.000000 0.000000 0.000000 0.000000 0.000000 0.000000 0.000000 0.000000 0.000000 0.000000 0.000000 0.000000 0.000000 0.000000 0.000000 0.000000 0.000000 0.000000 0.000000 0.000000 0.000000 0.000000 0.000000 0.000000 0.000000 0.000000 0.000000 0.000000 0.000000 0.000000 0.000000 0.000000 0.000000 0.000000 0.000000 0.000000 0.000000 0.000000 0.000000 -6.966022 -1.390313 14.882094 18.499158 -49.375120 21.147539 -19.840252 5.422303 105.835420 -28.905147 4.498363 16.309297 0.000000 0.000000 0.000000 0.000000 0.000000 0.000000 0.000000 0.000000 0.000000 0.000000 0.000000 0.000000 0.000000 0.000000 0.000000 0.000000 0.000000 0.000000 0.000000 0.000000 0.000000 0.000000 0.000000 0.000000 0.000000 0.000000 0.000000 0.000000 0.000000 0.000000 0.000000 0.000000 0.000000 0.000000 0.000000 0.000000 0.000000 0.000000 0.000000 0.000000 0.000000 0.000000
-0.083946 -0.179669 1.068866 8.522010 1.110167 -31.850741 -25.170339 -12.784536 3.202301 20.089978 5.324282 7.455910 -10.150704 -3.813676 6.440882 1.085131 -0.500489 -0.847618 -27.952341 1.374491 0.445496 16.878639 0.488550 -1.603912 0.530980 -5.955552 -1.579926 -0.982771 -2.694102 -0.161040 48.039691 5.628142 -5.338441 -8.666301 1.417873 -7.455422 6.268520 -1.331292 -5.793282 1.284547 12.496808 8.121581 -8.683108 -5.769429 13.963735 -6.024025 11.290552 -32.195167 8.401960 44.074784 -48.250139 -19.595172 7.922605 -36.910350 -34.149960 -17.178308 -15.527324 0.000000 0.000000 0.000000 0.000000 0.000000 0.000000 0.000000 0.000000 0.000000 0.000000 0.000000 0.000000 0.000000 0.000000 0.000000 0.000000 0.000000 0.000000 0.000000 0.000000 0.000000 0.000000 0.000000 0.000000 0.000000 0.000000 0.000000 0.000000 0.000000 0.000000 0.000000 0.000000 0.000000 0.000000 0.000000 0.000000 0.000000 0.000000 0.000000 0.000000 0.000000 0.000000 -7.216064 -1.444254 13.959361 17.269240 -48.760548 18.706426 -21.194687 5.252181 108.041410 -28.145281 4.784837 16.279878 0.000000 0.000000 0.000000 0.000000 0.000000 0.000000 0.000000 0.000000 0.000000 0.000000 0.000000 0.000000 0.000000 0.000000 0.000000 0.000000 0.000000 0.000000 0.000000 0.000000 0.000000 0.000000 0.000000 0.000000 0.000000 0.000000 0.000000 0.000000 0.000000 0.000000 0.000000 0.000000 0.000000 0.000000 0.000000 0.000000 0.000000 0.000000 0.000000 0.000000 0.000000 0.000000
-0.074507 -0.187607 1.067918 8.205252 1.129304 -31.336699 -24.860591 -13.161743 3.180642 19.729972 5.095174 7.179895 -9.669707 -3.415470 6.156730 1.039857 -0.492527 -0.827348 -28.112782 0.966451 0.486424 17.887132 0.407350 -1.671688 -0.194687 -5.067341 -2.010062 -1.082416 -2.789325 -0.134003 48.338833 5.318823 -5.649500 -8.694321 1.251941 -7.716622 6.301427 -1.347165 -6.053411 1.099112 12.689104 8.398537 -8.867666 -5.753935 14.096169 -6.236041 11.171295 -32.701427 9.684162 44.608713 -50.187837 -18.516659 7.837814 -38.677667 -34.663683 -16.823612 -15.609445 0.000000 0.000000 0.000000 0.000000 0.000000 0.000000 0.000000 0.000000 0.000000 0.000000 0.000000 0.000000 0.000000 0.000000 0.000000 0.000000 0.000000 0.000000 0.000000 0.000000 0.000000 0.000000 0.000000 0.000000 0.000000 0.000000 0.000000 0.000000 0.000000 0.000000 0.000000 0.000000 0.000000 0.000000 0.000000 0.000000 0.000000 0.000000 0.000000 0.000000 0.000000 0.000000 -7.318014 -1.451670 13.573190 16.211855 -48.446357 17.113590 -22.223243 5.046855 109.776160 -27.428030 5.060201 16.251459 0.000000 0.000000 0.000000 0.000000 0.000000 0.000000 0.000000 0.000000 0.000000 0.000000 0.000000 0.000000 0.000000 0.000000 0.000000 0.000000 0.000000 0.000000 0.000000 0.000000 0.000000 0.000000 0.000000 0.000000 0.000000 0.000000 0.000000 0.000000 0.000000 0.000000 0.000000 0.000000 0.000000 0.000000 0.000000 0.000000 0.000000 0.000000 0.000000 0.000000 0.000000 0.000000
-0.061860 -0.193164 1.067563 7.938737 0.944695 -31.241035 -24.075944 -13.503284 3.357961 18.753945 4.818229 6.921782 -9.135453 -2.979936 6.074050 1.014882 -0.543808 -0.821055 -28.406098 0.688726 0.646215 19.062878 0.003900 -1.933022 -1.014439 -4.129481 -2.103190 -1.118627 -2.834928 0.003674 48.297408 4.930586 -5.816460 -8.690296 1.144377 -7.635060 6.538608 -1.471376 -6.095217 1.354952 12.873682 8.285921 -8.869843 -5.318257 13.411535 -6.347846 10.963073 -32.590117 10.391249 45.097023 -50.851624 -17.751536 7.816218 -40.341332 -35.020524 -16.360055 -15.930842 0.000000 0.000000 0.000000 0.000000 0.000000 0.000000 0.000000 0.000000 0.000000 0.000000 0.000000 0.000000 0.000000 0.000000 0.000000 0.000000 0.000000 0.000000 0.000000 0.000000 0.000000 0.000000 0.000000 0.000000 0.000000 0.000000 0.000000 0.000000 0.000000 0.000000 0.000000 0.000000 0.000000 0.000000 0.000000 0.000000 0.000000 0.000000 0.000000 0.000000 0.000000 0.000000 -7.225978 -1.621761 13.602182 16.188486 -48.576795 17.209430 -22.178122 5.162035 111.130270 -26.561720 5.513778 16.431014 0.000000 0.000000 0.000000 0.000000 0.000000 0.000000 0.000000 0.000000 0.000000 0.000000 0.000000 0.000000 0.000000 0.000000 0.000000 0.000000 0.000000 0.000000 0.000000 0.000000 0.000000 0.000000 0.000000 0.000000 0.000000 0.000000 0.000000 0.000000 0.000000 0.000000 0.000000 0.000000 0.000000 0.000000 0.000000 0.000000 0.000000 0.000000 0.000000 0.000000 0.000000 0.000000
-0.049960 -0.192759 1.068144 8.124503 0.598344 -30.988215 -23.366130 -13.544992 3.620625 17.093300 4.368932 6.780711 -8.651244 -2.619704 6.034837 1.009847 -0.502403 -0.717487 -28.651955 0.472372 0.806626 19.434101 -0.257795 -2.075602 -1.494218 -3.243730 -2.349151 -1.233004 -2.906020 0.058872 48.105799 4.457067 -5.705677 -8.691820 0.860969 -7.343609 6.610491 -1.614899 -5.874771 1.457782 13.148735 8.264205 -9.322685 -5.000107 13.005740 -6.313932 10.809066 -32.021064 10.487389 45.470439 -49.955934 -17.169510 7.889368 -42.102889 -34.990381 -16.145614 -15.954729 0.000000 0.000000 0.000000 0.000000 0.000000 0.000000 0.000000 0.000000 0.000000 0.000000 0.000000 0.000000 0.000000 0.000000 0.000000 0.000000 0.000000 0.000000 0.000000 0.000000 0.000000 0.000000 0.000000 0.000000 0.000000 0.000000 0.000000 0.000000 0.000000 0.000000 0.000000 0.000000 0.000000 0.000000 0.000000 0.000000 0.000000 0.000000 0.000000 0.000000 0.000000 0.000000 -6.971679 -1.918804 13.839270 16.898044 -48.995025 18.433596 -21.845593 5.326507 112.138150 -25.489943 5.781588 16.424581 0.000000 0.000000 0.000000 0.000000 0.000000 0.000000 0.000000 0.000000 0.000000 0.000000 0.000000 0.000000 0.000000 0.000000 0.000000 0.000000 0.000000 0.000000 0.000000 0.000000 0.000000 0.000000 0.000000 0.000000 0.000000 0.000000 0.000000 0.000000 0.000000 0.000000 0.000000 0.000000 0.000000 0.000000 0.000000 0.000000 0.000000 0.000000 0.000000 0.000000 0.000000 0.000000
-0.037219 -0.189675 1.069197 8.385407 0.170617 -31.028793 -22.528263 -13.463242 3.928760 15.407692 3.735275 6.555140 -8.230599 -2.222342 6.240366 0.970987 -0.500509 -0.630509 -28.903842 0.094104 1.053004 19.795902 -0.266000 -2.165759 -1.971189 -2.396996 -2.442169 -1.317610 -2.891624 0.132922 47.997368 3.950000 -5.521552 -8.595420 0.769435 -6.771347 6.531342 -1.717089 -5.444838 1.339115 13.523898 8.328319 -9.840106 -4.435812 12.566922 -6.304601 10.765844 -30.932281 9.866508 45.796384 -47.813294 -17.293791 7.781205 -43.130564 -34.579645 -16.158798 -15.820408 0.000000 0.000000 0.000000 0.000000 0.000000 0.000000 0.000000 0.000000 0.000000 0.000000 0.000000 0.000000 0.000000 0.000000 0.000000 0.000000 0.000000 0.000000 0.000000 0.000000 0.000000 0.000000 0.000000 0.000000 0.000000 0.000000 0.000000 0.000000 0.000000 0.000000 0.000000 0.000000 0.000000 0.000000 0.000000 0.000000 0.000000 0.000000 0.000000 0.000000 0.000000 0.000000 -6.655394 -2.247262 14.469591 18.363522 -49.614116 20.840707 -20.727355 5.479070 112.306773 -25.421272 5.506566 16.294272 0.000000 0.000000 0.000000 0.000000 0.000000 0.000000 0.000000 0.000000 0.000000 0.000000 0.000000 0.000000 0.000000 0.000000 0.000000 0.000000 0.000000 0.000000 0.000000 0.000000 0.000000 0.000000 0.000000 0.000000 0.000000 0.000000 0.000000 0.000000 0.000000 0.000000 0.000000 0.000000 0.000000 0.000000 0.000000 0.000000 0.000000 0.000000 0.000000 0.000000 0.000000 0.000000
-0.025641 -0.192346 1.070391 8.550274 -0.265305 -30.869267 -21.674896 -13.386318 4.263826 13.095122 3.165452 5.959437 -7.100018 -1.530390 6.540938 0.966605 -0.437880 -0.576646 -29.006903 -0.275883 1.348620 19.436204 -0.239850 -2.120179 -1.895286 -1.475612 -2.635397 -1.296974 -2.878069 0.211129 47.621308 3.294138 -5.262590 -8.013035 0.720097 -6.215303 6.146383 -1.814771 -4.948511 1.822585 13.485595 8.676036 -10.583762 -3.923646 11.942619 -5.890284 10.313084 -29.580434 7.211388 45.337701 -43.250510 -18.507647 7.441579 -42.790779 -33.665894 -15.954094 -15.646564 0.000000 0.000000 0.000000 0.000000 0.000000 0.000000 0.000000 0.000000 0.000000 0.000000 0.000000 0.000000 0.000000 0.000000 0.000000 0.000000 0.000000 0.000000 0.000000 0.000000 0.000000 0.000000 0.000000 0.000000 0.000000 0.000000 0.000000 0.000000 0.000000 0.000000 0.000000 0.000000 0.000000 0.000000 0.000000 0.000000 0.000000 0.000000 0.000000 0.000000 0.000000 0.000000 -6.213913 -1.934107 15.875800 21.241276 -50.909940 25.770651 -18.523946 6.643594 110.633775 -25.937274 5.553846 16.324079 0.000000 0.000000 0.000000 0.000000 0.000000 0.000000 0.000000 0.000000 0.000000 0.000000 0.000000 0.000000 0.000000 0.000000 0.000000 0.000000 0.000000 0.000000 0.000000 0.000000 0.000000 0.000000 0.000000 0.000000 0.000000 0.000000 0.000000 0.000000 0.000000 0.000000 0.000000 0.000000 0.000000 0.000000 0.000000 0.000000 0.000000 0.000000 0.000000 0.000000 0.000000 0.000000
-0.005778 -0.188077 1.071663 9.007071 -1.410306 -31.611640 -20.707822 -12.964543 4.610013 10.697664 2.489093 4.862119 -6.213500 -1.094577 7.997147 0.762069 -0.162982 -0.400803 -29.215538 -0.704169 1.737674 18.562071 0.119503 -1.682348 -2.381075 -0.599833 -2.881348 -1.269927 -2.832992 0.178416 47.317952 2.663162 -4.662752 -7.445362 0.721454 -5.442200 5.395811 -2.059039 -4.124726 1.750924 13.004467 10.352417 -10.711245 -2.823563 11.038402 -5.165344 9.830529 -28.224915 1.587751 42.289224 -35.428827 -21.456871 6.509609 -39.480673 -31.762320 -16.260671 -14.997308 0.000000 0.000000 0.000000 0.000000 0.000000 0.000000 0.000000 0.000000 0.000000 0.000000 0.000000 0.000000 0.000000 0.000000 0.000000 0.000000 0.000000 0.000000 0.000000 0.000000 0.000000 0.000000 0.000000 0.000000 0.000000 0.000000 0.000000 0.000000 0.000000 0.000000 0.000000 0.000000 0.000000 0.000000 0.000000 0.000000 0.000000 0.000000 0.000000 0.000000 0.000000 0.000000 -5.669242 -2.320866 18.530172 24.582459 -51.000564 32.527308 -14.189469 7.501035 106.360091 -29.640779 5.551824 16.183302 0.000000 0.000000 0.000000 0.000000 0.000000 0.000000 0.000000 0.000000 0.000000 0.000000 0.000000 0.000000 0.000000 0.000000 0.000000 0.000000 0.000000 0.000000 0.000000 0.000000 0.000000 0.000000 0.000000 0.000000 0.000000 0.000000 0.000000 0.000000 0.000000 0.000000 0.000000 0.000000 0.000000 0.000000 0.000000 0.000000 0.000000 0.000000 0.000000 0.000000 0.000000 0.000000
0.001729 -0.195813 1.071566 8.726250 -1.646721 -32.550820 -19.892893 -13.216951 5.189105 9.778074 2.180833 4.644464 -5.630949 -0.262293 8.443815 0.695546 -0.028755 -0.274685 -29.261750 -0.908390 1.526350 18.363166 -0.341813 -1.594984 -2.387138 -0.366904 -2.397285 -1.400460 -2.722247 0.156320 47.454134 2.687205 -4.319485 -6.781135 0.664521 -5.018351 4.739487 -2.129070 -3.646632 2.287529 12.787317 11.457494 -11.530418 -2.416607 10.257394 -4.679263 9.337688 -27.260835 -1.845315 39.357549 -29.743198 -22.185005 6.247356 -35.820782 -28.645326 -16.715947 -14.723866 0.000000 0.000000 0.000000 0.000000 0.000000 0.000000 0.000000 0.000000 0.000000 0.000000 0.000000 0.000000 0.000000 0.000000 0.000000 0.000000 0.000000 0.000000 0.000000 0.000000 0.000000 0.000000 0.000000 0.000000 0.000000 0.000000 0.000000 0.000000 0.000000 0.000000 0.000000 0.000000 0.000000 0.000000 0.000000 0.000000 0.000000 0.000000 0.000000 0.000000 0.000000 0.000000 -5.525147 -2.211511 20.262340 27.362514 -51.174800 37.385761 -11.021561 7.958490 102.259368 -31.903252 5.645609 16.199041 0.000000 0.000000 0.000000 0.000000 0.000000 0.000000 0.000000 0.000000 0.000000 0.000000 0.000000 0.000000 0.000000 0.000000 0.000000 0.000000 0.000000 0.000000 0.000000 0.000000 0.000000 0.000000 0.000000 0.000000 0.000000 0.000000 0.000000 0.000000 0.000000 0.000000 0.000000 0.000000 0.000000 0.000000 0.000000 0.000000 0.000000 0.000000 0.000000 0.000000 0.000000 0.000000
0.017463 -0.202736 1.071163 8.664859 -2.219795 -32.758424 -19.347298 -13.558760 5.838876 8.654951 2.045044 4.815548 -4.603317 0.912470 7.997238 0.710127 0.078011 -0.246223 -29.337292 -1.103026 1.261899 17.930066 -0.839463 -2.241809 -3.051215 0.264199 -2.212991 -1.393531 -2.677398 0.162445 47.467758 2.678749 -4.214313 -6.459515 0.624976 -4.891962 4.120315 -2.106379 -3.282268 2.645660 12.611641 11.801273 -11.253641 -2.228854 10.314096 -4.121603 9.120534 -26.883749 -3.933830 37.447441 -26.250079 -23.111116 6.173573 -32.858997 -27.025165 -17.252184 -14.543231 0.000000 0.000000 0.000000 0.000000 0.000000 0.000000 0.000000 0.000000 0.000000 0.000000 0.000000 0.000000 0.000000 0.000000 0.000000 0.000000 0.000000 0.000000 0.000000 0.000000 0.000000 0.000000 0.000000 0.000000 0.000000 0.000000 0.000000 0.000000 0.000000 0.000000 0.000000 0.000000 0.000000 0.000000 0.000000 0.000000 0.000000 0.000000 0.000000 0.000000 0.000000 0.000000 -5.442633 -2.094332 21.202406 29.183962 -51.215689 40.343272 -8.977728 8.259376 99.227643 -33.283815 5.845193 16.054617 0.000000 0.000000 0.000000 0.000000 0.000000 0.000000 0.000000 0.000000 0.000000 0.000000 0.000000 0.000000 0.000000 0.000000 0.000000 0.000000 0.000000 0.000000 0.000000 0.000000 0.000000 0.000000 0.000000 0.000000 0.000000 0.000000 0.000000 0.000000 0.000000 0.000000 0.000000 0.000000 0.000000 0.000000 0.000000 0.000000 0.000000 0.000000 0.000000 0.000000 0.000000 0.000000
0.030992 -0.207299 1.070100 8.566178 -2.624952 -32.743770 -19.449310 -13.956953 6.047145 9.059869 2.036681 4.715358 -4.049652 1.692163 7.612431 0.659410 -0.018769 -0.284561 -29.674243 -1.383916 1.440706 18.571435 -1.112410 -2.415469 -4.068470 1.038587 -2.427365 -1.444645 -2.649718 0.211764 47.612205 2.660818 -4.319843 -6.528524 0.562019 -5.003037 3.972850 -2.034566 -3.219279 2.660167 12.349792 11.946634 -10.955206 -2.403105 10.440328 -3.715923 9.356799 -26.769419 -4.356856 36.535522 -25.102339 -23.345934 6.483831 -31.185638 -26.337243 -17.451145 -14.355012 0.000000 0.000000 0.000000 0.000000 0.000000 0.000000 0.000000 0.000000 0.000000 0.000000 0.000000 0.000000 0.000000 0.000000 0.000000 0.000000 0.000000 0.000000 0.000000 0.000000 0.000000 0.000000 0.000000 0.000000 0.000000 0.000000 0.000000 0.000000 0.000000 0.000000 0.000000 0.000000 0.000000 0.000000 0.000000 0.000000 0.000000 0.000000 0.000000 0.000000 0.000000 0.000000 -5.479449 -2.248763 21.314692 29.379899 -51.134625 40.467590 -7.882010 7.787627 98.016896 -34.282031 6.246377 16.230810 0.000000 0.000000 0.000000 0.000000 0.000000 0.000000 0.000000 0.000000 0.000000 0.000000 0.000000 0.000000 0.000000 0.000000 0.000000 0.000000 0.000000 0.000000 0.000000 0.000000 0.000000 0.000000 0.000000 0.000000 0.000000 0.000000 0.000000 0.000000 0.000000 0.000000 0.000000 0.000000 0.000000 0.000000 0.000000 0.000000 0.000000 0.000000 0.000000 0.000000 0.000000 0.000000
0.049347 -0.201890 1.068829 8.716883 -2.962235 -32.203457 -19.196115 -14.290093 6.158446 9.349454 1.843484 4.744610 -4.079569 2.184545 7.128825 0.708486 0.035042 -0.233843 -30.095374 -1.958122 1.883534 20.389083 -1.055981 -2.364189 -6.099494 2.131617 -3.203046 -1.433226 -2.620118 0.199493 47.750548 2.158940 -4.960316 -6.548086 0.733045 -5.455624 4.246444 -2.001817 -3.824427 2.844583 12.591422 11.645807 -10.507921 -2.728310 11.343987 -3.200774 10.475900 -27.409088 -3.380705 36.605987 -26.445025 -22.883780 6.563504 -32.248465 -27.307895 -17.423195 -13.998829 0.000000 0.000000 0.000000 0.000000 0.000000 0.000000 0.000000 0.000000 0.000000 0.000000 0.000000 0.000000 0.000000 0.000000 0.000000 0.000000 0.000000 0.000000 0.000000 0.000000 0.000000 0.000000 0.000000 0.000000 0.000000 0.000000 0.000000 0.000000 0.000000 0.000000 0.000000 0.000000 0.000000 0.000000 0.000000 0.000000 0.000000 0.000000 0.000000 0.000000 0.000000 0.000000 -5.114931 -2.851183 20.647049 26.643212 -49.823144 36.189779 -8.206354 7.087140 99.395155 -34.671741 6.837472 16.397823 0.000000 0.000000 0.000000 0.000000 0.000000 0.000000 0.000000 0.000000 0.000000 0.000000 0.000000 0.000000 0.000000 0.000000 0.000000 0.000000 0.000000 0.000000 0.000000 0.000000 0.000000 0.000000 0.000000 0.000000 0.000000 0.000000 0.000000 0.000000 0.000000 0.000000 0.000000 0.000000 0.000000 0.000000 0.000000 0.000000 0.000000 0.000000 0.000000 0.000000 0.000000 0.000000
0.059123 -0.198846 1.067240 8.795336 -2.928298 -31.462705 -19.285543 -14.614270 6.061376 9.971124 1.644168 4.764340 -3.887499 2.334135 6.556432 0.716364 0.039012 -0.249951 -30.255375 -2.488439 2.189647 21.667632 -0.895690 -2.031999 -7.362760 3.232276 -3.966745 -1.411268 -2.734164 0.164767 47.428910 1.871793 -5.619968 -6.650773 0.786752 -5.993006 4.786423 -2.036902 -4.504487 3.158688 13.136114 11.095849 -10.550271 -3.224900 12.378148 -3.007491 11.291614 -28.296904 -1.343833 38.060526 -29.767989 -22.343264 6.600846 -34.149263 -28.813011 -16.933371 -14.212557 0.000000 0.000000 0.000000 0.000000 0.000000 0.000000 0.000000 0.000000 0.000000 0.000000 0.000000 0.000000 0.000000 0.000000 0.000000 0.000000 0.000000 0.000000 0.000000 0.000000 0.000000 0.000000 0.000000 0.000000 0.000000 0.000000 0.000000 0.000000 0.000000 0.000000 0.000000 0.000000 0.000000 0.000000 0.000000 0.000000 0.000000 0.000000 0.000000 0.000000 0.000000 0.000000 -4.913983 -3.183320 19.310614 23.186987 -48.412434 30.343308 -9.966014 5.971671 102.579465 -34.905063 6.633120 16.946989 0.000000 0.000000 0.000000 0.000000 0.000000 0.000000 0.000000 0.000000 0.000000 0.000000 0.000000 0.000000 0.000000 0.000000 0.000000 0.000000 0.000000 0.000000 0.000000 0.000000 0.000000 0.000000 0.000000 0.000000 0.000000 0.000000 0.000000 0.000000 0.000000 0.000000 0.000000 0.000000 0.000000 0.000000 0.000000 0.000000 0.000000 0.000000 0.000000 0.000000 0.000000 0.000000
0.067147 -0.194635 1.064883 8.840013 -2.688253 -30.313947 -19.590881 -15.158135 5.963605 11.234667 1.719119 5.606968 -4.193515 2.725702 5.215527 0.843598 -0.083132 -0.329962 -30.240142 -2.839713 2.263209 23.018743 -0.952199 -2.113467 -8.906975 4.166389 -4.536027 -1.391752 -2.765039 0.201909 47.057282 1.721579 -6.387184 -6.882260 0.798906 -6.561930 5.495582 -1.953596 -5.258423 3.495633 13.627102 10.133407 -10.707986 -3.875039 13.243255 -2.935950 12.214083 -29.435476 1.611651 40.075375 -34.754223 -20.521149 6.938967 -37.018837 -30.744048 -16.341627 -14.850844 0.000000 0.000000 0.000000 0.000000 0.000000 0.000000 0.000000 0.000000 0.000000 0.000000 0.000000 0.000000 0.000000 0.000000 0.000000 0.000000 0.000000 0.000000 0.000000 0.000000 0.000000 0.000000 0.000000 0.000000 0.000000 0.000000 0.000000 0.000000 0.000000 0.000000 0.000000 0.000000 0.000000 0.000000 0.000000 0.000000 0.000000 0.000000 0.000000 0.000000 0.000000 0.000000 -4.823114 -3.600514 17.364594 19.430665 -46.788226 24.081096 -12.609479 4.936940 106.068388 -33.659271 7.473460 18.176191 0.000000 0.000000 0.000000 0.000000 0.000000 0.000000 0.000000 0.000000 0.000000 0.000000 0.000000 0.000000 0.000000 0.000000 0.000000 0.000000 0.000000 0.000000 0.000000 0.000000 0.000000 0.000000 0.000000 0.000000 0.000000 0.000000 0.000000 0.000000 0.000000 0.000000 0.000000 0.000000 0.000000 0.000000 0.000000 0.000000 0.000000 0.000000 0.000000 0.000000 0.000000 0.000000
0.070538 -0.190978 1.062209 8.874359 -2.201998 -29.210115 -19.846776 -15.740498 5.823547 12.315126 1.767481 6.297588 -4.582874 2.776676 4.299689 0.957574 -0.213132 -0.329062 -30.421203 -3.196437 2.303568 24.697071 -1.228990 -2.249973 -10.064758 5.067700 -5.120622 -1.443792 -2.780611 0.188556 46.886049 1.625051 -7.131196 -7.153633 0.762950 -7.406161 6.046697 -1.836423 -6.146020 3.562821 14.137720 9.503954 -11.020444 -4.468686 13.916708 -3.168973 12.618492 -30.710354 4.719435 41.554764 -39.799750 -18.068356 7.336283 -39.333664 -32.775772 -15.626507 -15.543596 0.000000 0.000000 0.000000 0.000000 0.000000 0.000000 0.000000 0.000000 0.000000 0.000000 0.000000 0.000000 0.000000 0.000000 0.000000 0.000000 0.000000 0.000000 0.000000 0.000000 0.000000 0.000000 0.000000 0.000000 0.000000 0.000000 0.000000 0.000000 0.000000 0.000000 0.000000 0.000000 0.000000 0.000000 0.000000 0.000000 0.000000 0.000000 0.000000 0.000000 0.000000 0.000000 -5.138826 -3.594611 15.534227 16.192690 -45.286250 18.687950 -15.632314 4.467974 108.856409 -31.495171 7.608574 18.752070 0.000000 0.000000 0.000000 0.000000 0.000000 0.000000 0.000000 0.000000 0.000000 0.000000 0.000000 0.000000 0.000000 0.000000 0.000000 0.000000 0.000000 0.000000 0.000000 0.000000 0.000000 0.000000 0.000000 0.000000 0.000000 0.000000 0.000000 0.000000 0.000000 0.000000 0.000000 0.000000 0.000000 0.000000 0.000000 0.000000 0.000000 0.000000 0.000000 0.000000 0.000000 0.000000
0.078986 -0.198725 1.059942 8.548481 -2.080096 -29.040851 -20.292832 -16.628224 5.709867 13.722255 2.026652 6.922463 -3.917776 3.507685 3.759073 1.087183 -0.251954 -0.335809 -31.070766 -3.731208 2.116347 26.462358 -1.496306 -2.485501 -10.631679 5.374778 -5.211007 -1.415356 -2.699192 0.247636 47.130319 1.498113 -8.052346 -7.485931 1.008739 -8.218402 6.189096 -1.506852 -6.848635 3.298704 14.581282 9.290361 -10.292389 -4.841372 14.645114 -3.850085 12.530777 -32.011057 7.036990 42.950606 -44.889891 -16.696768 6.897959 -40.375818 -32.309541 -15.292602 -15.678979 0.000000 0.000000 0.000000 0.000000 0.000000 0.000000 0.000000 0.000000 0.000000 0.000000 0.000000 0.000000 0.000000 0.000000 0.000000 0.000000 0.000000 0.000000 0.000000 0.000000 0.000000 0.000000 0.000000 0.000000 0.000000 0.000000 0.000000 0.000000 0.000000 0.000000 0.000000 0.000000 0.000000 0.000000 0.000000 0.000000 0.000000 0.000000 0.000000 0.000000 0.000000 0.000000 -5.678618 -3.037965 14.337638 14.186923 -44.275717 14.789643 -18.136309 3.743275 110.808208 -29.592379 6.933473 18.711665 0.000000 0.000000 0.000000 0.000000 0.000000 0.000000 0.000000 0.000000 0.000000 0.000000 0.000000 0.000000 0.000000 0.000000 0.000000 0.000000 0.000000 0.000000 0.000000 0.000000 0.000000 0.000000 0.000000 0.000000 0.000000 0.000000 0.000000 0.000000 0.000000 0.000000 0.000000 0.000000 0.000000 0.000000 0.000000 0.000000 0.000000 0.000000 0.000000 0.000000 0.000000 0.000000
0.086315 -0.196514 1.059215 8.538168 -2.102816 -28.662176 -20.253318 -16.952202 5.772496 14.158810 2.137010 7.474526 -3.725574 3.809251 3.360962 1.146889 -0.250064 -0.300130 -31.338137 -4.049159 2.129825 27.613994 -1.475343 -2.501652 -11.020612 5.828670 -5.578371 -1.432412 -2.708201 0.217888 47.264357 1.281110 -8.567944 -7.605908 1.134305 -8.679950 6.267488 -1.299135 -7.208581 2.739180 14.852165 9.726194 -9.766989 -4.920984 15.525937 -4.316693 12.400822 -32.843687 7.814436 43.409777 -47.457007 -16.231560 6.644267 -40.722168 -32.610919 -15.345967 -15.565956 0.000000 0.000000 0.000000 0.000000 0.000000 0.000000 0.000000 0.000000 0.000000 0.000000 0.000000 0.000000 0.000000 0.000000 0.000000 0.000000 0.000000 0.000000 0.000000 0.000000 0.000000 0.000000 0.000000 0.000000 0.000000 0.000000 0.000000 0.000000 0.000000 0.000000 0.000000 0.000000 0.000000 0.000000 0.000000 0.000000 0.000000 0.000000 0.000000 0.000000 0.000000 0.000000 -6.027905 -2.786087 13.727372 13.196201 -43.663114 12.867096 -19.233982 3.416396 111.818622 -28.944401 6.963609 18.651105 0.000000 0.000000 0.000000 0.000000 0.000000 0.000000 0.000000 0.000000 0.000000 0.000000 0.000000 0.000000 0.000000 0.000000 0.000000 0.000000 0.000000 0.000000 0.000000 0.000000 0.000000 0.000000 0.000000 0.000000 0.000000 0.000000 0.000000 0.000000 0.000000 0.000000 0.000000 0.000000 0.000000 0.000000 0.000000 0.000000 0.000000 0.000000 0.000000 0.000000 0.000000 0.000000
0.092946 -0.191863 1.059315 8.553343 -2.165597 -28.243777 -20.267504 -17.131312 5.856857 14.807422 2.265809 7.875723 -3.592726 4.016891 3.038037 1.155137 -0.259132 -0.278799 -31.507029 -4.191787 2.135966 28.699040 -1.440743 -2.481359 -11.211192 6.205505 -5.833887 -1.516250 -2.706429 0.201372 47.369453 1.091252 -8.790951 -7.651957 1.137358 -8.926720 6.245213 -1.151603 -7.345961 2.495102 15.082028 10.174756 -9.526438 -4.719933 15.916752 -4.363402 12.378673 -33.186117 8.147005 43.520432 -48.425916 -15.541700 6.437124 -41.272341 -31.956260 -15.360129 -15.492403 0.000000 0.000000 0.000000 0.000000 0.000000 0.000000 0.000000 0.000000 0.000000 0.000000 0.000000 0.000000 0.000000 0.000000 0.000000 0.000000 0.000000 0.000000 0.000000 0.000000 0.000000 0.000000 0.000000 0.000000 0.000000 0.000000 0.000000 0.000000 0.000000 0.000000 0.000000 0.000000 0.000000 0.000000 0.000000 0.000000 0.000000 0.000000 0.000000 0.000000 0.000000 0.000000 -6.003047 -2.709045 13.407573 12.903874 -43.619321 12.042032 -19.671002 3.365760 112.745718 -28.313837 7.140428 18.742301 0.000000 0.000000 0.000000 0.000000 0.000000 0.000000 0.000000 0.000000 0.000000 0.000000 0.000000 0.000000 0.000000 0.000000 0.000000 0.000000 0.000000 0.000000 0.000000 0.000000 0.000000 0.000000 0.000000 0.000000 0.000000 0.000000 0.000000 0.000000 0.000000 0.000000 0.000000 0.000000 0.000000 0.000000 0.000000 0.000000 0.000000 0.000000 0.000000 0.000000 0.000000 0.000000
0.097092 -0.187087 1.060325 8.605357 -2.235435 -27.928991 -20.337624 -17.104573 5.909670 15.436557 2.246759 8.135162 -3.404335 4.130904 2.874967 1.161853 -0.240775 -0.268665 -31.454666 -4.193088 2.198213 29.124657 -1.428854 -2.512008 -11.068453 6.353157 -5.968052 -1.576384 -2.680864 0.202870 47.122487 0.969929 -8.610891 -7.400065 1.010058 -8.881931 6.151296 -1.141649 -7.190807 2.575249 15.220421 10.297642 -9.918343 -4.573157 15.718247 -4.279932 12.532614 -32.929346 8.045244 43.687494 -47.833160 -14.995125 6.345169 -41.707142 -30.811305 -15.229910 -15.356847 0.000000 0.000000 0.000000 0.000000 0.000000 0.000000 0.000000 0.000000 0.000000 0.000000 0.000000 0.000000 0.000000 0.000000 0.000000 0.000000 0.000000 0.000000 0.000000 0.000000 0.000000 0.000000 0.000000 0.000000 0.000000 0.000000 0.000000 0.000000 0.000000 0.000000 0.000000 0.000000 0.000000 0.000000 0.000000 0.000000 0.000000 0.000000 0.000000 0.000000 0.000000 0.000000 -5.793444 -2.763720 13.313662 13.117956 -44.231307 12.434725 -19.430463 3.578580 113.221632 -27.626750 6.941092 18.480736 0.000000 0.000000 0.000000 0.000000 0.000000 0.000000 0.000000 0.000000 0.000000 0.000000 0.000000 0.000000 0.000000 0.000000 0.000000 0.000000 0.000000 0.000000 0.000000 0.000000 0.000000 0.000000 0.000000 0.000000 0.000000 0.000000 0.000000 0.000000 0.000000 0.000000 0.000000 0.000000 0.000000 0.000000 0.000000 0.000000 0.000000 0.000000 0.000000 0.000000 0.000000 0.000000
0.099341 -0.180507 1.061935 8.571733 -2.422300 -27.720924 -20.142616 -16.707491 5.992886 15.986494 2.299645 8.271281 -3.386497 3.915976 3.066211 1.143490 -0.238642 -0.285701 -31.009812 -3.844616 2.333242 28.968193 -1.363288 -2.564373 -10.902663 6.378185 -5.944356 -1.609494 -2.610114 0.217099 46.882288 1.049891 -8.036145 -6.895501 0.837918 -8.547159 5.983837 -1.261889 -6.760033 3.077993 15.316715 10.226680 -10.498680 -4.276848 15.073455 -3.531105 12.848676 -31.987666 7.084846 43.317167 -44.652915 -14.870482 6.313858 -42.371194 -29.513314 -15.109612 -15.231691 0.000000 0.000000 0.000000 0.000000 0.000000 0.000000 0.000000 0.000000 0.000000 0.000000 0.000000 0.000000 0.000000 0.000000 0.000000 0.000000 0.000000 0.000000 0.000000 0.000000 0.000000 0.000000 0.000000 0.000000 0.000000 0.000000 0.000000 0.000000 0.000000 0.000000 0.000000 0.000000 0.000000 0.000000 0.000000 0.000000 0.000000 0.000000 0.000000 0.000000 0.000000 0.000000 -5.117016 -3.018142 13.633896 14.348899 -45.669304 14.482379 -18.194286 4.367061 112.952629 -27.596670 6.760420 18.324549 0.000000 0.000000 0.000000 0.000000 0.000000 0.000000 0.000000 0.000000 0.000000 0.000000 0.000000 0.000000 0.000000 0.000000 0.000000 0.000000 0.000000 0.000000 0.000000 0.000000 0.000000 0.000000 0.000000 0.000000 0.000000 0.000000 0.000000 0.000000 0.000000 0.000000 0.000000 0.000000 0.000000 0.000000 0.000000 0.000000 0.000000 0.000000 0.000000 0.000000 0.000000 0.000000
0.099919 -0.172143 1.063995 8.865312 -2.598055 -27.579487 -19.877930 -16.282085 6.188298 16.265372 2.307595 8.205087 -3.480859 3.440295 3.654406 1.043650 -0.165335 -0.255091 -30.681783 -3.632555 2.528411 28.285916 -1.237878 -2.441605 -10.464857 6.247580 -6.110681 -1.657938 -2.689897 0.152899 46.489870 0.886741 -7.503014 -6.717194 0.809719 -7.921079 5.813940 -1.351126 -6.176404 2.948730 15.204475 10.388934 -10.538883 -3.806925 14.715818 -2.941951 12.929259 -30.311898 5.334835 42.469108 -40.202346 -15.294495 6.448678 -42.638543 -29.032449 -15.101702 -14.940663 0.000000 0.000000 0.000000 0.000000 0.000000 0.000000 0.000000 0.000000 0.000000 0.000000 0.000000 0.000000 0.000000 0.000000 0.000000 0.000000 0.000000 0.000000 0.000000 0.000000 0.000000 0.000000 0.000000 0.000000 0.000000 0.000000 0.000000 0.000000 0.000000 0.000000 0.000000 0.000000 0.000000 0.000000 0.000000 0.000000 0.000000 0.000000 0.000000 0.000000 0.000000 0.000000 -4.647310 -3.373442 14.249776 16.585668 -47.089775 18.039499 -15.840099 5.001081 112.346920 -28.432563 6.639924 17.712943 0.000000 0.000000 0.000000 0.000000 0.000000 0.000000 0.000000 0.000000 0.000000 0.000000 0.000000 0.000000 0.000000 0.000000 0.000000 0.000000 0.000000 0.000000 0.000000 0.000000 0.000000 0.000000 0.000000 0.000000 0.000000 0.000000 0.000000 0.000000 0.000000 0.000000 0.000000 0.000000 0.000000 0.000000 0.000000 0.000000 0.000000 0.000000 0.000000 0.000000 0.000000 0.000000
0.104677 -0.182519 1.065400 8.463269 -3.032644 -28.327437 -19.461267 -15.891648 6.234614 17.001843 2.350419 7.655118 -2.758837 3.316088 5.109893 0.920943 -0.043733 -0.182421 -30.306104 -3.656725 2.704356 27.027301 -1.066666 -2.041197 -9.979669 6.005711 -6.090334 -1.609557 -2.670999 0.122751 46.296737 0.906256 -7.035206 -5.983425 0.958330 -7.123166 5.371404 -1.440669 -5.425965 2.722233 14.907552 11.189804 -10.368470 -2.901200 15.082172 -2.698307 12.639445 -28.554159 2.675396 41.380700 -34.664716 -17.576438 6.060396 -41.690602 -27.235101 -16.362820 -14.356743 0.000000 0.000000 0.000000 0.000000 0.000000 0.000000 0.000000 0.000000 0.000000 0.000000 0.000000 0.000000 0.000000 0.000000 0.000000 0.000000 0.000000 0.000000 0.000000 0.000000 0.000000 0.000000 0.000000 0.000000 0.000000 0.000000 0.000000 0.000000 0.000000 0.000000 0.000000 0.000000 0.000000 0.000000 0.000000 0.000000 0.000000 0.000000 0.000000 0.000000 0.000000 0.000000 -4.597440 -3.156478 15.854328 20.523934 -48.625236 23.769981 -12.400572 5.734105 110.111665 -30.706943 6.634160 17.164822 0.000000 0.000000 0.000000 0.000000 0.000000 0.000000 0.000000 0.000000 0.000000 0.000000 0.000000 0.000000 0.000000 0.000000 0.000000 0.000000 0.000000 0.000000 0.000000 0.000000 0.000000 0.000000 0.000000 0.000000 0.000000 0.000000 0.000000 0.000000 0.000000 0.000000 0.000000 0.000000 0.000000 0.000000 0.000000 0.000000 0.000000 0.000000 0.000000 0.000000 0.000000 0.000000
0.107983 -0.188044 1.066459 8.306917 -3.359606 -28.771118 -19.226755 -15.573590 6.291019 18.035919 2.520622 6.961878 -2.337743 3.058255 6.704660 0.828390 0.058335 -0.151685 -30.291439 -3.583791 2.643177 26.403177 -1.000460 -1.578187 -9.504482 5.773080 -6.128439 -1.659445 -2.550920 0.082560 46.206770 0.778954 -6.559871 -5.824728 1.015853 -6.474580 4.942509 -1.396314 -4.842935 2.699671 14.556215 11.558614 -9.939358 -2.543461 14.910547 -2.520208 12.531676 -27.278214 0.417072 40.247630 -30.066943 -19.273149 5.877168 -40.593260 -26.569711 -17.330831 -13.914013 0.000000 0.000000 0.000000 0.000000 0.000000 0.000000 0.000000 0.000000 0.000000 0.000000 0.000000 0.000000 0.000000 0.000000 0.000000 0.000000 0.000000 0.000000 0.000000 0.000000 0.000000 0.000000 0.000000 0.000000 0.000000 0.000000 0.000000 0.000000 0.000000 0.000000 0.000000 0.000000 0.000000 0.000000 0.000000 0.000000 0.000000 0.000000 0.000000 0.000000 0.000000 0.000000 -4.458491 -3.172756 17.238916 22.564008 -48.807658 27.392481 -9.649974 6.105692 108.122881 -32.484084 5.989406 16.397226 0.000000 0.000000 0.000000 0.000000 0.000000 0.000000 0.000000 0.000000 0.000000 0.000000 0.000000 0.000000 0.000000 0.000000 0.000000 0.000000 0.000000 0.000000 0.000000 0.000000 0.000000 0.000000 0.000000 0.000000 0.000000 0.000000 0.000000 0.000000 0.000000 0.000000 0.000000 0.000000 0.000000 0.000000 0.000000 0.000000 0.000000 0.000000 0.000000 0.000000 0.000000 0.000000
0.112012 -0.192440 1.066907 7.980172 -3.404903 -28.506395 -18.746314 -15.783823 6.708009 19.033021 3.041558 6.872842 -2.276149 3.192515 6.823275 0.851060 0.123983 -0.142306 -29.824882 -3.303223 2.344131 25.999236 -1.394081 -1.672218 -9.637300 5.734845 -6.154689 -1.697870 -2.468514 0.091457 45.940701 0.829783 -6.246700 -5.423091 1.007263 -6.326120 4.590857 -1.378904 -4.626156 2.926386 14.261017 11.474965 -9.524740 -2.580017 14.958086 -2.098732 12.537762 -26.783683 -0.789961 39.321266 -27.679311 -19.367586 5.820566 -39.984660 -25.885132 -17.291516 -13.584311 0.000000 0.000000 0.000000 0.000000 0.000000 0.000000 0.000000 0.000000 0.000000 0.000000 0.000000 0.000000 0.000000 0.000000 0.000000 0.000000 0.000000 0.000000 0.000000 0.000000 0.000000 0.000000 0.000000 0.000000 0.000000 0.000000 0.000000 0.000000 0.000000 0.000000 0.000000 0.000000 0.000000 0.000000 0.000000 0.000000 0.000000 0.000000 0.000000 0.000000 0.000000 0.000000 -4.366838 -3.142158 17.792380 23.163218 -48.926452 28.684303 -8.175793 6.157731 105.943284 -33.242766 5.640973 15.625937 0.000000 0.000000 0.000000 0.000000 0.000000 0.000000 0.000000 0.000000 0.000000 0.000000 0.000000 0.000000 0.000000 0.000000 0.000000 0.000000 0.000000 0.000000 0.000000 0.000000 0.000000 0.000000 0.000000 0.000000 0.000000 0.000000 0.000000 0.000000 0.000000 0.000000 0.000000 0.000000 0.000000 0.000000 0.000000 0.000000 0.000000 0.000000 0.000000 0.000000 0.000000 0.000000
0.113736 -0.188833 1.066957 7.942177 -3.024259 -27.363449 -17.937746 -15.786193 6.892821 18.664163 2.870838 6.660784 -2.293366 2.959121 6.947698 0.843021 0.046867 -0.168921 -29.173654 -3.462555 2.327759 26.030391 -1.447822 -1.499042 -9.926501 6.323063 -6.914911 -1.723882 -2.551309 0.125539 45.235801 0.686551 -6.525934 -5.512848 1.071965 -6.412085 5.025267 -1.346142 -4.805022 3.340265 14.575237 11.180671 -9.088602 -2.827590 15.580324 -1.944680 12.808159 -26.921104 0.585307 40.025551 -29.333914 -18.808143 5.905936 -41.277990 -26.843414 -16.835975 -14.099528 0.000000 0.000000 0.000000 0.000000 0.000000 0.000000 0.000000 0.000000 0.000000 0.000000 0.000000 0.000000 0.000000 0.000000 0.000000 0.000000 0.000000 0.000000 0.000000 0.000000 0.000000 0.000000 0.000000 0.000000 0.000000 0.000000 0.000000 0.000000 0.000000 0.000000 0.000000 0.000000 0.000000 0.000000 0.000000 0.000000 0.000000 0.000000 0.000000 0.000000 0.000000 0.000000 -4.261927 -3.276629 17.010632 21.104989 -47.757555 25.621605 -8.936237 5.463745 107.232988 -33.171704 5.657988 16.072150 0.000000 0.000000 0.000000 0.000000 0.000000 0.000000 0.000000 0.000000 0.000000 0.000000 0.000000 0.000000 0.000000 0.000000 0.000000 0.000000 0.000000 0.000000 0.000000 0.000000 0.000000 0.000000 0.000000 0.000000 0.000000 0.000000 0.000000 0.000000 0.000000 0.000000 0.000000 0.000000 0.000000 0.000000 0.000000 0.000000 0.000000 0.000000 0.000000 0.000000 0.000000 0.000000
0.118828 -0.183935 1.066702 7.984507 -2.800908 -25.575935 -16.800426 -15.530365 6.898941 16.871132 2.379321 6.510858 -2.132847 3.089551 6.555470 0.975897 -0.083193 -0.201214 -28.263865 -3.619361 2.375975 25.614075 -1.268086 -1.231300 -10.674230 7.062212 -8.155306 -1.573614 -2.544481 0.159229 44.557719 0.652306 -7.010267 -5.913861 1.169294 -6.874536 5.698824 -1.331174 -5.341741 4.155053 15.119796 9.978811 -8.585316 -3.256577 16.269859 -1.865684 13.210171 -27.788664 3.446805 41.967057 -33.862307 -17.641454 6.245553 -42.701633 -29.331329 -16.520112 -14.641081 0.000000 0.000000 0.000000 0.000000 0.000000 0.000000 0.000000 0.000000 0.000000 0.000000 0.000000 0.000000 0.000000 0.000000 0.000000 0.000000 0.000000 0.000000 0.000000 0.000000 0.000000 0.000000 0.000000 0.000000 0.000000 0.000000 0.000000 0.000000 0.000000 0.000000 0.000000 0.000000 0.000000 0.000000 0.000000 0.000000 0.000000 0.000000 0.000000 0.000000 0.000000 0.000000 -4.144960 -3.283543 15.382286 17.943209 -45.708822 20.470623 -10.965782 4.816316 109.652256 -32.375971 6.139511 17.029339 0.000000 0.000000 0.000000 0.000000 0.000000 0.000000 0.000000 0.000000 0.000000 0.000000 0.000000 0.000000 0.000000 0.000000 0.000000 0.000000 0.000000 0.000000 0.000000 0.000000 0.000000 0.000000 0.000000 0.000000 0.000000 0.000000 0.000000 0.000000 0.000000 0.000000 0.000000 0.000000 0.000000 0.000000 0.000000 0.000000 0.000000 0.000000 0.000000 0.000000 0.000000 0.000000
0.121467 -0.180090 1.066098 7.853461 -2.088807 -23.586550 -16.371608 -16.171356 7.098250 16.617207 2.270955 7.430018 -2.056188 3.730936 5.055120 1.151104 -0.002427 -0.230671 -27.274773 -3.723851 1.555901 25.711916 -1.703484 -1.989980 -11.619769 7.480228 -8.468668 -1.628718 -2.601525 0.198313 44.412583 0.870752 -7.656631 -6.395737 1.065056 -7.814424 6.359234 -1.282104 -6.204866 4.782884 16.208635 8.752268 -8.336762 -3.801471 17.083069 -2.559811 13.501178 -29.299948 7.475701 44.222574 -40.810894 -14.294338 6.667684 -44.680208 -30.088302 -15.990479 -15.163360 0.000000 0.000000 0.000000 0.000000 0.000000 0.000000 0.000000 0.000000 0.000000 0.000000 0.000000 0.000000 0.000000 0.000000 0.000000 0.000000 0.000000 0.000000 0.000000 0.000000 0.000000 0.000000 0.000000 0.000000 0.000000 0.000000 0.000000 0.000000 0.000000 0.000000 0.000000 0.000000 0.000000 0.000000 0.000000 0.000000 0.000000 0.000000 0.000000 0.000000 0.000000 0.000000 -4.775134 -3.261298 13.013146 13.830028 -43.131470 13.699468 -15.332215 4.129117 112.454817 -27.623504 5.260441 17.085784 0.000000 0.000000 0.000000 0.000000 0.000000 0.000000 0.000000 0.000000 0.000000 0.000000 0.000000 0.000000 0.000000 0.000000 0.000000 0.000000 0.000000 0.000000 0.000000 0.000000 0.000000 0.000000 0.000000 0.000000 0.000000 0.000000 0.000000 0.000000 0.000000 0.000000 0.000000 0.000000 0.000000 0.000000 0.000000 0.000000 0.000000 0.000000 0.000000 0.000000 0.000000 0.000000
0.125984 -0.183769 1.065764 7.559275 -1.889711 -22.694129 -15.910511 -16.426318 6.996252 15.912813 2.274788 7.959977 -1.590117 4.291970 4.780602 1.182641 -0.073206 -0.243493 -26.959214 -3.873703 1.103670 25.963140 -1.850915 -2.310916 -11.970299 7.681725 -8.753933 -1.553338 -2.389877 0.277136 44.346940 0.999541 -8.094277 -6.424500 1.404547 -8.300742 6.583111 -1.104345 -6.707362 4.833755 16.626652 8.301540 -8.014263 -3.961429 17.588985 -2.953169 13.563971 -30.415159 8.914716 45.250115 -44.338721 -14.131140 6.779316 -44.206752 -32.306657 -16.750315 -15.321183 0.000000 0.000000 0.000000 0.000000 0.000000 0.000000 0.000000 0.000000 0.000000 0.000000 0.000000 0.000000 0.000000 0.000000 0.000000 0.000000 0.000000 0.000000 0.000000 0.000000 0.000000 0.000000 0.000000 0.000000 0.000000 0.000000 0.000000 0.000000 0.000000 0.000000 0.000000 0.000000 0.000000 0.000000 0.000000 0.000000 0.000000 0.000000 0.000000 0.000000 0.000000 0.000000 -5.140608 -2.812184 12.479634 12.314543 -41.308751 11.123589 -16.627576 3.713211 113.365214 -27.002649 5.285805 17.313210 0.000000 0.000000 0.000000 0.000000 0.000000 0.000000 0.000000 0.000000 0.000000 0.000000 0.000000 0.000000 0.000000 0.000000 0.000000 0.000000 0.000000 0.000000 0.000000 0.000000 0.000000 0.000000 0.000000 0.000000 0.000000 0.000000 0.000000 0.000000 0.000000 0.000000 0.000000 0.000000 0.000000 0.000000 0.000000 0.000000 0.000000 0.000000 0.000000 0.000000 0.000000 0.000000
0.126033 -0.181511 1.066045 7.686664 -1.690977 -21.867286 -15.632643 -16.477750 7.207455 14.968665 2.117515 8.183380 -1.537829 4.613312 4.384339 1.200035 -0.072262 -0.214124 -26.865293 -3.938484 0.858731 25.963020 -1.872359 -2.546142 -11.941912 7.730303 -8.986561 -1.533338 -2.345765 0.262069 44.330136 1.079640 -8.315461 -6.258133 1.674525 -8.605374 6.429301 -0.923590 -6.873580 4.524341 17.122376 8.371416 -7.964642 -4.053538 17.975545 -3.170871 13.636435 -31.060662 9.073439 45.326083 -45.460657 -13.941662 6.693562 -43.727788 -31.875539 -17.029538 -15.538780 0.000000 0.000000 0.000000 0.000000 0.000000 0.000000 0.000000 0.000000 0.000000 0.000000 0.000000 0.000000 0.000000 0.000000 0.000000 0.000000 0.000000 0.000000 0.000000 0.000000 0.000000 0.000000 0.000000 0.000000 0.000000 0.000000 0.000000 0.000000 0.000000 0.000000 0.000000 0.000000 0.000000 0.000000 0.000000 0.000000 0.000000 0.000000 0.000000 0.000000 0.000000 0.000000 -5.446131 -2.344407 12.105048 11.797340 -40.982352 9.933632 -17.104108 3.550663 113.511892 -26.396295 5.248759 17.643811 0.000000 0.000000 0.000000 0.000000 0.000000 0.000000 0.000000 0.000000 0.000000 0.000000 0.000000 0.000000 0.000000 0.000000 0.000000 0.000000 0.000000 0.000000 0.000000 0.000000 0.000000 0.000000 0.000000 0.000000 0.000000 0.000000 0.000000 0.000000 0.000000 0.000000 0.000000 0.000000 0.000000 0.000000 0.000000 0.000000 0.000000 0.000000 0.000000 0.000000 0.000000 0.000000
0.123671 -0.181623 1.066406 7.668488 -1.417098 -21.119915 -15.645149 -16.545990 7.265700 14.707079 2.014098 8.258529 -1.512122 4.740784 3.943176 1.155659 -0.099915 -0.225747 -26.728666 -3.941169 0.748700 25.941409 -1.936400 -2.657513 -11.592044 7.832144 -9.183500 -1.575706 -2.354454 0.276414 44.279991 1.182046 -8.177952 -5.939615 1.665845 -8.635740 6.239366 -0.862599 -6.820509 4.348602 17.299880 8.681887 -8.389846 -4.024061 17.799111 -3.094524 13.679209 -31.057658 8.615929 45.241981 -44.752782 -13.702758 6.687554 -43.406566 -30.593295 -17.198545 -15.422459 0.000000 0.000000 0.000000 0.000000 0.000000 0.000000 0.000000 0.000000 0.000000 0.000000 0.000000 0.000000 0.000000 0.000000 0.000000 0.000000 0.000000 0.000000 0.000000 0.000000 0.000000 0.000000 0.000000 0.000000 0.000000 0.000000 0.000000 0.000000 0.000000 0.000000 0.000000 0.000000 0.000000 0.000000 0.000000 0.000000 0.000000 0.000000 0.000000 0.000000 0.000000 0.000000 -5.449634 -2.151332 12.170638 12.040482 -41.846781 10.347035 -17.130240 3.678318 113.762977 -25.884999 5.431737 17.575218 0.000000 0.000000 0.000000 0.000000 0.000000 0.000000 0.000000 0.000000 0.000000 0.000000 0.000000 0.000000 0.000000 0.000000 0.000000 0.000000 0.000000 0.000000 0.000000 0.000000 0.000000 0.000000 0.000000 0.000000 0.000000 0.000000 0.000000 0.000000 0.000000 0.000000 0.000000 0.000000 0.000000 0.000000 0.000000 0.000000 0.000000 0.000000 0.000000 0.000000 0.000000 0.000000
0.116893 -0.184137 1.066866 7.451769 -1.120820 -20.575317 -15.733442 -16.434365 7.132722 14.844486 2.046178 7.897552 -1.694114 4.475249 3.907486 1.062709 -0.168778 -0.271431 -26.422037 -3.528902 0.716707 25.661800 -2.229111 -2.698060 -11.041039 7.662390 -9.102899 -1.656633 -2.355048 0.301054 44.120565 1.425401 -7.537624 -5.255599 1.505212 -8.351937 5.919705 -0.871212 -6.502693 4.636199 16.941351 9.059149 -9.389474 -3.781653 16.615735 -2.414544 13.969892 -30.048927 6.749634 44.054164 -41.009339 -13.425390 6.631690 -42.895466 -29.162588 -17.257586 -15.571569 0.000000 0.000000 0.000000 0.000000 0.000000 0.000000 0.000000 0.000000 0.000000 0.000000 0.000000 0.000000 0.000000 0.000000 0.000000 0.000000 0.000000 0.000000 0.000000 0.000000 0.000000 0.000000 0.000000 0.000000 0.000000 0.000000 0.000000 0.000000 0.000000 0.000000 0.000000 0.000000 0.000000 0.000000 0.000000 0.000000 0.000000 0.000000 0.000000 0.000000 0.000000 0.000000 -5.054231 -2.431419 12.717610 13.443552 -43.753761 13.102445 -15.555011 4.629744 113.326511 -26.267570 6.329081 17.436935 0.000000 0.000000 0.000000 0.000000 0.000000 0.000000 0.000000 0.000000 0.000000 0.000000 0.000000 0.000000 0.000000 0.000000 0.000000 0.000000 0.000000 0.000000 0.000000 0.000000 0.000000 0.000000 0.000000 0.000000 0.000000 0.000000 0.000000 0.000000 0.000000 0.000000 0.000000 0.000000 0.000000 0.000000 0.000000 0.000000 0.000000 0.000000 0.000000 0.000000 0.000000 0.000000
0.112284 -0.181737 1.067537 7.470540 -1.166840 -20.923062 -15.297059 -16.009661 7.434780 14.396395 2.010132 7.532813 -2.090388 3.997490 4.528654 1.020344 -0.127161 -0.233602 -26.001355 -3.440437 1.110950 24.848957 -1.867326 -2.291367 -10.717565 7.612862 -9.205484 -1.599407 -2.372081 0.268548 44.196827 1.380132 -7.098103 -4.917575 1.569284 -7.680811 5.558163 -0.930209 -5.914928 4.251102 16.618074 9.775417 -9.531735 -3.187983 16.278779 -1.952505 13.879359 -28.752517 4.216485 42.893893 -35.990924 -14.990305 6.054264 -41.275850 -26.653979 -17.359957 -15.081293 0.000000 0.000000 0.000000 0.000000 0.000000 0.000000 0.000000 0.000000 0.000000 0.000000 0.000000 0.000000 0.000000 0.000000 0.000000 0.000000 0.000000 0.000000 0.000000 0.000000 0.000000 0.000000 0.000000 0.000000 0.000000 0.000000 0.000000 0.000000 0.000000 0.000000 0.000000 0.000000 0.000000 0.000000 0.000000 0.000000 0.000000 0.000000 0.000000 0.000000 0.000000 0.000000 -4.620250 -2.358378 14.166311 16.773000 -46.177271 18.343292 -12.401449 5.588741 111.725258 -28.519536 6.486520 16.894711 0.000000 0.000000 0.000000 0.000000 0.000000 0.000000 0.000000 0.000000 0.000000 0.000000 0.000000 0.000000 0.000000 0.000000 0.000000 0.000000 0.000000 0.000000 0.000000 0.000000 0.000000 0.000000 0.000000 0.000000 0.000000 0.000000 0.000000 0.000000 0.000000 0.000000 0.000000 0.000000 0.000000 0.000000 0.000000 0.000000 0.000000 0.000000 0.000000 0.000000 0.000000 0.000000
0.108501 -0.188898 1.067791 7.091468 -1.388249 -21.803040 -14.825956 -15.750088 7.950838 14.134647 2.515980 7.304939 -2.306296 4.048221 5.835684 0.949684 -0.056543 -0.168177 -26.325662 -3.002780 1.230400 25.084193 -1.941726 -2.222975 -10.222248 7.045494 -8.753988 -1.594420 -2.281835 0.238689 44.208947 1.373961 -6.491795 -4.450991 1.920186 -6.989648 4.812946 -0.859175 -5.186965 3.883033 15.970665 11.183356 -9.497049 -2.600725 16.138816 -1.706265 13.590535 -27.191757 0.750587 40.689694 -29.832440 -17.392953 5.887417 -37.799247 -25.860313 -17.991548 -14.052485 0.000000 0.000000 0.000000 0.000000 0.000000 0.000000 0.000000 0.000000 0.000000 0.000000 0.000000 0.000000 0.000000 0.000000 0.000000 0.000000 0.000000 0.000000 0.000000 0.000000 0.000000 0.000000 0.000000 0.000000 0.000000 0.000000 0.000000 0.000000 0.000000 0.000000 0.000000 0.000000 0.000000 0.000000 0.000000 0.000000 0.000000 0.000000 0.000000 0.000000 0.000000 0.000000 -4.420058 -2.424486 16.219564 21.343144 -48.191926 25.477119 -8.224993 6.206207 108.183728 -31.907307 6.450928 15.894091 0.000000 0.000000 0.000000 0.000000 0.000000 0.000000 0.000000 0.000000 0.000000 0.000000 0.000000 0.000000 0.000000 0.000000 0.000000 0.000000 0.000000 0.000000 0.000000 0.000000 0.000000 0.000000 0.000000 0.000000 0.000000 0.000000 0.000000 0.000000 0.000000 0.000000 0.000000 0.000000 0.000000 0.000000 0.000000 0.000000 0.000000 0.000000 0.000000 0.000000 0.000000 0.000000
0.106947 -0.194099 1.067964 6.899627 -1.366160 -22.094625 -14.691172 -15.572355 8.070014 14.058646 2.333542 7.112653 -2.280010 4.138488 6.903595 0.848739 -0.120933 -0.139220 -25.763793 -3.021037 1.190448 23.881420 -1.864718 -1.726304 -10.141482 6.998021 -8.917101 -1.582638 -2.145485 0.255274 43.871150 1.211990 -5.980726 -4.373425 2.245488 -6.226920 4.559584 -0.748834 -4.517817 3.125999 14.982729 11.752540 -8.806727 -2.404341 15.703971 -1.705118 13.522760 -25.600005 -1.220565 38.641063 -25.048949 -18.498304 6.237888 -35.948396 -25.250035 -18.860655 -13.768209 0.000000 0.000000 0.000000 0.000000 0.000000 0.000000 0.000000 0.000000 0.000000 0.000000 0.000000 0.000000 0.000000 0.000000 0.000000 0.000000 0.000000 0.000000 0.000000 0.000000 0.000000 0.000000 0.000000 0.000000 0.000000 0.000000 0.000000 0.000000 0.000000 0.000000 0.000000 0.000000 0.000000 0.000000 0.000000 0.000000 0.000000 0.000000 0.000000 0.000000 0.000000 0.000000 -4.825942 -2.385310 17.537781 25.154117 -48.874391 31.103115 -4.649168 6.683704 105.413886 -34.158412 6.441940 15.642223 0.000000 0.000000 0.000000 0.000000 0.000000 0.000000 0.000000 0.000000 0.000000 0.000000 0.000000 0.000000 0.000000 0.000000 0.000000 0.000000 0.000000 0.000000 0.000000 0.000000 0.000000 0.000000 0.000000 0.000000 0.000000 0.000000 0.000000 0.000000 0.000000 0.000000 0.000000 0.000000 0.000000 0.000000 0.000000 0.000000 0.000000 0.000000 0.000000 0.000000 0.000000 0.000000
0.111038 -0.197634 1.068089 6.425124 -1.495287 -21.627036 -14.254316 -15.324621 8.151014 13.997370 2.255460 6.619989 -1.816626 4.082638 7.467518 0.750867 -0.127254 -0.180353 -25.398960 -2.835025 1.226924 24.148637 -1.840188 -1.515995 -10.271796 7.171679 -9.353433 -1.569090 -2.117017 0.315195 43.816000 1.309373 -5.766852 -4.209911 2.401202 -6.117034 4.429903 -0.764711 -4.351000 3.073930 14.657728 11.916608 -8.415797 -2.160293 15.506201 -1.458714 13.620858 -25.153513 -1.803981 37.472341 -23.344637 -19.143660 6.411578 -35.263155 -25.352801 -18.695558 -13.608828 0.000000 0.000000 0.000000 0.000000 0.000000 0.000000 0.000000 0.000000 0.000000 0.000000 0.000000 0.000000 0.000000 0.000000 0.000000 0.000000 0.000000 0.000000 0.000000 0.000000 0.000000 0.000000 0.000000 0.000000 0.000000 0.000000 0.000000 0.000000 0.000000 0.000000 0.000000 0.000000 0.000000 0.000000 0.000000 0.000000 0.000000 0.000000 0.000000 0.000000 0.000000 0.000000 -4.881941 -2.727632 17.998514 26.122692 -48.640592 32.220338 -3.834951 6.593808 103.594794 -35.471268 6.164950 15.167230 0.000000 0.000000 0.000000 0.000000 0.000000 0.000000 0.000000 0.000000 0.000000 0.000000 0.000000 0.000000 0.000000 0.000000 0.000000 0.000000 0.000000 0.000000 0.000000 0.000000 0.000000 0.000000 0.000000 0.000000 0.000000 0.000000 0.000000 0.000000 0.000000 0.000000 0.000000 0.000000 0.000000 0.000000 0.000000 0.000000 0.000000 0.000000 0.000000 0.000000 0.000000 0.000000
0.105102 -0.191908 1.068571 6.627254 -0.843226 -20.608463 -14.065660 -15.710828 8.377181 13.699055 2.197625 6.600406 -2.054489 4.026493 7.365909 0.822092 -0.032548 -0.166000 -24.779493 -3.024490 0.997987 23.633301 -1.961314 -1.447097 -10.125204 7.270139 -9.859574 -1.594074 -2.211559 0.303125 43.555457 1.323664 -5.944316 -4.383279 2.421230 -6.258383 4.826127 -0.857195 -4.584848 3.410436 15.169823 11.674031 -8.428369 -2.571736 16.011862 -1.262360 13.721590 -25.603710 -1.011805 38.133642 -24.795462 -18.642306 6.463107 -36.611472 -26.481170 -18.360243 -13.949520 0.000000 0.000000 0.000000 0.000000 0.000000 0.000000 0.000000 0.000000 0.000000 0.000000 0.000000 0.000000 0.000000 0.000000 0.000000 0.000000 0.000000 0.000000 0.000000 0.000000 0.000000 0.000000 0.000000 0.000000 0.000000 0.000000 0.000000 0.000000 0.000000 0.000000 0.000000 0.000000 0.000000 0.000000 0.000000 0.000000 0.000000 0.000000 0.000000 0.000000 0.000000 0.000000 -4.540412 -2.735396 17.301419 23.692225 -47.783015 28.573607 -4.346858 5.786544 104.796411 -35.699203 6.165191 15.429232 0.000000 0.000000 0.000000 0.000000 0.000000 0.000000 0.000000 0.000000 0.000000 0.000000 0.000000 0.000000 0.000000 0.000000 0.000000 0.000000 0.000000 0.000000 0.000000 0.000000 0.000000 0.000000 0.000000 0.000000 0.000000 0.000000 0.000000 0.000000 0.000000 0.000000 0.000000 0.000000 0.000000 0.000000 0.000000 0.000000 0.000000 0.000000 0.000000 0.000000 0.000000 0.000000
0.107178 -0.188829 1.068700 6.619968 -0.553673 -18.834934 -13.886026 -15.893394 8.289007 13.131241 2.048979 6.908339 -1.527430 4.305404 6.494117 0.929231 0.196536 -0.150543 -23.955288 -3.095597 0.584599 23.034811 -1.902448 -1.777103 -10.558881 7.600071 -10.492113 -1.533600 -2.315423 0.226101 43.338336 1.331504 -6.433694 -4.682242 2.390681 -6.817178 5.515952 -1.098350 -5.183110 4.099008 16.425083 10.840044 -8.681671 -2.999745 17.051178 -1.363192 13.824694 -26.619189 1.172333 40.522651 -29.047105 -17.269407 6.446237 -39.799312 -27.821442 -17.536986 -14.618085 0.000000 0.000000 0.000000 0.000000 0.000000 0.000000 0.000000 0.000000 0.000000 0.000000 0.000000 0.000000 0.000000 0.000000 0.000000 0.000000 0.000000 0.000000 0.000000 0.000000 0.000000 0.000000 0.000000 0.000000 0.000000 0.000000 0.000000 0.000000 0.000000 0.000000 0.000000 0.000000 0.000000 0.000000 0.000000 0.000000 0.000000 0.000000 0.000000 0.000000 0.000000 0.000000 -4.290556 -2.520575 15.579909 19.788656 -46.535483 22.207536 -7.403977 5.244569 107.737475 -33.454958 5.627507 15.563777 0.000000 0.000000 0.000000 0.000000 0.000000 0.000000 0.000000 0.000000 0.000000 0.000000 0.000000 0.000000 0.000000 0.000000 0.000000 0.000000 0.000000 0.000000 0.000000 0.000000 0.000000 0.000000 0.000000 0.000000 0.000000 0.000000 0.000000 0.000000 0.000000 0.000000 0.000000 0.000000 0.000000 0.000000 0.000000 0.000000 0.000000 0.000000 0.000000 0.000000 0.000000 0.000000
0.100200 -0.189124 1.068277 6.457291 0.165897 -16.856203 -13.647448 -16.052215 8.248195 12.197527 1.913056 7.199419 -1.469144 4.214370 5.859630 0.952484 0.085236 -0.188423 -23.727998 -3.263901 0.393756 23.573111 -1.893856 -2.071363 -10.310326 8.026837 -11.532649 -1.575173 -2.377503 0.268889 43.440955 1.367794 -7.038068 -5.251545 2.332930 -7.373677 6.108068 -1.020193 -5.914407 4.543788 17.339008 9.769137 -8.665598 -3.429297 18.036047 -1.406438 14.222820 -27.764471 4.211574 42.404692 -34.322815 -14.742575 6.753746 -42.108898 -29.153299 -16.027720 -14.983002 0.000000 0.000000 0.000000 0.000000 0.000000 0.000000 0.000000 0.000000 0.000000 0.000000 0.000000 0.000000 0.000000 0.000000 0.000000 0.000000 0.000000 0.000000 0.000000 0.000000 0.000000 0.000000 0.000000 0.000000 0.000000 0.000000 0.000000 0.000000 0.000000 0.000000 0.000000 0.000000 0.000000 0.000000 0.000000 0.000000 0.000000 0.000000 0.000000 0.000000 0.000000 0.000000 -4.279014 -2.522785 13.698262 15.579521 -44.135413 15.820978 -10.508271 4.245324 109.791425 -30.805660 5.164936 15.990854 0.000000 0.000000 0.000000 0.000000 0.000000 0.000000 0.000000 0.000000 0.000000 0.000000 0.000000 0.000000 0.000000 0.000000 0.000000 0.000000 0.000000 0.000000 0.000000 0.000000 0.000000 0.000000 0.000000 0.000000 0.000000 0.000000 0.000000 0.000000 0.000000 0.000000 0.000000 0.000000 0.000000 0.000000 0.000000 0.000000 0.000000 0.000000 0.000000 0.000000 0.000000 0.000000
0.104538 -0.194245 1.067576 6.186164 0.510220 -15.340216 -14.094779 -16.648521 8.003136 12.502330 1.907656 7.580216 -0.921325 4.904913 5.080171 0.989046 0.114912 -0.162488 -23.890228 -3.436828 -0.284700 24.486030 -2.287894 -2.575547 -10.461923 8.307351 -11.873608 -1.703691 -2.409073 0.295228 43.894275 1.533806 -7.625432 -5.667163 2.345717 -8.136323 6.427260 -0.890764 -6.646839 4.108596 18.211249 9.271991 -8.556892 -3.865952 18.873653 -2.231734 14.184876 -29.333308 6.716678 43.789908 -39.411672 -13.053093 7.075738 -43.881927 -30.768594 -15.667833 -15.293238 0.000000 0.000000 0.000000 0.000000 0.000000 0.000000 0.000000 0.000000 0.000000 0.000000 0.000000 0.000000 0.000000 0.000000 0.000000 0.000000 0.000000 0.000000 0.000000 0.000000 0.000000 0.000000 0.000000 0.000000 0.000000 0.000000 0.000000 0.000000 0.000000 0.000000 0.000000 0.000000 0.000000 0.000000 0.000000 0.000000 0.000000 0.000000 0.000000 0.000000 0.000000 0.000000 -5.062819 -2.313785 12.310128 12.849747 -41.552731 10.884422 -13.378418 3.717400 111.541169 -27.214903 4.194855 16.235073 0.000000 0.000000 0.000000 0.000000 0.000000 0.000000 0.000000 0.000000 0.000000 0.000000 0.000000 0.000000 0.000000 0.000000 0.000000 0.000000 0.000000 0.000000 0.000000 0.000000 0.000000 0.000000 0.000000 0.000000 0.000000 0.000000 0.000000 0.000000 0.000000 0.000000 0.000000 0.000000 0.000000 0.000000 0.000000 0.000000 0.000000 0.000000 0.000000 0.000000 0.000000 0.000000
0.103633 -0.197644 1.067043 6.075928 0.727684 -14.385974 -14.423203 -16.793623 7.683868 12.481325 1.941374 8.014394 -0.874976 5.155940 4.598319 0.945501 0.122881 -0.172949 -24.003373 -3.417752 -0.785351 24.745917 -2.367233 -3.377765 -10.572866 8.275431 -11.718415 -1.740733 -2.411449 0.276531 44.093814 1.716502 -7.769173 -5.608629 2.449154 -8.502481 6.433893 -0.834050 -6.923293 4.091412 18.355474 9.371013 -8.572231 -3.975425 18.993155 -2.569511 14.135278 -30.087757 6.907311 43.844976 -40.900856 -12.919200 7.286549 -44.071772 -31.762933 -16.453584 -15.716854 0.000000 0.000000 0.000000 0.000000 0.000000 0.000000 0.000000 0.000000 0.000000 0.000000 0.000000 0.000000 0.000000 0.000000 0.000000 0.000000 0.000000 0.000000 0.000000 0.000000 0.000000 0.000000 0.000000 0.000000 0.000000 0.000000 0.000000 0.000000 0.000000 0.000000 0.000000 0.000000 0.000000 0.000000 0.000000 0.000000 0.000000 0.000000 0.000000 0.000000 0.000000 0.000000 -5.537770 -1.778473 11.978283 12.085035 -40.737208 9.681033 -14.412299 3.821734 111.787331 -26.000359 4.932271 16.666144 0.000000 0.000000 0.000000 0.000000 0.000000 0.000000 0.000000 0.000000 0.000000 0.000000 0.000000 0.000000 0.000000 0.000000 0.000000 0.000000 0.000000 0.000000 0.000000 0.000000 0.000000 0.000000 0.000000 0.000000 0.000000 0.000000 0.000000 0.000000 0.000000 0.000000 0.000000 0.000000 0.000000 0.000000 0.000000 0.000000 0.000000 0.000000 0.000000 0.000000 0.000000 0.000000
0.095415 -0.200904 1.066661 6.063451 1.157998 -13.256128 -14.970122 -16.772946 7.565050 12.408962 1.927967 8.175866 -1.280092 5.040821 4.091786 0.975371 0.110623 -0.168873 -23.966758 -3.291324 -1.022509 24.435740 -2.375053 -3.589834 -10.225178 8.213932 -12.014852 -1.777693 -2.348940 0.297111 44.142320 1.782032 -7.501295 -5.564586 2.410502 -8.517721 6.419859 -0.829907 -6.892464 4.518816 18.379956 9.275895 -8.540696 -3.900772 18.609130 -2.573373 14.132214 -30.080280 6.499320 43.741380 -40.494257 -12.659671 7.301580 -43.586965 -30.928122 -16.406935 -15.602983 0.000000 0.000000 0.000000 0.000000 0.000000 0.000000 0.000000 0.000000 0.000000 0.000000 0.000000 0.000000 0.000000 0.000000 0.000000 0.000000 0.000000 0.000000 0.000000 0.000000 0.000000 0.000000 0.000000 0.000000 0.000000 0.000000 0.000000 0.000000 0.000000 0.000000 0.000000 0.000000 0.000000 0.000000 0.000000 0.000000 0.000000 0.000000 0.000000 0.000000 0.000000 0.000000 -5.457820 -1.675347 12.093652 11.948152 -41.018465 9.820024 -14.395325 3.836443 111.864356 -25.651758 4.920103 16.886654 0.000000 0.000000 0.000000 0.000000 0.000000 0.000000 0.000000 0.000000 0.000000 0.000000 0.000000 0.000000 0.000000 0.000000 0.000000 0.000000 0.000000 0.000000 0.000000 0.000000 0.000000 0.000000 0.000000 0.000000 0.000000 0.000000 0.000000 0.000000 0.000000 0.000000 0.000000 0.000000 0.000000 0.000000 0.000000 0.000000 0.000000 0.000000 0.000000 0.000000 0.000000 0.000000
0.084045 -0.205482 1.066270 5.939412 1.489418 -12.554841 -15.289941 -16.471465 7.532891 12.243117 2.015676 8.185455 -1.911495 4.587312 3.979661 0.959666 0.086241 -0.209798 -23.793064 -3.008905 -0.993819 23.893309 -2.143073 -3.289939 -9.721291 8.052835 -12.250111 -1.759450 -2.246611 0.322466 44.018165 1.930663 -6.954092 -5.305415 2.317995 -8.211757 6.169510 -0.839912 -6.608466 5.381830 18.254388 9.293955 -8.674753 -3.527014 17.802900 -2.294343 14.075067 -29.484188 5.337515 43.420151 -38.371467 -13.237782 7.173313 -42.074910 -29.661475 -16.346142 -15.148514 0.000000 0.000000 0.000000 0.000000 0.000000 0.000000 0.000000 0.000000 0.000000 0.000000 0.000000 0.000000 0.000000 0.000000 0.000000 0.000000 0.000000 0.000000 0.000000 0.000000 0.000000 0.000000 0.000000 0.000000 0.000000 0.000000 0.000000 0.000000 0.000000 0.000000 0.000000 0.000000 0.000000 0.000000 0.000000 0.000000 0.000000 0.000000 0.000000 0.000000 0.000000 0.000000 -4.981571 -1.749264 12.864252 13.005388 -42.535788 12.263382 -13.507819 4.269004 111.390462 -26.505425 5.077558 16.625636 0.000000 0.000000 0.000000 0.000000 0.000000 0.000000 0.000000 0.000000 0.000000 0.000000 0.000000 0.000000 0.000000 0.000000 0.000000 0.000000 0.000000 0.000000 0.000000 0.000000 0.000000 0.000000 0.000000 0.000000 0.000000 0.000000 0.000000 0.000000 0.000000 0.000000 0.000000 0.000000 0.000000 0.000000 0.000000 0.000000 0.000000 0.000000 0.000000 0.000000 0.000000 0.000000
0.067690 -0.209906 1.065904 5.916249 1.612186 -13.112120 -15.641023 -16.190991 8.035880 12.649039 2.745091 8.517536 -3.200343 4.179168 4.173178 0.996188 0.305616 -0.267068 -23.562574 -2.179057 -1.066462 22.577891 -2.133532 -3.834131 -9.389884 6.906948 -11.088129 -1.698274 -2.208065 0.264137 44.102218 2.467616 -5.972868 -4.459364 2.387363 -7.570881 5.198367 -0.837231 -5.662299 5.882307 17.654588 10.705124 -9.117249 -2.805116 17.094605 -2.010593 13.718894 -27.653205 1.162891 40.844791 -31.517224 -14.921386 6.589103 -39.302779 -26.775461 -17.048078 -15.103927 0.000000 0.000000 0.000000 0.000000 0.000000 0.000000 0.000000 0.000000 0.000000 0.000000 0.000000 0.000000 0.000000 0.000000 0.000000 0.000000 0.000000 0.000000 0.000000 0.000000 0.000000 0.000000 0.000000 0.000000 0.000000 0.000000 0.000000 0.000000 0.000000 0.000000 0.000000 0.000000 0.000000 0.000000 0.000000 0.000000 0.000000 0.000000 0.000000 0.000000 0.000000 0.000000 -4.473463 -1.978213 14.809322 17.473022 -46.020368 20.052454 -10.210442 5.731696 109.011144 -28.905417 5.185174 16.028645 0.000000 0.000000 0.000000 0.000000 0.000000 0.000000 0.000000 0.000000 0.000000 0.000000 0.000000 0.000000 0.000000 0.000000 0.000000 0.000000 0.000000 0.000000 0.000000 0.000000 0.000000 0.000000 0.000000 0.000000 0.000000 0.000000 0.000000 0.000000 0.000000 0.000000 0.000000 0.000000 0.000000 0.000000 0.000000 0.000000 0.000000 0.000000 0.000000 0.000000 0.000000 0.000000
0.064168 -0.211201 1.065344 5.847253 1.475299 -13.814878 -15.248083 -15.780894 8.407747 12.139507 2.711197 7.250632 -3.683172 3.582316 5.873584 0.845531 0.103864 -0.241887 -23.580148 -1.975433 -0.739439 22.416079 -2.031631 -2.823164 -9.322002 6.925316 -11.379472 -1.732581 -2.119167 0.369798 43.849094 2.338087 -5.352190 -4.575858 2.775568 -6.874247 4.948832 -0.776266 -4.804449 5.386352 16.987372 11.767379 -8.439890 -2.255820 16.391576 -2.303771 13.262439 -26.242437 -1.296704 38.243328 -26.168846 -16.875021 6.248642 -35.735770 -25.003272 -17.736657 -14.409919 0.000000 0.000000 0.000000 0.000000 0.000000 0.000000 0.000000 0.000000 0.000000 0.000000 0.000000 0.000000 0.000000 0.000000 0.000000 0.000000 0.000000 0.000000 0.000000 0.000000 0.000000 0.000000 0.000000 0.000000 0.000000 0.000000 0.000000 0.000000 0.000000 0.000000 0.000000 0.000000 0.000000 0.000000 0.000000 0.000000 0.000000 0.000000 0.000000 0.000000 0.000000 0.000000 -4.851586 -2.388672 16.788248 22.152540 -47.708288 26.923217 -7.036724 6.513167 107.238041 -31.902328 5.223316 15.612330 0.000000 0.000000 0.000000 0.000000 0.000000 0.000000 0.000000 0.000000 0.000000 0.000000 0.000000 0.000000 0.000000 0.000000 0.000000 0.000000 0.000000 0.000000 0.000000 0.000000 0.000000 0.000000 0.000000 0.000000 0.000000 0.000000 0.000000 0.000000 0.000000 0.000000 0.000000 0.000000 0.000000 0.000000 0.000000 0.000000 0.000000 0.000000 0.000000 0.000000 0.000000 0.000000
0.059342 -0.216625 1.064911 5.612854 1.370920 -14.214719 -14.931033 -15.223036 8.387552 11.525115 2.639916 6.652595 -3.940155 3.177918 7.159830 0.642664 -0.083332 -0.274276 -23.798396 -1.789943 -0.434637 22.530331 -1.762417 -2.509373 -8.847326 6.864429 -11.511197 -1.679795 -2.027970 0.428796 43.995120 2.504157 -4.719305 -4.713944 2.977198 -6.039491 4.711140 -0.806481 -4.218428 5.290754 16.181848 12.197908 -8.174798 -1.589128 15.093165 -1.964015 13.242147 -24.888626 -3.006322 35.996268 -22.513404 -18.613269 6.135007 -32.284469 -23.447213 -18.553511 -13.567852 0.000000 0.000000 0.000000 0.000000 0.000000 0.000000 0.000000 0.000000 0.000000 0.000000 0.000000 0.000000 0.000000 0.000000 0.000000 0.000000 0.000000 0.000000 0.000000 0.000000 0.000000 0.000000 0.000000 0.000000 0.000000 0.000000 0.000000 0.000000 0.000000 0.000000 0.000000 0.000000 0.000000 0.000000 0.000000 0.000000 0.000000 0.000000 0.000000 0.000000 0.000000 0.000000 -5.012676 -2.736091 18.477854 26.245310 -48.175635 33.167948 -4.271295 7.171973 104.859015 -34.965644 5.066480 15.794107 0.000000 0.000000 0.000000 0.000000 0.000000 0.000000 0.000000 0.000000 0.000000 0.000000 0.000000 0.000000 0.000000 0.000000 0.000000 0.000000 0.000000 0.000000 0.000000 0.000000 0.000000 0.000000 0.000000 0.000000 0.000000 0.000000 0.000000 0.000000 0.000000 0.000000 0.000000 0.000000 0.000000 0.000000 0.000000 0.000000 0.000000 0.000000 0.000000 0.000000 0.000000 0.000000
0.053315 -0.216479 1.064737 5.486050 1.459802 -13.985970 -14.925680 -14.887985 8.327091 11.679599 2.692001 6.663256 -4.550063 2.867421 7.310545 0.612251 -0.041597 -0.291204 -23.107905 -1.483119 -0.558681 21.544669 -1.545920 -2.175219 -8.887066 6.628510 -11.599956 -1.628564 -2.052553 0.452238 43.420528 2.911714 -4.245392 -4.341230 2.954113 -5.732874 4.513557 -0.973898 -3.905980 5.709113 15.775505 12.164790 -8.271515 -1.402971 14.443302 -1.951633 13.050430 -24.300892 -3.563072 34.802653 -20.857652 -18.570884 6.446167 -31.325290 -22.670247 -18.249703 -13.968699 0.000000 0.000000 0.000000 0.000000 0.000000 0.000000 0.000000 0.000000 0.000000 0.000000 0.000000 0.000000 0.000000 0.000000 0.000000 0.000000 0.000000 0.000000 0.000000 0.000000 0.000000 0.000000 0.000000 0.000000 0.000000 0.000000 0.000000 0.000000 0.000000 0.000000 0.000000 0.000000 0.000000 0.000000 0.000000 0.000000 0.000000 0.000000 0.000000 0.000000 0.000000 0.000000 -5.130762 -2.893889 18.975810 27.888993 -48.251284 35.492711 -3.559207 7.584885 103.712385 -35.461128 4.484239 15.733360 0.000000 0.000000 0.000000 0.000000 0.000000 0.000000 0.000000 0.000000 0.000000 0.000000 0.000000 0.000000 0.000000 0.000000 0.000000 0.000000 0.000000 0.000000 0.000000 0.000000 0.000000 0.000000 0.000000 0.000000 0.000000 0.000000 0.000000 0.000000 0.000000 0.000000 0.000000 0.000000 0.000000 0.000000 0.000000 0.000000 0.000000 0.000000 0.000000 0.000000 0.000000 0.000000
0.045373 -0.211661 1.064744 5.531102 1.805423 -12.935773 -14.914029 -14.645831 8.273526 11.497330 2.720966 6.674415 -5.236682 2.514020 6.974513 0.558564 0.014420 -0.298685 -22.338724 -1.319476 -0.767849 20.719061 -1.286986 -2.080722 -8.826328 6.633088 -12.207834 -1.559267 -2.096879 0.451257 42.945370 2.963497 -4.158905 -4.367503 3.129825 -5.740540 4.780345 -1.112395 -3.928396 5.994453 16.159917 12.138015 -8.047315 -1.387650 15.184488 -1.999880 13.010801 -24.170954 -2.934175 35.053556 -21.321852 -17.646846 6.574069 -32.440555 -23.392143 -17.791368 -14.285957 0.000000 0.000000 0.000000 0.000000 0.000000 0.000000 0.000000 0.000000 0.000000 0.000000 0.000000 0.000000 0.000000 0.000000 0.000000 0.000000 0.000000 0.000000 0.000000 0.000000 0.000000 0.000000 0.000000 0.000000 0.000000 0.000000 0.000000 0.000000 0.000000 0.000000 0.000000 0.000000 0.000000 0.000000 0.000000 0.000000 0.000000 0.000000 0.000000 0.000000 0.000000 0.000000 -5.049285 -2.988776 18.379817 26.858660 -47.425794 33.507715 -3.650530 7.487811 104.174665 -35.123633 4.041055 16.003236 0.000000 0.000000 0.000000 0.000000 0.000000 0.000000 0.000000 0.000000 0.000000 0.000000 0.000000 0.000000 0.000000 0.000000 0.000000 0.000000 0.000000 0.000000 0.000000 0.000000 0.000000 0.000000 0.000000 0.000000 0.000000 0.000000 0.000000 0.000000 0.000000 0.000000 0.000000 0.000000 0.000000 0.000000 0.000000 0.000000 0.000000 0.000000 0.000000 0.000000 0.000000 0.000000
0.037556 -0.207880 1.064787 5.590815 2.344369 -11.704066 -15.110806 -14.647524 8.200364 11.505819 2.597395 6.929602 -5.656645 2.139384 6.092225 0.611517 0.157316 -0.272213 -21.406612 -1.358827 -1.136034 19.553258 -1.164362 -1.865690 -8.772380 6.531031 -13.107244 -1.577209 -2.093335 0.401417 42.535783 2.725923 -4.413922 -5.081566 3.397143 -5.966320 5.602897 -1.163952 -4.199712 5.652705 16.883374 11.834468 -7.284233 -1.640544 17.150392 -2.151106 13.314851 -24.189269 -0.715747 37.207480 -23.902158 -16.063651 6.621342 -36.054833 -26.138061 -16.911606 -14.318115 0.000000 0.000000 0.000000 0.000000 0.000000 0.000000 0.000000 0.000000 0.000000 0.000000 0.000000 0.000000 0.000000 0.000000 0.000000 0.000000 0.000000 0.000000 0.000000 0.000000 0.000000 0.000000 0.000000 0.000000 0.000000 0.000000 0.000000 0.000000 0.000000 0.000000 0.000000 0.000000 0.000000 0.000000 0.000000 0.000000 0.000000 0.000000 0.000000 0.000000 0.000000 0.000000 -4.893588 -3.014064 16.600219 23.867895 -45.678209 28.192928 -4.166220 6.865544 105.784616 -33.740906 3.565344 15.829185 0.000000 0.000000 0.000000 0.000000 0.000000 0.000000 0.000000 0.000000 0.000000 0.000000 0.000000 0.000000 0.000000 0.000000 0.000000 0.000000 0.000000 0.000000 0.000000 0.000000 0.000000 0.000000 0.000000 0.000000 0.000000 0.000000 0.000000 0.000000 0.000000 0.000000 0.000000 0.000000 0.000000 0.000000 0.000000 0.000000 0.000000 0.000000 0.000000 0.000000 0.000000 0.000000
0.030404 -0.211708 1.064536 5.347024 2.694714 -10.057353 -15.527037 -14.453562 7.895025 11.548243 2.672985 7.784359 -5.786998 2.277616 4.806952 0.773405 0.292706 -0.266288 -20.694953 -1.078742 -1.844953 18.704892 -0.929651 -2.486296 -8.877510 5.920877 -13.212326 -1.586731 -2.146752 0.342037 42.606978 2.972576 -4.671827 -5.472200 3.400328 -6.579045 5.911570 -1.114033 -4.694693 6.151573 17.748140 11.111802 -6.909626 -2.083547 18.696716 -1.947190 13.697535 -25.185173 1.715495 39.394986 -27.747819 -13.768483 6.973569 -39.520960 -28.741898 -15.502915 -14.386304 0.000000 0.000000 0.000000 0.000000 0.000000 0.000000 0.000000 0.000000 0.000000 0.000000 0.000000 0.000000 0.000000 0.000000 0.000000 0.000000 0.000000 0.000000 0.000000 0.000000 0.000000 0.000000 0.000000 0.000000 0.000000 0.000000 0.000000 0.000000 0.000000 0.000000 0.000000 0.000000 0.000000 0.000000 0.000000 0.000000 0.000000 0.000000 0.000000 0.000000 0.000000 0.000000 -4.148599 -3.094237 14.483459 19.215317 -43.182478 20.678393 -6.283637 6.446642 107.981733 -30.525672 2.514036 15.116670 0.000000 0.000000 0.000000 0.000000 0.000000 0.000000 0.000000 0.000000 0.000000 0.000000 0.000000 0.000000 0.000000 0.000000 0.000000 0.000000 0.000000 0.000000 0.000000 0.000000 0.000000 0.000000 0.000000 0.000000 0.000000 0.000000 0.000000 0.000000 0.000000 0.000000 0.000000 0.000000 0.000000 0.000000 0.000000 0.000000 0.000000 0.000000 0.000000 0.000000 0.000000 0.000000
0.022117 -0.209926 1.064168 5.333038 3.304484 -8.136685 -16.723020 -14.790598 7.099789 13.062389 3.169256 8.353332 -6.346906 2.143532 3.556498 0.773986 0.311381 -0.321159 -20.435908 -0.974879 -2.357518 18.882010 -0.966401 -2.800815 -8.808231 5.753535 -13.837579 -1.792790 -2.137590 0.256992 43.137799 3.545406 -5.015326 -5.942798 3.039777 -7.240692 6.304926 -1.064366 -5.471960 5.945541 17.983436 10.049226 -7.080138 -2.739885 19.307289 -1.984952 14.265555 -26.124075 5.009481 41.658466 -32.679019 -11.143286 7.799553 -42.898852 -30.993316 -14.359032 -14.720716 0.000000 0.000000 0.000000 0.000000 0.000000 0.000000 0.000000 0.000000 0.000000 0.000000 0.000000 0.000000 0.000000 0.000000 0.000000 0.000000 0.000000 0.000000 0.000000 0.000000 0.000000 0.000000 0.000000 0.000000 0.000000 0.000000 0.000000 0.000000 0.000000 0.000000 0.000000 0.000000 0.000000 0.000000 0.000000 0.000000 0.000000 0.000000 0.000000 0.000000 0.000000 0.000000 -4.270610 -3.292901 12.246938 15.214217 -40.534516 13.823643 -9.072439 5.614318 109.357150 -27.421211 1.569159 14.741899 0.000000 0.000000 0.000000 0.000000 0.000000 0.000000 0.000000 0.000000 0.000000 0.000000 0.000000 0.000000 0.000000 0.000000 0.000000 0.000000 0.000000 0.000000 0.000000 0.000000 0.000000 0.000000 0.000000 0.000000 0.000000 0.000000 0.000000 0.000000 0.000000 0.000000 0.000000 0.000000 0.000000 0.000000 0.000000 0.000000 0.000000 0.000000 0.000000 0.000000 0.000000 0.000000
0.011965 -0.212435 1.064038 5.102583 4.066001 -5.943909 -17.450753 -14.742731 6.493158 13.444215 2.943800 8.302970 -6.654888 2.154786 2.574315 0.784096 0.261646 -0.234844 -19.883486 -1.188533 -2.766109 18.611328 -0.572350 -2.417596 -7.979422 5.993098 -14.978590 -1.792673 -2.277552 0.114921 43.481243 3.643891 -5.544062 -6.322201 3.131843 -7.763799 7.071184 -1.179007 -6.178327 5.713308 18.728535 9.252575 -7.252719 -3.360638 20.477477 -1.904081 14.483338 -27.770084 7.703075 42.662150 -37.529785 -9.293297 8.273052 -44.166279 -31.616259 -14.687658 -14.670898 0.000000 0.000000 0.000000 0.000000 0.000000 0.000000 0.000000 0.000000 0.000000 0.000000 0.000000 0.000000 0.000000 0.000000 0.000000 0.000000 0.000000 0.000000 0.000000 0.000000 0.000000 0.000000 0.000000 0.000000 0.000000 0.000000 0.000000 0.000000 0.000000 0.000000 0.000000 0.000000 0.000000 0.000000 0.000000 0.000000 0.000000 0.000000 0.000000 0.000000 0.000000 0.000000 -4.632721 -2.580712 11.125099 12.673095 -38.150572 8.901265 -11.143606 4.466289 109.401709 -26.022326 1.533183 15.918094 0.000000 0.000000 0.000000 0.000000 0.000000 0.000000 0.000000 0.000000 0.000000 0.000000 0.000000 0.000000 0.000000 0.000000 0.000000 0.000000 0.000000 0.000000 0.000000 0.000000 0.000000 0.000000 0.000000 0.000000 0.000000 0.000000 0.000000 0.000000 0.000000 0.000000 0.000000 0.000000 0.000000 0.000000 0.000000 0.000000 0.000000 0.000000 0.000000 0.000000 0.000000 0.000000
0.005714 -0.215660 1.063731 4.895791 4.299618 -5.233788 -18.197617 -14.651372 6.008075 14.594876 3.102657 8.261704 -6.900543 1.867829 2.387417 0.670718 0.208039 -0.241335 -19.872952 -0.993181 -3.169133 18.826196 -0.389747 -2.501859 -7.737332 5.502694 -14.941003 -1.906695 -2.177852 0.069533 43.769049 4.192862 -5.440390 -6.504285 3.314066 -7.973179 7.153375 -1.091164 -6.298058 5.853805 18.902863 9.157055 -7.082592 -3.361424 20.445332 -1.844274 14.447559 -28.326998 7.950877 42.526438 -38.356749 -9.324446 8.516891 -44.099031 -32.561466 -15.446294 -14.823748 0.000000 0.000000 0.000000 0.000000 0.000000 0.000000 0.000000 0.000000 0.000000 0.000000 0.000000 0.000000 0.000000 0.000000 0.000000 0.000000 0.000000 0.000000 0.000000 0.000000 0.000000 0.000000 0.000000 0.000000 0.000000 0.000000 0.000000 0.000000 0.000000 0.000000 0.000000 0.000000 0.000000 0.000000 0.000000 0.000000 0.000000 0.000000 0.000000 0.000000 0.000000 0.000000 -4.721809 -2.463817 11.019892 12.609140 -37.999713 8.339079 -11.335560 4.462730 109.542785 -25.887721 1.938433 16.220257 0.000000 0.000000 0.000000 0.000000 0.000000 0.000000 0.000000 0.000000 0.000000 0.000000 0.000000 0.000000 0.000000 0.000000 0.000000 0.000000 0.000000 0.000000 0.000000 0.000000 0.000000 0.000000 0.000000 0.000000 0.000000 0.000000 0.000000 0.000000 0.000000 0.000000 0.000000 0.000000 0.000000 0.000000 0.000000 0.000000 0.000000 0.000000 0.000000 0.000000 0.000000 0.000000
-0.007992 -0.220447 1.063778 4.965268 4.815394 -4.674059 -19.160018 -14.415709 5.568614 15.232449 3.098783 8.386401 -7.307438 1.546100 2.251732 0.625587 0.244024 -0.278881 -19.819074 -0.831149 -3.301068 17.946975 -0.249574 -2.675355 -6.646878 4.639087 -14.928233 -1.870308 -2.070531 0.096060 43.925291 4.679927 -5.055356 -6.518131 3.375913 -7.867923 6.901057 -1.084823 -6.019863 5.948399 19.061437 9.684438 -7.379001 -2.983286 20.502105 -1.921736 14.347795 -28.109982 7.197902 42.129720 -37.087574 -9.499989 8.357165 -43.752928 -31.901591 -15.400143 -14.750785 0.000000 0.000000 0.000000 0.000000 0.000000 0.000000 0.000000 0.000000 0.000000 0.000000 0.000000 0.000000 0.000000 0.000000 0.000000 0.000000 0.000000 0.000000 0.000000 0.000000 0.000000 0.000000 0.000000 0.000000 0.000000 0.000000 0.000000 0.000000 0.000000 0.000000 0.000000 0.000000 0.000000 0.000000 0.000000 0.000000 0.000000 0.000000 0.000000 0.000000 0.000000 0.000000 -4.676156 -2.580998 11.343050 13.083910 -38.812039 9.512134 -11.337486 4.566235 109.855444 -25.926716 1.660903 15.960012 0.000000 0.000000 0.000000 0.000000 0.000000 0.000000 0.000000 0.000000 0.000000 0.000000 0.000000 0.000000 0.000000 0.000000 0.000000 0.000000 0.000000 0.000000 0.000000 0.000000 0.000000 0.000000 0.000000 0.000000 0.000000 0.000000 0.000000 0.000000 0.000000 0.000000 0.000000 0.000000 0.000000 0.000000 0.000000 0.000000 0.000000 0.000000 0.000000 0.000000 0.000000 0.000000
-0.021626 -0.230810 1.063742 4.925259 5.012658 -4.605328 -20.212546 -13.922613 5.363428 15.997554 3.262837 9.011090 -7.461854 1.462312 1.955494 0.649393 0.371820 -0.351159 -19.518126 -0.431655 -3.267650 16.048819 0.095199 -3.088640 -5.281272 3.290240 -14.601721 -1.748539 -1.899361 0.037900 43.859684 5.262807 -4.412624 -6.019603 3.460271 -7.582321 6.173180 -0.940428 -5.523212 6.171392 18.867376 10.643009 -7.591260 -2.301355 20.282467 -2.332676 13.991944 -27.227178 5.480850 41.374541 -34.389720 -10.133955 7.640491 -42.157235 -29.056772 -15.067114 -14.477507 0.000000 0.000000 0.000000 0.000000 0.000000 0.000000 0.000000 0.000000 0.000000 0.000000 0.000000 0.000000 0.000000 0.000000 0.000000 0.000000 0.000000 0.000000 0.000000 0.000000 0.000000 0.000000 0.000000 0.000000 0.000000 0.000000 0.000000 0.000000 0.000000 0.000000 0.000000 0.000000 0.000000 0.000000 0.000000 0.000000 0.000000 0.000000 0.000000 0.000000 0.000000 0.000000 -4.771658 -2.483537 12.400207 15.084589 -41.022024 13.863715 -10.738708 4.948933 109.443537 -26.690479 0.749866 15.373819 0.000000 0.000000 0.000000 0.000000 0.000000 0.000000 0.000000 0.000000 0.000000 0.000000 0.000000 0.000000 0.000000 0.000000 0.000000 0.000000 0.000000 0.000000 0.000000 0.000000 0.000000 0.000000 0.000000 0.000000 0.000000 0.000000 0.000000 0.000000 0.000000 0.000000 0.000000 0.000000 0.000000 0.000000 0.000000 0.000000 0.000000 0.000000 0.000000 0.000000 0.000000 0.000000
-0.032384 -0.231335 1.063805 5.197269 5.119192 -5.795702 -20.288434 -13.405091 5.134300 15.808575 2.998613 8.159541 -7.892118 0.440450 3.594306 0.621739 0.233008 -0.316347 -19.976892 -0.262264 -2.943534 15.690928 0.195363 -3.166982 -4.207099 2.717442 -14.150322 -1.610526 -1.860012 0.210641 44.045795 5.601697 -3.388604 -5.691899 3.746235 -6.640620 5.550748 -1.013199 -4.448509 6.156353 18.519058 12.179254 -7.113754 -1.468490 19.531794 -2.782974 13.066233 -25.934953 1.683527 38.115881 -28.262373 -13.042071 7.456336 -38.527747 -28.543364 -16.221413 -13.615801 0.000000 0.000000 0.000000 0.000000 0.000000 0.000000 0.000000 0.000000 0.000000 0.000000 0.000000 0.000000 0.000000 0.000000 0.000000 0.000000 0.000000 0.000000 0.000000 0.000000 0.000000 0.000000 0.000000 0.000000 0.000000 0.000000 0.000000 0.000000 0.000000 0.000000 0.000000 0.000000 0.000000 0.000000 0.000000 0.000000 0.000000 0.000000 0.000000 0.000000 0.000000 0.000000 -5.091685 -2.793879 15.390307 20.956803 -44.300628 23.609503 -7.665904 6.151611 107.525885 -29.460032 1.767511 14.572987 0.000000 0.000000 0.000000 0.000000 0.000000 0.000000 0.000000 0.000000 0.000000 0.000000 0.000000 0.000000 0.000000 0.000000 0.000000 0.000000 0.000000 0.000000 0.000000 0.000000 0.000000 0.000000 0.000000 0.000000 0.000000 0.000000 0.000000 0.000000 0.000000 0.000000 0.000000 0.000000 0.000000 0.000000 0.000000 0.000000 0.000000 0.000000 0.000000 0.000000 0.000000 0.000000
-0.032931 -0.238074 1.063374 4.991445 4.784517 -6.383373 -20.182575 -13.050305 4.935603 15.592813 3.199139 6.978010 -7.605976 0.098252 5.010984 0.461636 0.149727 -0.308729 -20.076207 0.144123 -2.845260 15.316697 0.198092 -2.826743 -3.692536 2.618013 -14.017989 -1.546670 -1.946668 0.206504 44.311268 6.048851 -2.823589 -5.575104 4.038886 -5.615580 5.254581 -1.097356 -3.656876 5.572918 17.955527 13.726591 -7.738190 -0.626206 18.733061 -3.112425 12.383788 -24.769344 -1.197155 35.502033 -24.341596 -14.725817 6.976971 -36.008659 -25.847144 -16.204898 -13.570573 0.000000 0.000000 0.000000 0.000000 0.000000 0.000000 0.000000 0.000000 0.000000 0.000000 0.000000 0.000000 0.000000 0.000000 0.000000 0.000000 0.000000 0.000000 0.000000 0.000000 0.000000 0.000000 0.000000 0.000000 0.000000 0.000000 0.000000 0.000000 0.000000 0.000000 0.000000 0.000000 0.000000 0.000000 0.000000 0.000000 0.000000 0.000000 0.000000 0.000000 0.000000 0.000000 -5.757155 -2.970055 17.647958 25.449488 -46.147425 31.976181 -6.343454 7.691969 104.647969 -31.197209 2.361463 14.749169 0.000000 0.000000 0.000000 0.000000 0.000000 0.000000 0.000000 0.000000 0.000000 0.000000 0.000000 0.000000 0.000000 0.000000 0.000000 0.000000 0.000000 0.000000 0.000000 0.000000 0.000000 0.000000 0.000000 0.000000 0.000000 0.000000 0.000000 0.000000 0.000000 0.000000 0.000000 0.000000 0.000000 0.000000 0.000000 0.000000 0.000000 0.000000 0.000000 0.000000 0.000000 0.000000
-0.036965 -0.246689 1.063094 4.655492 4.803345 -6.105323 -20.608281 -12.793744 4.674307 16.132336 3.325596 7.045996 -7.518196 0.208359 5.198588 0.360432 0.108076 -0.316834 -19.843795 0.400255 -2.931781 14.655706 0.342813 -2.798526 -2.891795 2.184838 -13.981300 -1.493963 -1.875422 0.189468 44.173103 6.615900 -2.249733 -5.432310 4.099271 -5.087371 4.968110 -1.131416 -3.098689 5.475108 17.245776 14.546246 -7.949111 -0.212219 17.419336 -2.983715 11.981298 -24.371503 -2.861967 33.180490 -21.944384 -16.254338 6.717938 -33.548763 -25.193379 -15.573656 -13.294995 0.000000 0.000000 0.000000 0.000000 0.000000 0.000000 0.000000 0.000000 0.000000 0.000000 0.000000 0.000000 0.000000 0.000000 0.000000 0.000000 0.000000 0.000000 0.000000 0.000000 0.000000 0.000000 0.000000 0.000000 0.000000 0.000000 0.000000 0.000000 0.000000 0.000000 0.000000 0.000000 0.000000 0.000000 0.000000 0.000000 0.000000 0.000000 0.000000 0.000000 0.000000 0.000000 -5.829483 -3.461557 19.165258 27.587218 -46.560571 36.380136 -5.768345 8.242026 101.987271 -33.400411 2.160749 14.845994 0.000000 0.000000 0.000000 0.000000 0.000000 0.000000 0.000000 0.000000 0.000000 0.000000 0.000000 0.000000 0.000000 0.000000 0.000000 0.000000 0.000000 0.000000 0.000000 0.000000 0.000000 0.000000 0.000000 0.000000 0.000000 0.000000 0.000000 0.000000 0.000000 0.000000 0.000000 0.000000 0.000000 0.000000 0.000000 0.000000 0.000000 0.000000 0.000000 0.000000 0.000000 0.000000
-0.041063 -0.251509 1.062953 4.334140 4.937488 -5.214633 -20.950627 -12.485325 4.312184 16.650728 3.335833 6.937370 -7.535266 0.105914 5.096299 0.309083 0.157450 -0.315006 -19.534218 0.541554 -2.988472 14.417121 0.602609 -2.815001 -2.298809 1.876041 -14.538698 -1.479846 -1.893385 0.133280 43.874371 6.954144 -2.096984 -5.548262 4.147439 -4.874208 5.061950 -1.155816 -2.925864 5.382512 17.065474 14.769704 -7.916665 -0.177574 17.694346 -2.994549 11.785459 -24.171823 -2.511383 32.909037 -21.902182 -16.142344 6.844080 -34.306878 -25.734519 -15.169650 -13.377208 0.000000 0.000000 0.000000 0.000000 0.000000 0.000000 0.000000 0.000000 0.000000 0.000000 0.000000 0.000000 0.000000 0.000000 0.000000 0.000000 0.000000 0.000000 0.000000 0.000000 0.000000 0.000000 0.000000 0.000000 0.000000 0.000000 0.000000 0.000000 0.000000 0.000000 0.000000 0.000000 0.000000 0.000000 0.000000 0.000000 0.000000 0.000000 0.000000 0.000000 0.000000 0.000000 -5.746621 -3.684987 19.064815 27.349683 -46.067293 35.936829 -5.709220 8.348420 102.048129 -33.472788 2.085938 14.817158 0.000000 0.000000 0.000000 0.000000 0.000000 0.000000 0.000000 0.000000 0.000000 0.000000 0.000000 0.000000 0.000000 0.000000 0.000000 0.000000 0.000000 0.000000 0.000000 0.000000 0.000000 0.000000 0.000000 0.000000 0.000000 0.000000 0.000000 0.000000 0.000000 0.000000 0.000000 0.000000 0.000000 0.000000 0.000000 0.000000 0.000000 0.000000 0.000000 0.000000 0.000000 0.000000
-0.045936 -0.250538 1.063154 4.244436 5.301527 -3.866812 -20.805195 -12.195796 4.161783 16.106418 3.003473 6.952521 -7.742262 -0.066399 4.321764 0.341492 0.339704 -0.238551 -18.821928 0.525916 -3.389506 13.654826 0.832612 -3.192531 -2.173692 1.169421 -15.044662 -1.459269 -1.854305 0.079937 43.045676 7.114047 -2.320811 -5.971140 4.478949 -5.152612 5.556960 -1.162534 -3.230294 5.628375 17.443105 14.535988 -7.287916 -0.632708 19.822331 -3.088403 12.025907 -23.758470 -0.128710 34.588579 -23.857542 -13.466237 7.375134 -38.585047 -27.113048 -14.386886 -13.810217 0.000000 0.000000 0.000000 0.000000 0.000000 0.000000 0.000000 0.000000 0.000000 0.000000 0.000000 0.000000 0.000000 0.000000 0.000000 0.000000 0.000000 0.000000 0.000000 0.000000 0.000000 0.000000 0.000000 0.000000 0.000000 0.000000 0.000000 0.000000 0.000000 0.000000 0.000000 0.000000 0.000000 0.000000 0.000000 0.000000 0.000000 0.000000 0.000000 0.000000 0.000000 0.000000 -5.451048 -3.162650 16.931975 24.438721 -44.446384 30.211187 -5.889849 7.415636 105.874782 -31.779283 0.615482 14.314967 0.000000 0.000000 0.000000 0.000000 0.000000 0.000000 0.000000 0.000000 0.000000 0.000000 0.000000 0.000000 0.000000 0.000000 0.000000 0.000000 0.000000 0.000000 0.000000 0.000000 0.000000 0.000000 0.000000 0.000000 0.000000 0.000000 0.000000 0.000000 0.000000 0.000000 0.000000 0.000000 0.000000 0.000000 0.000000 0.000000 0.000000 0.000000 0.000000 0.000000 0.000000 0.000000
-0.051500 -0.245231 1.063376 4.206336 5.707598 -2.473193 -20.748471 -12.061304 4.068943 16.158843 2.876126 7.416244 -8.421747 -0.068300 3.126463 0.504852 0.425166 -0.215950 -18.257090 0.595538 -3.724558 13.621612 0.915646 -3.451585 -2.262850 0.656617 -15.414179 -1.511438 -1.793515 0.048067 42.697235 7.087622 -2.585812 -6.653995 4.520582 -5.764611 6.208622 -1.067567 -3.662468 5.848095 17.906647 13.483277 -6.933978 -1.395731 21.398025 -3.062974 12.686586 -24.141785 2.909547 37.032197 -27.215384 -11.121325 7.778331 -42.814080 -29.082714 -13.584548 -14.025485 0.000000 0.000000 0.000000 0.000000 0.000000 0.000000 0.000000 0.000000 0.000000 0.000000 0.000000 0.000000 0.000000 0.000000 0.000000 0.000000 0.000000 0.000000 0.000000 0.000000 0.000000 0.000000 0.000000 0.000000 0.000000 0.000000 0.000000 0.000000 0.000000 0.000000 0.000000 0.000000 0.000000 0.000000 0.000000 0.000000 0.000000 0.000000 0.000000 0.000000 0.000000 0.000000 -5.063243 -2.870643 14.513040 20.450057 -42.138611 22.683074 -6.602609 5.692392 109.660062 -30.353843 -0.898174 14.045500 0.000000 0.000000 0.000000 0.000000 0.000000 0.000000 0.000000 0.000000 0.000000 0.000000 0.000000 0.000000 0.000000 0.000000 0.000000 0.000000 0.000000 0.000000 0.000000 0.000000 0.000000 0.000000 0.000000 0.000000 0.000000 0.000000 0.000000 0.000000 0.000000 0.000000 0.000000 0.000000 0.000000 0.000000 0.000000 0.000000 0.000000 0.000000 0.000000 0.000000 0.000000 0.000000
-0.054217 -0.239686 1.063446 4.208745 6.135918 -0.686295 -20.750285 -12.138431 3.885632 15.995308 2.928473 8.033708 -8.943951 0.166506 1.806564 0.471190 0.542134 -0.207189 -17.708683 0.530010 -4.082449 13.657424 0.901201 -3.764329 -2.458604 0.658388 -15.871959 -1.667969 -1.756109 0.000446 42.883372 7.209130 -3.048697 -7.102028 4.306755 -6.443468 6.520721 -1.020481 -4.265234 5.895279 18.298165 13.078494 -6.984998 -1.826517 22.487156 -2.956329 12.896790 -24.926183 5.509860 38.745262 -30.707837 -8.691986 8.057075 -45.766671 -31.023066 -12.870706 -14.321021 0.000000 0.000000 0.000000 0.000000 0.000000 0.000000 0.000000 0.000000 0.000000 0.000000 0.000000 0.000000 0.000000 0.000000 0.000000 0.000000 0.000000 0.000000 0.000000 0.000000 0.000000 0.000000 0.000000 0.000000 0.000000 0.000000 0.000000 0.000000 0.000000 0.000000 0.000000 0.000000 0.000000 0.000000 0.000000 0.000000 0.000000 0.000000 0.000000 0.000000 0.000000 0.000000 -4.811631 -2.718861 12.368319 16.841638 -39.483560 16.327086 -8.560372 4.426740 112.066053 -28.183928 -2.064742 13.974224 0.000000 0.000000 0.000000 0.000000 0.000000 0.000000 0.000000 0.000000 0.000000 0.000000 0.000000 0.000000 0.000000 0.000000 0.000000 0.000000 0.000000 0.000000 0.000000 0.000000 0.000000 0.000000 0.000000 0.000000 0.000000 0.000000 0.000000 0.000000 0.000000 0.000000 0.000000 0.000000 0.000000 0.000000 0.000000 0.000000 0.000000 0.000000 0.000000 0.000000 0.000000 0.000000
-0.059319 -0.244251 1.063346 3.982968 6.567661 0.272235 -21.061997 -12.193381 3.546560 16.121254 2.876124 7.840150 -8.958715 0.214883 1.482786 0.434084 0.641836 -0.246615 -17.571248 0.374041 -4.369397 13.632069 1.022596 -3.654358 -1.879433 0.510265 -16.125137 -1.794337 -1.713017 -0.035986 43.309901 7.355920 -3.268329 -7.538636 4.282741 -6.618371 6.773461 -1.065526 -4.461132 5.928000 18.873000 13.043593 -7.164031 -1.877533 23.007960 -3.243393 12.709377 -25.598185 6.807747 39.969899 -33.035826 -8.135705 7.905263 -46.980251 -31.215025 -13.057876 -14.690291 0.000000 0.000000 0.000000 0.000000 0.000000 0.000000 0.000000 0.000000 0.000000 0.000000 0.000000 0.000000 0.000000 0.000000 0.000000 0.000000 0.000000 0.000000 0.000000 0.000000 0.000000 0.000000 0.000000 0.000000 0.000000 0.000000 0.000000 0.000000 0.000000 0.000000 0.000000 0.000000 0.000000 0.000000 0.000000 0.000000 0.000000 0.000000 0.000000 0.000000 0.000000 0.000000 -4.923173 -2.437077 11.672949 15.357078 -38.427576 13.796622 -9.909744 4.269760 112.735223 -26.699693 -2.192256 14.124213 0.000000 0.000000 0.000000 0.000000 0.000000 0.000000 0.000000 0.000000 0.000000 0.000000 0.000000 0.000000 0.000000 0.000000 0.000000 0.000000 0.000000 0.000000 0.000000 0.000000 0.000000 0.000000 0.000000 0.000000 0.000000 0.000000 0.000000 0.000000 0.000000 0.000000 0.000000 0.000000 0.000000 0.000000 0.000000 0.000000 0.000000 0.000000 0.000000 0.000000 0.000000 0.000000
-0.068028 -0.247512 1.063384 3.926195 7.092532 1.167469 -21.783714 -12.145603 2.949119 16.724347 2.865146 7.443358 -9.130600 0.104097 1.456124 0.339166 0.641975 -0.266490 -17.694050 0.352892 -4.476222 13.754582 1.004395 -3.645305 -0.970286 0.175750 -16.464743 -1.839786 -1.563873 -0.051831 43.561981 7.750314 -3.203661 -7.689021 4.401545 -6.614937 6.874947 -1.026410 -4.445951 5.545738 18.841360 13.092692 -7.359901 -1.959649 22.933335 -3.391253 12.840903 -25.658215 6.499728 39.885221 -32.911135 -8.698600 7.899013 -46.820559 -31.608613 -13.400380 -14.918955 0.000000 0.000000 0.000000 0.000000 0.000000 0.000000 0.000000 0.000000 0.000000 0.000000 0.000000 0.000000 0.000000 0.000000 0.000000 0.000000 0.000000 0.000000 0.000000 0.000000 0.000000 0.000000 0.000000 0.000000 0.000000 0.000000 0.000000 0.000000 0.000000 0.000000 0.000000 0.000000 0.000000 0.000000 0.000000 0.000000 0.000000 0.000000 0.000000 0.000000 0.000000 0.000000 -5.212948 -2.233359 11.854081 15.280490 -38.508162 14.078647 -10.040686 4.287285 112.706673 -26.275483 -2.244951 14.288283 0.000000 0.000000 0.000000 0.000000 0.000000 0.000000 0.000000 0.000000 0.000000 0.000000 0.000000 0.000000 0.000000 0.000000 0.000000 0.000000 0.000000 0.000000 0.000000 0.000000 0.000000 0.000000 0.000000 0.000000 0.000000 0.000000 0.000000 0.000000 0.000000 0.000000 0.000000 0.000000 0.000000 0.000000 0.000000 0.000000 0.000000 0.000000 0.000000 0.000000 0.000000 0.000000
-0.078234 -0.253800 1.063312 3.706005 7.448639 1.248765 -22.340552 -11.964839 2.535687 17.581791 2.881696 7.118095 -9.355961 -0.044507 1.820183 0.332581 0.460516 -0.254875 -17.867640 0.612375 -4.363433 13.939079 0.842633 -3.741535 -0.014792 -0.537462 -16.275514 -1.735584 -1.469073 -0.013921 43.839948 8.137639 -2.762945 -7.506052 4.598830 -6.381867 6.593119 -0.867619 -4.107821 5.555098 18.557976 13.380484 -7.391833 -1.615694 22.241469 -3.299125 12.953700 -25.179842 4.831772 38.508289 -30.656927 -9.369382 7.790327 -45.338228 -31.011584 -13.831559 -14.397325 0.000000 0.000000 0.000000 0.000000 0.000000 0.000000 0.000000 0.000000 0.000000 0.000000 0.000000 0.000000 0.000000 0.000000 0.000000 0.000000 0.000000 0.000000 0.000000 0.000000 0.000000 0.000000 0.000000 0.000000 0.000000 0.000000 0.000000 0.000000 0.000000 0.000000 0.000000 0.000000 0.000000 0.000000 0.000000 0.000000 0.000000 0.000000 0.000000 0.000000 0.000000 0.000000 -5.408440 -2.394124 12.806332 16.446847 -40.082618 17.198654 -9.625133 4.478946 112.606448 -27.575359 -1.716022 14.106811 0.000000 0.000000 0.000000 0.000000 0.000000 0.000000 0.000000 0.000000 0.000000 0.000000 0.000000 0.000000 0.000000 0.000000 0.000000 0.000000 0.000000 0.000000 0.000000 0.000000 0.000000 0.000000 0.000000 0.000000 0.000000 0.000000 0.000000 0.000000 0.000000 0.000000 0.000000 0.000000 0.000000 0.000000 0.000000 0.000000 0.000000 0.000000 0.000000 0.000000 0.000000 0.000000
-0.081265 -0.266029 1.062999 3.424122 7.421556 0.887750 -23.024336 -11.652011 1.974303 18.277467 2.738187 6.189296 -8.737951 -0.077685 3.014981 0.285237 0.387425 -0.258778 -18.219047 0.703019 -4.105669 13.791255 0.928716 -3.866243 0.769162 -0.893665 -16.107968 -1.676198 -1.511826 -0.044364 44.183699 8.629787 -2.148589 -7.102963 4.772075 -5.581386 5.920864 -0.715624 -3.371735 5.470851 17.860323 14.119064 -7.470215 -1.276025 21.122805 -3.676910 12.602583 -24.268826 2.113229 36.297277 -26.994442 -11.760180 7.768439 -43.456425 -29.156227 -14.486442 -14.288189 0.000000 0.000000 0.000000 0.000000 0.000000 0.000000 0.000000 0.000000 0.000000 0.000000 0.000000 0.000000 0.000000 0.000000 0.000000 0.000000 0.000000 0.000000 0.000000 0.000000 0.000000 0.000000 0.000000 0.000000 0.000000 0.000000 0.000000 0.000000 0.000000 0.000000 0.000000 0.000000 0.000000 0.000000 0.000000 0.000000 0.000000 0.000000 0.000000 0.000000 0.000000 0.000000 -5.960016 -2.344086 15.034423 19.718603 -42.111019 23.953441 -8.768981 5.989817 111.296343 -27.721304 -0.543171 13.699259 0.000000 0.000000 0.000000 0.000000 0.000000 0.000000 0.000000 0.000000 0.000000 0.000000 0.000000 0.000000 0.000000 0.000000 0.000000 0.000000 0.000000 0.000000 0.000000 0.000000 0.000000 0.000000 0.000000 0.000000 0.000000 0.000000 0.000000 0.000000 0.000000 0.000000 0.000000 0.000000 0.000000 0.000000 0.000000 0.000000 0.000000 0.000000 0.000000 0.000000 0.000000 0.000000
-0.084293 -0.270806 1.062812 3.472752 7.476736 0.722823 -23.464493 -11.653130 1.880137 18.412747 2.953317 5.621014 -8.412211 -0.138513 3.628214 0.258531 0.304175 -0.267256 -18.077532 0.843768 -4.045349 12.726212 0.775165 -3.554657 1.574125 -0.953539 -16.238903 -1.542889 -1.539517 -0.028577 44.281933 9.025057 -1.606863 -6.743065 4.855436 -4.924577 5.585732 -0.882944 -2.740243 5.577603 17.389961 15.636199 -7.493803 -0.762994 19.588909 -3.711809 11.774709 -24.068931 -1.553860 32.498637 -22.815236 -14.605041 7.504229 -39.059953 -27.352253 -14.556200 -13.687636 0.000000 0.000000 0.000000 0.000000 0.000000 0.000000 0.000000 0.000000 0.000000 0.000000 0.000000 0.000000 0.000000 0.000000 0.000000 0.000000 0.000000 0.000000 0.000000 0.000000 0.000000 0.000000 0.000000 0.000000 0.000000 0.000000 0.000000 0.000000 0.000000 0.000000 0.000000 0.000000 0.000000 0.000000 0.000000 0.000000 0.000000 0.000000 0.000000 0.000000 0.000000 0.000000 -6.457070 -2.872839 17.823432 24.452967 -44.522787 32.592773 -7.660425 8.122836 107.564973 -29.476742 0.911003 13.623372 0.000000 0.000000 0.000000 0.000000 0.000000 0.000000 0.000000 0.000000 0.000000 0.000000 0.000000 0.000000 0.000000 0.000000 0.000000 0.000000 0.000000 0.000000 0.000000 0.000000 0.000000 0.000000 0.000000 0.000000 0.000000 0.000000 0.000000 0.000000 0.000000 0.000000 0.000000 0.000000 0.000000 0.000000 0.000000 0.000000 0.000000 0.000000 0.000000 0.000000 0.000000 0.000000
-0.085494 -0.276899 1.062570 3.451275 7.419369 0.334779 -23.535222 -11.681068 1.611997 18.042189 3.305114 5.187543 -8.020371 -0.160158 4.501819 0.274016 0.420521 -0.225431 -18.105190 0.985013 -3.750462 11.952811 0.614011 -3.247421 2.491515 -0.887316 -16.276321 -1.340242 -1.462501 -0.019774 44.479027 9.542139 -1.032555 -5.987016 4.725914 -4.222490 4.885506 -1.031332 -2.027417 5.436007 16.826413 16.412620 -7.751532 0.402780 17.335098 -3.736359 11.339769 -23.779042 -4.857151 27.517991 -19.591691 -18.933292 7.666919 -33.934896 -26.735918 -14.415211 -12.974160 0.000000 0.000000 0.000000 0.000000 0.000000 0.000000 0.000000 0.000000 0.000000 0.000000 0.000000 0.000000 0.000000 0.000000 0.000000 0.000000 0.000000 0.000000 0.000000 0.000000 0.000000 0.000000 0.000000 0.000000 0.000000 0.000000 0.000000 0.000000 0.000000 0.000000 0.000000 0.000000 0.000000 0.000000 0.000000 0.000000 0.000000 0.000000 0.000000 0.000000 0.000000 0.000000 -6.730849 -4.232011 20.733001 28.795585 -44.606221 41.492141 -6.028071 10.149084 102.752356 -30.374771 1.922885 13.364223 0.000000 0.000000 0.000000 0.000000 0.000000 0.000000 0.000000 0.000000 0.000000 0.000000 0.000000 0.000000 0.000000 0.000000 0.000000 0.000000 0.000000 0.000000 0.000000 0.000000 0.000000 0.000000 0.000000 0.000000 0.000000 0.000000 0.000000 0.000000 0.000000 0.000000 0.000000 0.000000 0.000000 0.000000 0.000000 0.000000 0.000000 0.000000 0.000000 0.000000 0.000000 0.000000
-0.087671 -0.280850 1.062602 3.273487 7.633733 0.505225 -23.582781 -11.751046 1.349554 18.018549 3.249567 4.892226 -7.896204 -0.133874 4.791472 0.283969 0.427537 -0.208222 -17.996236 0.926760 -3.550017 11.806340 0.469744 -2.947632 2.951530 -0.954653 -16.352058 -1.262551 -1.516554 -0.028014 44.344751 9.871950 -0.793581 -5.858231 4.698134 -3.935764 4.665543 -1.123385 -1.666037 5.264583 16.624428 16.839753 -7.862362 0.656933 16.686632 -3.852653 11.010718 -23.489915 -5.810669 25.742549 -18.443754 -20.276554 7.620847 -32.717534 -25.731969 -14.224374 -12.887228 0.000000 0.000000 0.000000 0.000000 0.000000 0.000000 0.000000 0.000000 0.000000 0.000000 0.000000 0.000000 0.000000 0.000000 0.000000 0.000000 0.000000 0.000000 0.000000 0.000000 0.000000 0.000000 0.000000 0.000000 0.000000 0.000000 0.000000 0.000000 0.000000 0.000000 0.000000 0.000000 0.000000 0.000000 0.000000 0.000000 0.000000 0.000000 0.000000 0.000000 0.000000 0.000000 -6.661807 -4.631454 21.638472 29.832098 -44.422755 43.762537 -5.497248 10.439859 101.407488 -30.795343 1.905163 13.588826 0.000000 0.000000 0.000000 0.000000 0.000000 0.000000 0.000000 0.000000 0.000000 0.000000 0.000000 0.000000 0.000000 0.000000 0.000000 0.000000 0.000000 0.000000 0.000000 0.000000 0.000000 0.000000 0.000000 0.000000 0.000000 0.000000 0.000000 0.000000 0.000000 0.000000 0.000000 0.000000 0.000000 0.000000 0.000000 0.000000 0.000000 0.000000 0.000000 0.000000 0.000000 0.000000
-0.083789 -0.282145 1.062503 2.990947 7.573811 1.211328 -23.433881 -11.657269 1.149208 18.022594 3.072618 4.614347 -7.785413 -0.024334 4.637937 0.242634 0.451830 -0.204982 -17.632634 0.921234 -3.740806 11.871012 0.474857 -3.025050 2.488148 -0.855609 -16.590574 -1.224762 -1.535867 -0.052179 43.954113 10.056648 -0.674873 -5.903677 4.739533 -3.870075 4.799796 -1.198658 -1.565111 5.048845 16.560536 16.835480 -7.729437 0.573946 16.612416 -3.949073 10.747255 -23.420996 -5.429425 25.745331 -18.778457 -19.690027 7.761620 -34.172300 -25.937674 -13.845933 -13.154984 0.000000 0.000000 0.000000 0.000000 0.000000 0.000000 0.000000 0.000000 0.000000 0.000000 0.000000 0.000000 0.000000 0.000000 0.000000 0.000000 0.000000 0.000000 0.000000 0.000000 0.000000 0.000000 0.000000 0.000000 0.000000 0.000000 0.000000 0.000000 0.000000 0.000000 0.000000 0.000000 0.000000 0.000000 0.000000 0.000000 0.000000 0.000000 0.000000 0.000000 0.000000 0.000000 -6.518843 -4.640297 21.411456 28.968370 -44.070649 42.543113 -5.753127 10.476133 101.709731 -30.385086 1.586666 13.540154 0.000000 0.000000 0.000000 0.000000 0.000000 0.000000 0.000000 0.000000 0.000000 0.000000 0.000000 0.000000 0.000000 0.000000 0.000000 0.000000 0.000000 0.000000 0.000000 0.000000 0.000000 0.000000 0.000000 0.000000 0.000000 0.000000 0.000000 0.000000 0.000000 0.000000 0.000000 0.000000 0.000000 0.000000 0.000000 0.000000 0.000000 0.000000 0.000000 0.000000 0.000000 0.000000
-0.083069 -0.281598 1.062694 2.597704 7.736613 2.631205 -23.038333 -11.423379 1.182356 17.742576 2.589134 4.247777 -8.047905 0.065098 3.948031 0.167521 0.488327 -0.197575 -16.957052 0.813517 -4.245584 11.999149 0.669914 -3.339787 2.044972 -0.897489 -16.980106 -1.259620 -1.544026 -0.073161 43.357992 9.932334 -0.766998 -6.418998 4.901471 -4.026190 5.372150 -1.255926 -1.894864 5.309694 16.659795 16.144319 -7.022302 -0.049340 17.341042 -4.059437 10.775446 -23.223327 -3.275688 28.150325 -20.775615 -16.224062 7.977901 -38.218593 -27.056131 -13.027546 -13.418702 0.000000 0.000000 0.000000 0.000000 0.000000 0.000000 0.000000 0.000000 0.000000 0.000000 0.000000 0.000000 0.000000 0.000000 0.000000 0.000000 0.000000 0.000000 0.000000 0.000000 0.000000 0.000000 0.000000 0.000000 0.000000 0.000000 0.000000 0.000000 0.000000 0.000000 0.000000 0.000000 0.000000 0.000000 0.000000 0.000000 0.000000 0.000000 0.000000 0.000000 0.000000 0.000000 -6.281023 -4.170058 19.559967 25.973174 -43.389212 36.863569 -6.637371 9.826091 104.450864 -29.385695 1.087077 13.294458 0.000000 0.000000 0.000000 0.000000 0.000000 0.000000 0.000000 0.000000 0.000000 0.000000 0.000000 0.000000 0.000000 0.000000 0.000000 0.000000 0.000000 0.000000 0.000000 0.000000 0.000000 0.000000 0.000000 0.000000 0.000000 0.000000 0.000000 0.000000 0.000000 0.000000 0.000000 0.000000 0.000000 0.000000 0.000000 0.000000 0.000000 0.000000 0.000000 0.000000 0.000000 0.000000
-0.080722 -0.286658 1.063039 1.927038 7.900920 4.093901 -22.680809 -11.332704 1.081745 17.559744 2.155933 4.009146 -7.921004 0.451985 3.243423 0.193107 0.565107 -0.200440 -16.451310 0.590793 -4.553923 12.536487 0.814634 -3.396340 1.823334 -0.898998 -17.545537 -1.357359 -1.609461 -0.099089 43.126430 9.835390 -0.965256 -7.024945 4.990509 -4.375661 5.902389 -1.249681 -2.226714 5.310487 16.912484 15.422952 -6.701699 -0.947642 18.766137 -4.150135 10.970264 -23.185355 -0.536800 31.273560 -23.330611 -12.565185 7.775457 -44.057947 -27.412987 -12.268414 -13.444096 0.000000 0.000000 0.000000 0.000000 0.000000 0.000000 0.000000 0.000000 0.000000 0.000000 0.000000 0.000000 0.000000 0.000000 0.000000 0.000000 0.000000 0.000000 0.000000 0.000000 0.000000 0.000000 0.000000 0.000000 0.000000 0.000000 0.000000 0.000000 0.000000 0.000000 0.000000 0.000000 0.000000 0.000000 0.000000 0.000000 0.000000 0.000000 0.000000 0.000000 0.000000 0.000000 -5.807841 -3.572299 17.451305 21.926463 -42.374291 29.742158 -7.988318 8.477071 107.630751 -27.600805 -0.344319 12.697351 0.000000 0.000000 0.000000 0.000000 0.000000 0.000000 0.000000 0.000000 0.000000 0.000000 0.000000 0.000000 0.000000 0.000000 0.000000 0.000000 0.000000 0.000000 0.000000 0.000000 0.000000 0.000000 0.000000 0.000000 0.000000 0.000000 0.000000 0.000000 0.000000 0.000000 0.000000 0.000000 0.000000 0.000000 0.000000 0.000000 0.000000 0.000000 0.000000 0.000000 0.000000 0.000000
-0.078984 -0.283771 1.063408 1.711966 8.040523 5.422552 -22.284049 -11.074960 0.842028 17.064427 1.563543 3.715566 -8.144515 0.561459 2.714143 0.189693 0.671093 -0.165708 -16.199076 0.308088 -4.759059 13.223734 1.165614 -3.467556 1.515780 -0.777994 -17.860732 -1.485660 -1.646559 -0.145124 43.258201 9.748797 -1.310414 -7.607970 5.193039 -4.642165 6.384015 -1.149449 -2.606414 5.104348 17.194847 14.609807 -6.452619 -1.747524 19.736616 -4.378739 11.539754 -23.163360 2.612738 34.129667 -26.857215 -9.669437 7.891485 -48.318127 -28.826701 -11.850249 -13.820813 0.000000 0.000000 0.000000 0.000000 0.000000 0.000000 0.000000 0.000000 0.000000 0.000000 0.000000 0.000000 0.000000 0.000000 0.000000 0.000000 0.000000 0.000000 0.000000 0.000000 0.000000 0.000000 0.000000 0.000000 0.000000 0.000000 0.000000 0.000000 0.000000 0.000000 0.000000 0.000000 0.000000 0.000000 0.000000 0.000000 0.000000 0.000000 0.000000 0.000000 0.000000 0.000000 -5.575248 -3.164496 15.377274 17.797480 -40.156726 22.721630 -8.934566 6.178865 110.054392 -26.759006 -1.346430 12.883836 0.000000 0.000000 0.000000 0.000000 0.000000 0.000000 0.000000 0.000000 0.000000 0.000000 0.000000 0.000000 0.000000 0.000000 0.000000 0.000000 0.000000 0.000000 0.000000 0.000000 0.000000 0.000000 0.000000 0.000000 0.000000 0.000000 0.000000 0.000000 0.000000 0.000000 0.000000 0.000000 0.000000 0.000000 0.000000 0.000000 0.000000 0.000000 0.000000 0.000000 0.000000 0.000000
-0.078207 -0.282825 1.063747 1.643614 8.225718 6.689504 -22.187772 -11.063335 0.879887 16.467101 1.389725 3.678376 -7.997535 0.704955 1.819758 0.184377 0.784678 -0.183700 -16.158201 0.171875 -4.904576 13.575767 1.191214 -3.544292 1.887210 -0.468859 -18.308532 -1.592862 -1.602096 -0.120244 42.868467 9.649856 -1.658501 -7.852954 5.162558 -4.980550 6.588812 -1.068024 -3.005162 5.211358 17.931255 14.162981 -6.704999 -1.815084 20.879991 -4.175607 12.076372 -23.224510 4.923128 36.185425 -29.689693 -7.946880 7.633471 -50.537501 -29.368730 -11.870019 -14.502733 0.000000 0.000000 0.000000 0.000000 0.000000 0.000000 0.000000 0.000000 0.000000 0.000000 0.000000 0.000000 0.000000 0.000000 0.000000 0.000000 0.000000 0.000000 0.000000 0.000000 0.000000 0.000000 0.000000 0.000000 0.000000 0.000000 0.000000 0.000000 0.000000 0.000000 0.000000 0.000000 0.000000 0.000000 0.000000 0.000000 0.000000 0.000000 0.000000 0.000000 0.000000 0.000000 -5.318557 -3.029201 13.694173 15.463648 -38.364384 18.270196 -9.329014 4.707726 111.615758 -26.640834 -1.933263 13.371313 0.000000 0.000000 0.000000 0.000000 0.000000 0.000000 0.000000 0.000000 0.000000 0.000000 0.000000 0.000000 0.000000 0.000000 0.000000 0.000000 0.000000 0.000000 0.000000 0.000000 0.000000 0.000000 0.000000 0.000000 0.000000 0.000000 0.000000 0.000000 0.000000 0.000000 0.000000 0.000000 0.000000 0.000000 0.000000 0.000000 0.000000 0.000000 0.000000 0.000000 0.000000 0.000000
-0.076859 -0.284186 1.063891 1.490575 8.326428 7.773945 -22.031771 -11.046236 0.937764 15.861236 1.312232 3.936608 -7.821815 0.918426 0.864579 0.292631 0.833196 -0.182345 -16.031628 0.089550 -5.242258 13.668380 1.238291 -3.678364 2.100580 -0.295465 -18.653235 -1.629750 -1.507105 -0.109172 42.736274 9.598129 -1.877211 -7.703588 5.232386 -5.267012 6.816415 -0.930719 -3.319808 5.662077 18.554068 13.501131 -6.758491 -1.951772 21.123295 -3.829857 12.525078 -23.829953 5.855920 37.106605 -30.941352 -7.157498 7.277622 -51.257975 -29.227660 -12.078283 -14.807008 0.000000 0.000000 0.000000 0.000000 0.000000 0.000000 0.000000 0.000000 0.000000 0.000000 0.000000 0.000000 0.000000 0.000000 0.000000 0.000000 0.000000 0.000000 0.000000 0.000000 0.000000 0.000000 0.000000 0.000000 0.000000 0.000000 0.000000 0.000000 0.000000 0.000000 0.000000 0.000000 0.000000 0.000000 0.000000 0.000000 0.000000 0.000000 0.000000 0.000000 0.000000 0.000000 -5.064580 -2.822965 13.096083 14.058449 -37.427577 15.324689 -9.621965 4.101917 112.116686 -26.359279 -2.419662 13.926632 0.000000 0.000000 0.000000 0.000000 0.000000 0.000000 0.000000 0.000000 0.000000 0.000000 0.000000 0.000000 0.000000 0.000000 0.000000 0.000000 0.000000 0.000000 0.000000 0.000000 0.000000 0.000000 0.000000 0.000000 0.000000 0.000000 0.000000 0.000000 0.000000 0.000000 0.000000 0.000000 0.000000 0.000000 0.000000 0.000000 0.000000 0.000000 0.000000 0.000000 0.000000 0.000000
-0.082218 -0.286974 1.064043 1.351083 8.634904 8.254486 -22.160419 -11.062202 0.821684 15.872449 1.348279 3.772598 -7.898641 0.903257 0.693389 0.273297 0.819256 -0.179308 -16.140938 0.117840 -5.208513 13.968667 1.153875 -3.602694 2.696960 -0.639532 -18.704929 -1.685409 -1.475582 -0.120391 42.894593 9.682324 -1.862271 -7.911754 5.286138 -5.204162 6.855488 -0.883033 -3.309447 5.535431 18.638712 13.601763 -6.696909 -1.864725 21.274118 -3.826008 12.562132 -23.651805 5.812632 37.071750 -30.437306 -6.998960 7.279779 -51.302517 -28.963268 -12.347318 -14.752820 0.000000 0.000000 0.000000 0.000000 0.000000 0.000000 0.000000 0.000000 0.000000 0.000000 0.000000 0.000000 0.000000 0.000000 0.000000 0.000000 0.000000 0.000000 0.000000 0.000000 0.000000 0.000000 0.000000 0.000000 0.000000 0.000000 0.000000 0.000000 0.000000 0.000000 0.000000 0.000000 0.000000 0.000000 0.000000 0.000000 0.000000 0.000000 0.000000 0.000000 0.000000 0.000000 -5.150089 -2.752277 13.047411 14.296438 -38.042742 15.624526 -9.782159 4.120713 112.319315 -26.101601 -2.218080 13.808782 0.000000 0.000000 0.000000 0.000000 0.000000 0.000000 0.000000 0.000000 0.000000 0.000000 0.000000 0.000000 0.000000 0.000000 0.000000 0.000000 0.000000 0.000000 0.000000 0.000000 0.000000 0.000000 0.000000 0.000000 0.000000 0.000000 0.000000 0.000000 0.000000 0.000000 0.000000 0.000000 0.000000 0.000000 0.000000 0.000000 0.000000 0.000000 0.000000 0.000000 0.000000 0.000000
-0.089699 -0.292184 1.064197 1.144491 9.019228 8.437016 -22.650668 -11.057542 0.409362 16.586840 1.332801 3.256194 -7.957191 0.819825 1.060742 0.233173 0.866540 -0.156881 -16.343702 0.139860 -4.972567 14.317050 1.045226 -3.299243 3.537358 -1.135922 -18.632969 -1.698597 -1.426567 -0.147978 43.075764 9.863552 -1.652139 -8.005816 5.345487 -4.922601 6.653508 -0.818007 -3.047424 5.557466 18.509109 13.725139 -6.398088 -1.691718 20.905876 -3.855432 12.655335 -23.321013 4.823259 36.395638 -28.821469 -8.353509 7.538719 -50.557782 -29.184383 -12.519282 -14.499390 0.000000 0.000000 0.000000 0.000000 0.000000 0.000000 0.000000 0.000000 0.000000 0.000000 0.000000 0.000000 0.000000 0.000000 0.000000 0.000000 0.000000 0.000000 0.000000 0.000000 0.000000 0.000000 0.000000 0.000000 0.000000 0.000000 0.000000 0.000000 0.000000 0.000000 0.000000 0.000000 0.000000 0.000000 0.000000 0.000000 0.000000 0.000000 0.000000 0.000000 0.000000 0.000000 -5.192922 -3.039809 13.735155 15.283008 -39.165217 17.856178 -9.858768 4.677043 112.439074 -25.864969 -1.329838 13.565847 0.000000 0.000000 0.000000 0.000000 0.000000 0.000000 0.000000 0.000000 0.000000 0.000000 0.000000 0.000000 0.000000 0.000000 0.000000 0.000000 0.000000 0.000000 0.000000 0.000000 0.000000 0.000000 0.000000 0.000000 0.000000 0.000000 0.000000 0.000000 0.000000 0.000000 0.000000 0.000000 0.000000 0.000000 0.000000 0.000000 0.000000 0.000000 0.000000 0.000000 0.000000 0.000000
-0.098414 -0.293908 1.064214 1.260190 9.302704 7.958990 -22.959915 -11.066219 0.235087 16.907479 1.521598 2.756266 -8.160893 0.603528 1.669133 0.184819 0.821219 -0.133265 -16.557006 0.476380 -4.965453 14.139015 0.751772 -3.046739 4.101216 -2.033186 -18.044891 -1.637590 -1.367088 -0.174990 43.320843 10.063542 -1.173156 -8.167593 5.570376 -4.508818 6.508591 -0.889641 -2.614563 5.400075 18.110691 14.626960 -6.146823 -1.380624 20.267289 -4.069341 12.341755 -22.742772 2.702891 34.686794 -25.932020 -9.953676 7.966656 -48.425185 -29.224712 -12.831322 -14.009787 0.000000 0.000000 0.000000 0.000000 0.000000 0.000000 0.000000 0.000000 0.000000 0.000000 0.000000 0.000000 0.000000 0.000000 0.000000 0.000000 0.000000 0.000000 0.000000 0.000000 0.000000 0.000000 0.000000 0.000000 0.000000 0.000000 0.000000 0.000000 0.000000 0.000000 0.000000 0.000000 0.000000 0.000000 0.000000 0.000000 0.000000 0.000000 0.000000 0.000000 0.000000 0.000000 -5.472506 -3.270660 14.991589 17.633986 -41.394490 22.443142 -9.834707 5.601254 111.500903 -26.475707 -0.840526 12.816631 0.000000 0.000000 0.000000 0.000000 0.000000 0.000000 0.000000 0.000000 0.000000 0.000000 0.000000 0.000000 0.000000 0.000000 0.000000 0.000000 0.000000 0.000000 0.000000 0.000000 0.000000 0.000000 0.000000 0.000000 0.000000 0.000000 0.000000 0.000000 0.000000 0.000000 0.000000 0.000000 0.000000 0.000000 0.000000 0.000000 0.000000 0.000000 0.000000 0.000000 0.000000 0.000000
-0.107099 -0.299413 1.063951 1.146006 9.297294 7.135527 -22.688648 -11.007917 0.436019 16.669444 2.165058 2.688797 -8.251552 0.389156 2.289349 0.197304 0.732825 -0.116504 -16.528437 1.164912 -4.769912 13.654513 0.382422 -2.937791 5.022754 -2.893948 -17.381442 -1.472600 -1.333135 -0.133754 43.468673 10.348941 -0.685317 -7.756629 5.538186 -4.098015 6.104548 -0.987726 -2.121967 5.052196 17.466871 16.302522 -6.202112 -0.513011 19.772310 -4.197873 11.703731 -22.439653 -0.319173 31.012931 -22.293204 -12.670018 8.107498 -45.203045 -28.223548 -13.310691 -13.399238 0.000000 0.000000 0.000000 0.000000 0.000000 0.000000 0.000000 0.000000 0.000000 0.000000 0.000000 0.000000 0.000000 0.000000 0.000000 0.000000 0.000000 0.000000 0.000000 0.000000 0.000000 0.000000 0.000000 0.000000 0.000000 0.000000 0.000000 0.000000 0.000000 0.000000 0.000000 0.000000 0.000000 0.000000 0.000000 0.000000 0.000000 0.000000 0.000000 0.000000 0.000000 0.000000 -5.939340 -3.987055 16.896150 22.203929 -43.662440 30.114078 -9.420952 7.799200 109.244661 -26.297503 0.397194 12.012500 0.000000 0.000000 0.000000 0.000000 0.000000 0.000000 0.000000 0.000000 0.000000 0.000000 0.000000 0.000000 0.000000 0.000000 0.000000 0.000000 0.000000 0.000000 0.000000 0.000000 0.000000 0.000000 0.000000 0.000000 0.000000 0.000000 0.000000 0.000000 0.000000 0.000000 0.000000 0.000000 0.000000 0.000000 0.000000 0.000000 0.000000 0.000000 0.000000 0.000000 0.000000 0.000000
-0.114399 -0.301041 1.063775 1.147503 9.363813 6.608240 -22.467226 -11.036017 0.536017 16.436459 2.712921 2.536439 -8.400210 0.119729 2.724289 0.240744 0.722241 -0.046471 -16.521790 1.701857 -4.592079 13.400692 0.079656 -2.671475 5.616313 -3.613590 -16.602266 -1.341224 -1.410357 -0.163175 43.559768 10.624694 -0.383251 -7.295899 5.527971 -3.678169 5.788152 -1.028918 -1.724058 4.716176 16.948273 17.608860 -6.457066 0.144393 19.060350 -4.578165 11.123727 -22.373754 -2.671974 28.436016 -20.237303 -15.265310 8.071235 -41.068166 -27.285114 -13.363306 -13.366014 0.000000 0.000000 0.000000 0.000000 0.000000 0.000000 0.000000 0.000000 0.000000 0.000000 0.000000 0.000000 0.000000 0.000000 0.000000 0.000000 0.000000 0.000000 0.000000 0.000000 0.000000 0.000000 0.000000 0.000000 0.000000 0.000000 0.000000 0.000000 0.000000 0.000000 0.000000 0.000000 0.000000 0.000000 0.000000 0.000000 0.000000 0.000000 0.000000 0.000000 0.000000 0.000000 -6.382992 -4.499718 18.721368 25.083675 -43.990678 35.819436 -8.315147 9.136837 106.858796 -26.356489 1.039267 12.106291 0.000000 0.000000 0.000000 0.000000 0.000000 0.000000 0.000000 0.000000 0.000000 0.000000 0.000000 0.000000 0.000000 0.000000 0.000000 0.000000 0.000000 0.000000 0.000000 0.000000 0.000000 0.000000 0.000000 0.000000 0.000000 0.000000 0.000000 0.000000 0.000000 0.000000 0.000000 0.000000 0.000000 0.000000 0.000000 0.000000 0.000000 0.000000 0.000000 0.000000 0.000000 0.000000
-0.121721 -0.302579 1.063772 1.089909 9.583439 6.139537 -22.337144 -11.249606 0.567074 16.422660 3.201268 2.309127 -8.602626 -0.052536 3.261284 0.243019 0.744886 0.010987 -16.645308 2.001848 -4.245893 13.509678 -0.200049 -2.135874 6.362744 -4.105621 -15.918734 -1.273265 -1.445925 -0.168554 43.676071 10.859152 -0.176792 -6.835324 5.438383 -3.336195 5.347389 -1.020364 -1.419737 4.480222 16.379325 18.437679 -6.878298 0.554456 18.215646 -4.744007 10.802562 -22.381123 -4.863999 25.873612 -18.579310 -18.495953 8.049848 -37.139887 -26.761826 -13.547212 -13.112226 0.000000 0.000000 0.000000 0.000000 0.000000 0.000000 0.000000 0.000000 0.000000 0.000000 0.000000 0.000000 0.000000 0.000000 0.000000 0.000000 0.000000 0.000000 0.000000 0.000000 0.000000 0.000000 0.000000 0.000000 0.000000 0.000000 0.000000 0.000000 0.000000 0.000000 0.000000 0.000000 0.000000 0.000000 0.000000 0.000000 0.000000 0.000000 0.000000 0.000000 0.000000 0.000000 -6.729645 -5.101081 20.429423 27.515170 -43.931794 40.914887 -7.171186 10.234275 104.325145 -26.320170 1.830124 12.090597 0.000000 0.000000 0.000000 0.000000 0.000000 0.000000 0.000000 0.000000 0.000000 0.000000 0.000000 0.000000 0.000000 0.000000 0.000000 0.000000 0.000000 0.000000 0.000000 0.000000 0.000000 0.000000 0.000000 0.000000 0.000000 0.000000 0.000000 0.000000 0.000000 0.000000 0.000000 0.000000 0.000000 0.000000 0.000000 0.000000 0.000000 0.000000 0.000000 0.000000 0.000000 0.000000
-0.128379 -0.308216 1.063810 0.926604 9.794008 5.605286 -22.472728 -11.461570 0.582871 16.699260 3.630315 2.327079 -8.439496 -0.077604 3.733527 0.248546 0.699872 0.006001 -16.987146 2.262077 -3.962794 13.738953 -0.436609 -1.709645 7.282780 -4.695855 -15.139483 -1.240364 -1.462334 -0.169830 43.662295 11.020310 0.020720 -6.355622 5.247275 -3.134524 4.885633 -1.096165 -1.093859 4.617527 15.987127 18.746422 -7.142013 0.763705 17.671883 -4.604802 10.598842 -22.605727 -6.601780 23.590791 -16.999608 -21.574827 8.063899 -33.543383 -26.272566 -14.019583 -12.786278 0.000000 0.000000 0.000000 0.000000 0.000000 0.000000 0.000000 0.000000 0.000000 0.000000 0.000000 0.000000 0.000000 0.000000 0.000000 0.000000 0.000000 0.000000 0.000000 0.000000 0.000000 0.000000 0.000000 0.000000 0.000000 0.000000 0.000000 0.000000 0.000000 0.000000 0.000000 0.000000 0.000000 0.000000 0.000000 0.000000 0.000000 0.000000 0.000000 0.000000 0.000000 0.000000 -6.945926 -5.420862 21.955162 29.649218 -43.813656 45.148973 -5.939772 11.151631 101.774855 -26.368501 2.100036 11.922702 0.000000 0.000000 0.000000 0.000000 0.000000 0.000000 0.000000 0.000000 0.000000 0.000000 0.000000 0.000000 0.000000 0.000000 0.000000 0.000000 0.000000 0.000000 0.000000 0.000000 0.000000 0.000000 0.000000 0.000000 0.000000 0.000000 0.000000 0.000000 0.000000 0.000000 0.000000 0.000000 0.000000 0.000000 0.000000 0.000000 0.000000 0.000000 0.000000 0.000000 0.000000 0.000000
-0.135468 -0.312469 1.063797 0.626988 9.859947 5.067975 -22.285070 -11.481275 0.670869 17.017196 4.087039 2.421649 -8.514840 -0.241848 4.220484 0.239973 0.576030 -0.016388 -17.014571 2.641235 -3.868370 13.944006 -0.413627 -1.432484 7.937778 -5.443465 -13.998205 -1.180080 -1.509315 -0.133079 43.896992 11.259127 0.217871 -5.737116 5.054332 -3.059558 4.450736 -1.141616 -0.881890 4.808788 15.442492 18.501813 -7.265344 0.846013 17.107962 -4.253533 10.491590 -23.168987 -7.857265 21.656761 -15.981166 -23.642646 8.185809 -30.211042 -25.933504 -14.633438 -12.333070 0.000000 0.000000 0.000000 0.000000 0.000000 0.000000 0.000000 0.000000 0.000000 0.000000 0.000000 0.000000 0.000000 0.000000 0.000000 0.000000 0.000000 0.000000 0.000000 0.000000 0.000000 0.000000 0.000000 0.000000 0.000000 0.000000 0.000000 0.000000 0.000000 0.000000 0.000000 0.000000 0.000000 0.000000 0.000000 0.000000 0.000000 0.000000 0.000000 0.000000 0.000000 0.000000 -7.054487 -5.529802 23.169584 31.548238 -43.891612 48.365581 -4.865256 11.327441 98.566991 -26.929909 2.385671 11.581154 0.000000 0.000000 0.000000 0.000000 0.000000 0.000000 0.000000 0.000000 0.000000 0.000000 0.000000 0.000000 0.000000 0.000000 0.000000 0.000000 0.000000 0.000000 0.000000 0.000000 0.000000 0.000000 0.000000 0.000000 0.000000 0.000000 0.000000 0.000000 0.000000 0.000000 0.000000 0.000000 0.000000 0.000000 0.000000 0.000000 0.000000 0.000000 0.000000 0.000000 0.000000 0.000000
-0.137006 -0.309332 1.063734 0.560253 9.826916 4.811450 -22.173054 -11.410029 0.622050 17.538028 4.073546 2.289240 -8.859791 -0.604167 4.503223 0.215066 0.535078 -0.008309 -17.024946 2.690543 -3.751786 14.417477 -0.174561 -1.259762 7.622743 -5.693968 -13.373737 -1.198456 -1.571046 -0.153822 43.789124 11.250159 0.183153 -5.524217 4.974401 -3.135366 4.372872 -1.155615 -0.981158 4.962430 15.200396 17.940701 -7.161862 0.572480 17.058703 -3.910844 10.830345 -23.336460 -7.447273 21.592659 -15.963202 -23.037198 8.577975 -30.216875 -26.058146 -14.753312 -12.092862 0.000000 0.000000 0.000000 0.000000 0.000000 0.000000 0.000000 0.000000 0.000000 0.000000 0.000000 0.000000 0.000000 0.000000 0.000000 0.000000 0.000000 0.000000 0.000000 0.000000 0.000000 0.000000 0.000000 0.000000 0.000000 0.000000 0.000000 0.000000 0.000000 0.000000 0.000000 0.000000 0.000000 0.000000 0.000000 0.000000 0.000000 0.000000 0.000000 0.000000 0.000000 0.000000 -6.918580 -5.626909 23.257991 31.681191 -43.674733 48.010567 -3.891103 11.181552 97.269807 -26.785724 2.406158 11.431607 0.000000 0.000000 0.000000 0.000000 0.000000 0.000000 0.000000 0.000000 0.000000 0.000000 0.000000 0.000000 0.000000 0.000000 0.000000 0.000000 0.000000 0.000000 0.000000 0.000000 0.000000 0.000000 0.000000 0.000000 0.000000 0.000000 0.000000 0.000000 0.000000 0.000000 0.000000 0.000000 0.000000 0.000000 0.000000 0.000000 0.000000 0.000000 0.000000 0.000000 0.000000 0.000000
-0.131020 -0.301170 1.063579 0.642607 9.635779 4.763348 -21.969059 -11.340506 0.515564 17.917484 3.669431 2.138988 -9.309846 -0.920447 4.675806 0.182619 0.489177 -0.018736 -16.873136 2.465303 -3.696992 14.800061 0.191467 -1.146338 6.283954 -5.644868 -12.908907 -1.193003 -1.583279 -0.146745 43.513707 11.065331 0.045780 -5.606591 4.961290 -3.291449 4.562820 -1.183257 -1.266821 5.197300 15.170742 17.212742 -6.837221 0.044111 17.318478 -3.541167 11.487638 -23.222391 -5.971046 23.117120 -16.766264 -20.813184 8.985827 -32.218393 -26.870473 -14.438130 -12.180030 0.000000 0.000000 0.000000 0.000000 0.000000 0.000000 0.000000 0.000000 0.000000 0.000000 0.000000 0.000000 0.000000 0.000000 0.000000 0.000000 0.000000 0.000000 0.000000 0.000000 0.000000 0.000000 0.000000 0.000000 0.000000 0.000000 0.000000 0.000000 0.000000 0.000000 0.000000 0.000000 0.000000 0.000000 0.000000 0.000000 0.000000 0.000000 0.000000 0.000000 0.000000 0.000000 -6.545916 -5.621473 22.361384 30.529864 -43.444476 44.778350 -3.359772 10.764958 97.818450 -27.095258 2.413125 11.367403 0.000000 0.000000 0.000000 0.000000 0.000000 0.000000 0.000000 0.000000 0.000000 0.000000 0.000000 0.000000 0.000000 0.000000 0.000000 0.000000 0.000000 0.000000 0.000000 0.000000 0.000000 0.000000 0.000000 0.000000 0.000000 0.000000 0.000000 0.000000 0.000000 0.000000 0.000000 0.000000 0.000000 0.000000 0.000000 0.000000 0.000000 0.000000 0.000000 0.000000 0.000000 0.000000
-0.125298 -0.296556 1.063633 0.405235 9.471841 5.005711 -21.529373 -11.105154 0.468210 18.175964 2.956624 2.188021 -9.722341 -1.018208 4.662970 0.160253 0.477543 -0.048693 -16.421956 2.134315 -3.655078 15.204035 0.798570 -1.360206 4.822777 -5.896471 -11.883904 -1.246149 -1.599790 -0.172369 43.104445 10.729621 -0.115595 -5.913141 4.968407 -3.518594 5.027437 -1.228228 -1.630965 5.646813 15.219432 16.513348 -6.269893 -0.677518 18.034365 -3.217527 12.083652 -22.917038 -3.675055 26.134972 -18.060301 -17.643278 9.159565 -36.055664 -27.532407 -13.938758 -12.214088 0.000000 0.000000 0.000000 0.000000 0.000000 0.000000 0.000000 0.000000 0.000000 0.000000 0.000000 0.000000 0.000000 0.000000 0.000000 0.000000 0.000000 0.000000 0.000000 0.000000 0.000000 0.000000 0.000000 0.000000 0.000000 0.000000 0.000000 0.000000 0.000000 0.000000 0.000000 0.000000 0.000000 0.000000 0.000000 0.000000 0.000000 0.000000 0.000000 0.000000 0.000000 0.000000 -5.945908 -5.311546 20.518542 28.340890 -43.414728 39.030372 -3.763836 9.880308 100.993828 -27.573156 1.873812 11.478188 0.000000 0.000000 0.000000 0.000000 0.000000 0.000000 0.000000 0.000000 0.000000 0.000000 0.000000 0.000000 0.000000 0.000000 0.000000 0.000000 0.000000 0.000000 0.000000 0.000000 0.000000 0.000000 0.000000 0.000000 0.000000 0.000000 0.000000 0.000000 0.000000 0.000000 0.000000 0.000000 0.000000 0.000000 0.000000 0.000000 0.000000 0.000000 0.000000 0.000000 0.000000 0.000000
-0.112743 -0.288007 1.063583 0.328868 9.100592 5.386161 -21.082411 -10.985760 0.724124 18.348920 2.119372 2.543748 -10.017384 -0.889011 4.068164 0.215884 0.499244 -0.069175 -15.903831 1.442792 -3.616800 15.656463 1.721408 -1.486833 2.493676 -5.788376 -10.914746 -1.480255 -1.621542 -0.151946 42.868257 10.044405 -0.662351 -6.913221 5.188436 -3.869883 5.889226 -1.096498 -2.241144 6.179032 15.982754 14.860569 -5.797006 -1.651039 19.605248 -3.046585 12.846824 -22.253947 0.287020 31.219456 -20.950840 -12.495566 8.466212 -43.227475 -26.697834 -13.417756 -12.078700 0.000000 0.000000 0.000000 0.000000 0.000000 0.000000 0.000000 0.000000 0.000000 0.000000 0.000000 0.000000 0.000000 0.000000 0.000000 0.000000 0.000000 0.000000 0.000000 0.000000 0.000000 0.000000 0.000000 0.000000 0.000000 0.000000 0.000000 0.000000 0.000000 0.000000 0.000000 0.000000 0.000000 0.000000 0.000000 0.000000 0.000000 0.000000 0.000000 0.000000 0.000000 0.000000 -4.931589 -4.543678 17.372449 23.913348 -43.018918 29.268303 -4.537008 7.554244 106.023666 -27.385455 0.548549 11.766727 0.000000 0.000000 0.000000 0.000000 0.000000 0.000000 0.000000 0.000000 0.000000 0.000000 0.000000 0.000000 0.000000 0.000000 0.000000 0.000000 0.000000 0.000000 0.000000 0.000000 0.000000 0.000000 0.000000 0.000000 0.000000 0.000000 0.000000 0.000000 0.000000 0.000000 0.000000 0.000000 0.000000 0.000000 0.000000 0.000000 0.000000 0.000000 0.000000 0.000000 0.000000 0.000000
-0.103217 -0.277212 1.063741 0.476934 8.798838 5.778090 -20.798167 -10.930075 0.738511 18.483921 1.694904 2.596893 -10.228544 -0.895938 3.757204 0.170420 0.458644 -0.112763 -15.485535 1.056018 -3.628653 15.945497 2.161588 -1.461753 0.956917 -5.604994 -10.174105 -1.601353 -1.585881 -0.123052 42.455199 9.661494 -0.941960 -7.354403 5.222345 -4.229159 6.291140 -0.932581 -2.635841 6.346054 16.368628 13.968245 -5.325651 -2.002103 20.660119 -2.641459 13.666747 -22.060611 2.682520 33.636897 -23.012782 -10.774276 8.316327 -46.634555 -27.685073 -13.441962 -12.478725 0.000000 0.000000 0.000000 0.000000 0.000000 0.000000 0.000000 0.000000 0.000000 0.000000 0.000000 0.000000 0.000000 0.000000 0.000000 0.000000 0.000000 0.000000 0.000000 0.000000 0.000000 0.000000 0.000000 0.000000 0.000000 0.000000 0.000000 0.000000 0.000000 0.000000 0.000000 0.000000 0.000000 0.000000 0.000000 0.000000 0.000000 0.000000 0.000000 0.000000 0.000000 0.000000 -4.457722 -4.408674 15.333103 21.215246 -41.809619 23.297719 -5.482449 5.765143 109.104313 -28.042169 -0.174255 12.141604 0.000000 0.000000 0.000000 0.000000 0.000000 0.000000 0.000000 0.000000 0.000000 0.000000 0.000000 0.000000 0.000000 0.000000 0.000000 0.000000 0.000000 0.000000 0.000000 0.000000 0.000000 0.000000 0.000000 0.000000 0.000000 0.000000 0.000000 0.000000 0.000000 0.000000 0.000000 0.000000 0.000000 0.000000 0.000000 0.000000 0.000000 0.000000 0.000000 0.000000 0.000000 0.000000
-0.100280 -0.268486 1.064213 0.645826 8.774763 5.645152 -20.442150 -11.024688 0.783394 18.403761 1.452177 2.717641 -10.400338 -1.107726 3.738916 0.205160 0.463132 -0.131238 -15.490595 0.727358 -3.438967 16.628941 2.325609 -1.686793 0.217323 -5.822258 -9.222145 -1.656193 -1.561478 -0.097948 41.941665 9.378921 -1.104674 -7.573412 5.158308 -4.355391 6.335168 -0.853065 -2.795041 6.537302 16.771478 13.372698 -5.049459 -1.960097 21.205663 -2.511707 14.082104 -21.545254 4.209927 35.177894 -24.216577 -9.808407 7.972839 -49.353740 -27.823824 -13.519611 -12.727873 0.000000 0.000000 0.000000 0.000000 0.000000 0.000000 0.000000 0.000000 0.000000 0.000000 0.000000 0.000000 0.000000 0.000000 0.000000 0.000000 0.000000 0.000000 0.000000 0.000000 0.000000 0.000000 0.000000 0.000000 0.000000 0.000000 0.000000 0.000000 0.000000 0.000000 0.000000 0.000000 0.000000 0.000000 0.000000 0.000000 0.000000 0.000000 0.000000 0.000000 0.000000 0.000000 -4.088548 -4.529271 14.004409 19.870207 -41.142960 20.357353 -6.427537 5.192008 111.082738 -27.260784 -0.126552 12.418972 0.000000 0.000000 0.000000 0.000000 0.000000 0.000000 0.000000 0.000000 0.000000 0.000000 0.000000 0.000000 0.000000 0.000000 0.000000 0.000000 0.000000 0.000000 0.000000 0.000000 0.000000 0.000000 0.000000 0.000000 0.000000 0.000000 0.000000 0.000000 0.000000 0.000000 0.000000 0.000000 0.000000 0.000000 0.000000 0.000000 0.000000 0.000000 0.000000 0.000000 0.000000 0.000000
-0.101407 -0.263570 1.064702 0.625535 8.758828 5.091914 -20.202848 -11.037275 0.726736 18.882236 1.433203 2.774662 -10.514856 -1.475362 4.179027 0.187190 0.400227 -0.160975 -15.419044 0.730336 -3.352236 17.371036 2.303066 -1.757446 -0.148862 -6.463557 -7.892752 -1.683769 -1.503152 -0.034084 41.721638 9.304290 -1.019486 -7.429266 5.094829 -4.246940 6.224524 -0.763660 -2.726844 6.818789 16.658718 13.294364 -4.638663 -1.680635 20.926055 -2.623244 14.136144 -21.092094 4.238527 35.485525 -24.101435 -9.772335 7.490159 -50.408197 -27.755439 -13.746614 -12.712744 0.000000 0.000000 0.000000 0.000000 0.000000 0.000000 0.000000 0.000000 0.000000 0.000000 0.000000 0.000000 0.000000 0.000000 0.000000 0.000000 0.000000 0.000000 0.000000 0.000000 0.000000 0.000000 0.000000 0.000000 0.000000 0.000000 0.000000 0.000000 0.000000 0.000000 0.000000 0.000000 0.000000 0.000000 0.000000 0.000000 0.000000 0.000000 0.000000 0.000000 0.000000 0.000000 -4.014453 -4.906684 13.800082 19.758296 -41.298014 20.311651 -7.391395 5.276773 111.966501 -26.626028 0.433326 12.563152 0.000000 0.000000 0.000000 0.000000 0.000000 0.000000 0.000000 0.000000 0.000000 0.000000 0.000000 0.000000 0.000000 0.000000 0.000000 0.000000 0.000000 0.000000 0.000000 0.000000 0.000000 0.000000 0.000000 0.000000 0.000000 0.000000 0.000000 0.000000 0.000000 0.000000 0.000000 0.000000 0.000000 0.000000 0.000000 0.000000 0.000000 0.000000 0.000000 0.000000 0.000000 0.000000
-0.108547 -0.263976 1.065052 0.305448 8.712852 4.264584 -19.588573 -10.792906 0.624511 19.075143 1.754847 2.470607 -10.626798 -2.203894 5.292233 0.130005 0.236988 -0.202180 -15.163002 1.211230 -3.176585 18.171540 2.113853 -1.818593 -0.167088 -7.077590 -6.694354 -1.565920 -1.486430 0.046242 41.651151 9.507336 -0.468808 -6.840274 5.101760 -3.999376 5.996858 -0.741612 -2.256381 7.014406 16.083141 14.092171 -4.408470 -1.099553 19.985303 -2.821393 13.895171 -20.914116 1.992315 33.269512 -21.816265 -11.665186 7.241007 -48.804430 -27.355600 -14.213685 -12.384906 0.000000 0.000000 0.000000 0.000000 0.000000 0.000000 0.000000 0.000000 0.000000 0.000000 0.000000 0.000000 0.000000 0.000000 0.000000 0.000000 0.000000 0.000000 0.000000 0.000000 0.000000 0.000000 0.000000 0.000000 0.000000 0.000000 0.000000 0.000000 0.000000 0.000000 0.000000 0.000000 0.000000 0.000000 0.000000 0.000000 0.000000 0.000000 0.000000 0.000000 0.000000 0.000000 -4.341605 -5.850508 15.037473 22.098749 -42.684196 24.941265 -7.778548 6.902667 110.487321 -25.728011 1.623561 12.250171 0.000000 0.000000 0.000000 0.000000 0.000000 0.000000 0.000000 0.000000 0.000000 0.000000 0.000000 0.000000 0.000000 0.000000 0.000000 0.000000 0.000000 0.000000 0.000000 0.000000 0.000000 0.000000 0.000000 0.000000 0.000000 0.000000 0.000000 0.000000 0.000000 0.000000 0.000000 0.000000 0.000000 0.000000 0.000000 0.000000 0.000000 0.000000 0.000000 0.000000 0.000000 0.000000
-0.111750 -0.267205 1.065114 0.137860 8.612348 3.249727 -19.306243 -10.825560 0.769425 19.100081 2.229230 2.459115 -10.324238 -2.624929 6.175665 0.128371 0.111102 -0.241159 -15.020224 1.553318 -3.063354 18.615558 1.902832 -1.671342 -0.588869 -7.223096 -5.644837 -1.511435 -1.440845 0.117909 41.593093 9.683684 -0.095893 -6.017760 4.971379 -3.759026 5.410150 -0.659169 -1.893067 7.092563 15.708566 14.771926 -4.578191 -0.421471 18.820671 -2.771419 13.591943 -21.198262 -0.454520 30.913422 -19.771314 -14.134313 7.252599 -44.757435 -26.743277 -14.820824 -12.154127 0.000000 0.000000 0.000000 0.000000 0.000000 0.000000 0.000000 0.000000 0.000000 0.000000 0.000000 0.000000 0.000000 0.000000 0.000000 0.000000 0.000000 0.000000 0.000000 0.000000 0.000000 0.000000 0.000000 0.000000 0.000000 0.000000 0.000000 0.000000 0.000000 0.000000 0.000000 0.000000 0.000000 0.000000 0.000000 0.000000 0.000000 0.000000 0.000000 0.000000 0.000000 0.000000 -4.516703 -6.523269 16.760854 25.180433 -43.905562 30.571965 -7.281276 8.725814 107.805669 -25.615672 3.061409 12.374876 0.000000 0.000000 0.000000 0.000000 0.000000 0.000000 0.000000 0.000000 0.000000 0.000000 0.000000 0.000000 0.000000 0.000000 0.000000 0.000000 0.000000 0.000000 0.000000 0.000000 0.000000 0.000000 0.000000 0.000000 0.000000 0.000000 0.000000 0.000000 0.000000 0.000000 0.000000 0.000000 0.000000 0.000000 0.000000 0.000000 0.000000 0.000000 0.000000 0.000000 0.000000 0.000000
-0.106095 -0.270624 1.064761 0.074814 8.202633 2.247448 -19.202510 -10.909418 0.912401 19.060725 2.595962 2.275295 -9.662995 -2.717059 7.166598 0.099554 -0.049214 -0.251710 -15.075808 1.724222 -2.822198 19.348995 1.713856 -1.383226 -1.894876 -6.753928 -5.094120 -1.426026 -1.425346 0.130444 41.633408 9.806653 0.064389 -5.358588 4.903618 -3.553435 5.045608 -0.620946 -1.622998 6.310631 15.301146 15.438102 -4.964595 0.077859 17.638993 -2.751870 13.579935 -21.541407 -2.481254 28.620836 -18.191336 -17.055394 7.448822 -39.870603 -26.111850 -15.771040 -12.135239 0.000000 0.000000 0.000000 0.000000 0.000000 0.000000 0.000000 0.000000 0.000000 0.000000 0.000000 0.000000 0.000000 0.000000 0.000000 0.000000 0.000000 0.000000 0.000000 0.000000 0.000000 0.000000 0.000000 0.000000 0.000000 0.000000 0.000000 0.000000 0.000000 0.000000 0.000000 0.000000 0.000000 0.000000 0.000000 0.000000 0.000000 0.000000 0.000000 0.000000 0.000000 0.000000 -4.949258 -7.124377 18.615251 28.299359 -44.341234 36.131565 -5.676704 10.285564 104.013041 -26.395404 3.977191 12.677591 0.000000 0.000000 0.000000 0.000000 0.000000 0.000000 0.000000 0.000000 0.000000 0.000000 0.000000 0.000000 0.000000 0.000000 0.000000 0.000000 0.000000 0.000000 0.000000 0.000000 0.000000 0.000000 0.000000 0.000000 0.000000 0.000000 0.000000 0.000000 0.000000 0.000000 0.000000 0.000000 0.000000 0.000000 0.000000 0.000000 0.000000 0.000000 0.000000 0.000000 0.000000 0.000000
-0.097471 -0.265844 1.064324 0.398620 7.709762 1.287384 -19.257838 -11.052819 1.124434 19.203132 2.930880 2.556329 -9.323863 -2.608628 7.812003 0.105986 -0.189172 -0.277397 -15.211098 1.775748 -2.777935 20.039537 1.633323 -1.212053 -3.561891 -6.074289 -4.636599 -1.342923 -1.533145 0.106076 41.864132 9.970201 0.076056 -4.673876 4.738209 -3.597268 4.681064 -0.633251 -1.609406 5.542973 14.871132 15.836167 -5.335086 -0.046059 16.527961 -2.399780 13.513211 -22.492690 -3.727608 27.104908 -17.593272 -19.179137 7.781893 -35.179561 -25.891427 -16.727234 -12.000849 0.000000 0.000000 0.000000 0.000000 0.000000 0.000000 0.000000 0.000000 0.000000 0.000000 0.000000 0.000000 0.000000 0.000000 0.000000 0.000000 0.000000 0.000000 0.000000 0.000000 0.000000 0.000000 0.000000 0.000000 0.000000 0.000000 0.000000 0.000000 0.000000 0.000000 0.000000 0.000000 0.000000 0.000000 0.000000 0.000000 0.000000 0.000000 0.000000 0.000000 0.000000 0.000000 -5.002018 -7.368005 20.144707 30.472798 -44.576183 39.522958 -4.088968 10.890011 99.618567 -27.901637 4.512128 13.026566 0.000000 0.000000 0.000000 0.000000 0.000000 0.000000 0.000000 0.000000 0.000000 0.000000 0.000000 0.000000 0.000000 0.000000 0.000000 0.000000 0.000000 0.000000 0.000000 0.000000 0.000000 0.000000 0.000000 0.000000 0.000000 0.000000 0.000000 0.000000 0.000000 0.000000 0.000000 0.000000 0.000000 0.000000 0.000000 0.000000 0.000000 0.000000 0.000000 0.000000 0.000000 0.000000
-0.089893 -0.258484 1.064339 0.544032 7.368698 0.639235 -18.962163 -11.181200 1.517359 19.334285 2.908271 2.764648 -9.256013 -2.569610 8.147062 0.127569 -0.260383 -0.290287 -14.992753 1.534703 -2.915804 20.878963 1.726403 -1.450533 -5.211098 -5.465814 -4.458444 -1.441117 -1.673344 0.125759 42.201985 9.794366 -0.193145 -4.656437 4.608532 -3.913696 4.711309 -0.612858 -1.971422 5.307952 14.993697 15.330354 -5.543390 -0.753551 16.771824 -1.956302 13.662431 -23.502459 -3.012917 28.353771 -18.896152 -18.249508 7.849969 -33.222427 -25.722046 -17.241247 -11.530485 0.000000 0.000000 0.000000 0.000000 0.000000 0.000000 0.000000 0.000000 0.000000 0.000000 0.000000 0.000000 0.000000 0.000000 0.000000 0.000000 0.000000 0.000000 0.000000 0.000000 0.000000 0.000000 0.000000 0.000000 0.000000 0.000000 0.000000 0.000000 0.000000 0.000000 0.000000 0.000000 0.000000 0.000000 0.000000 0.000000 0.000000 0.000000 0.000000 0.000000 0.000000 0.000000 -4.738240 -7.029948 19.946331 30.176309 -45.068229 37.551148 -3.283579 10.081594 97.876995 -29.631491 5.082966 13.234799 0.000000 0.000000 0.000000 0.000000 0.000000 0.000000 0.000000 0.000000 0.000000 0.000000 0.000000 0.000000 0.000000 0.000000 0.000000 0.000000 0.000000 0.000000 0.000000 0.000000 0.000000 0.000000 0.000000 0.000000 0.000000 0.000000 0.000000 0.000000 0.000000 0.000000 0.000000 0.000000 0.000000 0.000000 0.000000 0.000000 0.000000 0.000000 0.000000 0.000000 0.000000 0.000000
-0.080879 -0.246996 1.064723 0.801830 6.982076 0.466288 -18.509873 -11.207676 1.763626 19.135952 2.798070 2.806148 -9.094215 -2.600634 8.169203 0.137822 -0.305082 -0.286469 -14.646380 1.296096 -3.179185 21.673562 1.791949 -1.899369 -6.640584 -5.091961 -4.788297 -1.493127 -1.800284 0.162680 41.924276 9.470154 -0.654443 -5.015810 4.642106 -4.272724 5.291589 -0.682371 -2.528638 5.355782 15.296941 14.606727 -4.845708 -1.639955 17.860900 -1.740395 13.926728 -23.822422 -0.895870 31.280810 -21.327528 -15.231382 7.918726 -35.001882 -25.509317 -17.208040 -11.724811 0.000000 0.000000 0.000000 0.000000 0.000000 0.000000 0.000000 0.000000 0.000000 0.000000 0.000000 0.000000 0.000000 0.000000 0.000000 0.000000 0.000000 0.000000 0.000000 0.000000 0.000000 0.000000 0.000000 0.000000 0.000000 0.000000 0.000000 0.000000 0.000000 0.000000 0.000000 0.000000 0.000000 0.000000 0.000000 0.000000 0.000000 0.000000 0.000000 0.000000 0.000000 0.000000 -4.313197 -6.388630 18.358398 28.396188 -44.924225 32.254789 -2.555533 9.182401 98.582501 -29.525490 4.260358 13.150930 0.000000 0.000000 0.000000 0.000000 0.000000 0.000000 0.000000 0.000000 0.000000 0.000000 0.000000 0.000000 0.000000 0.000000 0.000000 0.000000 0.000000 0.000000 0.000000 0.000000 0.000000 0.000000 0.000000 0.000000 0.000000 0.000000 0.000000 0.000000 0.000000 0.000000 0.000000 0.000000 0.000000 0.000000 0.000000 0.000000 0.000000 0.000000 0.000000 0.000000 0.000000 0.000000
-0.074778 -0.232535 1.065494 1.171564 6.848825 0.700655 -17.909382 -11.299200 2.268897 18.521076 2.500312 3.119352 -9.285186 -2.465417 7.642892 0.183540 -0.263101 -0.271562 -14.408479 0.789309 -3.243156 22.578901 1.996025 -2.053122 -7.142473 -4.873375 -5.636710 -1.603490 -1.852053 0.199860 41.391050 8.977817 -1.347748 -5.528759 4.581481 -4.842736 5.688577 -0.763213 -3.281501 5.494154 15.681608 13.418061 -3.946985 -2.467013 19.517443 -1.493866 14.308550 -23.963676 2.151527 34.600647 -24.588047 -11.687222 8.094308 -37.759165 -25.282498 -16.972077 -11.912583 0.000000 0.000000 0.000000 0.000000 0.000000 0.000000 0.000000 0.000000 0.000000 0.000000 0.000000 0.000000 0.000000 0.000000 0.000000 0.000000 0.000000 0.000000 0.000000 0.000000 0.000000 0.000000 0.000000 0.000000 0.000000 0.000000 0.000000 0.000000 0.000000 0.000000 0.000000 0.000000 0.000000 0.000000 0.000000 0.000000 0.000000 0.000000 0.000000 0.000000 0.000000 0.000000 -3.694420 -5.492456 15.760223 25.302977 -43.794793 24.271732 -1.998668 7.182888 101.051413 -29.855008 2.828496 13.133646 0.000000 0.000000 0.000000 0.000000 0.000000 0.000000 0.000000 0.000000 0.000000 0.000000 0.000000 0.000000 0.000000 0.000000 0.000000 0.000000 0.000000 0.000000 0.000000 0.000000 0.000000 0.000000 0.000000 0.000000 0.000000 0.000000 0.000000 0.000000 0.000000 0.000000 0.000000 0.000000 0.000000 0.000000 0.000000 0.000000 0.000000 0.000000 0.000000 0.000000 0.000000 0.000000
-0.072626 -0.218621 1.066603 1.335544 6.811753 1.178640 -17.297920 -11.361665 2.753257 18.347787 2.409095 4.027001 -9.618823 -2.272273 6.672227 0.225475 -0.278335 -0.277873 -14.031772 0.575137 -3.241588 23.106732 2.104247 -2.012208 -5.739384 -5.266298 -6.612132 -1.679293 -1.871700 0.299956 40.964474 8.456555 -2.094052 -6.081431 4.669461 -5.685607 6.324496 -0.831278 -4.095158 5.818557 16.565556 12.083213 -3.117311 -2.915014 21.522092 -1.323898 14.611283 -24.337655 5.527986 38.043488 -28.863832 -8.937619 7.903756 -40.459669 -26.435106 -16.544558 -12.055230 0.000000 0.000000 0.000000 0.000000 0.000000 0.000000 0.000000 0.000000 0.000000 0.000000 0.000000 0.000000 0.000000 0.000000 0.000000 0.000000 0.000000 0.000000 0.000000 0.000000 0.000000 0.000000 0.000000 0.000000 0.000000 0.000000 0.000000 0.000000 0.000000 0.000000 0.000000 0.000000 0.000000 0.000000 0.000000 0.000000 0.000000 0.000000 0.000000 0.000000 0.000000 0.000000 -3.146198 -4.975280 12.850542 21.966363 -41.951319 16.376661 -2.410863 5.344383 103.617653 -30.031665 2.021706 13.513054 0.000000 0.000000 0.000000 0.000000 0.000000 0.000000 0.000000 0.000000 0.000000 0.000000 0.000000 0.000000 0.000000 0.000000 0.000000 0.000000 0.000000 0.000000 0.000000 0.000000 0.000000 0.000000 0.000000 0.000000 0.000000 0.000000 0.000000 0.000000 0.000000 0.000000 0.000000 0.000000 0.000000 0.000000 0.000000 0.000000 0.000000 0.000000 0.000000 0.000000 0.000000 0.000000
-0.057033 -0.205157 1.067279 1.761611 6.394831 1.731198 -16.902114 -11.716323 3.117831 17.596220 2.352885 4.446008 -8.974531 -1.612397 6.026059 0.218277 -0.096556 -0.250822 -13.786933 0.092911 -3.477714 22.385937 2.325798 -1.248857 -4.497792 -5.236042 -7.221408 -1.736630 -1.997112 0.164081 40.323161 7.733470 -2.882954 -6.460084 4.646908 -6.408826 6.719812 -0.795642 -4.943631 6.285946 17.520897 11.501584 -3.099169 -3.017868 22.843507 -1.402971 14.352503 -25.127897 8.788589 40.608394 -33.426845 -7.013407 7.923014 -42.177028 -27.366323 -15.825904 -11.931416 0.000000 0.000000 0.000000 0.000000 0.000000 0.000000 0.000000 0.000000 0.000000 0.000000 0.000000 0.000000 0.000000 0.000000 0.000000 0.000000 0.000000 0.000000 0.000000 0.000000 0.000000 0.000000 0.000000 0.000000 0.000000 0.000000 0.000000 0.000000 0.000000 0.000000 0.000000 0.000000 0.000000 0.000000 0.000000 0.000000 0.000000 0.000000 0.000000 0.000000 0.000000 0.000000 -3.028078 -3.997575 10.672901 19.171122 -40.078300 10.394166 -4.321058 4.267693 106.053096 -28.843477 1.746885 13.868631 0.000000 0.000000 0.000000 0.000000 0.000000 0.000000 0.000000 0.000000 0.000000 0.000000 0.000000 0.000000 0.000000 0.000000 0.000000 0.000000 0.000000 0.000000 0.000000 0.000000 0.000000 0.000000 0.000000 0.000000 0.000000 0.000000 0.000000 0.000000 0.000000 0.000000 0.000000 0.000000 0.000000 0.000000 0.000000 0.000000 0.000000 0.000000 0.000000 0.000000 0.000000 0.000000
-0.049930 -0.204318 1.068307 1.781042 6.227968 1.413774 -16.608467 -11.890482 3.215779 17.076684 2.197497 4.454551 -8.108262 -1.269592 6.305703 0.168921 -0.116256 -0.277278 -13.723707 -0.207498 -3.625663 21.942694 2.285649 -1.172455 -4.127424 -5.248342 -7.198908 -1.770135 -2.056213 0.185155 40.102626 7.340420 -3.082549 -6.783646 4.696950 -6.627874 6.960468 -0.779052 -5.229612 6.535415 17.888399 11.171148 -2.698531 -2.907015 22.937078 -1.572771 14.044735 -25.140744 9.514749 41.705628 -34.747570 -6.539807 7.803781 -43.414690 -28.377608 -15.602828 -11.901432 0.000000 0.000000 0.000000 0.000000 0.000000 0.000000 0.000000 0.000000 0.000000 0.000000 0.000000 0.000000 0.000000 0.000000 0.000000 0.000000 0.000000 0.000000 0.000000 0.000000 0.000000 0.000000 0.000000 0.000000 0.000000 0.000000 0.000000 0.000000 0.000000 0.000000 0.000000 0.000000 0.000000 0.000000 0.000000 0.000000 0.000000 0.000000 0.000000 0.000000 0.000000 0.000000 -3.157948 -3.414940 9.863731 18.288112 -39.898148 8.764578 -5.294269 3.829390 107.251269 -28.667314 1.754234 13.770198 0.000000 0.000000 0.000000 0.000000 0.000000 0.000000 0.000000 0.000000 0.000000 0.000000 0.000000 0.000000 0.000000 0.000000 0.000000 0.000000 0.000000 0.000000 0.000000 0.000000 0.000000 0.000000 0.000000 0.000000 0.000000 0.000000 0.000000 0.000000 0.000000 0.000000 0.000000 0.000000 0.000000 0.000000 0.000000 0.000000 0.000000 0.000000 0.000000 0.000000 0.000000 0.000000
-0.047853 -0.209833 1.069293 1.670264 6.095271 0.880664 -16.297242 -11.777211 3.431977 16.272391 2.033677 4.966972 -7.328403 -0.942853 6.524270 0.238719 -0.073855 -0.276795 -13.537875 -0.258778 -3.647954 21.065691 2.209172 -1.546957 -4.029334 -5.308204 -6.916470 -1.720051 -2.068462 0.200767 40.056892 6.938549 -2.973209 -6.855638 4.711638 -6.566721 7.060708 -0.742812 -5.155462 6.926660 17.942738 10.740014 -2.430641 -2.658522 22.185121 -1.943384 13.767968 -24.732045 9.191440 42.121250 -34.437161 -6.758261 7.497573 -44.698099 -29.366316 -15.472306 -11.841839 0.000000 0.000000 0.000000 0.000000 0.000000 0.000000 0.000000 0.000000 0.000000 0.000000 0.000000 0.000000 0.000000 0.000000 0.000000 0.000000 0.000000 0.000000 0.000000 0.000000 0.000000 0.000000 0.000000 0.000000 0.000000 0.000000 0.000000 0.000000 0.000000 0.000000 0.000000 0.000000 0.000000 0.000000 0.000000 0.000000 0.000000 0.000000 0.000000 0.000000 0.000000 0.000000 -3.228346 -3.323945 9.901378 18.195547 -40.484736 9.402925 -6.432815 3.769436 108.723176 -28.560614 2.003834 13.439179 0.000000 0.000000 0.000000 0.000000 0.000000 0.000000 0.000000 0.000000 0.000000 0.000000 0.000000 0.000000 0.000000 0.000000 0.000000 0.000000 0.000000 0.000000 0.000000 0.000000 0.000000 0.000000 0.000000 0.000000 0.000000 0.000000 0.000000 0.000000 0.000000 0.000000 0.000000 0.000000 0.000000 0.000000 0.000000 0.000000 0.000000 0.000000 0.000000 0.000000 0.000000 0.000000
-0.048766 -0.222555 1.070023 1.453553 5.995705 -0.376559 -16.094484 -11.645242 3.678710 15.468265 1.955430 5.818927 -6.429249 -0.636696 6.997640 0.303952 -0.171941 -0.245761 -13.779669 -0.203064 -3.560571 20.788270 1.948071 -2.436268 -4.466487 -5.018877 -6.195587 -1.678824 -2.052646 0.250013 40.335507 6.648980 -2.581467 -6.581719 4.650522 -6.273749 6.833389 -0.649703 -4.670525 7.357992 17.585253 10.413390 -2.084753 -2.382689 20.572380 -2.168073 13.459620 -24.023779 7.300202 41.052531 -31.495431 -7.362094 7.117199 -45.710901 -29.103832 -15.632716 -11.890746 0.000000 0.000000 0.000000 0.000000 0.000000 0.000000 0.000000 0.000000 0.000000 0.000000 0.000000 0.000000 0.000000 0.000000 0.000000 0.000000 0.000000 0.000000 0.000000 0.000000 0.000000 0.000000 0.000000 0.000000 0.000000 0.000000 0.000000 0.000000 0.000000 0.000000 0.000000 0.000000 0.000000 0.000000 0.000000 0.000000 0.000000 0.000000 0.000000 0.000000 0.000000 0.000000 -3.411578 -3.663417 11.020906 19.367231 -42.339252 13.006573 -7.452544 4.670498 109.678177 -27.312976 2.766411 13.239855 0.000000 0.000000 0.000000 0.000000 0.000000 0.000000 0.000000 0.000000 0.000000 0.000000 0.000000 0.000000 0.000000 0.000000 0.000000 0.000000 0.000000 0.000000 0.000000 0.000000 0.000000 0.000000 0.000000 0.000000 0.000000 0.000000 0.000000 0.000000 0.000000 0.000000 0.000000 0.000000 0.000000 0.000000 0.000000 0.000000 0.000000 0.000000 0.000000 0.000000 0.000000 0.000000
-0.024440 -0.239165 1.069416 1.252586 4.938868 -2.190088 -15.951128 -11.639621 3.748844 14.311174 1.519796 5.415673 -3.671899 0.033632 8.404504 0.411806 -0.307267 -0.298889 -14.412975 -0.247255 -3.298017 20.831408 1.368600 -2.783822 -6.148751 -3.596800 -5.513023 -1.588147 -1.947120 0.386349 40.333573 6.217560 -1.584735 -5.592800 4.521840 -5.257261 6.033189 -0.540537 -3.653555 7.351855 16.321482 10.069190 -2.047831 -2.137366 17.226439 -2.444100 12.918636 -23.165546 3.365699 38.557097 -26.176909 -10.126483 6.879650 -45.745441 -27.414640 -16.901162 -12.307957 0.000000 0.000000 0.000000 0.000000 0.000000 0.000000 0.000000 0.000000 0.000000 0.000000 0.000000 0.000000 0.000000 0.000000 0.000000 0.000000 0.000000 0.000000 0.000000 0.000000 0.000000 0.000000 0.000000 0.000000 0.000000 0.000000 0.000000 0.000000 0.000000 0.000000 0.000000 0.000000 0.000000 0.000000 0.000000 0.000000 0.000000 0.000000 0.000000 0.000000 0.000000 0.000000 -3.604025 -3.624348 13.973099 22.552581 -45.825988 20.824040 -7.204663 6.790285 108.883768 -27.797454 4.666174 13.304767 0.000000 0.000000 0.000000 0.000000 0.000000 0.000000 0.000000 0.000000 0.000000 0.000000 0.000000 0.000000 0.000000 0.000000 0.000000 0.000000 0.000000 0.000000 0.000000 0.000000 0.000000 0.000000 0.000000 0.000000 0.000000 0.000000 0.000000 0.000000 0.000000 0.000000 0.000000 0.000000 0.000000 0.000000 0.000000 0.000000 0.000000 0.000000 0.000000 0.000000 0.000000 0.000000
-0.003701 -0.249863 1.067833 1.092216 3.982198 -3.567212 -16.259312 -11.712130 3.928854 14.410738 1.360185 4.748726 -1.987225 0.818306 9.781168 0.247360 -0.401287 -0.301352 -14.985429 -0.387389 -3.018673 21.200380 1.267829 -2.516033 -7.613224 -2.168898 -5.208525 -1.582141 -1.771503 0.409639 41.030462 6.134089 -1.099577 -5.102968 4.589072 -4.644589 5.531908 -0.484865 -2.830224 7.102476 15.661973 10.676811 -2.499874 -1.682035 14.454537 -3.090879 11.992913 -23.194727 -0.475540 35.448941 -22.330185 -13.285974 6.621570 -41.404837 -25.361868 -17.631727 -12.179656 0.000000 0.000000 0.000000 0.000000 0.000000 0.000000 0.000000 0.000000 0.000000 0.000000 0.000000 0.000000 0.000000 0.000000 0.000000 0.000000 0.000000 0.000000 0.000000 0.000000 0.000000 0.000000 0.000000 0.000000 0.000000 0.000000 0.000000 0.000000 0.000000 0.000000 0.000000 0.000000 0.000000 0.000000 0.000000 0.000000 0.000000 0.000000 0.000000 0.000000 0.000000 0.000000 -4.401149 -3.814081 17.226400 26.002210 -48.148346 29.332357 -6.893526 8.432397 105.837952 -29.433310 6.234927 14.050700 0.000000 0.000000 0.000000 0.000000 0.000000 0.000000 0.000000 0.000000 0.000000 0.000000 0.000000 0.000000 0.000000 0.000000 0.000000 0.000000 0.000000 0.000000 0.000000 0.000000 0.000000 0.000000 0.000000 0.000000 0.000000 0.000000 0.000000 0.000000 0.000000 0.000000 0.000000 0.000000 0.000000 0.000000 0.000000 0.000000 0.000000 0.000000 0.000000 0.000000 0.000000 0.000000
0.007243 -0.256408 1.065758 1.392796 3.608670 -4.558422 -16.768245 -12.036826 3.973130 13.965475 1.353436 4.587607 -1.227189 1.383062 10.730828 0.219489 -0.481781 -0.299678 -15.941867 -0.738086 -2.500378 21.320666 1.029700 -2.303222 -8.143352 -0.807263 -5.215346 -1.531981 -1.856442 0.362350 41.961663 6.113397 -0.947765 -4.991698 4.262998 -4.257159 5.090905 -0.569085 -2.346004 6.525622 15.086572 11.162676 -3.431829 -1.296082 12.338421 -2.898310 11.770909 -23.514167 -3.053267 32.308634 -19.292768 -16.037292 6.851620 -36.812988 -24.523662 -18.143847 -11.945837 0.000000 0.000000 0.000000 0.000000 0.000000 0.000000 0.000000 0.000000 0.000000 0.000000 0.000000 0.000000 0.000000 0.000000 0.000000 0.000000 0.000000 0.000000 0.000000 0.000000 0.000000 0.000000 0.000000 0.000000 0.000000 0.000000 0.000000 0.000000 0.000000 0.000000 0.000000 0.000000 0.000000 0.000000 0.000000 0.000000 0.000000 0.000000 0.000000 0.000000 0.000000 0.000000 -4.804684 -4.309610 19.827267 29.256874 -48.807770 36.433228 -5.873523 9.643919 101.674089 -31.192470 7.530441 14.775816 0.000000 0.000000 0.000000 0.000000 0.000000 0.000000 0.000000 0.000000 0.000000 0.000000 0.000000 0.000000 0.000000 0.000000 0.000000 0.000000 0.000000 0.000000 0.000000 0.000000 0.000000 0.000000 0.000000 0.000000 0.000000 0.000000 0.000000 0.000000 0.000000 0.000000 0.000000 0.000000 0.000000 0.000000 0.000000 0.000000 0.000000 0.000000 0.000000 0.000000 0.000000 0.000000
0.017493 -0.262494 1.063453 1.504671 3.260401 -5.332967 -16.887964 -12.480397 4.376395 13.305694 1.567632 4.859791 -0.814696 2.082626 11.211234 0.207018 -0.530423 -0.347842 -16.679580 -1.064872 -2.029832 21.616387 0.909685 -2.246770 -8.750254 0.293042 -5.036668 -1.538619 -1.907861 0.408909 42.910724 6.127845 -1.045116 -4.524791 3.763404 -4.330891 4.421590 -0.566999 -2.209064 6.405708 14.743647 11.440667 -4.167967 -0.961959 11.107661 -2.354804 11.750511 -24.370016 -4.754000 30.292083 -17.768523 -18.610264 7.262944 -31.766764 -23.472310 -18.684279 -11.167680 0.000000 0.000000 0.000000 0.000000 0.000000 0.000000 0.000000 0.000000 0.000000 0.000000 0.000000 0.000000 0.000000 0.000000 0.000000 0.000000 0.000000 0.000000 0.000000 0.000000 0.000000 0.000000 0.000000 0.000000 0.000000 0.000000 0.000000 0.000000 0.000000 0.000000 0.000000 0.000000 0.000000 0.000000 0.000000 0.000000 0.000000 0.000000 0.000000 0.000000 0.000000 0.000000 -4.852592 -4.677452 21.490589 31.605760 -48.928420 40.786067 -4.769299 9.808583 97.846173 -32.988266 8.212119 14.536798 0.000000 0.000000 0.000000 0.000000 0.000000 0.000000 0.000000 0.000000 0.000000 0.000000 0.000000 0.000000 0.000000 0.000000 0.000000 0.000000 0.000000 0.000000 0.000000 0.000000 0.000000 0.000000 0.000000 0.000000 0.000000 0.000000 0.000000 0.000000 0.000000 0.000000 0.000000 0.000000 0.000000 0.000000 0.000000 0.000000 0.000000 0.000000 0.000000 0.000000 0.000000 0.000000
0.032378 -0.265048 1.061718 1.623075 2.700205 -6.259752 -17.047345 -13.065975 4.910258 13.261212 1.981409 5.358035 -0.133760 2.796878 11.484396 0.280042 -0.479918 -0.318215 -17.568455 -1.229963 -1.747214 22.485957 0.560008 -2.374417 -9.513366 1.123716 -4.817294 -1.589405 -1.953842 0.364004 43.442625 5.983718 -1.455183 -3.957199 3.419290 -4.680547 3.950649 -0.494821 -2.420264 6.393181 14.432953 11.807558 -4.345240 -1.184517 11.395737 -1.610071 12.260625 -25.133603 -4.875548 29.627529 -17.999835 -19.646996 7.627749 -28.482815 -24.415906 -18.912409 -10.543304 0.000000 0.000000 0.000000 0.000000 0.000000 0.000000 0.000000 0.000000 0.000000 0.000000 0.000000 0.000000 0.000000 0.000000 0.000000 0.000000 0.000000 0.000000 0.000000 0.000000 0.000000 0.000000 0.000000 0.000000 0.000000 0.000000 0.000000 0.000000 0.000000 0.000000 0.000000 0.000000 0.000000 0.000000 0.000000 0.000000 0.000000 0.000000 0.000000 0.000000 0.000000 0.000000 -4.610442 -5.368226 21.928207 32.540364 -48.883863 41.782501 -3.759662 9.123394 94.235349 -35.122555 8.370054 14.342561 0.000000 0.000000 0.000000 0.000000 0.000000 0.000000 0.000000 0.000000 0.000000 0.000000 0.000000 0.000000 0.000000 0.000000 0.000000 0.000000 0.000000 0.000000 0.000000 0.000000 0.000000 0.000000 0.000000 0.000000 0.000000 0.000000 0.000000 0.000000 0.000000 0.000000 0.000000 0.000000 0.000000 0.000000 0.000000 0.000000 0.000000 0.000000 0.000000 0.000000 0.000000 0.000000
0.034217 -0.260433 1.061713 1.923234 2.954877 -7.173231 -16.579775 -13.512221 5.278572 12.425134 1.563274 5.435896 -0.028723 2.728231 11.785509 0.321810 -0.474617 -0.280880 -17.871171 -1.708307 -1.721498 22.681353 0.272821 -2.066588 -9.537072 1.186435 -4.703622 -1.518721 -1.963768 0.372511 43.107303 5.489662 -2.044692 -3.845839 3.444379 -5.023945 4.176566 -0.544298 -2.989518 6.292695 14.747283 12.303010 -3.764880 -1.609938 13.371748 -1.180684 13.029186 -25.233835 -3.909619 30.960049 -19.338679 -19.125901 7.805944 -28.427861 -25.713832 -19.345272 -10.635373 0.000000 0.000000 0.000000 0.000000 0.000000 0.000000 0.000000 0.000000 0.000000 0.000000 0.000000 0.000000 0.000000 0.000000 0.000000 0.000000 0.000000 0.000000 0.000000 0.000000 0.000000 0.000000 0.000000 0.000000 0.000000 0.000000 0.000000 0.000000 0.000000 0.000000 0.000000 0.000000 0.000000 0.000000 0.000000 0.000000 0.000000 0.000000 0.000000 0.000000 0.000000 0.000000 -4.027465 -5.314165 20.526935 31.037536 -48.290279 37.568762 -2.429304 8.009252 94.544125 -36.287730 8.278596 14.414899 0.000000 0.000000 0.000000 0.000000 0.000000 0.000000 0.000000 0.000000 0.000000 0.000000 0.000000 0.000000 0.000000 0.000000 0.000000 0.000000 0.000000 0.000000 0.000000 0.000000 0.000000 0.000000 0.000000 0.000000 0.000000 0.000000 0.000000 0.000000 0.000000 0.000000 0.000000 0.000000 0.000000 0.000000 0.000000 0.000000 0.000000 0.000000 0.000000 0.000000 0.000000 0.000000
0.037372 -0.252810 1.062725 2.183735 3.300116 -7.551078 -15.586950 -14.023371 5.879011 10.869601 1.058625 5.046893 0.355398 2.947566 11.825262 0.405352 -0.404052 -0.244546 -17.906140 -2.495103 -1.480618 23.042098 0.178568 -1.480227 -9.480251 1.384515 -5.335956 -1.538056 -1.972046 0.387200 42.399288 4.610593 -2.829550 -4.052004 3.606753 -5.673547 4.748639 -0.752236 -3.777876 6.582615 15.666543 11.840251 -3.576780 -2.283900 15.721697 -0.779066 14.126512 -25.147390 -1.597026 33.885923 -21.777826 -17.433048 7.443371 -30.744728 -26.285222 -19.580447 -10.673413 0.000000 0.000000 0.000000 0.000000 0.000000 0.000000 0.000000 0.000000 0.000000 0.000000 0.000000 0.000000 0.000000 0.000000 0.000000 0.000000 0.000000 0.000000 0.000000 0.000000 0.000000 0.000000 0.000000 0.000000 0.000000 0.000000 0.000000 0.000000 0.000000 0.000000 0.000000 0.000000 0.000000 0.000000 0.000000 0.000000 0.000000 0.000000 0.000000 0.000000 0.000000 0.000000 -3.203787 -5.391815 18.076026 27.504965 -47.110710 29.405489 -1.384730 6.775461 97.787457 -36.718380 8.196553 14.829877 0.000000 0.000000 0.000000 0.000000 0.000000 0.000000 0.000000 0.000000 0.000000 0.000000 0.000000 0.000000 0.000000 0.000000 0.000000 0.000000 0.000000 0.000000 0.000000 0.000000 0.000000 0.000000 0.000000 0.000000 0.000000 0.000000 0.000000 0.000000 0.000000 0.000000 0.000000 0.000000 0.000000 0.000000 0.000000 0.000000 0.000000 0.000000 0.000000 0.000000 0.000000 0.000000
0.039883 -0.246122 1.064168 2.223572 3.676307 -7.104927 -14.670331 -14.760738 6.793463 9.646561 1.161892 5.931460 0.673537 3.751716 10.430766 0.565870 -0.158906 -0.131295 -17.127392 -3.192272 -1.568743 22.507782 0.294256 -1.005277 -9.471479 1.448754 -5.972349 -1.615313 -1.994487 0.427359 42.116538 3.982685 -3.774148 -4.308825 3.624206 -6.595956 5.183781 -0.863477 -4.825836 7.123369 16.590894 10.902588 -3.148049 -3.072206 18.410192 -0.479699 14.843534 -25.426527 1.255709 37.360534 -25.602278 -15.059870 7.722702 -34.103759 -28.609395 -18.579717 -10.394511 0.000000 0.000000 0.000000 0.000000 0.000000 0.000000 0.000000 0.000000 0.000000 0.000000 0.000000 0.000000 0.000000 0.000000 0.000000 0.000000 0.000000 0.000000 0.000000 0.000000 0.000000 0.000000 0.000000 0.000000 0.000000 0.000000 0.000000 0.000000 0.000000 0.000000 0.000000 0.000000 0.000000 0.000000 0.000000 0.000000 0.000000 0.000000 0.000000 0.000000 0.000000 0.000000 -2.451120 -5.235895 14.818253 22.995368 -44.965081 20.023914 -1.754953 4.781488 101.373698 -36.217323 7.674387 14.275394 0.000000 0.000000 0.000000 0.000000 0.000000 0.000000 0.000000 0.000000 0.000000 0.000000 0.000000 0.000000 0.000000 0.000000 0.000000 0.000000 0.000000 0.000000 0.000000 0.000000 0.000000 0.000000 0.000000 0.000000 0.000000 0.000000 0.000000 0.000000 0.000000 0.000000 0.000000 0.000000 0.000000 0.000000 0.000000 0.000000 0.000000 0.000000 0.000000 0.000000 0.000000 0.000000
0.048608 -0.243247 1.065151 2.144067 3.782935 -5.115047 -13.948803 -15.136147 7.230193 7.743920 1.225489 7.056333 1.813832 4.925344 8.349205 0.828465 0.005272 0.011938 -15.596996 -3.767259 -1.991313 20.545119 0.366372 -0.996808 -9.606329 2.319486 -7.132727 -1.550220 -2.289846 0.235105 41.251731 3.107669 -4.887825 -5.055064 3.694985 -7.440579 6.128450 -1.049762 -6.286760 7.600558 17.536339 9.104574 -2.813847 -3.449891 21.166510 0.097966 15.772934 -25.875169 6.004793 41.311931 -32.662419 -11.800318 8.576930 -38.250118 -32.275206 -16.795235 -10.482052 0.000000 0.000000 0.000000 0.000000 0.000000 0.000000 0.000000 0.000000 0.000000 0.000000 0.000000 0.000000 0.000000 0.000000 0.000000 0.000000 0.000000 0.000000 0.000000 0.000000 0.000000 0.000000 0.000000 0.000000 0.000000 0.000000 0.000000 0.000000 0.000000 0.000000 0.000000 0.000000 0.000000 0.000000 0.000000 0.000000 0.000000 0.000000 0.000000 0.000000 0.000000 0.000000 -2.207160 -4.590998 10.835926 18.493203 -41.326349 10.570160 -3.819347 2.872128 104.451621 -34.342812 6.770067 14.651890 0.000000 0.000000 0.000000 0.000000 0.000000 0.000000 0.000000 0.000000 0.000000 0.000000 0.000000 0.000000 0.000000 0.000000 0.000000 0.000000 0.000000 0.000000 0.000000 0.000000 0.000000 0.000000 0.000000 0.000000 0.000000 0.000000 0.000000 0.000000 0.000000 0.000000 0.000000 0.000000 0.000000 0.000000 0.000000 0.000000 0.000000 0.000000 0.000000 0.000000 0.000000 0.000000
0.061201 -0.238978 1.065546 2.294395 3.597817 -4.930209 -13.473467 -15.713888 7.497946 6.897728 1.388638 7.811780 3.003804 5.788144 7.632489 0.875836 0.027940 0.105152 -15.551495 -4.175234 -2.218409 20.596576 0.153679 -0.812477 -9.834751 2.933746 -7.389019 -1.569659 -2.405548 0.177532 41.194001 2.738184 -5.672178 -5.237661 3.681720 -7.973891 6.591254 -1.115316 -7.004834 7.393686 18.291201 8.653149 -2.658461 -3.409650 22.052950 0.319148 16.008110 -26.599894 8.400226 42.346132 -36.567695 -10.057904 8.896540 -40.299905 -33.379112 -16.128951 -10.777104 0.000000 0.000000 0.000000 0.000000 0.000000 0.000000 0.000000 0.000000 0.000000 0.000000 0.000000 0.000000 0.000000 0.000000 0.000000 0.000000 0.000000 0.000000 0.000000 0.000000 0.000000 0.000000 0.000000 0.000000 0.000000 0.000000 0.000000 0.000000 0.000000 0.000000 0.000000 0.000000 0.000000 0.000000 0.000000 0.000000 0.000000 0.000000 0.000000 0.000000 0.000000 0.000000 -2.315761 -4.424959 9.105791 16.556179 -39.643512 6.151096 -5.422198 2.411360 105.732098 -33.001362 6.492726 15.019799 0.000000 0.000000 0.000000 0.000000 0.000000 0.000000 0.000000 0.000000 0.000000 0.000000 0.000000 0.000000 0.000000 0.000000 0.000000 0.000000 0.000000 0.000000 0.000000 0.000000 0.000000 0.000000 0.000000 0.000000 0.000000 0.000000 0.000000 0.000000 0.000000 0.000000 0.000000 0.000000 0.000000 0.000000 0.000000 0.000000 0.000000 0.000000 0.000000 0.000000 0.000000 0.000000
0.074287 -0.239543 1.065567 2.242632 3.275377 -4.846388 -13.019373 -16.009296 7.735344 6.093664 1.317594 8.091568 4.279074 6.617726 7.227297 0.895014 -0.040580 0.157712 -15.865301 -4.563199 -2.130872 21.276579 0.111926 -0.681286 -9.977533 3.553512 -7.741014 -1.561299 -2.590359 0.165726 41.217537 2.066833 -6.396312 -5.593952 3.703157 -8.337671 7.069416 -1.180357 -7.594826 6.905311 18.703889 8.717959 -2.411990 -3.367516 22.932973 0.340728 15.769239 -27.267571 10.270640 43.293920 -39.545843 -8.825489 8.514612 -41.704310 -33.799017 -15.849090 -10.882782 0.000000 0.000000 0.000000 0.000000 0.000000 0.000000 0.000000 0.000000 0.000000 0.000000 0.000000 0.000000 0.000000 0.000000 0.000000 0.000000 0.000000 0.000000 0.000000 0.000000 0.000000 0.000000 0.000000 0.000000 0.000000 0.000000 0.000000 0.000000 0.000000 0.000000 0.000000 0.000000 0.000000 0.000000 0.000000 0.000000 0.000000 0.000000 0.000000 0.000000 0.000000 0.000000 -2.600335 -3.972514 8.201688 15.635002 -38.745968 3.693021 -6.723494 1.992782 106.713540 -32.423884 6.751849 15.441310 0.000000 0.000000 0.000000 0.000000 0.000000 0.000000 0.000000 0.000000 0.000000 0.000000 0.000000 0.000000 0.000000 0.000000 0.000000 0.000000 0.000000 0.000000 0.000000 0.000000 0.000000 0.000000 0.000000 0.000000 0.000000 0.000000 0.000000 0.000000 0.000000 0.000000 0.000000 0.000000 0.000000 0.000000 0.000000 0.000000 0.000000 0.000000 0.000000 0.000000 0.000000 0.000000
0.085638 -0.239886 1.065264 2.305551 2.731764 -5.299724 -12.711742 -16.034044 7.996922 5.609812 1.383721 8.426214 5.268656 7.040744 7.108452 0.954373 -0.055808 0.206187 -16.339212 -4.429924 -2.110999 21.869767 -0.090876 -0.716408 -10.296137 3.753208 -7.547736 -1.589256 -2.605748 0.126011 41.375281 1.651957 -6.733605 -5.818709 3.619966 -8.597894 7.185746 -1.124731 -7.860301 6.624273 18.910376 8.481332 -2.222739 -3.393688 23.054434 0.294085 15.665087 -27.489259 11.354950 43.708142 -41.099186 -7.989002 8.480010 -42.663713 -34.557125 -15.990378 -10.823242 0.000000 0.000000 0.000000 0.000000 0.000000 0.000000 0.000000 0.000000 0.000000 0.000000 0.000000 0.000000 0.000000 0.000000 0.000000 0.000000 0.000000 0.000000 0.000000 0.000000 0.000000 0.000000 0.000000 0.000000 0.000000 0.000000 0.000000 0.000000 0.000000 0.000000 0.000000 0.000000 0.000000 0.000000 0.000000 0.000000 0.000000 0.000000 0.000000 0.000000 0.000000 0.000000 -2.706540 -3.815670 7.630532 15.317661 -38.546321 2.568757 -7.441736 1.638576 107.764651 -32.154723 7.017496 15.756559 0.000000 0.000000 0.000000 0.000000 0.000000 0.000000 0.000000 0.000000 0.000000 0.000000 0.000000 0.000000 0.000000 0.000000 0.000000 0.000000 0.000000 0.000000 0.000000 0.000000 0.000000 0.000000 0.000000 0.000000 0.000000 0.000000 0.000000 0.000000 0.000000 0.000000 0.000000 0.000000 0.000000 0.000000 0.000000 0.000000 0.000000 0.000000 0.000000 0.000000 0.000000 0.000000
0.096697 -0.244616 1.064864 2.242632 2.041581 -5.722048 -12.783433 -15.882512 8.057345 5.645341 1.514113 8.640315 6.153899 7.435312 7.043788 1.056750 -0.135757 0.179313 -16.927043 -4.199732 -1.781467 22.483891 -0.127991 -0.798526 -10.432787 3.986545 -7.369541 -1.513029 -2.545208 0.172079 41.515464 1.233781 -6.702225 -5.901445 3.381381 -8.613064 7.220656 -1.072651 -7.839118 6.856293 18.540304 8.424855 -2.702909 -3.204107 22.404238 0.209210 15.588530 -27.475903 10.953591 44.138824 -40.612416 -8.054138 7.977460 -42.773585 -33.956218 -16.054460 -10.587625 0.000000 0.000000 0.000000 0.000000 0.000000 0.000000 0.000000 0.000000 0.000000 0.000000 0.000000 0.000000 0.000000 0.000000 0.000000 0.000000 0.000000 0.000000 0.000000 0.000000 0.000000 0.000000 0.000000 0.000000 0.000000 0.000000 0.000000 0.000000 0.000000 0.000000 0.000000 0.000000 0.000000 0.000000 0.000000 0.000000 0.000000 0.000000 0.000000 0.000000 0.000000 0.000000 -2.544634 -3.506575 8.090562 15.418134 -39.804705 3.558619 -7.415827 1.883955 108.227863 -32.378211 7.475517 15.674274 0.000000 0.000000 0.000000 0.000000 0.000000 0.000000 0.000000 0.000000 0.000000 0.000000 0.000000 0.000000 0.000000 0.000000 0.000000 0.000000 0.000000 0.000000 0.000000 0.000000 0.000000 0.000000 0.000000 0.000000 0.000000 0.000000 0.000000 0.000000 0.000000 0.000000 0.000000 0.000000 0.000000 0.000000 0.000000 0.000000 0.000000 0.000000 0.000000 0.000000 0.000000 0.000000
0.098251 -0.253161 1.064539 2.062021 1.687969 -6.970832 -12.885597 -15.736818 8.004617 6.040330 1.555539 8.341078 6.563401 7.014980 7.659421 1.078848 -0.213665 0.103054 -18.084454 -3.883635 -1.209768 23.904032 -0.351805 -1.073461 -9.943915 4.029066 -6.594256 -1.523070 -2.525502 0.237263 42.157156 0.817827 -6.445446 -5.796987 3.151796 -8.202015 6.975937 -1.021211 -7.385441 6.876006 18.291643 8.485328 -3.480330 -2.880207 21.151894 0.171394 15.668704 -26.974528 8.711880 43.805697 -37.726837 -9.156521 7.846011 -42.149544 -32.746687 -16.163939 -10.248500 0.000000 0.000000 0.000000 0.000000 0.000000 0.000000 0.000000 0.000000 0.000000 0.000000 0.000000 0.000000 0.000000 0.000000 0.000000 0.000000 0.000000 0.000000 0.000000 0.000000 0.000000 0.000000 0.000000 0.000000 0.000000 0.000000 0.000000 0.000000 0.000000 0.000000 0.000000 0.000000 0.000000 0.000000 0.000000 0.000000 0.000000 0.000000 0.000000 0.000000 0.000000 0.000000 -2.254387 -3.683394 9.249288 16.015801 -41.637843 6.482754 -7.048151 2.550630 108.410902 -32.223141 8.390435 15.386087 0.000000 0.000000 0.000000 0.000000 0.000000 0.000000 0.000000 0.000000 0.000000 0.000000 0.000000 0.000000 0.000000 0.000000 0.000000 0.000000 0.000000 0.000000 0.000000 0.000000 0.000000 0.000000 0.000000 0.000000 0.000000 0.000000 0.000000 0.000000 0.000000 0.000000 0.000000 0.000000 0.000000 0.000000 0.000000 0.000000 0.000000 0.000000 0.000000 0.000000 0.000000 0.000000
0.101143 -0.260640 1.064270 1.953602 0.881170 -8.407901 -13.508105 -15.113139 7.920458 7.354195 1.655245 8.676814 6.472215 6.563403 8.218453 1.135312 -0.070271 0.013085 -18.782398 -3.173204 -0.735851 24.187264 -0.204273 -1.603772 -9.817422 3.572977 -5.506448 -1.547089 -2.438290 0.261499 42.588341 0.828457 -5.783573 -5.057490 2.927308 -7.733611 6.269050 -0.922583 -6.683670 6.979592 17.713952 8.775032 -4.284432 -2.717773 19.592890 -0.080881 15.449017 -26.220187 5.321419 42.788807 -33.230170 -11.032973 7.449440 -39.731071 -30.165255 -16.549660 -9.855171 0.000000 0.000000 0.000000 0.000000 0.000000 0.000000 0.000000 0.000000 0.000000 0.000000 0.000000 0.000000 0.000000 0.000000 0.000000 0.000000 0.000000 0.000000 0.000000 0.000000 0.000000 0.000000 0.000000 0.000000 0.000000 0.000000 0.000000 0.000000 0.000000 0.000000 0.000000 0.000000 0.000000 0.000000 0.000000 0.000000 0.000000 0.000000 0.000000 0.000000 0.000000 0.000000 -2.263293 -3.449045 11.183151 18.733370 -45.067158 12.572786 -5.806011 3.727365 107.332103 -32.094924 8.884490 14.651306 0.000000 0.000000 0.000000 0.000000 0.000000 0.000000 0.000000 0.000000 0.000000 0.000000 0.000000 0.000000 0.000000 0.000000 0.000000 0.000000 0.000000 0.000000 0.000000 0.000000 0.000000 0.000000 0.000000 0.000000 0.000000 0.000000 0.000000 0.000000 0.000000 0.000000 0.000000 0.000000 0.000000 0.000000 0.000000 0.000000 0.000000 0.000000 0.000000 0.000000 0.000000 0.000000
0.110596 -0.263614 1.064021 1.946531 -0.415996 -11.118659 -13.960143 -14.218425 7.920783 8.911563 1.482803 7.142027 6.730601 5.691085 10.376364 0.812540 -0.261237 -0.031902 -21.519159 -2.397517 0.034825 28.053739 -0.060781 -1.463347 -9.393714 3.145679 -4.327899 -1.642500 -2.307483 0.385020 43.590850 0.655095 -4.992501 -4.655301 3.329082 -6.845239 5.319337 -0.648293 -5.186992 6.007108 16.870122 10.611821 -4.471378 -2.249695 17.511203 -0.841805 14.252482 -25.364446 -0.168257 39.257883 -25.339829 -15.704482 7.036078 -34.426105 -26.505252 -19.318297 -9.969943 0.000000 0.000000 0.000000 0.000000 0.000000 0.000000 0.000000 0.000000 0.000000 0.000000 0.000000 0.000000 0.000000 0.000000 0.000000 0.000000 0.000000 0.000000 0.000000 0.000000 0.000000 0.000000 0.000000 0.000000 0.000000 0.000000 0.000000 0.000000 0.000000 0.000000 0.000000 0.000000 0.000000 0.000000 0.000000 0.000000 0.000000 0.000000 0.000000 0.000000 0.000000 0.000000 -2.978663 -3.419849 15.224916 24.083742 -48.693810 23.024734 -2.660402 5.060987 104.352814 -35.475039 10.115408 14.625810 0.000000 0.000000 0.000000 0.000000 0.000000 0.000000 0.000000 0.000000 0.000000 0.000000 0.000000 0.000000 0.000000 0.000000 0.000000 0.000000 0.000000 0.000000 0.000000 0.000000 0.000000 0.000000 0.000000 0.000000 0.000000 0.000000 0.000000 0.000000 0.000000 0.000000 0.000000 0.000000 0.000000 0.000000 0.000000 0.000000 0.000000 0.000000 0.000000 0.000000 0.000000 0.000000
0.115041 -0.269223 1.064586 1.905592 -1.022033 -12.722185 -14.261230 -13.927008 8.140342 9.617107 1.651970 7.120939 6.223356 5.851460 10.997720 0.691090 -0.286868 -0.059666 -22.290672 -2.116900 0.263496 28.364003 0.024965 -1.670481 -8.974720 2.652817 -3.426021 -1.583810 -2.203353 0.358783 44.191004 0.590152 -4.547342 -4.450458 3.409085 -6.100891 4.800707 -0.683469 -4.438206 5.832706 16.145617 10.749284 -4.543962 -1.975920 16.132933 -0.671943 13.899142 -24.876897 -2.764484 36.883790 -21.126128 -17.854962 7.170724 -30.621638 -24.648451 -20.567125 -9.502984 0.000000 0.000000 0.000000 0.000000 0.000000 0.000000 0.000000 0.000000 0.000000 0.000000 0.000000 0.000000 0.000000 0.000000 0.000000 0.000000 0.000000 0.000000 0.000000 0.000000 0.000000 0.000000 0.000000 0.000000 0.000000 0.000000 0.000000 0.000000 0.000000 0.000000 0.000000 0.000000 0.000000 0.000000 0.000000 0.000000 0.000000 0.000000 0.000000 0.000000 0.000000 0.000000 -3.510677 -2.807305 17.775000 27.956480 -49.808107 30.417178 -0.902967 5.603414 100.523800 -37.919781 10.270815 14.750022 0.000000 0.000000 0.000000 0.000000 0.000000 0.000000 0.000000 0.000000 0.000000 0.000000 0.000000 0.000000 0.000000 0.000000 0.000000 0.000000 0.000000 0.000000 0.000000 0.000000 0.000000 0.000000 0.000000 0.000000 0.000000 0.000000 0.000000 0.000000 0.000000 0.000000 0.000000 0.000000 0.000000 0.000000 0.000000 0.000000 0.000000 0.000000 0.000000 0.000000 0.000000 0.000000
0.119813 -0.275223 1.065705 1.702360 -1.614801 -13.597786 -14.356550 -13.539822 7.991480 10.243533 1.956512 7.002545 5.146047 5.850322 11.129847 0.682554 -0.317727 -0.084120 -22.464566 -1.821029 0.563760 28.125617 0.225507 -1.472637 -8.595237 2.370101 -3.169582 -1.549211 -2.197003 0.410560 44.373295 0.752899 -4.216235 -4.071922 3.228337 -5.713941 4.294142 -0.765754 -3.996506 6.261102 15.422021 10.521612 -4.956032 -1.886201 15.209646 -0.534804 13.819756 -24.672036 -4.105288 35.213478 -18.799168 -19.059965 7.656144 -28.688891 -24.092977 -20.988099 -9.339624 0.000000 0.000000 0.000000 0.000000 0.000000 0.000000 0.000000 0.000000 0.000000 0.000000 0.000000 0.000000 0.000000 0.000000 0.000000 0.000000 0.000000 0.000000 0.000000 0.000000 0.000000 0.000000 0.000000 0.000000 0.000000 0.000000 0.000000 0.000000 0.000000 0.000000 0.000000 0.000000 0.000000 0.000000 0.000000 0.000000 0.000000 0.000000 0.000000 0.000000 0.000000 0.000000 -3.877904 -2.571181 19.116783 29.868948 -49.525093 34.547978 -0.015388 6.040754 98.296938 -38.340374 10.429322 14.428286 0.000000 0.000000 0.000000 0.000000 0.000000 0.000000 0.000000 0.000000 0.000000 0.000000 0.000000 0.000000 0.000000 0.000000 0.000000 0.000000 0.000000 0.000000 0.000000 0.000000 0.000000 0.000000 0.000000 0.000000 0.000000 0.000000 0.000000 0.000000 0.000000 0.000000 0.000000 0.000000 0.000000 0.000000 0.000000 0.000000 0.000000 0.000000 0.000000 0.000000 0.000000 0.000000
0.125748 -0.279144 1.066735 1.661821 -2.079505 -13.993592 -14.670796 -13.372225 7.983098 11.398171 2.238513 7.034726 3.776878 5.625892 10.648019 0.679475 -0.285427 -0.067045 -22.591808 -1.750865 0.860293 27.794779 0.391887 -1.127776 -8.251187 2.282075 -3.319867 -1.513505 -2.172923 0.384176 44.356218 0.718413 -4.136508 -3.918113 3.053525 -5.763236 4.149043 -0.814331 -3.885997 6.447372 15.172856 10.403524 -5.363069 -1.998941 14.933195 -0.408186 13.867865 -24.771688 -4.273985 34.603636 -18.057698 -19.441633 7.884605 -27.817510 -23.657566 -20.957325 -9.161250 0.000000 0.000000 0.000000 0.000000 0.000000 0.000000 0.000000 0.000000 0.000000 0.000000 0.000000 0.000000 0.000000 0.000000 0.000000 0.000000 0.000000 0.000000 0.000000 0.000000 0.000000 0.000000 0.000000 0.000000 0.000000 0.000000 0.000000 0.000000 0.000000 0.000000 0.000000 0.000000 0.000000 0.000000 0.000000 0.000000 0.000000 0.000000 0.000000 0.000000 0.000000 0.000000 -4.081542 -2.596209 19.546527 30.123944 -49.432424 35.345286 -0.007151 5.898631 97.269861 -38.464532 9.790230 13.970914 0.000000 0.000000 0.000000 0.000000 0.000000 0.000000 0.000000 0.000000 0.000000 0.000000 0.000000 0.000000 0.000000 0.000000 0.000000 0.000000 0.000000 0.000000 0.000000 0.000000 0.000000 0.000000 0.000000 0.000000 0.000000 0.000000 0.000000 0.000000 0.000000 0.000000 0.000000 0.000000 0.000000 0.000000 0.000000 0.000000 0.000000 0.000000 0.000000 0.000000 0.000000 0.000000
0.129856 -0.281240 1.067595 1.694757 -2.135110 -14.181656 -15.166342 -13.969589 8.098905 13.723738 2.642170 6.973510 2.657531 5.406030 10.133266 0.720844 -0.229706 -0.066559 -22.606894 -1.933714 0.941911 27.498730 0.261933 -0.697612 -7.845995 2.262655 -3.562059 -1.592751 -2.112715 0.365579 44.261262 0.422860 -4.452183 -4.165399 2.934176 -5.960053 4.543677 -0.781925 -4.035491 6.433065 15.304481 10.054934 -5.299065 -2.486687 15.467047 -0.286914 14.088851 -25.203616 -3.477179 35.570886 -19.395580 -19.168458 7.581439 -28.234170 -24.422537 -20.878230 -8.957603 0.000000 0.000000 0.000000 0.000000 0.000000 0.000000 0.000000 0.000000 0.000000 0.000000 0.000000 0.000000 0.000000 0.000000 0.000000 0.000000 0.000000 0.000000 0.000000 0.000000 0.000000 0.000000 0.000000 0.000000 0.000000 0.000000 0.000000 0.000000 0.000000 0.000000 0.000000 0.000000 0.000000 0.000000 0.000000 0.000000 0.000000 0.000000 0.000000 0.000000 0.000000 0.000000 -3.712439 -2.869606 19.031711 27.876215 -48.759346 32.115100 0.262458 5.349686 97.425753 -38.928725 9.942215 13.991664 0.000000 0.000000 0.000000 0.000000 0.000000 0.000000 0.000000 0.000000 0.000000 0.000000 0.000000 0.000000 0.000000 0.000000 0.000000 0.000000 0.000000 0.000000 0.000000 0.000000 0.000000 0.000000 0.000000 0.000000 0.000000 0.000000 0.000000 0.000000 0.000000 0.000000 0.000000 0.000000 0.000000 0.000000 0.000000 0.000000 0.000000 0.000000 0.000000 0.000000 0.000000 0.000000
0.127912 -0.277410 1.068323 1.892332 -1.868530 -13.622077 -15.082445 -14.327891 8.422260 15.458084 2.932659 7.283034 1.525520 4.817985 10.095587 0.846069 -0.120252 0.029596 -22.074389 -2.256619 1.134493 26.698508 0.417204 -0.156122 -7.731020 2.399992 -4.371726 -1.545652 -2.041469 0.308070 43.589082 0.195538 -5.016904 -4.011050 2.929665 -6.717248 4.885558 -0.748496 -4.591315 6.705838 15.806111 10.016495 -5.126583 -3.063879 17.001047 -0.477693 14.209920 -25.933074 -2.146941 36.676290 -22.090863 -17.775097 7.322956 -29.274689 -25.403084 -20.068852 -8.963313 0.000000 0.000000 0.000000 0.000000 0.000000 0.000000 0.000000 0.000000 0.000000 0.000000 0.000000 0.000000 0.000000 0.000000 0.000000 0.000000 0.000000 0.000000 0.000000 0.000000 0.000000 0.000000 0.000000 0.000000 0.000000 0.000000 0.000000 0.000000 0.000000 0.000000 0.000000 0.000000 0.000000 0.000000 0.000000 0.000000 0.000000 0.000000 0.000000 0.000000 0.000000 0.000000 -3.413519 -3.249376 17.690822 24.994246 -47.587101 27.363473 -0.466134 4.718402 98.671499 -38.590000 9.277235 13.941929 0.000000 0.000000 0.000000 0.000000 0.000000 0.000000 0.000000 0.000000 0.000000 0.000000 0.000000 0.000000 0.000000 0.000000 0.000000 0.000000 0.000000 0.000000 0.000000 0.000000 0.000000 0.000000 0.000000 0.000000 0.000000 0.000000 0.000000 0.000000 0.000000 0.000000 0.000000 0.000000 0.000000 0.000000 0.000000 0.000000 0.000000 0.000000 0.000000 0.000000 0.000000 0.000000
0.123510 -0.277038 1.068888 2.039782 -1.390321 -12.910308 -14.775698 -15.097823 8.417585 17.051006 3.176042 7.341864 1.363512 4.609264 9.795535 0.976117 0.054147 0.082243 -21.248165 -2.647099 1.167815 25.179734 0.525951 0.895943 -7.437531 2.722272 -5.330629 -1.534057 -2.166521 0.172443 42.842198 0.154323 -5.675480 -3.948568 2.860641 -7.358498 5.210712 -0.713113 -5.332263 7.103034 16.188133 9.517862 -4.557485 -3.597107 18.923825 -0.244406 14.946638 -26.533053 -0.351613 38.296907 -25.367476 -15.965386 7.281738 -32.596581 -27.340924 -18.461837 -9.235511 0.000000 0.000000 0.000000 0.000000 0.000000 0.000000 0.000000 0.000000 0.000000 0.000000 0.000000 0.000000 0.000000 0.000000 0.000000 0.000000 0.000000 0.000000 0.000000 0.000000 0.000000 0.000000 0.000000 0.000000 0.000000 0.000000 0.000000 0.000000 0.000000 0.000000 0.000000 0.000000 0.000000 0.000000 0.000000 0.000000 0.000000 0.000000 0.000000 0.000000 0.000000 0.000000 -3.073458 -3.625855 15.640942 21.469889 -45.464433 21.141106 -1.567096 4.034790 101.209717 -37.003240 9.254861 14.071443 0.000000 0.000000 0.000000 0.000000 0.000000 0.000000 0.000000 0.000000 0.000000 0.000000 0.000000 0.000000 0.000000 0.000000 0.000000 0.000000 0.000000 0.000000 0.000000 0.000000 0.000000 0.000000 0.000000 0.000000 0.000000 0.000000 0.000000 0.000000 0.000000 0.000000 0.000000 0.000000 0.000000 0.000000 0.000000 0.000000 0.000000 0.000000 0.000000 0.000000 0.000000 0.000000
0.114786 -0.274844 1.068994 2.063525 -0.560816 -11.911279 -14.251747 -15.801839 8.499535 18.282753 3.341978 7.550852 0.871271 4.360959 9.455433 1.102235 0.084646 0.062807 -20.062853 -3.140405 0.959808 23.663104 0.585293 1.465130 -7.400611 3.039509 -6.194080 -1.599841 -2.252466 0.094136 42.515160 0.311309 -6.333146 -4.043429 2.581414 -8.108760 5.710917 -0.804991 -6.236078 8.033298 16.871935 8.481179 -4.335555 -4.056441 20.388798 -0.070558 15.325799 -27.442940 2.218426 40.788426 -30.295292 -14.059993 7.522556 -35.184505 -29.372554 -17.033198 -9.503690 0.000000 0.000000 0.000000 0.000000 0.000000 0.000000 0.000000 0.000000 0.000000 0.000000 0.000000 0.000000 0.000000 0.000000 0.000000 0.000000 0.000000 0.000000 0.000000 0.000000 0.000000 0.000000 0.000000 0.000000 0.000000 0.000000 0.000000 0.000000 0.000000 0.000000 0.000000 0.000000 0.000000 0.000000 0.000000 0.000000 0.000000 0.000000 0.000000 0.000000 0.000000 0.000000 -2.937771 -3.282574 13.441835 17.775250 -43.186949 14.781686 -3.463242 3.347815 103.422929 -35.340157 8.713624 14.024209 0.000000 0.000000 0.000000 0.000000 0.000000 0.000000 0.000000 0.000000 0.000000 0.000000 0.000000 0.000000 0.000000 0.000000 0.000000 0.000000 0.000000 0.000000 0.000000 0.000000 0.000000 0.000000 0.000000 0.000000 0.000000 0.000000 0.000000 0.000000 0.000000 0.000000 0.000000 0.000000 0.000000 0.000000 0.000000 0.000000 0.000000 0.000000 0.000000 0.000000 0.000000 0.000000
0.123467 -0.270387 1.068603 2.300931 -0.117063 -10.243560 -13.587156 -16.624972 8.428914 17.765717 3.161359 7.825467 0.959583 4.524179 8.863440 1.245868 0.113635 0.149100 -19.306112 -4.024585 0.629074 22.766027 0.302937 1.519000 -7.754773 3.944666 -7.414373 -1.652476 -2.450381 0.110141 42.376412 0.149831 -7.587039 -4.908350 2.334884 -9.017776 6.636866 -1.022885 -7.584269 8.169943 18.170694 7.269097 -3.812565 -4.287512 22.671599 -0.057401 15.346823 -29.143267 6.736230 43.842035 -37.330748 -11.015998 7.855436 -38.854651 -30.458391 -15.714742 -9.794887 0.000000 0.000000 0.000000 0.000000 0.000000 0.000000 0.000000 0.000000 0.000000 0.000000 0.000000 0.000000 0.000000 0.000000 0.000000 0.000000 0.000000 0.000000 0.000000 0.000000 0.000000 0.000000 0.000000 0.000000 0.000000 0.000000 0.000000 0.000000 0.000000 0.000000 0.000000 0.000000 0.000000 0.000000 0.000000 0.000000 0.000000 0.000000 0.000000 0.000000 0.000000 0.000000 -3.413053 -2.135829 10.924530 14.158503 -39.802441 7.249289 -6.729107 2.437332 106.798021 -32.099461 7.012957 14.292438 0.000000 0.000000 0.000000 0.000000 0.000000 0.000000 0.000000 0.000000 0.000000 0.000000 0.000000 0.000000 0.000000 0.000000 0.000000 0.000000 0.000000 0.000000 0.000000 0.000000 0.000000 0.000000 0.000000 0.000000 0.000000 0.000000 0.000000 0.000000 0.000000 0.000000 0.000000 0.000000 0.000000 0.000000 0.000000 0.000000 0.000000 0.000000 0.000000 0.000000 0.000000 0.000000
0.128519 -0.269655 1.068021 2.429254 0.080489 -9.653240 -13.263112 -17.044911 8.316300 17.529230 3.171379 8.250446 0.833852 4.580096 8.607945 1.220136 0.141804 0.149844 -19.263066 -4.482091 0.326672 22.631775 0.113600 1.405672 -8.002887 4.159570 -7.757201 -1.750564 -2.512739 0.078876 42.192196 0.300694 -8.025324 -5.241078 2.485552 -9.486010 6.983712 -0.894898 -8.055240 8.250774 18.584705 7.017330 -3.062564 -4.498782 23.520785 -0.402717 15.145570 -29.694003 8.443289 44.710968 -40.431452 -9.959776 8.029955 -40.417372 -32.387169 -15.475193 -9.718851 0.000000 0.000000 0.000000 0.000000 0.000000 0.000000 0.000000 0.000000 0.000000 0.000000 0.000000 0.000000 0.000000 0.000000 0.000000 0.000000 0.000000 0.000000 0.000000 0.000000 0.000000 0.000000 0.000000 0.000000 0.000000 0.000000 0.000000 0.000000 0.000000 0.000000 0.000000 0.000000 0.000000 0.000000 0.000000 0.000000 0.000000 0.000000 0.000000 0.000000 0.000000 0.000000 -3.811102 -1.725059 9.604112 13.074764 -37.988283 4.382304 -8.018872 2.165453 108.446868 -30.777640 6.076009 14.003278 0.000000 0.000000 0.000000 0.000000 0.000000 0.000000 0.000000 0.000000 0.000000 0.000000 0.000000 0.000000 0.000000 0.000000 0.000000 0.000000 0.000000 0.000000 0.000000 0.000000 0.000000 0.000000 0.000000 0.000000 0.000000 0.000000 0.000000 0.000000 0.000000 0.000000 0.000000 0.000000 0.000000 0.000000 0.000000 0.000000 0.000000 0.000000 0.000000 0.000000 0.000000 0.000000
0.128330 -0.267829 1.067758 2.708242 0.217888 -9.251859 -13.044505 -17.113894 8.350917 16.940481 3.197905 8.585850 0.666876 4.375518 8.392807 1.178480 0.154152 0.109617 -19.106461 -4.645229 0.022166 21.845809 0.128089 1.014847 -8.114242 4.185979 -7.674634 -1.820034 -2.590820 0.036643 42.216757 0.374362 -8.316949 -5.394349 2.554971 -9.714307 7.098749 -0.804050 -8.271358 8.364742 18.998120 6.991159 -2.855503 -4.374836 24.000243 -0.502998 14.989215 -30.048395 9.277391 44.967461 -42.078641 -9.416493 8.100011 -41.601326 -32.818368 -15.989619 -9.951396 0.000000 0.000000 0.000000 0.000000 0.000000 0.000000 0.000000 0.000000 0.000000 0.000000 0.000000 0.000000 0.000000 0.000000 0.000000 0.000000 0.000000 0.000000 0.000000 0.000000 0.000000 0.000000 0.000000 0.000000 0.000000 0.000000 0.000000 0.000000 0.000000 0.000000 0.000000 0.000000 0.000000 0.000000 0.000000 0.000000 0.000000 0.000000 0.000000 0.000000 0.000000 0.000000 -4.066375 -1.148743 8.996064 12.637991 -37.428612 3.442781 -8.914590 2.518208 109.208298 -29.225437 6.311027 14.016821 0.000000 0.000000 0.000000 0.000000 0.000000 0.000000 0.000000 0.000000 0.000000 0.000000 0.000000 0.000000 0.000000 0.000000 0.000000 0.000000 0.000000 0.000000 0.000000 0.000000 0.000000 0.000000 0.000000 0.000000 0.000000 0.000000 0.000000 0.000000 0.000000 0.000000 0.000000 0.000000 0.000000 0.000000 0.000000 0.000000 0.000000 0.000000 0.000000 0.000000 0.000000 0.000000
0.122472 -0.269741 1.067691 2.842468 0.436765 -8.907035 -13.206801 -16.954854 8.290017 16.738627 3.130510 8.768103 0.259544 4.040962 8.311012 1.132786 0.186008 0.079148 -19.095623 -4.554548 -0.301290 21.178972 0.170221 0.495249 -7.916476 3.800507 -7.381208 -1.863958 -2.513140 0.039355 42.301443 0.580749 -8.166058 -5.406089 2.633931 -9.625867 7.064358 -0.831206 -8.213622 8.576136 19.187837 6.843064 -3.234969 -4.247489 23.715842 -0.627757 15.132715 -29.993767 9.209086 45.089579 -41.949878 -9.632484 8.351944 -41.856870 -32.453878 -16.464881 -10.220801 0.000000 0.000000 0.000000 0.000000 0.000000 0.000000 0.000000 0.000000 0.000000 0.000000 0.000000 0.000000 0.000000 0.000000 0.000000 0.000000 0.000000 0.000000 0.000000 0.000000 0.000000 0.000000 0.000000 0.000000 0.000000 0.000000 0.000000 0.000000 0.000000 0.000000 0.000000 0.000000 0.000000 0.000000 0.000000 0.000000 0.000000 0.000000 0.000000 0.000000 0.000000 0.000000 -4.301201 -0.801508 9.068104 12.736955 -38.027745 3.832642 -9.343674 3.040126 109.649885 -27.880712 6.446581 13.798014 0.000000 0.000000 0.000000 0.000000 0.000000 0.000000 0.000000 0.000000 0.000000 0.000000 0.000000 0.000000 0.000000 0.000000 0.000000 0.000000 0.000000 0.000000 0.000000 0.000000 0.000000 0.000000 0.000000 0.000000 0.000000 0.000000 0.000000 0.000000 0.000000 0.000000 0.000000 0.000000 0.000000 0.000000 0.000000 0.000000 0.000000 0.000000 0.000000 0.000000 0.000000 0.000000
0.110848 -0.270409 1.067840 3.085869 0.702734 -8.154215 -13.485699 -16.233200 8.022178 16.171886 2.837896 8.972793 -0.686078 3.356254 8.419867 1.151005 0.077677 -0.022438 -18.872515 -4.316316 -0.321894 19.968317 0.503696 0.156771 -7.492181 3.422733 -7.538738 -1.699618 -2.342534 0.072195 42.272710 0.792409 -7.588286 -5.275478 2.602394 -9.085986 6.927492 -0.980024 -7.829878 9.161136 18.970832 6.476646 -4.055853 -4.050823 22.836302 -0.773467 15.211549 -29.080553 8.161085 45.166892 -39.837887 -11.002099 8.587554 -40.807685 -32.189081 -17.177333 -10.373930 0.000000 0.000000 0.000000 0.000000 0.000000 0.000000 0.000000 0.000000 0.000000 0.000000 0.000000 0.000000 0.000000 0.000000 0.000000 0.000000 0.000000 0.000000 0.000000 0.000000 0.000000 0.000000 0.000000 0.000000 0.000000 0.000000 0.000000 0.000000 0.000000 0.000000 0.000000 0.000000 0.000000 0.000000 0.000000 0.000000 0.000000 0.000000 0.000000 0.000000 0.000000 0.000000 -4.117678 -0.649603 9.812542 13.968404 -40.133277 6.345081 -8.838538 4.003341 109.901269 -27.593945 6.717969 13.544316 0.000000 0.000000 0.000000 0.000000 0.000000 0.000000 0.000000 0.000000 0.000000 0.000000 0.000000 0.000000 0.000000 0.000000 0.000000 0.000000 0.000000 0.000000 0.000000 0.000000 0.000000 0.000000 0.000000 0.000000 0.000000 0.000000 0.000000 0.000000 0.000000 0.000000 0.000000 0.000000 0.000000 0.000000 0.000000 0.000000 0.000000 0.000000 0.000000 0.000000 0.000000 0.000000
0.101122 -0.275834 1.067878 3.127970 0.752796 -8.528644 -13.550346 -15.810665 8.257314 15.909365 3.042744 8.997356 -1.348247 2.869195 8.697630 1.122453 0.108033 -0.107995 -19.347182 -3.646547 -0.505746 19.819115 0.230366 -0.559284 -6.894279 2.725269 -6.506471 -1.765549 -2.146706 0.190820 42.501659 1.042019 -6.829145 -4.864140 2.746489 -8.543270 6.364242 -0.817439 -7.159298 8.958829 18.445640 6.995910 -4.837134 -3.874831 21.582116 -0.827961 15.329520 -27.881535 5.042399 43.941548 -35.152068 -12.704549 8.466065 -39.797039 -31.345580 -17.628907 -10.158026 0.000000 0.000000 0.000000 0.000000 0.000000 0.000000 0.000000 0.000000 0.000000 0.000000 0.000000 0.000000 0.000000 0.000000 0.000000 0.000000 0.000000 0.000000 0.000000 0.000000 0.000000 0.000000 0.000000 0.000000 0.000000 0.000000 0.000000 0.000000 0.000000 0.000000 0.000000 0.000000 0.000000 0.000000 0.000000 0.000000 0.000000 0.000000 0.000000 0.000000 0.000000 0.000000 -3.876439 -1.128593 11.211136 16.142367 -42.788553 11.016930 -7.245994 4.629102 108.737041 -28.147329 7.009358 12.738111 0.000000 0.000000 0.000000 0.000000 0.000000 0.000000 0.000000 0.000000 0.000000 0.000000 0.000000 0.000000 0.000000 0.000000 0.000000 0.000000 0.000000 0.000000 0.000000 0.000000 0.000000 0.000000 0.000000 0.000000 0.000000 0.000000 0.000000 0.000000 0.000000 0.000000 0.000000 0.000000 0.000000 0.000000 0.000000 0.000000 0.000000 0.000000 0.000000 0.000000 0.000000 0.000000
0.095557 -0.279605 1.067852 3.345124 0.528122 -8.996572 -13.560565 -14.910289 8.389117 15.096501 2.674191 8.428920 -1.591657 2.376561 9.518487 1.103595 0.223735 -0.131957 -19.996828 -3.164947 -0.354942 19.691640 0.420608 -0.654119 -6.296974 2.220605 -5.842436 -1.746380 -1.948795 0.234455 42.655218 1.255477 -6.190929 -4.311849 3.170883 -7.824548 5.605831 -0.586951 -6.244213 8.541304 17.740870 7.736257 -5.294343 -3.673215 20.232160 -0.983238 15.194596 -26.821845 1.274283 41.402032 -29.553735 -15.820840 8.190596 -38.012218 -30.717999 -18.796098 -10.549133 0.000000 0.000000 0.000000 0.000000 0.000000 0.000000 0.000000 0.000000 0.000000 0.000000 0.000000 0.000000 0.000000 0.000000 0.000000 0.000000 0.000000 0.000000 0.000000 0.000000 0.000000 0.000000 0.000000 0.000000 0.000000 0.000000 0.000000 0.000000 0.000000 0.000000 0.000000 0.000000 0.000000 0.000000 0.000000 0.000000 0.000000 0.000000 0.000000 0.000000 0.000000 0.000000 -3.756071 -1.259413 13.471387 19.836308 -45.504404 17.950103 -4.764289 5.453566 107.344517 -30.216823 7.751614 12.683837 0.000000 0.000000 0.000000 0.000000 0.000000 0.000000 0.000000 0.000000 0.000000 0.000000 0.000000 0.000000 0.000000 0.000000 0.000000 0.000000 0.000000 0.000000 0.000000 0.000000 0.000000 0.000000 0.000000 0.000000 0.000000 0.000000 0.000000 0.000000 0.000000 0.000000 0.000000 0.000000 0.000000 0.000000 0.000000 0.000000 0.000000 0.000000 0.000000 0.000000 0.000000 0.000000
0.097950 -0.284570 1.067634 3.354631 0.179671 -9.687668 -13.683840 -14.575619 8.765140 15.030096 2.589772 8.183500 -1.365859 2.541977 10.287742 1.056749 0.201917 -0.141822 -21.187569 -2.966852 -0.017552 21.040294 0.288919 -1.052080 -5.974826 2.010827 -5.366983 -1.779159 -1.854195 0.399090 43.381857 1.317066 -5.708705 -4.216171 3.478246 -7.005779 5.017040 -0.439437 -5.334887 7.599808 17.006598 9.014083 -5.642082 -3.292366 18.847232 -1.170079 14.758310 -26.157111 -1.979791 38.361931 -24.434809 -18.863191 7.989887 -34.903466 -28.898489 -20.088226 -10.693741 0.000000 0.000000 0.000000 0.000000 0.000000 0.000000 0.000000 0.000000 0.000000 0.000000 0.000000 0.000000 0.000000 0.000000 0.000000 0.000000 0.000000 0.000000 0.000000 0.000000 0.000000 0.000000 0.000000 0.000000 0.000000 0.000000 0.000000 0.000000 0.000000 0.000000 0.000000 0.000000 0.000000 0.000000 0.000000 0.000000 0.000000 0.000000 0.000000 0.000000 0.000000 0.000000 -4.199463 -1.551737 16.217303 24.029677 -47.663858 25.872027 -2.599455 5.733906 104.978047 -32.543273 8.704962 12.814418 0.000000 0.000000 0.000000 0.000000 0.000000 0.000000 0.000000 0.000000 0.000000 0.000000 0.000000 0.000000 0.000000 0.000000 0.000000 0.000000 0.000000 0.000000 0.000000 0.000000 0.000000 0.000000 0.000000 0.000000 0.000000 0.000000 0.000000 0.000000 0.000000 0.000000 0.000000 0.000000 0.000000 0.000000 0.000000 0.000000 0.000000 0.000000 0.000000 0.000000 0.000000 0.000000
0.093721 -0.300099 1.067511 2.987256 -0.066254 -10.408069 -13.726856 -13.829063 8.419496 14.501507 2.497811 7.667462 -1.584663 2.678807 11.774759 0.754108 0.015752 -0.213830 -22.140676 -2.655370 -0.003575 21.575512 0.479809 -2.027864 -5.019249 1.340075 -4.434954 -1.713631 -1.829192 0.465265 44.785090 2.129641 -4.837747 -4.159741 3.639540 -5.785117 4.165806 -0.548635 -4.312012 6.561378 15.595855 10.126662 -6.744183 -2.406714 16.348436 -1.274876 14.218996 -24.697198 -5.303331 34.362538 -18.688472 -21.144549 7.437682 -31.218455 -26.059572 -21.125605 -10.828981 0.000000 0.000000 0.000000 0.000000 0.000000 0.000000 0.000000 0.000000 0.000000 0.000000 0.000000 0.000000 0.000000 0.000000 0.000000 0.000000 0.000000 0.000000 0.000000 0.000000 0.000000 0.000000 0.000000 0.000000 0.000000 0.000000 0.000000 0.000000 0.000000 0.000000 0.000000 0.000000 0.000000 0.000000 0.000000 0.000000 0.000000 0.000000 0.000000 0.000000 0.000000 0.000000 -5.344413 -1.500952 19.498201 30.691344 -49.641269 37.238012 -1.257688 6.894490 100.309986 -36.074045 8.490287 12.943661 0.000000 0.000000 0.000000 0.000000 0.000000 0.000000 0.000000 0.000000 0.000000 0.000000 0.000000 0.000000 0.000000 0.000000 0.000000 0.000000 0.000000 0.000000 0.000000 0.000000 0.000000 0.000000 0.000000 0.000000 0.000000 0.000000 0.000000 0.000000 0.000000 0.000000 0.000000 0.000000 0.000000 0.000000 0.000000 0.000000 0.000000 0.000000 0.000000 0.000000 0.000000 0.000000
0.091152 -0.307227 1.067435 3.013432 -0.011035 -10.004363 -14.199615 -13.712386 8.357457 14.214777 2.506808 7.836666 -1.741727 3.041077 11.713705 0.689593 -0.008898 -0.188835 -22.109814 -2.513181 -0.217141 20.599159 0.416857 -2.446446 -4.508526 1.176068 -4.306146 -1.689361 -1.896750 0.409169 45.243787 2.481913 -4.367937 -4.334960 3.597904 -5.200277 3.900523 -0.555083 -3.714527 6.247675 15.082232 10.252438 -7.231951 -2.105290 14.845566 -1.394209 13.705054 -24.409658 -6.553796 32.610005 -16.697802 -22.042007 7.248450 -28.102621 -25.037039 -20.735053 -10.484464 0.000000 0.000000 0.000000 0.000000 0.000000 0.000000 0.000000 0.000000 0.000000 0.000000 0.000000 0.000000 0.000000 0.000000 0.000000 0.000000 0.000000 0.000000 0.000000 0.000000 0.000000 0.000000 0.000000 0.000000 0.000000 0.000000 0.000000 0.000000 0.000000 0.000000 0.000000 0.000000 0.000000 0.000000 0.000000 0.000000 0.000000 0.000000 0.000000 0.000000 0.000000 0.000000 -5.878301 -1.430291 20.928131 33.086891 -50.191111 42.059929 -0.748127 7.275293 97.496522 -37.214021 7.930530 12.544150 0.000000 0.000000 0.000000 0.000000 0.000000 0.000000 0.000000 0.000000 0.000000 0.000000 0.000000 0.000000 0.000000 0.000000 0.000000 0.000000 0.000000 0.000000 0.000000 0.000000 0.000000 0.000000 0.000000 0.000000 0.000000 0.000000 0.000000 0.000000 0.000000 0.000000 0.000000 0.000000 0.000000 0.000000 0.000000 0.000000 0.000000 0.000000 0.000000 0.000000 0.000000 0.000000
0.087639 -0.308238 1.067323 3.058150 0.166024 -8.958904 -14.514761 -13.591051 8.161603 14.013852 2.533496 7.734164 -2.009637 2.989236 11.383993 0.606248 0.036189 -0.218232 -21.911861 -2.419593 -0.286403 20.120915 0.497970 -2.431247 -4.283432 1.258523 -4.993984 -1.696943 -1.884246 0.395212 45.332927 2.600930 -4.261290 -4.537035 3.660415 -5.001210 3.971411 -0.595477 -3.570377 6.054743 15.055240 10.422282 -7.370263 -2.151529 15.075455 -1.474218 13.595693 -24.332091 -6.560880 32.502211 -16.456024 -22.142661 6.985864 -27.777652 -24.784017 -20.484456 -10.378907 0.000000 0.000000 0.000000 0.000000 0.000000 0.000000 0.000000 0.000000 0.000000 0.000000 0.000000 0.000000 0.000000 0.000000 0.000000 0.000000 0.000000 0.000000 0.000000 0.000000 0.000000 0.000000 0.000000 0.000000 0.000000 0.000000 0.000000 0.000000 0.000000 0.000000 0.000000 0.000000 0.000000 0.000000 0.000000 0.000000 0.000000 0.000000 0.000000 0.000000 0.000000 0.000000 -6.039448 -1.528124 21.079836 33.237733 -49.938641 42.353120 -0.480344 7.478028 96.302484 -37.038676 7.691567 12.526354 0.000000 0.000000 0.000000 0.000000 0.000000 0.000000 0.000000 0.000000 0.000000 0.000000 0.000000 0.000000 0.000000 0.000000 0.000000 0.000000 0.000000 0.000000 0.000000 0.000000 0.000000 0.000000 0.000000 0.000000 0.000000 0.000000 0.000000 0.000000 0.000000 0.000000 0.000000 0.000000 0.000000 0.000000 0.000000 0.000000 0.000000 0.000000 0.000000 0.000000 0.000000 0.000000
0.082121 -0.305544 1.067304 3.163354 0.559064 -7.515434 -14.556881 -13.548511 8.172517 13.417903 2.469665 7.609734 -2.466437 2.844313 10.657572 0.581060 0.095565 -0.223909 -21.500612 -2.393018 -0.402755 19.653593 0.541455 -2.362105 -4.258420 1.307097 -5.948550 -1.620923 -1.943563 0.399070 45.065196 2.562331 -4.427588 -4.845510 3.766717 -5.179773 4.331417 -0.703688 -3.812451 5.805622 15.520079 10.804514 -7.300149 -2.335522 16.292805 -1.519056 13.583700 -24.438918 -5.504216 33.625273 -17.812419 -20.837390 6.755362 -28.729165 -25.366557 -19.844407 -10.708084 0.000000 0.000000 0.000000 0.000000 0.000000 0.000000 0.000000 0.000000 0.000000 0.000000 0.000000 0.000000 0.000000 0.000000 0.000000 0.000000 0.000000 0.000000 0.000000 0.000000 0.000000 0.000000 0.000000 0.000000 0.000000 0.000000 0.000000 0.000000 0.000000 0.000000 0.000000 0.000000 0.000000 0.000000 0.000000 0.000000 0.000000 0.000000 0.000000 0.000000 0.000000 0.000000 -5.752752 -1.606250 20.073440 31.952571 -49.549764 39.388577 -0.370195 7.328997 96.814854 -36.837407 7.378724 12.621224 0.000000 0.000000 0.000000 0.000000 0.000000 0.000000 0.000000 0.000000 0.000000 0.000000 0.000000 0.000000 0.000000 0.000000 0.000000 0.000000 0.000000 0.000000 0.000000 0.000000 0.000000 0.000000 0.000000 0.000000 0.000000 0.000000 0.000000 0.000000 0.000000 0.000000 0.000000 0.000000 0.000000 0.000000 0.000000 0.000000 0.000000 0.000000 0.000000 0.000000 0.000000 0.000000
0.067159 -0.287890 1.067515 3.873435 1.451093 -5.489617 -14.389723 -13.399256 8.358201 12.234928 2.135576 7.499940 -3.864975 2.289192 9.441408 0.636317 0.207197 -0.212605 -21.045078 -2.418579 -0.439196 19.368655 0.653261 -1.872259 -4.584447 1.153151 -7.462718 -1.480517 -1.924585 0.357040 43.972975 2.097445 -5.014815 -5.383384 4.328996 -5.811825 5.353891 -0.823230 -4.510026 6.207186 16.814828 10.774710 -6.811954 -2.869333 19.390247 -1.650831 14.215263 -24.728412 -2.551979 37.438961 -22.376413 -19.226133 6.672823 -31.268980 -27.801922 -19.353007 -10.900022 0.000000 0.000000 0.000000 0.000000 0.000000 0.000000 0.000000 0.000000 0.000000 0.000000 0.000000 0.000000 0.000000 0.000000 0.000000 0.000000 0.000000 0.000000 0.000000 0.000000 0.000000 0.000000 0.000000 0.000000 0.000000 0.000000 0.000000 0.000000 0.000000 0.000000 0.000000 0.000000 0.000000 0.000000 0.000000 0.000000 0.000000 0.000000 0.000000 0.000000 0.000000 0.000000 -4.799586 -1.761465 17.251776 26.610915 -47.344585 29.850202 -0.558386 6.064934 100.271279 -35.882757 6.696395 13.158562 0.000000 0.000000 0.000000 0.000000 0.000000 0.000000 0.000000 0.000000 0.000000 0.000000 0.000000 0.000000 0.000000 0.000000 0.000000 0.000000 0.000000 0.000000 0.000000 0.000000 0.000000 0.000000 0.000000 0.000000 0.000000 0.000000 0.000000 0.000000 0.000000 0.000000 0.000000 0.000000 0.000000 0.000000 0.000000 0.000000 0.000000 0.000000 0.000000 0.000000 0.000000 0.000000
0.062488 -0.291710 1.067521 3.739082 1.863754 -3.181277 -14.729108 -13.446803 8.150934 11.570333 2.299781 8.123198 -3.704713 2.691812 7.732963 0.712498 0.224361 -0.208966 -20.419178 -2.302445 -0.931916 18.519052 0.819080 -1.725078 -4.381092 1.100789 -8.445414 -1.519811 -1.988080 0.308553 43.637550 2.034414 -5.420468 -5.800759 4.291053 -6.504442 5.909118 -0.762715 -5.222877 6.648466 17.760995 9.956819 -6.438184 -3.377392 21.293950 -1.761232 14.395201 -25.202586 0.859791 40.762358 -26.800372 -16.710118 6.909097 -34.734972 -30.068499 -17.859661 -10.776198 0.000000 0.000000 0.000000 0.000000 0.000000 0.000000 0.000000 0.000000 0.000000 0.000000 0.000000 0.000000 0.000000 0.000000 0.000000 0.000000 0.000000 0.000000 0.000000 0.000000 0.000000 0.000000 0.000000 0.000000 0.000000 0.000000 0.000000 0.000000 0.000000 0.000000 0.000000 0.000000 0.000000 0.000000 0.000000 0.000000 0.000000 0.000000 0.000000 0.000000 0.000000 0.000000 -4.112936 -1.456994 14.664500 21.833428 -45.014469 21.253831 -1.868027 5.558725 102.979678 -33.348691 4.805516 12.711603 0.000000 0.000000 0.000000 0.000000 0.000000 0.000000 0.000000 0.000000 0.000000 0.000000 0.000000 0.000000 0.000000 0.000000 0.000000 0.000000 0.000000 0.000000 0.000000 0.000000 0.000000 0.000000 0.000000 0.000000 0.000000 0.000000 0.000000 0.000000 0.000000 0.000000 0.000000 0.000000 0.000000 0.000000 0.000000 0.000000 0.000000 0.000000 0.000000 0.000000 0.000000 0.000000
0.058674 -0.296520 1.067165 3.661158 2.239741 -1.155657 -15.571673 -13.581200 7.751280 11.663432 2.537357 8.415846 -3.501813 2.845189 6.440872 0.766240 0.326870 -0.184633 -19.731634 -2.258258 -1.496912 17.157242 0.966214 -1.604442 -4.031023 1.195597 -9.366374 -1.593187 -2.058852 0.146506 43.430978 2.243494 -5.868980 -6.252716 4.291908 -7.022276 6.227097 -0.694384 -5.891788 6.613201 18.437494 9.715649 -6.484290 -3.635885 23.183634 -1.798778 14.503978 -25.676255 3.817566 42.933318 -30.525937 -14.106872 7.298838 -37.935956 -31.278647 -16.378988 -10.639304 0.000000 0.000000 0.000000 0.000000 0.000000 0.000000 0.000000 0.000000 0.000000 0.000000 0.000000 0.000000 0.000000 0.000000 0.000000 0.000000 0.000000 0.000000 0.000000 0.000000 0.000000 0.000000 0.000000 0.000000 0.000000 0.000000 0.000000 0.000000 0.000000 0.000000 0.000000 0.000000 0.000000 0.000000 0.000000 0.000000 0.000000 0.000000 0.000000 0.000000 0.000000 0.000000 -4.061158 -0.965963 12.556986 18.950732 -43.099535 15.586970 -2.976941 5.295142 104.028055 -30.792060 4.074745 12.938114 0.000000 0.000000 0.000000 0.000000 0.000000 0.000000 0.000000 0.000000 0.000000 0.000000 0.000000 0.000000 0.000000 0.000000 0.000000 0.000000 0.000000 0.000000 0.000000 0.000000 0.000000 0.000000 0.000000 0.000000 0.000000 0.000000 0.000000 0.000000 0.000000 0.000000 0.000000 0.000000 0.000000 0.000000 0.000000 0.000000 0.000000 0.000000 0.000000 0.000000 0.000000 0.000000
0.054210 -0.297789 1.066780 3.689287 2.456738 0.714234 -16.614900 -13.444400 7.047394 12.364877 2.790460 7.983394 -3.564121 2.548943 5.705023 0.730746 0.407992 -0.151297 -19.371151 -1.996943 -2.065900 16.478526 1.163688 -1.639105 -3.956322 1.098614 -10.214161 -1.687422 -2.066586 0.020482 43.934077 2.632235 -5.867827 -6.824265 4.301387 -7.333052 6.651960 -0.771056 -6.184749 6.230604 18.997469 9.822372 -6.457682 -3.618351 24.125814 -1.996865 14.576333 -26.144897 6.027270 44.039628 -33.675621 -12.560057 7.693505 -39.631942 -32.114714 -16.093480 -10.523358 0.000000 0.000000 0.000000 0.000000 0.000000 0.000000 0.000000 0.000000 0.000000 0.000000 0.000000 0.000000 0.000000 0.000000 0.000000 0.000000 0.000000 0.000000 0.000000 0.000000 0.000000 0.000000 0.000000 0.000000 0.000000 0.000000 0.000000 0.000000 0.000000 0.000000 0.000000 0.000000 0.000000 0.000000 0.000000 0.000000 0.000000 0.000000 0.000000 0.000000 0.000000 0.000000 -4.211273 -0.937826 11.348178 17.338296 -41.702272 12.202015 -4.463706 5.284866 105.348869 -29.478646 2.794328 12.700814 0.000000 0.000000 0.000000 0.000000 0.000000 0.000000 0.000000 0.000000 0.000000 0.000000 0.000000 0.000000 0.000000 0.000000 0.000000 0.000000 0.000000 0.000000 0.000000 0.000000 0.000000 0.000000 0.000000 0.000000 0.000000 0.000000 0.000000 0.000000 0.000000 0.000000 0.000000 0.000000 0.000000 0.000000 0.000000 0.000000 0.000000 0.000000 0.000000 0.000000 0.000000 0.000000
0.045616 -0.299966 1.066604 3.786548 2.782513 1.910701 -17.573800 -13.047871 6.359642 12.928123 2.665284 7.750424 -3.895943 2.160628 5.461648 0.615508 0.408292 -0.159554 -19.384148 -1.745123 -2.494917 16.100256 1.364721 -2.047648 -3.613943 0.538519 -10.431846 -1.665750 -2.038354 -0.021397 44.176446 2.983020 -5.665100 -7.158235 4.515542 -7.397724 6.808836 -0.756148 -6.144291 5.736436 19.555886 10.562008 -6.985159 -3.286849 24.845570 -2.144248 14.497637 -26.260637 6.501610 44.104894 -34.158663 -11.735421 7.640058 -40.555149 -32.200400 -16.013578 -10.730030 0.000000 0.000000 0.000000 0.000000 0.000000 0.000000 0.000000 0.000000 0.000000 0.000000 0.000000 0.000000 0.000000 0.000000 0.000000 0.000000 0.000000 0.000000 0.000000 0.000000 0.000000 0.000000 0.000000 0.000000 0.000000 0.000000 0.000000 0.000000 0.000000 0.000000 0.000000 0.000000 0.000000 0.000000 0.000000 0.000000 0.000000 0.000000 0.000000 0.000000 0.000000 0.000000 -4.344095 -0.992017 10.930022 17.030746 -41.443721 11.346785 -5.555191 5.321469 106.908729 -28.430188 2.464545 12.893723 0.000000 0.000000 0.000000 0.000000 0.000000 0.000000 0.000000 0.000000 0.000000 0.000000 0.000000 0.000000 0.000000 0.000000 0.000000 0.000000 0.000000 0.000000 0.000000 0.000000 0.000000 0.000000 0.000000 0.000000 0.000000 0.000000 0.000000 0.000000 0.000000 0.000000 0.000000 0.000000 0.000000 0.000000 0.000000 0.000000 0.000000 0.000000 0.000000 0.000000 0.000000 0.000000
0.038434 -0.304395 1.066448 3.849137 3.060614 2.192954 -18.180655 -13.059013 6.162095 13.242038 2.936202 8.030834 -4.121522 2.009927 5.177116 0.588592 0.371544 -0.241894 -19.486822 -1.593367 -2.535363 15.604004 1.303451 -2.686716 -3.137491 -0.078905 -10.235387 -1.651171 -1.971444 0.026744 44.481066 3.521572 -5.377958 -7.041841 4.586966 -7.223612 6.398757 -0.685840 -5.935997 5.604098 19.370822 11.334784 -7.184566 -2.865340 24.677761 -2.188987 14.497683 -25.787544 5.421160 43.432024 -32.614193 -12.091258 7.543547 -40.379761 -32.518970 -16.358821 -10.652333 0.000000 0.000000 0.000000 0.000000 0.000000 0.000000 0.000000 0.000000 0.000000 0.000000 0.000000 0.000000 0.000000 0.000000 0.000000 0.000000 0.000000 0.000000 0.000000 0.000000 0.000000 0.000000 0.000000 0.000000 0.000000 0.000000 0.000000 0.000000 0.000000 0.000000 0.000000 0.000000 0.000000 0.000000 0.000000 0.000000 0.000000 0.000000 0.000000 0.000000 0.000000 0.000000 -4.427662 -1.127671 11.362064 18.543141 -42.885406 14.197064 -5.785960 5.921111 106.814831 -28.112383 3.227846 12.222623 0.000000 0.000000 0.000000 0.000000 0.000000 0.000000 0.000000 0.000000 0.000000 0.000000 0.000000 0.000000 0.000000 0.000000 0.000000 0.000000 0.000000 0.000000 0.000000 0.000000 0.000000 0.000000 0.000000 0.000000 0.000000 0.000000 0.000000 0.000000 0.000000 0.000000 0.000000 0.000000 0.000000 0.000000 0.000000 0.000000 0.000000 0.000000 0.000000 0.000000 0.000000 0.000000
0.029625 -0.310822 1.066264 3.872699 3.213719 1.898206 -18.588317 -12.541723 5.823757 13.293761 2.683702 7.956251 -4.349002 1.415938 5.706519 0.576013 0.290867 -0.260272 -19.922542 -1.380546 -2.394657 15.498763 1.437599 -3.291066 -2.409707 -0.831150 -9.859882 -1.563275 -1.918252 0.122316 44.614524 3.977212 -4.835355 -6.884080 4.808212 -6.785612 6.009733 -0.527179 -5.410096 5.413448 19.186178 12.265875 -7.190643 -2.273372 24.536814 -2.377152 14.359985 -25.251841 3.362582 41.824882 -29.702879 -13.252323 7.236775 -39.376351 -32.459570 -16.838353 -10.316266 0.000000 0.000000 0.000000 0.000000 0.000000 0.000000 0.000000 0.000000 0.000000 0.000000 0.000000 0.000000 0.000000 0.000000 0.000000 0.000000 0.000000 0.000000 0.000000 0.000000 0.000000 0.000000 0.000000 0.000000 0.000000 0.000000 0.000000 0.000000 0.000000 0.000000 0.000000 0.000000 0.000000 0.000000 0.000000 0.000000 0.000000 0.000000 0.000000 0.000000 0.000000 0.000000 -4.449850 -1.417679 12.552870 20.966975 -44.317425 18.719113 -4.709547 6.033028 106.852560 -29.460838 3.303795 11.748746 0.000000 0.000000 0.000000 0.000000 0.000000 0.000000 0.000000 0.000000 0.000000 0.000000 0.000000 0.000000 0.000000 0.000000 0.000000 0.000000 0.000000 0.000000 0.000000 0.000000 0.000000 0.000000 0.000000 0.000000 0.000000 0.000000 0.000000 0.000000 0.000000 0.000000 0.000000 0.000000 0.000000 0.000000 0.000000 0.000000 0.000000 0.000000 0.000000 0.000000 0.000000 0.000000
0.020850 -0.317643 1.065751 3.712193 3.467246 1.728594 -19.045197 -12.363146 5.638129 13.857380 2.652608 7.290519 -4.779071 0.937724 6.251829 0.483775 0.296061 -0.266685 -19.995180 -1.309167 -2.260612 15.198479 1.578493 -3.362631 -1.651246 -1.184886 -9.802708 -1.503614 -1.930461 0.097057 45.549336 4.452543 -4.348630 -6.882647 4.975659 -6.062633 5.545675 -0.635647 -4.740654 4.428696 18.442923 14.016952 -7.665573 -1.638381 24.207436 -2.691525 13.724497 -24.362551 0.086583 39.146494 -25.551950 -14.758203 7.007039 -37.428115 -30.434786 -17.239553 -10.453511 0.000000 0.000000 0.000000 0.000000 0.000000 0.000000 0.000000 0.000000 0.000000 0.000000 0.000000 0.000000 0.000000 0.000000 0.000000 0.000000 0.000000 0.000000 0.000000 0.000000 0.000000 0.000000 0.000000 0.000000 0.000000 0.000000 0.000000 0.000000 0.000000 0.000000 0.000000 0.000000 0.000000 0.000000 0.000000 0.000000 0.000000 0.000000 0.000000 0.000000 0.000000 0.000000 -5.225926 -1.194266 14.557707 24.990809 -46.917191 26.487387 -4.195074 6.821436 105.012111 -30.977076 3.916391 11.521015 0.000000 0.000000 0.000000 0.000000 0.000000 0.000000 0.000000 0.000000 0.000000 0.000000 0.000000 0.000000 0.000000 0.000000 0.000000 0.000000 0.000000 0.000000 0.000000 0.000000 0.000000 0.000000 0.000000 0.000000 0.000000 0.000000 0.000000 0.000000 0.000000 0.000000 0.000000 0.000000 0.000000 0.000000 0.000000 0.000000 0.000000 0.000000 0.000000 0.000000 0.000000 0.000000
0.020443 -0.335190 1.064928 3.041967 3.201482 1.492510 -19.547985 -12.042386 5.021774 14.722521 2.882469 6.520916 -4.624387 1.220634 7.614118 0.297510 0.182304 -0.304768 -20.289277 -0.985955 -2.221045 15.360448 1.667063 -3.509102 -0.747947 -1.388223 -9.700247 -1.440660 -2.101839 0.055028 47.195536 5.293447 -3.431990 -6.861938 4.861931 -5.016360 4.876791 -0.641921 -3.661466 3.389068 17.183056 15.775401 -7.706777 -0.389739 21.337977 -2.940189 12.441377 -24.608128 -4.952653 33.734753 -20.692626 -17.973161 6.651427 -31.435755 -28.251119 -16.347262 -10.021963 0.000000 0.000000 0.000000 0.000000 0.000000 0.000000 0.000000 0.000000 0.000000 0.000000 0.000000 0.000000 0.000000 0.000000 0.000000 0.000000 0.000000 0.000000 0.000000 0.000000 0.000000 0.000000 0.000000 0.000000 0.000000 0.000000 0.000000 0.000000 0.000000 0.000000 0.000000 0.000000 0.000000 0.000000 0.000000 0.000000 0.000000 0.000000 0.000000 0.000000 0.000000 0.000000 -6.407351 -2.056362 18.354363 31.451849 -49.224050 38.529036 -4.597781 9.059224 99.216839 -33.077127 5.041790 11.043054 0.000000 0.000000 0.000000 0.000000 0.000000 0.000000 0.000000 0.000000 0.000000 0.000000 0.000000 0.000000 0.000000 0.000000 0.000000 0.000000 0.000000 0.000000 0.000000 0.000000 0.000000 0.000000 0.000000 0.000000 0.000000 0.000000 0.000000 0.000000 0.000000 0.000000 0.000000 0.000000 0.000000 0.000000 0.000000 0.000000 0.000000 0.000000 0.000000 0.000000 0.000000 0.000000
0.019207 -0.344570 1.064388 2.717275 3.163816 2.168765 -19.977554 -11.831798 4.645782 14.994306 3.100430 6.365586 -4.398122 1.298052 7.658402 0.279588 0.241173 -0.273624 -20.407205 -0.736416 -2.168888 15.459973 1.718529 -3.616067 -0.237183 -1.461178 -9.974187 -1.438487 -2.125256 0.029136 47.806576 5.862025 -3.180766 -6.905161 4.768699 -4.627458 4.753485 -0.688039 -3.314299 2.903254 16.919468 15.967203 -7.786372 -0.119328 20.180247 -3.241628 11.961685 -24.548960 -6.057014 31.978727 -19.751513 -19.484272 6.754037 -30.028403 -27.935641 -16.280899 -10.016843 0.000000 0.000000 0.000000 0.000000 0.000000 0.000000 0.000000 0.000000 0.000000 0.000000 0.000000 0.000000 0.000000 0.000000 0.000000 0.000000 0.000000 0.000000 0.000000 0.000000 0.000000 0.000000 0.000000 0.000000 0.000000 0.000000 0.000000 0.000000 0.000000 0.000000 0.000000 0.000000 0.000000 0.000000 0.000000 0.000000 0.000000 0.000000 0.000000 0.000000 0.000000 0.000000 -6.697760 -2.469532 19.458742 32.759790 -48.802198 41.422360 -4.492450 9.485329 97.109111 -32.934686 5.092070 11.053575 0.000000 0.000000 0.000000 0.000000 0.000000 0.000000 0.000000 0.000000 0.000000 0.000000 0.000000 0.000000 0.000000 0.000000 0.000000 0.000000 0.000000 0.000000 0.000000 0.000000 0.000000 0.000000 0.000000 0.000000 0.000000 0.000000 0.000000 0.000000 0.000000 0.000000 0.000000 0.000000 0.000000 0.000000 0.000000 0.000000 0.000000 0.000000 0.000000 0.000000 0.000000 0.000000
0.013628 -0.347828 1.064170 2.443138 3.418124 2.915918 -20.236769 -11.679266 4.269170 15.494286 3.132358 6.263396 -4.715368 1.041835 7.584952 0.205817 0.234478 -0.266191 -20.398958 -0.602761 -2.233792 15.941399 1.702004 -3.937616 -0.112462 -1.738024 -10.270182 -1.459799 -2.124340 0.009198 47.812208 6.275149 -3.083174 -6.973584 4.858994 -4.506765 4.929565 -0.704618 -3.225962 2.733229 16.829786 16.188583 -7.899565 -0.200070 20.346767 -3.307379 11.816011 -24.387551 -5.818148 31.669353 -19.792432 -19.418259 7.085968 -30.726974 -28.897861 -16.076421 -10.165901 0.000000 0.000000 0.000000 0.000000 0.000000 0.000000 0.000000 0.000000 0.000000 0.000000 0.000000 0.000000 0.000000 0.000000 0.000000 0.000000 0.000000 0.000000 0.000000 0.000000 0.000000 0.000000 0.000000 0.000000 0.000000 0.000000 0.000000 0.000000 0.000000 0.000000 0.000000 0.000000 0.000000 0.000000 0.000000 0.000000 0.000000 0.000000 0.000000 0.000000 0.000000 0.000000 -6.723410 -2.734258 19.309288 32.778015 -48.544349 41.122325 -4.490925 9.426813 97.058056 -32.904982 4.914833 10.963112 0.000000 0.000000 0.000000 0.000000 0.000000 0.000000 0.000000 0.000000 0.000000 0.000000 0.000000 0.000000 0.000000 0.000000 0.000000 0.000000 0.000000 0.000000 0.000000 0.000000 0.000000 0.000000 0.000000 0.000000 0.000000 0.000000 0.000000 0.000000 0.000000 0.000000 0.000000 0.000000 0.000000 0.000000 0.000000 0.000000 0.000000 0.000000 0.000000 0.000000 0.000000 0.000000
0.007114 -0.347594 1.064282 2.379665 3.773873 3.826651 -20.587787 -11.471423 4.009123 15.899171 2.910165 6.197009 -5.011519 0.701963 7.107620 0.196592 0.273406 -0.237858 -20.220255 -0.513450 -2.533806 15.949859 1.740878 -4.071252 -0.018352 -2.187079 -10.628490 -1.452770 -2.073485 -0.041302 47.365836 6.456944 -3.111414 -7.293688 5.046607 -4.538118 5.421483 -0.715884 -3.431562 3.044096 16.996160 16.031883 -7.654179 -0.538451 21.069459 -3.332555 12.088624 -24.032823 -4.400240 32.961783 -20.815998 -17.956938 7.369192 -32.781320 -29.585764 -15.692169 -10.375334 0.000000 0.000000 0.000000 0.000000 0.000000 0.000000 0.000000 0.000000 0.000000 0.000000 0.000000 0.000000 0.000000 0.000000 0.000000 0.000000 0.000000 0.000000 0.000000 0.000000 0.000000 0.000000 0.000000 0.000000 0.000000 0.000000 0.000000 0.000000 0.000000 0.000000 0.000000 0.000000 0.000000 0.000000 0.000000 0.000000 0.000000 0.000000 0.000000 0.000000 0.000000 0.000000 -6.562162 -2.778098 18.012790 31.403060 -48.453345 37.597563 -4.490914 8.899782 98.894731 -32.721930 4.262878 10.837552 0.000000 0.000000 0.000000 0.000000 0.000000 0.000000 0.000000 0.000000 0.000000 0.000000 0.000000 0.000000 0.000000 0.000000 0.000000 0.000000 0.000000 0.000000 0.000000 0.000000 0.000000 0.000000 0.000000 0.000000 0.000000 0.000000 0.000000 0.000000 0.000000 0.000000 0.000000 0.000000 0.000000 0.000000 0.000000 0.000000 0.000000 0.000000 0.000000 0.000000 0.000000 0.000000
-0.006801 -0.341983 1.064758 2.428757 4.634764 5.049437 -20.270108 -11.290904 4.035888 15.221408 2.334345 7.072154 -6.063638 0.281966 5.648839 0.362307 0.493023 -0.159429 -19.617539 -0.788834 -2.697707 15.604496 1.991076 -4.358744 0.007839 -2.980018 -11.050156 -1.576129 -1.903624 -0.108748 46.008595 6.293266 -3.715059 -7.855914 5.316794 -5.068397 6.290281 -0.622747 -4.235841 3.632264 17.585546 14.464358 -6.851105 -1.579194 23.464265 -3.174781 13.324597 -22.864131 1.345993 37.491600 -24.991128 -13.645851 7.988032 -40.765387 -31.496090 -15.799089 -10.937833 0.000000 0.000000 0.000000 0.000000 0.000000 0.000000 0.000000 0.000000 0.000000 0.000000 0.000000 0.000000 0.000000 0.000000 0.000000 0.000000 0.000000 0.000000 0.000000 0.000000 0.000000 0.000000 0.000000 0.000000 0.000000 0.000000 0.000000 0.000000 0.000000 0.000000 0.000000 0.000000 0.000000 0.000000 0.000000 0.000000 0.000000 0.000000 0.000000 0.000000 0.000000 0.000000 -5.345508 -2.464619 14.004373 25.702081 -45.824165 25.938724 -4.054289 6.282158 104.615729 -31.126042 2.292396 11.035771 0.000000 0.000000 0.000000 0.000000 0.000000 0.000000 0.000000 0.000000 0.000000 0.000000 0.000000 0.000000 0.000000 0.000000 0.000000 0.000000 0.000000 0.000000 0.000000 0.000000 0.000000 0.000000 0.000000 0.000000 0.000000 0.000000 0.000000 0.000000 0.000000 0.000000 0.000000 0.000000 0.000000 0.000000 0.000000 0.000000 0.000000 0.000000 0.000000 0.000000 0.000000 0.000000
-0.009949 -0.336930 1.064892 2.639810 4.788579 6.010796 -20.093684 -11.114024 4.115604 14.489364 2.388302 7.458565 -6.355334 0.212211 4.810366 0.393437 0.534547 -0.140099 -19.341406 -0.573706 -2.970134 15.260787 1.951285 -4.454350 -0.083370 -3.140913 -11.439133 -1.651697 -1.821087 -0.077125 45.553840 6.323403 -3.871926 -8.273884 5.399930 -5.316281 6.798315 -0.586501 -4.491844 3.862259 18.101167 13.992280 -6.393964 -1.641203 24.381778 -3.108627 13.654260 -22.731145 3.470432 38.879176 -26.778607 -12.105937 8.021146 -43.144961 -32.478772 -15.306526 -11.019511 0.000000 0.000000 0.000000 0.000000 0.000000 0.000000 0.000000 0.000000 0.000000 0.000000 0.000000 0.000000 0.000000 0.000000 0.000000 0.000000 0.000000 0.000000 0.000000 0.000000 0.000000 0.000000 0.000000 0.000000 0.000000 0.000000 0.000000 0.000000 0.000000 0.000000 0.000000 0.000000 0.000000 0.000000 0.000000 0.000000 0.000000 0.000000 0.000000 0.000000 0.000000 0.000000 -4.986755 -2.579169 12.523866 23.863828 -44.491001 21.757072 -4.301357 5.258272 106.369387 -31.149089 1.189625 11.098076 0.000000 0.000000 0.000000 0.000000 0.000000 0.000000 0.000000 0.000000 0.000000 0.000000 0.000000 0.000000 0.000000 0.000000 0.000000 0.000000 0.000000 0.000000 0.000000 0.000000 0.000000 0.000000 0.000000 0.000000 0.000000 0.000000 0.000000 0.000000 0.000000 0.000000 0.000000 0.000000 0.000000 0.000000 0.000000 0.000000 0.000000 0.000000 0.000000 0.000000 0.000000 0.000000
-0.017381 -0.340019 1.064997 2.565744 5.130587 6.491733 -20.417918 -11.010199 3.852380 14.667880 2.420844 7.267438 -6.535026 0.041992 4.841426 0.387091 0.511692 -0.166235 -19.295709 -0.439432 -3.087614 15.091046 1.885503 -4.362402 0.462466 -3.506088 -11.609969 -1.649143 -1.781524 -0.081110 45.676031 6.574759 -3.777741 -8.507325 5.497472 -5.249695 6.882379 -0.547397 -4.412379 3.715781 18.278101 14.006263 -6.420506 -1.617415 24.533238 -3.325615 13.734777 -22.536347 3.420300 38.875035 -26.671487 -11.995978 7.831318 -43.605932 -32.550310 -15.293347 -11.107960 0.000000 0.000000 0.000000 0.000000 0.000000 0.000000 0.000000 0.000000 0.000000 0.000000 0.000000 0.000000 0.000000 0.000000 0.000000 0.000000 0.000000 0.000000 0.000000 0.000000 0.000000 0.000000 0.000000 0.000000 0.000000 0.000000 0.000000 0.000000 0.000000 0.000000 0.000000 0.000000 0.000000 0.000000 0.000000 0.000000 0.000000 0.000000 0.000000 0.000000 0.000000 0.000000 -5.149465 -2.602646 12.389701 23.723847 -44.235852 21.683154 -4.484765 5.156568 107.000956 -31.199879 0.831152 11.095933 0.000000 0.000000 0.000000 0.000000 0.000000 0.000000 0.000000 0.000000 0.000000 0.000000 0.000000 0.000000 0.000000 0.000000 0.000000 0.000000 0.000000 0.000000 0.000000 0.000000 0.000000 0.000000 0.000000 0.000000 0.000000 0.000000 0.000000 0.000000 0.000000 0.000000 0.000000 0.000000 0.000000 0.000000 0.000000 0.000000 0.000000 0.000000 0.000000 0.000000 0.000000 0.000000
-0.026368 -0.346109 1.064947 2.345815 5.510389 6.730601 -20.831804 -10.952174 3.498311 15.194360 2.512008 6.789279 -6.717304 -0.314118 5.130377 0.357505 0.504407 -0.160963 -19.147807 -0.376363 -3.122742 14.731113 1.906666 -4.123909 1.288677 -3.819143 -11.744374 -1.605016 -1.780115 -0.129512 46.121491 6.936332 -3.564365 -8.638064 5.579538 -5.046440 6.728353 -0.540564 -4.223310 3.567694 18.043149 14.545974 -6.302585 -1.325553 24.235279 -3.522647 13.371771 -22.273194 2.280124 37.803512 -25.542462 -12.390626 7.843705 -42.939905 -32.622447 -15.074392 -11.004444 0.000000 0.000000 0.000000 0.000000 0.000000 0.000000 0.000000 0.000000 0.000000 0.000000 0.000000 0.000000 0.000000 0.000000 0.000000 0.000000 0.000000 0.000000 0.000000 0.000000 0.000000 0.000000 0.000000 0.000000 0.000000 0.000000 0.000000 0.000000 0.000000 0.000000 0.000000 0.000000 0.000000 0.000000 0.000000 0.000000 0.000000 0.000000 0.000000 0.000000 0.000000 0.000000 -5.569037 -2.470307 13.141436 25.210756 -45.154841 24.973922 -4.636218 5.619436 106.353522 -31.333700 1.011760 10.783726 0.000000 0.000000 0.000000 0.000000 0.000000 0.000000 0.000000 0.000000 0.000000 0.000000 0.000000 0.000000 0.000000 0.000000 0.000000 0.000000 0.000000 0.000000 0.000000 0.000000 0.000000 0.000000 0.000000 0.000000 0.000000 0.000000 0.000000 0.000000 0.000000 0.000000 0.000000 0.000000 0.000000 0.000000 0.000000 0.000000 0.000000 0.000000 0.000000 0.000000 0.000000 0.000000
-0.025461 -0.357016 1.064576 2.065930 5.533252 7.466183 -21.868312 -10.962513 2.425065 16.134295 2.934736 5.235060 -5.956965 -0.127860 6.385765 0.144559 0.384955 -0.232011 -19.465008 -0.206223 -2.959320 14.901879 1.674532 -3.739139 2.072956 -3.409861 -12.439689 -1.509189 -1.874454 -0.120813 47.819342 7.526200 -2.929762 -8.596392 5.530778 -4.462428 5.991289 -0.595985 -3.466399 2.952051 17.111221 15.633370 -6.903361 -1.145514 21.866065 -3.760824 12.150331 -23.089554 -2.744375 33.346294 -21.758756 -17.051511 8.423099 -38.000763 -34.547283 -14.506211 -10.505870 0.000000 0.000000 0.000000 0.000000 0.000000 0.000000 0.000000 0.000000 0.000000 0.000000 0.000000 0.000000 0.000000 0.000000 0.000000 0.000000 0.000000 0.000000 0.000000 0.000000 0.000000 0.000000 0.000000 0.000000 0.000000 0.000000 0.000000 0.000000 0.000000 0.000000 0.000000 0.000000 0.000000 0.000000 0.000000 0.000000 0.000000 0.000000 0.000000 0.000000 0.000000 0.000000 -6.773376 -2.589012 16.607334 30.107021 -47.481541 35.342524 -5.352934 8.577385 102.510032 -31.092672 3.073585 9.804426 0.000000 0.000000 0.000000 0.000000 0.000000 0.000000 0.000000 0.000000 0.000000 0.000000 0.000000 0.000000 0.000000 0.000000 0.000000 0.000000 0.000000 0.000000 0.000000 0.000000 0.000000 0.000000 0.000000 0.000000 0.000000 0.000000 0.000000 0.000000 0.000000 0.000000 0.000000 0.000000 0.000000 0.000000 0.000000 0.000000 0.000000 0.000000 0.000000 0.000000 0.000000 0.000000
-0.025432 -0.369265 1.064338 1.429539 5.422103 7.728984 -21.794722 -10.951992 2.209891 16.240126 3.341701 4.845417 -5.597946 0.174558 6.822804 0.109481 0.262444 -0.250939 -19.498254 0.074588 -2.736974 15.329130 1.506507 -3.514563 2.817973 -3.399726 -12.586149 -1.383174 -1.907396 -0.068496 48.590480 8.041177 -2.673433 -8.137293 5.441903 -4.194793 5.542707 -0.625797 -3.069201 2.457538 16.861430 16.120574 -7.379589 -0.488379 20.278394 -4.036280 11.474413 -23.576713 -4.894738 30.396417 -20.578017 -19.391130 8.304008 -34.180340 -34.562283 -13.892716 -10.310149 0.000000 0.000000 0.000000 0.000000 0.000000 0.000000 0.000000 0.000000 0.000000 0.000000 0.000000 0.000000 0.000000 0.000000 0.000000 0.000000 0.000000 0.000000 0.000000 0.000000 0.000000 0.000000 0.000000 0.000000 0.000000 0.000000 0.000000 0.000000 0.000000 0.000000 0.000000 0.000000 0.000000 0.000000 0.000000 0.000000 0.000000 0.000000 0.000000 0.000000 0.000000 0.000000 -7.240813 -3.201268 18.504629 31.983671 -47.265279 40.371159 -5.737970 9.695827 99.203278 -31.680398 3.767059 9.572398 0.000000 0.000000 0.000000 0.000000 0.000000 0.000000 0.000000 0.000000 0.000000 0.000000 0.000000 0.000000 0.000000 0.000000 0.000000 0.000000 0.000000 0.000000 0.000000 0.000000 0.000000 0.000000 0.000000 0.000000 0.000000 0.000000 0.000000 0.000000 0.000000 0.000000 0.000000 0.000000 0.000000 0.000000 0.000000 0.000000 0.000000 0.000000 0.000000 0.000000 0.000000 0.000000
-0.023528 -0.373233 1.064305 1.155438 5.345295 8.130654 -21.726389 -10.966618 2.205363 16.249651 3.463217 4.785932 -5.425821 0.373363 6.647342 0.105549 0.319158 -0.225209 -19.238827 0.179820 -2.790874 15.183245 1.442279 -3.351742 3.013749 -3.350483 -12.749868 -1.394361 -1.937357 -0.087482 48.610319 8.299513 -2.524931 -7.939799 5.371769 -4.171964 5.317695 -0.612002 -2.931850 2.400720 16.723935 16.134827 -7.211130 -0.327000 19.690681 -4.029024 11.178738 -23.740197 -5.567811 29.309655 -20.159588 -20.255823 8.405176 -32.874956 -34.665600 -14.009654 -10.302779 0.000000 0.000000 0.000000 0.000000 0.000000 0.000000 0.000000 0.000000 0.000000 0.000000 0.000000 0.000000 0.000000 0.000000 0.000000 0.000000 0.000000 0.000000 0.000000 0.000000 0.000000 0.000000 0.000000 0.000000 0.000000 0.000000 0.000000 0.000000 0.000000 0.000000 0.000000 0.000000 0.000000 0.000000 0.000000 0.000000 0.000000 0.000000 0.000000 0.000000 0.000000 0.000000 -7.271320 -3.476880 18.984173 32.450390 -47.169555 41.579336 -5.921318 9.894462 97.834557 -31.851594 3.945778 9.408802 0.000000 0.000000 0.000000 0.000000 0.000000 0.000000 0.000000 0.000000 0.000000 0.000000 0.000000 0.000000 0.000000 0.000000 0.000000 0.000000 0.000000 0.000000 0.000000 0.000000 0.000000 0.000000 0.000000 0.000000 0.000000 0.000000 0.000000 0.000000 0.000000 0.000000 0.000000 0.000000 0.000000 0.000000 0.000000 0.000000 0.000000 0.000000 0.000000 0.000000 0.000000 0.000000
-0.022039 -0.373858 1.064485 1.003393 5.290381 8.507202 -21.535109 -10.861121 2.178835 16.105914 3.345493 4.820648 -5.401562 0.447707 6.405434 0.114717 0.351107 -0.207790 -18.832118 0.178188 -2.978637 14.803744 1.525023 -3.420002 2.912492 -3.511218 -12.960765 -1.383951 -1.904515 -0.097453 48.159863 8.350073 -2.497442 -8.027599 5.469743 -4.121177 5.553481 -0.602408 -2.989115 2.539042 16.756161 15.934354 -6.921787 -0.456732 19.989309 -3.926995 11.392287 -23.367397 -4.614548 30.132355 -20.630554 -19.111497 8.433408 -34.496724 -34.698157 -14.172238 -10.423411 0.000000 0.000000 0.000000 0.000000 0.000000 0.000000 0.000000 0.000000 0.000000 0.000000 0.000000 0.000000 0.000000 0.000000 0.000000 0.000000 0.000000 0.000000 0.000000 0.000000 0.000000 0.000000 0.000000 0.000000 0.000000 0.000000 0.000000 0.000000 0.000000 0.000000 0.000000 0.000000 0.000000 0.000000 0.000000 0.000000 0.000000 0.000000 0.000000 0.000000 0.000000 0.000000 -6.925271 -3.566250 18.344756 31.767842 -46.908138 39.778027 -5.561528 9.650216 98.358499 -31.743066 3.999970 9.419531 0.000000 0.000000 0.000000 0.000000 0.000000 0.000000 0.000000 0.000000 0.000000 0.000000 0.000000 0.000000 0.000000 0.000000 0.000000 0.000000 0.000000 0.000000 0.000000 0.000000 0.000000 0.000000 0.000000 0.000000 0.000000 0.000000 0.000000 0.000000 0.000000 0.000000 0.000000 0.000000 0.000000 0.000000 0.000000 0.000000 0.000000 0.000000 0.000000 0.000000 0.000000 0.000000
-0.020087 -0.366632 1.064857 1.102181 5.331227 9.334425 -21.048470 -10.703933 2.539558 15.382680 2.846451 5.068268 -5.642366 0.428273 5.370552 0.234752 0.531491 -0.110577 -17.947461 -0.108066 -3.296253 13.885422 1.907381 -3.536135 2.205718 -3.583076 -13.368403 -1.456378 -1.857735 -0.179685 47.036611 8.114519 -2.852273 -8.545726 5.677775 -4.220853 6.337745 -0.610586 -3.504577 3.322092 16.936210 15.137240 -5.807991 -0.977156 21.377409 -3.776817 12.246262 -22.034611 -0.878103 33.597256 -22.983531 -14.840858 8.417900 -40.065116 -34.160900 -14.384694 -10.356498 0.000000 0.000000 0.000000 0.000000 0.000000 0.000000 0.000000 0.000000 0.000000 0.000000 0.000000 0.000000 0.000000 0.000000 0.000000 0.000000 0.000000 0.000000 0.000000 0.000000 0.000000 0.000000 0.000000 0.000000 0.000000 0.000000 0.000000 0.000000 0.000000 0.000000 0.000000 0.000000 0.000000 0.000000 0.000000 0.000000 0.000000 0.000000 0.000000 0.000000 0.000000 0.000000 -6.133862 -3.313081 15.611246 28.585523 -45.990902 32.502947 -4.656204 7.829729 101.825182 -31.467731 3.080836 9.609104 0.000000 0.000000 0.000000 0.000000 0.000000 0.000000 0.000000 0.000000 0.000000 0.000000 0.000000 0.000000 0.000000 0.000000 0.000000 0.000000 0.000000 0.000000 0.000000 0.000000 0.000000 0.000000 0.000000 0.000000 0.000000 0.000000 0.000000 0.000000 0.000000 0.000000 0.000000 0.000000 0.000000 0.000000 0.000000 0.000000 0.000000 0.000000 0.000000 0.000000 0.000000 0.000000
-0.023277 -0.360182 1.065421 1.193718 5.597171 10.191200 -20.824374 -10.696202 2.940453 15.046420 2.652625 5.604339 -6.103214 0.511522 4.289318 0.317987 0.656691 -0.072426 -17.559187 -0.302168 -3.415446 13.809481 2.141687 -3.257840 2.091171 -3.569453 -13.854573 -1.559842 -1.767924 -0.257291 46.139527 7.954747 -3.122265 -8.960466 5.853396 -4.551392 7.000072 -0.536233 -3.931073 3.725445 17.169103 14.363880 -5.169687 -1.522447 22.864890 -3.479625 13.189567 -21.490946 2.192721 36.047378 -25.040463 -12.820154 8.525137 -43.350543 -34.619746 -14.679973 -10.661011 0.000000 0.000000 0.000000 0.000000 0.000000 0.000000 0.000000 0.000000 0.000000 0.000000 0.000000 0.000000 0.000000 0.000000 0.000000 0.000000 0.000000 0.000000 0.000000 0.000000 0.000000 0.000000 0.000000 0.000000 0.000000 0.000000 0.000000 0.000000 0.000000 0.000000 0.000000 0.000000 0.000000 0.000000 0.000000 0.000000 0.000000 0.000000 0.000000 0.000000 0.000000 0.000000 -5.576367 -3.303282 13.433701 25.646018 -44.578225 25.937268 -4.137399 5.799161 104.803899 -32.018090 2.020460 10.327243 0.000000 0.000000 0.000000 0.000000 0.000000 0.000000 0.000000 0.000000 0.000000 0.000000 0.000000 0.000000 0.000000 0.000000 0.000000 0.000000 0.000000 0.000000 0.000000 0.000000 0.000000 0.000000 0.000000 0.000000 0.000000 0.000000 0.000000 0.000000 0.000000 0.000000 0.000000 0.000000 0.000000 0.000000 0.000000 0.000000 0.000000 0.000000 0.000000 0.000000 0.000000 0.000000
-0.027470 -0.359826 1.065933 1.153503 5.864487 10.582852 -20.776399 -10.700369 3.079627 14.869715 2.552852 5.861218 -6.213177 0.486308 3.869629 0.320128 0.686980 -0.080855 -17.465838 -0.442102 -3.447205 13.809892 2.280920 -2.930279 2.531376 -3.610086 -14.108657 -1.736705 -1.710592 -0.247582 45.751882 7.839013 -3.336552 -9.170835 5.834943 -4.715112 7.193695 -0.451807 -4.152374 3.786218 17.574846 13.868388 -5.163685 -1.694388 23.947919 -3.366259 13.657010 -21.188693 3.881732 37.509242 -26.000903 -11.860357 8.307761 -45.532368 -34.239705 -14.927190 -10.969484 0.000000 0.000000 0.000000 0.000000 0.000000 0.000000 0.000000 0.000000 0.000000 0.000000 0.000000 0.000000 0.000000 0.000000 0.000000 0.000000 0.000000 0.000000 0.000000 0.000000 0.000000 0.000000 0.000000 0.000000 0.000000 0.000000 0.000000 0.000000 0.000000 0.000000 0.000000 0.000000 0.000000 0.000000 0.000000 0.000000 0.000000 0.000000 0.000000 0.000000 0.000000 0.000000 -5.218345 -3.173500 12.390020 23.780542 -43.273504 22.266986 -4.178843 4.786149 106.469284 -31.900282 1.174474 10.731185 0.000000 0.000000 0.000000 0.000000 0.000000 0.000000 0.000000 0.000000 0.000000 0.000000 0.000000 0.000000 0.000000 0.000000 0.000000 0.000000 0.000000 0.000000 0.000000 0.000000 0.000000 0.000000 0.000000 0.000000 0.000000 0.000000 0.000000 0.000000 0.000000 0.000000 0.000000 0.000000 0.000000 0.000000 0.000000 0.000000 0.000000 0.000000 0.000000 0.000000 0.000000 0.000000
-0.029656 -0.358787 1.066275 1.290527 6.034939 11.031630 -20.906460 -10.551380 2.978536 14.598543 2.344302 5.843110 -6.181538 0.498647 3.634899 0.334936 0.727386 -0.051180 -17.502735 -0.427251 -3.454737 13.662236 2.246001 -2.842354 2.855056 -3.689817 -14.353065 -1.743794 -1.629075 -0.249360 45.499558 7.858219 -3.239905 -9.261151 5.853964 -4.643842 7.255960 -0.396068 -4.084731 4.083657 17.752404 13.638111 -4.991308 -1.720051 24.105835 -3.461247 13.736763 -21.059097 3.878481 37.760533 -25.818444 -12.351468 8.465948 -45.572303 -34.922245 -14.914159 -10.918090 0.000000 0.000000 0.000000 0.000000 0.000000 0.000000 0.000000 0.000000 0.000000 0.000000 0.000000 0.000000 0.000000 0.000000 0.000000 0.000000 0.000000 0.000000 0.000000 0.000000 0.000000 0.000000 0.000000 0.000000 0.000000 0.000000 0.000000 0.000000 0.000000 0.000000 0.000000 0.000000 0.000000 0.000000 0.000000 0.000000 0.000000 0.000000 0.000000 0.000000 0.000000 0.000000 -5.246688 -3.057822 12.397494 23.689628 -43.311631 22.300306 -4.446265 4.291594 107.720040 -32.416644 0.858234 10.802418 0.000000 0.000000 0.000000 0.000000 0.000000 0.000000 0.000000 0.000000 0.000000 0.000000 0.000000 0.000000 0.000000 0.000000 0.000000 0.000000 0.000000 0.000000 0.000000 0.000000 0.000000 0.000000 0.000000 0.000000 0.000000 0.000000 0.000000 0.000000 0.000000 0.000000 0.000000 0.000000 0.000000 0.000000 0.000000 0.000000 0.000000 0.000000 0.000000 0.000000 0.000000 0.000000
-0.038170 -0.365378 1.066475 0.965179 6.212457 10.999104 -20.728207 -10.256356 2.879414 14.538963 2.372242 5.811159 -6.439178 0.203567 3.917590 0.267173 0.708739 -0.053174 -17.311563 -0.193749 -3.283343 13.513354 2.259633 -2.919065 3.621124 -4.209950 -14.239078 -1.704790 -1.659052 -0.232031 45.740994 8.014464 -2.950058 -9.299611 5.940622 -4.314294 7.013732 -0.364679 -3.705008 4.216427 17.310529 14.220676 -4.965696 -1.422394 23.475879 -3.632858 13.075366 -21.160769 1.761040 36.043912 -23.757375 -13.606642 8.802083 -43.540405 -35.318999 -15.069348 -10.638124 0.000000 0.000000 0.000000 0.000000 0.000000 0.000000 0.000000 0.000000 0.000000 0.000000 0.000000 0.000000 0.000000 0.000000 0.000000 0.000000 0.000000 0.000000 0.000000 0.000000 0.000000 0.000000 0.000000 0.000000 0.000000 0.000000 0.000000 0.000000 0.000000 0.000000 0.000000 0.000000 0.000000 0.000000 0.000000 0.000000 0.000000 0.000000 0.000000 0.000000 0.000000 0.000000 -5.716269 -2.913212 13.602558 25.993850 -44.987264 27.039941 -5.228592 5.216983 107.138599 -32.290051 1.813182 9.991867 0.000000 0.000000 0.000000 0.000000 0.000000 0.000000 0.000000 0.000000 0.000000 0.000000 0.000000 0.000000 0.000000 0.000000 0.000000 0.000000 0.000000 0.000000 0.000000 0.000000 0.000000 0.000000 0.000000 0.000000 0.000000 0.000000 0.000000 0.000000 0.000000 0.000000 0.000000 0.000000 0.000000 0.000000 0.000000 0.000000 0.000000 0.000000 0.000000 0.000000 0.000000 0.000000
-0.049052 -0.374179 1.066546 0.654447 6.371773 10.218747 -20.410600 -9.986512 2.683596 14.312326 2.606578 5.362169 -6.652135 -0.388912 5.054976 0.261327 0.649522 -0.025136 -17.416180 0.268222 -3.177477 13.467615 2.042806 -2.881837 4.664771 -4.905784 -13.709877 -1.519174 -1.732271 -0.204675 46.455240 8.372432 -2.499713 -9.261816 5.955216 -3.796451 6.535388 -0.417199 -3.134041 3.832407 16.801092 15.392378 -5.384827 -0.860996 22.267416 -4.111923 11.932996 -21.389910 -1.451821 33.238060 -21.343166 -16.332288 9.185030 -39.142023 -36.930103 -14.933257 -10.148937 0.000000 0.000000 0.000000 0.000000 0.000000 0.000000 0.000000 0.000000 0.000000 0.000000 0.000000 0.000000 0.000000 0.000000 0.000000 0.000000 0.000000 0.000000 0.000000 0.000000 0.000000 0.000000 0.000000 0.000000 0.000000 0.000000 0.000000 0.000000 0.000000 0.000000 0.000000 0.000000 0.000000 0.000000 0.000000 0.000000 0.000000 0.000000 0.000000 0.000000 0.000000 0.000000 -6.523442 -3.053767 15.775318 30.112787 -46.396996 35.015767 -5.571693 7.064430 104.355507 -32.367166 3.326949 9.187291 0.000000 0.000000 0.000000 0.000000 0.000000 0.000000 0.000000 0.000000 0.000000 0.000000 0.000000 0.000000 0.000000 0.000000 0.000000 0.000000 0.000000 0.000000 0.000000 0.000000 0.000000 0.000000 0.000000 0.000000 0.000000 0.000000 0.000000 0.000000 0.000000 0.000000 0.000000 0.000000 0.000000 0.000000 0.000000 0.000000 0.000000 0.000000 0.000000 0.000000 0.000000 0.000000
-0.051125 -0.382787 1.066569 0.461171 6.364602 9.754504 -20.404110 -10.057708 2.674557 14.076555 2.984230 5.261187 -6.279752 -0.295069 5.666630 0.263802 0.628868 -0.031199 -17.663632 0.558758 -2.932997 13.316740 1.703213 -2.588415 5.776305 -4.999201 -13.506162 -1.444272 -1.764054 -0.167594 46.740500 8.725107 -2.195466 -8.560192 5.768297 -3.479765 5.842119 -0.511910 -2.596088 3.477186 16.640047 16.089153 -6.153663 -0.216567 21.221418 -4.217813 11.263301 -22.014697 -4.723823 29.744017 -18.886825 -20.699147 9.514484 -33.603460 -37.712454 -14.771222 -9.914397 0.000000 0.000000 0.000000 0.000000 0.000000 0.000000 0.000000 0.000000 0.000000 0.000000 0.000000 0.000000 0.000000 0.000000 0.000000 0.000000 0.000000 0.000000 0.000000 0.000000 0.000000 0.000000 0.000000 0.000000 0.000000 0.000000 0.000000 0.000000 0.000000 0.000000 0.000000 0.000000 0.000000 0.000000 0.000000 0.000000 0.000000 0.000000 0.000000 0.000000 0.000000 0.000000 -7.282400 -3.305863 18.240352 33.180589 -46.318524 42.051103 -5.166356 8.651638 100.791009 -32.981675 4.094454 8.937008 0.000000 0.000000 0.000000 0.000000 0.000000 0.000000 0.000000 0.000000 0.000000 0.000000 0.000000 0.000000 0.000000 0.000000 0.000000 0.000000 0.000000 0.000000 0.000000 0.000000 0.000000 0.000000 0.000000 0.000000 0.000000 0.000000 0.000000 0.000000 0.000000 0.000000 0.000000 0.000000 0.000000 0.000000 0.000000 0.000000 0.000000 0.000000 0.000000 0.000000 0.000000 0.000000
-0.053944 -0.388711 1.066571 0.315184 6.200850 9.175202 -20.079269 -10.049567 2.942598 13.644369 3.601631 5.527644 -6.157086 -0.161160 6.015739 0.285207 0.570159 -0.038319 -17.763906 1.117725 -2.921540 13.136717 1.419252 -2.231019 6.677527 -5.192833 -12.892261 -1.341710 -1.811244 -0.117468 46.865610 9.125972 -1.748142 -7.828394 5.462306 -3.279302 5.226281 -0.656945 -2.089779 2.931185 15.997310 16.756571 -6.281167 0.501507 19.576105 -4.353994 10.855805 -22.332856 -7.075965 26.968532 -17.231626 -23.668105 9.014128 -28.556731 -35.919887 -14.236617 -9.565909 0.000000 0.000000 0.000000 0.000000 0.000000 0.000000 0.000000 0.000000 0.000000 0.000000 0.000000 0.000000 0.000000 0.000000 0.000000 0.000000 0.000000 0.000000 0.000000 0.000000 0.000000 0.000000 0.000000 0.000000 0.000000 0.000000 0.000000 0.000000 0.000000 0.000000 0.000000 0.000000 0.000000 0.000000 0.000000 0.000000 0.000000 0.000000 0.000000 0.000000 0.000000 0.000000 -7.772189 -3.915988 20.335911 35.783540 -46.143131 47.755354 -4.532552 9.879508 96.662517 -33.126249 3.788093 8.473156 0.000000 0.000000 0.000000 0.000000 0.000000 0.000000 0.000000 0.000000 0.000000 0.000000 0.000000 0.000000 0.000000 0.000000 0.000000 0.000000 0.000000 0.000000 0.000000 0.000000 0.000000 0.000000 0.000000 0.000000 0.000000 0.000000 0.000000 0.000000 0.000000 0.000000 0.000000 0.000000 0.000000 0.000000 0.000000 0.000000 0.000000 0.000000 0.000000 0.000000 0.000000 0.000000
-0.053056 -0.390720 1.066636 0.089117 6.026557 9.083762 -19.754360 -9.906057 3.092180 13.606699 3.591087 5.565657 -6.282728 -0.105603 6.052155 0.322253 0.611352 -0.025814 -17.447032 1.270721 -2.912985 12.911821 1.442092 -2.065331 6.812766 -5.319959 -12.893775 -1.321578 -1.790287 -0.131903 46.384659 9.078188 -1.583686 -7.632585 5.403718 -3.102902 5.231729 -0.692689 -1.932939 3.242967 15.732900 16.379250 -5.963672 0.561426 19.176516 -4.264706 11.204718 -22.030239 -7.110032 26.858441 -16.935870 -24.024373 9.011303 -27.657869 -35.534085 -14.297880 -9.394018 0.000000 0.000000 0.000000 0.000000 0.000000 0.000000 0.000000 0.000000 0.000000 0.000000 0.000000 0.000000 0.000000 0.000000 0.000000 0.000000 0.000000 0.000000 0.000000 0.000000 0.000000 0.000000 0.000000 0.000000 0.000000 0.000000 0.000000 0.000000 0.000000 0.000000 0.000000 0.000000 0.000000 0.000000 0.000000 0.000000 0.000000 0.000000 0.000000 0.000000 0.000000 0.000000 -7.609498 -4.368656 20.422869 35.999933 -45.840799 47.979470 -3.837184 9.864755 95.917581 -33.823992 3.541420 8.567628 0.000000 0.000000 0.000000 0.000000 0.000000 0.000000 0.000000 0.000000 0.000000 0.000000 0.000000 0.000000 0.000000 0.000000 0.000000 0.000000 0.000000 0.000000 0.000000 0.000000 0.000000 0.000000 0.000000 0.000000 0.000000 0.000000 0.000000 0.000000 0.000000 0.000000 0.000000 0.000000 0.000000 0.000000 0.000000 0.000000 0.000000 0.000000 0.000000 0.000000 0.000000 0.000000
-0.048483 -0.389087 1.066761 -0.199451 5.743292 9.135024 -19.132456 -9.705192 3.192205 13.521320 3.278627 5.336269 -6.510030 -0.207469 6.106587 0.317419 0.627278 -0.027107 -16.911877 1.212697 -2.938274 12.910979 1.640865 -1.841246 6.325153 -5.173605 -13.183637 -1.318682 -1.761223 -0.116513 45.716794 8.749267 -1.647678 -7.792297 5.492960 -3.043023 5.570933 -0.659785 -2.110328 3.784935 15.836743 15.785665 -5.702413 0.412546 19.745772 -4.085930 11.720902 -21.294007 -5.556036 28.600935 -17.351665 -21.982063 9.244813 -29.432661 -36.101731 -14.121509 -9.359413 0.000000 0.000000 0.000000 0.000000 0.000000 0.000000 0.000000 0.000000 0.000000 0.000000 0.000000 0.000000 0.000000 0.000000 0.000000 0.000000 0.000000 0.000000 0.000000 0.000000 0.000000 0.000000 0.000000 0.000000 0.000000 0.000000 0.000000 0.000000 0.000000 0.000000 0.000000 0.000000 0.000000 0.000000 0.000000 0.000000 0.000000 0.000000 0.000000 0.000000 0.000000 0.000000 -7.180630 -4.480376 19.300713 35.149233 -45.736341 45.399935 -3.337267 9.380264 97.319646 -33.964731 3.472754 8.516353 0.000000 0.000000 0.000000 0.000000 0.000000 0.000000 0.000000 0.000000 0.000000 0.000000 0.000000 0.000000 0.000000 0.000000 0.000000 0.000000 0.000000 0.000000 0.000000 0.000000 0.000000 0.000000 0.000000 0.000000 0.000000 0.000000 0.000000 0.000000 0.000000 0.000000 0.000000 0.000000 0.000000 0.000000 0.000000 0.000000 0.000000 0.000000 0.000000 0.000000 0.000000 0.000000
-0.045883 -0.385777 1.067030 -0.422163 5.509085 9.146413 -18.480319 -9.414890 3.260077 13.436209 2.886731 5.158781 -6.858408 -0.432362 6.108493 0.267907 0.631748 -0.021164 -16.273545 1.135412 -2.924212 12.788236 1.928738 -1.749298 5.717057 -5.183924 -13.427893 -1.321988 -1.739741 -0.141765 44.864810 8.423974 -1.759262 -8.310419 5.683194 -2.983225 6.176120 -0.551951 -2.388228 4.417161 15.811064 15.327232 -5.107191 0.188464 20.691526 -3.773120 12.407011 -20.250646 -3.045105 31.315898 -18.419623 -19.249413 9.605161 -32.602668 -37.520350 -13.836085 -9.369451 0.000000 0.000000 0.000000 0.000000 0.000000 0.000000 0.000000 0.000000 0.000000 0.000000 0.000000 0.000000 0.000000 0.000000 0.000000 0.000000 0.000000 0.000000 0.000000 0.000000 0.000000 0.000000 0.000000 0.000000 0.000000 0.000000 0.000000 0.000000 0.000000 0.000000 0.000000 0.000000 0.000000 0.000000 0.000000 0.000000 0.000000 0.000000 0.000000 0.000000 0.000000 0.000000 -6.591289 -4.481119 17.519018 33.456543 -45.324296 41.315645 -2.986838 8.412986 100.243675 -34.429843 3.238109 8.390452 0.000000 0.000000 0.000000 0.000000 0.000000 0.000000 0.000000 0.000000 0.000000 0.000000 0.000000 0.000000 0.000000 0.000000 0.000000 0.000000 0.000000 0.000000 0.000000 0.000000 0.000000 0.000000 0.000000 0.000000 0.000000 0.000000 0.000000 0.000000 0.000000 0.000000 0.000000 0.000000 0.000000 0.000000 0.000000 0.000000 0.000000 0.000000 0.000000 0.000000 0.000000 0.000000
-0.039496 -0.373940 1.067212 -0.312358 5.114387 9.049979 -17.794129 -9.173016 3.780618 13.437360 2.420951 5.562710 -7.409549 -0.595899 5.506018 0.296759 0.754002 0.055511 -15.312363 0.922785 -3.018079 12.153831 2.436633 -1.147584 4.458087 -4.970024 -13.968926 -1.374276 -1.570292 -0.243707 43.274133 7.838459 -2.094643 -8.888466 6.047947 -3.179348 7.144684 -0.438059 -2.834918 5.381836 16.097761 14.087651 -3.645443 -0.253227 22.840084 -3.382207 13.627099 -19.048037 1.324487 35.561316 -20.942372 -15.631163 9.465248 -38.081227 -38.119727 -13.826076 -9.164275 0.000000 0.000000 0.000000 0.000000 0.000000 0.000000 0.000000 0.000000 0.000000 0.000000 0.000000 0.000000 0.000000 0.000000 0.000000 0.000000 0.000000 0.000000 0.000000 0.000000 0.000000 0.000000 0.000000 0.000000 0.000000 0.000000 0.000000 0.000000 0.000000 0.000000 0.000000 0.000000 0.000000 0.000000 0.000000 0.000000 0.000000 0.000000 0.000000 0.000000 0.000000 0.000000 -5.529105 -4.351608 14.912782 29.382856 -43.698021 33.039225 -1.727476 5.823236 104.763303 -35.421813 1.350369 8.697884 0.000000 0.000000 0.000000 0.000000 0.000000 0.000000 0.000000 0.000000 0.000000 0.000000 0.000000 0.000000 0.000000 0.000000 0.000000 0.000000 0.000000 0.000000 0.000000 0.000000 0.000000 0.000000 0.000000 0.000000 0.000000 0.000000 0.000000 0.000000 0.000000 0.000000 0.000000 0.000000 0.000000 0.000000 0.000000 0.000000 0.000000 0.000000 0.000000 0.000000 0.000000 0.000000
-0.042824 -0.374459 1.067775 -0.510593 5.126524 8.799374 -17.398447 -9.008632 4.041688 13.403182 2.288209 5.858200 -7.681297 -0.653292 5.394997 0.300436 0.750901 0.064108 -15.040768 1.000248 -2.955712 12.123077 2.535190 -0.773021 4.751967 -5.199781 -13.893566 -1.433925 -1.480793 -0.235985 42.459517 7.660671 -2.164477 -8.874675 6.025542 -3.328420 7.263223 -0.254868 -2.996292 5.918337 16.059382 13.617772 -3.036562 -0.308402 23.557878 -2.960798 14.271286 -18.898137 2.791766 37.040332 -21.757613 -14.530041 9.305581 -39.323966 -38.165228 -13.861327 -9.072022 0.000000 0.000000 0.000000 0.000000 0.000000 0.000000 0.000000 0.000000 0.000000 0.000000 0.000000 0.000000 0.000000 0.000000 0.000000 0.000000 0.000000 0.000000 0.000000 0.000000 0.000000 0.000000 0.000000 0.000000 0.000000 0.000000 0.000000 0.000000 0.000000 0.000000 0.000000 0.000000 0.000000 0.000000 0.000000 0.000000 0.000000 0.000000 0.000000 0.000000 0.000000 0.000000 -4.967937 -4.402425 14.022894 27.887717 -43.075962 29.978518 -1.712957 4.684589 106.610551 -36.533532 0.725208 8.817718 0.000000 0.000000 0.000000 0.000000 0.000000 0.000000 0.000000 0.000000 0.000000 0.000000 0.000000 0.000000 0.000000 0.000000 0.000000 0.000000 0.000000 0.000000 0.000000 0.000000 0.000000 0.000000 0.000000 0.000000 0.000000 0.000000 0.000000 0.000000 0.000000 0.000000 0.000000 0.000000 0.000000 0.000000 0.000000 0.000000 0.000000 0.000000 0.000000 0.000000 0.000000 0.000000
-0.048689 -0.376029 1.068328 -0.746700 5.177552 8.087796 -17.006589 -8.876425 4.147378 13.588048 2.332621 5.927372 -8.032279 -1.013623 5.840826 0.286141 0.753991 0.031706 -14.829466 1.163037 -2.809881 12.076089 2.522168 -0.505684 5.190184 -5.593525 -13.641007 -1.434696 -1.460460 -0.219324 42.134299 7.635316 -2.138650 -8.739391 6.007981 -3.219477 7.127182 -0.143978 -2.936551 6.165275 15.783952 13.500268 -2.865958 -0.161336 23.492815 -2.880843 14.470492 -18.715900 2.421494 37.059078 -21.248445 -14.744930 9.375348 -38.567970 -38.293980 -13.918981 -8.813769 0.000000 0.000000 0.000000 0.000000 0.000000 0.000000 0.000000 0.000000 0.000000 0.000000 0.000000 0.000000 0.000000 0.000000 0.000000 0.000000 0.000000 0.000000 0.000000 0.000000 0.000000 0.000000 0.000000 0.000000 0.000000 0.000000 0.000000 0.000000 0.000000 0.000000 0.000000 0.000000 0.000000 0.000000 0.000000 0.000000 0.000000 0.000000 0.000000 0.000000 0.000000 0.000000 -5.089398 -4.545004 14.141611 28.440234 -43.348911 31.139021 -1.787396 4.877318 106.574943 -36.198560 0.877029 8.630895 0.000000 0.000000 0.000000 0.000000 0.000000 0.000000 0.000000 0.000000 0.000000 0.000000 0.000000 0.000000 0.000000 0.000000 0.000000 0.000000 0.000000 0.000000 0.000000 0.000000 0.000000 0.000000 0.000000 0.000000 0.000000 0.000000 0.000000 0.000000 0.000000 0.000000 0.000000 0.000000 0.000000 0.000000 0.000000 0.000000 0.000000 0.000000 0.000000 0.000000 0.000000 0.000000
-0.054152 -0.377443 1.068762 -0.898361 5.140606 6.759938 -16.610947 -8.783302 4.291531 13.837012 2.506019 5.926719 -8.319960 -1.504928 6.634536 0.272368 0.740797 0.006260 -14.903199 1.428433 -2.668989 12.166023 2.423057 -0.420802 5.616919 -6.090505 -12.929416 -1.353218 -1.483680 -0.200274 41.961360 7.676231 -1.971139 -8.387082 5.949997 -3.024200 6.773651 -0.074660 -2.648758 6.175554 15.490476 14.013101 -2.936262 0.318446 22.813590 -2.897051 14.470424 -18.713025 1.132643 35.815874 -19.887270 -15.879007 9.452311 -36.604929 -38.164795 -13.952993 -8.398717 0.000000 0.000000 0.000000 0.000000 0.000000 0.000000 0.000000 0.000000 0.000000 0.000000 0.000000 0.000000 0.000000 0.000000 0.000000 0.000000 0.000000 0.000000 0.000000 0.000000 0.000000 0.000000 0.000000 0.000000 0.000000 0.000000 0.000000 0.000000 0.000000 0.000000 0.000000 0.000000 0.000000 0.000000 0.000000 0.000000 0.000000 0.000000 0.000000 0.000000 0.000000 0.000000 -5.327208 -5.090147 15.004611 30.000468 -43.814482 34.275418 -1.923038 5.490784 105.478187 -35.850746 1.654611 8.527929 0.000000 0.000000 0.000000 0.000000 0.000000 0.000000 0.000000 0.000000 0.000000 0.000000 0.000000 0.000000 0.000000 0.000000 0.000000 0.000000 0.000000 0.000000 0.000000 0.000000 0.000000 0.000000 0.000000 0.000000 0.000000 0.000000 0.000000 0.000000 0.000000 0.000000 0.000000 0.000000 0.000000 0.000000 0.000000 0.000000 0.000000 0.000000 0.000000 0.000000 0.000000 0.000000
-0.064657 -0.383133 1.069331 -1.261639 5.206872 5.275915 -15.871125 -8.690299 4.539116 13.627162 3.043721 6.114935 -8.697991 -1.942550 7.577203 0.164129 0.529135 -0.123462 -14.810807 1.889968 -2.543898 11.954567 2.244224 -0.301954 6.754676 -6.741660 -11.914856 -1.240986 -1.572334 -0.134621 41.738168 7.939866 -1.563901 -7.678562 5.791704 -2.905057 6.141395 -0.090353 -2.252002 5.598825 14.949539 15.002919 -3.454722 1.197337 21.707864 -2.851811 14.324244 -18.937993 -1.144447 33.169068 -18.047254 -17.768148 9.278849 -32.063800 -37.416749 -13.444244 -8.205057 0.000000 0.000000 0.000000 0.000000 0.000000 0.000000 0.000000 0.000000 0.000000 0.000000 0.000000 0.000000 0.000000 0.000000 0.000000 0.000000 0.000000 0.000000 0.000000 0.000000 0.000000 0.000000 0.000000 0.000000 0.000000 0.000000 0.000000 0.000000 0.000000 0.000000 0.000000 0.000000 0.000000 0.000000 0.000000 0.000000 0.000000 0.000000 0.000000 0.000000 0.000000 0.000000 -5.914452 -5.801692 16.340338 33.460114 -44.761823 40.380793 -2.682554 7.235467 102.507616 -36.803439 1.838086 8.065527 0.000000 0.000000 0.000000 0.000000 0.000000 0.000000 0.000000 0.000000 0.000000 0.000000 0.000000 0.000000 0.000000 0.000000 0.000000 0.000000 0.000000 0.000000 0.000000 0.000000 0.000000 0.000000 0.000000 0.000000 0.000000 0.000000 0.000000 0.000000 0.000000 0.000000 0.000000 0.000000 0.000000 0.000000 0.000000 0.000000 0.000000 0.000000 0.000000 0.000000 0.000000 0.000000
-0.061721 -0.385443 1.069864 -1.678585 4.831295 4.144804 -15.275941 -8.647195 4.659173 14.032183 3.277214 6.237414 -8.652684 -2.150325 8.180090 0.170624 0.494610 -0.148552 -14.794927 2.032532 -2.220839 12.497593 2.288202 0.061311 6.797033 -6.651319 -11.608919 -1.152868 -1.587753 -0.141851 41.028068 7.953299 -1.499074 -6.880473 5.640045 -2.858882 5.766406 0.023578 -2.114657 5.436317 14.456791 15.120475 -3.175792 1.554451 20.942423 -2.672143 14.587343 -19.125343 -2.116500 31.917131 -17.523110 -19.426407 9.100110 -29.750041 -36.804239 -13.645236 -7.819596 0.000000 0.000000 0.000000 0.000000 0.000000 0.000000 0.000000 0.000000 0.000000 0.000000 0.000000 0.000000 0.000000 0.000000 0.000000 0.000000 0.000000 0.000000 0.000000 0.000000 0.000000 0.000000 0.000000 0.000000 0.000000 0.000000 0.000000 0.000000 0.000000 0.000000 0.000000 0.000000 0.000000 0.000000 0.000000 0.000000 0.000000 0.000000 0.000000 0.000000 0.000000 0.000000 -5.937123 -6.502399 17.107131 34.307691 -44.330177 42.355689 -2.230859 7.762080 100.315560 -36.869316 1.977263 8.193645 0.000000 0.000000 0.000000 0.000000 0.000000 0.000000 0.000000 0.000000 0.000000 0.000000 0.000000 0.000000 0.000000 0.000000 0.000000 0.000000 0.000000 0.000000 0.000000 0.000000 0.000000 0.000000 0.000000 0.000000 0.000000 0.000000 0.000000 0.000000 0.000000 0.000000 0.000000 0.000000 0.000000 0.000000 0.000000 0.000000 0.000000 0.000000 0.000000 0.000000 0.000000 0.000000
-0.058529 -0.385549 1.070721 -2.133441 4.461927 3.004774 -14.219350 -8.481566 4.997601 13.923586 3.250683 6.327556 -8.698827 -2.443263 8.647638 0.149282 0.430890 -0.158496 -14.453781 2.121752 -2.013393 12.788533 2.400761 0.447698 6.602369 -6.679491 -11.357681 -1.098610 -1.644111 -0.176077 39.829588 7.843030 -1.573203 -6.303795 5.508308 -2.965102 5.652190 0.122750 -2.201875 5.385959 13.990861 15.181863 -2.722116 1.659869 20.806782 -2.431327 14.873416 -19.139544 -1.741462 31.880166 -17.963291 -19.049955 8.944932 -28.853394 -36.150342 -13.540706 -7.595237 0.000000 0.000000 0.000000 0.000000 0.000000 0.000000 0.000000 0.000000 0.000000 0.000000 0.000000 0.000000 0.000000 0.000000 0.000000 0.000000 0.000000 0.000000 0.000000 0.000000 0.000000 0.000000 0.000000 0.000000 0.000000 0.000000 0.000000 0.000000 0.000000 0.000000 0.000000 0.000000 0.000000 0.000000 0.000000 0.000000 0.000000 0.000000 0.000000 0.000000 0.000000 0.000000 -5.787495 -6.899919 16.860174 34.137509 -43.940706 41.891020 -1.980758 7.684759 99.399082 -37.439483 1.495377 8.123874 0.000000 0.000000 0.000000 0.000000 0.000000 0.000000 0.000000 0.000000 0.000000 0.000000 0.000000 0.000000 0.000000 0.000000 0.000000 0.000000 0.000000 0.000000 0.000000 0.000000 0.000000 0.000000 0.000000 0.000000 0.000000 0.000000 0.000000 0.000000 0.000000 0.000000 0.000000 0.000000 0.000000 0.000000 0.000000 0.000000 0.000000 0.000000 0.000000 0.000000 0.000000 0.000000
-0.058316 -0.378801 1.072029 -2.317177 4.267985 2.059620 -12.783017 -8.216803 5.492285 13.065298 3.058819 6.488892 -9.036271 -2.811284 8.886770 0.135127 0.400396 -0.181132 -13.776115 2.133715 -1.915653 12.568840 2.593475 0.786698 6.280034 -6.884953 -11.262440 -1.028287 -1.729720 -0.219152 38.290879 7.621326 -1.737932 -6.074011 5.369381 -3.161191 5.752176 0.172521 -2.446904 5.798532 13.706083 14.829721 -2.095506 1.550523 21.016329 -2.182085 15.185716 -18.836853 -0.240248 32.904853 -19.155326 -17.186116 8.839799 -29.309422 -35.631769 -13.018647 -7.530546 0.000000 0.000000 0.000000 0.000000 0.000000 0.000000 0.000000 0.000000 0.000000 0.000000 0.000000 0.000000 0.000000 0.000000 0.000000 0.000000 0.000000 0.000000 0.000000 0.000000 0.000000 0.000000 0.000000 0.000000 0.000000 0.000000 0.000000 0.000000 0.000000 0.000000 0.000000 0.000000 0.000000 0.000000 0.000000 0.000000 0.000000 0.000000 0.000000 0.000000 0.000000 0.000000 -5.486648 -7.164983 15.711774 33.397620 -43.611819 39.505693 -1.821950 7.375526 99.918365 -37.809866 0.812886 8.128046 0.000000 0.000000 0.000000 0.000000 0.000000 0.000000 0.000000 0.000000 0.000000 0.000000 0.000000 0.000000 0.000000 0.000000 0.000000 0.000000 0.000000 0.000000 0.000000 0.000000 0.000000 0.000000 0.000000 0.000000 0.000000 0.000000 0.000000 0.000000 0.000000 0.000000 0.000000 0.000000 0.000000 0.000000 0.000000 0.000000 0.000000 0.000000 0.000000 0.000000 0.000000 0.000000
-0.055129 -0.367550 1.073975 -2.610382 4.092024 0.875985 -10.915194 -7.987719 6.189627 12.324529 2.468882 6.798388 -9.540959 -3.053363 9.008819 0.242153 0.553966 -0.116411 -12.769406 1.833116 -1.717636 12.521826 2.947384 1.671967 5.519033 -6.967285 -11.421950 -1.056387 -1.682252 -0.252038 36.228419 7.128309 -2.265747 -6.125984 5.287875 -3.388394 6.281484 0.276328 -2.985678 6.976215 13.548428 13.676804 -1.008324 1.159225 21.682707 -2.086674 15.656994 -18.163569 3.009554 35.635216 -21.230181 -13.541085 8.529215 -32.558210 -35.293649 -12.355245 -7.045142 0.000000 0.000000 0.000000 0.000000 0.000000 0.000000 0.000000 0.000000 0.000000 0.000000 0.000000 0.000000 0.000000 0.000000 0.000000 0.000000 0.000000 0.000000 0.000000 0.000000 0.000000 0.000000 0.000000 0.000000 0.000000 0.000000 0.000000 0.000000 0.000000 0.000000 0.000000 0.000000 0.000000 0.000000 0.000000 0.000000 0.000000 0.000000 0.000000 0.000000 0.000000 0.000000 -4.947530 -7.292420 13.818356 30.400675 -42.274690 33.250258 -1.097928 6.067317 102.755094 -37.684755 -0.567031 7.985853 0.000000 0.000000 0.000000 0.000000 0.000000 0.000000 0.000000 0.000000 0.000000 0.000000 0.000000 0.000000 0.000000 0.000000 0.000000 0.000000 0.000000 0.000000 0.000000 0.000000 0.000000 0.000000 0.000000 0.000000 0.000000 0.000000 0.000000 0.000000 0.000000 0.000000 0.000000 0.000000 0.000000 0.000000 0.000000 0.000000 0.000000 0.000000 0.000000 0.000000 0.000000 0.000000
-0.062239 -0.358833 1.076528 -2.651155 4.360134 -0.036244 -9.276828 -7.726874 6.877003 10.835333 2.048625 7.159374 -9.752798 -3.258032 8.959281 0.285235 0.595246 -0.121962 -12.068389 1.764297 -1.771334 12.060438 3.050271 2.050791 6.025116 -7.662785 -10.969674 -1.046086 -1.754608 -0.296362 34.224236 6.824685 -2.677691 -6.373382 5.069046 -3.694941 6.538150 0.227787 -3.489756 7.604349 13.253826 12.889449 -0.023358 0.877746 23.030092 -1.950017 16.234208 -17.482995 6.013324 37.409846 -23.707431 -10.774109 8.459593 -34.944521 -35.501614 -11.916453 -6.807167 0.000000 0.000000 0.000000 0.000000 0.000000 0.000000 0.000000 0.000000 0.000000 0.000000 0.000000 0.000000 0.000000 0.000000 0.000000 0.000000 0.000000 0.000000 0.000000 0.000000 0.000000 0.000000 0.000000 0.000000 0.000000 0.000000 0.000000 0.000000 0.000000 0.000000 0.000000 0.000000 0.000000 0.000000 0.000000 0.000000 0.000000 0.000000 0.000000 0.000000 0.000000 0.000000 -4.523564 -7.376250 11.683018 28.101777 -40.404820 28.198267 -0.630359 4.315632 105.250315 -38.570995 -2.127686 7.837731 0.000000 0.000000 0.000000 0.000000 0.000000 0.000000 0.000000 0.000000 0.000000 0.000000 0.000000 0.000000 0.000000 0.000000 0.000000 0.000000 0.000000 0.000000 0.000000 0.000000 0.000000 0.000000 0.000000 0.000000 0.000000 0.000000 0.000000 0.000000 0.000000 0.000000 0.000000 0.000000 0.000000 0.000000 0.000000 0.000000 0.000000 0.000000 0.000000 0.000000 0.000000 0.000000
-0.069657 -0.356408 1.079575 -3.019590 4.613518 -0.516138 -7.730918 -7.442037 7.450896 9.497735 1.763151 7.582971 -9.651387 -3.106231 8.807235 0.356267 0.607791 -0.135994 -11.618695 1.786530 -1.585721 12.336320 3.113017 2.350067 7.017524 -8.208091 -10.603470 -1.021071 -1.891859 -0.272479 32.666667 6.393993 -3.137514 -6.708353 4.692914 -4.115957 6.780725 0.275993 -4.000820 8.518151 13.002698 11.959174 0.644428 0.856620 23.836394 -1.796672 16.422924 -17.188730 8.797812 39.228203 -26.451218 -8.171366 8.244309 -37.760513 -36.070759 -11.843737 -6.317468 0.000000 0.000000 0.000000 0.000000 0.000000 0.000000 0.000000 0.000000 0.000000 0.000000 0.000000 0.000000 0.000000 0.000000 0.000000 0.000000 0.000000 0.000000 0.000000 0.000000 0.000000 0.000000 0.000000 0.000000 0.000000 0.000000 0.000000 0.000000 0.000000 0.000000 0.000000 0.000000 0.000000 0.000000 0.000000 0.000000 0.000000 0.000000 0.000000 0.000000 0.000000 0.000000 -4.158827 -7.378879 9.727441 25.909555 -38.676059 23.673500 -0.862412 2.531609 107.569036 -39.119712 -2.496525 7.722327 0.000000 0.000000 0.000000 0.000000 0.000000 0.000000 0.000000 0.000000 0.000000 0.000000 0.000000 0.000000 0.000000 0.000000 0.000000 0.000000 0.000000 0.000000 0.000000 0.000000 0.000000 0.000000 0.000000 0.000000 0.000000 0.000000 0.000000 0.000000 0.000000 0.000000 0.000000 0.000000 0.000000 0.000000 0.000000 0.000000 0.000000 0.000000 0.000000 0.000000 0.000000 0.000000
-0.076210 -0.352959 1.082508 -3.387738 4.914066 -0.724060 -6.044759 -7.321739 8.030044 7.915488 1.624169 7.934654 -9.471500 -2.906207 8.489330 0.460641 0.588229 -0.133612 -10.870205 1.778832 -1.608947 12.280947 3.065233 2.561458 7.711230 -8.618644 -10.272246 -1.000885 -2.090855 -0.305580 31.331319 5.929166 -3.513671 -6.989917 4.300941 -4.558807 7.004159 0.247970 -4.426589 9.234909 12.640759 11.234637 1.356210 0.718796 24.373265 -1.553116 16.556704 -17.062785 10.788159 40.489074 -28.626836 -5.750872 7.754485 -39.566503 -35.673501 -11.346145 -5.963657 0.000000 0.000000 0.000000 0.000000 0.000000 0.000000 0.000000 0.000000 0.000000 0.000000 0.000000 0.000000 0.000000 0.000000 0.000000 0.000000 0.000000 0.000000 0.000000 0.000000 0.000000 0.000000 0.000000 0.000000 0.000000 0.000000 0.000000 0.000000 0.000000 0.000000 0.000000 0.000000 0.000000 0.000000 0.000000 0.000000 0.000000 0.000000 0.000000 0.000000 0.000000 0.000000 -3.911307 -7.412759 8.008069 24.184187 -37.444578 20.233493 -1.203170 1.582977 109.576845 -39.268694 -3.214742 7.816508 0.000000 0.000000 0.000000 0.000000 0.000000 0.000000 0.000000 0.000000 0.000000 0.000000 0.000000 0.000000 0.000000 0.000000 0.000000 0.000000 0.000000 0.000000 0.000000 0.000000 0.000000 0.000000 0.000000 0.000000 0.000000 0.000000 0.000000 0.000000 0.000000 0.000000 0.000000 0.000000 0.000000 0.000000 0.000000 0.000000 0.000000 0.000000 0.000000 0.000000 0.000000 0.000000
-0.083504 -0.347382 1.085114 -3.777119 5.395163 -1.066172 -4.328521 -7.353238 8.454125 6.615955 1.367640 7.827963 -9.499921 -2.975992 8.654150 0.543765 0.532732 -0.122566 -10.296841 1.648736 -1.438455 12.855701 2.827030 3.169850 8.049544 -8.834626 -10.100763 -0.959451 -2.252662 -0.268895 29.672598 5.295477 -3.984345 -7.348917 3.855368 -4.931637 7.465756 0.074220 -5.017996 9.538585 12.279657 10.287309 1.763939 0.596086 24.212416 -1.926521 16.517330 -16.662225 13.272336 42.270540 -31.230001 -3.454466 7.150069 -41.096344 -36.457152 -10.680673 -5.566917 0.000000 0.000000 0.000000 0.000000 0.000000 0.000000 0.000000 0.000000 0.000000 0.000000 0.000000 0.000000 0.000000 0.000000 0.000000 0.000000 0.000000 0.000000 0.000000 0.000000 0.000000 0.000000 0.000000 0.000000 0.000000 0.000000 0.000000 0.000000 0.000000 0.000000 0.000000 0.000000 0.000000 0.000000 0.000000 0.000000 0.000000 0.000000 0.000000 0.000000 0.000000 0.000000 -4.105376 -7.453308 6.233899 22.675655 -36.238261 16.964825 -2.176050 0.758829 111.566626 -39.205685 -3.963718 7.814512 0.000000 0.000000 0.000000 0.000000 0.000000 0.000000 0.000000 0.000000 0.000000 0.000000 0.000000 0.000000 0.000000 0.000000 0.000000 0.000000 0.000000 0.000000 0.000000 0.000000 0.000000 0.000000 0.000000 0.000000 0.000000 0.000000 0.000000 0.000000 0.000000 0.000000 0.000000 0.000000 0.000000 0.000000 0.000000 0.000000 0.000000 0.000000 0.000000 0.000000 0.000000 0.000000
-0.094008 -0.345190 1.087208 -4.188929 5.963884 -1.746156 -2.920918 -7.350325 8.916782 5.683200 1.167101 7.727466 -9.660968 -3.151846 8.983103 0.564367 0.417664 -0.158907 -10.003223 1.504476 -1.377221 13.441648 2.697879 3.304979 8.484381 -9.295605 -9.584017 -0.912895 -2.400368 -0.272290 28.321385 4.855037 -4.314598 -7.417309 3.312068 -5.192805 7.487888 -0.077387 -5.360301 9.833812 11.861838 9.924281 1.959801 0.695725 23.985095 -1.801806 16.449818 -16.516713 15.047756 43.243793 -33.023063 -1.084197 6.422573 -42.434230 -36.152021 -10.079676 -5.509806 0.000000 0.000000 0.000000 0.000000 0.000000 0.000000 0.000000 0.000000 0.000000 0.000000 0.000000 0.000000 0.000000 0.000000 0.000000 0.000000 0.000000 0.000000 0.000000 0.000000 0.000000 0.000000 0.000000 0.000000 0.000000 0.000000 0.000000 0.000000 0.000000 0.000000 0.000000 0.000000 0.000000 0.000000 0.000000 0.000000 0.000000 0.000000 0.000000 0.000000 0.000000 0.000000 -4.114496 -7.726737 5.044626 21.839860 -35.697357 15.088668 -3.050526 0.730602 112.906622 -38.220143 -3.762872 8.026754 0.000000 0.000000 0.000000 0.000000 0.000000 0.000000 0.000000 0.000000 0.000000 0.000000 0.000000 0.000000 0.000000 0.000000 0.000000 0.000000 0.000000 0.000000 0.000000 0.000000 0.000000 0.000000 0.000000 0.000000 0.000000 0.000000 0.000000 0.000000 0.000000 0.000000 0.000000 0.000000 0.000000 0.000000 0.000000 0.000000 0.000000 0.000000 0.000000 0.000000 0.000000 0.000000
-0.103280 -0.343209 1.088847 -4.550971 6.402025 -2.420271 -1.728063 -7.291977 9.163163 5.007595 1.134395 7.740880 -9.742268 -3.542145 9.349412 0.587818 0.263111 -0.209198 -9.936140 1.539562 -1.266016 14.204592 2.423848 3.306093 8.641594 -9.649949 -9.021997 -0.846110 -2.537005 -0.270055 26.843841 4.488537 -4.462212 -7.206227 2.660658 -5.305923 7.344405 -0.169596 -5.527204 10.029738 11.214250 9.341079 2.362564 0.631873 23.442558 -1.614396 16.449270 -16.201442 16.882803 44.033072 -34.686895 0.742083 5.786570 -43.686946 -36.188136 -9.946481 -5.387610 0.000000 0.000000 0.000000 0.000000 0.000000 0.000000 0.000000 0.000000 0.000000 0.000000 0.000000 0.000000 0.000000 0.000000 0.000000 0.000000 0.000000 0.000000 0.000000 0.000000 0.000000 0.000000 0.000000 0.000000 0.000000 0.000000 0.000000 0.000000 0.000000 0.000000 0.000000 0.000000 0.000000 0.000000 0.000000 0.000000 0.000000 0.000000 0.000000 0.000000 0.000000 0.000000 -3.992959 -8.397905 4.030646 21.379892 -35.116733 13.633994 -3.794623 0.749764 114.144412 -36.940173 -2.995137 8.426097 0.000000 0.000000 0.000000 0.000000 0.000000 0.000000 0.000000 0.000000 0.000000 0.000000 0.000000 0.000000 0.000000 0.000000 0.000000 0.000000 0.000000 0.000000 0.000000 0.000000 0.000000 0.000000 0.000000 0.000000 0.000000 0.000000 0.000000 0.000000 0.000000 0.000000 0.000000 0.000000 0.000000 0.000000 0.000000 0.000000 0.000000 0.000000 0.000000 0.000000 0.000000 0.000000
-0.109117 -0.338538 1.090032 -4.784906 6.660929 -3.229814 -0.496214 -7.132974 9.189374 4.248745 1.093232 7.500841 -9.748644 -4.006382 10.189028 0.519640 0.118553 -0.260766 -9.826863 1.488701 -0.962515 14.666626 2.261716 3.399500 8.035981 -10.121650 -8.735308 -0.852750 -2.638396 -0.222380 25.687763 4.361193 -4.605224 -7.501781 2.241111 -5.324472 7.456350 -0.309722 -5.671599 9.212267 10.336038 9.272829 2.529119 0.650899 22.930788 -1.629501 16.458194 -15.569063 18.262219 44.288987 -35.593514 2.452149 5.432976 -44.510827 -35.792258 -9.818238 -5.220103 0.000000 0.000000 0.000000 0.000000 0.000000 0.000000 0.000000 0.000000 0.000000 0.000000 0.000000 0.000000 0.000000 0.000000 0.000000 0.000000 0.000000 0.000000 0.000000 0.000000 0.000000 0.000000 0.000000 0.000000 0.000000 0.000000 0.000000 0.000000 0.000000 0.000000 0.000000 0.000000 0.000000 0.000000 0.000000 0.000000 0.000000 0.000000 0.000000 0.000000 0.000000 0.000000 -4.115583 -8.928211 3.130001 21.931714 -35.260207 13.385705 -3.913438 0.945200 114.606632 -36.224819 -2.373288 8.454917 0.000000 0.000000 0.000000 0.000000 0.000000 0.000000 0.000000 0.000000 0.000000 0.000000 0.000000 0.000000 0.000000 0.000000 0.000000 0.000000 0.000000 0.000000 0.000000 0.000000 0.000000 0.000000 0.000000 0.000000 0.000000 0.000000 0.000000 0.000000 0.000000 0.000000 0.000000 0.000000 0.000000 0.000000 0.000000 0.000000 0.000000 0.000000 0.000000 0.000000 0.000000 0.000000
-0.113096 -0.331590 1.091048 -4.961159 6.783086 -3.818833 0.766646 -7.004118 9.258587 3.470100 1.289348 7.099577 -9.620934 -4.526697 10.889242 0.516865 -0.013023 -0.269150 -9.991322 1.619824 -0.741839 15.614076 1.761745 3.345561 6.419375 -10.208199 -8.340760 -0.770539 -2.679101 -0.174035 24.346068 4.019830 -4.754197 -7.768314 1.760219 -5.352941 7.713368 -0.511359 -5.826477 8.317340 9.430057 8.318488 3.002211 0.482427 21.552455 -1.498644 16.655942 -14.666497 20.138944 44.743495 -36.874992 3.627548 5.314757 -45.352617 -36.059683 -9.953462 -4.724765 0.000000 0.000000 0.000000 0.000000 0.000000 0.000000 0.000000 0.000000 0.000000 0.000000 0.000000 0.000000 0.000000 0.000000 0.000000 0.000000 0.000000 0.000000 0.000000 0.000000 0.000000 0.000000 0.000000 0.000000 0.000000 0.000000 0.000000 0.000000 0.000000 0.000000 0.000000 0.000000 0.000000 0.000000 0.000000 0.000000 0.000000 0.000000 0.000000 0.000000 0.000000 0.000000 -4.158255 -9.719829 2.111917 22.534996 -35.470012 12.761989 -3.537345 0.993559 115.031361 -35.668203 -1.980768 8.512133 0.000000 0.000000 0.000000 0.000000 0.000000 0.000000 0.000000 0.000000 0.000000 0.000000 0.000000 0.000000 0.000000 0.000000 0.000000 0.000000 0.000000 0.000000 0.000000 0.000000 0.000000 0.000000 0.000000 0.000000 0.000000 0.000000 0.000000 0.000000 0.000000 0.000000 0.000000 0.000000 0.000000 0.000000 0.000000 0.000000 0.000000 0.000000 0.000000 0.000000 0.000000 0.000000
-0.117056 -0.330781 1.092342 -5.215087 6.919081 -4.154488 1.566734 -6.882264 9.226653 2.966586 1.349657 6.836601 -9.445429 -4.601729 11.325372 0.465031 -0.241648 -0.302889 -10.214770 1.529110 -0.450562 16.898036 1.315278 2.935663 2.578166 -9.828402 -6.972051 -0.732254 -2.783084 -0.112017 23.394020 3.781893 -4.841398 -7.812712 1.362555 -5.329526 7.768014 -0.621884 -5.840365 7.669937 8.522013 8.025549 3.291650 0.387836 20.555260 -1.456371 16.850796 -13.977268 21.041362 44.772533 -37.151605 5.113051 5.089377 -45.619826 -35.634921 -9.574921 -4.542222 0.000000 0.000000 0.000000 0.000000 0.000000 0.000000 0.000000 0.000000 0.000000 0.000000 0.000000 0.000000 0.000000 0.000000 0.000000 0.000000 0.000000 0.000000 0.000000 0.000000 0.000000 0.000000 0.000000 0.000000 0.000000 0.000000 0.000000 0.000000 0.000000 0.000000 0.000000 0.000000 0.000000 0.000000 0.000000 0.000000 0.000000 0.000000 0.000000 0.000000 0.000000 0.000000 -4.172938 -10.383040 1.555978 23.392719 -35.957276 12.834584 -3.216409 1.417852 114.004246 -35.077992 -1.447477 8.388047 0.000000 0.000000 0.000000 0.000000 0.000000 0.000000 0.000000 0.000000 0.000000 0.000000 0.000000 0.000000 0.000000 0.000000 0.000000 0.000000 0.000000 0.000000 0.000000 0.000000 0.000000 0.000000 0.000000 0.000000 0.000000 0.000000 0.000000 0.000000 0.000000 0.000000 0.000000 0.000000 0.000000 0.000000 0.000000 0.000000 0.000000 0.000000 0.000000 0.000000 0.000000 0.000000
-0.118886 -0.330054 1.093922 -5.558109 6.905907 -4.200711 2.397344 -6.690127 9.224914 2.500112 1.418822 6.263583 -9.089454 -4.596991 11.801935 0.439683 -0.464832 -0.292566 -9.920732 1.685386 -0.513012 18.842089 0.842617 2.534542 -1.701871 -8.891965 -6.533912 -0.663396 -2.805675 -0.052060 22.387433 3.429664 -4.945403 -7.948770 1.120608 -5.281980 7.982711 -0.787973 -5.879317 6.890044 7.769224 7.426610 3.738802 0.333258 19.705653 -1.352217 17.243407 -12.969034 21.870208 44.829399 -36.922109 6.791777 4.750263 -46.006619 -34.305182 -8.980722 -4.582971 0.000000 0.000000 0.000000 0.000000 0.000000 0.000000 0.000000 0.000000 0.000000 0.000000 0.000000 0.000000 0.000000 0.000000 0.000000 0.000000 0.000000 0.000000 0.000000 0.000000 0.000000 0.000000 0.000000 0.000000 0.000000 0.000000 0.000000 0.000000 0.000000 0.000000 0.000000 0.000000 0.000000 0.000000 0.000000 0.000000 0.000000 0.000000 0.000000 0.000000 0.000000 0.000000 -4.098323 -11.042261 0.879929 24.004310 -36.318347 12.134908 -2.419530 1.831030 112.995538 -34.365641 -2.173228 8.120879 0.000000 0.000000 0.000000 0.000000 0.000000 0.000000 0.000000 0.000000 0.000000 0.000000 0.000000 0.000000 0.000000 0.000000 0.000000 0.000000 0.000000 0.000000 0.000000 0.000000 0.000000 0.000000 0.000000 0.000000 0.000000 0.000000 0.000000 0.000000 0.000000 0.000000 0.000000 0.000000 0.000000 0.000000 0.000000 0.000000 0.000000 0.000000 0.000000 0.000000 0.000000 0.000000
-0.118017 -0.328315 1.095542 -5.792570 6.875699 -4.229737 3.284222 -6.554476 9.109324 1.737181 1.323753 5.642776 -8.594325 -4.329071 12.389588 0.396979 -0.661206 -0.273886 -9.288626 1.608861 -0.454540 20.589883 0.719214 2.196944 -3.816935 -7.873778 -7.221967 -0.589012 -2.861453 -0.060825 21.416574 3.014810 -4.963236 -7.980584 0.906297 -5.120646 8.136075 -0.955217 -5.862895 6.755401 7.072404 6.828711 4.190605 0.340550 18.665542 -1.098545 17.470460 -12.067049 22.129705 44.943503 -36.136514 8.000658 4.485503 -45.969501 -32.388902 -8.800506 -4.647085 0.000000 0.000000 0.000000 0.000000 0.000000 0.000000 0.000000 0.000000 0.000000 0.000000 0.000000 0.000000 0.000000 0.000000 0.000000 0.000000 0.000000 0.000000 0.000000 0.000000 0.000000 0.000000 0.000000 0.000000 0.000000 0.000000 0.000000 0.000000 0.000000 0.000000 0.000000 0.000000 0.000000 0.000000 0.000000 0.000000 0.000000 0.000000 0.000000 0.000000 0.000000 0.000000 -3.843922 -11.470679 0.608300 24.586236 -36.688157 11.880850 -1.413531 2.541050 111.271547 -33.486662 -2.405954 8.155347 0.000000 0.000000 0.000000 0.000000 0.000000 0.000000 0.000000 0.000000 0.000000 0.000000 0.000000 0.000000 0.000000 0.000000 0.000000 0.000000 0.000000 0.000000 0.000000 0.000000 0.000000 0.000000 0.000000 0.000000 0.000000 0.000000 0.000000 0.000000 0.000000 0.000000 0.000000 0.000000 0.000000 0.000000 0.000000 0.000000 0.000000 0.000000 0.000000 0.000000 0.000000 0.000000
-0.114508 -0.322328 1.096995 -5.935009 6.617632 -4.226110 4.150321 -6.284885 9.207903 1.243731 1.279360 5.011156 -8.196621 -4.036219 12.782675 0.410285 -0.724818 -0.255208 -8.839821 1.857733 -0.543527 22.631384 0.400080 1.741027 -4.779261 -7.408514 -7.803275 -0.609110 -2.889801 -0.035425 20.380282 2.673252 -4.972732 -7.881353 0.674006 -4.960222 8.174241 -1.100385 -5.763309 6.998928 6.430816 6.392884 4.447711 0.310993 17.695501 -0.933397 17.644906 -10.733798 21.847858 44.911428 -34.382885 9.736378 4.152926 -45.630639 -29.894652 -8.233101 -4.808615 0.000000 0.000000 0.000000 0.000000 0.000000 0.000000 0.000000 0.000000 0.000000 0.000000 0.000000 0.000000 0.000000 0.000000 0.000000 0.000000 0.000000 0.000000 0.000000 0.000000 0.000000 0.000000 0.000000 0.000000 0.000000 0.000000 0.000000 0.000000 0.000000 0.000000 0.000000 0.000000 0.000000 0.000000 0.000000 0.000000 0.000000 0.000000 0.000000 0.000000 0.000000 0.000000 -3.482065 -12.033279 0.237009 24.543615 -36.869794 11.297760 -0.191867 2.584608 109.124639 -32.928379 -3.012813 8.137359 0.000000 0.000000 0.000000 0.000000 0.000000 0.000000 0.000000 0.000000 0.000000 0.000000 0.000000 0.000000 0.000000 0.000000 0.000000 0.000000 0.000000 0.000000 0.000000 0.000000 0.000000 0.000000 0.000000 0.000000 0.000000 0.000000 0.000000 0.000000 0.000000 0.000000 0.000000 0.000000 0.000000 0.000000 0.000000 0.000000 0.000000 0.000000 0.000000 0.000000 0.000000 0.000000
-0.109821 -0.319883 1.098550 -6.103143 6.247966 -3.980035 4.851823 -5.882854 9.107403 0.564707 1.100301 4.292543 -7.508226 -3.627023 13.176928 0.398965 -0.883432 -0.237873 -7.929323 1.966110 -0.517480 23.295479 0.275393 1.929138 -5.506232 -7.110306 -7.982675 -0.584353 -2.916015 0.006979 19.242210 2.387314 -4.795806 -7.742351 0.481688 -4.816155 8.270121 -1.226433 -5.660534 6.813994 6.072528 5.969985 4.509088 0.409607 16.599310 -0.863920 18.025042 -9.561374 21.387611 44.882505 -32.382960 10.753238 4.126253 -44.863465 -27.549447 -7.597836 -4.970523 0.000000 0.000000 0.000000 0.000000 0.000000 0.000000 0.000000 0.000000 0.000000 0.000000 0.000000 0.000000 0.000000 0.000000 0.000000 0.000000 0.000000 0.000000 0.000000 0.000000 0.000000 0.000000 0.000000 0.000000 0.000000 0.000000 0.000000 0.000000 0.000000 0.000000 0.000000 0.000000 0.000000 0.000000 0.000000 0.000000 0.000000 0.000000 0.000000 0.000000 0.000000 0.000000 -3.353272 -12.523928 -0.135679 24.303687 -36.961013 10.426914 0.462842 2.409205 108.015999 -32.816672 -4.003891 7.847229 0.000000 0.000000 0.000000 0.000000 0.000000 0.000000 0.000000 0.000000 0.000000 0.000000 0.000000 0.000000 0.000000 0.000000 0.000000 0.000000 0.000000 0.000000 0.000000 0.000000 0.000000 0.000000 0.000000 0.000000 0.000000 0.000000 0.000000 0.000000 0.000000 0.000000 0.000000 0.000000 0.000000 0.000000 0.000000 0.000000 0.000000 0.000000 0.000000 0.000000 0.000000 0.000000
-0.102142 -0.313381 1.099407 -6.021401 5.747847 -3.925575 5.315525 -5.504682 8.896820 0.214658 0.938895 3.434525 -6.924438 -3.396826 13.680937 0.371556 -0.977630 -0.241850 -7.016924 2.071554 -0.444335 23.396152 0.182443 2.387315 -5.994208 -6.882532 -8.001261 -0.599673 -2.917124 0.035789 17.965593 2.216331 -4.533437 -7.538742 0.286584 -4.733679 8.200559 -1.233396 -5.528490 6.873197 5.674620 5.605699 4.640628 0.475576 15.661900 -0.725655 18.431535 -8.522588 20.650589 44.926669 -30.062703 11.160668 4.167411 -43.329856 -25.224911 -7.311451 -5.012363 0.000000 0.000000 0.000000 0.000000 0.000000 0.000000 0.000000 0.000000 0.000000 0.000000 0.000000 0.000000 0.000000 0.000000 0.000000 0.000000 0.000000 0.000000 0.000000 0.000000 0.000000 0.000000 0.000000 0.000000 0.000000 0.000000 0.000000 0.000000 0.000000 0.000000 0.000000 0.000000 0.000000 0.000000 0.000000 0.000000 0.000000 0.000000 0.000000 0.000000 0.000000 0.000000 -3.182614 -12.919415 -0.464658 23.950133 -36.975692 9.399655 0.896308 1.948854 107.499002 -33.755019 -5.042400 7.568830 0.000000 0.000000 0.000000 0.000000 0.000000 0.000000 0.000000 0.000000 0.000000 0.000000 0.000000 0.000000 0.000000 0.000000 0.000000 0.000000 0.000000 0.000000 0.000000 0.000000 0.000000 0.000000 0.000000 0.000000 0.000000 0.000000 0.000000 0.000000 0.000000 0.000000 0.000000 0.000000 0.000000 0.000000 0.000000 0.000000 0.000000 0.000000 0.000000 0.000000 0.000000 0.000000
-0.093935 -0.309881 1.100027 -5.996337 5.292852 -4.071645 5.840175 -5.240687 8.806504 -0.373574 0.862561 2.811816 -6.278696 -3.087674 14.130813 0.363472 -1.039809 -0.261370 -5.860831 2.116868 -0.409790 22.636937 0.093214 2.961812 -6.410241 -6.645870 -7.931600 -0.633550 -2.868831 0.071817 16.643923 1.994260 -4.267658 -7.296841 0.128626 -4.656468 7.983404 -1.191364 -5.413302 7.015747 5.265519 5.278331 5.118309 0.544160 14.986160 -0.550326 18.881204 -7.532190 19.491080 44.688191 -27.066832 11.203183 4.210673 -41.586848 -23.080168 -6.803346 -5.096305 0.000000 0.000000 0.000000 0.000000 0.000000 0.000000 0.000000 0.000000 0.000000 0.000000 0.000000 0.000000 0.000000 0.000000 0.000000 0.000000 0.000000 0.000000 0.000000 0.000000 0.000000 0.000000 0.000000 0.000000 0.000000 0.000000 0.000000 0.000000 0.000000 0.000000 0.000000 0.000000 0.000000 0.000000 0.000000 0.000000 0.000000 0.000000 0.000000 0.000000 0.000000 0.000000 -2.995239 -13.394593 -0.678417 23.452600 -36.647252 8.371762 1.028028 1.902342 107.293513 -34.504947 -6.184652 7.202156 0.000000 0.000000 0.000000 0.000000 0.000000 0.000000 0.000000 0.000000 0.000000 0.000000 0.000000 0.000000 0.000000 0.000000 0.000000 0.000000 0.000000 0.000000 0.000000 0.000000 0.000000 0.000000 0.000000 0.000000 0.000000 0.000000 0.000000 0.000000 0.000000 0.000000 0.000000 0.000000 0.000000 0.000000 0.000000 0.000000 0.000000 0.000000 0.000000 0.000000 0.000000 0.000000
-0.082092 -0.304731 1.100073 -5.922182 4.516985 -4.141722 6.356308 -4.741224 8.633835 -0.975980 0.812097 1.864318 -5.567921 -2.878188 14.771839 0.262946 -1.179020 -0.303104 -4.594978 2.291355 -0.412399 21.396519 0.031118 3.535576 -7.188278 -6.245748 -8.175437 -0.665566 -2.769455 0.178836 15.438131 1.895405 -3.722979 -7.149231 0.067968 -4.526971 7.673494 -1.126060 -5.165084 6.526636 4.488457 4.915382 5.411408 0.632748 14.000544 -0.511640 19.416255 -6.277034 18.092698 44.085930 -23.693541 10.793232 4.634279 -39.301109 -21.649842 -6.124038 -5.087421 0.000000 0.000000 0.000000 0.000000 0.000000 0.000000 0.000000 0.000000 0.000000 0.000000 0.000000 0.000000 0.000000 0.000000 0.000000 0.000000 0.000000 0.000000 0.000000 0.000000 0.000000 0.000000 0.000000 0.000000 0.000000 0.000000 0.000000 0.000000 0.000000 0.000000 0.000000 0.000000 0.000000 0.000000 0.000000 0.000000 0.000000 0.000000 0.000000 0.000000 0.000000 0.000000 -3.067734 -14.027061 -1.121947 23.394825 -36.556301 7.789403 1.030599 1.571520 107.199691 -36.107045 -7.665266 6.674990 0.000000 0.000000 0.000000 0.000000 0.000000 0.000000 0.000000 0.000000 0.000000 0.000000 0.000000 0.000000 0.000000 0.000000 0.000000 0.000000 0.000000 0.000000 0.000000 0.000000 0.000000 0.000000 0.000000 0.000000 0.000000 0.000000 0.000000 0.000000 0.000000 0.000000 0.000000 0.000000 0.000000 0.000000 0.000000 0.000000 0.000000 0.000000 0.000000 0.000000 0.000000 0.000000
-0.070567 -0.300618 1.099705 -5.788614 3.903387 -4.325814 6.640982 -4.424947 8.697983 -1.354962 0.632603 1.496941 -5.198459 -2.448459 14.901634 0.194560 -1.247332 -0.324146 -3.066092 2.306167 -0.599402 19.126919 0.257699 3.947994 -7.834290 -5.917399 -7.953764 -0.698303 -2.707021 0.175865 14.461652 1.709930 -3.241192 -7.079345 0.190102 -4.519077 7.370296 -1.055862 -4.990016 6.576768 4.024825 4.787155 5.473695 0.690648 13.548915 -0.548098 19.931217 -5.260906 16.576812 43.438662 -20.421400 10.396660 4.905045 -36.789103 -19.456159 -5.607112 -5.122672 0.000000 0.000000 0.000000 0.000000 0.000000 0.000000 0.000000 0.000000 0.000000 0.000000 0.000000 0.000000 0.000000 0.000000 0.000000 0.000000 0.000000 0.000000 0.000000 0.000000 0.000000 0.000000 0.000000 0.000000 0.000000 0.000000 0.000000 0.000000 0.000000 0.000000 0.000000 0.000000 0.000000 0.000000 0.000000 0.000000 0.000000 0.000000 0.000000 0.000000 0.000000 0.000000 -3.166590 -14.434965 -1.401067 23.197447 -36.549101 7.327669 0.966391 1.305348 107.382136 -37.003515 -8.574547 6.561298 0.000000 0.000000 0.000000 0.000000 0.000000 0.000000 0.000000 0.000000 0.000000 0.000000 0.000000 0.000000 0.000000 0.000000 0.000000 0.000000 0.000000 0.000000 0.000000 0.000000 0.000000 0.000000 0.000000 0.000000 0.000000 0.000000 0.000000 0.000000 0.000000 0.000000 0.000000 0.000000 0.000000 0.000000 0.000000 0.000000 0.000000 0.000000 0.000000 0.000000 0.000000 0.000000
-0.061749 -0.298132 1.099046 -5.635668 3.432124 -4.450056 6.718162 -4.109219 8.561227 -1.622398 0.343813 0.847356 -4.979987 -2.232146 15.317455 0.064418 -1.394786 -0.356012 -1.688268 2.207322 -0.884815 16.999294 0.408401 4.260191 -8.732181 -5.305213 -8.016795 -0.744965 -2.694503 0.200437 13.564296 1.491849 -2.693205 -7.088257 0.272822 -4.424125 7.152918 -1.019291 -4.712764 6.012324 3.433128 4.553077 5.349963 0.644309 12.878048 -0.757052 20.570594 -4.142024 15.324461 42.877321 -17.502023 9.506034 5.289696 -34.424155 -17.910082 -4.977384 -5.254399 0.000000 0.000000 0.000000 0.000000 0.000000 0.000000 0.000000 0.000000 0.000000 0.000000 0.000000 0.000000 0.000000 0.000000 0.000000 0.000000 0.000000 0.000000 0.000000 0.000000 0.000000 0.000000 0.000000 0.000000 0.000000 0.000000 0.000000 0.000000 0.000000 0.000000 0.000000 0.000000 0.000000 0.000000 0.000000 0.000000 0.000000 0.000000 0.000000 0.000000 0.000000 0.000000 -3.390966 -14.928513 -1.674377 23.143314 -36.486439 7.254696 1.050275 1.035222 107.221675 -37.709710 -8.987299 6.602779 0.000000 0.000000 0.000000 0.000000 0.000000 0.000000 0.000000 0.000000 0.000000 0.000000 0.000000 0.000000 0.000000 0.000000 0.000000 0.000000 0.000000 0.000000 0.000000 0.000000 0.000000 0.000000 0.000000 0.000000 0.000000 0.000000 0.000000 0.000000 0.000000 0.000000 0.000000 0.000000 0.000000 0.000000 0.000000 0.000000 0.000000 0.000000 0.000000 0.000000 0.000000 0.000000
-0.052659 -0.296366 1.098136 -5.479375 3.020631 -4.462914 6.742676 -3.993080 8.549621 -1.886524 0.197080 0.235964 -4.846258 -1.965739 15.569448 -0.062680 -1.465559 -0.386844 -0.431247 2.189737 -1.231264 14.856553 0.450979 4.491698 -9.620698 -4.821419 -7.929665 -0.776411 -2.666095 0.213803 12.858996 1.147229 -2.207160 -7.176251 0.389236 -4.261390 6.992334 -0.946743 -4.471641 5.519701 2.927772 4.385984 5.114424 0.759238 12.253995 -1.023884 21.095595 -3.121403 14.235991 42.420968 -15.125528 8.962352 5.439549 -32.426511 -16.614605 -4.254250 -5.309518 0.000000 0.000000 0.000000 0.000000 0.000000 0.000000 0.000000 0.000000 0.000000 0.000000 0.000000 0.000000 0.000000 0.000000 0.000000 0.000000 0.000000 0.000000 0.000000 0.000000 0.000000 0.000000 0.000000 0.000000 0.000000 0.000000 0.000000 0.000000 0.000000 0.000000 0.000000 0.000000 0.000000 0.000000 0.000000 0.000000 0.000000 0.000000 0.000000 0.000000 0.000000 0.000000 -3.583343 -15.254491 -1.826254 23.060524 -36.507949 7.408586 1.025459 0.709729 107.136044 -38.753851 -9.359228 6.648488 0.000000 0.000000 0.000000 0.000000 0.000000 0.000000 0.000000 0.000000 0.000000 0.000000 0.000000 0.000000 0.000000 0.000000 0.000000 0.000000 0.000000 0.000000 0.000000 0.000000 0.000000 0.000000 0.000000 0.000000 0.000000 0.000000 0.000000 0.000000 0.000000 0.000000 0.000000 0.000000 0.000000 0.000000 0.000000 0.000000 0.000000 0.000000 0.000000 0.000000 0.000000 0.000000
-0.040321 -0.291349 1.096968 -5.227911 2.530760 -4.242069 6.795922 -3.991232 8.471163 -2.135891 0.027594 -0.467961 -4.629519 -1.695078 15.641366 -0.156354 -1.515404 -0.395710 0.725092 2.114350 -1.628642 12.895876 0.402271 4.394040 -10.505516 -4.278291 -7.848103 -0.764407 -2.668471 0.180900 12.328841 0.835204 -1.675626 -7.264552 0.493950 -4.092829 6.851743 -0.922848 -4.214335 5.132172 2.473187 4.081498 4.670656 0.821253 11.452200 -1.096149 21.496550 -2.278094 13.091614 42.121222 -12.999186 8.081941 5.549712 -29.773864 -15.438741 -3.810439 -5.295448 0.000000 0.000000 0.000000 0.000000 0.000000 0.000000 0.000000 0.000000 0.000000 0.000000 0.000000 0.000000 0.000000 0.000000 0.000000 0.000000 0.000000 0.000000 0.000000 0.000000 0.000000 0.000000 0.000000 0.000000 0.000000 0.000000 0.000000 0.000000 0.000000 0.000000 0.000000 0.000000 0.000000 0.000000 0.000000 0.000000 0.000000 0.000000 0.000000 0.000000 0.000000 0.000000 -3.775760 -15.423343 -1.793877 23.183714 -36.869135 7.982712 1.116925 0.614221 107.161698 -39.813985 -9.277788 6.799691 0.000000 0.000000 0.000000 0.000000 0.000000 0.000000 0.000000 0.000000 0.000000 0.000000 0.000000 0.000000 0.000000 0.000000 0.000000 0.000000 0.000000 0.000000 0.000000 0.000000 0.000000 0.000000 0.000000 0.000000 0.000000 0.000000 0.000000 0.000000 0.000000 0.000000 0.000000 0.000000 0.000000 0.000000 0.000000 0.000000 0.000000 0.000000 0.000000 0.000000 0.000000 0.000000
-0.033613 -0.288030 1.095787 -5.041085 2.325822 -4.212664 6.785931 -4.007932 8.528084 -2.207692 -0.179752 -0.814220 -4.809057 -1.536994 15.650447 -0.269052 -1.555784 -0.424183 1.756496 1.949466 -2.067627 11.022801 0.449590 4.365796 -11.068203 -3.962561 -7.597024 -0.787105 -2.690995 0.165139 11.930790 0.505465 -1.275576 -7.476968 0.598506 -3.964669 6.688512 -0.887752 -3.965828 4.773420 2.037039 4.043921 4.551154 0.925592 11.087794 -1.145553 21.936939 -1.612651 12.182115 41.852947 -11.294693 7.344184 5.559547 -28.056028 -14.655782 -3.063428 -5.339297 0.000000 0.000000 0.000000 0.000000 0.000000 0.000000 0.000000 0.000000 0.000000 0.000000 0.000000 0.000000 0.000000 0.000000 0.000000 0.000000 0.000000 0.000000 0.000000 0.000000 0.000000 0.000000 0.000000 0.000000 0.000000 0.000000 0.000000 0.000000 0.000000 0.000000 0.000000 0.000000 0.000000 0.000000 0.000000 0.000000 0.000000 0.000000 0.000000 0.000000 0.000000 0.000000 -3.977766 -15.659887 -1.780356 23.224110 -37.147242 8.624716 0.752237 0.416087 107.089124 -40.523190 -9.253790 6.922525 0.000000 0.000000 0.000000 0.000000 0.000000 0.000000 0.000000 0.000000 0.000000 0.000000 0.000000 0.000000 0.000000 0.000000 0.000000 0.000000 0.000000 0.000000 0.000000 0.000000 0.000000 0.000000 0.000000 0.000000 0.000000 0.000000 0.000000 0.000000 0.000000 0.000000 0.000000 0.000000 0.000000 0.000000 0.000000 0.000000 0.000000 0.000000 0.000000 0.000000 0.000000 0.000000
-0.027779 -0.286343 1.094757 -4.995177 2.094536 -3.957350 6.734107 -4.096952 8.573463 -2.032007 -0.142409 -0.983142 -5.096114 -1.378665 15.395627 -0.351978 -1.547102 -0.432213 2.547732 1.915476 -2.553907 9.768174 0.422354 4.171672 -11.520548 -3.726090 -7.307012 -0.797381 -2.696868 0.150326 11.679675 0.251007 -0.919430 -7.654042 0.727930 -3.831354 6.592481 -0.827300 -3.774527 4.437814 1.672626 3.976135 4.388198 1.079265 10.690950 -1.148191 22.181641 -1.111184 11.627920 41.743305 -10.188052 6.701302 5.604526 -26.829403 -14.465008 -2.582288 -5.372047 0.000000 0.000000 0.000000 0.000000 0.000000 0.000000 0.000000 0.000000 0.000000 0.000000 0.000000 0.000000 0.000000 0.000000 0.000000 0.000000 0.000000 0.000000 0.000000 0.000000 0.000000 0.000000 0.000000 0.000000 0.000000 0.000000 0.000000 0.000000 0.000000 0.000000 0.000000 0.000000 0.000000 0.000000 0.000000 0.000000 0.000000 0.000000 0.000000 0.000000 0.000000 0.000000 -4.092233 -15.769455 -1.673310 23.542706 -37.636577 9.555455 0.487862 0.290381 107.182528 -41.140970 -9.050952 7.004850 0.000000 0.000000 0.000000 0.000000 0.000000 0.000000 0.000000 0.000000 0.000000 0.000000 0.000000 0.000000 0.000000 0.000000 0.000000 0.000000 0.000000 0.000000 0.000000 0.000000 0.000000 0.000000 0.000000 0.000000 0.000000 0.000000 0.000000 0.000000 0.000000 0.000000 0.000000 0.000000 0.000000 0.000000 0.000000 0.000000 0.000000 0.000000 0.000000 0.000000 0.000000 0.000000
-0.023486 -0.286555 1.093929 -5.055091 1.922599 -3.776011 6.763815 -4.150027 8.578020 -1.901521 -0.126386 -1.141292 -5.377149 -1.270800 15.178208 -0.419224 -1.574496 -0.449187 3.188035 1.878176 -2.940094 8.814903 0.414029 3.915252 -11.855825 -3.528089 -7.014031 -0.791817 -2.689326 0.159906 11.554774 0.017210 -0.626443 -7.791262 0.857587 -3.721830 6.543059 -0.805178 -3.575327 4.204502 1.490720 4.020826 4.168410 1.173173 10.484185 -1.150452 22.331865 -0.719741 11.196591 41.900223 -9.355374 6.144247 5.591209 -25.985887 -14.637392 -2.376840 -5.384111 0.000000 0.000000 0.000000 0.000000 0.000000 0.000000 0.000000 0.000000 0.000000 0.000000 0.000000 0.000000 0.000000 0.000000 0.000000 0.000000 0.000000 0.000000 0.000000 0.000000 0.000000 0.000000 0.000000 0.000000 0.000000 0.000000 0.000000 0.000000 0.000000 0.000000 0.000000 0.000000 0.000000 0.000000 0.000000 0.000000 0.000000 0.000000 0.000000 0.000000 0.000000 0.000000 -4.140625 -15.773063 -1.484696 23.900829 -38.174970 10.589249 0.429100 0.331401 107.140355 -41.445977 -8.633971 7.106983 0.000000 0.000000 0.000000 0.000000 0.000000 0.000000 0.000000 0.000000 0.000000 0.000000 0.000000 0.000000 0.000000 0.000000 0.000000 0.000000 0.000000 0.000000 0.000000 0.000000 0.000000 0.000000 0.000000 0.000000 0.000000 0.000000 0.000000 0.000000 0.000000 0.000000 0.000000 0.000000 0.000000 0.000000 0.000000 0.000000 0.000000 0.000000 0.000000 0.000000 0.000000 0.000000
-0.016271 -0.289244 1.093282 -5.236703 1.570816 -3.369559 6.856016 -4.164986 8.514008 -1.910182 -0.077567 -1.456871 -5.399799 -1.068096 14.830613 -0.460040 -1.552688 -0.481205 3.772428 1.906711 -3.345228 8.054374 0.369696 3.540229 -12.273661 -3.246695 -6.801756 -0.824309 -2.690892 0.161580 11.609487 -0.194256 -0.340701 -7.905629 1.028613 -3.621413 6.529889 -0.772831 -3.400160 3.933410 1.317742 4.245895 3.928509 1.169676 10.469903 -1.224356 22.377898 -0.371632 11.071309 42.295723 -8.987308 5.548818 5.535992 -25.468225 -15.369422 -2.314340 -5.317148 0.000000 0.000000 0.000000 0.000000 0.000000 0.000000 0.000000 0.000000 0.000000 0.000000 0.000000 0.000000 0.000000 0.000000 0.000000 0.000000 0.000000 0.000000 0.000000 0.000000 0.000000 0.000000 0.000000 0.000000 0.000000 0.000000 0.000000 0.000000 0.000000 0.000000 0.000000 0.000000 0.000000 0.000000 0.000000 0.000000 0.000000 0.000000 0.000000 0.000000 0.000000 0.000000 -4.247520 -15.633267 -1.334511 24.538827 -38.970445 11.752082 0.090875 0.690877 107.195823 -41.449814 -8.060917 7.176591 0.000000 0.000000 0.000000 0.000000 0.000000 0.000000 0.000000 0.000000 0.000000 0.000000 0.000000 0.000000 0.000000 0.000000 0.000000 0.000000 0.000000 0.000000 0.000000 0.000000 0.000000 0.000000 0.000000 0.000000 0.000000 0.000000 0.000000 0.000000 0.000000 0.000000 0.000000 0.000000 0.000000 0.000000 0.000000 0.000000 0.000000 0.000000 0.000000 0.000000 0.000000 0.000000
-0.011096 -0.292347 1.092773 -5.415283 1.340116 -2.992304 6.807199 -4.259615 8.476411 -1.673949 -0.007295 -1.663472 -5.590362 -0.875272 14.409936 -0.469962 -1.563814 -0.487769 4.201137 1.875194 -3.688359 7.519536 0.340638 3.185249 -12.582289 -2.971069 -6.571997 -0.855045 -2.709815 0.170804 11.684358 -0.346328 -0.145841 -7.884084 1.105292 -3.560571 6.497051 -0.726727 -3.248160 3.669662 1.274406 4.405355 3.695922 1.213159 10.320532 -1.310345 22.437012 -0.156570 11.255342 42.724380 -8.951472 5.403461 5.495540 -25.441287 -15.844015 -2.203474 -5.256908 0.000000 0.000000 0.000000 0.000000 0.000000 0.000000 0.000000 0.000000 0.000000 0.000000 0.000000 0.000000 0.000000 0.000000 0.000000 0.000000 0.000000 0.000000 0.000000 0.000000 0.000000 0.000000 0.000000 0.000000 0.000000 0.000000 0.000000 0.000000 0.000000 0.000000 0.000000 0.000000 0.000000 0.000000 0.000000 0.000000 0.000000 0.000000 0.000000 0.000000 0.000000 0.000000 -4.274806 -15.644358 -1.177561 24.900634 -39.413103 12.569791 -0.012727 0.822422 106.980065 -41.438821 -7.527262 7.262315 0.000000 0.000000 0.000000 0.000000 0.000000 0.000000 0.000000 0.000000 0.000000 0.000000 0.000000 0.000000 0.000000 0.000000 0.000000 0.000000 0.000000 0.000000 0.000000 0.000000 0.000000 0.000000 0.000000 0.000000 0.000000 0.000000 0.000000 0.000000 0.000000 0.000000 0.000000 0.000000 0.000000 0.000000 0.000000 0.000000 0.000000 0.000000 0.000000 0.000000 0.000000 0.000000
-0.004335 -0.295177 1.092292 -5.599363 1.015896 -2.489457 6.758090 -4.320062 8.398377 -1.419676 0.040113 -1.884111 -5.743880 -0.610941 13.921931 -0.488504 -1.552851 -0.481554 4.576290 1.846479 -4.015712 7.157399 0.344589 2.927792 -12.991285 -2.625445 -6.523584 -0.877870 -2.699989 0.163989 11.748950 -0.498416 0.044102 -7.866952 1.239978 -3.467400 6.480214 -0.673069 -3.109585 3.507038 1.171282 4.478663 3.713324 1.169806 10.234735 -1.428190 22.438693 0.039171 11.518886 43.191021 -9.264052 5.177147 5.532750 -25.362411 -16.705410 -2.094444 -5.390168 0.000000 0.000000 0.000000 0.000000 0.000000 0.000000 0.000000 0.000000 0.000000 0.000000 0.000000 0.000000 0.000000 0.000000 0.000000 0.000000 0.000000 0.000000 0.000000 0.000000 0.000000 0.000000 0.000000 0.000000 0.000000 0.000000 0.000000 0.000000 0.000000 0.000000 0.000000 0.000000 0.000000 0.000000 0.000000 0.000000 0.000000 0.000000 0.000000 0.000000 0.000000 0.000000 -4.263514 -15.624509 -1.066937 25.424496 -40.032009 13.390109 -0.266936 1.128538 106.665659 -41.205673 -7.225462 7.455308 0.000000 0.000000 0.000000 0.000000 0.000000 0.000000 0.000000 0.000000 0.000000 0.000000 0.000000 0.000000 0.000000 0.000000 0.000000 0.000000 0.000000 0.000000 0.000000 0.000000 0.000000 0.000000 0.000000 0.000000 0.000000 0.000000 0.000000 0.000000 0.000000 0.000000 0.000000 0.000000 0.000000 0.000000 0.000000 0.000000 0.000000 0.000000 0.000000 0.000000 0.000000 0.000000
-0.001577 -0.300680 1.091880 -5.729669 0.844634 -2.365886 6.200673 -4.303070 8.077305 -0.498242 -0.028834 -1.992528 -6.126215 -0.637980 13.581430 -0.536467 -1.584475 -0.496368 4.694276 1.820418 -3.998325 6.680012 0.445086 2.640911 -13.055221 -2.412569 -6.389005 -0.868049 -2.568515 0.137767 12.152034 -0.617055 0.370546 -7.618026 1.428376 -3.420603 6.412896 -0.601574 -2.822042 3.546327 1.389036 5.144577 3.348373 1.283768 10.393591 -1.755846 22.461454 -0.035177 11.591417 43.621107 -9.775332 4.365299 5.334191 -25.370148 -17.483431 -1.959312 -5.318185 0.000000 0.000000 0.000000 0.000000 0.000000 0.000000 0.000000 0.000000 0.000000 0.000000 0.000000 0.000000 0.000000 0.000000 0.000000 0.000000 0.000000 0.000000 0.000000 0.000000 0.000000 0.000000 0.000000 0.000000 0.000000 0.000000 0.000000 0.000000 0.000000 0.000000 0.000000 0.000000 0.000000 0.000000 0.000000 0.000000 0.000000 0.000000 0.000000 0.000000 0.000000 0.000000 -4.252389 -15.500803 -0.561090 26.221788 -41.043416 15.003943 -0.612805 1.524009 106.134767 -40.734555 -6.987194 7.588023 0.000000 0.000000 0.000000 0.000000 0.000000 0.000000 0.000000 0.000000 0.000000 0.000000 0.000000 0.000000 0.000000 0.000000 0.000000 0.000000 0.000000 0.000000 0.000000 0.000000 0.000000 0.000000 0.000000 0.000000 0.000000 0.000000 0.000000 0.000000 0.000000 0.000000 0.000000 0.000000 0.000000 0.000000 0.000000 0.000000 0.000000 0.000000 0.000000 0.000000 0.000000 0.000000
