HIERARCHY
ROOT Hips
{
	OFFSET 0.000000 0.000000 0.000000
	CHANNELS 6 Xposition Yposition Zposition Xrotation Yrotation Zrotation
	JOINT Thigh.L
	{
		OFFSET 0.053236 0.030187 -0.090774
		CHANNELS 3 Xrotation Yrotation Zrotation
		JOINT Shin.L
		{
			OFFSET 0.052482 0.016735 -0.407507
			CHANNELS 3 Xrotation Yrotation Zrotation
			JOINT Foot.L
			{
				OFFSET -0.040584 0.032474 -0.426895
				CHANNELS 3 Xrotation Yrotation Zrotation
				JOINT Toe.L
				{
					OFFSET 0.044180 -0.117973 -0.063005
					CHANNELS 3 Xrotation Yrotation Zrotation
					End Site
					{
						OFFSET 0.000000 0.050000 0.000000
					}
				}
			}
		}
	}
	JOINT Thigh.R
	{
		OFFSET -0.058469 0.027668 -0.100990
		CHANNELS 3 Xrotation Yrotation Zrotation
		JOINT Shin.R
		{
			OFFSET -0.042071 0.021908 -0.391408
			CHANNELS 3 Xrotation Yrotation Zrotation
			JOINT Foot.R
			{
				OFFSET 0.015211 0.021194 -0.435713
				CHANNELS 3 Xrotation Yrotation Zrotation
				JOINT Toe.R
				{
					OFFSET -0.036737 -0.118745 -0.063057
					CHANNELS 3 Xrotation Yrotation Zrotation
					End Site
					{
						OFFSET 0.000000 0.050000 0.000000
					}
				}
			}
		}
	}
	JOINT Spine
	{
		OFFSET -0.001793 0.018930 0.107309
		CHANNELS 3 Xrotation Yrotation Zrotation
		JOINT Spine.2
		{
			OFFSET 0.006302 0.002371 0.131408
			CHANNELS 3 Xrotation Yrotation Zrotation
			JOINT Chest
			{
				OFFSET -0.010231 -0.022848 0.048688
				CHANNELS 3 Xrotation Yrotation Zrotation
				JOINT Neck
				{
					OFFSET -0.009256 0.028789 0.163103
					CHANNELS 3 Xrotation Yrotation Zrotation
					JOINT Head
					{
						OFFSET 0.021936 -0.023438 0.169146
						CHANNELS 3 Xrotation Yrotation Zrotation
						End Site
						{
							OFFSET 0.000000 0.050000 0.000000
						}
					}
				}
				JOINT Clavicle.L
				{
					OFFSET 0.043158 0.008321 0.083243
					CHANNELS 3 Xrotation Yrotation Zrotation
					JOINT UpperArm.L
					{
						OFFSET 0.105425 0.014182 0.060116
						CHANNELS 3 Xrotation Yrotation Zrotation
						JOINT ForeArm.L
						{
							OFFSET 0.261488 0.034950 -0.074544
							CHANNELS 3 Xrotation Yrotation Zrotation
							JOINT Hand.L
							{
								OFFSET 0.259160 0.006451 0.020691
								CHANNELS 3 Xrotation Yrotation Zrotation
								JOINT Thumb1.L
								{
									OFFSET 0.154583 0.002977 0.009547
									CHANNELS 3 Xrotation Yrotation Zrotation
									JOINT Thumb2.L
									{
										OFFSET 0.029896 0.000744 0.002387
										CHANNELS 3 Xrotation Yrotation Zrotation
										End Site
										{
											OFFSET 0.024913 0.000620 0.001989
										}
									}
								}
								JOINT Index1.L
								{
									OFFSET 0.137583 0.002977 0.009547
									CHANNELS 3 Xrotation Yrotation Zrotation
									JOINT Index2.L
									{
										OFFSET 0.029896 0.000744 0.002387
										CHANNELS 3 Xrotation Yrotation Zrotation
										JOINT Index3.L
										{
											OFFSET 0.021923 0.000546 0.001750
											CHANNELS 3 Xrotation Yrotation Zrotation
											End Site
											{
												OFFSET 0.017937 0.000447 0.001432
											}
										}
									}
								}
								JOINT Middle1.L
								{
									OFFSET 0.119583 0.002977 0.009547
									CHANNELS 3 Xrotation Yrotation Zrotation
									JOINT Middle2.L
									{
										OFFSET 0.030892 0.000769 0.002466
										CHANNELS 3 Xrotation Yrotation Zrotation
										JOINT Middle3.L
										{
											OFFSET 0.021923 0.000546 0.001750
											CHANNELS 3 Xrotation Yrotation Zrotation
											End Site
											{
												OFFSET 0.017937 0.000447 0.001432
											}
										}
									}
								}
								JOINT Ring1.L
								{
									OFFSET 0.101583 0.002977 0.009547
									CHANNELS 3 Xrotation Yrotation Zrotation
									JOINT Ring2.L
									{
										OFFSET 0.028899 0.000719 0.002307
										CHANNELS 3 Xrotation Yrotation Zrotation
										JOINT Ring3.L
										{
											OFFSET 0.019930 0.000496 0.001591
											CHANNELS 3 Xrotation Yrotation Zrotation
											End Site
											{
												OFFSET 0.016941 0.000422 0.001353
											}
										}
									}
								}
								JOINT Pinky1.L
								{
									OFFSET 0.085583 0.002977 0.009547
									CHANNELS 3 Xrotation Yrotation Zrotation
									JOINT Pinky2.L
									{
										OFFSET 0.023917 0.000595 0.001909
										CHANNELS 3 Xrotation Yrotation Zrotation
										JOINT Pinky3.L
										{
											OFFSET 0.016941 0.000422 0.001353
											CHANNELS 3 Xrotation Yrotation Zrotation
											End Site
											{
												OFFSET 0.013951 0.000347 0.001114
											}
										}
									}
								}
							}
						}
					}
				}
				JOINT Clavicle.R
				{
					OFFSET -0.041093 0.014402 0.082651
					CHANNELS 3 Xrotation Yrotation Zrotation
					JOINT UpperArm.R
					{
						OFFSET -0.091010 0.009223 0.056026
						CHANNELS 3 Xrotation Yrotation Zrotation
						JOINT ForeArm.R
						{
							OFFSET -0.277239 0.022468 -0.042453
							CHANNELS 3 Xrotation Yrotation Zrotation
							JOINT Hand.R
							{
								OFFSET -0.256016 0.018792 -0.003571
								CHANNELS 3 Xrotation Yrotation Zrotation
								JOINT Thumb1.R
								{
									OFFSET -0.154666 0.008784 -0.001669
									CHANNELS 3 Xrotation Yrotation Zrotation
									JOINT Thumb2.R
									{
										OFFSET -0.029917 0.002196 -0.000417
										CHANNELS 3 Xrotation Yrotation Zrotation
										End Site
										{
											OFFSET -0.024931 0.001830 -0.000348
										}
									}
								}
								JOINT Index1.R
								{
									OFFSET -0.137666 0.008784 -0.001669
									CHANNELS 3 Xrotation Yrotation Zrotation
									JOINT Index2.R
									{
										OFFSET -0.029917 0.002196 -0.000417
										CHANNELS 3 Xrotation Yrotation Zrotation
										JOINT Index3.R
										{
											OFFSET -0.021939 0.001610 -0.000306
											CHANNELS 3 Xrotation Yrotation Zrotation
											End Site
											{
												OFFSET -0.017950 0.001318 -0.000250
											}
										}
									}
								}
								JOINT Middle1.R
								{
									OFFSET -0.119666 0.008784 -0.001669
									CHANNELS 3 Xrotation Yrotation Zrotation
									JOINT Middle2.R
									{
										OFFSET -0.030914 0.002269 -0.000431
										CHANNELS 3 Xrotation Yrotation Zrotation
										JOINT Middle3.R
										{
											OFFSET -0.021939 0.001610 -0.000306
											CHANNELS 3 Xrotation Yrotation Zrotation
											End Site
											{
												OFFSET -0.017950 0.001318 -0.000250
											}
										}
									}
								}
								JOINT Ring1.R
								{
									OFFSET -0.101666 0.008784 -0.001669
									CHANNELS 3 Xrotation Yrotation Zrotation
									JOINT Ring2.R
									{
										OFFSET -0.028919 0.002123 -0.000403
										CHANNELS 3 Xrotation Yrotation Zrotation
										JOINT Ring3.R
										{
											OFFSET -0.019944 0.001464 -0.000278
											CHANNELS 3 Xrotation Yrotation Zrotation
											End Site
											{
												OFFSET -0.016953 0.001244 -0.000236
											}
										}
									}
								}
								JOINT Pinky1.R
								{
									OFFSET -0.085666 0.008784 -0.001669
									CHANNELS 3 Xrotation Yrotation Zrotation
									JOINT Pinky2.R
									{
										OFFSET -0.023933 0.001757 -0.000334
										CHANNELS 3 Xrotation Yrotation Zrotation
										JOINT Pinky3.R
										{
											OFFSET -0.016953 0.001244 -0.000236
											CHANNELS 3 Xrotation Yrotation Zrotation
											End Site
											{
												OFFSET -0.013961 0.001025 -0.000195
											}
										}
									}
								}
							}
						}
					}
				}
			}
		}
	}
}
MOTION
Frames: 97
Frame Time: 0.04166667
-0.006948 -0.057270 1.073608 -8.794221 1.628291 1.610674 4.813015 -0.778794 3.122789 7.958808 1.784188 -2.612543 -7.815657 1.974251 10.405916 2.322396 -5.044610 0.744423 1.526839 -0.140493 -4.435430 12.375080 -0.497505 -5.339134 -4.810514 -0.836027 -9.842973 0.864568 -3.614318 -1.696312 7.996624 -0.321499 2.323093 5.235506 -2.417188 -2.566561 -2.781153 1.356542 0.709707 6.662948 1.662823 3.395639 9.471080 -0.808278 6.121119 4.070901 19.498558 1.212448 18.562883 47.305665 -20.019461 22.987196 -5.952647 -31.606253 3.849311 2.445630 -8.414879 0.000000 0.000000 0.000000 0.000000 0.000000 0.000000 0.000000 0.000000 0.000000 0.000000 0.000000 0.000000 0.000000 0.000000 0.000000 0.000000 0.000000 0.000000 0.000000 0.000000 0.000000 0.000000 0.000000 0.000000 0.000000 0.000000 0.000000 0.000000 0.000000 0.000000 0.000000 0.000000 0.000000 0.000000 0.000000 0.000000 0.000000 0.000000 0.000000 0.000000 0.000000 0.000000 1.021839 -11.997603 2.372397 32.389532 -53.932486 26.159814 18.442910 7.742963 32.545111 3.205993 -7.710776 2.624213 0.000000 0.000000 0.000000 0.000000 0.000000 0.000000 0.000000 0.000000 0.000000 0.000000 0.000000 0.000000 0.000000 0.000000 0.000000 0.000000 0.000000 0.000000 0.000000 0.000000 0.000000 0.000000 0.000000 0.000000 0.000000 0.000000 0.000000 0.000000 0.000000 0.000000 0.000000 0.000000 0.000000 0.000000 0.000000 0.000000 0.000000 0.000000 0.000000 0.000000 0.000000 0.000000
-0.007603 -0.058956 1.073504 -8.878378 1.628319 1.476707 4.710778 -0.659781 3.016182 8.206248 1.719059 -2.576523 -7.910755 1.859272 10.576223 2.339230 -5.080256 0.750279 1.269892 -0.099026 -4.371489 12.846657 -0.434642 -5.496573 -4.845421 -0.857961 -9.713644 0.867204 -3.607646 -1.677202 8.036166 -0.304468 2.381999 5.208695 -2.415957 -2.572799 -2.729877 1.393190 0.762792 6.765671 1.731500 3.448113 9.687511 -0.722532 6.138169 4.098511 19.448731 0.999201 18.835993 46.884099 -20.021037 23.780726 -6.134162 -32.336979 4.102383 2.380406 -8.534151 0.000000 0.000000 0.000000 0.000000 0.000000 0.000000 0.000000 0.000000 0.000000 0.000000 0.000000 0.000000 0.000000 0.000000 0.000000 0.000000 0.000000 0.000000 0.000000 0.000000 0.000000 0.000000 0.000000 0.000000 0.000000 0.000000 0.000000 0.000000 0.000000 0.000000 0.000000 0.000000 0.000000 0.000000 0.000000 0.000000 0.000000 0.000000 0.000000 0.000000 0.000000 0.000000 1.002616 -12.035366 2.494626 32.440565 -53.605322 26.046120 18.916967 7.893305 32.983869 3.377433 -7.721130 2.727677 0.000000 0.000000 0.000000 0.000000 0.000000 0.000000 0.000000 0.000000 0.000000 0.000000 0.000000 0.000000 0.000000 0.000000 0.000000 0.000000 0.000000 0.000000 0.000000 0.000000 0.000000 0.000000 0.000000 0.000000 0.000000 0.000000 0.000000 0.000000 0.000000 0.000000 0.000000 0.000000 0.000000 0.000000 0.000000 0.000000 0.000000 0.000000 0.000000 0.000000 0.000000 0.000000
-0.006601 -0.059115 1.073256 -8.885601 1.580146 1.379447 4.680036 -0.628744 2.962121 8.289552 1.725242 -2.481973 -7.956911 1.769012 10.589875 2.366862 -5.072285 0.759621 1.193014 -0.092106 -4.351215 12.970511 -0.410755 -5.596411 -4.968021 -0.809908 -9.654959 0.891384 -3.619121 -1.680244 7.927123 -0.308901 2.433371 5.373992 -2.457822 -2.558381 -2.782811 1.407456 0.796680 6.853471 1.802302 3.381581 9.837900 -0.753197 6.132274 4.127085 19.421321 0.783163 19.216292 46.475441 -20.157761 24.349641 -6.274181 -32.954001 4.270137 2.238858 -8.822477 0.000000 0.000000 0.000000 0.000000 0.000000 0.000000 0.000000 0.000000 0.000000 0.000000 0.000000 0.000000 0.000000 0.000000 0.000000 0.000000 0.000000 0.000000 0.000000 0.000000 0.000000 0.000000 0.000000 0.000000 0.000000 0.000000 0.000000 0.000000 0.000000 0.000000 0.000000 0.000000 0.000000 0.000000 0.000000 0.000000 0.000000 0.000000 0.000000 0.000000 0.000000 0.000000 1.058077 -12.138009 2.671355 32.529887 -53.244208 25.922150 19.270339 7.876092 33.526530 3.553152 -7.670482 2.951033 0.000000 0.000000 0.000000 0.000000 0.000000 0.000000 0.000000 0.000000 0.000000 0.000000 0.000000 0.000000 0.000000 0.000000 0.000000 0.000000 0.000000 0.000000 0.000000 0.000000 0.000000 0.000000 0.000000 0.000000 0.000000 0.000000 0.000000 0.000000 0.000000 0.000000 0.000000 0.000000 0.000000 0.000000 0.000000 0.000000 0.000000 0.000000 0.000000 0.000000 0.000000 0.000000
-0.005220 -0.060151 1.072964 -8.945372 1.500332 1.320302 4.571056 -0.600690 2.894206 8.560036 1.754957 -2.404605 -8.058043 1.693404 10.596553 2.370185 -5.073885 0.766323 1.080159 -0.069577 -4.283027 13.214837 -0.387720 -5.657284 -5.128298 -0.731572 -9.661757 0.899366 -3.613792 -1.677429 7.878856 -0.321526 2.464978 5.524121 -2.465384 -2.536465 -2.844714 1.429354 0.828154 6.945748 1.879338 3.325768 9.983777 -0.810403 6.201233 4.112190 19.425975 0.512950 19.554235 46.002219 -20.221419 24.850573 -6.416972 -34.069574 4.303208 2.015214 -9.127460 0.000000 0.000000 0.000000 0.000000 0.000000 0.000000 0.000000 0.000000 0.000000 0.000000 0.000000 0.000000 0.000000 0.000000 0.000000 0.000000 0.000000 0.000000 0.000000 0.000000 0.000000 0.000000 0.000000 0.000000 0.000000 0.000000 0.000000 0.000000 0.000000 0.000000 0.000000 0.000000 0.000000 0.000000 0.000000 0.000000 0.000000 0.000000 0.000000 0.000000 0.000000 0.000000 1.097646 -12.198863 2.862516 32.654153 -52.853360 25.754487 19.708439 7.853836 34.409018 3.614589 -7.680509 3.153052 0.000000 0.000000 0.000000 0.000000 0.000000 0.000000 0.000000 0.000000 0.000000 0.000000 0.000000 0.000000 0.000000 0.000000 0.000000 0.000000 0.000000 0.000000 0.000000 0.000000 0.000000 0.000000 0.000000 0.000000 0.000000 0.000000 0.000000 0.000000 0.000000 0.000000 0.000000 0.000000 0.000000 0.000000 0.000000 0.000000 0.000000 0.000000 0.000000 0.000000 0.000000 0.000000
-0.002861 -0.061717 1.072604 -9.039177 1.344448 1.281891 4.357706 -0.532949 2.800740 9.065503 1.781304 -2.346658 -8.247753 1.689507 10.620375 2.318778 -5.115656 0.784462 0.878431 -0.011487 -4.185543 13.666617 -0.339593 -5.698105 -5.382910 -0.633559 -9.716939 0.878782 -3.669398 -1.685512 7.895189 -0.347344 2.472453 5.588944 -2.431770 -2.506000 -2.864994 1.458238 0.880450 6.967877 1.922521 3.360323 10.075971 -0.869075 6.259464 4.105395 19.362061 0.199066 19.924693 45.407426 -20.263206 25.639139 -6.663980 -35.679983 4.401811 1.673818 -9.480300 0.000000 0.000000 0.000000 0.000000 0.000000 0.000000 0.000000 0.000000 0.000000 0.000000 0.000000 0.000000 0.000000 0.000000 0.000000 0.000000 0.000000 0.000000 0.000000 0.000000 0.000000 0.000000 0.000000 0.000000 0.000000 0.000000 0.000000 0.000000 0.000000 0.000000 0.000000 0.000000 0.000000 0.000000 0.000000 0.000000 0.000000 0.000000 0.000000 0.000000 0.000000 0.000000 1.122613 -12.130584 3.073500 32.869910 -52.486383 25.598840 20.398253 7.891841 35.723154 3.662979 -7.678698 3.308466 0.000000 0.000000 0.000000 0.000000 0.000000 0.000000 0.000000 0.000000 0.000000 0.000000 0.000000 0.000000 0.000000 0.000000 0.000000 0.000000 0.000000 0.000000 0.000000 0.000000 0.000000 0.000000 0.000000 0.000000 0.000000 0.000000 0.000000 0.000000 0.000000 0.000000 0.000000 0.000000 0.000000 0.000000 0.000000 0.000000 0.000000 0.000000 0.000000 0.000000 0.000000 0.000000
-0.001085 -0.063786 1.072120 -9.121234 1.261077 1.409923 3.958534 -0.582526 2.701467 9.794910 1.823231 -2.462338 -8.480999 1.636395 10.620798 2.238112 -5.209446 0.759833 0.570560 0.009060 -4.081994 14.252863 -0.410145 -5.768405 -5.624374 -0.486286 -9.873700 0.869956 -3.675039 -1.643094 7.980648 -0.414164 2.461350 5.641826 -2.398739 -2.516368 -2.866649 1.486134 0.941130 6.890016 1.992728 3.313589 10.193930 -0.981985 6.251633 4.116839 19.298776 -0.206821 20.126085 44.509748 -20.042946 26.448741 -6.968373 -37.724240 4.328950 1.394005 -9.804612 0.000000 0.000000 0.000000 0.000000 0.000000 0.000000 0.000000 0.000000 0.000000 0.000000 0.000000 0.000000 0.000000 0.000000 0.000000 0.000000 0.000000 0.000000 0.000000 0.000000 0.000000 0.000000 0.000000 0.000000 0.000000 0.000000 0.000000 0.000000 0.000000 0.000000 0.000000 0.000000 0.000000 0.000000 0.000000 0.000000 0.000000 0.000000 0.000000 0.000000 0.000000 0.000000 1.170727 -12.185303 3.295466 32.846686 -51.933500 25.125019 21.173926 8.222305 37.611903 3.697069 -7.844406 3.467802 0.000000 0.000000 0.000000 0.000000 0.000000 0.000000 0.000000 0.000000 0.000000 0.000000 0.000000 0.000000 0.000000 0.000000 0.000000 0.000000 0.000000 0.000000 0.000000 0.000000 0.000000 0.000000 0.000000 0.000000 0.000000 0.000000 0.000000 0.000000 0.000000 0.000000 0.000000 0.000000 0.000000 0.000000 0.000000 0.000000 0.000000 0.000000 0.000000 0.000000 0.000000 0.000000
-0.000059 -0.065407 1.071505 -9.181368 1.189445 1.405790 3.482217 -0.593345 2.625268 10.693434 1.897779 -2.527777 -8.804871 1.601593 10.696095 2.139589 -5.354578 0.729433 0.083125 0.100290 -3.991803 15.144302 -0.474898 -5.836029 -5.919881 -0.431511 -9.921834 0.872116 -3.700933 -1.600021 8.103134 -0.458161 2.444494 5.671592 -2.304425 -2.476126 -2.862801 1.527269 1.035674 6.825688 2.040263 3.307612 10.274683 -1.161311 6.239027 4.153082 19.161218 -0.636045 20.269813 43.382943 -19.726617 27.378983 -7.476571 -40.358117 4.312155 0.788100 -10.228865 0.000000 0.000000 0.000000 0.000000 0.000000 0.000000 0.000000 0.000000 0.000000 0.000000 0.000000 0.000000 0.000000 0.000000 0.000000 0.000000 0.000000 0.000000 0.000000 0.000000 0.000000 0.000000 0.000000 0.000000 0.000000 0.000000 0.000000 0.000000 0.000000 0.000000 0.000000 0.000000 0.000000 0.000000 0.000000 0.000000 0.000000 0.000000 0.000000 0.000000 0.000000 0.000000 1.277407 -12.159386 3.576488 32.735770 -51.232576 24.615015 22.065167 8.651831 39.989597 3.706352 -7.786008 3.669034 0.000000 0.000000 0.000000 0.000000 0.000000 0.000000 0.000000 0.000000 0.000000 0.000000 0.000000 0.000000 0.000000 0.000000 0.000000 0.000000 0.000000 0.000000 0.000000 0.000000 0.000000 0.000000 0.000000 0.000000 0.000000 0.000000 0.000000 0.000000 0.000000 0.000000 0.000000 0.000000 0.000000 0.000000 0.000000 0.000000 0.000000 0.000000 0.000000 0.000000 0.000000 0.000000
0.001462 -0.067812 1.070768 -9.297191 1.100220 1.549456 3.041646 -0.674611 2.576522 11.561376 2.030783 -2.592447 -9.149033 1.592630 10.666686 2.052225 -5.510278 0.692642 -0.331434 0.202588 -3.907457 15.998422 -0.630558 -5.880542 -6.249796 -0.277592 -10.057824 0.885011 -3.721873 -1.549445 8.276583 -0.501661 2.421139 5.738426 -2.217827 -2.487988 -2.851763 1.575298 1.087157 6.765661 2.074120 3.298765 10.382193 -1.287942 6.295435 4.217402 19.034109 -1.063400 20.288496 42.297173 -19.425228 27.812882 -7.944041 -42.972790 4.135751 0.307325 -10.665424 0.000000 0.000000 0.000000 0.000000 0.000000 0.000000 0.000000 0.000000 0.000000 0.000000 0.000000 0.000000 0.000000 0.000000 0.000000 0.000000 0.000000 0.000000 0.000000 0.000000 0.000000 0.000000 0.000000 0.000000 0.000000 0.000000 0.000000 0.000000 0.000000 0.000000 0.000000 0.000000 0.000000 0.000000 0.000000 0.000000 0.000000 0.000000 0.000000 0.000000 0.000000 0.000000 1.327076 -12.142293 3.823635 32.608187 -50.574512 24.169745 22.453019 9.126254 42.441406 3.631224 -7.721260 3.854316 0.000000 0.000000 0.000000 0.000000 0.000000 0.000000 0.000000 0.000000 0.000000 0.000000 0.000000 0.000000 0.000000 0.000000 0.000000 0.000000 0.000000 0.000000 0.000000 0.000000 0.000000 0.000000 0.000000 0.000000 0.000000 0.000000 0.000000 0.000000 0.000000 0.000000 0.000000 0.000000 0.000000 0.000000 0.000000 0.000000 0.000000 0.000000 0.000000 0.000000 0.000000 0.000000
0.003809 -0.069683 1.069749 -9.338966 0.975120 1.636418 2.491293 -0.798475 2.571447 12.505762 2.253904 -2.615330 -9.509527 1.618660 10.629890 1.959487 -5.591521 0.654359 -0.879120 0.377990 -3.902965 16.941199 -0.883364 -6.042067 -6.661439 -0.116722 -10.097116 0.889252 -3.730221 -1.502676 8.397589 -0.577165 2.357927 5.740734 -2.068847 -2.452544 -2.755227 1.607916 1.161872 6.663995 2.120136 3.366991 10.470843 -1.485848 6.455162 4.310662 18.957097 -1.432427 20.095204 40.992427 -18.892751 28.009277 -8.475693 -46.176448 3.743490 -0.150066 -11.313193 0.000000 0.000000 0.000000 0.000000 0.000000 0.000000 0.000000 0.000000 0.000000 0.000000 0.000000 0.000000 0.000000 0.000000 0.000000 0.000000 0.000000 0.000000 0.000000 0.000000 0.000000 0.000000 0.000000 0.000000 0.000000 0.000000 0.000000 0.000000 0.000000 0.000000 0.000000 0.000000 0.000000 0.000000 0.000000 0.000000 0.000000 0.000000 0.000000 0.000000 0.000000 0.000000 1.464887 -11.949315 4.092516 32.257393 -49.687322 23.353299 23.029864 9.780465 45.988344 3.250187 -7.650837 4.159697 0.000000 0.000000 0.000000 0.000000 0.000000 0.000000 0.000000 0.000000 0.000000 0.000000 0.000000 0.000000 0.000000 0.000000 0.000000 0.000000 0.000000 0.000000 0.000000 0.000000 0.000000 0.000000 0.000000 0.000000 0.000000 0.000000 0.000000 0.000000 0.000000 0.000000 0.000000 0.000000 0.000000 0.000000 0.000000 0.000000 0.000000 0.000000 0.000000 0.000000 0.000000 0.000000
0.004463 -0.070963 1.068427 -9.371333 0.907079 1.774572 2.015925 -0.888690 2.576112 13.360915 2.454316 -2.673419 -10.012469 1.539008 10.573406 1.841766 -5.707819 0.615478 -1.399267 0.534113 -3.878508 17.905128 -1.060433 -6.119553 -7.142237 0.020719 -10.155974 0.897644 -3.715392 -1.440206 8.605883 -0.555391 2.335943 5.763268 -1.953468 -2.452698 -2.676582 1.643530 1.227648 6.586589 2.114491 3.418620 10.538602 -1.611541 6.426762 4.402290 18.803580 -1.838487 19.828834 39.647250 -18.276508 28.069496 -9.012224 -49.365190 3.105939 -0.628187 -11.790731 0.000000 0.000000 0.000000 0.000000 0.000000 0.000000 0.000000 0.000000 0.000000 0.000000 0.000000 0.000000 0.000000 0.000000 0.000000 0.000000 0.000000 0.000000 0.000000 0.000000 0.000000 0.000000 0.000000 0.000000 0.000000 0.000000 0.000000 0.000000 0.000000 0.000000 0.000000 0.000000 0.000000 0.000000 0.000000 0.000000 0.000000 0.000000 0.000000 0.000000 0.000000 0.000000 1.572917 -11.829131 4.372007 31.886678 -48.796696 22.668099 23.350023 10.419402 49.080404 2.978680 -7.598118 4.425340 0.000000 0.000000 0.000000 0.000000 0.000000 0.000000 0.000000 0.000000 0.000000 0.000000 0.000000 0.000000 0.000000 0.000000 0.000000 0.000000 0.000000 0.000000 0.000000 0.000000 0.000000 0.000000 0.000000 0.000000 0.000000 0.000000 0.000000 0.000000 0.000000 0.000000 0.000000 0.000000 0.000000 0.000000 0.000000 0.000000 0.000000 0.000000 0.000000 0.000000 0.000000 0.000000
0.005461 -0.070813 1.066731 -9.332308 0.834403 1.878502 1.492670 -0.975256 2.612679 14.302532 2.632642 -2.646273 -10.651539 1.437826 10.490637 1.728092 -5.835267 0.548222 -1.995147 0.687659 -3.902087 18.986036 -1.230785 -6.175650 -7.777900 0.184810 -10.182970 0.892613 -3.695546 -1.377221 8.929673 -0.497829 2.319936 5.783347 -1.884334 -2.492171 -2.629811 1.694358 1.294527 6.444303 2.098366 3.506133 10.605167 -1.729723 6.366272 4.467123 18.734988 -2.226216 19.501902 38.345418 -17.663790 27.986339 -9.547940 -52.441731 2.441676 -1.124376 -12.165031 0.000000 0.000000 0.000000 0.000000 0.000000 0.000000 0.000000 0.000000 0.000000 0.000000 0.000000 0.000000 0.000000 0.000000 0.000000 0.000000 0.000000 0.000000 0.000000 0.000000 0.000000 0.000000 0.000000 0.000000 0.000000 0.000000 0.000000 0.000000 0.000000 0.000000 0.000000 0.000000 0.000000 0.000000 0.000000 0.000000 0.000000 0.000000 0.000000 0.000000 0.000000 0.000000 1.683358 -11.837129 4.641857 31.410482 -47.770915 21.905519 23.585732 11.215822 52.344851 2.876260 -7.338284 4.763033 0.000000 0.000000 0.000000 0.000000 0.000000 0.000000 0.000000 0.000000 0.000000 0.000000 0.000000 0.000000 0.000000 0.000000 0.000000 0.000000 0.000000 0.000000 0.000000 0.000000 0.000000 0.000000 0.000000 0.000000 0.000000 0.000000 0.000000 0.000000 0.000000 0.000000 0.000000 0.000000 0.000000 0.000000 0.000000 0.000000 0.000000 0.000000 0.000000 0.000000 0.000000 0.000000
0.005582 -0.071652 1.064734 -9.312747 0.804534 2.045043 0.772662 -1.137902 2.609727 15.545104 2.915015 -2.783342 -11.338922 1.259228 10.452537 1.622258 -5.943193 0.458032 -2.788094 0.910168 -3.910176 20.380221 -1.544206 -6.306683 -8.440835 0.292686 -10.233677 0.922661 -3.613417 -1.280183 9.278381 -0.399288 2.298175 5.774352 -1.806334 -2.563194 -2.568012 1.733235 1.355926 6.327796 2.043416 3.613455 10.774381 -1.868169 6.317559 4.555719 18.627855 -2.674242 19.173599 36.780211 -17.046319 27.866006 -10.093282 -55.874843 1.459862 -1.616969 -12.605162 0.000000 0.000000 0.000000 0.000000 0.000000 0.000000 0.000000 0.000000 0.000000 0.000000 0.000000 0.000000 0.000000 0.000000 0.000000 0.000000 0.000000 0.000000 0.000000 0.000000 0.000000 0.000000 0.000000 0.000000 0.000000 0.000000 0.000000 0.000000 0.000000 0.000000 0.000000 0.000000 0.000000 0.000000 0.000000 0.000000 0.000000 0.000000 0.000000 0.000000 0.000000 0.000000 1.821828 -11.891244 4.883662 30.817502 -46.636107 20.996108 23.528580 12.140073 56.042639 2.537080 -7.140062 5.111356 0.000000 0.000000 0.000000 0.000000 0.000000 0.000000 0.000000 0.000000 0.000000 0.000000 0.000000 0.000000 0.000000 0.000000 0.000000 0.000000 0.000000 0.000000 0.000000 0.000000 0.000000 0.000000 0.000000 0.000000 0.000000 0.000000 0.000000 0.000000 0.000000 0.000000 0.000000 0.000000 0.000000 0.000000 0.000000 0.000000 0.000000 0.000000 0.000000 0.000000 0.000000 0.000000
0.008656 -0.074979 1.062626 -9.438707 0.655439 2.008166 0.044271 -1.283254 2.557117 16.928835 3.205735 -3.025431 -11.943991 1.042153 10.574541 1.490442 -6.057050 0.411672 -3.639748 1.158636 -3.907836 21.946343 -1.880517 -6.462580 -9.237795 0.435279 -10.237728 0.962602 -3.497598 -1.195164 9.678253 -0.288945 2.297445 5.810746 -1.705737 -2.612939 -2.413353 1.773752 1.411012 6.102357 1.981018 3.739156 10.903448 -1.968645 6.167008 4.645211 18.616960 -3.067433 18.735837 35.093863 -16.251192 27.278921 -10.710982 -59.646991 0.304830 -2.030292 -13.167493 0.000000 0.000000 0.000000 0.000000 0.000000 0.000000 0.000000 0.000000 0.000000 0.000000 0.000000 0.000000 0.000000 0.000000 0.000000 0.000000 0.000000 0.000000 0.000000 0.000000 0.000000 0.000000 0.000000 0.000000 0.000000 0.000000 0.000000 0.000000 0.000000 0.000000 0.000000 0.000000 0.000000 0.000000 0.000000 0.000000 0.000000 0.000000 0.000000 0.000000 0.000000 0.000000 1.844436 -12.043262 5.199892 30.216609 -45.246415 19.934842 23.441877 13.230083 60.412650 2.141203 -6.806497 5.550969 0.000000 0.000000 0.000000 0.000000 0.000000 0.000000 0.000000 0.000000 0.000000 0.000000 0.000000 0.000000 0.000000 0.000000 0.000000 0.000000 0.000000 0.000000 0.000000 0.000000 0.000000 0.000000 0.000000 0.000000 0.000000 0.000000 0.000000 0.000000 0.000000 0.000000 0.000000 0.000000 0.000000 0.000000 0.000000 0.000000 0.000000 0.000000 0.000000 0.000000 0.000000 0.000000
0.009349 -0.076876 1.060242 -9.503990 0.622483 2.076367 -0.637711 -1.455360 2.522525 18.233808 3.478764 -3.222001 -12.704049 0.801609 10.584188 1.342521 -6.178733 0.323638 -4.395637 1.352267 -3.922482 23.358110 -2.163063 -6.523193 -9.968676 0.602025 -10.250093 1.002253 -3.418231 -1.090993 10.094429 -0.187371 2.313289 5.916630 -1.651463 -2.648971 -2.406627 1.807658 1.460091 6.067231 1.935286 3.921966 10.919259 -2.035928 6.007686 4.733631 18.549151 -3.454082 18.399553 33.640321 -15.726997 26.795417 -11.138898 -62.757836 -0.734231 -2.532917 -13.627462 0.000000 0.000000 0.000000 0.000000 0.000000 0.000000 0.000000 0.000000 0.000000 0.000000 0.000000 0.000000 0.000000 0.000000 0.000000 0.000000 0.000000 0.000000 0.000000 0.000000 0.000000 0.000000 0.000000 0.000000 0.000000 0.000000 0.000000 0.000000 0.000000 0.000000 0.000000 0.000000 0.000000 0.000000 0.000000 0.000000 0.000000 0.000000 0.000000 0.000000 0.000000 0.000000 1.928512 -12.079532 5.465958 29.728358 -44.139143 19.145633 23.256081 14.123526 64.054150 1.706004 -6.329250 5.912415 0.000000 0.000000 0.000000 0.000000 0.000000 0.000000 0.000000 0.000000 0.000000 0.000000 0.000000 0.000000 0.000000 0.000000 0.000000 0.000000 0.000000 0.000000 0.000000 0.000000 0.000000 0.000000 0.000000 0.000000 0.000000 0.000000 0.000000 0.000000 0.000000 0.000000 0.000000 0.000000 0.000000 0.000000 0.000000 0.000000 0.000000 0.000000 0.000000 0.000000 0.000000 0.000000
0.010446 -0.079086 1.057683 -9.490674 0.561244 2.206877 -1.346299 -1.624597 2.485458 19.328531 3.760211 -3.256925 -13.438405 0.653194 10.437468 1.253633 -6.197378 0.237965 -5.088620 1.523420 -3.893994 24.411770 -2.418964 -6.596978 -10.722903 0.783729 -10.296869 1.003554 -3.360663 -1.010547 10.440688 -0.048204 2.332918 6.091451 -1.652981 -2.700275 -2.496769 1.824371 1.504766 5.851882 1.818795 4.254553 10.726834 -2.113105 5.854447 4.838634 18.429803 -3.858767 18.332229 32.210716 -15.274189 26.599134 -11.499295 -65.643065 -1.585993 -2.978604 -14.248858 0.000000 0.000000 0.000000 0.000000 0.000000 0.000000 0.000000 0.000000 0.000000 0.000000 0.000000 0.000000 0.000000 0.000000 0.000000 0.000000 0.000000 0.000000 0.000000 0.000000 0.000000 0.000000 0.000000 0.000000 0.000000 0.000000 0.000000 0.000000 0.000000 0.000000 0.000000 0.000000 0.000000 0.000000 0.000000 0.000000 0.000000 0.000000 0.000000 0.000000 0.000000 0.000000 1.979548 -12.137795 5.735665 29.383757 -43.008719 18.560043 23.173009 14.870486 67.240930 1.287836 -5.807434 6.338720 0.000000 0.000000 0.000000 0.000000 0.000000 0.000000 0.000000 0.000000 0.000000 0.000000 0.000000 0.000000 0.000000 0.000000 0.000000 0.000000 0.000000 0.000000 0.000000 0.000000 0.000000 0.000000 0.000000 0.000000 0.000000 0.000000 0.000000 0.000000 0.000000 0.000000 0.000000 0.000000 0.000000 0.000000 0.000000 0.000000 0.000000 0.000000 0.000000 0.000000 0.000000 0.000000
0.011287 -0.082951 1.055154 -9.587547 0.539098 2.418097 -2.039827 -1.888419 2.433964 20.476918 4.089899 -3.468059 -14.113396 0.494366 10.289822 1.200175 -6.216949 0.162596 -5.796308 1.683048 -3.835852 25.603251 -2.763765 -6.674816 -11.379456 0.991151 -10.395179 1.054045 -3.259648 -0.928295 10.887157 0.051996 2.323078 6.202283 -1.626459 -2.742164 -2.509154 1.797865 1.516900 5.583892 1.728519 4.491131 10.648702 -2.209227 5.670129 4.919742 18.419708 -4.214768 18.016258 30.875454 -14.742166 26.082692 -11.776698 -68.396873 -2.377225 -3.078092 -14.698165 0.000000 0.000000 0.000000 0.000000 0.000000 0.000000 0.000000 0.000000 0.000000 0.000000 0.000000 0.000000 0.000000 0.000000 0.000000 0.000000 0.000000 0.000000 0.000000 0.000000 0.000000 0.000000 0.000000 0.000000 0.000000 0.000000 0.000000 0.000000 0.000000 0.000000 0.000000 0.000000 0.000000 0.000000 0.000000 0.000000 0.000000 0.000000 0.000000 0.000000 0.000000 0.000000 2.008631 -12.220785 5.972696 28.877881 -41.875783 17.733309 22.680495 15.770171 70.690882 0.760396 -5.689913 6.671513 0.000000 0.000000 0.000000 0.000000 0.000000 0.000000 0.000000 0.000000 0.000000 0.000000 0.000000 0.000000 0.000000 0.000000 0.000000 0.000000 0.000000 0.000000 0.000000 0.000000 0.000000 0.000000 0.000000 0.000000 0.000000 0.000000 0.000000 0.000000 0.000000 0.000000 0.000000 0.000000 0.000000 0.000000 0.000000 0.000000 0.000000 0.000000 0.000000 0.000000 0.000000 0.000000
0.012133 -0.084687 1.052395 -9.525743 0.557047 2.369394 -2.795527 -2.137968 2.311489 21.608247 4.394283 -3.664856 -14.818200 0.310450 10.262487 1.138878 -6.193582 0.094420 -6.546715 1.807045 -3.787212 26.631954 -3.070568 -6.779926 -12.117729 1.131359 -10.351947 1.102785 -3.181929 -0.851157 11.298592 0.126184 2.340015 6.205202 -1.569335 -2.769651 -2.521973 1.718515 1.555765 5.333090 1.756219 4.806851 10.377381 -2.395648 5.623708 5.075651 18.374248 -4.555745 17.770416 29.230162 -14.072794 25.438595 -12.015613 -71.797025 -3.271427 -3.498234 -15.288863 0.000000 0.000000 0.000000 0.000000 0.000000 0.000000 0.000000 0.000000 0.000000 0.000000 0.000000 0.000000 0.000000 0.000000 0.000000 0.000000 0.000000 0.000000 0.000000 0.000000 0.000000 0.000000 0.000000 0.000000 0.000000 0.000000 0.000000 0.000000 0.000000 0.000000 0.000000 0.000000 0.000000 0.000000 0.000000 0.000000 0.000000 0.000000 0.000000 0.000000 0.000000 0.000000 2.108189 -12.189036 6.237217 28.404435 -40.686050 16.888967 22.073229 16.703936 74.586202 -0.012198 -5.277960 6.965903 0.000000 0.000000 0.000000 0.000000 0.000000 0.000000 0.000000 0.000000 0.000000 0.000000 0.000000 0.000000 0.000000 0.000000 0.000000 0.000000 0.000000 0.000000 0.000000 0.000000 0.000000 0.000000 0.000000 0.000000 0.000000 0.000000 0.000000 0.000000 0.000000 0.000000 0.000000 0.000000 0.000000 0.000000 0.000000 0.000000 0.000000 0.000000 0.000000 0.000000 0.000000 0.000000
0.011186 -0.086823 1.049548 -9.499040 0.626451 2.354957 -3.468889 -2.300244 2.190051 22.627113 4.638967 -3.831740 -15.627847 0.050208 10.289249 1.088323 -6.241648 0.027258 -7.330403 1.948860 -3.691249 27.776454 -3.349266 -6.798279 -12.788859 1.218473 -10.385631 1.178022 -3.045885 -0.759662 11.760863 0.198791 2.340356 6.304471 -1.531779 -2.811550 -2.615789 1.663614 1.569878 5.107093 1.736887 5.112406 10.097358 -2.524380 5.546391 5.144507 18.329438 -4.884963 17.561059 27.766659 -13.656624 24.793060 -12.316011 -74.730116 -3.994784 -3.857465 -15.892992 0.000000 0.000000 0.000000 0.000000 0.000000 0.000000 0.000000 0.000000 0.000000 0.000000 0.000000 0.000000 0.000000 0.000000 0.000000 0.000000 0.000000 0.000000 0.000000 0.000000 0.000000 0.000000 0.000000 0.000000 0.000000 0.000000 0.000000 0.000000 0.000000 0.000000 0.000000 0.000000 0.000000 0.000000 0.000000 0.000000 0.000000 0.000000 0.000000 0.000000 0.000000 0.000000 2.138760 -12.228602 6.466642 27.942942 -39.390745 16.180876 21.418810 17.493945 78.118627 -0.627453 -4.805715 7.360875 0.000000 0.000000 0.000000 0.000000 0.000000 0.000000 0.000000 0.000000 0.000000 0.000000 0.000000 0.000000 0.000000 0.000000 0.000000 0.000000 0.000000 0.000000 0.000000 0.000000 0.000000 0.000000 0.000000 0.000000 0.000000 0.000000 0.000000 0.000000 0.000000 0.000000 0.000000 0.000000 0.000000 0.000000 0.000000 0.000000 0.000000 0.000000 0.000000 0.000000 0.000000 0.000000
0.011945 -0.086919 1.046556 -9.405728 0.546126 2.429064 -3.912441 -2.388354 2.191102 23.289154 4.900274 -3.732079 -16.541414 -0.118868 10.076069 1.060643 -6.260676 0.001848 -8.017747 2.217093 -3.702002 28.843858 -3.613387 -6.789169 -13.620230 1.292538 -10.394087 1.242854 -2.917367 -0.680600 12.138274 0.311442 2.337136 6.440544 -1.491015 -2.865039 -2.676374 1.603389 1.596350 4.850003 1.766994 5.328408 9.817749 -2.611737 5.473323 5.139155 18.158551 -5.292447 17.332281 26.392626 -13.270705 24.233168 -12.538089 -77.448330 -4.687977 -4.054271 -16.460624 0.000000 0.000000 0.000000 0.000000 0.000000 0.000000 0.000000 0.000000 0.000000 0.000000 0.000000 0.000000 0.000000 0.000000 0.000000 0.000000 0.000000 0.000000 0.000000 0.000000 0.000000 0.000000 0.000000 0.000000 0.000000 0.000000 0.000000 0.000000 0.000000 0.000000 0.000000 0.000000 0.000000 0.000000 0.000000 0.000000 0.000000 0.000000 0.000000 0.000000 0.000000 0.000000 2.150411 -12.247769 6.690000 27.397178 -38.160379 15.366712 20.704437 18.093443 81.668341 -1.055802 -4.492285 7.661086 0.000000 0.000000 0.000000 0.000000 0.000000 0.000000 0.000000 0.000000 0.000000 0.000000 0.000000 0.000000 0.000000 0.000000 0.000000 0.000000 0.000000 0.000000 0.000000 0.000000 0.000000 0.000000 0.000000 0.000000 0.000000 0.000000 0.000000 0.000000 0.000000 0.000000 0.000000 0.000000 0.000000 0.000000 0.000000 0.000000 0.000000 0.000000 0.000000 0.000000 0.000000 0.000000
0.013164 -0.087910 1.043396 -9.373869 0.444967 2.377438 -4.335039 -2.365987 2.085848 23.982001 5.043726 -3.780246 -17.486440 -0.456853 10.031212 1.043329 -6.281541 -0.010710 -8.724567 2.410291 -3.655165 29.973270 -3.736222 -6.805036 -14.495428 1.410421 -10.368691 1.314370 -2.813703 -0.614459 12.517463 0.431986 2.380469 6.512556 -1.422007 -2.912819 -2.827618 1.601468 1.649319 4.716080 1.750913 5.483717 9.398801 -2.727346 5.236862 5.236308 18.041768 -5.664094 17.199598 24.995900 -12.963027 23.730315 -12.836038 -80.109576 -5.037538 -4.614530 -17.045259 0.000000 0.000000 0.000000 0.000000 0.000000 0.000000 0.000000 0.000000 0.000000 0.000000 0.000000 0.000000 0.000000 0.000000 0.000000 0.000000 0.000000 0.000000 0.000000 0.000000 0.000000 0.000000 0.000000 0.000000 0.000000 0.000000 0.000000 0.000000 0.000000 0.000000 0.000000 0.000000 0.000000 0.000000 0.000000 0.000000 0.000000 0.000000 0.000000 0.000000 0.000000 0.000000 2.113549 -12.091897 7.004600 27.053523 -37.132216 14.753752 20.219506 18.532234 84.875027 -1.671123 -3.970486 8.008048 0.000000 0.000000 0.000000 0.000000 0.000000 0.000000 0.000000 0.000000 0.000000 0.000000 0.000000 0.000000 0.000000 0.000000 0.000000 0.000000 0.000000 0.000000 0.000000 0.000000 0.000000 0.000000 0.000000 0.000000 0.000000 0.000000 0.000000 0.000000 0.000000 0.000000 0.000000 0.000000 0.000000 0.000000 0.000000 0.000000 0.000000 0.000000 0.000000 0.000000 0.000000 0.000000
0.014885 -0.089365 1.040102 -9.390604 0.361511 2.558761 -4.927017 -2.521116 2.007202 25.033863 5.277734 -3.927679 -18.418945 -0.656978 9.865420 0.949317 -6.387998 -0.061366 -9.462459 2.620605 -3.617278 31.286923 -4.058232 -6.819241 -15.376068 1.523518 -10.511615 1.434344 -2.652401 -0.523201 12.858352 0.447286 2.362619 6.662538 -1.375053 -2.987342 -2.821345 1.545154 1.655644 4.473226 1.794475 5.668032 9.052013 -2.782732 5.120255 5.126626 17.685280 -6.112493 16.796521 23.648698 -12.702567 22.909131 -12.948697 -82.660701 -5.850410 -4.502277 -17.596230 0.000000 0.000000 0.000000 0.000000 0.000000 0.000000 0.000000 0.000000 0.000000 0.000000 0.000000 0.000000 0.000000 0.000000 0.000000 0.000000 0.000000 0.000000 0.000000 0.000000 0.000000 0.000000 0.000000 0.000000 0.000000 0.000000 0.000000 0.000000 0.000000 0.000000 0.000000 0.000000 0.000000 0.000000 0.000000 0.000000 0.000000 0.000000 0.000000 0.000000 0.000000 0.000000 2.083566 -11.959651 7.175248 26.393880 -35.854633 13.984675 19.075007 19.198888 88.450557 -2.006479 -4.028026 8.309481 0.000000 0.000000 0.000000 0.000000 0.000000 0.000000 0.000000 0.000000 0.000000 0.000000 0.000000 0.000000 0.000000 0.000000 0.000000 0.000000 0.000000 0.000000 0.000000 0.000000 0.000000 0.000000 0.000000 0.000000 0.000000 0.000000 0.000000 0.000000 0.000000 0.000000 0.000000 0.000000 0.000000 0.000000 0.000000 0.000000 0.000000 0.000000 0.000000 0.000000 0.000000 0.000000
0.016047 -0.090872 1.036964 -9.541767 0.296460 2.559834 -5.389546 -2.669173 2.007269 26.247117 5.522005 -4.072276 -19.302848 -0.914422 9.738417 0.791501 -6.579368 -0.116074 -10.202284 2.908602 -3.623903 32.931305 -4.379867 -6.737411 -16.083307 1.598969 -10.474074 1.512671 -2.526247 -0.452493 13.344948 0.527042 2.436342 6.818418 -1.325666 -3.052783 -2.865165 1.520507 1.743000 4.323341 1.837055 5.869858 8.980769 -2.843948 5.025506 5.086736 17.452960 -6.585814 16.188649 22.513104 -12.438860 21.976604 -12.842835 -84.676674 -6.565315 -4.453394 -17.981418 0.000000 0.000000 0.000000 0.000000 0.000000 0.000000 0.000000 0.000000 0.000000 0.000000 0.000000 0.000000 0.000000 0.000000 0.000000 0.000000 0.000000 0.000000 0.000000 0.000000 0.000000 0.000000 0.000000 0.000000 0.000000 0.000000 0.000000 0.000000 0.000000 0.000000 0.000000 0.000000 0.000000 0.000000 0.000000 0.000000 0.000000 0.000000 0.000000 0.000000 0.000000 0.000000 2.055854 -11.863812 7.351125 25.562974 -34.839381 13.215847 17.750159 19.591593 91.247170 -1.943136 -4.227187 8.422070 0.000000 0.000000 0.000000 0.000000 0.000000 0.000000 0.000000 0.000000 0.000000 0.000000 0.000000 0.000000 0.000000 0.000000 0.000000 0.000000 0.000000 0.000000 0.000000 0.000000 0.000000 0.000000 0.000000 0.000000 0.000000 0.000000 0.000000 0.000000 0.000000 0.000000 0.000000 0.000000 0.000000 0.000000 0.000000 0.000000 0.000000 0.000000 0.000000 0.000000 0.000000 0.000000
0.019888 -0.090751 1.033766 -9.585524 0.068771 2.635593 -5.837163 -2.775434 1.976187 27.312126 5.788612 -4.295225 -20.088290 -1.122444 9.589078 0.735053 -6.601323 -0.125141 -10.883122 3.254363 -3.684476 34.403682 -4.669879 -6.713607 -16.928089 1.718579 -10.403523 1.592971 -2.362664 -0.391629 13.861325 0.639467 2.474781 6.858892 -1.242399 -3.129585 -2.900370 1.489972 1.813388 4.158177 1.998777 6.043254 8.917540 -2.939120 4.940016 5.080928 17.215419 -7.172278 15.486955 21.237193 -12.126873 20.963070 -12.802984 -86.774763 -7.202195 -5.006718 -18.445412 0.000000 0.000000 0.000000 0.000000 0.000000 0.000000 0.000000 0.000000 0.000000 0.000000 0.000000 0.000000 0.000000 0.000000 0.000000 0.000000 0.000000 0.000000 0.000000 0.000000 0.000000 0.000000 0.000000 0.000000 0.000000 0.000000 0.000000 0.000000 0.000000 0.000000 0.000000 0.000000 0.000000 0.000000 0.000000 0.000000 0.000000 0.000000 0.000000 0.000000 0.000000 0.000000 2.130562 -11.794577 7.703111 24.666090 -33.648494 12.373657 16.508295 19.729917 94.260502 -1.984126 -3.800942 8.625758 0.000000 0.000000 0.000000 0.000000 0.000000 0.000000 0.000000 0.000000 0.000000 0.000000 0.000000 0.000000 0.000000 0.000000 0.000000 0.000000 0.000000 0.000000 0.000000 0.000000 0.000000 0.000000 0.000000 0.000000 0.000000 0.000000 0.000000 0.000000 0.000000 0.000000 0.000000 0.000000 0.000000 0.000000 0.000000 0.000000 0.000000 0.000000 0.000000 0.000000 0.000000 0.000000
0.019952 -0.092481 1.030719 -9.688436 0.059938 2.710599 -6.357373 -3.023440 2.091445 28.472953 6.083138 -4.430988 -20.938951 -1.142264 9.285712 0.696207 -6.674294 -0.158933 -11.695611 3.568832 -3.684492 35.997484 -4.984705 -6.630592 -17.370657 1.550636 -10.369018 1.691437 -2.256798 -0.259155 14.345640 0.765464 2.497987 6.895569 -1.181791 -3.254278 -3.032189 1.444489 1.871983 3.994965 1.956174 6.291852 8.868967 -3.067564 4.833612 5.166298 16.866121 -7.823990 14.864868 19.608594 -11.922586 20.113454 -12.940647 -89.303733 -7.381069 -5.972808 -19.275331 0.000000 0.000000 0.000000 0.000000 0.000000 0.000000 0.000000 0.000000 0.000000 0.000000 0.000000 0.000000 0.000000 0.000000 0.000000 0.000000 0.000000 0.000000 0.000000 0.000000 0.000000 0.000000 0.000000 0.000000 0.000000 0.000000 0.000000 0.000000 0.000000 0.000000 0.000000 0.000000 0.000000 0.000000 0.000000 0.000000 0.000000 0.000000 0.000000 0.000000 0.000000 0.000000 2.148494 -11.575666 8.058381 23.774849 -32.291781 11.739006 15.428209 19.937888 97.253161 -2.492257 -3.163462 9.030026 0.000000 0.000000 0.000000 0.000000 0.000000 0.000000 0.000000 0.000000 0.000000 0.000000 0.000000 0.000000 0.000000 0.000000 0.000000 0.000000 0.000000 0.000000 0.000000 0.000000 0.000000 0.000000 0.000000 0.000000 0.000000 0.000000 0.000000 0.000000 0.000000 0.000000 0.000000 0.000000 0.000000 0.000000 0.000000 0.000000 0.000000 0.000000 0.000000 0.000000 0.000000 0.000000
0.020729 -0.095022 1.027853 -9.792491 0.057629 2.985802 -7.075288 -3.328379 2.038223 29.837617 6.386628 -4.520703 -21.548075 -1.105809 8.999411 0.583080 -6.851670 -0.255150 -12.531708 3.847490 -3.663829 37.550163 -5.427187 -6.578963 -17.624527 1.572212 -10.477925 1.825758 -2.126680 -0.174740 14.855335 0.806751 2.528005 6.842991 -1.150903 -3.362877 -3.033609 1.365595 1.905045 3.930555 1.922987 6.566999 8.913629 -3.212586 4.769329 4.993499 16.434194 -8.346079 14.149553 18.688147 -11.831419 19.127048 -12.868539 -91.015869 -7.715555 -5.858959 -19.488169 0.000000 0.000000 0.000000 0.000000 0.000000 0.000000 0.000000 0.000000 0.000000 0.000000 0.000000 0.000000 0.000000 0.000000 0.000000 0.000000 0.000000 0.000000 0.000000 0.000000 0.000000 0.000000 0.000000 0.000000 0.000000 0.000000 0.000000 0.000000 0.000000 0.000000 0.000000 0.000000 0.000000 0.000000 0.000000 0.000000 0.000000 0.000000 0.000000 0.000000 0.000000 0.000000 2.051760 -11.322478 8.287853 22.922887 -31.403916 11.360784 14.036005 20.301939 99.420118 -2.109708 -3.357131 9.140094 0.000000 0.000000 0.000000 0.000000 0.000000 0.000000 0.000000 0.000000 0.000000 0.000000 0.000000 0.000000 0.000000 0.000000 0.000000 0.000000 0.000000 0.000000 0.000000 0.000000 0.000000 0.000000 0.000000 0.000000 0.000000 0.000000 0.000000 0.000000 0.000000 0.000000 0.000000 0.000000 0.000000 0.000000 0.000000 0.000000 0.000000 0.000000 0.000000 0.000000 0.000000 0.000000
0.021971 -0.098170 1.025097 -9.883966 0.119756 3.048894 -7.894593 -3.647633 1.958482 31.274477 6.550462 -4.635852 -22.004650 -1.091341 8.860274 0.507198 -6.944718 -0.315613 -13.513625 4.027012 -3.625419 39.186085 -5.838185 -6.464876 -17.753879 1.489339 -10.507255 1.954266 -1.991116 -0.100350 15.371022 0.829635 2.631175 6.925380 -1.109424 -3.420659 -3.243831 1.287470 1.959439 3.918775 1.983606 6.757668 8.979996 -3.423013 4.519784 4.808334 16.018387 -8.946882 13.549663 17.594969 -11.883969 18.058037 -13.130137 -92.798508 -7.573509 -6.216741 -19.939057 0.000000 0.000000 0.000000 0.000000 0.000000 0.000000 0.000000 0.000000 0.000000 0.000000 0.000000 0.000000 0.000000 0.000000 0.000000 0.000000 0.000000 0.000000 0.000000 0.000000 0.000000 0.000000 0.000000 0.000000 0.000000 0.000000 0.000000 0.000000 0.000000 0.000000 0.000000 0.000000 0.000000 0.000000 0.000000 0.000000 0.000000 0.000000 0.000000 0.000000 0.000000 0.000000 1.993585 -10.995102 8.688131 22.038955 -30.096121 10.817962 12.918934 20.717112 102.014669 -2.249479 -3.255654 9.255445 0.000000 0.000000 0.000000 0.000000 0.000000 0.000000 0.000000 0.000000 0.000000 0.000000 0.000000 0.000000 0.000000 0.000000 0.000000 0.000000 0.000000 0.000000 0.000000 0.000000 0.000000 0.000000 0.000000 0.000000 0.000000 0.000000 0.000000 0.000000 0.000000 0.000000 0.000000 0.000000 0.000000 0.000000 0.000000 0.000000 0.000000 0.000000 0.000000 0.000000 0.000000 0.000000
0.024581 -0.104812 1.022820 -10.317893 0.056983 3.248903 -8.389276 -3.930606 1.934207 32.592228 6.722975 -4.796062 -22.348937 -1.029560 8.664213 0.373219 -7.118831 -0.396062 -14.188589 4.216006 -3.592593 40.796795 -6.158434 -6.233691 -17.812987 1.600236 -10.675258 2.001055 -1.884008 -0.008624 15.960623 0.906729 2.711894 7.029703 -1.122193 -3.486483 -3.391857 1.262541 2.006573 3.884002 1.943127 7.099692 9.105068 -3.518892 4.620738 4.592784 15.600416 -9.526469 12.838858 16.769144 -11.879733 17.107623 -13.171912 -94.182443 -7.996066 -5.830357 -20.407905 0.000000 0.000000 0.000000 0.000000 0.000000 0.000000 0.000000 0.000000 0.000000 0.000000 0.000000 0.000000 0.000000 0.000000 0.000000 0.000000 0.000000 0.000000 0.000000 0.000000 0.000000 0.000000 0.000000 0.000000 0.000000 0.000000 0.000000 0.000000 0.000000 0.000000 0.000000 0.000000 0.000000 0.000000 0.000000 0.000000 0.000000 0.000000 0.000000 0.000000 0.000000 0.000000 1.918692 -10.771241 9.034418 21.049219 -28.944981 10.511636 11.668825 20.913670 103.769671 -2.035010 -3.903070 9.488002 0.000000 0.000000 0.000000 0.000000 0.000000 0.000000 0.000000 0.000000 0.000000 0.000000 0.000000 0.000000 0.000000 0.000000 0.000000 0.000000 0.000000 0.000000 0.000000 0.000000 0.000000 0.000000 0.000000 0.000000 0.000000 0.000000 0.000000 0.000000 0.000000 0.000000 0.000000 0.000000 0.000000 0.000000 0.000000 0.000000 0.000000 0.000000 0.000000 0.000000 0.000000 0.000000
0.028499 -0.109071 1.020609 -10.657248 -0.074954 3.451954 -8.887004 -4.250195 1.915312 33.949367 6.955723 -4.980561 -22.590306 -0.870226 8.453196 0.317446 -7.158536 -0.451570 -14.656426 4.352356 -3.635608 42.085550 -6.374541 -6.129959 -18.186945 1.745469 -10.817893 2.084172 -1.663250 0.061227 16.517445 0.886301 2.774698 7.233918 -1.055248 -3.535768 -3.493923 1.240292 2.041904 4.002993 1.916533 7.309945 9.139720 -3.638239 4.556438 4.329528 15.139587 -10.082186 12.105423 15.811965 -11.795392 15.779636 -13.376545 -95.883891 -8.106281 -5.838453 -20.722380 0.000000 0.000000 0.000000 0.000000 0.000000 0.000000 0.000000 0.000000 0.000000 0.000000 0.000000 0.000000 0.000000 0.000000 0.000000 0.000000 0.000000 0.000000 0.000000 0.000000 0.000000 0.000000 0.000000 0.000000 0.000000 0.000000 0.000000 0.000000 0.000000 0.000000 0.000000 0.000000 0.000000 0.000000 0.000000 0.000000 0.000000 0.000000 0.000000 0.000000 0.000000 0.000000 1.729454 -10.341498 9.456856 20.002941 -27.855230 10.261568 10.045505 21.440182 106.101878 -1.930575 -4.495362 9.577672 0.000000 0.000000 0.000000 0.000000 0.000000 0.000000 0.000000 0.000000 0.000000 0.000000 0.000000 0.000000 0.000000 0.000000 0.000000 0.000000 0.000000 0.000000 0.000000 0.000000 0.000000 0.000000 0.000000 0.000000 0.000000 0.000000 0.000000 0.000000 0.000000 0.000000 0.000000 0.000000 0.000000 0.000000 0.000000 0.000000 0.000000 0.000000 0.000000 0.000000 0.000000 0.000000
0.031006 -0.111709 1.018525 -10.855675 -0.111308 3.725387 -9.417599 -4.530462 1.859152 35.144153 7.049020 -5.100728 -22.861678 -0.718485 8.232586 0.203977 -7.266728 -0.509758 -15.110607 4.424285 -3.620426 43.174616 -6.631383 -5.983532 -18.531536 1.851575 -11.016811 2.122631 -1.532377 0.126422 16.967926 0.925135 2.879193 7.489633 -1.095894 -3.633890 -3.747078 1.192142 2.063612 4.049474 1.892263 7.646819 9.174911 -3.691778 4.648694 4.259406 14.955821 -10.640251 11.548672 14.817671 -11.678066 14.740359 -13.253037 -97.270722 -8.011981 -5.942108 -21.117829 0.000000 0.000000 0.000000 0.000000 0.000000 0.000000 0.000000 0.000000 0.000000 0.000000 0.000000 0.000000 0.000000 0.000000 0.000000 0.000000 0.000000 0.000000 0.000000 0.000000 0.000000 0.000000 0.000000 0.000000 0.000000 0.000000 0.000000 0.000000 0.000000 0.000000 0.000000 0.000000 0.000000 0.000000 0.000000 0.000000 0.000000 0.000000 0.000000 0.000000 0.000000 0.000000 1.629996 -10.203344 9.745290 19.111604 -26.797124 9.770001 8.647686 21.532303 107.865633 -2.299456 -4.701982 9.793688 0.000000 0.000000 0.000000 0.000000 0.000000 0.000000 0.000000 0.000000 0.000000 0.000000 0.000000 0.000000 0.000000 0.000000 0.000000 0.000000 0.000000 0.000000 0.000000 0.000000 0.000000 0.000000 0.000000 0.000000 0.000000 0.000000 0.000000 0.000000 0.000000 0.000000 0.000000 0.000000 0.000000 0.000000 0.000000 0.000000 0.000000 0.000000 0.000000 0.000000 0.000000 0.000000
0.036391 -0.114694 1.016700 -11.047643 -0.321489 3.911575 -9.880473 -4.795499 1.812482 36.161284 7.255644 -5.127659 -22.921856 -0.471678 7.978432 0.125735 -7.342486 -0.564562 -15.587062 4.565642 -3.586898 44.232992 -6.886362 -5.870569 -18.809586 2.030918 -11.111641 2.172396 -1.421698 0.187197 17.270173 0.972561 2.941286 7.627105 -1.040036 -3.679547 -3.900959 1.198757 2.122878 4.112313 1.914255 7.803962 9.164084 -3.766035 4.514017 3.982516 14.409516 -11.132318 11.023213 14.112512 -11.772198 13.918824 -13.260456 -98.311864 -8.146123 -5.776815 -21.495400 0.000000 0.000000 0.000000 0.000000 0.000000 0.000000 0.000000 0.000000 0.000000 0.000000 0.000000 0.000000 0.000000 0.000000 0.000000 0.000000 0.000000 0.000000 0.000000 0.000000 0.000000 0.000000 0.000000 0.000000 0.000000 0.000000 0.000000 0.000000 0.000000 0.000000 0.000000 0.000000 0.000000 0.000000 0.000000 0.000000 0.000000 0.000000 0.000000 0.000000 0.000000 0.000000 1.507918 -9.777915 10.188632 18.294301 -25.829246 9.709571 7.657519 21.663079 109.423113 -2.348735 -5.055162 9.971067 0.000000 0.000000 0.000000 0.000000 0.000000 0.000000 0.000000 0.000000 0.000000 0.000000 0.000000 0.000000 0.000000 0.000000 0.000000 0.000000 0.000000 0.000000 0.000000 0.000000 0.000000 0.000000 0.000000 0.000000 0.000000 0.000000 0.000000 0.000000 0.000000 0.000000 0.000000 0.000000 0.000000 0.000000 0.000000 0.000000 0.000000 0.000000 0.000000 0.000000 0.000000 0.000000
0.039727 -0.116679 1.014892 -11.217442 -0.428904 4.189682 -10.257106 -5.046785 1.827093 37.076377 7.343785 -5.087173 -23.172535 -0.192287 7.625567 0.068710 -7.393380 -0.608717 -15.868076 4.638132 -3.649010 45.034382 -7.060954 -5.900131 -19.253875 2.171552 -11.129919 2.218266 -1.343240 0.222442 17.537953 0.968540 3.030799 7.802056 -0.987562 -3.738024 -4.098932 1.191474 2.210277 4.314925 1.867567 8.047470 9.154565 -3.878126 4.523420 3.650738 14.016528 -11.646799 10.455062 13.432460 -11.846015 13.048828 -13.245734 -99.354035 -7.851925 -5.774317 -21.919622 0.000000 0.000000 0.000000 0.000000 0.000000 0.000000 0.000000 0.000000 0.000000 0.000000 0.000000 0.000000 0.000000 0.000000 0.000000 0.000000 0.000000 0.000000 0.000000 0.000000 0.000000 0.000000 0.000000 0.000000 0.000000 0.000000 0.000000 0.000000 0.000000 0.000000 0.000000 0.000000 0.000000 0.000000 0.000000 0.000000 0.000000 0.000000 0.000000 0.000000 0.000000 0.000000 1.356889 -9.471532 10.503867 17.415145 -24.920919 9.502058 6.486258 21.789106 110.898407 -2.301839 -5.180793 10.178720 0.000000 0.000000 0.000000 0.000000 0.000000 0.000000 0.000000 0.000000 0.000000 0.000000 0.000000 0.000000 0.000000 0.000000 0.000000 0.000000 0.000000 0.000000 0.000000 0.000000 0.000000 0.000000 0.000000 0.000000 0.000000 0.000000 0.000000 0.000000 0.000000 0.000000 0.000000 0.000000 0.000000 0.000000 0.000000 0.000000 0.000000 0.000000 0.000000 0.000000 0.000000 0.000000
0.043075 -0.117783 1.013056 -11.332927 -0.494442 4.327157 -10.663140 -5.261307 1.801643 38.005751 7.346596 -5.132020 -23.436133 -0.023768 7.523013 0.009236 -7.419140 -0.672776 -16.167392 4.643094 -3.672103 45.782951 -7.248706 -5.893069 -19.746752 2.299449 -11.195471 2.230613 -1.191283 0.269242 17.771535 0.983410 3.082254 7.897536 -0.947753 -3.855837 -4.267478 1.173564 2.287027 4.549373 1.849059 8.249481 9.139599 -3.884361 4.679596 3.358733 13.492055 -12.042075 10.018786 12.723084 -12.033937 12.110373 -13.090925 -100.734426 -8.160004 -6.515931 -22.100509 0.000000 0.000000 0.000000 0.000000 0.000000 0.000000 0.000000 0.000000 0.000000 0.000000 0.000000 0.000000 0.000000 0.000000 0.000000 0.000000 0.000000 0.000000 0.000000 0.000000 0.000000 0.000000 0.000000 0.000000 0.000000 0.000000 0.000000 0.000000 0.000000 0.000000 0.000000 0.000000 0.000000 0.000000 0.000000 0.000000 0.000000 0.000000 0.000000 0.000000 0.000000 0.000000 1.086321 -8.922113 10.794103 16.707406 -24.150629 9.715719 5.248538 21.911176 112.460163 -2.074991 -4.515576 10.099324 0.000000 0.000000 0.000000 0.000000 0.000000 0.000000 0.000000 0.000000 0.000000 0.000000 0.000000 0.000000 0.000000 0.000000 0.000000 0.000000 0.000000 0.000000 0.000000 0.000000 0.000000 0.000000 0.000000 0.000000 0.000000 0.000000 0.000000 0.000000 0.000000 0.000000 0.000000 0.000000 0.000000 0.000000 0.000000 0.000000 0.000000 0.000000 0.000000 0.000000 0.000000 0.000000
0.046878 -0.117198 1.011184 -11.319706 -0.653323 4.523169 -10.982308 -5.379778 1.732745 38.627196 7.412325 -5.225842 -23.713473 0.026422 7.362567 -0.013991 -7.451621 -0.673905 -16.417707 4.714124 -3.718683 46.346883 -7.368624 -5.823319 -20.396567 2.480173 -11.305637 2.264000 -1.089074 0.299532 17.911190 1.044780 3.167351 7.824537 -0.890621 -3.905498 -4.395577 1.182245 2.332425 4.558196 1.844321 8.334691 9.060757 -3.976378 4.674983 3.183814 13.168598 -12.283578 9.630645 11.990107 -11.958771 11.653561 -12.895576 -101.601606 -8.463156 -6.588300 -22.466594 0.000000 0.000000 0.000000 0.000000 0.000000 0.000000 0.000000 0.000000 0.000000 0.000000 0.000000 0.000000 0.000000 0.000000 0.000000 0.000000 0.000000 0.000000 0.000000 0.000000 0.000000 0.000000 0.000000 0.000000 0.000000 0.000000 0.000000 0.000000 0.000000 0.000000 0.000000 0.000000 0.000000 0.000000 0.000000 0.000000 0.000000 0.000000 0.000000 0.000000 0.000000 0.000000 1.031330 -8.691212 10.956855 16.034754 -23.365740 9.373453 4.408899 21.625211 113.789663 -2.631218 -4.438765 10.276302 0.000000 0.000000 0.000000 0.000000 0.000000 0.000000 0.000000 0.000000 0.000000 0.000000 0.000000 0.000000 0.000000 0.000000 0.000000 0.000000 0.000000 0.000000 0.000000 0.000000 0.000000 0.000000 0.000000 0.000000 0.000000 0.000000 0.000000 0.000000 0.000000 0.000000 0.000000 0.000000 0.000000 0.000000 0.000000 0.000000 0.000000 0.000000 0.000000 0.000000 0.000000 0.000000
0.050524 -0.118415 1.009523 -11.464142 -0.708016 4.731045 -11.268374 -5.687133 1.823637 39.387165 7.387296 -5.160499 -23.975527 0.291525 7.023055 -0.036881 -7.479923 -0.695186 -16.528053 4.624584 -3.776672 46.839152 -7.524456 -5.867676 -20.962084 2.715969 -11.354376 2.295264 -1.006951 0.336535 18.108194 1.033502 3.248126 8.093793 -0.885903 -4.014808 -4.677988 1.169380 2.420095 4.802809 1.840630 8.378143 9.064656 -4.037224 4.665725 2.930496 12.795527 -12.844843 9.043887 11.424473 -12.093631 10.947741 -13.017189 -102.270431 -7.741904 -7.003961 -22.761742 0.000000 0.000000 0.000000 0.000000 0.000000 0.000000 0.000000 0.000000 0.000000 0.000000 0.000000 0.000000 0.000000 0.000000 0.000000 0.000000 0.000000 0.000000 0.000000 0.000000 0.000000 0.000000 0.000000 0.000000 0.000000 0.000000 0.000000 0.000000 0.000000 0.000000 0.000000 0.000000 0.000000 0.000000 0.000000 0.000000 0.000000 0.000000 0.000000 0.000000 0.000000 0.000000 0.822800 -8.256193 11.363944 15.144199 -22.630258 9.354633 3.467654 21.868891 114.884588 -2.268909 -4.269568 10.342987 0.000000 0.000000 0.000000 0.000000 0.000000 0.000000 0.000000 0.000000 0.000000 0.000000 0.000000 0.000000 0.000000 0.000000 0.000000 0.000000 0.000000 0.000000 0.000000 0.000000 0.000000 0.000000 0.000000 0.000000 0.000000 0.000000 0.000000 0.000000 0.000000 0.000000 0.000000 0.000000 0.000000 0.000000 0.000000 0.000000 0.000000 0.000000 0.000000 0.000000 0.000000 0.000000
0.052822 -0.119394 1.007787 -11.556161 -0.733286 4.941280 -11.590539 -5.913218 1.831865 40.083336 7.375860 -5.274421 -24.227979 0.380127 6.816063 -0.073401 -7.492679 -0.713244 -16.674948 4.594586 -3.778246 47.300474 -7.723167 -5.847684 -21.473582 2.946470 -11.409764 2.337760 -0.920489 0.357188 18.290350 1.053108 3.265421 8.094779 -0.844322 -4.078047 -4.796262 1.131373 2.440941 4.780422 1.810396 8.534527 8.976549 -4.074264 4.751571 2.628100 12.412274 -13.236535 8.608855 10.990217 -12.181889 10.286284 -12.940766 -102.821916 -8.061610 -6.928823 -22.884238 0.000000 0.000000 0.000000 0.000000 0.000000 0.000000 0.000000 0.000000 0.000000 0.000000 0.000000 0.000000 0.000000 0.000000 0.000000 0.000000 0.000000 0.000000 0.000000 0.000000 0.000000 0.000000 0.000000 0.000000 0.000000 0.000000 0.000000 0.000000 0.000000 0.000000 0.000000 0.000000 0.000000 0.000000 0.000000 0.000000 0.000000 0.000000 0.000000 0.000000 0.000000 0.000000 0.671588 -7.963191 11.672564 14.335634 -21.885810 9.351573 2.660352 21.730171 115.867597 -2.860891 -4.443064 10.452302 0.000000 0.000000 0.000000 0.000000 0.000000 0.000000 0.000000 0.000000 0.000000 0.000000 0.000000 0.000000 0.000000 0.000000 0.000000 0.000000 0.000000 0.000000 0.000000 0.000000 0.000000 0.000000 0.000000 0.000000 0.000000 0.000000 0.000000 0.000000 0.000000 0.000000 0.000000 0.000000 0.000000 0.000000 0.000000 0.000000 0.000000 0.000000 0.000000 0.000000 0.000000 0.000000
0.055359 -0.123038 1.006385 -11.838615 -0.696178 5.305020 -11.941264 -6.275453 1.868341 40.950587 7.283623 -5.255107 -24.349468 0.696850 6.504608 -0.097586 -7.509740 -0.752253 -16.802856 4.410549 -3.782505 47.896438 -7.925490 -5.886054 -21.705795 3.169305 -11.542561 2.360380 -0.806001 0.381905 18.504732 1.003390 3.317953 8.334411 -0.851479 -4.143534 -5.087168 1.136804 2.478975 5.061036 1.645526 8.637127 9.125882 -4.094281 4.849268 2.388360 12.126960 -13.649823 7.882995 10.478913 -12.409982 9.208779 -12.895457 -103.411904 -7.363889 -6.970330 -22.886698 0.000000 0.000000 0.000000 0.000000 0.000000 0.000000 0.000000 0.000000 0.000000 0.000000 0.000000 0.000000 0.000000 0.000000 0.000000 0.000000 0.000000 0.000000 0.000000 0.000000 0.000000 0.000000 0.000000 0.000000 0.000000 0.000000 0.000000 0.000000 0.000000 0.000000 0.000000 0.000000 0.000000 0.000000 0.000000 0.000000 0.000000 0.000000 0.000000 0.000000 0.000000 0.000000 0.483912 -7.576088 11.944089 13.281482 -21.080941 9.431550 1.250166 21.868388 116.903135 -2.434533 -4.654791 10.473726 0.000000 0.000000 0.000000 0.000000 0.000000 0.000000 0.000000 0.000000 0.000000 0.000000 0.000000 0.000000 0.000000 0.000000 0.000000 0.000000 0.000000 0.000000 0.000000 0.000000 0.000000 0.000000 0.000000 0.000000 0.000000 0.000000 0.000000 0.000000 0.000000 0.000000 0.000000 0.000000 0.000000 0.000000 0.000000 0.000000 0.000000 0.000000 0.000000 0.000000 0.000000 0.000000
0.060625 -0.124070 1.005136 -11.976590 -0.808514 5.399622 -12.256067 -6.622215 1.910464 41.737885 7.267641 -5.318803 -24.279627 1.119076 6.231030 -0.134116 -7.504575 -0.770074 -16.830567 4.344368 -3.860724 48.252786 -8.121278 -5.925353 -22.240484 3.371080 -11.392846 2.406265 -0.868113 0.417114 18.689565 1.045739 3.450366 8.295563 -0.857040 -4.205447 -5.215427 1.099799 2.576542 5.136937 1.607722 8.909226 9.108370 -4.197858 4.829978 2.140620 11.873052 -14.005231 7.369772 10.191709 -12.546754 8.710622 -12.967099 -103.607392 -6.800571 -7.516036 -22.892112 0.000000 0.000000 0.000000 0.000000 0.000000 0.000000 0.000000 0.000000 0.000000 0.000000 0.000000 0.000000 0.000000 0.000000 0.000000 0.000000 0.000000 0.000000 0.000000 0.000000 0.000000 0.000000 0.000000 0.000000 0.000000 0.000000 0.000000 0.000000 0.000000 0.000000 0.000000 0.000000 0.000000 0.000000 0.000000 0.000000 0.000000 0.000000 0.000000 0.000000 0.000000 0.000000 0.305943 -7.348876 12.197773 12.565560 -20.811520 9.505768 0.264955 21.849905 117.514689 -2.537311 -4.175706 10.490004 0.000000 0.000000 0.000000 0.000000 0.000000 0.000000 0.000000 0.000000 0.000000 0.000000 0.000000 0.000000 0.000000 0.000000 0.000000 0.000000 0.000000 0.000000 0.000000 0.000000 0.000000 0.000000 0.000000 0.000000 0.000000 0.000000 0.000000 0.000000 0.000000 0.000000 0.000000 0.000000 0.000000 0.000000 0.000000 0.000000 0.000000 0.000000 0.000000 0.000000 0.000000 0.000000
0.063658 -0.126821 1.004255 -12.213239 -0.862515 5.684318 -12.586182 -6.886552 1.943500 42.548663 7.195011 -5.412321 -24.116016 1.432850 5.997981 -0.185258 -7.504936 -0.805149 -16.904726 4.274300 -3.920963 48.745944 -8.254222 -5.927498 -22.378646 3.535013 -11.409002 2.406070 -0.829612 0.461942 18.924463 0.997293 3.537082 8.395663 -0.865644 -4.262331 -5.355167 1.056247 2.634154 5.272703 1.643267 9.083934 9.043366 -4.197287 4.801283 1.910001 11.611149 -14.427137 6.913469 9.941443 -12.728861 8.029577 -13.073326 -104.132353 -6.563373 -7.937189 -22.726939 0.000000 0.000000 0.000000 0.000000 0.000000 0.000000 0.000000 0.000000 0.000000 0.000000 0.000000 0.000000 0.000000 0.000000 0.000000 0.000000 0.000000 0.000000 0.000000 0.000000 0.000000 0.000000 0.000000 0.000000 0.000000 0.000000 0.000000 0.000000 0.000000 0.000000 0.000000 0.000000 0.000000 0.000000 0.000000 0.000000 0.000000 0.000000 0.000000 0.000000 0.000000 0.000000 0.175739 -7.057944 12.489879 11.736554 -20.330219 9.512342 -0.759132 21.895132 118.157762 -2.609922 -4.013673 10.298210 0.000000 0.000000 0.000000 0.000000 0.000000 0.000000 0.000000 0.000000 0.000000 0.000000 0.000000 0.000000 0.000000 0.000000 0.000000 0.000000 0.000000 0.000000 0.000000 0.000000 0.000000 0.000000 0.000000 0.000000 0.000000 0.000000 0.000000 0.000000 0.000000 0.000000 0.000000 0.000000 0.000000 0.000000 0.000000 0.000000 0.000000 0.000000 0.000000 0.000000 0.000000 0.000000
0.068830 -0.126820 1.003262 -12.210349 -0.952960 5.988593 -13.057355 -7.171058 1.886679 43.250163 7.055797 -5.416070 -23.915341 1.926912 5.764791 -0.188237 -7.461288 -0.828048 -16.984202 4.006017 -3.928013 48.921101 -8.314209 -6.005850 -22.782046 3.831753 -11.494753 2.442673 -0.860477 0.472917 19.030105 0.939467 3.609882 8.435714 -0.873640 -4.309478 -5.494450 0.988197 2.685099 5.329621 1.566676 9.247572 8.991259 -4.325007 4.973883 1.651833 11.409691 -14.757967 6.462128 9.685549 -12.835274 7.225771 -13.169175 -104.392395 -6.195129 -8.411217 -22.671377 0.000000 0.000000 0.000000 0.000000 0.000000 0.000000 0.000000 0.000000 0.000000 0.000000 0.000000 0.000000 0.000000 0.000000 0.000000 0.000000 0.000000 0.000000 0.000000 0.000000 0.000000 0.000000 0.000000 0.000000 0.000000 0.000000 0.000000 0.000000 0.000000 0.000000 0.000000 0.000000 0.000000 0.000000 0.000000 0.000000 0.000000 0.000000 0.000000 0.000000 0.000000 0.000000 0.032558 -6.800006 12.726279 11.020877 -19.979479 9.551334 -1.915669 22.028431 118.834062 -2.559949 -3.577640 10.389441 0.000000 0.000000 0.000000 0.000000 0.000000 0.000000 0.000000 0.000000 0.000000 0.000000 0.000000 0.000000 0.000000 0.000000 0.000000 0.000000 0.000000 0.000000 0.000000 0.000000 0.000000 0.000000 0.000000 0.000000 0.000000 0.000000 0.000000 0.000000 0.000000 0.000000 0.000000 0.000000 0.000000 0.000000 0.000000 0.000000 0.000000 0.000000 0.000000 0.000000 0.000000 0.000000
0.071822 -0.128970 1.002517 -12.288760 -0.951809 6.447257 -13.624045 -7.466617 1.781066 44.023977 6.947264 -5.372485 -23.591186 2.427958 5.475668 -0.158774 -7.399193 -0.848483 -17.044352 3.669054 -3.871547 48.999736 -8.357446 -6.215715 -22.988661 4.129313 -11.666156 2.494946 -0.895347 0.485646 19.145449 0.838987 3.615617 8.332249 -0.865164 -4.383019 -5.553024 0.970731 2.701757 5.306974 1.379849 9.489897 8.839560 -4.456024 5.093045 1.208687 11.014227 -15.140369 5.926901 9.630021 -13.183387 6.385995 -13.380146 -104.372178 -5.857090 -8.581893 -22.485353 0.000000 0.000000 0.000000 0.000000 0.000000 0.000000 0.000000 0.000000 0.000000 0.000000 0.000000 0.000000 0.000000 0.000000 0.000000 0.000000 0.000000 0.000000 0.000000 0.000000 0.000000 0.000000 0.000000 0.000000 0.000000 0.000000 0.000000 0.000000 0.000000 0.000000 0.000000 0.000000 0.000000 0.000000 0.000000 0.000000 0.000000 0.000000 0.000000 0.000000 0.000000 0.000000 -0.232725 -6.447547 12.976567 10.233038 -19.558140 9.874848 -3.167213 22.207994 119.259975 -2.315909 -3.062047 10.447656 0.000000 0.000000 0.000000 0.000000 0.000000 0.000000 0.000000 0.000000 0.000000 0.000000 0.000000 0.000000 0.000000 0.000000 0.000000 0.000000 0.000000 0.000000 0.000000 0.000000 0.000000 0.000000 0.000000 0.000000 0.000000 0.000000 0.000000 0.000000 0.000000 0.000000 0.000000 0.000000 0.000000 0.000000 0.000000 0.000000 0.000000 0.000000 0.000000 0.000000 0.000000 0.000000
0.075283 -0.128998 1.001895 -12.263234 -1.005404 6.702319 -14.104283 -7.693950 1.711229 44.675936 6.855672 -5.474328 -23.223374 2.837861 5.292480 -0.229145 -7.389664 -0.872172 -17.064473 3.469954 -3.887105 48.994640 -8.400982 -6.254393 -23.280414 4.426125 -11.710218 2.491583 -0.915982 0.504615 19.270767 0.755233 3.696243 8.234149 -0.839412 -4.434721 -5.625393 0.923179 2.745234 5.146378 1.437384 9.720612 8.681354 -4.469569 5.273167 0.911723 10.770016 -15.460098 5.427414 9.515043 -13.290584 5.802180 -13.335831 -104.213137 -5.806538 -8.486216 -22.322228 0.000000 0.000000 0.000000 0.000000 0.000000 0.000000 0.000000 0.000000 0.000000 0.000000 0.000000 0.000000 0.000000 0.000000 0.000000 0.000000 0.000000 0.000000 0.000000 0.000000 0.000000 0.000000 0.000000 0.000000 0.000000 0.000000 0.000000 0.000000 0.000000 0.000000 0.000000 0.000000 0.000000 0.000000 0.000000 0.000000 0.000000 0.000000 0.000000 0.000000 0.000000 0.000000 -0.372706 -6.231110 13.217056 9.531389 -19.212981 9.995776 -3.897249 22.172783 119.275956 -2.470010 -3.003970 10.433585 0.000000 0.000000 0.000000 0.000000 0.000000 0.000000 0.000000 0.000000 0.000000 0.000000 0.000000 0.000000 0.000000 0.000000 0.000000 0.000000 0.000000 0.000000 0.000000 0.000000 0.000000 0.000000 0.000000 0.000000 0.000000 0.000000 0.000000 0.000000 0.000000 0.000000 0.000000 0.000000 0.000000 0.000000 0.000000 0.000000 0.000000 0.000000 0.000000 0.000000 0.000000 0.000000
0.080876 -0.129870 1.001410 -12.243933 -1.159154 7.231659 -14.720780 -7.978792 1.596714 45.373017 6.781089 -5.508564 -22.596745 3.474990 4.921857 -0.306606 -7.361581 -0.892513 -17.045574 3.214604 -3.932924 48.860162 -8.418806 -6.398720 -23.571497 4.818598 -11.818424 2.486410 -0.965873 0.516934 19.325419 0.641666 3.804542 8.276502 -0.882067 -4.548003 -5.698941 0.822332 2.765069 5.020822 1.468050 10.114210 8.514587 -4.547982 5.560855 0.601673 10.517330 -15.871702 5.053716 9.398316 -13.422349 5.318238 -13.147631 -103.904054 -5.898472 -8.288724 -21.979329 0.000000 0.000000 0.000000 0.000000 0.000000 0.000000 0.000000 0.000000 0.000000 0.000000 0.000000 0.000000 0.000000 0.000000 0.000000 0.000000 0.000000 0.000000 0.000000 0.000000 0.000000 0.000000 0.000000 0.000000 0.000000 0.000000 0.000000 0.000000 0.000000 0.000000 0.000000 0.000000 0.000000 0.000000 0.000000 0.000000 0.000000 0.000000 0.000000 0.000000 0.000000 0.000000 -0.518402 -6.043581 13.444178 8.863439 -18.844486 9.986021 -4.829925 22.089816 119.121482 -2.598950 -2.945582 10.389809 0.000000 0.000000 0.000000 0.000000 0.000000 0.000000 0.000000 0.000000 0.000000 0.000000 0.000000 0.000000 0.000000 0.000000 0.000000 0.000000 0.000000 0.000000 0.000000 0.000000 0.000000 0.000000 0.000000 0.000000 0.000000 0.000000 0.000000 0.000000 0.000000 0.000000 0.000000 0.000000 0.000000 0.000000 0.000000 0.000000 0.000000 0.000000 0.000000 0.000000 0.000000 0.000000
0.086193 -0.130634 1.001080 -12.283052 -1.295092 7.632794 -15.211178 -8.263236 1.523909 46.051524 6.685276 -5.559096 -22.042688 4.129071 4.646747 -0.359194 -7.332229 -0.904924 -16.947464 2.905228 -3.940880 48.720315 -8.387619 -6.524872 -23.905533 5.165137 -11.984003 2.476266 -1.058982 0.518359 19.423635 0.610666 3.873681 8.242430 -0.896435 -4.641815 -5.784041 0.762284 2.757821 4.877383 1.431358 10.475521 8.422649 -4.608717 5.843076 0.351120 10.270844 -16.174049 4.613740 9.188531 -13.605164 4.988271 -13.123297 -103.585439 -5.631928 -8.656469 -22.033207 0.000000 0.000000 0.000000 0.000000 0.000000 0.000000 0.000000 0.000000 0.000000 0.000000 0.000000 0.000000 0.000000 0.000000 0.000000 0.000000 0.000000 0.000000 0.000000 0.000000 0.000000 0.000000 0.000000 0.000000 0.000000 0.000000 0.000000 0.000000 0.000000 0.000000 0.000000 0.000000 0.000000 0.000000 0.000000 0.000000 0.000000 0.000000 0.000000 0.000000 0.000000 0.000000 -0.685547 -5.842923 13.683465 8.299968 -18.528806 10.167867 -5.384064 22.122983 118.836694 -2.456749 -2.190199 10.600178 0.000000 0.000000 0.000000 0.000000 0.000000 0.000000 0.000000 0.000000 0.000000 0.000000 0.000000 0.000000 0.000000 0.000000 0.000000 0.000000 0.000000 0.000000 0.000000 0.000000 0.000000 0.000000 0.000000 0.000000 0.000000 0.000000 0.000000 0.000000 0.000000 0.000000 0.000000 0.000000 0.000000 0.000000 0.000000 0.000000 0.000000 0.000000 0.000000 0.000000 0.000000 0.000000
0.091330 -0.133263 1.000887 -12.425151 -1.424821 7.990753 -15.796195 -8.581732 1.473866 46.947062 6.581902 -5.569753 -21.231299 4.843832 4.260320 -0.407958 -7.280436 -0.896062 -16.847198 2.629214 -3.891440 48.599460 -8.438917 -6.689002 -24.084416 5.520862 -12.122220 2.488284 -1.201419 0.515294 19.603408 0.549278 3.930149 8.237458 -0.908791 -4.772373 -5.856604 0.719174 2.759858 4.732062 1.381187 10.778505 8.318943 -4.545299 6.042040 0.106350 10.022726 -16.555466 4.074093 9.092259 -13.856947 4.471828 -12.901328 -103.065035 -5.537598 -8.597262 -21.803711 0.000000 0.000000 0.000000 0.000000 0.000000 0.000000 0.000000 0.000000 0.000000 0.000000 0.000000 0.000000 0.000000 0.000000 0.000000 0.000000 0.000000 0.000000 0.000000 0.000000 0.000000 0.000000 0.000000 0.000000 0.000000 0.000000 0.000000 0.000000 0.000000 0.000000 0.000000 0.000000 0.000000 0.000000 0.000000 0.000000 0.000000 0.000000 0.000000 0.000000 0.000000 0.000000 -0.958319 -5.620883 13.931174 7.671782 -18.184664 10.422163 -6.082415 21.919794 118.448741 -2.693952 -1.944183 10.655595 0.000000 0.000000 0.000000 0.000000 0.000000 0.000000 0.000000 0.000000 0.000000 0.000000 0.000000 0.000000 0.000000 0.000000 0.000000 0.000000 0.000000 0.000000 0.000000 0.000000 0.000000 0.000000 0.000000 0.000000 0.000000 0.000000 0.000000 0.000000 0.000000 0.000000 0.000000 0.000000 0.000000 0.000000 0.000000 0.000000 0.000000 0.000000 0.000000 0.000000 0.000000 0.000000
0.096366 -0.133693 1.000526 -12.408439 -1.571283 8.327456 -16.551449 -8.895087 1.301587 48.012359 6.593264 -5.505192 -20.271664 5.587596 3.839946 -0.429640 -7.204237 -0.881629 -16.863187 2.363277 -3.827988 48.532578 -8.427078 -6.837878 -24.272816 5.876277 -12.258451 2.528603 -1.272738 0.500900 19.625650 0.498514 3.977015 8.177302 -0.864327 -4.850354 -5.948806 0.717225 2.769164 4.628715 1.382692 11.078307 8.226443 -4.620772 6.313629 -0.213432 9.692781 -16.852133 3.650045 9.084580 -14.162639 4.003067 -12.779318 -102.352714 -5.734796 -8.260984 -21.644585 0.000000 0.000000 0.000000 0.000000 0.000000 0.000000 0.000000 0.000000 0.000000 0.000000 0.000000 0.000000 0.000000 0.000000 0.000000 0.000000 0.000000 0.000000 0.000000 0.000000 0.000000 0.000000 0.000000 0.000000 0.000000 0.000000 0.000000 0.000000 0.000000 0.000000 0.000000 0.000000 0.000000 0.000000 0.000000 0.000000 0.000000 0.000000 0.000000 0.000000 0.000000 0.000000 -1.135999 -5.335756 14.186557 7.189794 -17.890885 10.800615 -6.463144 21.640252 118.121423 -3.340002 -1.684919 10.727141 0.000000 0.000000 0.000000 0.000000 0.000000 0.000000 0.000000 0.000000 0.000000 0.000000 0.000000 0.000000 0.000000 0.000000 0.000000 0.000000 0.000000 0.000000 0.000000 0.000000 0.000000 0.000000 0.000000 0.000000 0.000000 0.000000 0.000000 0.000000 0.000000 0.000000 0.000000 0.000000 0.000000 0.000000 0.000000 0.000000 0.000000 0.000000 0.000000 0.000000 0.000000 0.000000
0.102027 -0.135497 1.000591 -12.603464 -1.767313 8.717227 -17.320988 -9.270672 1.144626 49.493167 6.547990 -5.493399 -19.020704 6.427810 3.354347 -0.478528 -7.127258 -0.898889 -16.712084 2.149747 -3.796229 48.575163 -8.483087 -6.974188 -24.305434 6.211197 -12.424976 2.503829 -1.376740 0.493522 19.842244 0.441055 4.034066 8.097243 -0.883345 -4.990701 -6.001325 0.692137 2.765389 4.496130 1.414103 11.396535 8.071994 -4.603973 6.665892 -0.494217 9.397246 -17.234039 3.177690 9.133798 -14.449092 3.499230 -12.555017 -101.477361 -5.866450 -8.186764 -21.446814 0.000000 0.000000 0.000000 0.000000 0.000000 0.000000 0.000000 0.000000 0.000000 0.000000 0.000000 0.000000 0.000000 0.000000 0.000000 0.000000 0.000000 0.000000 0.000000 0.000000 0.000000 0.000000 0.000000 0.000000 0.000000 0.000000 0.000000 0.000000 0.000000 0.000000 0.000000 0.000000 0.000000 0.000000 0.000000 0.000000 0.000000 0.000000 0.000000 0.000000 0.000000 0.000000 -1.365819 -5.051657 14.484375 6.633665 -17.633764 11.149136 -6.924445 21.498318 117.520368 -3.570518 -1.406195 10.752655 0.000000 0.000000 0.000000 0.000000 0.000000 0.000000 0.000000 0.000000 0.000000 0.000000 0.000000 0.000000 0.000000 0.000000 0.000000 0.000000 0.000000 0.000000 0.000000 0.000000 0.000000 0.000000 0.000000 0.000000 0.000000 0.000000 0.000000 0.000000 0.000000 0.000000 0.000000 0.000000 0.000000 0.000000 0.000000 0.000000 0.000000 0.000000 0.000000 0.000000 0.000000 0.000000
0.109306 -0.136129 1.000636 -12.693547 -2.024212 9.051072 -18.238938 -9.653465 0.881414 51.092187 6.514385 -5.469802 -17.735351 7.039479 3.188202 -0.509357 -6.995722 -0.911796 -16.572705 1.911623 -3.781733 48.492883 -8.506750 -7.111232 -24.443827 6.632859 -12.533904 2.478948 -1.502672 0.470063 19.954807 0.386585 4.089978 8.016447 -0.843267 -5.022916 -6.036492 0.709883 2.758008 4.470624 1.492648 11.642348 7.951726 -4.594327 7.066593 -0.861902 8.999807 -17.440200 2.792508 9.516348 -14.828186 3.070890 -12.378249 -100.320415 -6.442968 -7.660129 -20.964962 0.000000 0.000000 0.000000 0.000000 0.000000 0.000000 0.000000 0.000000 0.000000 0.000000 0.000000 0.000000 0.000000 0.000000 0.000000 0.000000 0.000000 0.000000 0.000000 0.000000 0.000000 0.000000 0.000000 0.000000 0.000000 0.000000 0.000000 0.000000 0.000000 0.000000 0.000000 0.000000 0.000000 0.000000 0.000000 0.000000 0.000000 0.000000 0.000000 0.000000 0.000000 0.000000 -1.563613 -4.670991 14.726192 6.226283 -17.518516 11.704350 -7.082958 21.169653 116.776897 -4.424981 -1.325035 10.661568 0.000000 0.000000 0.000000 0.000000 0.000000 0.000000 0.000000 0.000000 0.000000 0.000000 0.000000 0.000000 0.000000 0.000000 0.000000 0.000000 0.000000 0.000000 0.000000 0.000000 0.000000 0.000000 0.000000 0.000000 0.000000 0.000000 0.000000 0.000000 0.000000 0.000000 0.000000 0.000000 0.000000 0.000000 0.000000 0.000000 0.000000 0.000000 0.000000 0.000000 0.000000 0.000000
0.115539 -0.138062 1.000988 -12.919407 -2.239683 9.377766 -19.322664 -10.238601 0.624931 53.174763 6.584259 -5.339099 -16.602098 7.143832 3.723069 -0.579838 -6.833277 -0.913292 -16.416435 1.778551 -3.798858 48.596504 -8.639858 -7.108654 -24.348557 6.891620 -12.636688 2.402722 -1.642266 0.489236 20.192988 0.314666 4.176637 8.002946 -0.832268 -5.103435 -6.144062 0.719143 2.749928 4.388180 1.561104 11.868880 7.899200 -4.627822 7.359543 -1.227757 8.627390 -17.838189 2.481098 9.680645 -15.153071 2.658147 -12.184210 -99.494885 -7.189551 -7.179529 -20.710549 0.000000 0.000000 0.000000 0.000000 0.000000 0.000000 0.000000 0.000000 0.000000 0.000000 0.000000 0.000000 0.000000 0.000000 0.000000 0.000000 0.000000 0.000000 0.000000 0.000000 0.000000 0.000000 0.000000 0.000000 0.000000 0.000000 0.000000 0.000000 0.000000 0.000000 0.000000 0.000000 0.000000 0.000000 0.000000 0.000000 0.000000 0.000000 0.000000 0.000000 0.000000 0.000000 -1.752309 -4.290665 15.118463 5.749176 -17.213349 12.096608 -7.477086 20.895758 116.191154 -4.962537 -1.425121 10.446317 0.000000 0.000000 0.000000 0.000000 0.000000 0.000000 0.000000 0.000000 0.000000 0.000000 0.000000 0.000000 0.000000 0.000000 0.000000 0.000000 0.000000 0.000000 0.000000 0.000000 0.000000 0.000000 0.000000 0.000000 0.000000 0.000000 0.000000 0.000000 0.000000 0.000000 0.000000 0.000000 0.000000 0.000000 0.000000 0.000000 0.000000 0.000000 0.000000 0.000000 0.000000 0.000000
0.121755 -0.138241 1.001442 -13.053405 -2.511111 9.700234 -20.196718 -10.654788 0.422262 54.828110 6.462949 -5.102352 -17.129049 5.831662 5.993493 -0.599614 -6.741259 -0.931746 -16.159595 1.626866 -3.808215 48.497596 -8.634069 -7.191976 -24.424787 7.234832 -12.754559 2.366134 -1.761341 0.474830 20.238711 0.271233 4.259226 8.020394 -0.874333 -5.198267 -6.311594 0.722934 2.770425 4.629832 1.676035 12.029430 7.928171 -4.601566 7.744173 -1.471410 8.307179 -18.203724 2.086930 10.074627 -15.528457 2.373721 -12.236495 -98.465755 -6.610914 -7.089700 -20.508535 0.000000 0.000000 0.000000 0.000000 0.000000 0.000000 0.000000 0.000000 0.000000 0.000000 0.000000 0.000000 0.000000 0.000000 0.000000 0.000000 0.000000 0.000000 0.000000 0.000000 0.000000 0.000000 0.000000 0.000000 0.000000 0.000000 0.000000 0.000000 0.000000 0.000000 0.000000 0.000000 0.000000 0.000000 0.000000 0.000000 0.000000 0.000000 0.000000 0.000000 0.000000 0.000000 -1.949013 -3.815647 15.441021 5.229864 -17.263311 12.618740 -7.511230 20.937938 115.314093 -5.174665 -1.274179 10.422284 0.000000 0.000000 0.000000 0.000000 0.000000 0.000000 0.000000 0.000000 0.000000 0.000000 0.000000 0.000000 0.000000 0.000000 0.000000 0.000000 0.000000 0.000000 0.000000 0.000000 0.000000 0.000000 0.000000 0.000000 0.000000 0.000000 0.000000 0.000000 0.000000 0.000000 0.000000 0.000000 0.000000 0.000000 0.000000 0.000000 0.000000 0.000000 0.000000 0.000000 0.000000 0.000000
0.128251 -0.138313 1.002046 -13.205873 -2.831455 9.958693 -20.989580 -11.048209 0.171208 56.233400 6.399340 -4.964856 -17.723577 4.462820 7.799223 -0.651704 -6.603593 -0.902041 -15.842518 1.605113 -3.874242 48.380373 -8.680406 -7.271076 -24.526648 7.509514 -12.759169 2.324815 -1.930042 0.444945 20.399826 0.317825 4.391171 7.957833 -0.850995 -5.249771 -6.366437 0.715333 2.812579 4.525788 1.829620 12.197919 7.870252 -4.649389 8.113759 -1.805484 7.977740 -18.632990 1.756679 10.415812 -15.892278 2.077906 -11.982816 -97.183981 -6.940629 -6.907148 -20.222483 0.000000 0.000000 0.000000 0.000000 0.000000 0.000000 0.000000 0.000000 0.000000 0.000000 0.000000 0.000000 0.000000 0.000000 0.000000 0.000000 0.000000 0.000000 0.000000 0.000000 0.000000 0.000000 0.000000 0.000000 0.000000 0.000000 0.000000 0.000000 0.000000 0.000000 0.000000 0.000000 0.000000 0.000000 0.000000 0.000000 0.000000 0.000000 0.000000 0.000000 0.000000 0.000000 -2.190439 -3.417856 15.846908 4.785547 -17.202819 13.058021 -7.547415 20.606482 114.239518 -5.713434 -1.364099 10.308020 0.000000 0.000000 0.000000 0.000000 0.000000 0.000000 0.000000 0.000000 0.000000 0.000000 0.000000 0.000000 0.000000 0.000000 0.000000 0.000000 0.000000 0.000000 0.000000 0.000000 0.000000 0.000000 0.000000 0.000000 0.000000 0.000000 0.000000 0.000000 0.000000 0.000000 0.000000 0.000000 0.000000 0.000000 0.000000 0.000000 0.000000 0.000000 0.000000 0.000000 0.000000 0.000000
0.137422 -0.142021 1.003061 -13.519980 -3.268734 10.153797 -21.764799 -11.547764 -0.012390 57.355553 6.345661 -4.807750 -17.419982 4.231130 8.335888 -0.679421 -6.471213 -0.891624 -15.503870 1.569910 -3.986930 48.179702 -8.662135 -7.247643 -24.523717 7.783040 -12.802920 2.286820 -2.111193 0.449757 20.423495 0.353694 4.541183 7.983849 -0.807352 -5.286581 -6.584868 0.719459 2.862271 4.693829 2.015045 12.412985 8.021958 -4.695251 8.497445 -2.035872 7.737062 -19.098197 1.512674 10.623593 -16.365818 1.975127 -12.014448 -96.000707 -6.527699 -6.766848 -20.138065 0.000000 0.000000 0.000000 0.000000 0.000000 0.000000 0.000000 0.000000 0.000000 0.000000 0.000000 0.000000 0.000000 0.000000 0.000000 0.000000 0.000000 0.000000 0.000000 0.000000 0.000000 0.000000 0.000000 0.000000 0.000000 0.000000 0.000000 0.000000 0.000000 0.000000 0.000000 0.000000 0.000000 0.000000 0.000000 0.000000 0.000000 0.000000 0.000000 0.000000 0.000000 0.000000 -2.352640 -3.003452 16.322401 4.384886 -17.113408 13.547985 -7.359989 20.465324 113.079186 -5.993591 -1.399842 10.087752 0.000000 0.000000 0.000000 0.000000 0.000000 0.000000 0.000000 0.000000 0.000000 0.000000 0.000000 0.000000 0.000000 0.000000 0.000000 0.000000 0.000000 0.000000 0.000000 0.000000 0.000000 0.000000 0.000000 0.000000 0.000000 0.000000 0.000000 0.000000 0.000000 0.000000 0.000000 0.000000 0.000000 0.000000 0.000000 0.000000 0.000000 0.000000 0.000000 0.000000 0.000000 0.000000
0.144521 -0.143945 1.004034 -13.789015 -3.621938 10.387821 -22.213869 -12.029352 -0.056768 57.820716 6.138130 -4.723502 -17.142453 4.531900 8.339279 -0.735582 -6.449550 -0.888620 -15.102049 1.541063 -4.119189 47.987354 -8.638385 -7.226667 -24.570544 8.028079 -12.814397 2.262599 -2.277593 0.449851 20.411882 0.344712 4.622519 8.046200 -0.810831 -5.331916 -6.704189 0.698981 2.883214 4.787183 2.165385 12.606180 8.057003 -4.626137 8.722881 -2.262572 7.489858 -19.463809 1.190423 10.997907 -16.802501 1.924954 -11.971464 -94.949950 -6.063055 -6.202384 -19.882485 0.000000 0.000000 0.000000 0.000000 0.000000 0.000000 0.000000 0.000000 0.000000 0.000000 0.000000 0.000000 0.000000 0.000000 0.000000 0.000000 0.000000 0.000000 0.000000 0.000000 0.000000 0.000000 0.000000 0.000000 0.000000 0.000000 0.000000 0.000000 0.000000 0.000000 0.000000 0.000000 0.000000 0.000000 0.000000 0.000000 0.000000 0.000000 0.000000 0.000000 0.000000 0.000000 -2.560661 -2.668517 16.649048 3.911071 -17.113551 14.058445 -7.279007 20.270935 111.786238 -6.249665 -1.774864 10.000541 0.000000 0.000000 0.000000 0.000000 0.000000 0.000000 0.000000 0.000000 0.000000 0.000000 0.000000 0.000000 0.000000 0.000000 0.000000 0.000000 0.000000 0.000000 0.000000 0.000000 0.000000 0.000000 0.000000 0.000000 0.000000 0.000000 0.000000 0.000000 0.000000 0.000000 0.000000 0.000000 0.000000 0.000000 0.000000 0.000000 0.000000 0.000000 0.000000 0.000000 0.000000 0.000000
0.150418 -0.145764 1.004994 -14.075832 -3.938902 10.668739 -22.554871 -12.645784 -0.053985 58.062656 5.912529 -4.646622 -16.656180 4.929481 8.270356 -0.791192 -6.389563 -0.864927 -14.710256 1.595894 -4.292816 47.893000 -8.685622 -7.231122 -24.562580 8.170601 -12.808755 2.232982 -2.463328 0.442738 20.482853 0.366270 4.677921 8.093141 -0.797480 -5.326509 -6.818955 0.647662 2.896400 4.951282 2.324040 12.606042 8.011696 -4.577900 8.731928 -2.608769 7.103873 -19.995217 0.766386 11.576735 -17.333139 1.881808 -11.930931 -93.269667 -5.504356 -5.838529 -19.473098 0.000000 0.000000 0.000000 0.000000 0.000000 0.000000 0.000000 0.000000 0.000000 0.000000 0.000000 0.000000 0.000000 0.000000 0.000000 0.000000 0.000000 0.000000 0.000000 0.000000 0.000000 0.000000 0.000000 0.000000 0.000000 0.000000 0.000000 0.000000 0.000000 0.000000 0.000000 0.000000 0.000000 0.000000 0.000000 0.000000 0.000000 0.000000 0.000000 0.000000 0.000000 0.000000 -2.785848 -2.235538 17.073738 3.283996 -17.162725 14.529372 -7.150901 20.068741 110.053902 -6.456321 -2.321242 9.792319 0.000000 0.000000 0.000000 0.000000 0.000000 0.000000 0.000000 0.000000 0.000000 0.000000 0.000000 0.000000 0.000000 0.000000 0.000000 0.000000 0.000000 0.000000 0.000000 0.000000 0.000000 0.000000 0.000000 0.000000 0.000000 0.000000 0.000000 0.000000 0.000000 0.000000 0.000000 0.000000 0.000000 0.000000 0.000000 0.000000 0.000000 0.000000 0.000000 0.000000 0.000000 0.000000
0.160098 -0.149834 1.006089 -14.408158 -4.410980 10.863284 -22.825835 -13.298309 -0.092073 57.832616 5.636020 -4.672519 -16.282942 5.302851 8.247820 -0.838311 -6.370891 -0.865525 -14.517128 1.660491 -4.430278 47.951686 -8.746391 -7.148975 -24.352676 8.265235 -12.873593 2.192878 -2.567546 0.436495 20.473069 0.424733 4.686041 8.044726 -0.772510 -5.296817 -6.898690 0.620632 2.939841 5.106840 2.422496 12.753121 8.137679 -4.461729 8.627876 -2.997370 6.648615 -20.394058 0.379398 12.161328 -17.880988 1.757794 -12.003324 -91.389253 -4.736827 -5.456256 -19.160214 0.000000 0.000000 0.000000 0.000000 0.000000 0.000000 0.000000 0.000000 0.000000 0.000000 0.000000 0.000000 0.000000 0.000000 0.000000 0.000000 0.000000 0.000000 0.000000 0.000000 0.000000 0.000000 0.000000 0.000000 0.000000 0.000000 0.000000 0.000000 0.000000 0.000000 0.000000 0.000000 0.000000 0.000000 0.000000 0.000000 0.000000 0.000000 0.000000 0.000000 0.000000 0.000000 -3.017211 -1.797378 17.535130 2.662037 -17.187982 15.246227 -6.974404 20.110794 108.036002 -6.304437 -2.744790 9.509668 0.000000 0.000000 0.000000 0.000000 0.000000 0.000000 0.000000 0.000000 0.000000 0.000000 0.000000 0.000000 0.000000 0.000000 0.000000 0.000000 0.000000 0.000000 0.000000 0.000000 0.000000 0.000000 0.000000 0.000000 0.000000 0.000000 0.000000 0.000000 0.000000 0.000000 0.000000 0.000000 0.000000 0.000000 0.000000 0.000000 0.000000 0.000000 0.000000 0.000000 0.000000 0.000000
0.169644 -0.152501 1.007443 -14.816365 -4.965583 11.163860 -22.782531 -14.154056 0.028139 57.520794 5.027579 -4.738377 -15.921747 5.715492 8.383324 -0.894579 -6.375172 -0.881744 -14.146017 1.886166 -4.708655 48.167181 -8.804501 -6.894211 -24.181845 8.293740 -12.921214 2.105903 -2.829811 0.435081 20.552119 0.491291 4.707000 8.074577 -0.757816 -5.271459 -6.985504 0.529480 2.996078 5.598384 2.638116 12.911400 8.236808 -4.347335 8.585327 -3.460132 5.947745 -21.044858 -0.237976 12.995383 -18.546283 1.867988 -12.262272 -89.125548 -2.958233 -5.453925 -18.557667 0.000000 0.000000 0.000000 0.000000 0.000000 0.000000 0.000000 0.000000 0.000000 0.000000 0.000000 0.000000 0.000000 0.000000 0.000000 0.000000 0.000000 0.000000 0.000000 0.000000 0.000000 0.000000 0.000000 0.000000 0.000000 0.000000 0.000000 0.000000 0.000000 0.000000 0.000000 0.000000 0.000000 0.000000 0.000000 0.000000 0.000000 0.000000 0.000000 0.000000 0.000000 0.000000 -3.468877 -0.949831 18.174855 1.859435 -17.418176 16.146052 -6.432035 20.391619 105.380794 -5.651922 -3.138279 9.055814 0.000000 0.000000 0.000000 0.000000 0.000000 0.000000 0.000000 0.000000 0.000000 0.000000 0.000000 0.000000 0.000000 0.000000 0.000000 0.000000 0.000000 0.000000 0.000000 0.000000 0.000000 0.000000 0.000000 0.000000 0.000000 0.000000 0.000000 0.000000 0.000000 0.000000 0.000000 0.000000 0.000000 0.000000 0.000000 0.000000 0.000000 0.000000 0.000000 0.000000 0.000000 0.000000
0.173508 -0.158500 1.008672 -15.246430 -5.119268 11.308146 -22.814545 -14.895745 0.058354 57.030977 4.611877 -4.798577 -15.654858 6.048120 8.576206 -0.945059 -6.433713 -0.864530 -14.143411 1.908268 -4.744865 48.531148 -8.920867 -6.730021 -23.549806 8.075450 -13.059782 2.087327 -2.955971 0.415921 20.552241 0.533621 4.565162 8.044415 -0.707398 -5.220658 -7.126531 0.459361 2.991194 5.892602 2.702048 13.139654 8.355187 -4.232833 8.512535 -3.798108 5.538084 -21.389270 -0.658958 13.409100 -19.146156 1.774884 -12.363779 -87.156932 -1.813283 -5.264504 -18.290052 0.000000 0.000000 0.000000 0.000000 0.000000 0.000000 0.000000 0.000000 0.000000 0.000000 0.000000 0.000000 0.000000 0.000000 0.000000 0.000000 0.000000 0.000000 0.000000 0.000000 0.000000 0.000000 0.000000 0.000000 0.000000 0.000000 0.000000 0.000000 0.000000 0.000000 0.000000 0.000000 0.000000 0.000000 0.000000 0.000000 0.000000 0.000000 0.000000 0.000000 0.000000 0.000000 -3.838942 -0.473822 18.642336 1.261627 -17.487631 17.049208 -5.710006 20.420586 102.905826 -5.307786 -3.076010 8.808386 0.000000 0.000000 0.000000 0.000000 0.000000 0.000000 0.000000 0.000000 0.000000 0.000000 0.000000 0.000000 0.000000 0.000000 0.000000 0.000000 0.000000 0.000000 0.000000 0.000000 0.000000 0.000000 0.000000 0.000000 0.000000 0.000000 0.000000 0.000000 0.000000 0.000000 0.000000 0.000000 0.000000 0.000000 0.000000 0.000000 0.000000 0.000000 0.000000 0.000000 0.000000 0.000000
0.181339 -0.160854 1.009844 -15.538512 -5.563910 11.670944 -22.614312 -15.648685 0.186465 56.153149 4.052744 -5.054762 -15.499603 6.509819 8.505363 -0.995558 -6.504260 -0.880935 -14.073035 2.141088 -5.000826 48.987775 -9.027709 -6.712439 -23.242611 7.783510 -13.038160 2.082445 -3.121204 0.385758 20.553226 0.681409 4.539477 8.178609 -0.717821 -5.229274 -7.262065 0.409107 2.980526 6.240081 2.680545 13.100797 8.422904 -4.232570 7.981390 -4.252335 4.890584 -21.857788 -1.196172 14.059668 -19.975080 1.991461 -12.495938 -84.461968 -0.825085 -5.003965 -17.843310 0.000000 0.000000 0.000000 0.000000 0.000000 0.000000 0.000000 0.000000 0.000000 0.000000 0.000000 0.000000 0.000000 0.000000 0.000000 0.000000 0.000000 0.000000 0.000000 0.000000 0.000000 0.000000 0.000000 0.000000 0.000000 0.000000 0.000000 0.000000 0.000000 0.000000 0.000000 0.000000 0.000000 0.000000 0.000000 0.000000 0.000000 0.000000 0.000000 0.000000 0.000000 0.000000 -4.191557 -0.066975 19.121854 0.745602 -17.844250 17.830620 -5.354571 20.636727 100.140918 -4.767806 -3.006654 8.531596 0.000000 0.000000 0.000000 0.000000 0.000000 0.000000 0.000000 0.000000 0.000000 0.000000 0.000000 0.000000 0.000000 0.000000 0.000000 0.000000 0.000000 0.000000 0.000000 0.000000 0.000000 0.000000 0.000000 0.000000 0.000000 0.000000 0.000000 0.000000 0.000000 0.000000 0.000000 0.000000 0.000000 0.000000 0.000000 0.000000 0.000000 0.000000 0.000000 0.000000 0.000000 0.000000
0.186734 -0.162858 1.010951 -15.851501 -5.935235 12.103002 -22.024872 -16.585839 0.515787 54.843573 3.425284 -5.483905 -15.629413 6.887055 8.537137 -1.128951 -6.691468 -0.883095 -13.997610 2.431115 -5.182264 49.571841 -9.213913 -6.358673 -22.880624 7.484082 -13.335105 2.031587 -3.270737 0.347390 20.668885 0.738144 4.386319 8.235898 -0.695257 -5.273335 -7.337884 0.292722 2.902504 6.307412 2.851025 13.412531 8.351855 -4.031181 8.021299 -4.607842 4.445818 -22.361196 -1.849705 14.402475 -20.500958 2.257787 -12.018634 -81.789824 -0.387182 -4.610363 -17.679450 0.000000 0.000000 0.000000 0.000000 0.000000 0.000000 0.000000 0.000000 0.000000 0.000000 0.000000 0.000000 0.000000 0.000000 0.000000 0.000000 0.000000 0.000000 0.000000 0.000000 0.000000 0.000000 0.000000 0.000000 0.000000 0.000000 0.000000 0.000000 0.000000 0.000000 0.000000 0.000000 0.000000 0.000000 0.000000 0.000000 0.000000 0.000000 0.000000 0.000000 0.000000 0.000000 -4.548757 0.217532 19.628679 0.091431 -17.649278 18.534760 -4.586100 20.372599 96.777817 -4.239113 -3.071707 8.517155 0.000000 0.000000 0.000000 0.000000 0.000000 0.000000 0.000000 0.000000 0.000000 0.000000 0.000000 0.000000 0.000000 0.000000 0.000000 0.000000 0.000000 0.000000 0.000000 0.000000 0.000000 0.000000 0.000000 0.000000 0.000000 0.000000 0.000000 0.000000 0.000000 0.000000 0.000000 0.000000 0.000000 0.000000 0.000000 0.000000 0.000000 0.000000 0.000000 0.000000 0.000000 0.000000
0.192231 -0.162100 1.011481 -15.937174 -6.196770 12.175797 -21.460188 -17.811301 1.007964 53.112911 2.761897 -5.861141 -15.598799 7.411797 8.655299 -1.183308 -6.830442 -0.929431 -14.044280 2.613508 -5.388302 50.023179 -9.322704 -5.898798 -22.752275 7.333449 -13.431838 1.995088 -3.319259 0.333751 20.757128 0.767872 4.239078 8.037921 -0.798093 -5.192717 -7.349286 0.099339 2.803313 6.299430 2.963585 14.094957 8.530458 -3.399656 7.880606 -5.262780 3.817775 -22.753293 -2.703423 15.460836 -21.576656 3.325252 -12.165127 -76.844819 1.862376 -4.910146 -17.344845 0.000000 0.000000 0.000000 0.000000 0.000000 0.000000 0.000000 0.000000 0.000000 0.000000 0.000000 0.000000 0.000000 0.000000 0.000000 0.000000 0.000000 0.000000 0.000000 0.000000 0.000000 0.000000 0.000000 0.000000 0.000000 0.000000 0.000000 0.000000 0.000000 0.000000 0.000000 0.000000 0.000000 0.000000 0.000000 0.000000 0.000000 0.000000 0.000000 0.000000 0.000000 0.000000 -5.075091 0.482994 20.144946 -0.710288 -17.837931 20.131936 -2.785636 20.693247 91.272998 -2.886167 -2.145465 8.602178 0.000000 0.000000 0.000000 0.000000 0.000000 0.000000 0.000000 0.000000 0.000000 0.000000 0.000000 0.000000 0.000000 0.000000 0.000000 0.000000 0.000000 0.000000 0.000000 0.000000 0.000000 0.000000 0.000000 0.000000 0.000000 0.000000 0.000000 0.000000 0.000000 0.000000 0.000000 0.000000 0.000000 0.000000 0.000000 0.000000 0.000000 0.000000 0.000000 0.000000 0.000000 0.000000
0.196136 -0.170495 1.012803 -16.550742 -6.429623 12.303067 -20.638325 -18.837791 1.376676 51.217037 1.872764 -6.417549 -15.205324 8.074363 8.711822 -1.242369 -6.806501 -0.863432 -13.837867 2.841629 -5.598712 50.320107 -9.463987 -5.688556 -22.510250 7.000846 -13.376725 1.943044 -3.326984 0.287945 20.813374 0.666944 4.171714 8.114000 -0.804468 -5.122401 -7.482055 -0.063993 2.697379 6.520476 3.004932 14.497272 8.799696 -3.019839 7.598261 -5.690236 3.651784 -23.337018 -3.345899 16.017516 -22.574305 3.827524 -11.601711 -72.924258 3.536845 -5.455488 -17.441606 0.000000 0.000000 0.000000 0.000000 0.000000 0.000000 0.000000 0.000000 0.000000 0.000000 0.000000 0.000000 0.000000 0.000000 0.000000 0.000000 0.000000 0.000000 0.000000 0.000000 0.000000 0.000000 0.000000 0.000000 0.000000 0.000000 0.000000 0.000000 0.000000 0.000000 0.000000 0.000000 0.000000 0.000000 0.000000 0.000000 0.000000 0.000000 0.000000 0.000000 0.000000 0.000000 -5.334577 0.510084 20.834650 -1.394741 -17.411366 21.010962 -0.956719 20.336372 86.115889 -1.091409 -1.201667 8.872589 0.000000 0.000000 0.000000 0.000000 0.000000 0.000000 0.000000 0.000000 0.000000 0.000000 0.000000 0.000000 0.000000 0.000000 0.000000 0.000000 0.000000 0.000000 0.000000 0.000000 0.000000 0.000000 0.000000 0.000000 0.000000 0.000000 0.000000 0.000000 0.000000 0.000000 0.000000 0.000000 0.000000 0.000000 0.000000 0.000000 0.000000 0.000000 0.000000 0.000000 0.000000 0.000000
0.193827 -0.171388 1.012876 -16.597542 -6.411386 12.545958 -19.752997 -19.936828 1.916966 49.308931 1.203272 -6.882447 -14.766349 8.711869 8.766499 -1.339004 -6.977170 -0.876918 -13.920181 3.167644 -5.778976 50.630561 -9.594483 -5.377600 -22.475213 6.795591 -13.271906 1.952612 -3.473769 0.273358 20.990965 0.724692 3.977690 7.979148 -0.794291 -5.070611 -7.433294 -0.194053 2.689445 6.315330 3.028347 15.402142 8.611015 -2.629236 7.809403 -6.339704 3.074032 -23.863949 -3.913879 16.749153 -23.714591 4.640203 -11.240731 -68.732462 4.485805 -6.171444 -17.578382 0.000000 0.000000 0.000000 0.000000 0.000000 0.000000 0.000000 0.000000 0.000000 0.000000 0.000000 0.000000 0.000000 0.000000 0.000000 0.000000 0.000000 0.000000 0.000000 0.000000 0.000000 0.000000 0.000000 0.000000 0.000000 0.000000 0.000000 0.000000 0.000000 0.000000 0.000000 0.000000 0.000000 0.000000 0.000000 0.000000 0.000000 0.000000 0.000000 0.000000 0.000000 0.000000 -5.720042 0.692575 21.195610 -2.075698 -17.342622 22.081538 0.423281 19.883389 80.970870 -0.284353 -0.319600 8.947819 0.000000 0.000000 0.000000 0.000000 0.000000 0.000000 0.000000 0.000000 0.000000 0.000000 0.000000 0.000000 0.000000 0.000000 0.000000 0.000000 0.000000 0.000000 0.000000 0.000000 0.000000 0.000000 0.000000 0.000000 0.000000 0.000000 0.000000 0.000000 0.000000 0.000000 0.000000 0.000000 0.000000 0.000000 0.000000 0.000000 0.000000 0.000000 0.000000 0.000000 0.000000 0.000000
0.197745 -0.170345 1.012991 -16.557811 -6.697987 12.489739 -18.780710 -20.766233 2.373523 47.566434 0.634940 -7.588578 -14.652807 9.197461 8.827883 -1.407085 -7.074877 -0.851261 -14.057358 3.538593 -5.990187 51.010123 -9.627612 -4.994750 -22.678437 6.585895 -13.221890 1.926310 -3.537300 0.279197 20.970254 0.838606 3.821862 7.894076 -0.696014 -5.020084 -7.259402 -0.299161 2.681868 6.183193 3.069900 16.145561 8.514669 -2.316572 7.961973 -6.963536 2.485647 -24.450428 -4.396501 17.170410 -24.295518 5.630322 -10.831779 -64.634518 5.181717 -7.126046 -17.524124 0.000000 0.000000 0.000000 0.000000 0.000000 0.000000 0.000000 0.000000 0.000000 0.000000 0.000000 0.000000 0.000000 0.000000 0.000000 0.000000 0.000000 0.000000 0.000000 0.000000 0.000000 0.000000 0.000000 0.000000 0.000000 0.000000 0.000000 0.000000 0.000000 0.000000 0.000000 0.000000 0.000000 0.000000 0.000000 0.000000 0.000000 0.000000 0.000000 0.000000 0.000000 0.000000 -6.109703 0.844350 21.938103 -2.658034 -17.246795 23.064002 1.687541 19.263304 76.362488 0.606607 0.410438 9.111914 0.000000 0.000000 0.000000 0.000000 0.000000 0.000000 0.000000 0.000000 0.000000 0.000000 0.000000 0.000000 0.000000 0.000000 0.000000 0.000000 0.000000 0.000000 0.000000 0.000000 0.000000 0.000000 0.000000 0.000000 0.000000 0.000000 0.000000 0.000000 0.000000 0.000000 0.000000 0.000000 0.000000 0.000000 0.000000 0.000000 0.000000 0.000000 0.000000 0.000000 0.000000 0.000000
0.202703 -0.172488 1.013544 -16.702380 -7.112163 12.532195 -17.740235 -21.686424 2.987186 45.764262 0.113810 -8.323043 -14.498527 9.786723 8.645629 -1.333508 -7.098048 -0.793803 -14.178560 3.845287 -6.045663 51.454221 -9.532165 -4.656509 -22.780428 6.361996 -13.358675 1.978662 -3.446004 0.289935 21.064301 1.038107 3.606222 7.719061 -0.687766 -5.149731 -7.088959 -0.314540 2.643809 6.191840 2.871193 16.927857 8.298549 -2.043265 8.103711 -7.491362 2.033249 -25.224871 -4.958350 17.548640 -25.142772 7.034332 -10.342155 -59.485047 6.661959 -7.752791 -17.226426 0.000000 0.000000 0.000000 0.000000 0.000000 0.000000 0.000000 0.000000 0.000000 0.000000 0.000000 0.000000 0.000000 0.000000 0.000000 0.000000 0.000000 0.000000 0.000000 0.000000 0.000000 0.000000 0.000000 0.000000 0.000000 0.000000 0.000000 0.000000 0.000000 0.000000 0.000000 0.000000 0.000000 0.000000 0.000000 0.000000 0.000000 0.000000 0.000000 0.000000 0.000000 0.000000 -6.511662 0.783892 22.650263 -3.061573 -17.197874 24.423126 3.147050 18.901512 71.242801 1.691501 1.458275 9.364854 0.000000 0.000000 0.000000 0.000000 0.000000 0.000000 0.000000 0.000000 0.000000 0.000000 0.000000 0.000000 0.000000 0.000000 0.000000 0.000000 0.000000 0.000000 0.000000 0.000000 0.000000 0.000000 0.000000 0.000000 0.000000 0.000000 0.000000 0.000000 0.000000 0.000000 0.000000 0.000000 0.000000 0.000000 0.000000 0.000000 0.000000 0.000000 0.000000 0.000000 0.000000 0.000000
0.206729 -0.170226 1.013625 -16.586966 -7.420870 12.683463 -16.656829 -22.379119 3.631125 43.796763 -0.001443 -8.836172 -14.105884 10.248123 8.567853 -1.320251 -7.154023 -0.702477 -14.317048 4.094610 -6.166471 51.772217 -9.515865 -4.525190 -23.145427 6.239820 -13.386243 1.999168 -3.375569 0.258535 21.015871 1.044911 3.372463 7.644735 -0.546281 -5.112003 -7.007000 -0.368749 2.571096 6.102461 2.770350 17.331778 8.341799 -1.817659 8.197978 -7.788752 1.575811 -25.823001 -5.339962 17.511881 -25.544880 8.007953 -9.929907 -56.230660 7.419192 -8.454325 -17.062016 0.000000 0.000000 0.000000 0.000000 0.000000 0.000000 0.000000 0.000000 0.000000 0.000000 0.000000 0.000000 0.000000 0.000000 0.000000 0.000000 0.000000 0.000000 0.000000 0.000000 0.000000 0.000000 0.000000 0.000000 0.000000 0.000000 0.000000 0.000000 0.000000 0.000000 0.000000 0.000000 0.000000 0.000000 0.000000 0.000000 0.000000 0.000000 0.000000 0.000000 0.000000 0.000000 -6.762353 1.059064 23.308794 -3.597093 -17.084029 25.317310 4.236819 18.290985 67.119401 2.926368 1.924321 9.483143 0.000000 0.000000 0.000000 0.000000 0.000000 0.000000 0.000000 0.000000 0.000000 0.000000 0.000000 0.000000 0.000000 0.000000 0.000000 0.000000 0.000000 0.000000 0.000000 0.000000 0.000000 0.000000 0.000000 0.000000 0.000000 0.000000 0.000000 0.000000 0.000000 0.000000 0.000000 0.000000 0.000000 0.000000 0.000000 0.000000 0.000000 0.000000 0.000000 0.000000 0.000000 0.000000
0.208741 -0.166931 1.013394 -16.294088 -7.595904 12.939674 -15.672890 -22.906685 4.287801 41.945760 -0.148934 -8.966675 -13.423412 10.808228 8.296325 -1.262892 -7.166635 -0.624607 -14.607672 4.332699 -6.278628 52.025227 -9.530293 -4.540902 -23.322392 6.216245 -13.142887 1.952210 -3.342298 0.242903 20.818908 1.013761 3.157853 7.433390 -0.370941 -5.082265 -6.819099 -0.374823 2.507246 6.128423 2.792035 17.812993 8.749475 -1.638530 8.235217 -8.152233 1.336934 -26.285442 -5.578680 17.627396 -26.012921 9.009498 -9.663654 -53.509418 8.688482 -9.124076 -16.904317 0.000000 0.000000 0.000000 0.000000 0.000000 0.000000 0.000000 0.000000 0.000000 0.000000 0.000000 0.000000 0.000000 0.000000 0.000000 0.000000 0.000000 0.000000 0.000000 0.000000 0.000000 0.000000 0.000000 0.000000 0.000000 0.000000 0.000000 0.000000 0.000000 0.000000 0.000000 0.000000 0.000000 0.000000 0.000000 0.000000 0.000000 0.000000 0.000000 0.000000 0.000000 0.000000 -7.029775 1.224756 23.856670 -3.995848 -16.937922 25.886833 5.323030 17.782022 63.705976 4.373271 2.587354 9.920977 0.000000 0.000000 0.000000 0.000000 0.000000 0.000000 0.000000 0.000000 0.000000 0.000000 0.000000 0.000000 0.000000 0.000000 0.000000 0.000000 0.000000 0.000000 0.000000 0.000000 0.000000 0.000000 0.000000 0.000000 0.000000 0.000000 0.000000 0.000000 0.000000 0.000000 0.000000 0.000000 0.000000 0.000000 0.000000 0.000000 0.000000 0.000000 0.000000 0.000000 0.000000 0.000000
0.206127 -0.165404 1.013067 -16.114984 -7.388788 13.151847 -14.680209 -23.508934 4.982301 39.913039 -0.391392 -9.312604 -12.805752 11.302868 8.020501 -1.168395 -7.077503 -0.510985 -14.834702 4.430826 -6.324032 52.175053 -9.822709 -4.457657 -23.350600 6.130477 -12.989065 1.998399 -3.140396 0.214169 20.642944 0.898587 2.945948 7.390417 -0.353869 -5.080641 -6.888498 -0.467697 2.365701 6.191153 2.695859 17.751071 8.950146 -1.406298 7.584191 -8.407367 1.161957 -26.717317 -5.939148 17.609147 -26.677298 9.692946 -8.883157 -50.161672 9.692847 -9.179238 -16.701173 0.000000 0.000000 0.000000 0.000000 0.000000 0.000000 0.000000 0.000000 0.000000 0.000000 0.000000 0.000000 0.000000 0.000000 0.000000 0.000000 0.000000 0.000000 0.000000 0.000000 0.000000 0.000000 0.000000 0.000000 0.000000 0.000000 0.000000 0.000000 0.000000 0.000000 0.000000 0.000000 0.000000 0.000000 0.000000 0.000000 0.000000 0.000000 0.000000 0.000000 0.000000 0.000000 -7.292353 1.212277 24.428310 -4.439228 -16.613227 26.710826 6.657717 16.893085 59.573513 5.431911 2.856047 10.116630 0.000000 0.000000 0.000000 0.000000 0.000000 0.000000 0.000000 0.000000 0.000000 0.000000 0.000000 0.000000 0.000000 0.000000 0.000000 0.000000 0.000000 0.000000 0.000000 0.000000 0.000000 0.000000 0.000000 0.000000 0.000000 0.000000 0.000000 0.000000 0.000000 0.000000 0.000000 0.000000 0.000000 0.000000 0.000000 0.000000 0.000000 0.000000 0.000000 0.000000 0.000000 0.000000
0.203924 -0.160611 1.012461 -15.681098 -7.324056 13.392423 -13.862205 -24.124638 5.777904 37.565367 -0.460148 -9.803771 -11.906960 12.101615 7.514040 -1.070298 -7.050949 -0.460409 -15.235474 4.752132 -6.504717 52.458783 -9.945997 -4.156407 -23.504535 6.022313 -12.893879 2.070104 -2.756385 0.232857 20.475612 0.993803 2.740549 7.274753 -0.367695 -5.127052 -7.085563 -0.518096 2.203505 6.134791 2.490077 17.987066 9.018862 -1.305834 7.337107 -8.788170 0.863243 -27.175844 -6.622685 17.886025 -27.653334 9.883451 -7.167308 -45.239270 10.108276 -9.191224 -16.284629 0.000000 0.000000 0.000000 0.000000 0.000000 0.000000 0.000000 0.000000 0.000000 0.000000 0.000000 0.000000 0.000000 0.000000 0.000000 0.000000 0.000000 0.000000 0.000000 0.000000 0.000000 0.000000 0.000000 0.000000 0.000000 0.000000 0.000000 0.000000 0.000000 0.000000 0.000000 0.000000 0.000000 0.000000 0.000000 0.000000 0.000000 0.000000 0.000000 0.000000 0.000000 0.000000 -7.522180 1.144932 24.918454 -4.949419 -16.210359 27.761137 7.450463 14.820311 54.272218 5.642102 2.413845 10.146045 0.000000 0.000000 0.000000 0.000000 0.000000 0.000000 0.000000 0.000000 0.000000 0.000000 0.000000 0.000000 0.000000 0.000000 0.000000 0.000000 0.000000 0.000000 0.000000 0.000000 0.000000 0.000000 0.000000 0.000000 0.000000 0.000000 0.000000 0.000000 0.000000 0.000000 0.000000 0.000000 0.000000 0.000000 0.000000 0.000000 0.000000 0.000000 0.000000 0.000000 0.000000 0.000000
0.204083 -0.155040 1.011766 -15.198787 -7.266074 13.498560 -12.981759 -24.570928 6.472282 35.660718 -0.401973 -10.128321 -11.564360 12.600628 7.122961 -1.052522 -7.051843 -0.453690 -15.631174 4.930704 -6.665414 52.618691 -10.096538 -3.956745 -23.795929 5.946934 -12.715697 2.097481 -2.543131 0.242815 20.307746 0.957021 2.595869 7.082955 -0.317841 -5.125390 -7.089946 -0.576029 2.107641 5.915184 2.406090 18.047025 9.096984 -1.223094 7.104648 -9.034961 0.624608 -27.487941 -7.137862 17.862968 -28.063974 10.161293 -6.104202 -41.639745 10.371704 -9.549215 -16.087433 0.000000 0.000000 0.000000 0.000000 0.000000 0.000000 0.000000 0.000000 0.000000 0.000000 0.000000 0.000000 0.000000 0.000000 0.000000 0.000000 0.000000 0.000000 0.000000 0.000000 0.000000 0.000000 0.000000 0.000000 0.000000 0.000000 0.000000 0.000000 0.000000 0.000000 0.000000 0.000000 0.000000 0.000000 0.000000 0.000000 0.000000 0.000000 0.000000 0.000000 0.000000 0.000000 -7.601893 1.149715 25.378491 -5.456340 -15.950944 28.433855 7.819584 13.437088 50.155284 6.161894 2.338745 10.111734 0.000000 0.000000 0.000000 0.000000 0.000000 0.000000 0.000000 0.000000 0.000000 0.000000 0.000000 0.000000 0.000000 0.000000 0.000000 0.000000 0.000000 0.000000 0.000000 0.000000 0.000000 0.000000 0.000000 0.000000 0.000000 0.000000 0.000000 0.000000 0.000000 0.000000 0.000000 0.000000 0.000000 0.000000 0.000000 0.000000 0.000000 0.000000 0.000000 0.000000 0.000000 0.000000
0.203285 -0.151724 1.011175 -14.827357 -7.177450 13.495203 -12.181537 -24.923169 7.195893 34.000518 -0.290993 -10.326675 -11.465553 13.004659 6.696198 -0.970022 -7.081983 -0.431401 -16.026533 5.084105 -6.771944 52.763911 -10.178119 -3.818233 -24.056803 5.835192 -12.512914 2.174828 -2.349072 0.242247 20.168369 0.966080 2.451537 6.972241 -0.325993 -5.163714 -7.085558 -0.626456 2.065359 5.669697 2.214169 18.331363 9.073116 -1.094084 6.858618 -9.294834 0.327784 -27.777300 -7.583466 17.829152 -28.431632 10.697502 -5.329133 -38.589007 11.252553 -9.624102 -15.776167 0.000000 0.000000 0.000000 0.000000 0.000000 0.000000 0.000000 0.000000 0.000000 0.000000 0.000000 0.000000 0.000000 0.000000 0.000000 0.000000 0.000000 0.000000 0.000000 0.000000 0.000000 0.000000 0.000000 0.000000 0.000000 0.000000 0.000000 0.000000 0.000000 0.000000 0.000000 0.000000 0.000000 0.000000 0.000000 0.000000 0.000000 0.000000 0.000000 0.000000 0.000000 0.000000 -7.840522 1.177758 25.690145 -5.896247 -15.797632 29.018101 8.221536 12.273766 46.315865 6.737387 2.537193 10.219989 0.000000 0.000000 0.000000 0.000000 0.000000 0.000000 0.000000 0.000000 0.000000 0.000000 0.000000 0.000000 0.000000 0.000000 0.000000 0.000000 0.000000 0.000000 0.000000 0.000000 0.000000 0.000000 0.000000 0.000000 0.000000 0.000000 0.000000 0.000000 0.000000 0.000000 0.000000 0.000000 0.000000 0.000000 0.000000 0.000000 0.000000 0.000000 0.000000 0.000000 0.000000 0.000000
0.202053 -0.148593 1.010650 -14.514817 -7.126776 13.641669 -11.433938 -25.016663 7.635352 32.402640 -0.243961 -10.556800 -11.754281 13.145018 6.452414 -0.880236 -7.085632 -0.412293 -16.317262 5.125661 -6.771228 52.872394 -10.126059 -3.705738 -24.336209 5.857093 -12.443926 2.206975 -2.125940 0.262679 19.926247 0.960825 2.336197 7.026381 -0.375026 -5.182438 -7.232767 -0.650815 1.977696 5.650664 2.047085 18.388714 8.993753 -1.027719 6.629139 -9.305866 0.222622 -27.982863 -7.953061 17.624283 -28.698805 11.046758 -4.713972 -36.505131 11.924533 -9.918085 -15.752065 0.000000 0.000000 0.000000 0.000000 0.000000 0.000000 0.000000 0.000000 0.000000 0.000000 0.000000 0.000000 0.000000 0.000000 0.000000 0.000000 0.000000 0.000000 0.000000 0.000000 0.000000 0.000000 0.000000 0.000000 0.000000 0.000000 0.000000 0.000000 0.000000 0.000000 0.000000 0.000000 0.000000 0.000000 0.000000 0.000000 0.000000 0.000000 0.000000 0.000000 0.000000 0.000000 -7.802079 1.086625 25.831931 -6.381161 -15.502353 29.361460 8.401837 11.327635 43.424342 7.219971 2.744101 10.416337 0.000000 0.000000 0.000000 0.000000 0.000000 0.000000 0.000000 0.000000 0.000000 0.000000 0.000000 0.000000 0.000000 0.000000 0.000000 0.000000 0.000000 0.000000 0.000000 0.000000 0.000000 0.000000 0.000000 0.000000 0.000000 0.000000 0.000000 0.000000 0.000000 0.000000 0.000000 0.000000 0.000000 0.000000 0.000000 0.000000 0.000000 0.000000 0.000000 0.000000 0.000000 0.000000
0.201240 -0.144601 1.009941 -14.183939 -6.985006 13.684129 -10.761162 -25.117094 8.039384 30.861144 -0.296915 -10.737153 -11.992450 13.183287 6.382684 -0.774607 -7.078397 -0.409913 -16.630361 5.205482 -6.864506 53.057482 -10.262089 -3.579769 -24.558793 5.776502 -12.127952 2.236761 -1.908555 0.305851 19.733199 0.889493 2.240848 6.969904 -0.412430 -5.125328 -7.186118 -0.734013 1.950011 5.534190 1.963496 18.501352 8.685217 -1.003639 6.481684 -9.493093 0.211634 -28.003639 -8.236831 17.638538 -28.948005 11.089798 -4.297271 -34.855982 12.593790 -10.265251 -15.662905 0.000000 0.000000 0.000000 0.000000 0.000000 0.000000 0.000000 0.000000 0.000000 0.000000 0.000000 0.000000 0.000000 0.000000 0.000000 0.000000 0.000000 0.000000 0.000000 0.000000 0.000000 0.000000 0.000000 0.000000 0.000000 0.000000 0.000000 0.000000 0.000000 0.000000 0.000000 0.000000 0.000000 0.000000 0.000000 0.000000 0.000000 0.000000 0.000000 0.000000 0.000000 0.000000 -7.767986 0.908858 25.947637 -6.952037 -15.028873 29.452133 8.338146 10.307508 41.104621 7.763175 3.134142 10.728956 0.000000 0.000000 0.000000 0.000000 0.000000 0.000000 0.000000 0.000000 0.000000 0.000000 0.000000 0.000000 0.000000 0.000000 0.000000 0.000000 0.000000 0.000000 0.000000 0.000000 0.000000 0.000000 0.000000 0.000000 0.000000 0.000000 0.000000 0.000000 0.000000 0.000000 0.000000 0.000000 0.000000 0.000000 0.000000 0.000000 0.000000 0.000000 0.000000 0.000000 0.000000 0.000000
0.202619 -0.142167 1.009472 -13.990771 -6.989320 13.839519 -10.209706 -25.162903 8.386525 29.576672 -0.310777 -10.942467 -12.013213 13.222779 6.379975 -0.714471 -7.033900 -0.387139 -16.965626 5.260930 -6.921356 53.421638 -10.348833 -3.481312 -24.588369 5.646410 -12.129854 2.244435 -1.725871 0.323050 19.722165 0.806278 2.103841 6.915030 -0.391884 -5.113491 -7.247726 -0.750852 1.892535 5.336512 1.950912 18.509243 8.575994 -0.941411 6.439841 -9.454364 0.283564 -28.057989 -8.540733 17.199471 -28.873727 10.962171 -3.831293 -33.961141 12.734296 -10.506869 -15.798820 0.000000 0.000000 0.000000 0.000000 0.000000 0.000000 0.000000 0.000000 0.000000 0.000000 0.000000 0.000000 0.000000 0.000000 0.000000 0.000000 0.000000 0.000000 0.000000 0.000000 0.000000 0.000000 0.000000 0.000000 0.000000 0.000000 0.000000 0.000000 0.000000 0.000000 0.000000 0.000000 0.000000 0.000000 0.000000 0.000000 0.000000 0.000000 0.000000 0.000000 0.000000 0.000000 -7.605855 0.800878 26.019735 -7.416472 -14.470373 29.521451 8.174362 9.563151 39.575761 7.961673 3.254514 10.918839 0.000000 0.000000 0.000000 0.000000 0.000000 0.000000 0.000000 0.000000 0.000000 0.000000 0.000000 0.000000 0.000000 0.000000 0.000000 0.000000 0.000000 0.000000 0.000000 0.000000 0.000000 0.000000 0.000000 0.000000 0.000000 0.000000 0.000000 0.000000 0.000000 0.000000 0.000000 0.000000 0.000000 0.000000 0.000000 0.000000 0.000000 0.000000 0.000000 0.000000 0.000000 0.000000
0.204032 -0.140353 1.009072 -13.834851 -7.017997 14.034569 -9.728740 -25.185655 8.678669 28.409093 -0.304339 -11.036870 -11.965209 13.296458 6.272344 -0.680929 -7.000410 -0.360495 -17.205052 5.338742 -6.977303 53.665000 -10.430766 -3.401593 -24.672600 5.566664 -12.051962 2.266447 -1.602073 0.335008 19.651233 0.738191 2.005310 6.947735 -0.370461 -5.094380 -7.320917 -0.783856 1.858973 5.120752 1.969086 18.649295 8.486929 -0.882245 6.537316 -9.471027 0.273308 -28.162142 -8.813340 16.812545 -28.864644 10.916782 -3.387961 -33.167522 12.916255 -10.380820 -15.948178 0.000000 0.000000 0.000000 0.000000 0.000000 0.000000 0.000000 0.000000 0.000000 0.000000 0.000000 0.000000 0.000000 0.000000 0.000000 0.000000 0.000000 0.000000 0.000000 0.000000 0.000000 0.000000 0.000000 0.000000 0.000000 0.000000 0.000000 0.000000 0.000000 0.000000 0.000000 0.000000 0.000000 0.000000 0.000000 0.000000 0.000000 0.000000 0.000000 0.000000 0.000000 0.000000 -7.504016 0.790434 26.025292 -7.819484 -14.013477 29.510148 7.866906 9.018795 38.402902 8.189209 2.968267 11.039730 0.000000 0.000000 0.000000 0.000000 0.000000 0.000000 0.000000 0.000000 0.000000 0.000000 0.000000 0.000000 0.000000 0.000000 0.000000 0.000000 0.000000 0.000000 0.000000 0.000000 0.000000 0.000000 0.000000 0.000000 0.000000 0.000000 0.000000 0.000000 0.000000 0.000000 0.000000 0.000000 0.000000 0.000000 0.000000 0.000000 0.000000 0.000000 0.000000 0.000000 0.000000 0.000000
0.202747 -0.139454 1.008558 -13.689611 -6.871058 13.997840 -9.480824 -25.178068 8.753101 27.734404 -0.388337 -11.119589 -12.225760 13.181593 6.541097 -0.659169 -6.989110 -0.332347 -17.521711 5.295410 -6.923699 53.877112 -10.439218 -3.223243 -24.791560 5.440862 -12.025463 2.290766 -1.488302 0.371661 19.579269 0.785680 1.925708 6.999249 -0.355030 -5.080581 -7.451243 -0.835811 1.818672 4.839529 1.965400 18.655525 8.371648 -0.890793 6.554585 -9.431854 0.350206 -28.162730 -9.100873 16.191245 -28.725155 10.805420 -3.011680 -32.810192 12.853867 -10.471072 -15.993893 0.000000 0.000000 0.000000 0.000000 0.000000 0.000000 0.000000 0.000000 0.000000 0.000000 0.000000 0.000000 0.000000 0.000000 0.000000 0.000000 0.000000 0.000000 0.000000 0.000000 0.000000 0.000000 0.000000 0.000000 0.000000 0.000000 0.000000 0.000000 0.000000 0.000000 0.000000 0.000000 0.000000 0.000000 0.000000 0.000000 0.000000 0.000000 0.000000 0.000000 0.000000 0.000000 -7.402749 0.786947 25.992825 -8.143789 -13.566644 29.343703 7.544864 8.432514 37.789625 7.995330 2.922367 10.957431 0.000000 0.000000 0.000000 0.000000 0.000000 0.000000 0.000000 0.000000 0.000000 0.000000 0.000000 0.000000 0.000000 0.000000 0.000000 0.000000 0.000000 0.000000 0.000000 0.000000 0.000000 0.000000 0.000000 0.000000 0.000000 0.000000 0.000000 0.000000 0.000000 0.000000 0.000000 0.000000 0.000000 0.000000 0.000000 0.000000 0.000000 0.000000 0.000000 0.000000 0.000000 0.000000
0.201506 -0.136315 1.007867 -13.430289 -6.746248 14.054475 -9.380472 -25.236095 8.896770 27.243099 -0.404317 -11.080441 -12.392911 13.125715 6.623853 -0.626619 -6.955938 -0.307773 -17.758803 5.279649 -6.896079 53.974103 -10.479365 -3.100593 -25.084833 5.464984 -11.931393 2.305996 -1.416683 0.376377 19.508282 0.767559 1.853613 7.008998 -0.312993 -5.062871 -7.510998 -0.868235 1.765322 4.787368 1.910353 18.813146 8.186179 -0.774580 6.647890 -9.383396 0.336849 -28.054975 -9.296103 15.550530 -28.483427 10.675184 -2.797798 -32.889061 12.918773 -10.214428 -15.960132 0.000000 0.000000 0.000000 0.000000 0.000000 0.000000 0.000000 0.000000 0.000000 0.000000 0.000000 0.000000 0.000000 0.000000 0.000000 0.000000 0.000000 0.000000 0.000000 0.000000 0.000000 0.000000 0.000000 0.000000 0.000000 0.000000 0.000000 0.000000 0.000000 0.000000 0.000000 0.000000 0.000000 0.000000 0.000000 0.000000 0.000000 0.000000 0.000000 0.000000 0.000000 0.000000 -7.344067 0.827948 25.883771 -8.495313 -13.207043 29.158198 7.192265 8.045935 37.411942 7.779704 2.722431 10.966950 0.000000 0.000000 0.000000 0.000000 0.000000 0.000000 0.000000 0.000000 0.000000 0.000000 0.000000 0.000000 0.000000 0.000000 0.000000 0.000000 0.000000 0.000000 0.000000 0.000000 0.000000 0.000000 0.000000 0.000000 0.000000 0.000000 0.000000 0.000000 0.000000 0.000000 0.000000 0.000000 0.000000 0.000000 0.000000 0.000000 0.000000 0.000000 0.000000 0.000000 0.000000 0.000000
0.202663 -0.134453 1.007392 -13.238337 -6.820348 14.115511 -9.499295 -25.193221 8.869868 27.152596 -0.397307 -11.161268 -12.179618 13.196401 6.747184 -0.645464 -6.897940 -0.279403 -18.020346 5.386588 -6.901512 54.175017 -10.443583 -3.015904 -25.379763 5.370031 -11.890861 2.269316 -1.317962 0.361228 19.495462 0.781265 1.808309 7.024331 -0.172883 -5.019844 -7.544977 -0.876677 1.722804 4.524566 1.962739 19.128436 7.933781 -0.699206 6.942001 -9.262969 0.409060 -28.047882 -9.492336 14.505571 -27.983963 10.462972 -2.273501 -33.306837 12.692735 -9.841928 -16.111914 0.000000 0.000000 0.000000 0.000000 0.000000 0.000000 0.000000 0.000000 0.000000 0.000000 0.000000 0.000000 0.000000 0.000000 0.000000 0.000000 0.000000 0.000000 0.000000 0.000000 0.000000 0.000000 0.000000 0.000000 0.000000 0.000000 0.000000 0.000000 0.000000 0.000000 0.000000 0.000000 0.000000 0.000000 0.000000 0.000000 0.000000 0.000000 0.000000 0.000000 0.000000 0.000000 -7.146108 0.878886 25.846873 -8.864521 -12.609482 28.620509 6.633216 7.656009 37.643251 7.547157 2.355551 11.004382 0.000000 0.000000 0.000000 0.000000 0.000000 0.000000 0.000000 0.000000 0.000000 0.000000 0.000000 0.000000 0.000000 0.000000 0.000000 0.000000 0.000000 0.000000 0.000000 0.000000 0.000000 0.000000 0.000000 0.000000 0.000000 0.000000 0.000000 0.000000 0.000000 0.000000 0.000000 0.000000 0.000000 0.000000 0.000000 0.000000 0.000000 0.000000 0.000000 0.000000 0.000000 0.000000
0.201822 -0.136392 1.007160 -13.286046 -6.794128 14.083628 -9.729507 -25.164278 8.731557 27.486720 -0.466270 -11.166818 -12.214594 13.181790 6.958629 -0.709006 -6.943058 -0.269509 -18.297861 5.418376 -6.795829 54.502897 -10.373894 -2.936486 -25.392209 5.197782 -11.901925 2.264119 -1.288868 0.376920 19.595550 0.782684 1.800238 7.023444 -0.044583 -4.955966 -7.585567 -0.922752 1.675208 4.222106 2.011604 19.193447 7.778169 -0.657327 7.044233 -9.207742 0.512371 -28.057782 -9.783141 13.688295 -27.575833 10.123208 -1.715407 -33.528884 12.301321 -9.140619 -16.028002 0.000000 0.000000 0.000000 0.000000 0.000000 0.000000 0.000000 0.000000 0.000000 0.000000 0.000000 0.000000 0.000000 0.000000 0.000000 0.000000 0.000000 0.000000 0.000000 0.000000 0.000000 0.000000 0.000000 0.000000 0.000000 0.000000 0.000000 0.000000 0.000000 0.000000 0.000000 0.000000 0.000000 0.000000 0.000000 0.000000 0.000000 0.000000 0.000000 0.000000 0.000000 0.000000 -6.997321 0.922212 25.683129 -9.151151 -12.114754 28.064073 6.127015 7.402255 37.816084 7.244370 1.653214 10.823833 0.000000 0.000000 0.000000 0.000000 0.000000 0.000000 0.000000 0.000000 0.000000 0.000000 0.000000 0.000000 0.000000 0.000000 0.000000 0.000000 0.000000 0.000000 0.000000 0.000000 0.000000 0.000000 0.000000 0.000000 0.000000 0.000000 0.000000 0.000000 0.000000 0.000000 0.000000 0.000000 0.000000 0.000000 0.000000 0.000000 0.000000 0.000000 0.000000 0.000000 0.000000 0.000000
0.201020 -0.137039 1.006841 -13.240092 -6.812302 14.104543 -10.119035 -25.057309 8.489097 27.992562 -0.534107 -11.181207 -12.204092 13.092383 7.215022 -0.757716 -6.894430 -0.277578 -18.603714 5.478210 -6.715956 54.840392 -10.198114 -2.704120 -25.483269 5.113507 -11.928745 2.224209 -1.131449 0.427332 19.713137 0.834499 1.798779 7.138294 -0.032084 -4.884542 -7.850648 -0.966794 1.694779 4.113073 2.143409 19.594271 7.381492 -0.587956 7.607522 -9.025864 0.643370 -27.926471 -10.075255 12.811345 -27.374087 9.682282 -1.242471 -33.396413 12.206153 -9.026048 -16.042220 0.000000 0.000000 0.000000 0.000000 0.000000 0.000000 0.000000 0.000000 0.000000 0.000000 0.000000 0.000000 0.000000 0.000000 0.000000 0.000000 0.000000 0.000000 0.000000 0.000000 0.000000 0.000000 0.000000 0.000000 0.000000 0.000000 0.000000 0.000000 0.000000 0.000000 0.000000 0.000000 0.000000 0.000000 0.000000 0.000000 0.000000 0.000000 0.000000 0.000000 0.000000 0.000000 -6.614826 0.901322 25.513609 -9.775268 -11.207379 27.630057 5.540884 6.770775 37.349635 7.292944 1.148193 10.873639 0.000000 0.000000 0.000000 0.000000 0.000000 0.000000 0.000000 0.000000 0.000000 0.000000 0.000000 0.000000 0.000000 0.000000 0.000000 0.000000 0.000000 0.000000 0.000000 0.000000 0.000000 0.000000 0.000000 0.000000 0.000000 0.000000 0.000000 0.000000 0.000000 0.000000 0.000000 0.000000 0.000000 0.000000 0.000000 0.000000 0.000000 0.000000 0.000000 0.000000 0.000000 0.000000
0.201420 -0.138829 1.006933 -13.405440 -6.874369 14.136157 -10.346553 -25.069815 8.298061 28.550628 -0.580456 -11.284277 -12.013498 13.106141 7.458923 -0.817425 -6.939150 -0.283865 -18.723614 5.583340 -6.693839 55.280737 -10.181206 -2.555023 -25.511379 4.937551 -11.947060 2.189332 -1.113446 0.463488 19.857423 0.829007 1.811848 7.205919 0.046379 -4.818665 -7.892469 -0.997855 1.681583 3.977303 2.280229 19.890907 7.069795 -0.547584 8.110593 -8.964955 0.652731 -27.726179 -10.294113 11.957378 -26.909647 9.599492 -0.960966 -33.521034 12.006390 -9.037775 -16.130314 0.000000 0.000000 0.000000 0.000000 0.000000 0.000000 0.000000 0.000000 0.000000 0.000000 0.000000 0.000000 0.000000 0.000000 0.000000 0.000000 0.000000 0.000000 0.000000 0.000000 0.000000 0.000000 0.000000 0.000000 0.000000 0.000000 0.000000 0.000000 0.000000 0.000000 0.000000 0.000000 0.000000 0.000000 0.000000 0.000000 0.000000 0.000000 0.000000 0.000000 0.000000 0.000000 -6.401892 1.010821 25.409128 -10.257796 -10.504708 27.058268 5.214320 6.225456 37.011230 7.210758 1.047576 10.947886 0.000000 0.000000 0.000000 0.000000 0.000000 0.000000 0.000000 0.000000 0.000000 0.000000 0.000000 0.000000 0.000000 0.000000 0.000000 0.000000 0.000000 0.000000 0.000000 0.000000 0.000000 0.000000 0.000000 0.000000 0.000000 0.000000 0.000000 0.000000 0.000000 0.000000 0.000000 0.000000 0.000000 0.000000 0.000000 0.000000 0.000000 0.000000 0.000000 0.000000 0.000000 0.000000
0.199277 -0.141224 1.007021 -13.617384 -6.827335 14.187493 -10.924590 -25.151592 8.029582 29.749619 -0.649744 -11.565904 -12.007183 12.990876 7.769043 -0.897949 -6.987616 -0.303105 -18.894589 5.688780 -6.646750 55.870508 -10.142323 -2.219760 -25.407478 4.727634 -12.069343 2.185714 -1.056332 0.524182 20.075872 0.777892 1.840114 7.305688 0.113414 -4.806226 -8.054034 -1.031706 1.680050 3.886278 2.330541 20.393522 6.874506 -0.308138 8.604091 -8.833097 0.719682 -27.495039 -10.518443 10.951151 -26.538263 9.461645 -0.692450 -33.381855 12.059809 -9.100919 -16.281518 0.000000 0.000000 0.000000 0.000000 0.000000 0.000000 0.000000 0.000000 0.000000 0.000000 0.000000 0.000000 0.000000 0.000000 0.000000 0.000000 0.000000 0.000000 0.000000 0.000000 0.000000 0.000000 0.000000 0.000000 0.000000 0.000000 0.000000 0.000000 0.000000 0.000000 0.000000 0.000000 0.000000 0.000000 0.000000 0.000000 0.000000 0.000000 0.000000 0.000000 0.000000 0.000000 -6.179490 0.979388 25.236943 -10.751054 -9.588014 26.583649 4.966778 5.581047 35.925967 7.265645 0.940999 11.164615 0.000000 0.000000 0.000000 0.000000 0.000000 0.000000 0.000000 0.000000 0.000000 0.000000 0.000000 0.000000 0.000000 0.000000 0.000000 0.000000 0.000000 0.000000 0.000000 0.000000 0.000000 0.000000 0.000000 0.000000 0.000000 0.000000 0.000000 0.000000 0.000000 0.000000 0.000000 0.000000 0.000000 0.000000 0.000000 0.000000 0.000000 0.000000 0.000000 0.000000 0.000000 0.000000
0.198246 -0.142540 1.007172 -13.768481 -6.905589 13.994529 -11.257939 -25.091306 7.829028 30.783568 -0.662312 -11.788705 -12.007599 12.851866 8.222042 -0.944120 -6.982517 -0.329184 -19.091411 5.818965 -6.512546 56.469712 -9.950085 -1.940784 -25.471684 4.546797 -12.114272 2.137133 -0.996991 0.593472 20.254469 0.792742 1.834829 7.366603 0.225514 -4.755877 -8.192124 -0.995970 1.678534 3.753371 2.478490 20.648811 6.475530 -0.118787 9.055673 -8.641841 0.839934 -27.125404 -10.769912 9.973992 -25.949484 9.212306 -0.419564 -33.292450 12.050904 -8.994523 -16.162077 0.000000 0.000000 0.000000 0.000000 0.000000 0.000000 0.000000 0.000000 0.000000 0.000000 0.000000 0.000000 0.000000 0.000000 0.000000 0.000000 0.000000 0.000000 0.000000 0.000000 0.000000 0.000000 0.000000 0.000000 0.000000 0.000000 0.000000 0.000000 0.000000 0.000000 0.000000 0.000000 0.000000 0.000000 0.000000 0.000000 0.000000 0.000000 0.000000 0.000000 0.000000 0.000000 -5.938895 1.019526 25.121006 -11.231269 -8.747566 26.105363 4.651201 4.849249 34.913470 7.131137 0.931272 11.200594 0.000000 0.000000 0.000000 0.000000 0.000000 0.000000 0.000000 0.000000 0.000000 0.000000 0.000000 0.000000 0.000000 0.000000 0.000000 0.000000 0.000000 0.000000 0.000000 0.000000 0.000000 0.000000 0.000000 0.000000 0.000000 0.000000 0.000000 0.000000 0.000000 0.000000 0.000000 0.000000 0.000000 0.000000 0.000000 0.000000 0.000000 0.000000 0.000000 0.000000 0.000000 0.000000
0.197305 -0.142538 1.007279 -13.889453 -6.963707 14.033199 -11.487697 -25.274635 7.856953 31.516631 -0.487975 -11.906441 -12.029197 12.987131 8.328788 -1.017942 -7.012744 -0.343893 -18.951598 6.045066 -6.667851 56.696007 -9.901620 -1.839759 -25.982159 4.409417 -11.916744 2.119338 -1.053382 0.569110 20.483543 0.805470 1.922784 7.363637 0.346497 -4.697510 -8.089002 -1.032531 1.665083 3.453885 2.522693 21.310228 6.138944 -0.016147 9.628542 -8.654703 0.815803 -26.939367 -11.010921 9.079103 -25.443919 8.974234 -0.082191 -33.107873 12.013071 -9.237931 -16.258604 0.000000 0.000000 0.000000 0.000000 0.000000 0.000000 0.000000 0.000000 0.000000 0.000000 0.000000 0.000000 0.000000 0.000000 0.000000 0.000000 0.000000 0.000000 0.000000 0.000000 0.000000 0.000000 0.000000 0.000000 0.000000 0.000000 0.000000 0.000000 0.000000 0.000000 0.000000 0.000000 0.000000 0.000000 0.000000 0.000000 0.000000 0.000000 0.000000 0.000000 0.000000 0.000000 -5.853354 0.901540 24.908289 -11.806171 -7.879894 25.448730 3.927851 3.880198 33.186701 7.083744 1.214621 11.242877 0.000000 0.000000 0.000000 0.000000 0.000000 0.000000 0.000000 0.000000 0.000000 0.000000 0.000000 0.000000 0.000000 0.000000 0.000000 0.000000 0.000000 0.000000 0.000000 0.000000 0.000000 0.000000 0.000000 0.000000 0.000000 0.000000 0.000000 0.000000 0.000000 0.000000 0.000000 0.000000 0.000000 0.000000 0.000000 0.000000 0.000000 0.000000 0.000000 0.000000 0.000000 0.000000
0.199166 -0.143660 1.007568 -14.092674 -7.142430 14.012745 -11.882261 -25.396854 7.741728 32.570262 -0.442844 -12.030986 -11.662514 13.185650 8.446918 -1.122464 -7.156800 -0.346124 -18.938590 6.095302 -6.670588 57.103919 -9.739601 -1.669008 -26.170976 4.387674 -12.010509 2.096969 -1.104848 0.581357 20.735181 0.636627 1.959688 7.097138 0.512225 -4.658816 -7.740355 -1.032267 1.643266 2.932668 2.499662 21.958629 5.743043 0.279998 10.204037 -8.726799 0.901023 -26.576540 -11.164043 8.526816 -24.674696 8.975641 -0.023205 -32.996785 12.439522 -9.359098 -16.346537 0.000000 0.000000 0.000000 0.000000 0.000000 0.000000 0.000000 0.000000 0.000000 0.000000 0.000000 0.000000 0.000000 0.000000 0.000000 0.000000 0.000000 0.000000 0.000000 0.000000 0.000000 0.000000 0.000000 0.000000 0.000000 0.000000 0.000000 0.000000 0.000000 0.000000 0.000000 0.000000 0.000000 0.000000 0.000000 0.000000 0.000000 0.000000 0.000000 0.000000 0.000000 0.000000 -5.813587 0.739371 24.743783 -12.247718 -7.025912 24.815697 3.707864 3.331975 31.772509 7.692187 1.466799 11.293336 0.000000 0.000000 0.000000 0.000000 0.000000 0.000000 0.000000 0.000000 0.000000 0.000000 0.000000 0.000000 0.000000 0.000000 0.000000 0.000000 0.000000 0.000000 0.000000 0.000000 0.000000 0.000000 0.000000 0.000000 0.000000 0.000000 0.000000 0.000000 0.000000 0.000000 0.000000 0.000000 0.000000 0.000000 0.000000 0.000000 0.000000 0.000000 0.000000 0.000000 0.000000 0.000000
0.200415 -0.147692 1.008017 -14.418606 -7.265885 13.796062 -12.018345 -25.601850 7.810378 33.306128 -0.265460 -11.933235 -11.499407 13.368231 8.577062 -1.123588 -7.154451 -0.357187 -18.813575 6.198421 -6.683350 57.284694 -9.656795 -1.462153 -26.461233 4.305098 -11.907529 2.122204 -1.115289 0.592571 21.027393 0.589201 1.974723 7.028548 0.583545 -4.588889 -7.660499 -1.027452 1.664332 2.636970 2.552590 22.508689 5.395846 0.374443 10.650870 -8.594971 1.109708 -26.284898 -11.433350 7.993081 -24.127683 9.026706 0.033247 -32.632412 12.911278 -9.698788 -16.373784 0.000000 0.000000 0.000000 0.000000 0.000000 0.000000 0.000000 0.000000 0.000000 0.000000 0.000000 0.000000 0.000000 0.000000 0.000000 0.000000 0.000000 0.000000 0.000000 0.000000 0.000000 0.000000 0.000000 0.000000 0.000000 0.000000 0.000000 0.000000 0.000000 0.000000 0.000000 0.000000 0.000000 0.000000 0.000000 0.000000 0.000000 0.000000 0.000000 0.000000 0.000000 0.000000 -5.558763 0.545541 24.575168 -12.824117 -6.277263 24.177456 3.573024 2.800169 30.189067 8.093711 1.950713 11.275452 0.000000 0.000000 0.000000 0.000000 0.000000 0.000000 0.000000 0.000000 0.000000 0.000000 0.000000 0.000000 0.000000 0.000000 0.000000 0.000000 0.000000 0.000000 0.000000 0.000000 0.000000 0.000000 0.000000 0.000000 0.000000 0.000000 0.000000 0.000000 0.000000 0.000000 0.000000 0.000000 0.000000 0.000000 0.000000 0.000000 0.000000 0.000000 0.000000 0.000000 0.000000 0.000000
0.199378 -0.148928 1.008113 -14.597960 -7.214546 13.645496 -12.368387 -25.793386 7.688012 34.254246 -0.291943 -12.170118 -11.684719 13.314368 8.941646 -1.173027 -7.175201 -0.388135 -18.742165 6.090518 -6.634584 57.442734 -9.543097 -1.279810 -26.800114 4.310806 -12.047411 2.095517 -1.013614 0.619889 21.299860 0.576786 2.000341 6.864872 0.639327 -4.544873 -7.655995 -1.077786 1.675735 2.192913 2.573655 23.028488 5.116271 0.478041 11.196653 -8.354710 1.316982 -25.876570 -11.658991 7.241796 -23.539899 8.830140 0.278126 -32.625994 13.406555 -10.108471 -16.237719 0.000000 0.000000 0.000000 0.000000 0.000000 0.000000 0.000000 0.000000 0.000000 0.000000 0.000000 0.000000 0.000000 0.000000 0.000000 0.000000 0.000000 0.000000 0.000000 0.000000 0.000000 0.000000 0.000000 0.000000 0.000000 0.000000 0.000000 0.000000 0.000000 0.000000 0.000000 0.000000 0.000000 0.000000 0.000000 0.000000 0.000000 0.000000 0.000000 0.000000 0.000000 0.000000 -5.362041 0.391952 24.198056 -13.275273 -5.543821 23.431292 3.086936 2.105192 29.038064 8.340972 2.370892 11.189910 0.000000 0.000000 0.000000 0.000000 0.000000 0.000000 0.000000 0.000000 0.000000 0.000000 0.000000 0.000000 0.000000 0.000000 0.000000 0.000000 0.000000 0.000000 0.000000 0.000000 0.000000 0.000000 0.000000 0.000000 0.000000 0.000000 0.000000 0.000000 0.000000 0.000000 0.000000 0.000000 0.000000 0.000000 0.000000 0.000000 0.000000 0.000000 0.000000 0.000000 0.000000 0.000000
0.197181 -0.151977 1.008268 -14.821814 -7.156591 13.681107 -12.825713 -25.962970 7.618051 35.188365 -0.260239 -12.066401 -11.984441 13.211361 9.073783 -1.256786 -7.194726 -0.420061 -18.686800 6.054149 -6.605844 57.584848 -9.423811 -0.954263 -26.950396 4.451308 -12.228677 2.128480 -0.953505 0.659076 21.433151 0.485607 2.005270 6.940950 0.660475 -4.545786 -7.687883 -1.178650 1.612470 1.999275 2.749741 23.433658 4.781426 0.668906 11.684295 -8.017173 1.611071 -25.448946 -12.119775 6.190186 -23.019525 8.255094 0.650120 -32.207123 14.022795 -10.057745 -16.148145 0.000000 0.000000 0.000000 0.000000 0.000000 0.000000 0.000000 0.000000 0.000000 0.000000 0.000000 0.000000 0.000000 0.000000 0.000000 0.000000 0.000000 0.000000 0.000000 0.000000 0.000000 0.000000 0.000000 0.000000 0.000000 0.000000 0.000000 0.000000 0.000000 0.000000 0.000000 0.000000 0.000000 0.000000 0.000000 0.000000 0.000000 0.000000 0.000000 0.000000 0.000000 0.000000 -5.086596 0.115425 23.811503 -13.701394 -4.634226 22.743124 2.529622 1.678401 28.081407 8.760367 2.394042 11.174816 0.000000 0.000000 0.000000 0.000000 0.000000 0.000000 0.000000 0.000000 0.000000 0.000000 0.000000 0.000000 0.000000 0.000000 0.000000 0.000000 0.000000 0.000000 0.000000 0.000000 0.000000 0.000000 0.000000 0.000000 0.000000 0.000000 0.000000 0.000000 0.000000 0.000000 0.000000 0.000000 0.000000 0.000000 0.000000 0.000000 0.000000 0.000000 0.000000 0.000000 0.000000 0.000000
0.195168 -0.152364 1.008056 -14.828413 -7.014707 13.805576 -13.183976 -26.132756 7.459421 35.614573 -0.268408 -12.093970 -12.395214 12.985232 9.230592 -1.334720 -7.226969 -0.441365 -18.720426 5.970315 -6.575315 57.621731 -9.474205 -0.797168 -27.245598 4.550840 -12.335673 2.116155 -0.871837 0.680533 21.473152 0.466198 2.043351 6.931838 0.693156 -4.534487 -7.716935 -1.262108 1.562424 1.737296 2.824182 24.217618 4.482925 0.727549 12.710243 -7.821428 1.793347 -25.022463 -12.308870 5.360436 -22.410358 8.011259 0.963163 -32.298267 14.291039 -9.893464 -16.057198 0.000000 0.000000 0.000000 0.000000 0.000000 0.000000 0.000000 0.000000 0.000000 0.000000 0.000000 0.000000 0.000000 0.000000 0.000000 0.000000 0.000000 0.000000 0.000000 0.000000 0.000000 0.000000 0.000000 0.000000 0.000000 0.000000 0.000000 0.000000 0.000000 0.000000 0.000000 0.000000 0.000000 0.000000 0.000000 0.000000 0.000000 0.000000 0.000000 0.000000 0.000000 0.000000 -4.758118 -0.130434 23.319275 -14.001272 -3.660354 21.942026 2.002244 1.117322 27.645917 8.894751 2.127881 11.139925 0.000000 0.000000 0.000000 0.000000 0.000000 0.000000 0.000000 0.000000 0.000000 0.000000 0.000000 0.000000 0.000000 0.000000 0.000000 0.000000 0.000000 0.000000 0.000000 0.000000 0.000000 0.000000 0.000000 0.000000 0.000000 0.000000 0.000000 0.000000 0.000000 0.000000 0.000000 0.000000 0.000000 0.000000 0.000000 0.000000 0.000000 0.000000 0.000000 0.000000 0.000000 0.000000
0.194514 -0.152353 1.007904 -14.834815 -6.954427 13.828174 -13.638505 -26.289571 7.322818 36.319435 -0.284879 -12.208324 -12.583086 12.825081 9.445979 -1.391170 -7.192344 -0.424825 -18.789912 5.922372 -6.572745 57.753436 -9.474750 -0.630143 -27.534451 4.572973 -12.477655 2.068835 -0.804056 0.671321 21.463057 0.442957 2.052356 6.834918 0.776628 -4.523147 -7.645804 -1.320348 1.476179 1.534049 2.887786 24.438652 4.271741 0.910488 13.055375 -7.691561 1.995721 -24.623226 -12.391278 4.583849 -21.767626 7.671862 1.400863 -32.142443 14.310660 -9.691321 -15.951480 0.000000 0.000000 0.000000 0.000000 0.000000 0.000000 0.000000 0.000000 0.000000 0.000000 0.000000 0.000000 0.000000 0.000000 0.000000 0.000000 0.000000 0.000000 0.000000 0.000000 0.000000 0.000000 0.000000 0.000000 0.000000 0.000000 0.000000 0.000000 0.000000 0.000000 0.000000 0.000000 0.000000 0.000000 0.000000 0.000000 0.000000 0.000000 0.000000 0.000000 0.000000 0.000000 -4.680401 -0.364507 22.984608 -14.007598 -2.970806 21.185214 1.546488 0.656630 27.466757 8.824936 2.106771 11.131823 0.000000 0.000000 0.000000 0.000000 0.000000 0.000000 0.000000 0.000000 0.000000 0.000000 0.000000 0.000000 0.000000 0.000000 0.000000 0.000000 0.000000 0.000000 0.000000 0.000000 0.000000 0.000000 0.000000 0.000000 0.000000 0.000000 0.000000 0.000000 0.000000 0.000000 0.000000 0.000000 0.000000 0.000000 0.000000 0.000000 0.000000 0.000000 0.000000 0.000000 0.000000 0.000000
0.192793 -0.153274 1.007798 -14.893030 -6.862890 13.901992 -13.907374 -26.393845 7.200594 36.730764 -0.313310 -12.330663 -12.988838 12.553294 9.634214 -1.385713 -7.120335 -0.419812 -18.719957 5.821032 -6.570279 57.676401 -9.420154 -0.580242 -27.956990 4.697758 -12.571293 2.058627 -0.676418 0.666736 21.485280 0.507265 2.079982 6.989207 0.767045 -4.495351 -7.777765 -1.406205 1.410712 1.508114 2.969390 24.504206 4.038271 0.869272 13.336418 -7.521129 2.121854 -24.353576 -12.527042 3.870158 -21.373782 7.293933 1.860412 -31.921206 14.126189 -9.692393 -15.861648 0.000000 0.000000 0.000000 0.000000 0.000000 0.000000 0.000000 0.000000 0.000000 0.000000 0.000000 0.000000 0.000000 0.000000 0.000000 0.000000 0.000000 0.000000 0.000000 0.000000 0.000000 0.000000 0.000000 0.000000 0.000000 0.000000 0.000000 0.000000 0.000000 0.000000 0.000000 0.000000 0.000000 0.000000 0.000000 0.000000 0.000000 0.000000 0.000000 0.000000 0.000000 0.000000 -4.484132 -0.501555 22.675476 -14.109611 -2.181237 20.393851 0.949420 0.041698 27.110611 8.441433 2.196052 11.233430 0.000000 0.000000 0.000000 0.000000 0.000000 0.000000 0.000000 0.000000 0.000000 0.000000 0.000000 0.000000 0.000000 0.000000 0.000000 0.000000 0.000000 0.000000 0.000000 0.000000 0.000000 0.000000 0.000000 0.000000 0.000000 0.000000 0.000000 0.000000 0.000000 0.000000 0.000000 0.000000 0.000000 0.000000 0.000000 0.000000 0.000000 0.000000 0.000000 0.000000 0.000000 0.000000
0.193051 -0.157384 1.007849 -15.059852 -6.779421 13.960279 -14.102984 -26.668779 7.179547 36.927905 -0.242058 -12.241899 -13.019571 12.490232 9.572804 -1.370812 -7.123858 -0.412986 -18.654413 5.740808 -6.585156 57.468202 -9.580222 -0.588493 -28.216345 4.854909 -12.518052 2.061613 -0.559887 0.676227 21.535386 0.454747 2.091822 7.086636 0.727545 -4.481681 -7.903644 -1.504053 1.371480 1.404100 2.881937 24.918266 3.895717 0.915092 13.821070 -7.314839 2.248023 -24.047249 -12.715265 3.186696 -20.900575 7.166633 2.320682 -31.683279 14.459407 -9.366476 -15.832780 0.000000 0.000000 0.000000 0.000000 0.000000 0.000000 0.000000 0.000000 0.000000 0.000000 0.000000 0.000000 0.000000 0.000000 0.000000 0.000000 0.000000 0.000000 0.000000 0.000000 0.000000 0.000000 0.000000 0.000000 0.000000 0.000000 0.000000 0.000000 0.000000 0.000000 0.000000 0.000000 0.000000 0.000000 0.000000 0.000000 0.000000 0.000000 0.000000 0.000000 0.000000 0.000000 -4.199677 -0.665109 22.432792 -14.420016 -1.431850 19.896413 0.628055 -0.445437 26.573901 8.706856 1.890762 11.207227 0.000000 0.000000 0.000000 0.000000 0.000000 0.000000 0.000000 0.000000 0.000000 0.000000 0.000000 0.000000 0.000000 0.000000 0.000000 0.000000 0.000000 0.000000 0.000000 0.000000 0.000000 0.000000 0.000000 0.000000 0.000000 0.000000 0.000000 0.000000 0.000000 0.000000 0.000000 0.000000 0.000000 0.000000 0.000000 0.000000 0.000000 0.000000 0.000000 0.000000 0.000000 0.000000
0.192048 -0.160101 1.007839 -15.195923 -6.691649 13.942202 -14.227737 -26.834267 7.158023 37.292770 -0.187396 -12.206540 -13.237959 12.340408 9.712073 -1.343248 -7.111185 -0.408126 -18.678693 5.783725 -6.564348 57.532489 -9.733798 -0.479605 -28.311467 4.835615 -12.489254 2.089027 -0.454474 0.688852 21.447266 0.419096 2.099367 7.073228 0.713608 -4.472853 -7.910652 -1.557628 1.350642 1.347030 2.693070 24.834142 3.921721 0.863406 13.789620 -7.121261 2.370570 -23.762267 -12.851931 2.499868 -20.457107 6.841984 2.855455 -31.417021 14.369859 -8.860509 -15.746687 0.000000 0.000000 0.000000 0.000000 0.000000 0.000000 0.000000 0.000000 0.000000 0.000000 0.000000 0.000000 0.000000 0.000000 0.000000 0.000000 0.000000 0.000000 0.000000 0.000000 0.000000 0.000000 0.000000 0.000000 0.000000 0.000000 0.000000 0.000000 0.000000 0.000000 0.000000 0.000000 0.000000 0.000000 0.000000 0.000000 0.000000 0.000000 0.000000 0.000000 0.000000 0.000000 -4.019681 -0.827247 22.194114 -14.520709 -0.840441 19.432520 0.350781 -0.844972 26.179087 8.789342 1.649438 11.136758 0.000000 0.000000 0.000000 0.000000 0.000000 0.000000 0.000000 0.000000 0.000000 0.000000 0.000000 0.000000 0.000000 0.000000 0.000000 0.000000 0.000000 0.000000 0.000000 0.000000 0.000000 0.000000 0.000000 0.000000 0.000000 0.000000 0.000000 0.000000 0.000000 0.000000 0.000000 0.000000 0.000000 0.000000 0.000000 0.000000 0.000000 0.000000 0.000000 0.000000 0.000000 0.000000
0.191674 -0.162862 1.007882 -15.393262 -6.580660 13.852379 -14.451820 -26.866173 6.947316 37.938829 -0.351709 -12.371836 -13.380092 12.111675 10.080314 -1.362529 -7.152970 -0.406165 -18.836993 5.562158 -6.425230 57.859586 -9.706815 -0.299898 -28.157235 4.838921 -12.707404 2.066526 -0.375941 0.677654 21.459698 0.429465 2.068858 6.965654 0.734262 -4.480981 -7.838562 -1.587005 1.266729 1.186221 2.520229 24.539407 4.017585 0.933128 13.276691 -6.998859 2.468772 -23.422902 -13.035346 1.679548 -20.061044 6.378603 3.173095 -30.931156 14.991008 -8.038035 -15.442105 0.000000 0.000000 0.000000 0.000000 0.000000 0.000000 0.000000 0.000000 0.000000 0.000000 0.000000 0.000000 0.000000 0.000000 0.000000 0.000000 0.000000 0.000000 0.000000 0.000000 0.000000 0.000000 0.000000 0.000000 0.000000 0.000000 0.000000 0.000000 0.000000 0.000000 0.000000 0.000000 0.000000 0.000000 0.000000 0.000000 0.000000 0.000000 0.000000 0.000000 0.000000 0.000000 -4.043807 -1.016739 22.069749 -14.431035 -0.508615 18.959056 0.095291 -0.957495 26.209250 8.939569 1.299975 11.061273 0.000000 0.000000 0.000000 0.000000 0.000000 0.000000 0.000000 0.000000 0.000000 0.000000 0.000000 0.000000 0.000000 0.000000 0.000000 0.000000 0.000000 0.000000 0.000000 0.000000 0.000000 0.000000 0.000000 0.000000 0.000000 0.000000 0.000000 0.000000 0.000000 0.000000 0.000000 0.000000 0.000000 0.000000 0.000000 0.000000 0.000000 0.000000 0.000000 0.000000 0.000000 0.000000
0.193550 -0.165576 1.007992 -15.615207 -6.590673 13.633589 -14.430212 -26.907953 6.895863 38.360683 -0.369956 -12.346067 -13.495520 12.020247 10.331098 -1.299048 -7.151821 -0.404559 -18.892218 5.497856 -6.363467 58.121997 -9.790266 -0.248872 -28.122102 4.840918 -12.610071 2.070671 -0.285807 0.702882 21.380708 0.477197 2.040551 7.027243 0.679944 -4.489185 -7.933258 -1.584551 1.244875 1.378447 2.393846 24.021351 4.037054 0.833203 12.539516 -6.743039 2.613140 -23.176188 -13.212187 1.013187 -19.793494 6.117201 3.471557 -30.493232 15.370284 -7.819412 -15.208154 0.000000 0.000000 0.000000 0.000000 0.000000 0.000000 0.000000 0.000000 0.000000 0.000000 0.000000 0.000000 0.000000 0.000000 0.000000 0.000000 0.000000 0.000000 0.000000 0.000000 0.000000 0.000000 0.000000 0.000000 0.000000 0.000000 0.000000 0.000000 0.000000 0.000000 0.000000 0.000000 0.000000 0.000000 0.000000 0.000000 0.000000 0.000000 0.000000 0.000000 0.000000 0.000000 -3.903253 -1.146504 22.117789 -14.529696 -0.227750 18.727323 -0.070492 -1.063129 26.111943 9.001751 1.601450 11.132354 0.000000 0.000000 0.000000 0.000000 0.000000 0.000000 0.000000 0.000000 0.000000 0.000000 0.000000 0.000000 0.000000 0.000000 0.000000 0.000000 0.000000 0.000000 0.000000 0.000000 0.000000 0.000000 0.000000 0.000000 0.000000 0.000000 0.000000 0.000000 0.000000 0.000000 0.000000 0.000000 0.000000 0.000000 0.000000 0.000000 0.000000 0.000000 0.000000 0.000000 0.000000 0.000000
0.193435 -0.168334 1.007941 -15.734453 -6.585906 13.643181 -14.672362 -26.962799 6.774870 38.883683 -0.257819 -12.576977 -13.753054 11.837401 10.451615 -1.264332 -7.074240 -0.419498 -19.064801 5.530330 -6.274658 58.387066 -9.848877 -0.046208 -28.119157 4.786056 -12.775973 2.089894 -0.100491 0.718405 21.378572 0.551454 2.008329 7.189967 0.575787 -4.532463 -8.142873 -1.599055 1.231982 1.486625 2.303406 23.553284 3.958544 0.650663 12.315802 -6.475468 2.808106 -23.008896 -13.354670 0.309319 -19.509218 5.492679 3.896624 -30.171207 15.185402 -7.460655 -14.956867 0.000000 0.000000 0.000000 0.000000 0.000000 0.000000 0.000000 0.000000 0.000000 0.000000 0.000000 0.000000 0.000000 0.000000 0.000000 0.000000 0.000000 0.000000 0.000000 0.000000 0.000000 0.000000 0.000000 0.000000 0.000000 0.000000 0.000000 0.000000 0.000000 0.000000 0.000000 0.000000 0.000000 0.000000 0.000000 0.000000 0.000000 0.000000 0.000000 0.000000 0.000000 0.000000 -3.687440 -1.340135 21.984597 -14.678552 0.290567 18.578863 -0.521757 -1.393907 25.645884 8.797522 1.263730 11.048635 0.000000 0.000000 0.000000 0.000000 0.000000 0.000000 0.000000 0.000000 0.000000 0.000000 0.000000 0.000000 0.000000 0.000000 0.000000 0.000000 0.000000 0.000000 0.000000 0.000000 0.000000 0.000000 0.000000 0.000000 0.000000 0.000000 0.000000 0.000000 0.000000 0.000000 0.000000 0.000000 0.000000 0.000000 0.000000 0.000000 0.000000 0.000000 0.000000 0.000000 0.000000 0.000000
0.192962 -0.169005 1.007941 -15.848635 -6.557760 13.564946 -14.770309 -26.937015 6.606950 39.423994 -0.317388 -12.701679 -14.080580 11.623938 10.681046 -1.234996 -7.031224 -0.417597 -19.047561 5.499378 -6.201223 58.569302 -9.864243 0.040746 -28.312807 4.797455 -12.747996 2.088740 -0.005663 0.713404 21.331357 0.617414 2.027114 7.413945 0.479677 -4.542772 -8.312355 -1.590726 1.226671 1.867964 2.270989 22.884390 3.911563 0.470141 11.826379 -6.288170 2.887333 -22.844826 -13.360773 -0.166667 -19.275297 5.124757 4.097847 -30.056792 14.973821 -7.232853 -14.757147 0.000000 0.000000 0.000000 0.000000 0.000000 0.000000 0.000000 0.000000 0.000000 0.000000 0.000000 0.000000 0.000000 0.000000 0.000000 0.000000 0.000000 0.000000 0.000000 0.000000 0.000000 0.000000 0.000000 0.000000 0.000000 0.000000 0.000000 0.000000 0.000000 0.000000 0.000000 0.000000 0.000000 0.000000 0.000000 0.000000 0.000000 0.000000 0.000000 0.000000 0.000000 0.000000 -3.557068 -1.483097 21.874266 -14.690541 0.671050 18.272045 -0.700233 -1.492539 25.546038 8.501969 1.172037 11.075037 0.000000 0.000000 0.000000 0.000000 0.000000 0.000000 0.000000 0.000000 0.000000 0.000000 0.000000 0.000000 0.000000 0.000000 0.000000 0.000000 0.000000 0.000000 0.000000 0.000000 0.000000 0.000000 0.000000 0.000000 0.000000 0.000000 0.000000 0.000000 0.000000 0.000000 0.000000 0.000000 0.000000 0.000000 0.000000 0.000000 0.000000 0.000000 0.000000 0.000000 0.000000 0.000000
0.194854 -0.171288 1.008155 -15.999318 -6.604459 13.437667 -14.955017 -26.946934 6.506303 39.990498 -0.344596 -12.700508 -14.077323 11.592773 10.846049 -1.199886 -6.976738 -0.417969 -19.088109 5.382738 -6.124288 58.689389 -9.817416 0.184229 -28.443774 4.854123 -12.795986 2.075765 0.091915 0.718882 21.322121 0.623235 2.019553 7.491968 0.455670 -4.577953 -8.336149 -1.595010 1.202827 2.023914 2.253866 22.432543 3.811050 0.387818 11.491750 -6.120187 3.015458 -22.682422 -13.414518 -0.574774 -19.051343 4.732816 4.346583 -29.679127 15.005147 -7.078880 -14.410962 0.000000 0.000000 0.000000 0.000000 0.000000 0.000000 0.000000 0.000000 0.000000 0.000000 0.000000 0.000000 0.000000 0.000000 0.000000 0.000000 0.000000 0.000000 0.000000 0.000000 0.000000 0.000000 0.000000 0.000000 0.000000 0.000000 0.000000 0.000000 0.000000 0.000000 0.000000 0.000000 0.000000 0.000000 0.000000 0.000000 0.000000 0.000000 0.000000 0.000000 0.000000 0.000000 -3.530896 -1.566576 21.831945 -14.610111 0.804752 18.168937 -0.868863 -1.555330 25.737825 8.175238 1.220479 11.038460 0.000000 0.000000 0.000000 0.000000 0.000000 0.000000 0.000000 0.000000 0.000000 0.000000 0.000000 0.000000 0.000000 0.000000 0.000000 0.000000 0.000000 0.000000 0.000000 0.000000 0.000000 0.000000 0.000000 0.000000 0.000000 0.000000 0.000000 0.000000 0.000000 0.000000 0.000000 0.000000 0.000000 0.000000 0.000000 0.000000 0.000000 0.000000 0.000000 0.000000 0.000000 0.000000
0.195893 -0.171815 1.008347 -16.117347 -6.574280 13.308182 -14.961714 -26.888138 6.398887 40.321242 -0.432542 -12.502365 -14.316112 11.394354 11.087926 -1.134839 -6.892696 -0.403457 -18.946359 5.214158 -6.078017 58.632651 -9.838295 0.224285 -28.759094 5.000588 -12.720399 2.058495 0.202002 0.717571 21.161709 0.697871 2.020792 7.761820 0.342803 -4.576577 -8.583178 -1.601191 1.191922 2.438056 2.269560 21.654776 3.895864 0.278670 10.877979 -5.840084 3.184651 -22.462842 -13.379233 -0.760154 -19.051088 4.319900 4.477120 -29.629839 14.992054 -6.583026 -14.033220 0.000000 0.000000 0.000000 0.000000 0.000000 0.000000 0.000000 0.000000 0.000000 0.000000 0.000000 0.000000 0.000000 0.000000 0.000000 0.000000 0.000000 0.000000 0.000000 0.000000 0.000000 0.000000 0.000000 0.000000 0.000000 0.000000 0.000000 0.000000 0.000000 0.000000 0.000000 0.000000 0.000000 0.000000 0.000000 0.000000 0.000000 0.000000 0.000000 0.000000 0.000000 0.000000 -3.383947 -1.715328 21.706624 -14.439434 0.811078 18.059849 -0.918464 -1.404555 26.028434 8.071656 0.955476 11.063385 0.000000 0.000000 0.000000 0.000000 0.000000 0.000000 0.000000 0.000000 0.000000 0.000000 0.000000 0.000000 0.000000 0.000000 0.000000 0.000000 0.000000 0.000000 0.000000 0.000000 0.000000 0.000000 0.000000 0.000000 0.000000 0.000000 0.000000 0.000000 0.000000 0.000000 0.000000 0.000000 0.000000 0.000000 0.000000 0.000000 0.000000 0.000000 0.000000 0.000000 0.000000 0.000000
