HIERARCHY
ROOT Hips
{
	OFFSET 0.000000 0.000000 0.000000
	CHANNELS 6 Xposition Yposition Zposition Xrotation Yrotation Zrotation
	JOINT Thigh.L
	{
		OFFSET 0.054921 0.026568 -0.094033
		CHANNELS 3 Xrotation Yrotation Zrotation
		JOINT Shin.L
		{
			OFFSET 0.060888 0.005735 -0.413206
			CHANNELS 3 Xrotation Yrotation Zrotation
			JOINT Foot.L
			{
				OFFSET -0.041993 0.031335 -0.439707
				CHANNELS 3 Xrotation Yrotation Zrotation
				JOINT Toe.L
				{
					OFFSET 0.048267 -0.127314 -0.064793
					CHANNELS 3 Xrotation Yrotation Zrotation
					End Site
					{
						OFFSET 0.000000 0.050000 0.000000
					}
				}
			}
		}
	}
	JOINT Thigh.R
	{
		OFFSET -0.060025 0.020721 -0.106758
		CHANNELS 3 Xrotation Yrotation Zrotation
		JOINT Shin.R
		{
			OFFSET -0.049842 0.013868 -0.394412
			CHANNELS 3 Xrotation Yrotation Zrotation
			JOINT Foot.R
			{
				OFFSET 0.013929 0.019497 -0.448847
				CHANNELS 3 Xrotation Yrotation Zrotation
				JOINT Toe.R
				{
					OFFSET -0.039723 -0.128179 -0.064607
					CHANNELS 3 Xrotation Yrotation Zrotation
					End Site
					{
						OFFSET 0.000000 0.050000 0.000000
					}
				}
			}
		}
	}
	JOINT Spine
	{
		OFFSET -0.002631 0.028449 0.113155
		CHANNELS 3 Xrotation Yrotation Zrotation
		JOINT Spine.2
		{
			OFFSET 0.008964 0.007364 0.139448
			CHANNELS 3 Xrotation Yrotation Zrotation
			JOINT Chest
			{
				OFFSET -0.010750 -0.022451 0.056060
				CHANNELS 3 Xrotation Yrotation Zrotation
				JOINT Neck
				{
					OFFSET -0.012166 0.025834 0.170013
					CHANNELS 3 Xrotation Yrotation Zrotation
					JOINT Head
					{
						OFFSET 0.025412 -0.021189 0.171103
						CHANNELS 3 Xrotation Yrotation Zrotation
						End Site
						{
							OFFSET 0.000000 0.050000 0.000000
						}
					}
				}
				JOINT Clavicle.L
				{
					OFFSET 0.047383 0.004884 0.087402
					CHANNELS 3 Xrotation Yrotation Zrotation
					JOINT UpperArm.L
					{
						OFFSET 0.127888 0.013589 0.057601
						CHANNELS 3 Xrotation Yrotation Zrotation
						JOINT ForeArm.L
						{
							OFFSET 0.271764 0.043223 -0.075902
							CHANNELS 3 Xrotation Yrotation Zrotation
							JOINT Hand.L
							{
								OFFSET 0.276683 0.000639 0.022053
								CHANNELS 3 Xrotation Yrotation Zrotation
								JOINT Thumb1.L
								{
									OFFSET 0.154620 0.000276 0.009534
									CHANNELS 3 Xrotation Yrotation Zrotation
									JOINT Thumb2.L
									{
										OFFSET 0.029905 0.000069 0.002384
										CHANNELS 3 Xrotation Yrotation Zrotation
										End Site
										{
											OFFSET 0.024921 0.000058 0.001986
										}
									}
								}
								JOINT Index1.L
								{
									OFFSET 0.137620 0.000276 0.009534
									CHANNELS 3 Xrotation Yrotation Zrotation
									JOINT Index2.L
									{
										OFFSET 0.029905 0.000069 0.002384
										CHANNELS 3 Xrotation Yrotation Zrotation
										JOINT Index3.L
										{
											OFFSET 0.021930 0.000051 0.001748
											CHANNELS 3 Xrotation Yrotation Zrotation
											End Site
											{
												OFFSET 0.017943 0.000041 0.001430
											}
										}
									}
								}
								JOINT Middle1.L
								{
									OFFSET 0.119620 0.000276 0.009534
									CHANNELS 3 Xrotation Yrotation Zrotation
									JOINT Middle2.L
									{
										OFFSET 0.030902 0.000071 0.002463
										CHANNELS 3 Xrotation Yrotation Zrotation
										JOINT Middle3.L
										{
											OFFSET 0.021930 0.000051 0.001748
											CHANNELS 3 Xrotation Yrotation Zrotation
											End Site
											{
												OFFSET 0.017943 0.000041 0.001430
											}
										}
									}
								}
								JOINT Ring1.L
								{
									OFFSET 0.101620 0.000276 0.009534
									CHANNELS 3 Xrotation Yrotation Zrotation
									JOINT Ring2.L
									{
										OFFSET 0.028908 0.000067 0.002304
										CHANNELS 3 Xrotation Yrotation Zrotation
										JOINT Ring3.L
										{
											OFFSET 0.019937 0.000046 0.001589
											CHANNELS 3 Xrotation Yrotation Zrotation
											End Site
											{
												OFFSET 0.016946 0.000039 0.001351
											}
										}
									}
								}
								JOINT Pinky1.L
								{
									OFFSET 0.085620 0.000276 0.009534
									CHANNELS 3 Xrotation Yrotation Zrotation
									JOINT Pinky2.L
									{
										OFFSET 0.023924 0.000055 0.001907
										CHANNELS 3 Xrotation Yrotation Zrotation
										JOINT Pinky3.L
										{
											OFFSET 0.016946 0.000039 0.001351
											CHANNELS 3 Xrotation Yrotation Zrotation
											End Site
											{
												OFFSET 0.013956 0.000032 0.001112
											}
										}
									}
								}
							}
						}
					}
				}
				JOINT Clavicle.R
				{
					OFFSET -0.048299 0.011007 0.086452
					CHANNELS 3 Xrotation Yrotation Zrotation
					JOINT UpperArm.R
					{
						OFFSET -0.110996 0.009795 0.053967
						CHANNELS 3 Xrotation Yrotation Zrotation
						JOINT ForeArm.R
						{
							OFFSET -0.290289 0.028085 -0.040348
							CHANNELS 3 Xrotation Yrotation Zrotation
							JOINT Hand.R
							{
								OFFSET -0.272837 0.014284 -0.005656
								CHANNELS 3 Xrotation Yrotation Zrotation
								JOINT Thumb1.R
								{
									OFFSET -0.154810 0.006273 -0.002484
									CHANNELS 3 Xrotation Yrotation Zrotation
									JOINT Thumb2.R
									{
										OFFSET -0.029953 0.001568 -0.000621
										CHANNELS 3 Xrotation Yrotation Zrotation
										End Site
										{
											OFFSET -0.024960 0.001307 -0.000517
										}
									}
								}
								JOINT Index1.R
								{
									OFFSET -0.137810 0.006273 -0.002484
									CHANNELS 3 Xrotation Yrotation Zrotation
									JOINT Index2.R
									{
										OFFSET -0.029953 0.001568 -0.000621
										CHANNELS 3 Xrotation Yrotation Zrotation
										JOINT Index3.R
										{
											OFFSET -0.021965 0.001150 -0.000455
											CHANNELS 3 Xrotation Yrotation Zrotation
											End Site
											{
												OFFSET -0.017972 0.000941 -0.000373
											}
										}
									}
								}
								JOINT Middle1.R
								{
									OFFSET -0.119810 0.006273 -0.002484
									CHANNELS 3 Xrotation Yrotation Zrotation
									JOINT Middle2.R
									{
										OFFSET -0.030951 0.001620 -0.000642
										CHANNELS 3 Xrotation Yrotation Zrotation
										JOINT Middle3.R
										{
											OFFSET -0.021965 0.001150 -0.000455
											CHANNELS 3 Xrotation Yrotation Zrotation
											End Site
											{
												OFFSET -0.017972 0.000941 -0.000373
											}
										}
									}
								}
								JOINT Ring1.R
								{
									OFFSET -0.101810 0.006273 -0.002484
									CHANNELS 3 Xrotation Yrotation Zrotation
									JOINT Ring2.R
									{
										OFFSET -0.028954 0.001516 -0.000600
										CHANNELS 3 Xrotation Yrotation Zrotation
										JOINT Ring3.R
										{
											OFFSET -0.019968 0.001045 -0.000414
											CHANNELS 3 Xrotation Yrotation Zrotation
											End Site
											{
												OFFSET -0.016973 0.000889 -0.000352
											}
										}
									}
								}
								JOINT Pinky1.R
								{
									OFFSET -0.085810 0.006273 -0.002484
									CHANNELS 3 Xrotation Yrotation Zrotation
									JOINT Pinky2.R
									{
										OFFSET -0.023962 0.001255 -0.000497
										CHANNELS 3 Xrotation Yrotation Zrotation
										JOINT Pinky3.R
										{
											OFFSET -0.016973 0.000889 -0.000352
											CHANNELS 3 Xrotation Yrotation Zrotation
											End Site
											{
												OFFSET -0.013978 0.000732 -0.000290
											}
										}
									}
								}
							}
						}
					}
				}
			}
		}
	}
}
MOTION
Frames: 361
Frame Time: 0.04166667
0.013051 -0.066672 1.118000 -8.479776 -1.530369 2.759404 1.907887 -4.234430 1.775905 16.703894 3.130874 -8.845209 -9.418217 -1.515626 10.981653 -0.738049 -1.878275 -0.684987 -1.681006 5.231287 -3.512143 24.211322 -0.019701 2.076349 -11.944483 -2.328157 -9.161130 0.096700 -1.112392 0.365101 9.520847 1.628621 1.932153 -4.710218 1.633394 -1.132090 7.765553 -0.903058 -0.269198 3.950049 1.159316 1.019558 1.205726 -3.605012 0.133170 -0.543566 13.548332 -3.414408 25.930273 49.381891 -28.085759 15.267476 3.124534 -24.670276 -18.482188 -5.862943 -10.326398 0.000000 0.000000 0.000000 0.000000 0.000000 0.000000 0.000000 0.000000 0.000000 0.000000 0.000000 0.000000 0.000000 0.000000 0.000000 0.000000 0.000000 0.000000 0.000000 0.000000 0.000000 0.000000 0.000000 0.000000 0.000000 0.000000 0.000000 0.000000 0.000000 0.000000 0.000000 0.000000 0.000000 0.000000 0.000000 0.000000 0.000000 0.000000 0.000000 0.000000 0.000000 0.000000 -0.775794 -12.719312 8.528090 32.439415 -52.453835 31.432470 9.514566 -0.448714 27.878245 -12.405846 5.557839 6.773667 0.000000 0.000000 0.000000 0.000000 0.000000 0.000000 0.000000 0.000000 0.000000 0.000000 0.000000 0.000000 0.000000 0.000000 0.000000 0.000000 0.000000 0.000000 0.000000 0.000000 0.000000 0.000000 0.000000 0.000000 0.000000 0.000000 0.000000 0.000000 0.000000 0.000000 0.000000 0.000000 0.000000 0.000000 0.000000 0.000000 0.000000 0.000000 0.000000 0.000000 0.000000 0.000000
0.012100 -0.068683 1.119788 -8.570842 -1.434782 2.577718 1.895433 -4.286380 1.808569 16.762315 3.087298 -8.676755 -9.029491 -1.095725 10.973436 -0.680364 -1.857966 -0.701245 -1.848437 5.193531 -3.423580 24.399595 -0.017504 2.090361 -11.275384 -2.716980 -9.051061 0.114317 -1.124001 0.348238 9.604847 1.565083 1.894134 -4.829554 1.660297 -1.065069 7.821151 -0.979815 -0.250957 4.070911 1.273220 0.994172 1.275250 -3.604325 0.233401 -0.557010 13.407237 -3.584108 26.106703 49.604694 -28.375359 15.472336 3.167741 -24.284229 -18.615732 -5.981775 -10.406020 0.000000 0.000000 0.000000 0.000000 0.000000 0.000000 0.000000 0.000000 0.000000 0.000000 0.000000 0.000000 0.000000 0.000000 0.000000 0.000000 0.000000 0.000000 0.000000 0.000000 0.000000 0.000000 0.000000 0.000000 0.000000 0.000000 0.000000 0.000000 0.000000 0.000000 0.000000 0.000000 0.000000 0.000000 0.000000 0.000000 0.000000 0.000000 0.000000 0.000000 0.000000 0.000000 -0.754747 -12.542172 8.702720 32.515594 -52.530490 31.651548 9.645258 -0.430474 27.636210 -12.728892 5.705251 6.892562 0.000000 0.000000 0.000000 0.000000 0.000000 0.000000 0.000000 0.000000 0.000000 0.000000 0.000000 0.000000 0.000000 0.000000 0.000000 0.000000 0.000000 0.000000 0.000000 0.000000 0.000000 0.000000 0.000000 0.000000 0.000000 0.000000 0.000000 0.000000 0.000000 0.000000 0.000000 0.000000 0.000000 0.000000 0.000000 0.000000 0.000000 0.000000 0.000000 0.000000 0.000000 0.000000
0.011492 -0.068435 1.120599 -8.534972 -1.342632 2.432171 1.811874 -4.344922 1.758599 16.871140 3.047363 -8.519428 -8.857131 -0.877822 10.994656 -0.654667 -1.841511 -0.699013 -2.042767 5.162433 -3.358716 24.598054 -0.068635 2.083022 -10.919290 -2.920249 -8.924562 0.111447 -1.130919 0.326562 9.634752 1.475839 1.871347 -4.953785 1.685862 -1.034871 7.853824 -1.037152 -0.250431 4.113276 1.373958 0.907619 1.345363 -3.660852 0.297751 -0.452609 13.339852 -3.760993 26.211908 49.749942 -28.465251 15.396477 3.227525 -24.099608 -18.968607 -6.064875 -10.410663 0.000000 0.000000 0.000000 0.000000 0.000000 0.000000 0.000000 0.000000 0.000000 0.000000 0.000000 0.000000 0.000000 0.000000 0.000000 0.000000 0.000000 0.000000 0.000000 0.000000 0.000000 0.000000 0.000000 0.000000 0.000000 0.000000 0.000000 0.000000 0.000000 0.000000 0.000000 0.000000 0.000000 0.000000 0.000000 0.000000 0.000000 0.000000 0.000000 0.000000 0.000000 0.000000 -0.662955 -12.398255 8.882418 32.570920 -52.682891 31.721437 9.543136 -0.452830 27.551130 -13.106896 5.699747 6.863890 0.000000 0.000000 0.000000 0.000000 0.000000 0.000000 0.000000 0.000000 0.000000 0.000000 0.000000 0.000000 0.000000 0.000000 0.000000 0.000000 0.000000 0.000000 0.000000 0.000000 0.000000 0.000000 0.000000 0.000000 0.000000 0.000000 0.000000 0.000000 0.000000 0.000000 0.000000 0.000000 0.000000 0.000000 0.000000 0.000000 0.000000 0.000000 0.000000 0.000000 0.000000 0.000000
0.010866 -0.066437 1.119915 -8.386283 -1.262361 2.327643 1.529177 -4.383642 1.632986 17.254086 3.024534 -8.447296 -9.032603 -0.959599 11.085472 -0.641462 -1.815280 -0.690077 -2.415810 5.160624 -3.283809 25.063752 -0.145288 2.087219 -10.969393 -2.909808 -8.845992 0.108463 -1.141327 0.307212 9.785415 1.400949 1.848828 -5.104744 1.702619 -1.012776 7.908366 -1.088743 -0.246216 4.129747 1.470962 0.862395 1.359408 -3.712201 0.389345 -0.346410 13.306644 -3.871625 26.222997 49.835953 -28.437556 15.264803 3.249711 -24.209065 -19.144395 -6.153836 -10.369554 0.000000 0.000000 0.000000 0.000000 0.000000 0.000000 0.000000 0.000000 0.000000 0.000000 0.000000 0.000000 0.000000 0.000000 0.000000 0.000000 0.000000 0.000000 0.000000 0.000000 0.000000 0.000000 0.000000 0.000000 0.000000 0.000000 0.000000 0.000000 0.000000 0.000000 0.000000 0.000000 0.000000 0.000000 0.000000 0.000000 0.000000 0.000000 0.000000 0.000000 0.000000 0.000000 -0.595551 -12.250912 8.966833 32.563846 -52.831287 31.704447 9.416757 -0.487445 27.624962 -13.320533 5.645158 6.773320 0.000000 0.000000 0.000000 0.000000 0.000000 0.000000 0.000000 0.000000 0.000000 0.000000 0.000000 0.000000 0.000000 0.000000 0.000000 0.000000 0.000000 0.000000 0.000000 0.000000 0.000000 0.000000 0.000000 0.000000 0.000000 0.000000 0.000000 0.000000 0.000000 0.000000 0.000000 0.000000 0.000000 0.000000 0.000000 0.000000 0.000000 0.000000 0.000000 0.000000 0.000000 0.000000
0.010375 -0.065705 1.117545 -8.219764 -1.189230 2.192255 0.867017 -4.415441 1.413581 18.183503 3.036431 -8.480249 -9.566998 -1.368311 11.262860 -0.644578 -1.806535 -0.672974 -3.163491 5.187628 -3.103698 26.037821 -0.270427 2.141776 -11.419365 -2.674287 -8.840932 0.103277 -1.151287 0.294667 10.125360 1.326916 1.825011 -5.209391 1.670111 -1.005052 7.973697 -1.123444 -0.241670 4.050355 1.555355 0.877581 1.266635 -3.717301 0.432064 -0.329464 13.280290 -4.029509 26.190392 49.849606 -28.447045 15.131418 3.168594 -24.550647 -19.068144 -6.298096 -10.245060 0.000000 0.000000 0.000000 0.000000 0.000000 0.000000 0.000000 0.000000 0.000000 0.000000 0.000000 0.000000 0.000000 0.000000 0.000000 0.000000 0.000000 0.000000 0.000000 0.000000 0.000000 0.000000 0.000000 0.000000 0.000000 0.000000 0.000000 0.000000 0.000000 0.000000 0.000000 0.000000 0.000000 0.000000 0.000000 0.000000 0.000000 0.000000 0.000000 0.000000 0.000000 0.000000 -0.634493 -12.130939 9.042721 32.458145 -52.852359 31.635536 9.391587 -0.424586 27.956342 -13.386191 5.626811 6.654265 0.000000 0.000000 0.000000 0.000000 0.000000 0.000000 0.000000 0.000000 0.000000 0.000000 0.000000 0.000000 0.000000 0.000000 0.000000 0.000000 0.000000 0.000000 0.000000 0.000000 0.000000 0.000000 0.000000 0.000000 0.000000 0.000000 0.000000 0.000000 0.000000 0.000000 0.000000 0.000000 0.000000 0.000000 0.000000 0.000000 0.000000 0.000000 0.000000 0.000000 0.000000 0.000000
0.010003 -0.068721 1.113749 -8.249148 -1.137012 2.032931 -0.102111 -4.443176 1.152223 19.825718 3.132681 -8.608809 -10.386514 -2.072934 11.537389 -0.646708 -1.824439 -0.678701 -4.143708 5.228545 -2.834708 27.558745 -0.406124 2.283233 -12.191650 -2.186006 -8.945228 0.052178 -1.159938 0.290278 10.681029 1.331339 1.814584 -5.202201 1.540553 -1.051544 7.968835 -1.088559 -0.245632 3.892509 1.605832 0.999476 1.162157 -3.667656 0.457998 -0.338965 13.367505 -4.288482 26.075033 49.683432 -28.425945 14.923026 3.012606 -24.992166 -19.064893 -6.469716 -10.111818 0.000000 0.000000 0.000000 0.000000 0.000000 0.000000 0.000000 0.000000 0.000000 0.000000 0.000000 0.000000 0.000000 0.000000 0.000000 0.000000 0.000000 0.000000 0.000000 0.000000 0.000000 0.000000 0.000000 0.000000 0.000000 0.000000 0.000000 0.000000 0.000000 0.000000 0.000000 0.000000 0.000000 0.000000 0.000000 0.000000 0.000000 0.000000 0.000000 0.000000 0.000000 0.000000 -0.695182 -12.207196 9.195606 32.203655 -52.703258 31.440660 9.314657 -0.225904 28.325296 -13.339301 5.610598 6.565944 0.000000 0.000000 0.000000 0.000000 0.000000 0.000000 0.000000 0.000000 0.000000 0.000000 0.000000 0.000000 0.000000 0.000000 0.000000 0.000000 0.000000 0.000000 0.000000 0.000000 0.000000 0.000000 0.000000 0.000000 0.000000 0.000000 0.000000 0.000000 0.000000 0.000000 0.000000 0.000000 0.000000 0.000000 0.000000 0.000000 0.000000 0.000000 0.000000 0.000000 0.000000 0.000000
0.009615 -0.079391 1.109303 -8.594130 -1.112979 1.795384 -1.383962 -4.500926 0.927619 22.088992 3.344784 -8.776487 -11.307951 -2.763227 11.698398 -0.649471 -1.905122 -0.704368 -5.464237 5.343852 -2.439491 29.640519 -0.623776 2.446774 -12.967517 -1.621764 -9.083880 -0.039475 -1.190476 0.291983 11.468801 1.354174 1.813923 -4.975392 1.299766 -1.136335 7.804316 -0.975154 -0.246221 3.674226 1.629827 1.279962 0.978736 -3.447098 0.391258 -0.380887 13.650162 -4.670467 25.889564 49.280309 -28.347475 14.815186 2.664814 -25.445550 -18.753196 -6.586839 -9.924138 0.000000 0.000000 0.000000 0.000000 0.000000 0.000000 0.000000 0.000000 0.000000 0.000000 0.000000 0.000000 0.000000 0.000000 0.000000 0.000000 0.000000 0.000000 0.000000 0.000000 0.000000 0.000000 0.000000 0.000000 0.000000 0.000000 0.000000 0.000000 0.000000 0.000000 0.000000 0.000000 0.000000 0.000000 0.000000 0.000000 0.000000 0.000000 0.000000 0.000000 0.000000 0.000000 -0.752202 -12.668083 9.429238 31.612808 -52.160445 30.912264 9.352683 0.181029 28.810112 -13.033616 5.600532 6.538776 0.000000 0.000000 0.000000 0.000000 0.000000 0.000000 0.000000 0.000000 0.000000 0.000000 0.000000 0.000000 0.000000 0.000000 0.000000 0.000000 0.000000 0.000000 0.000000 0.000000 0.000000 0.000000 0.000000 0.000000 0.000000 0.000000 0.000000 0.000000 0.000000 0.000000 0.000000 0.000000 0.000000 0.000000 0.000000 0.000000 0.000000 0.000000 0.000000 0.000000 0.000000 0.000000
0.011480 -0.096815 1.105478 -9.306561 -1.136670 1.574663 -2.984017 -4.665907 0.745691 25.184782 3.532965 -8.959146 -12.029190 -3.120450 11.720999 -0.731566 -2.047697 -0.726647 -6.998923 5.434358 -2.103810 32.326359 -0.923721 2.518620 -13.630073 -1.174617 -9.153322 -0.178702 -1.169190 0.296837 12.432348 1.353038 1.895556 -4.493971 0.997063 -1.211552 7.518291 -0.781189 -0.221599 3.451516 1.473342 1.685580 0.728160 -3.196261 0.235715 -0.542412 13.915381 -5.105736 25.958562 48.742662 -28.608334 14.812111 2.144690 -25.662564 -18.011373 -6.890795 -9.879175 0.000000 0.000000 0.000000 0.000000 0.000000 0.000000 0.000000 0.000000 0.000000 0.000000 0.000000 0.000000 0.000000 0.000000 0.000000 0.000000 0.000000 0.000000 0.000000 0.000000 0.000000 0.000000 0.000000 0.000000 0.000000 0.000000 0.000000 0.000000 0.000000 0.000000 0.000000 0.000000 0.000000 0.000000 0.000000 0.000000 0.000000 0.000000 0.000000 0.000000 0.000000 0.000000 -0.832175 -13.326165 9.740580 30.881328 -51.420051 30.342109 9.369027 0.607301 29.194215 -12.582611 5.765704 6.775125 0.000000 0.000000 0.000000 0.000000 0.000000 0.000000 0.000000 0.000000 0.000000 0.000000 0.000000 0.000000 0.000000 0.000000 0.000000 0.000000 0.000000 0.000000 0.000000 0.000000 0.000000 0.000000 0.000000 0.000000 0.000000 0.000000 0.000000 0.000000 0.000000 0.000000 0.000000 0.000000 0.000000 0.000000 0.000000 0.000000 0.000000 0.000000 0.000000 0.000000 0.000000 0.000000
0.013416 -0.117285 1.103481 -10.078841 -1.079006 1.287412 -5.216147 -5.015324 0.555078 29.168835 3.796043 -9.163157 -11.834185 -2.781177 11.843797 -0.894639 -2.252683 -0.739100 -9.120747 5.438326 -1.742667 35.758375 -1.267200 2.590268 -13.413385 -1.210277 -9.242039 -0.466152 -1.134884 0.335042 13.643883 1.314756 1.998173 -4.159290 0.615468 -1.240038 7.396796 -0.498352 -0.255979 3.036404 1.052134 2.479184 0.316029 -2.650077 -0.027724 -0.835946 14.206055 -5.429796 26.017672 48.014014 -28.902057 15.356696 1.211966 -26.246649 -16.444943 -7.494198 -9.759218 0.000000 0.000000 0.000000 0.000000 0.000000 0.000000 0.000000 0.000000 0.000000 0.000000 0.000000 0.000000 0.000000 0.000000 0.000000 0.000000 0.000000 0.000000 0.000000 0.000000 0.000000 0.000000 0.000000 0.000000 0.000000 0.000000 0.000000 0.000000 0.000000 0.000000 0.000000 0.000000 0.000000 0.000000 0.000000 0.000000 0.000000 0.000000 0.000000 0.000000 0.000000 0.000000 -1.134368 -14.096339 9.926805 29.998999 -50.412044 29.763033 9.960959 1.390387 29.843532 -11.660404 6.199535 7.055128 0.000000 0.000000 0.000000 0.000000 0.000000 0.000000 0.000000 0.000000 0.000000 0.000000 0.000000 0.000000 0.000000 0.000000 0.000000 0.000000 0.000000 0.000000 0.000000 0.000000 0.000000 0.000000 0.000000 0.000000 0.000000 0.000000 0.000000 0.000000 0.000000 0.000000 0.000000 0.000000 0.000000 0.000000 0.000000 0.000000 0.000000 0.000000 0.000000 0.000000 0.000000 0.000000
0.014600 -0.124653 1.104031 -10.274778 -1.029209 1.192064 -6.583141 -5.277626 0.423722 31.314837 3.965308 -9.342626 -10.935814 -2.152762 11.930709 -0.950055 -2.305721 -0.726875 -10.474779 5.418405 -1.617513 37.733814 -1.465746 2.605172 -12.554574 -1.563823 -9.344161 -0.585358 -1.154069 0.334448 14.429927 1.282951 1.951710 -4.205688 0.433868 -1.255127 7.540159 -0.379737 -0.336805 2.765001 0.860872 2.855869 0.090109 -2.248013 -0.316927 -0.917777 14.133555 -5.568136 25.984532 47.686586 -29.132716 15.874167 0.865703 -26.517107 -15.415616 -8.099790 -9.625313 0.000000 0.000000 0.000000 0.000000 0.000000 0.000000 0.000000 0.000000 0.000000 0.000000 0.000000 0.000000 0.000000 0.000000 0.000000 0.000000 0.000000 0.000000 0.000000 0.000000 0.000000 0.000000 0.000000 0.000000 0.000000 0.000000 0.000000 0.000000 0.000000 0.000000 0.000000 0.000000 0.000000 0.000000 0.000000 0.000000 0.000000 0.000000 0.000000 0.000000 0.000000 0.000000 -1.353203 -14.213335 9.944504 29.624369 -50.120077 29.753392 10.524426 1.790296 29.956133 -10.857134 6.536154 6.995554 0.000000 0.000000 0.000000 0.000000 0.000000 0.000000 0.000000 0.000000 0.000000 0.000000 0.000000 0.000000 0.000000 0.000000 0.000000 0.000000 0.000000 0.000000 0.000000 0.000000 0.000000 0.000000 0.000000 0.000000 0.000000 0.000000 0.000000 0.000000 0.000000 0.000000 0.000000 0.000000 0.000000 0.000000 0.000000 0.000000 0.000000 0.000000 0.000000 0.000000 0.000000 0.000000
0.014716 -0.123463 1.108088 -9.952584 -0.993187 1.222269 -7.366051 -5.285724 0.116806 31.827735 3.977713 -9.680350 -9.214937 -1.371040 12.207392 -0.893916 -2.215482 -0.682033 -11.154546 5.360912 -1.499420 38.051706 -1.531474 2.734691 -10.852951 -2.022865 -9.498593 -0.596157 -1.264170 0.292623 14.799831 1.268300 1.877993 -4.585361 0.392844 -1.240376 7.796730 -0.424526 -0.353553 2.717338 0.998341 2.877876 0.027531 -2.112413 -0.314915 -0.764883 13.812524 -5.529782 26.066506 47.911262 -29.418337 16.121738 0.869347 -26.574474 -15.120957 -8.624164 -9.486426 0.000000 0.000000 0.000000 0.000000 0.000000 0.000000 0.000000 0.000000 0.000000 0.000000 0.000000 0.000000 0.000000 0.000000 0.000000 0.000000 0.000000 0.000000 0.000000 0.000000 0.000000 0.000000 0.000000 0.000000 0.000000 0.000000 0.000000 0.000000 0.000000 0.000000 0.000000 0.000000 0.000000 0.000000 0.000000 0.000000 0.000000 0.000000 0.000000 0.000000 0.000000 0.000000 -1.368362 -13.744718 9.696312 29.642053 -50.491570 29.934048 10.821727 1.850264 29.669713 -10.591618 6.897523 6.864676 0.000000 0.000000 0.000000 0.000000 0.000000 0.000000 0.000000 0.000000 0.000000 0.000000 0.000000 0.000000 0.000000 0.000000 0.000000 0.000000 0.000000 0.000000 0.000000 0.000000 0.000000 0.000000 0.000000 0.000000 0.000000 0.000000 0.000000 0.000000 0.000000 0.000000 0.000000 0.000000 0.000000 0.000000 0.000000 0.000000 0.000000 0.000000 0.000000 0.000000 0.000000 0.000000
0.012733 -0.116850 1.117008 -9.459671 -0.947838 1.132358 -7.262510 -5.189681 -0.080858 30.888887 4.055114 -9.914836 -6.762840 -0.214576 12.380112 -0.806680 -1.996153 -0.675420 -10.761654 5.355548 -1.447288 36.534534 -1.482696 2.846439 -8.419678 -2.928326 -9.529646 -0.529585 -1.289484 0.307403 14.819619 1.216913 1.761122 -5.180689 0.596971 -1.205134 8.144156 -0.613621 -0.286481 2.843216 1.353831 2.556104 0.072899 -2.291894 -0.102658 -0.497878 13.286897 -5.351289 26.107740 48.582143 -29.495924 15.902762 1.252259 -26.536983 -15.782745 -8.664623 -9.573941 0.000000 0.000000 0.000000 0.000000 0.000000 0.000000 0.000000 0.000000 0.000000 0.000000 0.000000 0.000000 0.000000 0.000000 0.000000 0.000000 0.000000 0.000000 0.000000 0.000000 0.000000 0.000000 0.000000 0.000000 0.000000 0.000000 0.000000 0.000000 0.000000 0.000000 0.000000 0.000000 0.000000 0.000000 0.000000 0.000000 0.000000 0.000000 0.000000 0.000000 0.000000 0.000000 -1.205889 -12.792493 9.437681 29.989334 -51.307902 30.257804 10.776209 1.501811 29.664282 -11.033048 6.942673 6.707580 0.000000 0.000000 0.000000 0.000000 0.000000 0.000000 0.000000 0.000000 0.000000 0.000000 0.000000 0.000000 0.000000 0.000000 0.000000 0.000000 0.000000 0.000000 0.000000 0.000000 0.000000 0.000000 0.000000 0.000000 0.000000 0.000000 0.000000 0.000000 0.000000 0.000000 0.000000 0.000000 0.000000 0.000000 0.000000 0.000000 0.000000 0.000000 0.000000 0.000000 0.000000 0.000000
0.009868 -0.104657 1.128856 -8.780813 -0.972892 1.264236 -6.097701 -4.980645 -0.242989 28.027392 4.080367 -9.660638 -4.172856 1.018334 11.780160 -0.664990 -1.673323 -0.698232 -9.265862 5.531975 -1.510035 33.169365 -1.442108 2.551710 -5.596192 -4.396154 -9.193735 -0.320609 -1.058418 0.364818 14.143444 1.286310 1.668980 -5.865894 1.067388 -1.179229 8.451328 -1.072506 -0.153807 3.470622 2.180861 1.729196 0.373451 -3.065346 0.388970 0.098748 12.557746 -5.452999 26.280417 49.803095 -29.649423 14.771189 2.370935 -25.728570 -17.453216 -8.144699 -9.975922 0.000000 0.000000 0.000000 0.000000 0.000000 0.000000 0.000000 0.000000 0.000000 0.000000 0.000000 0.000000 0.000000 0.000000 0.000000 0.000000 0.000000 0.000000 0.000000 0.000000 0.000000 0.000000 0.000000 0.000000 0.000000 0.000000 0.000000 0.000000 0.000000 0.000000 0.000000 0.000000 0.000000 0.000000 0.000000 0.000000 0.000000 0.000000 0.000000 0.000000 0.000000 0.000000 -0.732043 -11.433183 9.567330 30.761197 -52.894749 30.894853 9.882240 0.587749 29.017182 -12.340566 6.507322 6.497613 0.000000 0.000000 0.000000 0.000000 0.000000 0.000000 0.000000 0.000000 0.000000 0.000000 0.000000 0.000000 0.000000 0.000000 0.000000 0.000000 0.000000 0.000000 0.000000 0.000000 0.000000 0.000000 0.000000 0.000000 0.000000 0.000000 0.000000 0.000000 0.000000 0.000000 0.000000 0.000000 0.000000 0.000000 0.000000 0.000000 0.000000 0.000000 0.000000 0.000000 0.000000 0.000000
0.009013 -0.101220 1.138009 -8.093050 -0.696703 1.528670 -5.390004 -5.160207 -0.203441 25.623407 4.021844 -8.646626 -3.474791 1.419400 10.602622 -0.884906 -1.266888 -0.717364 -8.157817 5.779390 -1.956782 29.960903 -1.701991 2.236236 -3.645964 -6.483858 -7.240474 -0.411749 -0.083172 0.815640 13.298780 1.187301 1.670915 -6.073762 1.336886 -1.149960 8.541953 -1.430063 -0.129407 4.208385 2.727146 0.854731 0.651203 -3.976978 0.915052 0.673651 12.219409 -5.664634 26.753219 50.480627 -30.048244 14.144624 3.298522 -24.950179 -18.546085 -7.859445 -10.326766 0.000000 0.000000 0.000000 0.000000 0.000000 0.000000 0.000000 0.000000 0.000000 0.000000 0.000000 0.000000 0.000000 0.000000 0.000000 0.000000 0.000000 0.000000 0.000000 0.000000 0.000000 0.000000 0.000000 0.000000 0.000000 0.000000 0.000000 0.000000 0.000000 0.000000 0.000000 0.000000 0.000000 0.000000 0.000000 0.000000 0.000000 0.000000 0.000000 0.000000 0.000000 0.000000 -0.225530 -10.377638 9.792168 30.937247 -53.918556 31.043817 9.501054 -0.270882 28.434306 -13.742068 6.013350 6.626701 0.000000 0.000000 0.000000 0.000000 0.000000 0.000000 0.000000 0.000000 0.000000 0.000000 0.000000 0.000000 0.000000 0.000000 0.000000 0.000000 0.000000 0.000000 0.000000 0.000000 0.000000 0.000000 0.000000 0.000000 0.000000 0.000000 0.000000 0.000000 0.000000 0.000000 0.000000 0.000000 0.000000 0.000000 0.000000 0.000000 0.000000 0.000000 0.000000 0.000000 0.000000 0.000000
0.006890 -0.099047 1.141683 -7.715716 -0.363102 1.686867 -5.133516 -5.358213 -0.064689 24.725090 3.990299 -7.849734 -2.957182 1.807038 9.968530 -1.171266 -0.995190 -0.819331 -7.592452 5.819398 -2.204011 28.274919 -1.821368 2.058228 -2.136319 -7.925541 -6.551372 -0.682850 1.122468 1.447485 12.831104 1.058563 1.667842 -6.190098 1.384311 -1.158460 8.573086 -1.680806 -0.147772 4.485752 3.132893 0.273286 0.643169 -4.522478 1.333472 1.098148 12.022515 -5.889917 26.898668 50.856989 -29.872447 13.947096 3.799760 -24.894980 -18.986786 -7.802101 -10.570065 0.000000 0.000000 0.000000 0.000000 0.000000 0.000000 0.000000 0.000000 0.000000 0.000000 0.000000 0.000000 0.000000 0.000000 0.000000 0.000000 0.000000 0.000000 0.000000 0.000000 0.000000 0.000000 0.000000 0.000000 0.000000 0.000000 0.000000 0.000000 0.000000 0.000000 0.000000 0.000000 0.000000 0.000000 0.000000 0.000000 0.000000 0.000000 0.000000 0.000000 0.000000 0.000000 0.161903 -9.744595 9.989871 30.651881 -54.381449 30.635749 9.312004 -0.939302 28.513564 -15.053402 5.839043 6.799937 0.000000 0.000000 0.000000 0.000000 0.000000 0.000000 0.000000 0.000000 0.000000 0.000000 0.000000 0.000000 0.000000 0.000000 0.000000 0.000000 0.000000 0.000000 0.000000 0.000000 0.000000 0.000000 0.000000 0.000000 0.000000 0.000000 0.000000 0.000000 0.000000 0.000000 0.000000 0.000000 0.000000 0.000000 0.000000 0.000000 0.000000 0.000000 0.000000 0.000000 0.000000 0.000000
0.005818 -0.096492 1.138128 -7.416036 -0.239408 1.700656 -5.099127 -5.425194 -0.023161 24.928213 4.058158 -8.011272 -3.275411 1.660305 9.675827 -1.280493 -0.899943 -0.804026 -7.669654 5.883610 -2.237828 28.454324 -1.800614 2.518190 -2.747413 -7.886825 -6.463693 -0.785142 1.502514 1.646046 12.589550 1.010521 1.612682 -6.203972 1.415165 -1.169572 8.745727 -1.783737 -0.163846 4.537555 3.368704 0.050383 0.366169 -4.741947 1.530068 1.281406 11.913304 -6.042800 26.328185 50.891002 -29.028897 13.986264 3.958166 -25.321378 -18.836547 -7.807423 -10.433606 0.000000 0.000000 0.000000 0.000000 0.000000 0.000000 0.000000 0.000000 0.000000 0.000000 0.000000 0.000000 0.000000 0.000000 0.000000 0.000000 0.000000 0.000000 0.000000 0.000000 0.000000 0.000000 0.000000 0.000000 0.000000 0.000000 0.000000 0.000000 0.000000 0.000000 0.000000 0.000000 0.000000 0.000000 0.000000 0.000000 0.000000 0.000000 0.000000 0.000000 0.000000 0.000000 0.381378 -9.347893 10.165124 29.995160 -54.572751 29.982796 9.415130 -1.102303 28.953396 -14.944330 5.636407 6.682869 0.000000 0.000000 0.000000 0.000000 0.000000 0.000000 0.000000 0.000000 0.000000 0.000000 0.000000 0.000000 0.000000 0.000000 0.000000 0.000000 0.000000 0.000000 0.000000 0.000000 0.000000 0.000000 0.000000 0.000000 0.000000 0.000000 0.000000 0.000000 0.000000 0.000000 0.000000 0.000000 0.000000 0.000000 0.000000 0.000000 0.000000 0.000000 0.000000 0.000000 0.000000 0.000000
0.006852 -0.096519 1.128833 -7.497890 -0.405646 1.555349 -5.180841 -5.415275 0.038951 26.036270 4.241703 -8.916531 -5.036306 0.633335 9.809654 -0.994603 -1.000217 -0.667735 -8.104580 5.935041 -2.040804 30.183806 -1.812524 3.159679 -5.089725 -6.000967 -7.364799 -0.644850 0.438902 1.101945 13.008594 1.107021 1.620271 -5.918853 1.164538 -1.207144 8.548973 -1.557237 -0.208500 4.220394 3.013122 0.391023 0.001020 -4.328639 1.233802 1.148804 12.276497 -6.084804 25.429836 50.081441 -27.750491 14.287924 3.825053 -25.932927 -18.938049 -7.567118 -10.247032 0.000000 0.000000 0.000000 0.000000 0.000000 0.000000 0.000000 0.000000 0.000000 0.000000 0.000000 0.000000 0.000000 0.000000 0.000000 0.000000 0.000000 0.000000 0.000000 0.000000 0.000000 0.000000 0.000000 0.000000 0.000000 0.000000 0.000000 0.000000 0.000000 0.000000 0.000000 0.000000 0.000000 0.000000 0.000000 0.000000 0.000000 0.000000 0.000000 0.000000 0.000000 0.000000 0.236520 -9.940882 10.176997 29.261712 -53.557051 29.033223 9.799350 -0.695664 29.656998 -14.110905 5.330098 6.513887 0.000000 0.000000 0.000000 0.000000 0.000000 0.000000 0.000000 0.000000 0.000000 0.000000 0.000000 0.000000 0.000000 0.000000 0.000000 0.000000 0.000000 0.000000 0.000000 0.000000 0.000000 0.000000 0.000000 0.000000 0.000000 0.000000 0.000000 0.000000 0.000000 0.000000 0.000000 0.000000 0.000000 0.000000 0.000000 0.000000 0.000000 0.000000 0.000000 0.000000 0.000000 0.000000
0.009130 -0.102253 1.117582 -8.416265 -0.767350 1.140773 -5.630807 -5.365110 0.205045 28.821837 4.308854 -9.689607 -9.190273 -1.372189 10.263015 -0.817381 -1.416361 -0.568199 -9.029385 5.978025 -1.774391 33.663241 -1.832448 3.246421 -8.931408 -3.233732 -8.860041 -0.415321 -0.780003 0.436198 13.997226 1.169810 1.657868 -5.353931 0.939593 -1.178025 8.190361 -1.133490 -0.182897 3.732125 2.309358 1.304459 -0.077453 -3.499837 0.761345 0.586483 12.794577 -5.986242 24.681484 49.022906 -26.927510 14.265393 3.384174 -26.312854 -19.068235 -7.201348 -10.352326 0.000000 0.000000 0.000000 0.000000 0.000000 0.000000 0.000000 0.000000 0.000000 0.000000 0.000000 0.000000 0.000000 0.000000 0.000000 0.000000 0.000000 0.000000 0.000000 0.000000 0.000000 0.000000 0.000000 0.000000 0.000000 0.000000 0.000000 0.000000 0.000000 0.000000 0.000000 0.000000 0.000000 0.000000 0.000000 0.000000 0.000000 0.000000 0.000000 0.000000 0.000000 0.000000 -0.111990 -11.156737 10.206047 28.591909 -51.939953 28.078146 9.497433 -0.162633 30.668878 -13.718438 5.404988 6.791893 0.000000 0.000000 0.000000 0.000000 0.000000 0.000000 0.000000 0.000000 0.000000 0.000000 0.000000 0.000000 0.000000 0.000000 0.000000 0.000000 0.000000 0.000000 0.000000 0.000000 0.000000 0.000000 0.000000 0.000000 0.000000 0.000000 0.000000 0.000000 0.000000 0.000000 0.000000 0.000000 0.000000 0.000000 0.000000 0.000000 0.000000 0.000000 0.000000 0.000000 0.000000 0.000000
0.012579 -0.129729 1.110316 -9.865846 -0.824697 0.746519 -6.573067 -5.443098 0.468440 31.965106 4.153286 -9.695815 -12.039949 -2.522261 10.298062 -0.994384 -1.730415 -0.547305 -10.306747 5.875396 -1.683796 36.923701 -1.869337 3.137553 -11.681550 -1.970422 -8.797823 -0.596247 -1.071659 0.290487 15.009076 1.051389 1.802667 -4.504322 0.584954 -1.152254 7.687270 -0.610695 -0.168339 3.364913 1.480276 2.228982 -0.216988 -2.720241 0.229584 -0.235742 13.498077 -5.820787 24.658567 47.729095 -26.876527 14.981001 2.381033 -26.733642 -17.404220 -7.571321 -10.467032 0.000000 0.000000 0.000000 0.000000 0.000000 0.000000 0.000000 0.000000 0.000000 0.000000 0.000000 0.000000 0.000000 0.000000 0.000000 0.000000 0.000000 0.000000 0.000000 0.000000 0.000000 0.000000 0.000000 0.000000 0.000000 0.000000 0.000000 0.000000 0.000000 0.000000 0.000000 0.000000 0.000000 0.000000 0.000000 0.000000 0.000000 0.000000 0.000000 0.000000 0.000000 0.000000 -0.633677 -12.702747 10.179495 27.574495 -50.023949 27.209193 9.506018 0.463956 31.244359 -12.897380 6.277940 7.489021 0.000000 0.000000 0.000000 0.000000 0.000000 0.000000 0.000000 0.000000 0.000000 0.000000 0.000000 0.000000 0.000000 0.000000 0.000000 0.000000 0.000000 0.000000 0.000000 0.000000 0.000000 0.000000 0.000000 0.000000 0.000000 0.000000 0.000000 0.000000 0.000000 0.000000 0.000000 0.000000 0.000000 0.000000 0.000000 0.000000 0.000000 0.000000 0.000000 0.000000 0.000000 0.000000
0.014590 -0.135881 1.109320 -10.190773 -0.787414 0.696937 -7.314603 -5.572534 0.486139 33.554947 3.980012 -9.938970 -12.084891 -2.349531 10.439872 -1.125439 -1.844857 -0.497920 -11.361138 5.769748 -1.689954 38.931369 -1.954265 3.170181 -11.487640 -1.880227 -8.878968 -0.756100 -1.194971 0.301676 15.533948 0.984920 1.781796 -4.306532 0.245772 -1.198506 7.716266 -0.396182 -0.296609 3.147510 1.096460 2.704399 -0.183575 -2.119670 -0.235604 -0.432071 13.682349 -5.717060 24.627977 47.202056 -27.069246 15.656327 1.801986 -26.881189 -15.682085 -8.180090 -10.299707 0.000000 0.000000 0.000000 0.000000 0.000000 0.000000 0.000000 0.000000 0.000000 0.000000 0.000000 0.000000 0.000000 0.000000 0.000000 0.000000 0.000000 0.000000 0.000000 0.000000 0.000000 0.000000 0.000000 0.000000 0.000000 0.000000 0.000000 0.000000 0.000000 0.000000 0.000000 0.000000 0.000000 0.000000 0.000000 0.000000 0.000000 0.000000 0.000000 0.000000 0.000000 0.000000 -1.082708 -13.331578 9.891803 27.127984 -49.441948 27.153933 9.754899 0.921105 31.044276 -11.766787 7.056410 7.449521 0.000000 0.000000 0.000000 0.000000 0.000000 0.000000 0.000000 0.000000 0.000000 0.000000 0.000000 0.000000 0.000000 0.000000 0.000000 0.000000 0.000000 0.000000 0.000000 0.000000 0.000000 0.000000 0.000000 0.000000 0.000000 0.000000 0.000000 0.000000 0.000000 0.000000 0.000000 0.000000 0.000000 0.000000 0.000000 0.000000 0.000000 0.000000 0.000000 0.000000 0.000000 0.000000
0.015212 -0.126939 1.114584 -9.673977 -0.896003 0.937063 -7.357568 -5.406954 0.189212 33.022057 4.010395 -10.327975 -10.358059 -1.662361 10.773514 -1.066829 -1.764292 -0.433900 -11.282152 5.764744 -1.705756 38.324442 -1.823810 3.458883 -9.801955 -2.206086 -9.232283 -0.700737 -1.326443 0.290530 15.352467 1.024108 1.668794 -4.853807 0.329179 -1.228252 8.159699 -0.464511 -0.430266 2.892706 1.319356 2.446845 -0.056558 -2.069517 -0.184718 -0.192924 13.227481 -5.420653 24.751983 47.953582 -27.555692 15.587305 2.022870 -26.187800 -16.249182 -8.551644 -9.950664 0.000000 0.000000 0.000000 0.000000 0.000000 0.000000 0.000000 0.000000 0.000000 0.000000 0.000000 0.000000 0.000000 0.000000 0.000000 0.000000 0.000000 0.000000 0.000000 0.000000 0.000000 0.000000 0.000000 0.000000 0.000000 0.000000 0.000000 0.000000 0.000000 0.000000 0.000000 0.000000 0.000000 0.000000 0.000000 0.000000 0.000000 0.000000 0.000000 0.000000 0.000000 0.000000 -1.172677 -12.693636 9.432300 27.724712 -50.413274 27.972452 9.658919 0.838297 29.891628 -11.940480 7.646780 7.181725 0.000000 0.000000 0.000000 0.000000 0.000000 0.000000 0.000000 0.000000 0.000000 0.000000 0.000000 0.000000 0.000000 0.000000 0.000000 0.000000 0.000000 0.000000 0.000000 0.000000 0.000000 0.000000 0.000000 0.000000 0.000000 0.000000 0.000000 0.000000 0.000000 0.000000 0.000000 0.000000 0.000000 0.000000 0.000000 0.000000 0.000000 0.000000 0.000000 0.000000 0.000000 0.000000
0.014734 -0.114204 1.127399 -8.996071 -1.007592 1.126176 -6.428161 -5.222037 -0.017077 30.585672 4.110709 -10.440599 -7.005213 -0.136573 10.739883 -0.973388 -1.505746 -0.454977 -10.155618 5.842012 -1.679973 35.590821 -1.759870 3.414988 -6.296722 -3.642594 -9.342646 -0.550969 -1.203383 0.370371 14.693086 1.107966 1.536328 -5.478857 0.618641 -1.265738 8.566304 -0.810147 -0.418583 3.239974 1.987773 1.799851 -0.068234 -2.581643 0.227868 0.425734 12.606171 -5.471000 24.809686 49.270260 -27.813282 14.671622 2.622617 -25.590948 -17.410648 -8.337804 -10.011063 0.000000 0.000000 0.000000 0.000000 0.000000 0.000000 0.000000 0.000000 0.000000 0.000000 0.000000 0.000000 0.000000 0.000000 0.000000 0.000000 0.000000 0.000000 0.000000 0.000000 0.000000 0.000000 0.000000 0.000000 0.000000 0.000000 0.000000 0.000000 0.000000 0.000000 0.000000 0.000000 0.000000 0.000000 0.000000 0.000000 0.000000 0.000000 0.000000 0.000000 0.000000 0.000000 -0.825317 -11.443314 9.333263 28.506453 -52.005989 28.742764 9.148632 0.331942 29.276102 -12.527733 7.469592 6.813069 0.000000 0.000000 0.000000 0.000000 0.000000 0.000000 0.000000 0.000000 0.000000 0.000000 0.000000 0.000000 0.000000 0.000000 0.000000 0.000000 0.000000 0.000000 0.000000 0.000000 0.000000 0.000000 0.000000 0.000000 0.000000 0.000000 0.000000 0.000000 0.000000 0.000000 0.000000 0.000000 0.000000 0.000000 0.000000 0.000000 0.000000 0.000000 0.000000 0.000000 0.000000 0.000000
0.010683 -0.102567 1.142750 -8.369993 -0.919648 1.490941 -5.167221 -5.121882 -0.160375 27.149638 3.996898 -9.694451 -3.351537 1.561903 9.916684 -1.028265 -1.102063 -0.612895 -8.646164 6.045821 -1.849996 31.770577 -1.611825 2.808878 -1.414827 -6.583722 -8.317567 -0.527565 -0.246562 0.785309 13.676081 1.243439 1.496533 -5.960662 1.051927 -1.264282 8.721210 -1.335039 -0.348782 4.292968 2.772846 0.652533 0.278780 -3.823086 0.890495 1.175839 12.217997 -5.795654 25.251493 50.354406 -28.426964 13.375989 3.759444 -24.410106 -18.595814 -8.139778 -10.248926 0.000000 0.000000 0.000000 0.000000 0.000000 0.000000 0.000000 0.000000 0.000000 0.000000 0.000000 0.000000 0.000000 0.000000 0.000000 0.000000 0.000000 0.000000 0.000000 0.000000 0.000000 0.000000 0.000000 0.000000 0.000000 0.000000 0.000000 0.000000 0.000000 0.000000 0.000000 0.000000 0.000000 0.000000 0.000000 0.000000 0.000000 0.000000 0.000000 0.000000 0.000000 0.000000 -0.276863 -10.111147 9.547701 29.550849 -53.851033 29.686837 8.717289 -0.318045 28.253857 -13.459279 6.639477 6.469375 0.000000 0.000000 0.000000 0.000000 0.000000 0.000000 0.000000 0.000000 0.000000 0.000000 0.000000 0.000000 0.000000 0.000000 0.000000 0.000000 0.000000 0.000000 0.000000 0.000000 0.000000 0.000000 0.000000 0.000000 0.000000 0.000000 0.000000 0.000000 0.000000 0.000000 0.000000 0.000000 0.000000 0.000000 0.000000 0.000000 0.000000 0.000000 0.000000 0.000000 0.000000 0.000000
0.008813 -0.102100 1.152179 -8.045953 -0.506453 1.671856 -4.517559 -5.333085 0.020874 25.086855 3.817214 -8.343910 -1.716745 2.385954 9.465032 -1.405224 -0.816370 -0.776177 -7.664122 6.144068 -2.249148 28.989520 -1.731323 2.280291 1.182445 -9.178181 -6.499748 -0.808677 1.354606 1.547441 12.831790 1.046281 1.523092 -6.098544 1.340777 -1.199841 8.679461 -1.689080 -0.337191 4.895540 3.280908 -0.127764 0.419868 -4.689966 1.496387 1.500797 12.023726 -5.863188 26.013002 51.068605 -29.026068 13.104010 4.332668 -23.709092 -18.883962 -8.002211 -10.460632 0.000000 0.000000 0.000000 0.000000 0.000000 0.000000 0.000000 0.000000 0.000000 0.000000 0.000000 0.000000 0.000000 0.000000 0.000000 0.000000 0.000000 0.000000 0.000000 0.000000 0.000000 0.000000 0.000000 0.000000 0.000000 0.000000 0.000000 0.000000 0.000000 0.000000 0.000000 0.000000 0.000000 0.000000 0.000000 0.000000 0.000000 0.000000 0.000000 0.000000 0.000000 0.000000 0.168281 -9.263608 9.687964 29.839811 -54.855322 29.852503 8.735823 -0.967791 27.839792 -14.767874 6.234384 6.529520 0.000000 0.000000 0.000000 0.000000 0.000000 0.000000 0.000000 0.000000 0.000000 0.000000 0.000000 0.000000 0.000000 0.000000 0.000000 0.000000 0.000000 0.000000 0.000000 0.000000 0.000000 0.000000 0.000000 0.000000 0.000000 0.000000 0.000000 0.000000 0.000000 0.000000 0.000000 0.000000 0.000000 0.000000 0.000000 0.000000 0.000000 0.000000 0.000000 0.000000 0.000000 0.000000
0.007174 -0.101343 1.153210 -7.781360 -0.299833 1.690605 -4.462953 -5.490619 0.138398 24.787884 3.813556 -7.895939 -0.856528 2.961416 9.229114 -1.736424 -0.729724 -0.843076 -7.479792 6.217253 -2.344191 28.436053 -1.807852 2.349866 1.550906 -9.910920 -6.240145 -1.055497 2.400790 2.070394 12.416660 0.916053 1.506095 -6.185327 1.478623 -1.170752 8.738254 -1.850191 -0.285286 5.063078 3.576562 -0.467505 0.524449 -5.126477 1.843010 1.637645 11.876965 -5.990754 26.251091 51.417888 -29.105021 13.194184 4.433871 -23.749429 -18.458902 -8.120268 -10.470511 0.000000 0.000000 0.000000 0.000000 0.000000 0.000000 0.000000 0.000000 0.000000 0.000000 0.000000 0.000000 0.000000 0.000000 0.000000 0.000000 0.000000 0.000000 0.000000 0.000000 0.000000 0.000000 0.000000 0.000000 0.000000 0.000000 0.000000 0.000000 0.000000 0.000000 0.000000 0.000000 0.000000 0.000000 0.000000 0.000000 0.000000 0.000000 0.000000 0.000000 0.000000 0.000000 0.444477 -8.857404 9.899123 29.720130 -55.265878 29.693247 8.837653 -1.298091 27.952246 -15.103306 6.077226 6.583833 0.000000 0.000000 0.000000 0.000000 0.000000 0.000000 0.000000 0.000000 0.000000 0.000000 0.000000 0.000000 0.000000 0.000000 0.000000 0.000000 0.000000 0.000000 0.000000 0.000000 0.000000 0.000000 0.000000 0.000000 0.000000 0.000000 0.000000 0.000000 0.000000 0.000000 0.000000 0.000000 0.000000 0.000000 0.000000 0.000000 0.000000 0.000000 0.000000 0.000000 0.000000 0.000000
0.006981 -0.099410 1.146363 -7.478492 -0.302919 1.677410 -4.613935 -5.463649 0.142499 25.229087 3.907707 -8.300057 -0.978892 2.662621 9.233020 -1.649762 -0.685505 -0.800088 -7.604247 6.191915 -2.333175 29.085553 -1.745669 2.965924 -0.205131 -8.969297 -6.602628 -1.090373 2.231005 1.986561 12.377439 1.016589 1.516598 -6.130700 1.390308 -1.182316 8.781475 -1.790117 -0.284145 4.890252 3.570252 -0.537677 0.302166 -5.076324 1.851981 1.616435 12.101305 -6.053705 25.622010 50.875369 -28.052973 13.707523 4.281141 -24.758139 -18.177452 -7.905840 -10.196884 0.000000 0.000000 0.000000 0.000000 0.000000 0.000000 0.000000 0.000000 0.000000 0.000000 0.000000 0.000000 0.000000 0.000000 0.000000 0.000000 0.000000 0.000000 0.000000 0.000000 0.000000 0.000000 0.000000 0.000000 0.000000 0.000000 0.000000 0.000000 0.000000 0.000000 0.000000 0.000000 0.000000 0.000000 0.000000 0.000000 0.000000 0.000000 0.000000 0.000000 0.000000 0.000000 0.555275 -9.191674 10.007245 29.070360 -54.830799 28.848095 9.340555 -1.173196 28.615232 -14.301200 5.623431 6.478995 0.000000 0.000000 0.000000 0.000000 0.000000 0.000000 0.000000 0.000000 0.000000 0.000000 0.000000 0.000000 0.000000 0.000000 0.000000 0.000000 0.000000 0.000000 0.000000 0.000000 0.000000 0.000000 0.000000 0.000000 0.000000 0.000000 0.000000 0.000000 0.000000 0.000000 0.000000 0.000000 0.000000 0.000000 0.000000 0.000000 0.000000 0.000000 0.000000 0.000000 0.000000 0.000000
0.009039 -0.100190 1.134109 -7.583256 -0.611973 1.669715 -4.863978 -5.294512 0.013059 26.674247 4.150830 -9.333075 -3.496702 1.069395 9.703309 -1.133255 -0.844475 -0.634543 -7.943235 6.194574 -2.101328 30.989501 -1.765320 3.658072 -3.325521 -6.505956 -7.673959 -0.781933 0.664768 1.173809 12.850458 1.259346 1.573636 -5.846563 1.100118 -1.210228 8.615463 -1.487920 -0.297766 4.455105 3.111915 -0.072649 0.008304 -4.517772 1.496501 1.316264 12.462633 -6.050354 24.850114 49.886410 -27.028730 13.971152 4.019753 -25.844496 -18.774442 -7.496186 -10.079502 0.000000 0.000000 0.000000 0.000000 0.000000 0.000000 0.000000 0.000000 0.000000 0.000000 0.000000 0.000000 0.000000 0.000000 0.000000 0.000000 0.000000 0.000000 0.000000 0.000000 0.000000 0.000000 0.000000 0.000000 0.000000 0.000000 0.000000 0.000000 0.000000 0.000000 0.000000 0.000000 0.000000 0.000000 0.000000 0.000000 0.000000 0.000000 0.000000 0.000000 0.000000 0.000000 0.381866 -10.106377 9.987442 28.444363 -53.615587 27.920900 9.588247 -0.662020 29.557575 -13.408848 5.128942 6.489106 0.000000 0.000000 0.000000 0.000000 0.000000 0.000000 0.000000 0.000000 0.000000 0.000000 0.000000 0.000000 0.000000 0.000000 0.000000 0.000000 0.000000 0.000000 0.000000 0.000000 0.000000 0.000000 0.000000 0.000000 0.000000 0.000000 0.000000 0.000000 0.000000 0.000000 0.000000 0.000000 0.000000 0.000000 0.000000 0.000000 0.000000 0.000000 0.000000 0.000000 0.000000 0.000000
0.011074 -0.108279 1.120019 -8.784821 -0.919649 1.335188 -5.490763 -5.340299 0.254100 29.988656 4.198778 -10.043426 -9.922108 -2.021050 10.676437 -0.793671 -1.363804 -0.506727 -8.903036 6.158539 -1.846924 34.962258 -1.905950 3.622773 -8.769508 -2.926474 -9.296356 -0.528774 -0.974881 0.285815 14.087616 1.324336 1.675335 -5.216371 0.726680 -1.167135 8.096006 -0.905719 -0.267994 3.636750 2.003408 1.221012 -0.018956 -3.359325 0.605940 0.373241 13.063392 -5.645130 24.477480 48.421445 -26.705558 14.416916 3.210487 -26.805077 -18.786601 -7.495485 -10.207735 0.000000 0.000000 0.000000 0.000000 0.000000 0.000000 0.000000 0.000000 0.000000 0.000000 0.000000 0.000000 0.000000 0.000000 0.000000 0.000000 0.000000 0.000000 0.000000 0.000000 0.000000 0.000000 0.000000 0.000000 0.000000 0.000000 0.000000 0.000000 0.000000 0.000000 0.000000 0.000000 0.000000 0.000000 0.000000 0.000000 0.000000 0.000000 0.000000 0.000000 0.000000 0.000000 -0.181166 -12.021399 9.710440 27.726846 -51.331155 26.742647 9.416326 -0.007655 30.922015 -13.011853 5.694620 7.021128 0.000000 0.000000 0.000000 0.000000 0.000000 0.000000 0.000000 0.000000 0.000000 0.000000 0.000000 0.000000 0.000000 0.000000 0.000000 0.000000 0.000000 0.000000 0.000000 0.000000 0.000000 0.000000 0.000000 0.000000 0.000000 0.000000 0.000000 0.000000 0.000000 0.000000 0.000000 0.000000 0.000000 0.000000 0.000000 0.000000 0.000000 0.000000 0.000000 0.000000 0.000000 0.000000
0.015099 -0.135412 1.111747 -10.112781 -0.858131 0.915584 -6.665316 -5.508990 0.535010 33.309779 3.863709 -9.978359 -12.982520 -3.064029 10.759904 -1.045000 -1.707493 -0.556691 -10.510960 5.812614 -1.699121 38.532778 -1.951476 3.302155 -11.634287 -1.650449 -9.162979 -0.802439 -1.174579 0.198996 15.120349 1.170989 1.784664 -4.471175 0.213916 -1.226448 7.582290 -0.422344 -0.322132 3.143387 1.034685 2.417712 -0.230963 -2.389335 -0.108940 -0.434008 13.762707 -5.347235 24.725120 46.972351 -27.209696 15.625720 1.870240 -27.442396 -15.987882 -8.307258 -10.207086 0.000000 0.000000 0.000000 0.000000 0.000000 0.000000 0.000000 0.000000 0.000000 0.000000 0.000000 0.000000 0.000000 0.000000 0.000000 0.000000 0.000000 0.000000 0.000000 0.000000 0.000000 0.000000 0.000000 0.000000 0.000000 0.000000 0.000000 0.000000 0.000000 0.000000 0.000000 0.000000 0.000000 0.000000 0.000000 0.000000 0.000000 0.000000 0.000000 0.000000 0.000000 0.000000 -0.857199 -13.647906 9.440892 26.836847 -49.214216 26.078907 9.816911 0.716863 31.475000 -12.056326 6.757540 7.606895 0.000000 0.000000 0.000000 0.000000 0.000000 0.000000 0.000000 0.000000 0.000000 0.000000 0.000000 0.000000 0.000000 0.000000 0.000000 0.000000 0.000000 0.000000 0.000000 0.000000 0.000000 0.000000 0.000000 0.000000 0.000000 0.000000 0.000000 0.000000 0.000000 0.000000 0.000000 0.000000 0.000000 0.000000 0.000000 0.000000 0.000000 0.000000 0.000000 0.000000 0.000000 0.000000
0.017653 -0.130403 1.111704 -9.858136 -0.905927 0.984653 -7.043207 -5.545506 0.413939 33.860855 3.780578 -10.151452 -12.706142 -2.923803 10.913293 -1.132062 -1.746178 -0.453034 -10.963355 5.670055 -1.699634 39.253266 -1.907605 3.467614 -11.493219 -1.456716 -9.377563 -0.794778 -1.276568 0.227773 15.186563 1.142666 1.701994 -4.716408 0.164521 -1.237710 7.939107 -0.411537 -0.441457 2.781904 0.960128 2.663767 -0.190591 -2.100624 -0.262575 -0.425498 13.449243 -5.186668 24.794440 47.240017 -27.554561 15.903996 1.720163 -27.205206 -15.534264 -8.700693 -9.973180 0.000000 0.000000 0.000000 0.000000 0.000000 0.000000 0.000000 0.000000 0.000000 0.000000 0.000000 0.000000 0.000000 0.000000 0.000000 0.000000 0.000000 0.000000 0.000000 0.000000 0.000000 0.000000 0.000000 0.000000 0.000000 0.000000 0.000000 0.000000 0.000000 0.000000 0.000000 0.000000 0.000000 0.000000 0.000000 0.000000 0.000000 0.000000 0.000000 0.000000 0.000000 0.000000 -1.084869 -13.415907 9.124979 27.180718 -49.660771 26.833248 10.045671 0.897749 30.824535 -11.637467 7.117126 7.290753 0.000000 0.000000 0.000000 0.000000 0.000000 0.000000 0.000000 0.000000 0.000000 0.000000 0.000000 0.000000 0.000000 0.000000 0.000000 0.000000 0.000000 0.000000 0.000000 0.000000 0.000000 0.000000 0.000000 0.000000 0.000000 0.000000 0.000000 0.000000 0.000000 0.000000 0.000000 0.000000 0.000000 0.000000 0.000000 0.000000 0.000000 0.000000 0.000000 0.000000 0.000000 0.000000
0.017498 -0.115180 1.120167 -9.225224 -1.046397 1.004826 -6.383908 -5.303169 0.279699 32.426459 3.871656 -10.404473 -10.243439 -1.886997 11.277126 -1.027723 -1.560494 -0.405541 -10.080170 5.771938 -1.807721 37.455674 -1.696953 3.839023 -9.240269 -2.250131 -9.631408 -0.636617 -1.288008 0.260423 14.761022 1.164596 1.578035 -5.296977 0.449229 -1.238380 8.457889 -0.627013 -0.481160 2.682515 1.413253 2.210131 -0.154107 -2.332283 0.019272 -0.073299 12.964905 -5.010232 24.802751 48.403872 -27.838651 15.394075 2.166041 -26.397925 -16.434217 -8.520873 -9.773930 0.000000 0.000000 0.000000 0.000000 0.000000 0.000000 0.000000 0.000000 0.000000 0.000000 0.000000 0.000000 0.000000 0.000000 0.000000 0.000000 0.000000 0.000000 0.000000 0.000000 0.000000 0.000000 0.000000 0.000000 0.000000 0.000000 0.000000 0.000000 0.000000 0.000000 0.000000 0.000000 0.000000 0.000000 0.000000 0.000000 0.000000 0.000000 0.000000 0.000000 0.000000 0.000000 -1.039679 -12.381848 8.910761 27.849111 -51.029753 27.739167 9.693302 0.603896 29.991493 -12.194460 7.087619 6.892103 0.000000 0.000000 0.000000 0.000000 0.000000 0.000000 0.000000 0.000000 0.000000 0.000000 0.000000 0.000000 0.000000 0.000000 0.000000 0.000000 0.000000 0.000000 0.000000 0.000000 0.000000 0.000000 0.000000 0.000000 0.000000 0.000000 0.000000 0.000000 0.000000 0.000000 0.000000 0.000000 0.000000 0.000000 0.000000 0.000000 0.000000 0.000000 0.000000 0.000000 0.000000 0.000000
0.012693 -0.098315 1.134685 -8.380892 -1.013358 1.251199 -5.355144 -5.233835 0.103328 29.566015 4.032879 -10.118452 -6.254154 0.250371 10.616611 -0.945389 -1.307898 -0.454174 -8.845597 6.091498 -1.834786 34.287755 -1.697786 3.492538 -4.684723 -4.707305 -9.059480 -0.486513 -0.949771 0.431906 14.075740 1.213271 1.465918 -5.989539 0.816777 -1.225716 8.844481 -1.093769 -0.385133 3.292513 2.130519 1.372649 -0.049524 -3.157788 0.555040 0.543207 12.501891 -5.154396 24.926649 49.685247 -27.911927 14.664725 2.909602 -25.811227 -17.401407 -8.289703 -9.951298 0.000000 0.000000 0.000000 0.000000 0.000000 0.000000 0.000000 0.000000 0.000000 0.000000 0.000000 0.000000 0.000000 0.000000 0.000000 0.000000 0.000000 0.000000 0.000000 0.000000 0.000000 0.000000 0.000000 0.000000 0.000000 0.000000 0.000000 0.000000 0.000000 0.000000 0.000000 0.000000 0.000000 0.000000 0.000000 0.000000 0.000000 0.000000 0.000000 0.000000 0.000000 0.000000 -0.630478 -11.146287 8.990432 28.585698 -52.606157 28.432766 9.510734 0.107919 29.574777 -12.765166 6.523148 6.465606 0.000000 0.000000 0.000000 0.000000 0.000000 0.000000 0.000000 0.000000 0.000000 0.000000 0.000000 0.000000 0.000000 0.000000 0.000000 0.000000 0.000000 0.000000 0.000000 0.000000 0.000000 0.000000 0.000000 0.000000 0.000000 0.000000 0.000000 0.000000 0.000000 0.000000 0.000000 0.000000 0.000000 0.000000 0.000000 0.000000 0.000000 0.000000 0.000000 0.000000 0.000000 0.000000
0.010952 -0.096097 1.147496 -7.932282 -0.585097 1.655689 -4.603304 -5.446842 0.109999 26.847644 3.892233 -8.796515 -3.133630 1.413711 10.330040 -1.300466 -0.910511 -0.662773 -7.686385 6.356584 -2.242096 30.630758 -1.803394 2.845112 -0.108514 -8.689712 -6.337914 -0.708492 0.753696 1.262433 13.095909 1.191544 1.448459 -6.379982 1.240516 -1.192157 8.954704 -1.648687 -0.422340 4.038017 2.727132 0.190124 0.167972 -4.511135 1.319356 1.210547 12.236548 -5.438081 25.681420 50.645838 -28.594826 13.954650 3.870117 -24.787304 -18.386442 -8.426733 -10.322847 0.000000 0.000000 0.000000 0.000000 0.000000 0.000000 0.000000 0.000000 0.000000 0.000000 0.000000 0.000000 0.000000 0.000000 0.000000 0.000000 0.000000 0.000000 0.000000 0.000000 0.000000 0.000000 0.000000 0.000000 0.000000 0.000000 0.000000 0.000000 0.000000 0.000000 0.000000 0.000000 0.000000 0.000000 0.000000 0.000000 0.000000 0.000000 0.000000 0.000000 0.000000 0.000000 -0.054388 -9.820624 9.325956 29.392973 -54.294348 29.244786 9.241686 -0.620791 28.682291 -14.311794 6.348506 6.374564 0.000000 0.000000 0.000000 0.000000 0.000000 0.000000 0.000000 0.000000 0.000000 0.000000 0.000000 0.000000 0.000000 0.000000 0.000000 0.000000 0.000000 0.000000 0.000000 0.000000 0.000000 0.000000 0.000000 0.000000 0.000000 0.000000 0.000000 0.000000 0.000000 0.000000 0.000000 0.000000 0.000000 0.000000 0.000000 0.000000 0.000000 0.000000 0.000000 0.000000 0.000000 0.000000
0.009126 -0.095679 1.151561 -7.695675 -0.264464 1.654862 -4.577902 -5.674035 0.253048 26.181207 3.944189 -7.969834 -1.924981 2.280913 9.997545 -1.727358 -0.780291 -0.786013 -7.532875 6.429618 -2.295762 29.401563 -1.823903 2.543879 1.589024 -10.012260 -6.165623 -1.055696 2.048061 1.959143 12.833643 1.027736 1.435461 -6.486717 1.383189 -1.119514 8.907657 -1.814098 -0.369841 4.332678 2.997611 -0.244264 0.271612 -5.084873 1.877677 1.435433 12.212435 -5.584711 26.019552 50.891382 -28.601078 13.948083 4.084182 -24.844645 -18.321897 -8.503935 -10.467027 0.000000 0.000000 0.000000 0.000000 0.000000 0.000000 0.000000 0.000000 0.000000 0.000000 0.000000 0.000000 0.000000 0.000000 0.000000 0.000000 0.000000 0.000000 0.000000 0.000000 0.000000 0.000000 0.000000 0.000000 0.000000 0.000000 0.000000 0.000000 0.000000 0.000000 0.000000 0.000000 0.000000 0.000000 0.000000 0.000000 0.000000 0.000000 0.000000 0.000000 0.000000 0.000000 0.264286 -9.447399 9.507054 29.447697 -54.685601 29.120178 9.355383 -0.947560 28.948432 -14.820216 6.375527 6.501740 0.000000 0.000000 0.000000 0.000000 0.000000 0.000000 0.000000 0.000000 0.000000 0.000000 0.000000 0.000000 0.000000 0.000000 0.000000 0.000000 0.000000 0.000000 0.000000 0.000000 0.000000 0.000000 0.000000 0.000000 0.000000 0.000000 0.000000 0.000000 0.000000 0.000000 0.000000 0.000000 0.000000 0.000000 0.000000 0.000000 0.000000 0.000000 0.000000 0.000000 0.000000 0.000000
0.008381 -0.094383 1.147017 -7.405205 -0.173418 1.627840 -4.952376 -5.797190 0.264096 26.646228 4.071782 -8.032431 -2.010302 2.314178 9.770383 -1.795256 -0.724517 -0.797717 -7.872145 6.374698 -2.207289 29.756748 -1.812060 2.883415 0.530167 -9.425324 -6.782411 -1.189309 2.317655 2.118103 12.812342 0.997900 1.425279 -6.514846 1.394674 -1.112474 8.990733 -1.866130 -0.344595 4.347353 3.183228 -0.349047 0.056674 -5.231562 2.107722 1.512578 12.219992 -5.771037 25.640435 50.768121 -27.883774 14.203286 3.987471 -25.588101 -18.041119 -8.549261 -10.336772 0.000000 0.000000 0.000000 0.000000 0.000000 0.000000 0.000000 0.000000 0.000000 0.000000 0.000000 0.000000 0.000000 0.000000 0.000000 0.000000 0.000000 0.000000 0.000000 0.000000 0.000000 0.000000 0.000000 0.000000 0.000000 0.000000 0.000000 0.000000 0.000000 0.000000 0.000000 0.000000 0.000000 0.000000 0.000000 0.000000 0.000000 0.000000 0.000000 0.000000 0.000000 0.000000 0.423673 -9.304696 9.711933 29.000053 -54.644589 28.605717 9.831758 -0.849526 29.629550 -14.236463 6.058452 6.430281 0.000000 0.000000 0.000000 0.000000 0.000000 0.000000 0.000000 0.000000 0.000000 0.000000 0.000000 0.000000 0.000000 0.000000 0.000000 0.000000 0.000000 0.000000 0.000000 0.000000 0.000000 0.000000 0.000000 0.000000 0.000000 0.000000 0.000000 0.000000 0.000000 0.000000 0.000000 0.000000 0.000000 0.000000 0.000000 0.000000 0.000000 0.000000 0.000000 0.000000 0.000000 0.000000
0.009572 -0.093991 1.136339 -7.249416 -0.360306 1.549440 -5.376524 -5.702264 0.148471 27.759885 4.276029 -8.767757 -3.008325 1.556399 9.845035 -1.517353 -0.742179 -0.686973 -8.346825 6.362460 -2.065664 31.147720 -1.827788 3.633911 -2.128372 -7.592866 -7.647031 -1.013480 1.501980 1.663580 13.031109 1.181031 1.487414 -6.397418 1.285031 -1.102674 8.972946 -1.733843 -0.324731 4.122349 3.004103 -0.107165 -0.118876 -4.989797 1.986090 1.324478 12.449346 -5.862664 24.842576 50.020033 -26.813220 14.475835 3.876098 -26.471465 -18.109313 -8.432098 -10.227973 0.000000 0.000000 0.000000 0.000000 0.000000 0.000000 0.000000 0.000000 0.000000 0.000000 0.000000 0.000000 0.000000 0.000000 0.000000 0.000000 0.000000 0.000000 0.000000 0.000000 0.000000 0.000000 0.000000 0.000000 0.000000 0.000000 0.000000 0.000000 0.000000 0.000000 0.000000 0.000000 0.000000 0.000000 0.000000 0.000000 0.000000 0.000000 0.000000 0.000000 0.000000 0.000000 0.398347 -9.799626 9.847209 28.387433 -53.879899 27.906802 10.270519 -0.589762 30.230415 -13.236746 5.660000 6.437403 0.000000 0.000000 0.000000 0.000000 0.000000 0.000000 0.000000 0.000000 0.000000 0.000000 0.000000 0.000000 0.000000 0.000000 0.000000 0.000000 0.000000 0.000000 0.000000 0.000000 0.000000 0.000000 0.000000 0.000000 0.000000 0.000000 0.000000 0.000000 0.000000 0.000000 0.000000 0.000000 0.000000 0.000000 0.000000 0.000000 0.000000 0.000000 0.000000 0.000000 0.000000 0.000000
0.012679 -0.100483 1.122315 -8.120079 -0.852293 1.146543 -5.692370 -5.627654 0.277262 30.128737 4.313234 -9.808850 -9.147036 -1.429007 10.722948 -0.917318 -1.212068 -0.493955 -9.200377 6.274154 -1.754514 34.641806 -1.977377 3.820997 -7.920908 -3.585838 -9.297566 -0.573804 -0.706740 0.447536 14.245152 1.252981 1.571035 -5.798822 0.908914 -1.033728 8.530448 -1.165052 -0.216783 3.553417 2.065222 1.148816 -0.226937 -3.801405 1.175425 0.401095 13.037061 -5.513988 24.257278 48.451632 -26.036222 14.807740 3.346698 -27.753363 -18.601561 -8.211395 -10.378188 0.000000 0.000000 0.000000 0.000000 0.000000 0.000000 0.000000 0.000000 0.000000 0.000000 0.000000 0.000000 0.000000 0.000000 0.000000 0.000000 0.000000 0.000000 0.000000 0.000000 0.000000 0.000000 0.000000 0.000000 0.000000 0.000000 0.000000 0.000000 0.000000 0.000000 0.000000 0.000000 0.000000 0.000000 0.000000 0.000000 0.000000 0.000000 0.000000 0.000000 0.000000 0.000000 -0.129185 -11.657984 9.590174 27.555940 -51.589565 26.610386 9.862751 -0.019727 31.796553 -12.761259 5.710741 6.688060 0.000000 0.000000 0.000000 0.000000 0.000000 0.000000 0.000000 0.000000 0.000000 0.000000 0.000000 0.000000 0.000000 0.000000 0.000000 0.000000 0.000000 0.000000 0.000000 0.000000 0.000000 0.000000 0.000000 0.000000 0.000000 0.000000 0.000000 0.000000 0.000000 0.000000 0.000000 0.000000 0.000000 0.000000 0.000000 0.000000 0.000000 0.000000 0.000000 0.000000 0.000000 0.000000
0.016725 -0.139240 1.111893 -9.822294 -0.857456 0.941799 -6.833388 -5.903265 0.618188 33.479942 4.130661 -9.738678 -13.731686 -3.183398 10.380900 -1.027615 -1.588183 -0.537916 -10.869906 5.947733 -1.636707 38.443613 -2.123183 3.396396 -12.158225 -1.553494 -9.164308 -0.781248 -1.122084 0.159565 15.523925 1.127664 1.712235 -4.829400 0.348722 -1.096448 7.783040 -0.587811 -0.251056 3.125066 1.074657 2.360213 -0.450528 -2.734275 0.323798 -0.306776 13.726378 -5.369938 24.217550 47.014660 -26.346357 15.538829 2.130277 -28.459747 -17.012697 -8.401384 -10.355792 0.000000 0.000000 0.000000 0.000000 0.000000 0.000000 0.000000 0.000000 0.000000 0.000000 0.000000 0.000000 0.000000 0.000000 0.000000 0.000000 0.000000 0.000000 0.000000 0.000000 0.000000 0.000000 0.000000 0.000000 0.000000 0.000000 0.000000 0.000000 0.000000 0.000000 0.000000 0.000000 0.000000 0.000000 0.000000 0.000000 0.000000 0.000000 0.000000 0.000000 0.000000 0.000000 -0.657329 -13.321256 9.576002 26.557642 -49.456643 25.801419 9.627947 0.727367 32.604629 -12.429019 6.475323 7.458607 0.000000 0.000000 0.000000 0.000000 0.000000 0.000000 0.000000 0.000000 0.000000 0.000000 0.000000 0.000000 0.000000 0.000000 0.000000 0.000000 0.000000 0.000000 0.000000 0.000000 0.000000 0.000000 0.000000 0.000000 0.000000 0.000000 0.000000 0.000000 0.000000 0.000000 0.000000 0.000000 0.000000 0.000000 0.000000 0.000000 0.000000 0.000000 0.000000 0.000000 0.000000 0.000000
0.017834 -0.147383 1.108590 -10.118644 -0.747250 0.961763 -7.632039 -6.061270 0.648330 34.898176 3.931855 -9.812044 -14.487960 -3.456463 10.445434 -1.208106 -1.744497 -0.435832 -12.011185 5.703125 -1.604110 40.390468 -2.156430 3.326884 -12.602178 -1.129290 -9.274941 -0.871147 -1.253763 0.202200 15.968077 1.071106 1.669049 -4.686024 0.069199 -1.147746 7.921039 -0.412395 -0.384078 2.895066 0.758854 2.994554 -0.381552 -2.048644 -0.208114 -0.567548 13.763833 -5.231919 24.170499 46.593006 -26.870577 15.991881 1.294137 -28.687956 -15.371692 -8.907842 -10.233802 0.000000 0.000000 0.000000 0.000000 0.000000 0.000000 0.000000 0.000000 0.000000 0.000000 0.000000 0.000000 0.000000 0.000000 0.000000 0.000000 0.000000 0.000000 0.000000 0.000000 0.000000 0.000000 0.000000 0.000000 0.000000 0.000000 0.000000 0.000000 0.000000 0.000000 0.000000 0.000000 0.000000 0.000000 0.000000 0.000000 0.000000 0.000000 0.000000 0.000000 0.000000 0.000000 -1.158679 -13.814850 9.290480 26.315284 -49.020719 26.111024 9.821501 1.375392 32.342545 -11.703775 7.159994 7.549384 0.000000 0.000000 0.000000 0.000000 0.000000 0.000000 0.000000 0.000000 0.000000 0.000000 0.000000 0.000000 0.000000 0.000000 0.000000 0.000000 0.000000 0.000000 0.000000 0.000000 0.000000 0.000000 0.000000 0.000000 0.000000 0.000000 0.000000 0.000000 0.000000 0.000000 0.000000 0.000000 0.000000 0.000000 0.000000 0.000000 0.000000 0.000000 0.000000 0.000000 0.000000 0.000000
0.019835 -0.139439 1.113893 -9.624054 -0.855265 1.111471 -7.595641 -5.868480 0.425020 34.160655 3.796762 -10.005077 -12.727999 -2.815805 10.825471 -1.217749 -1.628383 -0.294416 -11.870131 5.568829 -1.608449 39.606998 -1.989178 3.627917 -10.993182 -1.258248 -9.613032 -0.845970 -1.395081 0.244809 15.709353 1.098852 1.551945 -4.999723 0.051313 -1.215347 8.265312 -0.480806 -0.482992 2.751756 1.017301 2.806925 -0.338130 -1.956515 -0.150637 -0.283857 13.307476 -5.047594 24.271355 47.342823 -27.328066 16.065419 1.428296 -28.127350 -15.233261 -9.304777 -9.889032 0.000000 0.000000 0.000000 0.000000 0.000000 0.000000 0.000000 0.000000 0.000000 0.000000 0.000000 0.000000 0.000000 0.000000 0.000000 0.000000 0.000000 0.000000 0.000000 0.000000 0.000000 0.000000 0.000000 0.000000 0.000000 0.000000 0.000000 0.000000 0.000000 0.000000 0.000000 0.000000 0.000000 0.000000 0.000000 0.000000 0.000000 0.000000 0.000000 0.000000 0.000000 0.000000 -1.191870 -13.200979 8.917370 26.794130 -49.921816 26.913418 10.076647 1.220409 31.316520 -11.561681 7.687847 7.228813 0.000000 0.000000 0.000000 0.000000 0.000000 0.000000 0.000000 0.000000 0.000000 0.000000 0.000000 0.000000 0.000000 0.000000 0.000000 0.000000 0.000000 0.000000 0.000000 0.000000 0.000000 0.000000 0.000000 0.000000 0.000000 0.000000 0.000000 0.000000 0.000000 0.000000 0.000000 0.000000 0.000000 0.000000 0.000000 0.000000 0.000000 0.000000 0.000000 0.000000 0.000000 0.000000
0.020303 -0.121192 1.127945 -8.774159 -1.114113 1.424131 -6.533470 -5.533086 0.153815 31.485643 3.974702 -10.003839 -8.729970 -1.087156 10.914573 -1.034414 -1.346139 -0.375306 -10.305652 5.834652 -1.648556 36.245887 -1.942013 3.572892 -7.312652 -2.948572 -9.746152 -0.613281 -1.114656 0.320623 14.901806 1.171701 1.471936 -5.766892 0.548440 -1.216404 8.789104 -0.920794 -0.426949 3.043020 1.858730 2.064202 -0.265960 -2.702933 0.335419 0.418331 12.509076 -5.151098 24.620233 49.232823 -27.947193 15.044205 2.290449 -26.826303 -16.521750 -9.129633 -10.035686 0.000000 0.000000 0.000000 0.000000 0.000000 0.000000 0.000000 0.000000 0.000000 0.000000 0.000000 0.000000 0.000000 0.000000 0.000000 0.000000 0.000000 0.000000 0.000000 0.000000 0.000000 0.000000 0.000000 0.000000 0.000000 0.000000 0.000000 0.000000 0.000000 0.000000 0.000000 0.000000 0.000000 0.000000 0.000000 0.000000 0.000000 0.000000 0.000000 0.000000 0.000000 0.000000 -0.697473 -11.626470 8.959286 27.910548 -52.165614 28.064847 9.444094 0.478740 30.030422 -12.282884 7.625309 6.908865 0.000000 0.000000 0.000000 0.000000 0.000000 0.000000 0.000000 0.000000 0.000000 0.000000 0.000000 0.000000 0.000000 0.000000 0.000000 0.000000 0.000000 0.000000 0.000000 0.000000 0.000000 0.000000 0.000000 0.000000 0.000000 0.000000 0.000000 0.000000 0.000000 0.000000 0.000000 0.000000 0.000000 0.000000 0.000000 0.000000 0.000000 0.000000 0.000000 0.000000 0.000000 0.000000
0.011975 -0.108557 1.144207 -8.031853 -1.010216 1.735470 -5.265294 -5.482095 0.096320 27.809329 4.092137 -9.053422 -4.238214 1.207064 9.690706 -1.153011 -0.929732 -0.607393 -8.646260 6.280150 -1.842886 31.723714 -1.817744 2.957017 -1.660990 -6.351145 -8.901803 -0.725794 0.152021 1.002676 13.935592 1.270118 1.401956 -6.322503 1.008497 -1.213518 8.998147 -1.470331 -0.384630 3.865117 2.637385 0.844870 -0.131993 -4.062704 1.138135 1.130784 12.225487 -5.315209 25.238315 50.445285 -28.417134 14.032758 3.421244 -25.828725 -17.517839 -8.962620 -10.453697 0.000000 0.000000 0.000000 0.000000 0.000000 0.000000 0.000000 0.000000 0.000000 0.000000 0.000000 0.000000 0.000000 0.000000 0.000000 0.000000 0.000000 0.000000 0.000000 0.000000 0.000000 0.000000 0.000000 0.000000 0.000000 0.000000 0.000000 0.000000 0.000000 0.000000 0.000000 0.000000 0.000000 0.000000 0.000000 0.000000 0.000000 0.000000 0.000000 0.000000 0.000000 0.000000 -0.225933 -10.199411 9.097513 29.042987 -54.052165 29.024581 9.187815 -0.226711 29.185087 -13.188066 6.846829 6.675213 0.000000 0.000000 0.000000 0.000000 0.000000 0.000000 0.000000 0.000000 0.000000 0.000000 0.000000 0.000000 0.000000 0.000000 0.000000 0.000000 0.000000 0.000000 0.000000 0.000000 0.000000 0.000000 0.000000 0.000000 0.000000 0.000000 0.000000 0.000000 0.000000 0.000000 0.000000 0.000000 0.000000 0.000000 0.000000 0.000000 0.000000 0.000000 0.000000 0.000000 0.000000 0.000000
0.009959 -0.108221 1.153945 -7.788659 -0.638153 1.751317 -4.699425 -5.665666 0.313569 26.110918 3.952445 -7.757356 -1.701870 2.250912 9.908884 -1.615873 -0.697128 -0.859792 -7.852461 6.552079 -2.283853 29.169665 -1.972148 2.429443 1.804692 -9.558132 -6.844838 -1.083796 2.008470 1.932555 13.248955 1.072952 1.421694 -6.419636 1.315669 -1.121129 8.967429 -1.804472 -0.316332 4.467200 3.047902 0.021684 0.028805 -4.981927 1.765482 1.418376 12.023696 -5.401160 26.059872 51.153297 -28.903458 13.904709 3.876380 -25.201197 -17.378432 -9.234010 -10.815271 0.000000 0.000000 0.000000 0.000000 0.000000 0.000000 0.000000 0.000000 0.000000 0.000000 0.000000 0.000000 0.000000 0.000000 0.000000 0.000000 0.000000 0.000000 0.000000 0.000000 0.000000 0.000000 0.000000 0.000000 0.000000 0.000000 0.000000 0.000000 0.000000 0.000000 0.000000 0.000000 0.000000 0.000000 0.000000 0.000000 0.000000 0.000000 0.000000 0.000000 0.000000 0.000000 0.265468 -9.356534 9.324505 29.356997 -55.039978 29.145719 9.260923 -0.798321 28.928501 -14.217299 6.814762 6.915900 0.000000 0.000000 0.000000 0.000000 0.000000 0.000000 0.000000 0.000000 0.000000 0.000000 0.000000 0.000000 0.000000 0.000000 0.000000 0.000000 0.000000 0.000000 0.000000 0.000000 0.000000 0.000000 0.000000 0.000000 0.000000 0.000000 0.000000 0.000000 0.000000 0.000000 0.000000 0.000000 0.000000 0.000000 0.000000 0.000000 0.000000 0.000000 0.000000 0.000000 0.000000 0.000000
0.008039 -0.108063 1.153400 -7.608126 -0.414928 1.697653 -4.803337 -5.812244 0.391833 25.964015 3.982403 -7.559109 -1.001714 2.663374 9.835900 -1.804580 -0.609855 -0.966941 -7.929202 6.503842 -2.208836 28.899587 -1.949095 2.564090 2.384810 -10.154973 -6.670082 -1.357496 2.773319 2.350678 13.200454 1.005511 1.338843 -6.561967 1.387249 -1.092767 9.044533 -1.919473 -0.315586 4.566539 3.299682 -0.294999 -0.061742 -5.291312 2.088848 1.601988 11.956796 -5.569842 26.090081 51.358458 -28.468504 14.129655 3.763789 -25.792037 -17.273447 -9.365944 -10.866511 0.000000 0.000000 0.000000 0.000000 0.000000 0.000000 0.000000 0.000000 0.000000 0.000000 0.000000 0.000000 0.000000 0.000000 0.000000 0.000000 0.000000 0.000000 0.000000 0.000000 0.000000 0.000000 0.000000 0.000000 0.000000 0.000000 0.000000 0.000000 0.000000 0.000000 0.000000 0.000000 0.000000 0.000000 0.000000 0.000000 0.000000 0.000000 0.000000 0.000000 0.000000 0.000000 0.514442 -9.009013 9.565958 29.158807 -55.340308 28.771030 9.499127 -0.801913 29.643533 -14.302614 6.650909 6.997521 0.000000 0.000000 0.000000 0.000000 0.000000 0.000000 0.000000 0.000000 0.000000 0.000000 0.000000 0.000000 0.000000 0.000000 0.000000 0.000000 0.000000 0.000000 0.000000 0.000000 0.000000 0.000000 0.000000 0.000000 0.000000 0.000000 0.000000 0.000000 0.000000 0.000000 0.000000 0.000000 0.000000 0.000000 0.000000 0.000000 0.000000 0.000000 0.000000 0.000000 0.000000 0.000000
0.007743 -0.107457 1.145190 -7.428684 -0.443916 1.663133 -5.017873 -5.730042 0.395433 26.340042 4.057182 -7.906384 -1.461552 2.190788 9.813217 -1.568865 -0.585441 -0.887170 -8.258101 6.388083 -2.108228 29.694792 -1.874210 3.101603 0.500817 -8.851315 -7.159276 -1.252395 2.137119 2.013670 13.313606 1.157115 1.360645 -6.398991 1.229943 -1.141119 8.865738 -1.825396 -0.325653 4.395754 3.240847 -0.220315 -0.183396 -5.156637 2.078721 1.527947 12.241356 -5.722908 25.453361 50.773965 -27.341815 14.490062 3.627333 -26.698078 -17.243470 -9.215128 -10.668066 0.000000 0.000000 0.000000 0.000000 0.000000 0.000000 0.000000 0.000000 0.000000 0.000000 0.000000 0.000000 0.000000 0.000000 0.000000 0.000000 0.000000 0.000000 0.000000 0.000000 0.000000 0.000000 0.000000 0.000000 0.000000 0.000000 0.000000 0.000000 0.000000 0.000000 0.000000 0.000000 0.000000 0.000000 0.000000 0.000000 0.000000 0.000000 0.000000 0.000000 0.000000 0.000000 0.604136 -9.484560 9.712718 28.582366 -54.655489 27.945961 9.897797 -0.622310 30.240220 -13.307289 6.325223 6.894589 0.000000 0.000000 0.000000 0.000000 0.000000 0.000000 0.000000 0.000000 0.000000 0.000000 0.000000 0.000000 0.000000 0.000000 0.000000 0.000000 0.000000 0.000000 0.000000 0.000000 0.000000 0.000000 0.000000 0.000000 0.000000 0.000000 0.000000 0.000000 0.000000 0.000000 0.000000 0.000000 0.000000 0.000000 0.000000 0.000000 0.000000 0.000000 0.000000 0.000000 0.000000 0.000000
0.008386 -0.108530 1.132049 -7.471345 -0.599372 1.611058 -5.547168 -5.605012 0.280394 27.765412 4.219728 -8.832838 -4.817345 0.291779 10.344068 -1.030893 -0.794878 -0.643199 -9.120704 6.192238 -1.767637 32.007776 -1.889604 3.630314 -3.624304 -6.018962 -8.047670 -0.856276 0.301759 1.004531 13.969029 1.301343 1.412947 -6.064532 0.942417 -1.135569 8.563404 -1.482116 -0.320896 3.933021 2.740186 0.412527 -0.382104 -4.485914 1.666817 0.992086 12.712232 -5.662988 24.939574 49.672791 -26.744696 14.484516 3.397515 -27.498880 -17.875409 -8.760906 -10.639381 0.000000 0.000000 0.000000 0.000000 0.000000 0.000000 0.000000 0.000000 0.000000 0.000000 0.000000 0.000000 0.000000 0.000000 0.000000 0.000000 0.000000 0.000000 0.000000 0.000000 0.000000 0.000000 0.000000 0.000000 0.000000 0.000000 0.000000 0.000000 0.000000 0.000000 0.000000 0.000000 0.000000 0.000000 0.000000 0.000000 0.000000 0.000000 0.000000 0.000000 0.000000 0.000000 0.290994 -10.627489 9.600970 28.022079 -53.237366 27.042334 9.788010 -0.114169 31.020744 -12.436101 5.885248 6.986481 0.000000 0.000000 0.000000 0.000000 0.000000 0.000000 0.000000 0.000000 0.000000 0.000000 0.000000 0.000000 0.000000 0.000000 0.000000 0.000000 0.000000 0.000000 0.000000 0.000000 0.000000 0.000000 0.000000 0.000000 0.000000 0.000000 0.000000 0.000000 0.000000 0.000000 0.000000 0.000000 0.000000 0.000000 0.000000 0.000000 0.000000 0.000000 0.000000 0.000000 0.000000 0.000000
0.008226 -0.118100 1.118848 -8.802816 -0.624768 1.184459 -6.530519 -5.643735 0.505237 31.188198 4.110065 -9.094377 -10.516184 -2.552154 11.514268 -0.909321 -1.283065 -0.469843 -10.606925 5.925193 -1.492827 36.368504 -2.066044 3.298852 -8.246863 -2.824788 -9.701967 -0.703740 -1.031985 0.245697 15.223706 1.151128 1.525157 -5.262684 0.516893 -1.069814 7.886146 -0.851228 -0.255460 3.366843 1.645747 1.870832 -0.340992 -3.135627 0.838110 -0.159503 13.455313 -5.173948 24.792039 48.148230 -26.860236 14.935848 2.364027 -28.006005 -16.989458 -8.762554 -10.809578 0.000000 0.000000 0.000000 0.000000 0.000000 0.000000 0.000000 0.000000 0.000000 0.000000 0.000000 0.000000 0.000000 0.000000 0.000000 0.000000 0.000000 0.000000 0.000000 0.000000 0.000000 0.000000 0.000000 0.000000 0.000000 0.000000 0.000000 0.000000 0.000000 0.000000 0.000000 0.000000 0.000000 0.000000 0.000000 0.000000 0.000000 0.000000 0.000000 0.000000 0.000000 0.000000 -0.407523 -12.764269 9.185328 27.171207 -50.657797 25.835763 9.651881 0.436714 31.891548 -11.952461 6.581279 7.727029 0.000000 0.000000 0.000000 0.000000 0.000000 0.000000 0.000000 0.000000 0.000000 0.000000 0.000000 0.000000 0.000000 0.000000 0.000000 0.000000 0.000000 0.000000 0.000000 0.000000 0.000000 0.000000 0.000000 0.000000 0.000000 0.000000 0.000000 0.000000 0.000000 0.000000 0.000000 0.000000 0.000000 0.000000 0.000000 0.000000 0.000000 0.000000 0.000000 0.000000 0.000000 0.000000
0.007123 -0.140402 1.112254 -9.791147 -0.381438 0.819607 -7.504514 -5.783856 0.679839 33.548076 3.855888 -9.172558 -12.860188 -3.470431 11.636410 -1.167686 -1.593759 -0.409663 -12.042841 5.593365 -1.481408 39.105517 -2.036213 2.992383 -10.173616 -1.855408 -9.620781 -0.858790 -1.242543 0.188350 15.952757 1.087951 1.643460 -4.498294 0.068273 -1.149724 7.484189 -0.440539 -0.321616 3.286159 0.810415 2.807462 -0.346836 -2.240052 0.077284 -0.750120 13.938291 -4.974618 24.896684 47.053987 -27.592610 15.606928 1.249402 -27.836887 -14.369410 -8.871333 -10.716112 0.000000 0.000000 0.000000 0.000000 0.000000 0.000000 0.000000 0.000000 0.000000 0.000000 0.000000 0.000000 0.000000 0.000000 0.000000 0.000000 0.000000 0.000000 0.000000 0.000000 0.000000 0.000000 0.000000 0.000000 0.000000 0.000000 0.000000 0.000000 0.000000 0.000000 0.000000 0.000000 0.000000 0.000000 0.000000 0.000000 0.000000 0.000000 0.000000 0.000000 0.000000 0.000000 -1.177494 -13.892201 8.926869 26.690273 -49.350245 25.956770 9.812034 1.281516 31.453075 -11.156848 6.935374 7.977390 0.000000 0.000000 0.000000 0.000000 0.000000 0.000000 0.000000 0.000000 0.000000 0.000000 0.000000 0.000000 0.000000 0.000000 0.000000 0.000000 0.000000 0.000000 0.000000 0.000000 0.000000 0.000000 0.000000 0.000000 0.000000 0.000000 0.000000 0.000000 0.000000 0.000000 0.000000 0.000000 0.000000 0.000000 0.000000 0.000000 0.000000 0.000000 0.000000 0.000000 0.000000 0.000000
0.010045 -0.133507 1.113656 -9.321091 -0.493592 0.863763 -7.862205 -5.744716 0.491734 33.618975 3.848207 -9.337039 -12.024805 -3.194655 11.874224 -1.270541 -1.611084 -0.284661 -12.439680 5.532119 -1.495403 39.321716 -2.009141 3.172073 -9.680004 -1.720070 -9.779273 -0.835293 -1.405244 0.224381 15.815971 1.080786 1.562156 -4.708186 0.021925 -1.178914 7.757302 -0.391744 -0.454317 2.973410 0.899461 2.915156 -0.247994 -1.905866 -0.017148 -0.603554 13.664370 -4.802076 24.817222 47.335196 -27.854094 15.590064 1.202151 -27.371993 -13.946730 -9.120131 -10.499144 0.000000 0.000000 0.000000 0.000000 0.000000 0.000000 0.000000 0.000000 0.000000 0.000000 0.000000 0.000000 0.000000 0.000000 0.000000 0.000000 0.000000 0.000000 0.000000 0.000000 0.000000 0.000000 0.000000 0.000000 0.000000 0.000000 0.000000 0.000000 0.000000 0.000000 0.000000 0.000000 0.000000 0.000000 0.000000 0.000000 0.000000 0.000000 0.000000 0.000000 0.000000 0.000000 -1.285236 -13.713801 8.593971 26.989380 -49.792500 26.641370 9.968575 1.302829 30.756741 -10.733108 7.335643 7.736392 0.000000 0.000000 0.000000 0.000000 0.000000 0.000000 0.000000 0.000000 0.000000 0.000000 0.000000 0.000000 0.000000 0.000000 0.000000 0.000000 0.000000 0.000000 0.000000 0.000000 0.000000 0.000000 0.000000 0.000000 0.000000 0.000000 0.000000 0.000000 0.000000 0.000000 0.000000 0.000000 0.000000 0.000000 0.000000 0.000000 0.000000 0.000000 0.000000 0.000000 0.000000 0.000000
0.012614 -0.116020 1.124186 -8.582591 -0.721343 0.970300 -7.028541 -5.540285 0.388694 31.666463 3.918458 -9.270275 -8.837233 -1.758950 12.127602 -1.094997 -1.358656 -0.309706 -10.839017 5.593327 -1.705678 36.288756 -1.870916 3.331368 -7.485962 -2.547126 -9.918696 -0.706029 -1.312732 0.286804 15.201741 1.108976 1.547270 -5.297046 0.304186 -1.198825 8.252497 -0.666669 -0.434322 2.948749 1.481836 2.378257 -0.269150 -2.305268 0.367329 -0.135165 13.097139 -4.703188 24.739294 48.600751 -27.958525 15.008512 1.813004 -26.664946 -14.848592 -9.095574 -10.429114 0.000000 0.000000 0.000000 0.000000 0.000000 0.000000 0.000000 0.000000 0.000000 0.000000 0.000000 0.000000 0.000000 0.000000 0.000000 0.000000 0.000000 0.000000 0.000000 0.000000 0.000000 0.000000 0.000000 0.000000 0.000000 0.000000 0.000000 0.000000 0.000000 0.000000 0.000000 0.000000 0.000000 0.000000 0.000000 0.000000 0.000000 0.000000 0.000000 0.000000 0.000000 0.000000 -1.066088 -12.604033 8.386938 27.586233 -51.174336 27.428180 9.675314 0.855790 30.065379 -11.089730 7.416454 7.393588 0.000000 0.000000 0.000000 0.000000 0.000000 0.000000 0.000000 0.000000 0.000000 0.000000 0.000000 0.000000 0.000000 0.000000 0.000000 0.000000 0.000000 0.000000 0.000000 0.000000 0.000000 0.000000 0.000000 0.000000 0.000000 0.000000 0.000000 0.000000 0.000000 0.000000 0.000000 0.000000 0.000000 0.000000 0.000000 0.000000 0.000000 0.000000 0.000000 0.000000 0.000000 0.000000
0.014940 -0.101656 1.140840 -7.931583 -1.048068 1.260929 -5.899770 -5.460061 0.342803 28.489129 4.110052 -8.718569 -3.914477 0.884446 11.243280 -0.986741 -1.060333 -0.524893 -9.016324 6.018993 -1.891459 32.316023 -1.804720 2.871807 -2.892933 -5.330569 -9.103020 -0.603381 -0.575149 0.575381 14.345792 1.273217 1.498352 -5.998550 0.802409 -1.207648 8.567391 -1.171544 -0.329609 3.585216 2.269039 1.298157 -0.239413 -3.384413 0.839806 0.543448 12.635790 -4.849913 24.984824 49.836103 -28.082833 14.239052 2.714823 -26.004405 -15.633826 -8.906082 -10.700465 0.000000 0.000000 0.000000 0.000000 0.000000 0.000000 0.000000 0.000000 0.000000 0.000000 0.000000 0.000000 0.000000 0.000000 0.000000 0.000000 0.000000 0.000000 0.000000 0.000000 0.000000 0.000000 0.000000 0.000000 0.000000 0.000000 0.000000 0.000000 0.000000 0.000000 0.000000 0.000000 0.000000 0.000000 0.000000 0.000000 0.000000 0.000000 0.000000 0.000000 0.000000 0.000000 -0.566650 -11.315666 8.555366 28.452070 -53.023134 28.108331 9.463090 0.282327 29.459454 -11.580203 6.714403 6.979216 0.000000 0.000000 0.000000 0.000000 0.000000 0.000000 0.000000 0.000000 0.000000 0.000000 0.000000 0.000000 0.000000 0.000000 0.000000 0.000000 0.000000 0.000000 0.000000 0.000000 0.000000 0.000000 0.000000 0.000000 0.000000 0.000000 0.000000 0.000000 0.000000 0.000000 0.000000 0.000000 0.000000 0.000000 0.000000 0.000000 0.000000 0.000000 0.000000 0.000000 0.000000 0.000000
0.012925 -0.098059 1.153200 -7.224163 -0.602610 1.556451 -5.317590 -5.677920 0.529024 25.794529 4.025518 -6.996851 -1.092377 2.253913 10.241938 -1.479850 -0.709361 -0.851879 -7.673526 6.431464 -2.578125 28.093693 -1.959654 2.001666 1.328697 -9.591716 -6.105287 -1.006514 1.849179 1.830470 13.225764 1.163262 1.546072 -6.311399 1.282772 -1.138715 8.667394 -1.678709 -0.252174 4.215797 2.892476 0.179826 -0.301373 -4.794974 1.790132 1.088857 12.263688 -4.982040 25.967079 50.872329 -28.911536 13.791511 3.449549 -25.370017 -15.942552 -8.878938 -11.228070 0.000000 0.000000 0.000000 0.000000 0.000000 0.000000 0.000000 0.000000 0.000000 0.000000 0.000000 0.000000 0.000000 0.000000 0.000000 0.000000 0.000000 0.000000 0.000000 0.000000 0.000000 0.000000 0.000000 0.000000 0.000000 0.000000 0.000000 0.000000 0.000000 0.000000 0.000000 0.000000 0.000000 0.000000 0.000000 0.000000 0.000000 0.000000 0.000000 0.000000 0.000000 0.000000 0.095669 -9.861049 8.851922 29.192562 -54.734999 28.700185 9.515524 -0.409839 29.038506 -12.921861 6.342890 7.244065 0.000000 0.000000 0.000000 0.000000 0.000000 0.000000 0.000000 0.000000 0.000000 0.000000 0.000000 0.000000 0.000000 0.000000 0.000000 0.000000 0.000000 0.000000 0.000000 0.000000 0.000000 0.000000 0.000000 0.000000 0.000000 0.000000 0.000000 0.000000 0.000000 0.000000 0.000000 0.000000 0.000000 0.000000 0.000000 0.000000 0.000000 0.000000 0.000000 0.000000 0.000000 0.000000
0.011756 -0.097365 1.155815 -6.951881 -0.369755 1.501598 -5.478770 -5.876988 0.729229 25.610436 4.073240 -6.473530 -0.373472 2.983805 9.973593 -1.747360 -0.640028 -0.991536 -7.666607 6.477211 -2.642225 27.434731 -1.892643 1.913872 2.481786 -10.553369 -6.093601 -1.299421 2.892808 2.411159 13.144506 1.000773 1.505672 -6.547875 1.487766 -1.043897 8.736727 -1.823306 -0.202860 4.190213 3.110883 -0.091346 -0.429727 -5.180437 2.222562 1.152634 12.211446 -5.066403 26.018636 50.981338 -28.521937 14.243304 3.342911 -26.029024 -15.527500 -9.097269 -11.337784 0.000000 0.000000 0.000000 0.000000 0.000000 0.000000 0.000000 0.000000 0.000000 0.000000 0.000000 0.000000 0.000000 0.000000 0.000000 0.000000 0.000000 0.000000 0.000000 0.000000 0.000000 0.000000 0.000000 0.000000 0.000000 0.000000 0.000000 0.000000 0.000000 0.000000 0.000000 0.000000 0.000000 0.000000 0.000000 0.000000 0.000000 0.000000 0.000000 0.000000 0.000000 0.000000 0.381222 -9.501530 9.114063 29.015527 -55.035245 28.290125 10.004836 -0.507241 29.679715 -13.015361 6.405203 7.338464 0.000000 0.000000 0.000000 0.000000 0.000000 0.000000 0.000000 0.000000 0.000000 0.000000 0.000000 0.000000 0.000000 0.000000 0.000000 0.000000 0.000000 0.000000 0.000000 0.000000 0.000000 0.000000 0.000000 0.000000 0.000000 0.000000 0.000000 0.000000 0.000000 0.000000 0.000000 0.000000 0.000000 0.000000 0.000000 0.000000 0.000000 0.000000 0.000000 0.000000 0.000000 0.000000
0.011635 -0.096047 1.150212 -6.625065 -0.319184 1.448141 -5.977241 -5.868898 0.726372 26.431064 4.244041 -6.717606 -1.086418 2.568136 10.035476 -1.722786 -0.624780 -0.958330 -8.433769 6.409098 -2.389099 28.642029 -1.812277 2.451371 1.044836 -9.611868 -6.742578 -1.404724 2.832519 2.436082 13.376820 1.055385 1.437841 -6.628377 1.484400 -1.027158 8.824624 -1.820842 -0.169964 4.037398 3.147969 -0.051224 -0.631383 -5.249730 2.431780 1.134567 12.254377 -5.227087 25.432694 50.576738 -27.478633 14.592691 2.993798 -27.637373 -15.274648 -9.370445 -11.205872 0.000000 0.000000 0.000000 0.000000 0.000000 0.000000 0.000000 0.000000 0.000000 0.000000 0.000000 0.000000 0.000000 0.000000 0.000000 0.000000 0.000000 0.000000 0.000000 0.000000 0.000000 0.000000 0.000000 0.000000 0.000000 0.000000 0.000000 0.000000 0.000000 0.000000 0.000000 0.000000 0.000000 0.000000 0.000000 0.000000 0.000000 0.000000 0.000000 0.000000 0.000000 0.000000 0.541018 -9.460902 9.351498 28.443372 -54.763582 27.577939 10.542321 -0.181414 30.937486 -12.036255 6.284111 7.266637 0.000000 0.000000 0.000000 0.000000 0.000000 0.000000 0.000000 0.000000 0.000000 0.000000 0.000000 0.000000 0.000000 0.000000 0.000000 0.000000 0.000000 0.000000 0.000000 0.000000 0.000000 0.000000 0.000000 0.000000 0.000000 0.000000 0.000000 0.000000 0.000000 0.000000 0.000000 0.000000 0.000000 0.000000 0.000000 0.000000 0.000000 0.000000 0.000000 0.000000 0.000000 0.000000
0.012117 -0.096024 1.138626 -6.435297 -0.364322 1.489540 -6.439452 -5.788668 0.645525 27.604245 4.430519 -7.449330 -3.382176 1.152139 10.444302 -1.289758 -0.732914 -0.760880 -9.330706 6.089879 -2.025144 30.826036 -1.821363 3.145331 -2.352656 -7.034820 -7.858727 -1.110431 1.326529 1.626575 13.967340 1.222491 1.397840 -6.519870 1.219631 -1.073096 8.672098 -1.638825 -0.249701 3.520066 2.796129 0.446631 -0.780391 -4.714881 2.188496 0.800126 12.603526 -5.239891 24.540447 49.421160 -26.305409 14.753010 2.836564 -29.249092 -16.009745 -9.234469 -11.116068 0.000000 0.000000 0.000000 0.000000 0.000000 0.000000 0.000000 0.000000 0.000000 0.000000 0.000000 0.000000 0.000000 0.000000 0.000000 0.000000 0.000000 0.000000 0.000000 0.000000 0.000000 0.000000 0.000000 0.000000 0.000000 0.000000 0.000000 0.000000 0.000000 0.000000 0.000000 0.000000 0.000000 0.000000 0.000000 0.000000 0.000000 0.000000 0.000000 0.000000 0.000000 0.000000 0.357650 -10.257830 9.384479 27.736643 -53.453998 26.704703 10.554892 0.233642 32.142583 -11.280526 6.040016 7.284811 0.000000 0.000000 0.000000 0.000000 0.000000 0.000000 0.000000 0.000000 0.000000 0.000000 0.000000 0.000000 0.000000 0.000000 0.000000 0.000000 0.000000 0.000000 0.000000 0.000000 0.000000 0.000000 0.000000 0.000000 0.000000 0.000000 0.000000 0.000000 0.000000 0.000000 0.000000 0.000000 0.000000 0.000000 0.000000 0.000000 0.000000 0.000000 0.000000 0.000000 0.000000 0.000000
0.012479 -0.105702 1.124691 -7.675618 -0.422962 0.915507 -7.181998 -5.784718 0.847712 30.588485 4.375548 -7.931140 -10.553366 -2.507963 11.915060 -0.794196 -1.186990 -0.582458 -10.879617 5.577922 -1.501148 35.347404 -2.039187 2.968219 -8.304881 -2.609219 -9.726352 -0.877981 -1.023308 0.336950 15.568277 1.135954 1.375325 -5.849717 0.604425 -1.035383 8.002020 -0.856362 -0.176931 2.955690 1.524277 2.162629 -0.574015 -3.095642 1.452314 -0.385622 13.407169 -4.400154 24.128789 47.422386 -25.660202 15.552144 1.585982 -31.315971 -15.909038 -9.120318 -11.217281 0.000000 0.000000 0.000000 0.000000 0.000000 0.000000 0.000000 0.000000 0.000000 0.000000 0.000000 0.000000 0.000000 0.000000 0.000000 0.000000 0.000000 0.000000 0.000000 0.000000 0.000000 0.000000 0.000000 0.000000 0.000000 0.000000 0.000000 0.000000 0.000000 0.000000 0.000000 0.000000 0.000000 0.000000 0.000000 0.000000 0.000000 0.000000 0.000000 0.000000 0.000000 0.000000 -0.424130 -12.718532 8.614971 26.675736 -50.156131 25.088680 10.272589 1.166085 34.724285 -10.880848 5.979516 7.883502 0.000000 0.000000 0.000000 0.000000 0.000000 0.000000 0.000000 0.000000 0.000000 0.000000 0.000000 0.000000 0.000000 0.000000 0.000000 0.000000 0.000000 0.000000 0.000000 0.000000 0.000000 0.000000 0.000000 0.000000 0.000000 0.000000 0.000000 0.000000 0.000000 0.000000 0.000000 0.000000 0.000000 0.000000 0.000000 0.000000 0.000000 0.000000 0.000000 0.000000 0.000000 0.000000
0.016042 -0.130968 1.115558 -8.865014 -0.315193 0.682757 -8.059386 -6.004793 1.160183 33.043994 4.011652 -7.606887 -13.754696 -3.723362 11.747605 -1.017940 -1.521193 -0.632614 -12.059407 5.064914 -1.503033 38.054997 -1.934193 2.514908 -11.613859 -1.043929 -9.455652 -1.045945 -1.305067 0.124089 16.466902 0.959048 1.577291 -4.921455 0.228011 -1.156658 7.378965 -0.430666 -0.215648 2.895766 0.792455 3.106264 -0.797331 -2.320185 0.626017 -0.990387 13.858664 -4.459395 24.218604 46.292267 -26.090942 15.999574 0.568805 -31.292302 -14.147760 -9.045451 -11.432254 0.000000 0.000000 0.000000 0.000000 0.000000 0.000000 0.000000 0.000000 0.000000 0.000000 0.000000 0.000000 0.000000 0.000000 0.000000 0.000000 0.000000 0.000000 0.000000 0.000000 0.000000 0.000000 0.000000 0.000000 0.000000 0.000000 0.000000 0.000000 0.000000 0.000000 0.000000 0.000000 0.000000 0.000000 0.000000 0.000000 0.000000 0.000000 0.000000 0.000000 0.000000 0.000000 -1.013835 -13.880951 8.626869 26.034934 -48.818627 24.807850 9.716573 1.885449 35.026827 -11.153335 6.528558 8.527446 0.000000 0.000000 0.000000 0.000000 0.000000 0.000000 0.000000 0.000000 0.000000 0.000000 0.000000 0.000000 0.000000 0.000000 0.000000 0.000000 0.000000 0.000000 0.000000 0.000000 0.000000 0.000000 0.000000 0.000000 0.000000 0.000000 0.000000 0.000000 0.000000 0.000000 0.000000 0.000000 0.000000 0.000000 0.000000 0.000000 0.000000 0.000000 0.000000 0.000000 0.000000 0.000000
0.020018 -0.132287 1.114943 -8.839360 -0.343566 0.809152 -8.651006 -6.145368 1.109566 33.826414 3.815675 -7.583896 -13.554944 -3.456855 11.747304 -1.070302 -1.593257 -0.550990 -12.656124 4.815356 -1.576419 38.951194 -1.937920 2.378947 -11.695957 -0.783986 -9.548006 -1.070630 -1.436935 0.104785 16.866436 0.801181 1.540842 -5.075527 0.191958 -1.216382 7.628187 -0.364129 -0.362995 2.420301 0.674100 3.452456 -0.749122 -1.891862 0.292307 -1.148104 13.655773 -4.309787 24.137457 46.396597 -26.455256 16.058590 0.261102 -30.965861 -13.356073 -9.242908 -11.412659 0.000000 0.000000 0.000000 0.000000 0.000000 0.000000 0.000000 0.000000 0.000000 0.000000 0.000000 0.000000 0.000000 0.000000 0.000000 0.000000 0.000000 0.000000 0.000000 0.000000 0.000000 0.000000 0.000000 0.000000 0.000000 0.000000 0.000000 0.000000 0.000000 0.000000 0.000000 0.000000 0.000000 0.000000 0.000000 0.000000 0.000000 0.000000 0.000000 0.000000 0.000000 0.000000 -1.458112 -13.858517 8.318479 26.263796 -49.053913 25.463667 10.074263 2.298714 34.702806 -10.740946 6.867352 8.378346 0.000000 0.000000 0.000000 0.000000 0.000000 0.000000 0.000000 0.000000 0.000000 0.000000 0.000000 0.000000 0.000000 0.000000 0.000000 0.000000 0.000000 0.000000 0.000000 0.000000 0.000000 0.000000 0.000000 0.000000 0.000000 0.000000 0.000000 0.000000 0.000000 0.000000 0.000000 0.000000 0.000000 0.000000 0.000000 0.000000 0.000000 0.000000 0.000000 0.000000 0.000000 0.000000
0.022800 -0.118812 1.122930 -8.084648 -0.540045 0.959314 -8.327565 -5.971712 0.913169 32.422831 3.853416 -7.506612 -11.023170 -2.322002 11.892507 -0.979712 -1.416149 -0.435861 -11.811719 4.966732 -1.774750 36.815631 -1.993432 2.439966 -9.827759 -1.386033 -9.527970 -0.939184 -1.467146 0.147392 16.533607 0.764010 1.521395 -5.667866 0.376118 -1.246760 8.017408 -0.552146 -0.400275 2.368652 1.028520 3.019110 -0.647649 -2.055763 0.495821 -0.801619 13.128198 -4.152324 24.383300 47.546920 -27.103235 16.082834 0.604099 -30.229632 -13.328875 -9.423642 -11.177895 0.000000 0.000000 0.000000 0.000000 0.000000 0.000000 0.000000 0.000000 0.000000 0.000000 0.000000 0.000000 0.000000 0.000000 0.000000 0.000000 0.000000 0.000000 0.000000 0.000000 0.000000 0.000000 0.000000 0.000000 0.000000 0.000000 0.000000 0.000000 0.000000 0.000000 0.000000 0.000000 0.000000 0.000000 0.000000 0.000000 0.000000 0.000000 0.000000 0.000000 0.000000 0.000000 -1.317653 -12.975930 7.984011 26.707122 -50.208849 26.188627 10.423674 1.926463 33.322558 -10.390994 6.993194 7.953156 0.000000 0.000000 0.000000 0.000000 0.000000 0.000000 0.000000 0.000000 0.000000 0.000000 0.000000 0.000000 0.000000 0.000000 0.000000 0.000000 0.000000 0.000000 0.000000 0.000000 0.000000 0.000000 0.000000 0.000000 0.000000 0.000000 0.000000 0.000000 0.000000 0.000000 0.000000 0.000000 0.000000 0.000000 0.000000 0.000000 0.000000 0.000000 0.000000 0.000000 0.000000 0.000000
0.018108 -0.086080 1.138032 -6.363038 -0.591345 1.177985 -7.055550 -5.721139 0.749794 28.275226 4.165598 -6.675592 -6.113130 -0.256459 11.637151 -0.825988 -0.966636 -0.626346 -9.641551 5.335971 -2.044329 31.344059 -1.891111 1.856019 -5.458380 -4.107300 -9.269960 -0.836989 -0.467882 0.657924 15.265567 0.980190 1.360367 -6.650037 1.030520 -1.160848 8.599893 -1.262554 -0.345481 2.840971 2.081989 1.540999 -0.520441 -3.447394 1.090361 0.027189 12.678979 -4.291064 24.753308 49.198337 -27.685182 14.481107 1.671920 -29.161996 -14.236702 -9.717510 -11.712572 0.000000 0.000000 0.000000 0.000000 0.000000 0.000000 0.000000 0.000000 0.000000 0.000000 0.000000 0.000000 0.000000 0.000000 0.000000 0.000000 0.000000 0.000000 0.000000 0.000000 0.000000 0.000000 0.000000 0.000000 0.000000 0.000000 0.000000 0.000000 0.000000 0.000000 0.000000 0.000000 0.000000 0.000000 0.000000 0.000000 0.000000 0.000000 0.000000 0.000000 0.000000 0.000000 -0.600069 -11.269700 8.213868 27.752700 -52.552595 27.048356 10.215707 0.990405 32.148710 -10.675272 6.619968 7.665511 0.000000 0.000000 0.000000 0.000000 0.000000 0.000000 0.000000 0.000000 0.000000 0.000000 0.000000 0.000000 0.000000 0.000000 0.000000 0.000000 0.000000 0.000000 0.000000 0.000000 0.000000 0.000000 0.000000 0.000000 0.000000 0.000000 0.000000 0.000000 0.000000 0.000000 0.000000 0.000000 0.000000 0.000000 0.000000 0.000000 0.000000 0.000000 0.000000 0.000000 0.000000 0.000000
0.016711 -0.081201 1.152223 -5.470620 -0.266686 0.971893 -6.581613 -5.791942 0.918301 25.378757 3.971392 -5.240315 -1.884566 1.800204 11.043594 -1.081534 -0.614156 -0.862607 -8.949823 5.413544 -2.401225 27.881762 -1.910677 1.230981 -0.717220 -7.609996 -7.347392 -1.174214 1.107728 1.484206 14.632992 0.868372 1.267356 -7.196433 1.411529 -1.026645 8.791199 -1.703892 -0.295444 3.136697 2.617912 0.689242 -0.702300 -4.429768 1.667179 0.226355 12.373308 -4.014673 25.484392 49.983272 -28.112810 14.727853 1.798425 -29.206483 -13.230013 -9.905279 -12.089881 0.000000 0.000000 0.000000 0.000000 0.000000 0.000000 0.000000 0.000000 0.000000 0.000000 0.000000 0.000000 0.000000 0.000000 0.000000 0.000000 0.000000 0.000000 0.000000 0.000000 0.000000 0.000000 0.000000 0.000000 0.000000 0.000000 0.000000 0.000000 0.000000 0.000000 0.000000 0.000000 0.000000 0.000000 0.000000 0.000000 0.000000 0.000000 0.000000 0.000000 0.000000 0.000000 -0.187557 -10.157478 8.066985 27.809911 -53.794243 26.785842 10.880651 0.547349 32.132117 -10.836834 6.059150 7.810675 0.000000 0.000000 0.000000 0.000000 0.000000 0.000000 0.000000 0.000000 0.000000 0.000000 0.000000 0.000000 0.000000 0.000000 0.000000 0.000000 0.000000 0.000000 0.000000 0.000000 0.000000 0.000000 0.000000 0.000000 0.000000 0.000000 0.000000 0.000000 0.000000 0.000000 0.000000 0.000000 0.000000 0.000000 0.000000 0.000000 0.000000 0.000000 0.000000 0.000000 0.000000 0.000000
0.015144 -0.080047 1.160467 -4.958237 0.117085 0.556707 -6.732505 -6.009229 1.195319 24.393575 3.929533 -4.213005 -0.257625 2.788630 11.172608 -1.239128 -0.508854 -0.996778 -9.373550 5.110045 -2.362950 27.336280 -2.002810 0.755190 1.112331 -8.554202 -7.389761 -1.403281 1.856713 1.863981 14.804149 0.696703 1.047215 -7.370830 1.515417 -0.940216 8.823876 -1.913213 -0.274388 3.361674 2.780380 0.491798 -0.963588 -4.874515 2.139002 0.222144 12.173020 -3.748446 25.848281 49.999814 -27.844909 15.117602 1.365204 -30.568094 -12.745807 -9.886178 -12.520098 0.000000 0.000000 0.000000 0.000000 0.000000 0.000000 0.000000 0.000000 0.000000 0.000000 0.000000 0.000000 0.000000 0.000000 0.000000 0.000000 0.000000 0.000000 0.000000 0.000000 0.000000 0.000000 0.000000 0.000000 0.000000 0.000000 0.000000 0.000000 0.000000 0.000000 0.000000 0.000000 0.000000 0.000000 0.000000 0.000000 0.000000 0.000000 0.000000 0.000000 0.000000 0.000000 -0.012731 -9.646383 7.851516 27.311388 -54.000445 25.779165 11.009937 0.637001 33.670466 -11.391624 5.521796 8.050927 0.000000 0.000000 0.000000 0.000000 0.000000 0.000000 0.000000 0.000000 0.000000 0.000000 0.000000 0.000000 0.000000 0.000000 0.000000 0.000000 0.000000 0.000000 0.000000 0.000000 0.000000 0.000000 0.000000 0.000000 0.000000 0.000000 0.000000 0.000000 0.000000 0.000000 0.000000 0.000000 0.000000 0.000000 0.000000 0.000000 0.000000 0.000000 0.000000 0.000000 0.000000 0.000000
0.014940 -0.079307 1.161410 -4.423090 0.387400 -0.055782 -7.289752 -6.229128 1.494488 24.204837 4.000494 -3.538107 -0.839817 2.632238 11.785954 -1.222113 -0.556384 -0.940542 -10.686399 4.618540 -2.037883 28.531164 -2.180229 0.484976 0.272220 -7.920057 -8.003798 -1.413055 1.704094 1.789263 15.348520 0.567447 0.709510 -7.514991 1.411591 -0.935901 8.759097 -1.957255 -0.370364 3.339254 2.729013 0.828488 -1.046042 -4.736350 2.586241 0.094133 12.312182 -3.466305 25.270642 49.129088 -26.342272 15.699809 0.837041 -32.576825 -12.680543 -9.435521 -12.694619 0.000000 0.000000 0.000000 0.000000 0.000000 0.000000 0.000000 0.000000 0.000000 0.000000 0.000000 0.000000 0.000000 0.000000 0.000000 0.000000 0.000000 0.000000 0.000000 0.000000 0.000000 0.000000 0.000000 0.000000 0.000000 0.000000 0.000000 0.000000 0.000000 0.000000 0.000000 0.000000 0.000000 0.000000 0.000000 0.000000 0.000000 0.000000 0.000000 0.000000 0.000000 0.000000 -0.084265 -9.780635 7.529325 26.610858 -53.140525 24.453280 11.078962 1.140772 36.300654 -11.713374 4.866771 8.192449 0.000000 0.000000 0.000000 0.000000 0.000000 0.000000 0.000000 0.000000 0.000000 0.000000 0.000000 0.000000 0.000000 0.000000 0.000000 0.000000 0.000000 0.000000 0.000000 0.000000 0.000000 0.000000 0.000000 0.000000 0.000000 0.000000 0.000000 0.000000 0.000000 0.000000 0.000000 0.000000 0.000000 0.000000 0.000000 0.000000 0.000000 0.000000 0.000000 0.000000 0.000000 0.000000
0.015323 -0.077392 1.154722 -3.674899 0.639979 -0.760548 -8.308578 -6.491602 1.629800 24.856718 4.101568 -3.406132 -4.696200 0.793679 12.885851 -0.776944 -0.830684 -0.698623 -13.106675 4.075703 -1.454066 31.632211 -2.840136 0.080904 -3.234815 -5.265172 -8.895766 -1.268354 -0.001632 1.034380 16.485630 0.443184 0.169580 -7.899387 0.873722 -1.039330 8.812717 -1.670593 -0.623406 3.080212 2.285146 2.192627 -0.948745 -3.539199 2.847644 -0.255953 12.471150 -2.816908 24.153518 47.251998 -24.046417 16.990772 -0.318496 -36.054410 -13.198394 -8.588983 -12.579910 0.000000 0.000000 0.000000 0.000000 0.000000 0.000000 0.000000 0.000000 0.000000 0.000000 0.000000 0.000000 0.000000 0.000000 0.000000 0.000000 0.000000 0.000000 0.000000 0.000000 0.000000 0.000000 0.000000 0.000000 0.000000 0.000000 0.000000 0.000000 0.000000 0.000000 0.000000 0.000000 0.000000 0.000000 0.000000 0.000000 0.000000 0.000000 0.000000 0.000000 0.000000 0.000000 -0.549993 -10.867040 6.369493 25.217649 -50.696695 21.999197 10.633547 2.984748 41.602427 -11.491863 3.884778 8.320984 0.000000 0.000000 0.000000 0.000000 0.000000 0.000000 0.000000 0.000000 0.000000 0.000000 0.000000 0.000000 0.000000 0.000000 0.000000 0.000000 0.000000 0.000000 0.000000 0.000000 0.000000 0.000000 0.000000 0.000000 0.000000 0.000000 0.000000 0.000000 0.000000 0.000000 0.000000 0.000000 0.000000 0.000000 0.000000 0.000000 0.000000 0.000000 0.000000 0.000000 0.000000 0.000000
0.014832 -0.077898 1.141137 -3.065592 1.055491 -1.472489 -10.072211 -7.716170 2.208944 28.161548 5.138681 -3.260553 -9.528905 -1.354491 13.144786 -0.536259 -0.968354 -0.565072 -16.316223 4.828219 -1.443463 36.418077 -4.684746 0.117897 -7.600803 -3.405878 -8.256359 -1.288413 -1.073866 0.475074 18.087706 0.349983 -0.402457 -8.021836 0.079545 -1.451150 9.014603 -1.576937 -1.082517 2.781785 2.070461 3.723859 -1.380736 -2.406099 2.866006 -0.372596 12.577502 -2.623284 22.715324 45.558534 -21.795413 18.207046 -1.294684 -38.319463 -13.170002 -8.162554 -12.507451 0.000000 0.000000 0.000000 0.000000 0.000000 0.000000 0.000000 0.000000 0.000000 0.000000 0.000000 0.000000 0.000000 0.000000 0.000000 0.000000 0.000000 0.000000 0.000000 0.000000 0.000000 0.000000 0.000000 0.000000 0.000000 0.000000 0.000000 0.000000 0.000000 0.000000 0.000000 0.000000 0.000000 0.000000 0.000000 0.000000 0.000000 0.000000 0.000000 0.000000 0.000000 0.000000 -1.183717 -11.731165 5.503423 22.897405 -48.177270 19.367267 9.744411 5.110457 47.671136 -11.887949 3.840067 9.013482 0.000000 0.000000 0.000000 0.000000 0.000000 0.000000 0.000000 0.000000 0.000000 0.000000 0.000000 0.000000 0.000000 0.000000 0.000000 0.000000 0.000000 0.000000 0.000000 0.000000 0.000000 0.000000 0.000000 0.000000 0.000000 0.000000 0.000000 0.000000 0.000000 0.000000 0.000000 0.000000 0.000000 0.000000 0.000000 0.000000 0.000000 0.000000 0.000000 0.000000 0.000000 0.000000
0.014444 -0.086762 1.123406 -3.561421 1.402784 -2.218931 -12.687332 -10.453562 3.586264 35.111240 7.442797 -3.348401 -13.509714 -2.763696 12.346829 -0.576374 -0.965294 -0.561434 -20.362486 7.565976 -1.966213 43.709715 -7.601329 0.256861 -10.581798 -2.323484 -7.194623 -1.546414 -1.388416 0.317226 20.812309 0.149555 -0.877808 -7.842315 -0.904806 -2.049443 9.123832 -1.475379 -1.606942 2.690058 1.811915 5.810326 -2.194149 -1.213295 3.129763 0.154826 12.286202 -2.883128 20.557365 44.690278 -18.737967 20.434747 -2.210963 -39.727766 -11.946993 -7.590310 -12.811325 0.000000 0.000000 0.000000 0.000000 0.000000 0.000000 0.000000 0.000000 0.000000 0.000000 0.000000 0.000000 0.000000 0.000000 0.000000 0.000000 0.000000 0.000000 0.000000 0.000000 0.000000 0.000000 0.000000 0.000000 0.000000 0.000000 0.000000 0.000000 0.000000 0.000000 0.000000 0.000000 0.000000 0.000000 0.000000 0.000000 0.000000 0.000000 0.000000 0.000000 0.000000 0.000000 -1.793233 -11.925966 4.997437 19.508044 -46.203262 16.346414 8.142960 8.103881 55.847167 -12.459271 4.618803 10.050928 0.000000 0.000000 0.000000 0.000000 0.000000 0.000000 0.000000 0.000000 0.000000 0.000000 0.000000 0.000000 0.000000 0.000000 0.000000 0.000000 0.000000 0.000000 0.000000 0.000000 0.000000 0.000000 0.000000 0.000000 0.000000 0.000000 0.000000 0.000000 0.000000 0.000000 0.000000 0.000000 0.000000 0.000000 0.000000 0.000000 0.000000 0.000000 0.000000 0.000000 0.000000 0.000000
0.016831 -0.095846 1.105494 -4.393696 1.455392 -3.127670 -15.417038 -14.461851 5.607825 42.735068 10.208005 -3.980569 -15.547104 -2.589262 10.431745 -0.707506 -0.880365 -0.469951 -23.541576 11.503685 -2.824037 50.029088 -10.579682 0.800482 -12.441131 -1.767685 -5.796071 -1.791044 -1.427993 0.309103 23.620227 -0.337567 -1.239024 -7.685729 -1.753202 -2.711794 9.242819 -1.458431 -2.137309 3.273439 1.626273 7.010237 -2.129508 -0.242722 3.131991 1.086625 11.624893 -2.537665 17.887152 44.610061 -14.800519 23.201134 -2.302608 -40.260094 -12.104992 -7.105434 -13.568126 0.000000 0.000000 0.000000 0.000000 0.000000 0.000000 0.000000 0.000000 0.000000 0.000000 0.000000 0.000000 0.000000 0.000000 0.000000 0.000000 0.000000 0.000000 0.000000 0.000000 0.000000 0.000000 0.000000 0.000000 0.000000 0.000000 0.000000 0.000000 0.000000 0.000000 0.000000 0.000000 0.000000 0.000000 0.000000 0.000000 0.000000 0.000000 0.000000 0.000000 0.000000 0.000000 -2.433940 -11.500405 4.222793 16.114164 -44.599362 13.608913 5.337996 10.919953 66.075020 -14.264374 6.754840 11.567800 0.000000 0.000000 0.000000 0.000000 0.000000 0.000000 0.000000 0.000000 0.000000 0.000000 0.000000 0.000000 0.000000 0.000000 0.000000 0.000000 0.000000 0.000000 0.000000 0.000000 0.000000 0.000000 0.000000 0.000000 0.000000 0.000000 0.000000 0.000000 0.000000 0.000000 0.000000 0.000000 0.000000 0.000000 0.000000 0.000000 0.000000 0.000000 0.000000 0.000000 0.000000 0.000000
0.022473 -0.107367 1.093107 -6.208665 1.470486 -4.845244 -17.561469 -19.508626 7.641402 50.200104 12.549262 -4.369535 -13.575705 -0.602003 8.605499 -0.541293 -0.825925 -0.634920 -24.807838 14.914844 -3.730664 54.275294 -11.949598 1.215095 -13.646651 -0.956805 -3.648181 -2.217178 -1.779347 0.091155 25.867886 -0.791736 -1.441035 -6.599309 -3.013233 -3.286837 8.591650 -1.242440 -2.505058 6.108299 1.646158 7.631188 -1.329170 0.122016 3.245900 2.811800 10.878253 -1.904803 15.175162 43.412608 -10.067068 25.765105 -1.066271 -42.156712 -14.974760 -7.671472 -13.699283 0.000000 0.000000 0.000000 0.000000 0.000000 0.000000 0.000000 0.000000 0.000000 0.000000 0.000000 0.000000 0.000000 0.000000 0.000000 0.000000 0.000000 0.000000 0.000000 0.000000 0.000000 0.000000 0.000000 0.000000 0.000000 0.000000 0.000000 0.000000 0.000000 0.000000 0.000000 0.000000 0.000000 0.000000 0.000000 0.000000 0.000000 0.000000 0.000000 0.000000 0.000000 0.000000 -2.351810 -11.162290 3.604201 12.252476 -42.244306 11.042696 0.627258 11.379198 77.556513 -17.810194 10.497384 12.642365 0.000000 0.000000 0.000000 0.000000 0.000000 0.000000 0.000000 0.000000 0.000000 0.000000 0.000000 0.000000 0.000000 0.000000 0.000000 0.000000 0.000000 0.000000 0.000000 0.000000 0.000000 0.000000 0.000000 0.000000 0.000000 0.000000 0.000000 0.000000 0.000000 0.000000 0.000000 0.000000 0.000000 0.000000 0.000000 0.000000 0.000000 0.000000 0.000000 0.000000 0.000000 0.000000
0.031958 -0.104567 1.089826 -6.211631 1.499725 -5.779182 -18.529235 -21.192908 7.270980 51.193691 12.406589 -3.978034 -13.800497 -0.744964 8.739561 -0.424853 -0.811372 -0.745244 -25.250921 15.299015 -3.573281 54.590792 -12.378316 0.923948 -14.478971 -0.439450 -3.144860 -2.270748 -1.848889 -0.049779 26.605631 -0.870984 -1.514311 -6.111668 -3.581361 -3.361903 8.383928 -1.283165 -2.651636 8.187449 1.630551 7.583145 -0.783440 0.310096 2.647072 3.852719 10.781029 -1.255314 13.386445 41.884618 -5.934175 26.971698 -0.960961 -44.209286 -15.119608 -7.051893 -14.219609 0.000000 0.000000 0.000000 0.000000 0.000000 0.000000 0.000000 0.000000 0.000000 0.000000 0.000000 0.000000 0.000000 0.000000 0.000000 0.000000 0.000000 0.000000 0.000000 0.000000 0.000000 0.000000 0.000000 0.000000 0.000000 0.000000 0.000000 0.000000 0.000000 0.000000 0.000000 0.000000 0.000000 0.000000 0.000000 0.000000 0.000000 0.000000 0.000000 0.000000 0.000000 0.000000 -2.188409 -10.997884 3.477897 9.959224 -40.687299 10.104456 -2.579123 11.327812 84.137170 -19.741786 12.233739 13.647073 0.000000 0.000000 0.000000 0.000000 0.000000 0.000000 0.000000 0.000000 0.000000 0.000000 0.000000 0.000000 0.000000 0.000000 0.000000 0.000000 0.000000 0.000000 0.000000 0.000000 0.000000 0.000000 0.000000 0.000000 0.000000 0.000000 0.000000 0.000000 0.000000 0.000000 0.000000 0.000000 0.000000 0.000000 0.000000 0.000000 0.000000 0.000000 0.000000 0.000000 0.000000 0.000000
0.044449 -0.097669 1.093687 -5.693017 1.201503 -6.069671 -19.550184 -20.455275 5.916446 49.775140 11.225834 -3.407916 -13.618989 -1.426306 9.611373 -0.566804 -0.795307 -0.801068 -24.884992 14.478998 -3.406053 52.781652 -11.819952 -0.037636 -14.658158 0.322299 -3.706475 -2.416675 -1.850480 -0.081698 27.058513 -0.916054 -1.122998 -5.849159 -3.588319 -2.970863 8.460909 -1.370684 -2.319942 9.009842 1.958895 7.327773 -1.562161 0.558846 1.946016 4.240400 10.722565 -0.706956 12.153865 40.435893 -3.303968 26.303368 -1.677197 -46.308951 -14.134651 -6.897558 -15.115954 0.000000 0.000000 0.000000 0.000000 0.000000 0.000000 0.000000 0.000000 0.000000 0.000000 0.000000 0.000000 0.000000 0.000000 0.000000 0.000000 0.000000 0.000000 0.000000 0.000000 0.000000 0.000000 0.000000 0.000000 0.000000 0.000000 0.000000 0.000000 0.000000 0.000000 0.000000 0.000000 0.000000 0.000000 0.000000 0.000000 0.000000 0.000000 0.000000 0.000000 0.000000 0.000000 -1.800345 -10.424498 3.927999 8.262048 -40.018808 9.801483 -4.778533 11.466065 86.895735 -20.081855 13.466238 14.723503 0.000000 0.000000 0.000000 0.000000 0.000000 0.000000 0.000000 0.000000 0.000000 0.000000 0.000000 0.000000 0.000000 0.000000 0.000000 0.000000 0.000000 0.000000 0.000000 0.000000 0.000000 0.000000 0.000000 0.000000 0.000000 0.000000 0.000000 0.000000 0.000000 0.000000 0.000000 0.000000 0.000000 0.000000 0.000000 0.000000 0.000000 0.000000 0.000000 0.000000 0.000000 0.000000
0.061337 -0.089189 1.102992 -4.756614 0.054452 -5.412989 -21.337818 -16.460653 3.736128 47.462297 10.107493 -3.010489 -11.579861 -1.616352 10.011556 -0.730156 -0.639872 -0.673082 -24.265860 12.406067 -2.703681 49.446195 -9.572436 -1.191276 -13.393219 1.347960 -6.047926 -2.427350 -1.750217 -0.056380 27.278231 -0.830845 -0.268280 -5.633883 -3.141778 -2.394027 8.522400 -1.339786 -1.555272 9.738231 2.536077 6.346533 -2.760280 0.472185 1.119988 3.998923 10.700588 -0.700777 11.420705 39.068963 -2.517634 23.278252 -2.030947 -48.099450 -12.744698 -7.278662 -15.969711 0.000000 0.000000 0.000000 0.000000 0.000000 0.000000 0.000000 0.000000 0.000000 0.000000 0.000000 0.000000 0.000000 0.000000 0.000000 0.000000 0.000000 0.000000 0.000000 0.000000 0.000000 0.000000 0.000000 0.000000 0.000000 0.000000 0.000000 0.000000 0.000000 0.000000 0.000000 0.000000 0.000000 0.000000 0.000000 0.000000 0.000000 0.000000 0.000000 0.000000 0.000000 0.000000 -1.213753 -9.601367 4.783916 7.708371 -40.132911 9.531874 -6.256212 11.639613 86.829882 -19.270107 14.230562 15.774188 0.000000 0.000000 0.000000 0.000000 0.000000 0.000000 0.000000 0.000000 0.000000 0.000000 0.000000 0.000000 0.000000 0.000000 0.000000 0.000000 0.000000 0.000000 0.000000 0.000000 0.000000 0.000000 0.000000 0.000000 0.000000 0.000000 0.000000 0.000000 0.000000 0.000000 0.000000 0.000000 0.000000 0.000000 0.000000 0.000000 0.000000 0.000000 0.000000 0.000000 0.000000 0.000000
0.081023 -0.083132 1.115802 -3.902828 -1.837355 -2.863613 -24.092620 -8.598262 0.434438 43.537889 8.695956 -2.524230 -9.002965 -2.409997 10.450770 -0.548888 -0.549455 -0.577254 -23.318272 7.482383 -0.588948 46.570946 -4.404167 -1.076038 -10.825864 2.346521 -10.110514 -2.468626 -1.701303 0.119131 27.390308 -0.717361 0.954550 -5.412025 -2.077225 -1.444715 8.530417 -0.886810 -0.370082 10.268225 3.016551 4.136293 -3.906917 0.050942 0.720919 2.697474 11.404692 -0.663232 10.774947 36.958592 -2.543411 15.303761 -2.932778 -51.873326 -11.447748 -8.911029 -16.676401 0.000000 0.000000 0.000000 0.000000 0.000000 0.000000 0.000000 0.000000 0.000000 0.000000 0.000000 0.000000 0.000000 0.000000 0.000000 0.000000 0.000000 0.000000 0.000000 0.000000 0.000000 0.000000 0.000000 0.000000 0.000000 0.000000 0.000000 0.000000 0.000000 0.000000 0.000000 0.000000 0.000000 0.000000 0.000000 0.000000 0.000000 0.000000 0.000000 0.000000 0.000000 0.000000 -1.039260 -8.768389 5.906713 9.090356 -40.499701 9.139764 -7.651368 12.029408 83.531027 -16.522115 15.211675 16.503194 0.000000 0.000000 0.000000 0.000000 0.000000 0.000000 0.000000 0.000000 0.000000 0.000000 0.000000 0.000000 0.000000 0.000000 0.000000 0.000000 0.000000 0.000000 0.000000 0.000000 0.000000 0.000000 0.000000 0.000000 0.000000 0.000000 0.000000 0.000000 0.000000 0.000000 0.000000 0.000000 0.000000 0.000000 0.000000 0.000000 0.000000 0.000000 0.000000 0.000000 0.000000 0.000000
0.088174 -0.074087 1.125501 -2.380707 -2.789830 -0.096469 -26.373594 -3.331981 -1.577232 40.041703 8.181804 -1.488328 -7.286744 -2.194284 10.622790 -0.504721 -0.718135 -0.693788 -22.287895 4.898941 -0.105916 44.416091 -2.570807 -1.918014 -9.968627 1.931521 -10.889469 -2.567881 -1.710260 0.274224 27.330293 -0.852749 1.827229 -5.685395 -0.590545 -0.590328 8.478166 -0.354046 0.571816 10.315828 3.180551 1.946092 -4.045170 -1.460611 0.243817 1.184095 12.070120 0.222520 9.459576 35.251935 -3.717320 6.693905 -4.189851 -57.808986 -13.385233 -10.890185 -17.961418 0.000000 0.000000 0.000000 0.000000 0.000000 0.000000 0.000000 0.000000 0.000000 0.000000 0.000000 0.000000 0.000000 0.000000 0.000000 0.000000 0.000000 0.000000 0.000000 0.000000 0.000000 0.000000 0.000000 0.000000 0.000000 0.000000 0.000000 0.000000 0.000000 0.000000 0.000000 0.000000 0.000000 0.000000 0.000000 0.000000 0.000000 0.000000 0.000000 0.000000 0.000000 0.000000 -0.197102 -8.087994 6.329945 9.834447 -39.979225 8.258068 -6.279840 11.862276 79.786325 -14.545149 17.166879 17.193050 0.000000 0.000000 0.000000 0.000000 0.000000 0.000000 0.000000 0.000000 0.000000 0.000000 0.000000 0.000000 0.000000 0.000000 0.000000 0.000000 0.000000 0.000000 0.000000 0.000000 0.000000 0.000000 0.000000 0.000000 0.000000 0.000000 0.000000 0.000000 0.000000 0.000000 0.000000 0.000000 0.000000 0.000000 0.000000 0.000000 0.000000 0.000000 0.000000 0.000000 0.000000 0.000000
0.086880 -0.068987 1.130177 -1.368417 -3.249533 2.664878 -28.340923 -1.118280 -2.659934 39.434742 8.808368 -0.600752 -6.511301 -2.103770 10.849034 -0.695980 -0.685781 -0.704301 -21.259010 4.635400 -0.658524 43.237991 -2.322060 -2.959081 -10.651339 1.255020 -10.553960 -2.532455 -1.670671 0.385760 27.254366 -0.904150 2.546238 -6.254961 1.214750 0.482222 8.635424 0.249101 1.486973 10.094058 2.734028 0.061902 -3.875589 -3.088390 -0.606685 -0.557035 12.441455 1.408260 7.827527 34.702634 -6.261692 -1.448983 -5.453810 -64.600966 -14.819251 -13.709163 -19.465402 0.000000 0.000000 0.000000 0.000000 0.000000 0.000000 0.000000 0.000000 0.000000 0.000000 0.000000 0.000000 0.000000 0.000000 0.000000 0.000000 0.000000 0.000000 0.000000 0.000000 0.000000 0.000000 0.000000 0.000000 0.000000 0.000000 0.000000 0.000000 0.000000 0.000000 0.000000 0.000000 0.000000 0.000000 0.000000 0.000000 0.000000 0.000000 0.000000 0.000000 0.000000 0.000000 0.855414 -7.392519 6.546593 10.494874 -39.914156 7.833078 -2.536378 11.426040 74.262772 -12.287961 18.673734 17.206202 0.000000 0.000000 0.000000 0.000000 0.000000 0.000000 0.000000 0.000000 0.000000 0.000000 0.000000 0.000000 0.000000 0.000000 0.000000 0.000000 0.000000 0.000000 0.000000 0.000000 0.000000 0.000000 0.000000 0.000000 0.000000 0.000000 0.000000 0.000000 0.000000 0.000000 0.000000 0.000000 0.000000 0.000000 0.000000 0.000000 0.000000 0.000000 0.000000 0.000000 0.000000 0.000000
0.077132 -0.068062 1.129654 -1.210682 -3.040435 6.159444 -29.663485 -2.552133 -2.722534 42.604081 10.747641 0.253314 -6.894482 -2.008551 11.191180 -0.630393 -0.447060 -0.758937 -20.006196 6.263146 -2.251233 43.285797 -3.901487 -4.555434 -11.177902 0.557762 -9.609118 -2.401252 -1.579838 0.425060 27.264559 -0.683929 3.035376 -6.730882 2.310513 1.243129 9.047892 0.489656 1.968447 10.145653 1.675151 -1.279111 -3.729878 -4.757200 -1.443535 -1.850509 12.152596 2.206861 5.703773 35.170885 -8.955538 -7.382031 -6.208375 -72.932566 -15.336698 -16.348350 -21.294419 0.000000 0.000000 0.000000 0.000000 0.000000 0.000000 0.000000 0.000000 0.000000 0.000000 0.000000 0.000000 0.000000 0.000000 0.000000 0.000000 0.000000 0.000000 0.000000 0.000000 0.000000 0.000000 0.000000 0.000000 0.000000 0.000000 0.000000 0.000000 0.000000 0.000000 0.000000 0.000000 0.000000 0.000000 0.000000 0.000000 0.000000 0.000000 0.000000 0.000000 0.000000 0.000000 2.091798 -7.095374 6.601249 9.989740 -40.571173 6.822936 1.698445 10.399915 68.263224 -9.650886 18.461109 17.019927 0.000000 0.000000 0.000000 0.000000 0.000000 0.000000 0.000000 0.000000 0.000000 0.000000 0.000000 0.000000 0.000000 0.000000 0.000000 0.000000 0.000000 0.000000 0.000000 0.000000 0.000000 0.000000 0.000000 0.000000 0.000000 0.000000 0.000000 0.000000 0.000000 0.000000 0.000000 0.000000 0.000000 0.000000 0.000000 0.000000 0.000000 0.000000 0.000000 0.000000 0.000000 0.000000
0.060267 -0.073273 1.122752 -2.207659 -2.180531 9.381227 -29.592870 -7.729518 -1.843834 47.662844 13.345118 -0.407908 -8.414437 -1.972251 11.018846 -0.849597 -0.178900 -0.524943 -17.202673 9.682041 -5.293400 42.628505 -7.477821 -5.951550 -11.542851 -0.395183 -8.072031 -2.214741 -1.524080 0.814156 27.563038 -0.601756 3.526177 -7.791082 3.301469 1.964904 9.734640 0.456543 2.183794 8.899153 0.556384 -1.952322 -3.289392 -6.224992 -2.864087 -3.401589 11.180740 2.787557 3.801649 36.918833 -12.504621 -11.210334 -7.687300 -80.642354 -16.721161 -17.910241 -22.604769 0.000000 0.000000 0.000000 0.000000 0.000000 0.000000 0.000000 0.000000 0.000000 0.000000 0.000000 0.000000 0.000000 0.000000 0.000000 0.000000 0.000000 0.000000 0.000000 0.000000 0.000000 0.000000 0.000000 0.000000 0.000000 0.000000 0.000000 0.000000 0.000000 0.000000 0.000000 0.000000 0.000000 0.000000 0.000000 0.000000 0.000000 0.000000 0.000000 0.000000 0.000000 0.000000 2.897016 -6.866320 6.710786 9.338436 -42.000110 5.821420 8.206727 8.705021 60.942438 -7.525232 16.785026 15.541002 0.000000 0.000000 0.000000 0.000000 0.000000 0.000000 0.000000 0.000000 0.000000 0.000000 0.000000 0.000000 0.000000 0.000000 0.000000 0.000000 0.000000 0.000000 0.000000 0.000000 0.000000 0.000000 0.000000 0.000000 0.000000 0.000000 0.000000 0.000000 0.000000 0.000000 0.000000 0.000000 0.000000 0.000000 0.000000 0.000000 0.000000 0.000000 0.000000 0.000000 0.000000 0.000000
0.041632 -0.079604 1.110766 -3.543939 -1.161763 11.016124 -28.655617 -12.463797 -1.029885 50.721957 13.983611 -1.571594 -10.636193 -2.061900 10.545895 -0.971809 -0.024271 -0.415351 -15.317488 12.840519 -7.658249 43.371846 -9.615455 -6.514959 -11.831735 -1.750381 -6.287249 -2.155378 -1.515840 0.986447 27.749384 -0.361379 3.691712 -8.212983 3.693497 2.289747 9.756643 0.582702 2.257175 8.013888 -0.702104 -1.892866 -2.222154 -7.273353 -4.203579 -4.651060 10.146901 2.716008 3.571205 38.288817 -17.161201 -14.538954 -9.329732 -88.271251 -18.536960 -18.803850 -23.294484 0.000000 0.000000 0.000000 0.000000 0.000000 0.000000 0.000000 0.000000 0.000000 0.000000 0.000000 0.000000 0.000000 0.000000 0.000000 0.000000 0.000000 0.000000 0.000000 0.000000 0.000000 0.000000 0.000000 0.000000 0.000000 0.000000 0.000000 0.000000 0.000000 0.000000 0.000000 0.000000 0.000000 0.000000 0.000000 0.000000 0.000000 0.000000 0.000000 0.000000 0.000000 0.000000 3.407420 -7.442766 6.848344 9.650998 -43.524054 5.532445 12.043176 7.037101 54.961596 -6.451869 14.834925 14.154898 0.000000 0.000000 0.000000 0.000000 0.000000 0.000000 0.000000 0.000000 0.000000 0.000000 0.000000 0.000000 0.000000 0.000000 0.000000 0.000000 0.000000 0.000000 0.000000 0.000000 0.000000 0.000000 0.000000 0.000000 0.000000 0.000000 0.000000 0.000000 0.000000 0.000000 0.000000 0.000000 0.000000 0.000000 0.000000 0.000000 0.000000 0.000000 0.000000 0.000000 0.000000 0.000000
0.020021 -0.085657 1.097101 -4.965652 -0.034442 12.150744 -26.697766 -15.826386 0.229065 50.101746 13.102892 -1.858447 -13.269432 -2.568301 10.153132 -1.331218 -0.020585 -0.020579 -14.400393 15.622926 -8.654368 44.887312 -9.731151 -5.916963 -11.611639 -3.578785 -4.459677 -2.141137 -1.638072 1.107035 27.777970 -0.355488 3.397863 -8.416986 3.820569 2.366207 9.564326 0.754204 1.970127 8.207035 -1.888189 -2.101091 -0.645427 -7.933406 -4.709972 -5.575115 9.572065 2.342128 3.380678 39.509270 -22.440758 -18.177318 -11.429566 -94.577016 -19.479437 -20.512053 -23.601498 0.000000 0.000000 0.000000 0.000000 0.000000 0.000000 0.000000 0.000000 0.000000 0.000000 0.000000 0.000000 0.000000 0.000000 0.000000 0.000000 0.000000 0.000000 0.000000 0.000000 0.000000 0.000000 0.000000 0.000000 0.000000 0.000000 0.000000 0.000000 0.000000 0.000000 0.000000 0.000000 0.000000 0.000000 0.000000 0.000000 0.000000 0.000000 0.000000 0.000000 0.000000 0.000000 3.982305 -8.311577 6.416647 10.052441 -44.901624 5.469242 13.381285 5.589386 49.922551 -6.258947 14.076715 13.178720 0.000000 0.000000 0.000000 0.000000 0.000000 0.000000 0.000000 0.000000 0.000000 0.000000 0.000000 0.000000 0.000000 0.000000 0.000000 0.000000 0.000000 0.000000 0.000000 0.000000 0.000000 0.000000 0.000000 0.000000 0.000000 0.000000 0.000000 0.000000 0.000000 0.000000 0.000000 0.000000 0.000000 0.000000 0.000000 0.000000 0.000000 0.000000 0.000000 0.000000 0.000000 0.000000
-0.005841 -0.088907 1.085902 -5.834188 1.116531 13.452375 -24.420524 -17.345828 1.446985 47.693109 11.782164 -1.722668 -16.827598 -3.711921 9.749676 -1.875276 -0.129214 0.591307 -14.475423 17.322751 -8.123943 46.227538 -8.077740 -5.136156 -11.665080 -4.221450 -5.343563 -2.164235 -1.592636 1.387306 27.306730 -0.344777 2.679584 -8.147824 3.426954 2.080688 9.137922 0.728397 1.108105 9.391663 -2.836755 -2.739882 0.864601 -8.056186 -4.748286 -6.171905 9.067210 1.624996 3.114601 40.289509 -27.325515 -21.699891 -13.224537 -99.467278 -19.710675 -22.451850 -23.094826 0.000000 0.000000 0.000000 0.000000 0.000000 0.000000 0.000000 0.000000 0.000000 0.000000 0.000000 0.000000 0.000000 0.000000 0.000000 0.000000 0.000000 0.000000 0.000000 0.000000 0.000000 0.000000 0.000000 0.000000 0.000000 0.000000 0.000000 0.000000 0.000000 0.000000 0.000000 0.000000 0.000000 0.000000 0.000000 0.000000 0.000000 0.000000 0.000000 0.000000 0.000000 0.000000 3.945960 -9.270731 5.409707 10.671204 -46.295786 5.397395 12.191091 4.594262 45.888214 -7.301368 13.745781 11.935093 0.000000 0.000000 0.000000 0.000000 0.000000 0.000000 0.000000 0.000000 0.000000 0.000000 0.000000 0.000000 0.000000 0.000000 0.000000 0.000000 0.000000 0.000000 0.000000 0.000000 0.000000 0.000000 0.000000 0.000000 0.000000 0.000000 0.000000 0.000000 0.000000 0.000000 0.000000 0.000000 0.000000 0.000000 0.000000 0.000000 0.000000 0.000000 0.000000 0.000000 0.000000 0.000000
-0.032985 -0.089266 1.082089 -6.005994 2.087049 15.392231 -22.789684 -17.140017 1.787498 45.309476 10.632283 -2.475864 -20.607472 -4.631452 7.965869 -1.936692 -0.085619 0.992595 -14.977999 17.319838 -6.338002 46.523444 -5.705403 -4.845666 -10.288985 -2.757818 -9.924016 -1.970929 -1.790221 1.612407 27.213001 -0.052747 1.543045 -7.886718 2.369100 1.351273 9.193882 0.101801 -0.165759 10.551381 -3.201723 -3.250344 1.498538 -8.109463 -4.164519 -6.259158 8.292532 0.116981 3.322348 40.625137 -32.188736 -24.969664 -14.258340 -102.823073 -19.152805 -24.401957 -22.066270 0.000000 0.000000 0.000000 0.000000 0.000000 0.000000 0.000000 0.000000 0.000000 0.000000 0.000000 0.000000 0.000000 0.000000 0.000000 0.000000 0.000000 0.000000 0.000000 0.000000 0.000000 0.000000 0.000000 0.000000 0.000000 0.000000 0.000000 0.000000 0.000000 0.000000 0.000000 0.000000 0.000000 0.000000 0.000000 0.000000 0.000000 0.000000 0.000000 0.000000 0.000000 0.000000 3.128079 -9.641262 4.352546 11.484522 -47.822310 5.457122 9.271705 4.238464 42.572456 -9.733042 13.586535 10.623689 0.000000 0.000000 0.000000 0.000000 0.000000 0.000000 0.000000 0.000000 0.000000 0.000000 0.000000 0.000000 0.000000 0.000000 0.000000 0.000000 0.000000 0.000000 0.000000 0.000000 0.000000 0.000000 0.000000 0.000000 0.000000 0.000000 0.000000 0.000000 0.000000 0.000000 0.000000 0.000000 0.000000 0.000000 0.000000 0.000000 0.000000 0.000000 0.000000 0.000000 0.000000 0.000000
-0.057553 -0.089253 1.087284 -5.788164 2.477010 15.277428 -20.603061 -15.870194 2.435381 42.225623 10.152334 -3.274448 -21.857286 -5.713102 8.040422 -1.593641 0.070021 0.625706 -18.063280 16.240862 -3.975232 49.498477 -4.752149 -4.493679 -7.528207 -2.149117 -11.779099 -1.721566 -2.266703 1.635345 27.573783 0.233011 0.070746 -7.751912 1.434500 0.828794 9.428256 -0.489373 -1.090116 11.881296 -2.870753 -3.071332 1.645704 -8.132063 -3.497792 -5.728508 7.850191 -1.149998 2.072348 39.246675 -32.787936 -25.414658 -14.173996 -102.907547 -19.415072 -24.701949 -21.292338 0.000000 0.000000 0.000000 0.000000 0.000000 0.000000 0.000000 0.000000 0.000000 0.000000 0.000000 0.000000 0.000000 0.000000 0.000000 0.000000 0.000000 0.000000 0.000000 0.000000 0.000000 0.000000 0.000000 0.000000 0.000000 0.000000 0.000000 0.000000 0.000000 0.000000 0.000000 0.000000 0.000000 0.000000 0.000000 0.000000 0.000000 0.000000 0.000000 0.000000 0.000000 0.000000 2.434867 -10.026068 3.941666 11.445008 -48.893143 5.319540 6.441413 4.815216 40.956375 -11.047291 14.195983 10.077237 0.000000 0.000000 0.000000 0.000000 0.000000 0.000000 0.000000 0.000000 0.000000 0.000000 0.000000 0.000000 0.000000 0.000000 0.000000 0.000000 0.000000 0.000000 0.000000 0.000000 0.000000 0.000000 0.000000 0.000000 0.000000 0.000000 0.000000 0.000000 0.000000 0.000000 0.000000 0.000000 0.000000 0.000000 0.000000 0.000000 0.000000 0.000000 0.000000 0.000000 0.000000 0.000000
-0.080627 -0.086334 1.098097 -5.091327 3.053335 13.742886 -18.563229 -14.128179 2.727255 38.925771 8.817041 -4.015035 -21.075195 -6.041110 9.343425 -1.175804 0.137323 -0.040763 -22.210471 12.818577 -1.698221 52.379041 -4.782256 -3.968603 -7.624071 -0.934228 -11.912765 -1.503821 -2.848134 1.482217 28.199776 0.564125 -1.455406 -7.594821 0.162525 0.173634 9.452715 -1.118234 -1.731561 13.387583 -2.099049 -1.910760 0.825634 -7.748118 -3.194096 -4.707342 7.138741 -2.049077 -0.308432 36.057542 -30.166788 -24.140240 -13.089115 -100.703559 -20.068233 -23.992094 -19.965274 0.000000 0.000000 0.000000 0.000000 0.000000 0.000000 0.000000 0.000000 0.000000 0.000000 0.000000 0.000000 0.000000 0.000000 0.000000 0.000000 0.000000 0.000000 0.000000 0.000000 0.000000 0.000000 0.000000 0.000000 0.000000 0.000000 0.000000 0.000000 0.000000 0.000000 0.000000 0.000000 0.000000 0.000000 0.000000 0.000000 0.000000 0.000000 0.000000 0.000000 0.000000 0.000000 1.707261 -10.337759 3.904391 10.979253 -49.447939 5.612455 2.929020 5.906589 41.010674 -12.490520 14.803948 9.607044 0.000000 0.000000 0.000000 0.000000 0.000000 0.000000 0.000000 0.000000 0.000000 0.000000 0.000000 0.000000 0.000000 0.000000 0.000000 0.000000 0.000000 0.000000 0.000000 0.000000 0.000000 0.000000 0.000000 0.000000 0.000000 0.000000 0.000000 0.000000 0.000000 0.000000 0.000000 0.000000 0.000000 0.000000 0.000000 0.000000 0.000000 0.000000 0.000000 0.000000 0.000000 0.000000
-0.103062 -0.080177 1.110396 -4.112340 3.930238 10.961576 -16.488679 -12.087920 2.510344 36.040936 6.529395 -4.907774 -18.818927 -5.894154 11.464515 -0.770208 0.142540 -0.591616 -26.366307 6.926598 0.137078 53.238093 -5.810861 -3.896228 -8.469997 0.323956 -10.995668 -1.658958 -3.318300 1.155246 28.388942 0.885069 -3.094778 -7.498862 -1.436712 -0.577051 9.282573 -1.700875 -2.421544 14.392276 -0.970502 0.413060 -0.998382 -6.458441 -3.090233 -3.824866 5.974495 -2.519013 -2.636283 30.133269 -25.095556 -21.878357 -12.035345 -97.684996 -18.636666 -22.150901 -18.135194 0.000000 0.000000 0.000000 0.000000 0.000000 0.000000 0.000000 0.000000 0.000000 0.000000 0.000000 0.000000 0.000000 0.000000 0.000000 0.000000 0.000000 0.000000 0.000000 0.000000 0.000000 0.000000 0.000000 0.000000 0.000000 0.000000 0.000000 0.000000 0.000000 0.000000 0.000000 0.000000 0.000000 0.000000 0.000000 0.000000 0.000000 0.000000 0.000000 0.000000 0.000000 0.000000 0.439978 -10.574917 3.618118 10.840200 -49.094521 6.112763 -1.329065 6.860882 43.640087 -14.842453 15.423477 9.669582 0.000000 0.000000 0.000000 0.000000 0.000000 0.000000 0.000000 0.000000 0.000000 0.000000 0.000000 0.000000 0.000000 0.000000 0.000000 0.000000 0.000000 0.000000 0.000000 0.000000 0.000000 0.000000 0.000000 0.000000 0.000000 0.000000 0.000000 0.000000 0.000000 0.000000 0.000000 0.000000 0.000000 0.000000 0.000000 0.000000 0.000000 0.000000 0.000000 0.000000 0.000000 0.000000
-0.122746 -0.070761 1.121827 -3.155103 4.806792 6.048673 -14.356610 -9.495407 1.840492 34.598997 4.384771 -5.914656 -15.976478 -4.923242 14.363523 -0.215992 0.094174 -1.152895 -29.983182 0.136980 0.721852 49.213897 -7.095983 -4.640766 -7.357517 -0.491990 -9.193477 -1.849632 -3.324463 0.670450 28.212627 1.256929 -4.237833 -7.409740 -2.740369 -1.056920 8.822357 -2.217591 -2.630210 15.410328 -0.058393 2.048237 -2.152395 -5.360905 -3.005774 -3.320873 4.827953 -2.311969 -2.471735 23.980101 -19.663698 -19.123955 -10.711953 -95.519489 -13.778173 -21.268480 -16.831373 0.000000 0.000000 0.000000 0.000000 0.000000 0.000000 0.000000 0.000000 0.000000 0.000000 0.000000 0.000000 0.000000 0.000000 0.000000 0.000000 0.000000 0.000000 0.000000 0.000000 0.000000 0.000000 0.000000 0.000000 0.000000 0.000000 0.000000 0.000000 0.000000 0.000000 0.000000 0.000000 0.000000 0.000000 0.000000 0.000000 0.000000 0.000000 0.000000 0.000000 0.000000 0.000000 -0.861985 -10.462675 3.192894 10.610248 -48.185193 5.810131 -7.293146 7.396976 50.100542 -16.229697 16.578206 10.607082 0.000000 0.000000 0.000000 0.000000 0.000000 0.000000 0.000000 0.000000 0.000000 0.000000 0.000000 0.000000 0.000000 0.000000 0.000000 0.000000 0.000000 0.000000 0.000000 0.000000 0.000000 0.000000 0.000000 0.000000 0.000000 0.000000 0.000000 0.000000 0.000000 0.000000 0.000000 0.000000 0.000000 0.000000 0.000000 0.000000 0.000000 0.000000 0.000000 0.000000 0.000000 0.000000
-0.130571 -0.057758 1.126767 -1.972933 4.138882 2.400050 -12.792592 -7.501065 2.039906 34.013702 4.511914 -5.885536 -15.105616 -3.950314 13.968490 0.016856 0.234321 -1.316718 -31.153230 -2.641847 0.396744 45.420121 -8.414697 -5.535716 -5.472804 -1.528891 -8.207499 -2.049374 -3.271534 0.493491 27.792746 1.755459 -4.705236 -7.506275 -3.699924 -1.728172 8.497096 -2.438976 -2.738359 15.675988 0.887309 3.114750 -3.618595 -4.313776 -2.642371 -2.547761 3.658795 -1.429204 -1.796664 19.703163 -15.460813 -16.795333 -9.762058 -94.266970 -12.204899 -18.184909 -16.599204 0.000000 0.000000 0.000000 0.000000 0.000000 0.000000 0.000000 0.000000 0.000000 0.000000 0.000000 0.000000 0.000000 0.000000 0.000000 0.000000 0.000000 0.000000 0.000000 0.000000 0.000000 0.000000 0.000000 0.000000 0.000000 0.000000 0.000000 0.000000 0.000000 0.000000 0.000000 0.000000 0.000000 0.000000 0.000000 0.000000 0.000000 0.000000 0.000000 0.000000 0.000000 0.000000 -1.932857 -9.906995 2.123741 9.960092 -47.004485 5.129739 -11.350415 8.310857 57.617774 -17.046987 15.752661 10.407616 0.000000 0.000000 0.000000 0.000000 0.000000 0.000000 0.000000 0.000000 0.000000 0.000000 0.000000 0.000000 0.000000 0.000000 0.000000 0.000000 0.000000 0.000000 0.000000 0.000000 0.000000 0.000000 0.000000 0.000000 0.000000 0.000000 0.000000 0.000000 0.000000 0.000000 0.000000 0.000000 0.000000 0.000000 0.000000 0.000000 0.000000 0.000000 0.000000 0.000000 0.000000 0.000000
-0.132295 -0.046346 1.126780 -1.333834 2.757173 -1.099764 -11.301079 -6.276448 3.039341 34.006613 5.532102 -5.278963 -15.126768 -3.230822 13.029513 0.189773 0.264242 -1.410660 -31.541002 -2.728081 0.099229 44.946777 -9.640736 -6.030873 -3.432163 -2.543483 -7.395159 -2.171878 -3.149833 0.473077 27.377582 1.832756 -4.742613 -7.318262 -4.438263 -2.238938 8.288732 -2.453577 -2.693786 15.976875 1.972717 3.938877 -4.813350 -3.167794 -2.519243 -1.396452 2.698419 -0.438120 -0.533044 16.687099 -11.249367 -13.350987 -9.197788 -92.934477 -10.349221 -15.248403 -16.758860 0.000000 0.000000 0.000000 0.000000 0.000000 0.000000 0.000000 0.000000 0.000000 0.000000 0.000000 0.000000 0.000000 0.000000 0.000000 0.000000 0.000000 0.000000 0.000000 0.000000 0.000000 0.000000 0.000000 0.000000 0.000000 0.000000 0.000000 0.000000 0.000000 0.000000 0.000000 0.000000 0.000000 0.000000 0.000000 0.000000 0.000000 0.000000 0.000000 0.000000 0.000000 0.000000 -2.802528 -9.190009 1.280759 8.708364 -45.300954 4.289061 -14.884763 9.353642 66.242329 -16.672259 15.453168 10.721855 0.000000 0.000000 0.000000 0.000000 0.000000 0.000000 0.000000 0.000000 0.000000 0.000000 0.000000 0.000000 0.000000 0.000000 0.000000 0.000000 0.000000 0.000000 0.000000 0.000000 0.000000 0.000000 0.000000 0.000000 0.000000 0.000000 0.000000 0.000000 0.000000 0.000000 0.000000 0.000000 0.000000 0.000000 0.000000 0.000000 0.000000 0.000000 0.000000 0.000000 0.000000 0.000000
-0.127510 -0.040547 1.125683 -1.510441 1.466737 -3.888174 -10.161108 -6.235948 4.257808 34.952562 6.993968 -4.654356 -14.182370 -2.441555 12.474142 0.305893 0.382888 -1.325862 -31.962654 0.208889 -0.260884 47.404774 -11.112141 -6.115538 -1.025576 -3.899600 -6.627820 -2.160719 -2.836992 0.467269 26.986927 1.244812 -4.507026 -6.925944 -4.777393 -2.426252 8.189667 -2.446659 -2.484450 16.710967 3.405949 4.011688 -6.208891 -1.848291 -2.264945 -0.071257 2.010765 0.309133 1.277301 15.474753 -7.427904 -8.712715 -8.787465 -91.131085 -11.124421 -12.733209 -17.640674 0.000000 0.000000 0.000000 0.000000 0.000000 0.000000 0.000000 0.000000 0.000000 0.000000 0.000000 0.000000 0.000000 0.000000 0.000000 0.000000 0.000000 0.000000 0.000000 0.000000 0.000000 0.000000 0.000000 0.000000 0.000000 0.000000 0.000000 0.000000 0.000000 0.000000 0.000000 0.000000 0.000000 0.000000 0.000000 0.000000 0.000000 0.000000 0.000000 0.000000 0.000000 0.000000 -3.163160 -8.119701 1.062695 6.639195 -43.599910 3.539090 -17.120692 9.381364 73.347092 -16.937967 15.555985 11.546958 0.000000 0.000000 0.000000 0.000000 0.000000 0.000000 0.000000 0.000000 0.000000 0.000000 0.000000 0.000000 0.000000 0.000000 0.000000 0.000000 0.000000 0.000000 0.000000 0.000000 0.000000 0.000000 0.000000 0.000000 0.000000 0.000000 0.000000 0.000000 0.000000 0.000000 0.000000 0.000000 0.000000 0.000000 0.000000 0.000000 0.000000 0.000000 0.000000 0.000000 0.000000 0.000000
-0.115154 -0.043236 1.122870 -2.569364 0.322209 -6.939395 -8.992633 -8.776209 7.152534 37.566415 9.707562 -3.691209 -12.097759 -1.633551 11.989030 0.090771 0.411539 -1.170122 -32.011931 6.672249 -1.512159 51.890336 -13.691538 -5.800367 1.120759 -4.881287 -6.027414 -2.333034 -2.546653 0.627844 26.999211 0.309717 -4.008085 -6.522388 -5.098130 -2.463643 8.507636 -2.716487 -2.383779 16.255372 4.772483 4.305885 -7.389882 -0.472324 -1.497848 2.107734 1.571654 0.983737 2.493174 15.412253 -3.128477 -1.793239 -8.439185 -87.384569 -14.833831 -9.770928 -18.722620 0.000000 0.000000 0.000000 0.000000 0.000000 0.000000 0.000000 0.000000 0.000000 0.000000 0.000000 0.000000 0.000000 0.000000 0.000000 0.000000 0.000000 0.000000 0.000000 0.000000 0.000000 0.000000 0.000000 0.000000 0.000000 0.000000 0.000000 0.000000 0.000000 0.000000 0.000000 0.000000 0.000000 0.000000 0.000000 0.000000 0.000000 0.000000 0.000000 0.000000 0.000000 0.000000 -3.398399 -7.084605 1.438978 3.361904 -41.048045 3.205065 -17.664643 9.230232 79.885928 -17.493338 15.305961 12.422075 0.000000 0.000000 0.000000 0.000000 0.000000 0.000000 0.000000 0.000000 0.000000 0.000000 0.000000 0.000000 0.000000 0.000000 0.000000 0.000000 0.000000 0.000000 0.000000 0.000000 0.000000 0.000000 0.000000 0.000000 0.000000 0.000000 0.000000 0.000000 0.000000 0.000000 0.000000 0.000000 0.000000 0.000000 0.000000 0.000000 0.000000 0.000000 0.000000 0.000000 0.000000 0.000000
-0.101113 -0.049501 1.116482 -3.750276 -0.227768 -9.344041 -7.961667 -11.295777 8.943044 38.974646 11.214241 -3.548478 -11.521979 -1.897280 12.495706 0.034549 0.350397 -1.169728 -32.502800 11.973364 -1.423966 55.101461 -14.230756 -4.560717 0.942829 -4.478102 -6.384150 -2.361553 -2.649889 0.575100 26.833477 -0.512749 -3.942146 -6.409937 -5.092015 -2.147766 8.621066 -2.753624 -2.365796 15.544718 5.492261 4.590387 -7.273980 1.023054 -0.834949 3.667288 1.632742 1.942521 3.762629 16.061992 0.601956 3.211962 -7.704189 -84.047263 -16.842345 -7.902920 -19.015280 0.000000 0.000000 0.000000 0.000000 0.000000 0.000000 0.000000 0.000000 0.000000 0.000000 0.000000 0.000000 0.000000 0.000000 0.000000 0.000000 0.000000 0.000000 0.000000 0.000000 0.000000 0.000000 0.000000 0.000000 0.000000 0.000000 0.000000 0.000000 0.000000 0.000000 0.000000 0.000000 0.000000 0.000000 0.000000 0.000000 0.000000 0.000000 0.000000 0.000000 0.000000 0.000000 -3.746826 -6.305381 1.932650 1.984827 -39.261519 4.348248 -17.717445 8.259039 84.676440 -18.665087 15.026464 12.948911 0.000000 0.000000 0.000000 0.000000 0.000000 0.000000 0.000000 0.000000 0.000000 0.000000 0.000000 0.000000 0.000000 0.000000 0.000000 0.000000 0.000000 0.000000 0.000000 0.000000 0.000000 0.000000 0.000000 0.000000 0.000000 0.000000 0.000000 0.000000 0.000000 0.000000 0.000000 0.000000 0.000000 0.000000 0.000000 0.000000 0.000000 0.000000 0.000000 0.000000 0.000000 0.000000
-0.084416 -0.062016 1.107957 -5.731095 -0.585405 -11.211854 -6.763422 -13.961147 10.465629 40.349321 12.015003 -3.738467 -11.766047 -1.675019 11.989436 -0.111688 0.157347 -1.166359 -32.112032 16.927983 -1.209363 56.644154 -13.496888 -3.490593 -0.192216 -3.582005 -6.717316 -2.555265 -2.862064 0.334202 27.004458 -1.321516 -3.750709 -5.910868 -4.946037 -1.669912 8.426055 -2.521727 -2.091796 14.930523 5.862020 4.702669 -6.789161 2.249471 -0.407823 4.782369 1.928809 2.710961 4.490742 16.704928 3.471213 7.362488 -6.815135 -79.834062 -17.537503 -6.090594 -18.601734 0.000000 0.000000 0.000000 0.000000 0.000000 0.000000 0.000000 0.000000 0.000000 0.000000 0.000000 0.000000 0.000000 0.000000 0.000000 0.000000 0.000000 0.000000 0.000000 0.000000 0.000000 0.000000 0.000000 0.000000 0.000000 0.000000 0.000000 0.000000 0.000000 0.000000 0.000000 0.000000 0.000000 0.000000 0.000000 0.000000 0.000000 0.000000 0.000000 0.000000 0.000000 0.000000 -4.012021 -6.030971 2.642893 0.863087 -37.355847 5.678323 -17.934505 7.117308 88.178893 -18.930799 15.181846 13.093318 0.000000 0.000000 0.000000 0.000000 0.000000 0.000000 0.000000 0.000000 0.000000 0.000000 0.000000 0.000000 0.000000 0.000000 0.000000 0.000000 0.000000 0.000000 0.000000 0.000000 0.000000 0.000000 0.000000 0.000000 0.000000 0.000000 0.000000 0.000000 0.000000 0.000000 0.000000 0.000000 0.000000 0.000000 0.000000 0.000000 0.000000 0.000000 0.000000 0.000000 0.000000 0.000000
-0.059657 -0.074834 1.099691 -7.638100 -1.337544 -13.267435 -6.297908 -16.628570 10.802909 40.984652 11.340212 -4.517015 -10.936048 -0.116344 10.680053 -0.162506 -0.024368 -1.058200 -30.176931 21.141624 -1.450138 54.623479 -12.109517 -2.983601 -2.437962 -3.313567 -6.701130 -2.805697 -2.915760 0.114414 27.594919 -2.274466 -2.983630 -5.418193 -4.287486 -0.871989 8.299058 -2.061196 -1.244669 14.991444 6.145742 4.147805 -6.192730 2.992461 -0.328527 4.871463 2.740629 4.005839 3.773650 17.715462 6.525591 9.478839 -5.932228 -76.281728 -18.180782 -4.828801 -17.835118 0.000000 0.000000 0.000000 0.000000 0.000000 0.000000 0.000000 0.000000 0.000000 0.000000 0.000000 0.000000 0.000000 0.000000 0.000000 0.000000 0.000000 0.000000 0.000000 0.000000 0.000000 0.000000 0.000000 0.000000 0.000000 0.000000 0.000000 0.000000 0.000000 0.000000 0.000000 0.000000 0.000000 0.000000 0.000000 0.000000 0.000000 0.000000 0.000000 0.000000 0.000000 0.000000 -4.059861 -5.737892 3.165059 -0.470531 -36.257139 7.073485 -18.117330 5.960569 91.349665 -19.764952 16.115106 12.697557 0.000000 0.000000 0.000000 0.000000 0.000000 0.000000 0.000000 0.000000 0.000000 0.000000 0.000000 0.000000 0.000000 0.000000 0.000000 0.000000 0.000000 0.000000 0.000000 0.000000 0.000000 0.000000 0.000000 0.000000 0.000000 0.000000 0.000000 0.000000 0.000000 0.000000 0.000000 0.000000 0.000000 0.000000 0.000000 0.000000 0.000000 0.000000 0.000000 0.000000 0.000000 0.000000
-0.030477 -0.083066 1.095232 -8.625953 -1.825030 -14.380620 -6.894251 -17.616838 9.998346 40.643631 10.476137 -5.115430 -9.060227 1.087679 10.528196 -0.124650 -0.022339 -0.906709 -28.441724 21.924696 -1.819939 52.822230 -10.634573 -2.009781 -3.765162 -3.592093 -6.018230 -2.793841 -2.800173 0.118298 27.759220 -2.825771 -2.480272 -5.020666 -3.466774 -0.144841 8.315705 -1.583393 -0.578054 14.271037 6.260581 4.036770 -6.037549 3.163632 -0.027709 4.250383 3.640401 5.003033 3.356806 19.047331 7.698035 9.404318 -5.690620 -73.737358 -18.844986 -5.807853 -17.689216 0.000000 0.000000 0.000000 0.000000 0.000000 0.000000 0.000000 0.000000 0.000000 0.000000 0.000000 0.000000 0.000000 0.000000 0.000000 0.000000 0.000000 0.000000 0.000000 0.000000 0.000000 0.000000 0.000000 0.000000 0.000000 0.000000 0.000000 0.000000 0.000000 0.000000 0.000000 0.000000 0.000000 0.000000 0.000000 0.000000 0.000000 0.000000 0.000000 0.000000 0.000000 0.000000 -3.919842 -5.525456 3.110686 -0.745281 -35.294572 7.955669 -17.536077 5.687467 91.842877 -19.768728 17.561486 13.427289 0.000000 0.000000 0.000000 0.000000 0.000000 0.000000 0.000000 0.000000 0.000000 0.000000 0.000000 0.000000 0.000000 0.000000 0.000000 0.000000 0.000000 0.000000 0.000000 0.000000 0.000000 0.000000 0.000000 0.000000 0.000000 0.000000 0.000000 0.000000 0.000000 0.000000 0.000000 0.000000 0.000000 0.000000 0.000000 0.000000 0.000000 0.000000 0.000000 0.000000 0.000000 0.000000
0.003073 -0.092709 1.097599 -9.401732 -2.803293 -14.268580 -10.049271 -17.122601 7.822401 41.084154 9.756692 -5.137942 -5.761780 2.530469 9.821828 -0.135788 0.075415 -0.881930 -26.471467 21.137377 -2.200752 50.575420 -9.153330 -1.917877 -3.997054 -3.911294 -5.186500 -2.757898 -2.643717 0.130695 27.933121 -2.929181 -1.614407 -4.751630 -2.442624 0.431100 8.373903 -1.223215 0.170424 14.465816 6.529179 3.633693 -6.226250 2.629421 0.336780 3.402536 5.082685 5.746991 2.447039 20.550749 7.981842 6.425632 -5.669483 -73.373395 -18.907484 -7.157735 -18.088486 0.000000 0.000000 0.000000 0.000000 0.000000 0.000000 0.000000 0.000000 0.000000 0.000000 0.000000 0.000000 0.000000 0.000000 0.000000 0.000000 0.000000 0.000000 0.000000 0.000000 0.000000 0.000000 0.000000 0.000000 0.000000 0.000000 0.000000 0.000000 0.000000 0.000000 0.000000 0.000000 0.000000 0.000000 0.000000 0.000000 0.000000 0.000000 0.000000 0.000000 0.000000 0.000000 -3.199727 -5.471685 3.053560 -1.190215 -35.371890 7.556591 -17.163190 6.311749 90.629498 -18.105706 18.627490 13.900753 0.000000 0.000000 0.000000 0.000000 0.000000 0.000000 0.000000 0.000000 0.000000 0.000000 0.000000 0.000000 0.000000 0.000000 0.000000 0.000000 0.000000 0.000000 0.000000 0.000000 0.000000 0.000000 0.000000 0.000000 0.000000 0.000000 0.000000 0.000000 0.000000 0.000000 0.000000 0.000000 0.000000 0.000000 0.000000 0.000000 0.000000 0.000000 0.000000 0.000000 0.000000 0.000000
0.038159 -0.096239 1.103524 -8.899188 -4.095607 -13.131449 -14.534571 -14.702871 4.996254 41.741089 9.629380 -4.778938 -3.203756 3.364879 8.532497 -0.224234 0.257461 -0.944164 -23.960262 19.074384 -2.671342 46.944536 -7.231674 -2.198158 -2.666183 -4.584987 -4.528819 -2.836777 -2.423768 0.283935 27.907648 -2.889150 -0.439991 -5.098083 -1.252931 0.840307 8.670860 -0.999914 0.962024 14.508226 7.141243 2.349344 -6.738497 1.516772 0.947326 2.271134 6.982233 6.032586 1.886210 23.090487 6.944278 1.639641 -6.236046 -74.913896 -19.201977 -9.345003 -18.361751 0.000000 0.000000 0.000000 0.000000 0.000000 0.000000 0.000000 0.000000 0.000000 0.000000 0.000000 0.000000 0.000000 0.000000 0.000000 0.000000 0.000000 0.000000 0.000000 0.000000 0.000000 0.000000 0.000000 0.000000 0.000000 0.000000 0.000000 0.000000 0.000000 0.000000 0.000000 0.000000 0.000000 0.000000 0.000000 0.000000 0.000000 0.000000 0.000000 0.000000 0.000000 0.000000 -2.023519 -5.482111 2.933927 -1.632167 -35.420756 5.595575 -16.391301 7.367011 87.224425 -15.254266 18.877268 13.812767 0.000000 0.000000 0.000000 0.000000 0.000000 0.000000 0.000000 0.000000 0.000000 0.000000 0.000000 0.000000 0.000000 0.000000 0.000000 0.000000 0.000000 0.000000 0.000000 0.000000 0.000000 0.000000 0.000000 0.000000 0.000000 0.000000 0.000000 0.000000 0.000000 0.000000 0.000000 0.000000 0.000000 0.000000 0.000000 0.000000 0.000000 0.000000 0.000000 0.000000 0.000000 0.000000
0.071770 -0.084176 1.107937 -6.058061 -5.561422 -9.706103 -20.019344 -8.893238 1.457862 41.025024 10.122112 -4.438772 -1.101949 2.858060 8.355695 -0.148571 0.557911 -0.967343 -21.414819 14.698229 -2.484099 42.385794 -4.460016 -2.115306 -1.331016 -4.427708 -5.934516 -2.818076 -1.921135 0.448559 28.008212 -3.398428 0.964504 -6.098160 0.740941 1.440460 9.305186 -0.756791 1.765768 13.813379 7.649082 0.164037 -6.545375 -0.444443 2.687001 0.254227 9.801182 6.100477 1.713186 27.536222 3.895882 -7.202756 -6.504809 -79.244141 -17.954660 -13.330585 -20.262271 0.000000 0.000000 0.000000 0.000000 0.000000 0.000000 0.000000 0.000000 0.000000 0.000000 0.000000 0.000000 0.000000 0.000000 0.000000 0.000000 0.000000 0.000000 0.000000 0.000000 0.000000 0.000000 0.000000 0.000000 0.000000 0.000000 0.000000 0.000000 0.000000 0.000000 0.000000 0.000000 0.000000 0.000000 0.000000 0.000000 0.000000 0.000000 0.000000 0.000000 0.000000 0.000000 -0.874789 -5.370564 3.032542 -0.682501 -36.447550 2.205610 -15.830062 8.263765 80.873984 -11.739949 18.247924 14.121623 0.000000 0.000000 0.000000 0.000000 0.000000 0.000000 0.000000 0.000000 0.000000 0.000000 0.000000 0.000000 0.000000 0.000000 0.000000 0.000000 0.000000 0.000000 0.000000 0.000000 0.000000 0.000000 0.000000 0.000000 0.000000 0.000000 0.000000 0.000000 0.000000 0.000000 0.000000 0.000000 0.000000 0.000000 0.000000 0.000000 0.000000 0.000000 0.000000 0.000000 0.000000 0.000000
0.094286 -0.077115 1.111645 -4.318139 -7.061352 -6.849346 -23.652566 -2.810320 -0.836923 37.355374 10.380311 -3.521622 -0.733693 2.357870 8.462166 0.153381 0.354729 -0.934052 -19.856083 10.709558 -1.862087 40.792032 -2.797346 -2.490168 -2.598178 -3.354320 -7.797334 -2.585620 -1.681946 0.399462 28.790393 -3.472495 1.720959 -6.948658 2.266733 2.049184 9.139664 -0.096010 2.256371 13.588859 7.812036 -1.742306 -6.734200 -1.994321 3.105230 -1.556656 11.313521 6.054452 1.942891 30.174569 0.425824 -12.927708 -6.837444 -84.337897 -16.880707 -15.256582 -21.553059 0.000000 0.000000 0.000000 0.000000 0.000000 0.000000 0.000000 0.000000 0.000000 0.000000 0.000000 0.000000 0.000000 0.000000 0.000000 0.000000 0.000000 0.000000 0.000000 0.000000 0.000000 0.000000 0.000000 0.000000 0.000000 0.000000 0.000000 0.000000 0.000000 0.000000 0.000000 0.000000 0.000000 0.000000 0.000000 0.000000 0.000000 0.000000 0.000000 0.000000 0.000000 0.000000 0.157864 -4.875583 3.105431 0.958751 -36.089872 0.129325 -12.200423 9.628537 74.460272 -9.467133 18.742673 14.955731 0.000000 0.000000 0.000000 0.000000 0.000000 0.000000 0.000000 0.000000 0.000000 0.000000 0.000000 0.000000 0.000000 0.000000 0.000000 0.000000 0.000000 0.000000 0.000000 0.000000 0.000000 0.000000 0.000000 0.000000 0.000000 0.000000 0.000000 0.000000 0.000000 0.000000 0.000000 0.000000 0.000000 0.000000 0.000000 0.000000 0.000000 0.000000 0.000000 0.000000 0.000000 0.000000
0.104427 -0.074100 1.110399 -3.343885 -7.411652 -4.696921 -26.292586 1.411855 -2.303204 34.673897 10.176370 -2.044102 -1.502557 2.055337 9.036976 0.215838 0.079373 -0.998216 -18.830423 7.787849 -1.895267 41.458201 -1.998172 -3.439355 -5.374190 -2.690265 -8.559367 -2.538144 -1.452352 0.327040 29.258950 -3.298831 2.159596 -7.254666 3.673369 2.705345 8.836970 0.736007 2.663196 13.757771 7.403022 -2.722457 -6.275338 -3.468946 3.324768 -3.501783 11.757998 5.561223 1.820336 32.481452 -4.422015 -18.447569 -7.635586 -89.325155 -15.726820 -17.797923 -22.315814 0.000000 0.000000 0.000000 0.000000 0.000000 0.000000 0.000000 0.000000 0.000000 0.000000 0.000000 0.000000 0.000000 0.000000 0.000000 0.000000 0.000000 0.000000 0.000000 0.000000 0.000000 0.000000 0.000000 0.000000 0.000000 0.000000 0.000000 0.000000 0.000000 0.000000 0.000000 0.000000 0.000000 0.000000 0.000000 0.000000 0.000000 0.000000 0.000000 0.000000 0.000000 0.000000 1.449059 -4.457639 3.222893 2.713107 -35.338366 -1.161411 -7.430255 10.992128 70.024805 -7.217138 20.275927 15.702224 0.000000 0.000000 0.000000 0.000000 0.000000 0.000000 0.000000 0.000000 0.000000 0.000000 0.000000 0.000000 0.000000 0.000000 0.000000 0.000000 0.000000 0.000000 0.000000 0.000000 0.000000 0.000000 0.000000 0.000000 0.000000 0.000000 0.000000 0.000000 0.000000 0.000000 0.000000 0.000000 0.000000 0.000000 0.000000 0.000000 0.000000 0.000000 0.000000 0.000000 0.000000 0.000000
0.107249 -0.081625 1.105703 -3.606335 -7.300821 -2.288778 -27.697870 2.988855 -3.049073 34.322311 10.433035 -1.409177 -2.629226 1.413092 9.733088 0.026062 -0.175986 -1.142947 -17.677624 6.120217 -2.483770 42.373773 -2.140333 -4.458230 -8.700764 -0.933967 -9.567518 -2.569923 -1.567268 0.374590 29.311586 -2.857949 2.235429 -7.148753 4.761720 2.813243 8.706621 1.461002 2.517903 13.208244 6.517282 -3.026452 -5.290188 -4.889788 3.216628 -5.057509 11.022595 4.370535 1.317176 35.250849 -9.630543 -23.668203 -9.251500 -93.138254 -15.553468 -20.096395 -22.760571 0.000000 0.000000 0.000000 0.000000 0.000000 0.000000 0.000000 0.000000 0.000000 0.000000 0.000000 0.000000 0.000000 0.000000 0.000000 0.000000 0.000000 0.000000 0.000000 0.000000 0.000000 0.000000 0.000000 0.000000 0.000000 0.000000 0.000000 0.000000 0.000000 0.000000 0.000000 0.000000 0.000000 0.000000 0.000000 0.000000 0.000000 0.000000 0.000000 0.000000 0.000000 0.000000 2.612046 -3.507075 3.263996 4.388469 -35.733498 -2.461134 -2.022869 11.809535 66.700466 -6.794677 19.842620 15.995119 0.000000 0.000000 0.000000 0.000000 0.000000 0.000000 0.000000 0.000000 0.000000 0.000000 0.000000 0.000000 0.000000 0.000000 0.000000 0.000000 0.000000 0.000000 0.000000 0.000000 0.000000 0.000000 0.000000 0.000000 0.000000 0.000000 0.000000 0.000000 0.000000 0.000000 0.000000 0.000000 0.000000 0.000000 0.000000 0.000000 0.000000 0.000000 0.000000 0.000000 0.000000 0.000000
0.106064 -0.099486 1.101020 -5.062655 -7.090924 0.475569 -28.491933 1.787595 -2.992641 37.611574 11.548213 -0.924812 -4.488490 0.620633 10.320439 -0.142795 -0.363475 -1.221702 -16.736199 5.982027 -3.794936 43.964245 -3.065346 -5.701936 -12.013953 0.692138 -10.382055 -2.430966 -1.643419 0.696049 29.750259 -2.542281 2.223596 -6.929795 5.861570 2.455197 8.758299 2.067116 2.225152 13.487156 5.402626 -3.203575 -3.558201 -6.177096 3.490706 -6.863168 10.090715 2.312127 0.223017 38.703357 -15.831037 -28.563441 -10.942732 -97.274749 -15.338261 -22.329369 -23.011401 0.000000 0.000000 0.000000 0.000000 0.000000 0.000000 0.000000 0.000000 0.000000 0.000000 0.000000 0.000000 0.000000 0.000000 0.000000 0.000000 0.000000 0.000000 0.000000 0.000000 0.000000 0.000000 0.000000 0.000000 0.000000 0.000000 0.000000 0.000000 0.000000 0.000000 0.000000 0.000000 0.000000 0.000000 0.000000 0.000000 0.000000 0.000000 0.000000 0.000000 0.000000 0.000000 3.861292 -2.656827 3.662483 5.524820 -36.242926 -3.728064 4.321059 12.014107 63.183480 -6.390985 17.243532 15.734272 0.000000 0.000000 0.000000 0.000000 0.000000 0.000000 0.000000 0.000000 0.000000 0.000000 0.000000 0.000000 0.000000 0.000000 0.000000 0.000000 0.000000 0.000000 0.000000 0.000000 0.000000 0.000000 0.000000 0.000000 0.000000 0.000000 0.000000 0.000000 0.000000 0.000000 0.000000 0.000000 0.000000 0.000000 0.000000 0.000000 0.000000 0.000000 0.000000 0.000000 0.000000 0.000000
0.098615 -0.120071 1.096743 -6.667395 -6.467146 2.807824 -28.548813 -1.228866 -2.361976 41.347140 12.655300 -1.112623 -6.037372 0.282984 10.252791 -0.252062 -0.396745 -1.212359 -16.091498 6.429737 -4.889426 45.835910 -4.400921 -6.474824 -13.471802 1.528375 -9.959959 -2.397683 -1.762725 0.839103 30.359110 -1.987312 1.990560 -6.239036 6.138171 1.621216 8.620055 2.280367 1.648747 14.063650 4.563333 -2.959845 -3.232761 -7.525475 4.278134 -7.794265 9.391305 0.112966 -0.165278 40.580047 -20.621560 -31.138887 -12.113536 -99.934159 -14.954273 -24.033937 -22.675510 0.000000 0.000000 0.000000 0.000000 0.000000 0.000000 0.000000 0.000000 0.000000 0.000000 0.000000 0.000000 0.000000 0.000000 0.000000 0.000000 0.000000 0.000000 0.000000 0.000000 0.000000 0.000000 0.000000 0.000000 0.000000 0.000000 0.000000 0.000000 0.000000 0.000000 0.000000 0.000000 0.000000 0.000000 0.000000 0.000000 0.000000 0.000000 0.000000 0.000000 0.000000 0.000000 4.521476 -1.744694 4.347561 6.028825 -37.266578 -4.622253 9.498564 11.723773 60.167053 -6.061346 14.786201 14.961054 0.000000 0.000000 0.000000 0.000000 0.000000 0.000000 0.000000 0.000000 0.000000 0.000000 0.000000 0.000000 0.000000 0.000000 0.000000 0.000000 0.000000 0.000000 0.000000 0.000000 0.000000 0.000000 0.000000 0.000000 0.000000 0.000000 0.000000 0.000000 0.000000 0.000000 0.000000 0.000000 0.000000 0.000000 0.000000 0.000000 0.000000 0.000000 0.000000 0.000000 0.000000 0.000000
0.086266 -0.138959 1.090399 -8.227285 -5.309468 4.553563 -28.065471 -5.873292 -1.314751 44.739409 13.591281 -1.314273 -7.466749 0.087735 10.207468 -0.400244 -0.317074 -1.009211 -15.301240 7.315233 -6.022517 47.110588 -6.365286 -7.004605 -14.672124 2.041108 -9.014427 -2.223784 -1.838562 0.994172 30.792150 -1.486790 1.644199 -6.082557 6.285386 1.015564 8.604382 2.190631 0.912572 13.954330 3.509280 -2.546412 -2.504588 -8.357239 4.680212 -8.738854 8.807057 -1.629367 -0.323895 41.925873 -24.829550 -33.060800 -12.872216 -101.382288 -15.413737 -23.962343 -22.249908 0.000000 0.000000 0.000000 0.000000 0.000000 0.000000 0.000000 0.000000 0.000000 0.000000 0.000000 0.000000 0.000000 0.000000 0.000000 0.000000 0.000000 0.000000 0.000000 0.000000 0.000000 0.000000 0.000000 0.000000 0.000000 0.000000 0.000000 0.000000 0.000000 0.000000 0.000000 0.000000 0.000000 0.000000 0.000000 0.000000 0.000000 0.000000 0.000000 0.000000 0.000000 0.000000 4.538981 -1.401922 4.707443 6.660266 -38.247006 -5.276938 13.403263 11.293360 57.624947 -6.033639 11.526027 13.550406 0.000000 0.000000 0.000000 0.000000 0.000000 0.000000 0.000000 0.000000 0.000000 0.000000 0.000000 0.000000 0.000000 0.000000 0.000000 0.000000 0.000000 0.000000 0.000000 0.000000 0.000000 0.000000 0.000000 0.000000 0.000000 0.000000 0.000000 0.000000 0.000000 0.000000 0.000000 0.000000 0.000000 0.000000 0.000000 0.000000 0.000000 0.000000 0.000000 0.000000 0.000000 0.000000
0.076657 -0.151476 1.082287 -9.193044 -4.634195 5.646679 -26.806199 -10.630125 -0.435027 47.200337 13.249657 -2.096680 -8.264986 0.057755 10.080617 -0.862145 -0.302827 -0.392632 -15.067483 8.683904 -6.824059 48.376916 -8.124153 -7.017364 -16.000783 2.419724 -8.643903 -2.044680 -1.795382 1.364839 30.682173 -0.757876 1.129779 -6.122243 6.474670 0.478136 8.644722 2.113976 0.156705 12.561400 2.167397 -2.117305 -2.366968 -8.994879 4.236262 -9.517890 8.171185 -2.880072 -0.757664 42.207695 -27.957494 -34.278180 -13.701115 -102.541092 -15.986575 -23.834347 -21.188543 0.000000 0.000000 0.000000 0.000000 0.000000 0.000000 0.000000 0.000000 0.000000 0.000000 0.000000 0.000000 0.000000 0.000000 0.000000 0.000000 0.000000 0.000000 0.000000 0.000000 0.000000 0.000000 0.000000 0.000000 0.000000 0.000000 0.000000 0.000000 0.000000 0.000000 0.000000 0.000000 0.000000 0.000000 0.000000 0.000000 0.000000 0.000000 0.000000 0.000000 0.000000 0.000000 4.467256 -1.569446 4.706745 6.691770 -38.497537 -6.358842 15.762698 10.154711 55.462498 -6.739188 8.841460 12.045956 0.000000 0.000000 0.000000 0.000000 0.000000 0.000000 0.000000 0.000000 0.000000 0.000000 0.000000 0.000000 0.000000 0.000000 0.000000 0.000000 0.000000 0.000000 0.000000 0.000000 0.000000 0.000000 0.000000 0.000000 0.000000 0.000000 0.000000 0.000000 0.000000 0.000000 0.000000 0.000000 0.000000 0.000000 0.000000 0.000000 0.000000 0.000000 0.000000 0.000000 0.000000 0.000000
0.063400 -0.162678 1.074857 -10.160228 -3.384586 5.543041 -24.979385 -16.253495 1.124280 47.098995 11.682687 -2.987541 -8.955885 0.225854 9.767466 -1.239078 -0.641568 0.151801 -15.809026 10.044664 -7.572972 50.751324 -10.290262 -6.261741 -15.830719 2.721012 -8.501477 -1.998523 -1.913244 1.533839 30.349584 -0.097373 0.151949 -6.329583 6.267251 -0.283615 8.441030 2.070988 -1.026985 12.361769 0.857167 -1.679116 -2.774385 -9.617856 3.424871 -9.867547 7.666886 -3.730346 -2.829073 40.770060 -29.764422 -34.328732 -14.497923 -102.463092 -15.132391 -24.662279 -19.867587 0.000000 0.000000 0.000000 0.000000 0.000000 0.000000 0.000000 0.000000 0.000000 0.000000 0.000000 0.000000 0.000000 0.000000 0.000000 0.000000 0.000000 0.000000 0.000000 0.000000 0.000000 0.000000 0.000000 0.000000 0.000000 0.000000 0.000000 0.000000 0.000000 0.000000 0.000000 0.000000 0.000000 0.000000 0.000000 0.000000 0.000000 0.000000 0.000000 0.000000 0.000000 0.000000 3.976477 -1.937363 4.459059 5.982011 -38.286340 -7.773127 16.573316 8.750272 53.459368 -8.296893 7.538970 11.168451 0.000000 0.000000 0.000000 0.000000 0.000000 0.000000 0.000000 0.000000 0.000000 0.000000 0.000000 0.000000 0.000000 0.000000 0.000000 0.000000 0.000000 0.000000 0.000000 0.000000 0.000000 0.000000 0.000000 0.000000 0.000000 0.000000 0.000000 0.000000 0.000000 0.000000 0.000000 0.000000 0.000000 0.000000 0.000000 0.000000 0.000000 0.000000 0.000000 0.000000 0.000000 0.000000
0.050947 -0.162987 1.068668 -9.433515 -2.311230 5.074634 -22.506107 -18.564391 2.407418 44.320593 10.363244 -3.907641 -10.013542 0.511505 9.470644 -1.431691 -0.850912 0.259558 -16.863314 9.912436 -7.447457 50.834366 -11.013880 -5.914694 -17.400335 3.308350 -8.134227 -2.059076 -1.927668 1.533786 29.486083 0.565177 -0.910395 -6.593710 5.705214 -0.851483 8.477196 1.848230 -1.983373 11.665704 0.125958 -0.961120 -3.743202 -9.509192 2.803739 -9.399079 7.221027 -3.652622 -3.922177 38.897287 -29.890739 -33.282357 -14.834373 -101.663787 -14.562763 -24.852522 -19.207198 0.000000 0.000000 0.000000 0.000000 0.000000 0.000000 0.000000 0.000000 0.000000 0.000000 0.000000 0.000000 0.000000 0.000000 0.000000 0.000000 0.000000 0.000000 0.000000 0.000000 0.000000 0.000000 0.000000 0.000000 0.000000 0.000000 0.000000 0.000000 0.000000 0.000000 0.000000 0.000000 0.000000 0.000000 0.000000 0.000000 0.000000 0.000000 0.000000 0.000000 0.000000 0.000000 3.367540 -2.678247 3.353317 5.136594 -38.192932 -8.783988 13.917763 8.469645 52.579641 -10.116426 8.001429 11.371426 0.000000 0.000000 0.000000 0.000000 0.000000 0.000000 0.000000 0.000000 0.000000 0.000000 0.000000 0.000000 0.000000 0.000000 0.000000 0.000000 0.000000 0.000000 0.000000 0.000000 0.000000 0.000000 0.000000 0.000000 0.000000 0.000000 0.000000 0.000000 0.000000 0.000000 0.000000 0.000000 0.000000 0.000000 0.000000 0.000000 0.000000 0.000000 0.000000 0.000000 0.000000 0.000000
0.038410 -0.157300 1.067999 -7.636663 -1.218554 4.507338 -19.594100 -18.796493 3.407877 40.154139 8.966324 -4.769481 -11.049891 0.595219 9.656575 -1.341295 -0.894699 0.064914 -17.884116 8.591372 -6.488704 48.727725 -10.852863 -5.663501 -18.237059 3.851322 -8.241482 -2.013713 -2.051837 1.526264 28.485245 1.084961 -2.082550 -6.829152 4.600982 -1.519778 8.882426 1.234311 -2.943105 11.545213 0.209117 -0.122122 -4.949194 -8.799806 2.581231 -8.255861 6.970680 -3.272865 -4.587285 36.839310 -28.092379 -31.373670 -15.075082 -100.116361 -14.738052 -25.545093 -18.892877 0.000000 0.000000 0.000000 0.000000 0.000000 0.000000 0.000000 0.000000 0.000000 0.000000 0.000000 0.000000 0.000000 0.000000 0.000000 0.000000 0.000000 0.000000 0.000000 0.000000 0.000000 0.000000 0.000000 0.000000 0.000000 0.000000 0.000000 0.000000 0.000000 0.000000 0.000000 0.000000 0.000000 0.000000 0.000000 0.000000 0.000000 0.000000 0.000000 0.000000 0.000000 0.000000 2.226135 -3.511139 1.623200 3.794593 -37.831167 -9.554873 8.474307 8.986281 53.671393 -12.921324 10.633873 12.137002 0.000000 0.000000 0.000000 0.000000 0.000000 0.000000 0.000000 0.000000 0.000000 0.000000 0.000000 0.000000 0.000000 0.000000 0.000000 0.000000 0.000000 0.000000 0.000000 0.000000 0.000000 0.000000 0.000000 0.000000 0.000000 0.000000 0.000000 0.000000 0.000000 0.000000 0.000000 0.000000 0.000000 0.000000 0.000000 0.000000 0.000000 0.000000 0.000000 0.000000 0.000000 0.000000
0.025672 -0.149797 1.075486 -5.599398 -0.100447 3.783436 -16.638113 -17.200949 3.584022 35.109120 6.840918 -5.770224 -11.876795 0.304383 10.423083 -0.952501 -0.771418 -0.447027 -18.417496 5.724211 -4.678405 45.525063 -9.154534 -5.269320 -16.433497 3.875025 -9.577653 -2.046830 -2.255095 1.341135 27.583147 1.460028 -3.233951 -7.064382 3.093601 -2.164396 9.251053 0.256751 -3.909808 11.786178 0.916312 0.434542 -6.392683 -8.025424 2.518456 -6.571152 6.962803 -2.795404 -5.236830 34.216888 -24.339708 -28.336022 -14.459566 -97.216905 -14.915321 -25.171871 -18.444984 0.000000 0.000000 0.000000 0.000000 0.000000 0.000000 0.000000 0.000000 0.000000 0.000000 0.000000 0.000000 0.000000 0.000000 0.000000 0.000000 0.000000 0.000000 0.000000 0.000000 0.000000 0.000000 0.000000 0.000000 0.000000 0.000000 0.000000 0.000000 0.000000 0.000000 0.000000 0.000000 0.000000 0.000000 0.000000 0.000000 0.000000 0.000000 0.000000 0.000000 0.000000 0.000000 0.851363 -4.164225 -0.093603 2.182923 -37.621951 -9.960915 1.320897 9.693360 57.260822 -16.230742 13.906543 13.028302 0.000000 0.000000 0.000000 0.000000 0.000000 0.000000 0.000000 0.000000 0.000000 0.000000 0.000000 0.000000 0.000000 0.000000 0.000000 0.000000 0.000000 0.000000 0.000000 0.000000 0.000000 0.000000 0.000000 0.000000 0.000000 0.000000 0.000000 0.000000 0.000000 0.000000 0.000000 0.000000 0.000000 0.000000 0.000000 0.000000 0.000000 0.000000 0.000000 0.000000 0.000000 0.000000
0.009739 -0.138844 1.087673 -3.204495 1.539084 1.164899 -13.184453 -13.443532 2.622684 29.235967 3.253292 -6.993001 -11.646040 -1.334127 13.124189 -0.206078 -0.287202 -1.099130 -20.318214 0.812147 -1.083503 42.918525 -5.049949 -3.165571 -9.790898 1.268070 -10.276645 -2.201882 -2.881120 0.761551 26.496112 1.941081 -4.657924 -7.347793 1.096669 -2.642820 9.506609 -0.698075 -4.432936 13.525700 2.093174 1.717696 -7.421263 -7.044533 2.759308 -4.496792 6.858693 -2.438746 -4.174178 29.071113 -17.735967 -22.224108 -12.535129 -91.117329 -10.808476 -24.059740 -17.485873 0.000000 0.000000 0.000000 0.000000 0.000000 0.000000 0.000000 0.000000 0.000000 0.000000 0.000000 0.000000 0.000000 0.000000 0.000000 0.000000 0.000000 0.000000 0.000000 0.000000 0.000000 0.000000 0.000000 0.000000 0.000000 0.000000 0.000000 0.000000 0.000000 0.000000 0.000000 0.000000 0.000000 0.000000 0.000000 0.000000 0.000000 0.000000 0.000000 0.000000 0.000000 0.000000 -1.008934 -4.685514 -1.067294 1.041094 -38.280059 -9.337058 -10.356431 9.312455 64.888376 -18.874634 18.063405 14.608864 0.000000 0.000000 0.000000 0.000000 0.000000 0.000000 0.000000 0.000000 0.000000 0.000000 0.000000 0.000000 0.000000 0.000000 0.000000 0.000000 0.000000 0.000000 0.000000 0.000000 0.000000 0.000000 0.000000 0.000000 0.000000 0.000000 0.000000 0.000000 0.000000 0.000000 0.000000 0.000000 0.000000 0.000000 0.000000 0.000000 0.000000 0.000000 0.000000 0.000000 0.000000 0.000000
0.000319 -0.131988 1.097697 -1.497815 2.048823 -1.609395 -11.191608 -11.891915 2.852403 26.351210 2.431588 -6.994664 -10.430079 -1.086620 13.500777 0.110516 -0.191661 -1.262877 -23.074727 0.203809 0.561756 42.983690 -4.499589 -1.595311 -5.313094 -1.360093 -9.051819 -2.387734 -3.157845 0.586526 25.638825 1.825122 -5.308965 -7.778857 -0.281584 -2.998916 9.859359 -1.380004 -4.563117 14.260628 3.211003 3.064901 -9.539726 -6.007367 2.886904 -2.862324 6.670421 -2.176368 -3.129553 25.304388 -12.765199 -16.125589 -11.808005 -84.334102 -8.230960 -23.053997 -17.677784 0.000000 0.000000 0.000000 0.000000 0.000000 0.000000 0.000000 0.000000 0.000000 0.000000 0.000000 0.000000 0.000000 0.000000 0.000000 0.000000 0.000000 0.000000 0.000000 0.000000 0.000000 0.000000 0.000000 0.000000 0.000000 0.000000 0.000000 0.000000 0.000000 0.000000 0.000000 0.000000 0.000000 0.000000 0.000000 0.000000 0.000000 0.000000 0.000000 0.000000 0.000000 0.000000 -2.183153 -4.821091 -1.032793 -0.501434 -37.238172 -8.164124 -16.883582 8.919444 73.069719 -20.525141 20.498102 16.223221 0.000000 0.000000 0.000000 0.000000 0.000000 0.000000 0.000000 0.000000 0.000000 0.000000 0.000000 0.000000 0.000000 0.000000 0.000000 0.000000 0.000000 0.000000 0.000000 0.000000 0.000000 0.000000 0.000000 0.000000 0.000000 0.000000 0.000000 0.000000 0.000000 0.000000 0.000000 0.000000 0.000000 0.000000 0.000000 0.000000 0.000000 0.000000 0.000000 0.000000 0.000000 0.000000
-0.006268 -0.132364 1.101451 -0.853596 2.172433 -5.239270 -10.122621 -12.246965 4.127884 27.292265 2.982403 -6.339536 -10.694866 -1.307364 13.230199 0.184237 -0.108246 -1.163203 -25.413193 2.858588 0.516744 45.248619 -5.583679 -0.601952 -2.784450 -3.060285 -7.929038 -2.555912 -3.068639 0.534248 24.962893 1.487198 -5.149822 -7.918377 -1.142588 -3.051556 10.514585 -1.990471 -4.189382 14.494072 4.168453 4.240515 -11.054191 -4.338324 2.826270 -0.992728 6.233150 -1.646045 -1.895490 22.843029 -8.138540 -9.272925 -11.252034 -78.768429 -8.486291 -19.692663 -18.083933 0.000000 0.000000 0.000000 0.000000 0.000000 0.000000 0.000000 0.000000 0.000000 0.000000 0.000000 0.000000 0.000000 0.000000 0.000000 0.000000 0.000000 0.000000 0.000000 0.000000 0.000000 0.000000 0.000000 0.000000 0.000000 0.000000 0.000000 0.000000 0.000000 0.000000 0.000000 0.000000 0.000000 0.000000 0.000000 0.000000 0.000000 0.000000 0.000000 0.000000 0.000000 0.000000 -2.936685 -4.617235 -0.229390 -3.378279 -35.263354 -6.584400 -20.347599 8.196673 79.102530 -21.014615 20.418638 16.862730 0.000000 0.000000 0.000000 0.000000 0.000000 0.000000 0.000000 0.000000 0.000000 0.000000 0.000000 0.000000 0.000000 0.000000 0.000000 0.000000 0.000000 0.000000 0.000000 0.000000 0.000000 0.000000 0.000000 0.000000 0.000000 0.000000 0.000000 0.000000 0.000000 0.000000 0.000000 0.000000 0.000000 0.000000 0.000000 0.000000 0.000000 0.000000 0.000000 0.000000 0.000000 0.000000
-0.012802 -0.137792 1.096722 -1.358134 2.291586 -8.586165 -9.531791 -13.924308 6.141757 31.239714 4.939332 -5.019112 -12.107477 -2.160753 13.532984 0.089703 -0.032665 -1.038514 -27.877021 7.721058 0.160107 49.455233 -7.553471 -0.518341 -1.006659 -3.819869 -7.793619 -2.712108 -3.070782 0.612457 24.780653 1.090334 -4.852776 -7.921813 -1.730039 -2.775303 10.982115 -2.170092 -3.615991 14.973747 4.297756 5.127464 -10.935235 -2.705299 2.697366 1.220664 5.777794 -0.279982 -0.898906 22.059887 -4.017219 -2.412877 -11.123068 -74.760768 -10.382690 -18.486924 -19.070031 0.000000 0.000000 0.000000 0.000000 0.000000 0.000000 0.000000 0.000000 0.000000 0.000000 0.000000 0.000000 0.000000 0.000000 0.000000 0.000000 0.000000 0.000000 0.000000 0.000000 0.000000 0.000000 0.000000 0.000000 0.000000 0.000000 0.000000 0.000000 0.000000 0.000000 0.000000 0.000000 0.000000 0.000000 0.000000 0.000000 0.000000 0.000000 0.000000 0.000000 0.000000 0.000000 -3.373721 -4.558026 0.566692 -6.312781 -33.274657 -3.725419 -22.236870 8.033417 85.514752 -21.046993 22.079706 17.714295 0.000000 0.000000 0.000000 0.000000 0.000000 0.000000 0.000000 0.000000 0.000000 0.000000 0.000000 0.000000 0.000000 0.000000 0.000000 0.000000 0.000000 0.000000 0.000000 0.000000 0.000000 0.000000 0.000000 0.000000 0.000000 0.000000 0.000000 0.000000 0.000000 0.000000 0.000000 0.000000 0.000000 0.000000 0.000000 0.000000 0.000000 0.000000 0.000000 0.000000 0.000000 0.000000
-0.010747 -0.150504 1.087896 -3.349797 1.565681 -11.984307 -9.778820 -17.355270 8.420770 38.330481 9.034493 -3.426078 -12.131959 -2.278367 12.398394 0.002402 0.073804 -1.122095 -28.498531 14.599775 -1.233336 51.572181 -10.123013 -1.295791 -0.637506 -3.653237 -8.142823 -2.919497 -2.946481 0.497444 25.690110 0.813155 -3.776070 -6.894365 -2.821775 -2.785364 10.303448 -2.057590 -2.905327 15.424611 4.168207 5.274358 -9.812059 -1.751107 2.246034 4.445655 4.905670 -0.121050 1.902842 21.256006 0.665055 6.945696 -9.816691 -71.599688 -14.107363 -14.361659 -18.108792 0.000000 0.000000 0.000000 0.000000 0.000000 0.000000 0.000000 0.000000 0.000000 0.000000 0.000000 0.000000 0.000000 0.000000 0.000000 0.000000 0.000000 0.000000 0.000000 0.000000 0.000000 0.000000 0.000000 0.000000 0.000000 0.000000 0.000000 0.000000 0.000000 0.000000 0.000000 0.000000 0.000000 0.000000 0.000000 0.000000 0.000000 0.000000 0.000000 0.000000 0.000000 0.000000 -3.750394 -4.083720 2.759889 -9.757036 -31.341117 -0.396550 -24.466302 5.996194 91.177207 -21.114634 22.649073 15.552871 0.000000 0.000000 0.000000 0.000000 0.000000 0.000000 0.000000 0.000000 0.000000 0.000000 0.000000 0.000000 0.000000 0.000000 0.000000 0.000000 0.000000 0.000000 0.000000 0.000000 0.000000 0.000000 0.000000 0.000000 0.000000 0.000000 0.000000 0.000000 0.000000 0.000000 0.000000 0.000000 0.000000 0.000000 0.000000 0.000000 0.000000 0.000000 0.000000 0.000000 0.000000 0.000000
-0.002622 -0.156677 1.083121 -4.995609 1.382671 -13.490351 -10.196782 -18.809548 8.978022 42.398150 10.749228 -3.076006 -11.226356 -2.142397 12.087797 -0.025197 0.037128 -1.073064 -28.309264 17.147097 -1.659336 52.051434 -10.233248 -1.221965 -1.575725 -3.175150 -8.095948 -2.862645 -2.937458 0.253125 26.522356 0.055038 -3.234720 -6.270273 -3.104315 -2.475304 9.947999 -1.783760 -2.345542 14.801294 3.977384 5.508864 -8.665969 -0.716008 2.882243 5.592166 5.110793 0.281482 4.086966 22.355126 3.388757 12.497501 -9.246812 -69.703727 -13.694332 -13.180576 -17.933862 0.000000 0.000000 0.000000 0.000000 0.000000 0.000000 0.000000 0.000000 0.000000 0.000000 0.000000 0.000000 0.000000 0.000000 0.000000 0.000000 0.000000 0.000000 0.000000 0.000000 0.000000 0.000000 0.000000 0.000000 0.000000 0.000000 0.000000 0.000000 0.000000 0.000000 0.000000 0.000000 0.000000 0.000000 0.000000 0.000000 0.000000 0.000000 0.000000 0.000000 0.000000 0.000000 -4.567462 -3.605238 3.904026 -10.525671 -31.027627 2.610509 -26.860479 5.041165 96.064817 -20.262723 22.514587 14.999085 0.000000 0.000000 0.000000 0.000000 0.000000 0.000000 0.000000 0.000000 0.000000 0.000000 0.000000 0.000000 0.000000 0.000000 0.000000 0.000000 0.000000 0.000000 0.000000 0.000000 0.000000 0.000000 0.000000 0.000000 0.000000 0.000000 0.000000 0.000000 0.000000 0.000000 0.000000 0.000000 0.000000 0.000000 0.000000 0.000000 0.000000 0.000000 0.000000 0.000000 0.000000 0.000000
0.007230 -0.162068 1.084615 -6.240050 1.021250 -14.086659 -11.468890 -18.750359 8.490919 44.411008 11.670723 -2.628662 -9.336925 -1.555507 11.841654 -0.212420 -0.151951 -1.032409 -27.014473 17.978680 -2.245487 51.230032 -10.352498 -1.625314 -1.813941 -3.145567 -7.748493 -2.806358 -2.775086 0.042976 27.170018 -0.346072 -2.527385 -5.781210 -3.106580 -2.309835 9.750316 -1.583309 -1.794298 14.578146 4.318625 6.070194 -8.100748 0.336049 3.459886 6.317697 5.651996 0.715984 5.648482 24.286530 5.302598 16.647907 -8.391103 -67.194708 -12.618852 -12.631831 -18.185070 0.000000 0.000000 0.000000 0.000000 0.000000 0.000000 0.000000 0.000000 0.000000 0.000000 0.000000 0.000000 0.000000 0.000000 0.000000 0.000000 0.000000 0.000000 0.000000 0.000000 0.000000 0.000000 0.000000 0.000000 0.000000 0.000000 0.000000 0.000000 0.000000 0.000000 0.000000 0.000000 0.000000 0.000000 0.000000 0.000000 0.000000 0.000000 0.000000 0.000000 0.000000 0.000000 -5.190567 -3.219348 4.513205 -10.557201 -32.293174 5.567316 -28.737987 3.977827 100.401608 -19.617131 22.403033 14.998951 0.000000 0.000000 0.000000 0.000000 0.000000 0.000000 0.000000 0.000000 0.000000 0.000000 0.000000 0.000000 0.000000 0.000000 0.000000 0.000000 0.000000 0.000000 0.000000 0.000000 0.000000 0.000000 0.000000 0.000000 0.000000 0.000000 0.000000 0.000000 0.000000 0.000000 0.000000 0.000000 0.000000 0.000000 0.000000 0.000000 0.000000 0.000000 0.000000 0.000000 0.000000 0.000000
0.020507 -0.165566 1.091787 -6.696063 -0.344529 -13.804664 -14.407843 -16.538861 6.581561 44.586059 12.108790 -1.998971 -6.864237 -0.840621 10.654723 -0.367734 -0.276670 -1.066664 -25.003106 17.352016 -2.541183 48.426588 -9.668238 -2.886046 -1.257986 -3.146624 -7.734110 -2.779435 -2.570373 0.066377 27.029517 -0.299997 -1.297358 -5.258432 -2.553834 -1.882041 9.677092 -1.338388 -0.913640 15.769453 4.581369 5.812737 -8.093937 0.340321 3.113897 6.207514 6.712621 1.349987 6.168872 26.261191 6.295150 16.891662 -7.695593 -65.342539 -11.476995 -12.450638 -18.518494 0.000000 0.000000 0.000000 0.000000 0.000000 0.000000 0.000000 0.000000 0.000000 0.000000 0.000000 0.000000 0.000000 0.000000 0.000000 0.000000 0.000000 0.000000 0.000000 0.000000 0.000000 0.000000 0.000000 0.000000 0.000000 0.000000 0.000000 0.000000 0.000000 0.000000 0.000000 0.000000 0.000000 0.000000 0.000000 0.000000 0.000000 0.000000 0.000000 0.000000 0.000000 0.000000 -4.909858 -3.003609 4.939173 -9.957141 -34.905173 7.414835 -29.710824 3.831286 103.263313 -18.806203 22.860313 15.357654 0.000000 0.000000 0.000000 0.000000 0.000000 0.000000 0.000000 0.000000 0.000000 0.000000 0.000000 0.000000 0.000000 0.000000 0.000000 0.000000 0.000000 0.000000 0.000000 0.000000 0.000000 0.000000 0.000000 0.000000 0.000000 0.000000 0.000000 0.000000 0.000000 0.000000 0.000000 0.000000 0.000000 0.000000 0.000000 0.000000 0.000000 0.000000 0.000000 0.000000 0.000000 0.000000
0.031966 -0.164185 1.099660 -5.875517 -1.685920 -12.492178 -18.453597 -11.738831 3.698166 43.605369 11.927116 -0.647807 -4.060609 -0.539129 9.802443 -0.248656 -0.193528 -0.966352 -22.819376 14.133460 -2.209413 44.694302 -7.297304 -3.538332 0.182777 -3.499942 -7.899988 -2.793098 -2.449118 0.275740 26.273932 -0.282992 0.404754 -4.753801 -1.796305 -1.492313 9.872028 -1.132728 0.059475 17.208299 4.883715 5.089866 -8.570006 0.114170 2.953297 5.336007 8.194633 1.533799 6.997935 28.605028 6.267768 14.414847 -7.166213 -63.266816 -10.671317 -13.397882 -19.819926 0.000000 0.000000 0.000000 0.000000 0.000000 0.000000 0.000000 0.000000 0.000000 0.000000 0.000000 0.000000 0.000000 0.000000 0.000000 0.000000 0.000000 0.000000 0.000000 0.000000 0.000000 0.000000 0.000000 0.000000 0.000000 0.000000 0.000000 0.000000 0.000000 0.000000 0.000000 0.000000 0.000000 0.000000 0.000000 0.000000 0.000000 0.000000 0.000000 0.000000 0.000000 0.000000 -4.950825 -2.866395 5.353171 -8.028095 -38.084433 8.563677 -31.045213 4.924187 104.985121 -18.284061 23.300911 16.639018 0.000000 0.000000 0.000000 0.000000 0.000000 0.000000 0.000000 0.000000 0.000000 0.000000 0.000000 0.000000 0.000000 0.000000 0.000000 0.000000 0.000000 0.000000 0.000000 0.000000 0.000000 0.000000 0.000000 0.000000 0.000000 0.000000 0.000000 0.000000 0.000000 0.000000 0.000000 0.000000 0.000000 0.000000 0.000000 0.000000 0.000000 0.000000 0.000000 0.000000 0.000000 0.000000
0.038154 -0.170419 1.105653 -5.885568 -2.704299 -11.002375 -21.755084 -7.036340 1.540766 40.916218 10.940221 0.209650 -2.881068 -0.391802 8.808564 -0.078734 -0.515990 -0.866206 -20.955092 10.973950 -1.606096 44.062411 -5.681958 -3.206487 -0.602802 -3.271452 -7.586792 -2.773853 -2.460981 0.297187 26.550084 -0.482060 1.697704 -4.383354 -1.205569 -0.948959 9.323978 -0.655445 0.960387 17.914768 4.958981 3.908743 -8.260101 0.011587 2.159470 4.315715 9.891499 1.844345 6.533431 29.483916 6.859122 11.426670 -6.941905 -62.778874 -9.177957 -14.047278 -20.335593 0.000000 0.000000 0.000000 0.000000 0.000000 0.000000 0.000000 0.000000 0.000000 0.000000 0.000000 0.000000 0.000000 0.000000 0.000000 0.000000 0.000000 0.000000 0.000000 0.000000 0.000000 0.000000 0.000000 0.000000 0.000000 0.000000 0.000000 0.000000 0.000000 0.000000 0.000000 0.000000 0.000000 0.000000 0.000000 0.000000 0.000000 0.000000 0.000000 0.000000 0.000000 0.000000 -4.778069 -3.206259 5.990720 -6.919113 -39.169759 9.083093 -31.953128 5.886566 105.210063 -17.674420 24.419451 17.724098 0.000000 0.000000 0.000000 0.000000 0.000000 0.000000 0.000000 0.000000 0.000000 0.000000 0.000000 0.000000 0.000000 0.000000 0.000000 0.000000 0.000000 0.000000 0.000000 0.000000 0.000000 0.000000 0.000000 0.000000 0.000000 0.000000 0.000000 0.000000 0.000000 0.000000 0.000000 0.000000 0.000000 0.000000 0.000000 0.000000 0.000000 0.000000 0.000000 0.000000 0.000000 0.000000
0.038556 -0.175763 1.106232 -5.470706 -3.487027 -8.805399 -24.471946 -2.583616 -0.213025 37.701379 9.806569 1.171004 -1.948710 -0.192398 8.820819 0.111116 -0.785756 -0.881429 -18.730724 7.918739 -1.223580 43.937940 -4.468906 -3.213631 -2.679639 -2.273192 -8.117078 -2.809985 -2.436633 0.177587 26.844556 -0.867867 2.767292 -4.604093 -0.456302 -0.404555 8.987866 -0.144407 1.677891 18.049070 4.406379 2.031971 -7.470071 -0.991339 1.917488 3.247783 11.779031 2.398085 4.968251 29.599328 7.364751 5.705100 -6.992205 -64.368005 -8.650884 -15.669495 -20.969255 0.000000 0.000000 0.000000 0.000000 0.000000 0.000000 0.000000 0.000000 0.000000 0.000000 0.000000 0.000000 0.000000 0.000000 0.000000 0.000000 0.000000 0.000000 0.000000 0.000000 0.000000 0.000000 0.000000 0.000000 0.000000 0.000000 0.000000 0.000000 0.000000 0.000000 0.000000 0.000000 0.000000 0.000000 0.000000 0.000000 0.000000 0.000000 0.000000 0.000000 0.000000 0.000000 -4.234740 -3.581453 6.455170 -6.298319 -38.148613 8.034589 -31.367598 7.341061 104.235513 -16.125346 26.220845 18.889316 0.000000 0.000000 0.000000 0.000000 0.000000 0.000000 0.000000 0.000000 0.000000 0.000000 0.000000 0.000000 0.000000 0.000000 0.000000 0.000000 0.000000 0.000000 0.000000 0.000000 0.000000 0.000000 0.000000 0.000000 0.000000 0.000000 0.000000 0.000000 0.000000 0.000000 0.000000 0.000000 0.000000 0.000000 0.000000 0.000000 0.000000 0.000000 0.000000 0.000000 0.000000 0.000000
0.035959 -0.182416 1.102160 -5.171815 -4.253370 -7.046329 -26.321165 0.217303 -1.030944 35.459426 9.644682 1.763478 -2.478354 -0.355266 9.247510 0.017658 -0.982134 -0.918984 -16.335764 6.083107 -1.608385 43.636615 -3.657990 -3.146245 -6.061827 -0.728049 -8.930901 -2.840241 -2.295048 0.195687 26.668702 -1.191922 3.587937 -5.449722 0.833961 0.337071 9.124784 0.472830 2.428115 17.416772 3.923627 0.456646 -6.659824 -1.979862 1.568039 1.640819 12.758926 3.228938 2.825655 29.358045 6.879531 -0.971225 -8.119542 -66.326062 -8.636453 -17.639953 -21.576852 0.000000 0.000000 0.000000 0.000000 0.000000 0.000000 0.000000 0.000000 0.000000 0.000000 0.000000 0.000000 0.000000 0.000000 0.000000 0.000000 0.000000 0.000000 0.000000 0.000000 0.000000 0.000000 0.000000 0.000000 0.000000 0.000000 0.000000 0.000000 0.000000 0.000000 0.000000 0.000000 0.000000 0.000000 0.000000 0.000000 0.000000 0.000000 0.000000 0.000000 0.000000 0.000000 -3.413390 -3.408664 6.265440 -5.323839 -36.805797 6.686856 -28.636977 9.440160 102.322907 -15.319394 27.592757 19.853520 0.000000 0.000000 0.000000 0.000000 0.000000 0.000000 0.000000 0.000000 0.000000 0.000000 0.000000 0.000000 0.000000 0.000000 0.000000 0.000000 0.000000 0.000000 0.000000 0.000000 0.000000 0.000000 0.000000 0.000000 0.000000 0.000000 0.000000 0.000000 0.000000 0.000000 0.000000 0.000000 0.000000 0.000000 0.000000 0.000000 0.000000 0.000000 0.000000 0.000000 0.000000 0.000000
0.034810 -0.194349 1.098808 -5.528868 -5.557121 -4.269820 -28.397310 1.023329 -1.551556 37.070921 11.025947 1.681694 -3.312726 -0.255067 9.150038 0.083146 -0.886288 -1.026212 -14.500903 6.104392 -3.061208 44.677066 -3.098251 -4.234150 -9.931829 1.065738 -9.961005 -2.916779 -1.977604 0.326610 27.590898 -1.292172 4.174074 -6.172249 2.538241 1.224598 9.445272 1.264052 3.372993 18.074041 3.565576 -1.048192 -5.470594 -3.304389 1.518513 -0.436807 13.357688 4.042538 -0.108124 30.904048 4.336125 -10.545338 -8.372910 -72.426993 -8.762806 -21.322693 -22.345997 0.000000 0.000000 0.000000 0.000000 0.000000 0.000000 0.000000 0.000000 0.000000 0.000000 0.000000 0.000000 0.000000 0.000000 0.000000 0.000000 0.000000 0.000000 0.000000 0.000000 0.000000 0.000000 0.000000 0.000000 0.000000 0.000000 0.000000 0.000000 0.000000 0.000000 0.000000 0.000000 0.000000 0.000000 0.000000 0.000000 0.000000 0.000000 0.000000 0.000000 0.000000 0.000000 -1.483009 -3.147617 6.012065 -5.057387 -33.373882 3.771112 -22.799605 12.121535 99.180385 -11.641958 28.828776 20.109842 0.000000 0.000000 0.000000 0.000000 0.000000 0.000000 0.000000 0.000000 0.000000 0.000000 0.000000 0.000000 0.000000 0.000000 0.000000 0.000000 0.000000 0.000000 0.000000 0.000000 0.000000 0.000000 0.000000 0.000000 0.000000 0.000000 0.000000 0.000000 0.000000 0.000000 0.000000 0.000000 0.000000 0.000000 0.000000 0.000000 0.000000 0.000000 0.000000 0.000000 0.000000 0.000000
0.023708 -0.210349 1.095438 -5.939033 -5.788767 -0.987591 -29.944102 -1.230138 -1.734494 41.132817 12.838681 1.624760 -4.142900 -0.487709 9.763308 0.094990 -0.692635 -1.063483 -13.750849 7.061911 -4.456460 46.164737 -4.184461 -5.490024 -11.842036 1.584764 -10.225012 -2.765173 -1.645650 0.453309 28.020646 -0.910741 4.274229 -6.474286 3.462204 1.400803 9.583148 1.216272 3.211383 17.802680 3.176201 -2.435392 -4.806327 -5.182450 2.319602 -1.446869 12.937073 3.750452 -2.378486 32.831840 1.561521 -15.893980 -7.805068 -77.861210 -10.720463 -23.623465 -22.966913 0.000000 0.000000 0.000000 0.000000 0.000000 0.000000 0.000000 0.000000 0.000000 0.000000 0.000000 0.000000 0.000000 0.000000 0.000000 0.000000 0.000000 0.000000 0.000000 0.000000 0.000000 0.000000 0.000000 0.000000 0.000000 0.000000 0.000000 0.000000 0.000000 0.000000 0.000000 0.000000 0.000000 0.000000 0.000000 0.000000 0.000000 0.000000 0.000000 0.000000 0.000000 0.000000 0.242047 -2.333616 5.987952 -3.334370 -32.012913 1.540558 -16.251526 14.253141 96.985210 -9.538810 27.428145 19.674045 0.000000 0.000000 0.000000 0.000000 0.000000 0.000000 0.000000 0.000000 0.000000 0.000000 0.000000 0.000000 0.000000 0.000000 0.000000 0.000000 0.000000 0.000000 0.000000 0.000000 0.000000 0.000000 0.000000 0.000000 0.000000 0.000000 0.000000 0.000000 0.000000 0.000000 0.000000 0.000000 0.000000 0.000000 0.000000 0.000000 0.000000 0.000000 0.000000 0.000000 0.000000 0.000000
0.009625 -0.229528 1.092327 -7.126065 -5.832170 1.899060 -30.234924 -5.264932 -1.495742 46.171111 14.375961 1.283821 -5.021006 -0.732078 10.584736 -0.003999 -0.531174 -1.126935 -13.037061 9.037908 -5.892236 47.579858 -6.009171 -6.627350 -12.169744 1.947119 -10.530300 -2.650543 -1.541025 0.580416 28.106711 -0.553651 4.163112 -6.085665 4.166642 1.547922 9.399169 1.283523 2.941893 17.567324 2.659647 -2.884255 -3.765658 -6.680906 3.066018 -2.269082 12.278062 3.110323 -3.846356 34.578431 -1.642443 -19.073254 -7.956778 -82.537687 -13.395811 -25.895799 -23.828087 0.000000 0.000000 0.000000 0.000000 0.000000 0.000000 0.000000 0.000000 0.000000 0.000000 0.000000 0.000000 0.000000 0.000000 0.000000 0.000000 0.000000 0.000000 0.000000 0.000000 0.000000 0.000000 0.000000 0.000000 0.000000 0.000000 0.000000 0.000000 0.000000 0.000000 0.000000 0.000000 0.000000 0.000000 0.000000 0.000000 0.000000 0.000000 0.000000 0.000000 0.000000 0.000000 1.733830 -1.606349 6.215650 -1.876889 -31.370730 0.040515 -9.156123 15.668784 93.618616 -9.311175 25.771828 19.636134 0.000000 0.000000 0.000000 0.000000 0.000000 0.000000 0.000000 0.000000 0.000000 0.000000 0.000000 0.000000 0.000000 0.000000 0.000000 0.000000 0.000000 0.000000 0.000000 0.000000 0.000000 0.000000 0.000000 0.000000 0.000000 0.000000 0.000000 0.000000 0.000000 0.000000 0.000000 0.000000 0.000000 0.000000 0.000000 0.000000 0.000000 0.000000 0.000000 0.000000 0.000000 0.000000
-0.005604 -0.247015 1.087523 -8.481213 -5.818267 4.186788 -28.755564 -9.840210 -0.986933 49.050160 14.487969 0.425351 -5.702841 -0.503571 10.882401 -0.248224 -0.304964 -0.999577 -12.439465 11.613054 -7.353391 48.401648 -7.985148 -7.571813 -11.498696 2.050313 -11.176513 -2.574961 -1.655902 0.795190 28.089563 -0.249469 3.742555 -6.066238 5.237213 1.977103 9.512919 1.445316 2.722842 15.792191 2.162584 -2.622410 -3.169316 -7.902428 3.358002 -3.624036 11.346934 2.319360 -4.642763 36.115301 -5.536545 -21.354123 -8.766168 -87.346639 -15.796181 -27.761138 -24.300661 0.000000 0.000000 0.000000 0.000000 0.000000 0.000000 0.000000 0.000000 0.000000 0.000000 0.000000 0.000000 0.000000 0.000000 0.000000 0.000000 0.000000 0.000000 0.000000 0.000000 0.000000 0.000000 0.000000 0.000000 0.000000 0.000000 0.000000 0.000000 0.000000 0.000000 0.000000 0.000000 0.000000 0.000000 0.000000 0.000000 0.000000 0.000000 0.000000 0.000000 0.000000 0.000000 2.857747 -0.963992 6.984021 0.244649 -31.308076 -0.498597 -0.691820 15.823122 89.152510 -9.814271 23.850727 19.621984 0.000000 0.000000 0.000000 0.000000 0.000000 0.000000 0.000000 0.000000 0.000000 0.000000 0.000000 0.000000 0.000000 0.000000 0.000000 0.000000 0.000000 0.000000 0.000000 0.000000 0.000000 0.000000 0.000000 0.000000 0.000000 0.000000 0.000000 0.000000 0.000000 0.000000 0.000000 0.000000 0.000000 0.000000 0.000000 0.000000 0.000000 0.000000 0.000000 0.000000 0.000000 0.000000
-0.018743 -0.265168 1.084003 -10.215341 -6.320894 5.883566 -24.744552 -15.266570 0.729991 48.291814 12.517496 -0.477285 -7.061246 -0.270993 10.712189 -0.821593 -0.094668 -0.271029 -12.232943 15.542315 -9.316998 49.944135 -9.917160 -8.071838 -9.894253 1.316155 -12.361385 -2.637674 -1.900632 1.100787 28.562464 -0.080414 2.974246 -6.066065 7.062576 2.468383 9.008915 2.248665 2.453000 14.838405 1.614118 -2.658743 -1.809695 -9.499997 2.440039 -5.906524 9.937857 0.328938 -5.229876 36.935098 -12.513832 -23.968305 -9.302180 -92.820942 -17.034658 -29.763351 -23.972636 0.000000 0.000000 0.000000 0.000000 0.000000 0.000000 0.000000 0.000000 0.000000 0.000000 0.000000 0.000000 0.000000 0.000000 0.000000 0.000000 0.000000 0.000000 0.000000 0.000000 0.000000 0.000000 0.000000 0.000000 0.000000 0.000000 0.000000 0.000000 0.000000 0.000000 0.000000 0.000000 0.000000 0.000000 0.000000 0.000000 0.000000 0.000000 0.000000 0.000000 0.000000 0.000000 4.212420 0.119734 8.553295 3.080330 -31.999425 -0.756480 11.016917 13.567951 82.119529 -9.097930 22.056316 18.539824 0.000000 0.000000 0.000000 0.000000 0.000000 0.000000 0.000000 0.000000 0.000000 0.000000 0.000000 0.000000 0.000000 0.000000 0.000000 0.000000 0.000000 0.000000 0.000000 0.000000 0.000000 0.000000 0.000000 0.000000 0.000000 0.000000 0.000000 0.000000 0.000000 0.000000 0.000000 0.000000 0.000000 0.000000 0.000000 0.000000 0.000000 0.000000 0.000000 0.000000 0.000000 0.000000
-0.042610 -0.277143 1.080029 -11.066526 -5.542687 6.943844 -21.555131 -18.198033 2.350972 45.001410 10.853033 -0.459521 -7.417121 0.574006 10.379500 -1.110413 -0.164860 0.144216 -12.546590 16.696580 -9.904079 50.677907 -10.253826 -7.951990 -9.117342 0.847109 -12.920055 -2.695558 -1.844714 1.209113 28.886849 -0.392005 1.973486 -6.256217 7.793059 2.406293 8.609565 2.567534 1.918780 14.238690 1.172563 -2.425082 -0.855635 -10.380455 2.435902 -7.424930 8.913968 -1.530502 -4.991169 37.499673 -18.575211 -25.632803 -9.821180 -97.259751 -16.925373 -29.825312 -23.681719 0.000000 0.000000 0.000000 0.000000 0.000000 0.000000 0.000000 0.000000 0.000000 0.000000 0.000000 0.000000 0.000000 0.000000 0.000000 0.000000 0.000000 0.000000 0.000000 0.000000 0.000000 0.000000 0.000000 0.000000 0.000000 0.000000 0.000000 0.000000 0.000000 0.000000 0.000000 0.000000 0.000000 0.000000 0.000000 0.000000 0.000000 0.000000 0.000000 0.000000 0.000000 0.000000 4.810546 0.442134 9.538379 5.313144 -33.747919 -0.200526 16.876409 11.568589 76.347269 -8.850572 19.940504 17.989155 0.000000 0.000000 0.000000 0.000000 0.000000 0.000000 0.000000 0.000000 0.000000 0.000000 0.000000 0.000000 0.000000 0.000000 0.000000 0.000000 0.000000 0.000000 0.000000 0.000000 0.000000 0.000000 0.000000 0.000000 0.000000 0.000000 0.000000 0.000000 0.000000 0.000000 0.000000 0.000000 0.000000 0.000000 0.000000 0.000000 0.000000 0.000000 0.000000 0.000000 0.000000 0.000000
-0.069679 -0.280866 1.078009 -10.508530 -4.618980 8.652406 -18.556759 -19.403851 3.541272 40.548526 9.457674 -0.780266 -7.373986 1.258003 10.351286 -1.269217 -0.055477 0.533683 -12.972017 16.788670 -9.770941 49.648313 -10.156453 -8.175117 -9.161709 0.908820 -12.807525 -2.676042 -1.912398 1.371188 28.638468 -0.671027 0.960668 -6.436189 7.706213 2.032319 8.831916 2.365953 1.193812 14.313128 1.135245 -2.655428 -0.418984 -10.769475 2.045628 -8.333176 7.912282 -3.304582 -3.462363 38.766695 -25.209095 -26.824284 -10.404321 -100.301886 -16.743764 -30.121490 -23.290200 0.000000 0.000000 0.000000 0.000000 0.000000 0.000000 0.000000 0.000000 0.000000 0.000000 0.000000 0.000000 0.000000 0.000000 0.000000 0.000000 0.000000 0.000000 0.000000 0.000000 0.000000 0.000000 0.000000 0.000000 0.000000 0.000000 0.000000 0.000000 0.000000 0.000000 0.000000 0.000000 0.000000 0.000000 0.000000 0.000000 0.000000 0.000000 0.000000 0.000000 0.000000 0.000000 5.102891 0.297449 9.512510 7.023237 -35.941613 -0.032713 19.979450 9.963672 71.481849 -8.256176 18.415597 17.021847 0.000000 0.000000 0.000000 0.000000 0.000000 0.000000 0.000000 0.000000 0.000000 0.000000 0.000000 0.000000 0.000000 0.000000 0.000000 0.000000 0.000000 0.000000 0.000000 0.000000 0.000000 0.000000 0.000000 0.000000 0.000000 0.000000 0.000000 0.000000 0.000000 0.000000 0.000000 0.000000 0.000000 0.000000 0.000000 0.000000 0.000000 0.000000 0.000000 0.000000 0.000000 0.000000
-0.099074 -0.280465 1.080349 -9.443511 -3.442982 10.017199 -15.963979 -18.833847 4.114100 35.948845 8.130419 -1.443014 -7.175272 1.578274 10.742500 -1.250150 0.064743 0.576580 -14.073865 15.461410 -8.518968 48.034779 -8.791486 -8.513172 -8.701207 0.999630 -13.010300 -2.559563 -2.169928 1.492920 27.969429 -0.731508 -0.223640 -6.879432 7.104322 1.413995 9.213043 1.876470 0.342979 14.696800 1.245450 -2.945226 -0.456068 -11.214510 1.974853 -8.318672 7.427766 -4.802652 -1.353051 39.823196 -30.453694 -27.280835 -10.877503 -102.287811 -17.316426 -29.438552 -23.214759 0.000000 0.000000 0.000000 0.000000 0.000000 0.000000 0.000000 0.000000 0.000000 0.000000 0.000000 0.000000 0.000000 0.000000 0.000000 0.000000 0.000000 0.000000 0.000000 0.000000 0.000000 0.000000 0.000000 0.000000 0.000000 0.000000 0.000000 0.000000 0.000000 0.000000 0.000000 0.000000 0.000000 0.000000 0.000000 0.000000 0.000000 0.000000 0.000000 0.000000 0.000000 0.000000 5.105859 -0.102745 8.925863 8.545988 -39.303983 -0.000223 20.267471 9.425911 67.207048 -8.329428 16.649323 15.617939 0.000000 0.000000 0.000000 0.000000 0.000000 0.000000 0.000000 0.000000 0.000000 0.000000 0.000000 0.000000 0.000000 0.000000 0.000000 0.000000 0.000000 0.000000 0.000000 0.000000 0.000000 0.000000 0.000000 0.000000 0.000000 0.000000 0.000000 0.000000 0.000000 0.000000 0.000000 0.000000 0.000000 0.000000 0.000000 0.000000 0.000000 0.000000 0.000000 0.000000 0.000000 0.000000
-0.139754 -0.252414 1.083334 -7.249188 -0.667985 13.550392 -13.959596 -15.952455 2.607542 29.826289 4.494276 -4.335953 -6.722383 2.649985 11.456337 -0.728640 -0.100630 -0.116028 -15.112343 9.886086 -4.793184 44.899040 -4.325467 -7.104664 -8.167707 0.749256 -13.428550 -1.919890 -2.660088 1.379371 26.723763 -0.635519 -1.847449 -6.786066 4.424479 -0.184199 9.201240 0.254188 -1.398446 15.810536 1.513428 -3.843022 -0.468697 -11.678410 1.845733 -7.476194 6.572105 -7.175827 2.358195 40.717718 -35.924082 -27.097660 -12.474238 -103.783721 -17.853908 -28.653181 -21.968577 0.000000 0.000000 0.000000 0.000000 0.000000 0.000000 0.000000 0.000000 0.000000 0.000000 0.000000 0.000000 0.000000 0.000000 0.000000 0.000000 0.000000 0.000000 0.000000 0.000000 0.000000 0.000000 0.000000 0.000000 0.000000 0.000000 0.000000 0.000000 0.000000 0.000000 0.000000 0.000000 0.000000 0.000000 0.000000 0.000000 0.000000 0.000000 0.000000 0.000000 0.000000 0.000000 4.219947 -1.461346 7.352985 10.771337 -43.644340 -0.374562 16.260928 10.506019 61.705216 -10.285204 14.533093 14.056532 0.000000 0.000000 0.000000 0.000000 0.000000 0.000000 0.000000 0.000000 0.000000 0.000000 0.000000 0.000000 0.000000 0.000000 0.000000 0.000000 0.000000 0.000000 0.000000 0.000000 0.000000 0.000000 0.000000 0.000000 0.000000 0.000000 0.000000 0.000000 0.000000 0.000000 0.000000 0.000000 0.000000 0.000000 0.000000 0.000000 0.000000 0.000000 0.000000 0.000000 0.000000 0.000000
-0.174925 -0.245139 1.079855 -5.503780 0.930159 16.127173 -13.581851 -14.128568 1.718072 28.558524 3.033464 -5.841713 -7.214163 2.243841 11.519972 -0.660866 0.174763 -0.323713 -17.536184 7.348349 -1.341465 45.169328 -0.743275 -5.089280 -6.598849 -0.932957 -12.241159 -1.802478 -3.063297 1.293130 26.164478 -0.598059 -3.232145 -6.823233 2.196842 -1.767535 8.823510 -0.805057 -2.905211 16.821171 1.250822 -4.442664 -1.067221 -11.854014 1.496148 -6.196718 5.976804 -9.123190 3.834763 39.654519 -38.801595 -25.439894 -12.896199 -102.929829 -17.016840 -26.748556 -20.181527 0.000000 0.000000 0.000000 0.000000 0.000000 0.000000 0.000000 0.000000 0.000000 0.000000 0.000000 0.000000 0.000000 0.000000 0.000000 0.000000 0.000000 0.000000 0.000000 0.000000 0.000000 0.000000 0.000000 0.000000 0.000000 0.000000 0.000000 0.000000 0.000000 0.000000 0.000000 0.000000 0.000000 0.000000 0.000000 0.000000 0.000000 0.000000 0.000000 0.000000 0.000000 0.000000 3.538747 -2.472833 5.990129 11.621108 -46.285260 -1.116650 12.349371 11.243951 59.348261 -12.101224 13.810580 12.670979 0.000000 0.000000 0.000000 0.000000 0.000000 0.000000 0.000000 0.000000 0.000000 0.000000 0.000000 0.000000 0.000000 0.000000 0.000000 0.000000 0.000000 0.000000 0.000000 0.000000 0.000000 0.000000 0.000000 0.000000 0.000000 0.000000 0.000000 0.000000 0.000000 0.000000 0.000000 0.000000 0.000000 0.000000 0.000000 0.000000 0.000000 0.000000 0.000000 0.000000 0.000000 0.000000
-0.203663 -0.242602 1.068866 -4.603829 1.840513 17.597865 -14.102594 -13.766034 1.828362 31.391215 3.570481 -6.194865 -11.290475 0.253170 11.085095 -0.734155 0.767458 -0.371817 -18.672829 7.126724 0.926595 46.567192 1.156922 -3.102312 -5.293277 -2.540110 -11.570133 -1.828461 -3.413643 1.251356 26.346011 -0.035597 -4.332273 -7.207775 -0.138537 -3.613435 9.080512 -1.895115 -4.669630 16.554418 0.337659 -4.890652 -1.865754 -11.427607 -0.220916 -5.074867 4.708764 -10.886531 3.622550 37.764340 -40.661950 -23.573253 -13.929306 -101.406623 -15.568343 -25.464358 -18.765366 0.000000 0.000000 0.000000 0.000000 0.000000 0.000000 0.000000 0.000000 0.000000 0.000000 0.000000 0.000000 0.000000 0.000000 0.000000 0.000000 0.000000 0.000000 0.000000 0.000000 0.000000 0.000000 0.000000 0.000000 0.000000 0.000000 0.000000 0.000000 0.000000 0.000000 0.000000 0.000000 0.000000 0.000000 0.000000 0.000000 0.000000 0.000000 0.000000 0.000000 0.000000 0.000000 2.193387 -3.560281 4.307747 11.558367 -47.731979 -2.095432 6.528065 12.269897 59.439234 -14.504125 14.862470 12.139716 0.000000 0.000000 0.000000 0.000000 0.000000 0.000000 0.000000 0.000000 0.000000 0.000000 0.000000 0.000000 0.000000 0.000000 0.000000 0.000000 0.000000 0.000000 0.000000 0.000000 0.000000 0.000000 0.000000 0.000000 0.000000 0.000000 0.000000 0.000000 0.000000 0.000000 0.000000 0.000000 0.000000 0.000000 0.000000 0.000000 0.000000 0.000000 0.000000 0.000000 0.000000 0.000000
-0.223988 -0.247119 1.054215 -4.853600 2.097942 18.036968 -14.942928 -14.851835 2.934518 36.350452 5.237358 -5.867321 -17.834758 -2.096958 9.358497 -0.726620 1.120578 -0.669460 -18.400856 8.397887 2.284411 47.760175 2.269014 -1.182102 -4.718173 -3.014900 -12.325543 -1.843356 -3.625096 1.233854 27.023550 0.887356 -4.948986 -7.252272 -2.746440 -5.482619 9.357174 -2.734706 -6.493362 15.597960 -1.199664 -4.989673 -2.597046 -10.340146 -3.040950 -3.706311 3.049639 -12.328793 2.218542 34.947453 -41.307512 -20.208676 -15.657487 -98.411907 -13.127405 -24.584301 -17.621860 0.000000 0.000000 0.000000 0.000000 0.000000 0.000000 0.000000 0.000000 0.000000 0.000000 0.000000 0.000000 0.000000 0.000000 0.000000 0.000000 0.000000 0.000000 0.000000 0.000000 0.000000 0.000000 0.000000 0.000000 0.000000 0.000000 0.000000 0.000000 0.000000 0.000000 0.000000 0.000000 0.000000 0.000000 0.000000 0.000000 0.000000 0.000000 0.000000 0.000000 0.000000 0.000000 0.425576 -5.087770 2.255930 10.249709 -47.819772 -3.911735 -1.636612 13.228056 62.566821 -17.651542 16.521242 12.120013 0.000000 0.000000 0.000000 0.000000 0.000000 0.000000 0.000000 0.000000 0.000000 0.000000 0.000000 0.000000 0.000000 0.000000 0.000000 0.000000 0.000000 0.000000 0.000000 0.000000 0.000000 0.000000 0.000000 0.000000 0.000000 0.000000 0.000000 0.000000 0.000000 0.000000 0.000000 0.000000 0.000000 0.000000 0.000000 0.000000 0.000000 0.000000 0.000000 0.000000 0.000000 0.000000
-0.237958 -0.252667 1.040659 -5.302982 2.033126 16.897684 -16.517002 -17.944846 5.098831 41.887926 8.713797 -4.191305 -20.326110 -1.816051 5.722789 -0.939821 1.569978 -0.223960 -17.655169 11.834824 1.832273 47.156515 2.162456 -0.536753 -2.735773 -3.164263 -13.651556 -1.948875 -3.837118 1.379072 27.341993 1.455664 -5.208817 -7.537144 -5.183350 -7.670747 9.886483 -3.451310 -8.118899 13.902821 -1.891766 -4.656465 -3.347649 -8.254372 -4.491531 -2.907939 0.152516 -13.316683 -0.360048 31.607517 -41.076236 -15.910496 -17.839100 -94.258708 -9.517335 -23.954937 -15.596219 0.000000 0.000000 0.000000 0.000000 0.000000 0.000000 0.000000 0.000000 0.000000 0.000000 0.000000 0.000000 0.000000 0.000000 0.000000 0.000000 0.000000 0.000000 0.000000 0.000000 0.000000 0.000000 0.000000 0.000000 0.000000 0.000000 0.000000 0.000000 0.000000 0.000000 0.000000 0.000000 0.000000 0.000000 0.000000 0.000000 0.000000 0.000000 0.000000 0.000000 0.000000 0.000000 -1.838991 -5.759635 -0.028432 8.660228 -45.954933 -5.033414 -10.116681 13.737057 68.900396 -19.924260 18.805238 11.427514 0.000000 0.000000 0.000000 0.000000 0.000000 0.000000 0.000000 0.000000 0.000000 0.000000 0.000000 0.000000 0.000000 0.000000 0.000000 0.000000 0.000000 0.000000 0.000000 0.000000 0.000000 0.000000 0.000000 0.000000 0.000000 0.000000 0.000000 0.000000 0.000000 0.000000 0.000000 0.000000 0.000000 0.000000 0.000000 0.000000 0.000000 0.000000 0.000000 0.000000 0.000000 0.000000
-0.253498 -0.255568 1.036735 -5.590274 2.709369 14.546484 -15.749675 -18.843176 6.268140 42.832359 9.513308 -4.171569 -22.196040 -3.173877 5.946096 -0.670975 1.589141 -0.762269 -19.033177 11.730986 2.103388 48.107886 1.622072 -0.204274 -1.731986 -2.706831 -13.756110 -2.086002 -3.806033 1.219782 28.205896 1.663309 -5.537568 -7.429829 -6.718995 -8.478363 9.701385 -3.784104 -8.286613 13.435147 -1.484191 -3.623910 -4.465190 -7.058728 -4.874309 -2.416104 -1.596623 -13.390936 -1.092252 29.667293 -38.787562 -12.570749 -18.765649 -93.148669 -8.861675 -22.635249 -15.248936 0.000000 0.000000 0.000000 0.000000 0.000000 0.000000 0.000000 0.000000 0.000000 0.000000 0.000000 0.000000 0.000000 0.000000 0.000000 0.000000 0.000000 0.000000 0.000000 0.000000 0.000000 0.000000 0.000000 0.000000 0.000000 0.000000 0.000000 0.000000 0.000000 0.000000 0.000000 0.000000 0.000000 0.000000 0.000000 0.000000 0.000000 0.000000 0.000000 0.000000 0.000000 0.000000 -2.927595 -6.098051 -0.820471 6.420377 -44.857761 -5.841940 -15.545656 14.125681 74.349136 -20.563226 19.223214 11.518157 0.000000 0.000000 0.000000 0.000000 0.000000 0.000000 0.000000 0.000000 0.000000 0.000000 0.000000 0.000000 0.000000 0.000000 0.000000 0.000000 0.000000 0.000000 0.000000 0.000000 0.000000 0.000000 0.000000 0.000000 0.000000 0.000000 0.000000 0.000000 0.000000 0.000000 0.000000 0.000000 0.000000 0.000000 0.000000 0.000000 0.000000 0.000000 0.000000 0.000000 0.000000 0.000000
-0.277699 -0.242976 1.045073 -4.728009 3.634702 11.057165 -13.848333 -18.124768 7.277446 40.726004 9.329203 -3.714273 -21.794921 -3.637785 7.440879 -0.257184 1.291243 -1.437842 -22.408037 9.603575 2.672054 49.581426 -0.431160 -0.701898 -1.278338 -2.313056 -12.818063 -2.239321 -3.854854 1.033132 28.579425 1.631507 -6.324057 -7.517459 -7.452551 -8.350359 9.570693 -3.912882 -7.877422 14.100706 -0.506004 -1.850909 -5.458954 -6.188429 -4.466913 -1.678231 -2.410601 -12.768905 -0.770452 27.871426 -34.942426 -10.210904 -18.705629 -94.141645 -8.971444 -21.034477 -15.984699 0.000000 0.000000 0.000000 0.000000 0.000000 0.000000 0.000000 0.000000 0.000000 0.000000 0.000000 0.000000 0.000000 0.000000 0.000000 0.000000 0.000000 0.000000 0.000000 0.000000 0.000000 0.000000 0.000000 0.000000 0.000000 0.000000 0.000000 0.000000 0.000000 0.000000 0.000000 0.000000 0.000000 0.000000 0.000000 0.000000 0.000000 0.000000 0.000000 0.000000 0.000000 0.000000 -3.683282 -5.936079 -0.748306 4.316879 -44.577005 -5.657873 -19.870099 13.847222 80.025712 -20.866351 19.579580 12.642149 0.000000 0.000000 0.000000 0.000000 0.000000 0.000000 0.000000 0.000000 0.000000 0.000000 0.000000 0.000000 0.000000 0.000000 0.000000 0.000000 0.000000 0.000000 0.000000 0.000000 0.000000 0.000000 0.000000 0.000000 0.000000 0.000000 0.000000 0.000000 0.000000 0.000000 0.000000 0.000000 0.000000 0.000000 0.000000 0.000000 0.000000 0.000000 0.000000 0.000000 0.000000 0.000000
-0.291541 -0.227745 1.060282 -3.118480 4.149729 7.350588 -11.623575 -16.320868 7.391541 36.793397 7.422303 -3.350160 -19.711871 -3.241006 9.148242 -0.019352 0.909111 -1.706649 -26.320017 6.190549 3.344880 50.564692 -3.412607 -1.607107 -1.654311 -2.174012 -11.319990 -2.290768 -3.734061 1.010897 28.049050 1.216282 -7.189076 -7.935772 -7.375499 -7.646006 9.573915 -3.936302 -7.274128 15.179696 0.602969 -0.328624 -7.404423 -5.471044 -4.160186 -0.851943 -2.319689 -11.255620 0.629083 26.214795 -30.887030 -8.056680 -18.259878 -96.163715 -8.559157 -19.606301 -16.990903 0.000000 0.000000 0.000000 0.000000 0.000000 0.000000 0.000000 0.000000 0.000000 0.000000 0.000000 0.000000 0.000000 0.000000 0.000000 0.000000 0.000000 0.000000 0.000000 0.000000 0.000000 0.000000 0.000000 0.000000 0.000000 0.000000 0.000000 0.000000 0.000000 0.000000 0.000000 0.000000 0.000000 0.000000 0.000000 0.000000 0.000000 0.000000 0.000000 0.000000 0.000000 0.000000 -4.022248 -5.471435 -0.485877 2.236023 -44.488762 -4.825522 -22.561435 13.000276 84.872542 -21.181213 21.313530 14.126034 0.000000 0.000000 0.000000 0.000000 0.000000 0.000000 0.000000 0.000000 0.000000 0.000000 0.000000 0.000000 0.000000 0.000000 0.000000 0.000000 0.000000 0.000000 0.000000 0.000000 0.000000 0.000000 0.000000 0.000000 0.000000 0.000000 0.000000 0.000000 0.000000 0.000000 0.000000 0.000000 0.000000 0.000000 0.000000 0.000000 0.000000 0.000000 0.000000 0.000000 0.000000 0.000000
-0.306780 -0.210093 1.077826 -1.393682 4.904909 2.062441 -9.151729 -12.600070 6.252686 33.514789 5.201710 -3.031849 -15.690149 -2.820042 12.321553 0.095377 0.422235 -1.853320 -29.240084 1.445258 2.751049 48.274961 -6.643280 -4.286052 0.158612 -3.203945 -9.459641 -2.432773 -3.481818 0.891986 26.519872 0.666594 -7.215454 -8.318610 -6.917217 -6.717147 9.149037 -3.748366 -5.963470 16.749556 1.324438 1.031651 -9.627474 -4.808208 -3.865748 0.313589 -0.915351 -8.383431 4.435898 24.873602 -25.388279 -4.746310 -17.798905 -98.407199 -8.453132 -16.752931 -18.461554 0.000000 0.000000 0.000000 0.000000 0.000000 0.000000 0.000000 0.000000 0.000000 0.000000 0.000000 0.000000 0.000000 0.000000 0.000000 0.000000 0.000000 0.000000 0.000000 0.000000 0.000000 0.000000 0.000000 0.000000 0.000000 0.000000 0.000000 0.000000 0.000000 0.000000 0.000000 0.000000 0.000000 0.000000 0.000000 0.000000 0.000000 0.000000 0.000000 0.000000 0.000000 0.000000 -4.663981 -4.716650 -0.196961 0.047423 -43.928418 -3.225604 -25.931890 12.235228 92.091265 -19.329970 22.490077 15.054025 0.000000 0.000000 0.000000 0.000000 0.000000 0.000000 0.000000 0.000000 0.000000 0.000000 0.000000 0.000000 0.000000 0.000000 0.000000 0.000000 0.000000 0.000000 0.000000 0.000000 0.000000 0.000000 0.000000 0.000000 0.000000 0.000000 0.000000 0.000000 0.000000 0.000000 0.000000 0.000000 0.000000 0.000000 0.000000 0.000000 0.000000 0.000000 0.000000 0.000000 0.000000 0.000000
-0.313994 -0.197108 1.092276 -0.762210 4.404700 -2.247602 -7.420328 -9.087464 4.921272 31.502465 4.051218 -2.201311 -12.730051 -1.628222 12.421682 0.244771 0.250178 -1.751257 -29.223911 -1.377484 1.729557 43.494904 -7.806514 -7.328606 2.421546 -4.458691 -8.905405 -2.418490 -3.343298 0.568045 24.985297 0.504936 -6.637522 -8.033679 -6.475548 -5.871723 8.581317 -3.261940 -4.830425 17.618880 1.710910 1.880502 -10.485452 -4.041850 -2.921832 0.981351 0.128239 -6.087999 7.429076 24.540393 -20.472593 -2.403014 -17.747238 -99.855889 -8.165121 -14.999277 -19.350854 0.000000 0.000000 0.000000 0.000000 0.000000 0.000000 0.000000 0.000000 0.000000 0.000000 0.000000 0.000000 0.000000 0.000000 0.000000 0.000000 0.000000 0.000000 0.000000 0.000000 0.000000 0.000000 0.000000 0.000000 0.000000 0.000000 0.000000 0.000000 0.000000 0.000000 0.000000 0.000000 0.000000 0.000000 0.000000 0.000000 0.000000 0.000000 0.000000 0.000000 0.000000 0.000000 -5.431945 -3.958637 0.466541 -1.212498 -42.825199 -0.986380 -29.129821 11.880097 98.255777 -17.037028 22.566238 14.987740 0.000000 0.000000 0.000000 0.000000 0.000000 0.000000 0.000000 0.000000 0.000000 0.000000 0.000000 0.000000 0.000000 0.000000 0.000000 0.000000 0.000000 0.000000 0.000000 0.000000 0.000000 0.000000 0.000000 0.000000 0.000000 0.000000 0.000000 0.000000 0.000000 0.000000 0.000000 0.000000 0.000000 0.000000 0.000000 0.000000 0.000000 0.000000 0.000000 0.000000 0.000000 0.000000
-0.316382 -0.187636 1.101108 -0.810105 3.415779 -5.758956 -6.262398 -6.821388 4.427730 30.881898 4.314361 -1.610093 -10.915242 -1.533809 12.500680 0.316894 0.259934 -1.645498 -29.492364 -1.826122 1.062772 42.441075 -8.609047 -8.826282 3.790221 -4.722377 -8.762639 -2.533899 -3.281392 0.424098 23.906176 0.197819 -5.930844 -7.704076 -5.842047 -4.871324 8.264081 -2.636228 -3.873381 17.496400 2.468569 2.115251 -10.938029 -2.873097 -2.312003 1.498046 1.175363 -4.213982 10.026245 24.616581 -15.883875 -0.666237 -17.682718 -100.847591 -8.257463 -14.946748 -19.485469 0.000000 0.000000 0.000000 0.000000 0.000000 0.000000 0.000000 0.000000 0.000000 0.000000 0.000000 0.000000 0.000000 0.000000 0.000000 0.000000 0.000000 0.000000 0.000000 0.000000 0.000000 0.000000 0.000000 0.000000 0.000000 0.000000 0.000000 0.000000 0.000000 0.000000 0.000000 0.000000 0.000000 0.000000 0.000000 0.000000 0.000000 0.000000 0.000000 0.000000 0.000000 0.000000 -6.121364 -3.169238 1.423633 -2.039115 -41.467825 1.003614 -31.987246 11.291200 104.182423 -15.175177 23.267050 14.773126 0.000000 0.000000 0.000000 0.000000 0.000000 0.000000 0.000000 0.000000 0.000000 0.000000 0.000000 0.000000 0.000000 0.000000 0.000000 0.000000 0.000000 0.000000 0.000000 0.000000 0.000000 0.000000 0.000000 0.000000 0.000000 0.000000 0.000000 0.000000 0.000000 0.000000 0.000000 0.000000 0.000000 0.000000 0.000000 0.000000 0.000000 0.000000 0.000000 0.000000 0.000000 0.000000
-0.311506 -0.180228 1.103030 -1.133648 2.219983 -9.326076 -5.137604 -6.029842 5.011339 31.158125 6.024027 -0.615667 -9.646210 -1.636728 12.855655 0.254930 0.154143 -1.466722 -30.389552 0.873253 0.688524 45.428245 -9.934283 -9.035917 4.467901 -4.610954 -8.875502 -2.431890 -3.289410 0.356066 23.227104 -0.598731 -5.007714 -7.040951 -4.894420 -3.599931 8.544833 -2.072629 -2.430640 17.286052 3.666691 2.783317 -11.743196 -1.267071 -1.187412 2.695689 2.643325 -2.257579 11.795364 24.541612 -10.002985 2.009040 -17.013001 -101.159850 -9.933761 -12.860494 -20.074517 0.000000 0.000000 0.000000 0.000000 0.000000 0.000000 0.000000 0.000000 0.000000 0.000000 0.000000 0.000000 0.000000 0.000000 0.000000 0.000000 0.000000 0.000000 0.000000 0.000000 0.000000 0.000000 0.000000 0.000000 0.000000 0.000000 0.000000 0.000000 0.000000 0.000000 0.000000 0.000000 0.000000 0.000000 0.000000 0.000000 0.000000 0.000000 0.000000 0.000000 0.000000 0.000000 -6.533952 -2.558461 3.020020 -3.543907 -39.229011 4.068006 -33.539217 10.434085 109.694161 -12.878764 22.963996 14.657636 0.000000 0.000000 0.000000 0.000000 0.000000 0.000000 0.000000 0.000000 0.000000 0.000000 0.000000 0.000000 0.000000 0.000000 0.000000 0.000000 0.000000 0.000000 0.000000 0.000000 0.000000 0.000000 0.000000 0.000000 0.000000 0.000000 0.000000 0.000000 0.000000 0.000000 0.000000 0.000000 0.000000 0.000000 0.000000 0.000000 0.000000 0.000000 0.000000 0.000000 0.000000 0.000000
-0.304519 -0.177847 1.097500 -1.979985 1.692582 -11.079349 -4.421973 -7.637998 6.739971 33.178836 7.859342 -0.228385 -9.401904 -2.232392 12.910185 0.120234 0.234672 -1.187511 -31.878713 5.794035 -0.253106 50.354187 -12.046288 -8.276359 4.534775 -4.316638 -8.899208 -2.336287 -3.208367 0.315250 23.350944 -1.780201 -4.536130 -7.037128 -4.239977 -2.494231 8.891542 -1.819756 -1.738192 15.966686 4.471964 3.378522 -12.015545 0.170460 0.214954 4.005621 3.819083 -0.394130 12.177338 25.445804 -5.632601 5.149218 -16.753146 -99.348262 -12.198114 -11.870136 -20.284289 0.000000 0.000000 0.000000 0.000000 0.000000 0.000000 0.000000 0.000000 0.000000 0.000000 0.000000 0.000000 0.000000 0.000000 0.000000 0.000000 0.000000 0.000000 0.000000 0.000000 0.000000 0.000000 0.000000 0.000000 0.000000 0.000000 0.000000 0.000000 0.000000 0.000000 0.000000 0.000000 0.000000 0.000000 0.000000 0.000000 0.000000 0.000000 0.000000 0.000000 0.000000 0.000000 -6.689752 -1.924746 4.013350 -5.087271 -37.167787 6.648007 -32.398960 9.226348 111.913990 -12.446333 22.711804 14.879891 0.000000 0.000000 0.000000 0.000000 0.000000 0.000000 0.000000 0.000000 0.000000 0.000000 0.000000 0.000000 0.000000 0.000000 0.000000 0.000000 0.000000 0.000000 0.000000 0.000000 0.000000 0.000000 0.000000 0.000000 0.000000 0.000000 0.000000 0.000000 0.000000 0.000000 0.000000 0.000000 0.000000 0.000000 0.000000 0.000000 0.000000 0.000000 0.000000 0.000000 0.000000 0.000000
-0.292465 -0.181406 1.087887 -3.400652 0.828551 -12.291897 -4.237847 -9.957515 8.123038 36.306552 9.789141 0.154257 -9.567565 -2.909582 13.353090 0.010187 0.293739 -1.062604 -32.357147 11.582048 -0.912590 54.163231 -13.233394 -7.080138 3.793796 -3.736490 -9.148895 -2.385805 -3.198185 0.387982 23.192022 -2.397350 -4.012549 -6.850579 -3.414768 -1.569033 9.183740 -1.485685 -1.007686 15.205187 5.259319 3.789267 -11.803539 1.108846 1.384781 4.631675 4.534098 1.123448 11.806735 25.911513 -2.050872 7.312247 -15.811896 -96.756923 -14.476049 -12.040914 -20.447295 0.000000 0.000000 0.000000 0.000000 0.000000 0.000000 0.000000 0.000000 0.000000 0.000000 0.000000 0.000000 0.000000 0.000000 0.000000 0.000000 0.000000 0.000000 0.000000 0.000000 0.000000 0.000000 0.000000 0.000000 0.000000 0.000000 0.000000 0.000000 0.000000 0.000000 0.000000 0.000000 0.000000 0.000000 0.000000 0.000000 0.000000 0.000000 0.000000 0.000000 0.000000 0.000000 -6.552744 -1.541878 4.827615 -6.314595 -35.907799 8.615441 -30.562115 7.825832 112.921097 -12.078802 23.251768 15.038934 0.000000 0.000000 0.000000 0.000000 0.000000 0.000000 0.000000 0.000000 0.000000 0.000000 0.000000 0.000000 0.000000 0.000000 0.000000 0.000000 0.000000 0.000000 0.000000 0.000000 0.000000 0.000000 0.000000 0.000000 0.000000 0.000000 0.000000 0.000000 0.000000 0.000000 0.000000 0.000000 0.000000 0.000000 0.000000 0.000000 0.000000 0.000000 0.000000 0.000000 0.000000 0.000000
-0.274939 -0.191473 1.075749 -5.612985 -0.469873 -12.442503 -5.198467 -12.620477 8.757837 40.522336 11.407970 -0.312502 -9.554049 -3.118207 12.959105 -0.102891 0.306315 -0.997863 -31.584261 16.351726 -1.164828 56.378890 -12.824462 -5.440192 1.871812 -2.743112 -8.901508 -2.512172 -3.135044 0.345694 23.429937 -2.814206 -3.252027 -6.500181 -2.352200 -0.676148 9.371663 -0.908415 -0.214662 14.685803 5.448180 3.805415 -11.014185 1.742295 1.660643 4.742317 5.270028 2.602006 10.725648 25.937739 0.766022 7.796649 -14.850240 -94.594835 -15.886794 -12.409102 -20.092013 0.000000 0.000000 0.000000 0.000000 0.000000 0.000000 0.000000 0.000000 0.000000 0.000000 0.000000 0.000000 0.000000 0.000000 0.000000 0.000000 0.000000 0.000000 0.000000 0.000000 0.000000 0.000000 0.000000 0.000000 0.000000 0.000000 0.000000 0.000000 0.000000 0.000000 0.000000 0.000000 0.000000 0.000000 0.000000 0.000000 0.000000 0.000000 0.000000 0.000000 0.000000 0.000000 -6.126814 -1.329306 5.354997 -7.232960 -34.755331 9.736986 -28.978550 7.306871 113.405527 -10.502972 24.619295 14.805415 0.000000 0.000000 0.000000 0.000000 0.000000 0.000000 0.000000 0.000000 0.000000 0.000000 0.000000 0.000000 0.000000 0.000000 0.000000 0.000000 0.000000 0.000000 0.000000 0.000000 0.000000 0.000000 0.000000 0.000000 0.000000 0.000000 0.000000 0.000000 0.000000 0.000000 0.000000 0.000000 0.000000 0.000000 0.000000 0.000000 0.000000 0.000000 0.000000 0.000000 0.000000 0.000000
-0.252903 -0.200976 1.065574 -7.638400 -1.871032 -11.441120 -7.126879 -15.704416 8.609204 44.673407 11.749970 -0.845819 -8.029612 -1.604303 12.166371 -0.100205 0.152274 -0.834265 -28.972031 19.756078 -1.780448 55.956215 -11.840557 -4.278317 -2.305882 -1.727670 -8.501959 -2.597785 -2.915442 0.311246 24.598897 -3.424600 -2.230484 -6.078931 -0.963012 0.327107 9.481942 -0.400995 0.837897 15.509405 5.440658 2.258551 -10.470649 1.548665 1.597330 4.088744 6.299109 3.934890 7.487208 25.809576 3.218624 5.975182 -13.106878 -91.997778 -17.301343 -12.728510 -19.457795 0.000000 0.000000 0.000000 0.000000 0.000000 0.000000 0.000000 0.000000 0.000000 0.000000 0.000000 0.000000 0.000000 0.000000 0.000000 0.000000 0.000000 0.000000 0.000000 0.000000 0.000000 0.000000 0.000000 0.000000 0.000000 0.000000 0.000000 0.000000 0.000000 0.000000 0.000000 0.000000 0.000000 0.000000 0.000000 0.000000 0.000000 0.000000 0.000000 0.000000 0.000000 0.000000 -4.893459 -1.380993 5.650258 -8.796251 -32.598053 9.331516 -26.139372 7.721179 113.139232 -9.545151 26.102054 14.943758 0.000000 0.000000 0.000000 0.000000 0.000000 0.000000 0.000000 0.000000 0.000000 0.000000 0.000000 0.000000 0.000000 0.000000 0.000000 0.000000 0.000000 0.000000 0.000000 0.000000 0.000000 0.000000 0.000000 0.000000 0.000000 0.000000 0.000000 0.000000 0.000000 0.000000 0.000000 0.000000 0.000000 0.000000 0.000000 0.000000 0.000000 0.000000 0.000000 0.000000 0.000000 0.000000
-0.230823 -0.200670 1.060865 -8.216661 -2.753555 -10.444299 -10.069210 -17.315760 7.539197 46.366535 11.551026 -1.277200 -6.776484 -0.406312 11.908999 -0.159508 -0.001935 -0.778140 -26.468565 20.219544 -2.600187 54.505022 -10.794955 -3.506312 -5.178756 -0.792855 -8.257300 -2.673304 -2.735350 0.257498 25.561691 -3.585678 -1.325059 -6.388692 -0.041012 1.024168 9.874769 -0.186476 1.405002 14.582468 5.249874 1.670827 -9.885593 0.947863 1.765596 3.148331 7.168681 4.804766 4.964407 25.890637 4.109905 3.622020 -12.081475 -89.473233 -18.034033 -13.727880 -19.356112 0.000000 0.000000 0.000000 0.000000 0.000000 0.000000 0.000000 0.000000 0.000000 0.000000 0.000000 0.000000 0.000000 0.000000 0.000000 0.000000 0.000000 0.000000 0.000000 0.000000 0.000000 0.000000 0.000000 0.000000 0.000000 0.000000 0.000000 0.000000 0.000000 0.000000 0.000000 0.000000 0.000000 0.000000 0.000000 0.000000 0.000000 0.000000 0.000000 0.000000 0.000000 0.000000 -4.246905 -1.496000 5.593649 -8.948332 -31.313995 9.004303 -24.226252 8.379456 112.126409 -9.544356 26.710497 15.649311 0.000000 0.000000 0.000000 0.000000 0.000000 0.000000 0.000000 0.000000 0.000000 0.000000 0.000000 0.000000 0.000000 0.000000 0.000000 0.000000 0.000000 0.000000 0.000000 0.000000 0.000000 0.000000 0.000000 0.000000 0.000000 0.000000 0.000000 0.000000 0.000000 0.000000 0.000000 0.000000 0.000000 0.000000 0.000000 0.000000 0.000000 0.000000 0.000000 0.000000 0.000000 0.000000
-0.206701 -0.194579 1.063637 -8.004319 -4.010869 -9.046679 -13.643939 -17.066175 6.004570 47.259847 11.979597 -0.753083 -5.256333 0.737805 11.161467 -0.116572 0.006664 -0.767163 -23.626022 19.487148 -3.453637 51.272384 -9.211576 -4.063857 -5.889250 -0.265993 -8.390304 -2.786738 -2.572397 0.355002 26.102651 -3.613108 -0.419304 -6.453488 0.729146 1.272153 9.855412 -0.021508 1.970341 15.097048 5.757198 0.646532 -9.945433 0.396183 2.071799 2.334788 8.284229 5.072749 2.795173 26.368023 4.502269 0.166574 -10.948396 -88.139683 -17.198266 -15.057059 -19.888777 0.000000 0.000000 0.000000 0.000000 0.000000 0.000000 0.000000 0.000000 0.000000 0.000000 0.000000 0.000000 0.000000 0.000000 0.000000 0.000000 0.000000 0.000000 0.000000 0.000000 0.000000 0.000000 0.000000 0.000000 0.000000 0.000000 0.000000 0.000000 0.000000 0.000000 0.000000 0.000000 0.000000 0.000000 0.000000 0.000000 0.000000 0.000000 0.000000 0.000000 0.000000 0.000000 -3.067385 -1.610812 5.784262 -8.926979 -30.322947 7.564319 -21.596291 9.654858 110.084994 -8.255723 26.547097 16.012971 0.000000 0.000000 0.000000 0.000000 0.000000 0.000000 0.000000 0.000000 0.000000 0.000000 0.000000 0.000000 0.000000 0.000000 0.000000 0.000000 0.000000 0.000000 0.000000 0.000000 0.000000 0.000000 0.000000 0.000000 0.000000 0.000000 0.000000 0.000000 0.000000 0.000000 0.000000 0.000000 0.000000 0.000000 0.000000 0.000000 0.000000 0.000000 0.000000 0.000000 0.000000 0.000000
-0.187202 -0.178900 1.070584 -6.584894 -5.158392 -6.771328 -18.265729 -14.881808 3.644489 47.646334 12.347691 0.075719 -4.028214 1.137918 10.407031 -0.130939 0.150417 -0.769926 -20.255451 17.480738 -4.440263 46.093643 -7.337056 -5.552955 -4.977089 -0.166392 -9.109087 -2.979395 -2.449197 0.456874 26.088071 -3.606379 0.866283 -6.687104 1.520391 1.379171 9.854604 -0.041497 2.449867 15.393928 6.486396 -0.495093 -10.391641 -0.515462 2.919899 1.368938 9.293463 4.888686 1.545129 28.096391 3.472688 -3.684158 -10.109207 -87.010938 -16.029160 -16.100508 -20.710424 0.000000 0.000000 0.000000 0.000000 0.000000 0.000000 0.000000 0.000000 0.000000 0.000000 0.000000 0.000000 0.000000 0.000000 0.000000 0.000000 0.000000 0.000000 0.000000 0.000000 0.000000 0.000000 0.000000 0.000000 0.000000 0.000000 0.000000 0.000000 0.000000 0.000000 0.000000 0.000000 0.000000 0.000000 0.000000 0.000000 0.000000 0.000000 0.000000 0.000000 0.000000 0.000000 -1.738383 -1.190729 5.951095 -7.825890 -29.703433 5.570651 -18.465018 11.166145 106.374413 -7.548997 25.160747 16.576632 0.000000 0.000000 0.000000 0.000000 0.000000 0.000000 0.000000 0.000000 0.000000 0.000000 0.000000 0.000000 0.000000 0.000000 0.000000 0.000000 0.000000 0.000000 0.000000 0.000000 0.000000 0.000000 0.000000 0.000000 0.000000 0.000000 0.000000 0.000000 0.000000 0.000000 0.000000 0.000000 0.000000 0.000000 0.000000 0.000000 0.000000 0.000000 0.000000 0.000000 0.000000 0.000000
-0.173524 -0.157603 1.078496 -4.601373 -6.380171 -3.928352 -22.243610 -9.459723 1.086700 44.947132 12.687550 0.907121 -3.190629 0.710464 10.797795 -0.003813 0.423064 -0.815535 -15.952973 13.329186 -4.800662 40.111798 -4.427822 -6.115312 -5.083404 0.415029 -11.161239 -2.991523 -2.040994 0.700096 26.150573 -3.904664 2.184064 -7.096668 2.973355 1.746463 10.449325 0.113651 2.953972 14.248802 6.926640 -1.908302 -10.176398 -1.810775 4.264364 -0.494915 11.008760 4.235094 0.307059 31.174980 1.592160 -10.682769 -9.510661 -87.890228 -14.594789 -18.397152 -22.746640 0.000000 0.000000 0.000000 0.000000 0.000000 0.000000 0.000000 0.000000 0.000000 0.000000 0.000000 0.000000 0.000000 0.000000 0.000000 0.000000 0.000000 0.000000 0.000000 0.000000 0.000000 0.000000 0.000000 0.000000 0.000000 0.000000 0.000000 0.000000 0.000000 0.000000 0.000000 0.000000 0.000000 0.000000 0.000000 0.000000 0.000000 0.000000 0.000000 0.000000 0.000000 0.000000 -0.373270 -0.600027 6.492106 -4.567639 -29.062364 3.261888 -13.404020 13.030970 101.226691 -7.611420 23.593097 18.187784 0.000000 0.000000 0.000000 0.000000 0.000000 0.000000 0.000000 0.000000 0.000000 0.000000 0.000000 0.000000 0.000000 0.000000 0.000000 0.000000 0.000000 0.000000 0.000000 0.000000 0.000000 0.000000 0.000000 0.000000 0.000000 0.000000 0.000000 0.000000 0.000000 0.000000 0.000000 0.000000 0.000000 0.000000 0.000000 0.000000 0.000000 0.000000 0.000000 0.000000 0.000000 0.000000
-0.164966 -0.144602 1.086123 -3.781823 -7.527136 -1.404917 -24.513331 -3.713524 -0.328345 39.716125 12.496846 1.361016 -3.885200 0.802483 10.700454 0.120609 0.306566 -0.902015 -13.697360 9.765941 -4.495994 38.554754 -2.574417 -6.138077 -6.068245 0.336955 -11.934410 -2.835555 -1.698896 0.702559 26.810855 -3.695677 2.811009 -7.292170 4.138095 2.208633 9.643758 0.489108 3.373126 14.320848 7.268051 -3.291165 -9.344159 -3.070506 4.267128 -2.168199 11.426018 2.544896 -0.269739 32.504383 -2.014399 -16.841775 -8.691950 -90.929694 -12.978223 -19.494449 -23.054271 0.000000 0.000000 0.000000 0.000000 0.000000 0.000000 0.000000 0.000000 0.000000 0.000000 0.000000 0.000000 0.000000 0.000000 0.000000 0.000000 0.000000 0.000000 0.000000 0.000000 0.000000 0.000000 0.000000 0.000000 0.000000 0.000000 0.000000 0.000000 0.000000 0.000000 0.000000 0.000000 0.000000 0.000000 0.000000 0.000000 0.000000 0.000000 0.000000 0.000000 0.000000 0.000000 1.002563 -0.009451 7.432662 -0.996879 -28.777802 1.755557 -8.551570 15.396546 96.415660 -6.421666 22.435887 18.347368 0.000000 0.000000 0.000000 0.000000 0.000000 0.000000 0.000000 0.000000 0.000000 0.000000 0.000000 0.000000 0.000000 0.000000 0.000000 0.000000 0.000000 0.000000 0.000000 0.000000 0.000000 0.000000 0.000000 0.000000 0.000000 0.000000 0.000000 0.000000 0.000000 0.000000 0.000000 0.000000 0.000000 0.000000 0.000000 0.000000 0.000000 0.000000 0.000000 0.000000 0.000000 0.000000
-0.161345 -0.143613 1.090595 -4.684680 -8.151992 0.952285 -25.649274 0.690381 -1.106089 35.500994 11.619116 2.194387 -4.773834 0.968537 10.998143 -0.013433 0.148714 -1.017311 -12.502179 7.568590 -4.770688 39.756096 -1.771949 -6.583194 -7.528920 -0.197521 -12.181563 -2.694769 -1.513576 0.693459 27.375862 -3.418689 2.938156 -7.226434 5.369481 2.644455 9.079059 0.994582 3.613593 14.579387 7.177393 -4.270703 -8.194072 -4.695635 4.104961 -4.195087 10.763304 0.613262 -0.642805 34.465508 -7.542448 -22.141864 -8.957461 -94.572509 -12.057124 -22.684265 -23.496532 0.000000 0.000000 0.000000 0.000000 0.000000 0.000000 0.000000 0.000000 0.000000 0.000000 0.000000 0.000000 0.000000 0.000000 0.000000 0.000000 0.000000 0.000000 0.000000 0.000000 0.000000 0.000000 0.000000 0.000000 0.000000 0.000000 0.000000 0.000000 0.000000 0.000000 0.000000 0.000000 0.000000 0.000000 0.000000 0.000000 0.000000 0.000000 0.000000 0.000000 0.000000 0.000000 2.285477 0.806716 8.569505 2.559030 -29.689920 1.458823 -2.241317 16.983562 91.167688 -5.396487 23.713011 18.557848 0.000000 0.000000 0.000000 0.000000 0.000000 0.000000 0.000000 0.000000 0.000000 0.000000 0.000000 0.000000 0.000000 0.000000 0.000000 0.000000 0.000000 0.000000 0.000000 0.000000 0.000000 0.000000 0.000000 0.000000 0.000000 0.000000 0.000000 0.000000 0.000000 0.000000 0.000000 0.000000 0.000000 0.000000 0.000000 0.000000 0.000000 0.000000 0.000000 0.000000 0.000000 0.000000
-0.166774 -0.151824 1.090757 -6.236263 -7.872192 3.050585 -26.424303 1.954344 -1.718629 35.644757 11.336519 2.200510 -5.215182 0.834049 11.253309 -0.186638 0.157108 -1.164494 -12.327902 6.747113 -5.315816 42.263393 -2.276492 -7.360052 -8.538508 -0.091805 -12.233752 -2.758776 -1.509245 0.771155 27.714596 -2.820609 2.940519 -6.852808 5.881846 2.538555 8.522541 1.363096 3.432158 14.529473 6.803953 -4.098841 -6.957874 -5.875057 4.380866 -5.900196 9.440237 -1.243377 -1.563048 36.663277 -13.117624 -27.000357 -9.857899 -97.682890 -11.254422 -24.836650 -23.384612 0.000000 0.000000 0.000000 0.000000 0.000000 0.000000 0.000000 0.000000 0.000000 0.000000 0.000000 0.000000 0.000000 0.000000 0.000000 0.000000 0.000000 0.000000 0.000000 0.000000 0.000000 0.000000 0.000000 0.000000 0.000000 0.000000 0.000000 0.000000 0.000000 0.000000 0.000000 0.000000 0.000000 0.000000 0.000000 0.000000 0.000000 0.000000 0.000000 0.000000 0.000000 0.000000 3.213786 1.474688 9.256439 5.313505 -31.368943 1.385196 3.582540 17.949050 87.518761 -5.474893 23.254901 18.204166 0.000000 0.000000 0.000000 0.000000 0.000000 0.000000 0.000000 0.000000 0.000000 0.000000 0.000000 0.000000 0.000000 0.000000 0.000000 0.000000 0.000000 0.000000 0.000000 0.000000 0.000000 0.000000 0.000000 0.000000 0.000000 0.000000 0.000000 0.000000 0.000000 0.000000 0.000000 0.000000 0.000000 0.000000 0.000000 0.000000 0.000000 0.000000 0.000000 0.000000 0.000000 0.000000
-0.179617 -0.165730 1.089293 -7.980090 -7.186817 6.098159 -27.156097 -1.035992 -1.407082 39.715249 12.849721 1.943656 -6.125209 0.631619 11.171070 -0.203291 0.392145 -1.159890 -11.560225 7.379616 -6.628766 43.966885 -4.514164 -8.804498 -9.736717 0.552288 -12.138341 -2.798430 -1.381384 1.026567 28.494697 -2.103430 2.938371 -6.619802 6.016700 1.900729 8.581790 1.411681 2.905527 14.928075 5.986157 -4.122876 -5.836600 -7.177886 3.790564 -7.643533 7.466519 -3.739773 -3.114235 39.298977 -19.425350 -31.185025 -11.838071 -101.254747 -10.917978 -27.690145 -23.599152 0.000000 0.000000 0.000000 0.000000 0.000000 0.000000 0.000000 0.000000 0.000000 0.000000 0.000000 0.000000 0.000000 0.000000 0.000000 0.000000 0.000000 0.000000 0.000000 0.000000 0.000000 0.000000 0.000000 0.000000 0.000000 0.000000 0.000000 0.000000 0.000000 0.000000 0.000000 0.000000 0.000000 0.000000 0.000000 0.000000 0.000000 0.000000 0.000000 0.000000 0.000000 0.000000 4.144649 1.978308 10.459263 7.164612 -35.151386 1.441854 10.344330 18.708529 81.687178 -5.800261 21.644272 17.704177 0.000000 0.000000 0.000000 0.000000 0.000000 0.000000 0.000000 0.000000 0.000000 0.000000 0.000000 0.000000 0.000000 0.000000 0.000000 0.000000 0.000000 0.000000 0.000000 0.000000 0.000000 0.000000 0.000000 0.000000 0.000000 0.000000 0.000000 0.000000 0.000000 0.000000 0.000000 0.000000 0.000000 0.000000 0.000000 0.000000 0.000000 0.000000 0.000000 0.000000 0.000000 0.000000
-0.202115 -0.178434 1.085678 -9.351845 -5.693636 8.478929 -27.245940 -5.982157 -0.921232 44.391398 13.583955 0.824027 -6.980889 0.846096 11.233355 -0.137630 0.357422 -1.131383 -11.291121 9.034847 -8.040539 45.986443 -7.183486 -9.587333 -9.530519 0.005057 -10.896525 -2.702656 -1.378783 1.182303 29.193003 -1.137387 2.951462 -6.249796 5.370801 1.116226 8.827370 0.992703 2.268218 16.149526 5.111426 -3.509832 -5.365640 -8.882008 3.662838 -8.630483 5.985083 -6.005197 -4.635349 40.059883 -24.216896 -32.714259 -13.156673 -103.464933 -11.115717 -30.719586 -23.344099 0.000000 0.000000 0.000000 0.000000 0.000000 0.000000 0.000000 0.000000 0.000000 0.000000 0.000000 0.000000 0.000000 0.000000 0.000000 0.000000 0.000000 0.000000 0.000000 0.000000 0.000000 0.000000 0.000000 0.000000 0.000000 0.000000 0.000000 0.000000 0.000000 0.000000 0.000000 0.000000 0.000000 0.000000 0.000000 0.000000 0.000000 0.000000 0.000000 0.000000 0.000000 0.000000 4.817438 1.525186 11.270380 7.585284 -38.708868 0.874749 15.153042 18.302820 76.278061 -5.906306 20.629838 16.660300 0.000000 0.000000 0.000000 0.000000 0.000000 0.000000 0.000000 0.000000 0.000000 0.000000 0.000000 0.000000 0.000000 0.000000 0.000000 0.000000 0.000000 0.000000 0.000000 0.000000 0.000000 0.000000 0.000000 0.000000 0.000000 0.000000 0.000000 0.000000 0.000000 0.000000 0.000000 0.000000 0.000000 0.000000 0.000000 0.000000 0.000000 0.000000 0.000000 0.000000 0.000000 0.000000
-0.225640 -0.186457 1.077687 -10.131612 -4.660289 9.755424 -26.816445 -11.121786 -0.449314 48.079769 13.844272 -1.386337 -7.781315 0.834828 10.998512 -0.302248 0.419458 -0.976947 -11.596795 12.133678 -8.816255 48.389016 -9.402991 -9.168844 -9.796318 0.322924 -9.910182 -2.671715 -1.562091 1.499545 29.284858 -0.007398 2.873542 -5.815679 4.812457 0.623134 8.770381 0.861090 1.820908 17.220501 4.010411 -2.438186 -5.048670 -10.145536 2.716827 -9.139713 4.687421 -7.206163 -5.221774 40.087574 -29.359046 -33.369198 -14.432800 -105.224275 -11.880618 -33.059741 -23.217521 0.000000 0.000000 0.000000 0.000000 0.000000 0.000000 0.000000 0.000000 0.000000 0.000000 0.000000 0.000000 0.000000 0.000000 0.000000 0.000000 0.000000 0.000000 0.000000 0.000000 0.000000 0.000000 0.000000 0.000000 0.000000 0.000000 0.000000 0.000000 0.000000 0.000000 0.000000 0.000000 0.000000 0.000000 0.000000 0.000000 0.000000 0.000000 0.000000 0.000000 0.000000 0.000000 5.653415 0.725512 11.156173 7.882464 -42.148176 0.450115 18.369569 17.349416 71.331222 -6.391159 20.449804 15.791927 0.000000 0.000000 0.000000 0.000000 0.000000 0.000000 0.000000 0.000000 0.000000 0.000000 0.000000 0.000000 0.000000 0.000000 0.000000 0.000000 0.000000 0.000000 0.000000 0.000000 0.000000 0.000000 0.000000 0.000000 0.000000 0.000000 0.000000 0.000000 0.000000 0.000000 0.000000 0.000000 0.000000 0.000000 0.000000 0.000000 0.000000 0.000000 0.000000 0.000000 0.000000 0.000000
-0.231713 -0.193464 1.066505 -10.830504 -3.582220 9.641457 -24.441375 -16.343405 0.817948 48.258419 12.691011 -3.100188 -8.739154 0.893776 10.530579 -0.548481 0.503602 -0.493404 -11.488469 15.354661 -9.562677 49.900986 -10.424381 -7.770220 -10.788062 -0.520833 -7.643809 -2.666815 -1.737658 1.748169 29.530184 0.541126 2.474840 -5.637622 4.717137 0.393427 8.882938 0.724055 1.444291 17.932999 3.112265 -1.579010 -4.372589 -11.123020 1.938823 -9.495187 3.727924 -8.172122 -6.863848 38.789433 -32.502592 -34.020400 -15.218783 -107.214714 -11.488783 -34.179555 -22.613326 0.000000 0.000000 0.000000 0.000000 0.000000 0.000000 0.000000 0.000000 0.000000 0.000000 0.000000 0.000000 0.000000 0.000000 0.000000 0.000000 0.000000 0.000000 0.000000 0.000000 0.000000 0.000000 0.000000 0.000000 0.000000 0.000000 0.000000 0.000000 0.000000 0.000000 0.000000 0.000000 0.000000 0.000000 0.000000 0.000000 0.000000 0.000000 0.000000 0.000000 0.000000 0.000000 6.370399 -0.161449 10.964991 7.741899 -44.879733 -0.290424 20.139210 16.174256 67.375693 -6.241266 19.670166 14.269100 0.000000 0.000000 0.000000 0.000000 0.000000 0.000000 0.000000 0.000000 0.000000 0.000000 0.000000 0.000000 0.000000 0.000000 0.000000 0.000000 0.000000 0.000000 0.000000 0.000000 0.000000 0.000000 0.000000 0.000000 0.000000 0.000000 0.000000 0.000000 0.000000 0.000000 0.000000 0.000000 0.000000 0.000000 0.000000 0.000000 0.000000 0.000000 0.000000 0.000000 0.000000 0.000000
-0.243142 -0.197554 1.053388 -10.895447 -1.957851 9.961009 -21.233933 -21.441987 2.342237 44.957476 9.625828 -3.898900 -9.797986 1.133983 10.891958 -0.915698 -0.182390 -0.084771 -11.886294 18.032399 -9.595890 49.934005 -10.327833 -5.854102 -12.673246 -1.764957 -5.689195 -2.449086 -1.757795 1.760978 29.278441 0.421879 1.498589 -5.598497 4.070972 -0.052159 8.517520 0.534029 0.577230 18.548952 2.507332 -1.224668 -3.290787 -11.469811 1.021011 -9.390510 2.773785 -8.548945 -7.855320 36.801177 -34.882113 -34.657183 -16.799380 -109.466573 -11.665857 -35.680557 -21.885290 0.000000 0.000000 0.000000 0.000000 0.000000 0.000000 0.000000 0.000000 0.000000 0.000000 0.000000 0.000000 0.000000 0.000000 0.000000 0.000000 0.000000 0.000000 0.000000 0.000000 0.000000 0.000000 0.000000 0.000000 0.000000 0.000000 0.000000 0.000000 0.000000 0.000000 0.000000 0.000000 0.000000 0.000000 0.000000 0.000000 0.000000 0.000000 0.000000 0.000000 0.000000 0.000000 6.673512 -1.485558 9.753874 8.435875 -47.524054 -0.867860 19.484365 15.194959 63.503651 -8.083097 18.798903 13.389450 0.000000 0.000000 0.000000 0.000000 0.000000 0.000000 0.000000 0.000000 0.000000 0.000000 0.000000 0.000000 0.000000 0.000000 0.000000 0.000000 0.000000 0.000000 0.000000 0.000000 0.000000 0.000000 0.000000 0.000000 0.000000 0.000000 0.000000 0.000000 0.000000 0.000000 0.000000 0.000000 0.000000 0.000000 0.000000 0.000000 0.000000 0.000000 0.000000 0.000000 0.000000 0.000000
-0.253532 -0.197387 1.043920 -9.967855 -0.825060 10.295865 -18.755444 -23.555117 3.361310 41.938463 8.687188 -4.734714 -11.217204 1.221065 10.983891 -0.941076 -0.232849 -0.108849 -12.337896 18.662146 -9.036577 48.486020 -10.048540 -4.773249 -14.422509 -2.342746 -4.856037 -2.431559 -1.694811 1.592408 28.469527 0.760019 0.550847 -5.665325 3.186112 -0.514316 8.669136 0.079934 -0.310753 17.970671 2.139341 -0.769748 -3.479570 -11.076519 0.319021 -8.728800 2.095138 -8.276499 -7.978480 35.185560 -35.886546 -34.004108 -17.014082 -109.997912 -13.609692 -34.854766 -21.835392 0.000000 0.000000 0.000000 0.000000 0.000000 0.000000 0.000000 0.000000 0.000000 0.000000 0.000000 0.000000 0.000000 0.000000 0.000000 0.000000 0.000000 0.000000 0.000000 0.000000 0.000000 0.000000 0.000000 0.000000 0.000000 0.000000 0.000000 0.000000 0.000000 0.000000 0.000000 0.000000 0.000000 0.000000 0.000000 0.000000 0.000000 0.000000 0.000000 0.000000 0.000000 0.000000 6.441012 -2.952580 7.942985 8.601685 -48.850152 -1.475575 16.385481 13.547696 61.088115 -10.584568 18.043203 13.129582 0.000000 0.000000 0.000000 0.000000 0.000000 0.000000 0.000000 0.000000 0.000000 0.000000 0.000000 0.000000 0.000000 0.000000 0.000000 0.000000 0.000000 0.000000 0.000000 0.000000 0.000000 0.000000 0.000000 0.000000 0.000000 0.000000 0.000000 0.000000 0.000000 0.000000 0.000000 0.000000 0.000000 0.000000 0.000000 0.000000 0.000000 0.000000 0.000000 0.000000 0.000000 0.000000
-0.261661 -0.194497 1.043535 -8.310341 -0.220679 10.350055 -16.433021 -23.210201 4.076583 38.008798 8.067586 -5.180245 -12.571790 0.976955 10.715146 -0.807324 -0.114093 -0.442743 -13.844513 18.724107 -7.643249 46.344479 -8.317351 -5.221049 -11.728491 -1.906380 -8.283433 -2.378070 -1.839239 1.523831 27.762431 1.163710 -0.475742 -5.893273 2.176708 -0.969593 9.030656 -0.609535 -1.037184 17.394039 2.196568 -0.494165 -4.695879 -10.510917 0.054399 -7.569954 1.675313 -7.786261 -8.093389 33.738937 -35.021904 -32.069399 -16.306741 -109.708732 -14.541313 -32.642147 -21.408614 0.000000 0.000000 0.000000 0.000000 0.000000 0.000000 0.000000 0.000000 0.000000 0.000000 0.000000 0.000000 0.000000 0.000000 0.000000 0.000000 0.000000 0.000000 0.000000 0.000000 0.000000 0.000000 0.000000 0.000000 0.000000 0.000000 0.000000 0.000000 0.000000 0.000000 0.000000 0.000000 0.000000 0.000000 0.000000 0.000000 0.000000 0.000000 0.000000 0.000000 0.000000 0.000000 5.804633 -3.868074 6.265343 7.983006 -49.473346 -2.059619 12.516431 13.006889 60.480566 -12.223819 17.617936 12.607065 0.000000 0.000000 0.000000 0.000000 0.000000 0.000000 0.000000 0.000000 0.000000 0.000000 0.000000 0.000000 0.000000 0.000000 0.000000 0.000000 0.000000 0.000000 0.000000 0.000000 0.000000 0.000000 0.000000 0.000000 0.000000 0.000000 0.000000 0.000000 0.000000 0.000000 0.000000 0.000000 0.000000 0.000000 0.000000 0.000000 0.000000 0.000000 0.000000 0.000000 0.000000 0.000000
-0.271094 -0.188352 1.052613 -6.135641 0.680689 10.634783 -15.169206 -21.395397 4.037825 33.755903 6.735688 -5.402004 -12.490989 0.549999 11.692685 -0.606272 0.105595 -0.988077 -16.846841 16.509031 -5.322308 45.335056 -6.882936 -5.753882 -7.466833 -1.850360 -11.335480 -2.246193 -2.199422 1.505786 27.152759 1.516079 -1.688594 -6.269172 0.605023 -1.676168 9.263400 -1.623746 -1.792893 16.912923 2.960444 0.486557 -6.646800 -9.473877 0.285505 -5.872960 1.685713 -7.377735 -7.878400 31.834077 -32.088945 -28.745571 -15.399680 -107.502115 -14.812502 -29.792238 -20.747858 0.000000 0.000000 0.000000 0.000000 0.000000 0.000000 0.000000 0.000000 0.000000 0.000000 0.000000 0.000000 0.000000 0.000000 0.000000 0.000000 0.000000 0.000000 0.000000 0.000000 0.000000 0.000000 0.000000 0.000000 0.000000 0.000000 0.000000 0.000000 0.000000 0.000000 0.000000 0.000000 0.000000 0.000000 0.000000 0.000000 0.000000 0.000000 0.000000 0.000000 0.000000 0.000000 4.593259 -5.019762 4.633528 7.080266 -49.346222 -2.568835 6.373356 13.369376 62.533947 -14.322350 17.842157 12.547633 0.000000 0.000000 0.000000 0.000000 0.000000 0.000000 0.000000 0.000000 0.000000 0.000000 0.000000 0.000000 0.000000 0.000000 0.000000 0.000000 0.000000 0.000000 0.000000 0.000000 0.000000 0.000000 0.000000 0.000000 0.000000 0.000000 0.000000 0.000000 0.000000 0.000000 0.000000 0.000000 0.000000 0.000000 0.000000 0.000000 0.000000 0.000000 0.000000 0.000000 0.000000 0.000000
-0.280651 -0.180114 1.066585 -3.814829 1.917581 9.831664 -13.036830 -16.710526 2.766663 29.989705 3.988671 -7.062199 -11.456461 -1.490032 14.268400 -0.333754 0.546057 -1.367978 -22.130773 9.266113 -0.840653 45.705402 -5.250755 -4.268366 -5.756250 -1.617797 -11.020337 -2.330808 -3.053428 1.214285 26.318122 1.656841 -3.352092 -6.949512 -1.553610 -2.602303 9.795419 -2.668564 -2.753160 15.157177 4.095051 2.547178 -10.460012 -7.913638 0.393775 -3.356694 2.347514 -6.886605 -5.382161 25.680964 -24.790022 -20.150701 -13.810332 -102.308175 -13.986615 -24.372582 -19.000868 0.000000 0.000000 0.000000 0.000000 0.000000 0.000000 0.000000 0.000000 0.000000 0.000000 0.000000 0.000000 0.000000 0.000000 0.000000 0.000000 0.000000 0.000000 0.000000 0.000000 0.000000 0.000000 0.000000 0.000000 0.000000 0.000000 0.000000 0.000000 0.000000 0.000000 0.000000 0.000000 0.000000 0.000000 0.000000 0.000000 0.000000 0.000000 0.000000 0.000000 0.000000 0.000000 1.807883 -6.560577 3.034530 7.117665 -48.668470 -1.602897 -4.254705 12.662593 69.012108 -17.260297 18.745654 12.691245 0.000000 0.000000 0.000000 0.000000 0.000000 0.000000 0.000000 0.000000 0.000000 0.000000 0.000000 0.000000 0.000000 0.000000 0.000000 0.000000 0.000000 0.000000 0.000000 0.000000 0.000000 0.000000 0.000000 0.000000 0.000000 0.000000 0.000000 0.000000 0.000000 0.000000 0.000000 0.000000 0.000000 0.000000 0.000000 0.000000 0.000000 0.000000 0.000000 0.000000 0.000000 0.000000
-0.281028 -0.175115 1.080086 -2.631133 2.761988 7.903259 -12.187947 -12.693278 2.180210 29.604605 2.968624 -6.499162 -10.006636 -1.198749 14.305483 -0.139838 0.212210 -1.466072 -25.955201 3.729988 1.216863 45.881556 -5.261367 -4.207477 -5.104175 -1.665867 -9.685669 -2.247707 -3.294547 0.973756 25.920403 1.871768 -4.138709 -7.127190 -2.965474 -3.131743 9.317177 -2.820618 -3.092315 15.042817 3.930083 4.038266 -12.142005 -6.764419 0.156055 -2.109247 2.984277 -6.402498 -2.553711 23.158715 -20.461756 -14.419949 -12.291228 -96.403956 -10.691558 -22.545744 -19.289408 0.000000 0.000000 0.000000 0.000000 0.000000 0.000000 0.000000 0.000000 0.000000 0.000000 0.000000 0.000000 0.000000 0.000000 0.000000 0.000000 0.000000 0.000000 0.000000 0.000000 0.000000 0.000000 0.000000 0.000000 0.000000 0.000000 0.000000 0.000000 0.000000 0.000000 0.000000 0.000000 0.000000 0.000000 0.000000 0.000000 0.000000 0.000000 0.000000 0.000000 0.000000 0.000000 0.167723 -7.212276 2.512537 7.242018 -48.879866 -0.809031 -11.341889 11.102223 76.390390 -19.494080 20.782756 14.875226 0.000000 0.000000 0.000000 0.000000 0.000000 0.000000 0.000000 0.000000 0.000000 0.000000 0.000000 0.000000 0.000000 0.000000 0.000000 0.000000 0.000000 0.000000 0.000000 0.000000 0.000000 0.000000 0.000000 0.000000 0.000000 0.000000 0.000000 0.000000 0.000000 0.000000 0.000000 0.000000 0.000000 0.000000 0.000000 0.000000 0.000000 0.000000 0.000000 0.000000 0.000000 0.000000
-0.271484 -0.169855 1.087313 -1.868227 2.775994 5.346494 -11.811618 -9.353568 2.046963 30.256935 3.050840 -5.726289 -10.594681 -1.138233 13.135338 0.120257 0.278023 -1.434222 -27.400214 -0.176987 1.513576 43.506855 -5.474484 -5.183550 -3.275248 -2.725668 -8.505824 -2.194839 -3.331358 0.690859 25.253396 1.983966 -4.422217 -7.365936 -3.598951 -3.609200 9.249323 -2.874042 -3.074677 14.507247 3.838375 4.873818 -12.721235 -5.422505 -0.073788 -1.159501 3.666034 -5.558809 0.920310 22.754223 -17.165931 -9.847414 -11.975413 -92.814117 -8.816687 -20.370578 -19.659239 0.000000 0.000000 0.000000 0.000000 0.000000 0.000000 0.000000 0.000000 0.000000 0.000000 0.000000 0.000000 0.000000 0.000000 0.000000 0.000000 0.000000 0.000000 0.000000 0.000000 0.000000 0.000000 0.000000 0.000000 0.000000 0.000000 0.000000 0.000000 0.000000 0.000000 0.000000 0.000000 0.000000 0.000000 0.000000 0.000000 0.000000 0.000000 0.000000 0.000000 0.000000 0.000000 -1.316107 -7.208045 2.292555 7.169194 -48.722737 0.986206 -16.879051 11.357149 84.439686 -19.682422 21.562079 15.878223 0.000000 0.000000 0.000000 0.000000 0.000000 0.000000 0.000000 0.000000 0.000000 0.000000 0.000000 0.000000 0.000000 0.000000 0.000000 0.000000 0.000000 0.000000 0.000000 0.000000 0.000000 0.000000 0.000000 0.000000 0.000000 0.000000 0.000000 0.000000 0.000000 0.000000 0.000000 0.000000 0.000000 0.000000 0.000000 0.000000 0.000000 0.000000 0.000000 0.000000 0.000000 0.000000
-0.255218 -0.166350 1.085680 -1.629651 2.209806 2.494257 -11.272926 -6.516226 2.233234 31.062809 3.449489 -3.835308 -13.400410 -3.504181 13.334998 0.283808 0.188218 -1.433985 -28.259369 -1.841919 1.448579 42.298057 -6.115801 -6.174165 -2.782259 -2.432040 -8.389011 -2.212460 -3.346399 0.466296 24.635737 2.392950 -4.320987 -7.233578 -4.043692 -3.662622 9.066838 -2.473181 -2.955184 14.087568 3.381901 5.422429 -12.580752 -3.552880 0.072046 -0.040158 4.225722 -4.164358 3.759566 24.540570 -14.103363 -5.498669 -12.550395 -88.134293 -7.802590 -19.184085 -18.923709 0.000000 0.000000 0.000000 0.000000 0.000000 0.000000 0.000000 0.000000 0.000000 0.000000 0.000000 0.000000 0.000000 0.000000 0.000000 0.000000 0.000000 0.000000 0.000000 0.000000 0.000000 0.000000 0.000000 0.000000 0.000000 0.000000 0.000000 0.000000 0.000000 0.000000 0.000000 0.000000 0.000000 0.000000 0.000000 0.000000 0.000000 0.000000 0.000000 0.000000 0.000000 0.000000 -2.555771 -7.025479 2.076878 7.541737 -48.280652 4.319736 -21.071660 11.948194 91.873912 -19.533933 22.400504 16.736497 0.000000 0.000000 0.000000 0.000000 0.000000 0.000000 0.000000 0.000000 0.000000 0.000000 0.000000 0.000000 0.000000 0.000000 0.000000 0.000000 0.000000 0.000000 0.000000 0.000000 0.000000 0.000000 0.000000 0.000000 0.000000 0.000000 0.000000 0.000000 0.000000 0.000000 0.000000 0.000000 0.000000 0.000000 0.000000 0.000000 0.000000 0.000000 0.000000 0.000000 0.000000 0.000000
-0.252167 -0.164902 1.079152 -1.865550 1.217780 -1.331863 -10.793698 -5.093879 3.131343 32.447805 5.087570 -1.591550 -15.138086 -5.068847 13.112899 0.482021 -0.018751 -1.264656 -29.032656 -0.401043 0.972506 43.726451 -7.859618 -7.192906 -2.570367 -2.292608 -8.270526 -2.187947 -2.965721 0.375723 24.190469 2.044402 -3.740573 -7.103704 -3.780842 -3.590079 9.294818 -1.851585 -2.433592 13.655102 3.027438 5.619324 -12.405134 -2.025710 -0.173656 1.176048 5.595549 -2.637520 6.682017 28.236076 -10.916019 -0.401288 -13.786058 -82.908508 -7.578312 -19.552803 -18.474566 0.000000 0.000000 0.000000 0.000000 0.000000 0.000000 0.000000 0.000000 0.000000 0.000000 0.000000 0.000000 0.000000 0.000000 0.000000 0.000000 0.000000 0.000000 0.000000 0.000000 0.000000 0.000000 0.000000 0.000000 0.000000 0.000000 0.000000 0.000000 0.000000 0.000000 0.000000 0.000000 0.000000 0.000000 0.000000 0.000000 0.000000 0.000000 0.000000 0.000000 0.000000 0.000000 -3.553259 -6.602481 2.707227 6.817437 -48.419411 8.511271 -24.451152 12.115903 100.380382 -19.197294 24.134376 17.659065 0.000000 0.000000 0.000000 0.000000 0.000000 0.000000 0.000000 0.000000 0.000000 0.000000 0.000000 0.000000 0.000000 0.000000 0.000000 0.000000 0.000000 0.000000 0.000000 0.000000 0.000000 0.000000 0.000000 0.000000 0.000000 0.000000 0.000000 0.000000 0.000000 0.000000 0.000000 0.000000 0.000000 0.000000 0.000000 0.000000 0.000000 0.000000 0.000000 0.000000 0.000000 0.000000
-0.243060 -0.169915 1.072316 -2.988972 0.820170 -4.448530 -10.231834 -6.132286 4.529573 34.960354 7.082880 -0.243590 -15.722342 -5.741193 12.734847 0.432158 -0.086630 -1.098219 -30.000587 4.085335 -0.011589 47.584697 -10.245115 -7.653332 -2.764297 -2.437695 -7.725538 -2.154232 -2.753674 0.321067 24.467373 0.994517 -3.070147 -6.823139 -3.112746 -2.869266 9.475204 -1.360312 -1.678317 13.942417 3.323766 5.925495 -11.959010 -0.906006 0.633679 2.129197 6.957147 -1.172728 8.620087 32.838244 -8.235192 3.654070 -13.892660 -78.490349 -10.120663 -19.915106 -18.883571 0.000000 0.000000 0.000000 0.000000 0.000000 0.000000 0.000000 0.000000 0.000000 0.000000 0.000000 0.000000 0.000000 0.000000 0.000000 0.000000 0.000000 0.000000 0.000000 0.000000 0.000000 0.000000 0.000000 0.000000 0.000000 0.000000 0.000000 0.000000 0.000000 0.000000 0.000000 0.000000 0.000000 0.000000 0.000000 0.000000 0.000000 0.000000 0.000000 0.000000 0.000000 0.000000 -3.967273 -5.926828 3.609704 6.153429 -48.985182 12.224227 -25.439742 11.772557 105.302203 -18.479718 25.324099 18.006650 0.000000 0.000000 0.000000 0.000000 0.000000 0.000000 0.000000 0.000000 0.000000 0.000000 0.000000 0.000000 0.000000 0.000000 0.000000 0.000000 0.000000 0.000000 0.000000 0.000000 0.000000 0.000000 0.000000 0.000000 0.000000 0.000000 0.000000 0.000000 0.000000 0.000000 0.000000 0.000000 0.000000 0.000000 0.000000 0.000000 0.000000 0.000000 0.000000 0.000000 0.000000 0.000000
-0.231024 -0.178045 1.064989 -4.352405 0.642663 -7.100001 -10.378392 -8.592806 5.932443 38.420070 9.517626 0.768050 -15.042735 -6.191520 12.631230 0.202885 -0.177732 -0.950829 -30.752331 10.629416 -0.919842 51.411535 -12.214184 -7.367568 -3.264483 -2.452033 -7.709596 -2.083310 -2.687712 0.229452 24.466517 -0.101750 -2.229330 -6.740733 -2.006981 -1.723467 9.979403 -0.895601 -0.738325 13.211827 3.275420 6.002587 -11.234280 -0.298300 1.486846 2.661335 8.361092 0.756953 8.861578 37.204948 -5.627913 6.667326 -13.023914 -73.060757 -13.061582 -19.441665 -19.183734 0.000000 0.000000 0.000000 0.000000 0.000000 0.000000 0.000000 0.000000 0.000000 0.000000 0.000000 0.000000 0.000000 0.000000 0.000000 0.000000 0.000000 0.000000 0.000000 0.000000 0.000000 0.000000 0.000000 0.000000 0.000000 0.000000 0.000000 0.000000 0.000000 0.000000 0.000000 0.000000 0.000000 0.000000 0.000000 0.000000 0.000000 0.000000 0.000000 0.000000 0.000000 0.000000 -4.066965 -5.407370 4.083602 5.909944 -49.725485 15.871370 -25.018562 11.427343 109.294093 -17.304879 26.191183 17.965423 0.000000 0.000000 0.000000 0.000000 0.000000 0.000000 0.000000 0.000000 0.000000 0.000000 0.000000 0.000000 0.000000 0.000000 0.000000 0.000000 0.000000 0.000000 0.000000 0.000000 0.000000 0.000000 0.000000 0.000000 0.000000 0.000000 0.000000 0.000000 0.000000 0.000000 0.000000 0.000000 0.000000 0.000000 0.000000 0.000000 0.000000 0.000000 0.000000 0.000000 0.000000 0.000000
-0.215572 -0.189013 1.056609 -6.293731 0.210514 -8.496511 -11.055471 -11.360529 6.632918 42.326636 11.135257 0.830495 -14.083435 -6.026902 12.372221 0.026292 -0.292530 -0.947583 -31.186423 16.231846 -0.558419 55.158580 -12.255208 -5.591246 -4.082704 -1.988046 -7.352862 -2.272852 -2.679808 0.292394 24.740823 -1.295118 -1.371230 -6.570441 -0.972309 -0.438892 10.082894 -0.275978 0.159954 12.345578 2.654022 5.706751 -10.075077 0.295669 1.466255 2.870091 9.972881 2.583690 8.262208 40.531103 -2.877356 8.360289 -12.639467 -68.710929 -14.941279 -19.184541 -19.156705 0.000000 0.000000 0.000000 0.000000 0.000000 0.000000 0.000000 0.000000 0.000000 0.000000 0.000000 0.000000 0.000000 0.000000 0.000000 0.000000 0.000000 0.000000 0.000000 0.000000 0.000000 0.000000 0.000000 0.000000 0.000000 0.000000 0.000000 0.000000 0.000000 0.000000 0.000000 0.000000 0.000000 0.000000 0.000000 0.000000 0.000000 0.000000 0.000000 0.000000 0.000000 0.000000 -3.998394 -5.531929 4.649062 6.292533 -50.039366 19.137632 -23.844951 11.514528 112.085178 -16.762612 27.631427 18.003198 0.000000 0.000000 0.000000 0.000000 0.000000 0.000000 0.000000 0.000000 0.000000 0.000000 0.000000 0.000000 0.000000 0.000000 0.000000 0.000000 0.000000 0.000000 0.000000 0.000000 0.000000 0.000000 0.000000 0.000000 0.000000 0.000000 0.000000 0.000000 0.000000 0.000000 0.000000 0.000000 0.000000 0.000000 0.000000 0.000000 0.000000 0.000000 0.000000 0.000000 0.000000 0.000000
-0.193755 -0.197506 1.047692 -7.932336 -1.053412 -8.547727 -13.098395 -14.892879 6.808302 47.116122 12.661810 0.315365 -11.458285 -3.153587 10.257870 -0.043459 -0.364260 -0.830814 -29.990498 23.138227 -0.614910 55.517230 -10.938074 -4.493779 -5.632212 -1.931855 -7.034850 -2.535337 -2.582041 0.396777 25.504326 -2.563342 0.111400 -6.659250 0.808063 1.103278 10.420457 0.529401 1.665511 13.589163 2.128796 3.292595 -8.592702 -0.185581 0.402103 2.312536 11.517489 4.681037 5.178390 42.394858 0.868479 6.802316 -12.049361 -65.761343 -16.196660 -19.609373 -18.832234 0.000000 0.000000 0.000000 0.000000 0.000000 0.000000 0.000000 0.000000 0.000000 0.000000 0.000000 0.000000 0.000000 0.000000 0.000000 0.000000 0.000000 0.000000 0.000000 0.000000 0.000000 0.000000 0.000000 0.000000 0.000000 0.000000 0.000000 0.000000 0.000000 0.000000 0.000000 0.000000 0.000000 0.000000 0.000000 0.000000 0.000000 0.000000 0.000000 0.000000 0.000000 0.000000 -3.721152 -5.473005 5.727970 5.985029 -50.147554 22.049977 -20.824406 11.135769 114.347470 -17.146470 29.343477 17.735101 0.000000 0.000000 0.000000 0.000000 0.000000 0.000000 0.000000 0.000000 0.000000 0.000000 0.000000 0.000000 0.000000 0.000000 0.000000 0.000000 0.000000 0.000000 0.000000 0.000000 0.000000 0.000000 0.000000 0.000000 0.000000 0.000000 0.000000 0.000000 0.000000 0.000000 0.000000 0.000000 0.000000 0.000000 0.000000 0.000000 0.000000 0.000000 0.000000 0.000000 0.000000 0.000000
-0.172770 -0.200138 1.041281 -8.728974 -1.674240 -8.757736 -14.121644 -16.981950 6.445470 48.154133 12.652350 0.226457 -11.029334 -2.489569 10.514312 -0.027894 -0.399277 -0.768040 -28.403306 25.776566 -1.081932 54.272151 -9.635793 -3.705479 -7.183513 -2.217289 -6.628341 -2.556902 -2.419101 0.379781 26.459375 -2.988105 1.079183 -7.353480 2.112741 2.437002 10.899429 0.985156 2.753434 13.480525 1.557496 1.752623 -6.925860 -1.076843 0.344828 1.506173 12.246668 6.431880 1.771814 42.452883 4.329179 3.498516 -11.693007 -65.312567 -16.607655 -19.839786 -17.968379 0.000000 0.000000 0.000000 0.000000 0.000000 0.000000 0.000000 0.000000 0.000000 0.000000 0.000000 0.000000 0.000000 0.000000 0.000000 0.000000 0.000000 0.000000 0.000000 0.000000 0.000000 0.000000 0.000000 0.000000 0.000000 0.000000 0.000000 0.000000 0.000000 0.000000 0.000000 0.000000 0.000000 0.000000 0.000000 0.000000 0.000000 0.000000 0.000000 0.000000 0.000000 0.000000 -3.470175 -4.913699 6.156281 6.507958 -49.491089 24.202600 -18.744191 12.120169 114.751320 -16.186959 28.531647 16.560938 0.000000 0.000000 0.000000 0.000000 0.000000 0.000000 0.000000 0.000000 0.000000 0.000000 0.000000 0.000000 0.000000 0.000000 0.000000 0.000000 0.000000 0.000000 0.000000 0.000000 0.000000 0.000000 0.000000 0.000000 0.000000 0.000000 0.000000 0.000000 0.000000 0.000000 0.000000 0.000000 0.000000 0.000000 0.000000 0.000000 0.000000 0.000000 0.000000 0.000000 0.000000 0.000000
-0.148334 -0.198223 1.040911 -8.851963 -2.381766 -7.789170 -15.445906 -18.053406 5.694021 47.664491 11.906740 0.392431 -10.447138 -1.992476 10.961907 -0.157166 -0.529439 -0.779960 -26.846054 25.830263 -2.085356 53.228507 -9.201673 -3.449700 -8.298591 -1.939761 -6.262814 -2.484182 -2.198135 0.386584 26.680283 -2.953079 1.711825 -8.054224 3.318724 3.246118 11.467815 1.329762 3.569595 13.742427 1.115666 0.949107 -5.541775 -1.992281 -0.154729 0.530890 11.976867 7.776616 -1.259012 41.273760 5.905412 -0.712702 -11.470328 -65.373020 -17.087473 -20.548247 -18.277042 0.000000 0.000000 0.000000 0.000000 0.000000 0.000000 0.000000 0.000000 0.000000 0.000000 0.000000 0.000000 0.000000 0.000000 0.000000 0.000000 0.000000 0.000000 0.000000 0.000000 0.000000 0.000000 0.000000 0.000000 0.000000 0.000000 0.000000 0.000000 0.000000 0.000000 0.000000 0.000000 0.000000 0.000000 0.000000 0.000000 0.000000 0.000000 0.000000 0.000000 0.000000 0.000000 -3.004232 -3.901463 6.600716 7.151878 -48.969945 25.474588 -15.899144 13.570433 112.487832 -15.609166 27.617833 16.560471 0.000000 0.000000 0.000000 0.000000 0.000000 0.000000 0.000000 0.000000 0.000000 0.000000 0.000000 0.000000 0.000000 0.000000 0.000000 0.000000 0.000000 0.000000 0.000000 0.000000 0.000000 0.000000 0.000000 0.000000 0.000000 0.000000 0.000000 0.000000 0.000000 0.000000 0.000000 0.000000 0.000000 0.000000 0.000000 0.000000 0.000000 0.000000 0.000000 0.000000 0.000000 0.000000
-0.126654 -0.189147 1.046846 -7.687186 -2.343168 -5.612366 -17.928262 -18.174684 3.892634 45.821998 10.574721 0.568717 -9.098892 -1.411021 11.331186 -0.286607 -0.645442 -0.827859 -24.101006 23.539100 -3.416941 50.025277 -8.824398 -4.131531 -8.776533 -1.418622 -6.492477 -2.422603 -1.812503 0.544020 25.907321 -2.297449 2.476742 -8.435965 3.845792 3.620129 11.779351 0.989372 4.117975 14.899037 1.166414 0.058652 -4.742854 -3.044238 0.068773 -0.202637 11.171877 8.051302 -3.753887 40.086955 5.525938 -6.446178 -10.525648 -66.822548 -18.164725 -21.702253 -19.070389 0.000000 0.000000 0.000000 0.000000 0.000000 0.000000 0.000000 0.000000 0.000000 0.000000 0.000000 0.000000 0.000000 0.000000 0.000000 0.000000 0.000000 0.000000 0.000000 0.000000 0.000000 0.000000 0.000000 0.000000 0.000000 0.000000 0.000000 0.000000 0.000000 0.000000 0.000000 0.000000 0.000000 0.000000 0.000000 0.000000 0.000000 0.000000 0.000000 0.000000 0.000000 0.000000 -1.941128 -2.551608 7.556358 6.987756 -47.390922 24.921223 -11.213107 14.967895 107.153113 -14.495333 25.974146 16.854226 0.000000 0.000000 0.000000 0.000000 0.000000 0.000000 0.000000 0.000000 0.000000 0.000000 0.000000 0.000000 0.000000 0.000000 0.000000 0.000000 0.000000 0.000000 0.000000 0.000000 0.000000 0.000000 0.000000 0.000000 0.000000 0.000000 0.000000 0.000000 0.000000 0.000000 0.000000 0.000000 0.000000 0.000000 0.000000 0.000000 0.000000 0.000000 0.000000 0.000000 0.000000 0.000000
-0.106471 -0.176935 1.058372 -5.981266 -1.919973 -0.943395 -21.713422 -16.040817 0.841496 45.775844 10.131385 -0.886093 -6.960859 -0.284459 11.136210 -0.257336 -0.320549 -1.041988 -19.356984 18.036475 -4.491606 44.195178 -6.530176 -4.925159 -7.923326 -0.814119 -8.217457 -2.729461 -1.297898 0.984985 25.134914 -1.073225 3.392106 -8.622713 3.675584 3.425706 12.075464 -0.030414 4.266445 16.952506 0.967914 -1.934860 -4.778907 -4.394684 0.279152 -0.856945 10.407349 6.932336 -6.519281 39.174117 3.548504 -15.156326 -8.759575 -72.019514 -18.795590 -25.401266 -21.088501 0.000000 0.000000 0.000000 0.000000 0.000000 0.000000 0.000000 0.000000 0.000000 0.000000 0.000000 0.000000 0.000000 0.000000 0.000000 0.000000 0.000000 0.000000 0.000000 0.000000 0.000000 0.000000 0.000000 0.000000 0.000000 0.000000 0.000000 0.000000 0.000000 0.000000 0.000000 0.000000 0.000000 0.000000 0.000000 0.000000 0.000000 0.000000 0.000000 0.000000 0.000000 0.000000 -0.349643 -1.177615 9.315661 6.629990 -44.143975 21.144556 -4.121241 17.439529 96.443939 -9.840379 24.657856 16.490477 0.000000 0.000000 0.000000 0.000000 0.000000 0.000000 0.000000 0.000000 0.000000 0.000000 0.000000 0.000000 0.000000 0.000000 0.000000 0.000000 0.000000 0.000000 0.000000 0.000000 0.000000 0.000000 0.000000 0.000000 0.000000 0.000000 0.000000 0.000000 0.000000 0.000000 0.000000 0.000000 0.000000 0.000000 0.000000 0.000000 0.000000 0.000000 0.000000 0.000000 0.000000 0.000000
-0.100095 -0.169339 1.069619 -5.337138 -1.038437 3.906142 -22.560018 -12.815932 -0.729330 43.526393 9.193117 -1.435970 -6.138784 0.558742 12.077560 -0.119581 -0.144317 -1.212674 -16.488345 12.762155 -4.633438 41.463629 -4.512252 -6.022827 -6.343787 -0.177158 -10.433857 -2.711220 -1.215636 1.177093 24.658515 -0.299184 3.534654 -8.620892 3.416927 3.303783 11.555451 -0.805431 3.855996 18.186069 0.720573 -3.138774 -4.673735 -5.806512 0.534762 -1.575248 9.637580 5.023263 -7.801186 37.052074 0.228335 -21.057146 -7.755051 -77.495126 -18.148614 -28.230334 -22.241027 0.000000 0.000000 0.000000 0.000000 0.000000 0.000000 0.000000 0.000000 0.000000 0.000000 0.000000 0.000000 0.000000 0.000000 0.000000 0.000000 0.000000 0.000000 0.000000 0.000000 0.000000 0.000000 0.000000 0.000000 0.000000 0.000000 0.000000 0.000000 0.000000 0.000000 0.000000 0.000000 0.000000 0.000000 0.000000 0.000000 0.000000 0.000000 0.000000 0.000000 0.000000 0.000000 0.805981 -0.442452 10.443507 7.901599 -42.388135 17.596355 1.123461 18.394780 88.548502 -8.199685 24.085187 16.314818 0.000000 0.000000 0.000000 0.000000 0.000000 0.000000 0.000000 0.000000 0.000000 0.000000 0.000000 0.000000 0.000000 0.000000 0.000000 0.000000 0.000000 0.000000 0.000000 0.000000 0.000000 0.000000 0.000000 0.000000 0.000000 0.000000 0.000000 0.000000 0.000000 0.000000 0.000000 0.000000 0.000000 0.000000 0.000000 0.000000 0.000000 0.000000 0.000000 0.000000 0.000000 0.000000
-0.099360 -0.168027 1.073855 -5.901167 -0.336200 9.333479 -21.790605 -10.012269 -1.337394 41.261978 8.189065 -2.437097 -7.717529 0.309847 13.034597 -0.015556 -0.150115 -1.446188 -15.073155 8.379245 -4.099838 42.511770 -3.553034 -6.191500 -6.334925 0.383965 -12.299721 -2.650065 -1.163857 1.146832 24.688537 0.481863 3.220876 -8.005322 2.627166 2.938476 10.554909 -1.234484 3.242637 18.228624 0.012978 -3.824388 -4.799469 -7.631829 -0.333710 -2.887386 8.074419 2.286719 -9.098565 33.520444 -3.905152 -25.740641 -7.503676 -83.405973 -16.285302 -30.780857 -22.236754 0.000000 0.000000 0.000000 0.000000 0.000000 0.000000 0.000000 0.000000 0.000000 0.000000 0.000000 0.000000 0.000000 0.000000 0.000000 0.000000 0.000000 0.000000 0.000000 0.000000 0.000000 0.000000 0.000000 0.000000 0.000000 0.000000 0.000000 0.000000 0.000000 0.000000 0.000000 0.000000 0.000000 0.000000 0.000000 0.000000 0.000000 0.000000 0.000000 0.000000 0.000000 0.000000 1.458917 -0.905219 10.951537 9.887487 -41.607371 13.803273 4.999099 18.918749 81.560801 -7.156122 23.592323 15.791100 0.000000 0.000000 0.000000 0.000000 0.000000 0.000000 0.000000 0.000000 0.000000 0.000000 0.000000 0.000000 0.000000 0.000000 0.000000 0.000000 0.000000 0.000000 0.000000 0.000000 0.000000 0.000000 0.000000 0.000000 0.000000 0.000000 0.000000 0.000000 0.000000 0.000000 0.000000 0.000000 0.000000 0.000000 0.000000 0.000000 0.000000 0.000000 0.000000 0.000000 0.000000 0.000000
-0.102982 -0.167831 1.069597 -6.572081 0.632818 13.909136 -20.799530 -8.597223 -1.249031 40.189696 7.757263 -3.504523 -10.476104 -0.935514 13.640439 0.119864 -0.124007 -1.579876 -15.254042 5.581134 -3.407868 44.918086 -3.426851 -6.001847 -7.838224 0.667959 -12.497031 -2.566090 -1.174811 1.003832 24.570913 1.108228 2.522914 -7.573130 1.683120 2.153257 9.763569 -1.374465 2.427516 17.678148 -0.766602 -3.492876 -4.764749 -8.789996 -2.249053 -4.468170 5.802754 -0.485013 -10.634226 30.268721 -9.007905 -29.588421 -8.574163 -88.446937 -13.545927 -33.396169 -21.620709 0.000000 0.000000 0.000000 0.000000 0.000000 0.000000 0.000000 0.000000 0.000000 0.000000 0.000000 0.000000 0.000000 0.000000 0.000000 0.000000 0.000000 0.000000 0.000000 0.000000 0.000000 0.000000 0.000000 0.000000 0.000000 0.000000 0.000000 0.000000 0.000000 0.000000 0.000000 0.000000 0.000000 0.000000 0.000000 0.000000 0.000000 0.000000 0.000000 0.000000 0.000000 0.000000 1.979616 -2.041540 10.695205 11.687095 -42.211811 10.191838 8.364585 18.963614 74.668649 -6.387826 23.436556 15.100884 0.000000 0.000000 0.000000 0.000000 0.000000 0.000000 0.000000 0.000000 0.000000 0.000000 0.000000 0.000000 0.000000 0.000000 0.000000 0.000000 0.000000 0.000000 0.000000 0.000000 0.000000 0.000000 0.000000 0.000000 0.000000 0.000000 0.000000 0.000000 0.000000 0.000000 0.000000 0.000000 0.000000 0.000000 0.000000 0.000000 0.000000 0.000000 0.000000 0.000000 0.000000 0.000000
-0.105586 -0.169888 1.060205 -7.401998 1.352968 18.242016 -19.945088 -8.679653 -1.195298 40.246783 7.198210 -5.020369 -15.141373 -3.552186 14.092317 0.089301 -0.039645 -1.427961 -15.816238 4.596366 -2.719379 46.790571 -4.440534 -5.737049 -10.778206 1.568912 -12.882675 -2.389187 -1.533866 0.946960 24.620957 2.032953 1.614481 -7.638985 0.537225 0.975034 9.413781 -1.568489 1.030665 15.481722 -1.346474 -1.847018 -5.493289 -8.972867 -4.255482 -6.831417 2.915184 -3.403402 -13.065554 27.133523 -15.443288 -33.142939 -10.733325 -92.257309 -11.151748 -35.947942 -20.869621 0.000000 0.000000 0.000000 0.000000 0.000000 0.000000 0.000000 0.000000 0.000000 0.000000 0.000000 0.000000 0.000000 0.000000 0.000000 0.000000 0.000000 0.000000 0.000000 0.000000 0.000000 0.000000 0.000000 0.000000 0.000000 0.000000 0.000000 0.000000 0.000000 0.000000 0.000000 0.000000 0.000000 0.000000 0.000000 0.000000 0.000000 0.000000 0.000000 0.000000 0.000000 0.000000 1.952702 -3.897035 9.917267 13.411623 -43.977196 7.424454 11.896591 17.715895 64.996808 -6.361585 22.407527 14.080750 0.000000 0.000000 0.000000 0.000000 0.000000 0.000000 0.000000 0.000000 0.000000 0.000000 0.000000 0.000000 0.000000 0.000000 0.000000 0.000000 0.000000 0.000000 0.000000 0.000000 0.000000 0.000000 0.000000 0.000000 0.000000 0.000000 0.000000 0.000000 0.000000 0.000000 0.000000 0.000000 0.000000 0.000000 0.000000 0.000000 0.000000 0.000000 0.000000 0.000000 0.000000 0.000000
-0.108164 -0.168645 1.052175 -7.636151 1.879309 19.988704 -20.201513 -9.887847 -0.826323 41.638707 7.327831 -5.757375 -18.187410 -4.755220 12.892729 -0.093210 0.020721 -1.227960 -17.933893 5.168277 -2.242434 49.296762 -5.520462 -5.435892 -12.381855 1.866346 -12.870859 -2.142359 -1.879301 0.854335 25.078579 3.085902 0.774447 -7.212956 -0.570002 -0.089771 9.035163 -1.858493 -0.294918 14.377465 -1.793847 -0.164472 -6.572470 -9.240288 -5.132575 -7.941710 0.873661 -5.388868 -14.914918 24.719871 -20.767152 -34.962098 -12.037886 -94.457839 -10.401309 -37.050823 -20.418066 0.000000 0.000000 0.000000 0.000000 0.000000 0.000000 0.000000 0.000000 0.000000 0.000000 0.000000 0.000000 0.000000 0.000000 0.000000 0.000000 0.000000 0.000000 0.000000 0.000000 0.000000 0.000000 0.000000 0.000000 0.000000 0.000000 0.000000 0.000000 0.000000 0.000000 0.000000 0.000000 0.000000 0.000000 0.000000 0.000000 0.000000 0.000000 0.000000 0.000000 0.000000 0.000000 1.853115 -5.367059 8.882314 14.468942 -46.496805 6.065224 12.854487 15.737757 56.625158 -7.597801 20.913837 13.192831 0.000000 0.000000 0.000000 0.000000 0.000000 0.000000 0.000000 0.000000 0.000000 0.000000 0.000000 0.000000 0.000000 0.000000 0.000000 0.000000 0.000000 0.000000 0.000000 0.000000 0.000000 0.000000 0.000000 0.000000 0.000000 0.000000 0.000000 0.000000 0.000000 0.000000 0.000000 0.000000 0.000000 0.000000 0.000000 0.000000 0.000000 0.000000 0.000000 0.000000 0.000000 0.000000
-0.107434 -0.153232 1.049737 -7.650196 2.313720 19.304255 -19.747304 -11.710692 0.377355 42.560284 7.758400 -5.858282 -19.092229 -4.703450 12.768422 -0.180000 0.120402 -1.277903 -19.975014 6.052365 -1.982682 50.667501 -6.599674 -5.381635 -12.088035 1.597039 -12.427542 -2.051561 -1.994042 0.838813 25.995707 3.575198 -0.231252 -7.041343 -1.348346 -0.832053 9.105596 -2.340181 -1.117440 14.254479 -1.380422 1.423523 -7.569148 -8.723037 -5.344501 -8.294967 -0.131632 -6.374651 -16.357222 22.240856 -23.447962 -35.630519 -12.102013 -96.775124 -9.878377 -36.416974 -19.935398 0.000000 0.000000 0.000000 0.000000 0.000000 0.000000 0.000000 0.000000 0.000000 0.000000 0.000000 0.000000 0.000000 0.000000 0.000000 0.000000 0.000000 0.000000 0.000000 0.000000 0.000000 0.000000 0.000000 0.000000 0.000000 0.000000 0.000000 0.000000 0.000000 0.000000 0.000000 0.000000 0.000000 0.000000 0.000000 0.000000 0.000000 0.000000 0.000000 0.000000 0.000000 0.000000 1.702155 -7.036988 7.500326 13.668395 -48.307457 4.311747 10.987122 13.518132 50.731209 -9.194180 19.908543 12.301817 0.000000 0.000000 0.000000 0.000000 0.000000 0.000000 0.000000 0.000000 0.000000 0.000000 0.000000 0.000000 0.000000 0.000000 0.000000 0.000000 0.000000 0.000000 0.000000 0.000000 0.000000 0.000000 0.000000 0.000000 0.000000 0.000000 0.000000 0.000000 0.000000 0.000000 0.000000 0.000000 0.000000 0.000000 0.000000 0.000000 0.000000 0.000000 0.000000 0.000000 0.000000 0.000000
-0.109965 -0.135390 1.052883 -7.597454 2.902825 16.832152 -17.959020 -13.030079 1.837065 42.025532 7.444852 -5.986813 -19.173673 -4.547008 13.598645 -0.027056 0.717050 -1.307706 -22.008174 6.437446 -1.886259 50.619851 -7.859659 -5.687720 -10.884795 0.911980 -11.875036 -2.113927 -2.114388 0.913481 27.357294 3.369779 -1.414112 -7.368100 -1.799126 -1.210136 9.346306 -2.730971 -1.610903 15.086977 -0.424233 2.841828 -8.086571 -8.047410 -4.096059 -8.274455 -0.777156 -6.638867 -17.470573 21.353250 -24.604216 -36.198309 -11.526269 -98.354099 -11.528895 -36.250779 -19.837086 0.000000 0.000000 0.000000 0.000000 0.000000 0.000000 0.000000 0.000000 0.000000 0.000000 0.000000 0.000000 0.000000 0.000000 0.000000 0.000000 0.000000 0.000000 0.000000 0.000000 0.000000 0.000000 0.000000 0.000000 0.000000 0.000000 0.000000 0.000000 0.000000 0.000000 0.000000 0.000000 0.000000 0.000000 0.000000 0.000000 0.000000 0.000000 0.000000 0.000000 0.000000 0.000000 1.801299 -8.273522 5.847618 11.068475 -49.450894 1.716125 6.365514 11.122998 47.412197 -11.181101 21.598869 12.246011 0.000000 0.000000 0.000000 0.000000 0.000000 0.000000 0.000000 0.000000 0.000000 0.000000 0.000000 0.000000 0.000000 0.000000 0.000000 0.000000 0.000000 0.000000 0.000000 0.000000 0.000000 0.000000 0.000000 0.000000 0.000000 0.000000 0.000000 0.000000 0.000000 0.000000 0.000000 0.000000 0.000000 0.000000 0.000000 0.000000 0.000000 0.000000 0.000000 0.000000 0.000000 0.000000
-0.116621 -0.125456 1.058459 -6.589990 3.661881 12.215369 -15.508353 -13.318221 3.191580 39.228145 6.929099 -6.177269 -19.308216 -5.169643 13.949222 0.065867 1.461165 -1.421830 -24.981363 5.927194 -2.085897 48.858868 -9.655865 -6.196240 -8.380857 0.709493 -11.164487 -2.453025 -2.588001 1.011059 27.380217 3.002738 -2.869975 -7.175827 -2.535815 -1.703205 9.238831 -3.035769 -2.398292 15.601668 1.584761 4.323400 -8.760977 -6.554795 -2.766644 -7.751859 -1.074017 -6.118893 -17.697649 19.303615 -23.646460 -36.150939 -11.531673 -99.096013 -10.813552 -34.312032 -18.644808 0.000000 0.000000 0.000000 0.000000 0.000000 0.000000 0.000000 0.000000 0.000000 0.000000 0.000000 0.000000 0.000000 0.000000 0.000000 0.000000 0.000000 0.000000 0.000000 0.000000 0.000000 0.000000 0.000000 0.000000 0.000000 0.000000 0.000000 0.000000 0.000000 0.000000 0.000000 0.000000 0.000000 0.000000 0.000000 0.000000 0.000000 0.000000 0.000000 0.000000 0.000000 0.000000 1.151189 -9.024475 3.623740 7.925020 -48.580966 -1.977026 0.140435 10.293691 48.802528 -13.429973 22.576933 12.372555 0.000000 0.000000 0.000000 0.000000 0.000000 0.000000 0.000000 0.000000 0.000000 0.000000 0.000000 0.000000 0.000000 0.000000 0.000000 0.000000 0.000000 0.000000 0.000000 0.000000 0.000000 0.000000 0.000000 0.000000 0.000000 0.000000 0.000000 0.000000 0.000000 0.000000 0.000000 0.000000 0.000000 0.000000 0.000000 0.000000 0.000000 0.000000 0.000000 0.000000 0.000000 0.000000
-0.119402 -0.112326 1.065011 -5.593904 3.844202 8.241337 -11.876240 -12.900332 4.159760 36.132836 6.027032 -6.182447 -19.004825 -5.565040 13.464450 0.216947 2.127038 -1.391850 -27.256687 4.805189 -2.500722 45.711071 -11.291643 -7.230340 -5.512866 0.147763 -11.054161 -2.723042 -2.924713 0.973115 26.794568 2.323274 -3.969547 -6.961677 -3.099803 -1.861772 9.185259 -3.093974 -2.942776 15.751265 3.307006 4.682495 -9.412372 -5.141843 -0.877171 -7.277708 -0.959828 -5.550927 -16.708257 18.405425 -21.980300 -34.286233 -11.914063 -98.293149 -9.893914 -32.021252 -17.788259 0.000000 0.000000 0.000000 0.000000 0.000000 0.000000 0.000000 0.000000 0.000000 0.000000 0.000000 0.000000 0.000000 0.000000 0.000000 0.000000 0.000000 0.000000 0.000000 0.000000 0.000000 0.000000 0.000000 0.000000 0.000000 0.000000 0.000000 0.000000 0.000000 0.000000 0.000000 0.000000 0.000000 0.000000 0.000000 0.000000 0.000000 0.000000 0.000000 0.000000 0.000000 0.000000 0.531383 -9.014770 1.968217 4.690466 -46.000419 -5.070516 -5.640443 9.427611 51.520202 -15.393087 22.524514 12.751707 0.000000 0.000000 0.000000 0.000000 0.000000 0.000000 0.000000 0.000000 0.000000 0.000000 0.000000 0.000000 0.000000 0.000000 0.000000 0.000000 0.000000 0.000000 0.000000 0.000000 0.000000 0.000000 0.000000 0.000000 0.000000 0.000000 0.000000 0.000000 0.000000 0.000000 0.000000 0.000000 0.000000 0.000000 0.000000 0.000000 0.000000 0.000000 0.000000 0.000000 0.000000 0.000000
-0.117327 -0.095329 1.068460 -4.472550 3.428143 4.334210 -8.468323 -11.414431 5.060249 33.613708 5.532820 -5.428605 -18.395912 -6.026674 14.746031 0.348355 2.130501 -1.409730 -29.222200 3.768126 -2.415865 43.090432 -11.377233 -7.687305 -2.909529 -1.213493 -10.778310 -2.673518 -3.017885 0.874022 25.826703 1.973745 -5.076440 -6.464932 -3.520470 -2.237786 8.667871 -2.760730 -3.460014 16.355483 4.837015 4.730262 -9.918824 -3.675283 0.673359 -6.600630 -0.571074 -4.656511 -14.957685 16.796311 -19.701355 -31.772386 -11.378970 -96.991183 -8.870880 -29.409828 -17.357609 0.000000 0.000000 0.000000 0.000000 0.000000 0.000000 0.000000 0.000000 0.000000 0.000000 0.000000 0.000000 0.000000 0.000000 0.000000 0.000000 0.000000 0.000000 0.000000 0.000000 0.000000 0.000000 0.000000 0.000000 0.000000 0.000000 0.000000 0.000000 0.000000 0.000000 0.000000 0.000000 0.000000 0.000000 0.000000 0.000000 0.000000 0.000000 0.000000 0.000000 0.000000 0.000000 -0.175602 -8.763583 0.556431 2.221228 -42.614528 -6.968511 -12.255389 8.356560 56.192274 -17.424907 22.409436 13.220930 0.000000 0.000000 0.000000 0.000000 0.000000 0.000000 0.000000 0.000000 0.000000 0.000000 0.000000 0.000000 0.000000 0.000000 0.000000 0.000000 0.000000 0.000000 0.000000 0.000000 0.000000 0.000000 0.000000 0.000000 0.000000 0.000000 0.000000 0.000000 0.000000 0.000000 0.000000 0.000000 0.000000 0.000000 0.000000 0.000000 0.000000 0.000000 0.000000 0.000000 0.000000 0.000000
-0.112579 -0.078638 1.067414 -3.655429 2.790532 0.793922 -6.211110 -10.222628 6.012019 32.604693 5.457768 -4.736695 -18.036938 -6.326024 15.333838 0.309217 2.078121 -1.349117 -30.087599 3.806773 -2.391653 43.240080 -11.295940 -7.335775 -1.335631 -1.870585 -10.531893 -2.792047 -3.132285 0.757243 25.010573 1.240342 -5.670194 -6.046304 -3.608255 -2.389772 8.455183 -2.149272 -3.705372 16.664351 5.648585 4.688012 -10.424710 -2.311260 1.557929 -6.036515 0.122439 -3.883286 -12.875634 15.523425 -18.002605 -28.497493 -11.170273 -94.190859 -6.925162 -26.865912 -17.092353 0.000000 0.000000 0.000000 0.000000 0.000000 0.000000 0.000000 0.000000 0.000000 0.000000 0.000000 0.000000 0.000000 0.000000 0.000000 0.000000 0.000000 0.000000 0.000000 0.000000 0.000000 0.000000 0.000000 0.000000 0.000000 0.000000 0.000000 0.000000 0.000000 0.000000 0.000000 0.000000 0.000000 0.000000 0.000000 0.000000 0.000000 0.000000 0.000000 0.000000 0.000000 0.000000 -1.194065 -8.298378 -0.400600 -0.899440 -38.130233 -8.586971 -17.398657 8.020461 60.251889 -17.362448 22.430763 13.350634 0.000000 0.000000 0.000000 0.000000 0.000000 0.000000 0.000000 0.000000 0.000000 0.000000 0.000000 0.000000 0.000000 0.000000 0.000000 0.000000 0.000000 0.000000 0.000000 0.000000 0.000000 0.000000 0.000000 0.000000 0.000000 0.000000 0.000000 0.000000 0.000000 0.000000 0.000000 0.000000 0.000000 0.000000 0.000000 0.000000 0.000000 0.000000 0.000000 0.000000 0.000000 0.000000
-0.103989 -0.062001 1.063865 -2.650818 1.684935 -2.009564 -4.984649 -10.616905 7.696037 33.041183 6.778746 -3.556430 -17.670595 -6.434232 14.246716 0.350612 2.514938 -1.184787 -31.900080 5.822261 -1.682333 47.207928 -12.014594 -6.048210 0.511589 -2.275118 -9.167773 -3.177335 -3.416549 0.784296 24.436577 -0.105445 -6.366240 -6.048929 -3.658411 -2.849356 8.894412 -1.694802 -4.345482 15.069059 6.370790 4.804719 -11.596737 -0.879445 2.620570 -4.670929 1.304028 -3.894750 -9.794214 14.857985 -15.668988 -22.906849 -11.525316 -90.962332 -8.038266 -21.616660 -17.694626 0.000000 0.000000 0.000000 0.000000 0.000000 0.000000 0.000000 0.000000 0.000000 0.000000 0.000000 0.000000 0.000000 0.000000 0.000000 0.000000 0.000000 0.000000 0.000000 0.000000 0.000000 0.000000 0.000000 0.000000 0.000000 0.000000 0.000000 0.000000 0.000000 0.000000 0.000000 0.000000 0.000000 0.000000 0.000000 0.000000 0.000000 0.000000 0.000000 0.000000 0.000000 0.000000 -2.459742 -7.469016 -0.707161 -4.560775 -32.777062 -9.387035 -23.022278 7.001676 66.976663 -19.667916 21.673984 14.373685 0.000000 0.000000 0.000000 0.000000 0.000000 0.000000 0.000000 0.000000 0.000000 0.000000 0.000000 0.000000 0.000000 0.000000 0.000000 0.000000 0.000000 0.000000 0.000000 0.000000 0.000000 0.000000 0.000000 0.000000 0.000000 0.000000 0.000000 0.000000 0.000000 0.000000 0.000000 0.000000 0.000000 0.000000 0.000000 0.000000 0.000000 0.000000 0.000000 0.000000 0.000000 0.000000
-0.095672 -0.052215 1.061123 -2.434849 1.028198 -4.266365 -4.636928 -12.135990 9.129501 34.923268 8.078228 -2.734631 -16.295279 -5.722918 14.339654 0.301380 2.291046 -1.119346 -33.408020 8.202479 -0.621893 51.939381 -12.243968 -4.093359 1.546809 -2.883137 -8.023302 -3.370149 -3.515933 0.763541 24.286118 -1.162059 -6.827941 -6.301783 -3.418508 -3.164942 9.277099 -1.391431 -4.561283 14.086990 7.227138 5.133961 -12.771086 -0.045495 3.826573 -3.750508 2.274746 -4.367987 -7.554675 15.073948 -14.182014 -17.751370 -12.168823 -87.698108 -8.346673 -19.334650 -18.553032 0.000000 0.000000 0.000000 0.000000 0.000000 0.000000 0.000000 0.000000 0.000000 0.000000 0.000000 0.000000 0.000000 0.000000 0.000000 0.000000 0.000000 0.000000 0.000000 0.000000 0.000000 0.000000 0.000000 0.000000 0.000000 0.000000 0.000000 0.000000 0.000000 0.000000 0.000000 0.000000 0.000000 0.000000 0.000000 0.000000 0.000000 0.000000 0.000000 0.000000 0.000000 0.000000 -3.224743 -6.514880 -0.259770 -7.902429 -28.422274 -9.422729 -26.325903 6.421091 71.507031 -19.247168 21.949098 15.358774 0.000000 0.000000 0.000000 0.000000 0.000000 0.000000 0.000000 0.000000 0.000000 0.000000 0.000000 0.000000 0.000000 0.000000 0.000000 0.000000 0.000000 0.000000 0.000000 0.000000 0.000000 0.000000 0.000000 0.000000 0.000000 0.000000 0.000000 0.000000 0.000000 0.000000 0.000000 0.000000 0.000000 0.000000 0.000000 0.000000 0.000000 0.000000 0.000000 0.000000 0.000000 0.000000
-0.083653 -0.047491 1.058469 -2.814018 0.119827 -6.489034 -4.722125 -14.237760 10.462952 36.846631 8.889425 -1.396176 -15.339040 -4.950616 14.456496 0.162053 1.866497 -0.987389 -33.693197 10.943117 0.194726 55.267918 -11.358140 -2.135909 0.643656 -2.291056 -8.266378 -3.534152 -3.430117 0.742898 24.105544 -2.159828 -7.068158 -6.480216 -2.918091 -3.328727 9.454983 -0.903769 -4.540315 13.188749 7.659521 5.311470 -13.128377 0.410020 4.932008 -2.947017 3.297970 -4.604285 -5.358266 15.526437 -12.597749 -11.836052 -13.001510 -85.050228 -7.888522 -17.270750 -18.888299 0.000000 0.000000 0.000000 0.000000 0.000000 0.000000 0.000000 0.000000 0.000000 0.000000 0.000000 0.000000 0.000000 0.000000 0.000000 0.000000 0.000000 0.000000 0.000000 0.000000 0.000000 0.000000 0.000000 0.000000 0.000000 0.000000 0.000000 0.000000 0.000000 0.000000 0.000000 0.000000 0.000000 0.000000 0.000000 0.000000 0.000000 0.000000 0.000000 0.000000 0.000000 0.000000 -3.879620 -5.539369 0.474684 -11.102800 -23.650823 -8.844708 -28.093768 5.984290 76.008910 -17.314431 22.419197 16.221164 0.000000 0.000000 0.000000 0.000000 0.000000 0.000000 0.000000 0.000000 0.000000 0.000000 0.000000 0.000000 0.000000 0.000000 0.000000 0.000000 0.000000 0.000000 0.000000 0.000000 0.000000 0.000000 0.000000 0.000000 0.000000 0.000000 0.000000 0.000000 0.000000 0.000000 0.000000 0.000000 0.000000 0.000000 0.000000 0.000000 0.000000 0.000000 0.000000 0.000000 0.000000 0.000000
-0.066826 -0.046814 1.056372 -3.735401 -1.065324 -8.996139 -5.037711 -16.547020 11.166009 37.516795 9.363174 -0.008852 -13.885963 -3.898047 14.778665 -0.105728 0.993096 -0.943047 -32.466864 13.658881 0.918447 55.849103 -9.726375 -0.564295 -2.031176 -1.643075 -8.536763 -3.426705 -3.219166 0.774158 23.289762 -2.905527 -6.915891 -6.473952 -2.030670 -3.488556 9.535750 -0.227180 -4.264709 13.194008 8.042273 5.312195 -13.092900 0.753108 6.301874 -1.664032 4.525666 -4.789754 -3.237432 17.071627 -10.494036 -5.869811 -14.102072 -81.385126 -8.426920 -15.353341 -18.813779 0.000000 0.000000 0.000000 0.000000 0.000000 0.000000 0.000000 0.000000 0.000000 0.000000 0.000000 0.000000 0.000000 0.000000 0.000000 0.000000 0.000000 0.000000 0.000000 0.000000 0.000000 0.000000 0.000000 0.000000 0.000000 0.000000 0.000000 0.000000 0.000000 0.000000 0.000000 0.000000 0.000000 0.000000 0.000000 0.000000 0.000000 0.000000 0.000000 0.000000 0.000000 0.000000 -4.074810 -4.204181 1.465774 -14.986993 -19.216362 -7.686889 -29.983866 5.031914 81.388061 -16.127250 23.397627 17.618092 0.000000 0.000000 0.000000 0.000000 0.000000 0.000000 0.000000 0.000000 0.000000 0.000000 0.000000 0.000000 0.000000 0.000000 0.000000 0.000000 0.000000 0.000000 0.000000 0.000000 0.000000 0.000000 0.000000 0.000000 0.000000 0.000000 0.000000 0.000000 0.000000 0.000000 0.000000 0.000000 0.000000 0.000000 0.000000 0.000000 0.000000 0.000000 0.000000 0.000000 0.000000 0.000000
-0.050769 -0.046944 1.055886 -4.506139 -1.670811 -10.869946 -5.411889 -18.135591 11.202038 37.150571 9.161323 0.714224 -12.466123 -2.607672 14.913682 -0.285856 0.399398 -0.913087 -30.729771 15.199583 0.767013 54.630087 -8.308701 0.455032 -5.125481 -1.222768 -8.507913 -3.328915 -3.134040 0.640761 23.033413 -3.820042 -6.519619 -6.403613 -1.077710 -3.152272 9.268778 0.623287 -3.544864 13.395254 8.081788 4.866189 -11.617139 0.785049 7.398312 -0.950419 5.783553 -4.569421 -1.135014 19.552259 -8.773965 -1.550899 -14.803750 -79.460034 -8.928458 -14.800758 -18.550822 0.000000 0.000000 0.000000 0.000000 0.000000 0.000000 0.000000 0.000000 0.000000 0.000000 0.000000 0.000000 0.000000 0.000000 0.000000 0.000000 0.000000 0.000000 0.000000 0.000000 0.000000 0.000000 0.000000 0.000000 0.000000 0.000000 0.000000 0.000000 0.000000 0.000000 0.000000 0.000000 0.000000 0.000000 0.000000 0.000000 0.000000 0.000000 0.000000 0.000000 0.000000 0.000000 -3.937880 -2.927054 2.323173 -17.405229 -15.216578 -6.034972 -29.965631 4.647321 85.729071 -13.847474 24.291034 18.109171 0.000000 0.000000 0.000000 0.000000 0.000000 0.000000 0.000000 0.000000 0.000000 0.000000 0.000000 0.000000 0.000000 0.000000 0.000000 0.000000 0.000000 0.000000 0.000000 0.000000 0.000000 0.000000 0.000000 0.000000 0.000000 0.000000 0.000000 0.000000 0.000000 0.000000 0.000000 0.000000 0.000000 0.000000 0.000000 0.000000 0.000000 0.000000 0.000000 0.000000 0.000000 0.000000
-0.035285 -0.045828 1.058676 -4.844151 -2.012557 -11.622438 -7.374382 -18.627079 10.227485 38.065256 9.071256 1.020812 -11.136184 -1.517913 14.341827 -0.522203 -0.015569 -0.902715 -28.144398 15.741657 -0.303999 51.756915 -7.503212 0.693308 -7.735931 -0.651287 -8.545068 -3.240902 -2.970322 0.470316 23.162137 -4.498229 -5.495212 -6.442950 -0.239908 -2.937627 9.090295 1.247122 -2.855882 13.057568 7.740474 4.429293 -10.716431 0.588106 8.148258 -0.379966 7.117593 -4.059312 1.393314 23.600808 -7.821766 2.791978 -15.917047 -77.076793 -9.109489 -14.247539 -17.775280 0.000000 0.000000 0.000000 0.000000 0.000000 0.000000 0.000000 0.000000 0.000000 0.000000 0.000000 0.000000 0.000000 0.000000 0.000000 0.000000 0.000000 0.000000 0.000000 0.000000 0.000000 0.000000 0.000000 0.000000 0.000000 0.000000 0.000000 0.000000 0.000000 0.000000 0.000000 0.000000 0.000000 0.000000 0.000000 0.000000 0.000000 0.000000 0.000000 0.000000 0.000000 0.000000 -3.931961 -1.592686 2.793943 -19.600775 -12.635559 -4.509017 -30.553981 4.158566 89.663490 -11.940651 24.445180 17.945788 0.000000 0.000000 0.000000 0.000000 0.000000 0.000000 0.000000 0.000000 0.000000 0.000000 0.000000 0.000000 0.000000 0.000000 0.000000 0.000000 0.000000 0.000000 0.000000 0.000000 0.000000 0.000000 0.000000 0.000000 0.000000 0.000000 0.000000 0.000000 0.000000 0.000000 0.000000 0.000000 0.000000 0.000000 0.000000 0.000000 0.000000 0.000000 0.000000 0.000000 0.000000 0.000000
-0.018417 -0.043405 1.065273 -5.110269 -2.614538 -11.328528 -10.293556 -17.724225 8.560238 39.650723 9.884146 1.754950 -9.253303 -0.259885 13.599151 -0.757776 -0.176654 -0.887305 -24.593182 15.327003 -1.410320 47.075152 -6.110316 0.197531 -8.491450 -0.651971 -9.160624 -3.063631 -2.926128 0.301795 23.084309 -4.837523 -4.252416 -6.180569 0.715111 -2.878230 9.147976 1.632428 -2.173169 13.016412 7.883845 3.664408 -10.405973 0.413364 9.275680 0.324305 8.902381 -3.705142 4.224701 27.902095 -6.474698 7.585517 -15.832188 -73.358988 -8.521765 -14.365176 -17.208918 0.000000 0.000000 0.000000 0.000000 0.000000 0.000000 0.000000 0.000000 0.000000 0.000000 0.000000 0.000000 0.000000 0.000000 0.000000 0.000000 0.000000 0.000000 0.000000 0.000000 0.000000 0.000000 0.000000 0.000000 0.000000 0.000000 0.000000 0.000000 0.000000 0.000000 0.000000 0.000000 0.000000 0.000000 0.000000 0.000000 0.000000 0.000000 0.000000 0.000000 0.000000 0.000000 -3.834035 -0.223004 3.135832 -20.907289 -10.432830 -3.184799 -30.282266 3.554958 93.414191 -10.145146 24.049159 17.615376 0.000000 0.000000 0.000000 0.000000 0.000000 0.000000 0.000000 0.000000 0.000000 0.000000 0.000000 0.000000 0.000000 0.000000 0.000000 0.000000 0.000000 0.000000 0.000000 0.000000 0.000000 0.000000 0.000000 0.000000 0.000000 0.000000 0.000000 0.000000 0.000000 0.000000 0.000000 0.000000 0.000000 0.000000 0.000000 0.000000 0.000000 0.000000 0.000000 0.000000 0.000000 0.000000
-0.000342 -0.038250 1.073372 -5.245448 -3.570578 -9.359501 -15.620588 -14.469826 5.753289 43.432130 11.525505 2.385234 -7.643190 0.323591 12.399226 -0.813525 -0.177348 -0.950662 -20.452825 13.013334 -2.083406 41.759556 -3.476035 -0.262306 -8.524463 -0.247369 -10.745874 -3.006271 -2.662433 0.170334 23.350297 -4.741902 -2.537313 -5.920249 1.580677 -2.830642 9.054623 2.051894 -1.672735 12.661285 7.445027 2.657252 -10.875490 0.151817 10.677885 0.731030 11.361613 -3.385680 7.542081 33.220089 -5.513490 12.471026 -14.761599 -66.526018 -5.932970 -14.213756 -16.826816 0.000000 0.000000 0.000000 0.000000 0.000000 0.000000 0.000000 0.000000 0.000000 0.000000 0.000000 0.000000 0.000000 0.000000 0.000000 0.000000 0.000000 0.000000 0.000000 0.000000 0.000000 0.000000 0.000000 0.000000 0.000000 0.000000 0.000000 0.000000 0.000000 0.000000 0.000000 0.000000 0.000000 0.000000 0.000000 0.000000 0.000000 0.000000 0.000000 0.000000 0.000000 0.000000 -4.121757 1.259076 3.230771 -21.347864 -8.225411 -2.392970 -30.292752 2.889481 95.901688 -9.614311 22.831799 17.802180 0.000000 0.000000 0.000000 0.000000 0.000000 0.000000 0.000000 0.000000 0.000000 0.000000 0.000000 0.000000 0.000000 0.000000 0.000000 0.000000 0.000000 0.000000 0.000000 0.000000 0.000000 0.000000 0.000000 0.000000 0.000000 0.000000 0.000000 0.000000 0.000000 0.000000 0.000000 0.000000 0.000000 0.000000 0.000000 0.000000 0.000000 0.000000 0.000000 0.000000 0.000000 0.000000
0.014393 -0.027173 1.079207 -4.804506 -4.185964 -6.822509 -19.728140 -10.453361 3.653784 43.614292 12.439631 3.274051 -6.765247 0.313087 11.734412 -0.476650 -0.270693 -0.796783 -17.428364 10.411963 -2.167295 38.376465 -2.252014 -0.984002 -8.756587 0.065495 -12.210927 -2.937469 -2.624392 0.056653 23.494353 -4.442541 -1.071958 -5.818358 2.221937 -2.560505 8.737615 2.412047 -1.333402 12.802954 6.723393 1.077688 -10.741245 -0.230851 10.839308 0.807811 13.666796 -2.921419 9.072298 36.093360 -4.078683 14.981592 -13.678903 -60.788024 -2.690102 -16.055925 -16.745806 0.000000 0.000000 0.000000 0.000000 0.000000 0.000000 0.000000 0.000000 0.000000 0.000000 0.000000 0.000000 0.000000 0.000000 0.000000 0.000000 0.000000 0.000000 0.000000 0.000000 0.000000 0.000000 0.000000 0.000000 0.000000 0.000000 0.000000 0.000000 0.000000 0.000000 0.000000 0.000000 0.000000 0.000000 0.000000 0.000000 0.000000 0.000000 0.000000 0.000000 0.000000 0.000000 -4.602307 1.550030 3.355103 -21.387338 -6.729963 -1.806548 -31.466250 3.153790 97.452895 -9.647503 23.235295 18.278080 0.000000 0.000000 0.000000 0.000000 0.000000 0.000000 0.000000 0.000000 0.000000 0.000000 0.000000 0.000000 0.000000 0.000000 0.000000 0.000000 0.000000 0.000000 0.000000 0.000000 0.000000 0.000000 0.000000 0.000000 0.000000 0.000000 0.000000 0.000000 0.000000 0.000000 0.000000 0.000000 0.000000 0.000000 0.000000 0.000000 0.000000 0.000000 0.000000 0.000000 0.000000 0.000000
0.022863 -0.015778 1.079798 -4.508947 -3.916960 -4.642293 -22.420632 -6.658319 2.480860 41.228648 13.084309 3.952622 -6.769379 -0.024921 11.734966 -0.294038 -0.546639 -0.728554 -15.143223 7.692224 -2.425948 37.488315 -1.999026 -1.963671 -10.336478 0.946253 -13.364627 -3.003045 -2.465300 0.029416 23.892621 -4.235578 -0.043410 -5.987610 2.806356 -2.092827 8.363390 2.930702 -0.951847 12.929622 5.346063 -0.563913 -10.664524 -0.741636 10.426692 0.784586 15.695553 -2.158212 8.558479 37.716802 -1.257991 15.819488 -12.521899 -55.370776 -0.744108 -17.063142 -16.623786 0.000000 0.000000 0.000000 0.000000 0.000000 0.000000 0.000000 0.000000 0.000000 0.000000 0.000000 0.000000 0.000000 0.000000 0.000000 0.000000 0.000000 0.000000 0.000000 0.000000 0.000000 0.000000 0.000000 0.000000 0.000000 0.000000 0.000000 0.000000 0.000000 0.000000 0.000000 0.000000 0.000000 0.000000 0.000000 0.000000 0.000000 0.000000 0.000000 0.000000 0.000000 0.000000 -5.022805 1.756062 3.893089 -22.102050 -4.838960 -0.663365 -32.334245 3.722547 98.101454 -9.070229 24.067452 18.734701 0.000000 0.000000 0.000000 0.000000 0.000000 0.000000 0.000000 0.000000 0.000000 0.000000 0.000000 0.000000 0.000000 0.000000 0.000000 0.000000 0.000000 0.000000 0.000000 0.000000 0.000000 0.000000 0.000000 0.000000 0.000000 0.000000 0.000000 0.000000 0.000000 0.000000 0.000000 0.000000 0.000000 0.000000 0.000000 0.000000 0.000000 0.000000 0.000000 0.000000 0.000000 0.000000
0.029552 -0.007448 1.075348 -4.704524 -3.592419 -3.067051 -23.523629 -4.215933 2.254994 38.180236 13.232936 5.012479 -6.660250 -0.170431 12.394080 -0.265743 -0.851110 -0.783888 -13.227956 5.167644 -2.800763 37.941168 -1.996981 -3.047118 -11.981586 2.520888 -14.272852 -3.192733 -2.473422 0.116848 23.903305 -3.745654 0.650517 -5.800996 3.315285 -1.742983 8.246602 3.427669 -0.384581 13.153784 4.043428 -1.458564 -10.930218 -1.176013 9.166150 0.963485 17.191293 -1.496470 6.826149 37.625722 1.934896 14.108136 -11.470806 -51.665523 -0.079234 -17.522685 -16.614713 0.000000 0.000000 0.000000 0.000000 0.000000 0.000000 0.000000 0.000000 0.000000 0.000000 0.000000 0.000000 0.000000 0.000000 0.000000 0.000000 0.000000 0.000000 0.000000 0.000000 0.000000 0.000000 0.000000 0.000000 0.000000 0.000000 0.000000 0.000000 0.000000 0.000000 0.000000 0.000000 0.000000 0.000000 0.000000 0.000000 0.000000 0.000000 0.000000 0.000000 0.000000 0.000000 -4.962588 1.317715 4.840866 -22.740801 -3.650282 0.669545 -32.555207 5.019538 98.216644 -7.696412 26.512889 19.084900 0.000000 0.000000 0.000000 0.000000 0.000000 0.000000 0.000000 0.000000 0.000000 0.000000 0.000000 0.000000 0.000000 0.000000 0.000000 0.000000 0.000000 0.000000 0.000000 0.000000 0.000000 0.000000 0.000000 0.000000 0.000000 0.000000 0.000000 0.000000 0.000000 0.000000 0.000000 0.000000 0.000000 0.000000 0.000000 0.000000 0.000000 0.000000 0.000000 0.000000 0.000000 0.000000
0.027548 0.001420 1.067031 -4.649850 -2.485156 -1.683925 -24.132968 -3.391115 2.201329 37.360693 13.158933 5.978209 -7.344876 -1.154516 13.799872 -0.357846 -1.031626 -0.923881 -11.469181 3.274662 -3.780255 37.837161 -3.075180 -4.295100 -13.695291 3.784507 -15.000159 -3.402693 -2.406169 0.269455 23.311078 -3.014709 1.428558 -6.131930 3.774446 -1.253965 8.450464 3.595321 0.304608 13.098060 2.695214 -2.022511 -10.450462 -1.852079 8.423216 0.809869 18.432918 0.033452 4.137516 36.993625 5.146558 10.058023 -10.133165 -47.947725 -0.083643 -17.859304 -16.281459 0.000000 0.000000 0.000000 0.000000 0.000000 0.000000 0.000000 0.000000 0.000000 0.000000 0.000000 0.000000 0.000000 0.000000 0.000000 0.000000 0.000000 0.000000 0.000000 0.000000 0.000000 0.000000 0.000000 0.000000 0.000000 0.000000 0.000000 0.000000 0.000000 0.000000 0.000000 0.000000 0.000000 0.000000 0.000000 0.000000 0.000000 0.000000 0.000000 0.000000 0.000000 0.000000 -4.680426 0.556211 5.163591 -23.214354 -2.317853 1.578010 -32.536347 5.909519 99.756839 -6.539968 28.450370 19.404909 0.000000 0.000000 0.000000 0.000000 0.000000 0.000000 0.000000 0.000000 0.000000 0.000000 0.000000 0.000000 0.000000 0.000000 0.000000 0.000000 0.000000 0.000000 0.000000 0.000000 0.000000 0.000000 0.000000 0.000000 0.000000 0.000000 0.000000 0.000000 0.000000 0.000000 0.000000 0.000000 0.000000 0.000000 0.000000 0.000000 0.000000 0.000000 0.000000 0.000000 0.000000 0.000000
0.022842 0.009595 1.058600 -4.516051 -1.541460 0.244163 -24.292657 -4.962050 2.713737 38.781328 14.028967 6.488762 -8.774021 -1.924027 14.120598 -0.269673 -1.083135 -1.052974 -10.434619 3.471900 -4.926108 38.072272 -4.595341 -4.787058 -14.428192 3.713055 -14.514174 -3.396776 -2.342320 0.356299 22.634527 -2.300243 2.108157 -6.385269 3.939245 -0.826369 8.893163 3.474071 0.799139 13.190838 1.585108 -2.591747 -10.273793 -2.511916 7.043834 0.380538 18.644141 1.417153 1.109114 36.413765 7.447486 6.817920 -9.112984 -45.061428 -1.327930 -17.329407 -15.626110 0.000000 0.000000 0.000000 0.000000 0.000000 0.000000 0.000000 0.000000 0.000000 0.000000 0.000000 0.000000 0.000000 0.000000 0.000000 0.000000 0.000000 0.000000 0.000000 0.000000 0.000000 0.000000 0.000000 0.000000 0.000000 0.000000 0.000000 0.000000 0.000000 0.000000 0.000000 0.000000 0.000000 0.000000 0.000000 0.000000 0.000000 0.000000 0.000000 0.000000 0.000000 0.000000 -4.396426 0.047208 5.129117 -23.400752 -2.866201 1.586047 -32.683127 6.875283 101.539421 -6.363645 28.891012 19.453773 0.000000 0.000000 0.000000 0.000000 0.000000 0.000000 0.000000 0.000000 0.000000 0.000000 0.000000 0.000000 0.000000 0.000000 0.000000 0.000000 0.000000 0.000000 0.000000 0.000000 0.000000 0.000000 0.000000 0.000000 0.000000 0.000000 0.000000 0.000000 0.000000 0.000000 0.000000 0.000000 0.000000 0.000000 0.000000 0.000000 0.000000 0.000000 0.000000 0.000000 0.000000 0.000000
0.016397 0.013571 1.050486 -4.947334 -0.580527 2.243516 -24.119534 -8.291950 2.997292 42.121519 15.030524 4.859496 -10.553028 -1.957419 12.744381 -0.216988 -1.058700 -1.148160 -10.737257 5.890505 -6.313566 40.279272 -7.149047 -5.423443 -13.683370 2.145252 -13.644376 -3.319024 -2.078755 0.480040 22.661815 -1.520140 2.664893 -6.927861 3.965561 -0.190533 9.615909 3.041555 1.252124 13.202612 0.283571 -2.648811 -10.174816 -3.502456 5.442640 -0.315773 18.151294 2.982831 -2.307599 35.561756 9.201773 2.425176 -8.026374 -44.559844 -4.822785 -17.411932 -15.487078 0.000000 0.000000 0.000000 0.000000 0.000000 0.000000 0.000000 0.000000 0.000000 0.000000 0.000000 0.000000 0.000000 0.000000 0.000000 0.000000 0.000000 0.000000 0.000000 0.000000 0.000000 0.000000 0.000000 0.000000 0.000000 0.000000 0.000000 0.000000 0.000000 0.000000 0.000000 0.000000 0.000000 0.000000 0.000000 0.000000 0.000000 0.000000 0.000000 0.000000 0.000000 0.000000 -3.915789 -0.347218 4.981931 -23.381419 -4.531683 1.174529 -31.336087 6.733641 103.466736 -6.959546 28.687638 19.581130 0.000000 0.000000 0.000000 0.000000 0.000000 0.000000 0.000000 0.000000 0.000000 0.000000 0.000000 0.000000 0.000000 0.000000 0.000000 0.000000 0.000000 0.000000 0.000000 0.000000 0.000000 0.000000 0.000000 0.000000 0.000000 0.000000 0.000000 0.000000 0.000000 0.000000 0.000000 0.000000 0.000000 0.000000 0.000000 0.000000 0.000000 0.000000 0.000000 0.000000 0.000000 0.000000
0.015071 0.014306 1.040578 -5.910906 -0.568607 3.428870 -23.773714 -12.042743 2.914694 45.958122 15.367919 1.659525 -11.842474 -1.664989 10.842930 -0.180463 -0.911040 -1.169068 -12.351934 10.616192 -6.936561 45.235453 -9.060715 -4.858897 -12.332801 0.674031 -12.199830 -3.138058 -1.963935 0.579187 23.263740 -0.708879 3.060894 -7.536148 4.409030 0.615210 10.180003 2.857947 2.030122 13.234140 -0.663487 -2.739400 -9.682036 -4.309743 3.130103 -1.095663 17.290279 5.125066 -4.836489 34.092186 10.561893 -2.434171 -8.111877 -48.408763 -8.900817 -19.305580 -16.692400 0.000000 0.000000 0.000000 0.000000 0.000000 0.000000 0.000000 0.000000 0.000000 0.000000 0.000000 0.000000 0.000000 0.000000 0.000000 0.000000 0.000000 0.000000 0.000000 0.000000 0.000000 0.000000 0.000000 0.000000 0.000000 0.000000 0.000000 0.000000 0.000000 0.000000 0.000000 0.000000 0.000000 0.000000 0.000000 0.000000 0.000000 0.000000 0.000000 0.000000 0.000000 0.000000 -3.491248 -0.662561 5.089430 -22.856760 -6.403810 0.813825 -28.503516 6.524395 104.813962 -7.735757 29.376449 20.089358 0.000000 0.000000 0.000000 0.000000 0.000000 0.000000 0.000000 0.000000 0.000000 0.000000 0.000000 0.000000 0.000000 0.000000 0.000000 0.000000 0.000000 0.000000 0.000000 0.000000 0.000000 0.000000 0.000000 0.000000 0.000000 0.000000 0.000000 0.000000 0.000000 0.000000 0.000000 0.000000 0.000000 0.000000 0.000000 0.000000 0.000000 0.000000 0.000000 0.000000 0.000000 0.000000
0.013024 0.016949 1.029442 -6.460252 -0.288422 3.808229 -23.185829 -16.883839 3.245174 48.468288 13.921942 -0.445506 -13.926301 -1.472339 9.615289 -0.349638 -0.737566 -1.098104 -13.282165 16.926208 -7.741621 47.923912 -9.240766 -4.438004 -13.451971 -0.172213 -10.725842 -2.912106 -1.894234 0.663517 23.770431 -0.288692 3.557813 -8.459793 4.962352 1.801746 10.339382 2.233402 2.953003 12.735315 -1.304339 -3.359378 -7.412323 -5.255687 2.056679 -1.996000 16.019528 7.075597 -6.798856 32.620560 10.641710 -7.069352 -8.893476 -54.404663 -13.873579 -21.856551 -17.045005 0.000000 0.000000 0.000000 0.000000 0.000000 0.000000 0.000000 0.000000 0.000000 0.000000 0.000000 0.000000 0.000000 0.000000 0.000000 0.000000 0.000000 0.000000 0.000000 0.000000 0.000000 0.000000 0.000000 0.000000 0.000000 0.000000 0.000000 0.000000 0.000000 0.000000 0.000000 0.000000 0.000000 0.000000 0.000000 0.000000 0.000000 0.000000 0.000000 0.000000 0.000000 0.000000 -3.001262 -0.814129 5.232279 -21.359553 -8.230697 1.430863 -23.771265 6.625117 105.083447 -8.152980 28.036562 18.617896 0.000000 0.000000 0.000000 0.000000 0.000000 0.000000 0.000000 0.000000 0.000000 0.000000 0.000000 0.000000 0.000000 0.000000 0.000000 0.000000 0.000000 0.000000 0.000000 0.000000 0.000000 0.000000 0.000000 0.000000 0.000000 0.000000 0.000000 0.000000 0.000000 0.000000 0.000000 0.000000 0.000000 0.000000 0.000000 0.000000 0.000000 0.000000 0.000000 0.000000 0.000000 0.000000
0.009153 0.018612 1.023373 -6.812254 0.248047 4.603916 -21.787629 -19.042941 3.308544 47.341114 12.535470 -1.997836 -15.545159 -2.467733 10.445517 -0.357731 -0.333290 -1.074822 -13.707521 19.741968 -7.354707 47.624164 -7.840459 -3.611201 -12.848650 0.140048 -12.274216 -2.910246 -1.830209 0.821301 23.974573 -0.182531 3.369751 -8.589999 5.028566 2.590720 10.144821 1.871634 3.397299 13.176991 -1.181624 -4.015018 -5.946713 -5.904198 1.986467 -2.094077 14.748360 7.829424 -8.247791 31.328769 10.404170 -11.915974 -9.249617 -61.106808 -17.131132 -22.475959 -18.182272 0.000000 0.000000 0.000000 0.000000 0.000000 0.000000 0.000000 0.000000 0.000000 0.000000 0.000000 0.000000 0.000000 0.000000 0.000000 0.000000 0.000000 0.000000 0.000000 0.000000 0.000000 0.000000 0.000000 0.000000 0.000000 0.000000 0.000000 0.000000 0.000000 0.000000 0.000000 0.000000 0.000000 0.000000 0.000000 0.000000 0.000000 0.000000 0.000000 0.000000 0.000000 0.000000 -2.636729 -0.548821 5.752338 -18.945998 -10.460468 2.818103 -19.994039 8.240271 103.760931 -8.873799 25.072360 17.628843 0.000000 0.000000 0.000000 0.000000 0.000000 0.000000 0.000000 0.000000 0.000000 0.000000 0.000000 0.000000 0.000000 0.000000 0.000000 0.000000 0.000000 0.000000 0.000000 0.000000 0.000000 0.000000 0.000000 0.000000 0.000000 0.000000 0.000000 0.000000 0.000000 0.000000 0.000000 0.000000 0.000000 0.000000 0.000000 0.000000 0.000000 0.000000 0.000000 0.000000 0.000000 0.000000
0.004856 0.022187 1.023617 -6.495065 0.695266 5.978930 -20.127495 -19.347405 3.363234 44.543919 11.224600 -3.216201 -16.911117 -2.915634 10.132159 -0.494559 -0.088889 -1.009091 -14.215940 20.876896 -6.904759 46.567788 -6.604507 -3.400963 -10.581096 -0.643285 -12.857414 -3.045279 -1.750181 0.957280 23.700632 -0.080390 3.276942 -8.132867 4.624515 3.175873 9.977040 1.406913 3.713499 13.571173 -1.247956 -4.724017 -5.003049 -6.353918 1.611796 -2.249381 13.271207 7.461123 -8.986219 30.019295 8.960275 -16.197266 -9.020531 -65.956322 -18.933258 -23.614369 -19.112263 0.000000 0.000000 0.000000 0.000000 0.000000 0.000000 0.000000 0.000000 0.000000 0.000000 0.000000 0.000000 0.000000 0.000000 0.000000 0.000000 0.000000 0.000000 0.000000 0.000000 0.000000 0.000000 0.000000 0.000000 0.000000 0.000000 0.000000 0.000000 0.000000 0.000000 0.000000 0.000000 0.000000 0.000000 0.000000 0.000000 0.000000 0.000000 0.000000 0.000000 0.000000 0.000000 -2.386088 -0.134681 6.773874 -15.983392 -12.774251 4.705780 -17.066413 9.638648 101.194136 -9.760905 22.887860 17.055258 0.000000 0.000000 0.000000 0.000000 0.000000 0.000000 0.000000 0.000000 0.000000 0.000000 0.000000 0.000000 0.000000 0.000000 0.000000 0.000000 0.000000 0.000000 0.000000 0.000000 0.000000 0.000000 0.000000 0.000000 0.000000 0.000000 0.000000 0.000000 0.000000 0.000000 0.000000 0.000000 0.000000 0.000000 0.000000 0.000000 0.000000 0.000000 0.000000 0.000000 0.000000 0.000000
0.000952 0.027728 1.031221 -5.621693 0.850610 6.654026 -18.541006 -18.212494 3.441912 40.885101 10.287498 -3.046896 -16.221623 -3.356613 10.723962 -0.454276 0.066285 -0.966306 -15.902903 20.413240 -5.958083 45.990296 -6.130570 -3.913263 -7.324973 -1.248328 -12.919426 -3.109632 -1.951606 1.074699 23.314452 0.021112 2.858849 -7.666114 4.278640 3.447162 9.865086 0.981133 3.854232 13.835423 -0.750847 -4.787509 -5.128459 -6.186993 1.077064 -2.400777 12.092413 6.876860 -9.457861 28.933775 7.671039 -19.287470 -8.495438 -69.925054 -18.854653 -24.339387 -19.630395 0.000000 0.000000 0.000000 0.000000 0.000000 0.000000 0.000000 0.000000 0.000000 0.000000 0.000000 0.000000 0.000000 0.000000 0.000000 0.000000 0.000000 0.000000 0.000000 0.000000 0.000000 0.000000 0.000000 0.000000 0.000000 0.000000 0.000000 0.000000 0.000000 0.000000 0.000000 0.000000 0.000000 0.000000 0.000000 0.000000 0.000000 0.000000 0.000000 0.000000 0.000000 0.000000 -2.279121 0.254951 8.140881 -13.109575 -15.683313 7.000840 -13.886904 10.930303 99.140114 -10.164611 21.347330 16.434033 0.000000 0.000000 0.000000 0.000000 0.000000 0.000000 0.000000 0.000000 0.000000 0.000000 0.000000 0.000000 0.000000 0.000000 0.000000 0.000000 0.000000 0.000000 0.000000 0.000000 0.000000 0.000000 0.000000 0.000000 0.000000 0.000000 0.000000 0.000000 0.000000 0.000000 0.000000 0.000000 0.000000 0.000000 0.000000 0.000000 0.000000 0.000000 0.000000 0.000000 0.000000 0.000000
-0.003664 0.031266 1.042592 -4.857729 0.741322 6.786946 -16.404384 -15.491883 2.984958 36.208734 8.268468 -2.730601 -13.763141 -3.211307 12.571661 -0.401251 0.041064 -0.827219 -18.482951 17.792390 -4.564521 47.400935 -6.052583 -5.016937 -6.381433 -0.665735 -13.180707 -2.887660 -2.129260 1.147731 23.113770 -0.007950 2.329191 -7.391328 4.076194 3.789455 10.145364 0.247283 4.144908 14.031572 0.329987 -3.963768 -6.104197 -5.733506 1.429686 -2.859463 10.969744 5.518582 -10.221774 27.682209 5.822099 -22.899441 -7.569602 -73.254707 -17.717427 -25.832734 -20.131987 0.000000 0.000000 0.000000 0.000000 0.000000 0.000000 0.000000 0.000000 0.000000 0.000000 0.000000 0.000000 0.000000 0.000000 0.000000 0.000000 0.000000 0.000000 0.000000 0.000000 0.000000 0.000000 0.000000 0.000000 0.000000 0.000000 0.000000 0.000000 0.000000 0.000000 0.000000 0.000000 0.000000 0.000000 0.000000 0.000000 0.000000 0.000000 0.000000 0.000000 0.000000 0.000000 -1.917996 0.138935 9.781134 -9.419369 -19.852750 9.091171 -10.640399 13.224825 96.032373 -8.503591 22.302812 15.931126 0.000000 0.000000 0.000000 0.000000 0.000000 0.000000 0.000000 0.000000 0.000000 0.000000 0.000000 0.000000 0.000000 0.000000 0.000000 0.000000 0.000000 0.000000 0.000000 0.000000 0.000000 0.000000 0.000000 0.000000 0.000000 0.000000 0.000000 0.000000 0.000000 0.000000 0.000000 0.000000 0.000000 0.000000 0.000000 0.000000 0.000000 0.000000 0.000000 0.000000 0.000000 0.000000
-0.011703 0.030490 1.053304 -4.663960 1.176080 6.384244 -14.148334 -12.499091 2.208792 32.271635 6.178624 -3.473717 -11.658195 -3.633378 14.767318 -0.517304 -0.222330 -0.855771 -21.530458 14.012982 -3.534785 49.383954 -7.673748 -5.995778 -6.818922 0.754862 -13.322204 -2.767703 -2.260447 1.279708 22.985901 -0.087890 1.637373 -7.316295 3.838288 4.163601 10.233406 -0.233320 4.337507 13.194418 0.911535 -3.199411 -7.405687 -5.258980 0.801299 -3.820691 10.106597 4.446201 -10.284208 25.613038 4.500660 -26.084510 -6.640613 -75.566947 -17.020600 -26.710388 -20.228049 0.000000 0.000000 0.000000 0.000000 0.000000 0.000000 0.000000 0.000000 0.000000 0.000000 0.000000 0.000000 0.000000 0.000000 0.000000 0.000000 0.000000 0.000000 0.000000 0.000000 0.000000 0.000000 0.000000 0.000000 0.000000 0.000000 0.000000 0.000000 0.000000 0.000000 0.000000 0.000000 0.000000 0.000000 0.000000 0.000000 0.000000 0.000000 0.000000 0.000000 0.000000 0.000000 -2.201507 0.059393 11.743734 -5.628452 -22.558267 11.705668 -7.479346 14.282983 92.578093 -8.895678 22.747124 15.765753 0.000000 0.000000 0.000000 0.000000 0.000000 0.000000 0.000000 0.000000 0.000000 0.000000 0.000000 0.000000 0.000000 0.000000 0.000000 0.000000 0.000000 0.000000 0.000000 0.000000 0.000000 0.000000 0.000000 0.000000 0.000000 0.000000 0.000000 0.000000 0.000000 0.000000 0.000000 0.000000 0.000000 0.000000 0.000000 0.000000 0.000000 0.000000 0.000000 0.000000 0.000000 0.000000
-0.019580 0.032629 1.061049 -4.033805 1.652436 5.262952 -12.864491 -9.673670 1.361427 29.957703 4.771430 -3.879191 -10.551698 -4.157751 15.958697 -0.411051 -0.267785 -0.892174 -24.239228 9.642002 -3.061579 50.237963 -9.339543 -6.735131 -7.266491 1.603033 -12.865550 -2.691877 -2.233155 1.267309 22.852184 -0.122989 0.993546 -7.122631 3.344478 4.220718 9.956912 -0.503376 4.206507 13.206320 1.395802 -2.472212 -8.615300 -4.949296 0.645296 -4.909555 8.905044 3.208176 -10.157787 23.550046 3.015857 -28.385572 -5.967285 -77.633631 -15.743791 -27.115241 -20.275833 0.000000 0.000000 0.000000 0.000000 0.000000 0.000000 0.000000 0.000000 0.000000 0.000000 0.000000 0.000000 0.000000 0.000000 0.000000 0.000000 0.000000 0.000000 0.000000 0.000000 0.000000 0.000000 0.000000 0.000000 0.000000 0.000000 0.000000 0.000000 0.000000 0.000000 0.000000 0.000000 0.000000 0.000000 0.000000 0.000000 0.000000 0.000000 0.000000 0.000000 0.000000 0.000000 -2.607458 0.176446 13.183062 -1.512231 -25.917911 14.057706 -4.394262 15.149714 89.936728 -9.180012 22.625350 15.642144 0.000000 0.000000 0.000000 0.000000 0.000000 0.000000 0.000000 0.000000 0.000000 0.000000 0.000000 0.000000 0.000000 0.000000 0.000000 0.000000 0.000000 0.000000 0.000000 0.000000 0.000000 0.000000 0.000000 0.000000 0.000000 0.000000 0.000000 0.000000 0.000000 0.000000 0.000000 0.000000 0.000000 0.000000 0.000000 0.000000 0.000000 0.000000 0.000000 0.000000 0.000000 0.000000
-0.024168 0.032090 1.064143 -3.717150 1.585646 4.362607 -12.146597 -7.390065 0.828404 29.670838 4.618980 -3.959581 -10.917567 -4.154117 15.877184 -0.346883 -0.339301 -0.959821 -25.221871 6.261369 -3.415643 49.385778 -10.697938 -7.271206 -7.985630 1.774141 -11.724988 -2.613543 -2.238343 1.175255 22.817551 0.184758 0.700317 -6.601248 2.624562 3.792532 9.388923 -0.561910 4.041163 14.151630 1.739330 -1.626750 -8.973248 -4.759324 0.292945 -5.828480 7.395685 1.933612 -10.533084 22.044292 1.237442 -30.280983 -5.624451 -78.863945 -14.368521 -28.085353 -20.361828 0.000000 0.000000 0.000000 0.000000 0.000000 0.000000 0.000000 0.000000 0.000000 0.000000 0.000000 0.000000 0.000000 0.000000 0.000000 0.000000 0.000000 0.000000 0.000000 0.000000 0.000000 0.000000 0.000000 0.000000 0.000000 0.000000 0.000000 0.000000 0.000000 0.000000 0.000000 0.000000 0.000000 0.000000 0.000000 0.000000 0.000000 0.000000 0.000000 0.000000 0.000000 0.000000 -2.892901 0.044318 13.653000 2.090224 -29.175016 15.447241 -2.523336 15.349224 88.397642 -10.256348 22.130742 15.909938 0.000000 0.000000 0.000000 0.000000 0.000000 0.000000 0.000000 0.000000 0.000000 0.000000 0.000000 0.000000 0.000000 0.000000 0.000000 0.000000 0.000000 0.000000 0.000000 0.000000 0.000000 0.000000 0.000000 0.000000 0.000000 0.000000 0.000000 0.000000 0.000000 0.000000 0.000000 0.000000 0.000000 0.000000 0.000000 0.000000 0.000000 0.000000 0.000000 0.000000 0.000000 0.000000
-0.028846 0.031327 1.061791 -3.490537 1.021618 2.644734 -12.283127 -5.767016 0.512639 31.222926 5.263083 -3.505724 -11.253911 -3.476223 14.864220 -0.328287 -0.346914 -0.966911 -24.849429 4.417898 -3.798451 47.387856 -10.524771 -7.505838 -8.574579 1.609882 -10.456922 -2.592005 -2.211799 1.166865 22.684535 0.220599 0.698972 -6.016459 2.152002 3.045179 8.698538 -0.276536 3.872915 15.909001 2.644599 -0.694036 -8.587129 -4.029038 -0.059415 -6.928273 5.959636 0.686737 -11.363089 20.372099 -0.998110 -31.316938 -6.246182 -79.385574 -10.401195 -30.015122 -20.018958 0.000000 0.000000 0.000000 0.000000 0.000000 0.000000 0.000000 0.000000 0.000000 0.000000 0.000000 0.000000 0.000000 0.000000 0.000000 0.000000 0.000000 0.000000 0.000000 0.000000 0.000000 0.000000 0.000000 0.000000 0.000000 0.000000 0.000000 0.000000 0.000000 0.000000 0.000000 0.000000 0.000000 0.000000 0.000000 0.000000 0.000000 0.000000 0.000000 0.000000 0.000000 0.000000 -2.818892 -0.334261 13.634669 5.336643 -32.313753 17.014634 0.270916 15.544243 86.302847 -10.012136 22.695794 15.794007 0.000000 0.000000 0.000000 0.000000 0.000000 0.000000 0.000000 0.000000 0.000000 0.000000 0.000000 0.000000 0.000000 0.000000 0.000000 0.000000 0.000000 0.000000 0.000000 0.000000 0.000000 0.000000 0.000000 0.000000 0.000000 0.000000 0.000000 0.000000 0.000000 0.000000 0.000000 0.000000 0.000000 0.000000 0.000000 0.000000 0.000000 0.000000 0.000000 0.000000 0.000000 0.000000
-0.033570 0.023361 1.055390 -4.343525 -0.089248 1.615977 -13.647485 -6.236398 0.877568 35.372015 7.032896 -3.503986 -10.963173 -2.245748 13.109735 -0.492690 -0.104837 -0.871739 -24.459908 5.325109 -3.537688 47.934632 -9.948172 -6.523245 -9.190554 2.017632 -9.551447 -2.785860 -2.300541 1.321993 23.402953 -0.243449 0.596122 -5.724393 1.931731 2.432304 8.560422 -0.077203 3.512666 16.650305 3.537674 0.162323 -8.132440 -3.395820 -0.392475 -7.613047 5.077621 -0.735587 -12.069439 18.900279 -3.179133 -31.129713 -6.822014 -78.695191 -7.436608 -31.461322 -19.498908 0.000000 0.000000 0.000000 0.000000 0.000000 0.000000 0.000000 0.000000 0.000000 0.000000 0.000000 0.000000 0.000000 0.000000 0.000000 0.000000 0.000000 0.000000 0.000000 0.000000 0.000000 0.000000 0.000000 0.000000 0.000000 0.000000 0.000000 0.000000 0.000000 0.000000 0.000000 0.000000 0.000000 0.000000 0.000000 0.000000 0.000000 0.000000 0.000000 0.000000 0.000000 0.000000 -2.454281 -0.824244 13.752251 7.222823 -33.949489 17.300785 3.061860 15.256971 83.782657 -9.854190 23.086072 15.567643 0.000000 0.000000 0.000000 0.000000 0.000000 0.000000 0.000000 0.000000 0.000000 0.000000 0.000000 0.000000 0.000000 0.000000 0.000000 0.000000 0.000000 0.000000 0.000000 0.000000 0.000000 0.000000 0.000000 0.000000 0.000000 0.000000 0.000000 0.000000 0.000000 0.000000 0.000000 0.000000 0.000000 0.000000 0.000000 0.000000 0.000000 0.000000 0.000000 0.000000 0.000000 0.000000
-0.041299 0.015257 1.047431 -5.362267 -0.981775 1.154956 -16.334421 -8.847785 1.666891 41.344764 9.369968 -3.368947 -10.733092 -2.160492 12.947966 -0.598300 0.213700 -0.851391 -25.233522 7.936044 -3.102126 50.819157 -10.317631 -4.976732 -9.778117 2.415697 -8.616348 -3.054169 -2.196399 1.451320 24.578188 -0.910747 0.383893 -5.661090 1.576629 1.826878 8.287797 0.089987 3.017212 16.382873 4.116027 1.345737 -7.810134 -3.075280 -0.269586 -7.786152 4.378289 -2.176772 -12.607297 17.904457 -4.793174 -30.016875 -7.281906 -77.558278 -6.170155 -31.179243 -18.868498 0.000000 0.000000 0.000000 0.000000 0.000000 0.000000 0.000000 0.000000 0.000000 0.000000 0.000000 0.000000 0.000000 0.000000 0.000000 0.000000 0.000000 0.000000 0.000000 0.000000 0.000000 0.000000 0.000000 0.000000 0.000000 0.000000 0.000000 0.000000 0.000000 0.000000 0.000000 0.000000 0.000000 0.000000 0.000000 0.000000 0.000000 0.000000 0.000000 0.000000 0.000000 0.000000 -1.730370 -1.278762 13.632850 8.122354 -34.714026 16.200097 5.746308 14.603364 81.271682 -10.081461 22.524664 15.205550 0.000000 0.000000 0.000000 0.000000 0.000000 0.000000 0.000000 0.000000 0.000000 0.000000 0.000000 0.000000 0.000000 0.000000 0.000000 0.000000 0.000000 0.000000 0.000000 0.000000 0.000000 0.000000 0.000000 0.000000 0.000000 0.000000 0.000000 0.000000 0.000000 0.000000 0.000000 0.000000 0.000000 0.000000 0.000000 0.000000 0.000000 0.000000 0.000000 0.000000 0.000000 0.000000
-0.047809 0.009144 1.038826 -6.097054 -1.839219 0.371262 -18.812472 -12.897712 2.657773 46.414224 11.478866 -3.110219 -10.868780 -2.249031 13.228307 -0.659567 0.356941 -0.818138 -26.617668 11.250607 -2.715585 54.221824 -10.960631 -3.037568 -10.442678 1.839515 -6.834386 -3.211622 -1.989677 1.451821 26.119763 -1.215609 -0.015443 -6.044345 1.487426 1.342296 8.426418 0.141266 2.478046 15.097448 4.540831 3.038457 -8.224224 -2.934482 -0.119997 -7.893437 3.849015 -3.044417 -13.196034 17.364467 -5.916994 -28.254890 -7.858278 -76.256128 -6.574711 -30.428933 -18.949956 0.000000 0.000000 0.000000 0.000000 0.000000 0.000000 0.000000 0.000000 0.000000 0.000000 0.000000 0.000000 0.000000 0.000000 0.000000 0.000000 0.000000 0.000000 0.000000 0.000000 0.000000 0.000000 0.000000 0.000000 0.000000 0.000000 0.000000 0.000000 0.000000 0.000000 0.000000 0.000000 0.000000 0.000000 0.000000 0.000000 0.000000 0.000000 0.000000 0.000000 0.000000 0.000000 -0.863802 -2.009358 13.086040 8.371716 -35.719208 14.361215 8.624694 13.570345 78.250264 -10.731464 21.418345 15.197247 0.000000 0.000000 0.000000 0.000000 0.000000 0.000000 0.000000 0.000000 0.000000 0.000000 0.000000 0.000000 0.000000 0.000000 0.000000 0.000000 0.000000 0.000000 0.000000 0.000000 0.000000 0.000000 0.000000 0.000000 0.000000 0.000000 0.000000 0.000000 0.000000 0.000000 0.000000 0.000000 0.000000 0.000000 0.000000 0.000000 0.000000 0.000000 0.000000 0.000000 0.000000 0.000000
-0.049070 0.001253 1.030691 -7.204816 -3.223773 -1.104498 -19.968945 -17.957110 4.182650 48.940406 12.972703 -2.958179 -11.219206 -1.928956 13.370080 -0.651605 0.167675 -0.944041 -28.288215 15.313914 -2.116065 57.547445 -11.443902 -1.406481 -10.770096 0.771975 -5.378450 -3.198419 -1.947404 1.429782 27.733018 -1.726086 -0.842671 -6.046879 1.799967 0.964782 8.116570 0.708868 1.930003 14.624921 5.012780 4.748187 -8.343217 -2.331245 -0.648875 -7.746730 3.715567 -3.677700 -14.224786 16.058030 -7.499844 -26.376813 -8.287416 -73.811974 -5.505212 -31.534565 -19.242509 0.000000 0.000000 0.000000 0.000000 0.000000 0.000000 0.000000 0.000000 0.000000 0.000000 0.000000 0.000000 0.000000 0.000000 0.000000 0.000000 0.000000 0.000000 0.000000 0.000000 0.000000 0.000000 0.000000 0.000000 0.000000 0.000000 0.000000 0.000000 0.000000 0.000000 0.000000 0.000000 0.000000 0.000000 0.000000 0.000000 0.000000 0.000000 0.000000 0.000000 0.000000 0.000000 0.539940 -3.136299 12.425852 7.755921 -36.200143 12.382658 11.578606 11.523557 74.203475 -10.499386 22.322235 15.596344 0.000000 0.000000 0.000000 0.000000 0.000000 0.000000 0.000000 0.000000 0.000000 0.000000 0.000000 0.000000 0.000000 0.000000 0.000000 0.000000 0.000000 0.000000 0.000000 0.000000 0.000000 0.000000 0.000000 0.000000 0.000000 0.000000 0.000000 0.000000 0.000000 0.000000 0.000000 0.000000 0.000000 0.000000 0.000000 0.000000 0.000000 0.000000 0.000000 0.000000 0.000000 0.000000
-0.054367 -0.004052 1.023512 -7.873185 -3.925591 -2.328060 -20.135616 -21.327695 4.740121 49.551482 12.933382 -2.972916 -12.242612 -1.620506 13.801537 -0.654456 0.009448 -0.970960 -28.872573 17.521644 -1.683739 58.347747 -11.349847 -0.125896 -13.272396 0.858292 -5.265779 -3.140521 -1.928911 1.342679 29.099737 -2.066476 -1.517307 -6.224677 2.205395 0.695707 8.284202 1.045779 1.390056 12.941272 5.087511 5.838185 -8.942520 -2.153446 -0.869063 -7.954158 3.876422 -4.400977 -14.429482 15.106605 -8.780866 -24.584099 -8.826371 -71.766105 -5.532880 -31.827691 -19.406313 0.000000 0.000000 0.000000 0.000000 0.000000 0.000000 0.000000 0.000000 0.000000 0.000000 0.000000 0.000000 0.000000 0.000000 0.000000 0.000000 0.000000 0.000000 0.000000 0.000000 0.000000 0.000000 0.000000 0.000000 0.000000 0.000000 0.000000 0.000000 0.000000 0.000000 0.000000 0.000000 0.000000 0.000000 0.000000 0.000000 0.000000 0.000000 0.000000 0.000000 0.000000 0.000000 1.476104 -4.327587 11.910866 7.444439 -35.728590 10.058943 12.907265 9.831567 70.840811 -11.590642 22.700722 16.481714 0.000000 0.000000 0.000000 0.000000 0.000000 0.000000 0.000000 0.000000 0.000000 0.000000 0.000000 0.000000 0.000000 0.000000 0.000000 0.000000 0.000000 0.000000 0.000000 0.000000 0.000000 0.000000 0.000000 0.000000 0.000000 0.000000 0.000000 0.000000 0.000000 0.000000 0.000000 0.000000 0.000000 0.000000 0.000000 0.000000 0.000000 0.000000 0.000000 0.000000 0.000000 0.000000
-0.062399 -0.017875 1.019843 -8.282157 -4.072462 -2.443966 -20.263598 -23.419996 5.074618 48.869520 12.090075 -3.184736 -12.672638 -1.205284 14.082358 -0.624784 -0.197262 -1.088972 -29.297683 18.252579 -1.515203 58.023879 -11.105857 0.235409 -14.812329 1.450669 -5.759993 -3.158898 -1.936825 1.269619 29.889679 -2.143117 -2.095851 -5.689994 2.126361 0.176531 7.828030 1.438435 0.739340 12.459070 4.740040 6.476315 -9.116938 -2.296312 -1.415424 -7.607873 4.007578 -5.274857 -14.129330 14.433084 -10.667601 -22.756401 -9.217194 -70.016802 -5.151421 -32.254620 -19.700109 0.000000 0.000000 0.000000 0.000000 0.000000 0.000000 0.000000 0.000000 0.000000 0.000000 0.000000 0.000000 0.000000 0.000000 0.000000 0.000000 0.000000 0.000000 0.000000 0.000000 0.000000 0.000000 0.000000 0.000000 0.000000 0.000000 0.000000 0.000000 0.000000 0.000000 0.000000 0.000000 0.000000 0.000000 0.000000 0.000000 0.000000 0.000000 0.000000 0.000000 0.000000 0.000000 2.322489 -5.082973 11.367651 6.745306 -35.120832 7.638707 13.554240 8.140265 66.932026 -12.194566 23.375786 17.116243 0.000000 0.000000 0.000000 0.000000 0.000000 0.000000 0.000000 0.000000 0.000000 0.000000 0.000000 0.000000 0.000000 0.000000 0.000000 0.000000 0.000000 0.000000 0.000000 0.000000 0.000000 0.000000 0.000000 0.000000 0.000000 0.000000 0.000000 0.000000 0.000000 0.000000 0.000000 0.000000 0.000000 0.000000 0.000000 0.000000 0.000000 0.000000 0.000000 0.000000 0.000000 0.000000
-0.067750 -0.011245 1.020223 -7.665133 -3.730628 -1.522067 -20.324750 -24.691696 5.337908 47.327061 11.727994 -3.215412 -12.735201 -0.736301 14.187114 -0.581712 -0.221185 -1.117047 -28.445216 17.576842 -1.746349 56.141270 -10.681170 0.085268 -16.205739 2.724823 -6.709336 -3.274607 -2.080149 1.219051 30.235409 -1.741530 -2.551313 -5.784279 1.539382 -0.582526 7.803365 1.338305 -0.136752 11.979278 4.197327 6.581679 -9.792385 -2.795494 -2.321678 -6.936492 3.718066 -6.199640 -13.058399 14.046562 -12.954376 -19.804682 -9.714369 -67.839625 -4.490382 -31.436618 -19.901782 0.000000 0.000000 0.000000 0.000000 0.000000 0.000000 0.000000 0.000000 0.000000 0.000000 0.000000 0.000000 0.000000 0.000000 0.000000 0.000000 0.000000 0.000000 0.000000 0.000000 0.000000 0.000000 0.000000 0.000000 0.000000 0.000000 0.000000 0.000000 0.000000 0.000000 0.000000 0.000000 0.000000 0.000000 0.000000 0.000000 0.000000 0.000000 0.000000 0.000000 0.000000 0.000000 2.792975 -5.892066 10.535744 6.284465 -34.640242 5.160352 13.899791 6.494621 62.007133 -12.661160 23.005563 17.316994 0.000000 0.000000 0.000000 0.000000 0.000000 0.000000 0.000000 0.000000 0.000000 0.000000 0.000000 0.000000 0.000000 0.000000 0.000000 0.000000 0.000000 0.000000 0.000000 0.000000 0.000000 0.000000 0.000000 0.000000 0.000000 0.000000 0.000000 0.000000 0.000000 0.000000 0.000000 0.000000 0.000000 0.000000 0.000000 0.000000 0.000000 0.000000 0.000000 0.000000 0.000000 0.000000
-0.082680 -0.002067 1.024836 -6.447839 -3.046360 0.803264 -21.131087 -25.294409 5.687561 46.639522 11.716655 -2.883929 -12.516169 -0.331233 14.287575 -0.347749 -0.152683 -1.230303 -26.592660 16.114819 -1.978044 52.101136 -9.423526 -0.178687 -16.516611 3.901964 -8.501281 -3.335070 -2.185315 1.171935 30.073379 -0.585712 -2.933401 -5.969750 0.408846 -1.832191 8.265352 0.726401 -1.490507 12.401691 3.238668 5.253012 -10.635033 -4.346200 -3.550652 -5.774034 2.889477 -7.410640 -10.908459 14.339971 -15.271663 -15.082381 -10.357535 -65.587739 -4.059490 -29.475104 -19.421867 0.000000 0.000000 0.000000 0.000000 0.000000 0.000000 0.000000 0.000000 0.000000 0.000000 0.000000 0.000000 0.000000 0.000000 0.000000 0.000000 0.000000 0.000000 0.000000 0.000000 0.000000 0.000000 0.000000 0.000000 0.000000 0.000000 0.000000 0.000000 0.000000 0.000000 0.000000 0.000000 0.000000 0.000000 0.000000 0.000000 0.000000 0.000000 0.000000 0.000000 0.000000 0.000000 2.679698 -6.313152 9.274943 5.784957 -34.265452 1.975551 13.483540 4.649380 56.920882 -14.245629 20.571904 17.110570 0.000000 0.000000 0.000000 0.000000 0.000000 0.000000 0.000000 0.000000 0.000000 0.000000 0.000000 0.000000 0.000000 0.000000 0.000000 0.000000 0.000000 0.000000 0.000000 0.000000 0.000000 0.000000 0.000000 0.000000 0.000000 0.000000 0.000000 0.000000 0.000000 0.000000 0.000000 0.000000 0.000000 0.000000 0.000000 0.000000 0.000000 0.000000 0.000000 0.000000 0.000000 0.000000
-0.103253 0.010771 1.030829 -4.733140 -1.753222 3.840123 -22.400043 -24.883682 5.503413 46.164320 11.721440 -2.458709 -12.053407 0.245948 14.464705 -0.311200 -0.071051 -1.357639 -24.359501 14.114863 -1.991448 47.884556 -7.734057 -0.170156 -14.681279 3.001151 -9.689114 -3.304477 -2.224142 1.107727 29.299090 0.775149 -3.028906 -6.031883 -0.674511 -3.293607 8.490468 -0.088061 -2.703503 13.384185 2.086171 3.813192 -11.171819 -6.194943 -4.124891 -4.285102 2.458898 -8.800263 -9.550996 14.147759 -16.685824 -11.211860 -10.403542 -64.034871 -3.479049 -28.689849 -19.621696 0.000000 0.000000 0.000000 0.000000 0.000000 0.000000 0.000000 0.000000 0.000000 0.000000 0.000000 0.000000 0.000000 0.000000 0.000000 0.000000 0.000000 0.000000 0.000000 0.000000 0.000000 0.000000 0.000000 0.000000 0.000000 0.000000 0.000000 0.000000 0.000000 0.000000 0.000000 0.000000 0.000000 0.000000 0.000000 0.000000 0.000000 0.000000 0.000000 0.000000 0.000000 0.000000 2.600701 -6.644726 7.955375 5.016331 -34.650849 -1.186778 12.366495 3.550850 52.033444 -15.207128 19.342893 16.733128 0.000000 0.000000 0.000000 0.000000 0.000000 0.000000 0.000000 0.000000 0.000000 0.000000 0.000000 0.000000 0.000000 0.000000 0.000000 0.000000 0.000000 0.000000 0.000000 0.000000 0.000000 0.000000 0.000000 0.000000 0.000000 0.000000 0.000000 0.000000 0.000000 0.000000 0.000000 0.000000 0.000000 0.000000 0.000000 0.000000 0.000000 0.000000 0.000000 0.000000 0.000000 0.000000
-0.127681 0.018578 1.034218 -3.893794 -0.078818 8.400310 -23.285144 -24.610316 5.359417 45.178759 11.534409 -2.088041 -12.216696 0.575537 14.014667 0.011286 0.116120 -1.393840 -21.968233 12.381072 -1.248042 45.381753 -5.292109 0.887450 -10.951912 -0.240628 -9.640174 -3.019780 -2.285762 0.823405 28.867270 1.915422 -3.456484 -5.972235 -2.078629 -4.870540 8.017471 -0.996730 -4.254716 14.506368 0.674623 1.554412 -10.857544 -8.327841 -4.874043 -2.673056 2.039096 -10.459035 -8.141585 13.107546 -17.138613 -8.028086 -9.477404 -64.538185 -4.358436 -25.208947 -19.186746 0.000000 0.000000 0.000000 0.000000 0.000000 0.000000 0.000000 0.000000 0.000000 0.000000 0.000000 0.000000 0.000000 0.000000 0.000000 0.000000 0.000000 0.000000 0.000000 0.000000 0.000000 0.000000 0.000000 0.000000 0.000000 0.000000 0.000000 0.000000 0.000000 0.000000 0.000000 0.000000 0.000000 0.000000 0.000000 0.000000 0.000000 0.000000 0.000000 0.000000 0.000000 0.000000 2.164211 -6.583013 6.377500 4.646019 -34.581063 -4.667259 11.016212 3.397174 49.203824 -15.736304 16.107068 15.095136 0.000000 0.000000 0.000000 0.000000 0.000000 0.000000 0.000000 0.000000 0.000000 0.000000 0.000000 0.000000 0.000000 0.000000 0.000000 0.000000 0.000000 0.000000 0.000000 0.000000 0.000000 0.000000 0.000000 0.000000 0.000000 0.000000 0.000000 0.000000 0.000000 0.000000 0.000000 0.000000 0.000000 0.000000 0.000000 0.000000 0.000000 0.000000 0.000000 0.000000 0.000000 0.000000
-0.154382 0.019026 1.030246 -4.128652 1.879351 12.333677 -23.289926 -24.442370 5.321433 43.314593 10.998865 -1.750878 -16.556355 -1.307804 13.930964 0.184409 0.081818 -1.457048 -20.474997 11.460589 0.122712 46.157084 -2.791059 2.636614 -10.447085 -2.731009 -9.443082 -2.576929 -2.291779 0.480919 28.964493 2.964280 -4.214586 -6.194523 -3.302423 -6.099291 7.550328 -1.619905 -5.934982 14.823219 -1.420982 -0.381349 -9.600897 -9.565848 -6.542495 -1.668937 1.469131 -11.160786 -7.010027 12.484642 -17.552138 -5.553334 -9.533068 -65.225366 -4.835148 -22.621236 -18.402605 0.000000 0.000000 0.000000 0.000000 0.000000 0.000000 0.000000 0.000000 0.000000 0.000000 0.000000 0.000000 0.000000 0.000000 0.000000 0.000000 0.000000 0.000000 0.000000 0.000000 0.000000 0.000000 0.000000 0.000000 0.000000 0.000000 0.000000 0.000000 0.000000 0.000000 0.000000 0.000000 0.000000 0.000000 0.000000 0.000000 0.000000 0.000000 0.000000 0.000000 0.000000 0.000000 0.774708 -6.449654 4.326011 5.045550 -34.109472 -7.197630 9.189973 5.146718 49.117511 -15.470970 14.013940 13.728813 0.000000 0.000000 0.000000 0.000000 0.000000 0.000000 0.000000 0.000000 0.000000 0.000000 0.000000 0.000000 0.000000 0.000000 0.000000 0.000000 0.000000 0.000000 0.000000 0.000000 0.000000 0.000000 0.000000 0.000000 0.000000 0.000000 0.000000 0.000000 0.000000 0.000000 0.000000 0.000000 0.000000 0.000000 0.000000 0.000000 0.000000 0.000000 0.000000 0.000000 0.000000 0.000000
-0.179290 0.020765 1.022430 -4.426932 3.955958 14.284225 -23.269222 -25.051897 4.768683 42.597550 10.121882 -1.698803 -20.725821 -4.061008 13.754847 0.003747 0.002042 -1.586551 -19.225004 11.690597 1.651459 47.872551 -0.578257 4.709187 -8.325902 -4.792542 -8.833711 -2.391841 -2.452058 0.356423 29.115876 3.649656 -5.090765 -6.518685 -4.367265 -7.182215 7.536208 -2.050538 -7.548324 15.173681 -3.940393 -1.939570 -9.127348 -10.189693 -7.362060 0.132884 1.532061 -11.024729 -6.010793 11.531950 -16.308556 -3.174453 -9.614193 -66.209940 -5.166835 -21.283042 -17.591212 0.000000 0.000000 0.000000 0.000000 0.000000 0.000000 0.000000 0.000000 0.000000 0.000000 0.000000 0.000000 0.000000 0.000000 0.000000 0.000000 0.000000 0.000000 0.000000 0.000000 0.000000 0.000000 0.000000 0.000000 0.000000 0.000000 0.000000 0.000000 0.000000 0.000000 0.000000 0.000000 0.000000 0.000000 0.000000 0.000000 0.000000 0.000000 0.000000 0.000000 0.000000 0.000000 -1.167220 -5.396358 2.144750 3.858075 -31.801424 -9.334519 4.517873 6.881495 52.294200 -16.527165 14.661200 13.317340 0.000000 0.000000 0.000000 0.000000 0.000000 0.000000 0.000000 0.000000 0.000000 0.000000 0.000000 0.000000 0.000000 0.000000 0.000000 0.000000 0.000000 0.000000 0.000000 0.000000 0.000000 0.000000 0.000000 0.000000 0.000000 0.000000 0.000000 0.000000 0.000000 0.000000 0.000000 0.000000 0.000000 0.000000 0.000000 0.000000 0.000000 0.000000 0.000000 0.000000 0.000000 0.000000
-0.195889 0.024796 1.017211 -4.329684 5.136712 12.206176 -22.904593 -26.103267 5.283687 43.733212 10.563226 -1.443149 -22.425523 -5.763100 14.405296 -0.149462 0.198870 -1.639499 -20.143052 13.385722 1.802984 49.485377 -0.467204 4.928819 -4.984271 -5.250455 -10.695663 -2.633411 -2.445008 0.451857 29.534621 4.238210 -5.400711 -6.664516 -4.471900 -7.345999 7.946293 -2.080951 -7.708238 15.185395 -4.411461 -2.024483 -9.363290 -10.283948 -6.897978 1.415800 1.609913 -10.211230 -4.958837 12.399967 -14.959400 -1.660101 -10.163844 -66.390954 -6.337542 -21.393675 -17.225561 0.000000 0.000000 0.000000 0.000000 0.000000 0.000000 0.000000 0.000000 0.000000 0.000000 0.000000 0.000000 0.000000 0.000000 0.000000 0.000000 0.000000 0.000000 0.000000 0.000000 0.000000 0.000000 0.000000 0.000000 0.000000 0.000000 0.000000 0.000000 0.000000 0.000000 0.000000 0.000000 0.000000 0.000000 0.000000 0.000000 0.000000 0.000000 0.000000 0.000000 0.000000 0.000000 -2.008978 -4.570048 1.166151 1.382136 -29.773593 -9.988582 -0.049547 8.008105 55.347467 -17.796628 16.084272 13.323540 0.000000 0.000000 0.000000 0.000000 0.000000 0.000000 0.000000 0.000000 0.000000 0.000000 0.000000 0.000000 0.000000 0.000000 0.000000 0.000000 0.000000 0.000000 0.000000 0.000000 0.000000 0.000000 0.000000 0.000000 0.000000 0.000000 0.000000 0.000000 0.000000 0.000000 0.000000 0.000000 0.000000 0.000000 0.000000 0.000000 0.000000 0.000000 0.000000 0.000000 0.000000 0.000000
-0.205048 0.032614 1.018920 -3.797756 5.849260 8.920958 -22.108018 -27.059724 5.953789 44.397310 11.314167 -1.457073 -21.874615 -5.802402 15.356279 -0.243710 0.211790 -1.633296 -22.686984 14.646887 1.735284 51.176128 -2.322842 3.925100 -4.122032 -4.719619 -11.537436 -2.770231 -2.564253 0.571253 29.640835 4.111194 -5.788682 -6.885813 -4.400027 -7.022870 8.352711 -2.027160 -7.590456 14.700569 -4.151130 -1.406061 -10.387659 -9.567162 -6.178260 2.346138 2.611663 -8.839205 -3.640324 14.323836 -12.891660 -0.380553 -10.523013 -66.701466 -7.972471 -21.401005 -17.220264 0.000000 0.000000 0.000000 0.000000 0.000000 0.000000 0.000000 0.000000 0.000000 0.000000 0.000000 0.000000 0.000000 0.000000 0.000000 0.000000 0.000000 0.000000 0.000000 0.000000 0.000000 0.000000 0.000000 0.000000 0.000000 0.000000 0.000000 0.000000 0.000000 0.000000 0.000000 0.000000 0.000000 0.000000 0.000000 0.000000 0.000000 0.000000 0.000000 0.000000 0.000000 0.000000 -2.787036 -4.449489 0.745204 -1.513355 -27.605329 -9.633421 -4.830161 8.744347 59.341134 -18.265546 18.272879 14.288025 0.000000 0.000000 0.000000 0.000000 0.000000 0.000000 0.000000 0.000000 0.000000 0.000000 0.000000 0.000000 0.000000 0.000000 0.000000 0.000000 0.000000 0.000000 0.000000 0.000000 0.000000 0.000000 0.000000 0.000000 0.000000 0.000000 0.000000 0.000000 0.000000 0.000000 0.000000 0.000000 0.000000 0.000000 0.000000 0.000000 0.000000 0.000000 0.000000 0.000000 0.000000 0.000000
-0.208091 0.045936 1.026794 -2.773137 6.351832 4.849844 -20.738522 -27.775693 6.854197 44.122305 11.975567 -0.752105 -20.253687 -5.184083 15.767297 -0.251741 0.223803 -1.524743 -26.753118 15.618523 1.439357 53.856506 -6.042178 2.175424 -4.329137 -3.618080 -11.211075 -2.969502 -2.750950 0.692349 29.439794 3.315203 -6.231793 -7.179719 -4.126455 -6.101549 8.626513 -1.922732 -7.077112 14.076845 -3.229165 -0.243819 -11.206282 -8.326484 -4.407134 3.393967 4.683434 -7.082190 -1.864156 17.489884 -10.048041 1.289319 -10.223371 -66.607238 -9.927549 -20.479508 -17.657706 0.000000 0.000000 0.000000 0.000000 0.000000 0.000000 0.000000 0.000000 0.000000 0.000000 0.000000 0.000000 0.000000 0.000000 0.000000 0.000000 0.000000 0.000000 0.000000 0.000000 0.000000 0.000000 0.000000 0.000000 0.000000 0.000000 0.000000 0.000000 0.000000 0.000000 0.000000 0.000000 0.000000 0.000000 0.000000 0.000000 0.000000 0.000000 0.000000 0.000000 0.000000 0.000000 -3.152127 -4.719968 0.939652 -5.004513 -25.154956 -8.563129 -9.205113 8.796656 65.092720 -18.446948 20.022454 15.863502 0.000000 0.000000 0.000000 0.000000 0.000000 0.000000 0.000000 0.000000 0.000000 0.000000 0.000000 0.000000 0.000000 0.000000 0.000000 0.000000 0.000000 0.000000 0.000000 0.000000 0.000000 0.000000 0.000000 0.000000 0.000000 0.000000 0.000000 0.000000 0.000000 0.000000 0.000000 0.000000 0.000000 0.000000 0.000000 0.000000 0.000000 0.000000 0.000000 0.000000 0.000000 0.000000
-0.200337 0.063548 1.035879 -1.552242 5.969796 -0.516529 -18.594280 -27.895205 8.236056 43.928773 13.121728 -0.012634 -18.205425 -4.088740 15.736242 -0.279342 0.109170 -1.268019 -30.881342 17.872094 0.966506 57.243930 -10.701502 0.266262 -3.769938 -2.719216 -10.617848 -3.156874 -2.811518 0.762578 28.582527 2.290314 -6.231367 -7.453608 -3.199036 -5.065475 9.367375 -1.626159 -6.088659 12.776018 -1.896760 0.666132 -13.329217 -7.192973 -2.206718 4.323202 7.681420 -5.263336 0.471987 21.395254 -7.589169 4.568583 -9.154506 -63.696199 -13.077133 -19.202825 -18.813258 0.000000 0.000000 0.000000 0.000000 0.000000 0.000000 0.000000 0.000000 0.000000 0.000000 0.000000 0.000000 0.000000 0.000000 0.000000 0.000000 0.000000 0.000000 0.000000 0.000000 0.000000 0.000000 0.000000 0.000000 0.000000 0.000000 0.000000 0.000000 0.000000 0.000000 0.000000 0.000000 0.000000 0.000000 0.000000 0.000000 0.000000 0.000000 0.000000 0.000000 0.000000 0.000000 -3.105565 -5.418409 1.369802 -8.819745 -22.792810 -7.169318 -13.771483 7.409979 74.106726 -20.229656 22.499339 18.687738 0.000000 0.000000 0.000000 0.000000 0.000000 0.000000 0.000000 0.000000 0.000000 0.000000 0.000000 0.000000 0.000000 0.000000 0.000000 0.000000 0.000000 0.000000 0.000000 0.000000 0.000000 0.000000 0.000000 0.000000 0.000000 0.000000 0.000000 0.000000 0.000000 0.000000 0.000000 0.000000 0.000000 0.000000 0.000000 0.000000 0.000000 0.000000 0.000000 0.000000 0.000000 0.000000
-0.182756 0.075097 1.042534 -1.445097 5.012072 -4.813096 -16.130245 -28.018252 9.174818 43.836601 13.357597 0.695174 -15.807568 -2.601828 15.065915 -0.214502 0.125496 -1.172529 -32.814936 19.260511 0.847987 58.395720 -12.933355 -0.947137 -3.201198 -2.121876 -10.139378 -3.174174 -2.918315 0.794997 27.829868 1.151409 -6.217205 -7.235177 -2.466807 -4.173969 9.438384 -1.192363 -5.309710 12.111300 -0.402543 2.107886 -14.531240 -5.725455 0.297314 5.116506 10.157175 -4.117261 2.162222 24.819350 -4.969241 7.821246 -8.598851 -60.720963 -14.648606 -16.845414 -19.158823 0.000000 0.000000 0.000000 0.000000 0.000000 0.000000 0.000000 0.000000 0.000000 0.000000 0.000000 0.000000 0.000000 0.000000 0.000000 0.000000 0.000000 0.000000 0.000000 0.000000 0.000000 0.000000 0.000000 0.000000 0.000000 0.000000 0.000000 0.000000 0.000000 0.000000 0.000000 0.000000 0.000000 0.000000 0.000000 0.000000 0.000000 0.000000 0.000000 0.000000 0.000000 0.000000 -3.235154 -5.737981 2.339046 -11.640938 -21.734977 -4.757698 -16.617091 6.485061 82.091216 -21.705030 23.643279 19.613832 0.000000 0.000000 0.000000 0.000000 0.000000 0.000000 0.000000 0.000000 0.000000 0.000000 0.000000 0.000000 0.000000 0.000000 0.000000 0.000000 0.000000 0.000000 0.000000 0.000000 0.000000 0.000000 0.000000 0.000000 0.000000 0.000000 0.000000 0.000000 0.000000 0.000000 0.000000 0.000000 0.000000 0.000000 0.000000 0.000000 0.000000 0.000000 0.000000 0.000000 0.000000 0.000000
-0.159215 0.078451 1.044884 -2.502339 3.677746 -9.146248 -13.142455 -28.005232 10.031780 43.383306 12.737250 0.971650 -13.645276 -1.232260 14.782230 -0.241425 -0.077073 -1.185766 -33.130985 20.572315 0.621835 58.317226 -13.354022 -1.704845 -4.472447 -1.394241 -9.850047 -3.008451 -2.869779 0.593365 27.543098 0.091017 -5.831737 -6.554028 -1.553388 -3.196809 8.972228 -0.502940 -4.315167 11.975100 0.613296 2.906760 -14.493877 -4.163878 1.956140 5.754293 12.171011 -3.126633 3.374357 27.471579 -1.848990 10.597980 -7.985431 -58.427664 -14.383078 -14.456289 -17.923524 0.000000 0.000000 0.000000 0.000000 0.000000 0.000000 0.000000 0.000000 0.000000 0.000000 0.000000 0.000000 0.000000 0.000000 0.000000 0.000000 0.000000 0.000000 0.000000 0.000000 0.000000 0.000000 0.000000 0.000000 0.000000 0.000000 0.000000 0.000000 0.000000 0.000000 0.000000 0.000000 0.000000 0.000000 0.000000 0.000000 0.000000 0.000000 0.000000 0.000000 0.000000 0.000000 -3.179868 -5.655111 3.882877 -13.420271 -21.512665 -1.973449 -19.344347 5.240772 90.936704 -21.880717 24.325042 19.027658 0.000000 0.000000 0.000000 0.000000 0.000000 0.000000 0.000000 0.000000 0.000000 0.000000 0.000000 0.000000 0.000000 0.000000 0.000000 0.000000 0.000000 0.000000 0.000000 0.000000 0.000000 0.000000 0.000000 0.000000 0.000000 0.000000 0.000000 0.000000 0.000000 0.000000 0.000000 0.000000 0.000000 0.000000 0.000000 0.000000 0.000000 0.000000 0.000000 0.000000 0.000000 0.000000
-0.128375 0.076263 1.044960 -4.182793 1.661564 -13.328523 -9.190273 -27.842475 10.748680 40.945518 10.583483 0.891305 -11.564509 0.017730 14.681814 -0.618690 -0.708009 -1.069171 -32.788827 21.358728 0.416647 58.232476 -12.401523 -1.019419 -10.630290 0.842522 -9.891516 -2.676590 -2.598215 0.142041 27.375415 -1.400871 -5.120126 -5.382689 -0.354494 -2.015908 8.206378 0.375722 -3.107288 11.182847 1.521232 3.960458 -13.047828 -1.872688 3.103966 5.181019 13.885643 -1.384427 4.398024 29.069301 1.980076 13.497940 -7.899660 -57.607442 -14.233252 -12.895614 -17.187283 0.000000 0.000000 0.000000 0.000000 0.000000 0.000000 0.000000 0.000000 0.000000 0.000000 0.000000 0.000000 0.000000 0.000000 0.000000 0.000000 0.000000 0.000000 0.000000 0.000000 0.000000 0.000000 0.000000 0.000000 0.000000 0.000000 0.000000 0.000000 0.000000 0.000000 0.000000 0.000000 0.000000 0.000000 0.000000 0.000000 0.000000 0.000000 0.000000 0.000000 0.000000 0.000000 -3.817668 -5.451056 5.301402 -14.189590 -21.627659 1.916346 -22.297424 4.240536 101.696065 -21.090766 25.594374 18.446262 0.000000 0.000000 0.000000 0.000000 0.000000 0.000000 0.000000 0.000000 0.000000 0.000000 0.000000 0.000000 0.000000 0.000000 0.000000 0.000000 0.000000 0.000000 0.000000 0.000000 0.000000 0.000000 0.000000 0.000000 0.000000 0.000000 0.000000 0.000000 0.000000 0.000000 0.000000 0.000000 0.000000 0.000000 0.000000 0.000000 0.000000 0.000000 0.000000 0.000000 0.000000 0.000000
-0.100226 0.075767 1.047558 -4.937491 0.367037 -15.074945 -7.731583 -27.179041 10.679467 39.864756 9.175458 0.220343 -9.291187 1.173763 14.102961 -1.052209 -1.059856 -1.043916 -32.484600 21.674054 0.052786 57.739003 -12.148459 -0.534802 -13.493900 1.996997 -9.405713 -2.494275 -2.326507 -0.171516 27.924038 -2.410450 -4.532800 -5.054230 0.306429 -1.160963 7.662105 1.011194 -2.190537 10.693702 2.260352 4.771267 -11.975511 -0.553293 4.060232 4.628030 14.302816 0.129920 4.763930 30.765214 4.489107 14.851819 -7.220603 -56.953814 -14.285310 -12.330966 -17.014723 0.000000 0.000000 0.000000 0.000000 0.000000 0.000000 0.000000 0.000000 0.000000 0.000000 0.000000 0.000000 0.000000 0.000000 0.000000 0.000000 0.000000 0.000000 0.000000 0.000000 0.000000 0.000000 0.000000 0.000000 0.000000 0.000000 0.000000 0.000000 0.000000 0.000000 0.000000 0.000000 0.000000 0.000000 0.000000 0.000000 0.000000 0.000000 0.000000 0.000000 0.000000 0.000000 -4.437081 -4.782324 5.958843 -13.997193 -24.023699 5.630893 -24.143948 3.433764 108.342002 -20.277676 26.003213 18.483354 0.000000 0.000000 0.000000 0.000000 0.000000 0.000000 0.000000 0.000000 0.000000 0.000000 0.000000 0.000000 0.000000 0.000000 0.000000 0.000000 0.000000 0.000000 0.000000 0.000000 0.000000 0.000000 0.000000 0.000000 0.000000 0.000000 0.000000 0.000000 0.000000 0.000000 0.000000 0.000000 0.000000 0.000000 0.000000 0.000000 0.000000 0.000000 0.000000 0.000000 0.000000 0.000000
-0.072127 0.072665 1.055294 -5.610566 -1.056272 -14.371736 -8.999998 -25.937725 9.759980 40.756057 9.031488 0.361697 -7.088351 1.746529 13.558694 -1.233896 -1.122576 -1.048179 -30.749580 20.995373 -0.463762 55.568304 -11.427863 -1.126058 -14.934571 3.398997 -9.645834 -2.441464 -2.068549 -0.405941 28.578260 -2.826806 -3.648677 -4.453229 0.509391 -0.946595 7.339553 1.235433 -1.535290 11.847807 2.821978 4.902409 -11.317220 0.168606 4.133727 4.652310 14.344690 0.606506 4.706498 31.587234 5.770905 15.000675 -6.597675 -57.236748 -12.924857 -12.233597 -16.895647 0.000000 0.000000 0.000000 0.000000 0.000000 0.000000 0.000000 0.000000 0.000000 0.000000 0.000000 0.000000 0.000000 0.000000 0.000000 0.000000 0.000000 0.000000 0.000000 0.000000 0.000000 0.000000 0.000000 0.000000 0.000000 0.000000 0.000000 0.000000 0.000000 0.000000 0.000000 0.000000 0.000000 0.000000 0.000000 0.000000 0.000000 0.000000 0.000000 0.000000 0.000000 0.000000 -4.588696 -4.272048 6.953568 -13.250708 -27.068268 8.551789 -25.210378 2.834299 112.861149 -19.677541 26.531250 18.749011 0.000000 0.000000 0.000000 0.000000 0.000000 0.000000 0.000000 0.000000 0.000000 0.000000 0.000000 0.000000 0.000000 0.000000 0.000000 0.000000 0.000000 0.000000 0.000000 0.000000 0.000000 0.000000 0.000000 0.000000 0.000000 0.000000 0.000000 0.000000 0.000000 0.000000 0.000000 0.000000 0.000000 0.000000 0.000000 0.000000 0.000000 0.000000 0.000000 0.000000 0.000000 0.000000
-0.045132 0.071840 1.067475 -5.625128 -2.575214 -11.805351 -12.797746 -23.592372 8.185326 42.847219 10.820902 1.138853 -6.000576 1.607821 12.127882 -0.985845 -0.844796 -1.037442 -28.055801 19.465838 -1.001228 51.690138 -10.084861 -2.253639 -13.829139 3.822720 -9.710016 -2.597231 -2.056988 -0.207112 28.690975 -2.469444 -2.484221 -3.734491 0.371299 -1.001119 7.132516 1.258546 -0.932902 13.386302 3.289745 3.922365 -11.233777 -0.061783 3.435487 4.688506 14.293981 0.334995 4.402441 31.563859 6.217146 13.244021 -6.009201 -58.663022 -11.753114 -12.141563 -17.430825 0.000000 0.000000 0.000000 0.000000 0.000000 0.000000 0.000000 0.000000 0.000000 0.000000 0.000000 0.000000 0.000000 0.000000 0.000000 0.000000 0.000000 0.000000 0.000000 0.000000 0.000000 0.000000 0.000000 0.000000 0.000000 0.000000 0.000000 0.000000 0.000000 0.000000 0.000000 0.000000 0.000000 0.000000 0.000000 0.000000 0.000000 0.000000 0.000000 0.000000 0.000000 0.000000 -4.000462 -3.989855 7.861604 -12.039285 -29.004393 9.251934 -24.787509 3.076591 114.254799 -19.105861 26.246765 19.386249 0.000000 0.000000 0.000000 0.000000 0.000000 0.000000 0.000000 0.000000 0.000000 0.000000 0.000000 0.000000 0.000000 0.000000 0.000000 0.000000 0.000000 0.000000 0.000000 0.000000 0.000000 0.000000 0.000000 0.000000 0.000000 0.000000 0.000000 0.000000 0.000000 0.000000 0.000000 0.000000 0.000000 0.000000 0.000000 0.000000 0.000000 0.000000 0.000000 0.000000 0.000000 0.000000
-0.021089 0.076788 1.079663 -4.716196 -3.939819 -7.878621 -17.946128 -18.947983 5.928660 45.234988 13.195227 2.045116 -5.707291 0.787819 10.792485 -0.415151 -0.410075 -0.961939 -25.578933 16.174014 -0.965882 47.116509 -7.497428 -3.503938 -10.012610 3.039879 -10.290593 -2.848842 -2.100428 0.233363 28.131991 -1.790417 -1.268447 -3.357985 0.215971 -1.287298 7.225504 1.246928 -0.307074 15.321462 3.507128 2.632010 -11.664795 -0.793934 3.050647 4.508234 13.976684 -0.402877 4.908415 30.824432 5.559071 11.220073 -5.809449 -60.972647 -9.882381 -13.153667 -19.246177 0.000000 0.000000 0.000000 0.000000 0.000000 0.000000 0.000000 0.000000 0.000000 0.000000 0.000000 0.000000 0.000000 0.000000 0.000000 0.000000 0.000000 0.000000 0.000000 0.000000 0.000000 0.000000 0.000000 0.000000 0.000000 0.000000 0.000000 0.000000 0.000000 0.000000 0.000000 0.000000 0.000000 0.000000 0.000000 0.000000 0.000000 0.000000 0.000000 0.000000 0.000000 0.000000 -3.352394 -3.571421 8.434682 -10.050986 -30.711083 8.933725 -23.246816 4.494926 112.254450 -18.941598 26.235847 20.975053 0.000000 0.000000 0.000000 0.000000 0.000000 0.000000 0.000000 0.000000 0.000000 0.000000 0.000000 0.000000 0.000000 0.000000 0.000000 0.000000 0.000000 0.000000 0.000000 0.000000 0.000000 0.000000 0.000000 0.000000 0.000000 0.000000 0.000000 0.000000 0.000000 0.000000 0.000000 0.000000 0.000000 0.000000 0.000000 0.000000 0.000000 0.000000 0.000000 0.000000 0.000000 0.000000
-0.005633 0.079746 1.087738 -4.351856 -4.562308 -4.127375 -20.582665 -14.240058 4.122621 43.703681 13.659612 1.752900 -6.543146 0.277564 9.772707 -0.032814 -0.294546 -0.927751 -23.499763 13.120660 -0.972762 45.006405 -5.909202 -4.118259 -7.330303 1.836012 -10.426337 -2.995887 -2.007585 0.532238 27.967167 -1.404265 -0.344398 -3.321706 0.064760 -1.330554 7.063618 1.228882 0.157058 15.659426 3.739993 1.280172 -11.885999 -1.270020 2.601336 4.101017 13.998484 -1.091294 4.812468 29.231555 4.644114 8.158744 -5.554754 -63.147966 -9.321914 -14.149332 -21.014672 0.000000 0.000000 0.000000 0.000000 0.000000 0.000000 0.000000 0.000000 0.000000 0.000000 0.000000 0.000000 0.000000 0.000000 0.000000 0.000000 0.000000 0.000000 0.000000 0.000000 0.000000 0.000000 0.000000 0.000000 0.000000 0.000000 0.000000 0.000000 0.000000 0.000000 0.000000 0.000000 0.000000 0.000000 0.000000 0.000000 0.000000 0.000000 0.000000 0.000000 0.000000 0.000000 -2.653062 -3.654008 8.921671 -8.254024 -29.970723 8.512633 -21.222158 6.191619 108.144326 -18.492756 26.223150 22.537564 0.000000 0.000000 0.000000 0.000000 0.000000 0.000000 0.000000 0.000000 0.000000 0.000000 0.000000 0.000000 0.000000 0.000000 0.000000 0.000000 0.000000 0.000000 0.000000 0.000000 0.000000 0.000000 0.000000 0.000000 0.000000 0.000000 0.000000 0.000000 0.000000 0.000000 0.000000 0.000000 0.000000 0.000000 0.000000 0.000000 0.000000 0.000000 0.000000 0.000000 0.000000 0.000000
0.002613 0.082231 1.090838 -4.150300 -4.627321 -0.879105 -22.005730 -9.623005 2.320378 40.966200 12.848670 0.811114 -8.004174 -0.832951 9.646809 -0.037959 -0.414520 -1.015515 -22.230524 9.732851 -0.688716 44.823140 -5.244924 -4.265226 -6.993588 1.835910 -11.028257 -3.163521 -1.872787 0.658210 27.791648 -1.272049 0.120882 -3.734239 0.251995 -0.979732 7.031504 1.357851 0.419834 14.762687 3.365815 0.468302 -11.711258 -1.779535 2.253505 3.237963 14.314564 -1.251600 4.178283 27.956088 3.255389 2.441015 -5.453252 -65.853274 -10.831921 -14.924492 -22.281434 0.000000 0.000000 0.000000 0.000000 0.000000 0.000000 0.000000 0.000000 0.000000 0.000000 0.000000 0.000000 0.000000 0.000000 0.000000 0.000000 0.000000 0.000000 0.000000 0.000000 0.000000 0.000000 0.000000 0.000000 0.000000 0.000000 0.000000 0.000000 0.000000 0.000000 0.000000 0.000000 0.000000 0.000000 0.000000 0.000000 0.000000 0.000000 0.000000 0.000000 0.000000 0.000000 -2.117072 -3.629796 9.241521 -5.884989 -28.102748 8.189294 -18.296857 7.489012 104.851338 -18.849388 25.865926 23.493829 0.000000 0.000000 0.000000 0.000000 0.000000 0.000000 0.000000 0.000000 0.000000 0.000000 0.000000 0.000000 0.000000 0.000000 0.000000 0.000000 0.000000 0.000000 0.000000 0.000000 0.000000 0.000000 0.000000 0.000000 0.000000 0.000000 0.000000 0.000000 0.000000 0.000000 0.000000 0.000000 0.000000 0.000000 0.000000 0.000000 0.000000 0.000000 0.000000 0.000000 0.000000 0.000000
0.007699 0.085183 1.091664 -3.950769 -4.878593 2.185719 -22.640219 -5.872814 0.946742 39.311687 11.913798 0.418397 -8.774062 -1.448799 10.156898 -0.182153 -0.403206 -1.096947 -21.629484 7.481061 -0.817662 45.100273 -4.537167 -4.825203 -7.521263 1.543345 -11.371620 -3.169827 -1.813796 0.796879 27.417273 -1.009131 0.363477 -3.702304 1.506838 -0.421541 7.254861 1.881256 1.111924 15.502137 3.020207 -0.437723 -11.338633 -3.525616 2.106830 1.559228 13.941958 -1.838644 2.598564 27.084892 0.754293 -5.099393 -5.181204 -70.083860 -11.490280 -16.567820 -22.620487 0.000000 0.000000 0.000000 0.000000 0.000000 0.000000 0.000000 0.000000 0.000000 0.000000 0.000000 0.000000 0.000000 0.000000 0.000000 0.000000 0.000000 0.000000 0.000000 0.000000 0.000000 0.000000 0.000000 0.000000 0.000000 0.000000 0.000000 0.000000 0.000000 0.000000 0.000000 0.000000 0.000000 0.000000 0.000000 0.000000 0.000000 0.000000 0.000000 0.000000 0.000000 0.000000 -0.848328 -2.579513 9.674001 -3.385669 -27.063483 6.808098 -12.843336 9.499208 99.847776 -16.897779 24.989951 23.379865 0.000000 0.000000 0.000000 0.000000 0.000000 0.000000 0.000000 0.000000 0.000000 0.000000 0.000000 0.000000 0.000000 0.000000 0.000000 0.000000 0.000000 0.000000 0.000000 0.000000 0.000000 0.000000 0.000000 0.000000 0.000000 0.000000 0.000000 0.000000 0.000000 0.000000 0.000000 0.000000 0.000000 0.000000 0.000000 0.000000 0.000000 0.000000 0.000000 0.000000 0.000000 0.000000
0.005317 0.081675 1.090494 -4.508272 -4.759627 6.173917 -22.443511 -5.080693 0.111174 38.996545 11.396713 -0.074263 -9.576785 -1.826138 11.130480 -0.344025 -0.064447 -1.108576 -21.233554 6.911967 -1.099093 46.232409 -4.690473 -5.166587 -8.820187 1.250707 -11.378656 -3.105749 -1.634692 1.002986 27.637115 -0.771404 0.173901 -4.065539 3.322270 0.316554 7.778628 2.207057 1.510736 15.677089 2.707692 -1.607302 -10.602758 -5.791686 1.896393 -1.040703 13.115880 -2.308073 -0.379329 28.763198 -3.434181 -14.183799 -5.499917 -75.917197 -13.352156 -18.660031 -22.735164 0.000000 0.000000 0.000000 0.000000 0.000000 0.000000 0.000000 0.000000 0.000000 0.000000 0.000000 0.000000 0.000000 0.000000 0.000000 0.000000 0.000000 0.000000 0.000000 0.000000 0.000000 0.000000 0.000000 0.000000 0.000000 0.000000 0.000000 0.000000 0.000000 0.000000 0.000000 0.000000 0.000000 0.000000 0.000000 0.000000 0.000000 0.000000 0.000000 0.000000 0.000000 0.000000 0.880294 -1.337588 9.804950 -0.409409 -27.185721 4.674476 -4.924920 12.116091 94.765989 -14.404567 23.205395 22.365417 0.000000 0.000000 0.000000 0.000000 0.000000 0.000000 0.000000 0.000000 0.000000 0.000000 0.000000 0.000000 0.000000 0.000000 0.000000 0.000000 0.000000 0.000000 0.000000 0.000000 0.000000 0.000000 0.000000 0.000000 0.000000 0.000000 0.000000 0.000000 0.000000 0.000000 0.000000 0.000000 0.000000 0.000000 0.000000 0.000000 0.000000 0.000000 0.000000 0.000000 0.000000 0.000000
-0.004361 0.071905 1.086754 -5.777710 -4.362844 9.476745 -22.861345 -7.270465 0.084812 40.855883 11.617908 -0.583700 -9.820719 -1.611628 11.244867 -0.352724 0.018963 -1.112383 -20.851466 8.218616 -2.152418 47.567491 -6.365997 -5.818465 -9.279366 1.006174 -10.709484 -2.965600 -1.549378 1.095247 28.215701 -0.333015 0.118213 -4.171447 4.278409 0.662566 8.039223 2.250676 1.371692 16.003805 2.208096 -2.111971 -9.939064 -7.796294 1.108794 -2.818024 12.053415 -2.992773 -1.752233 30.516087 -8.377131 -18.435398 -6.071178 -82.528125 -14.628006 -20.870806 -23.808583 0.000000 0.000000 0.000000 0.000000 0.000000 0.000000 0.000000 0.000000 0.000000 0.000000 0.000000 0.000000 0.000000 0.000000 0.000000 0.000000 0.000000 0.000000 0.000000 0.000000 0.000000 0.000000 0.000000 0.000000 0.000000 0.000000 0.000000 0.000000 0.000000 0.000000 0.000000 0.000000 0.000000 0.000000 0.000000 0.000000 0.000000 0.000000 0.000000 0.000000 0.000000 0.000000 1.979187 -0.813512 10.128829 1.670519 -29.268919 3.120925 1.886526 12.964991 89.742382 -13.799065 21.689640 22.228466 0.000000 0.000000 0.000000 0.000000 0.000000 0.000000 0.000000 0.000000 0.000000 0.000000 0.000000 0.000000 0.000000 0.000000 0.000000 0.000000 0.000000 0.000000 0.000000 0.000000 0.000000 0.000000 0.000000 0.000000 0.000000 0.000000 0.000000 0.000000 0.000000 0.000000 0.000000 0.000000 0.000000 0.000000 0.000000 0.000000 0.000000 0.000000 0.000000 0.000000 0.000000 0.000000
-0.022648 0.064576 1.078095 -6.851121 -3.157665 12.566557 -22.921236 -11.284383 0.439710 43.169319 11.494334 -1.753342 -10.875879 -0.846443 11.086709 -0.317083 0.087259 -1.178086 -19.780001 11.122232 -3.607558 48.376286 -8.040702 -5.904040 -9.178089 -0.244102 -9.583268 -2.804211 -1.376138 1.201431 28.782477 0.217453 0.343983 -3.535490 4.682404 0.660232 7.871202 2.100655 1.247366 17.081773 1.832210 -2.526588 -9.092459 -10.074816 0.608603 -4.229448 11.181493 -3.867399 -2.584219 32.991083 -14.800402 -21.378868 -7.165114 -90.221632 -14.997049 -23.739346 -24.769727 0.000000 0.000000 0.000000 0.000000 0.000000 0.000000 0.000000 0.000000 0.000000 0.000000 0.000000 0.000000 0.000000 0.000000 0.000000 0.000000 0.000000 0.000000 0.000000 0.000000 0.000000 0.000000 0.000000 0.000000 0.000000 0.000000 0.000000 0.000000 0.000000 0.000000 0.000000 0.000000 0.000000 0.000000 0.000000 0.000000 0.000000 0.000000 0.000000 0.000000 0.000000 0.000000 3.237343 -1.024687 10.051042 2.805177 -32.283701 1.331402 8.370602 12.741121 83.502929 -12.796169 20.276301 21.569696 0.000000 0.000000 0.000000 0.000000 0.000000 0.000000 0.000000 0.000000 0.000000 0.000000 0.000000 0.000000 0.000000 0.000000 0.000000 0.000000 0.000000 0.000000 0.000000 0.000000 0.000000 0.000000 0.000000 0.000000 0.000000 0.000000 0.000000 0.000000 0.000000 0.000000 0.000000 0.000000 0.000000 0.000000 0.000000 0.000000 0.000000 0.000000 0.000000 0.000000 0.000000 0.000000
-0.044942 0.055495 1.064345 -8.475769 -1.768619 14.370284 -22.492209 -16.376251 1.134697 44.875873 11.201183 -3.196153 -12.781725 -0.637264 10.808301 -0.463642 0.157391 -1.234727 -17.487005 14.623354 -5.330046 48.638760 -9.270377 -5.111368 -10.321413 -0.995537 -8.330835 -2.872706 -1.530416 1.558418 29.235863 0.615284 0.516864 -3.420087 4.788594 0.434061 7.690465 2.141778 0.928673 16.451481 1.087987 -2.531705 -7.499364 -11.626257 -0.129460 -5.427505 10.463488 -4.705669 -2.380677 35.515654 -22.500381 -24.564956 -9.093703 -97.932230 -15.951545 -28.171129 -25.834281 0.000000 0.000000 0.000000 0.000000 0.000000 0.000000 0.000000 0.000000 0.000000 0.000000 0.000000 0.000000 0.000000 0.000000 0.000000 0.000000 0.000000 0.000000 0.000000 0.000000 0.000000 0.000000 0.000000 0.000000 0.000000 0.000000 0.000000 0.000000 0.000000 0.000000 0.000000 0.000000 0.000000 0.000000 0.000000 0.000000 0.000000 0.000000 0.000000 0.000000 0.000000 0.000000 4.255033 -1.770829 9.770070 4.491540 -35.207485 0.158949 14.096409 11.612104 76.218877 -11.144835 20.162632 20.067420 0.000000 0.000000 0.000000 0.000000 0.000000 0.000000 0.000000 0.000000 0.000000 0.000000 0.000000 0.000000 0.000000 0.000000 0.000000 0.000000 0.000000 0.000000 0.000000 0.000000 0.000000 0.000000 0.000000 0.000000 0.000000 0.000000 0.000000 0.000000 0.000000 0.000000 0.000000 0.000000 0.000000 0.000000 0.000000 0.000000 0.000000 0.000000 0.000000 0.000000 0.000000 0.000000
-0.070465 0.048958 1.048948 -9.834966 -0.553968 16.249980 -20.759786 -21.231659 1.947766 42.819189 9.176302 -3.439491 -15.603543 -0.713364 10.991322 -0.657750 -0.257196 -1.115553 -14.596149 17.929241 -6.621094 48.038933 -8.321452 -4.581469 -12.720514 -3.265504 -5.183230 -2.716332 -1.481624 1.734630 28.677118 0.914576 0.508274 -3.745478 5.124745 0.443572 7.040396 2.084640 0.487370 15.003281 -0.046858 -3.800185 -7.035547 -12.328828 -1.310521 -6.572406 10.264888 -5.325519 -1.150954 37.848257 -29.845405 -28.523791 -12.096686 -107.175241 -16.514784 -28.895694 -26.295726 0.000000 0.000000 0.000000 0.000000 0.000000 0.000000 0.000000 0.000000 0.000000 0.000000 0.000000 0.000000 0.000000 0.000000 0.000000 0.000000 0.000000 0.000000 0.000000 0.000000 0.000000 0.000000 0.000000 0.000000 0.000000 0.000000 0.000000 0.000000 0.000000 0.000000 0.000000 0.000000 0.000000 0.000000 0.000000 0.000000 0.000000 0.000000 0.000000 0.000000 0.000000 0.000000 5.283676 -2.864425 9.328565 6.839838 -38.565299 -0.368890 18.224258 10.060637 68.986862 -12.075571 17.015875 18.251814 0.000000 0.000000 0.000000 0.000000 0.000000 0.000000 0.000000 0.000000 0.000000 0.000000 0.000000 0.000000 0.000000 0.000000 0.000000 0.000000 0.000000 0.000000 0.000000 0.000000 0.000000 0.000000 0.000000 0.000000 0.000000 0.000000 0.000000 0.000000 0.000000 0.000000 0.000000 0.000000 0.000000 0.000000 0.000000 0.000000 0.000000 0.000000 0.000000 0.000000 0.000000 0.000000
-0.096010 0.048285 1.036187 -10.066259 0.023259 17.617139 -20.045235 -23.036969 2.245374 42.320729 8.824748 -3.518136 -19.197256 -0.975509 9.257398 -0.746561 -0.391560 -1.080674 -12.952352 19.003105 -6.479624 46.488173 -6.522242 -3.873779 -14.201967 -3.702007 -5.867626 -2.626824 -1.375001 1.656872 27.697840 1.331002 0.340897 -3.529696 4.732189 0.142459 6.629602 1.943094 -0.055633 13.635521 -1.536745 -4.254456 -7.327561 -12.756213 -2.304396 -7.116504 9.990647 -5.788390 1.381024 39.278057 -35.771249 -29.858629 -13.912657 -112.265227 -17.526724 -29.626924 -26.400039 0.000000 0.000000 0.000000 0.000000 0.000000 0.000000 0.000000 0.000000 0.000000 0.000000 0.000000 0.000000 0.000000 0.000000 0.000000 0.000000 0.000000 0.000000 0.000000 0.000000 0.000000 0.000000 0.000000 0.000000 0.000000 0.000000 0.000000 0.000000 0.000000 0.000000 0.000000 0.000000 0.000000 0.000000 0.000000 0.000000 0.000000 0.000000 0.000000 0.000000 0.000000 0.000000 5.808986 -3.935321 8.197487 8.754387 -41.131388 -0.824375 19.714354 8.347607 63.648622 -14.075614 15.471461 17.285071 0.000000 0.000000 0.000000 0.000000 0.000000 0.000000 0.000000 0.000000 0.000000 0.000000 0.000000 0.000000 0.000000 0.000000 0.000000 0.000000 0.000000 0.000000 0.000000 0.000000 0.000000 0.000000 0.000000 0.000000 0.000000 0.000000 0.000000 0.000000 0.000000 0.000000 0.000000 0.000000 0.000000 0.000000 0.000000 0.000000 0.000000 0.000000 0.000000 0.000000 0.000000 0.000000
-0.122315 0.052746 1.032144 -9.133327 0.529846 17.941850 -19.398518 -22.786124 2.512029 41.223332 9.174781 -3.474975 -22.428563 -1.672302 7.124658 -0.718298 -0.284264 -1.086267 -13.077833 19.051956 -5.587485 45.047282 -4.687705 -3.628906 -12.463514 -3.304674 -8.637800 -2.508051 -1.441267 1.583803 26.907773 1.768418 -0.250218 -3.587066 4.265608 -0.228974 6.772472 1.628581 -0.739882 12.760765 -2.064554 -4.388014 -7.758826 -12.818906 -2.277375 -7.129988 9.635876 -6.273864 3.815486 39.770070 -39.972788 -29.973390 -14.947819 -114.089104 -18.178761 -30.211511 -26.206080 0.000000 0.000000 0.000000 0.000000 0.000000 0.000000 0.000000 0.000000 0.000000 0.000000 0.000000 0.000000 0.000000 0.000000 0.000000 0.000000 0.000000 0.000000 0.000000 0.000000 0.000000 0.000000 0.000000 0.000000 0.000000 0.000000 0.000000 0.000000 0.000000 0.000000 0.000000 0.000000 0.000000 0.000000 0.000000 0.000000 0.000000 0.000000 0.000000 0.000000 0.000000 0.000000 5.683919 -4.757812 6.861565 10.369839 -44.180427 -0.619967 18.934466 6.993182 59.849462 -16.082587 14.354757 16.554444 0.000000 0.000000 0.000000 0.000000 0.000000 0.000000 0.000000 0.000000 0.000000 0.000000 0.000000 0.000000 0.000000 0.000000 0.000000 0.000000 0.000000 0.000000 0.000000 0.000000 0.000000 0.000000 0.000000 0.000000 0.000000 0.000000 0.000000 0.000000 0.000000 0.000000 0.000000 0.000000 0.000000 0.000000 0.000000 0.000000 0.000000 0.000000 0.000000 0.000000 0.000000 0.000000
-0.148340 0.057809 1.039861 -7.592372 0.956743 17.223367 -18.359032 -20.974153 2.749515 38.506663 8.934246 -3.283489 -22.546254 -2.454006 7.487030 -0.493589 -0.073292 -1.310126 -15.451384 17.705284 -3.981458 45.129901 -3.720658 -3.695138 -9.001783 -3.233911 -10.703396 -2.324374 -1.681317 1.570866 26.513017 1.898657 -1.320558 -3.788393 3.502219 -0.567571 7.036982 1.144207 -1.299914 12.578308 -1.556924 -3.807032 -8.449985 -12.451875 -1.406804 -6.590432 9.416541 -6.735941 5.390117 39.576509 -41.577479 -28.874223 -15.122103 -114.577353 -18.845502 -29.383262 -26.021226 0.000000 0.000000 0.000000 0.000000 0.000000 0.000000 0.000000 0.000000 0.000000 0.000000 0.000000 0.000000 0.000000 0.000000 0.000000 0.000000 0.000000 0.000000 0.000000 0.000000 0.000000 0.000000 0.000000 0.000000 0.000000 0.000000 0.000000 0.000000 0.000000 0.000000 0.000000 0.000000 0.000000 0.000000 0.000000 0.000000 0.000000 0.000000 0.000000 0.000000 0.000000 0.000000 5.267341 -5.532342 5.847532 11.431626 -46.973134 0.261052 17.197390 6.693852 56.598085 -16.591739 14.114237 15.921745 0.000000 0.000000 0.000000 0.000000 0.000000 0.000000 0.000000 0.000000 0.000000 0.000000 0.000000 0.000000 0.000000 0.000000 0.000000 0.000000 0.000000 0.000000 0.000000 0.000000 0.000000 0.000000 0.000000 0.000000 0.000000 0.000000 0.000000 0.000000 0.000000 0.000000 0.000000 0.000000 0.000000 0.000000 0.000000 0.000000 0.000000 0.000000 0.000000 0.000000 0.000000 0.000000
-0.177103 0.064437 1.053859 -5.785591 2.100980 14.970700 -15.997021 -18.398255 2.867588 33.745055 7.394440 -4.328434 -20.422947 -4.001591 11.098384 -0.241103 0.329142 -1.584324 -19.574143 12.973864 -1.499328 46.560622 -4.087325 -3.413578 -7.265334 -1.834260 -11.022751 -2.495091 -2.259356 1.373552 26.853026 1.761387 -3.280740 -4.274298 1.835793 -1.250662 7.879079 0.086396 -2.308410 12.178983 0.692273 -1.209000 -10.609290 -11.442154 -0.051251 -5.190514 8.604051 -6.827730 4.997791 37.143694 -38.786852 -25.960207 -13.947285 -112.458067 -19.990382 -27.840937 -24.799143 0.000000 0.000000 0.000000 0.000000 0.000000 0.000000 0.000000 0.000000 0.000000 0.000000 0.000000 0.000000 0.000000 0.000000 0.000000 0.000000 0.000000 0.000000 0.000000 0.000000 0.000000 0.000000 0.000000 0.000000 0.000000 0.000000 0.000000 0.000000 0.000000 0.000000 0.000000 0.000000 0.000000 0.000000 0.000000 0.000000 0.000000 0.000000 0.000000 0.000000 0.000000 0.000000 3.974171 -6.413264 5.235522 12.947424 -48.907205 2.640086 13.623763 6.392205 55.076715 -16.891778 14.984496 15.461941 0.000000 0.000000 0.000000 0.000000 0.000000 0.000000 0.000000 0.000000 0.000000 0.000000 0.000000 0.000000 0.000000 0.000000 0.000000 0.000000 0.000000 0.000000 0.000000 0.000000 0.000000 0.000000 0.000000 0.000000 0.000000 0.000000 0.000000 0.000000 0.000000 0.000000 0.000000 0.000000 0.000000 0.000000 0.000000 0.000000 0.000000 0.000000 0.000000 0.000000 0.000000 0.000000
-0.200717 0.073160 1.069302 -3.946609 3.013835 12.129448 -13.687115 -15.117783 2.737534 29.964359 5.408712 -4.434937 -15.880941 -3.251315 13.801450 -0.017505 0.517792 -1.557968 -23.568966 7.923312 0.488193 47.030945 -4.711383 -3.721899 -7.356767 -0.926800 -10.189592 -2.674836 -2.554310 1.244981 27.208405 1.137039 -4.753103 -5.120868 0.523553 -1.551352 8.062886 -0.536751 -2.718592 12.372999 2.238857 1.277643 -11.222454 -10.000026 1.340762 -4.436509 7.351359 -6.590309 4.440665 34.562192 -35.061689 -22.774612 -12.752452 -108.796423 -19.651708 -25.322201 -23.798432 0.000000 0.000000 0.000000 0.000000 0.000000 0.000000 0.000000 0.000000 0.000000 0.000000 0.000000 0.000000 0.000000 0.000000 0.000000 0.000000 0.000000 0.000000 0.000000 0.000000 0.000000 0.000000 0.000000 0.000000 0.000000 0.000000 0.000000 0.000000 0.000000 0.000000 0.000000 0.000000 0.000000 0.000000 0.000000 0.000000 0.000000 0.000000 0.000000 0.000000 0.000000 0.000000 2.900555 -6.917416 4.881054 14.851142 -49.215095 5.224334 10.439158 6.947706 56.585707 -17.533390 16.179586 15.537516 0.000000 0.000000 0.000000 0.000000 0.000000 0.000000 0.000000 0.000000 0.000000 0.000000 0.000000 0.000000 0.000000 0.000000 0.000000 0.000000 0.000000 0.000000 0.000000 0.000000 0.000000 0.000000 0.000000 0.000000 0.000000 0.000000 0.000000 0.000000 0.000000 0.000000 0.000000 0.000000 0.000000 0.000000 0.000000 0.000000 0.000000 0.000000 0.000000 0.000000 0.000000 0.000000
-0.217693 0.085331 1.081954 -1.964715 3.610299 7.951440 -12.625114 -11.611537 1.857469 28.091613 4.180162 -4.237130 -12.553240 -2.157950 14.834940 0.177313 0.596283 -1.508690 -26.385986 2.837607 1.662688 45.323060 -5.044362 -3.725728 -6.775304 -0.810608 -8.583806 -2.840132 -2.715747 1.142916 26.915691 0.675017 -5.391462 -5.423450 -0.719538 -1.766972 7.824283 -0.997736 -2.656213 13.082825 3.591979 3.214436 -11.414019 -8.291406 2.543802 -3.964169 6.139495 -6.602988 4.202451 31.344788 -30.631088 -19.692842 -11.341618 -106.606649 -17.753348 -22.041239 -22.427658 0.000000 0.000000 0.000000 0.000000 0.000000 0.000000 0.000000 0.000000 0.000000 0.000000 0.000000 0.000000 0.000000 0.000000 0.000000 0.000000 0.000000 0.000000 0.000000 0.000000 0.000000 0.000000 0.000000 0.000000 0.000000 0.000000 0.000000 0.000000 0.000000 0.000000 0.000000 0.000000 0.000000 0.000000 0.000000 0.000000 0.000000 0.000000 0.000000 0.000000 0.000000 0.000000 1.766508 -7.155134 5.096502 16.652645 -49.034351 7.903379 6.845642 7.372705 59.478087 -17.358675 15.451913 14.782158 0.000000 0.000000 0.000000 0.000000 0.000000 0.000000 0.000000 0.000000 0.000000 0.000000 0.000000 0.000000 0.000000 0.000000 0.000000 0.000000 0.000000 0.000000 0.000000 0.000000 0.000000 0.000000 0.000000 0.000000 0.000000 0.000000 0.000000 0.000000 0.000000 0.000000 0.000000 0.000000 0.000000 0.000000 0.000000 0.000000 0.000000 0.000000 0.000000 0.000000 0.000000 0.000000
-0.226281 0.094839 1.087716 -0.711252 3.341621 3.606400 -11.546287 -8.686376 1.542908 27.369079 3.710745 -3.251709 -12.036884 -2.013526 14.630999 0.230983 0.633258 -1.454054 -27.338870 -0.542970 2.402923 42.769964 -4.553728 -3.840606 -5.397239 -1.271835 -7.411133 -2.936708 -2.970904 1.036586 26.622644 0.633037 -5.569274 -5.126899 -1.778022 -1.915502 7.625776 -1.260682 -2.407492 14.080467 4.749687 4.959786 -11.609879 -6.249524 3.620074 -3.547940 5.341012 -6.807420 3.552076 26.965670 -26.135718 -16.795797 -9.780013 -104.310003 -15.204356 -19.216626 -21.464154 0.000000 0.000000 0.000000 0.000000 0.000000 0.000000 0.000000 0.000000 0.000000 0.000000 0.000000 0.000000 0.000000 0.000000 0.000000 0.000000 0.000000 0.000000 0.000000 0.000000 0.000000 0.000000 0.000000 0.000000 0.000000 0.000000 0.000000 0.000000 0.000000 0.000000 0.000000 0.000000 0.000000 0.000000 0.000000 0.000000 0.000000 0.000000 0.000000 0.000000 0.000000 0.000000 0.679560 -7.490535 5.812158 18.275932 -48.097407 10.979608 3.542727 8.059979 62.844262 -16.461301 14.406287 13.898965 0.000000 0.000000 0.000000 0.000000 0.000000 0.000000 0.000000 0.000000 0.000000 0.000000 0.000000 0.000000 0.000000 0.000000 0.000000 0.000000 0.000000 0.000000 0.000000 0.000000 0.000000 0.000000 0.000000 0.000000 0.000000 0.000000 0.000000 0.000000 0.000000 0.000000 0.000000 0.000000 0.000000 0.000000 0.000000 0.000000 0.000000 0.000000 0.000000 0.000000 0.000000 0.000000
-0.226375 0.097414 1.084997 -0.597202 2.091370 -0.532641 -10.870716 -6.324723 1.671695 28.451688 4.193077 -2.369116 -13.361948 -3.650412 14.615669 0.019026 0.608006 -1.301859 -27.758160 -1.414011 2.729412 42.644964 -4.552411 -3.400208 -5.211485 -0.708767 -6.898013 -3.138303 -3.084943 1.019496 26.419129 0.845132 -5.320901 -4.513030 -2.907198 -2.044469 7.169653 -1.027707 -2.327184 13.830401 5.453150 7.017457 -11.910600 -4.168758 4.077007 -3.184617 4.066084 -6.715329 3.570768 21.682064 -21.694388 -12.967572 -9.058916 -101.667918 -14.046029 -16.427555 -20.440096 0.000000 0.000000 0.000000 0.000000 0.000000 0.000000 0.000000 0.000000 0.000000 0.000000 0.000000 0.000000 0.000000 0.000000 0.000000 0.000000 0.000000 0.000000 0.000000 0.000000 0.000000 0.000000 0.000000 0.000000 0.000000 0.000000 0.000000 0.000000 0.000000 0.000000 0.000000 0.000000 0.000000 0.000000 0.000000 0.000000 0.000000 0.000000 0.000000 0.000000 0.000000 0.000000 -0.243834 -7.610693 6.365542 19.932802 -46.623358 14.143799 1.589247 8.991110 66.975126 -15.816571 13.907771 13.511093 0.000000 0.000000 0.000000 0.000000 0.000000 0.000000 0.000000 0.000000 0.000000 0.000000 0.000000 0.000000 0.000000 0.000000 0.000000 0.000000 0.000000 0.000000 0.000000 0.000000 0.000000 0.000000 0.000000 0.000000 0.000000 0.000000 0.000000 0.000000 0.000000 0.000000 0.000000 0.000000 0.000000 0.000000 0.000000 0.000000 0.000000 0.000000 0.000000 0.000000 0.000000 0.000000
-0.227323 0.097281 1.079680 -0.940314 1.474370 -3.494996 -10.602580 -6.467616 2.473488 30.298545 5.372848 -1.755813 -14.255139 -4.106882 14.276755 0.004799 0.551076 -1.224555 -28.217364 0.031468 2.491289 44.450534 -5.826568 -3.015675 -5.441026 -0.591962 -6.192434 -3.115168 -2.957667 1.059286 26.338654 0.762274 -4.812339 -3.406691 -3.568387 -2.138758 6.800646 -0.919895 -1.880364 14.807391 6.552252 8.339478 -12.127388 -2.660386 4.073757 -2.752728 2.953454 -6.562082 3.198996 18.380874 -18.265567 -10.304054 -8.510295 -100.047582 -14.140764 -14.880323 -20.426933 0.000000 0.000000 0.000000 0.000000 0.000000 0.000000 0.000000 0.000000 0.000000 0.000000 0.000000 0.000000 0.000000 0.000000 0.000000 0.000000 0.000000 0.000000 0.000000 0.000000 0.000000 0.000000 0.000000 0.000000 0.000000 0.000000 0.000000 0.000000 0.000000 0.000000 0.000000 0.000000 0.000000 0.000000 0.000000 0.000000 0.000000 0.000000 0.000000 0.000000 0.000000 0.000000 -0.546235 -7.520976 7.051980 19.989119 -45.774357 16.041132 0.607727 9.389055 70.136821 -15.891156 14.264388 13.628239 0.000000 0.000000 0.000000 0.000000 0.000000 0.000000 0.000000 0.000000 0.000000 0.000000 0.000000 0.000000 0.000000 0.000000 0.000000 0.000000 0.000000 0.000000 0.000000 0.000000 0.000000 0.000000 0.000000 0.000000 0.000000 0.000000 0.000000 0.000000 0.000000 0.000000 0.000000 0.000000 0.000000 0.000000 0.000000 0.000000 0.000000 0.000000 0.000000 0.000000 0.000000 0.000000
-0.225232 0.095360 1.075426 -1.485722 0.618036 -5.731084 -10.321826 -7.630457 3.625204 31.810139 6.725681 -1.646127 -14.042783 -3.953444 13.735428 -0.225320 0.594856 -1.090850 -28.979696 2.856013 2.059696 47.068852 -7.363484 -2.331108 -4.720820 -1.310069 -5.021513 -2.999693 -2.891235 1.234071 26.339023 0.718545 -4.395654 -2.832665 -3.850185 -2.256982 6.642658 -0.951082 -1.519806 15.284736 7.725235 9.642105 -12.247352 -1.540532 3.868032 -2.340041 1.367072 -5.864956 2.495948 15.503355 -15.104233 -7.430564 -7.922884 -99.333439 -15.704607 -12.783391 -20.832371 0.000000 0.000000 0.000000 0.000000 0.000000 0.000000 0.000000 0.000000 0.000000 0.000000 0.000000 0.000000 0.000000 0.000000 0.000000 0.000000 0.000000 0.000000 0.000000 0.000000 0.000000 0.000000 0.000000 0.000000 0.000000 0.000000 0.000000 0.000000 0.000000 0.000000 0.000000 0.000000 0.000000 0.000000 0.000000 0.000000 0.000000 0.000000 0.000000 0.000000 0.000000 0.000000 -0.773295 -7.045330 7.339775 19.855146 -45.316463 17.514434 0.946881 9.266382 72.989947 -16.602729 14.211762 13.683035 0.000000 0.000000 0.000000 0.000000 0.000000 0.000000 0.000000 0.000000 0.000000 0.000000 0.000000 0.000000 0.000000 0.000000 0.000000 0.000000 0.000000 0.000000 0.000000 0.000000 0.000000 0.000000 0.000000 0.000000 0.000000 0.000000 0.000000 0.000000 0.000000 0.000000 0.000000 0.000000 0.000000 0.000000 0.000000 0.000000 0.000000 0.000000 0.000000 0.000000 0.000000 0.000000
-0.222703 0.091098 1.072762 -2.347362 -0.127741 -7.365505 -9.989827 -9.924256 5.020610 34.064872 7.743476 -1.893856 -12.902255 -2.757822 12.879157 -0.250831 0.544227 -1.054382 -29.360430 5.997327 1.337353 49.866472 -9.070482 -1.595588 -4.087675 -2.362612 -3.864898 -2.940855 -2.789384 1.163073 26.732606 1.014351 -4.116134 -2.306808 -3.687419 -2.241288 6.533567 -0.913245 -1.076283 17.196191 8.588178 10.134842 -11.736592 -1.230194 3.211708 -1.688486 -0.151077 -5.285628 1.806483 12.185578 -12.360692 -4.459756 -6.818429 -98.051756 -16.033500 -11.343473 -21.475786 0.000000 0.000000 0.000000 0.000000 0.000000 0.000000 0.000000 0.000000 0.000000 0.000000 0.000000 0.000000 0.000000 0.000000 0.000000 0.000000 0.000000 0.000000 0.000000 0.000000 0.000000 0.000000 0.000000 0.000000 0.000000 0.000000 0.000000 0.000000 0.000000 0.000000 0.000000 0.000000 0.000000 0.000000 0.000000 0.000000 0.000000 0.000000 0.000000 0.000000 0.000000 0.000000 -0.559592 -6.589621 7.781225 18.280334 -44.477403 17.384513 1.857323 8.497024 74.791405 -17.500716 14.354857 14.259478 0.000000 0.000000 0.000000 0.000000 0.000000 0.000000 0.000000 0.000000 0.000000 0.000000 0.000000 0.000000 0.000000 0.000000 0.000000 0.000000 0.000000 0.000000 0.000000 0.000000 0.000000 0.000000 0.000000 0.000000 0.000000 0.000000 0.000000 0.000000 0.000000 0.000000 0.000000 0.000000 0.000000 0.000000 0.000000 0.000000 0.000000 0.000000 0.000000 0.000000 0.000000 0.000000
-0.219329 0.087581 1.069284 -2.994529 -0.789178 -8.389217 -10.577718 -12.765039 5.705618 36.884192 8.211355 -2.224735 -11.360895 -2.107320 13.326827 -0.472654 0.434415 -0.961797 -28.638924 8.074764 0.490996 50.789167 -10.159572 -1.001403 -5.113186 -1.580924 -4.061303 -3.064123 -2.674193 1.194975 26.995117 1.419997 -3.850112 -2.314391 -3.208993 -2.180976 6.426585 -0.847818 -0.901313 17.271044 8.940553 10.428471 -11.226949 -1.409034 2.893286 -1.068966 -1.041883 -4.964011 0.902671 9.190988 -9.758058 -2.521359 -5.562145 -96.640674 -17.185387 -10.338199 -22.005675 0.000000 0.000000 0.000000 0.000000 0.000000 0.000000 0.000000 0.000000 0.000000 0.000000 0.000000 0.000000 0.000000 0.000000 0.000000 0.000000 0.000000 0.000000 0.000000 0.000000 0.000000 0.000000 0.000000 0.000000 0.000000 0.000000 0.000000 0.000000 0.000000 0.000000 0.000000 0.000000 0.000000 0.000000 0.000000 0.000000 0.000000 0.000000 0.000000 0.000000 0.000000 0.000000 -0.099261 -5.824986 8.094860 16.517252 -43.323834 16.058051 3.420684 7.908756 76.792571 -18.560711 14.269739 14.647264 0.000000 0.000000 0.000000 0.000000 0.000000 0.000000 0.000000 0.000000 0.000000 0.000000 0.000000 0.000000 0.000000 0.000000 0.000000 0.000000 0.000000 0.000000 0.000000 0.000000 0.000000 0.000000 0.000000 0.000000 0.000000 0.000000 0.000000 0.000000 0.000000 0.000000 0.000000 0.000000 0.000000 0.000000 0.000000 0.000000 0.000000 0.000000 0.000000 0.000000 0.000000 0.000000
-0.218593 0.084925 1.065837 -3.313694 -0.829986 -8.359973 -12.124828 -14.778600 5.262930 39.313679 7.835450 -2.413546 -10.348949 -1.849904 14.645086 -0.734099 0.454036 -0.820344 -27.229836 7.995689 -0.180680 49.899493 -10.125746 -0.516906 -6.635209 -0.856979 -4.636778 -2.935996 -2.492891 1.067470 27.101938 1.843236 -3.686066 -2.581396 -2.533415 -2.174191 6.563490 -0.922527 -0.869882 16.786516 9.133392 10.342855 -11.191561 -2.049332 2.700713 -1.119144 -1.530724 -4.944565 0.513167 7.329488 -8.499210 -1.650165 -4.691407 -96.025526 -17.520669 -9.122620 -21.727653 0.000000 0.000000 0.000000 0.000000 0.000000 0.000000 0.000000 0.000000 0.000000 0.000000 0.000000 0.000000 0.000000 0.000000 0.000000 0.000000 0.000000 0.000000 0.000000 0.000000 0.000000 0.000000 0.000000 0.000000 0.000000 0.000000 0.000000 0.000000 0.000000 0.000000 0.000000 0.000000 0.000000 0.000000 0.000000 0.000000 0.000000 0.000000 0.000000 0.000000 0.000000 0.000000 0.265139 -4.882052 8.240241 15.429326 -42.072232 14.359306 4.858166 7.532125 77.649648 -19.205427 13.218326 14.524034 0.000000 0.000000 0.000000 0.000000 0.000000 0.000000 0.000000 0.000000 0.000000 0.000000 0.000000 0.000000 0.000000 0.000000 0.000000 0.000000 0.000000 0.000000 0.000000 0.000000 0.000000 0.000000 0.000000 0.000000 0.000000 0.000000 0.000000 0.000000 0.000000 0.000000 0.000000 0.000000 0.000000 0.000000 0.000000 0.000000 0.000000 0.000000 0.000000 0.000000 0.000000 0.000000
-0.216776 0.079611 1.064311 -3.837901 -0.820836 -7.394156 -15.806048 -16.319347 3.767836 43.917559 7.787608 -2.456423 -9.152094 -1.215011 15.017040 -1.041599 0.451229 -0.823922 -25.579530 6.974830 -0.751010 48.694333 -9.559668 -0.504980 -8.088209 0.314691 -5.215446 -2.903952 -2.282068 0.977475 27.384656 2.615200 -3.319445 -2.473985 -1.773518 -2.400933 6.521585 -0.700447 -0.757865 17.548366 8.941684 9.735496 -11.042926 -3.389200 2.263347 -1.391707 -1.861982 -5.550251 -0.131635 6.646520 -8.862564 -2.286045 -4.378054 -95.621381 -16.264076 -8.724746 -21.362312 0.000000 0.000000 0.000000 0.000000 0.000000 0.000000 0.000000 0.000000 0.000000 0.000000 0.000000 0.000000 0.000000 0.000000 0.000000 0.000000 0.000000 0.000000 0.000000 0.000000 0.000000 0.000000 0.000000 0.000000 0.000000 0.000000 0.000000 0.000000 0.000000 0.000000 0.000000 0.000000 0.000000 0.000000 0.000000 0.000000 0.000000 0.000000 0.000000 0.000000 0.000000 0.000000 1.030799 -3.624916 8.498942 13.851090 -40.620300 11.537919 6.772201 7.272493 77.548554 -19.064378 12.177691 14.754975 0.000000 0.000000 0.000000 0.000000 0.000000 0.000000 0.000000 0.000000 0.000000 0.000000 0.000000 0.000000 0.000000 0.000000 0.000000 0.000000 0.000000 0.000000 0.000000 0.000000 0.000000 0.000000 0.000000 0.000000 0.000000 0.000000 0.000000 0.000000 0.000000 0.000000 0.000000 0.000000 0.000000 0.000000 0.000000 0.000000 0.000000 0.000000 0.000000 0.000000 0.000000 0.000000
-0.214395 0.074970 1.066222 -4.176043 -0.940746 -4.694218 -20.586856 -16.869083 1.937577 49.424323 9.188253 -2.438172 -8.355836 -0.474017 14.423550 -1.069144 0.548152 -0.986901 -23.769649 5.540932 -1.263952 46.881843 -9.215194 -1.306360 -7.977029 1.085363 -6.059750 -2.936771 -1.921031 0.923493 27.674582 3.384613 -2.989215 -2.524442 -0.792349 -2.827507 6.415966 -0.191727 -0.892200 18.608576 7.688144 8.134081 -10.397214 -5.895487 1.935427 -1.577806 -1.412036 -6.486527 -0.255673 8.075509 -10.327379 -3.891207 -4.791868 -95.507508 -15.079472 -9.410750 -21.501368 0.000000 0.000000 0.000000 0.000000 0.000000 0.000000 0.000000 0.000000 0.000000 0.000000 0.000000 0.000000 0.000000 0.000000 0.000000 0.000000 0.000000 0.000000 0.000000 0.000000 0.000000 0.000000 0.000000 0.000000 0.000000 0.000000 0.000000 0.000000 0.000000 0.000000 0.000000 0.000000 0.000000 0.000000 0.000000 0.000000 0.000000 0.000000 0.000000 0.000000 0.000000 0.000000 2.088047 -2.242307 8.636887 12.178924 -38.653740 7.781781 9.743876 6.577939 76.290153 -18.694414 10.913070 15.533902 0.000000 0.000000 0.000000 0.000000 0.000000 0.000000 0.000000 0.000000 0.000000 0.000000 0.000000 0.000000 0.000000 0.000000 0.000000 0.000000 0.000000 0.000000 0.000000 0.000000 0.000000 0.000000 0.000000 0.000000 0.000000 0.000000 0.000000 0.000000 0.000000 0.000000 0.000000 0.000000 0.000000 0.000000 0.000000 0.000000 0.000000 0.000000 0.000000 0.000000 0.000000 0.000000
-0.213264 0.074562 1.072477 -4.271672 -0.862142 0.118742 -26.400729 -16.879795 1.098335 56.178320 12.791035 -1.351690 -5.991833 0.898896 13.563404 -0.252743 0.947676 -1.385712 -21.639222 3.764374 -2.108138 42.935561 -8.913422 -3.143446 -3.992147 -0.255622 -7.178428 -3.205709 -1.355220 0.911526 28.264341 4.162399 -2.839982 -3.390588 0.517518 -3.328213 6.531689 0.362598 -1.447316 20.610673 5.851232 3.599699 -9.073804 -9.350118 1.600244 -1.288613 0.224834 -8.032712 1.129151 11.054948 -13.289390 -5.237372 -6.543192 -95.481378 -13.584490 -11.916929 -21.952836 0.000000 0.000000 0.000000 0.000000 0.000000 0.000000 0.000000 0.000000 0.000000 0.000000 0.000000 0.000000 0.000000 0.000000 0.000000 0.000000 0.000000 0.000000 0.000000 0.000000 0.000000 0.000000 0.000000 0.000000 0.000000 0.000000 0.000000 0.000000 0.000000 0.000000 0.000000 0.000000 0.000000 0.000000 0.000000 0.000000 0.000000 0.000000 0.000000 0.000000 0.000000 0.000000 3.528355 -0.943708 8.793820 10.782277 -35.497503 3.039403 14.238057 5.827349 74.236359 -18.302829 9.134012 16.715973 0.000000 0.000000 0.000000 0.000000 0.000000 0.000000 0.000000 0.000000 0.000000 0.000000 0.000000 0.000000 0.000000 0.000000 0.000000 0.000000 0.000000 0.000000 0.000000 0.000000 0.000000 0.000000 0.000000 0.000000 0.000000 0.000000 0.000000 0.000000 0.000000 0.000000 0.000000 0.000000 0.000000 0.000000 0.000000 0.000000 0.000000 0.000000 0.000000 0.000000 0.000000 0.000000
-0.215977 0.077159 1.080063 -4.214392 0.066302 5.209596 -28.514075 -17.600680 1.747722 58.573486 16.432446 -0.327234 -4.886670 2.280423 12.872769 0.142055 1.052483 -1.505397 -19.662796 3.122131 -3.334702 40.009175 -9.316572 -4.794598 -0.305890 -2.724232 -6.765642 -3.141691 -0.974239 0.865382 28.308833 4.790758 -2.692310 -3.882966 1.482415 -3.605876 6.267474 0.663813 -1.791078 22.198407 3.815241 -0.732695 -7.942842 -13.121009 1.807422 -0.443042 1.783671 -9.017533 2.601860 14.486996 -15.456119 -4.886001 -7.827462 -95.718587 -13.098657 -12.699683 -21.681806 0.000000 0.000000 0.000000 0.000000 0.000000 0.000000 0.000000 0.000000 0.000000 0.000000 0.000000 0.000000 0.000000 0.000000 0.000000 0.000000 0.000000 0.000000 0.000000 0.000000 0.000000 0.000000 0.000000 0.000000 0.000000 0.000000 0.000000 0.000000 0.000000 0.000000 0.000000 0.000000 0.000000 0.000000 0.000000 0.000000 0.000000 0.000000 0.000000 0.000000 0.000000 0.000000 5.055409 0.710718 9.101226 9.164236 -32.996593 -0.003925 19.191152 4.753247 70.667761 -15.614984 6.954302 16.460359 0.000000 0.000000 0.000000 0.000000 0.000000 0.000000 0.000000 0.000000 0.000000 0.000000 0.000000 0.000000 0.000000 0.000000 0.000000 0.000000 0.000000 0.000000 0.000000 0.000000 0.000000 0.000000 0.000000 0.000000 0.000000 0.000000 0.000000 0.000000 0.000000 0.000000 0.000000 0.000000 0.000000 0.000000 0.000000 0.000000 0.000000 0.000000 0.000000 0.000000 0.000000 0.000000
-0.223717 0.076144 1.083976 -4.385060 1.854710 9.472341 -28.298559 -18.674687 2.978797 57.110018 18.015021 0.646264 -5.851815 2.319420 12.566383 0.407027 1.173250 -1.415667 -17.985899 3.870969 -4.284380 38.635598 -9.141425 -5.128959 2.225106 -4.619395 -7.380592 -3.043749 -1.104096 0.753036 27.864351 4.567073 -2.786722 -3.951334 1.967827 -3.530878 6.225122 0.825041 -2.116005 22.468353 1.633905 -4.524863 -6.257686 -15.745655 2.398872 0.131128 4.345522 -9.164561 3.988949 18.207726 -16.690363 -4.574862 -8.425264 -96.204277 -12.906476 -12.492692 -20.978558 0.000000 0.000000 0.000000 0.000000 0.000000 0.000000 0.000000 0.000000 0.000000 0.000000 0.000000 0.000000 0.000000 0.000000 0.000000 0.000000 0.000000 0.000000 0.000000 0.000000 0.000000 0.000000 0.000000 0.000000 0.000000 0.000000 0.000000 0.000000 0.000000 0.000000 0.000000 0.000000 0.000000 0.000000 0.000000 0.000000 0.000000 0.000000 0.000000 0.000000 0.000000 0.000000 5.576130 1.631347 8.896132 7.324524 -27.461831 -2.791500 23.338363 2.850470 68.036475 -12.375653 4.054513 16.194177 0.000000 0.000000 0.000000 0.000000 0.000000 0.000000 0.000000 0.000000 0.000000 0.000000 0.000000 0.000000 0.000000 0.000000 0.000000 0.000000 0.000000 0.000000 0.000000 0.000000 0.000000 0.000000 0.000000 0.000000 0.000000 0.000000 0.000000 0.000000 0.000000 0.000000 0.000000 0.000000 0.000000 0.000000 0.000000 0.000000 0.000000 0.000000 0.000000 0.000000 0.000000 0.000000
-0.232027 0.070277 1.080270 -5.234965 3.802271 13.013512 -25.584901 -19.568164 4.493683 52.348300 17.169783 1.119425 -9.494798 0.855353 12.981433 0.466984 1.023134 -1.397012 -15.514914 6.366598 -4.343794 39.649017 -7.421856 -3.588104 2.191365 -6.004759 -7.959130 -3.025307 -1.377082 0.853135 27.069808 3.811535 -2.675699 -3.785856 2.218078 -3.252961 5.989445 1.016793 -2.134044 23.498337 -0.961609 -8.470441 -4.540323 -17.242611 2.067836 1.189520 6.642394 -8.709957 4.984678 23.457468 -18.268517 -4.246463 -9.297695 -95.689335 -13.885323 -11.273172 -20.366779 0.000000 0.000000 0.000000 0.000000 0.000000 0.000000 0.000000 0.000000 0.000000 0.000000 0.000000 0.000000 0.000000 0.000000 0.000000 0.000000 0.000000 0.000000 0.000000 0.000000 0.000000 0.000000 0.000000 0.000000 0.000000 0.000000 0.000000 0.000000 0.000000 0.000000 0.000000 0.000000 0.000000 0.000000 0.000000 0.000000 0.000000 0.000000 0.000000 0.000000 0.000000 0.000000 5.895762 2.754379 8.289591 4.692108 -22.040715 -4.897516 25.338924 1.753902 63.675817 -8.268470 1.884839 15.329022 0.000000 0.000000 0.000000 0.000000 0.000000 0.000000 0.000000 0.000000 0.000000 0.000000 0.000000 0.000000 0.000000 0.000000 0.000000 0.000000 0.000000 0.000000 0.000000 0.000000 0.000000 0.000000 0.000000 0.000000 0.000000 0.000000 0.000000 0.000000 0.000000 0.000000 0.000000 0.000000 0.000000 0.000000 0.000000 0.000000 0.000000 0.000000 0.000000 0.000000 0.000000 0.000000
-0.237004 0.059950 1.069698 -7.291030 5.120239 17.514173 -20.612372 -20.613293 5.998730 44.605704 14.104413 1.254267 -17.227539 -3.335857 13.269099 0.359582 0.926465 -1.369053 -12.023107 10.899414 -4.366511 40.576509 -3.478935 -1.178311 -0.158258 -6.412890 -10.370363 -2.934295 -1.566836 0.927041 26.092048 2.524499 -2.657590 -3.900780 2.368468 -3.182219 6.104199 0.952104 -2.738013 22.604138 -4.142307 -13.448111 -2.966535 -17.694586 1.696963 1.776798 8.987646 -7.912014 6.854728 30.149721 -20.380800 -4.774736 -11.397809 -95.978099 -16.007215 -10.736113 -19.172939 0.000000 0.000000 0.000000 0.000000 0.000000 0.000000 0.000000 0.000000 0.000000 0.000000 0.000000 0.000000 0.000000 0.000000 0.000000 0.000000 0.000000 0.000000 0.000000 0.000000 0.000000 0.000000 0.000000 0.000000 0.000000 0.000000 0.000000 0.000000 0.000000 0.000000 0.000000 0.000000 0.000000 0.000000 0.000000 0.000000 0.000000 0.000000 0.000000 0.000000 0.000000 0.000000 4.786581 4.728870 7.485999 2.495297 -15.310298 -5.916720 25.528504 0.562651 58.682880 -4.478978 0.034948 14.160961 0.000000 0.000000 0.000000 0.000000 0.000000 0.000000 0.000000 0.000000 0.000000 0.000000 0.000000 0.000000 0.000000 0.000000 0.000000 0.000000 0.000000 0.000000 0.000000 0.000000 0.000000 0.000000 0.000000 0.000000 0.000000 0.000000 0.000000 0.000000 0.000000 0.000000 0.000000 0.000000 0.000000 0.000000 0.000000 0.000000 0.000000 0.000000 0.000000 0.000000 0.000000 0.000000
-0.242405 0.059063 1.056842 -8.151624 5.569695 19.736178 -19.901014 -21.225255 6.017222 43.806084 12.951913 0.623608 -22.186970 -6.046894 12.933728 0.073964 1.016246 -1.401639 -9.349941 14.000837 -4.802720 39.285990 -0.778446 0.229799 -0.152398 -7.237563 -12.140678 -3.019483 -1.715348 0.933313 25.507358 2.155029 -2.010562 -4.154438 2.836471 -2.894721 6.454767 1.083273 -2.791184 21.861348 -6.665307 -16.533324 -1.216165 -18.211042 1.933010 1.855881 10.328879 -7.628401 8.404262 33.416021 -21.853803 -4.932312 -14.155891 -95.752177 -16.548626 -12.352764 -18.705666 0.000000 0.000000 0.000000 0.000000 0.000000 0.000000 0.000000 0.000000 0.000000 0.000000 0.000000 0.000000 0.000000 0.000000 0.000000 0.000000 0.000000 0.000000 0.000000 0.000000 0.000000 0.000000 0.000000 0.000000 0.000000 0.000000 0.000000 0.000000 0.000000 0.000000 0.000000 0.000000 0.000000 0.000000 0.000000 0.000000 0.000000 0.000000 0.000000 0.000000 0.000000 0.000000 3.722161 5.931204 7.426068 0.181118 -11.167026 -5.564485 23.826014 0.139987 53.888872 -2.628794 -0.066127 13.897484 0.000000 0.000000 0.000000 0.000000 0.000000 0.000000 0.000000 0.000000 0.000000 0.000000 0.000000 0.000000 0.000000 0.000000 0.000000 0.000000 0.000000 0.000000 0.000000 0.000000 0.000000 0.000000 0.000000 0.000000 0.000000 0.000000 0.000000 0.000000 0.000000 0.000000 0.000000 0.000000 0.000000 0.000000 0.000000 0.000000 0.000000 0.000000 0.000000 0.000000 0.000000 0.000000
-0.245588 0.059036 1.048423 -8.686973 5.528852 20.156489 -20.264463 -21.273232 5.360780 44.822662 12.516209 0.250505 -23.511816 -7.651984 13.471455 0.027035 1.206364 -1.446050 -8.854315 15.143143 -4.599206 38.234013 0.691209 1.275736 1.602977 -8.156813 -12.344417 -3.110401 -1.677224 1.007906 25.447712 2.000871 -1.459211 -4.055858 3.193754 -2.278818 6.370808 1.407937 -2.509508 21.295372 -7.983321 -17.796045 -0.630927 -18.368636 2.671306 1.873916 11.399417 -6.905008 9.247859 36.028033 -21.383015 -6.227411 -15.739142 -95.623378 -17.001171 -12.947367 -18.345426 0.000000 0.000000 0.000000 0.000000 0.000000 0.000000 0.000000 0.000000 0.000000 0.000000 0.000000 0.000000 0.000000 0.000000 0.000000 0.000000 0.000000 0.000000 0.000000 0.000000 0.000000 0.000000 0.000000 0.000000 0.000000 0.000000 0.000000 0.000000 0.000000 0.000000 0.000000 0.000000 0.000000 0.000000 0.000000 0.000000 0.000000 0.000000 0.000000 0.000000 0.000000 0.000000 3.109523 6.998384 7.853160 -2.313361 -8.095963 -4.496595 21.550486 0.662557 52.255087 -2.014078 -0.018394 13.810801 0.000000 0.000000 0.000000 0.000000 0.000000 0.000000 0.000000 0.000000 0.000000 0.000000 0.000000 0.000000 0.000000 0.000000 0.000000 0.000000 0.000000 0.000000 0.000000 0.000000 0.000000 0.000000 0.000000 0.000000 0.000000 0.000000 0.000000 0.000000 0.000000 0.000000 0.000000 0.000000 0.000000 0.000000 0.000000 0.000000 0.000000 0.000000 0.000000 0.000000 0.000000 0.000000
-0.237061 0.059559 1.047616 -8.365207 5.431056 19.659598 -20.857825 -21.117056 4.689031 44.614533 12.052886 0.286726 -22.595876 -7.748707 13.971617 0.001970 1.117683 -1.479831 -9.922360 14.879360 -4.126173 38.112627 0.450480 1.299147 2.941675 -8.460029 -12.334865 -3.151197 -1.740083 1.127289 25.779577 2.204252 -1.342210 -4.081357 3.577508 -1.679467 6.283979 1.671738 -2.241932 20.877591 -8.247441 -17.772990 -1.007937 -18.321413 3.568309 2.149452 12.509915 -5.888713 9.075670 37.088418 -18.942837 -7.352248 -15.818197 -95.038507 -18.339269 -12.828357 -17.796947 0.000000 0.000000 0.000000 0.000000 0.000000 0.000000 0.000000 0.000000 0.000000 0.000000 0.000000 0.000000 0.000000 0.000000 0.000000 0.000000 0.000000 0.000000 0.000000 0.000000 0.000000 0.000000 0.000000 0.000000 0.000000 0.000000 0.000000 0.000000 0.000000 0.000000 0.000000 0.000000 0.000000 0.000000 0.000000 0.000000 0.000000 0.000000 0.000000 0.000000 0.000000 0.000000 2.482259 7.426573 8.142655 -4.390903 -6.409631 -3.409269 18.449699 1.987111 55.465357 -3.079914 0.507689 14.068548 0.000000 0.000000 0.000000 0.000000 0.000000 0.000000 0.000000 0.000000 0.000000 0.000000 0.000000 0.000000 0.000000 0.000000 0.000000 0.000000 0.000000 0.000000 0.000000 0.000000 0.000000 0.000000 0.000000 0.000000 0.000000 0.000000 0.000000 0.000000 0.000000 0.000000 0.000000 0.000000 0.000000 0.000000 0.000000 0.000000 0.000000 0.000000 0.000000 0.000000 0.000000 0.000000
-0.236992 0.067246 1.052454 -7.299259 5.403663 18.506101 -21.063017 -19.937297 3.915458 43.438276 11.307695 0.081645 -20.552729 -7.452720 14.962103 -0.195242 0.984042 -1.521087 -12.537367 13.291659 -2.968085 39.818309 -0.383197 0.500865 2.822609 -7.292596 -12.435121 -3.226312 -1.987622 1.168097 26.573248 2.533684 -1.675732 -4.256456 3.774175 -1.157666 6.176944 1.691688 -2.028692 20.728570 -7.696754 -16.255980 -2.339358 -18.028161 4.685071 2.350710 13.377589 -4.155761 8.277304 37.374810 -14.983401 -8.384568 -13.626240 -93.456189 -20.143800 -11.530432 -16.850955 0.000000 0.000000 0.000000 0.000000 0.000000 0.000000 0.000000 0.000000 0.000000 0.000000 0.000000 0.000000 0.000000 0.000000 0.000000 0.000000 0.000000 0.000000 0.000000 0.000000 0.000000 0.000000 0.000000 0.000000 0.000000 0.000000 0.000000 0.000000 0.000000 0.000000 0.000000 0.000000 0.000000 0.000000 0.000000 0.000000 0.000000 0.000000 0.000000 0.000000 0.000000 0.000000 1.613125 7.639944 7.860818 -6.026547 -5.445856 -2.559484 13.207191 3.086171 63.186582 -4.949114 1.314789 14.366428 0.000000 0.000000 0.000000 0.000000 0.000000 0.000000 0.000000 0.000000 0.000000 0.000000 0.000000 0.000000 0.000000 0.000000 0.000000 0.000000 0.000000 0.000000 0.000000 0.000000 0.000000 0.000000 0.000000 0.000000 0.000000 0.000000 0.000000 0.000000 0.000000 0.000000 0.000000 0.000000 0.000000 0.000000 0.000000 0.000000 0.000000 0.000000 0.000000 0.000000 0.000000 0.000000
-0.237097 0.075227 1.059643 -6.248109 5.378206 18.298827 -20.796214 -18.424824 3.322712 40.953405 9.992088 -0.075783 -18.657152 -7.052030 15.402384 -0.204489 0.691377 -1.430319 -15.594867 11.521171 -1.595872 41.963690 -1.037112 -0.236577 2.481343 -6.391338 -12.375495 -3.109387 -2.118363 1.063030 26.751880 2.465296 -2.039740 -4.317579 3.628394 -0.694056 5.768175 1.811364 -1.870215 21.086503 -7.519693 -14.982216 -2.873387 -17.780112 5.741208 2.252300 13.923442 -3.040323 7.147643 37.608975 -12.659956 -9.560689 -11.724198 -91.425420 -20.896133 -11.923656 -16.452277 0.000000 0.000000 0.000000 0.000000 0.000000 0.000000 0.000000 0.000000 0.000000 0.000000 0.000000 0.000000 0.000000 0.000000 0.000000 0.000000 0.000000 0.000000 0.000000 0.000000 0.000000 0.000000 0.000000 0.000000 0.000000 0.000000 0.000000 0.000000 0.000000 0.000000 0.000000 0.000000 0.000000 0.000000 0.000000 0.000000 0.000000 0.000000 0.000000 0.000000 0.000000 0.000000 1.059438 7.526150 7.331057 -7.267406 -5.400073 -1.667296 8.025018 4.502260 71.440026 -7.461955 3.048265 15.106395 0.000000 0.000000 0.000000 0.000000 0.000000 0.000000 0.000000 0.000000 0.000000 0.000000 0.000000 0.000000 0.000000 0.000000 0.000000 0.000000 0.000000 0.000000 0.000000 0.000000 0.000000 0.000000 0.000000 0.000000 0.000000 0.000000 0.000000 0.000000 0.000000 0.000000 0.000000 0.000000 0.000000 0.000000 0.000000 0.000000 0.000000 0.000000 0.000000 0.000000 0.000000 0.000000
-0.244382 0.078175 1.065944 -5.288103 5.279989 18.121330 -20.282388 -15.985242 2.464191 38.219203 8.343882 -0.331200 -17.355743 -7.302705 15.891015 -0.218081 0.493046 -1.376165 -18.899261 9.052369 0.237331 44.406157 -0.988116 -0.581780 1.619082 -5.244933 -12.243396 -2.964342 -2.262622 0.936754 26.489316 2.127261 -2.484613 -4.343760 3.237630 -0.455815 5.518653 1.794680 -1.775255 20.683749 -7.296538 -13.804988 -3.496723 -16.682978 5.763273 2.039604 14.397857 -2.471569 5.885496 37.826042 -10.375586 -11.532603 -10.323990 -89.922095 -20.806348 -11.867262 -15.919340 0.000000 0.000000 0.000000 0.000000 0.000000 0.000000 0.000000 0.000000 0.000000 0.000000 0.000000 0.000000 0.000000 0.000000 0.000000 0.000000 0.000000 0.000000 0.000000 0.000000 0.000000 0.000000 0.000000 0.000000 0.000000 0.000000 0.000000 0.000000 0.000000 0.000000 0.000000 0.000000 0.000000 0.000000 0.000000 0.000000 0.000000 0.000000 0.000000 0.000000 0.000000 0.000000 0.297467 7.082285 7.134320 -7.993470 -5.871545 -0.785329 2.617498 6.137069 80.048953 -10.447910 4.337253 15.864445 0.000000 0.000000 0.000000 0.000000 0.000000 0.000000 0.000000 0.000000 0.000000 0.000000 0.000000 0.000000 0.000000 0.000000 0.000000 0.000000 0.000000 0.000000 0.000000 0.000000 0.000000 0.000000 0.000000 0.000000 0.000000 0.000000 0.000000 0.000000 0.000000 0.000000 0.000000 0.000000 0.000000 0.000000 0.000000 0.000000 0.000000 0.000000 0.000000 0.000000 0.000000 0.000000
-0.262321 0.076501 1.069758 -4.541790 5.325952 17.789605 -19.045472 -13.079246 1.529245 34.951617 6.594549 -0.812684 -17.627966 -8.269531 16.088564 -0.160143 0.418505 -1.311285 -22.459158 6.528599 2.531609 47.314490 -0.797785 -0.830585 0.925972 -4.575183 -11.801112 -2.821250 -2.257374 0.972550 26.381310 1.674196 -3.020941 -4.842365 2.644756 -0.401987 5.317898 1.571463 -1.790699 19.247064 -6.802238 -12.872548 -4.164680 -14.654086 4.532544 1.784602 14.653961 -1.760214 4.659999 37.530194 -8.129644 -13.534453 -8.859120 -89.265864 -22.112740 -11.618549 -15.142551 0.000000 0.000000 0.000000 0.000000 0.000000 0.000000 0.000000 0.000000 0.000000 0.000000 0.000000 0.000000 0.000000 0.000000 0.000000 0.000000 0.000000 0.000000 0.000000 0.000000 0.000000 0.000000 0.000000 0.000000 0.000000 0.000000 0.000000 0.000000 0.000000 0.000000 0.000000 0.000000 0.000000 0.000000 0.000000 0.000000 0.000000 0.000000 0.000000 0.000000 0.000000 0.000000 -0.787152 5.721300 6.687049 -8.025110 -8.173426 0.526288 -4.461754 7.248914 90.408029 -14.888125 7.638048 16.084655 0.000000 0.000000 0.000000 0.000000 0.000000 0.000000 0.000000 0.000000 0.000000 0.000000 0.000000 0.000000 0.000000 0.000000 0.000000 0.000000 0.000000 0.000000 0.000000 0.000000 0.000000 0.000000 0.000000 0.000000 0.000000 0.000000 0.000000 0.000000 0.000000 0.000000 0.000000 0.000000 0.000000 0.000000 0.000000 0.000000 0.000000 0.000000 0.000000 0.000000 0.000000 0.000000
-0.250246 0.080067 1.070424 -4.303035 4.090655 17.598046 -17.555755 -10.780081 0.860531 32.986546 5.183910 -0.418700 -16.901608 -8.429840 15.821535 -0.359116 0.220046 -1.256054 -25.505355 5.094305 3.693255 51.197347 -1.403087 -2.209028 -1.406658 -2.815840 -11.548693 -2.787825 -2.439082 0.795993 26.019068 1.473843 -3.268671 -5.209659 1.867254 -0.269905 5.060203 1.419794 -1.557292 17.808632 -6.134969 -10.798118 -4.558873 -12.410166 2.995532 1.161809 14.063626 -1.005316 3.395483 36.447436 -7.328475 -15.891501 -7.318207 -88.701899 -22.725080 -11.576891 -15.418490 0.000000 0.000000 0.000000 0.000000 0.000000 0.000000 0.000000 0.000000 0.000000 0.000000 0.000000 0.000000 0.000000 0.000000 0.000000 0.000000 0.000000 0.000000 0.000000 0.000000 0.000000 0.000000 0.000000 0.000000 0.000000 0.000000 0.000000 0.000000 0.000000 0.000000 0.000000 0.000000 0.000000 0.000000 0.000000 0.000000 0.000000 0.000000 0.000000 0.000000 0.000000 0.000000 -1.550109 3.812349 6.344991 -7.774147 -12.465917 2.947210 -11.447814 7.541838 99.943776 -18.184952 11.192801 16.703825 0.000000 0.000000 0.000000 0.000000 0.000000 0.000000 0.000000 0.000000 0.000000 0.000000 0.000000 0.000000 0.000000 0.000000 0.000000 0.000000 0.000000 0.000000 0.000000 0.000000 0.000000 0.000000 0.000000 0.000000 0.000000 0.000000 0.000000 0.000000 0.000000 0.000000 0.000000 0.000000 0.000000 0.000000 0.000000 0.000000 0.000000 0.000000 0.000000 0.000000 0.000000 0.000000
-0.236038 0.079706 1.069978 -4.534133 2.717998 16.638270 -16.408100 -10.057854 1.473380 32.813809 5.430579 0.160224 -15.922780 -7.521099 14.517377 -0.321677 0.111919 -1.177970 -28.234524 5.830418 3.775882 55.438342 -2.811910 -3.114440 -2.515367 -2.132200 -10.972599 -2.728564 -2.392397 0.804500 25.928782 1.143094 -3.372945 -5.270721 1.510045 0.033896 5.356094 1.196523 -1.207989 17.251589 -5.361219 -8.828390 -4.901184 -10.475215 1.870467 0.411679 13.374961 -0.937060 1.398084 35.662119 -6.733620 -18.227393 -6.645118 -88.672383 -23.458368 -12.852837 -15.825383 0.000000 0.000000 0.000000 0.000000 0.000000 0.000000 0.000000 0.000000 0.000000 0.000000 0.000000 0.000000 0.000000 0.000000 0.000000 0.000000 0.000000 0.000000 0.000000 0.000000 0.000000 0.000000 0.000000 0.000000 0.000000 0.000000 0.000000 0.000000 0.000000 0.000000 0.000000 0.000000 0.000000 0.000000 0.000000 0.000000 0.000000 0.000000 0.000000 0.000000 0.000000 0.000000 -2.383029 2.604343 7.198575 -7.241803 -16.713945 5.409746 -15.398794 7.715154 105.357920 -20.458594 13.786820 16.826070 0.000000 0.000000 0.000000 0.000000 0.000000 0.000000 0.000000 0.000000 0.000000 0.000000 0.000000 0.000000 0.000000 0.000000 0.000000 0.000000 0.000000 0.000000 0.000000 0.000000 0.000000 0.000000 0.000000 0.000000 0.000000 0.000000 0.000000 0.000000 0.000000 0.000000 0.000000 0.000000 0.000000 0.000000 0.000000 0.000000 0.000000 0.000000 0.000000 0.000000 0.000000 0.000000
-0.219421 0.079296 1.069755 -4.772763 1.212881 14.632461 -15.220942 -10.068064 2.478349 33.378997 6.665307 1.129351 -14.722735 -6.149131 12.874522 -0.215352 0.229388 -0.937723 -30.251236 7.935034 3.220129 58.382075 -5.150996 -4.087408 -3.263765 -1.603448 -10.033756 -2.770311 -2.351452 0.728272 25.891491 0.594910 -3.260323 -5.812785 1.532952 0.529907 6.195275 1.047475 -0.568711 16.086478 -4.142583 -7.297107 -4.921934 -8.206291 0.879193 -0.677360 12.445184 -0.389316 -0.631923 35.216807 -6.325911 -20.869841 -6.602202 -88.391548 -24.289508 -14.520903 -16.250334 0.000000 0.000000 0.000000 0.000000 0.000000 0.000000 0.000000 0.000000 0.000000 0.000000 0.000000 0.000000 0.000000 0.000000 0.000000 0.000000 0.000000 0.000000 0.000000 0.000000 0.000000 0.000000 0.000000 0.000000 0.000000 0.000000 0.000000 0.000000 0.000000 0.000000 0.000000 0.000000 0.000000 0.000000 0.000000 0.000000 0.000000 0.000000 0.000000 0.000000 0.000000 0.000000 -3.178601 1.372352 8.120720 -6.349764 -21.814710 9.241530 -17.201473 7.966342 109.092199 -21.329198 16.649634 17.201199 0.000000 0.000000 0.000000 0.000000 0.000000 0.000000 0.000000 0.000000 0.000000 0.000000 0.000000 0.000000 0.000000 0.000000 0.000000 0.000000 0.000000 0.000000 0.000000 0.000000 0.000000 0.000000 0.000000 0.000000 0.000000 0.000000 0.000000 0.000000 0.000000 0.000000 0.000000 0.000000 0.000000 0.000000 0.000000 0.000000 0.000000 0.000000 0.000000 0.000000 0.000000 0.000000
-0.201017 0.078961 1.069360 -4.997371 -0.460150 11.729308 -14.815970 -11.133978 3.538163 35.801054 8.980254 2.367894 -12.102298 -4.321865 11.512418 -0.127328 0.727450 -0.745442 -32.076295 10.686901 2.086406 60.456703 -8.438291 -5.002978 -2.767349 -1.577530 -8.482146 -2.941467 -2.214730 0.687659 26.448040 -0.230777 -2.984241 -6.947583 1.897946 1.114803 7.289330 0.867388 0.261993 14.869980 -2.033397 -5.663803 -5.656806 -6.010672 0.696749 -1.632523 11.307656 0.497468 -2.360629 34.397277 -5.163504 -22.801886 -6.568422 -89.103442 -25.697203 -15.126920 -17.053118 0.000000 0.000000 0.000000 0.000000 0.000000 0.000000 0.000000 0.000000 0.000000 0.000000 0.000000 0.000000 0.000000 0.000000 0.000000 0.000000 0.000000 0.000000 0.000000 0.000000 0.000000 0.000000 0.000000 0.000000 0.000000 0.000000 0.000000 0.000000 0.000000 0.000000 0.000000 0.000000 0.000000 0.000000 0.000000 0.000000 0.000000 0.000000 0.000000 0.000000 0.000000 0.000000 -3.560906 0.543631 9.163641 -5.226645 -27.085091 13.462111 -17.507400 8.323747 110.630128 -21.036892 19.202970 17.143593 0.000000 0.000000 0.000000 0.000000 0.000000 0.000000 0.000000 0.000000 0.000000 0.000000 0.000000 0.000000 0.000000 0.000000 0.000000 0.000000 0.000000 0.000000 0.000000 0.000000 0.000000 0.000000 0.000000 0.000000 0.000000 0.000000 0.000000 0.000000 0.000000 0.000000 0.000000 0.000000 0.000000 0.000000 0.000000 0.000000 0.000000 0.000000 0.000000 0.000000 0.000000 0.000000
-0.180121 0.084031 1.065744 -4.431986 -2.767363 7.772003 -15.878735 -14.059123 4.980460 41.774957 12.727666 3.087498 -8.633569 -2.042224 10.652892 -0.470824 0.973287 -0.499511 -33.100432 16.418303 -0.370960 62.087546 -13.404971 -6.128945 -1.354873 -1.903854 -6.163376 -3.551633 -2.045269 0.579103 26.720294 -0.876803 -1.897364 -7.869787 2.824917 2.038335 7.877714 1.059120 1.667295 14.160057 -0.009176 -3.722674 -6.144457 -4.720687 1.967257 -2.525841 9.911031 1.342591 -4.978300 32.457559 -3.884780 -24.748373 -6.006122 -88.848104 -27.122918 -17.385929 -18.113972 0.000000 0.000000 0.000000 0.000000 0.000000 0.000000 0.000000 0.000000 0.000000 0.000000 0.000000 0.000000 0.000000 0.000000 0.000000 0.000000 0.000000 0.000000 0.000000 0.000000 0.000000 0.000000 0.000000 0.000000 0.000000 0.000000 0.000000 0.000000 0.000000 0.000000 0.000000 0.000000 0.000000 0.000000 0.000000 0.000000 0.000000 0.000000 0.000000 0.000000 0.000000 0.000000 -3.400870 -0.034438 10.573937 -3.573000 -32.954774 19.194900 -15.785288 7.612257 109.731331 -21.355549 22.573855 16.997582 0.000000 0.000000 0.000000 0.000000 0.000000 0.000000 0.000000 0.000000 0.000000 0.000000 0.000000 0.000000 0.000000 0.000000 0.000000 0.000000 0.000000 0.000000 0.000000 0.000000 0.000000 0.000000 0.000000 0.000000 0.000000 0.000000 0.000000 0.000000 0.000000 0.000000 0.000000 0.000000 0.000000 0.000000 0.000000 0.000000 0.000000 0.000000 0.000000 0.000000 0.000000 0.000000
-0.161494 0.081350 1.059828 -4.934773 -4.871306 5.636164 -17.161800 -17.491491 5.801610 47.951086 14.983216 3.075915 -6.174908 -0.777606 10.845589 -0.727188 0.705917 -0.451587 -33.249527 19.810225 -1.616456 62.392016 -15.660464 -6.294938 -4.567824 -0.024402 -4.772869 -3.581526 -2.001278 0.191327 27.338266 -1.445876 -1.317748 -7.911114 3.307654 2.576428 7.532184 1.501490 2.460067 14.304114 1.628439 -2.435033 -5.937321 -3.186737 2.270313 -2.786534 8.643656 2.207878 -7.381023 31.158215 -2.064176 -26.464211 -5.368798 -89.545065 -27.403102 -20.235274 -18.547149 0.000000 0.000000 0.000000 0.000000 0.000000 0.000000 0.000000 0.000000 0.000000 0.000000 0.000000 0.000000 0.000000 0.000000 0.000000 0.000000 0.000000 0.000000 0.000000 0.000000 0.000000 0.000000 0.000000 0.000000 0.000000 0.000000 0.000000 0.000000 0.000000 0.000000 0.000000 0.000000 0.000000 0.000000 0.000000 0.000000 0.000000 0.000000 0.000000 0.000000 0.000000 0.000000 -3.523918 -0.056260 11.526012 -1.202416 -37.357004 24.364523 -15.550615 7.724591 108.878559 -20.048993 25.677069 16.728345 0.000000 0.000000 0.000000 0.000000 0.000000 0.000000 0.000000 0.000000 0.000000 0.000000 0.000000 0.000000 0.000000 0.000000 0.000000 0.000000 0.000000 0.000000 0.000000 0.000000 0.000000 0.000000 0.000000 0.000000 0.000000 0.000000 0.000000 0.000000 0.000000 0.000000 0.000000 0.000000 0.000000 0.000000 0.000000 0.000000 0.000000 0.000000 0.000000 0.000000 0.000000 0.000000
-0.143266 0.076768 1.053650 -5.880330 -6.751326 4.529969 -19.063413 -21.130936 5.853939 54.480390 16.185492 2.377566 -4.388769 0.078299 10.506331 -1.143658 0.378506 -0.319636 -32.621777 21.678256 -2.331029 62.122271 -16.235061 -6.352523 -8.697356 2.477394 -4.416063 -3.466500 -1.874875 -0.323001 28.144290 -1.574943 -0.849904 -8.274410 3.378323 2.869279 7.519236 1.462890 2.931319 13.685458 3.074525 -1.559280 -5.775982 -1.851610 1.539082 -2.620399 7.204812 3.135127 -9.249140 29.942079 -0.411924 -27.392890 -4.724500 -90.093736 -29.052377 -21.886681 -18.415026 0.000000 0.000000 0.000000 0.000000 0.000000 0.000000 0.000000 0.000000 0.000000 0.000000 0.000000 0.000000 0.000000 0.000000 0.000000 0.000000 0.000000 0.000000 0.000000 0.000000 0.000000 0.000000 0.000000 0.000000 0.000000 0.000000 0.000000 0.000000 0.000000 0.000000 0.000000 0.000000 0.000000 0.000000 0.000000 0.000000 0.000000 0.000000 0.000000 0.000000 0.000000 0.000000 -3.726867 -0.068905 12.207034 2.405842 -41.311032 29.310993 -15.939819 8.143833 108.899880 -19.479958 27.510685 15.832051 0.000000 0.000000 0.000000 0.000000 0.000000 0.000000 0.000000 0.000000 0.000000 0.000000 0.000000 0.000000 0.000000 0.000000 0.000000 0.000000 0.000000 0.000000 0.000000 0.000000 0.000000 0.000000 0.000000 0.000000 0.000000 0.000000 0.000000 0.000000 0.000000 0.000000 0.000000 0.000000 0.000000 0.000000 0.000000 0.000000 0.000000 0.000000 0.000000 0.000000 0.000000 0.000000
-0.123029 0.073947 1.049136 -6.860056 -8.219392 4.041350 -21.083456 -24.095506 5.323306 59.088115 16.417135 1.898150 -3.630375 0.859801 10.579807 -1.370038 -0.256071 -0.403388 -31.968174 22.337965 -2.564522 61.676865 -16.323745 -6.362897 -13.114124 4.952693 -4.721600 -3.237591 -1.652164 -0.638958 28.943360 -1.390895 -0.500020 -8.370081 3.232609 2.881633 7.321246 1.471056 3.180508 13.558438 3.607101 -0.447689 -5.534106 -0.963803 0.642031 -2.379859 5.874881 3.857639 -10.551626 28.253875 0.943469 -27.148053 -4.861720 -90.023864 -28.942051 -22.788786 -18.299006 0.000000 0.000000 0.000000 0.000000 0.000000 0.000000 0.000000 0.000000 0.000000 0.000000 0.000000 0.000000 0.000000 0.000000 0.000000 0.000000 0.000000 0.000000 0.000000 0.000000 0.000000 0.000000 0.000000 0.000000 0.000000 0.000000 0.000000 0.000000 0.000000 0.000000 0.000000 0.000000 0.000000 0.000000 0.000000 0.000000 0.000000 0.000000 0.000000 0.000000 0.000000 0.000000 -3.902643 -0.276384 12.740293 5.753540 -43.826853 33.622774 -16.492152 8.546194 109.172262 -19.999319 28.642685 15.861917 0.000000 0.000000 0.000000 0.000000 0.000000 0.000000 0.000000 0.000000 0.000000 0.000000 0.000000 0.000000 0.000000 0.000000 0.000000 0.000000 0.000000 0.000000 0.000000 0.000000 0.000000 0.000000 0.000000 0.000000 0.000000 0.000000 0.000000 0.000000 0.000000 0.000000 0.000000 0.000000 0.000000 0.000000 0.000000 0.000000 0.000000 0.000000 0.000000 0.000000 0.000000 0.000000
-0.103412 0.077994 1.047832 -6.850484 -8.943922 4.753207 -23.399106 -24.963298 4.426789 61.049015 16.567397 2.383122 -2.839179 1.087997 10.744853 -1.558504 -0.470868 -0.487488 -31.166555 21.889755 -2.862806 60.247646 -16.074729 -7.042969 -15.650265 6.189203 -5.088822 -3.033996 -1.385790 -0.875713 29.365319 -1.249949 0.003417 -8.155872 2.778114 2.601510 6.767274 1.369366 3.245099 13.677153 3.216925 -0.063544 -5.417917 -0.841523 0.169385 -1.986086 5.528273 4.574726 -10.440647 27.202029 1.591624 -26.438860 -4.758737 -90.968617 -27.736653 -23.472912 -18.641391 0.000000 0.000000 0.000000 0.000000 0.000000 0.000000 0.000000 0.000000 0.000000 0.000000 0.000000 0.000000 0.000000 0.000000 0.000000 0.000000 0.000000 0.000000 0.000000 0.000000 0.000000 0.000000 0.000000 0.000000 0.000000 0.000000 0.000000 0.000000 0.000000 0.000000 0.000000 0.000000 0.000000 0.000000 0.000000 0.000000 0.000000 0.000000 0.000000 0.000000 0.000000 0.000000 -3.981812 -0.641451 12.766441 7.798371 -44.542326 36.049096 -16.601825 8.682407 109.543034 -19.633508 29.467195 16.199773 0.000000 0.000000 0.000000 0.000000 0.000000 0.000000 0.000000 0.000000 0.000000 0.000000 0.000000 0.000000 0.000000 0.000000 0.000000 0.000000 0.000000 0.000000 0.000000 0.000000 0.000000 0.000000 0.000000 0.000000 0.000000 0.000000 0.000000 0.000000 0.000000 0.000000 0.000000 0.000000 0.000000 0.000000 0.000000 0.000000 0.000000 0.000000 0.000000 0.000000 0.000000 0.000000
-0.089035 0.087645 1.051356 -5.781509 -8.599733 7.073723 -26.717614 -23.482231 3.148319 60.520674 17.460903 3.181941 -2.776958 0.817459 10.268829 -1.458573 -0.292370 -0.711112 -29.694901 19.675185 -3.206028 56.879635 -15.190595 -8.741284 -14.641505 6.120135 -5.211033 -3.053957 -1.425997 -0.714762 29.299231 -0.841490 0.477429 -8.126942 1.843407 2.081475 6.820905 0.930181 3.090532 14.185908 2.322223 -0.729734 -6.073095 -1.337000 -0.977745 -1.173072 5.195218 4.559624 -9.806372 27.942519 1.921999 -25.099040 -4.247070 -91.347718 -27.637632 -23.041940 -19.587389 0.000000 0.000000 0.000000 0.000000 0.000000 0.000000 0.000000 0.000000 0.000000 0.000000 0.000000 0.000000 0.000000 0.000000 0.000000 0.000000 0.000000 0.000000 0.000000 0.000000 0.000000 0.000000 0.000000 0.000000 0.000000 0.000000 0.000000 0.000000 0.000000 0.000000 0.000000 0.000000 0.000000 0.000000 0.000000 0.000000 0.000000 0.000000 0.000000 0.000000 0.000000 0.000000 -3.747618 -0.057162 12.695537 7.268251 -44.089933 35.040312 -16.646859 8.559224 109.483670 -19.395334 28.997033 16.798277 0.000000 0.000000 0.000000 0.000000 0.000000 0.000000 0.000000 0.000000 0.000000 0.000000 0.000000 0.000000 0.000000 0.000000 0.000000 0.000000 0.000000 0.000000 0.000000 0.000000 0.000000 0.000000 0.000000 0.000000 0.000000 0.000000 0.000000 0.000000 0.000000 0.000000 0.000000 0.000000 0.000000 0.000000 0.000000 0.000000 0.000000 0.000000 0.000000 0.000000 0.000000 0.000000
-0.080058 0.099242 1.060739 -4.599876 -7.602668 9.993134 -28.918160 -19.195590 1.775896 56.906210 17.780242 4.050596 -3.128958 0.225713 9.856743 -1.099941 0.056104 -0.867788 -27.657764 16.039200 -3.046498 52.453298 -12.722157 -9.947307 -10.175776 4.190519 -5.679290 -3.096383 -1.562683 -0.270283 28.915524 -0.480272 0.993938 -7.898094 0.810192 1.419443 6.962475 0.450047 2.799154 14.889676 1.272874 -1.699587 -6.705348 -2.207601 -1.885642 -0.386614 5.223965 3.888453 -8.100564 29.059523 1.906479 -22.420461 -4.053124 -91.954058 -26.526170 -21.906985 -20.520648 0.000000 0.000000 0.000000 0.000000 0.000000 0.000000 0.000000 0.000000 0.000000 0.000000 0.000000 0.000000 0.000000 0.000000 0.000000 0.000000 0.000000 0.000000 0.000000 0.000000 0.000000 0.000000 0.000000 0.000000 0.000000 0.000000 0.000000 0.000000 0.000000 0.000000 0.000000 0.000000 0.000000 0.000000 0.000000 0.000000 0.000000 0.000000 0.000000 0.000000 0.000000 0.000000 -3.768669 0.764345 12.583862 5.769369 -42.809712 32.273822 -17.190723 9.068063 108.875172 -18.558781 28.162094 17.080616 0.000000 0.000000 0.000000 0.000000 0.000000 0.000000 0.000000 0.000000 0.000000 0.000000 0.000000 0.000000 0.000000 0.000000 0.000000 0.000000 0.000000 0.000000 0.000000 0.000000 0.000000 0.000000 0.000000 0.000000 0.000000 0.000000 0.000000 0.000000 0.000000 0.000000 0.000000 0.000000 0.000000 0.000000 0.000000 0.000000 0.000000 0.000000 0.000000 0.000000 0.000000 0.000000
-0.076065 0.113598 1.070907 -3.537780 -5.972045 14.606496 -28.716853 -11.604939 0.079210 47.744481 15.641710 5.410417 -3.592071 -0.636836 9.892351 -0.214577 0.369805 -0.974394 -24.884899 9.869944 -0.716697 47.787920 -6.922019 -8.897357 -5.011001 0.958701 -6.890705 -2.856757 -1.397196 0.501545 28.616698 -0.590755 1.326698 -6.837514 -0.661609 0.471180 6.467792 -0.153150 1.980319 16.289964 -0.681509 -4.358657 -7.897486 -4.041839 -2.019467 0.831735 6.625183 2.492470 -4.695195 29.522073 1.733352 -18.497270 -4.313605 -93.807072 -24.360226 -18.094582 -20.930157 0.000000 0.000000 0.000000 0.000000 0.000000 0.000000 0.000000 0.000000 0.000000 0.000000 0.000000 0.000000 0.000000 0.000000 0.000000 0.000000 0.000000 0.000000 0.000000 0.000000 0.000000 0.000000 0.000000 0.000000 0.000000 0.000000 0.000000 0.000000 0.000000 0.000000 0.000000 0.000000 0.000000 0.000000 0.000000 0.000000 0.000000 0.000000 0.000000 0.000000 0.000000 0.000000 -3.533058 1.083339 12.529869 2.171048 -38.115047 25.848212 -18.595328 10.030979 108.384262 -17.265085 25.716235 17.647418 0.000000 0.000000 0.000000 0.000000 0.000000 0.000000 0.000000 0.000000 0.000000 0.000000 0.000000 0.000000 0.000000 0.000000 0.000000 0.000000 0.000000 0.000000 0.000000 0.000000 0.000000 0.000000 0.000000 0.000000 0.000000 0.000000 0.000000 0.000000 0.000000 0.000000 0.000000 0.000000 0.000000 0.000000 0.000000 0.000000 0.000000 0.000000 0.000000 0.000000 0.000000 0.000000
-0.079376 0.127148 1.075126 -3.375734 -3.898762 17.867965 -26.221900 -6.215634 -1.143235 38.136897 11.538809 5.501095 -4.664117 -1.578793 10.726973 0.112582 0.118671 -0.942098 -22.269865 5.770080 0.964343 45.171981 -3.466910 -6.340393 -2.110423 -1.292655 -7.476040 -2.761605 -1.581996 0.635189 27.847350 -0.744272 1.462301 -5.716917 -1.517709 0.107290 5.917614 -0.619777 1.430107 17.041999 -2.231824 -5.848107 -7.739865 -5.587629 -2.160946 1.715055 7.895845 1.085393 -2.162333 28.489442 0.861986 -16.568652 -3.833901 -93.792228 -22.592739 -15.587662 -21.261032 0.000000 0.000000 0.000000 0.000000 0.000000 0.000000 0.000000 0.000000 0.000000 0.000000 0.000000 0.000000 0.000000 0.000000 0.000000 0.000000 0.000000 0.000000 0.000000 0.000000 0.000000 0.000000 0.000000 0.000000 0.000000 0.000000 0.000000 0.000000 0.000000 0.000000 0.000000 0.000000 0.000000 0.000000 0.000000 0.000000 0.000000 0.000000 0.000000 0.000000 0.000000 0.000000 -3.044486 0.781568 12.509268 -0.258027 -33.371682 20.590204 -19.085381 10.732764 107.020034 -15.988684 24.299369 18.166186 0.000000 0.000000 0.000000 0.000000 0.000000 0.000000 0.000000 0.000000 0.000000 0.000000 0.000000 0.000000 0.000000 0.000000 0.000000 0.000000 0.000000 0.000000 0.000000 0.000000 0.000000 0.000000 0.000000 0.000000 0.000000 0.000000 0.000000 0.000000 0.000000 0.000000 0.000000 0.000000 0.000000 0.000000 0.000000 0.000000 0.000000 0.000000 0.000000 0.000000 0.000000 0.000000
-0.088803 0.138918 1.073835 -3.518948 -1.833381 20.043272 -24.238492 -3.731959 -1.713502 32.934256 8.738570 5.362653 -5.360587 -2.384298 11.703084 0.151998 -0.096268 -0.978963 -19.610254 3.831910 1.525299 42.984383 -1.726001 -4.518384 -1.440601 -2.406883 -7.617700 -2.675814 -1.645842 0.646496 26.530830 -0.702247 1.544599 -5.230690 -1.698929 0.043899 5.619051 -0.783544 1.276686 17.185459 -3.463947 -6.539919 -7.075364 -6.596086 -2.410528 1.735289 8.037619 0.436659 -0.979336 27.330345 -0.303009 -15.925929 -3.881630 -94.230475 -21.952345 -12.783349 -21.237367 0.000000 0.000000 0.000000 0.000000 0.000000 0.000000 0.000000 0.000000 0.000000 0.000000 0.000000 0.000000 0.000000 0.000000 0.000000 0.000000 0.000000 0.000000 0.000000 0.000000 0.000000 0.000000 0.000000 0.000000 0.000000 0.000000 0.000000 0.000000 0.000000 0.000000 0.000000 0.000000 0.000000 0.000000 0.000000 0.000000 0.000000 0.000000 0.000000 0.000000 0.000000 0.000000 -2.547839 0.558063 12.028725 -1.162438 -30.271338 17.163836 -18.032843 11.915366 105.230100 -14.912207 23.313059 18.044223 0.000000 0.000000 0.000000 0.000000 0.000000 0.000000 0.000000 0.000000 0.000000 0.000000 0.000000 0.000000 0.000000 0.000000 0.000000 0.000000 0.000000 0.000000 0.000000 0.000000 0.000000 0.000000 0.000000 0.000000 0.000000 0.000000 0.000000 0.000000 0.000000 0.000000 0.000000 0.000000 0.000000 0.000000 0.000000 0.000000 0.000000 0.000000 0.000000 0.000000 0.000000 0.000000
-0.102128 0.146194 1.067106 -4.163532 0.034974 21.853381 -24.518071 -4.100847 -2.051671 34.206095 8.115449 4.598484 -7.506594 -3.798815 12.582086 0.050881 -0.097011 -1.045375 -16.662650 3.698071 0.699513 39.954964 -1.779670 -3.882466 -2.877844 -2.486704 -8.223661 -2.687173 -1.678786 0.635254 25.225427 -0.349943 2.066499 -5.260675 -1.779003 -0.005610 5.751048 -0.998082 1.417666 16.588237 -4.232695 -6.727345 -6.779787 -7.608874 -3.024522 1.061680 7.205271 -0.253588 -1.456027 25.930474 -2.029274 -16.528942 -3.722954 -95.264632 -21.042672 -11.249378 -21.214785 0.000000 0.000000 0.000000 0.000000 0.000000 0.000000 0.000000 0.000000 0.000000 0.000000 0.000000 0.000000 0.000000 0.000000 0.000000 0.000000 0.000000 0.000000 0.000000 0.000000 0.000000 0.000000 0.000000 0.000000 0.000000 0.000000 0.000000 0.000000 0.000000 0.000000 0.000000 0.000000 0.000000 0.000000 0.000000 0.000000 0.000000 0.000000 0.000000 0.000000 0.000000 0.000000 -1.866818 0.453829 11.730237 -1.619815 -27.781628 14.097869 -15.129107 12.769534 101.280100 -14.058469 22.673384 18.145531 0.000000 0.000000 0.000000 0.000000 0.000000 0.000000 0.000000 0.000000 0.000000 0.000000 0.000000 0.000000 0.000000 0.000000 0.000000 0.000000 0.000000 0.000000 0.000000 0.000000 0.000000 0.000000 0.000000 0.000000 0.000000 0.000000 0.000000 0.000000 0.000000 0.000000 0.000000 0.000000 0.000000 0.000000 0.000000 0.000000 0.000000 0.000000 0.000000 0.000000 0.000000 0.000000
-0.113339 0.147688 1.057824 -5.556227 1.286554 24.100261 -25.998848 -7.274757 -1.715970 38.798475 9.596181 3.826397 -9.400234 -3.606535 12.602592 0.016672 0.173556 -1.076665 -11.896654 6.212899 -1.851165 35.406400 -3.377642 -4.318710 -4.397047 -3.676775 -7.568157 -2.751987 -1.770674 0.641984 24.352288 0.201989 3.155080 -4.885429 -1.713407 -0.160237 5.953003 -1.205033 1.647967 16.016057 -4.757353 -6.173969 -7.519204 -8.642943 -3.746255 -0.454204 5.454073 -1.304261 -3.977738 24.472025 -5.500202 -18.426663 -4.057644 -96.786013 -20.210119 -13.088194 -21.961344 0.000000 0.000000 0.000000 0.000000 0.000000 0.000000 0.000000 0.000000 0.000000 0.000000 0.000000 0.000000 0.000000 0.000000 0.000000 0.000000 0.000000 0.000000 0.000000 0.000000 0.000000 0.000000 0.000000 0.000000 0.000000 0.000000 0.000000 0.000000 0.000000 0.000000 0.000000 0.000000 0.000000 0.000000 0.000000 0.000000 0.000000 0.000000 0.000000 0.000000 0.000000 0.000000 -0.774112 0.662933 11.347214 -2.235590 -25.504039 10.619100 -9.123799 13.497915 93.994053 -12.275329 20.864674 17.974374 0.000000 0.000000 0.000000 0.000000 0.000000 0.000000 0.000000 0.000000 0.000000 0.000000 0.000000 0.000000 0.000000 0.000000 0.000000 0.000000 0.000000 0.000000 0.000000 0.000000 0.000000 0.000000 0.000000 0.000000 0.000000 0.000000 0.000000 0.000000 0.000000 0.000000 0.000000 0.000000 0.000000 0.000000 0.000000 0.000000 0.000000 0.000000 0.000000 0.000000 0.000000 0.000000
-0.125065 0.148702 1.048060 -7.125144 2.473499 26.464589 -26.644946 -10.525060 -1.167588 42.539765 10.366704 2.864926 -12.314909 -4.461191 12.612299 -0.018645 0.526141 -1.259855 -7.563745 8.394918 -4.454541 31.924532 -4.229333 -4.351553 -3.503361 -5.578725 -7.056351 -2.777028 -1.812533 0.664229 23.271781 0.950322 3.988749 -4.357542 -2.143338 -0.204258 5.479493 -1.606147 1.559140 15.666577 -5.645345 -6.210813 -7.551889 -9.828675 -5.002545 -1.654206 3.766740 -2.786069 -6.040065 22.865713 -9.573891 -19.628924 -4.834267 -98.513853 -19.202936 -14.144603 -21.439293 0.000000 0.000000 0.000000 0.000000 0.000000 0.000000 0.000000 0.000000 0.000000 0.000000 0.000000 0.000000 0.000000 0.000000 0.000000 0.000000 0.000000 0.000000 0.000000 0.000000 0.000000 0.000000 0.000000 0.000000 0.000000 0.000000 0.000000 0.000000 0.000000 0.000000 0.000000 0.000000 0.000000 0.000000 0.000000 0.000000 0.000000 0.000000 0.000000 0.000000 0.000000 0.000000 0.176029 0.361168 11.483826 -1.384331 -24.798904 8.224255 -3.270653 15.058332 85.968428 -9.317116 18.077262 16.831545 0.000000 0.000000 0.000000 0.000000 0.000000 0.000000 0.000000 0.000000 0.000000 0.000000 0.000000 0.000000 0.000000 0.000000 0.000000 0.000000 0.000000 0.000000 0.000000 0.000000 0.000000 0.000000 0.000000 0.000000 0.000000 0.000000 0.000000 0.000000 0.000000 0.000000 0.000000 0.000000 0.000000 0.000000 0.000000 0.000000 0.000000 0.000000 0.000000 0.000000 0.000000 0.000000
-0.136269 0.150071 1.038744 -8.682416 3.491868 28.542727 -26.203401 -12.839919 -0.726884 44.240855 10.300831 1.348649 -16.221961 -6.005932 12.529925 0.133679 1.121771 -1.255454 -3.927509 10.267513 -6.467960 29.415326 -4.193244 -3.837872 -0.573116 -8.326089 -5.933659 -2.765067 -1.795635 0.758616 22.167672 1.661275 4.529467 -4.360799 -2.748948 -0.355428 5.255384 -2.161464 1.545777 15.040910 -5.644425 -6.675525 -7.853136 -10.610207 -5.533884 -3.167936 2.130439 -4.513039 -8.440381 21.593935 -14.151941 -21.780528 -6.089464 -100.099123 -17.612985 -16.168984 -20.378298 0.000000 0.000000 0.000000 0.000000 0.000000 0.000000 0.000000 0.000000 0.000000 0.000000 0.000000 0.000000 0.000000 0.000000 0.000000 0.000000 0.000000 0.000000 0.000000 0.000000 0.000000 0.000000 0.000000 0.000000 0.000000 0.000000 0.000000 0.000000 0.000000 0.000000 0.000000 0.000000 0.000000 0.000000 0.000000 0.000000 0.000000 0.000000 0.000000 0.000000 0.000000 0.000000 0.967768 -0.200935 11.723056 0.297174 -25.151600 6.923768 2.794724 15.074740 77.871044 -6.887885 15.511943 15.330265 0.000000 0.000000 0.000000 0.000000 0.000000 0.000000 0.000000 0.000000 0.000000 0.000000 0.000000 0.000000 0.000000 0.000000 0.000000 0.000000 0.000000 0.000000 0.000000 0.000000 0.000000 0.000000 0.000000 0.000000 0.000000 0.000000 0.000000 0.000000 0.000000 0.000000 0.000000 0.000000 0.000000 0.000000 0.000000 0.000000 0.000000 0.000000 0.000000 0.000000 0.000000 0.000000
-0.147400 0.151453 1.031617 -10.242055 4.376922 31.558064 -25.283803 -13.549610 -0.681257 44.410382 9.057591 0.297916 -20.336692 -8.236389 12.827779 0.389651 1.535600 -1.220854 -1.518941 11.792310 -6.985382 28.711033 -2.915377 -2.462057 3.582994 -10.873812 -5.646622 -2.734806 -1.877007 0.801649 21.035693 1.867573 4.669222 -4.251698 -3.605759 -0.806960 4.915679 -2.453229 1.120128 15.356630 -5.700038 -7.022858 -6.573746 -11.165706 -5.180829 -4.621165 1.207522 -6.684312 -10.319076 22.271975 -20.133147 -24.652123 -7.784588 -100.302770 -15.525320 -19.490933 -20.062347 0.000000 0.000000 0.000000 0.000000 0.000000 0.000000 0.000000 0.000000 0.000000 0.000000 0.000000 0.000000 0.000000 0.000000 0.000000 0.000000 0.000000 0.000000 0.000000 0.000000 0.000000 0.000000 0.000000 0.000000 0.000000 0.000000 0.000000 0.000000 0.000000 0.000000 0.000000 0.000000 0.000000 0.000000 0.000000 0.000000 0.000000 0.000000 0.000000 0.000000 0.000000 0.000000 1.886855 -1.554284 11.560623 2.373489 -26.126063 5.322190 6.830904 13.984315 70.698876 -6.399656 13.698903 14.481140 0.000000 0.000000 0.000000 0.000000 0.000000 0.000000 0.000000 0.000000 0.000000 0.000000 0.000000 0.000000 0.000000 0.000000 0.000000 0.000000 0.000000 0.000000 0.000000 0.000000 0.000000 0.000000 0.000000 0.000000 0.000000 0.000000 0.000000 0.000000 0.000000 0.000000 0.000000 0.000000 0.000000 0.000000 0.000000 0.000000 0.000000 0.000000 0.000000 0.000000 0.000000 0.000000
-0.160021 0.152058 1.028140 -11.610766 5.430028 34.785307 -23.723139 -13.582975 -0.813502 42.210654 7.340832 -0.251574 -24.408201 -11.241210 13.391917 0.685526 1.669826 -1.122557 0.033341 13.117890 -6.444313 27.973184 -0.942967 -0.293941 8.499105 -12.540488 -6.105409 -2.609821 -2.062563 0.692757 20.063320 2.044363 4.189405 -4.417901 -4.377285 -1.582586 5.072181 -2.706879 0.180369 14.885750 -5.331346 -7.087169 -5.467962 -11.026165 -4.851259 -6.285524 0.207710 -8.358822 -11.086620 23.949246 -26.601499 -27.339344 -9.567186 -100.221249 -14.734332 -21.911140 -19.525852 0.000000 0.000000 0.000000 0.000000 0.000000 0.000000 0.000000 0.000000 0.000000 0.000000 0.000000 0.000000 0.000000 0.000000 0.000000 0.000000 0.000000 0.000000 0.000000 0.000000 0.000000 0.000000 0.000000 0.000000 0.000000 0.000000 0.000000 0.000000 0.000000 0.000000 0.000000 0.000000 0.000000 0.000000 0.000000 0.000000 0.000000 0.000000 0.000000 0.000000 0.000000 0.000000 2.274818 -3.012015 10.762870 4.503155 -28.799077 4.912197 9.586992 11.264518 62.076118 -8.596526 12.375426 13.681330 0.000000 0.000000 0.000000 0.000000 0.000000 0.000000 0.000000 0.000000 0.000000 0.000000 0.000000 0.000000 0.000000 0.000000 0.000000 0.000000 0.000000 0.000000 0.000000 0.000000 0.000000 0.000000 0.000000 0.000000 0.000000 0.000000 0.000000 0.000000 0.000000 0.000000 0.000000 0.000000 0.000000 0.000000 0.000000 0.000000 0.000000 0.000000 0.000000 0.000000 0.000000 0.000000
-0.157679 0.154868 1.028217 -12.425104 4.981022 37.078853 -22.107968 -13.455612 -0.737497 40.763212 6.662416 -1.337603 -25.845462 -11.989568 13.075032 0.664369 1.892738 -1.058817 -2.078707 13.063559 -4.715444 32.837605 -0.478497 0.118289 10.487543 -12.007865 -7.360324 -2.581569 -2.193348 0.736462 20.746791 1.924688 3.145646 -4.196350 -4.333826 -1.846815 4.992032 -2.718296 -0.517494 14.795361 -4.805206 -7.023923 -4.979260 -10.999648 -4.057922 -6.899417 0.579915 -9.855481 -11.040485 25.227085 -30.241818 -28.862829 -10.052848 -100.271518 -14.556730 -23.024271 -18.994117 0.000000 0.000000 0.000000 0.000000 0.000000 0.000000 0.000000 0.000000 0.000000 0.000000 0.000000 0.000000 0.000000 0.000000 0.000000 0.000000 0.000000 0.000000 0.000000 0.000000 0.000000 0.000000 0.000000 0.000000 0.000000 0.000000 0.000000 0.000000 0.000000 0.000000 0.000000 0.000000 0.000000 0.000000 0.000000 0.000000 0.000000 0.000000 0.000000 0.000000 0.000000 0.000000 2.672582 -3.890433 10.505817 6.054063 -30.970053 4.327317 11.325115 9.998763 57.128825 -9.198166 12.667636 13.315624 0.000000 0.000000 0.000000 0.000000 0.000000 0.000000 0.000000 0.000000 0.000000 0.000000 0.000000 0.000000 0.000000 0.000000 0.000000 0.000000 0.000000 0.000000 0.000000 0.000000 0.000000 0.000000 0.000000 0.000000 0.000000 0.000000 0.000000 0.000000 0.000000 0.000000 0.000000 0.000000 0.000000 0.000000 0.000000 0.000000 0.000000 0.000000 0.000000 0.000000 0.000000 0.000000
-0.139889 0.159679 1.031700 -12.826524 3.636840 38.632342 -20.391068 -13.001038 -0.772077 39.071296 6.153025 -2.621103 -24.820977 -11.723973 13.378478 0.335658 1.810315 -1.046587 -5.674376 11.697991 -2.542783 39.316750 -0.698646 -0.060164 10.192184 -10.528723 -8.076461 -2.581240 -2.389682 0.962425 21.999464 1.851453 1.650054 -4.181111 -3.710217 -1.971760 5.137616 -2.531618 -1.477861 14.074882 -3.906700 -6.163992 -4.541844 -10.451006 -3.529251 -7.348864 1.239022 -10.531136 -10.824433 25.983048 -32.212288 -29.961758 -10.466205 -99.861126 -14.770925 -23.593658 -19.523072 0.000000 0.000000 0.000000 0.000000 0.000000 0.000000 0.000000 0.000000 0.000000 0.000000 0.000000 0.000000 0.000000 0.000000 0.000000 0.000000 0.000000 0.000000 0.000000 0.000000 0.000000 0.000000 0.000000 0.000000 0.000000 0.000000 0.000000 0.000000 0.000000 0.000000 0.000000 0.000000 0.000000 0.000000 0.000000 0.000000 0.000000 0.000000 0.000000 0.000000 0.000000 0.000000 2.568568 -4.376712 9.993319 7.956271 -33.122540 4.426226 13.044530 9.407172 54.780436 -10.082462 13.984944 13.431397 0.000000 0.000000 0.000000 0.000000 0.000000 0.000000 0.000000 0.000000 0.000000 0.000000 0.000000 0.000000 0.000000 0.000000 0.000000 0.000000 0.000000 0.000000 0.000000 0.000000 0.000000 0.000000 0.000000 0.000000 0.000000 0.000000 0.000000 0.000000 0.000000 0.000000 0.000000 0.000000 0.000000 0.000000 0.000000 0.000000 0.000000 0.000000 0.000000 0.000000 0.000000 0.000000
-0.121320 0.169017 1.037033 -12.824757 1.943534 40.007581 -18.366294 -11.814156 -1.118501 37.147442 5.353634 -4.530488 -22.810020 -11.393224 14.049538 0.009455 1.957609 -1.025474 -9.902133 8.975277 -0.342761 45.151901 -1.094437 -0.528620 9.797885 -8.895248 -8.581160 -2.617163 -2.586657 1.055081 23.352316 1.988328 -0.025031 -3.788073 -2.931199 -2.281855 5.076145 -2.155055 -2.475516 14.371167 -3.234008 -5.993677 -4.501629 -10.455137 -2.449198 -7.458799 2.230608 -11.106039 -10.063556 27.112695 -33.422159 -31.207885 -10.067860 -99.494663 -15.089193 -23.886873 -19.679890 0.000000 0.000000 0.000000 0.000000 0.000000 0.000000 0.000000 0.000000 0.000000 0.000000 0.000000 0.000000 0.000000 0.000000 0.000000 0.000000 0.000000 0.000000 0.000000 0.000000 0.000000 0.000000 0.000000 0.000000 0.000000 0.000000 0.000000 0.000000 0.000000 0.000000 0.000000 0.000000 0.000000 0.000000 0.000000 0.000000 0.000000 0.000000 0.000000 0.000000 0.000000 0.000000 2.347185 -3.974361 9.187050 9.748420 -35.480578 4.104182 13.389127 9.071807 54.521134 -11.579297 14.639218 13.953408 0.000000 0.000000 0.000000 0.000000 0.000000 0.000000 0.000000 0.000000 0.000000 0.000000 0.000000 0.000000 0.000000 0.000000 0.000000 0.000000 0.000000 0.000000 0.000000 0.000000 0.000000 0.000000 0.000000 0.000000 0.000000 0.000000 0.000000 0.000000 0.000000 0.000000 0.000000 0.000000 0.000000 0.000000 0.000000 0.000000 0.000000 0.000000 0.000000 0.000000 0.000000 0.000000
-0.103567 0.169970 1.042008 -12.580389 0.055312 40.586025 -15.941363 -9.607241 -1.573652 34.272670 4.220462 -6.251987 -20.771438 -10.909387 14.484410 -0.091886 2.522297 -0.867204 -15.997200 3.844620 2.088334 50.063897 -1.421113 -1.472047 10.025734 -7.496940 -8.849506 -2.782946 -2.742249 0.943594 25.033620 1.897011 -2.666381 -3.760506 -1.598451 -2.446965 4.867888 -1.315844 -3.606047 15.262278 -2.496322 -5.966988 -3.535735 -10.533540 0.215448 -7.535439 3.807896 -11.030287 -8.239165 28.603838 -34.357011 -32.405937 -8.584715 -99.944775 -13.897048 -24.395392 -19.479083 0.000000 0.000000 0.000000 0.000000 0.000000 0.000000 0.000000 0.000000 0.000000 0.000000 0.000000 0.000000 0.000000 0.000000 0.000000 0.000000 0.000000 0.000000 0.000000 0.000000 0.000000 0.000000 0.000000 0.000000 0.000000 0.000000 0.000000 0.000000 0.000000 0.000000 0.000000 0.000000 0.000000 0.000000 0.000000 0.000000 0.000000 0.000000 0.000000 0.000000 0.000000 0.000000 1.876549 -2.871853 7.644828 12.514429 -37.048285 3.678794 13.524604 9.732542 58.482995 -12.337537 14.664377 14.981865 0.000000 0.000000 0.000000 0.000000 0.000000 0.000000 0.000000 0.000000 0.000000 0.000000 0.000000 0.000000 0.000000 0.000000 0.000000 0.000000 0.000000 0.000000 0.000000 0.000000 0.000000 0.000000 0.000000 0.000000 0.000000 0.000000 0.000000 0.000000 0.000000 0.000000 0.000000 0.000000 0.000000 0.000000 0.000000 0.000000 0.000000 0.000000 0.000000 0.000000 0.000000 0.000000
-0.089561 0.170709 1.044105 -12.098541 -1.786071 40.786749 -13.992703 -7.791802 -1.556363 32.337607 3.893228 -6.430954 -19.387533 -9.406310 13.391063 -0.190706 2.970043 -0.586099 -19.977359 0.589938 3.074243 52.119573 -1.827915 -2.728947 9.545343 -6.571467 -8.941890 -2.809466 -2.711909 0.844162 25.789910 1.879485 -4.587713 -3.729581 -0.281736 -2.857838 4.940763 -0.353596 -4.383182 16.895305 -1.607547 -5.783562 -2.157226 -10.847044 3.120860 -7.378363 5.043753 -11.415685 -6.985581 30.288779 -34.607955 -33.588621 -7.475520 -99.628646 -15.205772 -24.827336 -19.534963 0.000000 0.000000 0.000000 0.000000 0.000000 0.000000 0.000000 0.000000 0.000000 0.000000 0.000000 0.000000 0.000000 0.000000 0.000000 0.000000 0.000000 0.000000 0.000000 0.000000 0.000000 0.000000 0.000000 0.000000 0.000000 0.000000 0.000000 0.000000 0.000000 0.000000 0.000000 0.000000 0.000000 0.000000 0.000000 0.000000 0.000000 0.000000 0.000000 0.000000 0.000000 0.000000 1.876909 -1.324081 6.415823 13.805677 -36.385547 2.670963 13.480603 11.136869 64.157587 -13.210698 13.848709 15.855294 0.000000 0.000000 0.000000 0.000000 0.000000 0.000000 0.000000 0.000000 0.000000 0.000000 0.000000 0.000000 0.000000 0.000000 0.000000 0.000000 0.000000 0.000000 0.000000 0.000000 0.000000 0.000000 0.000000 0.000000 0.000000 0.000000 0.000000 0.000000 0.000000 0.000000 0.000000 0.000000 0.000000 0.000000 0.000000 0.000000 0.000000 0.000000 0.000000 0.000000 0.000000 0.000000
-0.073087 0.168129 1.044280 -12.127053 -3.961666 40.309014 -12.097626 -6.514413 -1.142644 31.517183 3.837391 -6.591820 -18.383468 -8.619730 12.122939 -0.248650 3.690046 -0.284024 -24.229297 -1.107160 3.922352 55.699181 -2.625016 -3.630395 10.857443 -6.238064 -8.641867 -2.960889 -2.677466 0.841936 26.491650 1.852276 -6.483150 -3.702455 1.025131 -3.256871 5.075874 0.602491 -5.144931 18.495752 -0.895608 -6.081051 -1.661806 -11.127920 5.654935 -7.485669 6.023956 -11.621259 -6.161825 31.230867 -34.734375 -35.134076 -6.847321 -99.975890 -15.847930 -24.526787 -19.030162 0.000000 0.000000 0.000000 0.000000 0.000000 0.000000 0.000000 0.000000 0.000000 0.000000 0.000000 0.000000 0.000000 0.000000 0.000000 0.000000 0.000000 0.000000 0.000000 0.000000 0.000000 0.000000 0.000000 0.000000 0.000000 0.000000 0.000000 0.000000 0.000000 0.000000 0.000000 0.000000 0.000000 0.000000 0.000000 0.000000 0.000000 0.000000 0.000000 0.000000 0.000000 0.000000 1.665223 0.911388 5.116030 14.360882 -34.970830 1.300289 12.055634 11.438207 71.602096 -17.165839 12.133469 16.623110 0.000000 0.000000 0.000000 0.000000 0.000000 0.000000 0.000000 0.000000 0.000000 0.000000 0.000000 0.000000 0.000000 0.000000 0.000000 0.000000 0.000000 0.000000 0.000000 0.000000 0.000000 0.000000 0.000000 0.000000 0.000000 0.000000 0.000000 0.000000 0.000000 0.000000 0.000000 0.000000 0.000000 0.000000 0.000000 0.000000 0.000000 0.000000 0.000000 0.000000 0.000000 0.000000
-0.042235 0.159768 1.045109 -12.536789 -6.360155 38.834016 -10.222638 -5.514559 -0.525749 30.493126 3.827299 -6.470565 -16.888219 -8.886927 11.529154 -0.185255 4.804731 0.004291 -29.706206 -1.650670 4.605457 62.932634 -4.089591 -4.412990 13.456515 -6.121138 -8.027041 -3.356384 -2.742388 0.862598 27.774296 1.578630 -8.371852 -3.777319 2.214966 -3.300699 5.111825 1.638696 -5.588131 20.089843 -0.066851 -6.101904 -2.087272 -11.185098 7.964757 -7.727678 6.476924 -12.051443 -6.587212 31.113341 -33.543504 -36.223030 -6.973175 -99.900666 -15.605804 -23.906088 -18.141083 0.000000 0.000000 0.000000 0.000000 0.000000 0.000000 0.000000 0.000000 0.000000 0.000000 0.000000 0.000000 0.000000 0.000000 0.000000 0.000000 0.000000 0.000000 0.000000 0.000000 0.000000 0.000000 0.000000 0.000000 0.000000 0.000000 0.000000 0.000000 0.000000 0.000000 0.000000 0.000000 0.000000 0.000000 0.000000 0.000000 0.000000 0.000000 0.000000 0.000000 0.000000 0.000000 1.324670 3.322558 4.537512 13.781944 -31.651089 -0.034923 10.240577 11.363926 80.652601 -21.219510 10.445479 17.929331 0.000000 0.000000 0.000000 0.000000 0.000000 0.000000 0.000000 0.000000 0.000000 0.000000 0.000000 0.000000 0.000000 0.000000 0.000000 0.000000 0.000000 0.000000 0.000000 0.000000 0.000000 0.000000 0.000000 0.000000 0.000000 0.000000 0.000000 0.000000 0.000000 0.000000 0.000000 0.000000 0.000000 0.000000 0.000000 0.000000 0.000000 0.000000 0.000000 0.000000 0.000000 0.000000
-0.030341 0.150443 1.048763 -13.323409 -7.169566 36.903685 -7.657131 -5.604479 0.756787 27.638478 3.632105 -6.527401 -16.159254 -8.909646 11.479593 0.128540 4.747947 -0.479855 -36.162060 -1.946106 4.735440 71.486923 -7.406884 -5.521865 14.133842 -5.283033 -7.128323 -3.577716 -2.802244 0.794956 28.669566 0.893762 -10.185251 -3.708266 2.492528 -3.045215 4.833093 2.078967 -5.685652 22.157912 0.809186 -5.511455 -3.630114 -10.980496 8.655782 -7.483153 6.255820 -12.614605 -7.329729 29.959019 -30.728030 -36.655637 -6.839334 -100.480781 -14.574694 -22.445985 -16.779228 0.000000 0.000000 0.000000 0.000000 0.000000 0.000000 0.000000 0.000000 0.000000 0.000000 0.000000 0.000000 0.000000 0.000000 0.000000 0.000000 0.000000 0.000000 0.000000 0.000000 0.000000 0.000000 0.000000 0.000000 0.000000 0.000000 0.000000 0.000000 0.000000 0.000000 0.000000 0.000000 0.000000 0.000000 0.000000 0.000000 0.000000 0.000000 0.000000 0.000000 0.000000 0.000000 0.642963 5.364907 5.475202 11.505911 -27.906699 -0.886550 7.530618 10.864485 88.213511 -23.826638 9.644952 18.672218 0.000000 0.000000 0.000000 0.000000 0.000000 0.000000 0.000000 0.000000 0.000000 0.000000 0.000000 0.000000 0.000000 0.000000 0.000000 0.000000 0.000000 0.000000 0.000000 0.000000 0.000000 0.000000 0.000000 0.000000 0.000000 0.000000 0.000000 0.000000 0.000000 0.000000 0.000000 0.000000 0.000000 0.000000 0.000000 0.000000 0.000000 0.000000 0.000000 0.000000 0.000000 0.000000
-0.028322 0.152335 1.053913 -13.098645 -6.902580 35.053565 -6.102298 -5.682022 1.659863 24.348041 3.262526 -5.786182 -14.157272 -8.188147 11.909509 0.278838 4.064107 -0.759583 -39.845141 -0.750394 5.149492 77.245411 -9.841515 -5.646238 12.614619 -4.546916 -6.740721 -3.394586 -2.616320 0.926514 28.229776 0.077706 -10.887683 -3.954749 2.491333 -2.595662 4.628877 2.078701 -5.358908 23.349681 1.647495 -4.436271 -4.469078 -9.980511 8.673797 -7.177695 5.457294 -12.942102 -7.497158 29.236890 -27.526977 -36.059847 -7.032069 -99.504158 -13.806439 -21.344548 -16.109083 0.000000 0.000000 0.000000 0.000000 0.000000 0.000000 0.000000 0.000000 0.000000 0.000000 0.000000 0.000000 0.000000 0.000000 0.000000 0.000000 0.000000 0.000000 0.000000 0.000000 0.000000 0.000000 0.000000 0.000000 0.000000 0.000000 0.000000 0.000000 0.000000 0.000000 0.000000 0.000000 0.000000 0.000000 0.000000 0.000000 0.000000 0.000000 0.000000 0.000000 0.000000 0.000000 0.211886 6.457464 6.402355 8.912491 -26.204023 -0.860980 4.031673 10.309531 93.349035 -25.981793 10.444021 19.325868 0.000000 0.000000 0.000000 0.000000 0.000000 0.000000 0.000000 0.000000 0.000000 0.000000 0.000000 0.000000 0.000000 0.000000 0.000000 0.000000 0.000000 0.000000 0.000000 0.000000 0.000000 0.000000 0.000000 0.000000 0.000000 0.000000 0.000000 0.000000 0.000000 0.000000 0.000000 0.000000 0.000000 0.000000 0.000000 0.000000 0.000000 0.000000 0.000000 0.000000 0.000000 0.000000
-0.031172 0.155236 1.060732 -12.852393 -6.050193 33.186666 -5.127978 -6.281252 2.648576 21.609564 2.878519 -4.740394 -11.453935 -6.617366 12.216664 0.345074 2.954012 -0.914900 -40.599738 1.363532 5.335029 79.901725 -11.278012 -5.442737 10.006351 -3.671963 -6.607061 -3.018232 -2.429812 1.053993 27.025185 -0.916417 -10.728900 -4.343541 2.227838 -2.099519 4.621627 1.715863 -4.729937 23.605017 1.857995 -3.709054 -4.855675 -8.843375 8.468082 -6.576717 4.863547 -12.624666 -7.739659 29.209157 -24.281507 -34.783794 -6.869441 -97.899047 -14.444204 -19.933547 -15.672516 0.000000 0.000000 0.000000 0.000000 0.000000 0.000000 0.000000 0.000000 0.000000 0.000000 0.000000 0.000000 0.000000 0.000000 0.000000 0.000000 0.000000 0.000000 0.000000 0.000000 0.000000 0.000000 0.000000 0.000000 0.000000 0.000000 0.000000 0.000000 0.000000 0.000000 0.000000 0.000000 0.000000 0.000000 0.000000 0.000000 0.000000 0.000000 0.000000 0.000000 0.000000 0.000000 -0.209061 6.966297 7.776582 6.292667 -25.942950 0.731497 1.131634 9.643110 97.212907 -26.639969 11.615834 19.281706 0.000000 0.000000 0.000000 0.000000 0.000000 0.000000 0.000000 0.000000 0.000000 0.000000 0.000000 0.000000 0.000000 0.000000 0.000000 0.000000 0.000000 0.000000 0.000000 0.000000 0.000000 0.000000 0.000000 0.000000 0.000000 0.000000 0.000000 0.000000 0.000000 0.000000 0.000000 0.000000 0.000000 0.000000 0.000000 0.000000 0.000000 0.000000 0.000000 0.000000 0.000000 0.000000
-0.028891 0.162022 1.067754 -12.647810 -4.785081 30.828272 -4.786062 -7.153510 3.616336 19.804825 2.042878 -3.008011 -8.031032 -4.970304 13.410145 0.333895 1.752235 -0.935101 -38.239128 4.102833 5.076003 79.836586 -10.823850 -5.004979 6.774291 -2.645691 -6.575996 -2.753876 -2.400778 1.157930 25.374642 -1.957383 -9.607610 -4.746673 1.749528 -1.539276 5.078996 1.035659 -3.802633 22.387056 2.255866 -3.228375 -5.163653 -7.289519 7.581750 -6.048293 4.317071 -11.767845 -8.197132 29.803417 -20.528760 -33.023561 -6.845202 -95.035358 -15.621219 -18.454808 -15.109380 0.000000 0.000000 0.000000 0.000000 0.000000 0.000000 0.000000 0.000000 0.000000 0.000000 0.000000 0.000000 0.000000 0.000000 0.000000 0.000000 0.000000 0.000000 0.000000 0.000000 0.000000 0.000000 0.000000 0.000000 0.000000 0.000000 0.000000 0.000000 0.000000 0.000000 0.000000 0.000000 0.000000 0.000000 0.000000 0.000000 0.000000 0.000000 0.000000 0.000000 0.000000 0.000000 -1.140805 6.912321 9.343152 3.755562 -26.893861 3.097281 -2.227719 8.860397 100.656393 -25.742967 13.368362 18.715042 0.000000 0.000000 0.000000 0.000000 0.000000 0.000000 0.000000 0.000000 0.000000 0.000000 0.000000 0.000000 0.000000 0.000000 0.000000 0.000000 0.000000 0.000000 0.000000 0.000000 0.000000 0.000000 0.000000 0.000000 0.000000 0.000000 0.000000 0.000000 0.000000 0.000000 0.000000 0.000000 0.000000 0.000000 0.000000 0.000000 0.000000 0.000000 0.000000 0.000000 0.000000 0.000000
-0.021321 0.177605 1.071776 -11.218099 -4.350558 27.406238 -5.270106 -8.059485 3.968135 19.383190 2.431754 -2.446295 -4.629836 -3.101454 12.848499 0.112018 1.068619 -0.473701 -32.252512 8.300635 4.253291 74.130078 -8.252843 -3.959179 5.729164 -3.219371 -6.792074 -3.376326 -2.212838 0.883841 23.115271 -2.400895 -6.752111 -5.273372 1.143400 -0.992507 6.030916 -0.285868 -2.445269 18.446270 2.728070 -3.290235 -6.370767 -5.674329 5.462799 -5.069377 4.324930 -9.751052 -8.527283 29.248961 -16.134758 -29.815786 -7.427298 -91.272838 -17.393060 -16.778163 -14.550739 0.000000 0.000000 0.000000 0.000000 0.000000 0.000000 0.000000 0.000000 0.000000 0.000000 0.000000 0.000000 0.000000 0.000000 0.000000 0.000000 0.000000 0.000000 0.000000 0.000000 0.000000 0.000000 0.000000 0.000000 0.000000 0.000000 0.000000 0.000000 0.000000 0.000000 0.000000 0.000000 0.000000 0.000000 0.000000 0.000000 0.000000 0.000000 0.000000 0.000000 0.000000 0.000000 -2.083255 5.932843 10.950317 1.257530 -29.593866 6.513123 -5.523782 8.286266 103.280658 -26.058781 16.023528 17.459373 0.000000 0.000000 0.000000 0.000000 0.000000 0.000000 0.000000 0.000000 0.000000 0.000000 0.000000 0.000000 0.000000 0.000000 0.000000 0.000000 0.000000 0.000000 0.000000 0.000000 0.000000 0.000000 0.000000 0.000000 0.000000 0.000000 0.000000 0.000000 0.000000 0.000000 0.000000 0.000000 0.000000 0.000000 0.000000 0.000000 0.000000 0.000000 0.000000 0.000000 0.000000 0.000000
-0.013727 0.192013 1.070889 -9.734894 -3.642664 24.619445 -6.876913 -9.550040 4.227881 21.096264 2.889152 -1.154702 -3.272074 -1.643500 12.576162 -0.003325 0.388594 -0.138969 -25.879390 11.543876 3.280725 66.244004 -5.265215 -3.095223 4.568154 -4.107249 -7.421183 -3.847808 -2.076766 0.364444 21.108887 -2.869603 -4.366639 -5.707644 0.708467 -0.852921 6.760533 -1.177071 -1.249592 16.595595 3.166057 -3.333937 -5.784324 -4.590086 5.064259 -4.150866 4.481047 -7.928902 -9.178050 29.042845 -12.529924 -27.081147 -7.428197 -86.239480 -19.253920 -15.264130 -14.153642 0.000000 0.000000 0.000000 0.000000 0.000000 0.000000 0.000000 0.000000 0.000000 0.000000 0.000000 0.000000 0.000000 0.000000 0.000000 0.000000 0.000000 0.000000 0.000000 0.000000 0.000000 0.000000 0.000000 0.000000 0.000000 0.000000 0.000000 0.000000 0.000000 0.000000 0.000000 0.000000 0.000000 0.000000 0.000000 0.000000 0.000000 0.000000 0.000000 0.000000 0.000000 0.000000 -2.817713 4.537916 11.891764 0.926603 -32.833488 11.219702 -8.845109 8.259330 104.340898 -24.705892 18.116280 16.440011 0.000000 0.000000 0.000000 0.000000 0.000000 0.000000 0.000000 0.000000 0.000000 0.000000 0.000000 0.000000 0.000000 0.000000 0.000000 0.000000 0.000000 0.000000 0.000000 0.000000 0.000000 0.000000 0.000000 0.000000 0.000000 0.000000 0.000000 0.000000 0.000000 0.000000 0.000000 0.000000 0.000000 0.000000 0.000000 0.000000 0.000000 0.000000 0.000000 0.000000 0.000000 0.000000
0.001969 0.204302 1.063730 -8.254236 -3.748082 22.043495 -9.966438 -10.662237 3.832222 26.107870 3.980306 0.096852 -2.468885 -0.315548 12.156908 -0.209435 -0.245174 0.308341 -19.129310 14.948884 1.849394 56.625792 -2.391835 -2.099450 4.146974 -6.006111 -7.589349 -4.612619 -1.766569 -0.479240 19.902505 -2.831013 -1.898596 -5.915356 0.210090 -0.917717 7.172716 -1.748063 -0.205686 15.880460 3.616243 -3.871070 -5.572366 -3.625828 4.184423 -3.282503 4.325940 -6.499938 -9.819877 28.763734 -9.585956 -25.056181 -7.033251 -80.760697 -20.927848 -15.113655 -13.812186 0.000000 0.000000 0.000000 0.000000 0.000000 0.000000 0.000000 0.000000 0.000000 0.000000 0.000000 0.000000 0.000000 0.000000 0.000000 0.000000 0.000000 0.000000 0.000000 0.000000 0.000000 0.000000 0.000000 0.000000 0.000000 0.000000 0.000000 0.000000 0.000000 0.000000 0.000000 0.000000 0.000000 0.000000 0.000000 0.000000 0.000000 0.000000 0.000000 0.000000 0.000000 0.000000 -3.001880 3.277388 12.466847 1.739273 -36.274608 15.988571 -11.537981 8.311991 105.748258 -24.121989 19.923029 15.723120 0.000000 0.000000 0.000000 0.000000 0.000000 0.000000 0.000000 0.000000 0.000000 0.000000 0.000000 0.000000 0.000000 0.000000 0.000000 0.000000 0.000000 0.000000 0.000000 0.000000 0.000000 0.000000 0.000000 0.000000 0.000000 0.000000 0.000000 0.000000 0.000000 0.000000 0.000000 0.000000 0.000000 0.000000 0.000000 0.000000 0.000000 0.000000 0.000000 0.000000 0.000000 0.000000
0.026237 0.213877 1.049761 -7.111752 -4.762049 20.175341 -14.799875 -12.760604 3.569845 34.613699 6.848640 1.558245 -2.641771 0.222949 10.900908 -0.659501 -0.861016 0.719137 -12.709460 18.464851 -0.392862 46.507736 -0.263289 -0.090682 3.572614 -8.009998 -6.244271 -5.688907 -1.470886 -1.555672 19.484443 -2.302878 0.442941 -6.325307 -0.250895 -1.244200 7.567807 -1.893574 0.686206 15.390427 3.985534 -3.845117 -5.142477 -2.540670 2.246990 -2.574608 3.717931 -5.407672 -10.751187 27.062453 -6.724186 -22.469484 -6.502481 -72.850605 -22.224620 -16.428027 -13.315239 0.000000 0.000000 0.000000 0.000000 0.000000 0.000000 0.000000 0.000000 0.000000 0.000000 0.000000 0.000000 0.000000 0.000000 0.000000 0.000000 0.000000 0.000000 0.000000 0.000000 0.000000 0.000000 0.000000 0.000000 0.000000 0.000000 0.000000 0.000000 0.000000 0.000000 0.000000 0.000000 0.000000 0.000000 0.000000 0.000000 0.000000 0.000000 0.000000 0.000000 0.000000 0.000000 -3.530238 1.826054 13.004191 4.352755 -40.696556 22.688157 -13.743714 8.760349 106.789572 -23.340800 21.743951 14.598752 0.000000 0.000000 0.000000 0.000000 0.000000 0.000000 0.000000 0.000000 0.000000 0.000000 0.000000 0.000000 0.000000 0.000000 0.000000 0.000000 0.000000 0.000000 0.000000 0.000000 0.000000 0.000000 0.000000 0.000000 0.000000 0.000000 0.000000 0.000000 0.000000 0.000000 0.000000 0.000000 0.000000 0.000000 0.000000 0.000000 0.000000 0.000000 0.000000 0.000000 0.000000 0.000000
0.059879 0.216738 1.032354 -7.086740 -6.822096 19.235100 -21.498581 -16.683261 2.897753 45.648941 10.506497 1.099226 -2.612917 0.955662 9.512489 -1.238574 -1.781801 0.788443 -7.418039 21.657937 -2.822100 38.075819 0.107726 2.362291 -5.016892 -6.943728 -5.099589 -5.528924 -1.282433 -2.323634 20.174222 -1.610916 3.164333 -6.706968 -1.329669 -1.804555 7.584419 -1.549093 1.822736 15.644539 4.007209 -1.588474 -2.571971 -1.433732 0.567111 -2.118362 2.075722 -4.845411 -11.977184 24.737232 -4.779334 -18.797874 -5.857403 -58.369090 -20.867192 -20.910228 -12.302934 0.000000 0.000000 0.000000 0.000000 0.000000 0.000000 0.000000 0.000000 0.000000 0.000000 0.000000 0.000000 0.000000 0.000000 0.000000 0.000000 0.000000 0.000000 0.000000 0.000000 0.000000 0.000000 0.000000 0.000000 0.000000 0.000000 0.000000 0.000000 0.000000 0.000000 0.000000 0.000000 0.000000 0.000000 0.000000 0.000000 0.000000 0.000000 0.000000 0.000000 0.000000 0.000000 -4.715516 -0.252359 13.234783 12.128517 -46.750583 34.624357 -15.350906 9.550164 106.799059 -24.395957 25.906130 13.647826 0.000000 0.000000 0.000000 0.000000 0.000000 0.000000 0.000000 0.000000 0.000000 0.000000 0.000000 0.000000 0.000000 0.000000 0.000000 0.000000 0.000000 0.000000 0.000000 0.000000 0.000000 0.000000 0.000000 0.000000 0.000000 0.000000 0.000000 0.000000 0.000000 0.000000 0.000000 0.000000 0.000000 0.000000 0.000000 0.000000 0.000000 0.000000 0.000000 0.000000 0.000000 0.000000
0.089967 0.209968 1.019216 -8.690185 -8.288572 18.689079 -24.101614 -19.379087 2.662752 50.097564 11.411999 -0.075686 -5.209168 0.177453 9.570480 -1.612839 -2.367098 0.686939 -6.023000 22.142347 -3.764929 38.390790 -0.490678 3.093571 -12.845746 -4.110155 -5.320997 -5.450076 -1.314663 -2.562256 21.498837 -1.231774 4.098046 -6.389681 -2.175688 -2.170930 7.715664 -1.402249 2.091670 15.478100 4.272757 1.843245 -2.284898 0.090368 0.111313 -2.214759 0.661280 -4.901171 -13.351103 22.466494 -3.614613 -16.858613 -4.792213 -49.745280 -19.736303 -22.949728 -11.459753 0.000000 0.000000 0.000000 0.000000 0.000000 0.000000 0.000000 0.000000 0.000000 0.000000 0.000000 0.000000 0.000000 0.000000 0.000000 0.000000 0.000000 0.000000 0.000000 0.000000 0.000000 0.000000 0.000000 0.000000 0.000000 0.000000 0.000000 0.000000 0.000000 0.000000 0.000000 0.000000 0.000000 0.000000 0.000000 0.000000 0.000000 0.000000 0.000000 0.000000 0.000000 0.000000 -5.328476 -1.549431 13.525998 16.089874 -47.665058 39.885803 -14.952906 10.027175 107.426600 -25.510539 28.165306 13.902373 0.000000 0.000000 0.000000 0.000000 0.000000 0.000000 0.000000 0.000000 0.000000 0.000000 0.000000 0.000000 0.000000 0.000000 0.000000 0.000000 0.000000 0.000000 0.000000 0.000000 0.000000 0.000000 0.000000 0.000000 0.000000 0.000000 0.000000 0.000000 0.000000 0.000000 0.000000 0.000000 0.000000 0.000000 0.000000 0.000000 0.000000 0.000000 0.000000 0.000000 0.000000 0.000000
0.114422 0.205588 1.011849 -9.711979 -9.239318 19.137338 -25.278565 -21.122013 2.799525 51.066896 11.746843 -0.710248 -6.195315 0.204249 9.421401 -1.647458 -2.372313 0.522621 -5.937005 21.972087 -4.069529 40.086497 -0.995669 3.429502 -16.857536 -2.035373 -6.301262 -5.232481 -1.510721 -2.398549 22.347955 -0.897542 4.330588 -6.235379 -2.199801 -2.602039 7.946146 -1.243517 1.932323 15.636536 5.178532 5.904080 -2.131753 0.988100 1.621973 -2.484195 -0.227571 -5.025436 -14.141366 20.335960 -3.326434 -16.076934 -3.647481 -44.313413 -18.592481 -22.961293 -10.677047 0.000000 0.000000 0.000000 0.000000 0.000000 0.000000 0.000000 0.000000 0.000000 0.000000 0.000000 0.000000 0.000000 0.000000 0.000000 0.000000 0.000000 0.000000 0.000000 0.000000 0.000000 0.000000 0.000000 0.000000 0.000000 0.000000 0.000000 0.000000 0.000000 0.000000 0.000000 0.000000 0.000000 0.000000 0.000000 0.000000 0.000000 0.000000 0.000000 0.000000 0.000000 0.000000 -5.306433 -2.032634 13.019276 17.904768 -47.565312 40.708545 -13.301485 10.106768 107.903742 -27.201419 27.734810 14.042443 0.000000 0.000000 0.000000 0.000000 0.000000 0.000000 0.000000 0.000000 0.000000 0.000000 0.000000 0.000000 0.000000 0.000000 0.000000 0.000000 0.000000 0.000000 0.000000 0.000000 0.000000 0.000000 0.000000 0.000000 0.000000 0.000000 0.000000 0.000000 0.000000 0.000000 0.000000 0.000000 0.000000 0.000000 0.000000 0.000000 0.000000 0.000000 0.000000 0.000000 0.000000 0.000000
0.133949 0.202523 1.009227 -9.601675 -9.714808 20.651932 -25.867724 -21.983871 3.077485 49.639795 12.045639 -1.026014 -5.182140 1.020301 9.435032 -1.317970 -2.022057 0.320530 -5.623057 21.301283 -4.630607 40.023363 -1.174827 3.472325 -19.430778 -0.564318 -7.057965 -5.052237 -1.771514 -2.060009 21.938329 -0.186402 4.338609 -5.810878 -1.620601 -3.093011 8.226556 -1.130843 1.702131 16.594451 6.869437 9.477802 -1.997817 0.942678 4.982657 -2.745109 -1.048241 -6.029521 -14.846087 17.253281 -3.729296 -16.195041 -1.821048 -39.920036 -16.794023 -21.839949 -10.156326 0.000000 0.000000 0.000000 0.000000 0.000000 0.000000 0.000000 0.000000 0.000000 0.000000 0.000000 0.000000 0.000000 0.000000 0.000000 0.000000 0.000000 0.000000 0.000000 0.000000 0.000000 0.000000 0.000000 0.000000 0.000000 0.000000 0.000000 0.000000 0.000000 0.000000 0.000000 0.000000 0.000000 0.000000 0.000000 0.000000 0.000000 0.000000 0.000000 0.000000 0.000000 0.000000 -4.140121 -1.453642 12.045235 16.481294 -46.524859 35.812256 -10.372900 9.233023 108.299592 -29.313861 24.693873 13.788086 0.000000 0.000000 0.000000 0.000000 0.000000 0.000000 0.000000 0.000000 0.000000 0.000000 0.000000 0.000000 0.000000 0.000000 0.000000 0.000000 0.000000 0.000000 0.000000 0.000000 0.000000 0.000000 0.000000 0.000000 0.000000 0.000000 0.000000 0.000000 0.000000 0.000000 0.000000 0.000000 0.000000 0.000000 0.000000 0.000000 0.000000 0.000000 0.000000 0.000000 0.000000 0.000000
0.144308 0.184918 1.011600 -9.535065 -9.836122 24.329158 -24.726246 -20.875850 3.350291 43.261109 10.239139 -1.950678 -1.794277 2.707833 9.820241 -0.822117 -0.855620 -0.050781 -4.285615 19.692714 -5.066120 37.975926 -0.357675 4.839688 -19.052949 -0.021224 -9.961760 -3.722632 -2.137668 -0.984133 21.186658 0.966673 3.868949 -5.768809 0.348769 -3.393034 8.742155 -0.735439 1.055640 16.859942 10.195679 14.493941 -2.013436 0.025496 11.726020 -4.101741 -1.779995 -8.864184 -15.347532 9.246751 -5.362080 -14.399227 1.317056 -33.809452 -12.039277 -18.087008 -9.898791 0.000000 0.000000 0.000000 0.000000 0.000000 0.000000 0.000000 0.000000 0.000000 0.000000 0.000000 0.000000 0.000000 0.000000 0.000000 0.000000 0.000000 0.000000 0.000000 0.000000 0.000000 0.000000 0.000000 0.000000 0.000000 0.000000 0.000000 0.000000 0.000000 0.000000 0.000000 0.000000 0.000000 0.000000 0.000000 0.000000 0.000000 0.000000 0.000000 0.000000 0.000000 0.000000 -0.981333 -0.524372 9.252825 10.518543 -39.594411 18.593295 -3.004228 8.503141 107.614705 -31.528453 18.988773 13.509852 0.000000 0.000000 0.000000 0.000000 0.000000 0.000000 0.000000 0.000000 0.000000 0.000000 0.000000 0.000000 0.000000 0.000000 0.000000 0.000000 0.000000 0.000000 0.000000 0.000000 0.000000 0.000000 0.000000 0.000000 0.000000 0.000000 0.000000 0.000000 0.000000 0.000000 0.000000 0.000000 0.000000 0.000000 0.000000 0.000000 0.000000 0.000000 0.000000 0.000000 0.000000 0.000000
0.146017 0.162674 1.016574 -10.480478 -9.927485 26.099516 -22.332590 -20.335900 4.114806 36.693947 8.633202 -3.581047 0.755340 4.172302 10.443073 -0.826910 -0.380782 -0.079243 -3.930437 18.991392 -5.154225 38.306931 0.195854 5.675117 -16.693897 -1.443456 -11.485009 -3.161115 -2.349049 -0.743599 21.572277 1.732106 3.181213 -5.357703 2.325263 -3.287277 8.472609 -0.407272 0.571607 15.228093 13.277894 20.419162 -3.704090 -0.459242 16.711199 -5.840015 -2.660862 -11.181255 -16.074150 1.725959 -7.239049 -13.642408 3.773645 -24.977191 -6.261361 -15.205158 -10.816689 0.000000 0.000000 0.000000 0.000000 0.000000 0.000000 0.000000 0.000000 0.000000 0.000000 0.000000 0.000000 0.000000 0.000000 0.000000 0.000000 0.000000 0.000000 0.000000 0.000000 0.000000 0.000000 0.000000 0.000000 0.000000 0.000000 0.000000 0.000000 0.000000 0.000000 0.000000 0.000000 0.000000 0.000000 0.000000 0.000000 0.000000 0.000000 0.000000 0.000000 0.000000 0.000000 1.040219 0.151540 7.468968 10.515730 -32.917760 7.010718 3.266519 7.297320 105.941108 -34.810078 14.290828 14.826092 0.000000 0.000000 0.000000 0.000000 0.000000 0.000000 0.000000 0.000000 0.000000 0.000000 0.000000 0.000000 0.000000 0.000000 0.000000 0.000000 0.000000 0.000000 0.000000 0.000000 0.000000 0.000000 0.000000 0.000000 0.000000 0.000000 0.000000 0.000000 0.000000 0.000000 0.000000 0.000000 0.000000 0.000000 0.000000 0.000000 0.000000 0.000000 0.000000 0.000000 0.000000 0.000000
0.141189 0.165315 1.018204 -9.975333 -9.617203 27.917672 -20.999151 -19.951895 4.745395 31.695754 7.915880 -4.342050 2.430524 5.133674 10.351799 -0.958658 -0.140077 -0.145817 -3.482785 18.298565 -5.364122 37.717208 0.698437 5.466625 -15.939726 -2.078478 -12.105923 -2.792899 -2.427050 -0.715847 21.301104 2.159028 2.703170 -4.781798 3.593655 -3.411345 7.618883 -0.064950 0.260768 14.996611 15.173995 23.997392 -4.974698 -0.937670 20.181677 -6.586191 -3.437522 -12.230756 -16.564578 -2.399990 -8.425784 -14.559771 5.338664 -19.419962 -3.496578 -13.945327 -12.140651 0.000000 0.000000 0.000000 0.000000 0.000000 0.000000 0.000000 0.000000 0.000000 0.000000 0.000000 0.000000 0.000000 0.000000 0.000000 0.000000 0.000000 0.000000 0.000000 0.000000 0.000000 0.000000 0.000000 0.000000 0.000000 0.000000 0.000000 0.000000 0.000000 0.000000 0.000000 0.000000 0.000000 0.000000 0.000000 0.000000 0.000000 0.000000 0.000000 0.000000 0.000000 0.000000 2.530441 1.300009 6.132460 12.032117 -28.716923 1.368912 8.055941 6.411588 103.902347 -35.577791 12.305808 16.417599 0.000000 0.000000 0.000000 0.000000 0.000000 0.000000 0.000000 0.000000 0.000000 0.000000 0.000000 0.000000 0.000000 0.000000 0.000000 0.000000 0.000000 0.000000 0.000000 0.000000 0.000000 0.000000 0.000000 0.000000 0.000000 0.000000 0.000000 0.000000 0.000000 0.000000 0.000000 0.000000 0.000000 0.000000 0.000000 0.000000 0.000000 0.000000 0.000000 0.000000 0.000000 0.000000
0.137196 0.166612 1.019779 -9.831621 -9.373001 28.775890 -20.472946 -19.858088 4.988029 29.414269 7.697523 -5.055784 3.284556 5.459464 10.155459 -1.030949 -0.070697 -0.220583 -3.333992 17.747109 -5.517267 37.686052 1.224263 5.211907 -15.309040 -2.676412 -12.277410 -2.762211 -2.458203 -0.794739 21.163697 2.790655 2.451109 -4.745548 4.515868 -3.465738 7.358598 0.183662 0.119752 14.462093 16.463284 26.651828 -5.915364 -1.539899 22.244085 -7.311768 -4.256084 -12.523706 -16.876575 -4.941713 -9.351013 -15.103957 6.033578 -16.184791 -2.152820 -13.558881 -13.082043 0.000000 0.000000 0.000000 0.000000 0.000000 0.000000 0.000000 0.000000 0.000000 0.000000 0.000000 0.000000 0.000000 0.000000 0.000000 0.000000 0.000000 0.000000 0.000000 0.000000 0.000000 0.000000 0.000000 0.000000 0.000000 0.000000 0.000000 0.000000 0.000000 0.000000 0.000000 0.000000 0.000000 0.000000 0.000000 0.000000 0.000000 0.000000 0.000000 0.000000 0.000000 0.000000 3.023353 2.131338 5.316630 13.234812 -27.073832 -1.034386 10.392142 5.565232 102.822803 -36.329166 11.505177 17.415689 0.000000 0.000000 0.000000 0.000000 0.000000 0.000000 0.000000 0.000000 0.000000 0.000000 0.000000 0.000000 0.000000 0.000000 0.000000 0.000000 0.000000 0.000000 0.000000 0.000000 0.000000 0.000000 0.000000 0.000000 0.000000 0.000000 0.000000 0.000000 0.000000 0.000000 0.000000 0.000000 0.000000 0.000000 0.000000 0.000000 0.000000 0.000000 0.000000 0.000000 0.000000 0.000000
0.134859 0.167479 1.021874 -9.829148 -9.057077 29.441931 -19.637745 -19.673069 5.082391 27.377360 7.279929 -5.547057 3.852217 5.639049 9.955896 -0.969088 -0.004829 -0.230262 -3.328977 17.160830 -5.598104 37.876965 1.389756 4.862397 -14.402166 -3.035014 -12.184306 -2.697153 -2.555608 -0.766743 21.123432 3.173898 2.298660 -4.560413 4.977191 -3.385410 7.180957 0.334249 0.077127 14.299600 17.119462 28.059251 -6.594103 -1.862255 23.203526 -7.746868 -4.624057 -12.758588 -16.998840 -6.245965 -9.823588 -15.145854 6.198543 -14.632285 -1.529012 -13.778501 -13.826734 0.000000 0.000000 0.000000 0.000000 0.000000 0.000000 0.000000 0.000000 0.000000 0.000000 0.000000 0.000000 0.000000 0.000000 0.000000 0.000000 0.000000 0.000000 0.000000 0.000000 0.000000 0.000000 0.000000 0.000000 0.000000 0.000000 0.000000 0.000000 0.000000 0.000000 0.000000 0.000000 0.000000 0.000000 0.000000 0.000000 0.000000 0.000000 0.000000 0.000000 0.000000 0.000000 3.188576 2.379765 5.055967 13.710798 -26.216980 -2.147021 11.299633 5.098242 101.717992 -36.582231 11.393089 18.179691 0.000000 0.000000 0.000000 0.000000 0.000000 0.000000 0.000000 0.000000 0.000000 0.000000 0.000000 0.000000 0.000000 0.000000 0.000000 0.000000 0.000000 0.000000 0.000000 0.000000 0.000000 0.000000 0.000000 0.000000 0.000000 0.000000 0.000000 0.000000 0.000000 0.000000 0.000000 0.000000 0.000000 0.000000 0.000000 0.000000 0.000000 0.000000 0.000000 0.000000 0.000000 0.000000
0.133447 0.168277 1.024145 -9.885419 -8.829302 29.765578 -19.155780 -19.700953 5.212359 26.357357 7.060744 -5.643627 4.509909 5.950095 9.657883 -0.964653 -0.034052 -0.221656 -3.189525 16.766442 -5.676352 37.815681 1.430861 4.561988 -13.657115 -3.295676 -11.796607 -2.773046 -2.604185 -0.760184 20.921565 3.422347 2.245705 -4.462212 5.025376 -3.382583 7.027405 0.374616 0.027162 14.091602 17.189203 29.150377 -6.959366 -1.998710 24.048733 -7.881435 -4.770943 -12.719360 -17.005615 -6.674673 -9.908100 -15.395572 6.395531 -13.785545 -1.160126 -14.116949 -14.006090 0.000000 0.000000 0.000000 0.000000 0.000000 0.000000 0.000000 0.000000 0.000000 0.000000 0.000000 0.000000 0.000000 0.000000 0.000000 0.000000 0.000000 0.000000 0.000000 0.000000 0.000000 0.000000 0.000000 0.000000 0.000000 0.000000 0.000000 0.000000 0.000000 0.000000 0.000000 0.000000 0.000000 0.000000 0.000000 0.000000 0.000000 0.000000 0.000000 0.000000 0.000000 0.000000 3.158881 2.286324 4.861760 13.934022 -25.910376 -1.985630 11.855188 4.807543 100.903369 -36.391996 11.485127 18.319588 0.000000 0.000000 0.000000 0.000000 0.000000 0.000000 0.000000 0.000000 0.000000 0.000000 0.000000 0.000000 0.000000 0.000000 0.000000 0.000000 0.000000 0.000000 0.000000 0.000000 0.000000 0.000000 0.000000 0.000000 0.000000 0.000000 0.000000 0.000000 0.000000 0.000000 0.000000 0.000000 0.000000 0.000000 0.000000 0.000000 0.000000 0.000000 0.000000 0.000000 0.000000 0.000000
0.133724 0.170477 1.026041 -9.915096 -8.727190 29.822035 -18.571003 -19.849501 5.493835 25.402593 6.981110 -5.753166 5.110941 6.296962 9.530231 -0.960299 -0.077403 -0.197370 -3.098451 16.592780 -5.823515 37.838969 1.346638 4.310040 -13.277184 -3.434378 -11.399950 -2.855773 -2.667964 -0.788618 20.815745 3.652718 2.213638 -4.464100 5.157032 -3.301816 6.969707 0.363644 0.025793 13.739529 17.116890 30.016583 -7.003542 -2.121476 24.676702 -7.980837 -4.831281 -12.571282 -16.987286 -6.924028 -9.993128 -15.197298 6.588559 -13.237255 -1.162647 -14.378005 -14.129186 0.000000 0.000000 0.000000 0.000000 0.000000 0.000000 0.000000 0.000000 0.000000 0.000000 0.000000 0.000000 0.000000 0.000000 0.000000 0.000000 0.000000 0.000000 0.000000 0.000000 0.000000 0.000000 0.000000 0.000000 0.000000 0.000000 0.000000 0.000000 0.000000 0.000000 0.000000 0.000000 0.000000 0.000000 0.000000 0.000000 0.000000 0.000000 0.000000 0.000000 0.000000 0.000000 2.996200 2.023364 4.760921 13.969677 -25.776413 -1.513302 12.243996 4.524922 100.032228 -36.337298 11.656251 18.248868 0.000000 0.000000 0.000000 0.000000 0.000000 0.000000 0.000000 0.000000 0.000000 0.000000 0.000000 0.000000 0.000000 0.000000 0.000000 0.000000 0.000000 0.000000 0.000000 0.000000 0.000000 0.000000 0.000000 0.000000 0.000000 0.000000 0.000000 0.000000 0.000000 0.000000 0.000000 0.000000 0.000000 0.000000 0.000000 0.000000 0.000000 0.000000 0.000000 0.000000 0.000000 0.000000
0.133347 0.168272 1.027703 -10.158194 -8.620423 29.782750 -18.078597 -19.908692 5.675587 24.719727 6.763638 -5.988572 5.518165 6.445187 9.508579 -0.951914 -0.081182 -0.182709 -2.888589 16.326404 -5.870945 37.666539 1.407721 4.369475 -12.935391 -3.499479 -11.225156 -2.918755 -2.665707 -0.790742 20.728377 3.780285 2.194140 -4.290357 5.168914 -3.245473 6.826755 0.353321 0.012660 13.366963 17.004499 30.561495 -7.094142 -2.200097 25.063755 -8.079348 -4.742083 -12.529818 -16.940601 -6.968714 -10.038660 -15.179805 6.647687 -13.111099 -1.253899 -14.732378 -14.200599 0.000000 0.000000 0.000000 0.000000 0.000000 0.000000 0.000000 0.000000 0.000000 0.000000 0.000000 0.000000 0.000000 0.000000 0.000000 0.000000 0.000000 0.000000 0.000000 0.000000 0.000000 0.000000 0.000000 0.000000 0.000000 0.000000 0.000000 0.000000 0.000000 0.000000 0.000000 0.000000 0.000000 0.000000 0.000000 0.000000 0.000000 0.000000 0.000000 0.000000 0.000000 0.000000 2.754736 1.745278 4.791968 14.070077 -25.741067 -0.983715 12.491058 4.443911 99.405131 -36.102250 11.974653 18.301998 0.000000 0.000000 0.000000 0.000000 0.000000 0.000000 0.000000 0.000000 0.000000 0.000000 0.000000 0.000000 0.000000 0.000000 0.000000 0.000000 0.000000 0.000000 0.000000 0.000000 0.000000 0.000000 0.000000 0.000000 0.000000 0.000000 0.000000 0.000000 0.000000 0.000000 0.000000 0.000000 0.000000 0.000000 0.000000 0.000000 0.000000 0.000000 0.000000 0.000000 0.000000 0.000000
0.132076 0.167361 1.028713 -10.380440 -8.477404 29.744747 -17.708940 -20.002721 5.768740 24.346737 6.515139 -6.367707 5.583620 6.464784 9.555840 -0.977201 -0.096049 -0.199537 -2.713464 16.089172 -5.932965 37.649048 1.412478 4.382430 -12.728278 -3.548294 -11.060215 -2.926674 -2.681692 -0.792710 20.615877 3.879798 2.195450 -4.186399 5.159455 -3.212425 6.746239 0.290682 0.006145 13.105416 16.867983 31.127024 -7.189638 -2.259456 25.438222 -8.088670 -4.706184 -12.529323 -16.974778 -7.029045 -10.064651 -15.076525 6.763824 -12.819650 -1.472895 -14.735815 -14.130966 0.000000 0.000000 0.000000 0.000000 0.000000 0.000000 0.000000 0.000000 0.000000 0.000000 0.000000 0.000000 0.000000 0.000000 0.000000 0.000000 0.000000 0.000000 0.000000 0.000000 0.000000 0.000000 0.000000 0.000000 0.000000 0.000000 0.000000 0.000000 0.000000 0.000000 0.000000 0.000000 0.000000 0.000000 0.000000 0.000000 0.000000 0.000000 0.000000 0.000000 0.000000 0.000000 2.578637 1.563889 4.818583 13.986439 -25.752658 -0.608415 12.533769 4.369626 98.857789 -35.960390 11.979903 18.336303 0.000000 0.000000 0.000000 0.000000 0.000000 0.000000 0.000000 0.000000 0.000000 0.000000 0.000000 0.000000 0.000000 0.000000 0.000000 0.000000 0.000000 0.000000 0.000000 0.000000 0.000000 0.000000 0.000000 0.000000 0.000000 0.000000 0.000000 0.000000 0.000000 0.000000 0.000000 0.000000 0.000000 0.000000 0.000000 0.000000 0.000000 0.000000 0.000000 0.000000 0.000000 0.000000
0.131694 0.166497 1.029314 -10.586057 -8.397650 29.708746 -17.431292 -20.092861 5.828691 24.155431 6.314596 -6.677774 5.539014 6.525116 9.588961 -0.983262 -0.094524 -0.235515 -2.619035 15.899444 -5.976624 37.779428 1.427745 4.391415 -12.679210 -3.567790 -10.954999 -2.921015 -2.712849 -0.776046 20.584699 3.941246 2.186945 -4.117893 5.090182 -3.178321 6.682646 0.255901 -0.008303 12.999303 16.700793 31.489710 -7.194974 -2.275545 25.507384 -8.078341 -4.651952 -12.521971 -17.002833 -6.992293 -10.126151 -14.876357 6.749656 -12.586978 -1.468250 -14.730738 -14.002006 0.000000 0.000000 0.000000 0.000000 0.000000 0.000000 0.000000 0.000000 0.000000 0.000000 0.000000 0.000000 0.000000 0.000000 0.000000 0.000000 0.000000 0.000000 0.000000 0.000000 0.000000 0.000000 0.000000 0.000000 0.000000 0.000000 0.000000 0.000000 0.000000 0.000000 0.000000 0.000000 0.000000 0.000000 0.000000 0.000000 0.000000 0.000000 0.000000 0.000000 0.000000 0.000000 2.457768 1.417008 4.889221 13.843561 -25.764623 -0.339250 12.433264 4.349217 98.607462 -35.979472 11.835355 18.303784 0.000000 0.000000 0.000000 0.000000 0.000000 0.000000 0.000000 0.000000 0.000000 0.000000 0.000000 0.000000 0.000000 0.000000 0.000000 0.000000 0.000000 0.000000 0.000000 0.000000 0.000000 0.000000 0.000000 0.000000 0.000000 0.000000 0.000000 0.000000 0.000000 0.000000 0.000000 0.000000 0.000000 0.000000 0.000000 0.000000 0.000000 0.000000 0.000000 0.000000 0.000000 0.000000
0.132023 0.166618 1.029700 -10.717597 -8.389509 29.699839 -17.155315 -20.121895 5.888347 23.956805 6.146242 -6.851775 5.490630 6.588215 9.558611 -1.002199 -0.115980 -0.242139 -2.534256 15.790087 -6.018176 37.924317 1.425855 4.354917 -12.710921 -3.539388 -10.876525 -2.952955 -2.726241 -0.763740 20.495528 3.972247 2.174181 -4.047605 5.013334 -3.141210 6.641700 0.228950 -0.019304 12.928478 16.558359 31.727685 -7.267094 -2.248715 25.529873 -8.070965 -4.600718 -12.485365 -16.978087 -6.851017 -10.146132 -14.664796 6.724423 -12.482167 -1.358439 -14.729300 -13.938605 0.000000 0.000000 0.000000 0.000000 0.000000 0.000000 0.000000 0.000000 0.000000 0.000000 0.000000 0.000000 0.000000 0.000000 0.000000 0.000000 0.000000 0.000000 0.000000 0.000000 0.000000 0.000000 0.000000 0.000000 0.000000 0.000000 0.000000 0.000000 0.000000 0.000000 0.000000 0.000000 0.000000 0.000000 0.000000 0.000000 0.000000 0.000000 0.000000 0.000000 0.000000 0.000000 2.373227 1.334154 4.912795 13.759895 -25.843196 -0.129738 12.292145 4.409813 98.515839 -35.923986 11.811426 18.292469 0.000000 0.000000 0.000000 0.000000 0.000000 0.000000 0.000000 0.000000 0.000000 0.000000 0.000000 0.000000 0.000000 0.000000 0.000000 0.000000 0.000000 0.000000 0.000000 0.000000 0.000000 0.000000 0.000000 0.000000 0.000000 0.000000 0.000000 0.000000 0.000000 0.000000 0.000000 0.000000 0.000000 0.000000 0.000000 0.000000 0.000000 0.000000 0.000000 0.000000 0.000000 0.000000
0.132843 0.165845 1.030078 -10.852199 -8.418687 29.684449 -16.917457 -20.125150 5.956336 23.764191 6.016788 -6.965982 5.576622 6.675540 9.496847 -1.013544 -0.125749 -0.241797 -2.511939 15.720560 -6.012535 38.102084 1.423954 4.308245 -12.704744 -3.511550 -10.816309 -2.973011 -2.737849 -0.736286 20.411128 3.959187 2.167419 -3.996746 4.955309 -3.088788 6.593580 0.222308 -0.010626 12.955149 16.405570 31.854926 -7.314535 -2.263334 25.527795 -8.044494 -4.500500 -12.491401 -16.982429 -6.719867 -10.207834 -14.677815 6.720287 -12.404454 -1.108309 -14.670564 -13.804889 0.000000 0.000000 0.000000 0.000000 0.000000 0.000000 0.000000 0.000000 0.000000 0.000000 0.000000 0.000000 0.000000 0.000000 0.000000 0.000000 0.000000 0.000000 0.000000 0.000000 0.000000 0.000000 0.000000 0.000000 0.000000 0.000000 0.000000 0.000000 0.000000 0.000000 0.000000 0.000000 0.000000 0.000000 0.000000 0.000000 0.000000 0.000000 0.000000 0.000000 0.000000 0.000000 2.318053 1.269037 4.964037 13.683979 -25.817989 -0.004074 12.237760 4.532662 98.484107 -35.726681 11.764227 18.198842 0.000000 0.000000 0.000000 0.000000 0.000000 0.000000 0.000000 0.000000 0.000000 0.000000 0.000000 0.000000 0.000000 0.000000 0.000000 0.000000 0.000000 0.000000 0.000000 0.000000 0.000000 0.000000 0.000000 0.000000 0.000000 0.000000 0.000000 0.000000 0.000000 0.000000 0.000000 0.000000 0.000000 0.000000 0.000000 0.000000 0.000000 0.000000 0.000000 0.000000 0.000000 0.000000
0.133572 0.164696 1.030464 -10.974766 -8.468905 29.654001 -16.778454 -20.099368 5.969404 23.716459 5.928418 -7.096192 5.731964 6.745433 9.468552 -1.025414 -0.129377 -0.239342 -2.506220 15.693349 -5.999182 38.263391 1.462695 4.331561 -12.680945 -3.511420 -10.757956 -3.023878 -2.723793 -0.716475 20.369573 3.979847 2.187035 -4.003811 4.926038 -3.029717 6.578712 0.219930 0.016286 12.924302 16.257011 31.973550 -7.380722 -2.332582 25.519008 -8.056672 -4.399038 -12.487157 -17.048059 -6.626042 -10.323986 -14.927932 6.755629 -12.363236 -0.920410 -14.536976 -13.638602 0.000000 0.000000 0.000000 0.000000 0.000000 0.000000 0.000000 0.000000 0.000000 0.000000 0.000000 0.000000 0.000000 0.000000 0.000000 0.000000 0.000000 0.000000 0.000000 0.000000 0.000000 0.000000 0.000000 0.000000 0.000000 0.000000 0.000000 0.000000 0.000000 0.000000 0.000000 0.000000 0.000000 0.000000 0.000000 0.000000 0.000000 0.000000 0.000000 0.000000 0.000000 0.000000 2.274945 1.195949 4.978786 13.634864 -25.852887 0.076643 12.181101 4.649984 98.376677 -35.427064 11.612816 18.054253 0.000000 0.000000 0.000000 0.000000 0.000000 0.000000 0.000000 0.000000 0.000000 0.000000 0.000000 0.000000 0.000000 0.000000 0.000000 0.000000 0.000000 0.000000 0.000000 0.000000 0.000000 0.000000 0.000000 0.000000 0.000000 0.000000 0.000000 0.000000 0.000000 0.000000 0.000000 0.000000 0.000000 0.000000 0.000000 0.000000 0.000000 0.000000 0.000000 0.000000 0.000000 0.000000
0.134368 0.164593 1.030667 -11.009976 -8.473602 29.644934 -16.657256 -20.058305 5.963352 23.509928 5.792228 -7.233578 5.901983 6.844881 9.469274 -1.024167 -0.128113 -0.240747 -2.520511 15.609110 -5.961216 38.342281 1.489125 4.323402 -12.793063 -3.443480 -10.711246 -3.040486 -2.720904 -0.703936 20.286932 3.978828 2.198242 -3.960042 4.879153 -3.001416 6.531503 0.213826 0.021149 12.962691 16.135367 31.976816 -7.459169 -2.356686 25.357097 -8.058038 -4.294742 -12.445166 -17.073467 -6.599934 -10.356756 -15.212134 6.784375 -12.217532 -0.655382 -14.421471 -13.512624 0.000000 0.000000 0.000000 0.000000 0.000000 0.000000 0.000000 0.000000 0.000000 0.000000 0.000000 0.000000 0.000000 0.000000 0.000000 0.000000 0.000000 0.000000 0.000000 0.000000 0.000000 0.000000 0.000000 0.000000 0.000000 0.000000 0.000000 0.000000 0.000000 0.000000 0.000000 0.000000 0.000000 0.000000 0.000000 0.000000 0.000000 0.000000 0.000000 0.000000 0.000000 0.000000 2.210664 1.104572 4.985299 13.636396 -25.883969 0.153579 12.154934 4.746668 98.343661 -35.046477 11.488932 17.955466 0.000000 0.000000 0.000000 0.000000 0.000000 0.000000 0.000000 0.000000 0.000000 0.000000 0.000000 0.000000 0.000000 0.000000 0.000000 0.000000 0.000000 0.000000 0.000000 0.000000 0.000000 0.000000 0.000000 0.000000 0.000000 0.000000 0.000000 0.000000 0.000000 0.000000 0.000000 0.000000 0.000000 0.000000 0.000000 0.000000 0.000000 0.000000 0.000000 0.000000 0.000000 0.000000
0.133397 0.165347 1.030724 -10.992344 -8.429997 29.521054 -16.613177 -20.020820 5.921668 23.546878 5.707875 -7.398399 5.854462 6.804519 9.544497 -1.030590 -0.123601 -0.252445 -2.617826 15.601011 -5.891036 38.479794 1.556820 4.375890 -12.816648 -3.495370 -10.593449 -3.061211 -2.697174 -0.689675 20.210604 4.024628 2.223635 -3.959601 4.837131 -2.964482 6.456982 0.203182 0.051302 12.919695 16.004435 32.047388 -7.453079 -2.363839 25.214644 -8.065430 -4.230729 -12.323630 -17.083481 -6.555263 -10.323225 -15.371112 6.706726 -12.165052 -0.438711 -14.382335 -13.391906 0.000000 0.000000 0.000000 0.000000 0.000000 0.000000 0.000000 0.000000 0.000000 0.000000 0.000000 0.000000 0.000000 0.000000 0.000000 0.000000 0.000000 0.000000 0.000000 0.000000 0.000000 0.000000 0.000000 0.000000 0.000000 0.000000 0.000000 0.000000 0.000000 0.000000 0.000000 0.000000 0.000000 0.000000 0.000000 0.000000 0.000000 0.000000 0.000000 0.000000 0.000000 0.000000 2.200945 1.018036 4.926045 13.642966 -25.919942 0.237539 12.238761 4.855135 98.240598 -34.719701 11.468734 17.935646 0.000000 0.000000 0.000000 0.000000 0.000000 0.000000 0.000000 0.000000 0.000000 0.000000 0.000000 0.000000 0.000000 0.000000 0.000000 0.000000 0.000000 0.000000 0.000000 0.000000 0.000000 0.000000 0.000000 0.000000 0.000000 0.000000 0.000000 0.000000 0.000000 0.000000 0.000000 0.000000 0.000000 0.000000 0.000000 0.000000 0.000000 0.000000 0.000000 0.000000 0.000000 0.000000
0.131653 0.165425 1.030815 -11.023873 -8.314432 29.463939 -16.581928 -20.014519 5.831758 23.539372 5.595763 -7.646557 5.701992 6.772444 9.657656 -1.024423 -0.113274 -0.260794 -2.543217 15.488033 -5.846398 38.371244 1.602479 4.452177 -12.897112 -3.546671 -10.576132 -3.044354 -2.699987 -0.672148 20.144655 4.083604 2.245790 -3.917124 4.753157 -2.950048 6.416363 0.158380 0.054710 12.843659 15.875031 32.131610 -7.530198 -2.354932 25.074812 -8.103335 -4.243035 -12.240999 -17.058088 -6.519195 -10.328292 -15.335387 6.600415 -12.078040 -0.241486 -14.376816 -13.349995 0.000000 0.000000 0.000000 0.000000 0.000000 0.000000 0.000000 0.000000 0.000000 0.000000 0.000000 0.000000 0.000000 0.000000 0.000000 0.000000 0.000000 0.000000 0.000000 0.000000 0.000000 0.000000 0.000000 0.000000 0.000000 0.000000 0.000000 0.000000 0.000000 0.000000 0.000000 0.000000 0.000000 0.000000 0.000000 0.000000 0.000000 0.000000 0.000000 0.000000 0.000000 0.000000 2.106251 0.915957 4.888279 13.714862 -25.947552 0.384384 12.316458 5.033747 98.022158 -34.418190 11.508560 18.035516 0.000000 0.000000 0.000000 0.000000 0.000000 0.000000 0.000000 0.000000 0.000000 0.000000 0.000000 0.000000 0.000000 0.000000 0.000000 0.000000 0.000000 0.000000 0.000000 0.000000 0.000000 0.000000 0.000000 0.000000 0.000000 0.000000 0.000000 0.000000 0.000000 0.000000 0.000000 0.000000 0.000000 0.000000 0.000000 0.000000 0.000000 0.000000 0.000000 0.000000 0.000000 0.000000
0.130046 0.165057 1.031032 -11.085923 -8.204117 29.374580 -16.578556 -20.007212 5.715254 23.626242 5.478510 -7.909122 5.544298 6.726686 9.798163 -1.022487 -0.093643 -0.274087 -2.472248 15.384532 -5.821552 38.265329 1.644649 4.499676 -12.944193 -3.655510 -10.536588 -3.016845 -2.704198 -0.654719 20.110630 4.127134 2.271765 -3.896602 4.679368 -2.933962 6.372657 0.130247 0.065810 12.729828 15.733606 32.339114 -7.518181 -2.372515 25.111873 -8.146433 -4.254670 -12.167434 -17.053616 -6.453461 -10.360161 -15.264380 6.473018 -11.996478 -0.085943 -14.458946 -13.325642 0.000000 0.000000 0.000000 0.000000 0.000000 0.000000 0.000000 0.000000 0.000000 0.000000 0.000000 0.000000 0.000000 0.000000 0.000000 0.000000 0.000000 0.000000 0.000000 0.000000 0.000000 0.000000 0.000000 0.000000 0.000000 0.000000 0.000000 0.000000 0.000000 0.000000 0.000000 0.000000 0.000000 0.000000 0.000000 0.000000 0.000000 0.000000 0.000000 0.000000 0.000000 0.000000 2.027163 0.811813 4.864495 13.771571 -25.952667 0.553580 12.464587 5.222352 97.855656 -34.238840 11.629110 18.166414 0.000000 0.000000 0.000000 0.000000 0.000000 0.000000 0.000000 0.000000 0.000000 0.000000 0.000000 0.000000 0.000000 0.000000 0.000000 0.000000 0.000000 0.000000 0.000000 0.000000 0.000000 0.000000 0.000000 0.000000 0.000000 0.000000 0.000000 0.000000 0.000000 0.000000 0.000000 0.000000 0.000000 0.000000 0.000000 0.000000 0.000000 0.000000 0.000000 0.000000 0.000000 0.000000
0.128935 0.165030 1.031330 -11.126126 -8.152009 29.269194 -16.555247 -19.975536 5.593418 23.729427 5.408541 -8.153247 5.452026 6.690493 9.905279 -1.040569 -0.098097 -0.269942 -2.430889 15.337905 -5.778585 38.225978 1.695778 4.556613 -12.938838 -3.748413 -10.498888 -3.020651 -2.716800 -0.655911 20.075150 4.170331 2.300918 -3.880909 4.619555 -2.914208 6.358863 0.113690 0.081250 12.652369 15.607157 32.428795 -7.448362 -2.366157 25.066916 -8.145253 -4.273404 -12.116328 -17.078695 -6.404007 -10.352950 -15.235853 6.440144 -11.889984 0.098308 -14.539698 -13.197677 0.000000 0.000000 0.000000 0.000000 0.000000 0.000000 0.000000 0.000000 0.000000 0.000000 0.000000 0.000000 0.000000 0.000000 0.000000 0.000000 0.000000 0.000000 0.000000 0.000000 0.000000 0.000000 0.000000 0.000000 0.000000 0.000000 0.000000 0.000000 0.000000 0.000000 0.000000 0.000000 0.000000 0.000000 0.000000 0.000000 0.000000 0.000000 0.000000 0.000000 0.000000 0.000000 1.990076 0.758923 4.884304 13.846745 -25.948789 0.714597 12.606933 5.352315 97.770719 -33.953167 11.631803 18.157036 0.000000 0.000000 0.000000 0.000000 0.000000 0.000000 0.000000 0.000000 0.000000 0.000000 0.000000 0.000000 0.000000 0.000000 0.000000 0.000000 0.000000 0.000000 0.000000 0.000000 0.000000 0.000000 0.000000 0.000000 0.000000 0.000000 0.000000 0.000000 0.000000 0.000000 0.000000 0.000000 0.000000 0.000000 0.000000 0.000000 0.000000 0.000000 0.000000 0.000000 0.000000 0.000000
0.128610 0.165132 1.031733 -11.166780 -8.157032 29.233482 -16.531671 -19.924570 5.475486 23.821710 5.358930 -8.353614 5.437408 6.715287 9.966919 -1.042227 -0.103531 -0.257985 -2.343509 15.289571 -5.745522 38.191359 1.742361 4.571158 -12.943718 -3.814608 -10.546188 -3.020163 -2.739122 -0.674151 20.024989 4.185702 2.327200 -3.897693 4.602963 -2.901575 6.380446 0.099787 0.083719 12.591752 15.563155 32.490691 -7.363840 -2.350155 25.103888 -8.128435 -4.280310 -12.128325 -17.112675 -6.404608 -10.362701 -15.297068 6.546123 -11.715793 0.269658 -14.577799 -13.041110 0.000000 0.000000 0.000000 0.000000 0.000000 0.000000 0.000000 0.000000 0.000000 0.000000 0.000000 0.000000 0.000000 0.000000 0.000000 0.000000 0.000000 0.000000 0.000000 0.000000 0.000000 0.000000 0.000000 0.000000 0.000000 0.000000 0.000000 0.000000 0.000000 0.000000 0.000000 0.000000 0.000000 0.000000 0.000000 0.000000 0.000000 0.000000 0.000000 0.000000 0.000000 0.000000 1.952520 0.706541 4.935983 13.963980 -25.958280 0.827237 12.722125 5.465129 97.742852 -33.671412 11.608401 18.049266 0.000000 0.000000 0.000000 0.000000 0.000000 0.000000 0.000000 0.000000 0.000000 0.000000 0.000000 0.000000 0.000000 0.000000 0.000000 0.000000 0.000000 0.000000 0.000000 0.000000 0.000000 0.000000 0.000000 0.000000 0.000000 0.000000 0.000000 0.000000 0.000000 0.000000 0.000000 0.000000 0.000000 0.000000 0.000000 0.000000 0.000000 0.000000 0.000000 0.000000 0.000000 0.000000
0.128835 0.165454 1.032160 -11.160747 -8.217850 29.158825 -16.539469 -19.845002 5.389738 23.959617 5.359113 -8.487675 5.464345 6.787739 10.009803 -1.033352 -0.106962 -0.252810 -2.309670 15.311768 -5.712783 38.180977 1.837857 4.655025 -12.960034 -3.878166 -10.562982 -3.015160 -2.758909 -0.686819 19.989749 4.181157 2.366019 -3.950165 4.615980 -2.873746 6.431352 0.101036 0.097822 12.558385 15.513656 32.467375 -7.243911 -2.320200 25.069491 -8.097443 -4.260142 -12.155433 -17.157282 -6.398236 -10.340155 -15.453260 6.670360 -11.518000 0.344464 -14.531061 -12.821681 0.000000 0.000000 0.000000 0.000000 0.000000 0.000000 0.000000 0.000000 0.000000 0.000000 0.000000 0.000000 0.000000 0.000000 0.000000 0.000000 0.000000 0.000000 0.000000 0.000000 0.000000 0.000000 0.000000 0.000000 0.000000 0.000000 0.000000 0.000000 0.000000 0.000000 0.000000 0.000000 0.000000 0.000000 0.000000 0.000000 0.000000 0.000000 0.000000 0.000000 0.000000 0.000000 1.973045 0.691117 5.005051 14.033048 -25.916360 0.889058 12.866573 5.519623 97.834615 -33.353354 11.400735 17.811798 0.000000 0.000000 0.000000 0.000000 0.000000 0.000000 0.000000 0.000000 0.000000 0.000000 0.000000 0.000000 0.000000 0.000000 0.000000 0.000000 0.000000 0.000000 0.000000 0.000000 0.000000 0.000000 0.000000 0.000000 0.000000 0.000000 0.000000 0.000000 0.000000 0.000000 0.000000 0.000000 0.000000 0.000000 0.000000 0.000000 0.000000 0.000000 0.000000 0.000000 0.000000 0.000000
0.128393 0.166018 1.032554 -11.140441 -8.226423 29.153324 -16.615554 -19.800959 5.303526 24.132536 5.363647 -8.599357 5.422990 6.863677 10.000218 -1.016156 -0.096919 -0.257387 -2.240621 15.284487 -5.679767 38.119412 1.927011 4.804927 -12.947208 -3.931670 -10.623861 -3.008196 -2.767090 -0.694244 19.943541 4.191242 2.405837 -3.996136 4.618831 -2.876776 6.491254 0.084343 0.104735 12.575117 15.496627 32.343842 -7.181822 -2.302703 24.946556 -8.074082 -4.259420 -12.166820 -17.192210 -6.433510 -10.294340 -15.563826 6.784070 -11.461813 0.395403 -14.459587 -12.619345 0.000000 0.000000 0.000000 0.000000 0.000000 0.000000 0.000000 0.000000 0.000000 0.000000 0.000000 0.000000 0.000000 0.000000 0.000000 0.000000 0.000000 0.000000 0.000000 0.000000 0.000000 0.000000 0.000000 0.000000 0.000000 0.000000 0.000000 0.000000 0.000000 0.000000 0.000000 0.000000 0.000000 0.000000 0.000000 0.000000 0.000000 0.000000 0.000000 0.000000 0.000000 0.000000 2.000345 0.655081 5.042199 14.124263 -25.883049 0.873237 12.952094 5.566735 97.898972 -33.075047 11.141403 17.595473 0.000000 0.000000 0.000000 0.000000 0.000000 0.000000 0.000000 0.000000 0.000000 0.000000 0.000000 0.000000 0.000000 0.000000 0.000000 0.000000 0.000000 0.000000 0.000000 0.000000 0.000000 0.000000 0.000000 0.000000 0.000000 0.000000 0.000000 0.000000 0.000000 0.000000 0.000000 0.000000 0.000000 0.000000 0.000000 0.000000 0.000000 0.000000 0.000000 0.000000 0.000000 0.000000
0.127993 0.166416 1.033009 -11.129753 -8.244146 29.155665 -16.711166 -19.757441 5.234147 24.346196 5.371540 -8.664740 5.372986 6.941482 9.942544 -0.997120 -0.084008 -0.273324 -2.140829 15.283837 -5.686472 38.021623 1.999632 4.938362 -12.922086 -3.993322 -10.649174 -2.994734 -2.765713 -0.685492 19.903735 4.194051 2.457352 -4.060055 4.622354 -2.878571 6.565552 0.071432 0.114880 12.548097 15.469274 32.235617 -7.112421 -2.279522 24.857266 -8.053973 -4.278569 -12.170296 -17.217555 -6.402986 -10.265598 -15.530152 6.822115 -11.472244 0.413852 -14.546352 -12.476252 0.000000 0.000000 0.000000 0.000000 0.000000 0.000000 0.000000 0.000000 0.000000 0.000000 0.000000 0.000000 0.000000 0.000000 0.000000 0.000000 0.000000 0.000000 0.000000 0.000000 0.000000 0.000000 0.000000 0.000000 0.000000 0.000000 0.000000 0.000000 0.000000 0.000000 0.000000 0.000000 0.000000 0.000000 0.000000 0.000000 0.000000 0.000000 0.000000 0.000000 0.000000 0.000000 2.045627 0.637515 5.051144 14.161324 -25.867747 0.857065 13.037633 5.632811 97.955150 -32.856921 11.101487 17.513612 0.000000 0.000000 0.000000 0.000000 0.000000 0.000000 0.000000 0.000000 0.000000 0.000000 0.000000 0.000000 0.000000 0.000000 0.000000 0.000000 0.000000 0.000000 0.000000 0.000000 0.000000 0.000000 0.000000 0.000000 0.000000 0.000000 0.000000 0.000000 0.000000 0.000000 0.000000 0.000000 0.000000 0.000000 0.000000 0.000000 0.000000 0.000000 0.000000 0.000000 0.000000 0.000000
0.126267 0.167552 1.033360 -11.076910 -8.176251 29.196434 -16.870478 -19.729561 5.087330 24.584383 5.368935 -8.791283 5.227027 6.942093 9.896119 -0.985855 -0.077933 -0.274464 -1.966890 15.243237 -5.698359 37.766237 2.053899 5.110621 -12.899783 -4.076624 -10.685627 -2.988830 -2.768253 -0.685691 19.801564 4.234939 2.518566 -4.152177 4.602744 -2.895864 6.662787 0.027719 0.117052 12.471071 15.459663 32.159454 -7.028686 -2.295483 24.889968 -8.035127 -4.347882 -12.158703 -17.266849 -6.367975 -10.254548 -15.500722 6.800057 -11.430467 0.382965 -14.640672 -12.301521 0.000000 0.000000 0.000000 0.000000 0.000000 0.000000 0.000000 0.000000 0.000000 0.000000 0.000000 0.000000 0.000000 0.000000 0.000000 0.000000 0.000000 0.000000 0.000000 0.000000 0.000000 0.000000 0.000000 0.000000 0.000000 0.000000 0.000000 0.000000 0.000000 0.000000 0.000000 0.000000 0.000000 0.000000 0.000000 0.000000 0.000000 0.000000 0.000000 0.000000 0.000000 0.000000 2.085618 0.647137 5.004691 14.289198 -25.936476 0.870929 13.092628 5.710480 97.896049 -32.756477 11.070435 17.455732 0.000000 0.000000 0.000000 0.000000 0.000000 0.000000 0.000000 0.000000 0.000000 0.000000 0.000000 0.000000 0.000000 0.000000 0.000000 0.000000 0.000000 0.000000 0.000000 0.000000 0.000000 0.000000 0.000000 0.000000 0.000000 0.000000 0.000000 0.000000 0.000000 0.000000 0.000000 0.000000 0.000000 0.000000 0.000000 0.000000 0.000000 0.000000 0.000000 0.000000 0.000000 0.000000
0.124866 0.168792 1.033786 -11.015011 -8.108127 29.176434 -16.943382 -19.690910 4.944211 24.672560 5.338646 -8.935937 5.119171 6.959165 9.883099 -0.986843 -0.075227 -0.272147 -1.840273 15.223814 -5.711358 37.527637 2.078699 5.225458 -12.886267 -4.183212 -10.668939 -2.990699 -2.762832 -0.690871 19.679638 4.278749 2.561427 -4.221660 4.584796 -2.902539 6.747290 -0.018354 0.119281 12.328804 15.445777 32.124150 -6.921130 -2.343025 24.983747 -8.020507 -4.414047 -12.116753 -17.298195 -6.291212 -10.234184 -15.525743 6.710740 -11.336009 0.460106 -14.711939 -12.050042 0.000000 0.000000 0.000000 0.000000 0.000000 0.000000 0.000000 0.000000 0.000000 0.000000 0.000000 0.000000 0.000000 0.000000 0.000000 0.000000 0.000000 0.000000 0.000000 0.000000 0.000000 0.000000 0.000000 0.000000 0.000000 0.000000 0.000000 0.000000 0.000000 0.000000 0.000000 0.000000 0.000000 0.000000 0.000000 0.000000 0.000000 0.000000 0.000000 0.000000 0.000000 0.000000 2.076929 0.657238 5.004061 14.401695 -26.044488 0.930307 13.174290 5.736516 97.846070 -32.667315 10.983021 17.332003 0.000000 0.000000 0.000000 0.000000 0.000000 0.000000 0.000000 0.000000 0.000000 0.000000 0.000000 0.000000 0.000000 0.000000 0.000000 0.000000 0.000000 0.000000 0.000000 0.000000 0.000000 0.000000 0.000000 0.000000 0.000000 0.000000 0.000000 0.000000 0.000000 0.000000 0.000000 0.000000 0.000000 0.000000 0.000000 0.000000 0.000000 0.000000 0.000000 0.000000 0.000000 0.000000
0.123533 0.169899 1.034298 -10.930868 -8.050527 29.109601 -16.979352 -19.607549 4.782111 24.679252 5.299416 -9.164298 5.028757 6.966776 9.908004 -0.995209 -0.093350 -0.266467 -1.729103 15.206196 -5.685622 37.230261 2.147433 5.360449 -12.868210 -4.288698 -10.674710 -3.003945 -2.748711 -0.691182 19.495932 4.301188 2.590831 -4.238179 4.586899 -2.896675 6.811808 -0.057532 0.129436 12.228557 15.502716 32.097004 -6.843708 -2.400215 25.094483 -8.040998 -4.453358 -12.102433 -17.330434 -6.208994 -10.242341 -15.614429 6.624784 -11.156739 0.629773 -14.706405 -11.856320 0.000000 0.000000 0.000000 0.000000 0.000000 0.000000 0.000000 0.000000 0.000000 0.000000 0.000000 0.000000 0.000000 0.000000 0.000000 0.000000 0.000000 0.000000 0.000000 0.000000 0.000000 0.000000 0.000000 0.000000 0.000000 0.000000 0.000000 0.000000 0.000000 0.000000 0.000000 0.000000 0.000000 0.000000 0.000000 0.000000 0.000000 0.000000 0.000000 0.000000 0.000000 0.000000 2.041646 0.693425 5.069174 14.526615 -26.139601 1.012406 13.365144 5.786266 97.751268 -32.437616 10.896882 17.254231 0.000000 0.000000 0.000000 0.000000 0.000000 0.000000 0.000000 0.000000 0.000000 0.000000 0.000000 0.000000 0.000000 0.000000 0.000000 0.000000 0.000000 0.000000 0.000000 0.000000 0.000000 0.000000 0.000000 0.000000 0.000000 0.000000 0.000000 0.000000 0.000000 0.000000 0.000000 0.000000 0.000000 0.000000 0.000000 0.000000 0.000000 0.000000 0.000000 0.000000 0.000000 0.000000
0.123012 0.171298 1.034885 -10.838803 -8.016385 28.940433 -16.991666 -19.538259 4.616979 24.668933 5.238338 -9.443772 5.061260 7.022179 9.938649 -1.010864 -0.103554 -0.248711 -1.659232 15.190849 -5.628542 36.949128 2.221222 5.521886 -12.926091 -4.377511 -10.677457 -3.018461 -2.729517 -0.702397 19.337790 4.338566 2.621485 -4.243751 4.588558 -2.901232 6.855516 -0.087632 0.142580 12.111996 15.575162 32.095855 -6.768998 -2.462365 25.164903 -8.076847 -4.449169 -12.102797 -17.359082 -6.221730 -10.240611 -15.862648 6.576697 -10.843203 0.793907 -14.530166 -11.569970 0.000000 0.000000 0.000000 0.000000 0.000000 0.000000 0.000000 0.000000 0.000000 0.000000 0.000000 0.000000 0.000000 0.000000 0.000000 0.000000 0.000000 0.000000 0.000000 0.000000 0.000000 0.000000 0.000000 0.000000 0.000000 0.000000 0.000000 0.000000 0.000000 0.000000 0.000000 0.000000 0.000000 0.000000 0.000000 0.000000 0.000000 0.000000 0.000000 0.000000 0.000000 0.000000 1.986870 0.642830 5.166767 14.670888 -26.231218 1.061713 13.497767 5.837517 97.774257 -32.122043 10.529002 17.038974 0.000000 0.000000 0.000000 0.000000 0.000000 0.000000 0.000000 0.000000 0.000000 0.000000 0.000000 0.000000 0.000000 0.000000 0.000000 0.000000 0.000000 0.000000 0.000000 0.000000 0.000000 0.000000 0.000000 0.000000 0.000000 0.000000 0.000000 0.000000 0.000000 0.000000 0.000000 0.000000 0.000000 0.000000 0.000000 0.000000 0.000000 0.000000 0.000000 0.000000 0.000000 0.000000
0.123109 0.171821 1.035496 -10.758435 -7.982062 28.689990 -17.047505 -19.468289 4.455560 24.666243 5.144826 -9.719764 5.109380 7.114880 9.906340 -1.016619 -0.114462 -0.236413 -1.658071 15.153608 -5.527937 36.653049 2.320089 5.698474 -13.023207 -4.416702 -10.652018 -3.017281 -2.708990 -0.711972 19.194995 4.344324 2.657572 -4.226109 4.599359 -2.905189 6.835938 -0.091906 0.169797 12.052859 15.667647 32.047675 -6.694927 -2.515797 25.151230 -8.110625 -4.450981 -12.166260 -17.426526 -6.256874 -10.280219 -16.227795 6.574156 -10.527599 0.870246 -14.228601 -11.348723 0.000000 0.000000 0.000000 0.000000 0.000000 0.000000 0.000000 0.000000 0.000000 0.000000 0.000000 0.000000 0.000000 0.000000 0.000000 0.000000 0.000000 0.000000 0.000000 0.000000 0.000000 0.000000 0.000000 0.000000 0.000000 0.000000 0.000000 0.000000 0.000000 0.000000 0.000000 0.000000 0.000000 0.000000 0.000000 0.000000 0.000000 0.000000 0.000000 0.000000 0.000000 0.000000 1.980809 0.610265 5.281735 14.795609 -26.284692 1.065229 13.631034 5.934033 97.857546 -31.763578 10.053172 16.862069 0.000000 0.000000 0.000000 0.000000 0.000000 0.000000 0.000000 0.000000 0.000000 0.000000 0.000000 0.000000 0.000000 0.000000 0.000000 0.000000 0.000000 0.000000 0.000000 0.000000 0.000000 0.000000 0.000000 0.000000 0.000000 0.000000 0.000000 0.000000 0.000000 0.000000 0.000000 0.000000 0.000000 0.000000 0.000000 0.000000 0.000000 0.000000 0.000000 0.000000 0.000000 0.000000
0.123264 0.172831 1.036073 -10.692267 -7.957875 28.378984 -17.117580 -19.429511 4.304463 24.750621 5.051667 -10.045042 5.020675 7.199484 9.802230 -1.015743 -0.116231 -0.228426 -1.632346 15.098627 -5.409146 36.378716 2.460682 6.002899 -13.170906 -4.422850 -10.660075 -3.010299 -2.685060 -0.726344 19.110003 4.355482 2.690204 -4.206400 4.600994 -2.932508 6.819959 -0.088333 0.185688 12.023969 15.726259 31.964420 -6.671479 -2.563110 25.015435 -8.167625 -4.469594 -12.220042 -17.515449 -6.322264 -10.327459 -16.594106 6.526615 -10.234234 0.864973 -13.998022 -11.167137 0.000000 0.000000 0.000000 0.000000 0.000000 0.000000 0.000000 0.000000 0.000000 0.000000 0.000000 0.000000 0.000000 0.000000 0.000000 0.000000 0.000000 0.000000 0.000000 0.000000 0.000000 0.000000 0.000000 0.000000 0.000000 0.000000 0.000000 0.000000 0.000000 0.000000 0.000000 0.000000 0.000000 0.000000 0.000000 0.000000 0.000000 0.000000 0.000000 0.000000 0.000000 0.000000 2.010385 0.560579 5.343290 14.887327 -26.371945 0.995004 13.633991 6.046933 98.020311 -31.446257 9.626743 16.685796 0.000000 0.000000 0.000000 0.000000 0.000000 0.000000 0.000000 0.000000 0.000000 0.000000 0.000000 0.000000 0.000000 0.000000 0.000000 0.000000 0.000000 0.000000 0.000000 0.000000 0.000000 0.000000 0.000000 0.000000 0.000000 0.000000 0.000000 0.000000 0.000000 0.000000 0.000000 0.000000 0.000000 0.000000 0.000000 0.000000 0.000000 0.000000 0.000000 0.000000 0.000000 0.000000
0.124608 0.173282 1.036652 -10.704331 -7.938240 27.959573 -17.246196 -19.485653 4.159781 24.943903 4.957295 -10.372362 4.926944 7.348099 9.550114 -1.003747 -0.125568 -0.228075 -1.596482 15.002295 -5.294430 36.111729 2.556364 6.318226 -13.437342 -4.341317 -10.586407 -3.024647 -2.666382 -0.746934 19.100630 4.362966 2.740360 -4.184891 4.598292 -2.967544 6.815740 -0.072184 0.208489 11.993532 15.745373 31.829443 -6.677988 -2.617005 24.727940 -8.202461 -4.557042 -12.317895 -17.653965 -6.377424 -10.422708 -17.132370 6.508085 -9.969333 0.753031 -13.824826 -11.039969 0.000000 0.000000 0.000000 0.000000 0.000000 0.000000 0.000000 0.000000 0.000000 0.000000 0.000000 0.000000 0.000000 0.000000 0.000000 0.000000 0.000000 0.000000 0.000000 0.000000 0.000000 0.000000 0.000000 0.000000 0.000000 0.000000 0.000000 0.000000 0.000000 0.000000 0.000000 0.000000 0.000000 0.000000 0.000000 0.000000 0.000000 0.000000 0.000000 0.000000 0.000000 0.000000 2.037873 0.533024 5.415114 14.916265 -26.488676 0.934891 13.582843 6.116656 98.187553 -31.231033 9.321865 16.573887 0.000000 0.000000 0.000000 0.000000 0.000000 0.000000 0.000000 0.000000 0.000000 0.000000 0.000000 0.000000 0.000000 0.000000 0.000000 0.000000 0.000000 0.000000 0.000000 0.000000 0.000000 0.000000 0.000000 0.000000 0.000000 0.000000 0.000000 0.000000 0.000000 0.000000 0.000000 0.000000 0.000000 0.000000 0.000000 0.000000 0.000000 0.000000 0.000000 0.000000 0.000000 0.000000
0.125942 0.173192 1.037191 -10.789013 -7.917329 27.382697 -17.320835 -19.557442 3.990016 25.182235 4.849005 -10.824511 4.608120 7.431712 9.251644 -1.000972 -0.144073 -0.215964 -1.552675 14.912120 -5.149097 35.850500 2.664508 6.760000 -13.733583 -4.245449 -10.487397 -3.067039 -2.646135 -0.778095 19.095791 4.339888 2.783895 -4.139279 4.576845 -2.990092 6.841010 -0.050284 0.233682 12.048343 15.714005 31.555920 -6.657297 -2.646734 24.279189 -8.243201 -4.655095 -12.410024 -17.785726 -6.392697 -10.545524 -17.647871 6.473690 -9.812439 0.633368 -13.789903 -10.952689 0.000000 0.000000 0.000000 0.000000 0.000000 0.000000 0.000000 0.000000 0.000000 0.000000 0.000000 0.000000 0.000000 0.000000 0.000000 0.000000 0.000000 0.000000 0.000000 0.000000 0.000000 0.000000 0.000000 0.000000 0.000000 0.000000 0.000000 0.000000 0.000000 0.000000 0.000000 0.000000 0.000000 0.000000 0.000000 0.000000 0.000000 0.000000 0.000000 0.000000 0.000000 0.000000 2.049076 0.508651 5.505771 14.896514 -26.535205 0.899463 13.529925 6.163630 98.203607 -30.980367 9.235544 16.520868 0.000000 0.000000 0.000000 0.000000 0.000000 0.000000 0.000000 0.000000 0.000000 0.000000 0.000000 0.000000 0.000000 0.000000 0.000000 0.000000 0.000000 0.000000 0.000000 0.000000 0.000000 0.000000 0.000000 0.000000 0.000000 0.000000 0.000000 0.000000 0.000000 0.000000 0.000000 0.000000 0.000000 0.000000 0.000000 0.000000 0.000000 0.000000 0.000000 0.000000 0.000000 0.000000
0.125578 0.173882 1.037534 -10.867971 -7.784466 26.630640 -17.490274 -19.665248 3.774007 25.590497 4.763989 -11.249594 4.171362 7.453628 8.946998 -0.991677 -0.174044 -0.214153 -1.523713 14.835752 -5.033789 35.505259 2.723425 7.159829 -14.020421 -4.235060 -10.290237 -3.086775 -2.638138 -0.793701 19.062334 4.354200 2.841424 -4.122382 4.526663 -3.004051 6.926934 -0.042251 0.264436 12.136200 15.607703 31.110003 -6.553882 -2.653785 23.569114 -8.269741 -4.822922 -12.477456 -17.935495 -6.367398 -10.726769 -18.147967 6.403695 -9.827221 0.559340 -13.665725 -10.831111 0.000000 0.000000 0.000000 0.000000 0.000000 0.000000 0.000000 0.000000 0.000000 0.000000 0.000000 0.000000 0.000000 0.000000 0.000000 0.000000 0.000000 0.000000 0.000000 0.000000 0.000000 0.000000 0.000000 0.000000 0.000000 0.000000 0.000000 0.000000 0.000000 0.000000 0.000000 0.000000 0.000000 0.000000 0.000000 0.000000 0.000000 0.000000 0.000000 0.000000 0.000000 0.000000 2.079357 0.444267 5.564172 14.863313 -26.615227 0.783847 13.481173 6.208391 98.023791 -30.676088 9.002347 16.415236 0.000000 0.000000 0.000000 0.000000 0.000000 0.000000 0.000000 0.000000 0.000000 0.000000 0.000000 0.000000 0.000000 0.000000 0.000000 0.000000 0.000000 0.000000 0.000000 0.000000 0.000000 0.000000 0.000000 0.000000 0.000000 0.000000 0.000000 0.000000 0.000000 0.000000 0.000000 0.000000 0.000000 0.000000 0.000000 0.000000 0.000000 0.000000 0.000000 0.000000 0.000000 0.000000
0.121221 0.175019 1.037793 -10.950474 -7.478270 25.625517 -17.788596 -19.793418 3.475158 26.304379 4.782479 -11.642830 3.705509 7.365776 8.720083 -0.980848 -0.179876 -0.271027 -1.663255 14.815742 -4.898655 35.272416 2.811905 7.525054 -13.928113 -4.418539 -9.927763 -3.076698 -2.660852 -0.769271 19.048763 4.463889 2.923968 -4.211496 4.434757 -2.977656 7.123145 -0.050661 0.323076 12.210521 15.324006 30.555795 -6.291772 -2.758704 22.648057 -8.246628 -5.045311 -12.515207 -18.103526 -6.268005 -11.022368 -18.595397 6.348154 -10.208568 0.526764 -13.628509 -10.715628 0.000000 0.000000 0.000000 0.000000 0.000000 0.000000 0.000000 0.000000 0.000000 0.000000 0.000000 0.000000 0.000000 0.000000 0.000000 0.000000 0.000000 0.000000 0.000000 0.000000 0.000000 0.000000 0.000000 0.000000 0.000000 0.000000 0.000000 0.000000 0.000000 0.000000 0.000000 0.000000 0.000000 0.000000 0.000000 0.000000 0.000000 0.000000 0.000000 0.000000 0.000000 0.000000 2.159913 0.363711 5.648316 14.839979 -26.797748 0.784111 13.478563 6.278091 97.407681 -30.141055 8.640946 16.253741 0.000000 0.000000 0.000000 0.000000 0.000000 0.000000 0.000000 0.000000 0.000000 0.000000 0.000000 0.000000 0.000000 0.000000 0.000000 0.000000 0.000000 0.000000 0.000000 0.000000 0.000000 0.000000 0.000000 0.000000 0.000000 0.000000 0.000000 0.000000 0.000000 0.000000 0.000000 0.000000 0.000000 0.000000 0.000000 0.000000 0.000000 0.000000 0.000000 0.000000 0.000000 0.000000
0.115629 0.177727 1.038377 -11.051036 -7.080185 24.444506 -17.833309 -19.827440 3.200723 26.816700 4.677896 -11.815714 3.282353 7.235508 8.715663 -0.959869 -0.191725 -0.277559 -1.694705 14.827126 -4.817982 34.872054 2.705701 7.559435 -13.724652 -4.802945 -9.417146 -3.073728 -2.659984 -0.748518 18.901031 4.515969 2.939602 -4.156566 4.174635 -2.945739 7.213099 -0.130209 0.335565 12.711045 14.910850 29.279136 -6.000727 -2.828981 21.271087 -8.047537 -5.114632 -12.588242 -18.091684 -5.867200 -11.356064 -18.491841 6.364765 -11.000937 0.741658 -13.698331 -10.608599 0.000000 0.000000 0.000000 0.000000 0.000000 0.000000 0.000000 0.000000 0.000000 0.000000 0.000000 0.000000 0.000000 0.000000 0.000000 0.000000 0.000000 0.000000 0.000000 0.000000 0.000000 0.000000 0.000000 0.000000 0.000000 0.000000 0.000000 0.000000 0.000000 0.000000 0.000000 0.000000 0.000000 0.000000 0.000000 0.000000 0.000000 0.000000 0.000000 0.000000 0.000000 0.000000 2.139717 0.157556 5.746982 14.890213 -26.932906 0.802952 13.489802 6.453216 96.477723 -29.156477 8.585560 16.071141 0.000000 0.000000 0.000000 0.000000 0.000000 0.000000 0.000000 0.000000 0.000000 0.000000 0.000000 0.000000 0.000000 0.000000 0.000000 0.000000 0.000000 0.000000 0.000000 0.000000 0.000000 0.000000 0.000000 0.000000 0.000000 0.000000 0.000000 0.000000 0.000000 0.000000 0.000000 0.000000 0.000000 0.000000 0.000000 0.000000 0.000000 0.000000 0.000000 0.000000 0.000000 0.000000
0.102775 0.180792 1.039511 -11.042253 -6.576915 22.994854 -17.680433 -19.580467 2.947089 27.439498 4.822153 -11.669861 2.421446 6.638127 8.975267 -0.921571 -0.142156 -0.304418 -1.703950 15.143868 -4.702868 34.083094 2.800250 7.763648 -12.725177 -5.755013 -8.916491 -2.921427 -2.608846 -0.649087 18.569115 4.515346 2.941036 -4.166536 3.872049 -2.860048 7.375225 -0.207975 0.391765 13.581123 14.321334 27.220638 -5.286533 -3.019603 19.625129 -7.748222 -4.945785 -12.662282 -17.875755 -5.129838 -11.824421 -17.966648 6.336470 -12.222778 0.697857 -13.787757 -10.613094 0.000000 0.000000 0.000000 0.000000 0.000000 0.000000 0.000000 0.000000 0.000000 0.000000 0.000000 0.000000 0.000000 0.000000 0.000000 0.000000 0.000000 0.000000 0.000000 0.000000 0.000000 0.000000 0.000000 0.000000 0.000000 0.000000 0.000000 0.000000 0.000000 0.000000 0.000000 0.000000 0.000000 0.000000 0.000000 0.000000 0.000000 0.000000 0.000000 0.000000 0.000000 0.000000 2.191346 -0.109155 5.945328 14.939889 -27.049572 1.182955 13.898862 6.627717 94.725687 -27.712900 8.561996 15.827045 0.000000 0.000000 0.000000 0.000000 0.000000 0.000000 0.000000 0.000000 0.000000 0.000000 0.000000 0.000000 0.000000 0.000000 0.000000 0.000000 0.000000 0.000000 0.000000 0.000000 0.000000 0.000000 0.000000 0.000000 0.000000 0.000000 0.000000 0.000000 0.000000 0.000000 0.000000 0.000000 0.000000 0.000000 0.000000 0.000000 0.000000 0.000000 0.000000 0.000000 0.000000 0.000000
0.084629 0.185852 1.042068 -11.001993 -6.039276 21.608316 -17.501121 -19.154755 2.650655 28.400069 5.095391 -11.419430 1.458197 5.752330 9.443920 -0.897081 -0.072997 -0.290942 -1.614823 15.551775 -4.699051 33.209822 2.976471 7.623610 -10.628513 -6.995066 -8.783559 -2.873147 -2.470916 -0.490435 18.256329 4.552844 2.948206 -4.261892 3.440180 -2.791488 7.628962 -0.309538 0.410955 14.403853 13.569387 24.675655 -4.520023 -3.168118 17.913987 -7.326520 -4.816125 -12.498201 -17.473970 -3.866032 -12.236697 -16.984151 6.289883 -13.958325 0.411823 -13.733684 -10.635167 0.000000 0.000000 0.000000 0.000000 0.000000 0.000000 0.000000 0.000000 0.000000 0.000000 0.000000 0.000000 0.000000 0.000000 0.000000 0.000000 0.000000 0.000000 0.000000 0.000000 0.000000 0.000000 0.000000 0.000000 0.000000 0.000000 0.000000 0.000000 0.000000 0.000000 0.000000 0.000000 0.000000 0.000000 0.000000 0.000000 0.000000 0.000000 0.000000 0.000000 0.000000 0.000000 2.129541 -0.337917 6.023724 15.176225 -27.561982 1.894842 14.035869 6.750941 92.325403 -25.891033 8.258153 15.358510 0.000000 0.000000 0.000000 0.000000 0.000000 0.000000 0.000000 0.000000 0.000000 0.000000 0.000000 0.000000 0.000000 0.000000 0.000000 0.000000 0.000000 0.000000 0.000000 0.000000 0.000000 0.000000 0.000000 0.000000 0.000000 0.000000 0.000000 0.000000 0.000000 0.000000 0.000000 0.000000 0.000000 0.000000 0.000000 0.000000 0.000000 0.000000 0.000000 0.000000 0.000000 0.000000
0.063266 0.193720 1.046200 -10.590667 -5.424001 20.097843 -16.521129 -18.096164 2.477157 28.428205 5.090679 -11.044849 -0.213922 4.417026 10.377885 -0.709519 0.275324 -0.505479 -1.444383 16.113754 -4.699204 31.203227 3.034897 7.597096 -7.620678 -8.759171 -9.314427 -2.492632 -2.221864 -0.130921 17.707451 4.324399 2.792659 -4.665055 2.816907 -2.709070 8.257431 -0.470491 0.300357 15.887605 12.038075 20.604164 -3.099248 -3.289613 15.299536 -6.846647 -4.313050 -12.193144 -15.989207 -1.582032 -12.367407 -13.925150 6.159537 -17.953957 -0.002613 -13.733861 -10.806903 0.000000 0.000000 0.000000 0.000000 0.000000 0.000000 0.000000 0.000000 0.000000 0.000000 0.000000 0.000000 0.000000 0.000000 0.000000 0.000000 0.000000 0.000000 0.000000 0.000000 0.000000 0.000000 0.000000 0.000000 0.000000 0.000000 0.000000 0.000000 0.000000 0.000000 0.000000 0.000000 0.000000 0.000000 0.000000 0.000000 0.000000 0.000000 0.000000 0.000000 0.000000 0.000000 1.767780 -0.797271 6.121182 15.200498 -28.209590 2.977911 15.018834 6.846228 88.090994 -22.079210 8.005140 14.681639 0.000000 0.000000 0.000000 0.000000 0.000000 0.000000 0.000000 0.000000 0.000000 0.000000 0.000000 0.000000 0.000000 0.000000 0.000000 0.000000 0.000000 0.000000 0.000000 0.000000 0.000000 0.000000 0.000000 0.000000 0.000000 0.000000 0.000000 0.000000 0.000000 0.000000 0.000000 0.000000 0.000000 0.000000 0.000000 0.000000 0.000000 0.000000 0.000000 0.000000 0.000000 0.000000
0.046013 0.190120 1.052139 -10.370022 -4.684942 18.339843 -15.229502 -16.931853 2.351980 27.535958 4.878897 -10.419930 -1.533004 3.092741 11.319301 -0.591642 0.395306 -0.653848 -2.026148 16.480642 -4.489387 29.647795 2.794246 6.856510 -4.222826 -10.269242 -9.408124 -2.244854 -2.070195 0.195664 17.286556 4.024284 2.550425 -4.823253 2.193174 -2.541187 8.653545 -0.545836 0.154426 17.449360 10.502234 16.988931 -1.783728 -3.389295 12.809321 -6.173324 -3.782650 -11.777761 -14.475067 0.907558 -12.910318 -10.464362 5.698595 -21.704148 -0.000932 -13.827085 -11.195919 0.000000 0.000000 0.000000 0.000000 0.000000 0.000000 0.000000 0.000000 0.000000 0.000000 0.000000 0.000000 0.000000 0.000000 0.000000 0.000000 0.000000 0.000000 0.000000 0.000000 0.000000 0.000000 0.000000 0.000000 0.000000 0.000000 0.000000 0.000000 0.000000 0.000000 0.000000 0.000000 0.000000 0.000000 0.000000 0.000000 0.000000 0.000000 0.000000 0.000000 0.000000 0.000000 1.641967 -1.290810 6.254248 15.451638 -29.308062 4.233552 15.839509 6.959763 83.943394 -19.256554 8.493985 14.221186 0.000000 0.000000 0.000000 0.000000 0.000000 0.000000 0.000000 0.000000 0.000000 0.000000 0.000000 0.000000 0.000000 0.000000 0.000000 0.000000 0.000000 0.000000 0.000000 0.000000 0.000000 0.000000 0.000000 0.000000 0.000000 0.000000 0.000000 0.000000 0.000000 0.000000 0.000000 0.000000 0.000000 0.000000 0.000000 0.000000 0.000000 0.000000 0.000000 0.000000 0.000000 0.000000
0.025436 0.186873 1.058863 -10.135431 -3.860621 16.453175 -13.591609 -15.544550 2.279687 26.255922 4.589921 -9.510244 -3.225509 1.369284 12.479470 -0.422061 0.497861 -0.862159 -2.913924 16.774873 -4.217671 28.792705 2.548054 5.587154 -0.064005 -11.368988 -10.497918 -2.015899 -1.911977 0.473847 17.070752 3.627194 2.142950 -4.975783 1.539145 -2.383648 8.925112 -0.629624 -0.055878 18.911089 8.610580 12.858720 -0.543167 -3.896761 10.158226 -5.441769 -3.000005 -11.197845 -12.563675 4.223333 -13.922995 -6.322276 4.573455 -25.849669 -0.610088 -12.587437 -11.404006 0.000000 0.000000 0.000000 0.000000 0.000000 0.000000 0.000000 0.000000 0.000000 0.000000 0.000000 0.000000 0.000000 0.000000 0.000000 0.000000 0.000000 0.000000 0.000000 0.000000 0.000000 0.000000 0.000000 0.000000 0.000000 0.000000 0.000000 0.000000 0.000000 0.000000 0.000000 0.000000 0.000000 0.000000 0.000000 0.000000 0.000000 0.000000 0.000000 0.000000 0.000000 0.000000 1.593271 -1.911172 6.316333 15.732874 -30.993016 5.729982 16.564045 7.091308 79.093037 -17.357553 7.779860 13.364360 0.000000 0.000000 0.000000 0.000000 0.000000 0.000000 0.000000 0.000000 0.000000 0.000000 0.000000 0.000000 0.000000 0.000000 0.000000 0.000000 0.000000 0.000000 0.000000 0.000000 0.000000 0.000000 0.000000 0.000000 0.000000 0.000000 0.000000 0.000000 0.000000 0.000000 0.000000 0.000000 0.000000 0.000000 0.000000 0.000000 0.000000 0.000000 0.000000 0.000000 0.000000 0.000000
0.003860 0.183322 1.066197 -10.085133 -3.246505 14.365749 -11.445468 -14.003370 2.631860 24.557799 4.393921 -8.535616 -4.748862 -0.268349 13.557132 -0.372856 0.499672 -0.943456 -4.429302 16.840728 -3.908504 29.323763 2.070964 3.895143 3.755820 -11.762160 -12.196512 -2.057606 -1.497917 0.916032 16.992870 3.207577 1.600745 -4.835725 0.862749 -2.254032 8.992908 -0.659825 -0.354108 19.365758 6.879037 9.367039 -0.034607 -4.236701 7.850454 -4.847028 -2.173407 -10.552674 -10.144238 7.844715 -14.743865 -2.112319 3.004057 -30.020091 -1.267326 -11.626922 -11.341719 0.000000 0.000000 0.000000 0.000000 0.000000 0.000000 0.000000 0.000000 0.000000 0.000000 0.000000 0.000000 0.000000 0.000000 0.000000 0.000000 0.000000 0.000000 0.000000 0.000000 0.000000 0.000000 0.000000 0.000000 0.000000 0.000000 0.000000 0.000000 0.000000 0.000000 0.000000 0.000000 0.000000 0.000000 0.000000 0.000000 0.000000 0.000000 0.000000 0.000000 0.000000 0.000000 1.407574 -2.586297 6.489594 15.869774 -32.451476 7.075167 17.051230 6.855300 74.410519 -16.274708 7.449759 12.653589 0.000000 0.000000 0.000000 0.000000 0.000000 0.000000 0.000000 0.000000 0.000000 0.000000 0.000000 0.000000 0.000000 0.000000 0.000000 0.000000 0.000000 0.000000 0.000000 0.000000 0.000000 0.000000 0.000000 0.000000 0.000000 0.000000 0.000000 0.000000 0.000000 0.000000 0.000000 0.000000 0.000000 0.000000 0.000000 0.000000 0.000000 0.000000 0.000000 0.000000 0.000000 0.000000
-0.019360 0.180192 1.073523 -10.076776 -2.504951 11.386826 -8.221720 -12.071128 3.034306 21.161622 3.507984 -7.952671 -6.114305 -2.283001 15.735892 -0.308169 0.412681 -0.868683 -6.857570 16.059609 -2.993196 31.402392 1.639368 2.789680 5.456906 -11.524469 -12.724136 -1.919547 -1.455207 1.052508 17.330932 2.551112 0.832536 -4.657818 0.519281 -1.951836 8.779146 -0.846922 -0.573969 17.496203 5.818679 6.820173 -0.684383 -3.917308 6.551885 -4.453415 -0.105321 -9.361463 -6.415405 12.221357 -15.103120 2.296195 1.287691 -34.467589 -2.880547 -8.796278 -10.906978 0.000000 0.000000 0.000000 0.000000 0.000000 0.000000 0.000000 0.000000 0.000000 0.000000 0.000000 0.000000 0.000000 0.000000 0.000000 0.000000 0.000000 0.000000 0.000000 0.000000 0.000000 0.000000 0.000000 0.000000 0.000000 0.000000 0.000000 0.000000 0.000000 0.000000 0.000000 0.000000 0.000000 0.000000 0.000000 0.000000 0.000000 0.000000 0.000000 0.000000 0.000000 0.000000 0.861987 -4.123970 6.693980 16.018635 -34.004784 8.731369 16.943631 6.015423 68.419157 -15.277844 6.454598 11.636869 0.000000 0.000000 0.000000 0.000000 0.000000 0.000000 0.000000 0.000000 0.000000 0.000000 0.000000 0.000000 0.000000 0.000000 0.000000 0.000000 0.000000 0.000000 0.000000 0.000000 0.000000 0.000000 0.000000 0.000000 0.000000 0.000000 0.000000 0.000000 0.000000 0.000000 0.000000 0.000000 0.000000 0.000000 0.000000 0.000000 0.000000 0.000000 0.000000 0.000000 0.000000 0.000000
-0.051109 0.175889 1.080648 -10.592050 -1.712612 8.928725 -5.441184 -10.850465 3.918763 19.081126 3.556794 -7.186189 -7.146086 -3.521387 16.673582 -0.255527 0.250931 -0.854893 -9.262442 15.254622 -2.505063 34.348296 0.127122 1.043530 4.839393 -10.073553 -12.794271 -1.781992 -1.748083 1.002208 17.572770 2.132253 0.062026 -4.192787 0.211023 -1.712110 8.214985 -0.930965 -0.737157 16.125776 4.963297 5.751019 -1.460400 -3.865914 6.192875 -3.632503 1.645168 -8.438965 -3.816014 16.234562 -15.379805 5.310095 0.110678 -36.505478 -4.370074 -7.332907 -10.544694 0.000000 0.000000 0.000000 0.000000 0.000000 0.000000 0.000000 0.000000 0.000000 0.000000 0.000000 0.000000 0.000000 0.000000 0.000000 0.000000 0.000000 0.000000 0.000000 0.000000 0.000000 0.000000 0.000000 0.000000 0.000000 0.000000 0.000000 0.000000 0.000000 0.000000 0.000000 0.000000 0.000000 0.000000 0.000000 0.000000 0.000000 0.000000 0.000000 0.000000 0.000000 0.000000 0.903795 -5.403502 6.928538 15.876346 -35.901177 10.378525 16.486855 5.391223 64.003893 -13.959434 6.631173 10.948597 0.000000 0.000000 0.000000 0.000000 0.000000 0.000000 0.000000 0.000000 0.000000 0.000000 0.000000 0.000000 0.000000 0.000000 0.000000 0.000000 0.000000 0.000000 0.000000 0.000000 0.000000 0.000000 0.000000 0.000000 0.000000 0.000000 0.000000 0.000000 0.000000 0.000000 0.000000 0.000000 0.000000 0.000000 0.000000 0.000000 0.000000 0.000000 0.000000 0.000000 0.000000 0.000000
-0.076847 0.175373 1.086527 -10.913910 -1.089442 6.879548 -2.921647 -9.744681 4.933324 16.885428 3.490187 -6.207119 -7.885318 -4.113539 16.886313 -0.244576 0.097606 -0.811812 -11.050354 14.129064 -2.410296 36.595883 -1.633948 -0.901645 3.146515 -8.699673 -12.610156 -1.608244 -2.037652 0.801942 17.529923 1.749741 -0.619444 -3.600082 -0.010643 -1.585435 7.535303 -0.953874 -0.807127 14.883123 4.185117 5.246644 -2.201832 -3.670659 5.910327 -2.927192 3.634676 -7.498922 -0.835137 20.066174 -15.231670 8.138142 -0.899116 -38.524560 -5.888048 -5.267849 -10.352211 0.000000 0.000000 0.000000 0.000000 0.000000 0.000000 0.000000 0.000000 0.000000 0.000000 0.000000 0.000000 0.000000 0.000000 0.000000 0.000000 0.000000 0.000000 0.000000 0.000000 0.000000 0.000000 0.000000 0.000000 0.000000 0.000000 0.000000 0.000000 0.000000 0.000000 0.000000 0.000000 0.000000 0.000000 0.000000 0.000000 0.000000 0.000000 0.000000 0.000000 0.000000 0.000000 0.959719 -6.941141 7.098778 15.691771 -37.611970 11.629946 15.610460 5.312375 60.311231 -12.466411 6.419996 10.364885 0.000000 0.000000 0.000000 0.000000 0.000000 0.000000 0.000000 0.000000 0.000000 0.000000 0.000000 0.000000 0.000000 0.000000 0.000000 0.000000 0.000000 0.000000 0.000000 0.000000 0.000000 0.000000 0.000000 0.000000 0.000000 0.000000 0.000000 0.000000 0.000000 0.000000 0.000000 0.000000 0.000000 0.000000 0.000000 0.000000 0.000000 0.000000 0.000000 0.000000 0.000000 0.000000
-0.099673 0.175925 1.090951 -11.112156 -0.600327 4.713188 -0.814205 -8.529846 5.497299 15.098465 3.351323 -5.395443 -8.387839 -4.575347 17.077900 -0.367194 -0.115396 -0.801628 -12.138647 12.661953 -2.357694 37.584940 -3.285331 -2.462638 1.352426 -7.433742 -12.187374 -1.466798 -2.004268 0.723259 17.307225 1.326727 -1.093497 -3.371002 -0.082816 -1.525691 6.881340 -0.933777 -0.857803 13.042072 3.499157 5.006998 -2.734099 -3.182246 5.760778 -2.303631 5.858560 -6.466341 2.222250 24.078348 -15.067499 10.256266 -1.709268 -39.510842 -7.102298 -3.679507 -10.345550 0.000000 0.000000 0.000000 0.000000 0.000000 0.000000 0.000000 0.000000 0.000000 0.000000 0.000000 0.000000 0.000000 0.000000 0.000000 0.000000 0.000000 0.000000 0.000000 0.000000 0.000000 0.000000 0.000000 0.000000 0.000000 0.000000 0.000000 0.000000 0.000000 0.000000 0.000000 0.000000 0.000000 0.000000 0.000000 0.000000 0.000000 0.000000 0.000000 0.000000 0.000000 0.000000 0.991600 -8.464461 7.096875 16.130756 -39.250782 13.041923 15.249826 5.206347 56.787461 -11.120710 6.374432 9.844694 0.000000 0.000000 0.000000 0.000000 0.000000 0.000000 0.000000 0.000000 0.000000 0.000000 0.000000 0.000000 0.000000 0.000000 0.000000 0.000000 0.000000 0.000000 0.000000 0.000000 0.000000 0.000000 0.000000 0.000000 0.000000 0.000000 0.000000 0.000000 0.000000 0.000000 0.000000 0.000000 0.000000 0.000000 0.000000 0.000000 0.000000 0.000000 0.000000 0.000000 0.000000 0.000000
-0.124387 0.188194 1.093223 -10.696521 0.023211 2.853471 0.925783 -7.354968 5.713228 13.368158 3.116762 -4.578379 -9.139778 -5.159515 17.090502 -0.259168 -0.351251 -0.817740 -11.855069 10.564427 -2.821980 36.032332 -4.844346 -3.882871 -0.060483 -6.745247 -11.821878 -1.209633 -1.879267 0.638485 16.570534 0.964290 -1.287266 -3.361735 -0.091871 -1.616846 6.567473 -1.077912 -0.976162 11.097363 3.195501 4.568003 -3.247103 -2.635211 5.789031 -1.670724 8.512356 -5.219819 6.168942 29.196227 -15.649826 12.233601 -2.449510 -39.719538 -8.156920 -2.658419 -10.317300 0.000000 0.000000 0.000000 0.000000 0.000000 0.000000 0.000000 0.000000 0.000000 0.000000 0.000000 0.000000 0.000000 0.000000 0.000000 0.000000 0.000000 0.000000 0.000000 0.000000 0.000000 0.000000 0.000000 0.000000 0.000000 0.000000 0.000000 0.000000 0.000000 0.000000 0.000000 0.000000 0.000000 0.000000 0.000000 0.000000 0.000000 0.000000 0.000000 0.000000 0.000000 0.000000 0.742960 -10.227816 6.705374 17.054259 -41.664495 14.679073 13.552928 4.936602 52.508801 -9.979391 5.787719 9.068977 0.000000 0.000000 0.000000 0.000000 0.000000 0.000000 0.000000 0.000000 0.000000 0.000000 0.000000 0.000000 0.000000 0.000000 0.000000 0.000000 0.000000 0.000000 0.000000 0.000000 0.000000 0.000000 0.000000 0.000000 0.000000 0.000000 0.000000 0.000000 0.000000 0.000000 0.000000 0.000000 0.000000 0.000000 0.000000 0.000000 0.000000 0.000000 0.000000 0.000000 0.000000 0.000000
-0.136118 0.201844 1.093824 -10.208387 0.126564 1.654561 2.385760 -6.211283 5.677680 11.674096 2.671845 -3.988852 -9.588006 -5.398411 16.911375 -0.190226 -0.606998 -0.876227 -10.314118 8.459969 -2.703453 33.125702 -4.560276 -3.699110 -1.414923 -6.263529 -11.409936 -0.977201 -1.781577 0.594299 15.218467 0.895419 -1.330109 -3.150654 -0.100378 -1.765577 6.169743 -0.991556 -1.101329 9.898822 2.957422 4.085995 -3.517298 -2.166621 5.744966 -1.175349 10.448438 -4.170587 9.234928 33.436811 -16.328998 13.406225 -2.777208 -37.893337 -8.147992 -2.269012 -10.213831 0.000000 0.000000 0.000000 0.000000 0.000000 0.000000 0.000000 0.000000 0.000000 0.000000 0.000000 0.000000 0.000000 0.000000 0.000000 0.000000 0.000000 0.000000 0.000000 0.000000 0.000000 0.000000 0.000000 0.000000 0.000000 0.000000 0.000000 0.000000 0.000000 0.000000 0.000000 0.000000 0.000000 0.000000 0.000000 0.000000 0.000000 0.000000 0.000000 0.000000 0.000000 0.000000 0.539311 -11.394941 6.223809 18.872328 -43.766155 16.663636 12.558772 4.812683 49.664485 -9.645797 5.754524 8.737598 0.000000 0.000000 0.000000 0.000000 0.000000 0.000000 0.000000 0.000000 0.000000 0.000000 0.000000 0.000000 0.000000 0.000000 0.000000 0.000000 0.000000 0.000000 0.000000 0.000000 0.000000 0.000000 0.000000 0.000000 0.000000 0.000000 0.000000 0.000000 0.000000 0.000000 0.000000 0.000000 0.000000 0.000000 0.000000 0.000000 0.000000 0.000000 0.000000 0.000000 0.000000 0.000000
-0.144172 0.216454 1.093267 -9.705917 0.135692 0.715632 3.725168 -5.308488 5.665714 10.103631 2.348027 -3.368871 -10.206394 -5.346174 16.523370 -0.162720 -0.869779 -0.964967 -7.734925 6.706698 -2.650743 28.915039 -3.547048 -3.160189 -3.053054 -5.778722 -11.103299 -0.823018 -1.724214 0.528884 13.654040 1.038580 -1.121166 -2.801103 -0.123257 -1.929026 5.777974 -0.846628 -1.161427 8.917234 2.772983 3.446199 -3.471671 -1.863143 5.687292 -0.820772 12.130990 -3.421390 12.147249 37.068405 -17.211474 14.393748 -2.943831 -35.800934 -8.040881 -2.234129 -10.192058 0.000000 0.000000 0.000000 0.000000 0.000000 0.000000 0.000000 0.000000 0.000000 0.000000 0.000000 0.000000 0.000000 0.000000 0.000000 0.000000 0.000000 0.000000 0.000000 0.000000 0.000000 0.000000 0.000000 0.000000 0.000000 0.000000 0.000000 0.000000 0.000000 0.000000 0.000000 0.000000 0.000000 0.000000 0.000000 0.000000 0.000000 0.000000 0.000000 0.000000 0.000000 0.000000 0.389593 -12.628187 5.793783 20.747697 -45.402965 18.390146 11.451772 4.243002 46.428383 -9.538213 5.489656 8.567748 0.000000 0.000000 0.000000 0.000000 0.000000 0.000000 0.000000 0.000000 0.000000 0.000000 0.000000 0.000000 0.000000 0.000000 0.000000 0.000000 0.000000 0.000000 0.000000 0.000000 0.000000 0.000000 0.000000 0.000000 0.000000 0.000000 0.000000 0.000000 0.000000 0.000000 0.000000 0.000000 0.000000 0.000000 0.000000 0.000000 0.000000 0.000000 0.000000 0.000000 0.000000 0.000000
-0.145963 0.231508 1.091350 -9.096447 0.011902 -0.163246 4.809995 -4.683780 5.798009 8.635230 2.100832 -2.848998 -10.621217 -5.356457 16.052003 -0.164537 -1.161655 -1.055803 -4.857710 5.281799 -2.653880 24.556638 -2.119718 -2.370675 -4.953594 -4.773028 -11.317561 -0.691180 -1.567065 0.524952 12.156235 0.943598 -0.858033 -2.458345 -0.022019 -2.110036 5.493868 -0.716933 -1.175565 8.129172 2.572110 2.839467 -3.017121 -1.508258 5.917222 -0.662217 13.568160 -2.700904 14.664249 40.418319 -18.256474 15.167098 -2.676896 -33.256025 -7.981374 -2.472386 -9.913205 0.000000 0.000000 0.000000 0.000000 0.000000 0.000000 0.000000 0.000000 0.000000 0.000000 0.000000 0.000000 0.000000 0.000000 0.000000 0.000000 0.000000 0.000000 0.000000 0.000000 0.000000 0.000000 0.000000 0.000000 0.000000 0.000000 0.000000 0.000000 0.000000 0.000000 0.000000 0.000000 0.000000 0.000000 0.000000 0.000000 0.000000 0.000000 0.000000 0.000000 0.000000 0.000000 0.036414 -13.527614 5.364424 22.883333 -46.893783 20.563711 10.875319 3.468530 43.408819 -9.508767 5.173693 8.137377 0.000000 0.000000 0.000000 0.000000 0.000000 0.000000 0.000000 0.000000 0.000000 0.000000 0.000000 0.000000 0.000000 0.000000 0.000000 0.000000 0.000000 0.000000 0.000000 0.000000 0.000000 0.000000 0.000000 0.000000 0.000000 0.000000 0.000000 0.000000 0.000000 0.000000 0.000000 0.000000 0.000000 0.000000 0.000000 0.000000 0.000000 0.000000 0.000000 0.000000 0.000000 0.000000
-0.150607 0.246899 1.088802 -8.511632 0.046475 -0.960867 6.120477 -3.986902 5.997446 6.743607 1.654131 -2.579547 -11.196285 -5.738529 15.749540 -0.149506 -1.338731 -1.109905 -1.678655 4.110057 -3.141369 19.694330 -0.612101 -1.878385 -7.170835 -3.390654 -11.807055 -0.579128 -1.326658 0.559420 10.705456 0.722130 -0.329243 -2.246283 0.279196 -2.129267 5.190666 -0.656691 -0.998377 7.240500 2.457629 1.926063 -2.592951 -1.467319 5.688333 -0.675950 15.261130 -1.958207 17.555156 43.648829 -20.385727 15.517551 -2.162544 -29.627552 -8.147191 -3.063046 -9.658481 0.000000 0.000000 0.000000 0.000000 0.000000 0.000000 0.000000 0.000000 0.000000 0.000000 0.000000 0.000000 0.000000 0.000000 0.000000 0.000000 0.000000 0.000000 0.000000 0.000000 0.000000 0.000000 0.000000 0.000000 0.000000 0.000000 0.000000 0.000000 0.000000 0.000000 0.000000 0.000000 0.000000 0.000000 0.000000 0.000000 0.000000 0.000000 0.000000 0.000000 0.000000 0.000000 -0.175996 -14.548897 5.024162 25.444766 -48.638468 23.166018 9.832601 2.669311 39.364138 -9.481881 5.184349 7.685286 0.000000 0.000000 0.000000 0.000000 0.000000 0.000000 0.000000 0.000000 0.000000 0.000000 0.000000 0.000000 0.000000 0.000000 0.000000 0.000000 0.000000 0.000000 0.000000 0.000000 0.000000 0.000000 0.000000 0.000000 0.000000 0.000000 0.000000 0.000000 0.000000 0.000000 0.000000 0.000000 0.000000 0.000000 0.000000 0.000000 0.000000 0.000000 0.000000 0.000000 0.000000 0.000000
-0.153369 0.252820 1.086588 -8.443512 0.113885 -1.389221 6.782178 -3.694341 5.900103 6.289257 1.391031 -2.733307 -11.731359 -6.095251 15.581480 -0.179014 -1.412637 -1.121141 -0.200665 3.824132 -3.456709 17.606832 -0.086325 -1.670855 -8.068499 -2.868270 -11.700453 -0.500317 -1.182674 0.564552 10.052482 0.569989 -0.013426 -2.363704 0.440577 -2.124627 5.131318 -0.638307 -0.897403 6.725014 2.377381 1.658672 -2.130747 -1.268745 5.617054 -0.672097 16.167722 -1.330988 19.626697 45.675236 -22.061322 15.406360 -1.848917 -27.773046 -8.905630 -3.340826 -9.646045 0.000000 0.000000 0.000000 0.000000 0.000000 0.000000 0.000000 0.000000 0.000000 0.000000 0.000000 0.000000 0.000000 0.000000 0.000000 0.000000 0.000000 0.000000 0.000000 0.000000 0.000000 0.000000 0.000000 0.000000 0.000000 0.000000 0.000000 0.000000 0.000000 0.000000 0.000000 0.000000 0.000000 0.000000 0.000000 0.000000 0.000000 0.000000 0.000000 0.000000 0.000000 0.000000 -0.352115 -15.032261 4.777355 27.207832 -49.577289 25.020286 9.729931 2.425428 37.448759 -9.627178 5.593812 7.679341 0.000000 0.000000 0.000000 0.000000 0.000000 0.000000 0.000000 0.000000 0.000000 0.000000 0.000000 0.000000 0.000000 0.000000 0.000000 0.000000 0.000000 0.000000 0.000000 0.000000 0.000000 0.000000 0.000000 0.000000 0.000000 0.000000 0.000000 0.000000 0.000000 0.000000 0.000000 0.000000 0.000000 0.000000 0.000000 0.000000 0.000000 0.000000 0.000000 0.000000 0.000000 0.000000
-0.153334 0.255466 1.084875 -8.601310 0.160467 -1.634090 7.300007 -3.738412 5.867269 6.284522 1.348120 -2.960837 -12.140293 -6.197518 15.323112 -0.143142 -1.474741 -1.128336 0.969235 3.619074 -3.724360 16.319590 0.188882 -1.423649 -8.849363 -2.439998 -11.392763 -0.420960 -1.069747 0.562918 9.648492 0.478120 0.289090 -2.430756 0.576703 -2.083265 5.063571 -0.641362 -0.805674 6.456023 2.216773 1.324406 -1.634687 -1.175317 5.207626 -0.646049 16.885125 -0.997822 21.377439 47.285947 -23.594644 15.353866 -1.579983 -26.314493 -9.569517 -3.509361 -9.405268 0.000000 0.000000 0.000000 0.000000 0.000000 0.000000 0.000000 0.000000 0.000000 0.000000 0.000000 0.000000 0.000000 0.000000 0.000000 0.000000 0.000000 0.000000 0.000000 0.000000 0.000000 0.000000 0.000000 0.000000 0.000000 0.000000 0.000000 0.000000 0.000000 0.000000 0.000000 0.000000 0.000000 0.000000 0.000000 0.000000 0.000000 0.000000 0.000000 0.000000 0.000000 0.000000 -0.502626 -15.522706 4.768381 28.744402 -50.443880 26.718880 9.895952 2.241767 35.556383 -9.657193 5.898267 7.547055 0.000000 0.000000 0.000000 0.000000 0.000000 0.000000 0.000000 0.000000 0.000000 0.000000 0.000000 0.000000 0.000000 0.000000 0.000000 0.000000 0.000000 0.000000 0.000000 0.000000 0.000000 0.000000 0.000000 0.000000 0.000000 0.000000 0.000000 0.000000 0.000000 0.000000 0.000000 0.000000 0.000000 0.000000 0.000000 0.000000 0.000000 0.000000 0.000000 0.000000 0.000000 0.000000
-0.153347 0.254214 1.083884 -8.891623 0.164855 -1.808644 7.793688 -3.711641 5.847063 6.138470 1.315336 -3.106819 -12.310488 -6.221104 15.151306 -0.134068 -1.504552 -1.128782 1.935264 3.578591 -3.984575 15.261363 0.337400 -1.213374 -9.299792 -2.173558 -11.028840 -0.393080 -0.997700 0.551555 9.360185 0.460444 0.563544 -2.426485 0.732429 -2.010308 4.972565 -0.606568 -0.664149 6.348089 2.087082 1.221206 -1.227906 -1.169246 4.844619 -0.653129 17.291879 -0.807131 22.867181 48.331887 -24.904512 15.297522 -1.334447 -25.458807 -10.034928 -3.309833 -9.331396 0.000000 0.000000 0.000000 0.000000 0.000000 0.000000 0.000000 0.000000 0.000000 0.000000 0.000000 0.000000 0.000000 0.000000 0.000000 0.000000 0.000000 0.000000 0.000000 0.000000 0.000000 0.000000 0.000000 0.000000 0.000000 0.000000 0.000000 0.000000 0.000000 0.000000 0.000000 0.000000 0.000000 0.000000 0.000000 0.000000 0.000000 0.000000 0.000000 0.000000 0.000000 0.000000 -0.537979 -15.796372 4.851562 30.028328 -51.142056 28.070131 9.985110 1.953924 34.109278 -9.702363 5.799487 7.486475 0.000000 0.000000 0.000000 0.000000 0.000000 0.000000 0.000000 0.000000 0.000000 0.000000 0.000000 0.000000 0.000000 0.000000 0.000000 0.000000 0.000000 0.000000 0.000000 0.000000 0.000000 0.000000 0.000000 0.000000 0.000000 0.000000 0.000000 0.000000 0.000000 0.000000 0.000000 0.000000 0.000000 0.000000 0.000000 0.000000 0.000000 0.000000 0.000000 0.000000 0.000000 0.000000
-0.152684 0.253688 1.083334 -9.071571 0.125926 -1.979420 8.149014 -3.709138 5.959858 5.989086 1.360799 -3.131939 -12.325633 -6.039932 14.958701 -0.096904 -1.488212 -1.125640 2.573409 3.618477 -4.246972 14.542860 0.413894 -1.065263 -9.564283 -2.048647 -10.643794 -0.415315 -0.970283 0.543950 9.154410 0.407464 0.767727 -2.420035 0.876031 -1.921603 4.915094 -0.573762 -0.537090 6.268970 2.024341 1.113971 -1.023592 -1.255058 4.642846 -0.661081 17.563969 -0.640159 24.247653 49.176431 -26.140704 15.013981 -1.062414 -25.246008 -10.464330 -3.052931 -9.318331 0.000000 0.000000 0.000000 0.000000 0.000000 0.000000 0.000000 0.000000 0.000000 0.000000 0.000000 0.000000 0.000000 0.000000 0.000000 0.000000 0.000000 0.000000 0.000000 0.000000 0.000000 0.000000 0.000000 0.000000 0.000000 0.000000 0.000000 0.000000 0.000000 0.000000 0.000000 0.000000 0.000000 0.000000 0.000000 0.000000 0.000000 0.000000 0.000000 0.000000 0.000000 0.000000 -0.516005 -15.926477 5.001720 31.022696 -51.566283 28.996873 10.124127 1.512907 33.443937 -9.834468 5.769580 7.591802 0.000000 0.000000 0.000000 0.000000 0.000000 0.000000 0.000000 0.000000 0.000000 0.000000 0.000000 0.000000 0.000000 0.000000 0.000000 0.000000 0.000000 0.000000 0.000000 0.000000 0.000000 0.000000 0.000000 0.000000 0.000000 0.000000 0.000000 0.000000 0.000000 0.000000 0.000000 0.000000 0.000000 0.000000 0.000000 0.000000 0.000000 0.000000 0.000000 0.000000 0.000000 0.000000
-0.153594 0.252678 1.083128 -9.200995 0.187245 -2.038870 8.338849 -3.791283 6.041363 5.900517 1.428692 -3.248625 -12.293499 -5.874555 14.852600 -0.088165 -1.480809 -1.150950 2.922404 3.637533 -4.411368 14.178483 0.401397 -0.967579 -9.633982 -2.057123 -10.362339 -0.434343 -0.969270 0.550913 9.075412 0.385361 0.884223 -2.390880 0.965459 -1.828259 4.908635 -0.562548 -0.439623 6.371236 2.005241 1.079980 -1.015215 -1.371433 4.552187 -0.715611 17.591421 -0.614968 24.790472 49.381370 -26.559722 15.042962 -0.959985 -25.448642 -10.989389 -2.859025 -9.369429 0.000000 0.000000 0.000000 0.000000 0.000000 0.000000 0.000000 0.000000 0.000000 0.000000 0.000000 0.000000 0.000000 0.000000 0.000000 0.000000 0.000000 0.000000 0.000000 0.000000 0.000000 0.000000 0.000000 0.000000 0.000000 0.000000 0.000000 0.000000 0.000000 0.000000 0.000000 0.000000 0.000000 0.000000 0.000000 0.000000 0.000000 0.000000 0.000000 0.000000 0.000000 0.000000 -0.438276 -15.943323 5.122000 31.357813 -51.612212 29.276800 10.394360 1.291879 33.271095 -10.028158 5.651730 7.625784 0.000000 0.000000 0.000000 0.000000 0.000000 0.000000 0.000000 0.000000 0.000000 0.000000 0.000000 0.000000 0.000000 0.000000 0.000000 0.000000 0.000000 0.000000 0.000000 0.000000 0.000000 0.000000 0.000000 0.000000 0.000000 0.000000 0.000000 0.000000 0.000000 0.000000 0.000000 0.000000 0.000000 0.000000 0.000000 0.000000 0.000000 0.000000 0.000000 0.000000 0.000000 0.000000
-0.154665 0.252419 1.083119 -9.223835 0.209898 -2.075462 8.454829 -3.786708 6.090071 5.707615 1.482804 -3.261097 -12.181974 -5.716932 14.791016 -0.090319 -1.476240 -1.159096 3.101810 3.716492 -4.602533 13.895599 0.401974 -0.899182 -9.595779 -2.170269 -10.109652 -0.458651 -0.983856 0.544097 9.014235 0.386842 0.975175 -2.326337 1.032772 -1.775221 4.877272 -0.540735 -0.366239 6.505139 2.052216 1.132767 -0.999831 -1.491434 4.538910 -0.750812 17.549309 -0.601538 25.065585 49.382377 -26.709987 15.107378 -0.893514 -25.735116 -11.365388 -2.739622 -9.374264 0.000000 0.000000 0.000000 0.000000 0.000000 0.000000 0.000000 0.000000 0.000000 0.000000 0.000000 0.000000 0.000000 0.000000 0.000000 0.000000 0.000000 0.000000 0.000000 0.000000 0.000000 0.000000 0.000000 0.000000 0.000000 0.000000 0.000000 0.000000 0.000000 0.000000 0.000000 0.000000 0.000000 0.000000 0.000000 0.000000 0.000000 0.000000 0.000000 0.000000 0.000000 0.000000 -0.314535 -15.898936 5.242863 31.393995 -51.513652 29.296970 10.644234 1.041572 33.256528 -10.150240 5.489989 7.569546 0.000000 0.000000 0.000000 0.000000 0.000000 0.000000 0.000000 0.000000 0.000000 0.000000 0.000000 0.000000 0.000000 0.000000 0.000000 0.000000 0.000000 0.000000 0.000000 0.000000 0.000000 0.000000 0.000000 0.000000 0.000000 0.000000 0.000000 0.000000 0.000000 0.000000 0.000000 0.000000 0.000000 0.000000 0.000000 0.000000 0.000000 0.000000 0.000000 0.000000 0.000000 0.000000
-0.155361 0.252505 1.083236 -9.183048 0.214963 -2.032581 8.510768 -3.771817 6.122474 5.460059 1.505797 -3.187204 -12.020153 -5.540295 14.686454 -0.095393 -1.462671 -1.154856 3.228745 3.764800 -4.760493 13.580632 0.401358 -0.885612 -9.494910 -2.301276 -9.980828 -0.485223 -0.996633 0.542914 8.958058 0.401170 1.032667 -2.271130 1.074152 -1.756543 4.868189 -0.523914 -0.326285 6.586610 2.082988 1.190781 -1.016247 -1.570674 4.513444 -0.806726 17.498876 -0.590831 25.186593 49.219767 -26.749244 15.255707 -0.838390 -26.078426 -11.547520 -2.675530 -9.389274 0.000000 0.000000 0.000000 0.000000 0.000000 0.000000 0.000000 0.000000 0.000000 0.000000 0.000000 0.000000 0.000000 0.000000 0.000000 0.000000 0.000000 0.000000 0.000000 0.000000 0.000000 0.000000 0.000000 0.000000 0.000000 0.000000 0.000000 0.000000 0.000000 0.000000 0.000000 0.000000 0.000000 0.000000 0.000000 0.000000 0.000000 0.000000 0.000000 0.000000 0.000000 0.000000 -0.208108 -15.935234 5.316458 31.291423 -51.301767 29.159488 10.858980 0.815222 33.370879 -10.160565 5.409442 7.535392 0.000000 0.000000 0.000000 0.000000 0.000000 0.000000 0.000000 0.000000 0.000000 0.000000 0.000000 0.000000 0.000000 0.000000 0.000000 0.000000 0.000000 0.000000 0.000000 0.000000 0.000000 0.000000 0.000000 0.000000 0.000000 0.000000 0.000000 0.000000 0.000000 0.000000 0.000000 0.000000 0.000000 0.000000 0.000000 0.000000 0.000000 0.000000 0.000000 0.000000 0.000000 0.000000
-0.155984 0.253038 1.083441 -9.099125 0.204886 -1.988319 8.558050 -3.724355 6.125677 5.154205 1.520686 -3.090613 -11.787519 -5.400471 14.616000 -0.086192 -1.437134 -1.141217 3.261196 3.809865 -4.849736 13.360765 0.415134 -0.888586 -9.335636 -2.409143 -9.930029 -0.505750 -1.043069 0.524376 8.893914 0.448953 1.063652 -2.191447 1.108752 -1.748089 4.833082 -0.491707 -0.308927 6.763190 2.106176 1.267551 -1.011789 -1.594234 4.456321 -0.846838 17.470365 -0.630318 25.117557 48.946612 -26.624867 15.457193 -0.811865 -26.357885 -11.422525 -2.677822 -9.355724 0.000000 0.000000 0.000000 0.000000 0.000000 0.000000 0.000000 0.000000 0.000000 0.000000 0.000000 0.000000 0.000000 0.000000 0.000000 0.000000 0.000000 0.000000 0.000000 0.000000 0.000000 0.000000 0.000000 0.000000 0.000000 0.000000 0.000000 0.000000 0.000000 0.000000 0.000000 0.000000 0.000000 0.000000 0.000000 0.000000 0.000000 0.000000 0.000000 0.000000 0.000000 0.000000 -0.098728 -15.993995 5.408895 31.041055 -51.073963 28.884920 11.075352 0.577653 33.506230 -10.137465 5.334653 7.469959 0.000000 0.000000 0.000000 0.000000 0.000000 0.000000 0.000000 0.000000 0.000000 0.000000 0.000000 0.000000 0.000000 0.000000 0.000000 0.000000 0.000000 0.000000 0.000000 0.000000 0.000000 0.000000 0.000000 0.000000 0.000000 0.000000 0.000000 0.000000 0.000000 0.000000 0.000000 0.000000 0.000000 0.000000 0.000000 0.000000 0.000000 0.000000 0.000000 0.000000 0.000000 0.000000
-0.155812 0.253387 1.083737 -9.038547 0.161549 -1.868827 8.501758 -3.672773 6.036891 5.072844 1.485611 -3.067747 -11.578121 -5.258362 14.594571 -0.096020 -1.421673 -1.134267 3.240219 3.811815 -4.855176 13.304735 0.455010 -0.937545 -9.199165 -2.444896 -10.004876 -0.517998 -1.064777 0.513638 8.852338 0.501625 1.087885 -2.122516 1.138703 -1.750899 4.836525 -0.463768 -0.303808 6.948763 2.100382 1.359419 -1.025291 -1.602674 4.443189 -0.895670 17.443801 -0.671212 24.882279 48.659774 -26.415652 15.526728 -0.802220 -26.601010 -11.231276 -2.737807 -9.326723 0.000000 0.000000 0.000000 0.000000 0.000000 0.000000 0.000000 0.000000 0.000000 0.000000 0.000000 0.000000 0.000000 0.000000 0.000000 0.000000 0.000000 0.000000 0.000000 0.000000 0.000000 0.000000 0.000000 0.000000 0.000000 0.000000 0.000000 0.000000 0.000000 0.000000 0.000000 0.000000 0.000000 0.000000 0.000000 0.000000 0.000000 0.000000 0.000000 0.000000 0.000000 0.000000 -0.020958 -16.043980 5.456191 30.789375 -50.842167 28.572171 11.390751 0.439394 33.791500 -9.996339 5.370798 7.465025 0.000000 0.000000 0.000000 0.000000 0.000000 0.000000 0.000000 0.000000 0.000000 0.000000 0.000000 0.000000 0.000000 0.000000 0.000000 0.000000 0.000000 0.000000 0.000000 0.000000 0.000000 0.000000 0.000000 0.000000 0.000000 0.000000 0.000000 0.000000 0.000000 0.000000 0.000000 0.000000 0.000000 0.000000 0.000000 0.000000 0.000000 0.000000 0.000000 0.000000 0.000000 0.000000
-0.154621 0.253189 1.084120 -9.017331 0.080050 -1.693042 8.405085 -3.643794 5.931259 5.100351 1.444703 -3.020282 -11.349180 -5.066751 14.523236 -0.101423 -1.399205 -1.119604 3.187775 3.789089 -4.791526 13.381590 0.499493 -0.949611 -9.094669 -2.388277 -10.157775 -0.518791 -1.097695 0.494228 8.862466 0.545342 1.107729 -2.048915 1.204155 -1.737029 4.832901 -0.443802 -0.298503 7.160485 2.046655 1.422247 -0.928043 -1.642151 4.460054 -0.955931 17.364103 -0.721493 24.575787 48.415276 -26.190127 15.447597 -0.795861 -26.827685 -10.954253 -2.829894 -9.305617 0.000000 0.000000 0.000000 0.000000 0.000000 0.000000 0.000000 0.000000 0.000000 0.000000 0.000000 0.000000 0.000000 0.000000 0.000000 0.000000 0.000000 0.000000 0.000000 0.000000 0.000000 0.000000 0.000000 0.000000 0.000000 0.000000 0.000000 0.000000 0.000000 0.000000 0.000000 0.000000 0.000000 0.000000 0.000000 0.000000 0.000000 0.000000 0.000000 0.000000 0.000000 0.000000 0.034318 -16.019198 5.517201 30.617071 -50.679195 28.282196 11.649971 0.327991 34.215100 -9.863174 5.350179 7.497845 0.000000 0.000000 0.000000 0.000000 0.000000 0.000000 0.000000 0.000000 0.000000 0.000000 0.000000 0.000000 0.000000 0.000000 0.000000 0.000000 0.000000 0.000000 0.000000 0.000000 0.000000 0.000000 0.000000 0.000000 0.000000 0.000000 0.000000 0.000000 0.000000 0.000000 0.000000 0.000000 0.000000 0.000000 0.000000 0.000000 0.000000 0.000000 0.000000 0.000000 0.000000 0.000000
-0.154384 0.251154 1.084417 -8.941952 0.074192 -1.301836 7.960179 -3.784975 5.692936 5.367809 1.513731 -2.717053 -11.182468 -4.774788 14.263694 -0.044723 -1.325166 -1.092365 2.496718 3.801399 -4.461172 14.341054 0.323734 -1.210308 -8.894213 -2.398020 -10.388950 -0.519910 -1.176717 0.441833 9.069181 0.615245 1.008005 -2.199936 1.413845 -1.584722 5.035553 -0.474740 -0.300660 7.267089 1.886365 1.637280 -0.913048 -1.797058 4.602575 -1.105931 17.166505 -0.663628 24.078711 48.094720 -25.788748 15.013508 -0.923646 -28.080496 -10.755752 -2.959725 -9.478673 0.000000 0.000000 0.000000 0.000000 0.000000 0.000000 0.000000 0.000000 0.000000 0.000000 0.000000 0.000000 0.000000 0.000000 0.000000 0.000000 0.000000 0.000000 0.000000 0.000000 0.000000 0.000000 0.000000 0.000000 0.000000 0.000000 0.000000 0.000000 0.000000 0.000000 0.000000 0.000000 0.000000 0.000000 0.000000 0.000000 0.000000 0.000000 0.000000 0.000000 0.000000 0.000000 -0.057924 -15.791574 5.532367 30.435850 -50.672050 27.686064 11.963479 0.429173 35.212369 -9.872259 5.194519 7.729103 0.000000 0.000000 0.000000 0.000000 0.000000 0.000000 0.000000 0.000000 0.000000 0.000000 0.000000 0.000000 0.000000 0.000000 0.000000 0.000000 0.000000 0.000000 0.000000 0.000000 0.000000 0.000000 0.000000 0.000000 0.000000 0.000000 0.000000 0.000000 0.000000 0.000000 0.000000 0.000000 0.000000 0.000000 0.000000 0.000000 0.000000 0.000000 0.000000 0.000000 0.000000 0.000000
