HIERARCHY
ROOT Hips
{
	OFFSET 0.000000 0.000000 0.000000
	CHANNELS 6 Xposition Yposition Zposition Xrotation Yrotation Zrotation
	JOINT Thigh.L
	{
		OFFSET 0.055764 0.027501 -0.095303
		CHANNELS 3 Xrotation Yrotation Zrotation
		JOINT Shin.L
		{
			OFFSET 0.060609 0.006445 -0.414445
			CHANNELS 3 Xrotation Yrotation Zrotation
			JOINT Foot.L
			{
				OFFSET -0.042376 0.032386 -0.440015
				CHANNELS 3 Xrotation Yrotation Zrotation
				JOINT Toe.L
				{
					OFFSET 0.048349 -0.126911 -0.064678
					CHANNELS 3 Xrotation Yrotation Zrotation
					End Site
					{
						OFFSET 0.000000 0.050000 0.000000
					}
				}
			}
		}
	}
	JOINT Thigh.R
	{
		OFFSET -0.060941 0.021775 -0.107916
		CHANNELS 3 Xrotation Yrotation Zrotation
		JOINT Shin.R
		{
			OFFSET -0.049531 0.014555 -0.395793
			CHANNELS 3 Xrotation Yrotation Zrotation
			JOINT Foot.R
			{
				OFFSET 0.014150 0.020439 -0.449108
				CHANNELS 3 Xrotation Yrotation Zrotation
				JOINT Toe.R
				{
					OFFSET -0.039730 -0.127740 -0.064489
					CHANNELS 3 Xrotation Yrotation Zrotation
					End Site
					{
						OFFSET 0.000000 0.050000 0.000000
					}
				}
			}
		}
	}
	JOINT Spine
	{
		OFFSET -0.002740 0.027327 0.114620
		CHANNELS 3 Xrotation Yrotation Zrotation
		JOINT Spine.2
		{
			OFFSET 0.009215 0.006445 0.141763
			CHANNELS 3 Xrotation Yrotation Zrotation
			JOINT Chest
			{
				OFFSET -0.010955 -0.023740 0.056451
				CHANNELS 3 Xrotation Yrotation Zrotation
				JOINT Neck
				{
					OFFSET -0.012278 0.025927 0.170112
					CHANNELS 3 Xrotation Yrotation Zrotation
					JOINT Head
					{
						OFFSET 0.025580 -0.020691 0.168421
						CHANNELS 3 Xrotation Yrotation Zrotation
						End Site
						{
							OFFSET 0.000000 0.050000 0.000000
						}
					}
				}
				JOINT Clavicle.L
				{
					OFFSET 0.047713 0.004458 0.087668
					CHANNELS 3 Xrotation Yrotation Zrotation
					JOINT UpperArm.L
					{
						OFFSET 0.128063 0.013969 0.058818
						CHANNELS 3 Xrotation Yrotation Zrotation
						JOINT ForeArm.L
						{
							OFFSET 0.270854 0.043399 -0.076019
							CHANNELS 3 Xrotation Yrotation Zrotation
							JOINT Hand.L
							{
								OFFSET 0.274683 0.000676 0.022791
								CHANNELS 3 Xrotation Yrotation Zrotation
								JOINT Thumb1.L
								{
									OFFSET 0.154589 0.000294 0.009923
									CHANNELS 3 Xrotation Yrotation Zrotation
									JOINT Thumb2.L
									{
										OFFSET 0.029897 0.000074 0.002481
										CHANNELS 3 Xrotation Yrotation Zrotation
										End Site
										{
											OFFSET 0.024914 0.000061 0.002067
										}
									}
								}
								JOINT Index1.L
								{
									OFFSET 0.137589 0.000294 0.009923
									CHANNELS 3 Xrotation Yrotation Zrotation
									JOINT Index2.L
									{
										OFFSET 0.029897 0.000074 0.002481
										CHANNELS 3 Xrotation Yrotation Zrotation
										JOINT Index3.L
										{
											OFFSET 0.021925 0.000054 0.001819
											CHANNELS 3 Xrotation Yrotation Zrotation
											End Site
											{
												OFFSET 0.017938 0.000044 0.001488
											}
										}
									}
								}
								JOINT Middle1.L
								{
									OFFSET 0.119589 0.000294 0.009923
									CHANNELS 3 Xrotation Yrotation Zrotation
									JOINT Middle2.L
									{
										OFFSET 0.030894 0.000076 0.002563
										CHANNELS 3 Xrotation Yrotation Zrotation
										JOINT Middle3.L
										{
											OFFSET 0.021925 0.000054 0.001819
											CHANNELS 3 Xrotation Yrotation Zrotation
											End Site
											{
												OFFSET 0.017938 0.000044 0.001488
											}
										}
									}
								}
								JOINT Ring1.L
								{
									OFFSET 0.101589 0.000294 0.009923
									CHANNELS 3 Xrotation Yrotation Zrotation
									JOINT Ring2.L
									{
										OFFSET 0.028901 0.000071 0.002398
										CHANNELS 3 Xrotation Yrotation Zrotation
										JOINT Ring3.L
										{
											OFFSET 0.019931 0.000049 0.001654
											CHANNELS 3 Xrotation Yrotation Zrotation
											End Site
											{
												OFFSET 0.016942 0.000042 0.001406
											}
										}
									}
								}
								JOINT Pinky1.L
								{
									OFFSET 0.085589 0.000294 0.009923
									CHANNELS 3 Xrotation Yrotation Zrotation
									JOINT Pinky2.L
									{
										OFFSET 0.023918 0.000059 0.001985
										CHANNELS 3 Xrotation Yrotation Zrotation
										JOINT Pinky3.L
										{
											OFFSET 0.016942 0.000042 0.001406
											CHANNELS 3 Xrotation Yrotation Zrotation
											End Site
											{
												OFFSET 0.013952 0.000034 0.001158
											}
										}
									}
								}
							}
						}
					}
				}
				JOINT Clavicle.R
				{
					OFFSET -0.048672 0.010641 0.086788
					CHANNELS 3 Xrotation Yrotation Zrotation
					JOINT UpperArm.R
					{
						OFFSET -0.111093 0.010458 0.054933
						CHANNELS 3 Xrotation Yrotation Zrotation
						JOINT ForeArm.R
						{
							OFFSET -0.289292 0.027869 -0.039957
							CHANNELS 3 Xrotation Yrotation Zrotation
							JOINT Hand.R
							{
								OFFSET -0.270975 0.014270 -0.005245
								CHANNELS 3 Xrotation Yrotation Zrotation
								JOINT Thumb1.R
								{
									OFFSET -0.154812 0.006309 -0.002319
									CHANNELS 3 Xrotation Yrotation Zrotation
									JOINT Thumb2.R
									{
										OFFSET -0.029953 0.001577 -0.000580
										CHANNELS 3 Xrotation Yrotation Zrotation
										End Site
										{
											OFFSET -0.024961 0.001314 -0.000483
										}
									}
								}
								JOINT Index1.R
								{
									OFFSET -0.137812 0.006309 -0.002319
									CHANNELS 3 Xrotation Yrotation Zrotation
									JOINT Index2.R
									{
										OFFSET -0.029953 0.001577 -0.000580
										CHANNELS 3 Xrotation Yrotation Zrotation
										JOINT Index3.R
										{
											OFFSET -0.021965 0.001157 -0.000425
											CHANNELS 3 Xrotation Yrotation Zrotation
											End Site
											{
												OFFSET -0.017972 0.000946 -0.000348
											}
										}
									}
								}
								JOINT Middle1.R
								{
									OFFSET -0.119812 0.006309 -0.002319
									CHANNELS 3 Xrotation Yrotation Zrotation
									JOINT Middle2.R
									{
										OFFSET -0.030951 0.001630 -0.000599
										CHANNELS 3 Xrotation Yrotation Zrotation
										JOINT Middle3.R
										{
											OFFSET -0.021965 0.001157 -0.000425
											CHANNELS 3 Xrotation Yrotation Zrotation
											End Site
											{
												OFFSET -0.017972 0.000946 -0.000348
											}
										}
									}
								}
								JOINT Ring1.R
								{
									OFFSET -0.101812 0.006309 -0.002319
									CHANNELS 3 Xrotation Yrotation Zrotation
									JOINT Ring2.R
									{
										OFFSET -0.028954 0.001525 -0.000560
										CHANNELS 3 Xrotation Yrotation Zrotation
										JOINT Ring3.R
										{
											OFFSET -0.019969 0.001052 -0.000387
											CHANNELS 3 Xrotation Yrotation Zrotation
											End Site
											{
												OFFSET -0.016973 0.000894 -0.000329
											}
										}
									}
								}
								JOINT Pinky1.R
								{
									OFFSET -0.085812 0.006309 -0.002319
									CHANNELS 3 Xrotation Yrotation Zrotation
									JOINT Pinky2.R
									{
										OFFSET -0.023962 0.001262 -0.000464
										CHANNELS 3 Xrotation Yrotation Zrotation
										JOINT Pinky3.R
										{
											OFFSET -0.016973 0.000894 -0.000329
											CHANNELS 3 Xrotation Yrotation Zrotation
											End Site
											{
												OFFSET -0.013978 0.000736 -0.000271
											}
										}
									}
								}
							}
						}
					}
				}
			}
		}
	}
}
MOTION
Frames: 193
Frame Time: 0.04166667
0.000316 -0.037235 1.031145 -4.099070 0.368588 -0.541425 5.774125 -2.193884 2.249785 1.847336 1.420298 -10.875265 -10.416609 -2.776803 9.300236 -0.849952 -2.045353 -1.296318 0.892000 3.456415 -2.876354 8.572218 1.039358 5.426691 -10.322729 -2.027490 -6.268786 -0.430848 -1.687944 0.684370 3.209888 1.069723 2.372822 -0.249006 -0.227643 -1.256783 2.904277 0.795860 0.111789 4.724528 0.650560 2.245147 3.197124 -0.939674 -0.271649 -1.103893 19.806866 -1.233968 27.046407 44.226324 -27.550658 19.609464 -0.333765 -23.866866 -2.524640 -0.265794 -10.966365 0.000000 0.000000 0.000000 0.000000 0.000000 0.000000 0.000000 0.000000 0.000000 0.000000 0.000000 0.000000 0.000000 0.000000 0.000000 0.000000 0.000000 0.000000 0.000000 0.000000 0.000000 0.000000 0.000000 0.000000 0.000000 0.000000 0.000000 0.000000 0.000000 0.000000 0.000000 0.000000 0.000000 0.000000 0.000000 0.000000 0.000000 0.000000 0.000000 0.000000 0.000000 0.000000 0.236081 -19.723699 6.462835 30.293455 -46.036184 29.441349 10.730821 -0.469338 26.402064 -5.202324 -0.118201 7.652449 0.000000 0.000000 0.000000 0.000000 0.000000 0.000000 0.000000 0.000000 0.000000 0.000000 0.000000 0.000000 0.000000 0.000000 0.000000 0.000000 0.000000 0.000000 0.000000 0.000000 0.000000 0.000000 0.000000 0.000000 0.000000 0.000000 0.000000 0.000000 0.000000 0.000000 0.000000 0.000000 0.000000 0.000000 0.000000 0.000000 0.000000 0.000000 0.000000 0.000000 0.000000 0.000000
-0.000198 -0.037503 1.031182 -4.129857 0.386436 -0.611439 5.786483 -2.164301 2.212697 1.890768 1.401266 -10.933064 -10.418111 -2.854122 9.411273 -0.863476 -2.033676 -1.295330 0.943243 3.477576 -2.847459 8.524179 1.036949 5.509041 -10.321926 -2.106327 -6.261060 -0.439916 -1.674317 0.690118 3.205962 1.079442 2.398348 -0.285584 -0.215813 -1.239663 2.908872 0.814774 0.151478 4.728695 0.629214 2.300282 3.320818 -0.872608 -0.304359 -1.134101 19.779822 -1.230871 27.092962 44.260188 -27.580996 19.662333 -0.328157 -23.840929 -2.457329 -0.276892 -11.005532 0.000000 0.000000 0.000000 0.000000 0.000000 0.000000 0.000000 0.000000 0.000000 0.000000 0.000000 0.000000 0.000000 0.000000 0.000000 0.000000 0.000000 0.000000 0.000000 0.000000 0.000000 0.000000 0.000000 0.000000 0.000000 0.000000 0.000000 0.000000 0.000000 0.000000 0.000000 0.000000 0.000000 0.000000 0.000000 0.000000 0.000000 0.000000 0.000000 0.000000 0.000000 0.000000 0.248294 -19.733221 6.478470 30.350782 -45.952904 29.502584 10.915033 -0.490219 26.313187 -5.104821 -0.103491 7.655781 0.000000 0.000000 0.000000 0.000000 0.000000 0.000000 0.000000 0.000000 0.000000 0.000000 0.000000 0.000000 0.000000 0.000000 0.000000 0.000000 0.000000 0.000000 0.000000 0.000000 0.000000 0.000000 0.000000 0.000000 0.000000 0.000000 0.000000 0.000000 0.000000 0.000000 0.000000 0.000000 0.000000 0.000000 0.000000 0.000000 0.000000 0.000000 0.000000 0.000000 0.000000 0.000000
-0.000292 -0.036830 1.031170 -4.096443 0.384513 -0.679322 5.720743 -2.141576 2.175756 2.016781 1.395921 -10.849149 -10.434666 -2.901641 9.430814 -0.869987 -2.040258 -1.299214 0.982114 3.507838 -2.861458 8.428879 1.024318 5.566697 -10.335140 -2.176361 -6.211919 -0.434168 -1.659981 0.687931 3.203680 1.089188 2.452578 -0.308024 -0.203114 -1.245834 2.907659 0.817355 0.180900 4.707966 0.618519 2.336042 3.410287 -0.854195 -0.291683 -1.154687 19.753473 -1.233231 27.170898 44.258149 -27.594446 19.645117 -0.271329 -23.847431 -2.505521 -0.346091 -11.029414 0.000000 0.000000 0.000000 0.000000 0.000000 0.000000 0.000000 0.000000 0.000000 0.000000 0.000000 0.000000 0.000000 0.000000 0.000000 0.000000 0.000000 0.000000 0.000000 0.000000 0.000000 0.000000 0.000000 0.000000 0.000000 0.000000 0.000000 0.000000 0.000000 0.000000 0.000000 0.000000 0.000000 0.000000 0.000000 0.000000 0.000000 0.000000 0.000000 0.000000 0.000000 0.000000 0.259117 -19.730997 6.498525 30.421703 -45.898847 29.531708 11.029339 -0.540145 26.284292 -5.050921 -0.063973 7.651395 0.000000 0.000000 0.000000 0.000000 0.000000 0.000000 0.000000 0.000000 0.000000 0.000000 0.000000 0.000000 0.000000 0.000000 0.000000 0.000000 0.000000 0.000000 0.000000 0.000000 0.000000 0.000000 0.000000 0.000000 0.000000 0.000000 0.000000 0.000000 0.000000 0.000000 0.000000 0.000000 0.000000 0.000000 0.000000 0.000000 0.000000 0.000000 0.000000 0.000000 0.000000 0.000000
-0.000353 -0.037151 1.031189 -4.133559 0.371095 -0.723177 5.738862 -2.108471 2.137302 2.056654 1.402594 -10.715937 -10.431325 -2.926815 9.434114 -0.874680 -2.031240 -1.296406 1.051252 3.545336 -2.867921 8.363437 1.014522 5.546127 -10.354682 -2.249561 -6.160551 -0.428351 -1.655053 0.688951 3.224115 1.106855 2.484170 -0.351455 -0.180598 -1.232426 2.935059 0.826779 0.206644 4.728406 0.604661 2.335020 3.502956 -0.840906 -0.310232 -1.201804 19.722334 -1.216160 27.208329 44.252105 -27.581321 19.658739 -0.255388 -23.931177 -2.579031 -0.346891 -11.100991 0.000000 0.000000 0.000000 0.000000 0.000000 0.000000 0.000000 0.000000 0.000000 0.000000 0.000000 0.000000 0.000000 0.000000 0.000000 0.000000 0.000000 0.000000 0.000000 0.000000 0.000000 0.000000 0.000000 0.000000 0.000000 0.000000 0.000000 0.000000 0.000000 0.000000 0.000000 0.000000 0.000000 0.000000 0.000000 0.000000 0.000000 0.000000 0.000000 0.000000 0.000000 0.000000 0.239978 -19.765393 6.507461 30.476865 -45.846144 29.554297 11.114227 -0.536641 26.250546 -4.914837 -0.043825 7.676049 0.000000 0.000000 0.000000 0.000000 0.000000 0.000000 0.000000 0.000000 0.000000 0.000000 0.000000 0.000000 0.000000 0.000000 0.000000 0.000000 0.000000 0.000000 0.000000 0.000000 0.000000 0.000000 0.000000 0.000000 0.000000 0.000000 0.000000 0.000000 0.000000 0.000000 0.000000 0.000000 0.000000 0.000000 0.000000 0.000000 0.000000 0.000000 0.000000 0.000000 0.000000 0.000000
-0.000906 -0.037365 1.031191 -4.178026 0.379719 -0.718751 5.807384 -2.077021 2.115737 2.030498 1.404677 -10.488815 -10.455640 -2.936300 9.357061 -0.865135 -2.001982 -1.300269 1.184487 3.587359 -2.939210 8.214081 0.990004 5.463768 -10.323404 -2.356515 -6.062357 -0.408023 -1.668980 0.684135 3.283980 1.119868 2.518805 -0.346909 -0.190555 -1.223223 2.921256 0.850273 0.222551 4.784193 0.606292 2.336361 3.506515 -0.871440 -0.285485 -1.271132 19.746968 -1.169431 27.256914 44.220957 -27.583703 19.652492 -0.240777 -24.057190 -2.594902 -0.355515 -11.210739 0.000000 0.000000 0.000000 0.000000 0.000000 0.000000 0.000000 0.000000 0.000000 0.000000 0.000000 0.000000 0.000000 0.000000 0.000000 0.000000 0.000000 0.000000 0.000000 0.000000 0.000000 0.000000 0.000000 0.000000 0.000000 0.000000 0.000000 0.000000 0.000000 0.000000 0.000000 0.000000 0.000000 0.000000 0.000000 0.000000 0.000000 0.000000 0.000000 0.000000 0.000000 0.000000 0.187029 -19.818802 6.450985 30.528494 -45.753492 29.520681 11.160881 -0.514738 26.263438 -4.696189 0.051508 7.782254 0.000000 0.000000 0.000000 0.000000 0.000000 0.000000 0.000000 0.000000 0.000000 0.000000 0.000000 0.000000 0.000000 0.000000 0.000000 0.000000 0.000000 0.000000 0.000000 0.000000 0.000000 0.000000 0.000000 0.000000 0.000000 0.000000 0.000000 0.000000 0.000000 0.000000 0.000000 0.000000 0.000000 0.000000 0.000000 0.000000 0.000000 0.000000 0.000000 0.000000 0.000000 0.000000
-0.001278 -0.038343 1.031188 -4.255189 0.411448 -0.834188 5.779417 -2.061836 2.103789 2.214513 1.370532 -10.328084 -10.540934 -2.977983 9.380964 -0.874400 -1.994685 -1.292495 1.174549 3.579927 -2.944001 8.300096 1.002298 5.461313 -10.354883 -2.431573 -5.952566 -0.417775 -1.633584 0.684133 3.355359 1.110302 2.543765 -0.385794 -0.134999 -1.220293 2.935355 0.840280 0.241381 4.845198 0.597672 2.344853 3.521180 -0.901169 -0.239534 -1.303635 19.667202 -1.164999 27.319653 44.279140 -27.665646 19.596703 -0.235010 -24.008151 -2.864806 -0.395453 -11.278870 0.000000 0.000000 0.000000 0.000000 0.000000 0.000000 0.000000 0.000000 0.000000 0.000000 0.000000 0.000000 0.000000 0.000000 0.000000 0.000000 0.000000 0.000000 0.000000 0.000000 0.000000 0.000000 0.000000 0.000000 0.000000 0.000000 0.000000 0.000000 0.000000 0.000000 0.000000 0.000000 0.000000 0.000000 0.000000 0.000000 0.000000 0.000000 0.000000 0.000000 0.000000 0.000000 0.185600 -19.772054 6.501728 30.556740 -45.803662 29.588213 11.168238 -0.475447 26.270361 -4.836011 0.109381 7.778226 0.000000 0.000000 0.000000 0.000000 0.000000 0.000000 0.000000 0.000000 0.000000 0.000000 0.000000 0.000000 0.000000 0.000000 0.000000 0.000000 0.000000 0.000000 0.000000 0.000000 0.000000 0.000000 0.000000 0.000000 0.000000 0.000000 0.000000 0.000000 0.000000 0.000000 0.000000 0.000000 0.000000 0.000000 0.000000 0.000000 0.000000 0.000000 0.000000 0.000000 0.000000 0.000000
-0.001599 -0.038911 1.031128 -4.294206 0.418521 -0.843048 5.798558 -2.041944 2.097092 2.226973 1.362291 -10.221471 -10.578993 -3.007627 9.337862 -0.879320 -1.986994 -1.294255 1.197540 3.596407 -2.971728 8.291977 1.003232 5.414414 -10.346559 -2.453671 -5.876708 -0.406066 -1.637334 0.686153 3.431461 1.116657 2.570905 -0.391845 -0.118168 -1.221765 2.915745 0.846138 0.255144 4.912038 0.579711 2.339346 3.565674 -0.916448 -0.240534 -1.334247 19.651258 -1.140370 27.325581 44.293120 -27.709949 19.524901 -0.219987 -24.044479 -2.994500 -0.422059 -11.352338 0.000000 0.000000 0.000000 0.000000 0.000000 0.000000 0.000000 0.000000 0.000000 0.000000 0.000000 0.000000 0.000000 0.000000 0.000000 0.000000 0.000000 0.000000 0.000000 0.000000 0.000000 0.000000 0.000000 0.000000 0.000000 0.000000 0.000000 0.000000 0.000000 0.000000 0.000000 0.000000 0.000000 0.000000 0.000000 0.000000 0.000000 0.000000 0.000000 0.000000 0.000000 0.000000 0.163100 -19.755531 6.473773 30.578394 -45.798045 29.612274 11.171460 -0.456048 26.290385 -4.801475 0.156217 7.805651 0.000000 0.000000 0.000000 0.000000 0.000000 0.000000 0.000000 0.000000 0.000000 0.000000 0.000000 0.000000 0.000000 0.000000 0.000000 0.000000 0.000000 0.000000 0.000000 0.000000 0.000000 0.000000 0.000000 0.000000 0.000000 0.000000 0.000000 0.000000 0.000000 0.000000 0.000000 0.000000 0.000000 0.000000 0.000000 0.000000 0.000000 0.000000 0.000000 0.000000 0.000000 0.000000
-0.001794 -0.039575 1.031037 -4.325787 0.423678 -0.881117 5.795717 -2.026856 2.093166 2.254054 1.356211 -10.197630 -10.618483 -3.053814 9.347222 -0.881927 -1.979954 -1.295827 1.205163 3.607535 -2.971348 8.273218 1.005392 5.419776 -10.346420 -2.452903 -5.834822 -0.403801 -1.642027 0.689939 3.507554 1.124088 2.577459 -0.406666 -0.103180 -1.216225 2.911723 0.850516 0.263563 4.976861 0.555717 2.350103 3.629707 -0.911485 -0.260942 -1.349094 19.638540 -1.119857 27.313442 44.289148 -27.727465 19.512589 -0.248079 -24.105449 -3.054787 -0.457331 -11.404463 0.000000 0.000000 0.000000 0.000000 0.000000 0.000000 0.000000 0.000000 0.000000 0.000000 0.000000 0.000000 0.000000 0.000000 0.000000 0.000000 0.000000 0.000000 0.000000 0.000000 0.000000 0.000000 0.000000 0.000000 0.000000 0.000000 0.000000 0.000000 0.000000 0.000000 0.000000 0.000000 0.000000 0.000000 0.000000 0.000000 0.000000 0.000000 0.000000 0.000000 0.000000 0.000000 0.144074 -19.765370 6.461353 30.574974 -45.772893 29.634384 11.174649 -0.421240 26.335948 -4.804255 0.174944 7.816333 0.000000 0.000000 0.000000 0.000000 0.000000 0.000000 0.000000 0.000000 0.000000 0.000000 0.000000 0.000000 0.000000 0.000000 0.000000 0.000000 0.000000 0.000000 0.000000 0.000000 0.000000 0.000000 0.000000 0.000000 0.000000 0.000000 0.000000 0.000000 0.000000 0.000000 0.000000 0.000000 0.000000 0.000000 0.000000 0.000000 0.000000 0.000000 0.000000 0.000000 0.000000 0.000000
-0.001930 -0.039540 1.030887 -4.295106 0.422841 -0.878317 5.735081 -2.026620 2.102590 2.290970 1.373680 -10.133134 -10.659773 -3.090131 9.287582 -0.872814 -1.959670 -1.298624 1.202055 3.626255 -2.988928 8.194378 0.993050 5.407209 -10.339302 -2.452975 -5.796259 -0.406619 -1.650116 0.690467 3.573610 1.140258 2.582828 -0.398248 -0.107408 -1.217284 2.894860 0.851859 0.267861 5.063687 0.554259 2.371295 3.675358 -0.909672 -0.274453 -1.328356 19.654771 -1.116937 27.273458 44.280460 -27.723582 19.500200 -0.310109 -24.184383 -3.010381 -0.479183 -11.422845 0.000000 0.000000 0.000000 0.000000 0.000000 0.000000 0.000000 0.000000 0.000000 0.000000 0.000000 0.000000 0.000000 0.000000 0.000000 0.000000 0.000000 0.000000 0.000000 0.000000 0.000000 0.000000 0.000000 0.000000 0.000000 0.000000 0.000000 0.000000 0.000000 0.000000 0.000000 0.000000 0.000000 0.000000 0.000000 0.000000 0.000000 0.000000 0.000000 0.000000 0.000000 0.000000 0.181454 -19.789067 6.461612 30.508751 -45.733778 29.587176 11.174822 -0.367154 26.435607 -4.758386 0.165330 7.832113 0.000000 0.000000 0.000000 0.000000 0.000000 0.000000 0.000000 0.000000 0.000000 0.000000 0.000000 0.000000 0.000000 0.000000 0.000000 0.000000 0.000000 0.000000 0.000000 0.000000 0.000000 0.000000 0.000000 0.000000 0.000000 0.000000 0.000000 0.000000 0.000000 0.000000 0.000000 0.000000 0.000000 0.000000 0.000000 0.000000 0.000000 0.000000 0.000000 0.000000 0.000000 0.000000
-0.002136 -0.039518 1.030741 -4.271921 0.411414 -0.913785 5.700368 -1.992514 2.096288 2.305873 1.381107 -10.102449 -10.693734 -3.151279 9.288700 -0.862878 -1.940953 -1.302778 1.236763 3.654721 -3.015203 8.049039 1.011463 5.434764 -10.319801 -2.476613 -5.751027 -0.408209 -1.654823 0.689704 3.619202 1.170094 2.588185 -0.354150 -0.111815 -1.221685 2.856083 0.870247 0.272914 5.173045 0.531145 2.415794 3.706996 -0.927693 -0.253418 -1.285575 19.673932 -1.105488 27.188336 44.268890 -27.689045 19.477728 -0.350009 -24.264110 -3.028983 -0.496769 -11.441637 0.000000 0.000000 0.000000 0.000000 0.000000 0.000000 0.000000 0.000000 0.000000 0.000000 0.000000 0.000000 0.000000 0.000000 0.000000 0.000000 0.000000 0.000000 0.000000 0.000000 0.000000 0.000000 0.000000 0.000000 0.000000 0.000000 0.000000 0.000000 0.000000 0.000000 0.000000 0.000000 0.000000 0.000000 0.000000 0.000000 0.000000 0.000000 0.000000 0.000000 0.000000 0.000000 0.222085 -19.782043 6.474150 30.476181 -45.706091 29.596901 11.174847 -0.338415 26.511652 -4.781116 0.192159 7.857171 0.000000 0.000000 0.000000 0.000000 0.000000 0.000000 0.000000 0.000000 0.000000 0.000000 0.000000 0.000000 0.000000 0.000000 0.000000 0.000000 0.000000 0.000000 0.000000 0.000000 0.000000 0.000000 0.000000 0.000000 0.000000 0.000000 0.000000 0.000000 0.000000 0.000000 0.000000 0.000000 0.000000 0.000000 0.000000 0.000000 0.000000 0.000000 0.000000 0.000000 0.000000 0.000000
-0.002266 -0.039428 1.030587 -4.231537 0.396288 -0.930241 5.633246 -1.972558 2.107038 2.339125 1.403596 -10.069066 -10.730714 -3.192704 9.246101 -0.850411 -1.922994 -1.297422 1.236136 3.690394 -3.036471 7.933655 1.011141 5.438599 -10.300964 -2.496415 -5.715453 -0.418936 -1.658018 0.684404 3.627040 1.196182 2.583655 -0.300530 -0.134444 -1.229244 2.826641 0.878869 0.265647 5.274740 0.531783 2.450367 3.704915 -0.935223 -0.251842 -1.230785 19.691893 -1.109059 27.175710 44.251850 -27.709934 19.499822 -0.436334 -24.342254 -2.949518 -0.493270 -11.426813 0.000000 0.000000 0.000000 0.000000 0.000000 0.000000 0.000000 0.000000 0.000000 0.000000 0.000000 0.000000 0.000000 0.000000 0.000000 0.000000 0.000000 0.000000 0.000000 0.000000 0.000000 0.000000 0.000000 0.000000 0.000000 0.000000 0.000000 0.000000 0.000000 0.000000 0.000000 0.000000 0.000000 0.000000 0.000000 0.000000 0.000000 0.000000 0.000000 0.000000 0.000000 0.000000 0.265016 -19.787887 6.495626 30.393915 -45.684874 29.566803 11.135402 -0.298051 26.571423 -4.805005 0.222781 7.893900 0.000000 0.000000 0.000000 0.000000 0.000000 0.000000 0.000000 0.000000 0.000000 0.000000 0.000000 0.000000 0.000000 0.000000 0.000000 0.000000 0.000000 0.000000 0.000000 0.000000 0.000000 0.000000 0.000000 0.000000 0.000000 0.000000 0.000000 0.000000 0.000000 0.000000 0.000000 0.000000 0.000000 0.000000 0.000000 0.000000 0.000000 0.000000 0.000000 0.000000 0.000000 0.000000
-0.002927 -0.039232 1.030453 -4.191654 0.393563 -0.974248 5.592116 -1.929056 2.105366 2.346209 1.422880 -10.062183 -10.773754 -3.261750 9.246349 -0.843720 -1.915158 -1.303788 1.245341 3.746658 -3.073260 7.801740 1.019054 5.480150 -10.253061 -2.565681 -5.654047 -0.418816 -1.677121 0.680666 3.611295 1.233297 2.589198 -0.234454 -0.146374 -1.227962 2.792227 0.889235 0.262329 5.363376 0.535029 2.509495 3.690056 -0.935849 -0.246508 -1.196506 19.723124 -1.075744 27.138304 44.260914 -27.729553 19.549670 -0.498307 -24.398509 -2.848397 -0.485253 -11.406623 0.000000 0.000000 0.000000 0.000000 0.000000 0.000000 0.000000 0.000000 0.000000 0.000000 0.000000 0.000000 0.000000 0.000000 0.000000 0.000000 0.000000 0.000000 0.000000 0.000000 0.000000 0.000000 0.000000 0.000000 0.000000 0.000000 0.000000 0.000000 0.000000 0.000000 0.000000 0.000000 0.000000 0.000000 0.000000 0.000000 0.000000 0.000000 0.000000 0.000000 0.000000 0.000000 0.292171 -19.763449 6.480898 30.333779 -45.668408 29.570138 11.074073 -0.287371 26.574542 -4.836408 0.194078 7.938717 0.000000 0.000000 0.000000 0.000000 0.000000 0.000000 0.000000 0.000000 0.000000 0.000000 0.000000 0.000000 0.000000 0.000000 0.000000 0.000000 0.000000 0.000000 0.000000 0.000000 0.000000 0.000000 0.000000 0.000000 0.000000 0.000000 0.000000 0.000000 0.000000 0.000000 0.000000 0.000000 0.000000 0.000000 0.000000 0.000000 0.000000 0.000000 0.000000 0.000000 0.000000 0.000000
-0.003043 -0.038851 1.030318 -4.120934 0.368292 -0.994621 5.472494 -1.912893 2.092377 2.429022 1.474777 -10.074047 -10.793546 -3.314028 9.227818 -0.834098 -1.904060 -1.311176 1.250011 3.807247 -3.113898 7.620391 1.006112 5.551005 -10.194593 -2.589566 -5.627412 -0.415323 -1.698623 0.673236 3.564224 1.263664 2.600118 -0.172169 -0.168617 -1.239226 2.771092 0.885336 0.248077 5.480655 0.553415 2.521506 3.709990 -0.932360 -0.278015 -1.139079 19.748136 -1.070746 27.109700 44.251782 -27.760705 19.589923 -0.547139 -24.434431 -2.680253 -0.474561 -11.364326 0.000000 0.000000 0.000000 0.000000 0.000000 0.000000 0.000000 0.000000 0.000000 0.000000 0.000000 0.000000 0.000000 0.000000 0.000000 0.000000 0.000000 0.000000 0.000000 0.000000 0.000000 0.000000 0.000000 0.000000 0.000000 0.000000 0.000000 0.000000 0.000000 0.000000 0.000000 0.000000 0.000000 0.000000 0.000000 0.000000 0.000000 0.000000 0.000000 0.000000 0.000000 0.000000 0.343746 -19.754656 6.492279 30.244412 -45.631622 29.555935 11.023933 -0.299896 26.601380 -4.889393 0.172000 7.958442 0.000000 0.000000 0.000000 0.000000 0.000000 0.000000 0.000000 0.000000 0.000000 0.000000 0.000000 0.000000 0.000000 0.000000 0.000000 0.000000 0.000000 0.000000 0.000000 0.000000 0.000000 0.000000 0.000000 0.000000 0.000000 0.000000 0.000000 0.000000 0.000000 0.000000 0.000000 0.000000 0.000000 0.000000 0.000000 0.000000 0.000000 0.000000 0.000000 0.000000 0.000000 0.000000
-0.002767 -0.038881 1.030228 -4.082900 0.322785 -1.031125 5.351921 -1.889095 2.057516 2.559063 1.526298 -10.061973 -10.798471 -3.362234 9.218219 -0.829079 -1.888099 -1.317220 1.273946 3.863763 -3.138916 7.444381 1.008793 5.600304 -10.153747 -2.608054 -5.596158 -0.424516 -1.722019 0.663426 3.573085 1.290918 2.624234 -0.118472 -0.194683 -1.247281 2.739655 0.887123 0.250292 5.554711 0.572580 2.526808 3.732186 -0.950909 -0.268324 -1.098149 19.807153 -1.063829 27.074798 44.194426 -27.745371 19.587469 -0.626088 -24.537643 -2.507769 -0.476082 -11.335397 0.000000 0.000000 0.000000 0.000000 0.000000 0.000000 0.000000 0.000000 0.000000 0.000000 0.000000 0.000000 0.000000 0.000000 0.000000 0.000000 0.000000 0.000000 0.000000 0.000000 0.000000 0.000000 0.000000 0.000000 0.000000 0.000000 0.000000 0.000000 0.000000 0.000000 0.000000 0.000000 0.000000 0.000000 0.000000 0.000000 0.000000 0.000000 0.000000 0.000000 0.000000 0.000000 0.389802 -19.804876 6.510706 30.147281 -45.537347 29.506628 11.001494 -0.299211 26.686052 -4.818951 0.143619 7.970763 0.000000 0.000000 0.000000 0.000000 0.000000 0.000000 0.000000 0.000000 0.000000 0.000000 0.000000 0.000000 0.000000 0.000000 0.000000 0.000000 0.000000 0.000000 0.000000 0.000000 0.000000 0.000000 0.000000 0.000000 0.000000 0.000000 0.000000 0.000000 0.000000 0.000000 0.000000 0.000000 0.000000 0.000000 0.000000 0.000000 0.000000 0.000000 0.000000 0.000000 0.000000 0.000000
-0.002858 -0.039263 1.030181 -4.083473 0.290578 -1.087015 5.230952 -1.850542 1.997254 2.761009 1.568040 -10.073767 -10.833512 -3.433708 9.273826 -0.832034 -1.892176 -1.331346 1.316824 3.921145 -3.131285 7.299474 1.025054 5.709652 -10.114415 -2.647445 -5.599418 -0.430583 -1.732182 0.666369 3.627936 1.310886 2.652508 -0.124043 -0.197921 -1.237719 2.750570 0.886367 0.267437 5.605614 0.580178 2.529318 3.751237 -0.961607 -0.294336 -1.091092 19.860629 -1.043552 27.005202 44.173277 -27.703493 19.665916 -0.722941 -24.656472 -2.317941 -0.512167 -11.278851 0.000000 0.000000 0.000000 0.000000 0.000000 0.000000 0.000000 0.000000 0.000000 0.000000 0.000000 0.000000 0.000000 0.000000 0.000000 0.000000 0.000000 0.000000 0.000000 0.000000 0.000000 0.000000 0.000000 0.000000 0.000000 0.000000 0.000000 0.000000 0.000000 0.000000 0.000000 0.000000 0.000000 0.000000 0.000000 0.000000 0.000000 0.000000 0.000000 0.000000 0.000000 0.000000 0.414686 -19.846305 6.511515 30.021750 -45.465724 29.444507 11.050294 -0.261075 26.722208 -4.660378 0.118589 7.925743 0.000000 0.000000 0.000000 0.000000 0.000000 0.000000 0.000000 0.000000 0.000000 0.000000 0.000000 0.000000 0.000000 0.000000 0.000000 0.000000 0.000000 0.000000 0.000000 0.000000 0.000000 0.000000 0.000000 0.000000 0.000000 0.000000 0.000000 0.000000 0.000000 0.000000 0.000000 0.000000 0.000000 0.000000 0.000000 0.000000 0.000000 0.000000 0.000000 0.000000 0.000000 0.000000
-0.002863 -0.039199 1.030126 -4.050373 0.256546 -1.067987 5.094132 -1.824722 1.946873 2.931985 1.608177 -10.086992 -10.863392 -3.470747 9.284452 -0.815622 -1.875597 -1.337545 1.381859 3.977174 -3.127866 7.100773 1.025438 5.819971 -10.066833 -2.687148 -5.636581 -0.426445 -1.735689 0.664983 3.692429 1.308510 2.682226 -0.126332 -0.204364 -1.227776 2.758978 0.886478 0.288373 5.642313 0.573150 2.516535 3.785390 -0.988759 -0.341433 -1.091745 19.906276 -1.013175 26.949823 44.173114 -27.688516 19.669020 -0.807325 -24.794810 -2.137861 -0.513609 -11.238194 0.000000 0.000000 0.000000 0.000000 0.000000 0.000000 0.000000 0.000000 0.000000 0.000000 0.000000 0.000000 0.000000 0.000000 0.000000 0.000000 0.000000 0.000000 0.000000 0.000000 0.000000 0.000000 0.000000 0.000000 0.000000 0.000000 0.000000 0.000000 0.000000 0.000000 0.000000 0.000000 0.000000 0.000000 0.000000 0.000000 0.000000 0.000000 0.000000 0.000000 0.000000 0.000000 0.457808 -19.854678 6.498748 29.937872 -45.419152 29.396261 11.060930 -0.208260 26.770078 -4.454242 0.106385 7.919607 0.000000 0.000000 0.000000 0.000000 0.000000 0.000000 0.000000 0.000000 0.000000 0.000000 0.000000 0.000000 0.000000 0.000000 0.000000 0.000000 0.000000 0.000000 0.000000 0.000000 0.000000 0.000000 0.000000 0.000000 0.000000 0.000000 0.000000 0.000000 0.000000 0.000000 0.000000 0.000000 0.000000 0.000000 0.000000 0.000000 0.000000 0.000000 0.000000 0.000000 0.000000 0.000000
-0.003492 -0.039304 1.030098 -4.037295 0.227950 -1.024769 4.925842 -1.753235 1.845956 3.197079 1.631309 -10.060132 -10.939527 -3.546140 9.321955 -0.817199 -1.874036 -1.344437 1.410074 4.080160 -3.137365 7.008246 1.004323 5.906881 -10.011026 -2.781183 -5.675693 -0.426945 -1.726374 0.666101 3.788209 1.321058 2.724133 -0.166891 -0.197848 -1.222863 2.791758 0.888467 0.324572 5.632690 0.559823 2.554973 3.766058 -1.013110 -0.338037 -1.116671 19.924492 -1.027951 26.984181 44.176159 -27.739605 19.756092 -0.869554 -24.970368 -2.001503 -0.565434 -11.223105 0.000000 0.000000 0.000000 0.000000 0.000000 0.000000 0.000000 0.000000 0.000000 0.000000 0.000000 0.000000 0.000000 0.000000 0.000000 0.000000 0.000000 0.000000 0.000000 0.000000 0.000000 0.000000 0.000000 0.000000 0.000000 0.000000 0.000000 0.000000 0.000000 0.000000 0.000000 0.000000 0.000000 0.000000 0.000000 0.000000 0.000000 0.000000 0.000000 0.000000 0.000000 0.000000 0.481024 -19.866341 6.477046 29.823917 -45.370627 29.300377 11.066953 -0.147907 26.747227 -4.249018 0.137111 7.892843 0.000000 0.000000 0.000000 0.000000 0.000000 0.000000 0.000000 0.000000 0.000000 0.000000 0.000000 0.000000 0.000000 0.000000 0.000000 0.000000 0.000000 0.000000 0.000000 0.000000 0.000000 0.000000 0.000000 0.000000 0.000000 0.000000 0.000000 0.000000 0.000000 0.000000 0.000000 0.000000 0.000000 0.000000 0.000000 0.000000 0.000000 0.000000 0.000000 0.000000 0.000000 0.000000
-0.004418 -0.038423 1.030036 -3.961296 0.207435 -0.993707 4.742327 -1.675499 1.746006 3.435452 1.660945 -10.064933 -11.026055 -3.621475 9.393103 -0.813022 -1.856673 -1.355643 1.448446 4.176399 -3.130906 6.834933 0.997160 5.966213 -9.936601 -2.893480 -5.723872 -0.429473 -1.726433 0.669344 3.881830 1.309919 2.746050 -0.209894 -0.200735 -1.220499 2.845227 0.891740 0.347092 5.566889 0.532087 2.611532 3.728344 -1.054428 -0.312660 -1.120279 19.959939 -1.018354 27.038913 44.218117 -27.791469 19.858391 -0.983124 -25.135628 -1.858952 -0.569280 -11.259910 0.000000 0.000000 0.000000 0.000000 0.000000 0.000000 0.000000 0.000000 0.000000 0.000000 0.000000 0.000000 0.000000 0.000000 0.000000 0.000000 0.000000 0.000000 0.000000 0.000000 0.000000 0.000000 0.000000 0.000000 0.000000 0.000000 0.000000 0.000000 0.000000 0.000000 0.000000 0.000000 0.000000 0.000000 0.000000 0.000000 0.000000 0.000000 0.000000 0.000000 0.000000 0.000000 0.484869 -19.864148 6.410019 29.721211 -45.320622 29.170040 11.098937 -0.045935 26.811689 -4.074476 0.152865 7.914502 0.000000 0.000000 0.000000 0.000000 0.000000 0.000000 0.000000 0.000000 0.000000 0.000000 0.000000 0.000000 0.000000 0.000000 0.000000 0.000000 0.000000 0.000000 0.000000 0.000000 0.000000 0.000000 0.000000 0.000000 0.000000 0.000000 0.000000 0.000000 0.000000 0.000000 0.000000 0.000000 0.000000 0.000000 0.000000 0.000000 0.000000 0.000000 0.000000 0.000000 0.000000 0.000000
-0.005418 -0.037974 1.029998 -3.906758 0.166299 -0.984603 4.577411 -1.534131 1.609674 3.647228 1.651795 -10.090437 -11.096772 -3.717765 9.524018 -0.829797 -1.871515 -1.373876 1.431062 4.282598 -3.109049 6.761013 1.036992 5.965713 -9.863464 -2.979988 -5.739975 -0.423188 -1.740303 0.680605 4.003790 1.324834 2.771458 -0.244668 -0.205443 -1.236338 2.889704 0.885134 0.368230 5.493830 0.515501 2.693946 3.716906 -1.068619 -0.269797 -1.139512 19.981890 -1.008150 27.100899 44.291619 -27.890100 19.923254 -1.066624 -25.246091 -1.771173 -0.551296 -11.298249 0.000000 0.000000 0.000000 0.000000 0.000000 0.000000 0.000000 0.000000 0.000000 0.000000 0.000000 0.000000 0.000000 0.000000 0.000000 0.000000 0.000000 0.000000 0.000000 0.000000 0.000000 0.000000 0.000000 0.000000 0.000000 0.000000 0.000000 0.000000 0.000000 0.000000 0.000000 0.000000 0.000000 0.000000 0.000000 0.000000 0.000000 0.000000 0.000000 0.000000 0.000000 0.000000 0.467821 -19.874184 6.354806 29.591172 -45.252876 29.055097 11.084970 0.034965 26.825582 -3.948641 0.209103 7.914805 0.000000 0.000000 0.000000 0.000000 0.000000 0.000000 0.000000 0.000000 0.000000 0.000000 0.000000 0.000000 0.000000 0.000000 0.000000 0.000000 0.000000 0.000000 0.000000 0.000000 0.000000 0.000000 0.000000 0.000000 0.000000 0.000000 0.000000 0.000000 0.000000 0.000000 0.000000 0.000000 0.000000 0.000000 0.000000 0.000000 0.000000 0.000000 0.000000 0.000000 0.000000 0.000000
-0.006659 -0.036844 1.029926 -3.789931 0.126444 -1.015615 4.424843 -1.420343 1.521872 3.747081 1.719271 -10.097902 -11.112762 -3.802720 9.601282 -0.830055 -1.881627 -1.376620 1.374662 4.426840 -3.113990 6.651442 1.047178 5.973393 -9.777336 -3.126272 -5.707709 -0.405030 -1.757004 0.672373 4.086482 1.362819 2.775930 -0.257455 -0.218389 -1.265741 2.926913 0.873483 0.368275 5.467395 0.500860 2.769614 3.658684 -1.093892 -0.233193 -1.107425 20.011195 -0.997120 27.185747 44.352581 -28.019968 20.070082 -1.188868 -25.287665 -1.564872 -0.453598 -11.265946 0.000000 0.000000 0.000000 0.000000 0.000000 0.000000 0.000000 0.000000 0.000000 0.000000 0.000000 0.000000 0.000000 0.000000 0.000000 0.000000 0.000000 0.000000 0.000000 0.000000 0.000000 0.000000 0.000000 0.000000 0.000000 0.000000 0.000000 0.000000 0.000000 0.000000 0.000000 0.000000 0.000000 0.000000 0.000000 0.000000 0.000000 0.000000 0.000000 0.000000 0.000000 0.000000 0.464257 -19.844449 6.283108 29.452237 -45.273046 29.023783 11.082133 0.172872 26.755706 -3.829645 0.075358 7.815613 0.000000 0.000000 0.000000 0.000000 0.000000 0.000000 0.000000 0.000000 0.000000 0.000000 0.000000 0.000000 0.000000 0.000000 0.000000 0.000000 0.000000 0.000000 0.000000 0.000000 0.000000 0.000000 0.000000 0.000000 0.000000 0.000000 0.000000 0.000000 0.000000 0.000000 0.000000 0.000000 0.000000 0.000000 0.000000 0.000000 0.000000 0.000000 0.000000 0.000000 0.000000 0.000000
-0.009030 -0.036298 1.029876 -3.711280 0.130676 -1.024905 4.224123 -1.255427 1.396147 3.976554 1.716530 -10.070600 -11.209302 -3.953992 9.712750 -0.836088 -1.875093 -1.386699 1.285423 4.591564 -3.100603 6.639767 1.032107 5.943191 -9.639269 -3.320268 -5.680638 -0.390240 -1.778025 0.659110 4.216222 1.401579 2.765429 -0.265232 -0.248010 -1.266078 2.962924 0.865736 0.383352 5.418710 0.464621 2.731334 3.683641 -1.126444 -0.197976 -1.080345 20.075881 -1.042278 27.249514 44.423872 -28.145449 20.052086 -1.249190 -25.375817 -1.499043 -0.390653 -11.305599 0.000000 0.000000 0.000000 0.000000 0.000000 0.000000 0.000000 0.000000 0.000000 0.000000 0.000000 0.000000 0.000000 0.000000 0.000000 0.000000 0.000000 0.000000 0.000000 0.000000 0.000000 0.000000 0.000000 0.000000 0.000000 0.000000 0.000000 0.000000 0.000000 0.000000 0.000000 0.000000 0.000000 0.000000 0.000000 0.000000 0.000000 0.000000 0.000000 0.000000 0.000000 0.000000 0.477478 -19.853545 6.244988 29.307613 -45.173987 28.871826 10.979724 0.287764 26.858029 -3.774441 -0.001351 7.874831 0.000000 0.000000 0.000000 0.000000 0.000000 0.000000 0.000000 0.000000 0.000000 0.000000 0.000000 0.000000 0.000000 0.000000 0.000000 0.000000 0.000000 0.000000 0.000000 0.000000 0.000000 0.000000 0.000000 0.000000 0.000000 0.000000 0.000000 0.000000 0.000000 0.000000 0.000000 0.000000 0.000000 0.000000 0.000000 0.000000 0.000000 0.000000 0.000000 0.000000 0.000000 0.000000
-0.011727 -0.035815 1.029815 -3.669771 0.109210 -1.057207 4.011080 -1.024981 1.212339 4.336537 1.714428 -10.100929 -11.341825 -4.171854 9.890278 -0.872674 -1.890717 -1.401886 1.087749 4.771274 -3.057938 6.910901 1.111850 5.888488 -9.601352 -3.557862 -5.688967 -0.384738 -1.771190 0.673343 4.403329 1.472396 2.763195 -0.351806 -0.253992 -1.259570 3.037893 0.827047 0.378714 5.327704 0.464659 2.707539 3.697183 -1.120397 -0.214896 -1.025663 20.125705 -1.070407 27.313991 44.478623 -28.220121 20.100166 -1.364609 -25.469526 -1.420470 -0.269473 -11.324670 0.000000 0.000000 0.000000 0.000000 0.000000 0.000000 0.000000 0.000000 0.000000 0.000000 0.000000 0.000000 0.000000 0.000000 0.000000 0.000000 0.000000 0.000000 0.000000 0.000000 0.000000 0.000000 0.000000 0.000000 0.000000 0.000000 0.000000 0.000000 0.000000 0.000000 0.000000 0.000000 0.000000 0.000000 0.000000 0.000000 0.000000 0.000000 0.000000 0.000000 0.000000 0.000000 0.487809 -19.917056 6.234420 29.130761 -45.117782 28.690341 10.910788 0.433364 26.889260 -3.759622 -0.099664 7.896958 0.000000 0.000000 0.000000 0.000000 0.000000 0.000000 0.000000 0.000000 0.000000 0.000000 0.000000 0.000000 0.000000 0.000000 0.000000 0.000000 0.000000 0.000000 0.000000 0.000000 0.000000 0.000000 0.000000 0.000000 0.000000 0.000000 0.000000 0.000000 0.000000 0.000000 0.000000 0.000000 0.000000 0.000000 0.000000 0.000000 0.000000 0.000000 0.000000 0.000000 0.000000 0.000000
-0.016381 -0.035591 1.029674 -3.623653 0.111053 -1.090838 3.689018 -0.725284 1.024648 4.863047 1.758523 -10.133153 -11.558663 -4.474960 10.060802 -0.876704 -1.896598 -1.400717 0.831667 5.028904 -3.006671 7.233263 1.220678 5.919808 -9.487609 -3.861053 -5.769143 -0.366228 -1.766367 0.658177 4.597542 1.531836 2.768121 -0.445491 -0.265177 -1.214796 3.164076 0.796726 0.386431 5.154813 0.372797 2.648334 3.645378 -1.154948 -0.211734 -1.035477 20.137504 -1.089664 27.412826 44.464890 -28.314112 20.066532 -1.369050 -25.532578 -1.432683 -0.298441 -11.374956 0.000000 0.000000 0.000000 0.000000 0.000000 0.000000 0.000000 0.000000 0.000000 0.000000 0.000000 0.000000 0.000000 0.000000 0.000000 0.000000 0.000000 0.000000 0.000000 0.000000 0.000000 0.000000 0.000000 0.000000 0.000000 0.000000 0.000000 0.000000 0.000000 0.000000 0.000000 0.000000 0.000000 0.000000 0.000000 0.000000 0.000000 0.000000 0.000000 0.000000 0.000000 0.000000 0.447860 -19.952662 6.170046 28.989408 -45.049571 28.535658 10.681632 0.454136 26.997540 -3.826149 -0.106480 7.954261 0.000000 0.000000 0.000000 0.000000 0.000000 0.000000 0.000000 0.000000 0.000000 0.000000 0.000000 0.000000 0.000000 0.000000 0.000000 0.000000 0.000000 0.000000 0.000000 0.000000 0.000000 0.000000 0.000000 0.000000 0.000000 0.000000 0.000000 0.000000 0.000000 0.000000 0.000000 0.000000 0.000000 0.000000 0.000000 0.000000 0.000000 0.000000 0.000000 0.000000 0.000000 0.000000
-0.021458 -0.036177 1.029496 -3.645180 0.098006 -1.199610 3.422222 -0.364944 0.786705 5.386909 1.812533 -10.309546 -11.740743 -4.882620 10.379921 -0.907003 -1.929224 -1.404769 0.313581 5.334418 -2.827506 8.107922 1.359830 5.946748 -9.493270 -4.154761 -5.870866 -0.351086 -1.728161 0.663457 4.912493 1.639285 2.741764 -0.640704 -0.222982 -1.140176 3.323819 0.766624 0.402746 5.006292 0.354012 2.611520 3.616061 -1.115035 -0.220575 -1.046505 19.999079 -1.069483 27.404005 44.432739 -28.263410 20.091282 -1.426250 -25.406528 -1.478244 -0.298145 -11.415594 0.000000 0.000000 0.000000 0.000000 0.000000 0.000000 0.000000 0.000000 0.000000 0.000000 0.000000 0.000000 0.000000 0.000000 0.000000 0.000000 0.000000 0.000000 0.000000 0.000000 0.000000 0.000000 0.000000 0.000000 0.000000 0.000000 0.000000 0.000000 0.000000 0.000000 0.000000 0.000000 0.000000 0.000000 0.000000 0.000000 0.000000 0.000000 0.000000 0.000000 0.000000 0.000000 0.377584 -20.052364 6.157374 28.954822 -45.119919 28.519228 10.633474 0.515559 27.103938 -3.775696 -0.098206 7.959589 0.000000 0.000000 0.000000 0.000000 0.000000 0.000000 0.000000 0.000000 0.000000 0.000000 0.000000 0.000000 0.000000 0.000000 0.000000 0.000000 0.000000 0.000000 0.000000 0.000000 0.000000 0.000000 0.000000 0.000000 0.000000 0.000000 0.000000 0.000000 0.000000 0.000000 0.000000 0.000000 0.000000 0.000000 0.000000 0.000000 0.000000 0.000000 0.000000 0.000000 0.000000 0.000000
-0.026641 -0.035599 1.029215 -3.591410 0.023019 -1.162601 3.139948 0.074983 0.522809 5.839578 1.892252 -10.485059 -11.911133 -5.307087 10.656248 -0.922686 -1.972662 -1.407806 -0.422173 5.685583 -2.560011 9.365396 1.562773 5.970704 -9.593677 -4.399869 -6.161831 -0.342087 -1.709401 0.647836 5.254130 1.757968 2.663656 -0.885395 -0.229199 -1.062491 3.512146 0.746645 0.374454 4.755554 0.233565 2.562070 3.637517 -1.098133 -0.232203 -1.051829 19.899682 -1.058465 27.397101 44.317060 -28.120280 20.136159 -1.430762 -25.318407 -1.518997 -0.393761 -11.315136 0.000000 0.000000 0.000000 0.000000 0.000000 0.000000 0.000000 0.000000 0.000000 0.000000 0.000000 0.000000 0.000000 0.000000 0.000000 0.000000 0.000000 0.000000 0.000000 0.000000 0.000000 0.000000 0.000000 0.000000 0.000000 0.000000 0.000000 0.000000 0.000000 0.000000 0.000000 0.000000 0.000000 0.000000 0.000000 0.000000 0.000000 0.000000 0.000000 0.000000 0.000000 0.000000 0.301835 -20.128663 6.091761 28.937634 -45.135887 28.438240 10.591469 0.471200 27.377204 -3.726877 -0.180851 7.817917 0.000000 0.000000 0.000000 0.000000 0.000000 0.000000 0.000000 0.000000 0.000000 0.000000 0.000000 0.000000 0.000000 0.000000 0.000000 0.000000 0.000000 0.000000 0.000000 0.000000 0.000000 0.000000 0.000000 0.000000 0.000000 0.000000 0.000000 0.000000 0.000000 0.000000 0.000000 0.000000 0.000000 0.000000 0.000000 0.000000 0.000000 0.000000 0.000000 0.000000 0.000000 0.000000
-0.032703 -0.034710 1.028917 -3.582973 0.020482 -1.216679 2.989509 0.464740 0.302715 6.223596 1.991460 -10.880465 -12.097517 -5.782201 11.098447 -0.951255 -2.034587 -1.410110 -1.653942 6.042732 -2.194276 11.652085 1.690005 5.825891 -9.762536 -4.644112 -6.304476 -0.330849 -1.739423 0.646237 5.713301 1.890269 2.487576 -1.218626 -0.192577 -0.922244 3.819487 0.705573 0.353927 4.511095 0.103552 2.568224 3.619700 -1.024075 -0.263324 -1.078320 19.806024 -1.083409 27.268618 44.300531 -28.013664 20.123480 -1.468691 -25.149297 -1.561218 -0.454267 -11.180457 0.000000 0.000000 0.000000 0.000000 0.000000 0.000000 0.000000 0.000000 0.000000 0.000000 0.000000 0.000000 0.000000 0.000000 0.000000 0.000000 0.000000 0.000000 0.000000 0.000000 0.000000 0.000000 0.000000 0.000000 0.000000 0.000000 0.000000 0.000000 0.000000 0.000000 0.000000 0.000000 0.000000 0.000000 0.000000 0.000000 0.000000 0.000000 0.000000 0.000000 0.000000 0.000000 0.165890 -20.195985 5.994521 28.777634 -45.161352 28.309713 10.476240 0.530609 27.528639 -3.571351 -0.215423 7.691390 0.000000 0.000000 0.000000 0.000000 0.000000 0.000000 0.000000 0.000000 0.000000 0.000000 0.000000 0.000000 0.000000 0.000000 0.000000 0.000000 0.000000 0.000000 0.000000 0.000000 0.000000 0.000000 0.000000 0.000000 0.000000 0.000000 0.000000 0.000000 0.000000 0.000000 0.000000 0.000000 0.000000 0.000000 0.000000 0.000000 0.000000 0.000000 0.000000 0.000000 0.000000 0.000000
-0.038349 -0.033594 1.028720 -3.603842 -0.033945 -1.222167 3.050870 0.928046 0.073105 6.294432 2.049883 -11.376637 -12.181307 -6.211882 11.628764 -1.010079 -2.141279 -1.423419 -3.533862 6.418321 -1.609655 15.129443 1.812891 5.372193 -9.719723 -4.893540 -6.556024 -0.313206 -1.783121 0.665529 6.317394 2.039692 2.163319 -1.572116 -0.164773 -0.782046 4.127852 0.679508 0.305641 4.200497 -0.050857 2.653900 3.531511 -0.923062 -0.282816 -1.040885 19.770595 -1.190240 27.038371 44.218184 -27.838006 20.014630 -1.425762 -24.989082 -1.750923 -0.484683 -10.971309 0.000000 0.000000 0.000000 0.000000 0.000000 0.000000 0.000000 0.000000 0.000000 0.000000 0.000000 0.000000 0.000000 0.000000 0.000000 0.000000 0.000000 0.000000 0.000000 0.000000 0.000000 0.000000 0.000000 0.000000 0.000000 0.000000 0.000000 0.000000 0.000000 0.000000 0.000000 0.000000 0.000000 0.000000 0.000000 0.000000 0.000000 0.000000 0.000000 0.000000 0.000000 0.000000 -0.009448 -20.189185 5.928087 28.672825 -45.142722 28.229977 10.309180 0.643933 27.714709 -3.566831 -0.103313 7.530981 0.000000 0.000000 0.000000 0.000000 0.000000 0.000000 0.000000 0.000000 0.000000 0.000000 0.000000 0.000000 0.000000 0.000000 0.000000 0.000000 0.000000 0.000000 0.000000 0.000000 0.000000 0.000000 0.000000 0.000000 0.000000 0.000000 0.000000 0.000000 0.000000 0.000000 0.000000 0.000000 0.000000 0.000000 0.000000 0.000000 0.000000 0.000000 0.000000 0.000000 0.000000 0.000000
-0.044954 -0.033339 1.028756 -3.704804 0.000228 -1.228099 3.215105 1.313886 -0.089455 6.294360 2.111156 -12.090851 -12.225466 -6.613836 12.262788 -1.045319 -2.197018 -1.423608 -6.161049 6.716494 -0.819543 19.678412 1.690897 4.691891 -8.709884 -5.063342 -7.479937 -0.337632 -1.851492 0.666377 7.099979 2.280006 1.702931 -1.964707 -0.198878 -0.649177 4.446495 0.646157 0.261719 3.882429 -0.233467 2.818566 3.337834 -0.813669 -0.388228 -0.934290 19.748591 -1.390542 26.842150 44.069603 -27.639131 19.782038 -1.448082 -25.009004 -1.780237 -0.643719 -10.602201 0.000000 0.000000 0.000000 0.000000 0.000000 0.000000 0.000000 0.000000 0.000000 0.000000 0.000000 0.000000 0.000000 0.000000 0.000000 0.000000 0.000000 0.000000 0.000000 0.000000 0.000000 0.000000 0.000000 0.000000 0.000000 0.000000 0.000000 0.000000 0.000000 0.000000 0.000000 0.000000 0.000000 0.000000 0.000000 0.000000 0.000000 0.000000 0.000000 0.000000 0.000000 0.000000 -0.178287 -20.164158 5.955591 28.595665 -45.116092 28.100478 10.164644 0.778269 28.073651 -3.601445 0.078792 7.334472 0.000000 0.000000 0.000000 0.000000 0.000000 0.000000 0.000000 0.000000 0.000000 0.000000 0.000000 0.000000 0.000000 0.000000 0.000000 0.000000 0.000000 0.000000 0.000000 0.000000 0.000000 0.000000 0.000000 0.000000 0.000000 0.000000 0.000000 0.000000 0.000000 0.000000 0.000000 0.000000 0.000000 0.000000 0.000000 0.000000 0.000000 0.000000 0.000000 0.000000 0.000000 0.000000
-0.050689 -0.031756 1.029088 -3.856134 0.099449 -1.171381 3.593011 1.536764 -0.082265 6.166061 2.138478 -12.892751 -12.238781 -6.808989 12.833353 -1.074159 -2.254346 -1.441123 -9.418046 6.931271 -0.004040 25.167983 1.206601 3.839012 -8.029643 -4.470712 -9.191212 -0.360469 -1.946639 0.659500 7.958255 2.411543 1.111719 -2.241494 -0.321823 -0.537230 4.659041 0.620484 0.166548 3.633157 -0.385807 3.092646 2.886956 -0.710353 -0.442249 -0.761492 19.807653 -1.670517 26.663966 43.882916 -27.421261 19.362816 -1.359386 -24.945138 -1.835111 -0.606728 -10.256123 0.000000 0.000000 0.000000 0.000000 0.000000 0.000000 0.000000 0.000000 0.000000 0.000000 0.000000 0.000000 0.000000 0.000000 0.000000 0.000000 0.000000 0.000000 0.000000 0.000000 0.000000 0.000000 0.000000 0.000000 0.000000 0.000000 0.000000 0.000000 0.000000 0.000000 0.000000 0.000000 0.000000 0.000000 0.000000 0.000000 0.000000 0.000000 0.000000 0.000000 0.000000 0.000000 -0.327407 -20.104265 6.024878 28.422301 -45.009965 27.819532 9.899417 0.817029 28.677258 -4.008886 0.241782 7.270323 0.000000 0.000000 0.000000 0.000000 0.000000 0.000000 0.000000 0.000000 0.000000 0.000000 0.000000 0.000000 0.000000 0.000000 0.000000 0.000000 0.000000 0.000000 0.000000 0.000000 0.000000 0.000000 0.000000 0.000000 0.000000 0.000000 0.000000 0.000000 0.000000 0.000000 0.000000 0.000000 0.000000 0.000000 0.000000 0.000000 0.000000 0.000000 0.000000 0.000000 0.000000 0.000000
-0.056877 -0.029674 1.029670 -4.178345 0.377818 -1.047436 4.299451 1.563328 0.065174 5.962417 2.052578 -13.810478 -12.312764 -6.981458 13.354309 -1.065424 -2.289484 -1.410199 -13.087566 6.860148 0.945411 31.108558 0.434146 3.188785 -11.475500 -2.216549 -9.719941 -0.356905 -2.022733 0.663411 8.867380 2.387111 0.376970 -2.409506 -0.476005 -0.443334 4.818990 0.585877 0.001020 3.659096 -0.441350 3.515576 2.512418 -0.391039 -0.482534 -0.554872 19.808759 -2.010594 26.333789 43.790894 -27.238289 18.998210 -1.310338 -24.678905 -1.576861 -0.532233 -9.825360 0.000000 0.000000 0.000000 0.000000 0.000000 0.000000 0.000000 0.000000 0.000000 0.000000 0.000000 0.000000 0.000000 0.000000 0.000000 0.000000 0.000000 0.000000 0.000000 0.000000 0.000000 0.000000 0.000000 0.000000 0.000000 0.000000 0.000000 0.000000 0.000000 0.000000 0.000000 0.000000 0.000000 0.000000 0.000000 0.000000 0.000000 0.000000 0.000000 0.000000 0.000000 0.000000 -0.363074 -20.033807 6.154588 28.147656 -45.047245 27.530726 9.573168 0.986740 29.130100 -4.220085 0.366358 7.211647 0.000000 0.000000 0.000000 0.000000 0.000000 0.000000 0.000000 0.000000 0.000000 0.000000 0.000000 0.000000 0.000000 0.000000 0.000000 0.000000 0.000000 0.000000 0.000000 0.000000 0.000000 0.000000 0.000000 0.000000 0.000000 0.000000 0.000000 0.000000 0.000000 0.000000 0.000000 0.000000 0.000000 0.000000 0.000000 0.000000 0.000000 0.000000 0.000000 0.000000 0.000000 0.000000
-0.062134 -0.025853 1.030383 -4.493425 0.779327 -1.081384 5.302999 1.440957 0.399497 5.411377 1.804084 -14.591331 -12.419093 -7.003379 13.796641 -1.030899 -2.351149 -1.379839 -16.751494 6.473497 1.746082 36.894497 -0.717989 2.647607 -12.060954 -1.638363 -9.309957 -0.326331 -2.074778 0.666808 9.737799 2.264343 -0.401705 -2.446981 -0.705680 -0.359426 4.842753 0.542602 -0.170071 3.812072 -0.422794 4.121169 2.150507 0.014371 -0.402966 -0.354825 19.782358 -2.277559 25.907706 43.736695 -27.037432 18.735229 -1.310512 -24.335163 -1.158899 -0.319576 -9.366629 0.000000 0.000000 0.000000 0.000000 0.000000 0.000000 0.000000 0.000000 0.000000 0.000000 0.000000 0.000000 0.000000 0.000000 0.000000 0.000000 0.000000 0.000000 0.000000 0.000000 0.000000 0.000000 0.000000 0.000000 0.000000 0.000000 0.000000 0.000000 0.000000 0.000000 0.000000 0.000000 0.000000 0.000000 0.000000 0.000000 0.000000 0.000000 0.000000 0.000000 0.000000 0.000000 -0.321449 -19.998595 6.260393 27.765210 -45.132364 27.240255 9.185482 1.045489 29.396031 -4.407438 0.615678 7.240947 0.000000 0.000000 0.000000 0.000000 0.000000 0.000000 0.000000 0.000000 0.000000 0.000000 0.000000 0.000000 0.000000 0.000000 0.000000 0.000000 0.000000 0.000000 0.000000 0.000000 0.000000 0.000000 0.000000 0.000000 0.000000 0.000000 0.000000 0.000000 0.000000 0.000000 0.000000 0.000000 0.000000 0.000000 0.000000 0.000000 0.000000 0.000000 0.000000 0.000000 0.000000 0.000000
-0.067676 -0.020296 1.031096 -4.804326 1.330286 -1.037845 6.397753 1.136567 0.860198 4.883983 1.480875 -15.204487 -12.647685 -6.935040 14.030977 -0.994345 -2.381111 -1.346576 -20.219102 5.769967 2.442484 41.440497 -2.079325 2.140330 -12.009863 -1.327100 -8.834961 -0.299001 -2.073625 0.686150 10.697959 1.992612 -1.218297 -2.537421 -0.967892 -0.323046 4.814056 0.460655 -0.359670 4.000076 -0.293877 4.762600 1.859481 0.496693 -0.328103 -0.173789 19.619612 -2.587275 25.490531 43.783913 -27.027267 18.589480 -1.412977 -24.031959 -0.620589 -0.086863 -9.036901 0.000000 0.000000 0.000000 0.000000 0.000000 0.000000 0.000000 0.000000 0.000000 0.000000 0.000000 0.000000 0.000000 0.000000 0.000000 0.000000 0.000000 0.000000 0.000000 0.000000 0.000000 0.000000 0.000000 0.000000 0.000000 0.000000 0.000000 0.000000 0.000000 0.000000 0.000000 0.000000 0.000000 0.000000 0.000000 0.000000 0.000000 0.000000 0.000000 0.000000 0.000000 0.000000 -0.207718 -19.986503 6.399390 27.320445 -45.208078 26.813518 8.937401 1.129794 29.725988 -4.539036 0.910522 7.421111 0.000000 0.000000 0.000000 0.000000 0.000000 0.000000 0.000000 0.000000 0.000000 0.000000 0.000000 0.000000 0.000000 0.000000 0.000000 0.000000 0.000000 0.000000 0.000000 0.000000 0.000000 0.000000 0.000000 0.000000 0.000000 0.000000 0.000000 0.000000 0.000000 0.000000 0.000000 0.000000 0.000000 0.000000 0.000000 0.000000 0.000000 0.000000 0.000000 0.000000 0.000000 0.000000
-0.071001 -0.011792 1.031664 -5.013077 1.915435 -1.087870 7.679914 0.643666 1.393918 4.089864 1.167066 -15.768008 -12.842907 -6.773506 14.191685 -0.942597 -2.416525 -1.336394 -23.373524 4.883322 2.959031 43.809464 -3.543481 1.497227 -11.951245 -1.164710 -8.347866 -0.259714 -2.058868 0.721081 11.578685 1.641381 -2.035811 -2.569979 -1.283027 -0.281259 4.662503 0.330054 -0.543819 4.260516 -0.101773 5.378059 1.663810 0.858987 -0.221112 0.011113 19.348482 -2.836809 25.096352 43.881384 -27.258599 18.457935 -1.567207 -23.824580 -0.236293 0.214148 -8.810679 0.000000 0.000000 0.000000 0.000000 0.000000 0.000000 0.000000 0.000000 0.000000 0.000000 0.000000 0.000000 0.000000 0.000000 0.000000 0.000000 0.000000 0.000000 0.000000 0.000000 0.000000 0.000000 0.000000 0.000000 0.000000 0.000000 0.000000 0.000000 0.000000 0.000000 0.000000 0.000000 0.000000 0.000000 0.000000 0.000000 0.000000 0.000000 0.000000 0.000000 0.000000 0.000000 0.007870 -19.951796 6.486688 26.860287 -45.329739 26.382920 8.620143 1.176255 30.016569 -4.871406 1.221810 7.503133 0.000000 0.000000 0.000000 0.000000 0.000000 0.000000 0.000000 0.000000 0.000000 0.000000 0.000000 0.000000 0.000000 0.000000 0.000000 0.000000 0.000000 0.000000 0.000000 0.000000 0.000000 0.000000 0.000000 0.000000 0.000000 0.000000 0.000000 0.000000 0.000000 0.000000 0.000000 0.000000 0.000000 0.000000 0.000000 0.000000 0.000000 0.000000 0.000000 0.000000 0.000000 0.000000
-0.073081 0.001335 1.031815 -5.060848 2.352842 -0.935286 8.902527 0.183423 1.852767 3.493129 0.990387 -16.177370 -13.097276 -6.567031 14.110901 -0.900528 -2.347193 -1.322572 -25.789255 4.137153 3.311167 43.600521 -4.673478 0.699581 -11.873320 -1.184510 -8.072305 -0.297909 -2.071120 0.750892 12.345773 1.340581 -2.674525 -2.544929 -1.561198 -0.251352 4.478827 0.221558 -0.678011 4.512896 0.143328 5.830634 1.332812 1.013479 -0.081793 0.110614 19.034545 -3.173432 24.773749 43.799715 -27.730504 18.256721 -1.723281 -24.011298 0.106020 0.433460 -8.809067 0.000000 0.000000 0.000000 0.000000 0.000000 0.000000 0.000000 0.000000 0.000000 0.000000 0.000000 0.000000 0.000000 0.000000 0.000000 0.000000 0.000000 0.000000 0.000000 0.000000 0.000000 0.000000 0.000000 0.000000 0.000000 0.000000 0.000000 0.000000 0.000000 0.000000 0.000000 0.000000 0.000000 0.000000 0.000000 0.000000 0.000000 0.000000 0.000000 0.000000 0.000000 0.000000 0.247666 -19.905232 6.513197 26.397601 -45.415075 25.850635 8.297325 1.152827 30.215368 -5.077807 1.229045 7.588446 0.000000 0.000000 0.000000 0.000000 0.000000 0.000000 0.000000 0.000000 0.000000 0.000000 0.000000 0.000000 0.000000 0.000000 0.000000 0.000000 0.000000 0.000000 0.000000 0.000000 0.000000 0.000000 0.000000 0.000000 0.000000 0.000000 0.000000 0.000000 0.000000 0.000000 0.000000 0.000000 0.000000 0.000000 0.000000 0.000000 0.000000 0.000000 0.000000 0.000000 0.000000 0.000000
-0.072374 0.014924 1.031402 -5.076799 2.610028 -0.587731 10.131305 -0.260722 2.231794 2.815440 0.873602 -16.623032 -13.346009 -6.355915 13.921637 -0.861839 -2.208416 -1.289206 -27.681449 3.483263 3.583944 41.384832 -5.335521 -0.045971 -11.503035 -1.414786 -8.003324 -0.336355 -2.107635 0.743947 12.885310 1.122186 -3.243583 -2.537020 -1.820380 -0.248024 4.294312 0.072519 -0.838392 4.707450 0.386320 6.087468 1.132164 0.989596 0.115114 0.085105 18.658943 -3.392058 24.461277 43.617417 -28.381878 17.719775 -1.732685 -24.393427 -0.002175 0.536180 -8.956460 0.000000 0.000000 0.000000 0.000000 0.000000 0.000000 0.000000 0.000000 0.000000 0.000000 0.000000 0.000000 0.000000 0.000000 0.000000 0.000000 0.000000 0.000000 0.000000 0.000000 0.000000 0.000000 0.000000 0.000000 0.000000 0.000000 0.000000 0.000000 0.000000 0.000000 0.000000 0.000000 0.000000 0.000000 0.000000 0.000000 0.000000 0.000000 0.000000 0.000000 0.000000 0.000000 0.381226 -19.851214 6.410291 26.126986 -45.466944 25.523397 7.807087 1.040938 30.197205 -5.293392 1.180106 7.643821 0.000000 0.000000 0.000000 0.000000 0.000000 0.000000 0.000000 0.000000 0.000000 0.000000 0.000000 0.000000 0.000000 0.000000 0.000000 0.000000 0.000000 0.000000 0.000000 0.000000 0.000000 0.000000 0.000000 0.000000 0.000000 0.000000 0.000000 0.000000 0.000000 0.000000 0.000000 0.000000 0.000000 0.000000 0.000000 0.000000 0.000000 0.000000 0.000000 0.000000 0.000000 0.000000
-0.070821 0.029287 1.030137 -5.058118 2.742603 -0.126924 11.164850 -0.614664 2.562016 2.483037 0.756157 -17.199629 -13.817897 -6.258607 13.698375 -0.820432 -2.054791 -1.235666 -29.011762 2.933558 3.787615 37.801814 -5.441777 -0.565112 -10.881434 -1.896086 -8.000834 -0.370552 -2.086293 0.703710 13.297305 0.919609 -3.708661 -2.505749 -2.014292 -0.266504 4.117540 -0.064620 -0.976370 4.643532 0.623097 6.140895 0.881429 0.988213 0.307581 -0.029914 18.338891 -3.615261 24.256608 43.230023 -29.137775 17.389796 -1.624860 -24.922363 -0.187684 0.472112 -9.130158 0.000000 0.000000 0.000000 0.000000 0.000000 0.000000 0.000000 0.000000 0.000000 0.000000 0.000000 0.000000 0.000000 0.000000 0.000000 0.000000 0.000000 0.000000 0.000000 0.000000 0.000000 0.000000 0.000000 0.000000 0.000000 0.000000 0.000000 0.000000 0.000000 0.000000 0.000000 0.000000 0.000000 0.000000 0.000000 0.000000 0.000000 0.000000 0.000000 0.000000 0.000000 0.000000 0.428168 -19.863333 6.237300 25.912795 -45.437748 25.190972 7.260332 0.898562 30.048809 -5.533811 0.912424 7.607058 0.000000 0.000000 0.000000 0.000000 0.000000 0.000000 0.000000 0.000000 0.000000 0.000000 0.000000 0.000000 0.000000 0.000000 0.000000 0.000000 0.000000 0.000000 0.000000 0.000000 0.000000 0.000000 0.000000 0.000000 0.000000 0.000000 0.000000 0.000000 0.000000 0.000000 0.000000 0.000000 0.000000 0.000000 0.000000 0.000000 0.000000 0.000000 0.000000 0.000000 0.000000 0.000000
-0.066171 0.043227 1.027999 -5.167621 2.653674 0.493783 12.315825 -0.861835 2.854581 2.220376 0.580670 -17.692662 -14.485308 -6.198715 13.284141 -0.800994 -1.845729 -1.180573 -29.585578 2.476806 3.881186 32.371773 -4.914752 -1.015722 -9.936580 -2.587415 -8.181867 -0.415468 -2.059159 0.640400 13.491241 0.815295 -4.053714 -2.363055 -2.217860 -0.319441 3.940583 -0.230699 -1.128051 4.631318 0.920075 5.943120 0.668352 0.803370 0.662949 -0.180949 18.057383 -3.915458 24.021221 42.858663 -29.963637 16.748172 -1.474136 -25.668982 -0.523294 0.200167 -9.403468 0.000000 0.000000 0.000000 0.000000 0.000000 0.000000 0.000000 0.000000 0.000000 0.000000 0.000000 0.000000 0.000000 0.000000 0.000000 0.000000 0.000000 0.000000 0.000000 0.000000 0.000000 0.000000 0.000000 0.000000 0.000000 0.000000 0.000000 0.000000 0.000000 0.000000 0.000000 0.000000 0.000000 0.000000 0.000000 0.000000 0.000000 0.000000 0.000000 0.000000 0.000000 0.000000 0.464054 -19.823893 6.075469 25.841083 -45.364066 24.947851 6.684302 0.651168 29.686258 -5.346150 0.570400 7.561228 0.000000 0.000000 0.000000 0.000000 0.000000 0.000000 0.000000 0.000000 0.000000 0.000000 0.000000 0.000000 0.000000 0.000000 0.000000 0.000000 0.000000 0.000000 0.000000 0.000000 0.000000 0.000000 0.000000 0.000000 0.000000 0.000000 0.000000 0.000000 0.000000 0.000000 0.000000 0.000000 0.000000 0.000000 0.000000 0.000000 0.000000 0.000000 0.000000 0.000000 0.000000 0.000000
-0.061630 0.051670 1.025198 -5.639310 2.439281 1.008998 13.672274 -0.953799 3.220921 1.981089 0.493193 -18.203315 -15.433652 -6.280152 12.851933 -0.795203 -1.586804 -1.123926 -29.508388 2.267301 3.888522 25.989432 -3.970515 -1.260381 -8.940327 -3.562168 -8.322390 -0.466130 -2.066394 0.535785 13.734537 0.877007 -4.328815 -2.234748 -2.379918 -0.369878 3.801567 -0.373432 -1.225848 4.562325 1.159171 5.707316 0.502753 0.489150 1.203137 -0.517265 17.761347 -4.123466 23.669872 42.553789 -30.600904 16.047276 -1.352097 -26.623258 -1.004200 -0.327488 -9.820749 0.000000 0.000000 0.000000 0.000000 0.000000 0.000000 0.000000 0.000000 0.000000 0.000000 0.000000 0.000000 0.000000 0.000000 0.000000 0.000000 0.000000 0.000000 0.000000 0.000000 0.000000 0.000000 0.000000 0.000000 0.000000 0.000000 0.000000 0.000000 0.000000 0.000000 0.000000 0.000000 0.000000 0.000000 0.000000 0.000000 0.000000 0.000000 0.000000 0.000000 0.000000 0.000000 0.344398 -19.791715 5.813025 25.828654 -45.277171 24.652082 6.144719 0.363651 29.371579 -4.936518 0.289111 7.515797 0.000000 0.000000 0.000000 0.000000 0.000000 0.000000 0.000000 0.000000 0.000000 0.000000 0.000000 0.000000 0.000000 0.000000 0.000000 0.000000 0.000000 0.000000 0.000000 0.000000 0.000000 0.000000 0.000000 0.000000 0.000000 0.000000 0.000000 0.000000 0.000000 0.000000 0.000000 0.000000 0.000000 0.000000 0.000000 0.000000 0.000000 0.000000 0.000000 0.000000 0.000000 0.000000
-0.056709 0.062078 1.021830 -6.151975 2.089569 1.708256 14.964988 -0.930183 3.443343 2.203958 0.329586 -19.028841 -16.567426 -6.505839 12.465719 -0.833258 -1.358037 -1.098342 -28.916496 2.044012 3.807151 19.639398 -2.607171 -0.922837 -7.615012 -4.760565 -8.315806 -0.499484 -2.047125 0.425708 13.843825 1.053837 -4.505570 -2.106530 -2.518451 -0.487396 3.702084 -0.518679 -1.360898 4.307147 1.330002 5.253882 0.311261 0.150010 1.717852 -0.832530 17.557113 -4.326898 23.383124 42.249618 -31.189472 15.747947 -1.178482 -27.377301 -1.242016 -0.950057 -10.245920 0.000000 0.000000 0.000000 0.000000 0.000000 0.000000 0.000000 0.000000 0.000000 0.000000 0.000000 0.000000 0.000000 0.000000 0.000000 0.000000 0.000000 0.000000 0.000000 0.000000 0.000000 0.000000 0.000000 0.000000 0.000000 0.000000 0.000000 0.000000 0.000000 0.000000 0.000000 0.000000 0.000000 0.000000 0.000000 0.000000 0.000000 0.000000 0.000000 0.000000 0.000000 0.000000 0.133049 -19.740721 5.490180 25.912952 -45.193912 24.462669 5.823153 0.008372 28.727607 -4.370176 -0.064291 7.400653 0.000000 0.000000 0.000000 0.000000 0.000000 0.000000 0.000000 0.000000 0.000000 0.000000 0.000000 0.000000 0.000000 0.000000 0.000000 0.000000 0.000000 0.000000 0.000000 0.000000 0.000000 0.000000 0.000000 0.000000 0.000000 0.000000 0.000000 0.000000 0.000000 0.000000 0.000000 0.000000 0.000000 0.000000 0.000000 0.000000 0.000000 0.000000 0.000000 0.000000 0.000000 0.000000
-0.048068 0.081337 1.018199 -6.386572 1.604757 2.595667 16.334059 -1.006780 3.523806 2.530972 0.067147 -19.978461 -17.480777 -6.458298 12.188621 -0.882016 -1.158507 -1.041404 -28.564898 2.031799 3.858917 16.031586 -1.675875 -0.697668 -6.422875 -5.591482 -8.502067 -0.541951 -2.036662 0.332243 13.993846 1.112665 -4.701215 -2.086262 -2.594916 -0.620494 3.726406 -0.641107 -1.506276 4.156704 1.403253 4.796932 0.197930 -0.112853 2.028223 -1.084118 17.404818 -4.455153 23.185272 41.993737 -31.848490 15.464076 -1.173385 -28.206466 -1.621794 -1.580654 -10.683829 0.000000 0.000000 0.000000 0.000000 0.000000 0.000000 0.000000 0.000000 0.000000 0.000000 0.000000 0.000000 0.000000 0.000000 0.000000 0.000000 0.000000 0.000000 0.000000 0.000000 0.000000 0.000000 0.000000 0.000000 0.000000 0.000000 0.000000 0.000000 0.000000 0.000000 0.000000 0.000000 0.000000 0.000000 0.000000 0.000000 0.000000 0.000000 0.000000 0.000000 0.000000 0.000000 -0.103175 -19.751518 5.251538 25.945394 -45.116283 24.309308 5.642758 -0.219119 27.887426 -3.862710 -0.135353 7.383350 0.000000 0.000000 0.000000 0.000000 0.000000 0.000000 0.000000 0.000000 0.000000 0.000000 0.000000 0.000000 0.000000 0.000000 0.000000 0.000000 0.000000 0.000000 0.000000 0.000000 0.000000 0.000000 0.000000 0.000000 0.000000 0.000000 0.000000 0.000000 0.000000 0.000000 0.000000 0.000000 0.000000 0.000000 0.000000 0.000000 0.000000 0.000000 0.000000 0.000000 0.000000 0.000000
-0.039509 0.111448 1.014699 -6.236680 1.093102 3.601362 17.655864 -1.178839 3.554672 3.241168 -0.165844 -20.953637 -17.946714 -6.081390 11.843995 -0.937666 -1.012979 -1.039833 -28.390957 2.028589 3.892739 15.139960 -1.247459 -0.658393 -5.724207 -5.730315 -8.755248 -0.638569 -2.045907 0.313865 13.926432 1.048023 -4.889959 -2.025348 -2.725981 -0.698264 3.681314 -0.664233 -1.656736 4.131889 1.437723 4.399581 0.004261 -0.222110 1.994326 -1.149537 17.378769 -4.570013 23.197517 41.930432 -32.512491 15.436420 -1.498153 -28.832260 -1.554707 -2.177840 -11.062023 0.000000 0.000000 0.000000 0.000000 0.000000 0.000000 0.000000 0.000000 0.000000 0.000000 0.000000 0.000000 0.000000 0.000000 0.000000 0.000000 0.000000 0.000000 0.000000 0.000000 0.000000 0.000000 0.000000 0.000000 0.000000 0.000000 0.000000 0.000000 0.000000 0.000000 0.000000 0.000000 0.000000 0.000000 0.000000 0.000000 0.000000 0.000000 0.000000 0.000000 0.000000 0.000000 -0.193100 -19.819033 5.054743 25.904797 -45.158190 23.861636 5.730155 -0.203937 27.045091 -3.450220 -0.039356 7.538182 0.000000 0.000000 0.000000 0.000000 0.000000 0.000000 0.000000 0.000000 0.000000 0.000000 0.000000 0.000000 0.000000 0.000000 0.000000 0.000000 0.000000 0.000000 0.000000 0.000000 0.000000 0.000000 0.000000 0.000000 0.000000 0.000000 0.000000 0.000000 0.000000 0.000000 0.000000 0.000000 0.000000 0.000000 0.000000 0.000000 0.000000 0.000000 0.000000 0.000000 0.000000 0.000000
-0.033879 0.148573 1.011975 -5.694147 0.913256 4.493974 18.534620 -1.616860 3.549441 4.542346 -0.445006 -21.626859 -17.858231 -5.528058 11.588075 -0.985830 -0.975570 -0.984247 -28.864677 1.572664 4.218224 17.910505 -1.545800 -0.771091 -5.043131 -5.241255 -9.151306 -0.810954 -2.016123 0.395690 13.591585 0.592221 -5.159457 -2.089128 -2.887167 -0.777944 3.631602 -0.617426 -1.806608 4.244287 1.489789 4.329710 -0.133334 -0.001954 2.079850 -0.909238 17.631321 -4.658190 23.348445 41.911493 -32.708786 15.870732 -1.833242 -29.173180 -1.090893 -2.399645 -11.175335 0.000000 0.000000 0.000000 0.000000 0.000000 0.000000 0.000000 0.000000 0.000000 0.000000 0.000000 0.000000 0.000000 0.000000 0.000000 0.000000 0.000000 0.000000 0.000000 0.000000 0.000000 0.000000 0.000000 0.000000 0.000000 0.000000 0.000000 0.000000 0.000000 0.000000 0.000000 0.000000 0.000000 0.000000 0.000000 0.000000 0.000000 0.000000 0.000000 0.000000 0.000000 0.000000 -0.126307 -20.072006 5.079937 25.659053 -44.908460 23.359310 6.219664 -0.140715 26.344495 -3.133586 -0.147761 7.617940 0.000000 0.000000 0.000000 0.000000 0.000000 0.000000 0.000000 0.000000 0.000000 0.000000 0.000000 0.000000 0.000000 0.000000 0.000000 0.000000 0.000000 0.000000 0.000000 0.000000 0.000000 0.000000 0.000000 0.000000 0.000000 0.000000 0.000000 0.000000 0.000000 0.000000 0.000000 0.000000 0.000000 0.000000 0.000000 0.000000 0.000000 0.000000 0.000000 0.000000 0.000000 0.000000
-0.027952 0.187744 1.010723 -5.074732 0.790518 5.237727 19.127560 -2.127752 3.499079 6.176523 -0.771443 -22.188852 -17.020285 -4.657794 11.459803 -0.965484 -0.889195 -0.911848 -29.519954 1.109291 4.626656 21.798381 -2.169276 -1.090580 -4.484437 -4.462604 -9.449323 -0.977790 -1.992906 0.433056 13.268287 -0.025769 -5.483836 -2.270661 -3.009696 -0.777601 3.579997 -0.465724 -1.891463 4.584092 1.603105 4.405130 -0.177984 0.338212 2.349763 -0.551346 17.975113 -4.614759 23.436692 42.137861 -32.740088 16.075262 -2.244709 -29.414663 -0.781064 -2.566062 -11.208467 0.000000 0.000000 0.000000 0.000000 0.000000 0.000000 0.000000 0.000000 0.000000 0.000000 0.000000 0.000000 0.000000 0.000000 0.000000 0.000000 0.000000 0.000000 0.000000 0.000000 0.000000 0.000000 0.000000 0.000000 0.000000 0.000000 0.000000 0.000000 0.000000 0.000000 0.000000 0.000000 0.000000 0.000000 0.000000 0.000000 0.000000 0.000000 0.000000 0.000000 0.000000 0.000000 0.087493 -20.298610 5.132694 25.383063 -44.891564 22.901169 6.685861 0.064723 25.703999 -2.719629 -0.200334 7.749771 0.000000 0.000000 0.000000 0.000000 0.000000 0.000000 0.000000 0.000000 0.000000 0.000000 0.000000 0.000000 0.000000 0.000000 0.000000 0.000000 0.000000 0.000000 0.000000 0.000000 0.000000 0.000000 0.000000 0.000000 0.000000 0.000000 0.000000 0.000000 0.000000 0.000000 0.000000 0.000000 0.000000 0.000000 0.000000 0.000000 0.000000 0.000000 0.000000 0.000000 0.000000 0.000000
-0.021020 0.223724 1.011137 -4.106537 0.816767 5.769811 18.856358 -2.704880 3.191637 8.737490 -1.130224 -22.255107 -16.783626 -4.156798 10.946303 -0.934061 -0.899202 -0.882655 -29.998676 0.388872 4.984264 25.383721 -2.673323 -1.354827 -3.841762 -3.457124 -9.721578 -1.076910 -1.957048 0.486472 12.646638 -0.755155 -5.723463 -2.378834 -3.108716 -0.818020 3.552307 -0.281107 -1.948568 4.773549 1.752435 4.524659 -0.314412 0.608889 2.851968 -0.192950 18.493819 -4.471754 23.621632 42.408449 -32.501119 16.051434 -2.565762 -29.397630 -0.773612 -2.429322 -11.145895 0.000000 0.000000 0.000000 0.000000 0.000000 0.000000 0.000000 0.000000 0.000000 0.000000 0.000000 0.000000 0.000000 0.000000 0.000000 0.000000 0.000000 0.000000 0.000000 0.000000 0.000000 0.000000 0.000000 0.000000 0.000000 0.000000 0.000000 0.000000 0.000000 0.000000 0.000000 0.000000 0.000000 0.000000 0.000000 0.000000 0.000000 0.000000 0.000000 0.000000 0.000000 0.000000 0.434422 -20.514144 5.214728 25.232874 -44.755997 22.700597 7.208284 0.251683 25.219807 -2.449702 -0.498911 7.761050 0.000000 0.000000 0.000000 0.000000 0.000000 0.000000 0.000000 0.000000 0.000000 0.000000 0.000000 0.000000 0.000000 0.000000 0.000000 0.000000 0.000000 0.000000 0.000000 0.000000 0.000000 0.000000 0.000000 0.000000 0.000000 0.000000 0.000000 0.000000 0.000000 0.000000 0.000000 0.000000 0.000000 0.000000 0.000000 0.000000 0.000000 0.000000 0.000000 0.000000 0.000000 0.000000
-0.014052 0.260892 1.013521 -3.180615 0.873914 5.892046 17.843728 -3.465659 2.840541 13.646169 -1.380588 -22.106434 -15.686138 -3.161035 9.777309 -0.842803 -0.949011 -0.890771 -29.981017 -0.492388 4.994373 28.121938 -2.949882 -1.409839 -3.736684 -2.203163 -9.634945 -1.145084 -1.803723 0.537078 11.882503 -1.520016 -5.766566 -2.425212 -3.148438 -0.952670 3.529639 -0.153090 -1.953796 4.813136 1.990940 4.358132 -0.363112 0.845348 3.187576 0.096515 19.074361 -4.313868 24.100061 42.819674 -32.078257 15.975584 -2.838135 -28.869736 -1.170648 -2.192887 -10.921532 0.000000 0.000000 0.000000 0.000000 0.000000 0.000000 0.000000 0.000000 0.000000 0.000000 0.000000 0.000000 0.000000 0.000000 0.000000 0.000000 0.000000 0.000000 0.000000 0.000000 0.000000 0.000000 0.000000 0.000000 0.000000 0.000000 0.000000 0.000000 0.000000 0.000000 0.000000 0.000000 0.000000 0.000000 0.000000 0.000000 0.000000 0.000000 0.000000 0.000000 0.000000 0.000000 0.726230 -20.686671 5.347263 25.097841 -44.581790 22.387848 7.905403 0.569482 25.074086 -2.695265 -0.659449 7.673364 0.000000 0.000000 0.000000 0.000000 0.000000 0.000000 0.000000 0.000000 0.000000 0.000000 0.000000 0.000000 0.000000 0.000000 0.000000 0.000000 0.000000 0.000000 0.000000 0.000000 0.000000 0.000000 0.000000 0.000000 0.000000 0.000000 0.000000 0.000000 0.000000 0.000000 0.000000 0.000000 0.000000 0.000000 0.000000 0.000000 0.000000 0.000000 0.000000 0.000000 0.000000 0.000000
-0.004926 0.306304 1.017802 -2.437846 1.049531 5.669451 15.357738 -4.305589 2.368628 21.404959 -1.530420 -21.084779 -10.364035 -0.591181 9.333037 -0.591571 -1.017513 -0.849653 -29.135681 -1.627860 4.840996 30.222577 -3.268877 -1.204677 -5.542459 0.062428 -9.239508 -1.109987 -1.642780 0.474828 11.372680 -2.161917 -5.578119 -2.523204 -3.149822 -1.133737 3.635961 0.012333 -1.878749 4.817880 2.141274 4.353874 -0.115255 0.994836 3.511156 0.334519 19.466734 -4.053646 24.396073 43.333036 -31.279321 15.989106 -2.882856 -28.461518 -1.780561 -1.928677 -10.541865 0.000000 0.000000 0.000000 0.000000 0.000000 0.000000 0.000000 0.000000 0.000000 0.000000 0.000000 0.000000 0.000000 0.000000 0.000000 0.000000 0.000000 0.000000 0.000000 0.000000 0.000000 0.000000 0.000000 0.000000 0.000000 0.000000 0.000000 0.000000 0.000000 0.000000 0.000000 0.000000 0.000000 0.000000 0.000000 0.000000 0.000000 0.000000 0.000000 0.000000 0.000000 0.000000 1.005321 -20.764180 5.505456 24.863167 -44.573846 22.182610 8.319466 0.678448 25.247303 -3.619087 -0.747242 7.565749 0.000000 0.000000 0.000000 0.000000 0.000000 0.000000 0.000000 0.000000 0.000000 0.000000 0.000000 0.000000 0.000000 0.000000 0.000000 0.000000 0.000000 0.000000 0.000000 0.000000 0.000000 0.000000 0.000000 0.000000 0.000000 0.000000 0.000000 0.000000 0.000000 0.000000 0.000000 0.000000 0.000000 0.000000 0.000000 0.000000 0.000000 0.000000 0.000000 0.000000 0.000000 0.000000
0.003080 0.349686 1.023355 -1.924826 1.286190 5.179670 10.991543 -5.166542 1.779842 31.331758 -1.292464 -18.925075 -3.671448 2.095188 8.570383 -0.365025 -1.030035 -0.865006 -27.237825 -2.884652 4.470006 30.772374 -3.246528 -0.833817 -7.411561 2.383700 -8.601182 -1.069811 -1.559983 0.408321 11.169265 -2.560839 -5.006421 -2.669553 -3.095831 -1.369993 3.804597 0.109099 -1.759355 4.566794 2.079048 4.326064 0.216476 0.958401 3.772345 0.512030 19.815731 -3.943732 24.316994 43.766027 -29.929477 16.483827 -2.937230 -27.987773 -2.309547 -1.470531 -10.124223 0.000000 0.000000 0.000000 0.000000 0.000000 0.000000 0.000000 0.000000 0.000000 0.000000 0.000000 0.000000 0.000000 0.000000 0.000000 0.000000 0.000000 0.000000 0.000000 0.000000 0.000000 0.000000 0.000000 0.000000 0.000000 0.000000 0.000000 0.000000 0.000000 0.000000 0.000000 0.000000 0.000000 0.000000 0.000000 0.000000 0.000000 0.000000 0.000000 0.000000 0.000000 0.000000 1.194338 -20.824218 5.766677 24.540130 -44.454467 21.969843 8.792523 0.798333 25.932218 -5.083124 -1.031167 7.507579 0.000000 0.000000 0.000000 0.000000 0.000000 0.000000 0.000000 0.000000 0.000000 0.000000 0.000000 0.000000 0.000000 0.000000 0.000000 0.000000 0.000000 0.000000 0.000000 0.000000 0.000000 0.000000 0.000000 0.000000 0.000000 0.000000 0.000000 0.000000 0.000000 0.000000 0.000000 0.000000 0.000000 0.000000 0.000000 0.000000 0.000000 0.000000 0.000000 0.000000 0.000000 0.000000
0.007492 0.381962 1.029788 -2.008970 1.451256 4.620620 5.379094 -5.611858 0.912107 41.518653 -0.586075 -15.754903 0.608843 3.201571 8.324220 -0.280155 -1.071599 -0.982258 -24.567076 -3.954028 3.997664 30.321326 -2.830689 -0.347253 -8.577071 4.078350 -8.079025 -1.124797 -1.441181 0.440333 11.608567 -2.807922 -3.998713 -3.163701 -2.872955 -1.548757 4.101195 0.139101 -1.614886 3.991308 1.950011 4.038988 0.313483 0.854771 3.783729 0.570400 19.982591 -3.956866 24.406370 44.142514 -28.785502 17.539426 -2.989768 -27.441439 -3.023274 -1.078892 -9.719498 0.000000 0.000000 0.000000 0.000000 0.000000 0.000000 0.000000 0.000000 0.000000 0.000000 0.000000 0.000000 0.000000 0.000000 0.000000 0.000000 0.000000 0.000000 0.000000 0.000000 0.000000 0.000000 0.000000 0.000000 0.000000 0.000000 0.000000 0.000000 0.000000 0.000000 0.000000 0.000000 0.000000 0.000000 0.000000 0.000000 0.000000 0.000000 0.000000 0.000000 0.000000 0.000000 1.255061 -20.776609 6.043803 24.296317 -44.284909 21.898372 9.455939 0.974537 27.138516 -6.555780 -1.056603 7.427930 0.000000 0.000000 0.000000 0.000000 0.000000 0.000000 0.000000 0.000000 0.000000 0.000000 0.000000 0.000000 0.000000 0.000000 0.000000 0.000000 0.000000 0.000000 0.000000 0.000000 0.000000 0.000000 0.000000 0.000000 0.000000 0.000000 0.000000 0.000000 0.000000 0.000000 0.000000 0.000000 0.000000 0.000000 0.000000 0.000000 0.000000 0.000000 0.000000 0.000000 0.000000 0.000000
0.010652 0.411977 1.037173 -2.440818 1.617049 3.854814 -1.122942 -5.612614 -0.192602 50.516825 0.514936 -12.149792 1.126082 2.416623 9.057495 -0.249550 -1.114253 -1.136677 -20.662836 -4.864965 3.395789 28.218259 -2.243169 0.485132 -9.604266 5.221840 -7.589628 -1.268529 -1.325606 0.495455 12.232935 -2.943437 -2.436261 -3.569203 -2.637026 -1.714780 4.356732 0.160192 -1.319443 3.599459 1.830043 3.568699 0.342630 0.717883 3.723464 0.608068 20.055022 -4.082744 24.557057 44.505091 -27.765822 18.634990 -2.882097 -26.616482 -3.790717 -0.469602 -9.519563 0.000000 0.000000 0.000000 0.000000 0.000000 0.000000 0.000000 0.000000 0.000000 0.000000 0.000000 0.000000 0.000000 0.000000 0.000000 0.000000 0.000000 0.000000 0.000000 0.000000 0.000000 0.000000 0.000000 0.000000 0.000000 0.000000 0.000000 0.000000 0.000000 0.000000 0.000000 0.000000 0.000000 0.000000 0.000000 0.000000 0.000000 0.000000 0.000000 0.000000 0.000000 0.000000 1.243484 -20.537626 6.262032 23.837817 -43.912491 21.641681 10.213337 1.109224 28.723241 -7.632035 -1.029353 7.598543 0.000000 0.000000 0.000000 0.000000 0.000000 0.000000 0.000000 0.000000 0.000000 0.000000 0.000000 0.000000 0.000000 0.000000 0.000000 0.000000 0.000000 0.000000 0.000000 0.000000 0.000000 0.000000 0.000000 0.000000 0.000000 0.000000 0.000000 0.000000 0.000000 0.000000 0.000000 0.000000 0.000000 0.000000 0.000000 0.000000 0.000000 0.000000 0.000000 0.000000 0.000000 0.000000
0.014182 0.421847 1.045111 -2.827761 1.530298 2.836965 -7.754589 -4.967775 -1.403063 56.414180 2.114995 -8.750861 -0.923203 0.503260 10.256529 -0.255212 -1.177470 -1.231172 -16.533943 -5.272685 2.675578 23.801998 -1.252223 1.776322 -9.808287 5.119437 -6.843038 -1.456613 -1.168142 0.580456 12.729344 -2.671470 -0.554602 -3.966494 -2.325825 -1.910605 4.682675 0.196781 -0.969266 3.493803 1.613253 3.134681 0.113389 0.504455 3.176704 0.521779 19.987445 -4.066226 24.623144 44.867054 -26.741548 19.371504 -2.521679 -25.810020 -4.497299 -0.287081 -9.375159 0.000000 0.000000 0.000000 0.000000 0.000000 0.000000 0.000000 0.000000 0.000000 0.000000 0.000000 0.000000 0.000000 0.000000 0.000000 0.000000 0.000000 0.000000 0.000000 0.000000 0.000000 0.000000 0.000000 0.000000 0.000000 0.000000 0.000000 0.000000 0.000000 0.000000 0.000000 0.000000 0.000000 0.000000 0.000000 0.000000 0.000000 0.000000 0.000000 0.000000 0.000000 0.000000 1.058161 -20.301080 6.471881 23.419708 -43.502121 21.849232 10.809698 1.034513 29.865316 -8.231538 -0.334815 8.014186 0.000000 0.000000 0.000000 0.000000 0.000000 0.000000 0.000000 0.000000 0.000000 0.000000 0.000000 0.000000 0.000000 0.000000 0.000000 0.000000 0.000000 0.000000 0.000000 0.000000 0.000000 0.000000 0.000000 0.000000 0.000000 0.000000 0.000000 0.000000 0.000000 0.000000 0.000000 0.000000 0.000000 0.000000 0.000000 0.000000 0.000000 0.000000 0.000000 0.000000 0.000000 0.000000
0.019264 0.430899 1.052692 -3.330238 1.057143 1.706098 -13.706162 -4.042732 -2.423396 58.623821 4.097964 -6.726649 -4.286383 -1.321402 10.971182 -0.276953 -1.228809 -1.330823 -11.590802 -5.058512 1.841764 18.616990 -0.243288 3.341949 -10.149524 4.384727 -6.000056 -1.587662 -1.015660 0.591777 12.962697 -2.119470 1.467127 -3.962200 -1.860582 -2.104885 4.828437 0.380494 -0.529882 3.749541 1.421503 2.915724 -0.075262 0.272753 2.768618 0.441316 20.164348 -3.800687 24.312012 44.981393 -25.384658 19.493245 -2.060249 -25.185384 -4.751066 -0.184979 -9.645265 0.000000 0.000000 0.000000 0.000000 0.000000 0.000000 0.000000 0.000000 0.000000 0.000000 0.000000 0.000000 0.000000 0.000000 0.000000 0.000000 0.000000 0.000000 0.000000 0.000000 0.000000 0.000000 0.000000 0.000000 0.000000 0.000000 0.000000 0.000000 0.000000 0.000000 0.000000 0.000000 0.000000 0.000000 0.000000 0.000000 0.000000 0.000000 0.000000 0.000000 0.000000 0.000000 0.835762 -20.024340 6.517268 23.149505 -43.252638 22.322546 10.953736 1.215957 31.269305 -8.696505 0.241869 8.649666 0.000000 0.000000 0.000000 0.000000 0.000000 0.000000 0.000000 0.000000 0.000000 0.000000 0.000000 0.000000 0.000000 0.000000 0.000000 0.000000 0.000000 0.000000 0.000000 0.000000 0.000000 0.000000 0.000000 0.000000 0.000000 0.000000 0.000000 0.000000 0.000000 0.000000 0.000000 0.000000 0.000000 0.000000 0.000000 0.000000 0.000000 0.000000 0.000000 0.000000 0.000000 0.000000
0.025022 0.439496 1.058902 -3.894560 0.365289 0.624259 -18.827006 -3.245713 -3.094173 56.084330 6.127843 -5.370360 -7.214165 -2.564047 11.189602 -0.294310 -1.199706 -1.387582 -5.974831 -4.355210 0.839334 12.580253 0.519066 4.761223 -9.987597 3.244208 -5.303178 -1.664468 -0.793213 0.504036 13.049523 -1.394618 3.365395 -3.673939 -1.319204 -2.310866 4.692498 0.612623 -0.036494 4.013697 1.325984 2.612174 0.018805 -0.211892 2.396221 0.209845 20.443580 -3.253595 23.979554 44.957131 -23.766089 19.140843 -1.618190 -25.093966 -4.846629 -0.146715 -10.330108 0.000000 0.000000 0.000000 0.000000 0.000000 0.000000 0.000000 0.000000 0.000000 0.000000 0.000000 0.000000 0.000000 0.000000 0.000000 0.000000 0.000000 0.000000 0.000000 0.000000 0.000000 0.000000 0.000000 0.000000 0.000000 0.000000 0.000000 0.000000 0.000000 0.000000 0.000000 0.000000 0.000000 0.000000 0.000000 0.000000 0.000000 0.000000 0.000000 0.000000 0.000000 0.000000 0.461878 -19.403701 6.554108 22.971038 -43.129841 22.926227 10.828649 1.053942 32.885049 -9.513343 0.533716 9.591131 0.000000 0.000000 0.000000 0.000000 0.000000 0.000000 0.000000 0.000000 0.000000 0.000000 0.000000 0.000000 0.000000 0.000000 0.000000 0.000000 0.000000 0.000000 0.000000 0.000000 0.000000 0.000000 0.000000 0.000000 0.000000 0.000000 0.000000 0.000000 0.000000 0.000000 0.000000 0.000000 0.000000 0.000000 0.000000 0.000000 0.000000 0.000000 0.000000 0.000000 0.000000 0.000000
0.028221 0.448886 1.062556 -4.439111 -0.032906 -0.351591 -21.830196 -2.621733 -3.403422 50.079136 6.916477 -4.172137 -7.881416 -2.528725 11.168053 -0.275248 -1.195038 -1.366836 -1.458097 -3.834714 0.087227 8.842978 0.903172 5.856147 -9.731752 2.417412 -5.100587 -1.643426 -0.767690 0.448268 13.401490 -0.936444 4.676412 -3.461718 -0.709759 -2.326989 4.540599 0.746941 0.396883 4.227263 1.254436 2.464059 0.267715 -0.560655 2.106307 -0.006283 20.684706 -2.632741 23.804571 44.882261 -22.317189 19.180387 -1.459233 -24.917372 -4.414308 -0.180304 -10.761144 0.000000 0.000000 0.000000 0.000000 0.000000 0.000000 0.000000 0.000000 0.000000 0.000000 0.000000 0.000000 0.000000 0.000000 0.000000 0.000000 0.000000 0.000000 0.000000 0.000000 0.000000 0.000000 0.000000 0.000000 0.000000 0.000000 0.000000 0.000000 0.000000 0.000000 0.000000 0.000000 0.000000 0.000000 0.000000 0.000000 0.000000 0.000000 0.000000 0.000000 0.000000 0.000000 0.137785 -18.759149 6.711760 22.799968 -43.049988 23.500933 10.509779 0.986059 34.354204 -10.423811 1.144417 10.195269 0.000000 0.000000 0.000000 0.000000 0.000000 0.000000 0.000000 0.000000 0.000000 0.000000 0.000000 0.000000 0.000000 0.000000 0.000000 0.000000 0.000000 0.000000 0.000000 0.000000 0.000000 0.000000 0.000000 0.000000 0.000000 0.000000 0.000000 0.000000 0.000000 0.000000 0.000000 0.000000 0.000000 0.000000 0.000000 0.000000 0.000000 0.000000 0.000000 0.000000 0.000000 0.000000
0.028580 0.460261 1.063307 -4.794354 -0.081526 -1.574703 -23.632406 -2.428176 -3.255123 41.324452 6.746494 -2.605388 -6.971530 -1.506723 10.994111 -0.224506 -1.254190 -1.354640 2.478745 -3.623894 -0.623680 6.129890 1.134367 6.700468 -9.883537 1.982954 -4.893696 -1.585710 -0.876109 0.422858 14.012252 -0.699341 5.691893 -3.246151 -0.104959 -2.227001 4.387728 0.817167 0.827352 4.261571 1.156064 2.590340 0.670631 -0.749150 1.708862 -0.315983 20.846872 -1.944704 23.465442 45.005285 -20.763648 19.319336 -1.247475 -24.341759 -4.110979 -0.214643 -11.011145 0.000000 0.000000 0.000000 0.000000 0.000000 0.000000 0.000000 0.000000 0.000000 0.000000 0.000000 0.000000 0.000000 0.000000 0.000000 0.000000 0.000000 0.000000 0.000000 0.000000 0.000000 0.000000 0.000000 0.000000 0.000000 0.000000 0.000000 0.000000 0.000000 0.000000 0.000000 0.000000 0.000000 0.000000 0.000000 0.000000 0.000000 0.000000 0.000000 0.000000 0.000000 0.000000 -0.296833 -18.141499 7.010138 22.571781 -42.877748 24.166313 10.194888 1.033743 35.689340 -11.427239 2.051662 10.666973 0.000000 0.000000 0.000000 0.000000 0.000000 0.000000 0.000000 0.000000 0.000000 0.000000 0.000000 0.000000 0.000000 0.000000 0.000000 0.000000 0.000000 0.000000 0.000000 0.000000 0.000000 0.000000 0.000000 0.000000 0.000000 0.000000 0.000000 0.000000 0.000000 0.000000 0.000000 0.000000 0.000000 0.000000 0.000000 0.000000 0.000000 0.000000 0.000000 0.000000 0.000000 0.000000
0.028034 0.472547 1.061282 -5.116860 -0.029306 -2.897242 -24.285793 -2.387318 -2.989692 30.462527 5.381205 -1.615637 -5.777159 -0.053196 10.748257 -0.199627 -1.370393 -1.303256 5.987980 -3.545585 -1.295616 4.819744 1.291448 7.591895 -11.011795 2.051609 -4.721970 -1.437924 -1.052640 0.393805 14.646060 -0.698304 6.506037 -3.097159 0.469241 -2.068522 4.310515 0.811492 1.198241 4.097109 1.171285 2.941939 0.921484 -0.859150 1.142612 -0.661193 20.949810 -1.373523 23.337053 45.277664 -19.581676 19.494606 -1.023193 -23.718696 -4.329632 -0.129093 -10.957898 0.000000 0.000000 0.000000 0.000000 0.000000 0.000000 0.000000 0.000000 0.000000 0.000000 0.000000 0.000000 0.000000 0.000000 0.000000 0.000000 0.000000 0.000000 0.000000 0.000000 0.000000 0.000000 0.000000 0.000000 0.000000 0.000000 0.000000 0.000000 0.000000 0.000000 0.000000 0.000000 0.000000 0.000000 0.000000 0.000000 0.000000 0.000000 0.000000 0.000000 0.000000 0.000000 -0.734993 -17.528029 7.385496 22.305288 -42.838690 24.826481 9.684370 1.134002 36.583221 -12.280812 2.835614 10.727404 0.000000 0.000000 0.000000 0.000000 0.000000 0.000000 0.000000 0.000000 0.000000 0.000000 0.000000 0.000000 0.000000 0.000000 0.000000 0.000000 0.000000 0.000000 0.000000 0.000000 0.000000 0.000000 0.000000 0.000000 0.000000 0.000000 0.000000 0.000000 0.000000 0.000000 0.000000 0.000000 0.000000 0.000000 0.000000 0.000000 0.000000 0.000000 0.000000 0.000000 0.000000 0.000000
0.024627 0.486301 1.056759 -5.332528 0.441339 -4.273558 -23.423516 -2.532238 -2.380680 17.923955 2.958230 -1.960866 -5.070881 1.648660 10.112756 -0.215505 -1.528785 -1.249330 9.542460 -3.863196 -1.981884 4.189097 1.397018 9.007695 -13.229774 2.305072 -3.962401 -1.202234 -1.189766 0.346289 15.222462 -1.160874 7.064326 -3.077744 1.055821 -1.748300 4.362683 0.741574 1.482448 4.235137 1.060043 3.332866 1.199004 -0.877659 0.472069 -1.155434 21.272582 -0.944038 22.982487 45.458453 -17.954273 19.840436 -0.622893 -23.237562 -4.337060 -0.061025 -10.532960 0.000000 0.000000 0.000000 0.000000 0.000000 0.000000 0.000000 0.000000 0.000000 0.000000 0.000000 0.000000 0.000000 0.000000 0.000000 0.000000 0.000000 0.000000 0.000000 0.000000 0.000000 0.000000 0.000000 0.000000 0.000000 0.000000 0.000000 0.000000 0.000000 0.000000 0.000000 0.000000 0.000000 0.000000 0.000000 0.000000 0.000000 0.000000 0.000000 0.000000 0.000000 0.000000 -1.222110 -17.003258 7.924580 21.509474 -42.633290 25.128605 9.426279 1.011031 37.687805 -13.111994 3.439868 10.674066 0.000000 0.000000 0.000000 0.000000 0.000000 0.000000 0.000000 0.000000 0.000000 0.000000 0.000000 0.000000 0.000000 0.000000 0.000000 0.000000 0.000000 0.000000 0.000000 0.000000 0.000000 0.000000 0.000000 0.000000 0.000000 0.000000 0.000000 0.000000 0.000000 0.000000 0.000000 0.000000 0.000000 0.000000 0.000000 0.000000 0.000000 0.000000 0.000000 0.000000 0.000000 0.000000
0.018724 0.503006 1.050317 -5.281649 1.333426 -5.201637 -22.673598 -2.745041 -1.876550 8.793564 1.214214 -2.596621 -4.099944 3.013869 9.552798 -0.226959 -1.579227 -1.211717 12.654877 -4.276754 -2.551275 4.443766 1.417903 10.377886 -16.476997 2.458918 -2.370520 -1.044570 -1.255965 0.305869 15.396485 -1.558538 7.549355 -3.036480 1.488129 -1.583392 4.544424 0.688736 1.647216 4.505307 0.780334 3.687628 1.532892 -0.971970 0.036842 -1.477350 21.425830 -0.639896 22.652357 45.747791 -16.814755 19.696807 -0.164089 -22.706139 -4.453333 -0.019529 -10.051667 0.000000 0.000000 0.000000 0.000000 0.000000 0.000000 0.000000 0.000000 0.000000 0.000000 0.000000 0.000000 0.000000 0.000000 0.000000 0.000000 0.000000 0.000000 0.000000 0.000000 0.000000 0.000000 0.000000 0.000000 0.000000 0.000000 0.000000 0.000000 0.000000 0.000000 0.000000 0.000000 0.000000 0.000000 0.000000 0.000000 0.000000 0.000000 0.000000 0.000000 0.000000 0.000000 -1.579986 -16.637850 8.195811 21.047952 -42.585128 25.463190 9.165499 0.891194 38.448705 -13.610261 3.908762 10.778131 0.000000 0.000000 0.000000 0.000000 0.000000 0.000000 0.000000 0.000000 0.000000 0.000000 0.000000 0.000000 0.000000 0.000000 0.000000 0.000000 0.000000 0.000000 0.000000 0.000000 0.000000 0.000000 0.000000 0.000000 0.000000 0.000000 0.000000 0.000000 0.000000 0.000000 0.000000 0.000000 0.000000 0.000000 0.000000 0.000000 0.000000 0.000000 0.000000 0.000000 0.000000 0.000000
0.012294 0.520214 1.043076 -5.257926 2.344827 -5.788731 -22.031407 -2.833557 -1.590806 3.459641 0.140796 -2.991964 -3.481068 3.513348 9.416368 -0.278801 -1.737927 -1.220810 15.452202 -4.606252 -3.047830 4.929995 1.610444 11.887673 -19.170540 2.328692 -0.476168 -0.973928 -1.356773 0.253223 15.015626 -1.779446 7.981769 -2.695473 1.621844 -1.478723 4.575982 0.668310 1.722372 4.946898 0.413354 3.845985 1.951327 -1.179384 -0.444723 -1.606582 21.699143 -0.424446 22.372211 45.850129 -15.838885 19.382797 0.212122 -22.175888 -4.693990 -0.125125 -9.670536 0.000000 0.000000 0.000000 0.000000 0.000000 0.000000 0.000000 0.000000 0.000000 0.000000 0.000000 0.000000 0.000000 0.000000 0.000000 0.000000 0.000000 0.000000 0.000000 0.000000 0.000000 0.000000 0.000000 0.000000 0.000000 0.000000 0.000000 0.000000 0.000000 0.000000 0.000000 0.000000 0.000000 0.000000 0.000000 0.000000 0.000000 0.000000 0.000000 0.000000 0.000000 0.000000 -1.838829 -16.761018 8.342602 20.544232 -42.379016 25.485586 9.125661 0.856024 38.879267 -13.615671 4.447519 10.973004 0.000000 0.000000 0.000000 0.000000 0.000000 0.000000 0.000000 0.000000 0.000000 0.000000 0.000000 0.000000 0.000000 0.000000 0.000000 0.000000 0.000000 0.000000 0.000000 0.000000 0.000000 0.000000 0.000000 0.000000 0.000000 0.000000 0.000000 0.000000 0.000000 0.000000 0.000000 0.000000 0.000000 0.000000 0.000000 0.000000 0.000000 0.000000 0.000000 0.000000 0.000000 0.000000
0.007304 0.541477 1.036178 -4.833265 3.072470 -6.465647 -22.689957 -2.756430 -1.852882 4.532949 0.386451 -2.565559 -2.673072 3.067794 9.834147 -0.414410 -1.969818 -1.334812 16.834508 -4.378501 -3.010387 6.769155 1.771215 12.984237 -20.923036 2.064128 0.883098 -1.008991 -1.427611 0.266065 13.875337 -1.439684 8.336444 -2.255739 1.550276 -1.547091 4.516783 0.820722 1.778324 5.255708 -0.008837 3.985198 2.360912 -1.296903 -0.808336 -1.441077 22.079064 -0.144498 22.221211 45.649183 -15.351234 18.930405 0.256838 -21.355512 -4.491116 -0.092518 -9.544062 0.000000 0.000000 0.000000 0.000000 0.000000 0.000000 0.000000 0.000000 0.000000 0.000000 0.000000 0.000000 0.000000 0.000000 0.000000 0.000000 0.000000 0.000000 0.000000 0.000000 0.000000 0.000000 0.000000 0.000000 0.000000 0.000000 0.000000 0.000000 0.000000 0.000000 0.000000 0.000000 0.000000 0.000000 0.000000 0.000000 0.000000 0.000000 0.000000 0.000000 0.000000 0.000000 -1.850948 -17.412470 8.188605 20.853312 -42.383099 25.960762 9.051595 1.262948 38.775537 -13.235911 4.598192 11.034654 0.000000 0.000000 0.000000 0.000000 0.000000 0.000000 0.000000 0.000000 0.000000 0.000000 0.000000 0.000000 0.000000 0.000000 0.000000 0.000000 0.000000 0.000000 0.000000 0.000000 0.000000 0.000000 0.000000 0.000000 0.000000 0.000000 0.000000 0.000000 0.000000 0.000000 0.000000 0.000000 0.000000 0.000000 0.000000 0.000000 0.000000 0.000000 0.000000 0.000000 0.000000 0.000000
0.004091 0.566312 1.031515 -4.069507 3.347770 -6.875087 -23.812070 -2.383137 -2.610612 8.990342 1.231710 -2.152170 -1.148619 2.178329 10.269141 -0.506150 -2.156435 -1.370438 16.756932 -3.576671 -2.820571 10.544706 1.848457 13.623303 -21.504091 1.464682 1.750230 -1.089443 -1.486532 0.206173 12.397525 -0.694017 8.584876 -1.769923 1.299340 -1.591163 4.428576 1.055199 1.757471 5.544350 -0.450360 4.008591 2.790566 -1.467166 -0.910960 -1.039462 22.582895 0.018905 22.152094 45.311053 -15.201875 18.047492 0.118444 -20.607781 -4.383964 -0.201004 -9.604677 0.000000 0.000000 0.000000 0.000000 0.000000 0.000000 0.000000 0.000000 0.000000 0.000000 0.000000 0.000000 0.000000 0.000000 0.000000 0.000000 0.000000 0.000000 0.000000 0.000000 0.000000 0.000000 0.000000 0.000000 0.000000 0.000000 0.000000 0.000000 0.000000 0.000000 0.000000 0.000000 0.000000 0.000000 0.000000 0.000000 0.000000 0.000000 0.000000 0.000000 0.000000 0.000000 -1.320085 -18.266190 7.992010 21.220627 -42.202287 26.114417 9.102772 1.587889 38.666990 -12.632159 4.380248 11.087639 0.000000 0.000000 0.000000 0.000000 0.000000 0.000000 0.000000 0.000000 0.000000 0.000000 0.000000 0.000000 0.000000 0.000000 0.000000 0.000000 0.000000 0.000000 0.000000 0.000000 0.000000 0.000000 0.000000 0.000000 0.000000 0.000000 0.000000 0.000000 0.000000 0.000000 0.000000 0.000000 0.000000 0.000000 0.000000 0.000000 0.000000 0.000000 0.000000 0.000000 0.000000 0.000000
0.003359 0.595687 1.029895 -2.933856 2.960504 -6.846906 -24.633866 -1.584982 -3.501428 13.842779 2.442054 -1.953324 0.154010 0.740577 10.670475 -0.582055 -2.274067 -1.413246 15.142748 -2.210807 -2.290196 16.397343 1.838168 13.171842 -19.197646 0.415121 1.098111 -1.066438 -1.411060 0.226404 10.734078 0.353241 8.476404 -1.555360 1.083503 -1.580737 4.393197 1.257629 1.652371 5.695895 -0.742757 3.934049 3.335155 -1.611733 -0.610372 -0.525832 22.614198 -0.036616 22.318248 45.113751 -15.719062 17.206331 0.032462 -19.795307 -3.901171 -0.132554 -9.859451 0.000000 0.000000 0.000000 0.000000 0.000000 0.000000 0.000000 0.000000 0.000000 0.000000 0.000000 0.000000 0.000000 0.000000 0.000000 0.000000 0.000000 0.000000 0.000000 0.000000 0.000000 0.000000 0.000000 0.000000 0.000000 0.000000 0.000000 0.000000 0.000000 0.000000 0.000000 0.000000 0.000000 0.000000 0.000000 0.000000 0.000000 0.000000 0.000000 0.000000 0.000000 0.000000 -0.854055 -18.882319 7.539354 22.399889 -42.655508 26.448527 8.975279 1.839521 37.936712 -11.906346 3.919815 11.270992 0.000000 0.000000 0.000000 0.000000 0.000000 0.000000 0.000000 0.000000 0.000000 0.000000 0.000000 0.000000 0.000000 0.000000 0.000000 0.000000 0.000000 0.000000 0.000000 0.000000 0.000000 0.000000 0.000000 0.000000 0.000000 0.000000 0.000000 0.000000 0.000000 0.000000 0.000000 0.000000 0.000000 0.000000 0.000000 0.000000 0.000000 0.000000 0.000000 0.000000 0.000000 0.000000
0.005459 0.624251 1.031494 -2.130923 1.976901 -6.325000 -24.409655 -0.185306 -4.543093 17.436449 3.599684 -2.308556 0.859992 -1.344022 11.560996 -0.623792 -2.366438 -1.426216 11.654098 -0.357924 -1.713414 26.683600 1.587752 11.304447 -9.701437 -1.558596 -2.437209 -0.916613 -1.328595 0.291202 9.831293 1.606813 7.987035 -1.704309 0.986076 -1.441957 4.578099 1.389602 1.439446 5.871552 -0.956212 3.868657 3.807327 -1.707954 -0.214421 0.057501 22.353845 -0.383819 22.292766 44.949208 -16.545474 16.204256 -0.009150 -19.212039 -3.321410 -0.135728 -10.237802 0.000000 0.000000 0.000000 0.000000 0.000000 0.000000 0.000000 0.000000 0.000000 0.000000 0.000000 0.000000 0.000000 0.000000 0.000000 0.000000 0.000000 0.000000 0.000000 0.000000 0.000000 0.000000 0.000000 0.000000 0.000000 0.000000 0.000000 0.000000 0.000000 0.000000 0.000000 0.000000 0.000000 0.000000 0.000000 0.000000 0.000000 0.000000 0.000000 0.000000 0.000000 0.000000 -0.384354 -19.234277 7.280416 23.900812 -43.402087 26.469340 8.907505 2.055453 37.016163 -10.989461 3.377959 11.573224 0.000000 0.000000 0.000000 0.000000 0.000000 0.000000 0.000000 0.000000 0.000000 0.000000 0.000000 0.000000 0.000000 0.000000 0.000000 0.000000 0.000000 0.000000 0.000000 0.000000 0.000000 0.000000 0.000000 0.000000 0.000000 0.000000 0.000000 0.000000 0.000000 0.000000 0.000000 0.000000 0.000000 0.000000 0.000000 0.000000 0.000000 0.000000 0.000000 0.000000 0.000000 0.000000
0.009413 0.648029 1.034992 -2.004598 0.723146 -5.638742 -22.927424 1.577130 -5.220736 19.236153 4.368116 -3.339271 0.239995 -3.688341 12.774289 -0.660239 -2.358242 -1.391655 5.950661 1.331074 -1.123437 38.308622 0.922200 8.966327 -2.366480 -4.008150 -3.329423 -0.712597 -1.308641 0.407253 9.812573 2.771167 6.981714 -2.295806 0.981626 -1.209347 4.919721 1.433651 1.154061 5.997871 -0.880860 3.846626 4.036523 -1.640727 0.161372 0.545565 21.744709 -0.930173 22.287317 44.840138 -17.786586 15.602084 0.003299 -18.996151 -2.500314 -0.014346 -10.523659 0.000000 0.000000 0.000000 0.000000 0.000000 0.000000 0.000000 0.000000 0.000000 0.000000 0.000000 0.000000 0.000000 0.000000 0.000000 0.000000 0.000000 0.000000 0.000000 0.000000 0.000000 0.000000 0.000000 0.000000 0.000000 0.000000 0.000000 0.000000 0.000000 0.000000 0.000000 0.000000 0.000000 0.000000 0.000000 0.000000 0.000000 0.000000 0.000000 0.000000 0.000000 0.000000 -0.004779 -19.205556 7.160404 25.478596 -44.451476 26.613381 8.822547 1.984882 35.785062 -10.150077 2.730876 11.479627 0.000000 0.000000 0.000000 0.000000 0.000000 0.000000 0.000000 0.000000 0.000000 0.000000 0.000000 0.000000 0.000000 0.000000 0.000000 0.000000 0.000000 0.000000 0.000000 0.000000 0.000000 0.000000 0.000000 0.000000 0.000000 0.000000 0.000000 0.000000 0.000000 0.000000 0.000000 0.000000 0.000000 0.000000 0.000000 0.000000 0.000000 0.000000 0.000000 0.000000 0.000000 0.000000
0.012453 0.664914 1.039489 -2.675146 -0.225625 -5.021051 -19.764426 3.269222 -5.327995 19.365346 4.362513 -4.703625 -1.666859 -5.905091 13.587132 -0.728661 -2.276189 -1.243572 -0.151586 2.575576 -0.463526 48.674635 0.469232 7.076243 2.614347 -5.319490 -4.105385 -0.547014 -1.405884 0.484759 10.033255 3.548799 5.595199 -2.817459 0.930727 -0.876249 5.213113 1.442064 0.898888 6.148772 -0.373442 3.990035 3.954079 -1.423733 0.960006 0.756674 21.021947 -1.377830 22.612350 44.646893 -19.611522 15.552886 -0.240264 -19.277621 -2.024444 0.235127 -10.930594 0.000000 0.000000 0.000000 0.000000 0.000000 0.000000 0.000000 0.000000 0.000000 0.000000 0.000000 0.000000 0.000000 0.000000 0.000000 0.000000 0.000000 0.000000 0.000000 0.000000 0.000000 0.000000 0.000000 0.000000 0.000000 0.000000 0.000000 0.000000 0.000000 0.000000 0.000000 0.000000 0.000000 0.000000 0.000000 0.000000 0.000000 0.000000 0.000000 0.000000 0.000000 0.000000 0.327635 -19.089552 6.973023 26.786278 -45.472293 26.922537 8.622684 1.669253 34.265330 -9.455835 1.938993 11.135926 0.000000 0.000000 0.000000 0.000000 0.000000 0.000000 0.000000 0.000000 0.000000 0.000000 0.000000 0.000000 0.000000 0.000000 0.000000 0.000000 0.000000 0.000000 0.000000 0.000000 0.000000 0.000000 0.000000 0.000000 0.000000 0.000000 0.000000 0.000000 0.000000 0.000000 0.000000 0.000000 0.000000 0.000000 0.000000 0.000000 0.000000 0.000000 0.000000 0.000000 0.000000 0.000000
0.013610 0.678578 1.044919 -3.508488 -0.670951 -4.321978 -15.779053 4.232012 -4.991638 18.529625 4.040068 -6.102214 -4.254578 -7.718027 13.633863 -0.828078 -2.286431 -1.232542 -5.984687 2.962584 0.233923 56.110392 -0.228330 5.366059 3.642882 -4.763724 -5.549884 -0.483605 -1.471594 0.558822 10.229061 3.898847 4.034386 -2.973576 0.647356 -0.675533 5.270448 1.397327 0.585396 6.138238 0.115319 4.318411 3.469888 -1.048524 1.562436 0.726800 20.532845 -2.019268 22.829915 44.391808 -21.287676 15.554982 -0.499916 -19.696786 -1.667045 0.202834 -11.155639 0.000000 0.000000 0.000000 0.000000 0.000000 0.000000 0.000000 0.000000 0.000000 0.000000 0.000000 0.000000 0.000000 0.000000 0.000000 0.000000 0.000000 0.000000 0.000000 0.000000 0.000000 0.000000 0.000000 0.000000 0.000000 0.000000 0.000000 0.000000 0.000000 0.000000 0.000000 0.000000 0.000000 0.000000 0.000000 0.000000 0.000000 0.000000 0.000000 0.000000 0.000000 0.000000 0.540119 -19.182096 7.059887 27.532434 -45.958079 26.803707 8.907700 1.492625 32.875923 -8.656760 1.358173 10.827592 0.000000 0.000000 0.000000 0.000000 0.000000 0.000000 0.000000 0.000000 0.000000 0.000000 0.000000 0.000000 0.000000 0.000000 0.000000 0.000000 0.000000 0.000000 0.000000 0.000000 0.000000 0.000000 0.000000 0.000000 0.000000 0.000000 0.000000 0.000000 0.000000 0.000000 0.000000 0.000000 0.000000 0.000000 0.000000 0.000000 0.000000 0.000000 0.000000 0.000000 0.000000 0.000000
0.011054 0.688617 1.051130 -4.646219 -0.386197 -3.260920 -10.996526 4.648771 -4.294733 16.474271 3.057301 -7.871215 -6.692599 -8.636114 13.745444 -0.878391 -2.409244 -1.182950 -11.708684 2.534973 1.010244 60.421375 -1.405479 3.931257 1.245772 -3.083016 -7.167781 -0.380948 -1.540259 0.596451 10.684419 3.764067 2.260762 -3.115118 0.190593 -0.648049 5.194368 1.223818 0.175821 6.148969 0.581002 4.575545 3.150935 -0.446943 1.764968 0.490925 20.127891 -2.482736 23.073056 44.049845 -23.167540 15.874856 -1.032325 -20.463804 -0.984240 -0.278645 -11.229382 0.000000 0.000000 0.000000 0.000000 0.000000 0.000000 0.000000 0.000000 0.000000 0.000000 0.000000 0.000000 0.000000 0.000000 0.000000 0.000000 0.000000 0.000000 0.000000 0.000000 0.000000 0.000000 0.000000 0.000000 0.000000 0.000000 0.000000 0.000000 0.000000 0.000000 0.000000 0.000000 0.000000 0.000000 0.000000 0.000000 0.000000 0.000000 0.000000 0.000000 0.000000 0.000000 0.647573 -19.545192 6.899787 27.853705 -46.023289 26.110953 9.742719 1.390491 31.789461 -7.602399 1.151190 10.763131 0.000000 0.000000 0.000000 0.000000 0.000000 0.000000 0.000000 0.000000 0.000000 0.000000 0.000000 0.000000 0.000000 0.000000 0.000000 0.000000 0.000000 0.000000 0.000000 0.000000 0.000000 0.000000 0.000000 0.000000 0.000000 0.000000 0.000000 0.000000 0.000000 0.000000 0.000000 0.000000 0.000000 0.000000 0.000000 0.000000 0.000000 0.000000 0.000000 0.000000 0.000000 0.000000
0.007487 0.697356 1.057061 -5.691829 0.184510 -2.074040 -5.881701 4.581078 -3.402672 13.241687 1.936350 -9.987374 -8.416342 -8.466220 13.606681 -0.902276 -2.640702 -1.135729 -16.979437 1.826871 1.787813 61.190067 -2.850189 2.657463 -2.706772 -1.388185 -8.117582 -0.227414 -1.561332 0.641948 11.412120 3.250511 0.525923 -3.305977 -0.338486 -0.796339 4.954869 0.905498 -0.227882 6.053276 1.037418 4.935675 2.866412 0.326627 1.821006 0.152206 19.810782 -2.878261 23.267833 43.839097 -25.077288 15.947286 -1.640757 -21.370035 -0.214826 -0.639647 -11.119816 0.000000 0.000000 0.000000 0.000000 0.000000 0.000000 0.000000 0.000000 0.000000 0.000000 0.000000 0.000000 0.000000 0.000000 0.000000 0.000000 0.000000 0.000000 0.000000 0.000000 0.000000 0.000000 0.000000 0.000000 0.000000 0.000000 0.000000 0.000000 0.000000 0.000000 0.000000 0.000000 0.000000 0.000000 0.000000 0.000000 0.000000 0.000000 0.000000 0.000000 0.000000 0.000000 0.679306 -19.940987 6.590551 27.762535 -45.978131 25.211598 10.582320 1.548507 30.909784 -6.317198 1.195593 10.669914 0.000000 0.000000 0.000000 0.000000 0.000000 0.000000 0.000000 0.000000 0.000000 0.000000 0.000000 0.000000 0.000000 0.000000 0.000000 0.000000 0.000000 0.000000 0.000000 0.000000 0.000000 0.000000 0.000000 0.000000 0.000000 0.000000 0.000000 0.000000 0.000000 0.000000 0.000000 0.000000 0.000000 0.000000 0.000000 0.000000 0.000000 0.000000 0.000000 0.000000 0.000000 0.000000
0.003865 0.706358 1.061161 -6.397959 0.875096 -0.658520 -1.121858 3.901172 -2.428063 10.199965 1.217973 -12.536324 -10.119051 -8.035934 12.827675 -0.788480 -2.539736 -1.112307 -21.126535 1.377625 2.184823 56.803325 -4.501498 1.166064 -5.272369 -0.814685 -8.642462 -0.216954 -1.727124 0.625076 12.447688 2.423342 -0.956909 -3.642938 -0.962413 -0.989876 4.744582 0.467726 -0.661308 5.705245 1.518454 4.846244 2.449798 0.705896 1.710860 -0.273854 18.988475 -3.318963 23.778487 43.856625 -27.671580 15.461345 -1.944685 -22.964136 -0.704765 -1.630102 -10.924463 0.000000 0.000000 0.000000 0.000000 0.000000 0.000000 0.000000 0.000000 0.000000 0.000000 0.000000 0.000000 0.000000 0.000000 0.000000 0.000000 0.000000 0.000000 0.000000 0.000000 0.000000 0.000000 0.000000 0.000000 0.000000 0.000000 0.000000 0.000000 0.000000 0.000000 0.000000 0.000000 0.000000 0.000000 0.000000 0.000000 0.000000 0.000000 0.000000 0.000000 0.000000 0.000000 0.459053 -19.752186 6.065448 27.938888 -46.015827 24.478196 11.202752 1.544176 30.213041 -5.411990 1.751401 10.296808 0.000000 0.000000 0.000000 0.000000 0.000000 0.000000 0.000000 0.000000 0.000000 0.000000 0.000000 0.000000 0.000000 0.000000 0.000000 0.000000 0.000000 0.000000 0.000000 0.000000 0.000000 0.000000 0.000000 0.000000 0.000000 0.000000 0.000000 0.000000 0.000000 0.000000 0.000000 0.000000 0.000000 0.000000 0.000000 0.000000 0.000000 0.000000 0.000000 0.000000 0.000000 0.000000
0.003805 0.716879 1.062729 -6.704387 1.087501 0.461974 2.669527 3.534381 -1.573421 7.515082 0.759872 -14.218235 -11.480169 -7.613559 11.798574 -0.718098 -2.335769 -1.031799 -23.504250 0.962187 2.336380 49.578248 -4.896072 -0.565497 -6.164024 -1.039268 -9.480111 -0.264076 -1.843972 0.603127 13.127026 1.990565 -2.029355 -3.779332 -1.289046 -1.157191 4.580270 0.095279 -1.024010 5.468025 1.831374 4.883816 2.500299 0.517584 2.158511 -0.575334 18.205865 -3.698718 23.696157 43.530338 -29.951889 14.844990 -1.964292 -24.206589 -1.914384 -2.740595 -11.174850 0.000000 0.000000 0.000000 0.000000 0.000000 0.000000 0.000000 0.000000 0.000000 0.000000 0.000000 0.000000 0.000000 0.000000 0.000000 0.000000 0.000000 0.000000 0.000000 0.000000 0.000000 0.000000 0.000000 0.000000 0.000000 0.000000 0.000000 0.000000 0.000000 0.000000 0.000000 0.000000 0.000000 0.000000 0.000000 0.000000 0.000000 0.000000 0.000000 0.000000 0.000000 0.000000 0.326336 -19.433393 5.516440 28.257220 -46.209579 24.229849 11.292321 1.409667 29.481805 -4.858111 1.968937 10.063807 0.000000 0.000000 0.000000 0.000000 0.000000 0.000000 0.000000 0.000000 0.000000 0.000000 0.000000 0.000000 0.000000 0.000000 0.000000 0.000000 0.000000 0.000000 0.000000 0.000000 0.000000 0.000000 0.000000 0.000000 0.000000 0.000000 0.000000 0.000000 0.000000 0.000000 0.000000 0.000000 0.000000 0.000000 0.000000 0.000000 0.000000 0.000000 0.000000 0.000000 0.000000 0.000000
0.005681 0.724762 1.062162 -7.311247 1.042772 1.861624 6.301514 3.161037 -0.765714 5.482649 0.628956 -15.589462 -13.060942 -7.350590 10.553949 -0.577313 -1.917638 -0.914429 -24.720699 0.755193 2.419932 40.016549 -4.595645 -2.125338 -5.441314 -2.266326 -10.163924 -0.332898 -1.986775 0.541486 13.751836 1.814978 -2.951505 -3.848591 -1.681856 -1.353146 4.504608 -0.302954 -1.374761 5.198912 2.023550 4.723090 2.356924 0.106348 2.533338 -0.864420 17.282309 -4.191315 23.321055 43.140325 -32.004261 14.071735 -2.067902 -25.992217 -3.502875 -3.613395 -11.721201 0.000000 0.000000 0.000000 0.000000 0.000000 0.000000 0.000000 0.000000 0.000000 0.000000 0.000000 0.000000 0.000000 0.000000 0.000000 0.000000 0.000000 0.000000 0.000000 0.000000 0.000000 0.000000 0.000000 0.000000 0.000000 0.000000 0.000000 0.000000 0.000000 0.000000 0.000000 0.000000 0.000000 0.000000 0.000000 0.000000 0.000000 0.000000 0.000000 0.000000 0.000000 0.000000 0.227440 -19.143539 4.940510 28.611703 -46.349873 23.882527 10.940814 1.314273 29.076941 -4.530520 1.749732 9.724113 0.000000 0.000000 0.000000 0.000000 0.000000 0.000000 0.000000 0.000000 0.000000 0.000000 0.000000 0.000000 0.000000 0.000000 0.000000 0.000000 0.000000 0.000000 0.000000 0.000000 0.000000 0.000000 0.000000 0.000000 0.000000 0.000000 0.000000 0.000000 0.000000 0.000000 0.000000 0.000000 0.000000 0.000000 0.000000 0.000000 0.000000 0.000000 0.000000 0.000000 0.000000 0.000000
0.011357 0.729617 1.060486 -8.578839 0.411214 3.045789 10.044741 3.194635 0.014623 4.690241 0.576026 -17.031728 -14.948749 -7.259049 9.267339 -0.510239 -1.487329 -0.813838 -24.237912 0.527785 2.479933 28.643231 -2.804174 -2.490588 -3.939002 -4.186204 -10.360859 -0.432955 -2.124073 0.444459 14.162363 1.975433 -3.625866 -3.775547 -1.914276 -1.540728 4.571564 -0.648028 -1.665065 4.949244 2.286197 4.410477 2.085618 -0.363425 3.131772 -1.161983 16.497666 -4.561010 22.527162 42.766782 -33.412991 13.062634 -2.090316 -27.753731 -4.841438 -4.221855 -12.294788 0.000000 0.000000 0.000000 0.000000 0.000000 0.000000 0.000000 0.000000 0.000000 0.000000 0.000000 0.000000 0.000000 0.000000 0.000000 0.000000 0.000000 0.000000 0.000000 0.000000 0.000000 0.000000 0.000000 0.000000 0.000000 0.000000 0.000000 0.000000 0.000000 0.000000 0.000000 0.000000 0.000000 0.000000 0.000000 0.000000 0.000000 0.000000 0.000000 0.000000 0.000000 0.000000 0.078830 -18.791052 4.455934 29.031617 -46.661458 23.815432 10.199563 1.140262 28.573135 -3.990363 1.442522 9.340081 0.000000 0.000000 0.000000 0.000000 0.000000 0.000000 0.000000 0.000000 0.000000 0.000000 0.000000 0.000000 0.000000 0.000000 0.000000 0.000000 0.000000 0.000000 0.000000 0.000000 0.000000 0.000000 0.000000 0.000000 0.000000 0.000000 0.000000 0.000000 0.000000 0.000000 0.000000 0.000000 0.000000 0.000000 0.000000 0.000000 0.000000 0.000000 0.000000 0.000000 0.000000 0.000000
0.017856 0.734564 1.058347 -10.102696 -0.302330 4.218344 13.775024 3.165947 0.793591 5.097317 0.320044 -18.256610 -17.308715 -7.318429 7.915802 -0.522503 -1.087466 -0.722782 -22.453119 0.354587 2.220264 15.989467 -0.392980 -1.737717 -2.187673 -6.541485 -10.305423 -0.451442 -2.215940 0.292429 14.318935 2.292068 -4.037569 -3.524623 -2.064727 -1.738783 4.746690 -0.975435 -1.971893 4.632198 2.381931 3.852632 1.902838 -0.931309 3.952481 -1.477429 16.093080 -4.825132 21.534726 42.478689 -34.147969 12.462541 -1.923816 -29.044897 -5.850689 -4.799052 -12.915953 0.000000 0.000000 0.000000 0.000000 0.000000 0.000000 0.000000 0.000000 0.000000 0.000000 0.000000 0.000000 0.000000 0.000000 0.000000 0.000000 0.000000 0.000000 0.000000 0.000000 0.000000 0.000000 0.000000 0.000000 0.000000 0.000000 0.000000 0.000000 0.000000 0.000000 0.000000 0.000000 0.000000 0.000000 0.000000 0.000000 0.000000 0.000000 0.000000 0.000000 0.000000 0.000000 -0.175935 -18.548858 4.020681 29.332197 -46.868771 23.786401 8.942483 0.789748 27.910320 -3.640420 0.809554 8.952592 0.000000 0.000000 0.000000 0.000000 0.000000 0.000000 0.000000 0.000000 0.000000 0.000000 0.000000 0.000000 0.000000 0.000000 0.000000 0.000000 0.000000 0.000000 0.000000 0.000000 0.000000 0.000000 0.000000 0.000000 0.000000 0.000000 0.000000 0.000000 0.000000 0.000000 0.000000 0.000000 0.000000 0.000000 0.000000 0.000000 0.000000 0.000000 0.000000 0.000000 0.000000 0.000000
0.024232 0.747056 1.055110 -10.831965 -0.957393 5.203799 16.706101 3.104759 1.302368 6.321542 -0.110676 -19.497120 -19.636696 -7.484784 7.029790 -0.603744 -0.829525 -0.705516 -21.599040 0.343965 1.884212 9.389758 0.815943 -1.458152 -1.104745 -7.862783 -10.254956 -0.425194 -2.146268 0.193771 14.200632 2.480995 -4.313767 -3.184536 -2.222264 -1.922431 4.732822 -1.101724 -2.156114 4.463799 2.514168 3.560878 1.602315 -1.002540 4.396947 -1.496695 15.995211 -5.066487 20.635572 42.241779 -34.305425 12.200652 -1.913436 -30.155257 -5.894932 -5.475228 -13.217127 0.000000 0.000000 0.000000 0.000000 0.000000 0.000000 0.000000 0.000000 0.000000 0.000000 0.000000 0.000000 0.000000 0.000000 0.000000 0.000000 0.000000 0.000000 0.000000 0.000000 0.000000 0.000000 0.000000 0.000000 0.000000 0.000000 0.000000 0.000000 0.000000 0.000000 0.000000 0.000000 0.000000 0.000000 0.000000 0.000000 0.000000 0.000000 0.000000 0.000000 0.000000 0.000000 -0.206129 -18.589530 3.875864 29.238613 -46.908804 23.327839 8.285256 0.408861 27.405204 -3.266870 0.597423 8.677528 0.000000 0.000000 0.000000 0.000000 0.000000 0.000000 0.000000 0.000000 0.000000 0.000000 0.000000 0.000000 0.000000 0.000000 0.000000 0.000000 0.000000 0.000000 0.000000 0.000000 0.000000 0.000000 0.000000 0.000000 0.000000 0.000000 0.000000 0.000000 0.000000 0.000000 0.000000 0.000000 0.000000 0.000000 0.000000 0.000000 0.000000 0.000000 0.000000 0.000000 0.000000 0.000000
0.027992 0.767092 1.051002 -10.515268 -1.154961 6.256858 18.529293 2.497317 1.552834 8.617497 -0.494811 -20.649243 -21.293738 -7.598132 6.675858 -0.679957 -0.678635 -0.674948 -21.825091 -0.055816 2.114225 9.548097 0.799208 -1.546865 -0.602581 -7.548844 -10.461157 -0.499652 -2.100918 0.162704 13.722411 2.108519 -4.694957 -2.947904 -2.461608 -1.993379 4.603331 -0.952345 -2.304371 4.655591 2.635301 3.333633 1.452530 -0.783728 4.698968 -1.180370 16.287336 -5.193272 20.219535 42.025478 -34.259751 12.254496 -2.168132 -31.047278 -5.563403 -6.080399 -13.389400 0.000000 0.000000 0.000000 0.000000 0.000000 0.000000 0.000000 0.000000 0.000000 0.000000 0.000000 0.000000 0.000000 0.000000 0.000000 0.000000 0.000000 0.000000 0.000000 0.000000 0.000000 0.000000 0.000000 0.000000 0.000000 0.000000 0.000000 0.000000 0.000000 0.000000 0.000000 0.000000 0.000000 0.000000 0.000000 0.000000 0.000000 0.000000 0.000000 0.000000 0.000000 0.000000 -0.009491 -18.926886 3.804025 28.890402 -46.720833 22.578580 8.121213 0.258285 26.773755 -2.928853 0.449738 8.641508 0.000000 0.000000 0.000000 0.000000 0.000000 0.000000 0.000000 0.000000 0.000000 0.000000 0.000000 0.000000 0.000000 0.000000 0.000000 0.000000 0.000000 0.000000 0.000000 0.000000 0.000000 0.000000 0.000000 0.000000 0.000000 0.000000 0.000000 0.000000 0.000000 0.000000 0.000000 0.000000 0.000000 0.000000 0.000000 0.000000 0.000000 0.000000 0.000000 0.000000 0.000000 0.000000
0.029732 0.791192 1.047626 -9.599010 -0.950367 7.036826 19.189469 1.516672 1.513805 12.860043 -1.007322 -21.508698 -20.921938 -7.202489 7.278204 -0.729542 -0.599539 -0.665086 -22.798677 -0.889295 2.721457 13.682645 0.344099 -1.424400 -0.100998 -6.299667 -10.611559 -0.726253 -2.058639 0.235934 13.053681 1.314713 -5.091095 -2.952983 -2.714607 -1.925269 4.439552 -0.690997 -2.470412 4.723301 2.805233 3.056467 1.331139 -0.492244 4.688364 -0.755043 17.084671 -4.985003 20.352772 41.993065 -33.893137 12.094851 -2.400754 -31.535336 -5.555923 -6.092323 -13.368798 0.000000 0.000000 0.000000 0.000000 0.000000 0.000000 0.000000 0.000000 0.000000 0.000000 0.000000 0.000000 0.000000 0.000000 0.000000 0.000000 0.000000 0.000000 0.000000 0.000000 0.000000 0.000000 0.000000 0.000000 0.000000 0.000000 0.000000 0.000000 0.000000 0.000000 0.000000 0.000000 0.000000 0.000000 0.000000 0.000000 0.000000 0.000000 0.000000 0.000000 0.000000 0.000000 0.280359 -19.478089 3.742933 28.359994 -46.371524 21.721597 8.260684 0.211461 25.838515 -2.844031 0.108883 8.643460 0.000000 0.000000 0.000000 0.000000 0.000000 0.000000 0.000000 0.000000 0.000000 0.000000 0.000000 0.000000 0.000000 0.000000 0.000000 0.000000 0.000000 0.000000 0.000000 0.000000 0.000000 0.000000 0.000000 0.000000 0.000000 0.000000 0.000000 0.000000 0.000000 0.000000 0.000000 0.000000 0.000000 0.000000 0.000000 0.000000 0.000000 0.000000 0.000000 0.000000 0.000000 0.000000
0.029957 0.820655 1.046353 -8.209157 -0.389156 7.229191 17.830809 0.095207 1.309239 20.649574 -1.290306 -21.522247 -16.620684 -5.273178 8.515460 -0.604887 -0.624046 -0.660835 -24.349802 -1.977550 3.301808 20.418592 -0.890820 -1.570817 0.487350 -4.199427 -10.561181 -0.938657 -1.937416 0.288002 12.054192 0.211663 -5.240353 -2.769214 -2.971178 -1.764206 4.288837 -0.351904 -2.482138 5.043458 2.981149 3.081546 1.384587 0.101338 4.761022 -0.183709 18.043263 -4.459401 20.937624 42.121509 -33.259221 11.971121 -2.588013 -31.671538 -5.948834 -5.745366 -13.267559 0.000000 0.000000 0.000000 0.000000 0.000000 0.000000 0.000000 0.000000 0.000000 0.000000 0.000000 0.000000 0.000000 0.000000 0.000000 0.000000 0.000000 0.000000 0.000000 0.000000 0.000000 0.000000 0.000000 0.000000 0.000000 0.000000 0.000000 0.000000 0.000000 0.000000 0.000000 0.000000 0.000000 0.000000 0.000000 0.000000 0.000000 0.000000 0.000000 0.000000 0.000000 0.000000 0.856860 -20.154479 3.835923 27.396472 -45.777815 20.918376 8.727514 0.176887 24.989329 -3.270116 -0.368745 8.678510 0.000000 0.000000 0.000000 0.000000 0.000000 0.000000 0.000000 0.000000 0.000000 0.000000 0.000000 0.000000 0.000000 0.000000 0.000000 0.000000 0.000000 0.000000 0.000000 0.000000 0.000000 0.000000 0.000000 0.000000 0.000000 0.000000 0.000000 0.000000 0.000000 0.000000 0.000000 0.000000 0.000000 0.000000 0.000000 0.000000 0.000000 0.000000 0.000000 0.000000 0.000000 0.000000
0.029701 0.850416 1.048187 -6.780518 0.323702 6.817848 14.446230 -1.392574 1.001721 30.165766 -0.934523 -20.083634 -9.545440 -1.851383 8.509199 -0.338330 -0.747843 -0.691064 -24.908899 -3.220909 3.611775 24.762499 -1.918061 -1.519368 0.417406 -1.865326 -10.275427 -0.930913 -1.746954 0.307269 11.329172 -0.908663 -5.153067 -2.810293 -3.020347 -1.711765 4.245960 -0.086162 -2.482985 5.262181 3.025274 3.263503 1.421196 0.562466 4.977265 0.167450 18.793431 -3.987673 21.676143 42.699990 -32.212368 12.347260 -2.794569 -30.879536 -5.967068 -5.304124 -12.782588 0.000000 0.000000 0.000000 0.000000 0.000000 0.000000 0.000000 0.000000 0.000000 0.000000 0.000000 0.000000 0.000000 0.000000 0.000000 0.000000 0.000000 0.000000 0.000000 0.000000 0.000000 0.000000 0.000000 0.000000 0.000000 0.000000 0.000000 0.000000 0.000000 0.000000 0.000000 0.000000 0.000000 0.000000 0.000000 0.000000 0.000000 0.000000 0.000000 0.000000 0.000000 0.000000 1.267131 -20.498653 4.109065 26.662950 -45.416322 20.589144 9.195939 0.040415 24.580863 -4.716440 -0.582995 8.582111 0.000000 0.000000 0.000000 0.000000 0.000000 0.000000 0.000000 0.000000 0.000000 0.000000 0.000000 0.000000 0.000000 0.000000 0.000000 0.000000 0.000000 0.000000 0.000000 0.000000 0.000000 0.000000 0.000000 0.000000 0.000000 0.000000 0.000000 0.000000 0.000000 0.000000 0.000000 0.000000 0.000000 0.000000 0.000000 0.000000 0.000000 0.000000 0.000000 0.000000 0.000000 0.000000
0.029676 0.876989 1.052390 -5.584907 0.962212 6.160281 9.121573 -2.786233 0.585067 41.027296 -0.319575 -17.312583 -1.712360 1.233221 7.980805 -0.121256 -0.832466 -0.781614 -24.263057 -4.452144 3.624943 26.882887 -2.546187 -1.253999 -0.617033 0.635871 -9.545764 -0.900791 -1.560419 0.341822 10.999431 -1.881275 -4.543298 -3.218833 -2.854319 -1.722137 4.482245 0.045811 -2.336395 5.195369 2.904371 3.172707 1.708142 0.717832 5.091669 0.301018 19.211282 -3.689541 22.618944 43.637786 -31.348207 13.356473 -2.763999 -29.241373 -5.898752 -4.723745 -12.053483 0.000000 0.000000 0.000000 0.000000 0.000000 0.000000 0.000000 0.000000 0.000000 0.000000 0.000000 0.000000 0.000000 0.000000 0.000000 0.000000 0.000000 0.000000 0.000000 0.000000 0.000000 0.000000 0.000000 0.000000 0.000000 0.000000 0.000000 0.000000 0.000000 0.000000 0.000000 0.000000 0.000000 0.000000 0.000000 0.000000 0.000000 0.000000 0.000000 0.000000 0.000000 0.000000 1.513823 -20.515314 4.400082 25.996307 -45.306201 20.352920 9.628501 -0.074978 25.069723 -6.596005 -0.703175 8.565686 0.000000 0.000000 0.000000 0.000000 0.000000 0.000000 0.000000 0.000000 0.000000 0.000000 0.000000 0.000000 0.000000 0.000000 0.000000 0.000000 0.000000 0.000000 0.000000 0.000000 0.000000 0.000000 0.000000 0.000000 0.000000 0.000000 0.000000 0.000000 0.000000 0.000000 0.000000 0.000000 0.000000 0.000000 0.000000 0.000000 0.000000 0.000000 0.000000 0.000000 0.000000 0.000000
0.030594 0.896658 1.058659 -5.099245 1.333890 5.514347 3.067757 -3.714273 -0.069936 50.387757 0.659173 -13.678516 3.306605 2.394106 8.106060 -0.065456 -0.874052 -0.912514 -21.644482 -5.444895 3.305359 26.976674 -2.644168 -0.670574 -2.709681 2.941376 -8.603155 -0.972029 -1.399784 0.422724 11.119625 -2.413436 -3.404048 -3.697754 -2.681818 -1.871683 4.702943 0.072207 -2.138489 4.928075 2.734971 2.693510 1.955123 0.662159 5.002936 0.411098 19.552116 -3.537372 23.356811 44.487456 -30.266386 14.894602 -2.571208 -27.340619 -5.926935 -3.972467 -11.420194 0.000000 0.000000 0.000000 0.000000 0.000000 0.000000 0.000000 0.000000 0.000000 0.000000 0.000000 0.000000 0.000000 0.000000 0.000000 0.000000 0.000000 0.000000 0.000000 0.000000 0.000000 0.000000 0.000000 0.000000 0.000000 0.000000 0.000000 0.000000 0.000000 0.000000 0.000000 0.000000 0.000000 0.000000 0.000000 0.000000 0.000000 0.000000 0.000000 0.000000 0.000000 0.000000 1.547289 -20.502428 4.650435 25.468107 -45.142100 20.178719 10.163002 -0.083958 25.968711 -8.044449 -0.334135 8.681520 0.000000 0.000000 0.000000 0.000000 0.000000 0.000000 0.000000 0.000000 0.000000 0.000000 0.000000 0.000000 0.000000 0.000000 0.000000 0.000000 0.000000 0.000000 0.000000 0.000000 0.000000 0.000000 0.000000 0.000000 0.000000 0.000000 0.000000 0.000000 0.000000 0.000000 0.000000 0.000000 0.000000 0.000000 0.000000 0.000000 0.000000 0.000000 0.000000 0.000000 0.000000 0.000000
0.031906 0.913758 1.066486 -5.039232 1.435400 4.488211 -3.579563 -3.939177 -0.866131 57.771998 2.128107 -9.942122 3.168851 1.156027 9.458485 -0.126375 -1.087836 -1.097553 -17.301780 -6.211328 2.592742 25.142847 -2.134313 0.438773 -4.905958 4.525127 -7.870575 -1.140250 -1.212531 0.603561 11.359503 -2.618193 -1.640228 -3.987257 -2.462430 -2.030635 4.870736 0.099176 -1.804964 4.817389 2.370005 2.137950 2.141373 0.613374 4.709086 0.619403 19.835479 -3.350876 23.685670 45.167325 -28.594113 16.694459 -2.064180 -25.356257 -6.528496 -3.040648 -10.999598 0.000000 0.000000 0.000000 0.000000 0.000000 0.000000 0.000000 0.000000 0.000000 0.000000 0.000000 0.000000 0.000000 0.000000 0.000000 0.000000 0.000000 0.000000 0.000000 0.000000 0.000000 0.000000 0.000000 0.000000 0.000000 0.000000 0.000000 0.000000 0.000000 0.000000 0.000000 0.000000 0.000000 0.000000 0.000000 0.000000 0.000000 0.000000 0.000000 0.000000 0.000000 0.000000 1.479224 -20.346559 4.843725 24.885121 -44.761080 20.177358 10.931153 -0.095838 27.466119 -9.338942 0.590992 9.062149 0.000000 0.000000 0.000000 0.000000 0.000000 0.000000 0.000000 0.000000 0.000000 0.000000 0.000000 0.000000 0.000000 0.000000 0.000000 0.000000 0.000000 0.000000 0.000000 0.000000 0.000000 0.000000 0.000000 0.000000 0.000000 0.000000 0.000000 0.000000 0.000000 0.000000 0.000000 0.000000 0.000000 0.000000 0.000000 0.000000 0.000000 0.000000 0.000000 0.000000 0.000000 0.000000
0.034143 0.928053 1.075138 -5.508393 1.229420 3.302405 -9.612125 -3.487735 -1.860683 61.511237 3.757210 -7.368311 0.259574 -0.742674 10.855756 -0.185967 -1.187838 -1.190621 -11.701956 -6.256940 1.729953 21.423931 -1.285018 1.994294 -6.424702 4.772241 -7.362896 -1.335391 -1.003819 0.685534 11.589374 -2.286025 0.477488 -3.984320 -2.207157 -2.256138 5.029977 0.187953 -1.343285 5.043796 2.105990 1.690940 2.066515 0.346749 4.164911 0.762485 20.085477 -3.128743 23.698425 45.513067 -26.833851 17.817909 -1.392236 -23.858417 -6.761398 -2.361294 -10.948041 0.000000 0.000000 0.000000 0.000000 0.000000 0.000000 0.000000 0.000000 0.000000 0.000000 0.000000 0.000000 0.000000 0.000000 0.000000 0.000000 0.000000 0.000000 0.000000 0.000000 0.000000 0.000000 0.000000 0.000000 0.000000 0.000000 0.000000 0.000000 0.000000 0.000000 0.000000 0.000000 0.000000 0.000000 0.000000 0.000000 0.000000 0.000000 0.000000 0.000000 0.000000 0.000000 1.305763 -20.139077 4.901426 24.293880 -44.494560 20.210728 11.359393 0.145617 29.112577 -9.889658 1.604044 9.595385 0.000000 0.000000 0.000000 0.000000 0.000000 0.000000 0.000000 0.000000 0.000000 0.000000 0.000000 0.000000 0.000000 0.000000 0.000000 0.000000 0.000000 0.000000 0.000000 0.000000 0.000000 0.000000 0.000000 0.000000 0.000000 0.000000 0.000000 0.000000 0.000000 0.000000 0.000000 0.000000 0.000000 0.000000 0.000000 0.000000 0.000000 0.000000 0.000000 0.000000 0.000000 0.000000
0.037883 0.942886 1.083154 -5.934310 0.711271 2.028340 -15.022253 -2.773032 -2.790448 60.809907 5.309747 -5.807244 -3.321142 -2.621542 11.751515 -0.271868 -1.233592 -1.228264 -5.859687 -5.637363 0.598995 16.571634 -0.314868 3.597199 -7.092577 4.072148 -6.887630 -1.465048 -0.839915 0.672449 11.678263 -1.605704 2.694377 -3.879982 -1.776437 -2.432830 5.029763 0.377034 -0.845637 5.599822 1.810497 1.415945 1.934362 -0.004870 3.550957 0.901307 20.403652 -2.726039 23.296738 45.611796 -24.747241 18.690568 -0.675731 -22.557489 -6.937514 -1.958683 -11.138569 0.000000 0.000000 0.000000 0.000000 0.000000 0.000000 0.000000 0.000000 0.000000 0.000000 0.000000 0.000000 0.000000 0.000000 0.000000 0.000000 0.000000 0.000000 0.000000 0.000000 0.000000 0.000000 0.000000 0.000000 0.000000 0.000000 0.000000 0.000000 0.000000 0.000000 0.000000 0.000000 0.000000 0.000000 0.000000 0.000000 0.000000 0.000000 0.000000 0.000000 0.000000 0.000000 0.990899 -19.724876 4.947802 24.049324 -44.309516 20.849765 11.729831 0.345364 30.763362 -10.581471 2.168254 10.245890 0.000000 0.000000 0.000000 0.000000 0.000000 0.000000 0.000000 0.000000 0.000000 0.000000 0.000000 0.000000 0.000000 0.000000 0.000000 0.000000 0.000000 0.000000 0.000000 0.000000 0.000000 0.000000 0.000000 0.000000 0.000000 0.000000 0.000000 0.000000 0.000000 0.000000 0.000000 0.000000 0.000000 0.000000 0.000000 0.000000 0.000000 0.000000 0.000000 0.000000 0.000000 0.000000
0.041379 0.958559 1.089344 -6.272032 0.203659 0.805231 -19.110612 -2.137213 -3.247492 55.289329 6.560488 -4.561233 -5.730677 -3.473362 12.048050 -0.308185 -1.182280 -1.287764 -0.589714 -4.782362 -0.409676 11.850903 0.360076 4.714922 -7.103506 2.841677 -6.350547 -1.559234 -0.764125 0.583365 11.842253 -1.007189 4.301194 -3.707757 -1.183375 -2.486427 4.925767 0.621073 -0.368440 5.811538 1.638376 1.440394 1.977086 -0.323715 3.093191 0.933270 20.644725 -2.096720 22.954231 45.692508 -22.684252 18.915024 -0.373761 -22.183352 -6.761681 -1.637205 -11.746002 0.000000 0.000000 0.000000 0.000000 0.000000 0.000000 0.000000 0.000000 0.000000 0.000000 0.000000 0.000000 0.000000 0.000000 0.000000 0.000000 0.000000 0.000000 0.000000 0.000000 0.000000 0.000000 0.000000 0.000000 0.000000 0.000000 0.000000 0.000000 0.000000 0.000000 0.000000 0.000000 0.000000 0.000000 0.000000 0.000000 0.000000 0.000000 0.000000 0.000000 0.000000 0.000000 0.611822 -18.976092 5.028021 24.071908 -44.261471 21.750130 11.622398 0.322897 32.897837 -11.856552 2.498155 11.204714 0.000000 0.000000 0.000000 0.000000 0.000000 0.000000 0.000000 0.000000 0.000000 0.000000 0.000000 0.000000 0.000000 0.000000 0.000000 0.000000 0.000000 0.000000 0.000000 0.000000 0.000000 0.000000 0.000000 0.000000 0.000000 0.000000 0.000000 0.000000 0.000000 0.000000 0.000000 0.000000 0.000000 0.000000 0.000000 0.000000 0.000000 0.000000 0.000000 0.000000 0.000000 0.000000
0.044162 0.974984 1.092578 -6.568797 -0.296395 -0.756396 -21.155448 -1.595510 -3.359275 44.058014 6.455593 -2.901532 -6.172212 -2.592958 12.027208 -0.266490 -1.306143 -1.265192 3.706622 -4.110841 -1.176191 9.023420 0.776556 5.514382 -7.491867 2.119036 -5.883754 -1.388109 -0.831049 0.480810 12.491786 -0.747812 5.411820 -3.557344 -0.288139 -2.270875 4.729263 0.759873 0.145043 5.544831 1.697786 1.720238 2.194195 -0.516215 2.535367 0.650453 20.933472 -1.177870 22.570176 45.920980 -20.422791 18.637870 -0.222558 -21.562705 -6.543636 -0.953562 -12.279046 0.000000 0.000000 0.000000 0.000000 0.000000 0.000000 0.000000 0.000000 0.000000 0.000000 0.000000 0.000000 0.000000 0.000000 0.000000 0.000000 0.000000 0.000000 0.000000 0.000000 0.000000 0.000000 0.000000 0.000000 0.000000 0.000000 0.000000 0.000000 0.000000 0.000000 0.000000 0.000000 0.000000 0.000000 0.000000 0.000000 0.000000 0.000000 0.000000 0.000000 0.000000 0.000000 -0.000380 -18.165958 5.456242 24.117981 -44.102023 22.887086 11.333070 0.830156 35.385015 -13.024393 3.118021 11.998146 0.000000 0.000000 0.000000 0.000000 0.000000 0.000000 0.000000 0.000000 0.000000 0.000000 0.000000 0.000000 0.000000 0.000000 0.000000 0.000000 0.000000 0.000000 0.000000 0.000000 0.000000 0.000000 0.000000 0.000000 0.000000 0.000000 0.000000 0.000000 0.000000 0.000000 0.000000 0.000000 0.000000 0.000000 0.000000 0.000000 0.000000 0.000000 0.000000 0.000000 0.000000 0.000000
0.042444 0.993032 1.091844 -6.690798 -0.174291 -2.007175 -21.857796 -1.609017 -3.101865 32.863322 5.285432 -1.967258 -5.157661 -0.966762 11.544664 -0.176989 -1.370503 -1.226237 7.426130 -4.036739 -1.723863 7.409390 0.923814 6.311550 -8.319268 1.997630 -5.523495 -1.258627 -0.971152 0.463616 13.071253 -0.789746 6.252729 -3.455593 0.328072 -2.054960 4.590834 0.773557 0.577451 5.410631 1.628937 2.002456 2.236049 -0.528998 1.696333 0.428005 20.962907 -0.452620 22.426958 46.233140 -18.635301 18.809586 0.078175 -21.561486 -6.573039 -0.871263 -12.365282 0.000000 0.000000 0.000000 0.000000 0.000000 0.000000 0.000000 0.000000 0.000000 0.000000 0.000000 0.000000 0.000000 0.000000 0.000000 0.000000 0.000000 0.000000 0.000000 0.000000 0.000000 0.000000 0.000000 0.000000 0.000000 0.000000 0.000000 0.000000 0.000000 0.000000 0.000000 0.000000 0.000000 0.000000 0.000000 0.000000 0.000000 0.000000 0.000000 0.000000 0.000000 0.000000 -0.312375 -17.465813 5.907678 23.803540 -43.920628 23.672835 10.787795 1.020959 37.362736 -14.144876 3.983989 12.288385 0.000000 0.000000 0.000000 0.000000 0.000000 0.000000 0.000000 0.000000 0.000000 0.000000 0.000000 0.000000 0.000000 0.000000 0.000000 0.000000 0.000000 0.000000 0.000000 0.000000 0.000000 0.000000 0.000000 0.000000 0.000000 0.000000 0.000000 0.000000 0.000000 0.000000 0.000000 0.000000 0.000000 0.000000 0.000000 0.000000 0.000000 0.000000 0.000000 0.000000 0.000000 0.000000
0.037745 1.013286 1.087567 -6.506512 0.360976 -3.144031 -21.304889 -1.932774 -2.398415 20.286698 3.292167 -1.898742 -4.162738 0.842929 10.821166 -0.144413 -1.427575 -1.212171 10.697955 -4.331173 -2.300283 6.566381 0.969655 7.416689 -9.817861 2.027017 -4.901014 -1.085790 -1.095162 0.455277 13.529273 -1.148043 6.806335 -3.405215 0.861257 -1.777848 4.575826 0.712107 0.906854 5.451364 1.586931 2.330605 2.305578 -0.556414 1.057193 0.095218 21.163321 0.119313 21.994482 46.581178 -16.741788 18.723062 0.566247 -21.334170 -6.701995 -0.813998 -12.093115 0.000000 0.000000 0.000000 0.000000 0.000000 0.000000 0.000000 0.000000 0.000000 0.000000 0.000000 0.000000 0.000000 0.000000 0.000000 0.000000 0.000000 0.000000 0.000000 0.000000 0.000000 0.000000 0.000000 0.000000 0.000000 0.000000 0.000000 0.000000 0.000000 0.000000 0.000000 0.000000 0.000000 0.000000 0.000000 0.000000 0.000000 0.000000 0.000000 0.000000 0.000000 0.000000 -0.715052 -16.899703 6.384242 23.082440 -43.635482 24.098137 10.100759 1.056698 39.204873 -15.019010 4.703631 12.427541 0.000000 0.000000 0.000000 0.000000 0.000000 0.000000 0.000000 0.000000 0.000000 0.000000 0.000000 0.000000 0.000000 0.000000 0.000000 0.000000 0.000000 0.000000 0.000000 0.000000 0.000000 0.000000 0.000000 0.000000 0.000000 0.000000 0.000000 0.000000 0.000000 0.000000 0.000000 0.000000 0.000000 0.000000 0.000000 0.000000 0.000000 0.000000 0.000000 0.000000 0.000000 0.000000
0.031635 1.034359 1.080656 -6.186997 1.136803 -4.039829 -19.951724 -2.095145 -1.579669 8.402626 1.122024 -2.602766 -3.808208 2.200266 10.118775 -0.178090 -1.528895 -1.170329 13.654313 -4.704326 -3.027819 6.260349 1.096725 8.866573 -12.246093 2.214790 -3.773932 -0.917571 -1.238074 0.400258 13.776073 -1.650534 7.232626 -3.358113 1.296207 -1.514491 4.700373 0.597247 1.082864 5.540407 1.372812 2.707122 2.235201 -0.608409 0.477073 -0.238722 21.318419 0.438249 21.639844 46.971115 -15.226379 18.671586 1.023071 -20.928295 -7.048500 -0.843239 -11.685041 0.000000 0.000000 0.000000 0.000000 0.000000 0.000000 0.000000 0.000000 0.000000 0.000000 0.000000 0.000000 0.000000 0.000000 0.000000 0.000000 0.000000 0.000000 0.000000 0.000000 0.000000 0.000000 0.000000 0.000000 0.000000 0.000000 0.000000 0.000000 0.000000 0.000000 0.000000 0.000000 0.000000 0.000000 0.000000 0.000000 0.000000 0.000000 0.000000 0.000000 0.000000 0.000000 -1.222072 -16.404355 6.760454 22.227234 -43.412814 24.436193 9.566785 0.933670 40.248788 -15.705516 5.593914 12.777951 0.000000 0.000000 0.000000 0.000000 0.000000 0.000000 0.000000 0.000000 0.000000 0.000000 0.000000 0.000000 0.000000 0.000000 0.000000 0.000000 0.000000 0.000000 0.000000 0.000000 0.000000 0.000000 0.000000 0.000000 0.000000 0.000000 0.000000 0.000000 0.000000 0.000000 0.000000 0.000000 0.000000 0.000000 0.000000 0.000000 0.000000 0.000000 0.000000 0.000000 0.000000 0.000000
0.024631 1.056302 1.072223 -5.865683 2.094523 -4.570187 -19.003808 -1.965965 -1.242778 1.678157 -0.231277 -3.168917 -3.578332 2.646373 9.850229 -0.217640 -1.602302 -1.132473 16.179868 -4.973159 -3.522203 6.987748 1.389146 10.460900 -14.731238 2.106054 -2.283466 -0.868732 -1.343432 0.294139 13.407411 -1.932776 7.628570 -3.162599 1.514370 -1.389964 4.834486 0.543154 1.169960 5.748970 1.048435 2.859438 2.364973 -0.816645 0.057113 -0.432361 21.522481 0.758312 21.207258 47.090549 -13.995107 18.118376 1.454324 -20.470369 -7.363313 -1.030227 -11.398244 0.000000 0.000000 0.000000 0.000000 0.000000 0.000000 0.000000 0.000000 0.000000 0.000000 0.000000 0.000000 0.000000 0.000000 0.000000 0.000000 0.000000 0.000000 0.000000 0.000000 0.000000 0.000000 0.000000 0.000000 0.000000 0.000000 0.000000 0.000000 0.000000 0.000000 0.000000 0.000000 0.000000 0.000000 0.000000 0.000000 0.000000 0.000000 0.000000 0.000000 0.000000 0.000000 -1.614707 -16.308535 6.924337 21.585700 -43.021240 24.490828 9.407583 0.926794 41.032780 -15.808667 6.238083 13.335222 0.000000 0.000000 0.000000 0.000000 0.000000 0.000000 0.000000 0.000000 0.000000 0.000000 0.000000 0.000000 0.000000 0.000000 0.000000 0.000000 0.000000 0.000000 0.000000 0.000000 0.000000 0.000000 0.000000 0.000000 0.000000 0.000000 0.000000 0.000000 0.000000 0.000000 0.000000 0.000000 0.000000 0.000000 0.000000 0.000000 0.000000 0.000000 0.000000 0.000000 0.000000 0.000000
0.019839 1.082749 1.063831 -5.164097 2.669733 -4.966252 -19.971280 -1.645822 -1.641955 3.364898 0.171761 -2.750628 -2.519088 2.110542 10.256106 -0.360175 -1.790520 -1.195300 17.175667 -4.444388 -3.547413 9.591459 1.500799 11.476470 -15.643221 1.545686 -1.381113 -0.919658 -1.372841 0.230022 12.196666 -1.563996 7.959546 -2.916106 1.402078 -1.446839 4.876132 0.665395 1.202775 5.991255 0.535358 2.958939 2.718300 -0.992117 -0.216913 -0.203793 22.002062 0.849629 21.216583 46.701093 -13.491283 17.701928 1.498522 -19.932709 -7.176679 -1.199212 -11.362995 0.000000 0.000000 0.000000 0.000000 0.000000 0.000000 0.000000 0.000000 0.000000 0.000000 0.000000 0.000000 0.000000 0.000000 0.000000 0.000000 0.000000 0.000000 0.000000 0.000000 0.000000 0.000000 0.000000 0.000000 0.000000 0.000000 0.000000 0.000000 0.000000 0.000000 0.000000 0.000000 0.000000 0.000000 0.000000 0.000000 0.000000 0.000000 0.000000 0.000000 0.000000 0.000000 -1.540803 -16.982572 6.789082 21.598816 -42.604399 24.417341 9.093477 1.133587 41.288686 -15.606943 6.471250 13.597278 0.000000 0.000000 0.000000 0.000000 0.000000 0.000000 0.000000 0.000000 0.000000 0.000000 0.000000 0.000000 0.000000 0.000000 0.000000 0.000000 0.000000 0.000000 0.000000 0.000000 0.000000 0.000000 0.000000 0.000000 0.000000 0.000000 0.000000 0.000000 0.000000 0.000000 0.000000 0.000000 0.000000 0.000000 0.000000 0.000000 0.000000 0.000000 0.000000 0.000000 0.000000 0.000000
0.018298 1.112391 1.058174 -4.224999 2.521502 -5.195058 -21.299517 -0.896037 -2.592858 8.215665 1.269467 -2.447552 -0.990433 1.029803 10.649209 -0.531462 -2.006428 -1.229293 16.230155 -3.190825 -3.104155 14.943119 1.544044 11.780105 -14.657643 0.619016 -1.214926 -0.908620 -1.369333 0.225659 10.711203 -0.672001 8.111593 -2.693368 1.195625 -1.523933 4.786906 0.899200 1.195994 6.310141 0.155467 2.864358 3.163308 -1.160581 -0.204939 0.202653 22.317564 0.800529 21.595132 46.214337 -13.941702 17.171489 1.448457 -19.315932 -6.747892 -1.697811 -11.530317 0.000000 0.000000 0.000000 0.000000 0.000000 0.000000 0.000000 0.000000 0.000000 0.000000 0.000000 0.000000 0.000000 0.000000 0.000000 0.000000 0.000000 0.000000 0.000000 0.000000 0.000000 0.000000 0.000000 0.000000 0.000000 0.000000 0.000000 0.000000 0.000000 0.000000 0.000000 0.000000 0.000000 0.000000 0.000000 0.000000 0.000000 0.000000 0.000000 0.000000 0.000000 0.000000 -1.135803 -17.774618 6.475450 22.379583 -42.496872 24.628091 9.050151 1.285300 40.913750 -15.149750 6.259141 13.735137 0.000000 0.000000 0.000000 0.000000 0.000000 0.000000 0.000000 0.000000 0.000000 0.000000 0.000000 0.000000 0.000000 0.000000 0.000000 0.000000 0.000000 0.000000 0.000000 0.000000 0.000000 0.000000 0.000000 0.000000 0.000000 0.000000 0.000000 0.000000 0.000000 0.000000 0.000000 0.000000 0.000000 0.000000 0.000000 0.000000 0.000000 0.000000 0.000000 0.000000 0.000000 0.000000
0.018874 1.142669 1.056278 -3.247555 1.827939 -5.026200 -22.253821 0.243490 -3.848173 14.225970 2.778386 -2.384435 0.304619 -0.730956 11.010496 -0.660129 -2.154827 -1.253915 13.300595 -1.384334 -2.315738 23.676913 1.445139 10.944250 -9.275274 -1.266501 -2.309384 -0.840787 -1.274843 0.299734 9.488080 0.612714 7.933875 -2.814402 1.098585 -1.520228 4.910574 1.109083 1.095100 6.597812 -0.107065 2.748226 3.567665 -1.368292 0.100733 0.730175 22.104816 0.469364 22.199893 45.956893 -15.210528 16.585205 1.381095 -18.645135 -5.710683 -2.185694 -11.870544 0.000000 0.000000 0.000000 0.000000 0.000000 0.000000 0.000000 0.000000 0.000000 0.000000 0.000000 0.000000 0.000000 0.000000 0.000000 0.000000 0.000000 0.000000 0.000000 0.000000 0.000000 0.000000 0.000000 0.000000 0.000000 0.000000 0.000000 0.000000 0.000000 0.000000 0.000000 0.000000 0.000000 0.000000 0.000000 0.000000 0.000000 0.000000 0.000000 0.000000 0.000000 0.000000 -0.676596 -18.145496 6.165090 23.874939 -43.132438 25.098698 9.079516 1.419053 39.954437 -14.454681 5.851326 13.922878 0.000000 0.000000 0.000000 0.000000 0.000000 0.000000 0.000000 0.000000 0.000000 0.000000 0.000000 0.000000 0.000000 0.000000 0.000000 0.000000 0.000000 0.000000 0.000000 0.000000 0.000000 0.000000 0.000000 0.000000 0.000000 0.000000 0.000000 0.000000 0.000000 0.000000 0.000000 0.000000 0.000000 0.000000 0.000000 0.000000 0.000000 0.000000 0.000000 0.000000 0.000000 0.000000
0.021352 1.163631 1.057650 -3.029350 0.718494 -4.482365 -21.225149 1.776723 -4.833641 18.001511 3.926407 -2.989063 -0.168926 -3.311377 11.905442 -0.653013 -2.200825 -1.139224 8.185246 0.588602 -1.535827 35.559327 0.711088 8.986608 -1.322372 -4.106758 -3.161347 -0.628473 -1.221494 0.408367 9.294706 1.926573 7.074471 -3.447869 1.149533 -1.320269 5.297349 1.140407 0.864974 6.669284 0.012405 2.559160 3.867130 -1.392079 0.437497 1.190597 21.420402 -0.103131 22.670430 45.769562 -16.981889 16.129368 1.416185 -18.307900 -4.973491 -2.288824 -12.401756 0.000000 0.000000 0.000000 0.000000 0.000000 0.000000 0.000000 0.000000 0.000000 0.000000 0.000000 0.000000 0.000000 0.000000 0.000000 0.000000 0.000000 0.000000 0.000000 0.000000 0.000000 0.000000 0.000000 0.000000 0.000000 0.000000 0.000000 0.000000 0.000000 0.000000 0.000000 0.000000 0.000000 0.000000 0.000000 0.000000 0.000000 0.000000 0.000000 0.000000 0.000000 0.000000 -0.213979 -18.149863 6.051416 25.622068 -44.214502 25.485510 9.429863 1.231843 38.359881 -13.192804 5.577898 13.896254 0.000000 0.000000 0.000000 0.000000 0.000000 0.000000 0.000000 0.000000 0.000000 0.000000 0.000000 0.000000 0.000000 0.000000 0.000000 0.000000 0.000000 0.000000 0.000000 0.000000 0.000000 0.000000 0.000000 0.000000 0.000000 0.000000 0.000000 0.000000 0.000000 0.000000 0.000000 0.000000 0.000000 0.000000 0.000000 0.000000 0.000000 0.000000 0.000000 0.000000 0.000000 0.000000
0.023467 1.172115 1.060830 -3.369966 -0.281153 -4.067987 -18.687284 3.174818 -5.246984 19.179117 4.276733 -4.085167 -1.709679 -5.596250 12.540851 -0.692014 -2.144518 -1.077700 2.534442 2.035391 -0.768583 46.106689 0.123149 7.291015 4.825071 -6.090543 -3.441758 -0.516214 -1.296075 0.475769 9.445516 2.816824 5.849741 -4.010999 1.127648 -0.982918 5.653043 1.086982 0.644091 6.544027 0.408123 2.703834 3.909068 -1.163523 1.116762 1.345605 20.642398 -0.709902 23.124738 45.767129 -18.961356 15.544903 1.396715 -18.242038 -4.585357 -1.847142 -12.713632 0.000000 0.000000 0.000000 0.000000 0.000000 0.000000 0.000000 0.000000 0.000000 0.000000 0.000000 0.000000 0.000000 0.000000 0.000000 0.000000 0.000000 0.000000 0.000000 0.000000 0.000000 0.000000 0.000000 0.000000 0.000000 0.000000 0.000000 0.000000 0.000000 0.000000 0.000000 0.000000 0.000000 0.000000 0.000000 0.000000 0.000000 0.000000 0.000000 0.000000 0.000000 0.000000 -0.009319 -17.970763 6.056465 27.226669 -45.221084 26.061729 9.440645 0.922052 36.640511 -12.378327 4.873898 13.371888 0.000000 0.000000 0.000000 0.000000 0.000000 0.000000 0.000000 0.000000 0.000000 0.000000 0.000000 0.000000 0.000000 0.000000 0.000000 0.000000 0.000000 0.000000 0.000000 0.000000 0.000000 0.000000 0.000000 0.000000 0.000000 0.000000 0.000000 0.000000 0.000000 0.000000 0.000000 0.000000 0.000000 0.000000 0.000000 0.000000 0.000000 0.000000 0.000000 0.000000 0.000000 0.000000
0.023547 1.174209 1.065427 -3.939925 -0.791440 -3.514536 -14.964172 4.177595 -5.141798 18.960373 3.965670 -5.579129 -4.361430 -7.688954 12.892178 -0.777663 -2.136518 -1.057281 -3.368119 2.733648 -0.014936 54.296718 -0.649060 5.567181 6.792746 -5.927976 -4.698106 -0.445975 -1.390710 0.571843 9.478480 3.274910 4.319501 -4.099483 0.867694 -0.833858 5.694997 1.058133 0.362722 6.642457 0.960186 3.130809 3.724073 -0.845090 1.972973 1.325688 20.036872 -1.456164 23.635341 45.622973 -21.079173 15.381838 1.136177 -18.435787 -4.243129 -1.683998 -13.060484 0.000000 0.000000 0.000000 0.000000 0.000000 0.000000 0.000000 0.000000 0.000000 0.000000 0.000000 0.000000 0.000000 0.000000 0.000000 0.000000 0.000000 0.000000 0.000000 0.000000 0.000000 0.000000 0.000000 0.000000 0.000000 0.000000 0.000000 0.000000 0.000000 0.000000 0.000000 0.000000 0.000000 0.000000 0.000000 0.000000 0.000000 0.000000 0.000000 0.000000 0.000000 0.000000 0.273527 -18.004562 6.200707 28.254108 -45.857135 26.187308 9.553101 0.563302 35.077120 -11.651054 4.230959 13.131322 0.000000 0.000000 0.000000 0.000000 0.000000 0.000000 0.000000 0.000000 0.000000 0.000000 0.000000 0.000000 0.000000 0.000000 0.000000 0.000000 0.000000 0.000000 0.000000 0.000000 0.000000 0.000000 0.000000 0.000000 0.000000 0.000000 0.000000 0.000000 0.000000 0.000000 0.000000 0.000000 0.000000 0.000000 0.000000 0.000000 0.000000 0.000000 0.000000 0.000000 0.000000 0.000000
0.021107 1.172510 1.071066 -4.783275 -0.742003 -2.791287 -10.691638 4.710560 -4.582469 17.340948 3.278447 -7.172558 -6.415097 -8.929288 13.640710 -0.876975 -2.220809 -1.075720 -9.014095 2.780928 0.583611 59.187980 -1.756446 4.234635 4.698687 -4.371366 -6.544709 -0.366084 -1.420817 0.656327 9.654969 3.276743 2.666384 -3.968995 0.469461 -0.729236 5.588922 1.011444 0.047936 6.747775 1.437743 3.589117 3.338770 -0.480237 2.608792 1.053856 19.615598 -2.105529 23.928419 45.196848 -23.212683 15.468753 0.633894 -18.742128 -3.969549 -2.092381 -13.260163 0.000000 0.000000 0.000000 0.000000 0.000000 0.000000 0.000000 0.000000 0.000000 0.000000 0.000000 0.000000 0.000000 0.000000 0.000000 0.000000 0.000000 0.000000 0.000000 0.000000 0.000000 0.000000 0.000000 0.000000 0.000000 0.000000 0.000000 0.000000 0.000000 0.000000 0.000000 0.000000 0.000000 0.000000 0.000000 0.000000 0.000000 0.000000 0.000000 0.000000 0.000000 0.000000 0.423957 -18.292257 6.129894 28.902515 -46.223643 25.949256 10.189989 0.635209 33.600061 -10.749759 3.914215 13.103685 0.000000 0.000000 0.000000 0.000000 0.000000 0.000000 0.000000 0.000000 0.000000 0.000000 0.000000 0.000000 0.000000 0.000000 0.000000 0.000000 0.000000 0.000000 0.000000 0.000000 0.000000 0.000000 0.000000 0.000000 0.000000 0.000000 0.000000 0.000000 0.000000 0.000000 0.000000 0.000000 0.000000 0.000000 0.000000 0.000000 0.000000 0.000000 0.000000 0.000000 0.000000 0.000000
0.017201 1.170188 1.076647 -5.668109 -0.288403 -1.618519 -5.306689 4.669866 -3.681213 13.765130 2.229443 -9.507266 -8.090548 -8.997588 13.808331 -0.893367 -2.452032 -1.013650 -14.698048 2.255468 1.277104 60.421965 -3.403464 3.042377 0.492219 -2.397396 -7.833279 -0.192155 -1.508621 0.681014 9.978217 2.959388 0.885250 -3.644050 -0.285414 -0.900020 5.091424 0.792170 -0.354436 6.817930 1.972393 3.914976 3.044804 0.177248 2.627696 0.699360 19.223805 -2.556236 24.523099 44.889600 -25.704444 15.332555 0.020268 -19.727853 -3.400823 -2.635461 -13.050768 0.000000 0.000000 0.000000 0.000000 0.000000 0.000000 0.000000 0.000000 0.000000 0.000000 0.000000 0.000000 0.000000 0.000000 0.000000 0.000000 0.000000 0.000000 0.000000 0.000000 0.000000 0.000000 0.000000 0.000000 0.000000 0.000000 0.000000 0.000000 0.000000 0.000000 0.000000 0.000000 0.000000 0.000000 0.000000 0.000000 0.000000 0.000000 0.000000 0.000000 0.000000 0.000000 0.453726 -18.657916 5.776582 29.137393 -46.287376 25.297260 10.928341 0.630858 32.222540 -9.283739 3.724782 12.956501 0.000000 0.000000 0.000000 0.000000 0.000000 0.000000 0.000000 0.000000 0.000000 0.000000 0.000000 0.000000 0.000000 0.000000 0.000000 0.000000 0.000000 0.000000 0.000000 0.000000 0.000000 0.000000 0.000000 0.000000 0.000000 0.000000 0.000000 0.000000 0.000000 0.000000 0.000000 0.000000 0.000000 0.000000 0.000000 0.000000 0.000000 0.000000 0.000000 0.000000 0.000000 0.000000
0.013843 1.170557 1.080466 -6.254905 0.222737 -0.793146 -0.646604 4.382469 -2.789213 10.675349 1.421264 -11.858633 -9.315296 -8.567947 13.449960 -0.889218 -2.447409 -0.986654 -18.901317 1.818881 1.585404 57.413116 -4.592756 1.586943 -2.751054 -1.391599 -8.732356 -0.182215 -1.524829 0.663569 10.738274 2.476969 -0.530782 -3.698079 -0.716553 -0.942595 4.853354 0.507077 -0.699511 6.640635 2.316472 4.193586 3.024441 0.323063 2.821139 0.352526 18.529997 -2.871905 24.718816 44.613955 -28.075473 14.779813 -0.492910 -21.129670 -4.347669 -3.460528 -12.918465 0.000000 0.000000 0.000000 0.000000 0.000000 0.000000 0.000000 0.000000 0.000000 0.000000 0.000000 0.000000 0.000000 0.000000 0.000000 0.000000 0.000000 0.000000 0.000000 0.000000 0.000000 0.000000 0.000000 0.000000 0.000000 0.000000 0.000000 0.000000 0.000000 0.000000 0.000000 0.000000 0.000000 0.000000 0.000000 0.000000 0.000000 0.000000 0.000000 0.000000 0.000000 0.000000 0.494102 -18.486618 5.427301 29.488200 -46.545350 24.932841 11.641734 0.670444 31.141948 -8.767879 3.708580 12.721024 0.000000 0.000000 0.000000 0.000000 0.000000 0.000000 0.000000 0.000000 0.000000 0.000000 0.000000 0.000000 0.000000 0.000000 0.000000 0.000000 0.000000 0.000000 0.000000 0.000000 0.000000 0.000000 0.000000 0.000000 0.000000 0.000000 0.000000 0.000000 0.000000 0.000000 0.000000 0.000000 0.000000 0.000000 0.000000 0.000000 0.000000 0.000000 0.000000 0.000000 0.000000 0.000000
0.012093 1.172004 1.081872 -6.779859 0.622639 0.126672 3.866266 3.880870 -1.931383 8.105408 0.877625 -14.163377 -10.743792 -8.062491 12.662420 -0.808026 -2.248493 -0.907704 -21.935327 1.300536 1.850287 51.152972 -5.355797 -0.166296 -4.205119 -1.391979 -9.489505 -0.241830 -1.649154 0.651007 11.653047 2.024772 -1.771403 -3.871666 -1.124430 -1.048219 4.734757 0.124469 -1.091507 6.475260 2.545574 4.247153 3.224424 0.266496 2.833967 -0.026066 17.618411 -3.190210 24.656337 44.356137 -30.384129 14.196501 -0.803149 -22.841759 -5.917186 -4.272287 -12.980508 0.000000 0.000000 0.000000 0.000000 0.000000 0.000000 0.000000 0.000000 0.000000 0.000000 0.000000 0.000000 0.000000 0.000000 0.000000 0.000000 0.000000 0.000000 0.000000 0.000000 0.000000 0.000000 0.000000 0.000000 0.000000 0.000000 0.000000 0.000000 0.000000 0.000000 0.000000 0.000000 0.000000 0.000000 0.000000 0.000000 0.000000 0.000000 0.000000 0.000000 0.000000 0.000000 0.495887 -18.163790 5.043329 29.784292 -46.738828 24.526918 12.006925 0.468295 30.258453 -8.535063 3.666393 12.349347 0.000000 0.000000 0.000000 0.000000 0.000000 0.000000 0.000000 0.000000 0.000000 0.000000 0.000000 0.000000 0.000000 0.000000 0.000000 0.000000 0.000000 0.000000 0.000000 0.000000 0.000000 0.000000 0.000000 0.000000 0.000000 0.000000 0.000000 0.000000 0.000000 0.000000 0.000000 0.000000 0.000000 0.000000 0.000000 0.000000 0.000000 0.000000 0.000000 0.000000 0.000000 0.000000
0.012293 1.174684 1.080886 -7.265370 0.811577 1.404579 7.837098 3.213679 -1.112238 6.421651 0.846593 -16.130555 -12.540598 -7.631290 11.454455 -0.570859 -1.612555 -0.797041 -23.249415 1.060630 2.044911 40.176003 -5.111462 -1.841836 -3.677553 -2.858376 -10.257072 -0.386142 -1.888740 0.555975 12.482769 1.862888 -2.877285 -4.254547 -1.595398 -1.253509 4.720272 -0.261940 -1.516074 6.414281 2.771121 4.067795 3.175643 -0.060993 3.239820 -0.560291 16.498008 -3.505565 24.520352 43.951409 -32.666233 13.036774 -0.883704 -25.465183 -7.648341 -5.123414 -13.510106 0.000000 0.000000 0.000000 0.000000 0.000000 0.000000 0.000000 0.000000 0.000000 0.000000 0.000000 0.000000 0.000000 0.000000 0.000000 0.000000 0.000000 0.000000 0.000000 0.000000 0.000000 0.000000 0.000000 0.000000 0.000000 0.000000 0.000000 0.000000 0.000000 0.000000 0.000000 0.000000 0.000000 0.000000 0.000000 0.000000 0.000000 0.000000 0.000000 0.000000 0.000000 0.000000 0.288841 -17.944153 4.277078 30.419324 -46.922546 24.289411 11.268947 0.051802 29.520764 -8.178439 3.600379 11.958681 0.000000 0.000000 0.000000 0.000000 0.000000 0.000000 0.000000 0.000000 0.000000 0.000000 0.000000 0.000000 0.000000 0.000000 0.000000 0.000000 0.000000 0.000000 0.000000 0.000000 0.000000 0.000000 0.000000 0.000000 0.000000 0.000000 0.000000 0.000000 0.000000 0.000000 0.000000 0.000000 0.000000 0.000000 0.000000 0.000000 0.000000 0.000000 0.000000 0.000000 0.000000 0.000000
0.016984 1.175851 1.078284 -8.337474 0.355689 2.256792 11.476252 3.091557 -0.236676 5.549109 0.782492 -17.444847 -14.018671 -7.407372 10.375673 -0.492614 -1.164410 -0.702482 -23.071244 0.848821 1.991987 28.811508 -3.418348 -2.372301 -2.663211 -4.607763 -10.462160 -0.494031 -1.986235 0.445483 13.065123 2.017433 -3.562861 -4.313187 -1.783988 -1.385351 4.740865 -0.598198 -1.774339 6.143686 2.983731 3.817251 3.158639 -0.413610 3.592305 -0.821211 15.878969 -3.835929 23.726848 43.428252 -33.881446 12.128746 -0.814234 -27.247253 -9.172810 -5.629464 -14.059958 0.000000 0.000000 0.000000 0.000000 0.000000 0.000000 0.000000 0.000000 0.000000 0.000000 0.000000 0.000000 0.000000 0.000000 0.000000 0.000000 0.000000 0.000000 0.000000 0.000000 0.000000 0.000000 0.000000 0.000000 0.000000 0.000000 0.000000 0.000000 0.000000 0.000000 0.000000 0.000000 0.000000 0.000000 0.000000 0.000000 0.000000 0.000000 0.000000 0.000000 0.000000 0.000000 0.218380 -17.717398 3.893091 30.766316 -47.238759 24.147377 10.293549 -0.122268 28.870610 -7.776981 3.299860 11.438056 0.000000 0.000000 0.000000 0.000000 0.000000 0.000000 0.000000 0.000000 0.000000 0.000000 0.000000 0.000000 0.000000 0.000000 0.000000 0.000000 0.000000 0.000000 0.000000 0.000000 0.000000 0.000000 0.000000 0.000000 0.000000 0.000000 0.000000 0.000000 0.000000 0.000000 0.000000 0.000000 0.000000 0.000000 0.000000 0.000000 0.000000 0.000000 0.000000 0.000000 0.000000 0.000000
0.023646 1.177847 1.074890 -9.715619 -0.343790 3.288714 15.020547 3.000816 0.811492 5.373398 0.550561 -18.429524 -15.739218 -7.140751 9.266183 -0.447107 -0.807423 -0.634350 -21.768646 0.609976 1.680241 16.828649 -1.191409 -2.218253 -1.549721 -6.426116 -10.492999 -0.496941 -2.042185 0.321662 13.291854 2.265746 -4.042616 -4.066153 -1.924991 -1.596397 4.790976 -0.895026 -2.008684 5.730970 3.140366 3.342667 2.966577 -0.723107 3.969052 -1.097262 15.525462 -4.035804 22.617098 43.084170 -34.569017 11.512189 -0.789955 -28.549355 -9.934963 -6.014766 -14.549091 0.000000 0.000000 0.000000 0.000000 0.000000 0.000000 0.000000 0.000000 0.000000 0.000000 0.000000 0.000000 0.000000 0.000000 0.000000 0.000000 0.000000 0.000000 0.000000 0.000000 0.000000 0.000000 0.000000 0.000000 0.000000 0.000000 0.000000 0.000000 0.000000 0.000000 0.000000 0.000000 0.000000 0.000000 0.000000 0.000000 0.000000 0.000000 0.000000 0.000000 0.000000 0.000000 0.061263 -17.558046 3.508300 30.927911 -47.466938 24.052775 9.138874 -0.319721 28.074054 -7.086166 2.877622 10.931006 0.000000 0.000000 0.000000 0.000000 0.000000 0.000000 0.000000 0.000000 0.000000 0.000000 0.000000 0.000000 0.000000 0.000000 0.000000 0.000000 0.000000 0.000000 0.000000 0.000000 0.000000 0.000000 0.000000 0.000000 0.000000 0.000000 0.000000 0.000000 0.000000 0.000000 0.000000 0.000000 0.000000 0.000000 0.000000 0.000000 0.000000 0.000000 0.000000 0.000000 0.000000 0.000000
0.029653 1.186599 1.070721 -10.486172 -0.893000 4.254190 17.897194 2.812354 1.435764 6.375787 0.169696 -19.597050 -17.907824 -7.172856 8.595018 -0.487239 -0.540537 -0.630308 -20.836957 0.416309 1.611039 9.111195 0.399444 -1.566068 -0.707412 -7.704998 -10.390591 -0.454325 -2.049295 0.204385 13.133586 2.355303 -4.420711 -3.684335 -2.068786 -1.784074 4.751858 -0.943746 -2.226121 5.695064 3.277690 2.928954 2.701595 -0.791582 4.359333 -1.189147 15.562297 -4.266218 21.567840 42.766547 -34.788686 11.162032 -0.751243 -29.311837 -9.954675 -6.374013 -14.747813 0.000000 0.000000 0.000000 0.000000 0.000000 0.000000 0.000000 0.000000 0.000000 0.000000 0.000000 0.000000 0.000000 0.000000 0.000000 0.000000 0.000000 0.000000 0.000000 0.000000 0.000000 0.000000 0.000000 0.000000 0.000000 0.000000 0.000000 0.000000 0.000000 0.000000 0.000000 0.000000 0.000000 0.000000 0.000000 0.000000 0.000000 0.000000 0.000000 0.000000 0.000000 0.000000 0.046150 -17.700740 3.267508 30.827143 -47.537639 23.650319 8.281853 -0.501854 27.492108 -6.338246 2.516098 10.429735 0.000000 0.000000 0.000000 0.000000 0.000000 0.000000 0.000000 0.000000 0.000000 0.000000 0.000000 0.000000 0.000000 0.000000 0.000000 0.000000 0.000000 0.000000 0.000000 0.000000 0.000000 0.000000 0.000000 0.000000 0.000000 0.000000 0.000000 0.000000 0.000000 0.000000 0.000000 0.000000 0.000000 0.000000 0.000000 0.000000 0.000000 0.000000 0.000000 0.000000 0.000000 0.000000
0.034722 1.204781 1.066598 -10.406029 -1.212171 5.198078 19.571941 2.358978 1.630940 9.273572 -0.346742 -20.746412 -19.103942 -7.131436 8.165201 -0.590800 -0.391435 -0.642726 -20.706563 -0.089398 1.841743 8.497496 0.790590 -1.190487 0.267030 -7.543201 -10.391216 -0.612623 -1.987673 0.219625 12.703106 1.990474 -4.745127 -3.484085 -2.274524 -1.876204 4.695404 -0.800056 -2.412780 5.725313 3.513911 2.484637 2.470257 -0.496455 4.468220 -0.941227 15.912075 -4.419304 21.230953 42.447665 -34.647952 11.234751 -1.022513 -30.415510 -10.074914 -6.835465 -14.962970 0.000000 0.000000 0.000000 0.000000 0.000000 0.000000 0.000000 0.000000 0.000000 0.000000 0.000000 0.000000 0.000000 0.000000 0.000000 0.000000 0.000000 0.000000 0.000000 0.000000 0.000000 0.000000 0.000000 0.000000 0.000000 0.000000 0.000000 0.000000 0.000000 0.000000 0.000000 0.000000 0.000000 0.000000 0.000000 0.000000 0.000000 0.000000 0.000000 0.000000 0.000000 0.000000 0.174128 -18.128784 3.138033 30.491100 -47.221677 22.856021 8.097636 -0.607855 27.023124 -6.044264 2.382023 10.238026 0.000000 0.000000 0.000000 0.000000 0.000000 0.000000 0.000000 0.000000 0.000000 0.000000 0.000000 0.000000 0.000000 0.000000 0.000000 0.000000 0.000000 0.000000 0.000000 0.000000 0.000000 0.000000 0.000000 0.000000 0.000000 0.000000 0.000000 0.000000 0.000000 0.000000 0.000000 0.000000 0.000000 0.000000 0.000000 0.000000 0.000000 0.000000 0.000000 0.000000 0.000000 0.000000
0.036698 1.229676 1.063661 -9.481023 -0.925191 5.677216 19.168834 1.219879 1.308552 15.438452 -0.681856 -21.081403 -17.671288 -6.295641 8.552170 -0.575601 -0.326868 -0.623963 -21.480319 -0.966415 2.435323 13.232830 0.115773 -1.160118 1.155791 -6.030804 -10.393220 -0.895078 -1.845594 0.257993 11.798902 1.221127 -4.934596 -3.211842 -2.627775 -1.827404 4.455725 -0.450773 -2.490778 6.165041 3.798267 2.293920 2.498118 -0.021500 4.514927 -0.412074 16.605370 -4.186888 21.564127 42.459538 -34.354719 11.001499 -1.412776 -30.920775 -10.292920 -6.993439 -15.117530 0.000000 0.000000 0.000000 0.000000 0.000000 0.000000 0.000000 0.000000 0.000000 0.000000 0.000000 0.000000 0.000000 0.000000 0.000000 0.000000 0.000000 0.000000 0.000000 0.000000 0.000000 0.000000 0.000000 0.000000 0.000000 0.000000 0.000000 0.000000 0.000000 0.000000 0.000000 0.000000 0.000000 0.000000 0.000000 0.000000 0.000000 0.000000 0.000000 0.000000 0.000000 0.000000 0.590758 -18.698362 3.138755 29.828306 -46.764899 21.946259 8.536628 -0.614747 26.402323 -6.200525 1.901399 10.326386 0.000000 0.000000 0.000000 0.000000 0.000000 0.000000 0.000000 0.000000 0.000000 0.000000 0.000000 0.000000 0.000000 0.000000 0.000000 0.000000 0.000000 0.000000 0.000000 0.000000 0.000000 0.000000 0.000000 0.000000 0.000000 0.000000 0.000000 0.000000 0.000000 0.000000 0.000000 0.000000 0.000000 0.000000 0.000000 0.000000 0.000000 0.000000 0.000000 0.000000 0.000000 0.000000
0.038535 1.256114 1.063558 -8.209066 -0.447417 5.636184 17.172599 -0.079401 0.860599 23.336168 -0.575279 -20.357263 -12.714993 -3.875498 8.956021 -0.452052 -0.415076 -0.648695 -22.347662 -1.980045 2.987032 19.116037 -0.918771 -1.373568 1.425264 -3.811135 -10.375706 -0.983077 -1.720401 0.316596 10.898036 0.217923 -4.981587 -3.119776 -2.771036 -1.718940 4.314731 -0.065123 -2.538189 6.402373 3.877594 2.302660 2.541355 0.457593 4.479958 0.069083 17.572516 -3.715504 21.929548 42.703335 -33.387154 10.907587 -1.701205 -30.728598 -10.511634 -6.809723 -15.057289 0.000000 0.000000 0.000000 0.000000 0.000000 0.000000 0.000000 0.000000 0.000000 0.000000 0.000000 0.000000 0.000000 0.000000 0.000000 0.000000 0.000000 0.000000 0.000000 0.000000 0.000000 0.000000 0.000000 0.000000 0.000000 0.000000 0.000000 0.000000 0.000000 0.000000 0.000000 0.000000 0.000000 0.000000 0.000000 0.000000 0.000000 0.000000 0.000000 0.000000 0.000000 0.000000 1.036009 -19.342809 3.312938 29.007857 -46.245911 21.250334 8.964194 -0.681475 26.028557 -7.191748 1.519647 10.427992 0.000000 0.000000 0.000000 0.000000 0.000000 0.000000 0.000000 0.000000 0.000000 0.000000 0.000000 0.000000 0.000000 0.000000 0.000000 0.000000 0.000000 0.000000 0.000000 0.000000 0.000000 0.000000 0.000000 0.000000 0.000000 0.000000 0.000000 0.000000 0.000000 0.000000 0.000000 0.000000 0.000000 0.000000 0.000000 0.000000 0.000000 0.000000 0.000000 0.000000 0.000000 0.000000
0.040052 1.281894 1.066812 -7.013264 0.162590 5.064010 12.543106 -1.750365 0.382663 34.648715 0.059583 -18.392116 -4.328370 -0.246820 8.296928 -0.204263 -0.571591 -0.691840 -22.583126 -3.224409 3.216259 23.887023 -2.029925 -1.419916 1.458323 -1.028133 -9.989493 -0.935077 -1.564401 0.354317 10.163471 -0.836635 -4.621866 -3.159867 -2.747423 -1.630203 4.471637 0.171274 -2.475122 6.428171 3.924590 2.391910 2.397647 0.673999 4.585265 0.430386 18.356102 -3.254221 22.592782 43.222446 -32.199072 11.131861 -1.773479 -30.182521 -10.820296 -6.475073 -14.501248 0.000000 0.000000 0.000000 0.000000 0.000000 0.000000 0.000000 0.000000 0.000000 0.000000 0.000000 0.000000 0.000000 0.000000 0.000000 0.000000 0.000000 0.000000 0.000000 0.000000 0.000000 0.000000 0.000000 0.000000 0.000000 0.000000 0.000000 0.000000 0.000000 0.000000 0.000000 0.000000 0.000000 0.000000 0.000000 0.000000 0.000000 0.000000 0.000000 0.000000 0.000000 0.000000 1.609010 -19.771144 3.820942 27.961083 -45.757344 20.650919 9.414861 -1.016262 26.236435 -8.943239 1.017863 10.267855 0.000000 0.000000 0.000000 0.000000 0.000000 0.000000 0.000000 0.000000 0.000000 0.000000 0.000000 0.000000 0.000000 0.000000 0.000000 0.000000 0.000000 0.000000 0.000000 0.000000 0.000000 0.000000 0.000000 0.000000 0.000000 0.000000 0.000000 0.000000 0.000000 0.000000 0.000000 0.000000 0.000000 0.000000 0.000000 0.000000 0.000000 0.000000 0.000000 0.000000 0.000000 0.000000
0.040400 1.305886 1.072407 -5.910732 0.900072 4.452956 5.515202 -3.255517 -0.167788 47.096218 1.040767 -14.475666 4.830243 2.387168 7.660098 -0.059098 -0.628835 -0.808440 -21.148915 -4.523784 2.903348 25.531942 -2.732459 -1.088793 0.314723 1.868108 -9.026033 -0.951184 -1.307859 0.416711 10.182956 -1.823830 -3.586440 -3.463629 -2.542064 -1.657746 4.709795 0.253252 -2.284180 5.864258 3.807438 2.101119 2.176677 0.635657 4.768868 0.606528 18.672436 -3.205625 23.522407 44.233063 -31.407696 12.486580 -1.682427 -28.007114 -10.645065 -5.963019 -13.686639 0.000000 0.000000 0.000000 0.000000 0.000000 0.000000 0.000000 0.000000 0.000000 0.000000 0.000000 0.000000 0.000000 0.000000 0.000000 0.000000 0.000000 0.000000 0.000000 0.000000 0.000000 0.000000 0.000000 0.000000 0.000000 0.000000 0.000000 0.000000 0.000000 0.000000 0.000000 0.000000 0.000000 0.000000 0.000000 0.000000 0.000000 0.000000 0.000000 0.000000 0.000000 0.000000 1.936690 -19.651400 4.396684 26.979372 -45.576786 20.406040 9.977558 -1.204033 26.847874 -10.775851 1.068894 10.360718 0.000000 0.000000 0.000000 0.000000 0.000000 0.000000 0.000000 0.000000 0.000000 0.000000 0.000000 0.000000 0.000000 0.000000 0.000000 0.000000 0.000000 0.000000 0.000000 0.000000 0.000000 0.000000 0.000000 0.000000 0.000000 0.000000 0.000000 0.000000 0.000000 0.000000 0.000000 0.000000 0.000000 0.000000 0.000000 0.000000 0.000000 0.000000 0.000000 0.000000 0.000000 0.000000
0.041952 1.321523 1.079856 -5.652412 1.258179 3.824528 -1.444842 -3.777974 -1.026186 56.190307 2.386909 -10.523088 7.047552 1.954446 8.524496 -0.050574 -0.757326 -0.915315 -17.772018 -5.398581 2.498788 25.001371 -2.575193 -0.095827 -1.570129 3.662270 -8.147616 -1.055286 -1.164909 0.491106 10.547182 -2.220492 -2.056495 -3.844379 -2.429412 -1.908959 4.816405 0.255998 -2.073032 5.561576 3.467879 1.610889 2.240652 0.464307 4.538554 0.832593 18.905022 -3.210838 24.078797 45.086124 -30.223754 14.159550 -1.180160 -25.586517 -10.462228 -5.017970 -13.162239 0.000000 0.000000 0.000000 0.000000 0.000000 0.000000 0.000000 0.000000 0.000000 0.000000 0.000000 0.000000 0.000000 0.000000 0.000000 0.000000 0.000000 0.000000 0.000000 0.000000 0.000000 0.000000 0.000000 0.000000 0.000000 0.000000 0.000000 0.000000 0.000000 0.000000 0.000000 0.000000 0.000000 0.000000 0.000000 0.000000 0.000000 0.000000 0.000000 0.000000 0.000000 0.000000 2.012830 -19.618112 4.750079 26.094541 -45.274952 20.245875 10.243747 -1.299239 27.721587 -12.192498 1.792587 10.771342 0.000000 0.000000 0.000000 0.000000 0.000000 0.000000 0.000000 0.000000 0.000000 0.000000 0.000000 0.000000 0.000000 0.000000 0.000000 0.000000 0.000000 0.000000 0.000000 0.000000 0.000000 0.000000 0.000000 0.000000 0.000000 0.000000 0.000000 0.000000 0.000000 0.000000 0.000000 0.000000 0.000000 0.000000 0.000000 0.000000 0.000000 0.000000 0.000000 0.000000 0.000000 0.000000
0.044279 1.333862 1.088500 -5.818794 1.271118 2.984364 -7.893315 -3.617560 -1.899328 61.332056 3.976929 -7.738114 4.170379 -0.074504 10.022819 -0.067667 -0.860793 -0.982031 -13.231154 -5.666712 1.891253 22.649772 -1.868926 1.323115 -3.241928 4.244802 -7.620733 -1.246454 -1.073457 0.577627 10.868259 -2.062467 -0.180670 -4.103571 -2.330211 -2.167596 4.945806 0.280328 -1.719626 5.504493 3.054665 1.072680 2.314820 0.241345 4.055902 1.141393 19.198595 -3.099827 24.190470 45.613568 -28.532965 15.776435 -0.463672 -23.620159 -10.398240 -4.021481 -12.921036 0.000000 0.000000 0.000000 0.000000 0.000000 0.000000 0.000000 0.000000 0.000000 0.000000 0.000000 0.000000 0.000000 0.000000 0.000000 0.000000 0.000000 0.000000 0.000000 0.000000 0.000000 0.000000 0.000000 0.000000 0.000000 0.000000 0.000000 0.000000 0.000000 0.000000 0.000000 0.000000 0.000000 0.000000 0.000000 0.000000 0.000000 0.000000 0.000000 0.000000 0.000000 0.000000 1.926769 -19.601049 4.922872 25.247871 -44.832954 20.157299 10.695406 -1.203660 28.837642 -12.766607 2.814305 11.297736 0.000000 0.000000 0.000000 0.000000 0.000000 0.000000 0.000000 0.000000 0.000000 0.000000 0.000000 0.000000 0.000000 0.000000 0.000000 0.000000 0.000000 0.000000 0.000000 0.000000 0.000000 0.000000 0.000000 0.000000 0.000000 0.000000 0.000000 0.000000 0.000000 0.000000 0.000000 0.000000 0.000000 0.000000 0.000000 0.000000 0.000000 0.000000 0.000000 0.000000 0.000000 0.000000
0.047522 1.346822 1.097511 -6.049960 0.998015 1.864578 -13.298930 -2.896571 -2.745067 61.483432 5.514808 -5.957029 0.074983 -2.220491 11.230944 -0.124902 -0.961690 -1.043796 -7.816810 -5.306584 0.981068 18.306159 -0.894779 2.793937 -4.216460 3.736134 -7.142848 -1.420456 -0.967269 0.608538 10.849680 -1.550736 1.886076 -3.974329 -2.092532 -2.365393 4.883110 0.395858 -1.292462 5.959813 2.632242 0.669046 2.101010 -0.059243 3.306651 1.408602 19.563010 -2.759790 24.035766 46.025729 -26.668728 16.696403 0.167200 -21.841340 -10.303323 -3.172198 -13.017756 0.000000 0.000000 0.000000 0.000000 0.000000 0.000000 0.000000 0.000000 0.000000 0.000000 0.000000 0.000000 0.000000 0.000000 0.000000 0.000000 0.000000 0.000000 0.000000 0.000000 0.000000 0.000000 0.000000 0.000000 0.000000 0.000000 0.000000 0.000000 0.000000 0.000000 0.000000 0.000000 0.000000 0.000000 0.000000 0.000000 0.000000 0.000000 0.000000 0.000000 0.000000 0.000000 1.714051 -19.344015 4.979999 24.677986 -44.608755 20.444269 10.942676 -1.052162 30.105246 -13.349638 3.689964 12.059043 0.000000 0.000000 0.000000 0.000000 0.000000 0.000000 0.000000 0.000000 0.000000 0.000000 0.000000 0.000000 0.000000 0.000000 0.000000 0.000000 0.000000 0.000000 0.000000 0.000000 0.000000 0.000000 0.000000 0.000000 0.000000 0.000000 0.000000 0.000000 0.000000 0.000000 0.000000 0.000000 0.000000 0.000000 0.000000 0.000000 0.000000 0.000000 0.000000 0.000000 0.000000 0.000000
0.052799 1.362372 1.105146 -6.103793 0.352118 0.631679 -17.419778 -1.933363 -3.360090 55.317917 6.751456 -4.629616 -4.122846 -3.860392 11.967337 -0.223670 -1.027528 -1.057031 -2.364683 -4.452833 -0.266915 12.851217 -0.055833 3.806808 -4.256359 2.244896 -6.726213 -1.437007 -0.872058 0.498468 10.964176 -0.855325 3.692068 -3.879520 -1.531711 -2.517356 4.668814 0.575331 -0.895901 6.160998 2.236725 0.597072 2.034137 -0.485932 2.877921 1.645988 20.011124 -2.148967 23.635198 46.245357 -24.496739 17.364116 0.546042 -20.743213 -10.011449 -2.404927 -13.295565 0.000000 0.000000 0.000000 0.000000 0.000000 0.000000 0.000000 0.000000 0.000000 0.000000 0.000000 0.000000 0.000000 0.000000 0.000000 0.000000 0.000000 0.000000 0.000000 0.000000 0.000000 0.000000 0.000000 0.000000 0.000000 0.000000 0.000000 0.000000 0.000000 0.000000 0.000000 0.000000 0.000000 0.000000 0.000000 0.000000 0.000000 0.000000 0.000000 0.000000 0.000000 0.000000 1.269395 -18.694171 4.968857 24.772641 -44.647456 21.599575 11.093444 -0.620233 32.184778 -14.212613 3.906989 12.945505 0.000000 0.000000 0.000000 0.000000 0.000000 0.000000 0.000000 0.000000 0.000000 0.000000 0.000000 0.000000 0.000000 0.000000 0.000000 0.000000 0.000000 0.000000 0.000000 0.000000 0.000000 0.000000 0.000000 0.000000 0.000000 0.000000 0.000000 0.000000 0.000000 0.000000 0.000000 0.000000 0.000000 0.000000 0.000000 0.000000 0.000000 0.000000 0.000000 0.000000 0.000000 0.000000
0.054831 1.378852 1.109355 -6.215621 0.174588 -0.617499 -19.686576 -1.378455 -3.496754 46.459937 6.823840 -3.253052 -5.557431 -3.726870 12.185792 -0.195378 -1.076205 -1.083001 2.134898 -3.993860 -0.959086 9.366090 0.357281 4.742065 -4.379065 1.365076 -6.413458 -1.405331 -0.942553 0.475952 11.231277 -0.647411 4.858933 -3.770478 -0.923965 -2.353585 4.517340 0.683007 -0.447895 6.121279 2.051681 0.728989 2.115913 -0.617738 2.509060 1.571514 20.075988 -1.222657 23.734851 46.674420 -22.567034 17.943496 0.647137 -20.258547 -9.868532 -1.882348 -13.909901 0.000000 0.000000 0.000000 0.000000 0.000000 0.000000 0.000000 0.000000 0.000000 0.000000 0.000000 0.000000 0.000000 0.000000 0.000000 0.000000 0.000000 0.000000 0.000000 0.000000 0.000000 0.000000 0.000000 0.000000 0.000000 0.000000 0.000000 0.000000 0.000000 0.000000 0.000000 0.000000 0.000000 0.000000 0.000000 0.000000 0.000000 0.000000 0.000000 0.000000 0.000000 0.000000 0.731410 -17.825716 5.026845 25.016157 -44.468263 22.781712 10.964743 -0.260549 34.586954 -15.674888 4.889803 14.039255 0.000000 0.000000 0.000000 0.000000 0.000000 0.000000 0.000000 0.000000 0.000000 0.000000 0.000000 0.000000 0.000000 0.000000 0.000000 0.000000 0.000000 0.000000 0.000000 0.000000 0.000000 0.000000 0.000000 0.000000 0.000000 0.000000 0.000000 0.000000 0.000000 0.000000 0.000000 0.000000 0.000000 0.000000 0.000000 0.000000 0.000000 0.000000 0.000000 0.000000 0.000000 0.000000
0.054388 1.396532 1.109272 -6.243581 0.291580 -1.853353 -20.553554 -1.296097 -3.190217 35.224116 5.805169 -1.886962 -5.005149 -2.283335 12.008160 -0.103833 -1.188301 -1.109130 6.296364 -3.958125 -1.623115 6.888666 0.550940 5.511839 -4.944804 1.045323 -6.037717 -1.241605 -1.052360 0.482832 11.740376 -0.793186 5.796560 -3.592923 -0.273154 -2.106038 4.322575 0.673502 0.017759 6.064820 2.011422 0.968784 2.006994 -0.566140 1.906398 1.352351 20.156823 -0.309761 23.660548 47.180021 -20.526178 18.367885 0.825228 -19.957223 -9.561382 -1.772110 -14.219126 0.000000 0.000000 0.000000 0.000000 0.000000 0.000000 0.000000 0.000000 0.000000 0.000000 0.000000 0.000000 0.000000 0.000000 0.000000 0.000000 0.000000 0.000000 0.000000 0.000000 0.000000 0.000000 0.000000 0.000000 0.000000 0.000000 0.000000 0.000000 0.000000 0.000000 0.000000 0.000000 0.000000 0.000000 0.000000 0.000000 0.000000 0.000000 0.000000 0.000000 0.000000 0.000000 0.180083 -16.966576 5.288380 24.874725 -44.255988 23.704889 10.537126 0.004563 36.704667 -16.894176 6.157661 14.793766 0.000000 0.000000 0.000000 0.000000 0.000000 0.000000 0.000000 0.000000 0.000000 0.000000 0.000000 0.000000 0.000000 0.000000 0.000000 0.000000 0.000000 0.000000 0.000000 0.000000 0.000000 0.000000 0.000000 0.000000 0.000000 0.000000 0.000000 0.000000 0.000000 0.000000 0.000000 0.000000 0.000000 0.000000 0.000000 0.000000 0.000000 0.000000 0.000000 0.000000 0.000000 0.000000
0.051181 1.415281 1.104892 -6.120129 0.768238 -3.035530 -20.414761 -1.562838 -2.421303 22.329264 3.782418 -1.054285 -4.320453 -0.434271 11.510417 -0.005388 -1.211003 -1.105051 9.976712 -4.299340 -2.177954 5.426155 0.689393 6.534697 -6.417579 1.146082 -5.376920 -1.059551 -1.171697 0.454719 12.500627 -1.267834 6.399192 -3.810818 0.367145 -1.799902 4.416130 0.529002 0.434816 5.858988 2.074324 1.446867 1.953388 -0.453675 1.280981 0.936452 20.247307 0.475952 23.428479 47.718370 -18.290864 18.836160 1.055334 -20.288546 -9.512729 -1.769812 -14.057492 0.000000 0.000000 0.000000 0.000000 0.000000 0.000000 0.000000 0.000000 0.000000 0.000000 0.000000 0.000000 0.000000 0.000000 0.000000 0.000000 0.000000 0.000000 0.000000 0.000000 0.000000 0.000000 0.000000 0.000000 0.000000 0.000000 0.000000 0.000000 0.000000 0.000000 0.000000 0.000000 0.000000 0.000000 0.000000 0.000000 0.000000 0.000000 0.000000 0.000000 0.000000 0.000000 -0.344057 -16.304289 5.684462 24.139994 -43.955988 24.201282 9.800781 0.042329 38.683386 -17.723239 7.207905 15.134724 0.000000 0.000000 0.000000 0.000000 0.000000 0.000000 0.000000 0.000000 0.000000 0.000000 0.000000 0.000000 0.000000 0.000000 0.000000 0.000000 0.000000 0.000000 0.000000 0.000000 0.000000 0.000000 0.000000 0.000000 0.000000 0.000000 0.000000 0.000000 0.000000 0.000000 0.000000 0.000000 0.000000 0.000000 0.000000 0.000000 0.000000 0.000000 0.000000 0.000000 0.000000 0.000000
0.045989 1.432798 1.097389 -6.072610 1.529151 -4.008174 -18.135346 -1.932594 -1.240268 6.828139 0.602710 -1.831233 -4.318720 1.341615 10.750861 0.090455 -1.268026 -1.002473 13.179507 -4.990290 -2.920338 5.027033 0.752841 8.179865 -9.250780 1.463536 -4.260233 -0.886191 -1.324342 0.320505 13.229262 -2.162969 6.705737 -4.029709 0.943036 -1.325682 4.621043 0.313786 0.688443 5.764739 2.006139 1.713076 1.820677 -0.488222 0.827143 0.240184 20.451799 1.035950 22.663708 48.275742 -16.002674 18.714996 1.493031 -20.250667 -10.021601 -1.643537 -13.731389 0.000000 0.000000 0.000000 0.000000 0.000000 0.000000 0.000000 0.000000 0.000000 0.000000 0.000000 0.000000 0.000000 0.000000 0.000000 0.000000 0.000000 0.000000 0.000000 0.000000 0.000000 0.000000 0.000000 0.000000 0.000000 0.000000 0.000000 0.000000 0.000000 0.000000 0.000000 0.000000 0.000000 0.000000 0.000000 0.000000 0.000000 0.000000 0.000000 0.000000 0.000000 0.000000 -1.053726 -15.638995 6.064060 22.659424 -43.649513 24.070062 9.223812 0.046429 40.517554 -18.277211 8.147391 15.457579 0.000000 0.000000 0.000000 0.000000 0.000000 0.000000 0.000000 0.000000 0.000000 0.000000 0.000000 0.000000 0.000000 0.000000 0.000000 0.000000 0.000000 0.000000 0.000000 0.000000 0.000000 0.000000 0.000000 0.000000 0.000000 0.000000 0.000000 0.000000 0.000000 0.000000 0.000000 0.000000 0.000000 0.000000 0.000000 0.000000 0.000000 0.000000 0.000000 0.000000 0.000000 0.000000
0.040979 1.450291 1.087004 -5.794989 2.298073 -4.413179 -17.510844 -2.037547 -0.767170 -0.496374 -0.795625 -2.345998 -3.881150 2.231563 10.381000 0.066149 -1.301994 -0.970016 15.649483 -5.363358 -3.304462 5.500314 0.930087 9.731386 -11.650487 1.583998 -3.292123 -0.857629 -1.417631 0.227846 13.164333 -2.529073 7.100418 -3.954313 1.189804 -1.134968 4.834736 0.230539 0.807681 5.614834 1.602672 1.877152 1.799535 -0.593612 0.160033 -0.041039 20.579433 1.442478 22.180677 48.489282 -14.622914 18.180251 1.895499 -20.489621 -10.322168 -1.763673 -13.438597 0.000000 0.000000 0.000000 0.000000 0.000000 0.000000 0.000000 0.000000 0.000000 0.000000 0.000000 0.000000 0.000000 0.000000 0.000000 0.000000 0.000000 0.000000 0.000000 0.000000 0.000000 0.000000 0.000000 0.000000 0.000000 0.000000 0.000000 0.000000 0.000000 0.000000 0.000000 0.000000 0.000000 0.000000 0.000000 0.000000 0.000000 0.000000 0.000000 0.000000 0.000000 0.000000 -1.499116 -15.460334 6.202841 21.811728 -43.272169 23.981583 8.872244 -0.162765 41.550442 -18.659816 9.114849 16.095444 0.000000 0.000000 0.000000 0.000000 0.000000 0.000000 0.000000 0.000000 0.000000 0.000000 0.000000 0.000000 0.000000 0.000000 0.000000 0.000000 0.000000 0.000000 0.000000 0.000000 0.000000 0.000000 0.000000 0.000000 0.000000 0.000000 0.000000 0.000000 0.000000 0.000000 0.000000 0.000000 0.000000 0.000000 0.000000 0.000000 0.000000 0.000000 0.000000 0.000000 0.000000 0.000000
0.036798 1.468790 1.076410 -5.364526 2.921321 -4.796815 -18.215412 -1.878079 -1.066661 -0.267595 -0.795723 -2.323170 -3.265509 1.850677 10.638884 -0.063476 -1.446470 -1.023679 16.944392 -5.027434 -3.386276 7.889696 1.013199 11.106338 -13.186122 1.204746 -2.168665 -0.895894 -1.444894 0.172893 12.207716 -2.384113 7.498166 -3.694850 1.173046 -1.166348 4.878691 0.322585 0.901767 5.724189 1.082679 1.952403 2.015302 -0.775399 -0.190736 0.024575 20.954875 1.623900 22.201092 48.196404 -13.962996 17.736699 2.071163 -20.344400 -10.297526 -1.941253 -13.460543 0.000000 0.000000 0.000000 0.000000 0.000000 0.000000 0.000000 0.000000 0.000000 0.000000 0.000000 0.000000 0.000000 0.000000 0.000000 0.000000 0.000000 0.000000 0.000000 0.000000 0.000000 0.000000 0.000000 0.000000 0.000000 0.000000 0.000000 0.000000 0.000000 0.000000 0.000000 0.000000 0.000000 0.000000 0.000000 0.000000 0.000000 0.000000 0.000000 0.000000 0.000000 0.000000 -1.637358 -15.849299 6.243169 21.523323 -42.742971 23.985231 8.738803 -0.191051 41.994568 -18.525293 9.499353 16.530587 0.000000 0.000000 0.000000 0.000000 0.000000 0.000000 0.000000 0.000000 0.000000 0.000000 0.000000 0.000000 0.000000 0.000000 0.000000 0.000000 0.000000 0.000000 0.000000 0.000000 0.000000 0.000000 0.000000 0.000000 0.000000 0.000000 0.000000 0.000000 0.000000 0.000000 0.000000 0.000000 0.000000 0.000000 0.000000 0.000000 0.000000 0.000000 0.000000 0.000000 0.000000 0.000000
0.035329 1.489279 1.068600 -4.601505 2.960936 -5.189617 -19.801443 -1.321483 -2.096840 4.480478 0.167650 -2.044654 -1.571251 1.058691 11.011578 -0.255581 -1.660190 -1.078040 16.566300 -3.965015 -2.931830 12.486690 1.086523 11.839877 -12.884561 0.426181 -1.632666 -0.912931 -1.465372 0.167780 10.795284 -1.599805 7.829817 -3.627744 1.008410 -1.266965 4.966240 0.536642 0.977128 5.855884 0.583255 1.943912 2.260931 -0.992072 -0.577162 0.344664 21.289907 1.729645 22.898293 47.654906 -14.361380 17.599613 2.015511 -20.200312 -9.983883 -2.487776 -13.759655 0.000000 0.000000 0.000000 0.000000 0.000000 0.000000 0.000000 0.000000 0.000000 0.000000 0.000000 0.000000 0.000000 0.000000 0.000000 0.000000 0.000000 0.000000 0.000000 0.000000 0.000000 0.000000 0.000000 0.000000 0.000000 0.000000 0.000000 0.000000 0.000000 0.000000 0.000000 0.000000 0.000000 0.000000 0.000000 0.000000 0.000000 0.000000 0.000000 0.000000 0.000000 0.000000 -1.436374 -16.654490 5.913070 22.045040 -42.402018 24.196598 8.782592 -0.059026 42.018350 -18.258085 9.485639 16.662648 0.000000 0.000000 0.000000 0.000000 0.000000 0.000000 0.000000 0.000000 0.000000 0.000000 0.000000 0.000000 0.000000 0.000000 0.000000 0.000000 0.000000 0.000000 0.000000 0.000000 0.000000 0.000000 0.000000 0.000000 0.000000 0.000000 0.000000 0.000000 0.000000 0.000000 0.000000 0.000000 0.000000 0.000000 0.000000 0.000000 0.000000 0.000000 0.000000 0.000000 0.000000 0.000000
0.035172 1.509377 1.065017 -3.620663 2.479729 -5.195261 -21.443722 -0.161779 -3.601506 11.644858 1.787504 -1.821336 0.146444 -0.502397 11.515928 -0.402519 -1.809203 -1.080722 14.361520 -2.082795 -2.197961 20.032901 1.068891 11.283831 -9.512652 -1.482309 -1.818763 -0.835267 -1.351561 0.237905 9.452206 -0.160691 7.945952 -3.669676 0.969607 -1.394017 5.050140 0.807950 0.973058 5.947103 0.396987 1.679820 2.510575 -1.373698 -0.255567 0.944450 21.290724 1.500273 23.661766 47.087353 -15.569522 17.106674 2.044146 -19.618472 -9.426103 -3.314447 -14.281215 0.000000 0.000000 0.000000 0.000000 0.000000 0.000000 0.000000 0.000000 0.000000 0.000000 0.000000 0.000000 0.000000 0.000000 0.000000 0.000000 0.000000 0.000000 0.000000 0.000000 0.000000 0.000000 0.000000 0.000000 0.000000 0.000000 0.000000 0.000000 0.000000 0.000000 0.000000 0.000000 0.000000 0.000000 0.000000 0.000000 0.000000 0.000000 0.000000 0.000000 0.000000 0.000000 -0.914829 -17.168685 5.566223 23.635191 -42.694476 24.703780 8.943201 -0.077705 41.459433 -17.620732 8.996624 16.762961 0.000000 0.000000 0.000000 0.000000 0.000000 0.000000 0.000000 0.000000 0.000000 0.000000 0.000000 0.000000 0.000000 0.000000 0.000000 0.000000 0.000000 0.000000 0.000000 0.000000 0.000000 0.000000 0.000000 0.000000 0.000000 0.000000 0.000000 0.000000 0.000000 0.000000 0.000000 0.000000 0.000000 0.000000 0.000000 0.000000 0.000000 0.000000 0.000000 0.000000 0.000000 0.000000
0.037164 1.520074 1.065330 -3.064755 1.388177 -4.785016 -21.352543 1.226254 -4.856432 16.101451 3.104662 -2.052935 0.387111 -2.582705 11.911038 -0.450980 -1.917985 -1.033582 10.121635 -0.131298 -1.453431 30.492248 0.493419 9.543235 -2.114177 -4.000480 -2.757990 -0.703585 -1.381022 0.308458 8.799081 1.207007 7.438669 -4.128364 0.958296 -1.265894 5.391404 0.915583 0.848715 5.799183 0.345502 1.431529 2.619046 -1.541720 -0.031576 1.259480 20.759980 1.077802 24.585755 46.870731 -17.505676 16.745251 2.011596 -19.199525 -8.404375 -3.624936 -14.627904 0.000000 0.000000 0.000000 0.000000 0.000000 0.000000 0.000000 0.000000 0.000000 0.000000 0.000000 0.000000 0.000000 0.000000 0.000000 0.000000 0.000000 0.000000 0.000000 0.000000 0.000000 0.000000 0.000000 0.000000 0.000000 0.000000 0.000000 0.000000 0.000000 0.000000 0.000000 0.000000 0.000000 0.000000 0.000000 0.000000 0.000000 0.000000 0.000000 0.000000 0.000000 0.000000 -0.695221 -17.254334 5.204348 25.573618 -43.722894 25.361466 8.989386 0.060322 39.848602 -16.573225 8.347331 16.529536 0.000000 0.000000 0.000000 0.000000 0.000000 0.000000 0.000000 0.000000 0.000000 0.000000 0.000000 0.000000 0.000000 0.000000 0.000000 0.000000 0.000000 0.000000 0.000000 0.000000 0.000000 0.000000 0.000000 0.000000 0.000000 0.000000 0.000000 0.000000 0.000000 0.000000 0.000000 0.000000 0.000000 0.000000 0.000000 0.000000 0.000000 0.000000 0.000000 0.000000 0.000000 0.000000
0.038813 1.519219 1.068301 -3.109191 0.341627 -4.115505 -19.413492 2.584352 -5.500218 18.348887 3.875686 -2.983358 -0.841022 -5.025746 12.431946 -0.475719 -1.884600 -0.989799 4.236281 1.539495 -0.777759 41.761390 -0.411749 7.491854 5.434708 -6.527454 -2.968465 -0.587897 -1.450445 0.384169 8.803925 2.271635 6.266150 -4.704062 0.992899 -0.964491 5.778057 0.904576 0.592597 5.386830 0.480647 1.487647 2.616527 -1.468613 0.549529 1.418681 20.087857 0.520785 25.142967 46.698135 -19.549714 16.005154 1.947888 -18.898584 -7.469534 -3.514976 -14.819060 0.000000 0.000000 0.000000 0.000000 0.000000 0.000000 0.000000 0.000000 0.000000 0.000000 0.000000 0.000000 0.000000 0.000000 0.000000 0.000000 0.000000 0.000000 0.000000 0.000000 0.000000 0.000000 0.000000 0.000000 0.000000 0.000000 0.000000 0.000000 0.000000 0.000000 0.000000 0.000000 0.000000 0.000000 0.000000 0.000000 0.000000 0.000000 0.000000 0.000000 0.000000 0.000000 -0.533860 -17.129228 5.112807 27.522989 -44.922532 26.114386 9.054621 -0.032121 37.807616 -15.450237 7.778114 15.928816 0.000000 0.000000 0.000000 0.000000 0.000000 0.000000 0.000000 0.000000 0.000000 0.000000 0.000000 0.000000 0.000000 0.000000 0.000000 0.000000 0.000000 0.000000 0.000000 0.000000 0.000000 0.000000 0.000000 0.000000 0.000000 0.000000 0.000000 0.000000 0.000000 0.000000 0.000000 0.000000 0.000000 0.000000 0.000000 0.000000 0.000000 0.000000 0.000000 0.000000 0.000000 0.000000
0.039757 1.509872 1.072665 -3.766349 -0.425451 -3.581083 -15.892795 3.884155 -5.523896 18.608675 3.754666 -4.408155 -3.104389 -7.287637 13.253984 -0.596185 -1.909656 -0.956390 -2.155145 2.394166 -0.029642 51.452388 -1.044314 5.453729 9.087442 -6.852686 -4.138706 -0.524514 -1.559226 0.540588 9.070014 2.848499 4.659916 -4.965830 0.971660 -0.676624 5.940583 0.948061 0.327480 5.260282 0.966312 1.864888 2.301868 -1.136073 1.332347 1.329383 19.506728 -0.304913 25.596418 46.291069 -21.647483 15.930766 1.661341 -19.036739 -6.732022 -3.218440 -14.893784 0.000000 0.000000 0.000000 0.000000 0.000000 0.000000 0.000000 0.000000 0.000000 0.000000 0.000000 0.000000 0.000000 0.000000 0.000000 0.000000 0.000000 0.000000 0.000000 0.000000 0.000000 0.000000 0.000000 0.000000 0.000000 0.000000 0.000000 0.000000 0.000000 0.000000 0.000000 0.000000 0.000000 0.000000 0.000000 0.000000 0.000000 0.000000 0.000000 0.000000 0.000000 0.000000 -0.231031 -17.098729 5.407745 28.933476 -45.886523 26.481141 9.257685 -0.359489 35.922729 -14.343870 7.222833 15.314243 0.000000 0.000000 0.000000 0.000000 0.000000 0.000000 0.000000 0.000000 0.000000 0.000000 0.000000 0.000000 0.000000 0.000000 0.000000 0.000000 0.000000 0.000000 0.000000 0.000000 0.000000 0.000000 0.000000 0.000000 0.000000 0.000000 0.000000 0.000000 0.000000 0.000000 0.000000 0.000000 0.000000 0.000000 0.000000 0.000000 0.000000 0.000000 0.000000 0.000000 0.000000 0.000000
0.037553 1.495091 1.077964 -4.820321 -0.467077 -2.563561 -10.964092 4.554585 -4.866072 16.721961 2.841165 -6.326544 -5.625988 -8.545314 13.951342 -0.699558 -2.094876 -0.903121 -9.008346 2.353966 0.834071 57.963564 -2.366313 3.746681 6.396236 -4.889895 -6.178953 -0.371962 -1.727749 0.623888 9.533604 2.883908 2.642361 -4.922894 0.522156 -0.655049 5.647181 0.862093 -0.042277 5.212169 1.729184 2.373454 1.735012 -0.467987 1.799326 1.028093 19.092951 -1.210017 26.012467 45.756130 -23.934598 16.504887 0.912139 -19.230059 -5.347601 -2.981573 -14.661727 0.000000 0.000000 0.000000 0.000000 0.000000 0.000000 0.000000 0.000000 0.000000 0.000000 0.000000 0.000000 0.000000 0.000000 0.000000 0.000000 0.000000 0.000000 0.000000 0.000000 0.000000 0.000000 0.000000 0.000000 0.000000 0.000000 0.000000 0.000000 0.000000 0.000000 0.000000 0.000000 0.000000 0.000000 0.000000 0.000000 0.000000 0.000000 0.000000 0.000000 0.000000 0.000000 0.042178 -17.559009 5.634515 29.386078 -46.301579 26.018391 10.199375 -0.358889 33.857728 -12.722988 6.637125 14.895815 0.000000 0.000000 0.000000 0.000000 0.000000 0.000000 0.000000 0.000000 0.000000 0.000000 0.000000 0.000000 0.000000 0.000000 0.000000 0.000000 0.000000 0.000000 0.000000 0.000000 0.000000 0.000000 0.000000 0.000000 0.000000 0.000000 0.000000 0.000000 0.000000 0.000000 0.000000 0.000000 0.000000 0.000000 0.000000 0.000000 0.000000 0.000000 0.000000 0.000000 0.000000 0.000000
0.034364 1.478214 1.082921 -5.648049 -0.184846 -1.698104 -6.258933 4.696361 -4.157029 14.519137 1.905676 -8.397663 -7.184202 -8.827532 14.216482 -0.846065 -2.281752 -0.963317 -14.216859 1.855200 1.384027 59.221348 -3.514073 2.483778 1.893521 -2.908701 -7.806836 -0.353072 -1.705976 0.668907 10.104332 2.568336 0.971452 -4.931804 0.126375 -0.654832 5.408517 0.686598 -0.392428 4.976477 2.145927 2.979644 1.266774 -0.210898 2.198690 0.599065 18.579069 -2.031572 26.249916 45.379875 -26.167826 16.336128 0.506251 -19.672316 -5.588357 -3.440905 -14.456648 0.000000 0.000000 0.000000 0.000000 0.000000 0.000000 0.000000 0.000000 0.000000 0.000000 0.000000 0.000000 0.000000 0.000000 0.000000 0.000000 0.000000 0.000000 0.000000 0.000000 0.000000 0.000000 0.000000 0.000000 0.000000 0.000000 0.000000 0.000000 0.000000 0.000000 0.000000 0.000000 0.000000 0.000000 0.000000 0.000000 0.000000 0.000000 0.000000 0.000000 0.000000 0.000000 0.077123 -17.594473 5.705077 29.922546 -46.694984 25.681754 11.296592 -0.204596 32.437834 -11.778999 6.251841 14.556674 0.000000 0.000000 0.000000 0.000000 0.000000 0.000000 0.000000 0.000000 0.000000 0.000000 0.000000 0.000000 0.000000 0.000000 0.000000 0.000000 0.000000 0.000000 0.000000 0.000000 0.000000 0.000000 0.000000 0.000000 0.000000 0.000000 0.000000 0.000000 0.000000 0.000000 0.000000 0.000000 0.000000 0.000000 0.000000 0.000000 0.000000 0.000000 0.000000 0.000000 0.000000 0.000000
0.030460 1.461022 1.087009 -6.324594 0.343980 -0.779437 -1.077417 4.449545 -3.328828 11.518683 1.000986 -10.771543 -8.399765 -8.398044 13.788067 -0.874517 -2.353217 -0.947979 -18.487353 1.237952 1.791740 56.275975 -4.574585 0.954183 -1.743401 -1.795361 -8.668819 -0.363929 -1.708118 0.657354 10.914815 2.037844 -0.477026 -4.974539 -0.258296 -0.668305 5.155943 0.413733 -0.704880 4.643438 2.524230 3.390287 0.940050 -0.009582 2.350392 0.051414 17.774481 -2.566661 26.649975 45.121829 -28.806519 15.879773 0.102076 -20.666505 -6.837659 -4.333861 -14.328558 0.000000 0.000000 0.000000 0.000000 0.000000 0.000000 0.000000 0.000000 0.000000 0.000000 0.000000 0.000000 0.000000 0.000000 0.000000 0.000000 0.000000 0.000000 0.000000 0.000000 0.000000 0.000000 0.000000 0.000000 0.000000 0.000000 0.000000 0.000000 0.000000 0.000000 0.000000 0.000000 0.000000 0.000000 0.000000 0.000000 0.000000 0.000000 0.000000 0.000000 0.000000 0.000000 0.056306 -17.267628 5.481665 30.575228 -47.112046 25.481896 12.278638 -0.220017 31.316677 -11.276714 6.167420 14.259820 0.000000 0.000000 0.000000 0.000000 0.000000 0.000000 0.000000 0.000000 0.000000 0.000000 0.000000 0.000000 0.000000 0.000000 0.000000 0.000000 0.000000 0.000000 0.000000 0.000000 0.000000 0.000000 0.000000 0.000000 0.000000 0.000000 0.000000 0.000000 0.000000 0.000000 0.000000 0.000000 0.000000 0.000000 0.000000 0.000000 0.000000 0.000000 0.000000 0.000000 0.000000 0.000000
0.027631 1.442730 1.089048 -6.815596 0.813547 0.303542 3.959013 3.902383 -2.493365 8.974211 0.378411 -13.264924 -9.724097 -7.737143 12.885479 -0.746175 -2.118621 -0.833802 -21.331706 0.674015 1.989227 49.299505 -5.291443 -0.934698 -3.251885 -1.950460 -9.449839 -0.404928 -1.737028 0.629748 11.785691 1.610098 -1.719008 -5.174742 -0.656412 -0.827061 4.931987 0.022297 -1.107783 4.242288 2.772709 3.288069 0.884758 -0.144886 2.345719 -0.497403 16.821619 -2.880460 26.605902 44.896900 -31.338386 14.918572 -0.159218 -22.323862 -8.736788 -5.454773 -14.312334 0.000000 0.000000 0.000000 0.000000 0.000000 0.000000 0.000000 0.000000 0.000000 0.000000 0.000000 0.000000 0.000000 0.000000 0.000000 0.000000 0.000000 0.000000 0.000000 0.000000 0.000000 0.000000 0.000000 0.000000 0.000000 0.000000 0.000000 0.000000 0.000000 0.000000 0.000000 0.000000 0.000000 0.000000 0.000000 0.000000 0.000000 0.000000 0.000000 0.000000 0.000000 0.000000 -0.008845 -16.844090 4.985251 31.213163 -47.527928 25.213405 12.726659 -0.575324 30.453179 -10.963794 5.903956 13.635815 0.000000 0.000000 0.000000 0.000000 0.000000 0.000000 0.000000 0.000000 0.000000 0.000000 0.000000 0.000000 0.000000 0.000000 0.000000 0.000000 0.000000 0.000000 0.000000 0.000000 0.000000 0.000000 0.000000 0.000000 0.000000 0.000000 0.000000 0.000000 0.000000 0.000000 0.000000 0.000000 0.000000 0.000000 0.000000 0.000000 0.000000 0.000000 0.000000 0.000000 0.000000 0.000000
0.027491 1.423850 1.089282 -7.428406 0.959461 1.576100 8.293694 3.248728 -1.525159 7.833957 0.425633 -15.092642 -11.225841 -7.229460 11.745442 -0.481846 -1.420552 -0.717551 -22.359280 0.319976 2.091201 37.080791 -4.675537 -2.549057 -2.313892 -3.657623 -10.244823 -0.535275 -1.863483 0.529265 12.650449 1.466210 -2.832140 -5.890037 -1.034017 -0.994494 5.189143 -0.457914 -1.515591 3.863884 3.047009 2.925255 0.712352 -0.536250 2.787494 -1.105433 15.655998 -3.186356 26.014478 44.703989 -33.408508 13.601421 -0.330935 -24.908457 -10.894365 -6.803379 -14.734339 0.000000 0.000000 0.000000 0.000000 0.000000 0.000000 0.000000 0.000000 0.000000 0.000000 0.000000 0.000000 0.000000 0.000000 0.000000 0.000000 0.000000 0.000000 0.000000 0.000000 0.000000 0.000000 0.000000 0.000000 0.000000 0.000000 0.000000 0.000000 0.000000 0.000000 0.000000 0.000000 0.000000 0.000000 0.000000 0.000000 0.000000 0.000000 0.000000 0.000000 0.000000 0.000000 -0.237334 -16.266910 4.240272 32.149333 -47.950616 25.137427 12.321593 -1.012266 29.905894 -10.819200 5.527574 12.938152 0.000000 0.000000 0.000000 0.000000 0.000000 0.000000 0.000000 0.000000 0.000000 0.000000 0.000000 0.000000 0.000000 0.000000 0.000000 0.000000 0.000000 0.000000 0.000000 0.000000 0.000000 0.000000 0.000000 0.000000 0.000000 0.000000 0.000000 0.000000 0.000000 0.000000 0.000000 0.000000 0.000000 0.000000 0.000000 0.000000 0.000000 0.000000 0.000000 0.000000 0.000000 0.000000
0.032007 1.404856 1.087547 -8.451462 0.511388 2.530187 11.641456 2.911701 -0.545744 7.718583 0.387698 -16.247075 -12.289534 -6.720498 10.667655 -0.349442 -0.938071 -0.628567 -21.515907 -0.054508 2.015760 24.644887 -2.574272 -2.628823 -1.143523 -5.376199 -10.430429 -0.564131 -1.962376 0.394088 13.078708 1.607789 -3.438752 -5.915200 -1.248715 -1.240046 5.214254 -0.818615 -1.795179 3.468261 3.308902 2.411919 0.405951 -0.896262 3.182015 -1.292943 15.180674 -3.599403 24.706108 44.321847 -34.320036 12.268387 -0.168807 -26.469265 -12.302773 -7.349026 -15.153528 0.000000 0.000000 0.000000 0.000000 0.000000 0.000000 0.000000 0.000000 0.000000 0.000000 0.000000 0.000000 0.000000 0.000000 0.000000 0.000000 0.000000 0.000000 0.000000 0.000000 0.000000 0.000000 0.000000 0.000000 0.000000 0.000000 0.000000 0.000000 0.000000 0.000000 0.000000 0.000000 0.000000 0.000000 0.000000 0.000000 0.000000 0.000000 0.000000 0.000000 0.000000 0.000000 -0.249628 -15.981683 3.916706 32.550110 -48.287241 24.967105 11.408946 -1.197008 29.382199 -10.405293 5.081948 12.227355 0.000000 0.000000 0.000000 0.000000 0.000000 0.000000 0.000000 0.000000 0.000000 0.000000 0.000000 0.000000 0.000000 0.000000 0.000000 0.000000 0.000000 0.000000 0.000000 0.000000 0.000000 0.000000 0.000000 0.000000 0.000000 0.000000 0.000000 0.000000 0.000000 0.000000 0.000000 0.000000 0.000000 0.000000 0.000000 0.000000 0.000000 0.000000 0.000000 0.000000 0.000000 0.000000
0.039521 1.391418 1.084173 -9.443863 -0.258856 3.571650 14.207184 2.698158 0.128955 9.240026 0.274896 -17.234596 -13.821318 -6.578653 9.771303 -0.333433 -0.561175 -0.575683 -19.773490 -0.348037 1.952034 13.662873 -0.435494 -1.760874 -0.268497 -6.818332 -10.446035 -0.551913 -1.951168 0.262957 12.962495 1.931302 -3.739279 -5.594896 -1.538376 -1.538943 5.127923 -0.983233 -2.019062 3.330867 3.514878 1.663092 0.070791 -1.167934 3.475429 -1.393709 15.080661 -3.851985 23.318723 43.917841 -34.675009 11.128610 0.170269 -27.607662 -13.240414 -7.808956 -15.787951 0.000000 0.000000 0.000000 0.000000 0.000000 0.000000 0.000000 0.000000 0.000000 0.000000 0.000000 0.000000 0.000000 0.000000 0.000000 0.000000 0.000000 0.000000 0.000000 0.000000 0.000000 0.000000 0.000000 0.000000 0.000000 0.000000 0.000000 0.000000 0.000000 0.000000 0.000000 0.000000 0.000000 0.000000 0.000000 0.000000 0.000000 0.000000 0.000000 0.000000 0.000000 0.000000 -0.231436 -16.003549 3.553632 32.592036 -48.292522 24.565550 10.518789 -1.518868 28.744147 -9.680000 4.687672 11.842526 0.000000 0.000000 0.000000 0.000000 0.000000 0.000000 0.000000 0.000000 0.000000 0.000000 0.000000 0.000000 0.000000 0.000000 0.000000 0.000000 0.000000 0.000000 0.000000 0.000000 0.000000 0.000000 0.000000 0.000000 0.000000 0.000000 0.000000 0.000000 0.000000 0.000000 0.000000 0.000000 0.000000 0.000000 0.000000 0.000000 0.000000 0.000000 0.000000 0.000000 0.000000 0.000000
0.044906 1.393456 1.079377 -9.314980 -0.581782 4.321205 15.208923 2.252407 0.102671 12.977953 -0.097410 -18.004104 -14.885436 -6.393909 9.242947 -0.374815 -0.387233 -0.586036 -19.201924 -0.985007 2.067489 10.617014 0.166018 -1.430616 0.013775 -6.569142 -10.409892 -0.622566 -1.915770 0.238788 12.474701 1.773575 -3.903132 -5.254313 -1.890576 -1.736709 4.851108 -0.824204 -2.185858 3.507431 3.612141 1.158202 -0.405663 -1.155372 3.450694 -1.168288 15.335054 -3.926315 22.522855 43.649152 -34.633114 10.853573 0.043665 -28.420862 -13.548545 -8.101617 -16.037699 0.000000 0.000000 0.000000 0.000000 0.000000 0.000000 0.000000 0.000000 0.000000 0.000000 0.000000 0.000000 0.000000 0.000000 0.000000 0.000000 0.000000 0.000000 0.000000 0.000000 0.000000 0.000000 0.000000 0.000000 0.000000 0.000000 0.000000 0.000000 0.000000 0.000000 0.000000 0.000000 0.000000 0.000000 0.000000 0.000000 0.000000 0.000000 0.000000 0.000000 0.000000 0.000000 -0.016653 -16.368074 3.283476 32.095622 -48.117077 23.748233 10.297492 -1.543448 28.490993 -9.456513 4.204709 11.738948 0.000000 0.000000 0.000000 0.000000 0.000000 0.000000 0.000000 0.000000 0.000000 0.000000 0.000000 0.000000 0.000000 0.000000 0.000000 0.000000 0.000000 0.000000 0.000000 0.000000 0.000000 0.000000 0.000000 0.000000 0.000000 0.000000 0.000000 0.000000 0.000000 0.000000 0.000000 0.000000 0.000000 0.000000 0.000000 0.000000 0.000000 0.000000 0.000000 0.000000 0.000000 0.000000
0.047731 1.406627 1.074962 -8.371817 -0.386227 4.836468 13.767092 1.014158 -0.263901 21.588700 -0.181841 -18.119520 -12.788050 -5.226946 9.043296 -0.374389 -0.313447 -0.609371 -19.767501 -1.918380 2.476067 14.429155 -0.557966 -1.538405 0.636130 -4.688531 -10.553572 -0.873793 -1.778355 0.327381 11.541985 0.948211 -3.932802 -5.110330 -2.161821 -1.770364 4.765345 -0.470490 -2.312411 3.670355 3.728053 0.878719 -0.472723 -0.820643 3.537644 -0.698590 16.132964 -3.692568 22.498466 43.408071 -34.110466 10.606817 -0.240138 -29.303229 -13.909978 -8.080147 -15.912106 0.000000 0.000000 0.000000 0.000000 0.000000 0.000000 0.000000 0.000000 0.000000 0.000000 0.000000 0.000000 0.000000 0.000000 0.000000 0.000000 0.000000 0.000000 0.000000 0.000000 0.000000 0.000000 0.000000 0.000000 0.000000 0.000000 0.000000 0.000000 0.000000 0.000000 0.000000 0.000000 0.000000 0.000000 0.000000 0.000000 0.000000 0.000000 0.000000 0.000000 0.000000 0.000000 0.493197 -17.221600 3.150827 31.093866 -47.426917 22.452769 10.412053 -1.625321 28.515869 -9.951684 3.440345 11.677620 0.000000 0.000000 0.000000 0.000000 0.000000 0.000000 0.000000 0.000000 0.000000 0.000000 0.000000 0.000000 0.000000 0.000000 0.000000 0.000000 0.000000 0.000000 0.000000 0.000000 0.000000 0.000000 0.000000 0.000000 0.000000 0.000000 0.000000 0.000000 0.000000 0.000000 0.000000 0.000000 0.000000 0.000000 0.000000 0.000000 0.000000 0.000000 0.000000 0.000000 0.000000 0.000000
0.049199 1.422762 1.073589 -7.232288 0.177472 4.774482 9.364978 -0.622732 -0.753101 33.907520 0.580820 -16.531660 -6.373587 -2.363363 8.857258 -0.197237 -0.498008 -0.661635 -20.673960 -3.171624 2.861543 21.176680 -1.960208 -1.930527 -0.037196 -1.396099 -10.370212 -0.906215 -1.629437 0.380424 10.950778 -0.376967 -3.742646 -5.227600 -2.159111 -1.798329 4.787057 -0.097230 -2.382125 3.627534 3.798618 0.851468 -0.668928 -0.444817 3.532595 -0.242974 16.980030 -3.342820 23.084719 43.756124 -33.244816 10.802984 -0.545075 -29.284410 -13.891545 -7.802087 -15.316282 0.000000 0.000000 0.000000 0.000000 0.000000 0.000000 0.000000 0.000000 0.000000 0.000000 0.000000 0.000000 0.000000 0.000000 0.000000 0.000000 0.000000 0.000000 0.000000 0.000000 0.000000 0.000000 0.000000 0.000000 0.000000 0.000000 0.000000 0.000000 0.000000 0.000000 0.000000 0.000000 0.000000 0.000000 0.000000 0.000000 0.000000 0.000000 0.000000 0.000000 0.000000 0.000000 1.029368 -17.794405 3.462585 29.866854 -46.983848 21.542229 10.596037 -1.948135 28.499597 -11.192235 2.695569 11.444695 0.000000 0.000000 0.000000 0.000000 0.000000 0.000000 0.000000 0.000000 0.000000 0.000000 0.000000 0.000000 0.000000 0.000000 0.000000 0.000000 0.000000 0.000000 0.000000 0.000000 0.000000 0.000000 0.000000 0.000000 0.000000 0.000000 0.000000 0.000000 0.000000 0.000000 0.000000 0.000000 0.000000 0.000000 0.000000 0.000000 0.000000 0.000000 0.000000 0.000000 0.000000 0.000000
0.049680 1.437434 1.076011 -6.360556 0.945257 4.308364 2.941344 -2.053800 -1.304171 46.141527 1.624697 -13.338875 0.278724 -0.259414 8.858684 -0.063139 -0.637236 -0.764883 -20.090258 -4.424332 2.905624 25.350821 -2.905293 -1.709450 -1.299175 1.741526 -9.767886 -0.915482 -1.463849 0.434888 10.870009 -1.500481 -2.979622 -5.357613 -2.073679 -1.840870 4.845340 0.063986 -2.277843 3.431476 3.736174 0.530040 -0.805702 -0.403316 3.498478 0.021670 17.684629 -3.264709 23.850274 44.478051 -32.135970 11.719931 -0.656685 -28.165403 -13.482368 -7.310767 -14.494030 0.000000 0.000000 0.000000 0.000000 0.000000 0.000000 0.000000 0.000000 0.000000 0.000000 0.000000 0.000000 0.000000 0.000000 0.000000 0.000000 0.000000 0.000000 0.000000 0.000000 0.000000 0.000000 0.000000 0.000000 0.000000 0.000000 0.000000 0.000000 0.000000 0.000000 0.000000 0.000000 0.000000 0.000000 0.000000 0.000000 0.000000 0.000000 0.000000 0.000000 0.000000 0.000000 1.461732 -18.153672 4.082948 28.469259 -46.649259 20.787048 10.912854 -2.167682 28.591744 -11.983586 2.836314 11.377503 0.000000 0.000000 0.000000 0.000000 0.000000 0.000000 0.000000 0.000000 0.000000 0.000000 0.000000 0.000000 0.000000 0.000000 0.000000 0.000000 0.000000 0.000000 0.000000 0.000000 0.000000 0.000000 0.000000 0.000000 0.000000 0.000000 0.000000 0.000000 0.000000 0.000000 0.000000 0.000000 0.000000 0.000000 0.000000 0.000000 0.000000 0.000000 0.000000 0.000000 0.000000 0.000000
0.049815 1.450079 1.081591 -5.973789 1.633715 3.704969 -4.300386 -2.808754 -1.999616 55.043641 2.946863 -10.065740 1.912124 -0.818717 9.869638 -0.117371 -0.820082 -0.932910 -17.521849 -5.352799 2.420036 26.402846 -3.205352 -0.728286 -2.643380 3.676388 -9.247872 -1.104972 -1.242215 0.589364 11.016699 -2.096616 -1.491258 -5.298140 -2.167832 -2.080997 4.684911 0.129129 -2.083490 3.114479 3.554479 0.039832 -1.082318 -0.537126 3.463676 0.411454 18.264710 -3.358242 24.533192 45.311980 -30.695988 13.322183 -0.271979 -25.994252 -13.110086 -6.385977 -13.678269 0.000000 0.000000 0.000000 0.000000 0.000000 0.000000 0.000000 0.000000 0.000000 0.000000 0.000000 0.000000 0.000000 0.000000 0.000000 0.000000 0.000000 0.000000 0.000000 0.000000 0.000000 0.000000 0.000000 0.000000 0.000000 0.000000 0.000000 0.000000 0.000000 0.000000 0.000000 0.000000 0.000000 0.000000 0.000000 0.000000 0.000000 0.000000 0.000000 0.000000 0.000000 0.000000 1.693819 -18.267642 4.658839 27.033156 -46.252546 20.099240 11.197852 -2.299291 28.999492 -12.517095 3.625705 11.510935 0.000000 0.000000 0.000000 0.000000 0.000000 0.000000 0.000000 0.000000 0.000000 0.000000 0.000000 0.000000 0.000000 0.000000 0.000000 0.000000 0.000000 0.000000 0.000000 0.000000 0.000000 0.000000 0.000000 0.000000 0.000000 0.000000 0.000000 0.000000 0.000000 0.000000 0.000000 0.000000 0.000000 0.000000 0.000000 0.000000 0.000000 0.000000 0.000000 0.000000 0.000000 0.000000
0.052091 1.464268 1.088845 -5.890238 1.717829 2.682222 -11.909008 -2.703449 -2.732538 58.724122 4.734720 -6.981127 -0.427908 -2.657488 11.405007 -0.230173 -1.145321 -1.101991 -12.964642 -5.738622 1.383009 24.949652 -2.477902 0.668513 -4.263433 4.347927 -8.354595 -1.394385 -0.988841 0.734791 11.402180 -2.006610 0.605380 -5.193325 -2.111070 -2.492227 4.418116 0.247695 -1.760070 3.324030 3.085035 0.075736 -1.032840 -0.570692 3.250318 0.943274 18.875291 -3.393870 24.489099 46.130782 -28.454064 15.271553 0.528095 -22.878428 -12.664491 -4.274587 -12.925648 0.000000 0.000000 0.000000 0.000000 0.000000 0.000000 0.000000 0.000000 0.000000 0.000000 0.000000 0.000000 0.000000 0.000000 0.000000 0.000000 0.000000 0.000000 0.000000 0.000000 0.000000 0.000000 0.000000 0.000000 0.000000 0.000000 0.000000 0.000000 0.000000 0.000000 0.000000 0.000000 0.000000 0.000000 0.000000 0.000000 0.000000 0.000000 0.000000 0.000000 0.000000 0.000000 1.640819 -18.148340 5.090386 25.790530 -45.863743 20.230121 11.891077 -2.234028 29.609111 -13.318059 4.827595 12.165623 0.000000 0.000000 0.000000 0.000000 0.000000 0.000000 0.000000 0.000000 0.000000 0.000000 0.000000 0.000000 0.000000 0.000000 0.000000 0.000000 0.000000 0.000000 0.000000 0.000000 0.000000 0.000000 0.000000 0.000000 0.000000 0.000000 0.000000 0.000000 0.000000 0.000000 0.000000 0.000000 0.000000 0.000000 0.000000 0.000000 0.000000 0.000000 0.000000 0.000000 0.000000 0.000000
0.053961 1.478806 1.096281 -6.492059 1.558183 1.480036 -16.315733 -2.120928 -3.221565 55.298628 5.695374 -5.157805 -3.516360 -3.997000 12.363696 -0.271584 -1.291954 -1.148347 -8.074347 -5.605094 0.771440 22.927224 -1.609411 1.911957 -5.073352 3.603943 -7.653312 -1.468144 -0.889618 0.753459 11.862985 -1.679728 2.303449 -5.057293 -1.782934 -2.570095 4.142962 0.402758 -1.375944 3.676358 2.626280 0.117480 -1.080128 -0.670205 2.928696 1.303547 19.500469 -3.033770 24.372030 46.560005 -26.183397 16.588606 0.892153 -21.224310 -11.732793 -2.861953 -12.746636 0.000000 0.000000 0.000000 0.000000 0.000000 0.000000 0.000000 0.000000 0.000000 0.000000 0.000000 0.000000 0.000000 0.000000 0.000000 0.000000 0.000000 0.000000 0.000000 0.000000 0.000000 0.000000 0.000000 0.000000 0.000000 0.000000 0.000000 0.000000 0.000000 0.000000 0.000000 0.000000 0.000000 0.000000 0.000000 0.000000 0.000000 0.000000 0.000000 0.000000 0.000000 0.000000 1.440124 -17.864873 5.285945 25.475776 -45.672257 20.711922 12.150665 -1.939945 30.990062 -14.147805 5.570211 12.962811 0.000000 0.000000 0.000000 0.000000 0.000000 0.000000 0.000000 0.000000 0.000000 0.000000 0.000000 0.000000 0.000000 0.000000 0.000000 0.000000 0.000000 0.000000 0.000000 0.000000 0.000000 0.000000 0.000000 0.000000 0.000000 0.000000 0.000000 0.000000 0.000000 0.000000 0.000000 0.000000 0.000000 0.000000 0.000000 0.000000 0.000000 0.000000 0.000000 0.000000 0.000000 0.000000
0.053579 1.499949 1.101974 -6.605316 1.549437 0.282764 -18.870234 -1.442437 -3.258489 46.801505 5.895616 -3.761264 -4.798802 -3.934186 12.559819 -0.261047 -1.367785 -1.195458 -3.143627 -5.230834 0.223915 21.170149 -0.908290 3.164507 -5.481419 2.413841 -6.754647 -1.452901 -0.934727 0.740723 12.214417 -1.335153 3.699162 -5.001154 -1.233124 -2.422843 3.852711 0.525363 -0.923632 3.774545 2.233459 0.209342 -0.923667 -0.849628 2.503712 1.464693 19.946018 -2.302657 24.397201 46.910599 -23.977975 17.488241 1.088763 -20.194542 -10.598393 -2.060005 -12.890909 0.000000 0.000000 0.000000 0.000000 0.000000 0.000000 0.000000 0.000000 0.000000 0.000000 0.000000 0.000000 0.000000 0.000000 0.000000 0.000000 0.000000 0.000000 0.000000 0.000000 0.000000 0.000000 0.000000 0.000000 0.000000 0.000000 0.000000 0.000000 0.000000 0.000000 0.000000 0.000000 0.000000 0.000000 0.000000 0.000000 0.000000 0.000000 0.000000 0.000000 0.000000 0.000000 0.947956 -17.390968 5.219862 25.596459 -45.604033 21.458127 11.887539 -1.410287 33.090864 -15.427619 6.384883 13.953825 0.000000 0.000000 0.000000 0.000000 0.000000 0.000000 0.000000 0.000000 0.000000 0.000000 0.000000 0.000000 0.000000 0.000000 0.000000 0.000000 0.000000 0.000000 0.000000 0.000000 0.000000 0.000000 0.000000 0.000000 0.000000 0.000000 0.000000 0.000000 0.000000 0.000000 0.000000 0.000000 0.000000 0.000000 0.000000 0.000000 0.000000 0.000000 0.000000 0.000000 0.000000 0.000000
0.052108 1.524673 1.104649 -6.284265 1.560115 -0.644841 -19.447735 -0.593841 -3.123329 34.297335 5.083510 -2.834612 -4.370921 -2.876726 12.270202 -0.217923 -1.478238 -1.245264 0.886350 -4.771294 -0.144639 21.410818 -0.496033 4.202065 -5.591589 1.399604 -5.898748 -1.298587 -1.046815 0.729632 12.184665 -1.108273 4.639283 -4.849393 -0.562695 -2.173331 3.751446 0.539547 -0.532205 3.789743 1.955174 0.440960 -0.855912 -0.937136 1.701571 1.465925 20.268004 -1.521365 24.737172 47.250748 -22.264646 17.769956 1.321078 -19.560653 -9.987356 -1.913934 -13.198027 0.000000 0.000000 0.000000 0.000000 0.000000 0.000000 0.000000 0.000000 0.000000 0.000000 0.000000 0.000000 0.000000 0.000000 0.000000 0.000000 0.000000 0.000000 0.000000 0.000000 0.000000 0.000000 0.000000 0.000000 0.000000 0.000000 0.000000 0.000000 0.000000 0.000000 0.000000 0.000000 0.000000 0.000000 0.000000 0.000000 0.000000 0.000000 0.000000 0.000000 0.000000 0.000000 0.317230 -16.850522 5.156171 25.916803 -45.520931 22.345314 11.408152 -0.762686 35.361361 -16.762440 7.489010 14.984118 0.000000 0.000000 0.000000 0.000000 0.000000 0.000000 0.000000 0.000000 0.000000 0.000000 0.000000 0.000000 0.000000 0.000000 0.000000 0.000000 0.000000 0.000000 0.000000 0.000000 0.000000 0.000000 0.000000 0.000000 0.000000 0.000000 0.000000 0.000000 0.000000 0.000000 0.000000 0.000000 0.000000 0.000000 0.000000 0.000000 0.000000 0.000000 0.000000 0.000000 0.000000 0.000000
0.048681 1.545818 1.104640 -5.884790 1.690743 -1.598976 -18.013304 0.356403 -3.242207 22.469471 3.472137 -2.590866 -3.441082 -2.323452 12.160916 -0.276843 -1.770352 -1.152218 2.471211 -3.795781 -0.072658 27.265592 -0.684489 5.195023 -4.640067 -0.179242 -4.766286 -1.021478 -1.147803 0.665700 11.720255 -0.820132 4.972438 -4.792195 0.020436 -1.748624 3.998301 0.504988 -0.165942 4.066260 1.744115 0.641814 -0.883042 -1.057453 1.011088 1.366283 20.606601 -0.905680 25.152293 47.241595 -20.851311 18.153173 1.393321 -19.591871 -8.883466 -2.115602 -13.695964 0.000000 0.000000 0.000000 0.000000 0.000000 0.000000 0.000000 0.000000 0.000000 0.000000 0.000000 0.000000 0.000000 0.000000 0.000000 0.000000 0.000000 0.000000 0.000000 0.000000 0.000000 0.000000 0.000000 0.000000 0.000000 0.000000 0.000000 0.000000 0.000000 0.000000 0.000000 0.000000 0.000000 0.000000 0.000000 0.000000 0.000000 0.000000 0.000000 0.000000 0.000000 0.000000 -0.036654 -16.790459 5.294819 25.629786 -45.099091 22.711483 11.292406 -0.497673 37.068767 -16.932516 8.138354 15.871128 0.000000 0.000000 0.000000 0.000000 0.000000 0.000000 0.000000 0.000000 0.000000 0.000000 0.000000 0.000000 0.000000 0.000000 0.000000 0.000000 0.000000 0.000000 0.000000 0.000000 0.000000 0.000000 0.000000 0.000000 0.000000 0.000000 0.000000 0.000000 0.000000 0.000000 0.000000 0.000000 0.000000 0.000000 0.000000 0.000000 0.000000 0.000000 0.000000 0.000000 0.000000 0.000000
0.046294 1.559661 1.103223 -4.994603 1.485511 -1.924282 -16.189742 1.553556 -3.895542 19.056899 3.033031 -3.706240 -3.335050 -3.477216 12.422962 -0.329962 -1.805422 -1.056167 0.168367 -2.285105 0.429939 35.727328 -1.299857 5.156190 -0.372684 -2.735137 -4.580746 -0.841529 -1.212628 0.638149 10.816387 0.152828 4.541007 -4.904170 0.031854 -1.560406 4.251201 0.550390 -0.135009 4.442684 1.625471 0.794946 -0.489315 -1.109087 1.021770 1.559117 20.286234 -0.867048 25.744933 47.120948 -21.129283 17.893007 1.509430 -19.622397 -7.424565 -2.346798 -13.648045 0.000000 0.000000 0.000000 0.000000 0.000000 0.000000 0.000000 0.000000 0.000000 0.000000 0.000000 0.000000 0.000000 0.000000 0.000000 0.000000 0.000000 0.000000 0.000000 0.000000 0.000000 0.000000 0.000000 0.000000 0.000000 0.000000 0.000000 0.000000 0.000000 0.000000 0.000000 0.000000 0.000000 0.000000 0.000000 0.000000 0.000000 0.000000 0.000000 0.000000 0.000000 0.000000 -0.093815 -16.645724 5.289170 26.542626 -45.305704 23.366388 11.256422 -0.790702 37.167937 -16.368056 7.804446 15.886368 0.000000 0.000000 0.000000 0.000000 0.000000 0.000000 0.000000 0.000000 0.000000 0.000000 0.000000 0.000000 0.000000 0.000000 0.000000 0.000000 0.000000 0.000000 0.000000 0.000000 0.000000 0.000000 0.000000 0.000000 0.000000 0.000000 0.000000 0.000000 0.000000 0.000000 0.000000 0.000000 0.000000 0.000000 0.000000 0.000000 0.000000 0.000000 0.000000 0.000000 0.000000 0.000000
0.046276 1.558141 1.101637 -5.083592 0.960237 -1.821613 -12.860379 2.886054 -4.271501 18.172849 2.801148 -5.376522 -4.621228 -5.657812 13.006390 -0.468042 -1.882467 -0.931674 -5.202702 -0.575561 0.828151 45.699469 -2.457055 4.077811 3.868035 -4.383757 -5.199818 -0.637277 -1.345552 0.665080 10.439991 1.232261 3.331244 -4.899818 -0.151488 -1.252439 4.418377 0.567483 -0.276509 4.612293 1.733591 1.093332 -0.232082 -1.086931 1.464499 1.603779 19.742652 -1.089034 25.937508 46.737525 -22.466527 17.194108 1.422074 -19.718427 -6.463487 -2.396753 -13.897730 0.000000 0.000000 0.000000 0.000000 0.000000 0.000000 0.000000 0.000000 0.000000 0.000000 0.000000 0.000000 0.000000 0.000000 0.000000 0.000000 0.000000 0.000000 0.000000 0.000000 0.000000 0.000000 0.000000 0.000000 0.000000 0.000000 0.000000 0.000000 0.000000 0.000000 0.000000 0.000000 0.000000 0.000000 0.000000 0.000000 0.000000 0.000000 0.000000 0.000000 0.000000 0.000000 -0.007847 -16.674735 5.213785 27.681233 -45.799316 24.030743 11.459051 -0.829197 36.204353 -14.942468 6.804000 15.493543 0.000000 0.000000 0.000000 0.000000 0.000000 0.000000 0.000000 0.000000 0.000000 0.000000 0.000000 0.000000 0.000000 0.000000 0.000000 0.000000 0.000000 0.000000 0.000000 0.000000 0.000000 0.000000 0.000000 0.000000 0.000000 0.000000 0.000000 0.000000 0.000000 0.000000 0.000000 0.000000 0.000000 0.000000 0.000000 0.000000 0.000000 0.000000 0.000000 0.000000 0.000000 0.000000
0.045249 1.546614 1.100175 -5.800155 0.718484 -1.308870 -8.516081 3.749873 -3.983424 17.217754 2.230518 -7.119853 -6.722801 -7.330971 13.410669 -0.637478 -2.053038 -0.885273 -11.140322 0.288868 1.390397 52.069863 -3.662264 2.522496 3.535299 -3.787638 -6.614261 -0.503160 -1.460720 0.708809 10.478740 1.668897 1.630754 -4.762243 -0.348200 -1.039904 4.469441 0.557228 -0.510314 4.684306 2.046430 1.694422 -0.295460 -0.788599 2.093627 1.345727 19.314806 -1.652910 25.892329 46.265120 -24.032721 16.995979 0.973319 -19.868400 -5.618247 -2.310918 -14.071828 0.000000 0.000000 0.000000 0.000000 0.000000 0.000000 0.000000 0.000000 0.000000 0.000000 0.000000 0.000000 0.000000 0.000000 0.000000 0.000000 0.000000 0.000000 0.000000 0.000000 0.000000 0.000000 0.000000 0.000000 0.000000 0.000000 0.000000 0.000000 0.000000 0.000000 0.000000 0.000000 0.000000 0.000000 0.000000 0.000000 0.000000 0.000000 0.000000 0.000000 0.000000 0.000000 0.045365 -16.866784 5.360437 28.330589 -46.171588 24.104737 11.749686 -0.561645 35.299377 -13.308316 5.791456 15.322171 0.000000 0.000000 0.000000 0.000000 0.000000 0.000000 0.000000 0.000000 0.000000 0.000000 0.000000 0.000000 0.000000 0.000000 0.000000 0.000000 0.000000 0.000000 0.000000 0.000000 0.000000 0.000000 0.000000 0.000000 0.000000 0.000000 0.000000 0.000000 0.000000 0.000000 0.000000 0.000000 0.000000 0.000000 0.000000 0.000000 0.000000 0.000000 0.000000 0.000000 0.000000 0.000000
0.042671 1.528464 1.099320 -6.805175 0.856551 -0.207434 -2.053197 4.277509 -3.165684 15.120480 1.149489 -10.304034 -9.389403 -7.793104 13.349010 -0.730016 -2.164962 -0.877143 -17.222505 0.500297 1.940046 52.457480 -4.915656 0.837348 -0.858525 -2.530439 -8.120529 -0.402045 -1.564284 0.716456 11.066657 1.564054 -0.275018 -4.977507 -0.688469 -0.971190 4.426248 0.362089 -0.832768 4.374681 2.524418 2.338295 -0.107776 -0.177069 2.166487 0.595513 18.451012 -2.188317 26.384183 45.880864 -26.947111 16.809195 0.590987 -20.376325 -5.861268 -2.653393 -13.974028 0.000000 0.000000 0.000000 0.000000 0.000000 0.000000 0.000000 0.000000 0.000000 0.000000 0.000000 0.000000 0.000000 0.000000 0.000000 0.000000 0.000000 0.000000 0.000000 0.000000 0.000000 0.000000 0.000000 0.000000 0.000000 0.000000 0.000000 0.000000 0.000000 0.000000 0.000000 0.000000 0.000000 0.000000 0.000000 0.000000 0.000000 0.000000 0.000000 0.000000 0.000000 0.000000 -0.094689 -17.040706 5.097641 29.143644 -46.541192 23.716509 12.327555 -0.579391 33.831687 -11.950850 5.532780 14.946984 0.000000 0.000000 0.000000 0.000000 0.000000 0.000000 0.000000 0.000000 0.000000 0.000000 0.000000 0.000000 0.000000 0.000000 0.000000 0.000000 0.000000 0.000000 0.000000 0.000000 0.000000 0.000000 0.000000 0.000000 0.000000 0.000000 0.000000 0.000000 0.000000 0.000000 0.000000 0.000000 0.000000 0.000000 0.000000 0.000000 0.000000 0.000000 0.000000 0.000000 0.000000 0.000000
0.041571 1.510596 1.098096 -7.359754 0.927570 0.745670 3.657918 4.306502 -2.416872 11.824473 0.424291 -13.075490 -10.918525 -7.599916 12.593399 -0.706592 -1.986528 -0.847428 -20.382673 0.310306 2.156776 46.287891 -5.230479 -1.210794 -2.977640 -2.320580 -9.428366 -0.437152 -1.627266 0.681189 11.770720 1.417608 -1.653189 -5.282871 -0.914391 -0.966724 4.455509 0.066359 -1.089256 3.969863 2.860147 2.703083 0.083364 -0.196361 2.478582 -0.135496 17.448796 -2.442425 26.645925 45.502427 -29.754288 15.732674 0.281228 -21.966727 -7.886987 -3.906186 -14.459200 0.000000 0.000000 0.000000 0.000000 0.000000 0.000000 0.000000 0.000000 0.000000 0.000000 0.000000 0.000000 0.000000 0.000000 0.000000 0.000000 0.000000 0.000000 0.000000 0.000000 0.000000 0.000000 0.000000 0.000000 0.000000 0.000000 0.000000 0.000000 0.000000 0.000000 0.000000 0.000000 0.000000 0.000000 0.000000 0.000000 0.000000 0.000000 0.000000 0.000000 0.000000 0.000000 -0.353106 -16.827457 4.543445 30.214074 -46.973677 23.941360 12.336239 -0.868691 32.553943 -11.217405 5.353116 14.503724 0.000000 0.000000 0.000000 0.000000 0.000000 0.000000 0.000000 0.000000 0.000000 0.000000 0.000000 0.000000 0.000000 0.000000 0.000000 0.000000 0.000000 0.000000 0.000000 0.000000 0.000000 0.000000 0.000000 0.000000 0.000000 0.000000 0.000000 0.000000 0.000000 0.000000 0.000000 0.000000 0.000000 0.000000 0.000000 0.000000 0.000000 0.000000 0.000000 0.000000 0.000000 0.000000
0.044198 1.493373 1.095727 -7.945430 0.576576 1.566767 8.158322 4.236298 -1.675469 9.424872 0.103018 -15.094570 -12.069445 -7.262820 11.601770 -0.636582 -1.588821 -0.799109 -21.890150 0.074437 2.193772 37.290919 -4.570587 -2.832439 -2.645084 -3.378965 -10.167936 -0.536124 -1.692045 0.646419 12.454141 1.434659 -2.668934 -5.454700 -1.080911 -1.006765 4.442399 -0.277809 -1.375222 3.566681 3.173961 2.710077 -0.014382 -0.466146 2.803681 -0.600728 16.650528 -2.735585 26.065765 45.121131 -31.665165 14.371725 0.042449 -23.898465 -9.643585 -5.293582 -14.983976 0.000000 0.000000 0.000000 0.000000 0.000000 0.000000 0.000000 0.000000 0.000000 0.000000 0.000000 0.000000 0.000000 0.000000 0.000000 0.000000 0.000000 0.000000 0.000000 0.000000 0.000000 0.000000 0.000000 0.000000 0.000000 0.000000 0.000000 0.000000 0.000000 0.000000 0.000000 0.000000 0.000000 0.000000 0.000000 0.000000 0.000000 0.000000 0.000000 0.000000 0.000000 0.000000 -0.419009 -16.418231 4.090337 31.222449 -47.561972 24.225704 11.862633 -1.027562 31.796886 -10.606662 5.427283 13.952772 0.000000 0.000000 0.000000 0.000000 0.000000 0.000000 0.000000 0.000000 0.000000 0.000000 0.000000 0.000000 0.000000 0.000000 0.000000 0.000000 0.000000 0.000000 0.000000 0.000000 0.000000 0.000000 0.000000 0.000000 0.000000 0.000000 0.000000 0.000000 0.000000 0.000000 0.000000 0.000000 0.000000 0.000000 0.000000 0.000000 0.000000 0.000000 0.000000 0.000000 0.000000 0.000000
0.049632 1.474138 1.092340 -9.075585 -0.074497 2.617254 12.036366 4.043381 -0.885616 8.130486 -0.017369 -16.882736 -13.430030 -6.888219 10.417284 -0.543212 -1.132930 -0.732437 -21.765618 -0.142844 2.205777 25.632432 -2.761223 -3.376079 -1.492513 -5.199937 -10.355408 -0.573024 -1.802190 0.518250 12.909894 1.663972 -3.432803 -5.446501 -1.264197 -1.191852 4.430300 -0.610412 -1.644988 3.305337 3.429214 2.394274 -0.133799 -0.740738 3.023584 -0.956151 16.023389 -3.013644 24.861396 44.655362 -32.992097 12.926410 -0.110094 -25.856870 -11.009072 -6.284400 -15.544690 0.000000 0.000000 0.000000 0.000000 0.000000 0.000000 0.000000 0.000000 0.000000 0.000000 0.000000 0.000000 0.000000 0.000000 0.000000 0.000000 0.000000 0.000000 0.000000 0.000000 0.000000 0.000000 0.000000 0.000000 0.000000 0.000000 0.000000 0.000000 0.000000 0.000000 0.000000 0.000000 0.000000 0.000000 0.000000 0.000000 0.000000 0.000000 0.000000 0.000000 0.000000 0.000000 -0.438537 -16.216663 3.587254 31.936058 -48.024842 24.352950 10.978398 -1.149730 30.969440 -10.056247 5.361001 13.288892 0.000000 0.000000 0.000000 0.000000 0.000000 0.000000 0.000000 0.000000 0.000000 0.000000 0.000000 0.000000 0.000000 0.000000 0.000000 0.000000 0.000000 0.000000 0.000000 0.000000 0.000000 0.000000 0.000000 0.000000 0.000000 0.000000 0.000000 0.000000 0.000000 0.000000 0.000000 0.000000 0.000000 0.000000 0.000000 0.000000 0.000000 0.000000 0.000000 0.000000 0.000000 0.000000
0.057564 1.457143 1.088142 -10.395764 -0.967479 4.152812 15.658241 3.970638 0.003815 8.274164 -0.004445 -18.635336 -15.703021 -7.031019 9.243836 -0.567209 -0.549181 -0.709166 -20.135135 -0.033531 2.103149 11.404261 0.080988 -2.267921 -0.439444 -7.599800 -10.472169 -0.490712 -1.909844 0.243117 12.762942 2.253867 -4.016680 -5.173610 -1.597361 -1.497156 4.430522 -0.796558 -2.011332 3.200422 3.590503 1.667550 -0.041372 -1.148064 3.714488 -1.244825 15.776826 -3.349545 23.454808 44.058754 -33.876273 11.396197 0.127429 -27.460052 -11.661928 -7.351108 -16.309560 0.000000 0.000000 0.000000 0.000000 0.000000 0.000000 0.000000 0.000000 0.000000 0.000000 0.000000 0.000000 0.000000 0.000000 0.000000 0.000000 0.000000 0.000000 0.000000 0.000000 0.000000 0.000000 0.000000 0.000000 0.000000 0.000000 0.000000 0.000000 0.000000 0.000000 0.000000 0.000000 0.000000 0.000000 0.000000 0.000000 0.000000 0.000000 0.000000 0.000000 0.000000 0.000000 -0.428875 -16.371407 2.897537 32.638587 -48.388260 24.191796 9.212174 -1.402697 30.115086 -9.128315 5.110826 12.962578 0.000000 0.000000 0.000000 0.000000 0.000000 0.000000 0.000000 0.000000 0.000000 0.000000 0.000000 0.000000 0.000000 0.000000 0.000000 0.000000 0.000000 0.000000 0.000000 0.000000 0.000000 0.000000 0.000000 0.000000 0.000000 0.000000 0.000000 0.000000 0.000000 0.000000 0.000000 0.000000 0.000000 0.000000 0.000000 0.000000 0.000000 0.000000 0.000000 0.000000 0.000000 0.000000
0.062822 1.459039 1.082855 -10.466513 -1.341541 5.287788 18.059777 3.465483 0.576211 10.178450 -0.383032 -20.063058 -17.405982 -7.006716 8.660499 -0.600930 -0.371734 -0.678293 -20.030170 -0.424263 2.099316 7.678727 0.799663 -1.795457 0.172651 -7.791805 -10.530774 -0.519276 -1.915819 0.178917 12.401976 2.158097 -4.438250 -4.814693 -1.934792 -1.739180 4.268692 -0.718031 -2.286604 3.392143 3.672859 1.438252 0.020606 -1.133275 4.041691 -1.078009 15.916215 -3.526061 22.245814 43.597516 -34.030787 11.193944 -0.154443 -28.577585 -11.648879 -8.103322 -16.239020 0.000000 0.000000 0.000000 0.000000 0.000000 0.000000 0.000000 0.000000 0.000000 0.000000 0.000000 0.000000 0.000000 0.000000 0.000000 0.000000 0.000000 0.000000 0.000000 0.000000 0.000000 0.000000 0.000000 0.000000 0.000000 0.000000 0.000000 0.000000 0.000000 0.000000 0.000000 0.000000 0.000000 0.000000 0.000000 0.000000 0.000000 0.000000 0.000000 0.000000 0.000000 0.000000 -0.187692 -16.747070 2.603854 32.165326 -48.316780 23.306415 8.876422 -1.533835 29.311738 -8.531600 4.859403 12.424139 0.000000 0.000000 0.000000 0.000000 0.000000 0.000000 0.000000 0.000000 0.000000 0.000000 0.000000 0.000000 0.000000 0.000000 0.000000 0.000000 0.000000 0.000000 0.000000 0.000000 0.000000 0.000000 0.000000 0.000000 0.000000 0.000000 0.000000 0.000000 0.000000 0.000000 0.000000 0.000000 0.000000 0.000000 0.000000 0.000000 0.000000 0.000000 0.000000 0.000000 0.000000 0.000000
0.065271 1.476590 1.078220 -9.482256 -1.221409 6.072182 18.631293 2.428423 0.581201 14.516124 -0.775899 -20.874240 -17.031836 -6.299616 8.630652 -0.591094 -0.312774 -0.652994 -20.972555 -1.105025 2.466097 10.503855 0.433988 -1.643252 1.139837 -6.629045 -10.759821 -0.673460 -1.883177 0.251217 11.576670 1.440596 -4.812097 -4.615723 -2.184698 -1.784008 4.065995 -0.459353 -2.488915 3.595664 3.856648 1.293773 0.172459 -0.936758 4.287629 -0.735662 16.570508 -3.411245 21.846366 43.294830 -33.841724 11.060681 -0.529847 -29.226783 -11.483402 -8.358218 -16.060883 0.000000 0.000000 0.000000 0.000000 0.000000 0.000000 0.000000 0.000000 0.000000 0.000000 0.000000 0.000000 0.000000 0.000000 0.000000 0.000000 0.000000 0.000000 0.000000 0.000000 0.000000 0.000000 0.000000 0.000000 0.000000 0.000000 0.000000 0.000000 0.000000 0.000000 0.000000 0.000000 0.000000 0.000000 0.000000 0.000000 0.000000 0.000000 0.000000 0.000000 0.000000 0.000000 0.186042 -17.289636 2.508539 31.561694 -47.962829 22.312518 9.206588 -1.615069 28.568347 -8.429463 4.273362 12.171593 0.000000 0.000000 0.000000 0.000000 0.000000 0.000000 0.000000 0.000000 0.000000 0.000000 0.000000 0.000000 0.000000 0.000000 0.000000 0.000000 0.000000 0.000000 0.000000 0.000000 0.000000 0.000000 0.000000 0.000000 0.000000 0.000000 0.000000 0.000000 0.000000 0.000000 0.000000 0.000000 0.000000 0.000000 0.000000 0.000000 0.000000 0.000000 0.000000 0.000000 0.000000 0.000000
0.066479 1.499461 1.076398 -8.240118 -0.740571 6.474228 16.852394 0.702113 0.335884 22.591288 -0.679124 -20.398727 -12.801184 -4.320345 8.815185 -0.442039 -0.389605 -0.608636 -22.741524 -2.122925 3.037782 17.639821 -0.919059 -2.079588 2.058761 -4.183146 -10.886991 -0.882897 -1.784931 0.332452 10.530713 0.270138 -5.077259 -4.556346 -2.418843 -1.685979 4.037231 -0.125388 -2.597462 3.798531 4.054918 1.374092 0.087474 -0.487261 4.401821 -0.157883 17.389438 -3.104356 22.149347 43.224776 -33.213627 10.848729 -0.902025 -29.869390 -11.830484 -8.279792 -15.770219 0.000000 0.000000 0.000000 0.000000 0.000000 0.000000 0.000000 0.000000 0.000000 0.000000 0.000000 0.000000 0.000000 0.000000 0.000000 0.000000 0.000000 0.000000 0.000000 0.000000 0.000000 0.000000 0.000000 0.000000 0.000000 0.000000 0.000000 0.000000 0.000000 0.000000 0.000000 0.000000 0.000000 0.000000 0.000000 0.000000 0.000000 0.000000 0.000000 0.000000 0.000000 0.000000 0.831273 -17.975660 2.745500 30.472247 -47.322353 21.303969 9.873122 -1.737286 27.983039 -8.894855 3.237289 11.902227 0.000000 0.000000 0.000000 0.000000 0.000000 0.000000 0.000000 0.000000 0.000000 0.000000 0.000000 0.000000 0.000000 0.000000 0.000000 0.000000 0.000000 0.000000 0.000000 0.000000 0.000000 0.000000 0.000000 0.000000 0.000000 0.000000 0.000000 0.000000 0.000000 0.000000 0.000000 0.000000 0.000000 0.000000 0.000000 0.000000 0.000000 0.000000 0.000000 0.000000 0.000000 0.000000
0.065474 1.521281 1.078392 -6.881638 0.209106 6.153925 12.020538 -1.256519 -0.030579 34.922999 -0.172015 -17.914568 -4.314383 -0.907786 8.346320 -0.120729 -0.544652 -0.631437 -23.472668 -3.591594 3.431155 23.519773 -2.318257 -2.277613 1.743635 -1.134476 -10.336849 -0.857704 -1.628675 0.403314 10.000110 -1.075644 -4.864225 -4.698234 -2.453457 -1.606470 4.282083 0.087176 -2.540339 3.707910 4.132769 1.588324 -0.329342 -0.101176 4.665619 0.252553 18.009994 -2.963948 22.849472 43.786159 -32.401359 11.116342 -1.176014 -29.299622 -11.858048 -8.255037 -15.100875 0.000000 0.000000 0.000000 0.000000 0.000000 0.000000 0.000000 0.000000 0.000000 0.000000 0.000000 0.000000 0.000000 0.000000 0.000000 0.000000 0.000000 0.000000 0.000000 0.000000 0.000000 0.000000 0.000000 0.000000 0.000000 0.000000 0.000000 0.000000 0.000000 0.000000 0.000000 0.000000 0.000000 0.000000 0.000000 0.000000 0.000000 0.000000 0.000000 0.000000 0.000000 0.000000 1.452185 -18.473573 3.315524 29.304160 -46.843890 20.724491 10.341417 -1.866151 27.584041 -10.112369 2.630816 11.583331 0.000000 0.000000 0.000000 0.000000 0.000000 0.000000 0.000000 0.000000 0.000000 0.000000 0.000000 0.000000 0.000000 0.000000 0.000000 0.000000 0.000000 0.000000 0.000000 0.000000 0.000000 0.000000 0.000000 0.000000 0.000000 0.000000 0.000000 0.000000 0.000000 0.000000 0.000000 0.000000 0.000000 0.000000 0.000000 0.000000 0.000000 0.000000 0.000000 0.000000 0.000000 0.000000
0.065746 1.532971 1.084067 -6.113284 0.954053 5.498283 5.618148 -2.592617 -0.579350 46.550043 0.799564 -13.793544 3.444228 1.257632 8.269000 0.054550 -0.542816 -0.669994 -22.129673 -4.843295 3.375080 25.642841 -2.948443 -1.854189 0.558139 1.463115 -9.476154 -0.878690 -1.428995 0.410431 10.315140 -2.043082 -3.993387 -5.183443 -2.356435 -1.685278 4.584883 0.123600 -2.387374 3.475426 4.132034 1.257441 -0.369673 -0.101725 4.721819 0.431050 18.220618 -2.998746 23.752039 44.814070 -31.693841 12.221297 -1.278349 -27.805117 -11.601798 -7.865308 -14.380911 0.000000 0.000000 0.000000 0.000000 0.000000 0.000000 0.000000 0.000000 0.000000 0.000000 0.000000 0.000000 0.000000 0.000000 0.000000 0.000000 0.000000 0.000000 0.000000 0.000000 0.000000 0.000000 0.000000 0.000000 0.000000 0.000000 0.000000 0.000000 0.000000 0.000000 0.000000 0.000000 0.000000 0.000000 0.000000 0.000000 0.000000 0.000000 0.000000 0.000000 0.000000 0.000000 1.747896 -18.479787 3.849165 28.255561 -46.671006 20.357247 10.575813 -2.003071 27.837258 -11.441933 2.919938 11.659165 0.000000 0.000000 0.000000 0.000000 0.000000 0.000000 0.000000 0.000000 0.000000 0.000000 0.000000 0.000000 0.000000 0.000000 0.000000 0.000000 0.000000 0.000000 0.000000 0.000000 0.000000 0.000000 0.000000 0.000000 0.000000 0.000000 0.000000 0.000000 0.000000 0.000000 0.000000 0.000000 0.000000 0.000000 0.000000 0.000000 0.000000 0.000000 0.000000 0.000000 0.000000 0.000000
0.066397 1.537134 1.092244 -5.872260 1.457244 4.525353 -1.314420 -3.195547 -1.330036 55.436149 2.105050 -10.047374 5.226620 0.809741 9.219733 0.101996 -0.566612 -0.752157 -18.991529 -5.770673 3.007894 25.315141 -2.845306 -0.790488 -1.114791 3.097938 -8.700534 -1.041470 -1.256025 0.493842 10.929908 -2.449076 -2.513403 -5.655916 -2.266323 -1.866147 4.795295 0.114479 -2.115126 3.298794 3.943518 0.685429 -0.488925 -0.308739 4.511784 0.570884 18.252413 -3.021124 24.586802 45.759044 -30.880671 13.910073 -1.080784 -26.167098 -11.348404 -7.243920 -13.850086 0.000000 0.000000 0.000000 0.000000 0.000000 0.000000 0.000000 0.000000 0.000000 0.000000 0.000000 0.000000 0.000000 0.000000 0.000000 0.000000 0.000000 0.000000 0.000000 0.000000 0.000000 0.000000 0.000000 0.000000 0.000000 0.000000 0.000000 0.000000 0.000000 0.000000 0.000000 0.000000 0.000000 0.000000 0.000000 0.000000 0.000000 0.000000 0.000000 0.000000 0.000000 0.000000 1.763144 -18.242474 4.244568 27.326691 -46.566094 20.202149 10.873999 -2.026905 28.412590 -12.542285 3.670592 11.931808 0.000000 0.000000 0.000000 0.000000 0.000000 0.000000 0.000000 0.000000 0.000000 0.000000 0.000000 0.000000 0.000000 0.000000 0.000000 0.000000 0.000000 0.000000 0.000000 0.000000 0.000000 0.000000 0.000000 0.000000 0.000000 0.000000 0.000000 0.000000 0.000000 0.000000 0.000000 0.000000 0.000000 0.000000 0.000000 0.000000 0.000000 0.000000 0.000000 0.000000 0.000000 0.000000
0.068447 1.539255 1.101308 -5.564517 1.518471 3.431498 -8.789253 -3.011002 -2.262852 60.289420 4.030453 -6.946016 3.131390 -0.889492 10.467941 0.019145 -0.722391 -0.875156 -13.967207 -6.170657 2.127096 22.093877 -1.781682 0.506427 -2.662008 3.604595 -7.940777 -1.283625 -1.067857 0.579353 11.130064 -2.217481 -0.340266 -5.744008 -2.184678 -2.300871 4.836071 0.132885 -1.792771 3.725198 3.638092 0.397309 -0.592850 -0.302106 4.066116 1.037831 18.492692 -3.117302 25.044152 46.358174 -29.403805 16.146849 -0.353166 -23.774256 -11.187825 -5.579127 -13.489277 0.000000 0.000000 0.000000 0.000000 0.000000 0.000000 0.000000 0.000000 0.000000 0.000000 0.000000 0.000000 0.000000 0.000000 0.000000 0.000000 0.000000 0.000000 0.000000 0.000000 0.000000 0.000000 0.000000 0.000000 0.000000 0.000000 0.000000 0.000000 0.000000 0.000000 0.000000 0.000000 0.000000 0.000000 0.000000 0.000000 0.000000 0.000000 0.000000 0.000000 0.000000 0.000000 1.624415 -18.129995 4.526382 26.575681 -46.032532 20.603853 11.842644 -1.864450 29.431170 -13.487098 4.733466 12.528841 0.000000 0.000000 0.000000 0.000000 0.000000 0.000000 0.000000 0.000000 0.000000 0.000000 0.000000 0.000000 0.000000 0.000000 0.000000 0.000000 0.000000 0.000000 0.000000 0.000000 0.000000 0.000000 0.000000 0.000000 0.000000 0.000000 0.000000 0.000000 0.000000 0.000000 0.000000 0.000000 0.000000 0.000000 0.000000 0.000000 0.000000 0.000000 0.000000 0.000000 0.000000 0.000000
0.071685 1.539665 1.109858 -5.623805 1.224180 2.425898 -14.501094 -2.670273 -2.932590 60.378454 5.751182 -5.466020 -0.790048 -2.748256 11.388713 -0.080490 -0.785079 -0.969698 -8.395221 -5.850228 1.136156 17.593305 -0.833367 2.007924 -3.271053 3.165187 -7.396016 -1.468634 -0.943052 0.576632 11.144625 -1.634576 1.725193 -5.566289 -2.015103 -2.687531 4.677341 0.233390 -1.437287 4.378184 3.231034 0.016132 -0.546902 -0.676531 3.753628 1.437731 18.877768 -2.829777 24.843463 46.697408 -27.440228 17.346576 0.274003 -22.389721 -10.822802 -4.454074 -13.545714 0.000000 0.000000 0.000000 0.000000 0.000000 0.000000 0.000000 0.000000 0.000000 0.000000 0.000000 0.000000 0.000000 0.000000 0.000000 0.000000 0.000000 0.000000 0.000000 0.000000 0.000000 0.000000 0.000000 0.000000 0.000000 0.000000 0.000000 0.000000 0.000000 0.000000 0.000000 0.000000 0.000000 0.000000 0.000000 0.000000 0.000000 0.000000 0.000000 0.000000 0.000000 0.000000 1.431597 -17.861897 4.499457 25.839715 -45.761894 20.874402 12.006185 -1.694323 30.733003 -13.940384 5.162719 13.170474 0.000000 0.000000 0.000000 0.000000 0.000000 0.000000 0.000000 0.000000 0.000000 0.000000 0.000000 0.000000 0.000000 0.000000 0.000000 0.000000 0.000000 0.000000 0.000000 0.000000 0.000000 0.000000 0.000000 0.000000 0.000000 0.000000 0.000000 0.000000 0.000000 0.000000 0.000000 0.000000 0.000000 0.000000 0.000000 0.000000 0.000000 0.000000 0.000000 0.000000 0.000000 0.000000
0.074451 1.543271 1.116901 -5.918961 0.891680 1.188511 -18.053593 -2.226413 -3.272091 55.752041 6.738442 -4.320272 -4.034350 -3.810354 11.893111 -0.125988 -0.833656 -1.043803 -3.103662 -5.391336 0.264924 13.082345 -0.016884 3.260960 -3.380536 2.216499 -7.055231 -1.513194 -0.912747 0.545206 11.329789 -1.135209 3.332073 -5.249110 -1.647887 -2.816644 4.440442 0.410527 -1.056610 4.721528 2.816464 -0.209877 -0.363631 -0.899574 3.301951 1.694250 19.411383 -2.331939 24.475360 46.820665 -25.384954 18.120446 0.669283 -21.171243 -10.138480 -3.728538 -13.812752 0.000000 0.000000 0.000000 0.000000 0.000000 0.000000 0.000000 0.000000 0.000000 0.000000 0.000000 0.000000 0.000000 0.000000 0.000000 0.000000 0.000000 0.000000 0.000000 0.000000 0.000000 0.000000 0.000000 0.000000 0.000000 0.000000 0.000000 0.000000 0.000000 0.000000 0.000000 0.000000 0.000000 0.000000 0.000000 0.000000 0.000000 0.000000 0.000000 0.000000 0.000000 0.000000 1.107438 -17.519071 4.587597 25.695363 -45.490013 21.706052 11.896406 -1.404243 32.437280 -14.649908 5.639417 13.879540 0.000000 0.000000 0.000000 0.000000 0.000000 0.000000 0.000000 0.000000 0.000000 0.000000 0.000000 0.000000 0.000000 0.000000 0.000000 0.000000 0.000000 0.000000 0.000000 0.000000 0.000000 0.000000 0.000000 0.000000 0.000000 0.000000 0.000000 0.000000 0.000000 0.000000 0.000000 0.000000 0.000000 0.000000 0.000000 0.000000 0.000000 0.000000 0.000000 0.000000 0.000000 0.000000
0.074966 1.553113 1.121339 -6.185554 0.848661 0.108162 -20.190703 -1.912603 -3.295104 47.868724 6.735558 -3.099542 -5.248671 -3.662289 11.985884 -0.075400 -0.866822 -1.099668 1.682916 -5.019212 -0.401637 9.567107 0.435546 4.378460 -3.465299 1.367850 -6.520009 -1.500594 -0.986786 0.545262 11.564834 -0.855326 4.532240 -4.897470 -1.167931 -2.743932 4.214205 0.513232 -0.643531 4.943435 2.521353 -0.204408 -0.211365 -1.073216 2.822590 1.746890 19.721353 -1.682020 24.268922 47.118791 -23.353958 18.744058 0.841277 -20.675977 -9.396771 -3.353691 -14.220618 0.000000 0.000000 0.000000 0.000000 0.000000 0.000000 0.000000 0.000000 0.000000 0.000000 0.000000 0.000000 0.000000 0.000000 0.000000 0.000000 0.000000 0.000000 0.000000 0.000000 0.000000 0.000000 0.000000 0.000000 0.000000 0.000000 0.000000 0.000000 0.000000 0.000000 0.000000 0.000000 0.000000 0.000000 0.000000 0.000000 0.000000 0.000000 0.000000 0.000000 0.000000 0.000000 0.697761 -16.968083 4.717031 25.632256 -45.251005 22.510516 11.669511 -0.991562 34.691545 -15.563753 6.520410 14.751840 0.000000 0.000000 0.000000 0.000000 0.000000 0.000000 0.000000 0.000000 0.000000 0.000000 0.000000 0.000000 0.000000 0.000000 0.000000 0.000000 0.000000 0.000000 0.000000 0.000000 0.000000 0.000000 0.000000 0.000000 0.000000 0.000000 0.000000 0.000000 0.000000 0.000000 0.000000 0.000000 0.000000 0.000000 0.000000 0.000000 0.000000 0.000000 0.000000 0.000000 0.000000 0.000000
0.075451 1.566047 1.122181 -6.489874 0.700456 -1.362532 -20.755911 -1.792147 -3.035246 34.378156 5.606891 -1.565702 -4.548730 -2.093772 11.827599 0.026028 -1.032211 -1.093189 6.479135 -4.933679 -1.132344 6.710009 0.686819 5.103801 -4.329123 1.364476 -6.094174 -1.321351 -1.100567 0.536314 12.065900 -0.982271 5.441396 -4.261237 -0.413928 -2.485695 3.842285 0.604048 -0.173116 4.928918 2.501904 0.209869 -0.099664 -1.072302 2.027051 1.465443 20.097605 -0.661793 24.094166 47.474403 -20.806637 19.015629 0.725544 -20.655594 -9.184776 -2.768926 -14.559489 0.000000 0.000000 0.000000 0.000000 0.000000 0.000000 0.000000 0.000000 0.000000 0.000000 0.000000 0.000000 0.000000 0.000000 0.000000 0.000000 0.000000 0.000000 0.000000 0.000000 0.000000 0.000000 0.000000 0.000000 0.000000 0.000000 0.000000 0.000000 0.000000 0.000000 0.000000 0.000000 0.000000 0.000000 0.000000 0.000000 0.000000 0.000000 0.000000 0.000000 0.000000 0.000000 0.042312 -16.338639 5.124169 25.532166 -44.934528 23.471320 11.238050 -0.118405 37.688999 -16.694413 7.604803 15.580788 0.000000 0.000000 0.000000 0.000000 0.000000 0.000000 0.000000 0.000000 0.000000 0.000000 0.000000 0.000000 0.000000 0.000000 0.000000 0.000000 0.000000 0.000000 0.000000 0.000000 0.000000 0.000000 0.000000 0.000000 0.000000 0.000000 0.000000 0.000000 0.000000 0.000000 0.000000 0.000000 0.000000 0.000000 0.000000 0.000000 0.000000 0.000000 0.000000 0.000000 0.000000 0.000000
0.072856 1.584348 1.118248 -6.508065 0.917616 -2.524175 -20.336659 -1.975301 -2.410972 21.226934 3.512986 -0.835902 -4.023775 -0.327164 11.373280 0.088132 -1.181975 -1.097841 10.354361 -5.166434 -1.754790 5.373824 0.742809 6.032239 -5.874952 1.406806 -5.402294 -1.144052 -1.236040 0.551336 12.635864 -1.360382 6.093294 -4.072164 0.210590 -2.262593 3.778492 0.556036 0.206244 5.015838 2.355172 0.607334 -0.133605 -1.057534 1.289156 1.113458 20.374408 0.042928 23.738710 47.889353 -18.564829 19.433068 0.718440 -20.801215 -9.037406 -2.694803 -14.574036 0.000000 0.000000 0.000000 0.000000 0.000000 0.000000 0.000000 0.000000 0.000000 0.000000 0.000000 0.000000 0.000000 0.000000 0.000000 0.000000 0.000000 0.000000 0.000000 0.000000 0.000000 0.000000 0.000000 0.000000 0.000000 0.000000 0.000000 0.000000 0.000000 0.000000 0.000000 0.000000 0.000000 0.000000 0.000000 0.000000 0.000000 0.000000 0.000000 0.000000 0.000000 0.000000 -0.503057 -15.735209 5.570609 24.801559 -44.683517 24.049558 10.642170 0.104588 39.531661 -17.520393 8.456916 16.053047 0.000000 0.000000 0.000000 0.000000 0.000000 0.000000 0.000000 0.000000 0.000000 0.000000 0.000000 0.000000 0.000000 0.000000 0.000000 0.000000 0.000000 0.000000 0.000000 0.000000 0.000000 0.000000 0.000000 0.000000 0.000000 0.000000 0.000000 0.000000 0.000000 0.000000 0.000000 0.000000 0.000000 0.000000 0.000000 0.000000 0.000000 0.000000 0.000000 0.000000 0.000000 0.000000
0.067937 1.603983 1.110896 -6.339715 1.499085 -3.269232 -18.949455 -2.105878 -1.535938 8.802267 1.036837 -1.219106 -4.077062 1.089180 10.785630 0.105075 -1.203924 -1.045148 13.568038 -5.585516 -2.358650 4.647815 0.864780 7.379482 -7.970822 1.506841 -4.503276 -0.983103 -1.368758 0.511749 13.027097 -1.874991 6.517850 -4.011792 0.668397 -2.027245 3.814034 0.462470 0.458070 5.100693 2.155376 0.913567 -0.081858 -1.158450 0.614138 0.742033 20.644177 0.460341 23.237392 48.199318 -16.796677 19.491691 0.913204 -20.665501 -8.940317 -2.496292 -14.365008 0.000000 0.000000 0.000000 0.000000 0.000000 0.000000 0.000000 0.000000 0.000000 0.000000 0.000000 0.000000 0.000000 0.000000 0.000000 0.000000 0.000000 0.000000 0.000000 0.000000 0.000000 0.000000 0.000000 0.000000 0.000000 0.000000 0.000000 0.000000 0.000000 0.000000 0.000000 0.000000 0.000000 0.000000 0.000000 0.000000 0.000000 0.000000 0.000000 0.000000 0.000000 0.000000 -0.991942 -15.333331 5.842320 23.775448 -44.409328 24.216707 10.193764 0.138358 40.884961 -18.011477 9.150463 16.574936 0.000000 0.000000 0.000000 0.000000 0.000000 0.000000 0.000000 0.000000 0.000000 0.000000 0.000000 0.000000 0.000000 0.000000 0.000000 0.000000 0.000000 0.000000 0.000000 0.000000 0.000000 0.000000 0.000000 0.000000 0.000000 0.000000 0.000000 0.000000 0.000000 0.000000 0.000000 0.000000 0.000000 0.000000 0.000000 0.000000 0.000000 0.000000 0.000000 0.000000 0.000000 0.000000
0.062375 1.623571 1.101467 -5.970665 2.219094 -3.782430 -18.360421 -2.091541 -1.170438 1.095353 -0.592439 -1.712001 -3.898096 1.807472 10.477371 0.073105 -1.269112 -0.995729 16.207520 -5.746518 -2.928936 4.980836 0.956828 9.030559 -9.930006 1.329741 -3.398920 -0.885383 -1.445962 0.403975 12.816848 -2.224180 6.964636 -3.850794 0.918040 -1.848543 3.898668 0.388018 0.577504 5.150137 1.785279 1.136919 -0.120393 -1.200364 -0.128692 0.558496 20.847770 0.794200 22.845184 48.438429 -15.409619 19.169686 1.297301 -20.498506 -9.270139 -2.460212 -14.166141 0.000000 0.000000 0.000000 0.000000 0.000000 0.000000 0.000000 0.000000 0.000000 0.000000 0.000000 0.000000 0.000000 0.000000 0.000000 0.000000 0.000000 0.000000 0.000000 0.000000 0.000000 0.000000 0.000000 0.000000 0.000000 0.000000 0.000000 0.000000 0.000000 0.000000 0.000000 0.000000 0.000000 0.000000 0.000000 0.000000 0.000000 0.000000 0.000000 0.000000 0.000000 0.000000 -1.375767 -15.191165 6.010593 22.954229 -44.031392 24.357747 9.974002 -0.003183 41.495484 -18.406806 10.022385 17.170693 0.000000 0.000000 0.000000 0.000000 0.000000 0.000000 0.000000 0.000000 0.000000 0.000000 0.000000 0.000000 0.000000 0.000000 0.000000 0.000000 0.000000 0.000000 0.000000 0.000000 0.000000 0.000000 0.000000 0.000000 0.000000 0.000000 0.000000 0.000000 0.000000 0.000000 0.000000 0.000000 0.000000 0.000000 0.000000 0.000000 0.000000 0.000000 0.000000 0.000000 0.000000 0.000000
0.056626 1.643246 1.092031 -5.377331 2.968583 -4.303273 -18.914909 -1.826219 -1.452202 0.635332 -0.827963 -1.398458 -3.467787 1.340051 10.827500 -0.061414 -1.449223 -1.012821 17.584807 -5.270042 -3.113242 7.642242 0.976330 10.370905 -10.873230 0.678987 -2.238448 -0.872516 -1.483610 0.322851 11.844895 -1.994655 7.446625 -3.591480 0.894635 -1.862123 3.911334 0.475951 0.707741 5.398725 1.202777 1.241656 0.102672 -1.281427 -0.789525 0.653190 21.285532 1.131815 22.813032 48.186285 -14.684123 18.704210 1.484630 -20.020124 -8.873999 -2.643752 -14.157929 0.000000 0.000000 0.000000 0.000000 0.000000 0.000000 0.000000 0.000000 0.000000 0.000000 0.000000 0.000000 0.000000 0.000000 0.000000 0.000000 0.000000 0.000000 0.000000 0.000000 0.000000 0.000000 0.000000 0.000000 0.000000 0.000000 0.000000 0.000000 0.000000 0.000000 0.000000 0.000000 0.000000 0.000000 0.000000 0.000000 0.000000 0.000000 0.000000 0.000000 0.000000 0.000000 -1.498805 -15.671962 5.952651 22.655039 -43.646060 24.559060 9.931804 0.185771 41.642704 -18.145810 10.483341 17.652581 0.000000 0.000000 0.000000 0.000000 0.000000 0.000000 0.000000 0.000000 0.000000 0.000000 0.000000 0.000000 0.000000 0.000000 0.000000 0.000000 0.000000 0.000000 0.000000 0.000000 0.000000 0.000000 0.000000 0.000000 0.000000 0.000000 0.000000 0.000000 0.000000 0.000000 0.000000 0.000000 0.000000 0.000000 0.000000 0.000000 0.000000 0.000000 0.000000 0.000000 0.000000 0.000000
0.054103 1.663109 1.085336 -4.377986 3.078561 -4.721195 -20.775123 -1.329711 -2.468784 5.455158 0.359977 -0.792961 -1.818664 0.383573 11.269962 -0.237490 -1.658429 -1.082032 17.095120 -4.002771 -2.658113 12.351329 0.933161 11.022970 -9.954265 -0.428704 -1.721823 -0.913243 -1.493872 0.321115 10.342037 -1.110180 7.805004 -3.448907 0.721272 -1.943512 4.006328 0.672571 0.784547 5.401072 0.591317 1.324480 0.580126 -1.411424 -1.122531 0.982816 21.503631 1.288759 23.365869 47.796178 -14.966178 18.379316 1.441721 -19.430692 -8.247932 -2.853826 -14.392562 0.000000 0.000000 0.000000 0.000000 0.000000 0.000000 0.000000 0.000000 0.000000 0.000000 0.000000 0.000000 0.000000 0.000000 0.000000 0.000000 0.000000 0.000000 0.000000 0.000000 0.000000 0.000000 0.000000 0.000000 0.000000 0.000000 0.000000 0.000000 0.000000 0.000000 0.000000 0.000000 0.000000 0.000000 0.000000 0.000000 0.000000 0.000000 0.000000 0.000000 0.000000 0.000000 -1.318712 -16.399253 5.558835 23.144001 -43.483745 25.004776 9.627614 0.384583 41.197970 -17.861487 10.154452 17.699552 0.000000 0.000000 0.000000 0.000000 0.000000 0.000000 0.000000 0.000000 0.000000 0.000000 0.000000 0.000000 0.000000 0.000000 0.000000 0.000000 0.000000 0.000000 0.000000 0.000000 0.000000 0.000000 0.000000 0.000000 0.000000 0.000000 0.000000 0.000000 0.000000 0.000000 0.000000 0.000000 0.000000 0.000000 0.000000 0.000000 0.000000 0.000000 0.000000 0.000000 0.000000 0.000000
0.053310 1.682468 1.082271 -3.157274 2.615955 -4.821252 -22.494320 -0.475656 -3.718073 11.611548 2.083951 -0.612035 0.011094 -0.853299 11.487929 -0.397925 -1.845508 -1.138001 15.027053 -2.183187 -1.962479 19.166252 0.803227 10.823265 -6.959861 -2.106501 -1.909705 -0.867067 -1.364868 0.373208 8.854396 0.091235 7.866016 -3.456059 0.572693 -1.999358 4.092553 0.894072 0.793323 5.238349 0.246222 1.287983 1.078635 -1.647720 -0.890395 1.351212 21.561951 1.183806 23.946047 47.403012 -15.712504 17.858027 1.470284 -18.632503 -7.341361 -3.137070 -14.618219 0.000000 0.000000 0.000000 0.000000 0.000000 0.000000 0.000000 0.000000 0.000000 0.000000 0.000000 0.000000 0.000000 0.000000 0.000000 0.000000 0.000000 0.000000 0.000000 0.000000 0.000000 0.000000 0.000000 0.000000 0.000000 0.000000 0.000000 0.000000 0.000000 0.000000 0.000000 0.000000 0.000000 0.000000 0.000000 0.000000 0.000000 0.000000 0.000000 0.000000 0.000000 0.000000 -1.036004 -17.086319 5.063558 24.305103 -43.681107 25.340126 9.177530 0.529111 40.498565 -17.296639 9.390922 17.645492 0.000000 0.000000 0.000000 0.000000 0.000000 0.000000 0.000000 0.000000 0.000000 0.000000 0.000000 0.000000 0.000000 0.000000 0.000000 0.000000 0.000000 0.000000 0.000000 0.000000 0.000000 0.000000 0.000000 0.000000 0.000000 0.000000 0.000000 0.000000 0.000000 0.000000 0.000000 0.000000 0.000000 0.000000 0.000000 0.000000 0.000000 0.000000 0.000000 0.000000 0.000000 0.000000
0.053361 1.696498 1.082976 -2.367782 1.763321 -4.569559 -22.791169 0.623412 -4.807725 16.764281 3.666989 -1.115970 0.602200 -2.753985 11.695952 -0.480387 -1.937182 -1.142364 10.731348 -0.215237 -1.403512 29.312146 0.364556 9.526303 -0.442641 -4.580667 -2.524028 -0.769763 -1.276510 0.435918 8.135089 1.253494 7.388408 -3.733034 0.563577 -1.839611 4.356229 1.009175 0.656000 5.024705 0.242251 1.149654 1.487957 -1.764332 -0.238521 1.763162 21.198166 0.779135 24.408478 47.284400 -17.216243 16.886305 1.567271 -17.697379 -6.571895 -3.131806 -14.907817 0.000000 0.000000 0.000000 0.000000 0.000000 0.000000 0.000000 0.000000 0.000000 0.000000 0.000000 0.000000 0.000000 0.000000 0.000000 0.000000 0.000000 0.000000 0.000000 0.000000 0.000000 0.000000 0.000000 0.000000 0.000000 0.000000 0.000000 0.000000 0.000000 0.000000 0.000000 0.000000 0.000000 0.000000 0.000000 0.000000 0.000000 0.000000 0.000000 0.000000 0.000000 0.000000 -0.750557 -17.231445 4.851494 25.908406 -44.473742 25.892664 9.009325 0.727757 38.954265 -16.238812 8.453482 17.347840 0.000000 0.000000 0.000000 0.000000 0.000000 0.000000 0.000000 0.000000 0.000000 0.000000 0.000000 0.000000 0.000000 0.000000 0.000000 0.000000 0.000000 0.000000 0.000000 0.000000 0.000000 0.000000 0.000000 0.000000 0.000000 0.000000 0.000000 0.000000 0.000000 0.000000 0.000000 0.000000 0.000000 0.000000 0.000000 0.000000 0.000000 0.000000 0.000000 0.000000 0.000000 0.000000
0.054899 1.698152 1.086488 -2.739502 0.684933 -3.917626 -21.043099 2.196930 -5.502598 20.296608 4.461488 -2.599294 -0.807963 -5.294761 12.202064 -0.524898 -1.888074 -1.039823 4.481835 1.443020 -0.695891 42.030971 -0.439819 7.252044 7.606707 -6.891262 -2.741534 -0.682597 -1.387999 0.548872 8.708397 2.455024 6.267793 -4.378051 0.535314 -1.594777 4.814274 0.986136 0.456892 4.827775 0.553605 1.207316 1.428712 -1.662014 0.197655 1.974386 20.404084 0.124117 25.000276 47.012642 -19.229873 16.545903 1.542455 -17.655725 -5.494360 -3.231012 -15.163248 0.000000 0.000000 0.000000 0.000000 0.000000 0.000000 0.000000 0.000000 0.000000 0.000000 0.000000 0.000000 0.000000 0.000000 0.000000 0.000000 0.000000 0.000000 0.000000 0.000000 0.000000 0.000000 0.000000 0.000000 0.000000 0.000000 0.000000 0.000000 0.000000 0.000000 0.000000 0.000000 0.000000 0.000000 0.000000 0.000000 0.000000 0.000000 0.000000 0.000000 0.000000 0.000000 -0.491359 -17.170454 5.024210 27.434705 -45.458987 26.125867 8.875543 0.367887 37.113295 -15.249105 8.086875 16.816676 0.000000 0.000000 0.000000 0.000000 0.000000 0.000000 0.000000 0.000000 0.000000 0.000000 0.000000 0.000000 0.000000 0.000000 0.000000 0.000000 0.000000 0.000000 0.000000 0.000000 0.000000 0.000000 0.000000 0.000000 0.000000 0.000000 0.000000 0.000000 0.000000 0.000000 0.000000 0.000000 0.000000 0.000000 0.000000 0.000000 0.000000 0.000000 0.000000 0.000000 0.000000 0.000000
0.056243 1.689334 1.091114 -3.798410 -0.163181 -3.380942 -17.470759 3.594369 -5.543604 20.994134 4.376721 -4.179896 -3.103462 -7.429142 12.713164 -0.599829 -1.824703 -0.975431 -2.073465 2.488865 0.007569 52.023469 -1.239164 5.045191 11.372673 -7.270250 -3.984411 -0.574129 -1.469045 0.646503 9.324501 3.048075 4.706339 -4.677056 0.493240 -1.247664 5.074698 1.018892 0.264813 4.894723 1.110133 1.608275 1.092703 -1.268730 1.119332 1.912951 19.848284 -0.651091 25.457675 46.686236 -21.341219 16.246026 1.262609 -17.811391 -4.702432 -3.029111 -15.381495 0.000000 0.000000 0.000000 0.000000 0.000000 0.000000 0.000000 0.000000 0.000000 0.000000 0.000000 0.000000 0.000000 0.000000 0.000000 0.000000 0.000000 0.000000 0.000000 0.000000 0.000000 0.000000 0.000000 0.000000 0.000000 0.000000 0.000000 0.000000 0.000000 0.000000 0.000000 0.000000 0.000000 0.000000 0.000000 0.000000 0.000000 0.000000 0.000000 0.000000 0.000000 0.000000 -0.275038 -17.097830 5.408940 28.835993 -46.297624 26.557962 9.490015 0.157057 35.189208 -13.807941 7.405575 16.106657 0.000000 0.000000 0.000000 0.000000 0.000000 0.000000 0.000000 0.000000 0.000000 0.000000 0.000000 0.000000 0.000000 0.000000 0.000000 0.000000 0.000000 0.000000 0.000000 0.000000 0.000000 0.000000 0.000000 0.000000 0.000000 0.000000 0.000000 0.000000 0.000000 0.000000 0.000000 0.000000 0.000000 0.000000 0.000000 0.000000 0.000000 0.000000 0.000000 0.000000 0.000000 0.000000
0.054829 1.674320 1.096510 -4.908112 -0.369228 -2.616933 -13.179659 4.525147 -5.124873 19.953518 3.635351 -5.907762 -5.481236 -8.714753 13.457684 -0.769158 -1.985165 -0.962398 -8.029709 2.654780 0.663910 57.991229 -2.176105 3.372667 9.148373 -5.604556 -6.088939 -0.512628 -1.554680 0.703008 9.873358 3.171820 3.025117 -4.744241 0.246418 -1.110782 5.039270 0.987088 0.004501 5.070149 1.799377 2.226384 0.602845 -0.900271 2.032824 1.630074 19.388313 -1.434057 25.843728 46.223404 -23.399225 16.552693 0.768563 -18.262783 -4.182317 -3.336791 -15.357663 0.000000 0.000000 0.000000 0.000000 0.000000 0.000000 0.000000 0.000000 0.000000 0.000000 0.000000 0.000000 0.000000 0.000000 0.000000 0.000000 0.000000 0.000000 0.000000 0.000000 0.000000 0.000000 0.000000 0.000000 0.000000 0.000000 0.000000 0.000000 0.000000 0.000000 0.000000 0.000000 0.000000 0.000000 0.000000 0.000000 0.000000 0.000000 0.000000 0.000000 0.000000 0.000000 0.021551 -17.376969 5.681811 29.475388 -46.797660 26.240982 10.426579 0.151305 33.623035 -12.283200 7.027698 15.693734 0.000000 0.000000 0.000000 0.000000 0.000000 0.000000 0.000000 0.000000 0.000000 0.000000 0.000000 0.000000 0.000000 0.000000 0.000000 0.000000 0.000000 0.000000 0.000000 0.000000 0.000000 0.000000 0.000000 0.000000 0.000000 0.000000 0.000000 0.000000 0.000000 0.000000 0.000000 0.000000 0.000000 0.000000 0.000000 0.000000 0.000000 0.000000 0.000000 0.000000 0.000000 0.000000
0.052190 1.653897 1.102144 -6.180814 -0.227802 -1.743963 -8.243446 4.902914 -4.415472 17.568694 2.593431 -7.943532 -7.083891 -8.996788 13.754521 -0.881770 -2.158011 -0.948232 -13.520552 2.350420 1.335965 59.872376 -3.376888 2.045813 4.530263 -3.555043 -7.789790 -0.445344 -1.524710 0.716076 10.620782 2.866044 1.328168 -4.792800 -0.029249 -0.985140 4.842334 0.859317 -0.283932 5.040144 2.297559 2.896716 0.120536 -0.460909 2.545512 1.207049 18.863975 -2.077577 26.305209 45.812966 -25.670713 16.796502 0.169975 -18.974554 -4.200494 -3.796609 -15.343654 0.000000 0.000000 0.000000 0.000000 0.000000 0.000000 0.000000 0.000000 0.000000 0.000000 0.000000 0.000000 0.000000 0.000000 0.000000 0.000000 0.000000 0.000000 0.000000 0.000000 0.000000 0.000000 0.000000 0.000000 0.000000 0.000000 0.000000 0.000000 0.000000 0.000000 0.000000 0.000000 0.000000 0.000000 0.000000 0.000000 0.000000 0.000000 0.000000 0.000000 0.000000 0.000000 0.249954 -17.492960 5.800914 29.917597 -47.164960 25.717356 11.743124 0.257978 32.535839 -11.252406 6.824487 15.481573 0.000000 0.000000 0.000000 0.000000 0.000000 0.000000 0.000000 0.000000 0.000000 0.000000 0.000000 0.000000 0.000000 0.000000 0.000000 0.000000 0.000000 0.000000 0.000000 0.000000 0.000000 0.000000 0.000000 0.000000 0.000000 0.000000 0.000000 0.000000 0.000000 0.000000 0.000000 0.000000 0.000000 0.000000 0.000000 0.000000 0.000000 0.000000 0.000000 0.000000 0.000000 0.000000
0.046406 1.632124 1.106529 -7.211668 0.539156 -0.433463 -2.122718 4.762538 -3.626103 14.049559 1.320123 -10.991541 -8.811160 -8.413719 13.375794 -0.842421 -2.288374 -0.931389 -18.066276 1.677162 1.990243 56.639778 -4.689247 0.620764 -0.089351 -2.297347 -8.686637 -0.362443 -1.604446 0.720085 11.407599 2.223629 -0.287841 -4.866273 -0.560127 -1.045636 4.523234 0.536304 -0.632417 4.938853 2.802638 3.062056 -0.020705 -0.000642 2.297155 0.455699 18.008402 -2.456582 27.015789 45.627506 -28.573632 16.429131 -0.320822 -20.507122 -4.973479 -4.371937 -14.879881 0.000000 0.000000 0.000000 0.000000 0.000000 0.000000 0.000000 0.000000 0.000000 0.000000 0.000000 0.000000 0.000000 0.000000 0.000000 0.000000 0.000000 0.000000 0.000000 0.000000 0.000000 0.000000 0.000000 0.000000 0.000000 0.000000 0.000000 0.000000 0.000000 0.000000 0.000000 0.000000 0.000000 0.000000 0.000000 0.000000 0.000000 0.000000 0.000000 0.000000 0.000000 0.000000 0.150390 -17.450087 5.422546 30.441909 -47.483602 25.003964 12.418934 0.005483 31.381475 -10.680367 6.417120 14.896534 0.000000 0.000000 0.000000 0.000000 0.000000 0.000000 0.000000 0.000000 0.000000 0.000000 0.000000 0.000000 0.000000 0.000000 0.000000 0.000000 0.000000 0.000000 0.000000 0.000000 0.000000 0.000000 0.000000 0.000000 0.000000 0.000000 0.000000 0.000000 0.000000 0.000000 0.000000 0.000000 0.000000 0.000000 0.000000 0.000000 0.000000 0.000000 0.000000 0.000000 0.000000 0.000000
0.044067 1.610869 1.108611 -7.831234 0.824907 0.506091 3.318956 4.446638 -2.729039 10.979683 0.688465 -13.578664 -10.150804 -7.874078 12.547781 -0.699944 -2.037101 -0.852828 -21.045849 1.271580 2.162550 49.543112 -5.320418 -1.405304 -1.635051 -2.417791 -9.729025 -0.388473 -1.683015 0.688675 12.288967 1.769185 -1.601567 -5.126279 -0.855066 -1.081416 4.395962 0.174854 -0.985479 4.659380 3.151962 2.983841 -0.030568 -0.093966 2.514665 -0.174992 17.052723 -2.715595 26.996110 45.349697 -31.205085 15.341873 -0.489135 -22.143322 -7.062915 -5.725286 -14.943197 0.000000 0.000000 0.000000 0.000000 0.000000 0.000000 0.000000 0.000000 0.000000 0.000000 0.000000 0.000000 0.000000 0.000000 0.000000 0.000000 0.000000 0.000000 0.000000 0.000000 0.000000 0.000000 0.000000 0.000000 0.000000 0.000000 0.000000 0.000000 0.000000 0.000000 0.000000 0.000000 0.000000 0.000000 0.000000 0.000000 0.000000 0.000000 0.000000 0.000000 0.000000 0.000000 -0.003448 -17.023084 4.820369 31.281340 -47.894714 24.870080 12.595355 -0.353991 30.575335 -10.413069 6.254408 14.243689 0.000000 0.000000 0.000000 0.000000 0.000000 0.000000 0.000000 0.000000 0.000000 0.000000 0.000000 0.000000 0.000000 0.000000 0.000000 0.000000 0.000000 0.000000 0.000000 0.000000 0.000000 0.000000 0.000000 0.000000 0.000000 0.000000 0.000000 0.000000 0.000000 0.000000 0.000000 0.000000 0.000000 0.000000 0.000000 0.000000 0.000000 0.000000 0.000000 0.000000 0.000000 0.000000
0.045491 1.588876 1.108804 -8.611611 0.604397 1.452467 7.888613 4.189787 -1.867827 8.618747 0.422332 -15.557206 -11.243417 -7.359184 11.519506 -0.523855 -1.625216 -0.738709 -22.563876 0.985501 2.264635 40.076509 -4.909068 -3.192271 -1.581903 -3.439772 -10.488060 -0.436361 -1.773271 0.641640 13.210864 1.633401 -2.667978 -5.439513 -1.049578 -1.120217 4.487236 -0.223642 -1.298525 4.237411 3.345617 2.873633 -0.221007 -0.389723 2.745725 -0.711556 16.193860 -2.937154 26.098401 44.935098 -33.025020 13.928464 -0.684461 -24.411695 -9.149456 -6.909924 -15.168090 0.000000 0.000000 0.000000 0.000000 0.000000 0.000000 0.000000 0.000000 0.000000 0.000000 0.000000 0.000000 0.000000 0.000000 0.000000 0.000000 0.000000 0.000000 0.000000 0.000000 0.000000 0.000000 0.000000 0.000000 0.000000 0.000000 0.000000 0.000000 0.000000 0.000000 0.000000 0.000000 0.000000 0.000000 0.000000 0.000000 0.000000 0.000000 0.000000 0.000000 0.000000 0.000000 -0.123654 -16.630670 4.255871 31.981675 -48.383836 24.862635 12.100525 -0.525429 30.091303 -9.847344 5.871481 13.396060 0.000000 0.000000 0.000000 0.000000 0.000000 0.000000 0.000000 0.000000 0.000000 0.000000 0.000000 0.000000 0.000000 0.000000 0.000000 0.000000 0.000000 0.000000 0.000000 0.000000 0.000000 0.000000 0.000000 0.000000 0.000000 0.000000 0.000000 0.000000 0.000000 0.000000 0.000000 0.000000 0.000000 0.000000 0.000000 0.000000 0.000000 0.000000 0.000000 0.000000 0.000000 0.000000
0.049513 1.567581 1.106853 -9.596840 0.098418 2.304084 11.605093 3.937380 -0.986558 7.355958 0.294677 -16.982142 -12.464436 -6.991556 10.443240 -0.396963 -1.198182 -0.666807 -22.477211 0.592940 2.268946 27.818720 -3.109485 -3.817875 -0.502031 -5.286031 -10.684561 -0.458191 -1.851146 0.516776 13.790369 1.722621 -3.469961 -5.531032 -1.254184 -1.265966 4.543218 -0.593005 -1.575367 3.739193 3.615755 2.507392 -0.500168 -0.725266 3.141908 -1.008939 15.543326 -3.323854 24.860236 44.468271 -34.288038 12.388686 -0.540460 -26.182043 -10.882849 -7.685318 -15.497404 0.000000 0.000000 0.000000 0.000000 0.000000 0.000000 0.000000 0.000000 0.000000 0.000000 0.000000 0.000000 0.000000 0.000000 0.000000 0.000000 0.000000 0.000000 0.000000 0.000000 0.000000 0.000000 0.000000 0.000000 0.000000 0.000000 0.000000 0.000000 0.000000 0.000000 0.000000 0.000000 0.000000 0.000000 0.000000 0.000000 0.000000 0.000000 0.000000 0.000000 0.000000 0.000000 -0.180665 -16.229538 3.807118 32.755680 -48.839395 25.068044 11.039913 -0.762727 29.704220 -9.631119 5.509801 12.655517 0.000000 0.000000 0.000000 0.000000 0.000000 0.000000 0.000000 0.000000 0.000000 0.000000 0.000000 0.000000 0.000000 0.000000 0.000000 0.000000 0.000000 0.000000 0.000000 0.000000 0.000000 0.000000 0.000000 0.000000 0.000000 0.000000 0.000000 0.000000 0.000000 0.000000 0.000000 0.000000 0.000000 0.000000 0.000000 0.000000 0.000000 0.000000 0.000000 0.000000 0.000000 0.000000
0.057330 1.543835 1.103869 -11.172750 -0.874001 3.552271 15.422256 3.775918 0.086910 6.940714 0.360182 -18.156757 -14.592892 -7.080767 9.418013 -0.361026 -0.630570 -0.628358 -20.355154 0.619434 2.127050 12.078739 -0.138853 -2.656674 0.548503 -8.011136 -10.531147 -0.414111 -1.928116 0.291725 13.760264 2.379685 -4.028726 -5.397856 -1.501886 -1.566758 4.790647 -0.881902 -1.847550 3.487819 3.875394 1.771570 -0.462447 -1.288785 3.695766 -1.437843 15.071188 -3.834450 23.423332 43.851455 -34.913497 10.880418 -0.079775 -27.965789 -12.272343 -8.635610 -16.104464 0.000000 0.000000 0.000000 0.000000 0.000000 0.000000 0.000000 0.000000 0.000000 0.000000 0.000000 0.000000 0.000000 0.000000 0.000000 0.000000 0.000000 0.000000 0.000000 0.000000 0.000000 0.000000 0.000000 0.000000 0.000000 0.000000 0.000000 0.000000 0.000000 0.000000 0.000000 0.000000 0.000000 0.000000 0.000000 0.000000 0.000000 0.000000 0.000000 0.000000 0.000000 0.000000 -0.364041 -16.060198 3.394062 33.536622 -49.076334 25.168921 9.336155 -1.283071 29.231455 -9.046937 4.957497 11.946736 0.000000 0.000000 0.000000 0.000000 0.000000 0.000000 0.000000 0.000000 0.000000 0.000000 0.000000 0.000000 0.000000 0.000000 0.000000 0.000000 0.000000 0.000000 0.000000 0.000000 0.000000 0.000000 0.000000 0.000000 0.000000 0.000000 0.000000 0.000000 0.000000 0.000000 0.000000 0.000000 0.000000 0.000000 0.000000 0.000000 0.000000 0.000000 0.000000 0.000000 0.000000 0.000000
0.063227 1.532144 1.097928 -11.469073 -1.402263 4.670303 18.363978 3.418804 0.852187 7.975823 0.017291 -19.379046 -16.751036 -7.145978 8.957550 -0.429279 -0.362379 -0.596887 -19.703592 0.506458 1.954625 6.012475 0.973557 -1.937065 0.836002 -8.955613 -10.237481 -0.368255 -1.895163 0.129291 13.517876 2.521443 -4.424821 -4.961778 -1.743391 -1.869457 4.610738 -0.863900 -2.093271 3.649061 3.927807 1.541777 -0.585615 -1.426314 4.129082 -1.443245 15.038764 -4.218953 22.124201 43.448592 -35.135333 10.374819 -0.242522 -28.942965 -12.097135 -9.489183 -16.360201 0.000000 0.000000 0.000000 0.000000 0.000000 0.000000 0.000000 0.000000 0.000000 0.000000 0.000000 0.000000 0.000000 0.000000 0.000000 0.000000 0.000000 0.000000 0.000000 0.000000 0.000000 0.000000 0.000000 0.000000 0.000000 0.000000 0.000000 0.000000 0.000000 0.000000 0.000000 0.000000 0.000000 0.000000 0.000000 0.000000 0.000000 0.000000 0.000000 0.000000 0.000000 0.000000 -0.244659 -16.290796 3.172207 33.430553 -49.157836 24.635616 8.810929 -1.421574 28.780348 -8.389998 4.770990 11.679691 0.000000 0.000000 0.000000 0.000000 0.000000 0.000000 0.000000 0.000000 0.000000 0.000000 0.000000 0.000000 0.000000 0.000000 0.000000 0.000000 0.000000 0.000000 0.000000 0.000000 0.000000 0.000000 0.000000 0.000000 0.000000 0.000000 0.000000 0.000000 0.000000 0.000000 0.000000 0.000000 0.000000 0.000000 0.000000 0.000000 0.000000 0.000000 0.000000 0.000000 0.000000 0.000000
0.066638 1.533988 1.090844 -10.504205 -1.418050 5.833673 19.806903 2.527501 1.199225 10.883028 -0.444282 -20.443735 -17.917256 -6.881584 8.688227 -0.522782 -0.325697 -0.609762 -20.212771 -0.082344 2.138243 7.390115 0.714560 -1.826008 0.989420 -7.877369 -10.416161 -0.520362 -1.872740 0.157188 12.707822 2.022993 -4.793457 -4.512742 -2.111253 -2.045125 4.251813 -0.614043 -2.322162 3.969346 4.069023 1.392290 -0.454391 -1.157349 4.234553 -1.043772 15.436219 -4.384533 21.652553 43.162187 -35.119405 10.363509 -0.774595 -29.668366 -11.742328 -9.706764 -16.432368 0.000000 0.000000 0.000000 0.000000 0.000000 0.000000 0.000000 0.000000 0.000000 0.000000 0.000000 0.000000 0.000000 0.000000 0.000000 0.000000 0.000000 0.000000 0.000000 0.000000 0.000000 0.000000 0.000000 0.000000 0.000000 0.000000 0.000000 0.000000 0.000000 0.000000 0.000000 0.000000 0.000000 0.000000 0.000000 0.000000 0.000000 0.000000 0.000000 0.000000 0.000000 0.000000 0.060787 -16.770433 3.078245 32.822006 -48.869740 23.669023 9.066127 -1.345281 28.150427 -8.266487 4.528859 11.704503 0.000000 0.000000 0.000000 0.000000 0.000000 0.000000 0.000000 0.000000 0.000000 0.000000 0.000000 0.000000 0.000000 0.000000 0.000000 0.000000 0.000000 0.000000 0.000000 0.000000 0.000000 0.000000 0.000000 0.000000 0.000000 0.000000 0.000000 0.000000 0.000000 0.000000 0.000000 0.000000 0.000000 0.000000 0.000000 0.000000 0.000000 0.000000 0.000000 0.000000 0.000000 0.000000
0.068160 1.544030 1.086118 -9.255844 -1.024563 6.516249 19.485853 1.211795 1.079123 16.718755 -0.780392 -20.792768 -16.723701 -5.857820 8.903248 -0.460309 -0.281718 -0.591732 -21.533041 -0.878828 2.641579 13.096057 -0.343290 -2.026336 1.513289 -5.942094 -10.615701 -0.766523 -1.827448 0.270713 11.674380 1.091921 -5.112104 -4.243270 -2.459649 -1.990753 3.952135 -0.228065 -2.440117 4.355400 4.250867 1.418438 -0.206486 -0.730515 4.446358 -0.466506 16.376919 -4.130998 21.539168 43.094530 -34.306040 10.406595 -1.226386 -30.348650 -11.786814 -9.653885 -16.472869 0.000000 0.000000 0.000000 0.000000 0.000000 0.000000 0.000000 0.000000 0.000000 0.000000 0.000000 0.000000 0.000000 0.000000 0.000000 0.000000 0.000000 0.000000 0.000000 0.000000 0.000000 0.000000 0.000000 0.000000 0.000000 0.000000 0.000000 0.000000 0.000000 0.000000 0.000000 0.000000 0.000000 0.000000 0.000000 0.000000 0.000000 0.000000 0.000000 0.000000 0.000000 0.000000 0.578138 -17.547461 3.043638 31.664981 -48.258126 22.349720 9.637336 -1.274902 27.646582 -8.251952 4.004947 11.931184 0.000000 0.000000 0.000000 0.000000 0.000000 0.000000 0.000000 0.000000 0.000000 0.000000 0.000000 0.000000 0.000000 0.000000 0.000000 0.000000 0.000000 0.000000 0.000000 0.000000 0.000000 0.000000 0.000000 0.000000 0.000000 0.000000 0.000000 0.000000 0.000000 0.000000 0.000000 0.000000 0.000000 0.000000 0.000000 0.000000 0.000000 0.000000 0.000000 0.000000 0.000000 0.000000
0.068772 1.559535 1.085278 -8.033189 -0.348710 6.734662 16.402781 -0.665505 0.611276 26.818923 -0.788425 -19.909185 -10.737768 -3.116094 8.837413 -0.224042 -0.424289 -0.565388 -23.472665 -2.320718 3.226254 21.794374 -2.048901 -2.473696 2.205478 -3.037763 -10.374431 -0.932103 -1.788401 0.359329 10.607450 -0.218164 -5.216978 -4.201019 -2.725408 -1.798205 4.151523 0.077363 -2.502081 4.581447 4.311461 1.808903 -0.199022 -0.177121 4.514660 0.202751 17.236897 -3.675193 22.346404 43.520171 -33.731396 10.343256 -1.625195 -30.616623 -12.279065 -9.182849 -15.857687 0.000000 0.000000 0.000000 0.000000 0.000000 0.000000 0.000000 0.000000 0.000000 0.000000 0.000000 0.000000 0.000000 0.000000 0.000000 0.000000 0.000000 0.000000 0.000000 0.000000 0.000000 0.000000 0.000000 0.000000 0.000000 0.000000 0.000000 0.000000 0.000000 0.000000 0.000000 0.000000 0.000000 0.000000 0.000000 0.000000 0.000000 0.000000 0.000000 0.000000 0.000000 0.000000 1.245694 -18.210001 3.434725 30.367477 -47.538099 21.675896 10.484044 -1.282943 26.719932 -8.915073 2.919385 11.515966 0.000000 0.000000 0.000000 0.000000 0.000000 0.000000 0.000000 0.000000 0.000000 0.000000 0.000000 0.000000 0.000000 0.000000 0.000000 0.000000 0.000000 0.000000 0.000000 0.000000 0.000000 0.000000 0.000000 0.000000 0.000000 0.000000 0.000000 0.000000 0.000000 0.000000 0.000000 0.000000 0.000000 0.000000 0.000000 0.000000 0.000000 0.000000 0.000000 0.000000 0.000000 0.000000
0.068153 1.572376 1.088463 -6.975674 0.575503 6.148551 10.640079 -2.340076 0.147053 39.417317 -0.133074 -16.805832 -1.793552 0.175395 8.255395 0.035832 -0.574115 -0.629838 -23.548852 -3.932520 3.409935 26.330036 -3.214278 -2.554941 1.536332 -0.004540 -9.719113 -0.898328 -1.588515 0.427799 10.283024 -1.389480 -4.691754 -4.406365 -2.682294 -1.720234 4.360742 0.215523 -2.428954 4.509483 4.372282 1.756367 -0.648443 0.090071 4.559107 0.467000 17.693603 -3.461653 23.447119 44.402673 -33.056475 11.141045 -1.712651 -29.477798 -11.987657 -8.978147 -15.138913 0.000000 0.000000 0.000000 0.000000 0.000000 0.000000 0.000000 0.000000 0.000000 0.000000 0.000000 0.000000 0.000000 0.000000 0.000000 0.000000 0.000000 0.000000 0.000000 0.000000 0.000000 0.000000 0.000000 0.000000 0.000000 0.000000 0.000000 0.000000 0.000000 0.000000 0.000000 0.000000 0.000000 0.000000 0.000000 0.000000 0.000000 0.000000 0.000000 0.000000 0.000000 0.000000 1.715741 -18.411927 4.004534 29.293728 -47.229538 21.287720 11.138609 -1.498961 26.738447 -10.256909 2.931873 11.575433 0.000000 0.000000 0.000000 0.000000 0.000000 0.000000 0.000000 0.000000 0.000000 0.000000 0.000000 0.000000 0.000000 0.000000 0.000000 0.000000 0.000000 0.000000 0.000000 0.000000 0.000000 0.000000 0.000000 0.000000 0.000000 0.000000 0.000000 0.000000 0.000000 0.000000 0.000000 0.000000 0.000000 0.000000 0.000000 0.000000 0.000000 0.000000 0.000000 0.000000 0.000000 0.000000
0.068662 1.577787 1.094622 -6.251376 1.221403 5.421114 3.847839 -3.390815 -0.451966 50.249545 0.972392 -12.765243 4.397728 1.519109 8.455963 0.108688 -0.600144 -0.756052 -21.604114 -5.188183 3.355857 27.587019 -3.468080 -1.934670 -0.021754 2.543042 -9.104831 -0.941982 -1.428844 0.520790 10.603277 -2.153094 -3.649053 -4.879073 -2.498002 -1.813429 4.573117 0.269487 -2.253079 4.185810 4.272850 1.436250 -0.634048 0.044031 4.668343 0.643456 18.085260 -3.483374 24.256357 45.292928 -32.221291 12.695073 -1.700339 -27.446203 -11.670328 -8.328364 -14.403858 0.000000 0.000000 0.000000 0.000000 0.000000 0.000000 0.000000 0.000000 0.000000 0.000000 0.000000 0.000000 0.000000 0.000000 0.000000 0.000000 0.000000 0.000000 0.000000 0.000000 0.000000 0.000000 0.000000 0.000000 0.000000 0.000000 0.000000 0.000000 0.000000 0.000000 0.000000 0.000000 0.000000 0.000000 0.000000 0.000000 0.000000 0.000000 0.000000 0.000000 0.000000 0.000000 1.881263 -18.408473 4.505143 28.641432 -47.137054 21.248826 11.565996 -1.536516 27.179241 -11.733140 3.425716 11.795097 0.000000 0.000000 0.000000 0.000000 0.000000 0.000000 0.000000 0.000000 0.000000 0.000000 0.000000 0.000000 0.000000 0.000000 0.000000 0.000000 0.000000 0.000000 0.000000 0.000000 0.000000 0.000000 0.000000 0.000000 0.000000 0.000000 0.000000 0.000000 0.000000 0.000000 0.000000 0.000000 0.000000 0.000000 0.000000 0.000000 0.000000 0.000000 0.000000 0.000000 0.000000 0.000000
0.069406 1.576433 1.103675 -6.043364 1.641390 4.700730 -3.080706 -3.778857 -1.343909 57.939755 2.344531 -9.479656 5.015106 0.596184 9.443422 0.068607 -0.677196 -0.855083 -18.086381 -6.029817 2.918126 26.508117 -3.093837 -0.736081 -1.756283 3.895581 -8.448110 -1.108902 -1.208957 0.640550 11.025936 -2.438762 -2.016078 -5.230510 -2.411481 -2.098570 4.609359 0.264147 -2.039023 4.039670 3.935092 0.829364 -0.699955 -0.110756 4.343401 0.889672 18.342812 -3.522765 24.956876 45.965468 -31.148217 14.632851 -1.253655 -25.397750 -11.510306 -7.396936 -13.866006 0.000000 0.000000 0.000000 0.000000 0.000000 0.000000 0.000000 0.000000 0.000000 0.000000 0.000000 0.000000 0.000000 0.000000 0.000000 0.000000 0.000000 0.000000 0.000000 0.000000 0.000000 0.000000 0.000000 0.000000 0.000000 0.000000 0.000000 0.000000 0.000000 0.000000 0.000000 0.000000 0.000000 0.000000 0.000000 0.000000 0.000000 0.000000 0.000000 0.000000 0.000000 0.000000 1.880096 -18.344115 4.779937 27.804448 -46.907781 21.188957 11.885481 -1.529110 27.674190 -12.844016 4.478449 12.073976 0.000000 0.000000 0.000000 0.000000 0.000000 0.000000 0.000000 0.000000 0.000000 0.000000 0.000000 0.000000 0.000000 0.000000 0.000000 0.000000 0.000000 0.000000 0.000000 0.000000 0.000000 0.000000 0.000000 0.000000 0.000000 0.000000 0.000000 0.000000 0.000000 0.000000 0.000000 0.000000 0.000000 0.000000 0.000000 0.000000 0.000000 0.000000 0.000000 0.000000 0.000000 0.000000
0.072494 1.574708 1.113715 -5.901596 1.459562 3.683544 -10.090673 -3.500629 -2.298027 61.380801 4.276864 -6.957520 2.432589 -1.123585 10.597192 0.001518 -0.860140 -0.972213 -13.126477 -6.219470 1.987922 23.108049 -1.973369 0.645102 -2.996998 4.022045 -7.802370 -1.315220 -1.017206 0.705260 11.087563 -2.102584 0.067152 -5.267652 -2.237358 -2.482544 4.540698 0.294841 -1.791034 4.408257 3.408555 0.564130 -0.655730 -0.281847 3.960564 1.306993 18.758343 -3.382518 25.064659 46.416814 -29.244396 16.694965 -0.565160 -23.126430 -11.135323 -5.947591 -13.477470 0.000000 0.000000 0.000000 0.000000 0.000000 0.000000 0.000000 0.000000 0.000000 0.000000 0.000000 0.000000 0.000000 0.000000 0.000000 0.000000 0.000000 0.000000 0.000000 0.000000 0.000000 0.000000 0.000000 0.000000 0.000000 0.000000 0.000000 0.000000 0.000000 0.000000 0.000000 0.000000 0.000000 0.000000 0.000000 0.000000 0.000000 0.000000 0.000000 0.000000 0.000000 0.000000 1.708667 -18.322223 4.932081 27.007230 -46.301428 21.433505 12.672061 -1.228189 28.829187 -13.474678 5.455725 12.601494 0.000000 0.000000 0.000000 0.000000 0.000000 0.000000 0.000000 0.000000 0.000000 0.000000 0.000000 0.000000 0.000000 0.000000 0.000000 0.000000 0.000000 0.000000 0.000000 0.000000 0.000000 0.000000 0.000000 0.000000 0.000000 0.000000 0.000000 0.000000 0.000000 0.000000 0.000000 0.000000 0.000000 0.000000 0.000000 0.000000 0.000000 0.000000 0.000000 0.000000 0.000000 0.000000
0.075277 1.571796 1.122960 -6.371441 1.158480 2.689922 -15.303047 -3.279465 -2.804151 60.780473 5.987640 -5.582076 -1.189306 -2.657924 11.406967 -0.055456 -0.914756 -1.025788 -7.705214 -5.878926 0.974447 18.732644 -1.130563 1.979556 -3.626024 3.478158 -7.145474 -1.450239 -0.872246 0.651393 11.253137 -1.505536 2.034914 -5.082900 -2.005316 -2.772804 4.396704 0.399890 -1.409347 4.900780 2.876139 0.154700 -0.617610 -0.725470 3.443250 1.601512 19.104437 -2.893441 24.907485 46.744818 -27.254248 17.909605 0.003835 -21.943912 -10.782424 -4.871613 -13.534143 0.000000 0.000000 0.000000 0.000000 0.000000 0.000000 0.000000 0.000000 0.000000 0.000000 0.000000 0.000000 0.000000 0.000000 0.000000 0.000000 0.000000 0.000000 0.000000 0.000000 0.000000 0.000000 0.000000 0.000000 0.000000 0.000000 0.000000 0.000000 0.000000 0.000000 0.000000 0.000000 0.000000 0.000000 0.000000 0.000000 0.000000 0.000000 0.000000 0.000000 0.000000 0.000000 1.489430 -18.087225 4.880768 26.353017 -45.978183 21.715404 12.995760 -1.032624 30.225370 -13.668523 5.866650 13.233302 0.000000 0.000000 0.000000 0.000000 0.000000 0.000000 0.000000 0.000000 0.000000 0.000000 0.000000 0.000000 0.000000 0.000000 0.000000 0.000000 0.000000 0.000000 0.000000 0.000000 0.000000 0.000000 0.000000 0.000000 0.000000 0.000000 0.000000 0.000000 0.000000 0.000000 0.000000 0.000000 0.000000 0.000000 0.000000 0.000000 0.000000 0.000000 0.000000 0.000000 0.000000 0.000000
0.077943 1.572021 1.130269 -7.051615 0.754567 1.504229 -18.664133 -2.929047 -3.064705 55.508831 6.915028 -4.474495 -4.122134 -3.479821 11.684060 -0.068444 -0.931569 -1.069131 -2.278058 -5.431066 0.093871 14.021725 -0.342076 3.203894 -3.644800 2.434480 -6.668618 -1.498170 -0.803774 0.596184 11.432780 -1.028095 3.610629 -4.741568 -1.611431 -2.912611 4.119528 0.487745 -0.977170 5.185188 2.546098 -0.111123 -0.536354 -1.094709 2.921344 1.831126 19.539324 -2.383315 24.669080 46.965848 -24.873011 18.698965 0.406336 -21.255606 -10.112471 -4.164284 -14.004047 0.000000 0.000000 0.000000 0.000000 0.000000 0.000000 0.000000 0.000000 0.000000 0.000000 0.000000 0.000000 0.000000 0.000000 0.000000 0.000000 0.000000 0.000000 0.000000 0.000000 0.000000 0.000000 0.000000 0.000000 0.000000 0.000000 0.000000 0.000000 0.000000 0.000000 0.000000 0.000000 0.000000 0.000000 0.000000 0.000000 0.000000 0.000000 0.000000 0.000000 0.000000 0.000000 1.174902 -17.664888 5.002339 25.978833 -45.630981 22.111320 12.880239 -0.755171 32.353484 -14.141332 6.234405 13.988443 0.000000 0.000000 0.000000 0.000000 0.000000 0.000000 0.000000 0.000000 0.000000 0.000000 0.000000 0.000000 0.000000 0.000000 0.000000 0.000000 0.000000 0.000000 0.000000 0.000000 0.000000 0.000000 0.000000 0.000000 0.000000 0.000000 0.000000 0.000000 0.000000 0.000000 0.000000 0.000000 0.000000 0.000000 0.000000 0.000000 0.000000 0.000000 0.000000 0.000000 0.000000 0.000000
0.077075 1.578793 1.134075 -7.280991 0.827028 0.295674 -20.487556 -2.676128 -2.937354 46.913648 7.006875 -3.067180 -4.954030 -3.067065 11.615086 0.031966 -0.907787 -1.088942 2.444562 -5.077467 -0.663054 10.128237 0.068109 4.332914 -3.457367 1.401582 -6.044764 -1.465701 -0.872864 0.560841 11.515012 -0.843174 4.779824 -4.465580 -1.081151 -2.772248 3.917459 0.557463 -0.509427 5.384966 2.337056 -0.207825 -0.359793 -1.288755 2.466512 1.886601 19.801271 -1.594960 24.600869 47.409957 -22.859170 19.118747 0.582404 -20.620794 -9.248487 -3.805826 -14.579693 0.000000 0.000000 0.000000 0.000000 0.000000 0.000000 0.000000 0.000000 0.000000 0.000000 0.000000 0.000000 0.000000 0.000000 0.000000 0.000000 0.000000 0.000000 0.000000 0.000000 0.000000 0.000000 0.000000 0.000000 0.000000 0.000000 0.000000 0.000000 0.000000 0.000000 0.000000 0.000000 0.000000 0.000000 0.000000 0.000000 0.000000 0.000000 0.000000 0.000000 0.000000 0.000000 0.805324 -16.956276 5.101669 25.834426 -45.378966 22.877551 12.663771 -0.478005 34.591635 -14.933968 6.993110 14.873879 0.000000 0.000000 0.000000 0.000000 0.000000 0.000000 0.000000 0.000000 0.000000 0.000000 0.000000 0.000000 0.000000 0.000000 0.000000 0.000000 0.000000 0.000000 0.000000 0.000000 0.000000 0.000000 0.000000 0.000000 0.000000 0.000000 0.000000 0.000000 0.000000 0.000000 0.000000 0.000000 0.000000 0.000000 0.000000 0.000000 0.000000 0.000000 0.000000 0.000000 0.000000 0.000000
0.075992 1.587700 1.134101 -7.252077 0.862549 -1.570871 -21.266403 -2.520606 -2.654231 33.521270 5.828323 -1.253676 -4.042452 -1.492734 11.624904 0.128677 -1.038632 -1.095079 6.916080 -4.993901 -1.401821 7.238849 0.433395 5.215153 -4.216258 1.295917 -5.723794 -1.283156 -0.992025 0.549790 12.011936 -0.990975 5.656343 -4.147119 -0.223970 -2.446979 3.815895 0.558508 0.013681 5.216427 2.287182 0.308608 -0.269933 -1.313209 1.802675 1.503576 20.106940 -0.466768 24.083491 47.912972 -20.086860 19.270630 0.486229 -20.283153 -8.921055 -3.067196 -14.693861 0.000000 0.000000 0.000000 0.000000 0.000000 0.000000 0.000000 0.000000 0.000000 0.000000 0.000000 0.000000 0.000000 0.000000 0.000000 0.000000 0.000000 0.000000 0.000000 0.000000 0.000000 0.000000 0.000000 0.000000 0.000000 0.000000 0.000000 0.000000 0.000000 0.000000 0.000000 0.000000 0.000000 0.000000 0.000000 0.000000 0.000000 0.000000 0.000000 0.000000 0.000000 0.000000 0.072689 -16.188214 5.519794 25.495574 -45.278259 23.938450 11.957557 0.307490 36.887953 -15.913152 7.745777 15.282301 0.000000 0.000000 0.000000 0.000000 0.000000 0.000000 0.000000 0.000000 0.000000 0.000000 0.000000 0.000000 0.000000 0.000000 0.000000 0.000000 0.000000 0.000000 0.000000 0.000000 0.000000 0.000000 0.000000 0.000000 0.000000 0.000000 0.000000 0.000000 0.000000 0.000000 0.000000 0.000000 0.000000 0.000000 0.000000 0.000000 0.000000 0.000000 0.000000 0.000000 0.000000 0.000000
0.072851 1.600985 1.130152 -6.936125 1.219657 -2.975189 -20.857947 -2.766672 -2.026994 19.934093 3.470564 -0.494800 -3.390677 0.188478 11.381405 0.193453 -1.106764 -1.093708 10.581596 -5.258018 -2.108724 5.754192 0.509050 6.548301 -5.983123 1.363961 -5.026646 -1.106375 -1.131609 0.530228 12.398886 -1.406212 6.329059 -3.982377 0.318467 -2.199117 3.762817 0.489431 0.444120 5.191097 2.061397 0.676529 -0.163366 -1.306807 0.965607 1.139711 20.508898 0.331473 23.638571 48.292844 -17.763348 19.420712 0.601499 -19.849110 -8.549327 -2.594817 -14.537495 0.000000 0.000000 0.000000 0.000000 0.000000 0.000000 0.000000 0.000000 0.000000 0.000000 0.000000 0.000000 0.000000 0.000000 0.000000 0.000000 0.000000 0.000000 0.000000 0.000000 0.000000 0.000000 0.000000 0.000000 0.000000 0.000000 0.000000 0.000000 0.000000 0.000000 0.000000 0.000000 0.000000 0.000000 0.000000 0.000000 0.000000 0.000000 0.000000 0.000000 0.000000 0.000000 -0.518339 -15.706186 5.830064 24.525490 -45.122405 24.449237 11.021838 0.634787 38.259325 -16.617299 8.379550 15.506011 0.000000 0.000000 0.000000 0.000000 0.000000 0.000000 0.000000 0.000000 0.000000 0.000000 0.000000 0.000000 0.000000 0.000000 0.000000 0.000000 0.000000 0.000000 0.000000 0.000000 0.000000 0.000000 0.000000 0.000000 0.000000 0.000000 0.000000 0.000000 0.000000 0.000000 0.000000 0.000000 0.000000 0.000000 0.000000 0.000000 0.000000 0.000000 0.000000 0.000000 0.000000 0.000000
0.067217 1.612743 1.123283 -6.765385 1.999351 -3.825745 -19.431359 -2.957784 -1.277135 7.251031 0.929440 -0.851419 -2.690032 1.790849 10.958230 0.251986 -1.129169 -1.019107 13.769052 -5.601229 -2.685437 5.382519 0.514610 8.051404 -8.259250 1.568493 -4.067012 -0.921994 -1.346847 0.494129 12.522926 -1.966365 6.854064 -3.664621 0.715640 -1.937301 3.695225 0.378312 0.725345 5.560058 1.775654 0.944427 -0.097085 -1.315565 0.028182 0.870550 20.793926 0.788562 23.279709 48.639735 -16.010631 19.407816 0.767259 -19.492416 -8.280300 -2.352905 -14.147668 0.000000 0.000000 0.000000 0.000000 0.000000 0.000000 0.000000 0.000000 0.000000 0.000000 0.000000 0.000000 0.000000 0.000000 0.000000 0.000000 0.000000 0.000000 0.000000 0.000000 0.000000 0.000000 0.000000 0.000000 0.000000 0.000000 0.000000 0.000000 0.000000 0.000000 0.000000 0.000000 0.000000 0.000000 0.000000 0.000000 0.000000 0.000000 0.000000 0.000000 0.000000 0.000000 -0.929377 -15.410652 6.215629 23.308697 -44.801571 24.459982 10.576804 0.562267 39.087139 -17.035436 9.345104 15.808889 0.000000 0.000000 0.000000 0.000000 0.000000 0.000000 0.000000 0.000000 0.000000 0.000000 0.000000 0.000000 0.000000 0.000000 0.000000 0.000000 0.000000 0.000000 0.000000 0.000000 0.000000 0.000000 0.000000 0.000000 0.000000 0.000000 0.000000 0.000000 0.000000 0.000000 0.000000 0.000000 0.000000 0.000000 0.000000 0.000000 0.000000 0.000000 0.000000 0.000000 0.000000 0.000000
0.061498 1.623011 1.113686 -6.460168 2.807407 -4.595735 -19.039846 -3.022474 -0.978706 0.389400 -0.591374 -0.991163 -1.952166 2.495809 10.754476 0.217225 -1.206690 -0.984750 16.045096 -5.663120 -3.010508 6.444162 0.623657 9.288933 -10.219551 1.696782 -3.100476 -0.884739 -1.482935 0.455939 12.238221 -2.251789 7.284855 -3.353283 0.900233 -1.765463 3.710319 0.331423 0.905966 5.659808 1.353813 1.230212 0.108557 -1.201740 -0.857379 0.747090 21.013001 1.168481 22.896633 48.946013 -14.585037 18.920178 1.026288 -19.015062 -8.292277 -2.171141 -13.967803 0.000000 0.000000 0.000000 0.000000 0.000000 0.000000 0.000000 0.000000 0.000000 0.000000 0.000000 0.000000 0.000000 0.000000 0.000000 0.000000 0.000000 0.000000 0.000000 0.000000 0.000000 0.000000 0.000000 0.000000 0.000000 0.000000 0.000000 0.000000 0.000000 0.000000 0.000000 0.000000 0.000000 0.000000 0.000000 0.000000 0.000000 0.000000 0.000000 0.000000 0.000000 0.000000 -1.286865 -15.492754 6.451515 22.528329 -44.282651 24.556490 10.389033 0.599853 39.550828 -17.183303 10.295070 16.410946 0.000000 0.000000 0.000000 0.000000 0.000000 0.000000 0.000000 0.000000 0.000000 0.000000 0.000000 0.000000 0.000000 0.000000 0.000000 0.000000 0.000000 0.000000 0.000000 0.000000 0.000000 0.000000 0.000000 0.000000 0.000000 0.000000 0.000000 0.000000 0.000000 0.000000 0.000000 0.000000 0.000000 0.000000 0.000000 0.000000 0.000000 0.000000 0.000000 0.000000 0.000000 0.000000
0.056595 1.632673 1.104179 -5.969809 3.466164 -5.327918 -20.252741 -2.752447 -1.453001 1.371076 -0.442873 -0.410581 -1.061137 1.940595 11.051082 0.117633 -1.338875 -0.965625 17.196830 -4.878383 -3.222283 9.620406 0.670270 10.437527 -11.066457 0.840858 -1.937749 -0.974624 -1.516999 0.392301 11.296342 -1.834593 7.846508 -3.131301 0.860094 -1.740655 3.883795 0.441518 1.111263 5.847526 0.750298 1.495514 0.673045 -1.308050 -1.391623 0.851779 21.305954 1.447909 22.991769 48.672627 -14.013283 18.493639 1.231964 -18.558893 -8.042404 -2.618444 -14.131101 0.000000 0.000000 0.000000 0.000000 0.000000 0.000000 0.000000 0.000000 0.000000 0.000000 0.000000 0.000000 0.000000 0.000000 0.000000 0.000000 0.000000 0.000000 0.000000 0.000000 0.000000 0.000000 0.000000 0.000000 0.000000 0.000000 0.000000 0.000000 0.000000 0.000000 0.000000 0.000000 0.000000 0.000000 0.000000 0.000000 0.000000 0.000000 0.000000 0.000000 0.000000 0.000000 -1.374428 -16.053120 6.348843 22.133503 -43.763768 24.773592 10.026867 0.744920 39.332224 -16.910585 10.742984 16.742059 0.000000 0.000000 0.000000 0.000000 0.000000 0.000000 0.000000 0.000000 0.000000 0.000000 0.000000 0.000000 0.000000 0.000000 0.000000 0.000000 0.000000 0.000000 0.000000 0.000000 0.000000 0.000000 0.000000 0.000000 0.000000 0.000000 0.000000 0.000000 0.000000 0.000000 0.000000 0.000000 0.000000 0.000000 0.000000 0.000000 0.000000 0.000000 0.000000 0.000000 0.000000 0.000000
0.055284 1.642371 1.097195 -5.262588 3.422491 -5.701835 -22.159330 -2.221522 -2.477210 7.005968 1.019203 0.291774 0.558921 0.797087 11.438396 -0.000312 -1.552486 -0.958622 16.114107 -3.362541 -2.845660 15.259067 0.549651 10.698927 -10.045705 -0.426940 -1.491147 -1.034820 -1.455700 0.357511 9.927935 -0.896451 8.097977 -2.923444 0.724964 -1.769020 3.948488 0.669563 1.158728 5.938140 0.336177 1.588642 1.274653 -1.374043 -1.568554 1.061437 21.599578 1.629131 23.653706 48.123181 -14.410598 18.207056 1.118425 -18.042356 -7.219001 -3.261241 -14.522864 0.000000 0.000000 0.000000 0.000000 0.000000 0.000000 0.000000 0.000000 0.000000 0.000000 0.000000 0.000000 0.000000 0.000000 0.000000 0.000000 0.000000 0.000000 0.000000 0.000000 0.000000 0.000000 0.000000 0.000000 0.000000 0.000000 0.000000 0.000000 0.000000 0.000000 0.000000 0.000000 0.000000 0.000000 0.000000 0.000000 0.000000 0.000000 0.000000 0.000000 0.000000 0.000000 -1.238427 -16.904550 5.986812 22.791300 -43.393431 25.093556 9.833059 1.074298 39.102773 -16.582633 10.883060 16.991827 0.000000 0.000000 0.000000 0.000000 0.000000 0.000000 0.000000 0.000000 0.000000 0.000000 0.000000 0.000000 0.000000 0.000000 0.000000 0.000000 0.000000 0.000000 0.000000 0.000000 0.000000 0.000000 0.000000 0.000000 0.000000 0.000000 0.000000 0.000000 0.000000 0.000000 0.000000 0.000000 0.000000 0.000000 0.000000 0.000000 0.000000 0.000000 0.000000 0.000000 0.000000 0.000000
0.055858 1.646818 1.094219 -4.842302 2.839717 -5.853969 -23.470986 -1.331555 -3.521342 12.956782 2.734136 0.574570 1.350833 -0.668173 11.706361 -0.165850 -1.720509 -0.922386 13.231008 -1.480715 -2.471653 23.311009 0.339440 10.071527 -6.267920 -2.367823 -1.614623 -1.034399 -1.452842 0.401541 9.212057 0.399240 8.052638 -3.006083 0.658953 -1.624338 4.081086 0.850024 1.204587 6.023069 0.263962 1.509800 1.570549 -1.577673 -1.511915 1.230386 21.280771 1.546252 24.740893 47.713280 -15.801021 18.303255 1.098481 -17.597383 -6.366914 -4.035287 -15.332726 0.000000 0.000000 0.000000 0.000000 0.000000 0.000000 0.000000 0.000000 0.000000 0.000000 0.000000 0.000000 0.000000 0.000000 0.000000 0.000000 0.000000 0.000000 0.000000 0.000000 0.000000 0.000000 0.000000 0.000000 0.000000 0.000000 0.000000 0.000000 0.000000 0.000000 0.000000 0.000000 0.000000 0.000000 0.000000 0.000000 0.000000 0.000000 0.000000 0.000000 0.000000 0.000000 -1.198814 -17.244295 5.542139 24.037568 -43.778833 25.742368 9.871305 1.453199 38.303419 -15.985352 10.715843 17.203395 0.000000 0.000000 0.000000 0.000000 0.000000 0.000000 0.000000 0.000000 0.000000 0.000000 0.000000 0.000000 0.000000 0.000000 0.000000 0.000000 0.000000 0.000000 0.000000 0.000000 0.000000 0.000000 0.000000 0.000000 0.000000 0.000000 0.000000 0.000000 0.000000 0.000000 0.000000 0.000000 0.000000 0.000000 0.000000 0.000000 0.000000 0.000000 0.000000 0.000000 0.000000 0.000000
0.059295 1.638517 1.094633 -5.200428 1.718191 -5.587928 -22.511033 0.194959 -4.259606 16.142590 3.802606 -0.440094 1.104432 -2.582773 11.713808 -0.352286 -1.703053 -0.823300 7.857721 0.483480 -1.770181 34.254228 0.094566 8.454703 0.096473 -4.402215 -2.516300 -1.124836 -1.499481 0.489437 9.398646 1.499711 7.010273 -3.587926 0.813574 -1.321106 4.227526 0.919087 1.147870 6.403790 0.919768 1.463717 1.817309 -1.630486 -0.620802 1.581500 20.815997 1.221491 25.364836 47.432791 -17.520029 17.712867 0.761724 -17.610851 -5.604947 -3.856198 -16.075830 0.000000 0.000000 0.000000 0.000000 0.000000 0.000000 0.000000 0.000000 0.000000 0.000000 0.000000 0.000000 0.000000 0.000000 0.000000 0.000000 0.000000 0.000000 0.000000 0.000000 0.000000 0.000000 0.000000 0.000000 0.000000 0.000000 0.000000 0.000000 0.000000 0.000000 0.000000 0.000000 0.000000 0.000000 0.000000 0.000000 0.000000 0.000000 0.000000 0.000000 0.000000 0.000000 -0.678377 -17.112593 5.832814 25.109153 -44.575924 26.193992 10.137211 1.530671 37.105741 -14.649724 10.369483 17.080035 0.000000 0.000000 0.000000 0.000000 0.000000 0.000000 0.000000 0.000000 0.000000 0.000000 0.000000 0.000000 0.000000 0.000000 0.000000 0.000000 0.000000 0.000000 0.000000 0.000000 0.000000 0.000000 0.000000 0.000000 0.000000 0.000000 0.000000 0.000000 0.000000 0.000000 0.000000 0.000000 0.000000 0.000000 0.000000 0.000000 0.000000 0.000000 0.000000 0.000000 0.000000 0.000000
