HIERARCHY
ROOT Hips
{
	OFFSET 0.000000 0.000000 0.000000
	CHANNELS 6 Xposition Yposition Zposition Xrotation Yrotation Zrotation
	JOINT Thigh.L
	{
		OFFSET 0.056181 0.027175 -0.095908
		CHANNELS 3 Xrotation Yrotation Zrotation
		JOINT Shin.L
		{
			OFFSET 0.060954 0.005335 -0.410453
			CHANNELS 3 Xrotation Yrotation Zrotation
			JOINT Foot.L
			{
				OFFSET -0.043090 0.032046 -0.435746
				CHANNELS 3 Xrotation Yrotation Zrotation
				JOINT Toe.L
				{
					OFFSET 0.048895 -0.126928 -0.064047
					CHANNELS 3 Xrotation Yrotation Zrotation
					End Site
					{
						OFFSET 0.000000 0.050000 0.000000
					}
				}
			}
		}
	}
	JOINT Thigh.R
	{
		OFFSET -0.061306 0.021239 -0.108684
		CHANNELS 3 Xrotation Yrotation Zrotation
		JOINT Shin.R
		{
			OFFSET -0.049801 0.013676 -0.391718
			CHANNELS 3 Xrotation Yrotation Zrotation
			JOINT Foot.R
			{
				OFFSET 0.014442 0.020033 -0.444695
				CHANNELS 3 Xrotation Yrotation Zrotation
				JOINT Toe.R
				{
					OFFSET -0.040059 -0.127754 -0.063925
					CHANNELS 3 Xrotation Yrotation Zrotation
					End Site
					{
						OFFSET 0.000000 0.050000 0.000000
					}
				}
			}
		}
	}
	JOINT Spine
	{
		OFFSET -0.002911 0.028209 0.115420
		CHANNELS 3 Xrotation Yrotation Zrotation
		JOINT Spine.2
		{
			OFFSET 0.009557 0.007067 0.143746
			CHANNELS 3 Xrotation Yrotation Zrotation
			JOINT Chest
			{
				OFFSET -0.010993 -0.023917 0.057263
				CHANNELS 3 Xrotation Yrotation Zrotation
				JOINT Neck
				{
					OFFSET -0.012434 0.026038 0.171901
					CHANNELS 3 Xrotation Yrotation Zrotation
					JOINT Head
					{
						OFFSET 0.025760 -0.021164 0.171374
						CHANNELS 3 Xrotation Yrotation Zrotation
						End Site
						{
							OFFSET 0.000000 0.050000 0.000000
						}
					}
				}
				JOINT Clavicle.L
				{
					OFFSET 0.047571 0.004466 0.088509
					CHANNELS 3 Xrotation Yrotation Zrotation
					JOINT UpperArm.L
					{
						OFFSET 0.127810 0.014539 0.058761
						CHANNELS 3 Xrotation Yrotation Zrotation
						JOINT ForeArm.L
						{
							OFFSET 0.268426 0.043747 -0.075798
							CHANNELS 3 Xrotation Yrotation Zrotation
							JOINT Hand.L
							{
								OFFSET 0.272780 0.000365 0.022790
								CHANNELS 3 Xrotation Yrotation Zrotation
								JOINT Thumb1.L
								{
									OFFSET 0.154583 0.000160 0.009991
									CHANNELS 3 Xrotation Yrotation Zrotation
									JOINT Thumb2.L
									{
										OFFSET 0.029896 0.000040 0.002498
										CHANNELS 3 Xrotation Yrotation Zrotation
										End Site
										{
											OFFSET 0.024913 0.000033 0.002081
										}
									}
								}
								JOINT Index1.L
								{
									OFFSET 0.137583 0.000160 0.009991
									CHANNELS 3 Xrotation Yrotation Zrotation
									JOINT Index2.L
									{
										OFFSET 0.029896 0.000040 0.002498
										CHANNELS 3 Xrotation Yrotation Zrotation
										JOINT Index3.L
										{
											OFFSET 0.021924 0.000029 0.001832
											CHANNELS 3 Xrotation Yrotation Zrotation
											End Site
											{
												OFFSET 0.017937 0.000024 0.001499
											}
										}
									}
								}
								JOINT Middle1.L
								{
									OFFSET 0.119583 0.000160 0.009991
									CHANNELS 3 Xrotation Yrotation Zrotation
									JOINT Middle2.L
									{
										OFFSET 0.030892 0.000041 0.002581
										CHANNELS 3 Xrotation Yrotation Zrotation
										JOINT Middle3.L
										{
											OFFSET 0.021924 0.000029 0.001832
											CHANNELS 3 Xrotation Yrotation Zrotation
											End Site
											{
												OFFSET 0.017937 0.000024 0.001499
											}
										}
									}
								}
								JOINT Ring1.L
								{
									OFFSET 0.101583 0.000160 0.009991
									CHANNELS 3 Xrotation Yrotation Zrotation
									JOINT Ring2.L
									{
										OFFSET 0.028899 0.000039 0.002414
										CHANNELS 3 Xrotation Yrotation Zrotation
										JOINT Ring3.L
										{
											OFFSET 0.019931 0.000027 0.001665
											CHANNELS 3 Xrotation Yrotation Zrotation
											End Site
											{
												OFFSET 0.016941 0.000023 0.001415
											}
										}
									}
								}
								JOINT Pinky1.L
								{
									OFFSET 0.085583 0.000160 0.009991
									CHANNELS 3 Xrotation Yrotation Zrotation
									JOINT Pinky2.L
									{
										OFFSET 0.023917 0.000032 0.001998
										CHANNELS 3 Xrotation Yrotation Zrotation
										JOINT Pinky3.L
										{
											OFFSET 0.016941 0.000023 0.001415
											CHANNELS 3 Xrotation Yrotation Zrotation
											End Site
											{
												OFFSET 0.013951 0.000019 0.001166
											}
										}
									}
								}
							}
						}
					}
				}
				JOINT Clavicle.R
				{
					OFFSET -0.048830 0.010680 0.087606
					CHANNELS 3 Xrotation Yrotation Zrotation
					JOINT UpperArm.R
					{
						OFFSET -0.110879 0.010934 0.054821
						CHANNELS 3 Xrotation Yrotation Zrotation
						JOINT ForeArm.R
						{
							OFFSET -0.286729 0.028180 -0.039371
							CHANNELS 3 Xrotation Yrotation Zrotation
							JOINT Hand.R
							{
								OFFSET -0.269133 0.013990 -0.005534
								CHANNELS 3 Xrotation Yrotation Zrotation
								JOINT Thumb1.R
								{
									OFFSET -0.154813 0.006228 -0.002464
									CHANNELS 3 Xrotation Yrotation Zrotation
									JOINT Thumb2.R
									{
										OFFSET -0.029953 0.001557 -0.000616
										CHANNELS 3 Xrotation Yrotation Zrotation
										End Site
										{
											OFFSET -0.024961 0.001297 -0.000513
										}
									}
								}
								JOINT Index1.R
								{
									OFFSET -0.137813 0.006228 -0.002464
									CHANNELS 3 Xrotation Yrotation Zrotation
									JOINT Index2.R
									{
										OFFSET -0.029953 0.001557 -0.000616
										CHANNELS 3 Xrotation Yrotation Zrotation
										JOINT Index3.R
										{
											OFFSET -0.021966 0.001142 -0.000452
											CHANNELS 3 Xrotation Yrotation Zrotation
											End Site
											{
												OFFSET -0.017972 0.000934 -0.000370
											}
										}
									}
								}
								JOINT Middle1.R
								{
									OFFSET -0.119813 0.006228 -0.002464
									CHANNELS 3 Xrotation Yrotation Zrotation
									JOINT Middle2.R
									{
										OFFSET -0.030952 0.001609 -0.000636
										CHANNELS 3 Xrotation Yrotation Zrotation
										JOINT Middle3.R
										{
											OFFSET -0.021966 0.001142 -0.000452
											CHANNELS 3 Xrotation Yrotation Zrotation
											End Site
											{
												OFFSET -0.017972 0.000934 -0.000370
											}
										}
									}
								}
								JOINT Ring1.R
								{
									OFFSET -0.101813 0.006228 -0.002464
									CHANNELS 3 Xrotation Yrotation Zrotation
									JOINT Ring2.R
									{
										OFFSET -0.028955 0.001505 -0.000595
										CHANNELS 3 Xrotation Yrotation Zrotation
										JOINT Ring3.R
										{
											OFFSET -0.019969 0.001038 -0.000411
											CHANNELS 3 Xrotation Yrotation Zrotation
											End Site
											{
												OFFSET -0.016974 0.000882 -0.000349
											}
										}
									}
								}
								JOINT Pinky1.R
								{
									OFFSET -0.085813 0.006228 -0.002464
									CHANNELS 3 Xrotation Yrotation Zrotation
									JOINT Pinky2.R
									{
										OFFSET -0.023963 0.001246 -0.000493
										CHANNELS 3 Xrotation Yrotation Zrotation
										JOINT Pinky3.R
										{
											OFFSET -0.016974 0.000882 -0.000349
											CHANNELS 3 Xrotation Yrotation Zrotation
											End Site
											{
												OFFSET -0.013978 0.000727 -0.000287
											}
										}
									}
								}
							}
						}
					}
				}
			}
		}
	}
}
MOTION
Frames: 289
Frame Time: 0.04166667
0.009374 -0.063828 1.635233 -8.056550 -1.006120 0.248500 6.970583 -2.361033 2.706779 3.620107 1.797943 -7.746796 -8.222455 -2.957012 10.302524 -0.540867 -1.788106 -1.085740 2.879801 5.038456 -4.014550 12.696194 0.658491 3.309850 -8.496815 -2.814842 -7.957402 -0.475418 -1.702150 0.632923 6.529101 0.756530 2.194600 -4.187050 1.251638 -1.420963 5.874991 -0.419039 -0.180372 4.246607 2.154404 2.110059 6.225196 -0.799499 1.533641 0.141407 20.816032 -3.301723 22.623530 46.313397 -23.591860 15.236621 -1.357239 -23.860216 -4.153205 -9.243003 -7.708129 0.000000 0.000000 0.000000 0.000000 0.000000 0.000000 0.000000 0.000000 0.000000 0.000000 0.000000 0.000000 0.000000 0.000000 0.000000 0.000000 0.000000 0.000000 0.000000 0.000000 0.000000 0.000000 0.000000 0.000000 0.000000 0.000000 0.000000 0.000000 0.000000 0.000000 0.000000 0.000000 0.000000 0.000000 0.000000 0.000000 0.000000 0.000000 0.000000 0.000000 0.000000 0.000000 1.115937 -20.419485 8.491667 27.998737 -47.849955 26.581917 9.377777 3.716392 28.690937 0.752132 6.104472 4.585241 0.000000 0.000000 0.000000 0.000000 0.000000 0.000000 0.000000 0.000000 0.000000 0.000000 0.000000 0.000000 0.000000 0.000000 0.000000 0.000000 0.000000 0.000000 0.000000 0.000000 0.000000 0.000000 0.000000 0.000000 0.000000 0.000000 0.000000 0.000000 0.000000 0.000000 0.000000 0.000000 0.000000 0.000000 0.000000 0.000000 0.000000 0.000000 0.000000 0.000000 0.000000 0.000000
0.008844 -0.062642 1.635191 -8.011111 -0.976869 0.242952 7.014200 -2.357323 2.711174 3.556343 1.781408 -7.713423 -8.247689 -2.973758 10.297460 -0.549361 -1.806108 -1.091813 2.935228 5.024560 -4.001575 12.609735 0.665777 3.340432 -8.484851 -2.841117 -7.959603 -0.457239 -1.708133 0.643496 6.422580 0.733696 2.208952 -4.175965 1.268274 -1.411566 5.857086 -0.423325 -0.181929 4.281192 2.152309 2.101017 6.192649 -0.781937 1.542813 0.129027 20.797036 -3.238435 22.678352 46.372126 -23.588993 15.318251 -1.331344 -23.822615 -4.104068 -9.179451 -7.688111 0.000000 0.000000 0.000000 0.000000 0.000000 0.000000 0.000000 0.000000 0.000000 0.000000 0.000000 0.000000 0.000000 0.000000 0.000000 0.000000 0.000000 0.000000 0.000000 0.000000 0.000000 0.000000 0.000000 0.000000 0.000000 0.000000 0.000000 0.000000 0.000000 0.000000 0.000000 0.000000 0.000000 0.000000 0.000000 0.000000 0.000000 0.000000 0.000000 0.000000 0.000000 0.000000 1.146753 -20.403199 8.456315 28.035380 -47.852848 26.572289 9.432819 3.675339 28.608830 0.778734 6.106458 4.608753 0.000000 0.000000 0.000000 0.000000 0.000000 0.000000 0.000000 0.000000 0.000000 0.000000 0.000000 0.000000 0.000000 0.000000 0.000000 0.000000 0.000000 0.000000 0.000000 0.000000 0.000000 0.000000 0.000000 0.000000 0.000000 0.000000 0.000000 0.000000 0.000000 0.000000 0.000000 0.000000 0.000000 0.000000 0.000000 0.000000 0.000000 0.000000 0.000000 0.000000 0.000000 0.000000
0.008714 -0.062069 1.635183 -8.007537 -0.973042 0.220123 7.101787 -2.337769 2.707064 3.453537 1.759214 -7.718619 -8.243351 -2.969480 10.318423 -0.551145 -1.834533 -1.101042 3.008167 5.010299 -4.033543 12.519557 0.706906 3.376049 -8.473947 -2.837346 -7.944396 -0.428396 -1.729489 0.649698 6.316556 0.716372 2.232963 -4.121866 1.274678 -1.404562 5.815470 -0.410152 -0.191709 4.296305 2.163185 2.048815 6.198302 -0.738427 1.538462 0.117550 20.786992 -3.152326 22.711448 46.374744 -23.580121 15.312502 -1.264936 -23.839752 -4.092034 -9.150541 -7.667826 0.000000 0.000000 0.000000 0.000000 0.000000 0.000000 0.000000 0.000000 0.000000 0.000000 0.000000 0.000000 0.000000 0.000000 0.000000 0.000000 0.000000 0.000000 0.000000 0.000000 0.000000 0.000000 0.000000 0.000000 0.000000 0.000000 0.000000 0.000000 0.000000 0.000000 0.000000 0.000000 0.000000 0.000000 0.000000 0.000000 0.000000 0.000000 0.000000 0.000000 0.000000 0.000000 1.140410 -20.395459 8.391383 28.097838 -47.858136 26.585636 9.413308 3.611303 28.602788 0.792072 6.186690 4.568213 0.000000 0.000000 0.000000 0.000000 0.000000 0.000000 0.000000 0.000000 0.000000 0.000000 0.000000 0.000000 0.000000 0.000000 0.000000 0.000000 0.000000 0.000000 0.000000 0.000000 0.000000 0.000000 0.000000 0.000000 0.000000 0.000000 0.000000 0.000000 0.000000 0.000000 0.000000 0.000000 0.000000 0.000000 0.000000 0.000000 0.000000 0.000000 0.000000 0.000000 0.000000 0.000000
0.008779 -0.061971 1.635168 -8.013130 -0.976119 0.209128 7.130185 -2.321242 2.691560 3.427949 1.734290 -7.724942 -8.229904 -2.998698 10.328912 -0.558544 -1.841001 -1.104578 3.069456 5.000629 -4.009580 12.432518 0.715554 3.374428 -8.465447 -2.807464 -7.949980 -0.429383 -1.734035 0.651293 6.247215 0.718234 2.246638 -4.088948 1.251748 -1.410834 5.772182 -0.397544 -0.187891 4.241609 2.147541 2.016513 6.215142 -0.720252 1.476755 0.096972 20.783531 -3.099846 22.772624 46.366941 -23.575922 15.331915 -1.252845 -23.884461 -4.101302 -9.117538 -7.688540 0.000000 0.000000 0.000000 0.000000 0.000000 0.000000 0.000000 0.000000 0.000000 0.000000 0.000000 0.000000 0.000000 0.000000 0.000000 0.000000 0.000000 0.000000 0.000000 0.000000 0.000000 0.000000 0.000000 0.000000 0.000000 0.000000 0.000000 0.000000 0.000000 0.000000 0.000000 0.000000 0.000000 0.000000 0.000000 0.000000 0.000000 0.000000 0.000000 0.000000 0.000000 0.000000 1.112276 -20.419963 8.342463 28.159186 -47.854692 26.603712 9.398508 3.611410 28.568127 0.773915 6.242343 4.597838 0.000000 0.000000 0.000000 0.000000 0.000000 0.000000 0.000000 0.000000 0.000000 0.000000 0.000000 0.000000 0.000000 0.000000 0.000000 0.000000 0.000000 0.000000 0.000000 0.000000 0.000000 0.000000 0.000000 0.000000 0.000000 0.000000 0.000000 0.000000 0.000000 0.000000 0.000000 0.000000 0.000000 0.000000 0.000000 0.000000 0.000000 0.000000 0.000000 0.000000 0.000000 0.000000
0.008766 -0.061615 1.635142 -8.020270 -0.977910 0.206114 7.176110 -2.315108 2.684193 3.405543 1.729546 -7.741034 -8.240311 -3.013871 10.336533 -0.561005 -1.850696 -1.110675 3.162288 4.997498 -4.034209 12.323731 0.730146 3.417554 -8.474219 -2.805507 -7.954625 -0.418112 -1.737751 0.655568 6.174135 0.717378 2.261062 -4.077947 1.256852 -1.406396 5.762855 -0.392116 -0.191108 4.246472 2.158402 1.994389 6.221942 -0.693370 1.479729 0.079980 20.763230 -3.023648 22.795552 46.379194 -23.571191 15.338088 -1.210248 -23.902912 -4.097684 -9.126282 -7.692016 0.000000 0.000000 0.000000 0.000000 0.000000 0.000000 0.000000 0.000000 0.000000 0.000000 0.000000 0.000000 0.000000 0.000000 0.000000 0.000000 0.000000 0.000000 0.000000 0.000000 0.000000 0.000000 0.000000 0.000000 0.000000 0.000000 0.000000 0.000000 0.000000 0.000000 0.000000 0.000000 0.000000 0.000000 0.000000 0.000000 0.000000 0.000000 0.000000 0.000000 0.000000 0.000000 1.094669 -20.397353 8.272261 28.228550 -47.892447 26.642283 9.372912 3.577398 28.546483 0.791211 6.279491 4.588317 0.000000 0.000000 0.000000 0.000000 0.000000 0.000000 0.000000 0.000000 0.000000 0.000000 0.000000 0.000000 0.000000 0.000000 0.000000 0.000000 0.000000 0.000000 0.000000 0.000000 0.000000 0.000000 0.000000 0.000000 0.000000 0.000000 0.000000 0.000000 0.000000 0.000000 0.000000 0.000000 0.000000 0.000000 0.000000 0.000000 0.000000 0.000000 0.000000 0.000000 0.000000 0.000000
0.008550 -0.062053 1.635138 -8.054702 -0.968438 0.197006 7.178253 -2.310558 2.690495 3.447834 1.720677 -7.759182 -8.268672 -3.032583 10.347768 -0.559369 -1.843429 -1.110187 3.174100 4.993585 -4.020027 12.342971 0.734866 3.386686 -8.479621 -2.815445 -7.950201 -0.429449 -1.735341 0.652495 6.200731 0.714270 2.262621 -4.047196 1.234780 -1.411638 5.730918 -0.388940 -0.200011 4.203252 2.159457 2.011464 6.242493 -0.644483 1.478660 0.040072 20.761822 -2.972523 22.864811 46.382967 -23.621524 15.406315 -1.250053 -23.949278 -4.038569 -9.119982 -7.706831 0.000000 0.000000 0.000000 0.000000 0.000000 0.000000 0.000000 0.000000 0.000000 0.000000 0.000000 0.000000 0.000000 0.000000 0.000000 0.000000 0.000000 0.000000 0.000000 0.000000 0.000000 0.000000 0.000000 0.000000 0.000000 0.000000 0.000000 0.000000 0.000000 0.000000 0.000000 0.000000 0.000000 0.000000 0.000000 0.000000 0.000000 0.000000 0.000000 0.000000 0.000000 0.000000 1.042073 -20.432175 8.215596 28.217418 -47.844069 26.645860 9.386151 3.588383 28.524817 0.783560 6.344410 4.608585 0.000000 0.000000 0.000000 0.000000 0.000000 0.000000 0.000000 0.000000 0.000000 0.000000 0.000000 0.000000 0.000000 0.000000 0.000000 0.000000 0.000000 0.000000 0.000000 0.000000 0.000000 0.000000 0.000000 0.000000 0.000000 0.000000 0.000000 0.000000 0.000000 0.000000 0.000000 0.000000 0.000000 0.000000 0.000000 0.000000 0.000000 0.000000 0.000000 0.000000 0.000000 0.000000
0.008580 -0.062174 1.635116 -8.071437 -0.972979 0.193025 7.173660 -2.306280 2.679150 3.491809 1.720531 -7.782668 -8.287478 -3.052706 10.360981 -0.558113 -1.838359 -1.113432 3.201228 4.994500 -4.016984 12.325875 0.741074 3.389168 -8.493180 -2.806072 -7.953178 -0.432148 -1.740207 0.650346 6.202380 0.719583 2.266663 -4.029107 1.221095 -1.412597 5.717425 -0.386880 -0.202669 4.219822 2.171741 2.009800 6.228324 -0.627083 1.483827 0.026687 20.773827 -2.950852 22.885867 46.372882 -23.626604 15.422386 -1.269048 -23.974107 -3.982418 -9.141030 -7.714977 0.000000 0.000000 0.000000 0.000000 0.000000 0.000000 0.000000 0.000000 0.000000 0.000000 0.000000 0.000000 0.000000 0.000000 0.000000 0.000000 0.000000 0.000000 0.000000 0.000000 0.000000 0.000000 0.000000 0.000000 0.000000 0.000000 0.000000 0.000000 0.000000 0.000000 0.000000 0.000000 0.000000 0.000000 0.000000 0.000000 0.000000 0.000000 0.000000 0.000000 0.000000 0.000000 1.022411 -20.455506 8.190879 28.219576 -47.830835 26.643041 9.380361 3.608915 28.519024 0.814121 6.384104 4.620076 0.000000 0.000000 0.000000 0.000000 0.000000 0.000000 0.000000 0.000000 0.000000 0.000000 0.000000 0.000000 0.000000 0.000000 0.000000 0.000000 0.000000 0.000000 0.000000 0.000000 0.000000 0.000000 0.000000 0.000000 0.000000 0.000000 0.000000 0.000000 0.000000 0.000000 0.000000 0.000000 0.000000 0.000000 0.000000 0.000000 0.000000 0.000000 0.000000 0.000000 0.000000 0.000000
0.008431 -0.062368 1.635099 -8.090090 -0.966428 0.175215 7.169712 -2.305746 2.669422 3.535037 1.723266 -7.804993 -8.305651 -3.083852 10.381840 -0.556713 -1.844012 -1.116778 3.213638 4.994613 -4.019928 12.325091 0.747068 3.395339 -8.499978 -2.812925 -7.946860 -0.429263 -1.738416 0.653648 6.194602 0.720341 2.273845 -3.996654 1.206050 -1.413770 5.693112 -0.383642 -0.210854 4.233725 2.188157 2.003244 6.212028 -0.602024 1.468061 0.022435 20.777521 -2.943273 22.898434 46.382436 -23.649560 15.436225 -1.270426 -23.952574 -3.979733 -9.137451 -7.713822 0.000000 0.000000 0.000000 0.000000 0.000000 0.000000 0.000000 0.000000 0.000000 0.000000 0.000000 0.000000 0.000000 0.000000 0.000000 0.000000 0.000000 0.000000 0.000000 0.000000 0.000000 0.000000 0.000000 0.000000 0.000000 0.000000 0.000000 0.000000 0.000000 0.000000 0.000000 0.000000 0.000000 0.000000 0.000000 0.000000 0.000000 0.000000 0.000000 0.000000 0.000000 0.000000 1.017077 -20.463430 8.183548 28.214923 -47.816344 26.652415 9.386828 3.628152 28.496648 0.811067 6.408396 4.617156 0.000000 0.000000 0.000000 0.000000 0.000000 0.000000 0.000000 0.000000 0.000000 0.000000 0.000000 0.000000 0.000000 0.000000 0.000000 0.000000 0.000000 0.000000 0.000000 0.000000 0.000000 0.000000 0.000000 0.000000 0.000000 0.000000 0.000000 0.000000 0.000000 0.000000 0.000000 0.000000 0.000000 0.000000 0.000000 0.000000 0.000000 0.000000 0.000000 0.000000 0.000000 0.000000
0.008334 -0.062681 1.635093 -8.110761 -0.960846 0.170630 7.174827 -2.302748 2.668721 3.548927 1.714533 -7.799508 -8.320080 -3.096393 10.376756 -0.553690 -1.842989 -1.120484 3.221991 4.988274 -4.019345 12.326084 0.753844 3.376861 -8.495978 -2.808895 -7.938385 -0.427203 -1.736580 0.654731 6.205462 0.719860 2.277858 -3.950767 1.183896 -1.422390 5.664729 -0.384808 -0.218000 4.257718 2.205578 2.003633 6.214734 -0.577204 1.467270 0.026584 20.786748 -2.966516 22.914220 46.385337 -23.680665 15.416256 -1.270843 -23.937610 -3.990932 -9.118116 -7.729658 0.000000 0.000000 0.000000 0.000000 0.000000 0.000000 0.000000 0.000000 0.000000 0.000000 0.000000 0.000000 0.000000 0.000000 0.000000 0.000000 0.000000 0.000000 0.000000 0.000000 0.000000 0.000000 0.000000 0.000000 0.000000 0.000000 0.000000 0.000000 0.000000 0.000000 0.000000 0.000000 0.000000 0.000000 0.000000 0.000000 0.000000 0.000000 0.000000 0.000000 0.000000 0.000000 1.013217 -20.465477 8.193343 28.218895 -47.788135 26.670164 9.397318 3.660365 28.493293 0.814140 6.439614 4.620598 0.000000 0.000000 0.000000 0.000000 0.000000 0.000000 0.000000 0.000000 0.000000 0.000000 0.000000 0.000000 0.000000 0.000000 0.000000 0.000000 0.000000 0.000000 0.000000 0.000000 0.000000 0.000000 0.000000 0.000000 0.000000 0.000000 0.000000 0.000000 0.000000 0.000000 0.000000 0.000000 0.000000 0.000000 0.000000 0.000000 0.000000 0.000000 0.000000 0.000000 0.000000 0.000000
0.008380 -0.063088 1.635108 -8.142307 -0.967415 0.180858 7.187477 -2.304319 2.680732 3.563421 1.725523 -7.772826 -8.327861 -3.088139 10.348048 -0.547134 -1.843142 -1.123734 3.231303 4.992700 -4.018730 12.352470 0.754440 3.343786 -8.502060 -2.805689 -7.929444 -0.420655 -1.742054 0.653333 6.222161 0.718687 2.277450 -3.922126 1.172483 -1.422856 5.652180 -0.382205 -0.222164 4.310924 2.230418 1.998124 6.217372 -0.552788 1.454922 0.032007 20.786213 -2.987964 22.922995 46.377218 -23.706075 15.446393 -1.287692 -23.943641 -3.967689 -9.094167 -7.766062 0.000000 0.000000 0.000000 0.000000 0.000000 0.000000 0.000000 0.000000 0.000000 0.000000 0.000000 0.000000 0.000000 0.000000 0.000000 0.000000 0.000000 0.000000 0.000000 0.000000 0.000000 0.000000 0.000000 0.000000 0.000000 0.000000 0.000000 0.000000 0.000000 0.000000 0.000000 0.000000 0.000000 0.000000 0.000000 0.000000 0.000000 0.000000 0.000000 0.000000 0.000000 0.000000 1.007576 -20.472375 8.198433 28.202814 -47.789227 26.652618 9.396258 3.708813 28.519725 0.814236 6.470936 4.651157 0.000000 0.000000 0.000000 0.000000 0.000000 0.000000 0.000000 0.000000 0.000000 0.000000 0.000000 0.000000 0.000000 0.000000 0.000000 0.000000 0.000000 0.000000 0.000000 0.000000 0.000000 0.000000 0.000000 0.000000 0.000000 0.000000 0.000000 0.000000 0.000000 0.000000 0.000000 0.000000 0.000000 0.000000 0.000000 0.000000 0.000000 0.000000 0.000000 0.000000 0.000000 0.000000
0.008287 -0.063371 1.635118 -8.166940 -0.965538 0.187429 7.190299 -2.303408 2.681005 3.593041 1.726897 -7.776204 -8.343224 -3.095484 10.346517 -0.544409 -1.845437 -1.124873 3.233626 4.997391 -4.026289 12.383875 0.755250 3.344592 -8.502449 -2.813649 -7.926922 -0.414489 -1.740760 0.655402 6.224359 0.717874 2.276950 -3.898430 1.163995 -1.423988 5.637573 -0.380524 -0.228388 4.368203 2.254918 1.989140 6.233801 -0.529113 1.443647 0.036493 20.775723 -2.998763 22.936333 46.386612 -23.742188 15.452183 -1.277277 -23.926150 -3.992827 -9.109802 -7.771339 0.000000 0.000000 0.000000 0.000000 0.000000 0.000000 0.000000 0.000000 0.000000 0.000000 0.000000 0.000000 0.000000 0.000000 0.000000 0.000000 0.000000 0.000000 0.000000 0.000000 0.000000 0.000000 0.000000 0.000000 0.000000 0.000000 0.000000 0.000000 0.000000 0.000000 0.000000 0.000000 0.000000 0.000000 0.000000 0.000000 0.000000 0.000000 0.000000 0.000000 0.000000 0.000000 1.013108 -20.454674 8.201800 28.214949 -47.781478 26.677522 9.396754 3.712759 28.518351 0.789059 6.520404 4.657116 0.000000 0.000000 0.000000 0.000000 0.000000 0.000000 0.000000 0.000000 0.000000 0.000000 0.000000 0.000000 0.000000 0.000000 0.000000 0.000000 0.000000 0.000000 0.000000 0.000000 0.000000 0.000000 0.000000 0.000000 0.000000 0.000000 0.000000 0.000000 0.000000 0.000000 0.000000 0.000000 0.000000 0.000000 0.000000 0.000000 0.000000 0.000000 0.000000 0.000000 0.000000 0.000000
0.008026 -0.063520 1.635096 -8.158216 -0.956170 0.216128 7.168077 -2.302837 2.673208 3.585022 1.726152 -7.774779 -8.348369 -3.106537 10.342627 -0.543929 -1.845797 -1.127198 3.209796 5.003442 -4.017149 12.394817 0.741080 3.334773 -8.480423 -2.817863 -7.932963 -0.412804 -1.744850 0.653719 6.217324 0.716355 2.273811 -3.872469 1.153189 -1.424761 5.621117 -0.371589 -0.233130 4.427268 2.266011 1.984967 6.283871 -0.500933 1.418382 0.039278 20.774643 -3.013836 22.965261 46.385882 -23.796042 15.469577 -1.290586 -23.929559 -3.997636 -9.102688 -7.796320 0.000000 0.000000 0.000000 0.000000 0.000000 0.000000 0.000000 0.000000 0.000000 0.000000 0.000000 0.000000 0.000000 0.000000 0.000000 0.000000 0.000000 0.000000 0.000000 0.000000 0.000000 0.000000 0.000000 0.000000 0.000000 0.000000 0.000000 0.000000 0.000000 0.000000 0.000000 0.000000 0.000000 0.000000 0.000000 0.000000 0.000000 0.000000 0.000000 0.000000 0.000000 0.000000 1.014492 -20.442582 8.196987 28.235350 -47.773805 26.699134 9.396317 3.753173 28.519687 0.787298 6.547405 4.678458 0.000000 0.000000 0.000000 0.000000 0.000000 0.000000 0.000000 0.000000 0.000000 0.000000 0.000000 0.000000 0.000000 0.000000 0.000000 0.000000 0.000000 0.000000 0.000000 0.000000 0.000000 0.000000 0.000000 0.000000 0.000000 0.000000 0.000000 0.000000 0.000000 0.000000 0.000000 0.000000 0.000000 0.000000 0.000000 0.000000 0.000000 0.000000 0.000000 0.000000 0.000000 0.000000
0.007891 -0.063871 1.635096 -8.164851 -0.956763 0.213370 7.127458 -2.285587 2.660290 3.639135 1.713958 -7.775178 -8.363575 -3.119956 10.356569 -0.547719 -1.851077 -1.133728 3.170367 5.009759 -3.990567 12.442131 0.748094 3.339490 -8.466271 -2.814476 -7.942797 -0.414254 -1.746968 0.656244 6.234493 0.711633 2.265689 -3.856202 1.146379 -1.430374 5.612305 -0.367645 -0.235899 4.458082 2.277554 2.003493 6.330674 -0.469442 1.427455 0.030797 20.781686 -3.020377 22.979840 46.383302 -23.823814 15.482221 -1.306307 -23.937261 -3.994066 -9.102550 -7.807147 0.000000 0.000000 0.000000 0.000000 0.000000 0.000000 0.000000 0.000000 0.000000 0.000000 0.000000 0.000000 0.000000 0.000000 0.000000 0.000000 0.000000 0.000000 0.000000 0.000000 0.000000 0.000000 0.000000 0.000000 0.000000 0.000000 0.000000 0.000000 0.000000 0.000000 0.000000 0.000000 0.000000 0.000000 0.000000 0.000000 0.000000 0.000000 0.000000 0.000000 0.000000 0.000000 1.006698 -20.451716 8.197436 28.231818 -47.729598 26.713586 9.396521 3.765881 28.540369 0.767731 6.588703 4.700950 0.000000 0.000000 0.000000 0.000000 0.000000 0.000000 0.000000 0.000000 0.000000 0.000000 0.000000 0.000000 0.000000 0.000000 0.000000 0.000000 0.000000 0.000000 0.000000 0.000000 0.000000 0.000000 0.000000 0.000000 0.000000 0.000000 0.000000 0.000000 0.000000 0.000000 0.000000 0.000000 0.000000 0.000000 0.000000 0.000000 0.000000 0.000000 0.000000 0.000000 0.000000 0.000000
0.007865 -0.064046 1.635115 -8.185290 -0.957940 0.214459 7.131584 -2.278597 2.652819 3.669489 1.707323 -7.769446 -8.374687 -3.128937 10.357590 -0.543846 -1.853347 -1.132849 3.183743 5.010118 -3.999887 12.452023 0.757029 3.342186 -8.461638 -2.813463 -7.936090 -0.408807 -1.746568 0.657997 6.232768 0.711052 2.266269 -3.819241 1.137640 -1.433260 5.587406 -0.360511 -0.239579 4.554723 2.294413 1.987244 6.353696 -0.451621 1.415775 0.047538 20.763229 -3.036055 23.004971 46.393720 -23.867834 15.470575 -1.301229 -23.914770 -4.001821 -9.130044 -7.817420 0.000000 0.000000 0.000000 0.000000 0.000000 0.000000 0.000000 0.000000 0.000000 0.000000 0.000000 0.000000 0.000000 0.000000 0.000000 0.000000 0.000000 0.000000 0.000000 0.000000 0.000000 0.000000 0.000000 0.000000 0.000000 0.000000 0.000000 0.000000 0.000000 0.000000 0.000000 0.000000 0.000000 0.000000 0.000000 0.000000 0.000000 0.000000 0.000000 0.000000 0.000000 0.000000 1.031136 -20.440542 8.221534 28.242459 -47.727705 26.746285 9.376288 3.768355 28.516517 0.767299 6.661901 4.709280 0.000000 0.000000 0.000000 0.000000 0.000000 0.000000 0.000000 0.000000 0.000000 0.000000 0.000000 0.000000 0.000000 0.000000 0.000000 0.000000 0.000000 0.000000 0.000000 0.000000 0.000000 0.000000 0.000000 0.000000 0.000000 0.000000 0.000000 0.000000 0.000000 0.000000 0.000000 0.000000 0.000000 0.000000 0.000000 0.000000 0.000000 0.000000 0.000000 0.000000 0.000000 0.000000
0.007777 -0.064157 1.635100 -8.173346 -0.953606 0.239251 7.071077 -2.280244 2.644030 3.731427 1.701196 -7.757064 -8.392265 -3.131435 10.345533 -0.543002 -1.851854 -1.136128 3.155625 5.005881 -3.985039 12.463373 0.753802 3.329861 -8.443773 -2.815710 -7.950703 -0.408127 -1.746499 0.659510 6.247956 0.705121 2.261260 -3.813740 1.131143 -1.428930 5.596274 -0.366432 -0.241781 4.581862 2.302644 1.989078 6.386260 -0.427017 1.396088 0.041836 20.772869 -3.043788 23.012466 46.392422 -23.895894 15.478771 -1.327907 -23.939414 -3.982047 -9.143725 -7.828611 0.000000 0.000000 0.000000 0.000000 0.000000 0.000000 0.000000 0.000000 0.000000 0.000000 0.000000 0.000000 0.000000 0.000000 0.000000 0.000000 0.000000 0.000000 0.000000 0.000000 0.000000 0.000000 0.000000 0.000000 0.000000 0.000000 0.000000 0.000000 0.000000 0.000000 0.000000 0.000000 0.000000 0.000000 0.000000 0.000000 0.000000 0.000000 0.000000 0.000000 0.000000 0.000000 1.030109 -20.444980 8.225566 28.224095 -47.696793 26.750875 9.389103 3.782266 28.505503 0.768101 6.715612 4.723808 0.000000 0.000000 0.000000 0.000000 0.000000 0.000000 0.000000 0.000000 0.000000 0.000000 0.000000 0.000000 0.000000 0.000000 0.000000 0.000000 0.000000 0.000000 0.000000 0.000000 0.000000 0.000000 0.000000 0.000000 0.000000 0.000000 0.000000 0.000000 0.000000 0.000000 0.000000 0.000000 0.000000 0.000000 0.000000 0.000000 0.000000 0.000000 0.000000 0.000000 0.000000 0.000000
0.007773 -0.064504 1.635121 -8.191936 -0.959338 0.258534 7.056786 -2.273470 2.644253 3.764383 1.698358 -7.751828 -8.396919 -3.132301 10.331170 -0.547420 -1.848401 -1.138425 3.151360 5.014012 -3.973923 12.488825 0.749971 3.324929 -8.433728 -2.812453 -7.960877 -0.414094 -1.747933 0.660769 6.282534 0.703318 2.256133 -3.804941 1.128732 -1.424438 5.596664 -0.364306 -0.237173 4.600460 2.307845 2.005258 6.418595 -0.415170 1.417297 0.033902 20.773622 -3.046953 23.019339 46.382272 -23.905051 15.474935 -1.347743 -24.008227 -3.986347 -9.161274 -7.852209 0.000000 0.000000 0.000000 0.000000 0.000000 0.000000 0.000000 0.000000 0.000000 0.000000 0.000000 0.000000 0.000000 0.000000 0.000000 0.000000 0.000000 0.000000 0.000000 0.000000 0.000000 0.000000 0.000000 0.000000 0.000000 0.000000 0.000000 0.000000 0.000000 0.000000 0.000000 0.000000 0.000000 0.000000 0.000000 0.000000 0.000000 0.000000 0.000000 0.000000 0.000000 0.000000 1.031551 -20.449907 8.229993 28.223677 -47.665509 26.763190 9.390546 3.793911 28.517762 0.791312 6.748381 4.738195 0.000000 0.000000 0.000000 0.000000 0.000000 0.000000 0.000000 0.000000 0.000000 0.000000 0.000000 0.000000 0.000000 0.000000 0.000000 0.000000 0.000000 0.000000 0.000000 0.000000 0.000000 0.000000 0.000000 0.000000 0.000000 0.000000 0.000000 0.000000 0.000000 0.000000 0.000000 0.000000 0.000000 0.000000 0.000000 0.000000 0.000000 0.000000 0.000000 0.000000 0.000000 0.000000
0.007833 -0.064856 1.635150 -8.215324 -0.970329 0.267556 7.043036 -2.258752 2.638933 3.811251 1.690555 -7.755456 -8.400124 -3.138564 10.329795 -0.547523 -1.853809 -1.142003 3.150658 5.024619 -3.974291 12.514272 0.755071 3.331987 -8.426038 -2.811701 -7.968215 -0.413312 -1.746177 0.665330 6.298030 0.705920 2.258238 -3.801951 1.130040 -1.422014 5.598870 -0.363929 -0.231983 4.634554 2.328079 1.999237 6.440543 -0.391080 1.419684 0.027575 20.753308 -3.043508 23.027307 46.390257 -23.924926 15.470547 -1.345912 -24.048021 -3.997634 -9.190612 -7.867313 0.000000 0.000000 0.000000 0.000000 0.000000 0.000000 0.000000 0.000000 0.000000 0.000000 0.000000 0.000000 0.000000 0.000000 0.000000 0.000000 0.000000 0.000000 0.000000 0.000000 0.000000 0.000000 0.000000 0.000000 0.000000 0.000000 0.000000 0.000000 0.000000 0.000000 0.000000 0.000000 0.000000 0.000000 0.000000 0.000000 0.000000 0.000000 0.000000 0.000000 0.000000 0.000000 1.030031 -20.430550 8.232210 28.227197 -47.664511 26.781377 9.384389 3.780815 28.521915 0.799137 6.790862 4.744936 0.000000 0.000000 0.000000 0.000000 0.000000 0.000000 0.000000 0.000000 0.000000 0.000000 0.000000 0.000000 0.000000 0.000000 0.000000 0.000000 0.000000 0.000000 0.000000 0.000000 0.000000 0.000000 0.000000 0.000000 0.000000 0.000000 0.000000 0.000000 0.000000 0.000000 0.000000 0.000000 0.000000 0.000000 0.000000 0.000000 0.000000 0.000000 0.000000 0.000000 0.000000 0.000000
0.008046 -0.065227 1.635167 -8.227264 -0.986327 0.288583 7.005753 -2.250058 2.630674 3.865706 1.686416 -7.747578 -8.403492 -3.130579 10.319968 -0.539810 -1.839218 -1.137565 3.132625 5.038534 -3.951988 12.548622 0.738740 3.295044 -8.431526 -2.805654 -7.968511 -0.422057 -1.745379 0.666266 6.323813 0.706402 2.253533 -3.779425 1.125863 -1.412451 5.592224 -0.361026 -0.217393 4.694798 2.325296 2.023385 6.436959 -0.375537 1.426222 0.004550 20.756302 -3.047274 23.043704 46.369860 -23.923759 15.521409 -1.410541 -24.131161 -3.880468 -9.205898 -7.890513 0.000000 0.000000 0.000000 0.000000 0.000000 0.000000 0.000000 0.000000 0.000000 0.000000 0.000000 0.000000 0.000000 0.000000 0.000000 0.000000 0.000000 0.000000 0.000000 0.000000 0.000000 0.000000 0.000000 0.000000 0.000000 0.000000 0.000000 0.000000 0.000000 0.000000 0.000000 0.000000 0.000000 0.000000 0.000000 0.000000 0.000000 0.000000 0.000000 0.000000 0.000000 0.000000 1.049212 -20.464416 8.253546 28.184854 -47.624177 26.775401 9.382212 3.789790 28.508515 0.892425 6.817592 4.774784 0.000000 0.000000 0.000000 0.000000 0.000000 0.000000 0.000000 0.000000 0.000000 0.000000 0.000000 0.000000 0.000000 0.000000 0.000000 0.000000 0.000000 0.000000 0.000000 0.000000 0.000000 0.000000 0.000000 0.000000 0.000000 0.000000 0.000000 0.000000 0.000000 0.000000 0.000000 0.000000 0.000000 0.000000 0.000000 0.000000 0.000000 0.000000 0.000000 0.000000 0.000000 0.000000
0.007989 -0.065512 1.635162 -8.221564 -0.988000 0.312984 6.948636 -2.248590 2.616420 3.918376 1.687403 -7.741739 -8.403955 -3.142868 10.304334 -0.538836 -1.841267 -1.142149 3.091620 5.046714 -3.943343 12.580552 0.730753 3.308793 -8.407768 -2.792755 -7.984024 -0.421159 -1.744695 0.669994 6.345372 0.711890 2.257282 -3.770383 1.118567 -1.410527 5.591149 -0.361717 -0.214585 4.691062 2.326074 2.035460 6.417785 -0.361815 1.437675 -0.011132 20.758733 -3.054004 23.043539 46.369353 -23.953820 15.513630 -1.423249 -24.158093 -3.887461 -9.212354 -7.883551 0.000000 0.000000 0.000000 0.000000 0.000000 0.000000 0.000000 0.000000 0.000000 0.000000 0.000000 0.000000 0.000000 0.000000 0.000000 0.000000 0.000000 0.000000 0.000000 0.000000 0.000000 0.000000 0.000000 0.000000 0.000000 0.000000 0.000000 0.000000 0.000000 0.000000 0.000000 0.000000 0.000000 0.000000 0.000000 0.000000 0.000000 0.000000 0.000000 0.000000 0.000000 0.000000 1.048951 -20.474651 8.258811 28.158951 -47.601543 26.787955 9.359533 3.797670 28.470894 0.907993 6.828047 4.763342 0.000000 0.000000 0.000000 0.000000 0.000000 0.000000 0.000000 0.000000 0.000000 0.000000 0.000000 0.000000 0.000000 0.000000 0.000000 0.000000 0.000000 0.000000 0.000000 0.000000 0.000000 0.000000 0.000000 0.000000 0.000000 0.000000 0.000000 0.000000 0.000000 0.000000 0.000000 0.000000 0.000000 0.000000 0.000000 0.000000 0.000000 0.000000 0.000000 0.000000 0.000000 0.000000
0.007973 -0.065782 1.635149 -8.209910 -0.985007 0.323591 6.882029 -2.254683 2.600294 3.977701 1.690032 -7.726796 -8.406246 -3.151123 10.298328 -0.535503 -1.840968 -1.149671 3.033063 5.042672 -3.916116 12.624698 0.724748 3.313117 -8.385305 -2.768651 -8.006133 -0.426318 -1.745384 0.674953 6.396754 0.707315 2.259178 -3.779310 1.106678 -1.405919 5.591490 -0.355822 -0.211297 4.638473 2.326185 2.049587 6.380151 -0.335221 1.440436 -0.029071 20.766722 -3.046315 23.037596 46.362451 -23.976685 15.506328 -1.449143 -24.193844 -3.852042 -9.204488 -7.881541 0.000000 0.000000 0.000000 0.000000 0.000000 0.000000 0.000000 0.000000 0.000000 0.000000 0.000000 0.000000 0.000000 0.000000 0.000000 0.000000 0.000000 0.000000 0.000000 0.000000 0.000000 0.000000 0.000000 0.000000 0.000000 0.000000 0.000000 0.000000 0.000000 0.000000 0.000000 0.000000 0.000000 0.000000 0.000000 0.000000 0.000000 0.000000 0.000000 0.000000 0.000000 0.000000 1.037478 -20.502232 8.247596 28.145612 -47.562050 26.802548 9.364072 3.831732 28.468624 0.972394 6.837490 4.753248 0.000000 0.000000 0.000000 0.000000 0.000000 0.000000 0.000000 0.000000 0.000000 0.000000 0.000000 0.000000 0.000000 0.000000 0.000000 0.000000 0.000000 0.000000 0.000000 0.000000 0.000000 0.000000 0.000000 0.000000 0.000000 0.000000 0.000000 0.000000 0.000000 0.000000 0.000000 0.000000 0.000000 0.000000 0.000000 0.000000 0.000000 0.000000 0.000000 0.000000 0.000000 0.000000
0.008014 -0.066240 1.635156 -8.212926 -0.994970 0.347216 6.828529 -2.249370 2.582979 4.027173 1.696329 -7.702117 -8.398232 -3.154756 10.275598 -0.534740 -1.836081 -1.152870 2.994553 5.054724 -3.917539 12.652751 0.721795 3.315737 -8.360480 -2.759768 -8.017967 -0.427744 -1.743036 0.678314 6.421124 0.712782 2.260115 -3.766112 1.099053 -1.407319 5.580794 -0.353337 -0.211685 4.622613 2.332721 2.056047 6.351985 -0.330658 1.459477 -0.039491 20.774043 -3.062803 23.034769 46.356983 -24.002702 15.448145 -1.451215 -24.217437 -3.842967 -9.213866 -7.897556 0.000000 0.000000 0.000000 0.000000 0.000000 0.000000 0.000000 0.000000 0.000000 0.000000 0.000000 0.000000 0.000000 0.000000 0.000000 0.000000 0.000000 0.000000 0.000000 0.000000 0.000000 0.000000 0.000000 0.000000 0.000000 0.000000 0.000000 0.000000 0.000000 0.000000 0.000000 0.000000 0.000000 0.000000 0.000000 0.000000 0.000000 0.000000 0.000000 0.000000 0.000000 0.000000 1.035172 -20.505061 8.264526 28.129725 -47.546281 26.813411 9.343450 3.846355 28.459013 1.026733 6.854153 4.743900 0.000000 0.000000 0.000000 0.000000 0.000000 0.000000 0.000000 0.000000 0.000000 0.000000 0.000000 0.000000 0.000000 0.000000 0.000000 0.000000 0.000000 0.000000 0.000000 0.000000 0.000000 0.000000 0.000000 0.000000 0.000000 0.000000 0.000000 0.000000 0.000000 0.000000 0.000000 0.000000 0.000000 0.000000 0.000000 0.000000 0.000000 0.000000 0.000000 0.000000 0.000000 0.000000
0.007938 -0.066631 1.635157 -8.212473 -0.993180 0.372182 6.767925 -2.252600 2.568575 4.088979 1.698560 -7.686804 -8.399366 -3.167482 10.253634 -0.532000 -1.838497 -1.153534 2.953537 5.052660 -3.908917 12.685084 0.720775 3.313755 -8.335141 -2.744937 -8.037929 -0.429461 -1.743537 0.681987 6.470962 0.723511 2.262681 -3.766342 1.083303 -1.413656 5.582930 -0.353839 -0.215062 4.561743 2.341783 2.078988 6.303386 -0.303826 1.464307 -0.050093 20.766259 -3.093869 23.038324 46.355796 -24.045467 15.416160 -1.435615 -24.229476 -3.889137 -9.239577 -7.898410 0.000000 0.000000 0.000000 0.000000 0.000000 0.000000 0.000000 0.000000 0.000000 0.000000 0.000000 0.000000 0.000000 0.000000 0.000000 0.000000 0.000000 0.000000 0.000000 0.000000 0.000000 0.000000 0.000000 0.000000 0.000000 0.000000 0.000000 0.000000 0.000000 0.000000 0.000000 0.000000 0.000000 0.000000 0.000000 0.000000 0.000000 0.000000 0.000000 0.000000 0.000000 0.000000 1.024594 -20.514460 8.278744 28.110799 -47.518685 26.836801 9.338345 3.867805 28.417728 1.072996 6.895897 4.726627 0.000000 0.000000 0.000000 0.000000 0.000000 0.000000 0.000000 0.000000 0.000000 0.000000 0.000000 0.000000 0.000000 0.000000 0.000000 0.000000 0.000000 0.000000 0.000000 0.000000 0.000000 0.000000 0.000000 0.000000 0.000000 0.000000 0.000000 0.000000 0.000000 0.000000 0.000000 0.000000 0.000000 0.000000 0.000000 0.000000 0.000000 0.000000 0.000000 0.000000 0.000000 0.000000
0.007944 -0.067197 1.635164 -8.214406 -0.997685 0.390938 6.712377 -2.246632 2.553316 4.127131 1.693923 -7.666043 -8.391861 -3.166443 10.235249 -0.529772 -1.836752 -1.155925 2.906577 5.056201 -3.890814 12.711767 0.718935 3.308558 -8.302653 -2.729961 -8.051798 -0.429497 -1.744547 0.687088 6.512357 0.723320 2.264637 -3.758838 1.075494 -1.415661 5.575228 -0.357001 -0.211392 4.542255 2.357204 2.091664 6.264022 -0.289635 1.475946 -0.066625 20.764278 -3.119844 23.044408 46.353972 -24.094948 15.393938 -1.437226 -24.236446 -3.883013 -9.225028 -7.915729 0.000000 0.000000 0.000000 0.000000 0.000000 0.000000 0.000000 0.000000 0.000000 0.000000 0.000000 0.000000 0.000000 0.000000 0.000000 0.000000 0.000000 0.000000 0.000000 0.000000 0.000000 0.000000 0.000000 0.000000 0.000000 0.000000 0.000000 0.000000 0.000000 0.000000 0.000000 0.000000 0.000000 0.000000 0.000000 0.000000 0.000000 0.000000 0.000000 0.000000 0.000000 0.000000 1.020103 -20.513415 8.295593 28.096521 -47.491438 26.856699 9.339714 3.899799 28.418114 1.120778 6.923764 4.725436 0.000000 0.000000 0.000000 0.000000 0.000000 0.000000 0.000000 0.000000 0.000000 0.000000 0.000000 0.000000 0.000000 0.000000 0.000000 0.000000 0.000000 0.000000 0.000000 0.000000 0.000000 0.000000 0.000000 0.000000 0.000000 0.000000 0.000000 0.000000 0.000000 0.000000 0.000000 0.000000 0.000000 0.000000 0.000000 0.000000 0.000000 0.000000 0.000000 0.000000 0.000000 0.000000
0.007911 -0.067708 1.635173 -8.216053 -1.002006 0.406476 6.653408 -2.242989 2.534741 4.180181 1.699794 -7.639701 -8.386807 -3.174358 10.216767 -0.529388 -1.829607 -1.157309 2.860430 5.065477 -3.874496 12.742393 0.713157 3.313653 -8.274124 -2.722552 -8.070398 -0.434013 -1.743793 0.689335 6.547511 0.731291 2.264306 -3.740751 1.069931 -1.417419 5.566973 -0.357031 -0.210163 4.521247 2.368769 2.125265 6.218303 -0.285406 1.531046 -0.084456 20.759683 -3.138037 23.037480 46.355001 -24.125891 15.359202 -1.438327 -24.260758 -3.887885 -9.199503 -7.925492 0.000000 0.000000 0.000000 0.000000 0.000000 0.000000 0.000000 0.000000 0.000000 0.000000 0.000000 0.000000 0.000000 0.000000 0.000000 0.000000 0.000000 0.000000 0.000000 0.000000 0.000000 0.000000 0.000000 0.000000 0.000000 0.000000 0.000000 0.000000 0.000000 0.000000 0.000000 0.000000 0.000000 0.000000 0.000000 0.000000 0.000000 0.000000 0.000000 0.000000 0.000000 0.000000 1.022288 -20.517693 8.308346 28.076829 -47.461945 26.875229 9.327766 3.926721 28.431467 1.158152 6.913445 4.724561 0.000000 0.000000 0.000000 0.000000 0.000000 0.000000 0.000000 0.000000 0.000000 0.000000 0.000000 0.000000 0.000000 0.000000 0.000000 0.000000 0.000000 0.000000 0.000000 0.000000 0.000000 0.000000 0.000000 0.000000 0.000000 0.000000 0.000000 0.000000 0.000000 0.000000 0.000000 0.000000 0.000000 0.000000 0.000000 0.000000 0.000000 0.000000 0.000000 0.000000 0.000000 0.000000
0.007925 -0.068285 1.635170 -8.206334 -1.006450 0.410460 6.567005 -2.239737 2.509617 4.246327 1.703991 -7.619234 -8.374224 -3.180997 10.210281 -0.527620 -1.829564 -1.160868 2.791515 5.070218 -3.848627 12.769270 0.711057 3.313190 -8.237155 -2.708964 -8.085945 -0.436783 -1.744894 0.693493 6.591205 0.738396 2.263839 -3.728669 1.059793 -1.418025 5.558180 -0.357216 -0.206467 4.478968 2.383290 2.146024 6.152512 -0.273237 1.548811 -0.112594 20.761905 -3.158379 23.049903 46.347235 -24.181637 15.317623 -1.445313 -24.261380 -3.896895 -9.196051 -7.947479 0.000000 0.000000 0.000000 0.000000 0.000000 0.000000 0.000000 0.000000 0.000000 0.000000 0.000000 0.000000 0.000000 0.000000 0.000000 0.000000 0.000000 0.000000 0.000000 0.000000 0.000000 0.000000 0.000000 0.000000 0.000000 0.000000 0.000000 0.000000 0.000000 0.000000 0.000000 0.000000 0.000000 0.000000 0.000000 0.000000 0.000000 0.000000 0.000000 0.000000 0.000000 0.000000 1.008543 -20.532235 8.317713 28.058417 -47.426831 26.905947 9.318674 3.965813 28.429113 1.209542 6.956292 4.730298 0.000000 0.000000 0.000000 0.000000 0.000000 0.000000 0.000000 0.000000 0.000000 0.000000 0.000000 0.000000 0.000000 0.000000 0.000000 0.000000 0.000000 0.000000 0.000000 0.000000 0.000000 0.000000 0.000000 0.000000 0.000000 0.000000 0.000000 0.000000 0.000000 0.000000 0.000000 0.000000 0.000000 0.000000 0.000000 0.000000 0.000000 0.000000 0.000000 0.000000 0.000000 0.000000
0.008215 -0.068796 1.635164 -8.189913 -1.020451 0.405747 6.483168 -2.246010 2.499491 4.298755 1.718535 -7.583321 -8.347327 -3.168742 10.180599 -0.524343 -1.830898 -1.167448 2.730028 5.078146 -3.847624 12.767761 0.702894 3.306935 -8.213749 -2.698199 -8.081405 -0.438959 -1.750024 0.698911 6.661822 0.740914 2.266458 -3.731222 1.045498 -1.416597 5.556156 -0.360202 -0.201768 4.414889 2.404303 2.165309 6.054754 -0.253135 1.561303 -0.142021 20.759551 -3.174596 23.047913 46.327638 -24.222583 15.304823 -1.451242 -24.269140 -3.914887 -9.182694 -7.966925 0.000000 0.000000 0.000000 0.000000 0.000000 0.000000 0.000000 0.000000 0.000000 0.000000 0.000000 0.000000 0.000000 0.000000 0.000000 0.000000 0.000000 0.000000 0.000000 0.000000 0.000000 0.000000 0.000000 0.000000 0.000000 0.000000 0.000000 0.000000 0.000000 0.000000 0.000000 0.000000 0.000000 0.000000 0.000000 0.000000 0.000000 0.000000 0.000000 0.000000 0.000000 0.000000 0.999565 -20.563072 8.325667 28.037322 -47.373010 26.927593 9.325017 4.014590 28.475560 1.282181 6.979390 4.736477 0.000000 0.000000 0.000000 0.000000 0.000000 0.000000 0.000000 0.000000 0.000000 0.000000 0.000000 0.000000 0.000000 0.000000 0.000000 0.000000 0.000000 0.000000 0.000000 0.000000 0.000000 0.000000 0.000000 0.000000 0.000000 0.000000 0.000000 0.000000 0.000000 0.000000 0.000000 0.000000 0.000000 0.000000 0.000000 0.000000 0.000000 0.000000 0.000000 0.000000 0.000000 0.000000
0.008323 -0.069466 1.635150 -8.165529 -1.032410 0.410984 6.374607 -2.239351 2.477034 4.352364 1.724745 -7.546417 -8.315097 -3.168462 10.153169 -0.522866 -1.830290 -1.170814 2.642876 5.087269 -3.825678 12.774239 0.702326 3.297987 -8.168193 -2.687702 -8.090742 -0.441919 -1.744600 0.702072 6.729003 0.752711 2.268403 -3.716659 1.034496 -1.419354 5.535544 -0.356346 -0.194895 4.365804 2.407103 2.184492 5.989509 -0.250559 1.562927 -0.173209 20.753535 -3.210841 23.057127 46.301645 -24.280132 15.297712 -1.456774 -24.286872 -3.899782 -9.177006 -7.978051 0.000000 0.000000 0.000000 0.000000 0.000000 0.000000 0.000000 0.000000 0.000000 0.000000 0.000000 0.000000 0.000000 0.000000 0.000000 0.000000 0.000000 0.000000 0.000000 0.000000 0.000000 0.000000 0.000000 0.000000 0.000000 0.000000 0.000000 0.000000 0.000000 0.000000 0.000000 0.000000 0.000000 0.000000 0.000000 0.000000 0.000000 0.000000 0.000000 0.000000 0.000000 0.000000 0.987161 -20.576584 8.350270 28.007108 -47.321978 26.955285 9.353035 4.047855 28.491870 1.353922 6.988346 4.725448 0.000000 0.000000 0.000000 0.000000 0.000000 0.000000 0.000000 0.000000 0.000000 0.000000 0.000000 0.000000 0.000000 0.000000 0.000000 0.000000 0.000000 0.000000 0.000000 0.000000 0.000000 0.000000 0.000000 0.000000 0.000000 0.000000 0.000000 0.000000 0.000000 0.000000 0.000000 0.000000 0.000000 0.000000 0.000000 0.000000 0.000000 0.000000 0.000000 0.000000 0.000000 0.000000
0.008442 -0.070146 1.635145 -8.148120 -1.037908 0.406548 6.277534 -2.242856 2.468822 4.404794 1.734022 -7.499120 -8.289116 -3.157251 10.128981 -0.519143 -1.826818 -1.170682 2.551520 5.094944 -3.802908 12.805064 0.690238 3.294256 -8.131771 -2.682824 -8.096026 -0.441428 -1.743704 0.705755 6.812121 0.758658 2.262712 -3.731556 1.036300 -1.414370 5.528319 -0.356357 -0.186708 4.324958 2.409901 2.203469 5.942728 -0.256199 1.578735 -0.195725 20.746984 -3.244583 23.037916 46.282664 -24.294479 15.284518 -1.476655 -24.327584 -3.880579 -9.193662 -7.998759 0.000000 0.000000 0.000000 0.000000 0.000000 0.000000 0.000000 0.000000 0.000000 0.000000 0.000000 0.000000 0.000000 0.000000 0.000000 0.000000 0.000000 0.000000 0.000000 0.000000 0.000000 0.000000 0.000000 0.000000 0.000000 0.000000 0.000000 0.000000 0.000000 0.000000 0.000000 0.000000 0.000000 0.000000 0.000000 0.000000 0.000000 0.000000 0.000000 0.000000 0.000000 0.000000 0.988942 -20.582565 8.381823 27.987081 -47.297717 26.988790 9.349711 4.097667 28.526933 1.412357 7.019898 4.718964 0.000000 0.000000 0.000000 0.000000 0.000000 0.000000 0.000000 0.000000 0.000000 0.000000 0.000000 0.000000 0.000000 0.000000 0.000000 0.000000 0.000000 0.000000 0.000000 0.000000 0.000000 0.000000 0.000000 0.000000 0.000000 0.000000 0.000000 0.000000 0.000000 0.000000 0.000000 0.000000 0.000000 0.000000 0.000000 0.000000 0.000000 0.000000 0.000000 0.000000 0.000000 0.000000
0.008612 -0.070821 1.635144 -8.133059 -1.046813 0.404268 6.182298 -2.242720 2.457195 4.460390 1.738618 -7.450154 -8.266224 -3.138405 10.105199 -0.515134 -1.820390 -1.174023 2.460540 5.101167 -3.780345 12.842337 0.685333 3.300604 -8.094577 -2.673172 -8.105097 -0.440053 -1.743744 0.709723 6.886506 0.758849 2.259036 -3.744745 1.045773 -1.404266 5.530162 -0.359132 -0.177785 4.296518 2.416347 2.214740 5.880256 -0.269922 1.607037 -0.220462 20.722557 -3.280187 23.042225 46.276822 -24.346245 15.232850 -1.480224 -24.344693 -3.918299 -9.235036 -8.020237 0.000000 0.000000 0.000000 0.000000 0.000000 0.000000 0.000000 0.000000 0.000000 0.000000 0.000000 0.000000 0.000000 0.000000 0.000000 0.000000 0.000000 0.000000 0.000000 0.000000 0.000000 0.000000 0.000000 0.000000 0.000000 0.000000 0.000000 0.000000 0.000000 0.000000 0.000000 0.000000 0.000000 0.000000 0.000000 0.000000 0.000000 0.000000 0.000000 0.000000 0.000000 0.000000 0.984319 -20.551789 8.412474 28.001195 -47.295751 27.064041 9.325781 4.121700 28.547161 1.418897 7.076627 4.722947 0.000000 0.000000 0.000000 0.000000 0.000000 0.000000 0.000000 0.000000 0.000000 0.000000 0.000000 0.000000 0.000000 0.000000 0.000000 0.000000 0.000000 0.000000 0.000000 0.000000 0.000000 0.000000 0.000000 0.000000 0.000000 0.000000 0.000000 0.000000 0.000000 0.000000 0.000000 0.000000 0.000000 0.000000 0.000000 0.000000 0.000000 0.000000 0.000000 0.000000 0.000000 0.000000
0.008624 -0.071602 1.635099 -8.081796 -1.042058 0.443961 5.989330 -2.253087 2.450108 4.573129 1.730528 -7.395886 -8.265321 -3.097412 10.065789 -0.516543 -1.802715 -1.177118 2.286763 5.092539 -3.711541 12.932074 0.666752 3.268538 -8.038575 -2.670214 -8.151818 -0.455763 -1.735825 0.711559 7.005441 0.745343 2.238280 -3.813901 1.056627 -1.393522 5.568585 -0.369824 -0.168709 4.200365 2.408305 2.236101 5.831774 -0.293602 1.617972 -0.280916 20.715084 -3.317293 23.044769 46.270978 -24.387149 15.244399 -1.546803 -24.416210 -3.881380 -9.242888 -8.054996 0.000000 0.000000 0.000000 0.000000 0.000000 0.000000 0.000000 0.000000 0.000000 0.000000 0.000000 0.000000 0.000000 0.000000 0.000000 0.000000 0.000000 0.000000 0.000000 0.000000 0.000000 0.000000 0.000000 0.000000 0.000000 0.000000 0.000000 0.000000 0.000000 0.000000 0.000000 0.000000 0.000000 0.000000 0.000000 0.000000 0.000000 0.000000 0.000000 0.000000 0.000000 0.000000 0.947430 -20.519649 8.430619 27.983447 -47.272098 27.078573 9.360015 4.176361 28.654098 1.412959 7.069976 4.771402 0.000000 0.000000 0.000000 0.000000 0.000000 0.000000 0.000000 0.000000 0.000000 0.000000 0.000000 0.000000 0.000000 0.000000 0.000000 0.000000 0.000000 0.000000 0.000000 0.000000 0.000000 0.000000 0.000000 0.000000 0.000000 0.000000 0.000000 0.000000 0.000000 0.000000 0.000000 0.000000 0.000000 0.000000 0.000000 0.000000 0.000000 0.000000 0.000000 0.000000 0.000000 0.000000
0.008879 -0.072584 1.635075 -8.048419 -1.051023 0.460879 5.796674 -2.263893 2.433146 4.717534 1.737531 -7.347367 -8.241503 -3.074031 10.032946 -0.514108 -1.793153 -1.175454 2.091990 5.100950 -3.677702 13.076122 0.649111 3.266251 -7.996808 -2.666740 -8.169757 -0.458807 -1.726410 0.715263 7.138663 0.744432 2.234119 -3.847693 1.069109 -1.386893 5.572151 -0.372563 -0.164373 4.155237 2.404521 2.246404 5.785853 -0.312288 1.613547 -0.337303 20.688825 -3.366871 23.048780 46.243472 -24.457307 15.264286 -1.583923 -24.430494 -3.877429 -9.287660 -8.065651 0.000000 0.000000 0.000000 0.000000 0.000000 0.000000 0.000000 0.000000 0.000000 0.000000 0.000000 0.000000 0.000000 0.000000 0.000000 0.000000 0.000000 0.000000 0.000000 0.000000 0.000000 0.000000 0.000000 0.000000 0.000000 0.000000 0.000000 0.000000 0.000000 0.000000 0.000000 0.000000 0.000000 0.000000 0.000000 0.000000 0.000000 0.000000 0.000000 0.000000 0.000000 0.000000 0.933287 -20.505221 8.474009 27.954242 -47.255880 27.137863 9.382122 4.231761 28.694769 1.429556 7.110907 4.759752 0.000000 0.000000 0.000000 0.000000 0.000000 0.000000 0.000000 0.000000 0.000000 0.000000 0.000000 0.000000 0.000000 0.000000 0.000000 0.000000 0.000000 0.000000 0.000000 0.000000 0.000000 0.000000 0.000000 0.000000 0.000000 0.000000 0.000000 0.000000 0.000000 0.000000 0.000000 0.000000 0.000000 0.000000 0.000000 0.000000 0.000000 0.000000 0.000000 0.000000 0.000000 0.000000
0.009050 -0.073706 1.635059 -8.024098 -1.059421 0.474915 5.618127 -2.265048 2.407239 4.844242 1.738692 -7.305678 -8.210506 -3.063390 10.012368 -0.511584 -1.782347 -1.174390 1.924256 5.105173 -3.629387 13.178331 0.639707 3.258347 -7.941289 -2.655398 -8.196955 -0.465120 -1.722210 0.717598 7.288054 0.746787 2.229819 -3.871965 1.070273 -1.387952 5.570281 -0.378412 -0.156587 4.093980 2.409206 2.270067 5.718249 -0.331711 1.625119 -0.386696 20.678340 -3.438931 23.035985 46.218857 -24.512241 15.223649 -1.600789 -24.459930 -3.878958 -9.313248 -8.077164 0.000000 0.000000 0.000000 0.000000 0.000000 0.000000 0.000000 0.000000 0.000000 0.000000 0.000000 0.000000 0.000000 0.000000 0.000000 0.000000 0.000000 0.000000 0.000000 0.000000 0.000000 0.000000 0.000000 0.000000 0.000000 0.000000 0.000000 0.000000 0.000000 0.000000 0.000000 0.000000 0.000000 0.000000 0.000000 0.000000 0.000000 0.000000 0.000000 0.000000 0.000000 0.000000 0.916761 -20.497314 8.531544 27.912728 -47.207218 27.187728 9.391074 4.274115 28.731781 1.484746 7.136951 4.756482 0.000000 0.000000 0.000000 0.000000 0.000000 0.000000 0.000000 0.000000 0.000000 0.000000 0.000000 0.000000 0.000000 0.000000 0.000000 0.000000 0.000000 0.000000 0.000000 0.000000 0.000000 0.000000 0.000000 0.000000 0.000000 0.000000 0.000000 0.000000 0.000000 0.000000 0.000000 0.000000 0.000000 0.000000 0.000000 0.000000 0.000000 0.000000 0.000000 0.000000 0.000000 0.000000
0.009237 -0.074859 1.635026 -7.986263 -1.067811 0.481599 5.417573 -2.265546 2.370336 4.971692 1.740176 -7.260331 -8.167356 -3.057646 9.997432 -0.508343 -1.774343 -1.172969 1.720743 5.108664 -3.577052 13.299897 0.632816 3.256915 -7.879295 -2.641035 -8.225749 -0.465368 -1.718108 0.718281 7.435820 0.751814 2.226592 -3.895860 1.073276 -1.389696 5.567897 -0.386238 -0.148712 4.043007 2.412883 2.293630 5.639708 -0.357887 1.643101 -0.435314 20.653750 -3.517921 23.021096 46.199902 -24.593430 15.174527 -1.598712 -24.456029 -3.893850 -9.341533 -8.082079 0.000000 0.000000 0.000000 0.000000 0.000000 0.000000 0.000000 0.000000 0.000000 0.000000 0.000000 0.000000 0.000000 0.000000 0.000000 0.000000 0.000000 0.000000 0.000000 0.000000 0.000000 0.000000 0.000000 0.000000 0.000000 0.000000 0.000000 0.000000 0.000000 0.000000 0.000000 0.000000 0.000000 0.000000 0.000000 0.000000 0.000000 0.000000 0.000000 0.000000 0.000000 0.000000 0.900634 -20.473845 8.591084 27.878474 -47.174954 27.268673 9.382061 4.322955 28.755424 1.529300 7.163890 4.740070 0.000000 0.000000 0.000000 0.000000 0.000000 0.000000 0.000000 0.000000 0.000000 0.000000 0.000000 0.000000 0.000000 0.000000 0.000000 0.000000 0.000000 0.000000 0.000000 0.000000 0.000000 0.000000 0.000000 0.000000 0.000000 0.000000 0.000000 0.000000 0.000000 0.000000 0.000000 0.000000 0.000000 0.000000 0.000000 0.000000 0.000000 0.000000 0.000000 0.000000 0.000000 0.000000
0.009405 -0.076102 1.634958 -7.918979 -1.069109 0.511579 5.088346 -2.285357 2.328298 5.243692 1.750582 -7.175297 -8.148886 -3.042108 9.949923 -0.506856 -1.764611 -1.175306 1.424642 5.103302 -3.506450 13.503910 0.614929 3.206771 -7.809722 -2.627391 -8.258369 -0.486788 -1.706058 0.715401 7.656596 0.753819 2.220803 -3.943716 1.054802 -1.408485 5.563957 -0.393265 -0.150627 3.909375 2.408286 2.329513 5.563282 -0.372250 1.626309 -0.509922 20.649914 -3.603251 23.022474 46.164618 -24.701803 15.165478 -1.638722 -24.442287 -3.853881 -9.339822 -8.084903 0.000000 0.000000 0.000000 0.000000 0.000000 0.000000 0.000000 0.000000 0.000000 0.000000 0.000000 0.000000 0.000000 0.000000 0.000000 0.000000 0.000000 0.000000 0.000000 0.000000 0.000000 0.000000 0.000000 0.000000 0.000000 0.000000 0.000000 0.000000 0.000000 0.000000 0.000000 0.000000 0.000000 0.000000 0.000000 0.000000 0.000000 0.000000 0.000000 0.000000 0.000000 0.000000 0.850334 -20.485327 8.643049 27.809044 -47.083001 27.320177 9.482036 4.410064 28.803120 1.603844 7.163381 4.745920 0.000000 0.000000 0.000000 0.000000 0.000000 0.000000 0.000000 0.000000 0.000000 0.000000 0.000000 0.000000 0.000000 0.000000 0.000000 0.000000 0.000000 0.000000 0.000000 0.000000 0.000000 0.000000 0.000000 0.000000 0.000000 0.000000 0.000000 0.000000 0.000000 0.000000 0.000000 0.000000 0.000000 0.000000 0.000000 0.000000 0.000000 0.000000 0.000000 0.000000 0.000000 0.000000
0.009684 -0.077394 1.634905 -7.868314 -1.073459 0.503420 4.830246 -2.300026 2.287392 5.429840 1.761665 -7.087389 -8.105886 -3.024833 9.930905 -0.499337 -1.748577 -1.170656 1.159710 5.098361 -3.436980 13.676872 0.599343 3.175358 -7.745199 -2.613915 -8.289066 -0.498566 -1.689932 0.713384 7.856882 0.756140 2.206903 -3.982235 1.047682 -1.422127 5.559783 -0.401082 -0.150045 3.816695 2.419101 2.357886 5.467776 -0.396960 1.636467 -0.564253 20.631042 -3.700960 23.021526 46.142866 -24.794566 15.105300 -1.676960 -24.406672 -3.865791 -9.365740 -8.097265 0.000000 0.000000 0.000000 0.000000 0.000000 0.000000 0.000000 0.000000 0.000000 0.000000 0.000000 0.000000 0.000000 0.000000 0.000000 0.000000 0.000000 0.000000 0.000000 0.000000 0.000000 0.000000 0.000000 0.000000 0.000000 0.000000 0.000000 0.000000 0.000000 0.000000 0.000000 0.000000 0.000000 0.000000 0.000000 0.000000 0.000000 0.000000 0.000000 0.000000 0.000000 0.000000 0.817686 -20.473524 8.733026 27.782512 -47.024032 27.409270 9.521937 4.491362 28.860173 1.623863 7.205198 4.750753 0.000000 0.000000 0.000000 0.000000 0.000000 0.000000 0.000000 0.000000 0.000000 0.000000 0.000000 0.000000 0.000000 0.000000 0.000000 0.000000 0.000000 0.000000 0.000000 0.000000 0.000000 0.000000 0.000000 0.000000 0.000000 0.000000 0.000000 0.000000 0.000000 0.000000 0.000000 0.000000 0.000000 0.000000 0.000000 0.000000 0.000000 0.000000 0.000000 0.000000 0.000000 0.000000
0.009966 -0.079148 1.634879 -7.841020 -1.087122 0.476881 4.577690 -2.304738 2.248987 5.619427 1.780938 -7.017593 -8.039800 -3.016987 9.912706 -0.498172 -1.746014 -1.166391 0.879593 5.100058 -3.363406 13.879381 0.606021 3.160578 -7.662269 -2.589815 -8.305343 -0.507004 -1.693621 0.710143 8.083395 0.770778 2.195953 -4.031266 1.052701 -1.431406 5.563180 -0.412458 -0.146911 3.743373 2.442116 2.378128 5.389439 -0.417023 1.643506 -0.631540 20.606748 -3.802487 22.995593 46.113714 -24.884621 15.049004 -1.697451 -24.378612 -3.871936 -9.354121 -8.085996 0.000000 0.000000 0.000000 0.000000 0.000000 0.000000 0.000000 0.000000 0.000000 0.000000 0.000000 0.000000 0.000000 0.000000 0.000000 0.000000 0.000000 0.000000 0.000000 0.000000 0.000000 0.000000 0.000000 0.000000 0.000000 0.000000 0.000000 0.000000 0.000000 0.000000 0.000000 0.000000 0.000000 0.000000 0.000000 0.000000 0.000000 0.000000 0.000000 0.000000 0.000000 0.000000 0.766961 -20.453920 8.825546 27.724632 -46.985053 27.509228 9.524148 4.554079 28.883245 1.677960 7.198302 4.717527 0.000000 0.000000 0.000000 0.000000 0.000000 0.000000 0.000000 0.000000 0.000000 0.000000 0.000000 0.000000 0.000000 0.000000 0.000000 0.000000 0.000000 0.000000 0.000000 0.000000 0.000000 0.000000 0.000000 0.000000 0.000000 0.000000 0.000000 0.000000 0.000000 0.000000 0.000000 0.000000 0.000000 0.000000 0.000000 0.000000 0.000000 0.000000 0.000000 0.000000 0.000000 0.000000
0.009987 -0.080842 1.634828 -7.797208 -1.082075 0.504403 4.312942 -2.316264 2.216751 5.777371 1.781241 -6.914468 -7.987865 -2.989364 9.860805 -0.491267 -1.730368 -1.164518 0.588315 5.094461 -3.296035 14.079366 0.589217 3.116807 -7.559210 -2.582514 -8.341111 -0.508202 -1.691250 0.713039 8.309720 0.766724 2.179640 -4.078183 1.061287 -1.431273 5.566935 -0.428907 -0.144489 3.665880 2.452789 2.390546 5.349541 -0.436449 1.677248 -0.698456 20.585470 -3.905086 22.965932 46.096463 -25.008562 14.960253 -1.705800 -24.364176 -3.852673 -9.355087 -8.097016 0.000000 0.000000 0.000000 0.000000 0.000000 0.000000 0.000000 0.000000 0.000000 0.000000 0.000000 0.000000 0.000000 0.000000 0.000000 0.000000 0.000000 0.000000 0.000000 0.000000 0.000000 0.000000 0.000000 0.000000 0.000000 0.000000 0.000000 0.000000 0.000000 0.000000 0.000000 0.000000 0.000000 0.000000 0.000000 0.000000 0.000000 0.000000 0.000000 0.000000 0.000000 0.000000 0.730850 -20.428720 8.900304 27.669732 -46.918613 27.595380 9.516993 4.626449 28.936346 1.758003 7.220606 4.703889 0.000000 0.000000 0.000000 0.000000 0.000000 0.000000 0.000000 0.000000 0.000000 0.000000 0.000000 0.000000 0.000000 0.000000 0.000000 0.000000 0.000000 0.000000 0.000000 0.000000 0.000000 0.000000 0.000000 0.000000 0.000000 0.000000 0.000000 0.000000 0.000000 0.000000 0.000000 0.000000 0.000000 0.000000 0.000000 0.000000 0.000000 0.000000 0.000000 0.000000 0.000000 0.000000
0.009826 -0.082634 1.634708 -7.698003 -1.063630 0.539194 3.848691 -2.349246 2.151958 6.141809 1.804271 -6.792519 -7.959551 -2.957058 9.822007 -0.478887 -1.713664 -1.165906 0.111312 5.081658 -3.146525 14.454851 0.558124 3.040365 -7.425523 -2.568077 -8.403697 -0.525599 -1.690986 0.709237 8.603924 0.761385 2.154505 -4.155563 1.049020 -1.443076 5.580306 -0.444875 -0.134356 3.571365 2.483640 2.423197 5.230626 -0.462456 1.716215 -0.797811 20.580237 -4.054036 23.002834 46.072428 -25.185048 14.969772 -1.825958 -24.340613 -3.706827 -9.385037 -8.074593 0.000000 0.000000 0.000000 0.000000 0.000000 0.000000 0.000000 0.000000 0.000000 0.000000 0.000000 0.000000 0.000000 0.000000 0.000000 0.000000 0.000000 0.000000 0.000000 0.000000 0.000000 0.000000 0.000000 0.000000 0.000000 0.000000 0.000000 0.000000 0.000000 0.000000 0.000000 0.000000 0.000000 0.000000 0.000000 0.000000 0.000000 0.000000 0.000000 0.000000 0.000000 0.000000 0.672350 -20.421265 9.005096 27.540600 -46.833045 27.644824 9.569266 4.765805 28.966508 1.860183 7.219934 4.710643 0.000000 0.000000 0.000000 0.000000 0.000000 0.000000 0.000000 0.000000 0.000000 0.000000 0.000000 0.000000 0.000000 0.000000 0.000000 0.000000 0.000000 0.000000 0.000000 0.000000 0.000000 0.000000 0.000000 0.000000 0.000000 0.000000 0.000000 0.000000 0.000000 0.000000 0.000000 0.000000 0.000000 0.000000 0.000000 0.000000 0.000000 0.000000 0.000000 0.000000 0.000000 0.000000
0.009846 -0.084807 1.634639 -7.657786 -1.047247 0.545065 3.485398 -2.376004 2.111750 6.440366 1.804979 -6.681504 -7.911803 -2.930844 9.788272 -0.478917 -1.699375 -1.164167 -0.290881 5.064290 -3.046272 14.799962 0.533313 2.971027 -7.309062 -2.558740 -8.434954 -0.545254 -1.686098 0.712977 8.909683 0.756641 2.132795 -4.212310 1.041060 -1.450143 5.582906 -0.461707 -0.128205 3.452050 2.503849 2.452630 5.160054 -0.492134 1.737523 -0.872451 20.574469 -4.203735 22.969030 46.031352 -25.286030 14.870277 -1.880077 -24.373027 -3.669411 -9.421416 -8.074391 0.000000 0.000000 0.000000 0.000000 0.000000 0.000000 0.000000 0.000000 0.000000 0.000000 0.000000 0.000000 0.000000 0.000000 0.000000 0.000000 0.000000 0.000000 0.000000 0.000000 0.000000 0.000000 0.000000 0.000000 0.000000 0.000000 0.000000 0.000000 0.000000 0.000000 0.000000 0.000000 0.000000 0.000000 0.000000 0.000000 0.000000 0.000000 0.000000 0.000000 0.000000 0.000000 0.619492 -20.420531 9.132800 27.434000 -46.733623 27.687226 9.594969 4.880939 29.061528 1.971141 7.269076 4.701308 0.000000 0.000000 0.000000 0.000000 0.000000 0.000000 0.000000 0.000000 0.000000 0.000000 0.000000 0.000000 0.000000 0.000000 0.000000 0.000000 0.000000 0.000000 0.000000 0.000000 0.000000 0.000000 0.000000 0.000000 0.000000 0.000000 0.000000 0.000000 0.000000 0.000000 0.000000 0.000000 0.000000 0.000000 0.000000 0.000000 0.000000 0.000000 0.000000 0.000000 0.000000 0.000000
0.009953 -0.086792 1.634514 -7.576896 -1.047018 0.548770 3.043240 -2.386596 2.046949 6.795971 1.816722 -6.550574 -7.856184 -2.913840 9.761734 -0.476326 -1.687247 -1.161863 -0.764762 5.069127 -2.922207 15.184232 0.500806 2.912043 -7.183723 -2.537669 -8.477500 -0.560584 -1.682271 0.714921 9.223864 0.755144 2.109182 -4.277211 1.038790 -1.461839 5.582858 -0.478421 -0.118387 3.329491 2.527741 2.516399 5.077040 -0.525201 1.799266 -0.948497 20.564906 -4.361362 22.932338 45.984221 -25.378913 14.780520 -1.935569 -24.423961 -3.624692 -9.460542 -8.061553 0.000000 0.000000 0.000000 0.000000 0.000000 0.000000 0.000000 0.000000 0.000000 0.000000 0.000000 0.000000 0.000000 0.000000 0.000000 0.000000 0.000000 0.000000 0.000000 0.000000 0.000000 0.000000 0.000000 0.000000 0.000000 0.000000 0.000000 0.000000 0.000000 0.000000 0.000000 0.000000 0.000000 0.000000 0.000000 0.000000 0.000000 0.000000 0.000000 0.000000 0.000000 0.000000 0.578003 -20.414777 9.263748 27.310449 -46.638845 27.741845 9.554556 4.980990 29.155441 2.047628 7.316746 4.686077 0.000000 0.000000 0.000000 0.000000 0.000000 0.000000 0.000000 0.000000 0.000000 0.000000 0.000000 0.000000 0.000000 0.000000 0.000000 0.000000 0.000000 0.000000 0.000000 0.000000 0.000000 0.000000 0.000000 0.000000 0.000000 0.000000 0.000000 0.000000 0.000000 0.000000 0.000000 0.000000 0.000000 0.000000 0.000000 0.000000 0.000000 0.000000 0.000000 0.000000 0.000000 0.000000
0.010289 -0.089420 1.634409 -7.528798 -1.064523 0.534085 2.541761 -2.388887 1.967194 7.281120 1.837124 -6.420649 -7.785418 -2.905021 9.747501 -0.474508 -1.672153 -1.158119 -1.294486 5.089470 -2.819284 15.672467 0.475217 2.824050 -7.058950 -2.535289 -8.488087 -0.586593 -1.664463 0.716955 9.576984 0.776464 2.101850 -4.324703 1.029734 -1.478205 5.573482 -0.488887 -0.099598 3.224898 2.566503 2.560554 4.995508 -0.559639 1.792497 -1.036922 20.539311 -4.538383 22.910302 45.931103 -25.518234 14.620824 -1.995974 -24.465594 -3.624389 -9.557902 -8.065593 0.000000 0.000000 0.000000 0.000000 0.000000 0.000000 0.000000 0.000000 0.000000 0.000000 0.000000 0.000000 0.000000 0.000000 0.000000 0.000000 0.000000 0.000000 0.000000 0.000000 0.000000 0.000000 0.000000 0.000000 0.000000 0.000000 0.000000 0.000000 0.000000 0.000000 0.000000 0.000000 0.000000 0.000000 0.000000 0.000000 0.000000 0.000000 0.000000 0.000000 0.000000 0.000000 0.521636 -20.402120 9.432895 27.168218 -46.548619 27.796481 9.518977 5.081508 29.255788 2.119772 7.440792 4.698281 0.000000 0.000000 0.000000 0.000000 0.000000 0.000000 0.000000 0.000000 0.000000 0.000000 0.000000 0.000000 0.000000 0.000000 0.000000 0.000000 0.000000 0.000000 0.000000 0.000000 0.000000 0.000000 0.000000 0.000000 0.000000 0.000000 0.000000 0.000000 0.000000 0.000000 0.000000 0.000000 0.000000 0.000000 0.000000 0.000000 0.000000 0.000000 0.000000 0.000000 0.000000 0.000000
0.010515 -0.092083 1.634250 -7.451563 -1.073584 0.503698 1.953058 -2.403994 1.873844 7.848225 1.876972 -6.266272 -7.721908 -2.880968 9.746237 -0.475564 -1.657486 -1.162432 -1.906566 5.089880 -2.655031 16.223486 0.462146 2.763500 -6.922364 -2.520992 -8.546312 -0.621495 -1.659327 0.714843 9.994755 0.779578 2.074566 -4.414251 1.027052 -1.487707 5.589110 -0.500894 -0.088134 3.030609 2.620620 2.675340 4.873400 -0.588757 1.874804 -1.160848 20.519353 -4.711062 22.891585 45.856791 -25.644391 14.575346 -2.099987 -24.529395 -3.527622 -9.585493 -8.047843 0.000000 0.000000 0.000000 0.000000 0.000000 0.000000 0.000000 0.000000 0.000000 0.000000 0.000000 0.000000 0.000000 0.000000 0.000000 0.000000 0.000000 0.000000 0.000000 0.000000 0.000000 0.000000 0.000000 0.000000 0.000000 0.000000 0.000000 0.000000 0.000000 0.000000 0.000000 0.000000 0.000000 0.000000 0.000000 0.000000 0.000000 0.000000 0.000000 0.000000 0.000000 0.000000 0.432632 -20.406136 9.578883 27.020630 -46.431248 27.842679 9.490651 5.232436 29.441926 2.186092 7.439616 4.699479 0.000000 0.000000 0.000000 0.000000 0.000000 0.000000 0.000000 0.000000 0.000000 0.000000 0.000000 0.000000 0.000000 0.000000 0.000000 0.000000 0.000000 0.000000 0.000000 0.000000 0.000000 0.000000 0.000000 0.000000 0.000000 0.000000 0.000000 0.000000 0.000000 0.000000 0.000000 0.000000 0.000000 0.000000 0.000000 0.000000 0.000000 0.000000 0.000000 0.000000 0.000000 0.000000
0.010923 -0.094921 1.634057 -7.368771 -1.089313 0.526186 1.324405 -2.417551 1.755576 8.435321 1.902892 -6.137078 -7.628875 -2.864225 9.739171 -0.476950 -1.641670 -1.167689 -2.528021 5.086967 -2.496974 16.769844 0.434534 2.660364 -6.770400 -2.495046 -8.616276 -0.658946 -1.643669 0.713532 10.420226 0.785912 2.051960 -4.481428 1.012424 -1.499869 5.593400 -0.516574 -0.081580 2.834442 2.651139 2.759652 4.753226 -0.640861 1.914907 -1.278876 20.482178 -4.904768 22.873949 45.800712 -25.824040 14.455076 -2.206619 -24.576542 -3.519253 -9.617631 -8.038792 0.000000 0.000000 0.000000 0.000000 0.000000 0.000000 0.000000 0.000000 0.000000 0.000000 0.000000 0.000000 0.000000 0.000000 0.000000 0.000000 0.000000 0.000000 0.000000 0.000000 0.000000 0.000000 0.000000 0.000000 0.000000 0.000000 0.000000 0.000000 0.000000 0.000000 0.000000 0.000000 0.000000 0.000000 0.000000 0.000000 0.000000 0.000000 0.000000 0.000000 0.000000 0.000000 0.323672 -20.364768 9.726779 26.894014 -46.356924 27.937405 9.468423 5.397218 29.572392 2.205223 7.457118 4.711352 0.000000 0.000000 0.000000 0.000000 0.000000 0.000000 0.000000 0.000000 0.000000 0.000000 0.000000 0.000000 0.000000 0.000000 0.000000 0.000000 0.000000 0.000000 0.000000 0.000000 0.000000 0.000000 0.000000 0.000000 0.000000 0.000000 0.000000 0.000000 0.000000 0.000000 0.000000 0.000000 0.000000 0.000000 0.000000 0.000000 0.000000 0.000000 0.000000 0.000000 0.000000 0.000000
0.011067 -0.097955 1.633804 -7.264785 -1.085904 0.491685 0.589366 -2.447177 1.628066 9.152652 1.949750 -6.034757 -7.535934 -2.862687 9.784057 -0.477231 -1.624011 -1.176689 -3.233339 5.080495 -2.313277 17.362521 0.401655 2.617386 -6.589435 -2.490495 -8.697019 -0.696804 -1.632841 0.714130 10.904837 0.787245 2.021240 -4.600581 1.013225 -1.507206 5.629367 -0.536015 -0.074765 2.592050 2.693998 2.894402 4.644798 -0.670250 1.999552 -1.407892 20.455182 -5.112185 22.807841 45.742505 -25.963068 14.351917 -2.341672 -24.628372 -3.442159 -9.677250 -8.015098 0.000000 0.000000 0.000000 0.000000 0.000000 0.000000 0.000000 0.000000 0.000000 0.000000 0.000000 0.000000 0.000000 0.000000 0.000000 0.000000 0.000000 0.000000 0.000000 0.000000 0.000000 0.000000 0.000000 0.000000 0.000000 0.000000 0.000000 0.000000 0.000000 0.000000 0.000000 0.000000 0.000000 0.000000 0.000000 0.000000 0.000000 0.000000 0.000000 0.000000 0.000000 0.000000 0.208438 -20.323671 9.900196 26.744556 -46.244742 28.029746 9.457152 5.565721 29.769498 2.224641 7.494777 4.710364 0.000000 0.000000 0.000000 0.000000 0.000000 0.000000 0.000000 0.000000 0.000000 0.000000 0.000000 0.000000 0.000000 0.000000 0.000000 0.000000 0.000000 0.000000 0.000000 0.000000 0.000000 0.000000 0.000000 0.000000 0.000000 0.000000 0.000000 0.000000 0.000000 0.000000 0.000000 0.000000 0.000000 0.000000 0.000000 0.000000 0.000000 0.000000 0.000000 0.000000 0.000000 0.000000
0.011435 -0.101222 1.633537 -7.183724 -1.086276 0.477883 -0.123568 -2.490337 1.504970 9.860757 1.998055 -5.897268 -7.440068 -2.825330 9.784352 -0.472109 -1.596573 -1.179120 -3.920409 5.077640 -2.164368 17.963056 0.343307 2.501464 -6.414104 -2.481233 -8.729312 -0.741334 -1.623907 0.706828 11.434871 0.793241 2.003174 -4.689934 0.995550 -1.521620 5.639843 -0.554544 -0.060554 2.374691 2.742015 3.028514 4.502888 -0.726835 2.110662 -1.522106 20.411711 -5.349093 22.730932 45.698761 -26.107542 14.139620 -2.474908 -24.710394 -3.404676 -9.752981 -7.996613 0.000000 0.000000 0.000000 0.000000 0.000000 0.000000 0.000000 0.000000 0.000000 0.000000 0.000000 0.000000 0.000000 0.000000 0.000000 0.000000 0.000000 0.000000 0.000000 0.000000 0.000000 0.000000 0.000000 0.000000 0.000000 0.000000 0.000000 0.000000 0.000000 0.000000 0.000000 0.000000 0.000000 0.000000 0.000000 0.000000 0.000000 0.000000 0.000000 0.000000 0.000000 0.000000 0.113439 -20.255364 10.107769 26.586562 -46.141391 28.118729 9.434545 5.736493 29.991578 2.287964 7.559135 4.730226 0.000000 0.000000 0.000000 0.000000 0.000000 0.000000 0.000000 0.000000 0.000000 0.000000 0.000000 0.000000 0.000000 0.000000 0.000000 0.000000 0.000000 0.000000 0.000000 0.000000 0.000000 0.000000 0.000000 0.000000 0.000000 0.000000 0.000000 0.000000 0.000000 0.000000 0.000000 0.000000 0.000000 0.000000 0.000000 0.000000 0.000000 0.000000 0.000000 0.000000 0.000000 0.000000
0.011412 -0.105322 1.633213 -7.097057 -1.070043 0.437848 -1.003945 -2.536937 1.349052 10.770241 2.059390 -5.797094 -7.325006 -2.785483 9.834525 -0.481339 -1.579392 -1.191211 -4.758440 5.074546 -1.960055 18.710745 0.283522 2.408755 -6.180462 -2.517740 -8.777438 -0.789659 -1.629873 0.702523 12.052069 0.763116 1.969445 -4.831482 1.004000 -1.533875 5.693053 -0.591398 -0.043536 2.088874 2.835812 3.219812 4.315315 -0.785624 2.307875 -1.665390 20.405800 -5.663203 22.597528 45.606672 -26.217410 13.997802 -2.610378 -24.811942 -3.347245 -9.763585 -7.980000 0.000000 0.000000 0.000000 0.000000 0.000000 0.000000 0.000000 0.000000 0.000000 0.000000 0.000000 0.000000 0.000000 0.000000 0.000000 0.000000 0.000000 0.000000 0.000000 0.000000 0.000000 0.000000 0.000000 0.000000 0.000000 0.000000 0.000000 0.000000 0.000000 0.000000 0.000000 0.000000 0.000000 0.000000 0.000000 0.000000 0.000000 0.000000 0.000000 0.000000 0.000000 0.000000 0.011621 -20.202659 10.353753 26.339333 -45.980513 28.163415 9.351462 5.964015 30.299526 2.277281 7.483396 4.754665 0.000000 0.000000 0.000000 0.000000 0.000000 0.000000 0.000000 0.000000 0.000000 0.000000 0.000000 0.000000 0.000000 0.000000 0.000000 0.000000 0.000000 0.000000 0.000000 0.000000 0.000000 0.000000 0.000000 0.000000 0.000000 0.000000 0.000000 0.000000 0.000000 0.000000 0.000000 0.000000 0.000000 0.000000 0.000000 0.000000 0.000000 0.000000 0.000000 0.000000 0.000000 0.000000
0.011597 -0.109671 1.632837 -7.015126 -1.057655 0.436695 -1.979502 -2.592978 1.181060 11.827401 2.119092 -5.667673 -7.188261 -2.723512 9.849530 -0.491925 -1.565788 -1.202778 -5.681685 5.058974 -1.761613 19.604674 0.223663 2.291557 -5.931165 -2.550271 -8.836750 -0.842000 -1.629740 0.693794 12.739041 0.742449 1.943839 -5.011660 0.992335 -1.550856 5.751474 -0.620152 -0.036042 1.762899 2.914873 3.408595 4.164486 -0.815462 2.444825 -1.807025 20.345026 -5.976951 22.450848 45.546780 -26.382877 13.868836 -2.753124 -24.883082 -3.204925 -9.854228 -7.957032 0.000000 0.000000 0.000000 0.000000 0.000000 0.000000 0.000000 0.000000 0.000000 0.000000 0.000000 0.000000 0.000000 0.000000 0.000000 0.000000 0.000000 0.000000 0.000000 0.000000 0.000000 0.000000 0.000000 0.000000 0.000000 0.000000 0.000000 0.000000 0.000000 0.000000 0.000000 0.000000 0.000000 0.000000 0.000000 0.000000 0.000000 0.000000 0.000000 0.000000 0.000000 0.000000 -0.137826 -20.102824 10.586194 26.120716 -45.851779 28.223246 9.361650 6.206804 30.626996 2.337393 7.503826 4.771234 0.000000 0.000000 0.000000 0.000000 0.000000 0.000000 0.000000 0.000000 0.000000 0.000000 0.000000 0.000000 0.000000 0.000000 0.000000 0.000000 0.000000 0.000000 0.000000 0.000000 0.000000 0.000000 0.000000 0.000000 0.000000 0.000000 0.000000 0.000000 0.000000 0.000000 0.000000 0.000000 0.000000 0.000000 0.000000 0.000000 0.000000 0.000000 0.000000 0.000000 0.000000 0.000000
0.011885 -0.114282 1.632412 -6.957360 -1.053068 0.413325 -3.020566 -2.653769 1.001518 13.052317 2.201485 -5.562132 -7.048000 -2.656715 9.877196 -0.494357 -1.543387 -1.203740 -6.627063 5.057932 -1.559927 20.567719 0.147779 2.180105 -5.699600 -2.613701 -8.892979 -0.895463 -1.632009 0.680158 13.473985 0.740895 1.915584 -5.233382 0.980781 -1.568372 5.840816 -0.643742 -0.022541 1.444948 2.965112 3.608687 4.010583 -0.839526 2.539870 -1.948305 20.264840 -6.310177 22.278330 45.483602 -26.536479 13.727047 -2.891793 -24.937900 -3.083131 -10.026693 -7.925156 0.000000 0.000000 0.000000 0.000000 0.000000 0.000000 0.000000 0.000000 0.000000 0.000000 0.000000 0.000000 0.000000 0.000000 0.000000 0.000000 0.000000 0.000000 0.000000 0.000000 0.000000 0.000000 0.000000 0.000000 0.000000 0.000000 0.000000 0.000000 0.000000 0.000000 0.000000 0.000000 0.000000 0.000000 0.000000 0.000000 0.000000 0.000000 0.000000 0.000000 0.000000 0.000000 -0.279383 -20.017700 10.849741 25.874998 -45.720195 28.307460 9.321433 6.424278 30.895761 2.424543 7.597576 4.807518 0.000000 0.000000 0.000000 0.000000 0.000000 0.000000 0.000000 0.000000 0.000000 0.000000 0.000000 0.000000 0.000000 0.000000 0.000000 0.000000 0.000000 0.000000 0.000000 0.000000 0.000000 0.000000 0.000000 0.000000 0.000000 0.000000 0.000000 0.000000 0.000000 0.000000 0.000000 0.000000 0.000000 0.000000 0.000000 0.000000 0.000000 0.000000 0.000000 0.000000 0.000000 0.000000
0.011850 -0.118658 1.631896 -6.892715 -1.045702 0.362376 -4.028760 -2.692267 0.825183 14.227734 2.285135 -5.448623 -6.906679 -2.604779 9.920477 -0.499296 -1.539831 -1.208579 -7.575943 5.079667 -1.368812 21.534252 0.069658 2.094110 -5.465431 -2.696570 -8.918857 -0.929387 -1.629343 0.670027 14.152755 0.739714 1.895692 -5.409929 0.991319 -1.579548 5.901556 -0.661744 -0.008801 1.172700 3.021070 3.817359 3.900550 -0.842738 2.671194 -2.067714 20.187431 -6.619256 22.066656 45.430837 -26.656901 13.543888 -2.999855 -25.021535 -2.991317 -10.147852 -7.886484 0.000000 0.000000 0.000000 0.000000 0.000000 0.000000 0.000000 0.000000 0.000000 0.000000 0.000000 0.000000 0.000000 0.000000 0.000000 0.000000 0.000000 0.000000 0.000000 0.000000 0.000000 0.000000 0.000000 0.000000 0.000000 0.000000 0.000000 0.000000 0.000000 0.000000 0.000000 0.000000 0.000000 0.000000 0.000000 0.000000 0.000000 0.000000 0.000000 0.000000 0.000000 0.000000 -0.405068 -19.908163 11.097699 25.631382 -45.619278 28.408469 9.236459 6.618201 31.125678 2.484072 7.676888 4.812296 0.000000 0.000000 0.000000 0.000000 0.000000 0.000000 0.000000 0.000000 0.000000 0.000000 0.000000 0.000000 0.000000 0.000000 0.000000 0.000000 0.000000 0.000000 0.000000 0.000000 0.000000 0.000000 0.000000 0.000000 0.000000 0.000000 0.000000 0.000000 0.000000 0.000000 0.000000 0.000000 0.000000 0.000000 0.000000 0.000000 0.000000 0.000000 0.000000 0.000000 0.000000 0.000000
0.011927 -0.123757 1.631266 -6.811788 -1.035412 0.315994 -5.322291 -2.761983 0.600903 15.797597 2.411117 -5.351910 -6.696584 -2.503735 9.976160 -0.514608 -1.525764 -1.218423 -8.761189 5.074679 -1.091507 22.793627 -0.017027 2.001662 -5.160185 -2.797550 -9.002895 -0.996865 -1.640266 0.653821 15.018502 0.726461 1.856439 -5.657826 0.988236 -1.597253 6.029222 -0.684832 0.002651 0.815457 3.106964 4.067716 3.730575 -0.844348 2.835801 -2.189531 20.096848 -7.063892 21.807339 45.359797 -26.770246 13.331124 -3.191335 -25.118320 -2.875105 -10.311082 -7.871661 0.000000 0.000000 0.000000 0.000000 0.000000 0.000000 0.000000 0.000000 0.000000 0.000000 0.000000 0.000000 0.000000 0.000000 0.000000 0.000000 0.000000 0.000000 0.000000 0.000000 0.000000 0.000000 0.000000 0.000000 0.000000 0.000000 0.000000 0.000000 0.000000 0.000000 0.000000 0.000000 0.000000 0.000000 0.000000 0.000000 0.000000 0.000000 0.000000 0.000000 0.000000 0.000000 -0.552116 -19.798301 11.439895 25.303710 -45.485366 28.448892 9.117138 6.916314 31.500151 2.503572 7.688656 4.861867 0.000000 0.000000 0.000000 0.000000 0.000000 0.000000 0.000000 0.000000 0.000000 0.000000 0.000000 0.000000 0.000000 0.000000 0.000000 0.000000 0.000000 0.000000 0.000000 0.000000 0.000000 0.000000 0.000000 0.000000 0.000000 0.000000 0.000000 0.000000 0.000000 0.000000 0.000000 0.000000 0.000000 0.000000 0.000000 0.000000 0.000000 0.000000 0.000000 0.000000 0.000000 0.000000
0.012159 -0.128957 1.630534 -6.751971 -1.039659 0.273085 -6.548526 -2.801709 0.378921 17.280595 2.510188 -5.274391 -6.462017 -2.403301 10.033188 -0.529089 -1.513639 -1.223520 -9.950515 5.091015 -0.843444 24.097401 -0.117853 1.902372 -4.841890 -2.892630 -9.057940 -1.049224 -1.627862 0.640505 15.870696 0.722933 1.815772 -5.875848 0.980272 -1.612487 6.138385 -0.695731 0.011620 0.492143 3.154306 4.304431 3.591362 -0.829916 2.932392 -2.292877 19.943029 -7.480307 21.565788 45.306535 -26.939537 13.061119 -3.341471 -25.217127 -2.804740 -10.511013 -7.850946 0.000000 0.000000 0.000000 0.000000 0.000000 0.000000 0.000000 0.000000 0.000000 0.000000 0.000000 0.000000 0.000000 0.000000 0.000000 0.000000 0.000000 0.000000 0.000000 0.000000 0.000000 0.000000 0.000000 0.000000 0.000000 0.000000 0.000000 0.000000 0.000000 0.000000 0.000000 0.000000 0.000000 0.000000 0.000000 0.000000 0.000000 0.000000 0.000000 0.000000 0.000000 0.000000 -0.714040 -19.605807 11.766736 25.025451 -45.423690 28.587332 9.009559 7.175096 31.792445 2.540276 7.733406 4.903979 0.000000 0.000000 0.000000 0.000000 0.000000 0.000000 0.000000 0.000000 0.000000 0.000000 0.000000 0.000000 0.000000 0.000000 0.000000 0.000000 0.000000 0.000000 0.000000 0.000000 0.000000 0.000000 0.000000 0.000000 0.000000 0.000000 0.000000 0.000000 0.000000 0.000000 0.000000 0.000000 0.000000 0.000000 0.000000 0.000000 0.000000 0.000000 0.000000 0.000000 0.000000 0.000000
0.011908 -0.133440 1.629589 -6.636217 -1.006289 0.215983 -7.795821 -2.876781 0.176987 18.737714 2.629908 -5.143048 -6.280639 -2.289095 10.054138 -0.532392 -1.489683 -1.219936 -11.155100 5.093303 -0.592545 25.358376 -0.243793 1.833061 -4.559375 -3.020083 -9.098287 -1.096072 -1.621377 0.626546 16.723758 0.696740 1.760709 -6.127046 0.993896 -1.607925 6.257849 -0.706564 0.025835 0.143690 3.196980 4.572485 3.449720 -0.838658 3.121207 -2.403175 19.817748 -7.885886 21.297797 45.220219 -27.024584 12.808103 -3.476188 -25.378776 -2.766718 -10.747834 -7.837875 0.000000 0.000000 0.000000 0.000000 0.000000 0.000000 0.000000 0.000000 0.000000 0.000000 0.000000 0.000000 0.000000 0.000000 0.000000 0.000000 0.000000 0.000000 0.000000 0.000000 0.000000 0.000000 0.000000 0.000000 0.000000 0.000000 0.000000 0.000000 0.000000 0.000000 0.000000 0.000000 0.000000 0.000000 0.000000 0.000000 0.000000 0.000000 0.000000 0.000000 0.000000 0.000000 -0.821256 -19.441222 12.093345 24.749215 -45.276318 28.680250 8.822260 7.374040 32.182584 2.520010 7.831911 4.961869 0.000000 0.000000 0.000000 0.000000 0.000000 0.000000 0.000000 0.000000 0.000000 0.000000 0.000000 0.000000 0.000000 0.000000 0.000000 0.000000 0.000000 0.000000 0.000000 0.000000 0.000000 0.000000 0.000000 0.000000 0.000000 0.000000 0.000000 0.000000 0.000000 0.000000 0.000000 0.000000 0.000000 0.000000 0.000000 0.000000 0.000000 0.000000 0.000000 0.000000 0.000000 0.000000
0.011905 -0.138492 1.628536 -6.572406 -0.993980 0.141670 -8.986610 -2.934636 -0.020783 20.159883 2.749060 -5.060500 -6.069335 -2.168712 10.104621 -0.533192 -1.471194 -1.212556 -12.353602 5.120458 -0.371329 26.669382 -0.375658 1.768253 -4.274295 -3.141775 -9.095787 -1.132714 -1.623420 0.605512 17.552331 0.687490 1.720458 -6.348586 0.996980 -1.612904 6.353523 -0.714606 0.047640 -0.186163 3.247098 4.810740 3.266703 -0.834019 3.250131 -2.486217 19.696591 -8.283305 21.038583 45.090880 -27.097883 12.534591 -3.612432 -25.602108 -2.727090 -10.984204 -7.806407 0.000000 0.000000 0.000000 0.000000 0.000000 0.000000 0.000000 0.000000 0.000000 0.000000 0.000000 0.000000 0.000000 0.000000 0.000000 0.000000 0.000000 0.000000 0.000000 0.000000 0.000000 0.000000 0.000000 0.000000 0.000000 0.000000 0.000000 0.000000 0.000000 0.000000 0.000000 0.000000 0.000000 0.000000 0.000000 0.000000 0.000000 0.000000 0.000000 0.000000 0.000000 0.000000 -0.921082 -19.274914 12.422989 24.451128 -45.144629 28.741638 8.615386 7.568715 32.591966 2.518736 7.955505 5.002011 0.000000 0.000000 0.000000 0.000000 0.000000 0.000000 0.000000 0.000000 0.000000 0.000000 0.000000 0.000000 0.000000 0.000000 0.000000 0.000000 0.000000 0.000000 0.000000 0.000000 0.000000 0.000000 0.000000 0.000000 0.000000 0.000000 0.000000 0.000000 0.000000 0.000000 0.000000 0.000000 0.000000 0.000000 0.000000 0.000000 0.000000 0.000000 0.000000 0.000000 0.000000 0.000000
0.011474 -0.144461 1.627319 -6.535799 -0.922956 0.077857 -10.376305 -3.055750 -0.268424 21.899935 2.885439 -5.060829 -5.787261 -2.003373 10.212243 -0.535697 -1.452027 -1.200308 -13.768360 5.112141 -0.087082 28.333245 -0.584635 1.737390 -3.879271 -3.314452 -9.117681 -1.178578 -1.656182 0.569110 18.569641 0.646171 1.654813 -6.702266 0.996764 -1.609834 6.513518 -0.715541 0.065389 -0.612605 3.255624 5.084461 3.110919 -0.822997 3.332562 -2.597502 19.567063 -8.717684 20.697921 44.939944 -27.130707 12.289568 -3.785375 -25.848469 -2.575369 -11.324071 -7.729220 0.000000 0.000000 0.000000 0.000000 0.000000 0.000000 0.000000 0.000000 0.000000 0.000000 0.000000 0.000000 0.000000 0.000000 0.000000 0.000000 0.000000 0.000000 0.000000 0.000000 0.000000 0.000000 0.000000 0.000000 0.000000 0.000000 0.000000 0.000000 0.000000 0.000000 0.000000 0.000000 0.000000 0.000000 0.000000 0.000000 0.000000 0.000000 0.000000 0.000000 0.000000 0.000000 -1.051787 -19.133137 12.758064 24.088180 -44.943276 28.776055 8.480719 7.799787 33.062620 2.590896 8.108971 5.023740 0.000000 0.000000 0.000000 0.000000 0.000000 0.000000 0.000000 0.000000 0.000000 0.000000 0.000000 0.000000 0.000000 0.000000 0.000000 0.000000 0.000000 0.000000 0.000000 0.000000 0.000000 0.000000 0.000000 0.000000 0.000000 0.000000 0.000000 0.000000 0.000000 0.000000 0.000000 0.000000 0.000000 0.000000 0.000000 0.000000 0.000000 0.000000 0.000000 0.000000 0.000000 0.000000
0.011677 -0.149581 1.625925 -6.499322 -0.908295 0.038958 -11.646430 -3.164700 -0.498006 23.511997 3.073829 -5.042444 -5.537149 -1.834526 10.247961 -0.528135 -1.426536 -1.186273 -15.018235 5.152660 0.119182 29.807145 -0.782133 1.670190 -3.618710 -3.432932 -9.104800 -1.223835 -1.685354 0.525703 19.510721 0.626603 1.617514 -6.993972 0.999371 -1.591978 6.666248 -0.708763 0.096908 -1.059922 3.268064 5.329730 2.872383 -0.815787 3.424057 -2.697018 19.434648 -9.068505 20.440008 44.759466 -27.245100 12.043654 -3.958409 -26.092207 -2.536122 -11.574647 -7.709277 0.000000 0.000000 0.000000 0.000000 0.000000 0.000000 0.000000 0.000000 0.000000 0.000000 0.000000 0.000000 0.000000 0.000000 0.000000 0.000000 0.000000 0.000000 0.000000 0.000000 0.000000 0.000000 0.000000 0.000000 0.000000 0.000000 0.000000 0.000000 0.000000 0.000000 0.000000 0.000000 0.000000 0.000000 0.000000 0.000000 0.000000 0.000000 0.000000 0.000000 0.000000 0.000000 -1.173609 -18.986313 13.000458 23.770439 -44.806665 28.854286 8.295430 8.016613 33.450276 2.643563 8.207098 5.057525 0.000000 0.000000 0.000000 0.000000 0.000000 0.000000 0.000000 0.000000 0.000000 0.000000 0.000000 0.000000 0.000000 0.000000 0.000000 0.000000 0.000000 0.000000 0.000000 0.000000 0.000000 0.000000 0.000000 0.000000 0.000000 0.000000 0.000000 0.000000 0.000000 0.000000 0.000000 0.000000 0.000000 0.000000 0.000000 0.000000 0.000000 0.000000 0.000000 0.000000 0.000000 0.000000
0.011592 -0.155009 1.624385 -6.477824 -0.859249 -0.018713 -12.954465 -3.292606 -0.743042 25.195275 3.246035 -5.037585 -5.270604 -1.644843 10.298994 -0.513762 -1.400094 -1.160296 -16.326630 5.135230 0.355874 31.378595 -0.957105 1.654687 -3.309541 -3.564513 -9.110341 -1.265316 -1.728622 0.480341 20.470295 0.584653 1.573487 -7.298154 0.980450 -1.578500 6.820828 -0.700304 0.113403 -1.477608 3.264664 5.579060 2.626451 -0.753706 3.453979 -2.785978 19.345528 -9.416229 20.134105 44.537980 -27.294923 11.811567 -4.145603 -26.362110 -2.460556 -11.842211 -7.651074 0.000000 0.000000 0.000000 0.000000 0.000000 0.000000 0.000000 0.000000 0.000000 0.000000 0.000000 0.000000 0.000000 0.000000 0.000000 0.000000 0.000000 0.000000 0.000000 0.000000 0.000000 0.000000 0.000000 0.000000 0.000000 0.000000 0.000000 0.000000 0.000000 0.000000 0.000000 0.000000 0.000000 0.000000 0.000000 0.000000 0.000000 0.000000 0.000000 0.000000 0.000000 0.000000 -1.262661 -18.917480 13.282384 23.371641 -44.523995 28.892932 8.162959 8.175864 33.794410 2.681120 8.329044 5.067997 0.000000 0.000000 0.000000 0.000000 0.000000 0.000000 0.000000 0.000000 0.000000 0.000000 0.000000 0.000000 0.000000 0.000000 0.000000 0.000000 0.000000 0.000000 0.000000 0.000000 0.000000 0.000000 0.000000 0.000000 0.000000 0.000000 0.000000 0.000000 0.000000 0.000000 0.000000 0.000000 0.000000 0.000000 0.000000 0.000000 0.000000 0.000000 0.000000 0.000000 0.000000 0.000000
0.011045 -0.159852 1.622695 -6.419215 -0.828895 -0.035735 -14.190430 -3.343590 -0.994708 26.697170 3.404341 -5.014404 -5.028954 -1.523730 10.333855 -0.511393 -1.370573 -1.148819 -17.527485 5.180600 0.550990 32.722004 -1.123544 1.601927 -3.027350 -3.706494 -9.095940 -1.311038 -1.734532 0.456494 21.307949 0.570112 1.565221 -7.541766 0.954873 -1.570983 6.925061 -0.683908 0.131356 -1.882627 3.266832 5.842172 2.435212 -0.694469 3.577984 -2.854175 19.215498 -9.770900 19.892918 44.405860 -27.410118 11.537678 -4.271731 -26.611346 -2.478173 -11.970124 -7.644533 0.000000 0.000000 0.000000 0.000000 0.000000 0.000000 0.000000 0.000000 0.000000 0.000000 0.000000 0.000000 0.000000 0.000000 0.000000 0.000000 0.000000 0.000000 0.000000 0.000000 0.000000 0.000000 0.000000 0.000000 0.000000 0.000000 0.000000 0.000000 0.000000 0.000000 0.000000 0.000000 0.000000 0.000000 0.000000 0.000000 0.000000 0.000000 0.000000 0.000000 0.000000 0.000000 -1.352713 -18.773990 13.513263 23.013041 -44.309272 28.880569 8.005826 8.314751 34.057344 2.706717 8.398588 5.095876 0.000000 0.000000 0.000000 0.000000 0.000000 0.000000 0.000000 0.000000 0.000000 0.000000 0.000000 0.000000 0.000000 0.000000 0.000000 0.000000 0.000000 0.000000 0.000000 0.000000 0.000000 0.000000 0.000000 0.000000 0.000000 0.000000 0.000000 0.000000 0.000000 0.000000 0.000000 0.000000 0.000000 0.000000 0.000000 0.000000 0.000000 0.000000 0.000000 0.000000 0.000000 0.000000
0.010612 -0.165757 1.620953 -6.462876 -0.781046 -0.152154 -15.376391 -3.441205 -1.238167 28.273753 3.580412 -5.046871 -4.724611 -1.376601 10.418805 -0.494568 -1.351937 -1.126229 -18.729919 5.189703 0.741690 34.178026 -1.285971 1.636344 -2.686147 -3.826500 -9.054993 -1.343490 -1.768557 0.420315 22.174927 0.528945 1.535832 -7.833127 0.916080 -1.556484 7.024380 -0.653986 0.129490 -2.261165 3.284862 6.120234 2.241938 -0.594282 3.595975 -2.919074 19.075094 -10.080836 19.570678 44.313024 -27.473783 11.324167 -4.396640 -26.648554 -2.346926 -12.073956 -7.600551 0.000000 0.000000 0.000000 0.000000 0.000000 0.000000 0.000000 0.000000 0.000000 0.000000 0.000000 0.000000 0.000000 0.000000 0.000000 0.000000 0.000000 0.000000 0.000000 0.000000 0.000000 0.000000 0.000000 0.000000 0.000000 0.000000 0.000000 0.000000 0.000000 0.000000 0.000000 0.000000 0.000000 0.000000 0.000000 0.000000 0.000000 0.000000 0.000000 0.000000 0.000000 0.000000 -1.468345 -18.627329 13.784082 22.706704 -44.126924 28.970750 8.012399 8.475215 34.143120 2.878763 8.397902 5.085364 0.000000 0.000000 0.000000 0.000000 0.000000 0.000000 0.000000 0.000000 0.000000 0.000000 0.000000 0.000000 0.000000 0.000000 0.000000 0.000000 0.000000 0.000000 0.000000 0.000000 0.000000 0.000000 0.000000 0.000000 0.000000 0.000000 0.000000 0.000000 0.000000 0.000000 0.000000 0.000000 0.000000 0.000000 0.000000 0.000000 0.000000 0.000000 0.000000 0.000000 0.000000 0.000000
0.010429 -0.171586 1.619140 -6.489025 -0.766383 -0.253077 -16.525672 -3.511879 -1.453902 29.731946 3.762935 -5.055347 -4.392847 -1.238085 10.453811 -0.492572 -1.350142 -1.112672 -19.928304 5.228661 0.921810 35.583532 -1.443435 1.644506 -2.352523 -3.948472 -9.005154 -1.374202 -1.823315 0.371310 22.983627 0.506780 1.523366 -8.012376 0.847906 -1.560144 7.087060 -0.617336 0.132770 -2.553665 3.289923 6.346340 2.044255 -0.504532 3.620875 -2.951477 18.948015 -10.403593 19.278172 44.147619 -27.574378 11.172118 -4.532259 -26.700371 -2.252145 -12.120539 -7.538238 0.000000 0.000000 0.000000 0.000000 0.000000 0.000000 0.000000 0.000000 0.000000 0.000000 0.000000 0.000000 0.000000 0.000000 0.000000 0.000000 0.000000 0.000000 0.000000 0.000000 0.000000 0.000000 0.000000 0.000000 0.000000 0.000000 0.000000 0.000000 0.000000 0.000000 0.000000 0.000000 0.000000 0.000000 0.000000 0.000000 0.000000 0.000000 0.000000 0.000000 0.000000 0.000000 -1.530571 -18.533794 14.055830 22.286342 -43.886016 29.013933 7.962097 8.614056 34.155151 2.957299 8.366152 5.078232 0.000000 0.000000 0.000000 0.000000 0.000000 0.000000 0.000000 0.000000 0.000000 0.000000 0.000000 0.000000 0.000000 0.000000 0.000000 0.000000 0.000000 0.000000 0.000000 0.000000 0.000000 0.000000 0.000000 0.000000 0.000000 0.000000 0.000000 0.000000 0.000000 0.000000 0.000000 0.000000 0.000000 0.000000 0.000000 0.000000 0.000000 0.000000 0.000000 0.000000 0.000000 0.000000
0.009329 -0.176528 1.617240 -6.454564 -0.709952 -0.330500 -17.633184 -3.583587 -1.655266 31.046804 3.944541 -5.003049 -4.142181 -1.131681 10.459331 -0.492059 -1.344071 -1.093319 -21.044703 5.270472 1.104094 36.786573 -1.621306 1.644624 -2.051395 -4.091831 -8.971542 -1.396062 -1.840829 0.347488 23.695295 0.476503 1.506065 -8.210171 0.820194 -1.557964 7.149164 -0.577724 0.137310 -2.886291 3.291363 6.574006 1.850842 -0.402020 3.668193 -2.994661 18.823099 -10.702754 19.036063 44.003499 -27.671410 11.065233 -4.612657 -26.724182 -2.130374 -12.161941 -7.502275 0.000000 0.000000 0.000000 0.000000 0.000000 0.000000 0.000000 0.000000 0.000000 0.000000 0.000000 0.000000 0.000000 0.000000 0.000000 0.000000 0.000000 0.000000 0.000000 0.000000 0.000000 0.000000 0.000000 0.000000 0.000000 0.000000 0.000000 0.000000 0.000000 0.000000 0.000000 0.000000 0.000000 0.000000 0.000000 0.000000 0.000000 0.000000 0.000000 0.000000 0.000000 0.000000 -1.578658 -18.442232 14.280158 21.934103 -43.620086 29.061505 7.910630 8.670559 34.050355 3.038825 8.432275 5.066294 0.000000 0.000000 0.000000 0.000000 0.000000 0.000000 0.000000 0.000000 0.000000 0.000000 0.000000 0.000000 0.000000 0.000000 0.000000 0.000000 0.000000 0.000000 0.000000 0.000000 0.000000 0.000000 0.000000 0.000000 0.000000 0.000000 0.000000 0.000000 0.000000 0.000000 0.000000 0.000000 0.000000 0.000000 0.000000 0.000000 0.000000 0.000000 0.000000 0.000000 0.000000 0.000000
0.009558 -0.180314 1.615351 -6.390720 -0.749258 -0.436530 -18.579735 -3.609060 -1.838169 32.127346 4.141274 -4.977192 -3.914441 -1.050836 10.480826 -0.491829 -1.343233 -1.083992 -22.001448 5.348774 1.250269 37.763340 -1.746269 1.657449 -1.944346 -4.151340 -8.941004 -1.402196 -1.850434 0.333575 24.268769 0.465051 1.497409 -8.347262 0.813056 -1.543095 7.201921 -0.539743 0.151020 -3.104419 3.367862 6.791943 1.718803 -0.304162 3.730422 -3.006108 18.657178 -10.920927 18.815194 43.899150 -27.748241 10.939842 -4.630787 -26.633356 -2.031649 -12.161601 -7.475764 0.000000 0.000000 0.000000 0.000000 0.000000 0.000000 0.000000 0.000000 0.000000 0.000000 0.000000 0.000000 0.000000 0.000000 0.000000 0.000000 0.000000 0.000000 0.000000 0.000000 0.000000 0.000000 0.000000 0.000000 0.000000 0.000000 0.000000 0.000000 0.000000 0.000000 0.000000 0.000000 0.000000 0.000000 0.000000 0.000000 0.000000 0.000000 0.000000 0.000000 0.000000 0.000000 -1.617809 -18.299667 14.467772 21.676541 -43.533873 29.133853 7.752137 8.695420 33.930398 3.068025 8.418729 5.051132 0.000000 0.000000 0.000000 0.000000 0.000000 0.000000 0.000000 0.000000 0.000000 0.000000 0.000000 0.000000 0.000000 0.000000 0.000000 0.000000 0.000000 0.000000 0.000000 0.000000 0.000000 0.000000 0.000000 0.000000 0.000000 0.000000 0.000000 0.000000 0.000000 0.000000 0.000000 0.000000 0.000000 0.000000 0.000000 0.000000 0.000000 0.000000 0.000000 0.000000 0.000000 0.000000
0.009314 -0.184857 1.613472 -6.321900 -0.714770 -0.469607 -19.814105 -3.710712 -2.110740 33.584795 4.367630 -4.998309 -3.478143 -0.842837 10.482369 -0.482673 -1.326380 -1.056204 -23.238647 5.354728 1.470218 39.139162 -1.938387 1.717800 -1.581306 -4.303127 -8.976162 -1.428936 -1.869459 0.315525 25.063648 0.449251 1.481432 -8.522473 0.743702 -1.530619 7.281024 -0.490038 0.168108 -3.374845 3.375512 7.011471 1.543047 -0.193964 3.693637 -2.998628 18.546183 -11.229612 18.522689 43.644319 -27.810115 10.785024 -4.709943 -26.719007 -1.993772 -12.191257 -7.414985 0.000000 0.000000 0.000000 0.000000 0.000000 0.000000 0.000000 0.000000 0.000000 0.000000 0.000000 0.000000 0.000000 0.000000 0.000000 0.000000 0.000000 0.000000 0.000000 0.000000 0.000000 0.000000 0.000000 0.000000 0.000000 0.000000 0.000000 0.000000 0.000000 0.000000 0.000000 0.000000 0.000000 0.000000 0.000000 0.000000 0.000000 0.000000 0.000000 0.000000 0.000000 0.000000 -1.574438 -18.236413 14.759988 21.222397 -43.230643 29.135771 7.643844 8.819793 33.833509 3.087536 8.356730 5.007516 0.000000 0.000000 0.000000 0.000000 0.000000 0.000000 0.000000 0.000000 0.000000 0.000000 0.000000 0.000000 0.000000 0.000000 0.000000 0.000000 0.000000 0.000000 0.000000 0.000000 0.000000 0.000000 0.000000 0.000000 0.000000 0.000000 0.000000 0.000000 0.000000 0.000000 0.000000 0.000000 0.000000 0.000000 0.000000 0.000000 0.000000 0.000000 0.000000 0.000000 0.000000 0.000000
0.008976 -0.188770 1.611618 -6.256826 -0.685315 -0.445421 -20.886823 -3.799246 -2.289229 34.823660 4.550479 -4.969087 -3.159157 -0.660176 10.381378 -0.482448 -1.315520 -1.049058 -24.301420 5.418007 1.612685 40.297894 -2.148252 1.715396 -1.257045 -4.394758 -8.926518 -1.467552 -1.875988 0.322353 25.716456 0.446626 1.475431 -8.575556 0.648602 -1.537454 7.304894 -0.437447 0.182768 -3.500354 3.463510 7.232940 1.392151 -0.074634 3.705221 -2.939833 18.371869 -11.517204 18.275402 43.479200 -27.944311 10.645929 -4.728486 -26.696830 -1.823182 -12.230082 -7.371824 0.000000 0.000000 0.000000 0.000000 0.000000 0.000000 0.000000 0.000000 0.000000 0.000000 0.000000 0.000000 0.000000 0.000000 0.000000 0.000000 0.000000 0.000000 0.000000 0.000000 0.000000 0.000000 0.000000 0.000000 0.000000 0.000000 0.000000 0.000000 0.000000 0.000000 0.000000 0.000000 0.000000 0.000000 0.000000 0.000000 0.000000 0.000000 0.000000 0.000000 0.000000 0.000000 -1.540177 -18.099522 14.994704 20.801404 -43.012498 29.140198 7.582662 8.887823 33.643805 3.255049 8.330800 4.945871 0.000000 0.000000 0.000000 0.000000 0.000000 0.000000 0.000000 0.000000 0.000000 0.000000 0.000000 0.000000 0.000000 0.000000 0.000000 0.000000 0.000000 0.000000 0.000000 0.000000 0.000000 0.000000 0.000000 0.000000 0.000000 0.000000 0.000000 0.000000 0.000000 0.000000 0.000000 0.000000 0.000000 0.000000 0.000000 0.000000 0.000000 0.000000 0.000000 0.000000 0.000000 0.000000
0.009305 -0.191459 1.609643 -6.081949 -0.703384 -0.473357 -21.963820 -3.850941 -2.514343 35.919549 4.757841 -4.927075 -2.825811 -0.538147 10.346879 -0.474277 -1.313240 -1.027643 -25.401042 5.489812 1.787786 41.359095 -2.351140 1.739362 -1.044462 -4.466281 -8.898102 -1.482467 -1.876462 0.322495 26.341705 0.428791 1.478346 -8.706296 0.602566 -1.528719 7.334599 -0.398784 0.210879 -3.680113 3.555041 7.408976 1.206339 0.053630 3.603725 -2.900239 18.232147 -11.720486 18.046402 43.283051 -28.010164 10.533024 -4.736963 -26.700924 -1.741266 -12.312745 -7.316264 0.000000 0.000000 0.000000 0.000000 0.000000 0.000000 0.000000 0.000000 0.000000 0.000000 0.000000 0.000000 0.000000 0.000000 0.000000 0.000000 0.000000 0.000000 0.000000 0.000000 0.000000 0.000000 0.000000 0.000000 0.000000 0.000000 0.000000 0.000000 0.000000 0.000000 0.000000 0.000000 0.000000 0.000000 0.000000 0.000000 0.000000 0.000000 0.000000 0.000000 0.000000 0.000000 -1.466507 -17.985015 15.211497 20.408934 -42.770816 29.141803 7.542119 8.948482 33.560236 3.269022 8.274573 4.869580 0.000000 0.000000 0.000000 0.000000 0.000000 0.000000 0.000000 0.000000 0.000000 0.000000 0.000000 0.000000 0.000000 0.000000 0.000000 0.000000 0.000000 0.000000 0.000000 0.000000 0.000000 0.000000 0.000000 0.000000 0.000000 0.000000 0.000000 0.000000 0.000000 0.000000 0.000000 0.000000 0.000000 0.000000 0.000000 0.000000 0.000000 0.000000 0.000000 0.000000 0.000000 0.000000
0.009412 -0.194352 1.607686 -5.933868 -0.721637 -0.442025 -22.941690 -3.895110 -2.691211 36.873893 4.960394 -4.829080 -2.580817 -0.397958 10.258054 -0.475355 -1.311199 -1.016655 -26.340705 5.575416 1.922776 42.214069 -2.516036 1.751539 -0.898727 -4.519712 -8.855620 -1.501082 -1.856638 0.341361 26.880831 0.420114 1.489794 -8.746955 0.538661 -1.537778 7.332851 -0.365917 0.222334 -3.772255 3.623243 7.556499 1.018442 0.142196 3.572569 -2.868775 18.112881 -11.962513 17.819143 43.154451 -28.133266 10.307195 -4.707617 -26.507231 -1.781999 -12.332422 -7.301180 0.000000 0.000000 0.000000 0.000000 0.000000 0.000000 0.000000 0.000000 0.000000 0.000000 0.000000 0.000000 0.000000 0.000000 0.000000 0.000000 0.000000 0.000000 0.000000 0.000000 0.000000 0.000000 0.000000 0.000000 0.000000 0.000000 0.000000 0.000000 0.000000 0.000000 0.000000 0.000000 0.000000 0.000000 0.000000 0.000000 0.000000 0.000000 0.000000 0.000000 0.000000 0.000000 -1.469624 -17.887191 15.389349 20.032758 -42.548993 29.180563 7.428793 8.920493 33.231971 3.188992 8.313194 4.817808 0.000000 0.000000 0.000000 0.000000 0.000000 0.000000 0.000000 0.000000 0.000000 0.000000 0.000000 0.000000 0.000000 0.000000 0.000000 0.000000 0.000000 0.000000 0.000000 0.000000 0.000000 0.000000 0.000000 0.000000 0.000000 0.000000 0.000000 0.000000 0.000000 0.000000 0.000000 0.000000 0.000000 0.000000 0.000000 0.000000 0.000000 0.000000 0.000000 0.000000 0.000000 0.000000
0.008567 -0.196108 1.605686 -5.759805 -0.665346 -0.465772 -23.883522 -3.952797 -2.889680 37.842215 5.115506 -4.769627 -2.426027 -0.314311 10.259666 -0.471024 -1.321905 -1.005235 -27.223687 5.572672 2.086133 43.030059 -2.663884 1.790575 -0.817353 -4.550680 -8.859568 -1.508339 -1.876484 0.360290 27.418801 0.401377 1.478719 -8.832575 0.481451 -1.532745 7.368726 -0.330455 0.242343 -3.893149 3.717108 7.709267 0.881530 0.197738 3.600711 -2.803864 18.008394 -12.204943 17.556776 43.041126 -28.155463 10.118747 -4.674295 -26.337365 -1.772636 -12.454078 -7.257727 0.000000 0.000000 0.000000 0.000000 0.000000 0.000000 0.000000 0.000000 0.000000 0.000000 0.000000 0.000000 0.000000 0.000000 0.000000 0.000000 0.000000 0.000000 0.000000 0.000000 0.000000 0.000000 0.000000 0.000000 0.000000 0.000000 0.000000 0.000000 0.000000 0.000000 0.000000 0.000000 0.000000 0.000000 0.000000 0.000000 0.000000 0.000000 0.000000 0.000000 0.000000 0.000000 -1.412266 -17.794156 15.593618 19.686208 -42.353277 29.123970 7.272432 8.954770 33.040343 3.191101 8.268628 4.765748 0.000000 0.000000 0.000000 0.000000 0.000000 0.000000 0.000000 0.000000 0.000000 0.000000 0.000000 0.000000 0.000000 0.000000 0.000000 0.000000 0.000000 0.000000 0.000000 0.000000 0.000000 0.000000 0.000000 0.000000 0.000000 0.000000 0.000000 0.000000 0.000000 0.000000 0.000000 0.000000 0.000000 0.000000 0.000000 0.000000 0.000000 0.000000 0.000000 0.000000 0.000000 0.000000
0.009294 -0.197078 1.603513 -5.493218 -0.696184 -0.361426 -24.836840 -3.994633 -3.072621 38.640794 5.298704 -4.620879 -2.296451 -0.240309 10.121411 -0.485989 -1.300097 -0.987438 -28.091231 5.617564 2.226994 43.702350 -2.814597 1.783416 -0.850502 -4.495544 -8.904479 -1.534022 -1.853765 0.381881 27.914918 0.381766 1.472529 -8.856613 0.403861 -1.529884 7.356849 -0.294351 0.250186 -3.972369 3.799066 7.813253 0.752650 0.232413 3.557194 -2.754107 17.863664 -12.418498 17.348193 42.880892 -28.287229 9.928860 -4.613055 -26.095325 -1.655015 -12.420881 -7.272458 0.000000 0.000000 0.000000 0.000000 0.000000 0.000000 0.000000 0.000000 0.000000 0.000000 0.000000 0.000000 0.000000 0.000000 0.000000 0.000000 0.000000 0.000000 0.000000 0.000000 0.000000 0.000000 0.000000 0.000000 0.000000 0.000000 0.000000 0.000000 0.000000 0.000000 0.000000 0.000000 0.000000 0.000000 0.000000 0.000000 0.000000 0.000000 0.000000 0.000000 0.000000 0.000000 -1.398729 -17.679888 15.729764 19.388634 -42.168662 29.135571 7.170859 8.971117 32.880377 3.221454 8.204722 4.748630 0.000000 0.000000 0.000000 0.000000 0.000000 0.000000 0.000000 0.000000 0.000000 0.000000 0.000000 0.000000 0.000000 0.000000 0.000000 0.000000 0.000000 0.000000 0.000000 0.000000 0.000000 0.000000 0.000000 0.000000 0.000000 0.000000 0.000000 0.000000 0.000000 0.000000 0.000000 0.000000 0.000000 0.000000 0.000000 0.000000 0.000000 0.000000 0.000000 0.000000 0.000000 0.000000
0.009195 -0.198780 1.601225 -5.317508 -0.665885 -0.318272 -25.801191 -4.046683 -3.303118 39.619235 5.453157 -4.604826 -2.130985 -0.170643 10.090008 -0.483013 -1.318904 -0.972114 -29.007889 5.617794 2.404590 44.592280 -2.991972 1.812722 -0.803083 -4.477645 -8.950040 -1.554677 -1.855702 0.390973 28.410366 0.370351 1.470790 -8.886353 0.304501 -1.562581 7.344361 -0.253283 0.239147 -4.094517 3.825587 7.918809 0.534765 0.270564 3.475984 -2.692873 17.770361 -12.659102 17.106143 42.714921 -28.354539 9.723891 -4.589686 -25.828764 -1.688718 -12.462920 -7.254404 0.000000 0.000000 0.000000 0.000000 0.000000 0.000000 0.000000 0.000000 0.000000 0.000000 0.000000 0.000000 0.000000 0.000000 0.000000 0.000000 0.000000 0.000000 0.000000 0.000000 0.000000 0.000000 0.000000 0.000000 0.000000 0.000000 0.000000 0.000000 0.000000 0.000000 0.000000 0.000000 0.000000 0.000000 0.000000 0.000000 0.000000 0.000000 0.000000 0.000000 0.000000 0.000000 -1.364491 -17.622365 15.943885 19.013483 -41.927057 29.100714 7.171020 9.035798 32.648914 3.149386 8.191519 4.734444 0.000000 0.000000 0.000000 0.000000 0.000000 0.000000 0.000000 0.000000 0.000000 0.000000 0.000000 0.000000 0.000000 0.000000 0.000000 0.000000 0.000000 0.000000 0.000000 0.000000 0.000000 0.000000 0.000000 0.000000 0.000000 0.000000 0.000000 0.000000 0.000000 0.000000 0.000000 0.000000 0.000000 0.000000 0.000000 0.000000 0.000000 0.000000 0.000000 0.000000 0.000000 0.000000
0.010563 -0.199198 1.598728 -5.082392 -0.699565 -0.283926 -26.821183 -4.130407 -3.506049 40.676796 5.644604 -4.595818 -1.962065 -0.062945 10.038781 -0.489998 -1.314893 -0.947330 -29.994444 5.629476 2.568156 45.594967 -3.174941 1.885908 -0.873081 -4.402060 -8.997837 -1.569888 -1.865933 0.392899 28.971850 0.332271 1.437039 -8.930901 0.207902 -1.590716 7.366419 -0.195195 0.234650 -4.259820 3.845644 8.115225 0.343916 0.368076 3.379481 -2.634282 17.703800 -12.934707 16.752708 42.429836 -28.311521 9.437880 -4.444792 -25.449932 -1.691423 -12.479072 -7.209335 0.000000 0.000000 0.000000 0.000000 0.000000 0.000000 0.000000 0.000000 0.000000 0.000000 0.000000 0.000000 0.000000 0.000000 0.000000 0.000000 0.000000 0.000000 0.000000 0.000000 0.000000 0.000000 0.000000 0.000000 0.000000 0.000000 0.000000 0.000000 0.000000 0.000000 0.000000 0.000000 0.000000 0.000000 0.000000 0.000000 0.000000 0.000000 0.000000 0.000000 0.000000 0.000000 -1.364137 -17.587532 16.208089 18.636405 -41.624699 29.091706 7.132936 8.994153 32.497094 3.074210 8.236538 4.740038 0.000000 0.000000 0.000000 0.000000 0.000000 0.000000 0.000000 0.000000 0.000000 0.000000 0.000000 0.000000 0.000000 0.000000 0.000000 0.000000 0.000000 0.000000 0.000000 0.000000 0.000000 0.000000 0.000000 0.000000 0.000000 0.000000 0.000000 0.000000 0.000000 0.000000 0.000000 0.000000 0.000000 0.000000 0.000000 0.000000 0.000000 0.000000 0.000000 0.000000 0.000000 0.000000
0.010662 -0.200309 1.596167 -4.897669 -0.643576 -0.229006 -27.761387 -4.222009 -3.722981 41.641264 5.765610 -4.667332 -1.858151 -0.028623 10.013154 -0.498756 -1.343341 -0.932572 -30.924822 5.577123 2.754861 46.567978 -3.367480 1.917260 -0.896924 -4.345861 -9.039411 -1.567139 -1.899735 0.401050 29.489652 0.307399 1.423316 -8.951039 0.107203 -1.605505 7.360583 -0.153025 0.254887 -4.352605 3.846589 8.265991 0.091943 0.414745 3.339351 -2.583426 17.644854 -13.221268 16.381778 42.196987 -28.349102 9.282242 -4.334918 -25.070882 -1.686364 -12.451363 -7.124664 0.000000 0.000000 0.000000 0.000000 0.000000 0.000000 0.000000 0.000000 0.000000 0.000000 0.000000 0.000000 0.000000 0.000000 0.000000 0.000000 0.000000 0.000000 0.000000 0.000000 0.000000 0.000000 0.000000 0.000000 0.000000 0.000000 0.000000 0.000000 0.000000 0.000000 0.000000 0.000000 0.000000 0.000000 0.000000 0.000000 0.000000 0.000000 0.000000 0.000000 0.000000 0.000000 -1.330184 -17.538189 16.454317 18.160601 -41.398512 29.069157 7.014936 9.046105 32.125355 2.967646 8.153193 4.749171 0.000000 0.000000 0.000000 0.000000 0.000000 0.000000 0.000000 0.000000 0.000000 0.000000 0.000000 0.000000 0.000000 0.000000 0.000000 0.000000 0.000000 0.000000 0.000000 0.000000 0.000000 0.000000 0.000000 0.000000 0.000000 0.000000 0.000000 0.000000 0.000000 0.000000 0.000000 0.000000 0.000000 0.000000 0.000000 0.000000 0.000000 0.000000 0.000000 0.000000 0.000000 0.000000
0.011023 -0.203961 1.593544 -4.848086 -0.580688 -0.059437 -28.696562 -4.352979 -3.889046 42.619408 5.880326 -4.677974 -1.693694 0.111277 9.845436 -0.491965 -1.373292 -0.887486 -31.889289 5.605791 2.890365 47.668574 -3.671837 1.874544 -0.758295 -4.372746 -9.026845 -1.565995 -1.913691 0.408959 29.946878 0.280874 1.417158 -8.913203 -0.044934 -1.660885 7.281216 -0.108957 0.227345 -4.449559 3.798985 8.410131 -0.228016 0.448970 3.292369 -2.492589 17.586521 -13.543763 15.958058 41.998964 -28.457637 9.113166 -4.304403 -24.593707 -1.689256 -12.451503 -7.001541 0.000000 0.000000 0.000000 0.000000 0.000000 0.000000 0.000000 0.000000 0.000000 0.000000 0.000000 0.000000 0.000000 0.000000 0.000000 0.000000 0.000000 0.000000 0.000000 0.000000 0.000000 0.000000 0.000000 0.000000 0.000000 0.000000 0.000000 0.000000 0.000000 0.000000 0.000000 0.000000 0.000000 0.000000 0.000000 0.000000 0.000000 0.000000 0.000000 0.000000 0.000000 0.000000 -1.283423 -17.515457 16.664744 17.650298 -41.231531 29.012137 6.893546 9.140183 31.765696 2.815194 8.250487 4.725218 0.000000 0.000000 0.000000 0.000000 0.000000 0.000000 0.000000 0.000000 0.000000 0.000000 0.000000 0.000000 0.000000 0.000000 0.000000 0.000000 0.000000 0.000000 0.000000 0.000000 0.000000 0.000000 0.000000 0.000000 0.000000 0.000000 0.000000 0.000000 0.000000 0.000000 0.000000 0.000000 0.000000 0.000000 0.000000 0.000000 0.000000 0.000000 0.000000 0.000000 0.000000 0.000000
0.011906 -0.204441 1.590605 -4.600455 -0.591941 0.059563 -29.694330 -4.414509 -4.117265 43.568851 6.072102 -4.629737 -1.612877 0.103215 9.709432 -0.504182 -1.383693 -0.856568 -32.900688 5.659497 3.069252 48.675520 -3.923612 1.862039 -0.829268 -4.306182 -9.064559 -1.576834 -1.925795 0.419426 30.414476 0.294158 1.376248 -8.974339 -0.164853 -1.685242 7.254113 -0.072899 0.207405 -4.661504 3.780668 8.440179 -0.445077 0.447045 3.081003 -2.445334 17.554405 -13.817040 15.591575 41.762182 -28.477415 8.823576 -4.187863 -24.311329 -1.698187 -12.538436 -6.950928 0.000000 0.000000 0.000000 0.000000 0.000000 0.000000 0.000000 0.000000 0.000000 0.000000 0.000000 0.000000 0.000000 0.000000 0.000000 0.000000 0.000000 0.000000 0.000000 0.000000 0.000000 0.000000 0.000000 0.000000 0.000000 0.000000 0.000000 0.000000 0.000000 0.000000 0.000000 0.000000 0.000000 0.000000 0.000000 0.000000 0.000000 0.000000 0.000000 0.000000 0.000000 0.000000 -1.251349 -17.476343 16.871030 17.321089 -41.005294 28.957989 6.718258 9.177847 31.688064 2.710788 8.310298 4.728179 0.000000 0.000000 0.000000 0.000000 0.000000 0.000000 0.000000 0.000000 0.000000 0.000000 0.000000 0.000000 0.000000 0.000000 0.000000 0.000000 0.000000 0.000000 0.000000 0.000000 0.000000 0.000000 0.000000 0.000000 0.000000 0.000000 0.000000 0.000000 0.000000 0.000000 0.000000 0.000000 0.000000 0.000000 0.000000 0.000000 0.000000 0.000000 0.000000 0.000000 0.000000 0.000000
0.013125 -0.203837 1.587463 -4.321915 -0.608457 0.144219 -30.665102 -4.469866 -4.346919 44.530989 6.234233 -4.576596 -1.664391 0.091737 9.623155 -0.528718 -1.396560 -0.816554 -33.913374 5.667568 3.244932 49.729993 -4.132411 1.885743 -1.023776 -4.206710 -9.117598 -1.578521 -1.927111 0.423843 30.905056 0.282791 1.346175 -8.987477 -0.279898 -1.703561 7.220251 -0.049858 0.193992 -4.804560 3.806810 8.433862 -0.747310 0.480994 2.922847 -2.426532 17.536738 -14.137865 15.217872 41.521699 -28.577580 8.537710 -4.059554 -23.831277 -1.811359 -12.408043 -6.902274 0.000000 0.000000 0.000000 0.000000 0.000000 0.000000 0.000000 0.000000 0.000000 0.000000 0.000000 0.000000 0.000000 0.000000 0.000000 0.000000 0.000000 0.000000 0.000000 0.000000 0.000000 0.000000 0.000000 0.000000 0.000000 0.000000 0.000000 0.000000 0.000000 0.000000 0.000000 0.000000 0.000000 0.000000 0.000000 0.000000 0.000000 0.000000 0.000000 0.000000 0.000000 0.000000 -1.232496 -17.456434 17.129343 16.893779 -40.726704 28.964951 6.624207 9.128472 31.319347 2.519614 8.233847 4.761844 0.000000 0.000000 0.000000 0.000000 0.000000 0.000000 0.000000 0.000000 0.000000 0.000000 0.000000 0.000000 0.000000 0.000000 0.000000 0.000000 0.000000 0.000000 0.000000 0.000000 0.000000 0.000000 0.000000 0.000000 0.000000 0.000000 0.000000 0.000000 0.000000 0.000000 0.000000 0.000000 0.000000 0.000000 0.000000 0.000000 0.000000 0.000000 0.000000 0.000000 0.000000 0.000000
0.014431 -0.205030 1.584205 -4.221092 -0.624478 0.272071 -31.629903 -4.554958 -4.533752 45.713204 6.412602 -4.583325 -1.602979 0.133459 9.498301 -0.551614 -1.400005 -0.788991 -34.919840 5.704757 3.395017 51.023307 -4.368387 1.900045 -1.086118 -4.124333 -9.142511 -1.586079 -1.977920 0.414478 31.493788 0.240900 1.310583 -8.972855 -0.407015 -1.721662 7.187498 0.020414 0.181945 -4.981330 3.750445 8.554437 -1.008979 0.582693 2.761612 -2.425620 17.521146 -14.513828 14.714490 41.184820 -28.548297 8.311112 -3.998304 -23.656979 -1.711174 -12.462568 -6.814220 0.000000 0.000000 0.000000 0.000000 0.000000 0.000000 0.000000 0.000000 0.000000 0.000000 0.000000 0.000000 0.000000 0.000000 0.000000 0.000000 0.000000 0.000000 0.000000 0.000000 0.000000 0.000000 0.000000 0.000000 0.000000 0.000000 0.000000 0.000000 0.000000 0.000000 0.000000 0.000000 0.000000 0.000000 0.000000 0.000000 0.000000 0.000000 0.000000 0.000000 0.000000 0.000000 -1.186768 -17.477530 17.477178 16.333779 -40.285475 28.871050 6.664671 9.143760 31.070569 2.635893 8.181566 4.741008 0.000000 0.000000 0.000000 0.000000 0.000000 0.000000 0.000000 0.000000 0.000000 0.000000 0.000000 0.000000 0.000000 0.000000 0.000000 0.000000 0.000000 0.000000 0.000000 0.000000 0.000000 0.000000 0.000000 0.000000 0.000000 0.000000 0.000000 0.000000 0.000000 0.000000 0.000000 0.000000 0.000000 0.000000 0.000000 0.000000 0.000000 0.000000 0.000000 0.000000 0.000000 0.000000
0.016240 -0.206971 1.580814 -4.088463 -0.683550 0.443502 -32.700062 -4.641294 -4.716129 46.874754 6.639969 -4.576859 -1.413864 0.226300 9.272357 -0.603067 -1.416142 -0.754138 -35.976962 5.798582 3.551455 52.230440 -4.624631 1.894037 -1.131143 -4.068175 -9.165168 -1.574494 -1.955337 0.452978 31.958816 0.211882 1.300044 -8.953783 -0.525384 -1.757058 7.133130 0.067901 0.176475 -5.095198 3.715669 8.558449 -1.208268 0.659754 2.564363 -2.406105 17.437896 -14.910590 14.231916 40.955189 -28.679903 8.086087 -3.922898 -23.297768 -1.622300 -12.227618 -6.755790 0.000000 0.000000 0.000000 0.000000 0.000000 0.000000 0.000000 0.000000 0.000000 0.000000 0.000000 0.000000 0.000000 0.000000 0.000000 0.000000 0.000000 0.000000 0.000000 0.000000 0.000000 0.000000 0.000000 0.000000 0.000000 0.000000 0.000000 0.000000 0.000000 0.000000 0.000000 0.000000 0.000000 0.000000 0.000000 0.000000 0.000000 0.000000 0.000000 0.000000 0.000000 0.000000 -1.179741 -17.436271 17.741747 15.801811 -40.021993 28.873060 6.636003 9.149467 30.496799 2.699839 8.083006 4.742971 0.000000 0.000000 0.000000 0.000000 0.000000 0.000000 0.000000 0.000000 0.000000 0.000000 0.000000 0.000000 0.000000 0.000000 0.000000 0.000000 0.000000 0.000000 0.000000 0.000000 0.000000 0.000000 0.000000 0.000000 0.000000 0.000000 0.000000 0.000000 0.000000 0.000000 0.000000 0.000000 0.000000 0.000000 0.000000 0.000000 0.000000 0.000000 0.000000 0.000000 0.000000 0.000000
0.016433 -0.206632 1.577210 -3.848463 -0.633422 0.565540 -33.719082 -4.742942 -4.915171 47.963184 6.820130 -4.517897 -1.509690 0.171479 9.126121 -0.624468 -1.433740 -0.723322 -36.976241 5.777178 3.725342 53.325475 -4.855020 1.843356 -1.310051 -3.919593 -9.223161 -1.577791 -1.996131 0.449768 32.428508 0.176915 1.254036 -9.002583 -0.663615 -1.771469 7.091504 0.097834 0.163533 -5.304769 3.782247 8.570607 -1.486370 0.727059 2.368092 -2.372005 17.389611 -15.277105 13.839137 40.766847 -28.726814 7.787851 -3.964512 -23.177671 -1.567513 -12.173609 -6.717261 0.000000 0.000000 0.000000 0.000000 0.000000 0.000000 0.000000 0.000000 0.000000 0.000000 0.000000 0.000000 0.000000 0.000000 0.000000 0.000000 0.000000 0.000000 0.000000 0.000000 0.000000 0.000000 0.000000 0.000000 0.000000 0.000000 0.000000 0.000000 0.000000 0.000000 0.000000 0.000000 0.000000 0.000000 0.000000 0.000000 0.000000 0.000000 0.000000 0.000000 0.000000 0.000000 -1.122812 -17.423063 18.051387 15.326929 -39.690904 28.758049 6.457316 9.197323 30.328448 2.635550 8.055995 4.798915 0.000000 0.000000 0.000000 0.000000 0.000000 0.000000 0.000000 0.000000 0.000000 0.000000 0.000000 0.000000 0.000000 0.000000 0.000000 0.000000 0.000000 0.000000 0.000000 0.000000 0.000000 0.000000 0.000000 0.000000 0.000000 0.000000 0.000000 0.000000 0.000000 0.000000 0.000000 0.000000 0.000000 0.000000 0.000000 0.000000 0.000000 0.000000 0.000000 0.000000 0.000000 0.000000
0.017730 -0.206625 1.573517 -3.623313 -0.643936 0.675680 -34.753375 -4.864871 -5.108423 49.069196 7.051369 -4.401485 -1.537398 0.179974 8.914366 -0.623464 -1.447548 -0.699795 -38.030874 5.817255 3.890783 54.491822 -5.125286 1.799491 -1.452683 -3.785184 -9.215945 -1.573230 -2.045973 0.436330 32.944341 0.136899 1.244033 -8.962170 -0.793377 -1.777792 7.047280 0.128790 0.200555 -5.353652 3.848649 8.600023 -1.730895 0.782230 2.238928 -2.352465 17.310436 -15.697618 13.339038 40.531997 -28.836004 7.474155 -4.010165 -23.046850 -1.440340 -11.998889 -6.705475 0.000000 0.000000 0.000000 0.000000 0.000000 0.000000 0.000000 0.000000 0.000000 0.000000 0.000000 0.000000 0.000000 0.000000 0.000000 0.000000 0.000000 0.000000 0.000000 0.000000 0.000000 0.000000 0.000000 0.000000 0.000000 0.000000 0.000000 0.000000 0.000000 0.000000 0.000000 0.000000 0.000000 0.000000 0.000000 0.000000 0.000000 0.000000 0.000000 0.000000 0.000000 0.000000 -1.028120 -17.342667 18.424243 14.689417 -39.301826 28.684591 6.308706 9.275058 30.146477 2.632130 7.921797 4.850958 0.000000 0.000000 0.000000 0.000000 0.000000 0.000000 0.000000 0.000000 0.000000 0.000000 0.000000 0.000000 0.000000 0.000000 0.000000 0.000000 0.000000 0.000000 0.000000 0.000000 0.000000 0.000000 0.000000 0.000000 0.000000 0.000000 0.000000 0.000000 0.000000 0.000000 0.000000 0.000000 0.000000 0.000000 0.000000 0.000000 0.000000 0.000000 0.000000 0.000000 0.000000 0.000000
0.019087 -0.206381 1.569664 -3.402392 -0.608312 0.816701 -35.857000 -4.999985 -5.367538 50.298900 7.229570 -4.380875 -1.500918 0.199165 8.741119 -0.625128 -1.454800 -0.689039 -39.123562 5.772278 4.064404 55.771547 -5.406500 1.737719 -1.569646 -3.632019 -9.241966 -1.592138 -2.130650 0.406895 33.579296 0.082220 1.213967 -8.986653 -0.928961 -1.778956 7.011793 0.182709 0.230157 -5.427961 3.907077 8.703947 -1.993424 0.824420 2.174043 -2.376749 17.234418 -16.121723 12.781732 40.241352 -28.839283 6.970580 -4.133056 -23.178980 -1.280668 -12.111927 -6.567506 0.000000 0.000000 0.000000 0.000000 0.000000 0.000000 0.000000 0.000000 0.000000 0.000000 0.000000 0.000000 0.000000 0.000000 0.000000 0.000000 0.000000 0.000000 0.000000 0.000000 0.000000 0.000000 0.000000 0.000000 0.000000 0.000000 0.000000 0.000000 0.000000 0.000000 0.000000 0.000000 0.000000 0.000000 0.000000 0.000000 0.000000 0.000000 0.000000 0.000000 0.000000 0.000000 -0.911479 -17.321889 18.882514 14.004893 -38.880440 28.672790 6.024543 9.343752 29.981624 2.827365 7.929505 4.813760 0.000000 0.000000 0.000000 0.000000 0.000000 0.000000 0.000000 0.000000 0.000000 0.000000 0.000000 0.000000 0.000000 0.000000 0.000000 0.000000 0.000000 0.000000 0.000000 0.000000 0.000000 0.000000 0.000000 0.000000 0.000000 0.000000 0.000000 0.000000 0.000000 0.000000 0.000000 0.000000 0.000000 0.000000 0.000000 0.000000 0.000000 0.000000 0.000000 0.000000 0.000000 0.000000
0.021073 -0.207891 1.565736 -3.184984 -0.657179 0.914672 -37.034886 -5.017348 -5.646020 51.456339 7.390057 -4.377305 -1.300254 0.243180 8.628742 -0.661038 -1.467235 -0.666550 -40.324133 5.831879 4.226162 56.993345 -5.678799 1.718427 -1.603580 -3.560225 -9.236431 -1.599463 -2.173474 0.410688 34.182957 0.087239 1.191300 -8.988995 -1.040183 -1.779399 6.890307 0.219132 0.227319 -5.598631 3.983759 8.731071 -2.418102 0.809537 1.996919 -2.489715 17.123477 -16.535882 12.291714 39.926794 -28.910801 6.465841 -4.171800 -23.279873 -1.408057 -12.236371 -6.449564 0.000000 0.000000 0.000000 0.000000 0.000000 0.000000 0.000000 0.000000 0.000000 0.000000 0.000000 0.000000 0.000000 0.000000 0.000000 0.000000 0.000000 0.000000 0.000000 0.000000 0.000000 0.000000 0.000000 0.000000 0.000000 0.000000 0.000000 0.000000 0.000000 0.000000 0.000000 0.000000 0.000000 0.000000 0.000000 0.000000 0.000000 0.000000 0.000000 0.000000 0.000000 0.000000 -0.915432 -17.233815 19.277758 13.470892 -38.592600 28.733370 5.644737 9.321587 29.747014 2.666540 7.977442 4.746737 0.000000 0.000000 0.000000 0.000000 0.000000 0.000000 0.000000 0.000000 0.000000 0.000000 0.000000 0.000000 0.000000 0.000000 0.000000 0.000000 0.000000 0.000000 0.000000 0.000000 0.000000 0.000000 0.000000 0.000000 0.000000 0.000000 0.000000 0.000000 0.000000 0.000000 0.000000 0.000000 0.000000 0.000000 0.000000 0.000000 0.000000 0.000000 0.000000 0.000000 0.000000 0.000000
0.021984 -0.207822 1.561733 -2.909246 -0.626507 1.060082 -38.239744 -5.137856 -5.894266 52.667858 7.613593 -4.331792 -1.172576 0.247886 8.402651 -0.682998 -1.455626 -0.643328 -41.474013 5.870586 4.383866 58.174297 -5.987752 1.700495 -1.651847 -3.419908 -9.237742 -1.612280 -2.233713 0.413785 34.879853 0.033727 1.169939 -9.052722 -1.195490 -1.766188 6.839117 0.264054 0.252350 -5.759164 4.054673 8.803944 -2.723315 0.888207 1.885884 -2.565700 16.965078 -16.990827 11.667569 39.714563 -28.990493 5.946639 -4.293246 -23.434067 -1.318730 -12.294046 -6.329573 0.000000 0.000000 0.000000 0.000000 0.000000 0.000000 0.000000 0.000000 0.000000 0.000000 0.000000 0.000000 0.000000 0.000000 0.000000 0.000000 0.000000 0.000000 0.000000 0.000000 0.000000 0.000000 0.000000 0.000000 0.000000 0.000000 0.000000 0.000000 0.000000 0.000000 0.000000 0.000000 0.000000 0.000000 0.000000 0.000000 0.000000 0.000000 0.000000 0.000000 0.000000 0.000000 -0.867317 -17.112532 19.678203 12.829920 -38.248085 28.751228 5.321973 9.419156 29.629395 2.688646 7.935964 4.728540 0.000000 0.000000 0.000000 0.000000 0.000000 0.000000 0.000000 0.000000 0.000000 0.000000 0.000000 0.000000 0.000000 0.000000 0.000000 0.000000 0.000000 0.000000 0.000000 0.000000 0.000000 0.000000 0.000000 0.000000 0.000000 0.000000 0.000000 0.000000 0.000000 0.000000 0.000000 0.000000 0.000000 0.000000 0.000000 0.000000 0.000000 0.000000 0.000000 0.000000 0.000000 0.000000
0.023521 -0.207001 1.557685 -2.567853 -0.609133 1.171618 -39.473769 -5.294050 -6.166664 53.840325 7.862943 -4.248581 -1.047815 0.282509 8.162887 -0.699510 -1.428730 -0.627017 -42.640719 5.885110 4.564414 59.292941 -6.316140 1.673279 -1.756590 -3.257834 -9.201852 -1.631213 -2.273445 0.401311 35.487906 -0.026805 1.151791 -9.057890 -1.347728 -1.752380 6.771850 0.295259 0.271364 -5.813912 4.160585 8.773711 -3.053092 0.952475 1.643194 -2.621930 16.803548 -17.452823 11.053779 39.458123 -29.113648 5.397027 -4.463082 -23.553478 -1.201081 -12.221495 -6.256512 0.000000 0.000000 0.000000 0.000000 0.000000 0.000000 0.000000 0.000000 0.000000 0.000000 0.000000 0.000000 0.000000 0.000000 0.000000 0.000000 0.000000 0.000000 0.000000 0.000000 0.000000 0.000000 0.000000 0.000000 0.000000 0.000000 0.000000 0.000000 0.000000 0.000000 0.000000 0.000000 0.000000 0.000000 0.000000 0.000000 0.000000 0.000000 0.000000 0.000000 0.000000 0.000000 -0.776471 -16.972642 20.123380 12.123531 -37.815414 28.780792 5.099899 9.494657 29.480639 2.678383 7.840640 4.745703 0.000000 0.000000 0.000000 0.000000 0.000000 0.000000 0.000000 0.000000 0.000000 0.000000 0.000000 0.000000 0.000000 0.000000 0.000000 0.000000 0.000000 0.000000 0.000000 0.000000 0.000000 0.000000 0.000000 0.000000 0.000000 0.000000 0.000000 0.000000 0.000000 0.000000 0.000000 0.000000 0.000000 0.000000 0.000000 0.000000 0.000000 0.000000 0.000000 0.000000 0.000000 0.000000
0.025903 -0.207414 1.553673 -2.313044 -0.651940 1.314676 -40.740885 -5.402577 -6.459849 55.112361 8.123944 -4.198929 -0.732728 0.414759 7.928221 -0.709372 -1.392708 -0.618614 -43.792052 5.881681 4.764588 60.466091 -6.584639 1.622665 -1.826269 -3.139191 -9.233653 -1.628197 -2.323293 0.381229 36.243810 -0.061003 1.133550 -9.114114 -1.484018 -1.744988 6.725022 0.318532 0.303670 -6.064481 4.230215 8.818171 -3.496558 0.959830 1.497277 -2.749309 16.659043 -17.938732 10.420793 39.155357 -29.197887 4.843848 -4.646510 -23.798136 -1.407982 -12.333460 -6.168420 0.000000 0.000000 0.000000 0.000000 0.000000 0.000000 0.000000 0.000000 0.000000 0.000000 0.000000 0.000000 0.000000 0.000000 0.000000 0.000000 0.000000 0.000000 0.000000 0.000000 0.000000 0.000000 0.000000 0.000000 0.000000 0.000000 0.000000 0.000000 0.000000 0.000000 0.000000 0.000000 0.000000 0.000000 0.000000 0.000000 0.000000 0.000000 0.000000 0.000000 0.000000 0.000000 -0.749396 -16.828137 20.583858 11.432756 -37.404831 28.833729 4.708243 9.633002 29.408268 2.523191 7.898086 4.701912 0.000000 0.000000 0.000000 0.000000 0.000000 0.000000 0.000000 0.000000 0.000000 0.000000 0.000000 0.000000 0.000000 0.000000 0.000000 0.000000 0.000000 0.000000 0.000000 0.000000 0.000000 0.000000 0.000000 0.000000 0.000000 0.000000 0.000000 0.000000 0.000000 0.000000 0.000000 0.000000 0.000000 0.000000 0.000000 0.000000 0.000000 0.000000 0.000000 0.000000 0.000000 0.000000
0.028840 -0.207664 1.549775 -2.036810 -0.722430 1.492466 -42.037007 -5.501033 -6.757055 56.374067 8.381481 -4.163742 -0.352100 0.581310 7.624695 -0.721815 -1.373315 -0.613959 -44.962318 5.938307 4.945358 61.626071 -6.883090 1.555594 -1.855677 -3.058426 -9.199223 -1.639146 -2.358228 0.376667 37.029377 -0.070255 1.128549 -9.132655 -1.642941 -1.754223 6.631439 0.364224 0.312015 -6.149302 4.352845 8.813077 -3.845758 0.977600 1.316353 -2.797184 16.480294 -18.488055 9.658603 38.835489 -29.258856 4.366769 -4.844612 -23.902380 -1.486057 -12.240663 -6.098952 0.000000 0.000000 0.000000 0.000000 0.000000 0.000000 0.000000 0.000000 0.000000 0.000000 0.000000 0.000000 0.000000 0.000000 0.000000 0.000000 0.000000 0.000000 0.000000 0.000000 0.000000 0.000000 0.000000 0.000000 0.000000 0.000000 0.000000 0.000000 0.000000 0.000000 0.000000 0.000000 0.000000 0.000000 0.000000 0.000000 0.000000 0.000000 0.000000 0.000000 0.000000 0.000000 -0.670944 -16.647934 21.074810 10.703387 -37.107975 28.911267 4.248571 9.763695 29.231529 2.448039 7.814852 4.680313 0.000000 0.000000 0.000000 0.000000 0.000000 0.000000 0.000000 0.000000 0.000000 0.000000 0.000000 0.000000 0.000000 0.000000 0.000000 0.000000 0.000000 0.000000 0.000000 0.000000 0.000000 0.000000 0.000000 0.000000 0.000000 0.000000 0.000000 0.000000 0.000000 0.000000 0.000000 0.000000 0.000000 0.000000 0.000000 0.000000 0.000000 0.000000 0.000000 0.000000 0.000000 0.000000
0.029991 -0.206558 1.545802 -1.688668 -0.706184 1.637379 -43.386804 -5.557137 -7.045781 57.696382 8.561921 -4.175580 -0.075902 0.721335 7.430447 -0.718767 -1.345156 -0.588793 -46.147865 5.924983 5.156308 62.785249 -7.129362 1.543315 -1.910021 -2.984554 -9.169663 -1.652730 -2.407368 0.347545 37.787528 -0.127525 1.120276 -9.223754 -1.771354 -1.774270 6.597327 0.376722 0.326488 -6.281727 4.478998 8.777831 -4.329925 0.968063 1.097266 -2.883266 16.261321 -19.020058 9.062565 38.550177 -29.414657 3.885471 -5.024822 -23.900707 -1.454827 -12.309992 -5.939117 0.000000 0.000000 0.000000 0.000000 0.000000 0.000000 0.000000 0.000000 0.000000 0.000000 0.000000 0.000000 0.000000 0.000000 0.000000 0.000000 0.000000 0.000000 0.000000 0.000000 0.000000 0.000000 0.000000 0.000000 0.000000 0.000000 0.000000 0.000000 0.000000 0.000000 0.000000 0.000000 0.000000 0.000000 0.000000 0.000000 0.000000 0.000000 0.000000 0.000000 0.000000 0.000000 -0.638252 -16.449805 21.535261 9.959835 -36.807428 28.834147 3.858287 9.857368 29.184807 2.336814 8.016522 4.674543 0.000000 0.000000 0.000000 0.000000 0.000000 0.000000 0.000000 0.000000 0.000000 0.000000 0.000000 0.000000 0.000000 0.000000 0.000000 0.000000 0.000000 0.000000 0.000000 0.000000 0.000000 0.000000 0.000000 0.000000 0.000000 0.000000 0.000000 0.000000 0.000000 0.000000 0.000000 0.000000 0.000000 0.000000 0.000000 0.000000 0.000000 0.000000 0.000000 0.000000 0.000000 0.000000
0.031797 -0.205732 1.541789 -1.340822 -0.717045 1.732773 -44.723023 -5.646521 -7.336286 58.952944 8.779099 -4.205032 0.236031 0.860902 7.282026 -0.725190 -1.264202 -0.558730 -47.328697 5.943331 5.330672 63.878858 -7.409920 1.549465 -1.986086 -2.884728 -9.134180 -1.669566 -2.413157 0.335475 38.552537 -0.186093 1.094092 -9.355697 -1.876045 -1.778584 6.579843 0.375297 0.347044 -6.431371 4.537880 8.751931 -4.748982 0.909127 0.943337 -3.043080 16.067932 -19.482246 8.546070 38.287016 -29.569011 3.257708 -5.163689 -24.050009 -1.503593 -12.509675 -5.779888 0.000000 0.000000 0.000000 0.000000 0.000000 0.000000 0.000000 0.000000 0.000000 0.000000 0.000000 0.000000 0.000000 0.000000 0.000000 0.000000 0.000000 0.000000 0.000000 0.000000 0.000000 0.000000 0.000000 0.000000 0.000000 0.000000 0.000000 0.000000 0.000000 0.000000 0.000000 0.000000 0.000000 0.000000 0.000000 0.000000 0.000000 0.000000 0.000000 0.000000 0.000000 0.000000 -0.612897 -16.231756 22.007947 9.263156 -36.412858 28.843766 3.501695 9.813604 29.042954 2.279746 8.263521 4.624728 0.000000 0.000000 0.000000 0.000000 0.000000 0.000000 0.000000 0.000000 0.000000 0.000000 0.000000 0.000000 0.000000 0.000000 0.000000 0.000000 0.000000 0.000000 0.000000 0.000000 0.000000 0.000000 0.000000 0.000000 0.000000 0.000000 0.000000 0.000000 0.000000 0.000000 0.000000 0.000000 0.000000 0.000000 0.000000 0.000000 0.000000 0.000000 0.000000 0.000000 0.000000 0.000000
0.033467 -0.204552 1.537861 -0.916853 -0.724123 1.879365 -46.130291 -5.695068 -7.673511 60.154432 9.012801 -4.135863 0.576477 0.982746 7.050201 -0.750422 -1.202531 -0.541326 -48.557415 5.980845 5.534255 64.895881 -7.716867 1.485279 -1.990070 -2.743846 -9.053420 -1.693435 -2.458466 0.343146 39.400750 -0.187844 1.045327 -9.411360 -2.050017 -1.786277 6.477640 0.411110 0.326792 -6.755624 4.607262 8.745437 -5.161323 0.849277 0.730737 -3.155093 15.923431 -20.021402 7.860303 37.908892 -29.599544 2.646255 -5.253951 -24.204988 -1.651413 -12.505234 -5.674105 0.000000 0.000000 0.000000 0.000000 0.000000 0.000000 0.000000 0.000000 0.000000 0.000000 0.000000 0.000000 0.000000 0.000000 0.000000 0.000000 0.000000 0.000000 0.000000 0.000000 0.000000 0.000000 0.000000 0.000000 0.000000 0.000000 0.000000 0.000000 0.000000 0.000000 0.000000 0.000000 0.000000 0.000000 0.000000 0.000000 0.000000 0.000000 0.000000 0.000000 0.000000 0.000000 -0.603340 -16.051280 22.507118 8.592380 -36.012042 28.810438 2.998993 9.794805 29.049719 2.112772 8.348441 4.654876 0.000000 0.000000 0.000000 0.000000 0.000000 0.000000 0.000000 0.000000 0.000000 0.000000 0.000000 0.000000 0.000000 0.000000 0.000000 0.000000 0.000000 0.000000 0.000000 0.000000 0.000000 0.000000 0.000000 0.000000 0.000000 0.000000 0.000000 0.000000 0.000000 0.000000 0.000000 0.000000 0.000000 0.000000 0.000000 0.000000 0.000000 0.000000 0.000000 0.000000 0.000000 0.000000
0.034000 -0.203379 1.533969 -0.482381 -0.678976 2.015712 -47.571200 -5.717269 -8.007486 61.373534 9.213451 -4.101727 0.919930 1.078872 6.844751 -0.767058 -1.153710 -0.516886 -49.823886 6.036713 5.736694 65.926044 -8.030888 1.496142 -1.915886 -2.703126 -8.990361 -1.716084 -2.479459 0.332975 40.124900 -0.196049 1.017483 -9.572717 -2.185149 -1.812165 6.398995 0.430620 0.325014 -6.953328 4.648591 8.748339 -5.524930 0.792401 0.585485 -3.193030 15.745954 -20.490766 7.272742 37.565799 -29.634137 2.348187 -5.267726 -24.118172 -1.650773 -12.344279 -5.616127 0.000000 0.000000 0.000000 0.000000 0.000000 0.000000 0.000000 0.000000 0.000000 0.000000 0.000000 0.000000 0.000000 0.000000 0.000000 0.000000 0.000000 0.000000 0.000000 0.000000 0.000000 0.000000 0.000000 0.000000 0.000000 0.000000 0.000000 0.000000 0.000000 0.000000 0.000000 0.000000 0.000000 0.000000 0.000000 0.000000 0.000000 0.000000 0.000000 0.000000 0.000000 0.000000 -0.532632 -15.878896 22.947060 7.961825 -35.630789 28.801070 2.769680 9.782739 28.916839 2.014029 8.363939 4.645287 0.000000 0.000000 0.000000 0.000000 0.000000 0.000000 0.000000 0.000000 0.000000 0.000000 0.000000 0.000000 0.000000 0.000000 0.000000 0.000000 0.000000 0.000000 0.000000 0.000000 0.000000 0.000000 0.000000 0.000000 0.000000 0.000000 0.000000 0.000000 0.000000 0.000000 0.000000 0.000000 0.000000 0.000000 0.000000 0.000000 0.000000 0.000000 0.000000 0.000000 0.000000 0.000000
0.035784 -0.203305 1.530140 -0.159672 -0.718426 2.183982 -48.973391 -5.740729 -8.322919 62.647966 9.470188 -4.172400 1.405395 1.281953 6.649550 -0.789868 -1.089781 -0.501156 -50.999291 6.109147 5.961716 66.973407 -8.317377 1.469843 -1.901599 -2.712307 -8.978385 -1.733814 -2.473204 0.336629 40.926189 -0.216239 1.001998 -9.810970 -2.285662 -1.798492 6.389662 0.441546 0.308585 -7.401818 4.695926 8.692106 -6.030139 0.758571 0.320730 -3.285007 15.611357 -20.976625 6.773355 37.320326 -29.695424 1.897780 -5.416006 -24.060080 -1.827225 -12.286940 -5.580314 0.000000 0.000000 0.000000 0.000000 0.000000 0.000000 0.000000 0.000000 0.000000 0.000000 0.000000 0.000000 0.000000 0.000000 0.000000 0.000000 0.000000 0.000000 0.000000 0.000000 0.000000 0.000000 0.000000 0.000000 0.000000 0.000000 0.000000 0.000000 0.000000 0.000000 0.000000 0.000000 0.000000 0.000000 0.000000 0.000000 0.000000 0.000000 0.000000 0.000000 0.000000 0.000000 -0.539171 -15.724639 23.332017 7.377055 -35.339915 28.643268 2.455730 9.784206 28.728013 1.774700 8.530628 4.692213 0.000000 0.000000 0.000000 0.000000 0.000000 0.000000 0.000000 0.000000 0.000000 0.000000 0.000000 0.000000 0.000000 0.000000 0.000000 0.000000 0.000000 0.000000 0.000000 0.000000 0.000000 0.000000 0.000000 0.000000 0.000000 0.000000 0.000000 0.000000 0.000000 0.000000 0.000000 0.000000 0.000000 0.000000 0.000000 0.000000 0.000000 0.000000 0.000000 0.000000 0.000000 0.000000
0.036072 -0.202557 1.526304 0.155334 -0.709472 2.279384 -50.261740 -5.784641 -8.555015 63.874419 9.709422 -4.221106 1.682040 1.368058 6.460940 -0.821254 -1.010459 -0.453915 -52.136904 6.135913 6.149624 68.032007 -8.473823 1.509253 -1.848907 -2.684632 -8.907367 -1.751830 -2.493405 0.323791 41.681244 -0.223125 0.949343 -9.889331 -2.392973 -1.798757 6.297918 0.440430 0.296120 -7.645933 4.723818 8.692483 -6.502831 0.713211 0.279076 -3.355888 15.473685 -21.447505 6.255126 36.986545 -29.714180 1.464745 -5.372637 -23.993189 -1.958518 -12.284074 -5.503350 0.000000 0.000000 0.000000 0.000000 0.000000 0.000000 0.000000 0.000000 0.000000 0.000000 0.000000 0.000000 0.000000 0.000000 0.000000 0.000000 0.000000 0.000000 0.000000 0.000000 0.000000 0.000000 0.000000 0.000000 0.000000 0.000000 0.000000 0.000000 0.000000 0.000000 0.000000 0.000000 0.000000 0.000000 0.000000 0.000000 0.000000 0.000000 0.000000 0.000000 0.000000 0.000000 -0.509130 -15.568953 23.747355 6.739996 -34.988834 28.564583 2.046757 9.674904 28.449673 1.590401 8.588578 4.710758 0.000000 0.000000 0.000000 0.000000 0.000000 0.000000 0.000000 0.000000 0.000000 0.000000 0.000000 0.000000 0.000000 0.000000 0.000000 0.000000 0.000000 0.000000 0.000000 0.000000 0.000000 0.000000 0.000000 0.000000 0.000000 0.000000 0.000000 0.000000 0.000000 0.000000 0.000000 0.000000 0.000000 0.000000 0.000000 0.000000 0.000000 0.000000 0.000000 0.000000 0.000000 0.000000
0.036152 -0.202565 1.522401 0.413676 -0.668080 2.425149 -51.579871 -5.776565 -8.853503 65.164988 9.910544 -4.269232 2.002954 1.513975 6.308986 -0.810265 -0.937187 -0.456284 -53.324283 6.179532 6.365573 69.212225 -8.707131 1.522228 -1.677878 -2.780537 -8.853471 -1.758756 -2.511724 0.295043 42.457519 -0.205026 0.897053 -9.964951 -2.502573 -1.787899 6.186469 0.438718 0.290649 -7.846830 4.726228 8.668882 -7.018433 0.601848 0.153357 -3.449601 15.293474 -21.920593 5.793367 36.695516 -29.788843 1.111314 -5.306106 -23.818886 -2.137173 -12.381291 -5.452216 0.000000 0.000000 0.000000 0.000000 0.000000 0.000000 0.000000 0.000000 0.000000 0.000000 0.000000 0.000000 0.000000 0.000000 0.000000 0.000000 0.000000 0.000000 0.000000 0.000000 0.000000 0.000000 0.000000 0.000000 0.000000 0.000000 0.000000 0.000000 0.000000 0.000000 0.000000 0.000000 0.000000 0.000000 0.000000 0.000000 0.000000 0.000000 0.000000 0.000000 0.000000 0.000000 -0.474077 -15.404447 24.171071 6.170304 -34.700147 28.537634 1.704069 9.613455 28.078640 1.437498 8.670658 4.718361 0.000000 0.000000 0.000000 0.000000 0.000000 0.000000 0.000000 0.000000 0.000000 0.000000 0.000000 0.000000 0.000000 0.000000 0.000000 0.000000 0.000000 0.000000 0.000000 0.000000 0.000000 0.000000 0.000000 0.000000 0.000000 0.000000 0.000000 0.000000 0.000000 0.000000 0.000000 0.000000 0.000000 0.000000 0.000000 0.000000 0.000000 0.000000 0.000000 0.000000 0.000000 0.000000
0.037220 -0.203549 1.518375 0.545136 -0.697615 2.553921 -52.849902 -5.811486 -9.104009 66.566259 10.162888 -4.371046 2.414303 1.657642 6.091613 -0.871588 -0.895323 -0.406053 -54.452793 6.287192 6.580600 70.490249 -8.959111 1.566443 -1.504504 -2.828783 -8.737121 -1.734729 -2.552833 0.292136 43.338903 -0.214639 0.881702 -10.052934 -2.629703 -1.793219 6.116275 0.436433 0.245907 -8.048889 4.727481 8.621929 -7.517896 0.531877 -0.050055 -3.491450 15.085228 -22.471923 5.217011 36.397625 -29.832060 0.970911 -5.232841 -23.414266 -2.223630 -12.262477 -5.435935 0.000000 0.000000 0.000000 0.000000 0.000000 0.000000 0.000000 0.000000 0.000000 0.000000 0.000000 0.000000 0.000000 0.000000 0.000000 0.000000 0.000000 0.000000 0.000000 0.000000 0.000000 0.000000 0.000000 0.000000 0.000000 0.000000 0.000000 0.000000 0.000000 0.000000 0.000000 0.000000 0.000000 0.000000 0.000000 0.000000 0.000000 0.000000 0.000000 0.000000 0.000000 0.000000 -0.448470 -15.224578 24.613555 5.560334 -34.500780 28.513038 1.512684 9.550471 27.631445 1.324416 8.710609 4.728885 0.000000 0.000000 0.000000 0.000000 0.000000 0.000000 0.000000 0.000000 0.000000 0.000000 0.000000 0.000000 0.000000 0.000000 0.000000 0.000000 0.000000 0.000000 0.000000 0.000000 0.000000 0.000000 0.000000 0.000000 0.000000 0.000000 0.000000 0.000000 0.000000 0.000000 0.000000 0.000000 0.000000 0.000000 0.000000 0.000000 0.000000 0.000000 0.000000 0.000000 0.000000 0.000000
0.038090 -0.204931 1.514072 0.658772 -0.681119 2.613212 -54.119439 -5.883741 -9.385639 67.963469 10.378961 -4.474467 2.721177 1.805757 5.945584 -0.828440 -0.830782 -0.443669 -55.626764 6.309531 6.799977 71.802819 -9.219414 1.632391 -1.283198 -2.860931 -8.608118 -1.789627 -2.577039 0.285756 44.255589 -0.231895 0.843820 -10.137800 -2.754339 -1.796653 6.055132 0.422302 0.241898 -8.226444 4.824249 8.644979 -8.068927 0.446475 -0.120644 -3.545899 14.922546 -22.997423 4.626920 36.102664 -29.764597 0.640462 -5.166170 -23.269284 -2.224464 -12.198341 -5.343961 0.000000 0.000000 0.000000 0.000000 0.000000 0.000000 0.000000 0.000000 0.000000 0.000000 0.000000 0.000000 0.000000 0.000000 0.000000 0.000000 0.000000 0.000000 0.000000 0.000000 0.000000 0.000000 0.000000 0.000000 0.000000 0.000000 0.000000 0.000000 0.000000 0.000000 0.000000 0.000000 0.000000 0.000000 0.000000 0.000000 0.000000 0.000000 0.000000 0.000000 0.000000 0.000000 -0.358949 -15.029996 25.120083 4.833050 -34.132267 28.437875 1.336113 9.427623 27.294661 1.408597 8.776315 4.726556 0.000000 0.000000 0.000000 0.000000 0.000000 0.000000 0.000000 0.000000 0.000000 0.000000 0.000000 0.000000 0.000000 0.000000 0.000000 0.000000 0.000000 0.000000 0.000000 0.000000 0.000000 0.000000 0.000000 0.000000 0.000000 0.000000 0.000000 0.000000 0.000000 0.000000 0.000000 0.000000 0.000000 0.000000 0.000000 0.000000 0.000000 0.000000 0.000000 0.000000 0.000000 0.000000
0.039030 -0.205974 1.509563 0.774240 -0.691438 2.695314 -55.356430 -5.908704 -9.631792 69.347914 10.568606 -4.549115 2.910384 1.874966 5.768863 -0.832795 -0.769879 -0.425238 -56.783541 6.445464 7.008864 73.117225 -9.522967 1.718701 -1.142635 -2.873956 -8.422984 -1.816223 -2.607420 0.298740 45.206781 -0.238646 0.829676 -10.277077 -2.838625 -1.782627 6.023948 0.423981 0.246040 -8.439090 4.878466 8.646752 -8.581419 0.341167 -0.264707 -3.630532 14.760814 -23.566146 4.087346 35.842456 -29.714439 0.334653 -5.079843 -22.948215 -2.248922 -12.006242 -5.297665 0.000000 0.000000 0.000000 0.000000 0.000000 0.000000 0.000000 0.000000 0.000000 0.000000 0.000000 0.000000 0.000000 0.000000 0.000000 0.000000 0.000000 0.000000 0.000000 0.000000 0.000000 0.000000 0.000000 0.000000 0.000000 0.000000 0.000000 0.000000 0.000000 0.000000 0.000000 0.000000 0.000000 0.000000 0.000000 0.000000 0.000000 0.000000 0.000000 0.000000 0.000000 0.000000 -0.317675 -14.844644 25.597795 4.177135 -33.803805 28.242435 1.084187 9.309918 27.041140 1.336114 8.846842 4.773282 0.000000 0.000000 0.000000 0.000000 0.000000 0.000000 0.000000 0.000000 0.000000 0.000000 0.000000 0.000000 0.000000 0.000000 0.000000 0.000000 0.000000 0.000000 0.000000 0.000000 0.000000 0.000000 0.000000 0.000000 0.000000 0.000000 0.000000 0.000000 0.000000 0.000000 0.000000 0.000000 0.000000 0.000000 0.000000 0.000000 0.000000 0.000000 0.000000 0.000000 0.000000 0.000000
0.038312 -0.207231 1.504871 0.849426 -0.641002 2.731696 -56.543750 -5.989964 -9.845902 70.735432 10.819741 -4.758310 2.967846 1.850674 5.691296 -0.835294 -0.752489 -0.449187 -57.935093 6.571047 7.264030 74.478165 -9.825065 1.907312 -0.997103 -2.940623 -8.286963 -1.838341 -2.639785 0.313717 46.175937 -0.202159 0.770695 -10.428153 -2.922111 -1.790775 5.974262 0.414378 0.214737 -8.756940 4.938600 8.571866 -9.270785 0.183710 -0.433816 -3.692981 14.565407 -24.121176 3.527091 35.638930 -29.531999 0.070500 -5.039149 -22.727391 -2.547156 -11.768545 -5.214764 0.000000 0.000000 0.000000 0.000000 0.000000 0.000000 0.000000 0.000000 0.000000 0.000000 0.000000 0.000000 0.000000 0.000000 0.000000 0.000000 0.000000 0.000000 0.000000 0.000000 0.000000 0.000000 0.000000 0.000000 0.000000 0.000000 0.000000 0.000000 0.000000 0.000000 0.000000 0.000000 0.000000 0.000000 0.000000 0.000000 0.000000 0.000000 0.000000 0.000000 0.000000 0.000000 -0.299967 -14.616330 26.076890 3.578212 -33.725401 28.080870 0.633466 9.254275 26.870254 1.002775 8.811155 4.787102 0.000000 0.000000 0.000000 0.000000 0.000000 0.000000 0.000000 0.000000 0.000000 0.000000 0.000000 0.000000 0.000000 0.000000 0.000000 0.000000 0.000000 0.000000 0.000000 0.000000 0.000000 0.000000 0.000000 0.000000 0.000000 0.000000 0.000000 0.000000 0.000000 0.000000 0.000000 0.000000 0.000000 0.000000 0.000000 0.000000 0.000000 0.000000 0.000000 0.000000 0.000000 0.000000
0.039170 -0.209763 1.500052 0.788699 -0.687850 2.689412 -57.649237 -5.904661 -10.087953 72.200585 10.922998 -4.987417 3.078472 1.914934 5.787337 -0.861740 -0.682113 -0.463853 -59.035069 6.695278 7.483463 75.900788 -10.084748 2.036949 -0.855271 -2.984748 -8.125512 -1.839976 -2.658872 0.308200 47.314048 -0.220582 0.737278 -10.596876 -2.986034 -1.724541 5.890134 0.394187 0.227088 -8.949409 4.991528 8.480292 -9.990595 0.080628 -0.660304 -3.796416 14.374893 -24.721745 2.923751 35.353503 -29.455960 -0.282406 -4.950624 -22.376245 -2.716961 -11.635475 -5.080576 0.000000 0.000000 0.000000 0.000000 0.000000 0.000000 0.000000 0.000000 0.000000 0.000000 0.000000 0.000000 0.000000 0.000000 0.000000 0.000000 0.000000 0.000000 0.000000 0.000000 0.000000 0.000000 0.000000 0.000000 0.000000 0.000000 0.000000 0.000000 0.000000 0.000000 0.000000 0.000000 0.000000 0.000000 0.000000 0.000000 0.000000 0.000000 0.000000 0.000000 0.000000 0.000000 -0.290859 -14.332535 26.644433 2.838616 -33.479573 27.904095 0.321113 9.126249 26.417106 0.766720 8.744508 4.721609 0.000000 0.000000 0.000000 0.000000 0.000000 0.000000 0.000000 0.000000 0.000000 0.000000 0.000000 0.000000 0.000000 0.000000 0.000000 0.000000 0.000000 0.000000 0.000000 0.000000 0.000000 0.000000 0.000000 0.000000 0.000000 0.000000 0.000000 0.000000 0.000000 0.000000 0.000000 0.000000 0.000000 0.000000 0.000000 0.000000 0.000000 0.000000 0.000000 0.000000 0.000000 0.000000
0.038986 -0.212099 1.495209 0.860874 -0.686833 2.686678 -58.935324 -5.759299 -10.396478 73.616226 11.061474 -5.186061 3.224813 1.928815 5.857872 -0.850031 -0.641268 -0.514505 -60.332831 6.782682 7.811276 77.288912 -10.379395 2.194700 -0.578553 -3.082659 -8.059147 -1.882600 -2.657259 0.319058 48.217474 -0.223415 0.644469 -10.811761 -3.052642 -1.685290 5.814072 0.395426 0.216661 -9.262026 5.054480 8.464542 -10.634801 -0.024206 -0.894080 -3.853736 14.220836 -25.168296 2.470644 35.141148 -29.302848 -0.695050 -4.836940 -22.351389 -2.996698 -11.457389 -5.029184 0.000000 0.000000 0.000000 0.000000 0.000000 0.000000 0.000000 0.000000 0.000000 0.000000 0.000000 0.000000 0.000000 0.000000 0.000000 0.000000 0.000000 0.000000 0.000000 0.000000 0.000000 0.000000 0.000000 0.000000 0.000000 0.000000 0.000000 0.000000 0.000000 0.000000 0.000000 0.000000 0.000000 0.000000 0.000000 0.000000 0.000000 0.000000 0.000000 0.000000 0.000000 0.000000 -0.273521 -14.083540 27.055800 2.326308 -33.306367 27.675352 -0.011321 9.018832 26.454975 0.455345 8.659917 4.751846 0.000000 0.000000 0.000000 0.000000 0.000000 0.000000 0.000000 0.000000 0.000000 0.000000 0.000000 0.000000 0.000000 0.000000 0.000000 0.000000 0.000000 0.000000 0.000000 0.000000 0.000000 0.000000 0.000000 0.000000 0.000000 0.000000 0.000000 0.000000 0.000000 0.000000 0.000000 0.000000 0.000000 0.000000 0.000000 0.000000 0.000000 0.000000 0.000000 0.000000 0.000000 0.000000
0.038762 -0.214222 1.490406 0.820968 -0.663206 2.677747 -60.060005 -5.740826 -10.612027 75.071827 11.189367 -5.417655 3.277608 1.900365 5.854681 -0.838278 -0.564447 -0.520748 -61.424983 6.916114 7.996455 78.673693 -10.626326 2.357326 -0.417316 -3.076069 -7.858931 -1.908442 -2.723845 0.311877 49.296087 -0.198270 0.596589 -10.921125 -3.136159 -1.619153 5.721354 0.364448 0.217591 -9.519033 5.190638 8.463228 -11.276085 -0.177104 -1.103155 -3.928602 14.046563 -25.678834 1.927828 34.879195 -29.112010 -0.954302 -4.808046 -22.280518 -3.231496 -11.413015 -5.021965 0.000000 0.000000 0.000000 0.000000 0.000000 0.000000 0.000000 0.000000 0.000000 0.000000 0.000000 0.000000 0.000000 0.000000 0.000000 0.000000 0.000000 0.000000 0.000000 0.000000 0.000000 0.000000 0.000000 0.000000 0.000000 0.000000 0.000000 0.000000 0.000000 0.000000 0.000000 0.000000 0.000000 0.000000 0.000000 0.000000 0.000000 0.000000 0.000000 0.000000 0.000000 0.000000 -0.237393 -13.841348 27.498600 1.683051 -33.089643 27.349242 -0.353772 8.909307 26.328628 0.060253 8.611203 4.799784 0.000000 0.000000 0.000000 0.000000 0.000000 0.000000 0.000000 0.000000 0.000000 0.000000 0.000000 0.000000 0.000000 0.000000 0.000000 0.000000 0.000000 0.000000 0.000000 0.000000 0.000000 0.000000 0.000000 0.000000 0.000000 0.000000 0.000000 0.000000 0.000000 0.000000 0.000000 0.000000 0.000000 0.000000 0.000000 0.000000 0.000000 0.000000 0.000000 0.000000 0.000000 0.000000
0.040094 -0.216969 1.485527 0.599460 -0.722240 2.652818 -60.923168 -5.814168 -10.748087 76.501183 11.321335 -5.705901 3.252916 1.863674 5.817119 -0.832679 -0.504035 -0.539769 -62.340152 7.085788 8.140892 80.145823 -10.869724 2.515293 -0.372477 -3.071259 -7.697039 -1.946066 -2.730078 0.328307 50.309635 -0.189681 0.578293 -10.961074 -3.140559 -1.585712 5.646273 0.344316 0.224528 -9.661072 5.251919 8.372564 -11.910022 -0.345846 -1.319551 -4.034740 13.857684 -26.140768 1.397709 34.591721 -28.941706 -1.200008 -4.730625 -22.138379 -3.392443 -11.455642 -4.906668 0.000000 0.000000 0.000000 0.000000 0.000000 0.000000 0.000000 0.000000 0.000000 0.000000 0.000000 0.000000 0.000000 0.000000 0.000000 0.000000 0.000000 0.000000 0.000000 0.000000 0.000000 0.000000 0.000000 0.000000 0.000000 0.000000 0.000000 0.000000 0.000000 0.000000 0.000000 0.000000 0.000000 0.000000 0.000000 0.000000 0.000000 0.000000 0.000000 0.000000 0.000000 0.000000 -0.233399 -13.499525 27.929078 1.097265 -32.938976 27.175976 -0.540423 8.803811 26.157533 -0.337066 8.568839 4.669808 0.000000 0.000000 0.000000 0.000000 0.000000 0.000000 0.000000 0.000000 0.000000 0.000000 0.000000 0.000000 0.000000 0.000000 0.000000 0.000000 0.000000 0.000000 0.000000 0.000000 0.000000 0.000000 0.000000 0.000000 0.000000 0.000000 0.000000 0.000000 0.000000 0.000000 0.000000 0.000000 0.000000 0.000000 0.000000 0.000000 0.000000 0.000000 0.000000 0.000000 0.000000 0.000000
0.039824 -0.221721 1.480760 0.242684 -0.670502 2.607926 -61.710373 -5.909177 -10.884937 77.894796 11.391842 -5.972995 3.255775 1.783113 5.772159 -0.831061 -0.436732 -0.552029 -63.212756 7.237900 8.293141 81.612708 -11.171608 2.642164 -0.100138 -3.091912 -7.441391 -1.981965 -2.775743 0.342643 51.471886 -0.174758 0.527680 -11.087723 -3.177477 -1.532033 5.587636 0.331216 0.239674 -9.689114 5.340992 8.322811 -12.534971 -0.523245 -1.422560 -4.097206 13.622626 -26.597453 0.830448 34.420585 -28.720469 -1.604622 -4.653170 -22.078026 -3.791939 -11.282374 -4.854082 0.000000 0.000000 0.000000 0.000000 0.000000 0.000000 0.000000 0.000000 0.000000 0.000000 0.000000 0.000000 0.000000 0.000000 0.000000 0.000000 0.000000 0.000000 0.000000 0.000000 0.000000 0.000000 0.000000 0.000000 0.000000 0.000000 0.000000 0.000000 0.000000 0.000000 0.000000 0.000000 0.000000 0.000000 0.000000 0.000000 0.000000 0.000000 0.000000 0.000000 0.000000 0.000000 -0.197404 -13.131994 28.386757 0.519343 -32.909728 26.975940 -0.931809 8.663362 26.066555 -0.885329 8.505547 4.698079 0.000000 0.000000 0.000000 0.000000 0.000000 0.000000 0.000000 0.000000 0.000000 0.000000 0.000000 0.000000 0.000000 0.000000 0.000000 0.000000 0.000000 0.000000 0.000000 0.000000 0.000000 0.000000 0.000000 0.000000 0.000000 0.000000 0.000000 0.000000 0.000000 0.000000 0.000000 0.000000 0.000000 0.000000 0.000000 0.000000 0.000000 0.000000 0.000000 0.000000 0.000000 0.000000
0.040154 -0.225261 1.476056 -0.005299 -0.688895 2.576660 -62.603184 -5.854095 -11.068714 79.312733 11.450391 -6.203456 3.331946 1.870068 5.830115 -0.789180 -0.417083 -0.582771 -64.216252 7.404144 8.518248 83.126459 -11.440827 2.879804 0.169124 -3.148887 -7.290142 -1.982980 -2.809631 0.348352 52.552480 -0.182564 0.437100 -11.205140 -3.199688 -1.459059 5.536398 0.329651 0.239659 -9.733958 5.477711 8.253623 -13.057155 -0.650795 -1.628327 -4.192234 13.369466 -27.078896 0.270318 34.130086 -28.425477 -1.809234 -4.468860 -22.115823 -3.946345 -11.222953 -4.808579 0.000000 0.000000 0.000000 0.000000 0.000000 0.000000 0.000000 0.000000 0.000000 0.000000 0.000000 0.000000 0.000000 0.000000 0.000000 0.000000 0.000000 0.000000 0.000000 0.000000 0.000000 0.000000 0.000000 0.000000 0.000000 0.000000 0.000000 0.000000 0.000000 0.000000 0.000000 0.000000 0.000000 0.000000 0.000000 0.000000 0.000000 0.000000 0.000000 0.000000 0.000000 0.000000 -0.194491 -12.778609 28.835255 0.014615 -32.718423 26.693108 -1.140310 8.440093 26.135048 -1.300881 8.461141 4.690049 0.000000 0.000000 0.000000 0.000000 0.000000 0.000000 0.000000 0.000000 0.000000 0.000000 0.000000 0.000000 0.000000 0.000000 0.000000 0.000000 0.000000 0.000000 0.000000 0.000000 0.000000 0.000000 0.000000 0.000000 0.000000 0.000000 0.000000 0.000000 0.000000 0.000000 0.000000 0.000000 0.000000 0.000000 0.000000 0.000000 0.000000 0.000000 0.000000 0.000000 0.000000 0.000000
0.040674 -0.227735 1.471319 -0.175721 -0.663815 2.526706 -63.454179 -5.894632 -11.287420 80.600640 11.518197 -6.351765 3.294680 1.901733 5.825980 -0.755882 -0.372661 -0.591003 -65.122990 7.560854 8.638499 84.461768 -11.734325 2.997532 0.203929 -3.094746 -7.071225 -2.008159 -2.834285 0.355721 53.526654 -0.158547 0.396671 -11.304396 -3.232716 -1.390990 5.493336 0.305695 0.243960 -9.852554 5.578509 8.176770 -13.625879 -0.783446 -1.872863 -4.329489 13.172654 -27.458608 -0.147356 33.956488 -28.299197 -2.110108 -4.351391 -22.034007 -4.071202 -11.431531 -4.734703 0.000000 0.000000 0.000000 0.000000 0.000000 0.000000 0.000000 0.000000 0.000000 0.000000 0.000000 0.000000 0.000000 0.000000 0.000000 0.000000 0.000000 0.000000 0.000000 0.000000 0.000000 0.000000 0.000000 0.000000 0.000000 0.000000 0.000000 0.000000 0.000000 0.000000 0.000000 0.000000 0.000000 0.000000 0.000000 0.000000 0.000000 0.000000 0.000000 0.000000 0.000000 0.000000 -0.257150 -12.435194 29.201547 -0.373007 -32.642860 26.517489 -1.343488 8.282678 26.119394 -1.662685 8.525811 4.603589 0.000000 0.000000 0.000000 0.000000 0.000000 0.000000 0.000000 0.000000 0.000000 0.000000 0.000000 0.000000 0.000000 0.000000 0.000000 0.000000 0.000000 0.000000 0.000000 0.000000 0.000000 0.000000 0.000000 0.000000 0.000000 0.000000 0.000000 0.000000 0.000000 0.000000 0.000000 0.000000 0.000000 0.000000 0.000000 0.000000 0.000000 0.000000 0.000000 0.000000 0.000000 0.000000
0.042352 -0.232056 1.466582 -0.505626 -0.772964 2.438041 -64.140622 -5.880453 -11.430906 81.832274 11.596601 -6.578609 3.354168 1.895052 5.832879 -0.727886 -0.351566 -0.598463 -65.994514 7.713493 8.875711 85.850621 -11.987982 3.172637 0.349761 -3.059538 -6.961366 -2.055856 -2.832264 0.386298 54.373140 -0.129634 0.292651 -11.306959 -3.264345 -1.376621 5.413179 0.326844 0.239365 -9.980357 5.678838 8.102909 -14.086252 -0.844875 -2.128426 -4.395890 12.989487 -27.916831 -0.621312 33.625493 -28.059736 -2.349385 -4.197185 -21.894189 -4.141946 -11.323261 -4.629671 0.000000 0.000000 0.000000 0.000000 0.000000 0.000000 0.000000 0.000000 0.000000 0.000000 0.000000 0.000000 0.000000 0.000000 0.000000 0.000000 0.000000 0.000000 0.000000 0.000000 0.000000 0.000000 0.000000 0.000000 0.000000 0.000000 0.000000 0.000000 0.000000 0.000000 0.000000 0.000000 0.000000 0.000000 0.000000 0.000000 0.000000 0.000000 0.000000 0.000000 0.000000 0.000000 -0.273164 -12.154349 29.626321 -0.821761 -32.475103 26.312314 -1.513346 8.106458 26.029126 -2.106182 8.421402 4.567525 0.000000 0.000000 0.000000 0.000000 0.000000 0.000000 0.000000 0.000000 0.000000 0.000000 0.000000 0.000000 0.000000 0.000000 0.000000 0.000000 0.000000 0.000000 0.000000 0.000000 0.000000 0.000000 0.000000 0.000000 0.000000 0.000000 0.000000 0.000000 0.000000 0.000000 0.000000 0.000000 0.000000 0.000000 0.000000 0.000000 0.000000 0.000000 0.000000 0.000000 0.000000 0.000000
0.042043 -0.235964 1.461889 -0.815262 -0.762854 2.277793 -64.871129 -5.800585 -11.607371 83.133558 11.562284 -6.927175 3.384609 1.923639 5.997601 -0.709931 -0.346510 -0.662116 -66.861611 7.821020 9.069821 87.215812 -12.215599 3.364850 0.493265 -3.089481 -6.806923 -2.057465 -2.854527 0.386794 55.382674 -0.135228 0.234099 -11.395345 -3.256693 -1.297228 5.346008 0.317161 0.267656 -10.112262 5.870325 8.067199 -14.861101 -0.931902 -2.306769 -4.415719 12.834169 -28.470774 -1.124842 33.297783 -27.872301 -2.505380 -3.960156 -21.297786 -4.339772 -11.276912 -4.593340 0.000000 0.000000 0.000000 0.000000 0.000000 0.000000 0.000000 0.000000 0.000000 0.000000 0.000000 0.000000 0.000000 0.000000 0.000000 0.000000 0.000000 0.000000 0.000000 0.000000 0.000000 0.000000 0.000000 0.000000 0.000000 0.000000 0.000000 0.000000 0.000000 0.000000 0.000000 0.000000 0.000000 0.000000 0.000000 0.000000 0.000000 0.000000 0.000000 0.000000 0.000000 0.000000 -0.269825 -11.790082 30.150321 -1.385919 -32.336472 26.137536 -1.720243 7.900917 25.638223 -2.613858 8.461333 4.587487 0.000000 0.000000 0.000000 0.000000 0.000000 0.000000 0.000000 0.000000 0.000000 0.000000 0.000000 0.000000 0.000000 0.000000 0.000000 0.000000 0.000000 0.000000 0.000000 0.000000 0.000000 0.000000 0.000000 0.000000 0.000000 0.000000 0.000000 0.000000 0.000000 0.000000 0.000000 0.000000 0.000000 0.000000 0.000000 0.000000 0.000000 0.000000 0.000000 0.000000 0.000000 0.000000
0.042762 -0.239765 1.457449 -1.161867 -0.797081 2.188760 -65.471001 -5.766752 -11.735449 84.321404 11.542165 -7.167175 3.380095 1.938084 6.052405 -0.667627 -0.309845 -0.670196 -67.570392 7.908201 9.229777 88.481599 -12.392964 3.522685 0.499964 -3.031064 -6.705844 -2.102400 -2.863830 0.381198 56.335570 -0.146416 0.195078 -11.351384 -3.267622 -1.280627 5.264896 0.311750 0.295363 -10.251943 6.014950 7.984762 -15.442642 -1.092252 -2.487739 -4.537005 12.663295 -28.992730 -1.527167 33.014563 -27.690749 -2.713687 -3.806238 -21.155878 -4.394387 -11.358549 -4.515356 0.000000 0.000000 0.000000 0.000000 0.000000 0.000000 0.000000 0.000000 0.000000 0.000000 0.000000 0.000000 0.000000 0.000000 0.000000 0.000000 0.000000 0.000000 0.000000 0.000000 0.000000 0.000000 0.000000 0.000000 0.000000 0.000000 0.000000 0.000000 0.000000 0.000000 0.000000 0.000000 0.000000 0.000000 0.000000 0.000000 0.000000 0.000000 0.000000 0.000000 0.000000 0.000000 -0.324186 -11.462746 30.631244 -1.886233 -32.218027 25.879109 -1.972629 7.722979 25.584021 -2.961433 8.425519 4.522653 0.000000 0.000000 0.000000 0.000000 0.000000 0.000000 0.000000 0.000000 0.000000 0.000000 0.000000 0.000000 0.000000 0.000000 0.000000 0.000000 0.000000 0.000000 0.000000 0.000000 0.000000 0.000000 0.000000 0.000000 0.000000 0.000000 0.000000 0.000000 0.000000 0.000000 0.000000 0.000000 0.000000 0.000000 0.000000 0.000000 0.000000 0.000000 0.000000 0.000000 0.000000 0.000000
0.042601 -0.242454 1.453030 -1.357476 -0.762465 2.098798 -66.179755 -5.719853 -11.919607 85.419753 11.537029 -7.379770 3.343478 1.944516 6.189872 -0.616797 -0.277382 -0.682091 -68.384602 7.991785 9.366975 89.667947 -12.594747 3.728255 0.511530 -2.907325 -6.605851 -2.137940 -2.868555 0.387377 57.193412 -0.158973 0.179041 -11.269645 -3.308276 -1.228968 5.174952 0.286584 0.306152 -10.412532 6.164177 7.944269 -15.940946 -1.158868 -2.649998 -4.645597 12.503772 -29.498041 -1.945717 32.647687 -27.591092 -3.047457 -3.667655 -20.791447 -4.400756 -11.535702 -4.465058 0.000000 0.000000 0.000000 0.000000 0.000000 0.000000 0.000000 0.000000 0.000000 0.000000 0.000000 0.000000 0.000000 0.000000 0.000000 0.000000 0.000000 0.000000 0.000000 0.000000 0.000000 0.000000 0.000000 0.000000 0.000000 0.000000 0.000000 0.000000 0.000000 0.000000 0.000000 0.000000 0.000000 0.000000 0.000000 0.000000 0.000000 0.000000 0.000000 0.000000 0.000000 0.000000 -0.355195 -11.184225 31.132574 -2.389784 -31.917310 25.681199 -2.125736 7.494211 25.311051 -3.245662 8.465595 4.484898 0.000000 0.000000 0.000000 0.000000 0.000000 0.000000 0.000000 0.000000 0.000000 0.000000 0.000000 0.000000 0.000000 0.000000 0.000000 0.000000 0.000000 0.000000 0.000000 0.000000 0.000000 0.000000 0.000000 0.000000 0.000000 0.000000 0.000000 0.000000 0.000000 0.000000 0.000000 0.000000 0.000000 0.000000 0.000000 0.000000 0.000000 0.000000 0.000000 0.000000 0.000000 0.000000
0.039936 -0.246126 1.448739 -1.647603 -0.658737 1.934368 -66.895754 -5.559713 -12.097157 86.657821 11.510317 -7.624890 3.390102 2.007782 6.420475 -0.591635 -0.262474 -0.696886 -69.201872 8.066126 9.622509 90.897337 -12.802826 3.903923 0.697116 -2.939011 -6.476691 -2.125876 -2.897536 0.397473 58.052864 -0.113219 0.085226 -11.213532 -3.317208 -1.171668 5.082081 0.307457 0.309982 -10.559142 6.244434 7.883277 -16.458774 -1.252014 -2.810460 -4.776095 12.306806 -30.009075 -2.332223 32.334854 -27.400351 -3.152508 -3.486390 -20.357152 -4.588428 -11.660798 -4.517434 0.000000 0.000000 0.000000 0.000000 0.000000 0.000000 0.000000 0.000000 0.000000 0.000000 0.000000 0.000000 0.000000 0.000000 0.000000 0.000000 0.000000 0.000000 0.000000 0.000000 0.000000 0.000000 0.000000 0.000000 0.000000 0.000000 0.000000 0.000000 0.000000 0.000000 0.000000 0.000000 0.000000 0.000000 0.000000 0.000000 0.000000 0.000000 0.000000 0.000000 0.000000 0.000000 -0.443856 -10.937616 31.622482 -2.803466 -31.697733 25.587775 -2.317937 7.178136 24.796200 -3.797540 8.537034 4.578564 0.000000 0.000000 0.000000 0.000000 0.000000 0.000000 0.000000 0.000000 0.000000 0.000000 0.000000 0.000000 0.000000 0.000000 0.000000 0.000000 0.000000 0.000000 0.000000 0.000000 0.000000 0.000000 0.000000 0.000000 0.000000 0.000000 0.000000 0.000000 0.000000 0.000000 0.000000 0.000000 0.000000 0.000000 0.000000 0.000000 0.000000 0.000000 0.000000 0.000000 0.000000 0.000000
0.038245 -0.250885 1.444578 -1.931115 -0.526410 1.939638 -67.735819 -5.419666 -12.328544 87.809784 11.460727 -7.858483 3.639598 2.175907 6.546127 -0.581053 -0.277409 -0.714061 -70.058530 8.221469 9.807031 92.059019 -13.087383 4.067647 1.010810 -2.946888 -6.312280 -2.098735 -2.934064 0.402373 58.873614 -0.105939 0.091750 -11.189136 -3.394696 -1.094858 4.982455 0.319073 0.319298 -10.649096 6.319364 7.724814 -17.032156 -1.463619 -3.035358 -4.824362 12.056798 -30.625631 -2.722613 32.076124 -27.349526 -3.205337 -3.328432 -19.790468 -4.689549 -11.797527 -4.596112 0.000000 0.000000 0.000000 0.000000 0.000000 0.000000 0.000000 0.000000 0.000000 0.000000 0.000000 0.000000 0.000000 0.000000 0.000000 0.000000 0.000000 0.000000 0.000000 0.000000 0.000000 0.000000 0.000000 0.000000 0.000000 0.000000 0.000000 0.000000 0.000000 0.000000 0.000000 0.000000 0.000000 0.000000 0.000000 0.000000 0.000000 0.000000 0.000000 0.000000 0.000000 0.000000 -0.523630 -10.533526 32.088288 -3.248846 -31.615808 25.447318 -2.583553 6.994982 24.232435 -4.096670 8.824459 4.667352 0.000000 0.000000 0.000000 0.000000 0.000000 0.000000 0.000000 0.000000 0.000000 0.000000 0.000000 0.000000 0.000000 0.000000 0.000000 0.000000 0.000000 0.000000 0.000000 0.000000 0.000000 0.000000 0.000000 0.000000 0.000000 0.000000 0.000000 0.000000 0.000000 0.000000 0.000000 0.000000 0.000000 0.000000 0.000000 0.000000 0.000000 0.000000 0.000000 0.000000 0.000000 0.000000
0.036872 -0.254253 1.440505 -2.256842 -0.482023 1.731490 -68.297635 -5.371515 -12.479555 88.924107 11.461610 -8.143698 3.655142 2.276703 6.734078 -0.569909 -0.300837 -0.752728 -70.684094 8.391774 9.961978 93.147414 -13.290829 4.253926 0.924787 -2.877927 -6.117703 -2.090043 -2.938366 0.410945 59.880400 -0.114599 0.074927 -11.195788 -3.334449 -1.066557 4.912998 0.323649 0.356372 -10.743474 6.470631 7.639237 -17.683346 -1.594026 -3.126044 -4.913943 11.853496 -31.174143 -3.232675 31.694733 -27.052752 -3.278358 -3.200261 -19.462211 -4.741244 -11.830092 -4.521488 0.000000 0.000000 0.000000 0.000000 0.000000 0.000000 0.000000 0.000000 0.000000 0.000000 0.000000 0.000000 0.000000 0.000000 0.000000 0.000000 0.000000 0.000000 0.000000 0.000000 0.000000 0.000000 0.000000 0.000000 0.000000 0.000000 0.000000 0.000000 0.000000 0.000000 0.000000 0.000000 0.000000 0.000000 0.000000 0.000000 0.000000 0.000000 0.000000 0.000000 0.000000 0.000000 -0.579578 -10.111752 32.650314 -3.834930 -31.398033 25.340230 -2.714776 6.705652 23.773569 -4.436871 8.875867 4.638187 0.000000 0.000000 0.000000 0.000000 0.000000 0.000000 0.000000 0.000000 0.000000 0.000000 0.000000 0.000000 0.000000 0.000000 0.000000 0.000000 0.000000 0.000000 0.000000 0.000000 0.000000 0.000000 0.000000 0.000000 0.000000 0.000000 0.000000 0.000000 0.000000 0.000000 0.000000 0.000000 0.000000 0.000000 0.000000 0.000000 0.000000 0.000000 0.000000 0.000000 0.000000 0.000000
0.037568 -0.254663 1.436452 -2.305107 -0.502950 1.745537 -69.103192 -5.392793 -12.672892 89.990604 11.566269 -8.455868 3.734829 2.327872 6.727723 -0.514825 -0.329339 -0.771466 -71.579293 8.644636 10.186055 94.348797 -13.584659 4.611346 0.889066 -2.725522 -6.008642 -2.112930 -2.988313 0.413100 60.632492 -0.136110 0.076950 -11.167418 -3.384462 -1.060264 4.845872 0.340179 0.360072 -10.777846 6.606241 7.555773 -18.001767 -1.699251 -3.356650 -4.919548 11.661054 -31.713272 -3.585950 31.266099 -26.893791 -3.428962 -2.950643 -19.035260 -4.654819 -11.997329 -4.587933 0.000000 0.000000 0.000000 0.000000 0.000000 0.000000 0.000000 0.000000 0.000000 0.000000 0.000000 0.000000 0.000000 0.000000 0.000000 0.000000 0.000000 0.000000 0.000000 0.000000 0.000000 0.000000 0.000000 0.000000 0.000000 0.000000 0.000000 0.000000 0.000000 0.000000 0.000000 0.000000 0.000000 0.000000 0.000000 0.000000 0.000000 0.000000 0.000000 0.000000 0.000000 0.000000 -0.620623 -9.752134 33.110002 -4.198592 -31.119543 25.149158 -2.677776 6.477908 23.662600 -4.681221 8.945220 4.690257 0.000000 0.000000 0.000000 0.000000 0.000000 0.000000 0.000000 0.000000 0.000000 0.000000 0.000000 0.000000 0.000000 0.000000 0.000000 0.000000 0.000000 0.000000 0.000000 0.000000 0.000000 0.000000 0.000000 0.000000 0.000000 0.000000 0.000000 0.000000 0.000000 0.000000 0.000000 0.000000 0.000000 0.000000 0.000000 0.000000 0.000000 0.000000 0.000000 0.000000 0.000000 0.000000
0.037326 -0.257272 1.432530 -2.591483 -0.472124 1.687106 -69.806895 -5.333269 -12.826388 91.205365 11.513201 -8.752897 3.915503 2.503886 6.795591 -0.479770 -0.363199 -0.811966 -72.312508 8.805288 10.343235 95.575822 -13.789491 4.788029 0.940879 -2.628330 -5.863066 -2.125594 -3.000740 0.424484 61.477334 -0.139480 0.084840 -11.070994 -3.384355 -1.040794 4.724174 0.327109 0.375438 -10.922173 6.712763 7.461969 -18.507741 -1.862224 -3.541250 -4.967159 11.473718 -32.284987 -3.992962 30.915417 -26.573324 -3.498524 -2.874760 -18.716615 -4.764609 -12.326728 -4.586009 0.000000 0.000000 0.000000 0.000000 0.000000 0.000000 0.000000 0.000000 0.000000 0.000000 0.000000 0.000000 0.000000 0.000000 0.000000 0.000000 0.000000 0.000000 0.000000 0.000000 0.000000 0.000000 0.000000 0.000000 0.000000 0.000000 0.000000 0.000000 0.000000 0.000000 0.000000 0.000000 0.000000 0.000000 0.000000 0.000000 0.000000 0.000000 0.000000 0.000000 0.000000 0.000000 -0.660175 -9.434576 33.614264 -4.717545 -30.946645 24.863256 -2.882782 6.349869 23.353591 -5.047567 9.143655 4.635937 0.000000 0.000000 0.000000 0.000000 0.000000 0.000000 0.000000 0.000000 0.000000 0.000000 0.000000 0.000000 0.000000 0.000000 0.000000 0.000000 0.000000 0.000000 0.000000 0.000000 0.000000 0.000000 0.000000 0.000000 0.000000 0.000000 0.000000 0.000000 0.000000 0.000000 0.000000 0.000000 0.000000 0.000000 0.000000 0.000000 0.000000 0.000000 0.000000 0.000000 0.000000 0.000000
0.038912 -0.259070 1.428578 -2.755875 -0.632531 1.617454 -70.536548 -5.299327 -12.973526 92.280044 11.674593 -9.106378 4.146140 2.620610 6.817953 -0.445625 -0.376443 -0.831921 -73.118761 9.088697 10.595087 96.692550 -13.984682 4.981551 0.834317 -2.478233 -5.735298 -2.138758 -3.011702 0.435429 62.241607 -0.178271 0.096201 -10.975121 -3.365328 -1.021128 4.610526 0.324820 0.419048 -11.086797 6.869556 7.333720 -18.855633 -2.013666 -3.718570 -4.988467 11.326605 -32.824474 -4.264296 30.555504 -26.365282 -3.607513 -2.736151 -18.621111 -4.898101 -12.459823 -4.668886 0.000000 0.000000 0.000000 0.000000 0.000000 0.000000 0.000000 0.000000 0.000000 0.000000 0.000000 0.000000 0.000000 0.000000 0.000000 0.000000 0.000000 0.000000 0.000000 0.000000 0.000000 0.000000 0.000000 0.000000 0.000000 0.000000 0.000000 0.000000 0.000000 0.000000 0.000000 0.000000 0.000000 0.000000 0.000000 0.000000 0.000000 0.000000 0.000000 0.000000 0.000000 0.000000 -0.673892 -9.035894 34.100437 -5.187646 -30.645957 24.606719 -2.959518 6.109683 23.090226 -5.346354 9.143658 4.681148 0.000000 0.000000 0.000000 0.000000 0.000000 0.000000 0.000000 0.000000 0.000000 0.000000 0.000000 0.000000 0.000000 0.000000 0.000000 0.000000 0.000000 0.000000 0.000000 0.000000 0.000000 0.000000 0.000000 0.000000 0.000000 0.000000 0.000000 0.000000 0.000000 0.000000 0.000000 0.000000 0.000000 0.000000 0.000000 0.000000 0.000000 0.000000 0.000000 0.000000 0.000000 0.000000
0.037908 -0.261413 1.424616 -2.971020 -0.582362 1.567262 -71.319475 -5.340900 -13.132002 93.435566 11.754386 -9.442678 4.335895 2.750849 6.848765 -0.415346 -0.407151 -0.832809 -73.940322 9.275390 10.818221 97.873049 -14.211992 5.179725 0.930825 -2.428277 -5.619096 -2.140294 -3.027326 0.423482 63.058769 -0.223145 0.113143 -10.906531 -3.388485 -1.035324 4.488475 0.342770 0.442082 -11.097669 6.983569 7.174948 -19.274155 -2.163000 -3.854206 -4.996418 11.113679 -33.357949 -4.606899 30.236922 -26.123910 -3.593549 -2.583092 -18.162648 -4.966842 -12.577113 -4.725461 0.000000 0.000000 0.000000 0.000000 0.000000 0.000000 0.000000 0.000000 0.000000 0.000000 0.000000 0.000000 0.000000 0.000000 0.000000 0.000000 0.000000 0.000000 0.000000 0.000000 0.000000 0.000000 0.000000 0.000000 0.000000 0.000000 0.000000 0.000000 0.000000 0.000000 0.000000 0.000000 0.000000 0.000000 0.000000 0.000000 0.000000 0.000000 0.000000 0.000000 0.000000 0.000000 -0.715559 -8.627822 34.575928 -5.656229 -30.492538 24.439849 -2.929435 5.940173 22.639465 -5.590770 9.165010 4.705620 0.000000 0.000000 0.000000 0.000000 0.000000 0.000000 0.000000 0.000000 0.000000 0.000000 0.000000 0.000000 0.000000 0.000000 0.000000 0.000000 0.000000 0.000000 0.000000 0.000000 0.000000 0.000000 0.000000 0.000000 0.000000 0.000000 0.000000 0.000000 0.000000 0.000000 0.000000 0.000000 0.000000 0.000000 0.000000 0.000000 0.000000 0.000000 0.000000 0.000000 0.000000 0.000000
0.036378 -0.264106 1.420702 -3.217137 -0.515445 1.581922 -71.980640 -5.235848 -13.266404 94.468005 11.748347 -9.739786 4.417947 2.802336 6.913100 -0.400153 -0.390389 -0.829175 -74.692945 9.420424 11.052987 98.984899 -14.366077 5.248776 1.053541 -2.407398 -5.452041 -2.136539 -3.042104 0.421562 63.883088 -0.267670 0.117001 -10.805381 -3.360543 -0.996110 4.355646 0.349887 0.465037 -11.134996 7.064086 6.981396 -19.716544 -2.342232 -4.041415 -5.065619 10.961038 -33.746626 -4.856958 30.085549 -25.946803 -3.851558 -2.601887 -18.124579 -5.341429 -12.830913 -4.839644 0.000000 0.000000 0.000000 0.000000 0.000000 0.000000 0.000000 0.000000 0.000000 0.000000 0.000000 0.000000 0.000000 0.000000 0.000000 0.000000 0.000000 0.000000 0.000000 0.000000 0.000000 0.000000 0.000000 0.000000 0.000000 0.000000 0.000000 0.000000 0.000000 0.000000 0.000000 0.000000 0.000000 0.000000 0.000000 0.000000 0.000000 0.000000 0.000000 0.000000 0.000000 0.000000 -0.786970 -8.233555 34.949224 -6.024664 -30.416032 24.186042 -3.128093 5.859797 22.477283 -5.956336 9.251680 4.793623 0.000000 0.000000 0.000000 0.000000 0.000000 0.000000 0.000000 0.000000 0.000000 0.000000 0.000000 0.000000 0.000000 0.000000 0.000000 0.000000 0.000000 0.000000 0.000000 0.000000 0.000000 0.000000 0.000000 0.000000 0.000000 0.000000 0.000000 0.000000 0.000000 0.000000 0.000000 0.000000 0.000000 0.000000 0.000000 0.000000 0.000000 0.000000 0.000000 0.000000 0.000000 0.000000
0.036421 -0.266245 1.416728 -3.388094 -0.560899 1.487730 -72.734374 -5.138086 -13.434068 95.515949 11.802253 -10.090528 4.679815 2.883631 6.997129 -0.398380 -0.414745 -0.829056 -75.551986 9.595322 11.343772 100.092901 -14.561039 5.453409 1.184546 -2.313606 -5.301452 -2.140479 -3.055343 0.425119 64.679579 -0.347674 0.159224 -10.755525 -3.353741 -0.947689 4.223447 0.375229 0.480724 -11.185742 7.193080 6.797359 -20.072770 -2.499843 -4.290848 -5.076770 10.779684 -34.180280 -5.038510 29.791862 -25.826610 -3.921787 -2.418349 -17.954206 -5.559644 -12.727408 -5.052783 0.000000 0.000000 0.000000 0.000000 0.000000 0.000000 0.000000 0.000000 0.000000 0.000000 0.000000 0.000000 0.000000 0.000000 0.000000 0.000000 0.000000 0.000000 0.000000 0.000000 0.000000 0.000000 0.000000 0.000000 0.000000 0.000000 0.000000 0.000000 0.000000 0.000000 0.000000 0.000000 0.000000 0.000000 0.000000 0.000000 0.000000 0.000000 0.000000 0.000000 0.000000 0.000000 -0.833540 -7.861677 35.378442 -6.445758 -30.238224 23.862952 -3.297715 5.631034 22.239946 -6.361202 9.127011 4.953839 0.000000 0.000000 0.000000 0.000000 0.000000 0.000000 0.000000 0.000000 0.000000 0.000000 0.000000 0.000000 0.000000 0.000000 0.000000 0.000000 0.000000 0.000000 0.000000 0.000000 0.000000 0.000000 0.000000 0.000000 0.000000 0.000000 0.000000 0.000000 0.000000 0.000000 0.000000 0.000000 0.000000 0.000000 0.000000 0.000000 0.000000 0.000000 0.000000 0.000000 0.000000 0.000000
0.034555 -0.269071 1.412723 -3.572768 -0.486771 1.466563 -73.474311 -5.096649 -13.542606 96.473885 11.835672 -10.408918 4.792773 2.973462 7.085565 -0.395807 -0.447582 -0.841559 -76.353619 9.743283 11.547350 101.082910 -14.666576 5.592144 1.344739 -2.276587 -5.153141 -2.156937 -3.103429 0.442559 65.380482 -0.407141 0.199244 -10.733852 -3.347905 -0.899612 4.141248 0.375505 0.514409 -11.258020 7.288862 6.639778 -20.325883 -2.712237 -4.493925 -5.097671 10.598832 -34.579926 -5.274645 29.596316 -25.669744 -4.011670 -2.305526 -17.758260 -5.862812 -12.867233 -5.211797 0.000000 0.000000 0.000000 0.000000 0.000000 0.000000 0.000000 0.000000 0.000000 0.000000 0.000000 0.000000 0.000000 0.000000 0.000000 0.000000 0.000000 0.000000 0.000000 0.000000 0.000000 0.000000 0.000000 0.000000 0.000000 0.000000 0.000000 0.000000 0.000000 0.000000 0.000000 0.000000 0.000000 0.000000 0.000000 0.000000 0.000000 0.000000 0.000000 0.000000 0.000000 0.000000 -0.884029 -7.458476 35.766853 -6.884399 -29.999418 23.586023 -3.318095 5.400586 21.763595 -6.653635 9.088961 5.118757 0.000000 0.000000 0.000000 0.000000 0.000000 0.000000 0.000000 0.000000 0.000000 0.000000 0.000000 0.000000 0.000000 0.000000 0.000000 0.000000 0.000000 0.000000 0.000000 0.000000 0.000000 0.000000 0.000000 0.000000 0.000000 0.000000 0.000000 0.000000 0.000000 0.000000 0.000000 0.000000 0.000000 0.000000 0.000000 0.000000 0.000000 0.000000 0.000000 0.000000 0.000000 0.000000
0.034488 -0.271321 1.408764 -3.886862 -0.518191 1.442789 -74.073949 -5.073186 -13.654627 97.591788 11.874015 -10.753005 4.947145 3.098674 7.106351 -0.380131 -0.454376 -0.843273 -77.013302 9.983118 11.782637 102.239441 -14.811246 5.748149 1.430639 -2.232886 -4.978331 -2.161779 -3.156049 0.452208 66.160673 -0.461800 0.244624 -10.655100 -3.326424 -0.829480 4.049512 0.395379 0.549376 -11.313031 7.423550 6.489379 -20.635254 -2.834482 -4.742720 -5.158454 10.433813 -34.981622 -5.452696 29.472067 -25.474479 -4.131996 -2.164078 -17.774127 -6.102368 -13.137646 -5.446964 0.000000 0.000000 0.000000 0.000000 0.000000 0.000000 0.000000 0.000000 0.000000 0.000000 0.000000 0.000000 0.000000 0.000000 0.000000 0.000000 0.000000 0.000000 0.000000 0.000000 0.000000 0.000000 0.000000 0.000000 0.000000 0.000000 0.000000 0.000000 0.000000 0.000000 0.000000 0.000000 0.000000 0.000000 0.000000 0.000000 0.000000 0.000000 0.000000 0.000000 0.000000 0.000000 -0.905117 -7.143495 36.133574 -7.279723 -29.811336 23.230510 -3.421023 5.203891 21.520501 -6.889470 9.189217 5.291480 0.000000 0.000000 0.000000 0.000000 0.000000 0.000000 0.000000 0.000000 0.000000 0.000000 0.000000 0.000000 0.000000 0.000000 0.000000 0.000000 0.000000 0.000000 0.000000 0.000000 0.000000 0.000000 0.000000 0.000000 0.000000 0.000000 0.000000 0.000000 0.000000 0.000000 0.000000 0.000000 0.000000 0.000000 0.000000 0.000000 0.000000 0.000000 0.000000 0.000000 0.000000 0.000000
0.034569 -0.271976 1.404700 -4.040018 -0.549699 1.467015 -74.762716 -5.085588 -13.778042 98.636648 11.944727 -11.161819 5.050104 3.127556 7.082494 -0.400000 -0.499748 -0.845036 -77.776944 10.323383 12.003336 103.359208 -14.971339 5.999042 1.503246 -2.111077 -4.759000 -2.131792 -3.193182 0.468836 66.858947 -0.526429 0.313042 -10.524924 -3.322173 -0.766806 3.908571 0.404486 0.577054 -11.347258 7.510226 6.313453 -20.933198 -2.978352 -5.076110 -5.120202 10.270662 -35.364900 -5.674147 29.271376 -25.344883 -4.203568 -2.048607 -17.676136 -6.277850 -13.205762 -5.659609 0.000000 0.000000 0.000000 0.000000 0.000000 0.000000 0.000000 0.000000 0.000000 0.000000 0.000000 0.000000 0.000000 0.000000 0.000000 0.000000 0.000000 0.000000 0.000000 0.000000 0.000000 0.000000 0.000000 0.000000 0.000000 0.000000 0.000000 0.000000 0.000000 0.000000 0.000000 0.000000 0.000000 0.000000 0.000000 0.000000 0.000000 0.000000 0.000000 0.000000 0.000000 0.000000 -0.897700 -6.766420 36.472083 -7.687334 -29.591146 22.851864 -3.386544 5.046609 21.281044 -7.113684 9.219070 5.477727 0.000000 0.000000 0.000000 0.000000 0.000000 0.000000 0.000000 0.000000 0.000000 0.000000 0.000000 0.000000 0.000000 0.000000 0.000000 0.000000 0.000000 0.000000 0.000000 0.000000 0.000000 0.000000 0.000000 0.000000 0.000000 0.000000 0.000000 0.000000 0.000000 0.000000 0.000000 0.000000 0.000000 0.000000 0.000000 0.000000 0.000000 0.000000 0.000000 0.000000 0.000000 0.000000
0.034486 -0.273408 1.400578 -4.234174 -0.596558 1.417881 -75.416853 -5.094480 -13.889045 99.645495 12.027918 -11.485510 5.168198 3.197018 7.091900 -0.427252 -0.495344 -0.857976 -78.471005 10.607898 12.217421 104.372283 -15.074178 6.212635 1.485388 -2.033079 -4.560388 -2.095165 -3.207287 0.481852 67.583727 -0.595864 0.314777 -10.528594 -3.326757 -0.715372 3.842175 0.415681 0.587052 -11.410492 7.585023 6.235607 -21.173213 -3.085467 -5.306975 -5.179884 10.117404 -35.580396 -5.795626 29.274512 -25.162450 -4.231283 -1.993641 -17.683059 -6.436642 -13.393160 -5.836075 0.000000 0.000000 0.000000 0.000000 0.000000 0.000000 0.000000 0.000000 0.000000 0.000000 0.000000 0.000000 0.000000 0.000000 0.000000 0.000000 0.000000 0.000000 0.000000 0.000000 0.000000 0.000000 0.000000 0.000000 0.000000 0.000000 0.000000 0.000000 0.000000 0.000000 0.000000 0.000000 0.000000 0.000000 0.000000 0.000000 0.000000 0.000000 0.000000 0.000000 0.000000 0.000000 -1.010158 -6.473505 36.717337 -7.875619 -29.616285 22.577145 -3.616175 4.973173 21.209157 -7.304503 9.324281 5.639576 0.000000 0.000000 0.000000 0.000000 0.000000 0.000000 0.000000 0.000000 0.000000 0.000000 0.000000 0.000000 0.000000 0.000000 0.000000 0.000000 0.000000 0.000000 0.000000 0.000000 0.000000 0.000000 0.000000 0.000000 0.000000 0.000000 0.000000 0.000000 0.000000 0.000000 0.000000 0.000000 0.000000 0.000000 0.000000 0.000000 0.000000 0.000000 0.000000 0.000000 0.000000 0.000000
0.032405 -0.274840 1.396587 -4.676559 -0.479505 1.302381 -75.861455 -5.134269 -13.984416 100.926210 11.955031 -11.869406 5.158101 3.369774 7.274039 -0.501495 -0.475325 -0.875966 -78.916255 10.747494 12.370135 105.613470 -15.123234 6.415566 1.535976 -2.035978 -4.362635 -2.065653 -3.264494 0.462339 68.437289 -0.716621 0.334562 -10.448169 -3.297358 -0.613631 3.826722 0.399736 0.619408 -11.317505 7.629108 6.122346 -21.562767 -3.201389 -5.563745 -5.180929 9.990503 -35.868142 -6.046206 29.202066 -24.858518 -4.201817 -1.924722 -17.581987 -6.762544 -13.742109 -5.927732 0.000000 0.000000 0.000000 0.000000 0.000000 0.000000 0.000000 0.000000 0.000000 0.000000 0.000000 0.000000 0.000000 0.000000 0.000000 0.000000 0.000000 0.000000 0.000000 0.000000 0.000000 0.000000 0.000000 0.000000 0.000000 0.000000 0.000000 0.000000 0.000000 0.000000 0.000000 0.000000 0.000000 0.000000 0.000000 0.000000 0.000000 0.000000 0.000000 0.000000 0.000000 0.000000 -1.042457 -6.190979 37.001254 -8.263921 -29.490883 22.109414 -3.584583 4.872286 21.161914 -7.683867 9.574696 5.811120 0.000000 0.000000 0.000000 0.000000 0.000000 0.000000 0.000000 0.000000 0.000000 0.000000 0.000000 0.000000 0.000000 0.000000 0.000000 0.000000 0.000000 0.000000 0.000000 0.000000 0.000000 0.000000 0.000000 0.000000 0.000000 0.000000 0.000000 0.000000 0.000000 0.000000 0.000000 0.000000 0.000000 0.000000 0.000000 0.000000 0.000000 0.000000 0.000000 0.000000 0.000000 0.000000
0.033831 -0.275578 1.392495 -4.854579 -0.596051 1.290516 -76.534718 -5.121869 -14.082866 101.977350 11.980667 -12.174597 5.292273 3.510540 7.225189 -0.465761 -0.513205 -0.882043 -79.656646 11.022527 12.644412 106.704589 -15.247104 6.654637 1.603048 -1.915796 -4.176528 -2.060084 -3.288435 0.486058 69.157271 -0.822622 0.359090 -10.442145 -3.316934 -0.566987 3.724502 0.429561 0.631258 -11.423665 7.726912 5.872728 -21.841440 -3.405860 -5.848836 -5.164405 9.949652 -36.151378 -6.183032 29.152506 -24.575037 -4.259376 -1.968724 -17.710706 -6.892243 -14.018808 -6.052224 0.000000 0.000000 0.000000 0.000000 0.000000 0.000000 0.000000 0.000000 0.000000 0.000000 0.000000 0.000000 0.000000 0.000000 0.000000 0.000000 0.000000 0.000000 0.000000 0.000000 0.000000 0.000000 0.000000 0.000000 0.000000 0.000000 0.000000 0.000000 0.000000 0.000000 0.000000 0.000000 0.000000 0.000000 0.000000 0.000000 0.000000 0.000000 0.000000 0.000000 0.000000 0.000000 -1.041138 -5.955038 37.295716 -8.494316 -29.291839 21.650522 -3.466494 4.841365 21.198905 -7.682625 9.828605 5.950756 0.000000 0.000000 0.000000 0.000000 0.000000 0.000000 0.000000 0.000000 0.000000 0.000000 0.000000 0.000000 0.000000 0.000000 0.000000 0.000000 0.000000 0.000000 0.000000 0.000000 0.000000 0.000000 0.000000 0.000000 0.000000 0.000000 0.000000 0.000000 0.000000 0.000000 0.000000 0.000000 0.000000 0.000000 0.000000 0.000000 0.000000 0.000000 0.000000 0.000000 0.000000 0.000000
0.034926 -0.276941 1.388556 -5.186179 -0.688674 1.307008 -77.096590 -5.069688 -14.193035 103.120800 11.958255 -12.586880 5.489379 3.653285 7.178461 -0.427454 -0.549886 -0.889583 -80.215721 11.254961 12.886063 107.853646 -15.289216 6.902285 1.619023 -1.819100 -3.979707 -1.999586 -3.301410 0.500943 69.932556 -0.911305 0.417245 -10.468257 -3.305849 -0.557796 3.699098 0.415484 0.663175 -11.444148 7.842315 5.833428 -22.010234 -3.511842 -6.047553 -5.194836 9.786074 -36.483745 -6.361988 29.245718 -24.293440 -4.329974 -1.982275 -17.761108 -6.959610 -14.306443 -6.213834 0.000000 0.000000 0.000000 0.000000 0.000000 0.000000 0.000000 0.000000 0.000000 0.000000 0.000000 0.000000 0.000000 0.000000 0.000000 0.000000 0.000000 0.000000 0.000000 0.000000 0.000000 0.000000 0.000000 0.000000 0.000000 0.000000 0.000000 0.000000 0.000000 0.000000 0.000000 0.000000 0.000000 0.000000 0.000000 0.000000 0.000000 0.000000 0.000000 0.000000 0.000000 0.000000 -1.054875 -5.686092 37.554903 -8.698607 -29.228251 21.168866 -3.440365 4.824315 21.327973 -7.625435 10.115184 6.217325 0.000000 0.000000 0.000000 0.000000 0.000000 0.000000 0.000000 0.000000 0.000000 0.000000 0.000000 0.000000 0.000000 0.000000 0.000000 0.000000 0.000000 0.000000 0.000000 0.000000 0.000000 0.000000 0.000000 0.000000 0.000000 0.000000 0.000000 0.000000 0.000000 0.000000 0.000000 0.000000 0.000000 0.000000 0.000000 0.000000 0.000000 0.000000 0.000000 0.000000 0.000000 0.000000
0.036121 -0.278094 1.384591 -5.513029 -0.773440 1.257019 -77.671886 -5.074498 -14.286290 104.292374 11.895906 -12.978007 5.709680 3.774882 7.097317 -0.436030 -0.563186 -0.898086 -80.871322 11.497869 13.111097 109.068648 -15.331403 7.208192 1.824495 -1.710214 -3.768372 -1.979118 -3.321828 0.514862 70.642951 -1.030305 0.438918 -10.440054 -3.274922 -0.512060 3.567825 0.439472 0.670689 -11.458775 7.897282 5.661647 -22.247912 -3.674321 -6.301986 -5.113156 9.716388 -36.754173 -6.539145 29.161444 -23.970294 -4.152686 -2.013478 -17.884192 -7.060746 -14.493119 -6.374497 0.000000 0.000000 0.000000 0.000000 0.000000 0.000000 0.000000 0.000000 0.000000 0.000000 0.000000 0.000000 0.000000 0.000000 0.000000 0.000000 0.000000 0.000000 0.000000 0.000000 0.000000 0.000000 0.000000 0.000000 0.000000 0.000000 0.000000 0.000000 0.000000 0.000000 0.000000 0.000000 0.000000 0.000000 0.000000 0.000000 0.000000 0.000000 0.000000 0.000000 0.000000 0.000000 -1.003138 -5.463739 37.808573 -8.974430 -29.143501 20.757805 -3.375574 4.809064 21.294811 -7.627241 10.367922 6.388761 0.000000 0.000000 0.000000 0.000000 0.000000 0.000000 0.000000 0.000000 0.000000 0.000000 0.000000 0.000000 0.000000 0.000000 0.000000 0.000000 0.000000 0.000000 0.000000 0.000000 0.000000 0.000000 0.000000 0.000000 0.000000 0.000000 0.000000 0.000000 0.000000 0.000000 0.000000 0.000000 0.000000 0.000000 0.000000 0.000000 0.000000 0.000000 0.000000 0.000000 0.000000 0.000000
0.036238 -0.279709 1.380845 -5.935133 -0.806252 1.217241 -77.978599 -5.129121 -14.319905 105.314507 11.837903 -13.376797 5.696906 3.803097 7.104330 -0.409854 -0.580603 -0.900462 -81.260236 11.697979 13.302751 110.144532 -15.334578 7.409030 1.832790 -1.649421 -3.584268 -1.952261 -3.332081 0.523665 71.400819 -1.124285 0.489092 -10.451466 -3.224289 -0.472036 3.568264 0.446612 0.693991 -11.456526 8.008082 5.541684 -22.448789 -3.744233 -6.542066 -5.165349 9.543239 -36.960798 -6.688443 29.220799 -23.743682 -4.180681 -2.015261 -17.927193 -7.254856 -14.723497 -6.507632 0.000000 0.000000 0.000000 0.000000 0.000000 0.000000 0.000000 0.000000 0.000000 0.000000 0.000000 0.000000 0.000000 0.000000 0.000000 0.000000 0.000000 0.000000 0.000000 0.000000 0.000000 0.000000 0.000000 0.000000 0.000000 0.000000 0.000000 0.000000 0.000000 0.000000 0.000000 0.000000 0.000000 0.000000 0.000000 0.000000 0.000000 0.000000 0.000000 0.000000 0.000000 0.000000 -1.060817 -5.201678 37.983286 -9.196159 -29.141662 20.370611 -3.302259 4.811324 21.321114 -7.667288 10.681113 6.520481 0.000000 0.000000 0.000000 0.000000 0.000000 0.000000 0.000000 0.000000 0.000000 0.000000 0.000000 0.000000 0.000000 0.000000 0.000000 0.000000 0.000000 0.000000 0.000000 0.000000 0.000000 0.000000 0.000000 0.000000 0.000000 0.000000 0.000000 0.000000 0.000000 0.000000 0.000000 0.000000 0.000000 0.000000 0.000000 0.000000 0.000000 0.000000 0.000000 0.000000 0.000000 0.000000
0.036674 -0.279306 1.377094 -6.166005 -0.854287 1.200669 -78.396109 -5.187002 -14.383452 106.303401 11.828371 -13.721125 5.610024 3.831911 7.123103 -0.363137 -0.615506 -0.918304 -81.707647 11.916152 13.508675 111.136747 -15.383554 7.570898 1.721662 -1.528801 -3.430773 -1.932091 -3.353248 0.544282 72.040262 -1.192129 0.534363 -10.393438 -3.214162 -0.457788 3.534859 0.482296 0.700515 -11.522302 8.046466 5.428605 -22.669185 -3.870609 -6.776967 -5.193918 9.407951 -37.148324 -6.867090 29.263203 -23.470500 -4.170909 -2.051062 -18.079471 -7.367617 -14.986836 -6.603847 0.000000 0.000000 0.000000 0.000000 0.000000 0.000000 0.000000 0.000000 0.000000 0.000000 0.000000 0.000000 0.000000 0.000000 0.000000 0.000000 0.000000 0.000000 0.000000 0.000000 0.000000 0.000000 0.000000 0.000000 0.000000 0.000000 0.000000 0.000000 0.000000 0.000000 0.000000 0.000000 0.000000 0.000000 0.000000 0.000000 0.000000 0.000000 0.000000 0.000000 0.000000 0.000000 -1.087748 -5.002578 38.184321 -9.395302 -29.078004 20.026181 -3.209267 4.764730 21.272659 -7.793625 10.926042 6.640029 0.000000 0.000000 0.000000 0.000000 0.000000 0.000000 0.000000 0.000000 0.000000 0.000000 0.000000 0.000000 0.000000 0.000000 0.000000 0.000000 0.000000 0.000000 0.000000 0.000000 0.000000 0.000000 0.000000 0.000000 0.000000 0.000000 0.000000 0.000000 0.000000 0.000000 0.000000 0.000000 0.000000 0.000000 0.000000 0.000000 0.000000 0.000000 0.000000 0.000000 0.000000 0.000000
0.036109 -0.278984 1.373466 -6.461054 -0.861258 1.148989 -78.777287 -5.207557 -14.409138 107.369922 11.762914 -14.110726 5.527499 3.920575 7.236725 -0.345206 -0.635520 -0.923733 -82.078064 12.153619 13.663503 112.148259 -15.350288 7.725256 1.580141 -1.475852 -3.235495 -1.890892 -3.359254 0.541855 72.754025 -1.284841 0.591950 -10.375302 -3.190681 -0.429545 3.533396 0.472687 0.701635 -11.457269 8.101616 5.310569 -22.899842 -3.938363 -6.989648 -5.264835 9.230056 -37.303632 -6.985011 29.330012 -23.332000 -4.043962 -2.024245 -17.986408 -7.682295 -15.279957 -6.786591 0.000000 0.000000 0.000000 0.000000 0.000000 0.000000 0.000000 0.000000 0.000000 0.000000 0.000000 0.000000 0.000000 0.000000 0.000000 0.000000 0.000000 0.000000 0.000000 0.000000 0.000000 0.000000 0.000000 0.000000 0.000000 0.000000 0.000000 0.000000 0.000000 0.000000 0.000000 0.000000 0.000000 0.000000 0.000000 0.000000 0.000000 0.000000 0.000000 0.000000 0.000000 0.000000 -1.161192 -4.792303 38.304002 -9.627015 -29.110347 19.656584 -3.177408 4.717211 21.277533 -8.082399 11.218390 6.775591 0.000000 0.000000 0.000000 0.000000 0.000000 0.000000 0.000000 0.000000 0.000000 0.000000 0.000000 0.000000 0.000000 0.000000 0.000000 0.000000 0.000000 0.000000 0.000000 0.000000 0.000000 0.000000 0.000000 0.000000 0.000000 0.000000 0.000000 0.000000 0.000000 0.000000 0.000000 0.000000 0.000000 0.000000 0.000000 0.000000 0.000000 0.000000 0.000000 0.000000 0.000000 0.000000
0.035029 -0.277454 1.369838 -6.593626 -0.797341 1.150656 -79.288575 -5.208419 -14.518408 108.381020 11.723761 -14.395940 5.420092 3.951727 7.307079 -0.309140 -0.662092 -0.932122 -82.589943 12.345029 13.857826 113.126269 -15.398637 7.901709 1.572588 -1.375278 -3.073389 -1.879790 -3.382656 0.553906 73.362915 -1.372445 0.658228 -10.328992 -3.197404 -0.422078 3.478234 0.485311 0.691423 -11.379757 8.138938 5.189723 -23.202054 -4.048786 -7.177427 -5.303268 9.076733 -37.500200 -7.113416 29.294811 -23.132567 -3.938018 -2.026605 -17.986367 -7.780977 -15.546220 -6.919230 0.000000 0.000000 0.000000 0.000000 0.000000 0.000000 0.000000 0.000000 0.000000 0.000000 0.000000 0.000000 0.000000 0.000000 0.000000 0.000000 0.000000 0.000000 0.000000 0.000000 0.000000 0.000000 0.000000 0.000000 0.000000 0.000000 0.000000 0.000000 0.000000 0.000000 0.000000 0.000000 0.000000 0.000000 0.000000 0.000000 0.000000 0.000000 0.000000 0.000000 0.000000 0.000000 -1.217443 -4.607172 38.466883 -9.822610 -29.063640 19.301516 -3.011374 4.647356 21.222144 -8.188296 11.455849 6.858628 0.000000 0.000000 0.000000 0.000000 0.000000 0.000000 0.000000 0.000000 0.000000 0.000000 0.000000 0.000000 0.000000 0.000000 0.000000 0.000000 0.000000 0.000000 0.000000 0.000000 0.000000 0.000000 0.000000 0.000000 0.000000 0.000000 0.000000 0.000000 0.000000 0.000000 0.000000 0.000000 0.000000 0.000000 0.000000 0.000000 0.000000 0.000000 0.000000 0.000000 0.000000 0.000000
0.034646 -0.277346 1.366507 -6.885480 -0.745153 1.135609 -79.613917 -5.132257 -14.642779 109.326146 11.584425 -14.759341 5.350834 4.044751 7.421949 -0.308071 -0.690517 -0.948788 -82.948057 12.470979 13.972984 114.097889 -15.387506 8.006926 1.584901 -1.277835 -2.879047 -1.837867 -3.402687 0.565043 74.000528 -1.445978 0.702064 -10.153728 -3.160157 -0.336301 3.416497 0.469782 0.710662 -11.328975 8.214131 5.097537 -23.468437 -4.155795 -7.359547 -5.370529 8.963666 -37.672547 -7.308316 29.196630 -23.019278 -4.026615 -1.977364 -17.999793 -7.989244 -15.725250 -7.014468 0.000000 0.000000 0.000000 0.000000 0.000000 0.000000 0.000000 0.000000 0.000000 0.000000 0.000000 0.000000 0.000000 0.000000 0.000000 0.000000 0.000000 0.000000 0.000000 0.000000 0.000000 0.000000 0.000000 0.000000 0.000000 0.000000 0.000000 0.000000 0.000000 0.000000 0.000000 0.000000 0.000000 0.000000 0.000000 0.000000 0.000000 0.000000 0.000000 0.000000 0.000000 0.000000 -1.267373 -4.405212 38.623018 -10.077823 -28.895545 18.988221 -2.925318 4.519867 21.108219 -8.201232 11.518014 6.981941 0.000000 0.000000 0.000000 0.000000 0.000000 0.000000 0.000000 0.000000 0.000000 0.000000 0.000000 0.000000 0.000000 0.000000 0.000000 0.000000 0.000000 0.000000 0.000000 0.000000 0.000000 0.000000 0.000000 0.000000 0.000000 0.000000 0.000000 0.000000 0.000000 0.000000 0.000000 0.000000 0.000000 0.000000 0.000000 0.000000 0.000000 0.000000 0.000000 0.000000 0.000000 0.000000
0.035721 -0.273548 1.363149 -6.911021 -0.815241 1.153636 -79.967984 -5.220779 -14.706010 110.219324 11.570521 -15.074742 5.045304 4.031668 7.449969 -0.247854 -0.743640 -0.969429 -83.323740 12.659755 14.159826 115.010883 -15.409911 8.213145 1.240295 -1.118243 -2.815591 -1.814627 -3.421319 0.575199 74.594731 -1.558135 0.768214 -10.069106 -3.131242 -0.346396 3.394472 0.488702 0.722753 -11.337665 8.336496 5.011394 -23.631332 -4.184189 -7.557550 -5.371088 8.858813 -37.911695 -7.449946 28.987932 -22.732349 -4.091700 -1.940278 -18.141584 -8.110643 -15.985344 -7.100874 0.000000 0.000000 0.000000 0.000000 0.000000 0.000000 0.000000 0.000000 0.000000 0.000000 0.000000 0.000000 0.000000 0.000000 0.000000 0.000000 0.000000 0.000000 0.000000 0.000000 0.000000 0.000000 0.000000 0.000000 0.000000 0.000000 0.000000 0.000000 0.000000 0.000000 0.000000 0.000000 0.000000 0.000000 0.000000 0.000000 0.000000 0.000000 0.000000 0.000000 0.000000 0.000000 -1.271961 -4.231688 38.841796 -10.232520 -28.616403 18.640576 -2.601986 4.387682 21.210469 -8.304306 11.690707 7.066916 0.000000 0.000000 0.000000 0.000000 0.000000 0.000000 0.000000 0.000000 0.000000 0.000000 0.000000 0.000000 0.000000 0.000000 0.000000 0.000000 0.000000 0.000000 0.000000 0.000000 0.000000 0.000000 0.000000 0.000000 0.000000 0.000000 0.000000 0.000000 0.000000 0.000000 0.000000 0.000000 0.000000 0.000000 0.000000 0.000000 0.000000 0.000000 0.000000 0.000000 0.000000 0.000000
0.035499 -0.273105 1.360128 -7.200029 -0.797250 1.170404 -80.307557 -5.171040 -14.780494 111.196312 11.451069 -15.407007 5.033479 4.089977 7.493990 -0.221071 -0.782065 -0.977219 -83.650660 12.815079 14.280895 115.971666 -15.344278 8.402324 1.229845 -1.009435 -2.673543 -1.755023 -3.433709 0.596676 75.171696 -1.634506 0.824798 -10.008102 -3.105157 -0.330242 3.402463 0.484056 0.708989 -11.183628 8.459664 4.952222 -23.916899 -4.255305 -7.701383 -5.471746 8.732423 -38.119641 -7.581232 28.966251 -22.579846 -4.028554 -1.937462 -18.013254 -8.336942 -16.294045 -7.219922 0.000000 0.000000 0.000000 0.000000 0.000000 0.000000 0.000000 0.000000 0.000000 0.000000 0.000000 0.000000 0.000000 0.000000 0.000000 0.000000 0.000000 0.000000 0.000000 0.000000 0.000000 0.000000 0.000000 0.000000 0.000000 0.000000 0.000000 0.000000 0.000000 0.000000 0.000000 0.000000 0.000000 0.000000 0.000000 0.000000 0.000000 0.000000 0.000000 0.000000 0.000000 0.000000 -1.381905 -4.082640 39.002291 -10.356730 -28.587615 18.383658 -2.574996 4.338098 21.108646 -8.539402 11.996321 7.284129 0.000000 0.000000 0.000000 0.000000 0.000000 0.000000 0.000000 0.000000 0.000000 0.000000 0.000000 0.000000 0.000000 0.000000 0.000000 0.000000 0.000000 0.000000 0.000000 0.000000 0.000000 0.000000 0.000000 0.000000 0.000000 0.000000 0.000000 0.000000 0.000000 0.000000 0.000000 0.000000 0.000000 0.000000 0.000000 0.000000 0.000000 0.000000 0.000000 0.000000 0.000000 0.000000
0.035598 -0.269868 1.357047 -7.245588 -0.806355 1.216788 -80.703846 -5.119904 -14.868356 112.101953 11.386108 -15.760193 4.812767 4.095405 7.586875 -0.212655 -0.811910 -0.982924 -84.021652 12.936512 14.426471 116.839205 -15.299595 8.552374 1.002514 -0.873050 -2.600655 -1.703119 -3.453502 0.588462 75.756468 -1.710390 0.865364 -9.921881 -3.100744 -0.318145 3.352349 0.514328 0.710991 -11.082687 8.525937 4.906178 -24.294069 -4.261649 -7.891894 -5.575048 8.579299 -38.258232 -7.713803 28.951563 -22.462895 -3.989005 -1.991215 -18.017706 -8.443161 -16.736647 -7.371846 0.000000 0.000000 0.000000 0.000000 0.000000 0.000000 0.000000 0.000000 0.000000 0.000000 0.000000 0.000000 0.000000 0.000000 0.000000 0.000000 0.000000 0.000000 0.000000 0.000000 0.000000 0.000000 0.000000 0.000000 0.000000 0.000000 0.000000 0.000000 0.000000 0.000000 0.000000 0.000000 0.000000 0.000000 0.000000 0.000000 0.000000 0.000000 0.000000 0.000000 0.000000 0.000000 -1.500573 -3.927323 39.117963 -10.499568 -28.633584 18.113818 -2.581670 4.361681 21.119134 -8.642233 12.363736 7.428897 0.000000 0.000000 0.000000 0.000000 0.000000 0.000000 0.000000 0.000000 0.000000 0.000000 0.000000 0.000000 0.000000 0.000000 0.000000 0.000000 0.000000 0.000000 0.000000 0.000000 0.000000 0.000000 0.000000 0.000000 0.000000 0.000000 0.000000 0.000000 0.000000 0.000000 0.000000 0.000000 0.000000 0.000000 0.000000 0.000000 0.000000 0.000000 0.000000 0.000000 0.000000 0.000000
0.035090 -0.266905 1.354181 -7.430180 -0.741534 1.264989 -81.029533 -5.056473 -14.940368 113.150463 11.185652 -16.120840 4.657713 4.118619 7.623507 -0.181317 -0.815716 -0.974021 -84.328062 13.035809 14.502758 117.871780 -15.176950 8.769563 0.932325 -0.802296 -2.483970 -1.629628 -3.443903 0.569043 76.271724 -1.812131 0.922527 -9.804898 -3.044127 -0.315898 3.329322 0.501290 0.727807 -10.873379 8.680037 4.895509 -24.535209 -4.313204 -7.965177 -5.623392 8.431727 -38.415563 -7.760096 28.975573 -22.322043 -3.899772 -2.055366 -17.966601 -8.568968 -17.332368 -7.493044 0.000000 0.000000 0.000000 0.000000 0.000000 0.000000 0.000000 0.000000 0.000000 0.000000 0.000000 0.000000 0.000000 0.000000 0.000000 0.000000 0.000000 0.000000 0.000000 0.000000 0.000000 0.000000 0.000000 0.000000 0.000000 0.000000 0.000000 0.000000 0.000000 0.000000 0.000000 0.000000 0.000000 0.000000 0.000000 0.000000 0.000000 0.000000 0.000000 0.000000 0.000000 0.000000 -1.522701 -3.775707 39.226617 -10.581640 -28.691539 17.867631 -2.374113 4.397653 21.166913 -8.702602 12.896304 7.643839 0.000000 0.000000 0.000000 0.000000 0.000000 0.000000 0.000000 0.000000 0.000000 0.000000 0.000000 0.000000 0.000000 0.000000 0.000000 0.000000 0.000000 0.000000 0.000000 0.000000 0.000000 0.000000 0.000000 0.000000 0.000000 0.000000 0.000000 0.000000 0.000000 0.000000 0.000000 0.000000 0.000000 0.000000 0.000000 0.000000 0.000000 0.000000 0.000000 0.000000 0.000000 0.000000
0.034542 -0.262985 1.351331 -7.388427 -0.705864 1.160340 -81.436670 -5.038116 -15.027318 114.012018 11.090229 -16.441245 4.420066 4.058824 7.737656 -0.162113 -0.841117 -0.990244 -84.731007 13.180616 14.562782 118.653326 -15.120642 8.926917 0.668872 -0.634254 -2.328951 -1.608049 -3.477535 0.592495 76.679210 -1.837064 0.987837 -9.621927 -3.026958 -0.285825 3.243481 0.514258 0.739490 -10.752022 8.797760 4.859699 -24.888924 -4.369023 -8.114172 -5.707855 8.325838 -38.511130 -7.847422 28.987411 -22.238044 -3.932833 -2.102322 -17.993778 -8.694902 -17.701576 -7.572649 0.000000 0.000000 0.000000 0.000000 0.000000 0.000000 0.000000 0.000000 0.000000 0.000000 0.000000 0.000000 0.000000 0.000000 0.000000 0.000000 0.000000 0.000000 0.000000 0.000000 0.000000 0.000000 0.000000 0.000000 0.000000 0.000000 0.000000 0.000000 0.000000 0.000000 0.000000 0.000000 0.000000 0.000000 0.000000 0.000000 0.000000 0.000000 0.000000 0.000000 0.000000 0.000000 -1.587757 -3.660568 39.322416 -10.702624 -28.653633 17.585012 -2.319140 4.408454 21.360878 -8.819034 13.111569 7.776300 0.000000 0.000000 0.000000 0.000000 0.000000 0.000000 0.000000 0.000000 0.000000 0.000000 0.000000 0.000000 0.000000 0.000000 0.000000 0.000000 0.000000 0.000000 0.000000 0.000000 0.000000 0.000000 0.000000 0.000000 0.000000 0.000000 0.000000 0.000000 0.000000 0.000000 0.000000 0.000000 0.000000 0.000000 0.000000 0.000000 0.000000 0.000000 0.000000 0.000000 0.000000 0.000000
0.034658 -0.258897 1.348622 -7.407111 -0.700693 1.167978 -81.791265 -4.951027 -15.114870 114.941078 10.965488 -16.736707 4.157024 4.030605 7.799059 -0.134685 -0.841720 -0.982373 -85.015895 13.230211 14.628305 119.487992 -15.007085 9.070240 0.353310 -0.502837 -2.267856 -1.564198 -3.475746 0.585663 76.968379 -1.914957 1.023818 -9.444361 -3.017459 -0.328387 3.161322 0.503619 0.735193 -10.554134 8.847292 4.833123 -25.037688 -4.505902 -8.267700 -5.706776 8.214836 -38.615195 -7.879436 29.039246 -22.090300 -3.816565 -2.159947 -17.934286 -8.661629 -18.325911 -7.593454 0.000000 0.000000 0.000000 0.000000 0.000000 0.000000 0.000000 0.000000 0.000000 0.000000 0.000000 0.000000 0.000000 0.000000 0.000000 0.000000 0.000000 0.000000 0.000000 0.000000 0.000000 0.000000 0.000000 0.000000 0.000000 0.000000 0.000000 0.000000 0.000000 0.000000 0.000000 0.000000 0.000000 0.000000 0.000000 0.000000 0.000000 0.000000 0.000000 0.000000 0.000000 0.000000 -1.580014 -3.563845 39.407066 -10.681053 -28.750471 17.376986 -2.117321 4.494376 21.572573 -8.801326 13.560512 7.858529 0.000000 0.000000 0.000000 0.000000 0.000000 0.000000 0.000000 0.000000 0.000000 0.000000 0.000000 0.000000 0.000000 0.000000 0.000000 0.000000 0.000000 0.000000 0.000000 0.000000 0.000000 0.000000 0.000000 0.000000 0.000000 0.000000 0.000000 0.000000 0.000000 0.000000 0.000000 0.000000 0.000000 0.000000 0.000000 0.000000 0.000000 0.000000 0.000000 0.000000 0.000000 0.000000
0.033607 -0.254097 1.345915 -7.370282 -0.602614 1.124526 -82.077865 -4.943825 -15.200806 115.799590 10.834770 -17.019309 3.710360 3.919940 7.935735 -0.122630 -0.838069 -0.978151 -85.299760 13.292009 14.696913 120.313564 -14.951750 9.253938 0.008678 -0.365458 -2.135054 -1.525948 -3.486955 0.584968 77.251565 -1.966730 1.058677 -9.286752 -3.021954 -0.363712 3.117661 0.524106 0.742908 -10.361076 8.883569 4.844830 -25.239443 -4.579996 -8.287933 -5.713625 8.136035 -38.689081 -7.972436 29.073960 -21.923319 -3.830904 -2.231013 -17.928730 -8.786525 -18.784233 -7.597778 0.000000 0.000000 0.000000 0.000000 0.000000 0.000000 0.000000 0.000000 0.000000 0.000000 0.000000 0.000000 0.000000 0.000000 0.000000 0.000000 0.000000 0.000000 0.000000 0.000000 0.000000 0.000000 0.000000 0.000000 0.000000 0.000000 0.000000 0.000000 0.000000 0.000000 0.000000 0.000000 0.000000 0.000000 0.000000 0.000000 0.000000 0.000000 0.000000 0.000000 0.000000 0.000000 -1.599758 -3.480336 39.453469 -10.719523 -28.818824 17.233303 -1.998782 4.489308 21.711311 -8.859219 13.916818 7.903740 0.000000 0.000000 0.000000 0.000000 0.000000 0.000000 0.000000 0.000000 0.000000 0.000000 0.000000 0.000000 0.000000 0.000000 0.000000 0.000000 0.000000 0.000000 0.000000 0.000000 0.000000 0.000000 0.000000 0.000000 0.000000 0.000000 0.000000 0.000000 0.000000 0.000000 0.000000 0.000000 0.000000 0.000000 0.000000 0.000000 0.000000 0.000000 0.000000 0.000000 0.000000 0.000000
0.033448 -0.248969 1.343261 -7.340528 -0.548898 1.069672 -82.324939 -4.998102 -15.273633 116.690204 10.687069 -17.326396 3.205083 3.746185 7.992698 -0.120428 -0.835282 -0.963328 -85.523287 13.392652 14.753672 121.144156 -14.914923 9.495611 -0.418170 -0.148044 -2.023111 -1.472311 -3.536664 0.584276 77.530701 -1.983862 1.075227 -9.167925 -3.039407 -0.355873 3.077241 0.564867 0.735048 -10.258580 8.855658 4.901850 -25.320792 -4.610284 -8.366025 -5.693390 8.061463 -38.737661 -8.072847 29.066467 -21.717840 -3.709511 -2.246874 -17.982811 -8.804649 -19.291282 -7.703746 0.000000 0.000000 0.000000 0.000000 0.000000 0.000000 0.000000 0.000000 0.000000 0.000000 0.000000 0.000000 0.000000 0.000000 0.000000 0.000000 0.000000 0.000000 0.000000 0.000000 0.000000 0.000000 0.000000 0.000000 0.000000 0.000000 0.000000 0.000000 0.000000 0.000000 0.000000 0.000000 0.000000 0.000000 0.000000 0.000000 0.000000 0.000000 0.000000 0.000000 0.000000 0.000000 -1.629387 -3.443812 39.456590 -10.659644 -28.913179 17.126004 -1.868802 4.442895 21.907631 -8.925261 14.344479 7.985289 0.000000 0.000000 0.000000 0.000000 0.000000 0.000000 0.000000 0.000000 0.000000 0.000000 0.000000 0.000000 0.000000 0.000000 0.000000 0.000000 0.000000 0.000000 0.000000 0.000000 0.000000 0.000000 0.000000 0.000000 0.000000 0.000000 0.000000 0.000000 0.000000 0.000000 0.000000 0.000000 0.000000 0.000000 0.000000 0.000000 0.000000 0.000000 0.000000 0.000000 0.000000 0.000000
0.034152 -0.244442 1.340675 -7.354786 -0.588846 1.055046 -82.506031 -5.068627 -15.288379 117.534671 10.598622 -17.626898 2.662637 3.575657 8.067433 -0.120353 -0.861999 -0.968765 -85.750451 13.542561 14.861874 121.991974 -14.857812 9.667958 -0.861021 0.082171 -1.905554 -1.456721 -3.597079 0.574284 77.825218 -2.013958 1.085972 -8.984399 -3.064690 -0.383012 2.992647 0.633310 0.716730 -10.151294 8.798702 4.872779 -25.382151 -4.693225 -8.476359 -5.671452 7.989195 -38.820562 -8.094090 28.897739 -21.514305 -3.455102 -2.205862 -18.088188 -8.592466 -19.810933 -7.775189 0.000000 0.000000 0.000000 0.000000 0.000000 0.000000 0.000000 0.000000 0.000000 0.000000 0.000000 0.000000 0.000000 0.000000 0.000000 0.000000 0.000000 0.000000 0.000000 0.000000 0.000000 0.000000 0.000000 0.000000 0.000000 0.000000 0.000000 0.000000 0.000000 0.000000 0.000000 0.000000 0.000000 0.000000 0.000000 0.000000 0.000000 0.000000 0.000000 0.000000 0.000000 0.000000 -1.678887 -3.404612 39.509617 -10.594691 -28.912042 17.044958 -1.580148 4.345019 21.991224 -8.752259 14.809316 7.996651 0.000000 0.000000 0.000000 0.000000 0.000000 0.000000 0.000000 0.000000 0.000000 0.000000 0.000000 0.000000 0.000000 0.000000 0.000000 0.000000 0.000000 0.000000 0.000000 0.000000 0.000000 0.000000 0.000000 0.000000 0.000000 0.000000 0.000000 0.000000 0.000000 0.000000 0.000000 0.000000 0.000000 0.000000 0.000000 0.000000 0.000000 0.000000 0.000000 0.000000 0.000000 0.000000
0.034096 -0.237590 1.337846 -7.230553 -0.560038 1.028417 -82.747705 -5.070252 -15.316266 118.490682 10.425975 -17.970594 1.941886 3.327046 8.180422 -0.139261 -0.863485 -0.964788 -85.929429 13.604710 14.883587 122.847298 -14.737861 9.956258 -1.569428 0.330394 -1.883525 -1.399942 -3.623812 0.559385 77.995609 -2.056952 1.127607 -8.868589 -3.066772 -0.419838 2.983825 0.643704 0.730997 -9.945364 8.826339 4.906288 -25.438217 -4.744932 -8.472125 -5.589132 7.970838 -38.855021 -8.112741 28.904681 -21.330426 -3.236160 -2.286331 -18.172237 -8.459022 -20.548094 -7.783112 0.000000 0.000000 0.000000 0.000000 0.000000 0.000000 0.000000 0.000000 0.000000 0.000000 0.000000 0.000000 0.000000 0.000000 0.000000 0.000000 0.000000 0.000000 0.000000 0.000000 0.000000 0.000000 0.000000 0.000000 0.000000 0.000000 0.000000 0.000000 0.000000 0.000000 0.000000 0.000000 0.000000 0.000000 0.000000 0.000000 0.000000 0.000000 0.000000 0.000000 0.000000 0.000000 -1.683517 -3.378923 39.492398 -10.489773 -29.002325 16.910348 -1.141783 4.365923 22.201101 -8.556815 15.336289 8.027461 0.000000 0.000000 0.000000 0.000000 0.000000 0.000000 0.000000 0.000000 0.000000 0.000000 0.000000 0.000000 0.000000 0.000000 0.000000 0.000000 0.000000 0.000000 0.000000 0.000000 0.000000 0.000000 0.000000 0.000000 0.000000 0.000000 0.000000 0.000000 0.000000 0.000000 0.000000 0.000000 0.000000 0.000000 0.000000 0.000000 0.000000 0.000000 0.000000 0.000000 0.000000 0.000000
0.034812 -0.233699 1.335237 -7.263277 -0.565472 1.072553 -82.908754 -5.131473 -15.365774 119.339069 10.319496 -18.273059 1.171686 3.046094 8.219439 -0.146163 -0.870177 -0.950500 -86.012955 13.755281 14.919156 123.621906 -14.697227 10.245392 -2.282562 0.658146 -1.833245 -1.377867 -3.691419 0.527241 78.222686 -2.037083 1.107686 -8.722472 -3.133690 -0.431539 2.989087 0.684917 0.713833 -9.818201 8.700004 5.030919 -25.454689 -4.780156 -8.509780 -5.570736 7.928353 -38.856584 -8.168880 28.765971 -21.111747 -3.157224 -2.276677 -18.470733 -8.411596 -21.170396 -7.876986 0.000000 0.000000 0.000000 0.000000 0.000000 0.000000 0.000000 0.000000 0.000000 0.000000 0.000000 0.000000 0.000000 0.000000 0.000000 0.000000 0.000000 0.000000 0.000000 0.000000 0.000000 0.000000 0.000000 0.000000 0.000000 0.000000 0.000000 0.000000 0.000000 0.000000 0.000000 0.000000 0.000000 0.000000 0.000000 0.000000 0.000000 0.000000 0.000000 0.000000 0.000000 0.000000 -1.731861 -3.424498 39.471154 -10.366571 -29.036721 16.834854 -0.946310 4.371309 22.541270 -8.473008 15.813942 8.103796 0.000000 0.000000 0.000000 0.000000 0.000000 0.000000 0.000000 0.000000 0.000000 0.000000 0.000000 0.000000 0.000000 0.000000 0.000000 0.000000 0.000000 0.000000 0.000000 0.000000 0.000000 0.000000 0.000000 0.000000 0.000000 0.000000 0.000000 0.000000 0.000000 0.000000 0.000000 0.000000 0.000000 0.000000 0.000000 0.000000 0.000000 0.000000 0.000000 0.000000 0.000000 0.000000
0.036428 -0.228846 1.332625 -7.297433 -0.652428 1.165159 -83.020242 -5.150462 -15.351097 120.272462 10.169621 -18.619293 0.320743 2.736211 8.217344 -0.157577 -0.856634 -0.913390 -86.073421 13.847279 14.917917 124.509403 -14.513556 10.484905 -3.096205 0.998132 -1.797136 -1.341686 -3.771966 0.483378 78.361658 -2.047639 1.080407 -8.571004 -3.148722 -0.478931 2.972348 0.735613 0.714913 -9.604702 8.661383 5.157219 -25.405125 -4.858822 -8.503117 -5.502998 7.863121 -38.857970 -8.184274 28.759082 -20.876150 -3.041758 -2.275327 -18.714738 -8.377456 -21.815288 -7.958105 0.000000 0.000000 0.000000 0.000000 0.000000 0.000000 0.000000 0.000000 0.000000 0.000000 0.000000 0.000000 0.000000 0.000000 0.000000 0.000000 0.000000 0.000000 0.000000 0.000000 0.000000 0.000000 0.000000 0.000000 0.000000 0.000000 0.000000 0.000000 0.000000 0.000000 0.000000 0.000000 0.000000 0.000000 0.000000 0.000000 0.000000 0.000000 0.000000 0.000000 0.000000 0.000000 -1.688551 -3.462771 39.412289 -10.170438 -29.170290 16.701984 -0.682800 4.353773 22.989207 -8.275434 16.378228 8.211387 0.000000 0.000000 0.000000 0.000000 0.000000 0.000000 0.000000 0.000000 0.000000 0.000000 0.000000 0.000000 0.000000 0.000000 0.000000 0.000000 0.000000 0.000000 0.000000 0.000000 0.000000 0.000000 0.000000 0.000000 0.000000 0.000000 0.000000 0.000000 0.000000 0.000000 0.000000 0.000000 0.000000 0.000000 0.000000 0.000000 0.000000 0.000000 0.000000 0.000000 0.000000 0.000000
0.037359 -0.223889 1.329945 -7.267313 -0.698451 1.187224 -83.122054 -5.166545 -15.371681 121.159234 10.060665 -18.965052 -0.686115 2.336879 8.291939 -0.170701 -0.862481 -0.901967 -86.093889 13.922448 14.938969 125.284779 -14.421325 10.732859 -4.060593 1.438841 -1.749773 -1.325931 -3.872356 0.449229 78.537790 -2.035425 1.048667 -8.402792 -3.211144 -0.470864 2.968833 0.806936 0.707196 -9.491115 8.580055 5.250097 -25.365659 -4.866099 -8.568977 -5.468013 7.818066 -38.758427 -8.185735 28.763134 -20.681688 -3.064174 -2.333433 -19.202774 -8.342968 -22.527794 -8.095592 0.000000 0.000000 0.000000 0.000000 0.000000 0.000000 0.000000 0.000000 0.000000 0.000000 0.000000 0.000000 0.000000 0.000000 0.000000 0.000000 0.000000 0.000000 0.000000 0.000000 0.000000 0.000000 0.000000 0.000000 0.000000 0.000000 0.000000 0.000000 0.000000 0.000000 0.000000 0.000000 0.000000 0.000000 0.000000 0.000000 0.000000 0.000000 0.000000 0.000000 0.000000 0.000000 -1.763143 -3.513118 39.300704 -9.925090 -29.281712 16.517533 -0.431321 4.426509 23.692669 -8.116172 16.844642 8.320270 0.000000 0.000000 0.000000 0.000000 0.000000 0.000000 0.000000 0.000000 0.000000 0.000000 0.000000 0.000000 0.000000 0.000000 0.000000 0.000000 0.000000 0.000000 0.000000 0.000000 0.000000 0.000000 0.000000 0.000000 0.000000 0.000000 0.000000 0.000000 0.000000 0.000000 0.000000 0.000000 0.000000 0.000000 0.000000 0.000000 0.000000 0.000000 0.000000 0.000000 0.000000 0.000000
0.038193 -0.219807 1.327341 -7.385864 -0.760385 1.223973 -83.185722 -5.219007 -15.403058 122.200217 9.989660 -19.365686 -1.645411 1.925602 8.333500 -0.192765 -0.827492 -0.874459 -86.067626 14.030945 14.931376 126.195395 -14.233163 10.993138 -4.975336 1.848451 -1.713773 -1.307924 -3.946568 0.385559 78.672954 -2.046072 1.017726 -8.254662 -3.230783 -0.495649 2.985612 0.849774 0.699878 -9.216163 8.499193 5.447206 -25.300989 -4.847625 -8.570527 -5.407282 7.743361 -38.648588 -8.109368 28.835583 -20.511830 -2.809325 -2.367864 -19.565541 -8.267825 -23.203550 -8.217936 0.000000 0.000000 0.000000 0.000000 0.000000 0.000000 0.000000 0.000000 0.000000 0.000000 0.000000 0.000000 0.000000 0.000000 0.000000 0.000000 0.000000 0.000000 0.000000 0.000000 0.000000 0.000000 0.000000 0.000000 0.000000 0.000000 0.000000 0.000000 0.000000 0.000000 0.000000 0.000000 0.000000 0.000000 0.000000 0.000000 0.000000 0.000000 0.000000 0.000000 0.000000 0.000000 -1.788658 -3.563356 39.132958 -9.671971 -29.544039 16.368332 -0.238452 4.529528 24.320745 -8.008935 17.498659 8.427177 0.000000 0.000000 0.000000 0.000000 0.000000 0.000000 0.000000 0.000000 0.000000 0.000000 0.000000 0.000000 0.000000 0.000000 0.000000 0.000000 0.000000 0.000000 0.000000 0.000000 0.000000 0.000000 0.000000 0.000000 0.000000 0.000000 0.000000 0.000000 0.000000 0.000000 0.000000 0.000000 0.000000 0.000000 0.000000 0.000000 0.000000 0.000000 0.000000 0.000000 0.000000 0.000000
0.039958 -0.214442 1.324582 -7.394506 -0.843652 1.294105 -83.232687 -5.250694 -15.414746 123.198498 9.830496 -19.833952 -2.781289 1.380777 8.362964 -0.194593 -0.824792 -0.850497 -85.995782 14.152035 14.911085 127.092165 -14.118415 11.404988 -6.102323 2.394117 -1.774504 -1.296664 -4.064426 0.328206 78.750551 -2.054393 0.972608 -8.111091 -3.303764 -0.515419 2.987787 0.927307 0.688697 -9.102548 8.324230 5.621416 -25.140852 -4.868911 -8.518432 -5.308903 7.725888 -38.422434 -7.971026 28.910460 -20.302869 -2.671414 -2.436520 -20.135704 -8.197434 -23.860709 -8.359564 0.000000 0.000000 0.000000 0.000000 0.000000 0.000000 0.000000 0.000000 0.000000 0.000000 0.000000 0.000000 0.000000 0.000000 0.000000 0.000000 0.000000 0.000000 0.000000 0.000000 0.000000 0.000000 0.000000 0.000000 0.000000 0.000000 0.000000 0.000000 0.000000 0.000000 0.000000 0.000000 0.000000 0.000000 0.000000 0.000000 0.000000 0.000000 0.000000 0.000000 0.000000 0.000000 -1.786819 -3.688548 38.906099 -9.277525 -29.774435 16.230640 0.046812 4.652435 25.220540 -7.979397 17.903851 8.592719 0.000000 0.000000 0.000000 0.000000 0.000000 0.000000 0.000000 0.000000 0.000000 0.000000 0.000000 0.000000 0.000000 0.000000 0.000000 0.000000 0.000000 0.000000 0.000000 0.000000 0.000000 0.000000 0.000000 0.000000 0.000000 0.000000 0.000000 0.000000 0.000000 0.000000 0.000000 0.000000 0.000000 0.000000 0.000000 0.000000 0.000000 0.000000 0.000000 0.000000 0.000000 0.000000
0.041168 -0.210229 1.321771 -7.552291 -0.920157 1.260681 -83.196589 -5.344851 -15.438880 124.310778 9.689774 -20.348764 -3.899232 0.816721 8.361424 -0.229233 -0.783401 -0.802170 -85.852891 14.285335 14.868490 128.058100 -13.927475 11.825077 -7.254994 2.880585 -1.783586 -1.297508 -4.160435 0.249343 78.799610 -2.043035 0.927416 -7.922962 -3.326797 -0.539236 3.055358 0.962564 0.702040 -8.836744 8.237892 5.819905 -24.951870 -4.838386 -8.477532 -5.203281 7.728586 -38.145281 -7.840143 29.086813 -20.123375 -2.608329 -2.536878 -20.737184 -8.180258 -24.485792 -8.428403 0.000000 0.000000 0.000000 0.000000 0.000000 0.000000 0.000000 0.000000 0.000000 0.000000 0.000000 0.000000 0.000000 0.000000 0.000000 0.000000 0.000000 0.000000 0.000000 0.000000 0.000000 0.000000 0.000000 0.000000 0.000000 0.000000 0.000000 0.000000 0.000000 0.000000 0.000000 0.000000 0.000000 0.000000 0.000000 0.000000 0.000000 0.000000 0.000000 0.000000 0.000000 0.000000 -1.831576 -3.766291 38.620129 -8.910816 -30.110393 16.021001 0.344959 4.873108 26.260553 -7.823680 18.242515 8.658324 0.000000 0.000000 0.000000 0.000000 0.000000 0.000000 0.000000 0.000000 0.000000 0.000000 0.000000 0.000000 0.000000 0.000000 0.000000 0.000000 0.000000 0.000000 0.000000 0.000000 0.000000 0.000000 0.000000 0.000000 0.000000 0.000000 0.000000 0.000000 0.000000 0.000000 0.000000 0.000000 0.000000 0.000000 0.000000 0.000000 0.000000 0.000000 0.000000 0.000000 0.000000 0.000000
0.042130 -0.205387 1.318748 -7.804930 -0.999183 1.332957 -83.108195 -5.523463 -15.448975 125.610631 9.552540 -20.906047 -5.031744 0.253406 8.271973 -0.250836 -0.756922 -0.755852 -85.751099 14.408676 14.818466 129.300249 -13.567900 12.231669 -8.144512 3.406699 -1.743924 -1.274223 -4.306280 0.166030 78.834918 -2.094312 0.857996 -7.656206 -3.348747 -0.541671 2.964695 1.052171 0.702109 -8.512259 8.160961 5.906725 -24.727469 -4.852713 -8.397035 -4.971678 7.703409 -37.788335 -7.666168 29.385329 -19.903331 -2.273022 -2.668184 -21.498560 -7.986942 -25.202284 -8.582696 0.000000 0.000000 0.000000 0.000000 0.000000 0.000000 0.000000 0.000000 0.000000 0.000000 0.000000 0.000000 0.000000 0.000000 0.000000 0.000000 0.000000 0.000000 0.000000 0.000000 0.000000 0.000000 0.000000 0.000000 0.000000 0.000000 0.000000 0.000000 0.000000 0.000000 0.000000 0.000000 0.000000 0.000000 0.000000 0.000000 0.000000 0.000000 0.000000 0.000000 0.000000 0.000000 -1.779729 -3.823058 38.238619 -8.419407 -30.609753 15.806828 0.755572 5.045746 27.288612 -7.443459 18.922784 8.737091 0.000000 0.000000 0.000000 0.000000 0.000000 0.000000 0.000000 0.000000 0.000000 0.000000 0.000000 0.000000 0.000000 0.000000 0.000000 0.000000 0.000000 0.000000 0.000000 0.000000 0.000000 0.000000 0.000000 0.000000 0.000000 0.000000 0.000000 0.000000 0.000000 0.000000 0.000000 0.000000 0.000000 0.000000 0.000000 0.000000 0.000000 0.000000 0.000000 0.000000 0.000000 0.000000
0.043595 -0.199856 1.315017 -7.972108 -1.098679 1.308193 -83.004038 -5.573880 -15.485775 126.883806 9.335878 -21.424609 -6.280335 -0.386115 8.183393 -0.265389 -0.726829 -0.711664 -85.602472 14.534154 14.735831 130.516604 -13.215921 12.683278 -9.471009 3.934060 -1.651391 -1.311100 -4.443674 0.070322 78.889677 -2.051449 0.827986 -7.504410 -3.361903 -0.546787 3.052755 1.100372 0.703352 -8.183984 8.000244 6.026615 -24.528440 -4.834122 -8.288392 -4.852699 7.743317 -37.352185 -7.357665 29.649781 -19.724521 -2.017268 -2.865285 -22.417787 -7.748007 -25.916908 -8.688517 0.000000 0.000000 0.000000 0.000000 0.000000 0.000000 0.000000 0.000000 0.000000 0.000000 0.000000 0.000000 0.000000 0.000000 0.000000 0.000000 0.000000 0.000000 0.000000 0.000000 0.000000 0.000000 0.000000 0.000000 0.000000 0.000000 0.000000 0.000000 0.000000 0.000000 0.000000 0.000000 0.000000 0.000000 0.000000 0.000000 0.000000 0.000000 0.000000 0.000000 0.000000 0.000000 -1.785101 -3.972147 37.781136 -7.895524 -31.051002 15.563951 1.066680 5.342059 28.595186 -7.249702 19.417619 8.824363 0.000000 0.000000 0.000000 0.000000 0.000000 0.000000 0.000000 0.000000 0.000000 0.000000 0.000000 0.000000 0.000000 0.000000 0.000000 0.000000 0.000000 0.000000 0.000000 0.000000 0.000000 0.000000 0.000000 0.000000 0.000000 0.000000 0.000000 0.000000 0.000000 0.000000 0.000000 0.000000 0.000000 0.000000 0.000000 0.000000 0.000000 0.000000 0.000000 0.000000 0.000000 0.000000
0.044932 -0.197106 1.310907 -8.509312 -1.224234 1.278547 -82.748021 -5.727170 -15.498405 128.350809 9.102004 -21.977557 -7.382008 -0.970492 8.004264 -0.273720 -0.749664 -0.649444 -85.397403 14.718124 14.767446 132.018047 -12.788009 13.218965 -10.550384 4.342493 -1.562767 -1.293395 -4.546352 -0.016296 78.905906 -2.118726 0.797114 -7.327871 -3.344032 -0.587001 3.070015 1.218121 0.675736 -7.873722 7.794655 6.131439 -24.055178 -4.771599 -8.064295 -4.584448 7.770766 -36.934182 -7.070922 29.969836 -19.393123 -1.552433 -3.021204 -23.282043 -7.530517 -26.541905 -8.833378 0.000000 0.000000 0.000000 0.000000 0.000000 0.000000 0.000000 0.000000 0.000000 0.000000 0.000000 0.000000 0.000000 0.000000 0.000000 0.000000 0.000000 0.000000 0.000000 0.000000 0.000000 0.000000 0.000000 0.000000 0.000000 0.000000 0.000000 0.000000 0.000000 0.000000 0.000000 0.000000 0.000000 0.000000 0.000000 0.000000 0.000000 0.000000 0.000000 0.000000 0.000000 0.000000 -1.670425 -4.180856 37.251014 -7.278295 -31.628563 15.384628 1.402776 5.671895 29.917217 -6.980072 19.966126 8.879955 0.000000 0.000000 0.000000 0.000000 0.000000 0.000000 0.000000 0.000000 0.000000 0.000000 0.000000 0.000000 0.000000 0.000000 0.000000 0.000000 0.000000 0.000000 0.000000 0.000000 0.000000 0.000000 0.000000 0.000000 0.000000 0.000000 0.000000 0.000000 0.000000 0.000000 0.000000 0.000000 0.000000 0.000000 0.000000 0.000000 0.000000 0.000000 0.000000 0.000000 0.000000 0.000000
0.046635 -0.194820 1.305842 -9.119846 -1.347400 1.272307 -82.571417 -5.981867 -15.597804 129.912134 8.846701 -22.679326 -8.390476 -1.573608 7.782426 -0.304219 -0.713781 -0.556524 -85.199583 14.899568 14.702504 133.635572 -12.258532 13.784841 -11.649562 4.898951 -1.464887 -1.293010 -4.716438 -0.150039 78.959593 -2.173863 0.748579 -7.109619 -3.304022 -0.556550 3.078625 1.285782 0.675269 -7.484410 7.643836 6.307060 -23.717076 -4.748779 -7.852742 -4.335146 7.808914 -36.396813 -6.749969 30.340707 -19.083868 -0.936084 -3.300624 -24.371000 -7.345627 -27.080724 -9.046473 0.000000 0.000000 0.000000 0.000000 0.000000 0.000000 0.000000 0.000000 0.000000 0.000000 0.000000 0.000000 0.000000 0.000000 0.000000 0.000000 0.000000 0.000000 0.000000 0.000000 0.000000 0.000000 0.000000 0.000000 0.000000 0.000000 0.000000 0.000000 0.000000 0.000000 0.000000 0.000000 0.000000 0.000000 0.000000 0.000000 0.000000 0.000000 0.000000 0.000000 0.000000 0.000000 -1.509249 -4.297493 36.713295 -6.670820 -32.112083 15.065530 1.841859 5.912281 31.469864 -6.809434 20.578784 9.037781 0.000000 0.000000 0.000000 0.000000 0.000000 0.000000 0.000000 0.000000 0.000000 0.000000 0.000000 0.000000 0.000000 0.000000 0.000000 0.000000 0.000000 0.000000 0.000000 0.000000 0.000000 0.000000 0.000000 0.000000 0.000000 0.000000 0.000000 0.000000 0.000000 0.000000 0.000000 0.000000 0.000000 0.000000 0.000000 0.000000 0.000000 0.000000 0.000000 0.000000 0.000000 0.000000
0.046968 -0.194846 1.299949 -9.950757 -1.413850 1.196532 -82.289955 -6.136762 -15.639273 131.504756 8.504737 -23.361413 -9.328522 -2.156671 7.653664 -0.326207 -0.708164 -0.485583 -84.960295 15.075758 14.745367 135.267464 -11.683416 14.357151 -12.642881 5.281383 -1.296668 -1.259724 -4.847338 -0.268739 79.035224 -2.288194 0.726677 -6.994894 -3.228732 -0.569173 3.132270 1.369984 0.659893 -7.051642 7.540154 6.360469 -23.273228 -4.696008 -7.603664 -4.035796 7.902375 -35.787683 -6.383507 30.744768 -18.775882 -0.253953 -3.662213 -25.453368 -7.250469 -27.574602 -9.287034 0.000000 0.000000 0.000000 0.000000 0.000000 0.000000 0.000000 0.000000 0.000000 0.000000 0.000000 0.000000 0.000000 0.000000 0.000000 0.000000 0.000000 0.000000 0.000000 0.000000 0.000000 0.000000 0.000000 0.000000 0.000000 0.000000 0.000000 0.000000 0.000000 0.000000 0.000000 0.000000 0.000000 0.000000 0.000000 0.000000 0.000000 0.000000 0.000000 0.000000 0.000000 0.000000 -1.405539 -4.464064 36.082623 -5.991752 -32.825566 14.767449 2.147854 6.429604 33.070826 -6.687676 21.343945 9.168668 0.000000 0.000000 0.000000 0.000000 0.000000 0.000000 0.000000 0.000000 0.000000 0.000000 0.000000 0.000000 0.000000 0.000000 0.000000 0.000000 0.000000 0.000000 0.000000 0.000000 0.000000 0.000000 0.000000 0.000000 0.000000 0.000000 0.000000 0.000000 0.000000 0.000000 0.000000 0.000000 0.000000 0.000000 0.000000 0.000000 0.000000 0.000000 0.000000 0.000000 0.000000 0.000000
0.046896 -0.196625 1.273407 -11.001668 -1.437752 1.202159 -82.672559 -6.361408 -16.091843 134.522202 8.034087 -24.275764 -12.996843 -4.152957 7.481001 -0.346090 -0.712317 -0.417684 -85.272998 15.241600 15.007078 138.296430 -10.944806 15.131739 -16.953646 6.837561 -1.061330 -1.258926 -4.961514 -0.380271 78.972581 -2.410900 0.744048 -6.763682 -3.124550 -0.568154 3.149140 1.405425 0.625733 -6.538191 7.389555 6.363472 -22.747237 -4.676204 -7.303181 -3.676120 7.853184 -34.669369 -5.890119 31.318477 -18.215655 0.009651 -5.009397 -28.079644 -7.162520 -27.982852 -9.479896 0.000000 0.000000 0.000000 0.000000 0.000000 0.000000 0.000000 0.000000 0.000000 0.000000 0.000000 0.000000 0.000000 0.000000 0.000000 0.000000 0.000000 0.000000 0.000000 0.000000 0.000000 0.000000 0.000000 0.000000 0.000000 0.000000 0.000000 0.000000 0.000000 0.000000 0.000000 0.000000 0.000000 0.000000 0.000000 0.000000 0.000000 0.000000 0.000000 0.000000 0.000000 0.000000 -1.209689 -4.407778 34.961346 -5.163491 -33.686749 14.187561 2.199963 7.254724 36.413937 -6.652336 21.912099 9.221168 0.000000 0.000000 0.000000 0.000000 0.000000 0.000000 0.000000 0.000000 0.000000 0.000000 0.000000 0.000000 0.000000 0.000000 0.000000 0.000000 0.000000 0.000000 0.000000 0.000000 0.000000 0.000000 0.000000 0.000000 0.000000 0.000000 0.000000 0.000000 0.000000 0.000000 0.000000 0.000000 0.000000 0.000000 0.000000 0.000000 0.000000 0.000000 0.000000 0.000000 0.000000 0.000000
0.045410 -0.199694 1.266112 -12.210323 -1.380618 1.133992 -82.318862 -6.558443 -16.183681 136.180361 7.639318 -24.810813 -13.650041 -4.537932 7.400295 -0.390699 -0.688965 -0.340903 -84.960828 15.276496 15.082828 139.989134 -10.172861 15.557973 -17.533989 6.887508 -0.787847 -1.214022 -5.057451 -0.497480 78.936186 -2.569929 0.725390 -6.713821 -2.986528 -0.585700 3.304582 1.429517 0.589926 -6.042884 7.288570 6.314702 -22.146268 -4.702522 -7.024182 -3.238563 8.077234 -34.038532 -5.460435 31.736211 -17.699705 0.850486 -5.382580 -29.311131 -7.052947 -28.335596 -9.593568 0.000000 0.000000 0.000000 0.000000 0.000000 0.000000 0.000000 0.000000 0.000000 0.000000 0.000000 0.000000 0.000000 0.000000 0.000000 0.000000 0.000000 0.000000 0.000000 0.000000 0.000000 0.000000 0.000000 0.000000 0.000000 0.000000 0.000000 0.000000 0.000000 0.000000 0.000000 0.000000 0.000000 0.000000 0.000000 0.000000 0.000000 0.000000 0.000000 0.000000 0.000000 0.000000 -1.056992 -4.609724 34.286296 -4.365107 -34.528132 13.800286 2.403923 7.734514 38.043617 -6.408304 22.581406 9.229192 0.000000 0.000000 0.000000 0.000000 0.000000 0.000000 0.000000 0.000000 0.000000 0.000000 0.000000 0.000000 0.000000 0.000000 0.000000 0.000000 0.000000 0.000000 0.000000 0.000000 0.000000 0.000000 0.000000 0.000000 0.000000 0.000000 0.000000 0.000000 0.000000 0.000000 0.000000 0.000000 0.000000 0.000000 0.000000 0.000000 0.000000 0.000000 0.000000 0.000000 0.000000 0.000000
0.044318 -0.208018 1.259047 -13.888316 -1.357068 1.094441 -81.863334 -6.763958 -16.299831 137.835901 7.264330 -25.200437 -13.961740 -4.786457 7.258402 -0.411253 -0.704670 -0.256036 -84.603784 15.371161 15.190408 141.712962 -9.403939 15.848508 -17.685973 6.944075 -0.557170 -1.256115 -5.138188 -0.669330 78.876383 -2.730780 0.680183 -6.667346 -2.834260 -0.539135 3.422016 1.505157 0.509078 -5.490959 7.157139 6.240338 -21.462739 -4.608319 -6.679530 -2.857773 8.306643 -33.284963 -4.974490 32.239114 -17.367837 1.626109 -5.608857 -30.269757 -7.153001 -28.259414 -9.826632 0.000000 0.000000 0.000000 0.000000 0.000000 0.000000 0.000000 0.000000 0.000000 0.000000 0.000000 0.000000 0.000000 0.000000 0.000000 0.000000 0.000000 0.000000 0.000000 0.000000 0.000000 0.000000 0.000000 0.000000 0.000000 0.000000 0.000000 0.000000 0.000000 0.000000 0.000000 0.000000 0.000000 0.000000 0.000000 0.000000 0.000000 0.000000 0.000000 0.000000 0.000000 0.000000 -0.957038 -4.783142 33.515965 -3.549988 -35.539435 13.570821 2.564324 8.009863 39.298937 -6.451346 23.043261 9.184351 0.000000 0.000000 0.000000 0.000000 0.000000 0.000000 0.000000 0.000000 0.000000 0.000000 0.000000 0.000000 0.000000 0.000000 0.000000 0.000000 0.000000 0.000000 0.000000 0.000000 0.000000 0.000000 0.000000 0.000000 0.000000 0.000000 0.000000 0.000000 0.000000 0.000000 0.000000 0.000000 0.000000 0.000000 0.000000 0.000000 0.000000 0.000000 0.000000 0.000000 0.000000 0.000000
0.043729 -0.217575 1.251787 -15.659473 -1.394290 1.034800 -81.520242 -6.913204 -16.411561 139.503529 6.903307 -25.566681 -14.092993 -4.822845 7.235015 -0.434803 -0.699861 -0.198359 -84.258456 15.492820 15.308796 143.376209 -8.628753 16.082803 -17.928106 6.972837 -0.448445 -1.223499 -5.187079 -0.769079 78.845873 -2.924359 0.681001 -6.631734 -2.652911 -0.506433 3.557887 1.510430 0.431323 -4.937926 7.100088 6.095668 -20.850228 -4.615695 -6.296308 -2.476931 8.526816 -32.544244 -4.453939 32.751825 -16.987758 2.435532 -5.829738 -31.237132 -7.134202 -28.471158 -10.053368 0.000000 0.000000 0.000000 0.000000 0.000000 0.000000 0.000000 0.000000 0.000000 0.000000 0.000000 0.000000 0.000000 0.000000 0.000000 0.000000 0.000000 0.000000 0.000000 0.000000 0.000000 0.000000 0.000000 0.000000 0.000000 0.000000 0.000000 0.000000 0.000000 0.000000 0.000000 0.000000 0.000000 0.000000 0.000000 0.000000 0.000000 0.000000 0.000000 0.000000 0.000000 0.000000 -0.858429 -4.814471 32.785206 -2.720290 -36.432792 13.158936 2.978962 8.364738 40.812065 -6.435498 23.543976 9.231028 0.000000 0.000000 0.000000 0.000000 0.000000 0.000000 0.000000 0.000000 0.000000 0.000000 0.000000 0.000000 0.000000 0.000000 0.000000 0.000000 0.000000 0.000000 0.000000 0.000000 0.000000 0.000000 0.000000 0.000000 0.000000 0.000000 0.000000 0.000000 0.000000 0.000000 0.000000 0.000000 0.000000 0.000000 0.000000 0.000000 0.000000 0.000000 0.000000 0.000000 0.000000 0.000000
0.041692 -0.231211 1.245168 -17.831333 -1.307863 0.956028 -81.241056 -7.101679 -16.559898 141.247121 6.507137 -25.911355 -13.819842 -4.674468 7.317252 -0.490233 -0.693245 -0.160489 -83.964945 15.667566 15.488427 145.076484 -7.876325 16.349276 -17.628129 6.857780 -0.355571 -1.108238 -5.157068 -0.838320 78.829410 -3.153509 0.666702 -6.622209 -2.459445 -0.459380 3.717157 1.489421 0.345808 -4.360401 7.080496 5.982590 -20.191142 -4.663296 -5.940505 -2.045565 8.711366 -31.805013 -3.976389 33.368220 -16.601061 3.295944 -6.051707 -31.893416 -7.292284 -28.637842 -10.269370 0.000000 0.000000 0.000000 0.000000 0.000000 0.000000 0.000000 0.000000 0.000000 0.000000 0.000000 0.000000 0.000000 0.000000 0.000000 0.000000 0.000000 0.000000 0.000000 0.000000 0.000000 0.000000 0.000000 0.000000 0.000000 0.000000 0.000000 0.000000 0.000000 0.000000 0.000000 0.000000 0.000000 0.000000 0.000000 0.000000 0.000000 0.000000 0.000000 0.000000 0.000000 0.000000 -0.779831 -4.773728 32.043553 -1.950547 -37.508943 12.838876 3.243951 8.720793 42.041158 -6.519718 24.127619 9.306756 0.000000 0.000000 0.000000 0.000000 0.000000 0.000000 0.000000 0.000000 0.000000 0.000000 0.000000 0.000000 0.000000 0.000000 0.000000 0.000000 0.000000 0.000000 0.000000 0.000000 0.000000 0.000000 0.000000 0.000000 0.000000 0.000000 0.000000 0.000000 0.000000 0.000000 0.000000 0.000000 0.000000 0.000000 0.000000 0.000000 0.000000 0.000000 0.000000 0.000000 0.000000 0.000000
0.041974 -0.251327 1.240060 -20.487150 -1.457540 0.680045 -81.033678 -7.271679 -16.622917 142.887707 6.176867 -26.299876 -12.842490 -4.341660 7.386165 -0.603167 -0.678664 -0.139166 -83.762759 15.873586 15.793863 146.653516 -7.156392 16.476249 -17.147692 6.768224 -0.359482 -1.070761 -5.076003 -0.934932 78.892048 -3.455353 0.696483 -6.702794 -2.196081 -0.415507 3.872859 1.487273 0.298218 -3.724026 7.109493 5.844848 -19.455178 -4.717336 -5.583946 -1.702870 8.924582 -31.034539 -3.392732 34.064899 -16.304831 4.295962 -6.233588 -32.376190 -7.270034 -28.725151 -10.507407 0.000000 0.000000 0.000000 0.000000 0.000000 0.000000 0.000000 0.000000 0.000000 0.000000 0.000000 0.000000 0.000000 0.000000 0.000000 0.000000 0.000000 0.000000 0.000000 0.000000 0.000000 0.000000 0.000000 0.000000 0.000000 0.000000 0.000000 0.000000 0.000000 0.000000 0.000000 0.000000 0.000000 0.000000 0.000000 0.000000 0.000000 0.000000 0.000000 0.000000 0.000000 0.000000 -0.823649 -4.592588 31.276896 -1.203259 -38.627799 12.403093 3.451717 9.081984 43.480738 -6.545876 24.640582 9.313921 0.000000 0.000000 0.000000 0.000000 0.000000 0.000000 0.000000 0.000000 0.000000 0.000000 0.000000 0.000000 0.000000 0.000000 0.000000 0.000000 0.000000 0.000000 0.000000 0.000000 0.000000 0.000000 0.000000 0.000000 0.000000 0.000000 0.000000 0.000000 0.000000 0.000000 0.000000 0.000000 0.000000 0.000000 0.000000 0.000000 0.000000 0.000000 0.000000 0.000000 0.000000 0.000000
0.037873 -0.279485 1.237607 -23.894413 -1.220265 0.517815 -80.959389 -7.321981 -16.703560 144.540761 5.800000 -26.695263 -11.113420 -3.811936 7.881037 -0.805401 -0.644626 -0.124636 -83.525617 15.981122 16.103661 148.166268 -6.573814 16.661384 -15.498097 6.651344 -0.483227 -1.024822 -4.952030 -1.051078 79.092548 -3.855280 0.650263 -6.756987 -1.993712 -0.283281 4.009262 1.428754 0.221563 -3.197583 7.197997 5.965391 -18.629166 -4.614669 -4.994538 -1.296968 9.195196 -30.354372 -2.871148 34.652865 -15.723958 5.445661 -6.412285 -32.983132 -7.061737 -29.277617 -10.636357 0.000000 0.000000 0.000000 0.000000 0.000000 0.000000 0.000000 0.000000 0.000000 0.000000 0.000000 0.000000 0.000000 0.000000 0.000000 0.000000 0.000000 0.000000 0.000000 0.000000 0.000000 0.000000 0.000000 0.000000 0.000000 0.000000 0.000000 0.000000 0.000000 0.000000 0.000000 0.000000 0.000000 0.000000 0.000000 0.000000 0.000000 0.000000 0.000000 0.000000 0.000000 0.000000 -0.923447 -4.420556 30.760021 -0.556194 -39.481998 12.006207 3.610719 9.134570 44.444241 -6.311384 25.365819 9.458117 0.000000 0.000000 0.000000 0.000000 0.000000 0.000000 0.000000 0.000000 0.000000 0.000000 0.000000 0.000000 0.000000 0.000000 0.000000 0.000000 0.000000 0.000000 0.000000 0.000000 0.000000 0.000000 0.000000 0.000000 0.000000 0.000000 0.000000 0.000000 0.000000 0.000000 0.000000 0.000000 0.000000 0.000000 0.000000 0.000000 0.000000 0.000000 0.000000 0.000000 0.000000 0.000000
0.033614 -0.306023 1.236157 -27.186096 -0.978893 0.262211 -80.977247 -7.469165 -16.838577 146.103182 5.512226 -27.032094 -9.356898 -3.263476 8.270598 -1.011442 -0.692170 -0.143238 -83.374920 16.237542 16.452899 149.484657 -6.045103 16.849458 -14.002287 6.452600 -0.640530 -1.121572 -4.684643 -1.109585 79.283412 -4.169380 0.670894 -6.774008 -1.826005 -0.218156 4.200057 1.313345 0.131590 -2.706725 7.211208 5.848879 -17.903337 -4.621027 -4.624507 -0.950257 9.379833 -29.586018 -2.294477 35.376291 -15.316647 6.307120 -6.490451 -33.431491 -6.923290 -29.666035 -10.732746 0.000000 0.000000 0.000000 0.000000 0.000000 0.000000 0.000000 0.000000 0.000000 0.000000 0.000000 0.000000 0.000000 0.000000 0.000000 0.000000 0.000000 0.000000 0.000000 0.000000 0.000000 0.000000 0.000000 0.000000 0.000000 0.000000 0.000000 0.000000 0.000000 0.000000 0.000000 0.000000 0.000000 0.000000 0.000000 0.000000 0.000000 0.000000 0.000000 0.000000 0.000000 0.000000 -1.032856 -4.127848 30.243231 0.009323 -40.233247 11.776031 4.005670 9.108905 45.116894 -6.324690 25.647445 9.439728 0.000000 0.000000 0.000000 0.000000 0.000000 0.000000 0.000000 0.000000 0.000000 0.000000 0.000000 0.000000 0.000000 0.000000 0.000000 0.000000 0.000000 0.000000 0.000000 0.000000 0.000000 0.000000 0.000000 0.000000 0.000000 0.000000 0.000000 0.000000 0.000000 0.000000 0.000000 0.000000 0.000000 0.000000 0.000000 0.000000 0.000000 0.000000 0.000000 0.000000 0.000000 0.000000
0.028727 -0.335214 1.237116 -30.746918 -0.630463 0.041581 -81.009086 -7.552352 -16.950524 147.454620 5.201088 -27.396525 -7.261447 -2.598521 8.845031 -1.233279 -0.734761 -0.192120 -83.231741 16.513346 16.806648 150.634161 -5.664794 16.967775 -12.049114 6.270067 -0.801685 -1.235026 -4.432629 -1.113576 79.521314 -4.455702 0.648339 -6.629879 -1.730954 -0.114690 4.319200 1.160794 0.019475 -2.160922 7.234891 5.753973 -17.170939 -4.716988 -4.228354 -0.565530 9.558377 -28.969240 -1.883176 35.900071 -14.713891 7.068667 -6.493345 -33.978811 -6.808904 -30.108090 -10.822270 0.000000 0.000000 0.000000 0.000000 0.000000 0.000000 0.000000 0.000000 0.000000 0.000000 0.000000 0.000000 0.000000 0.000000 0.000000 0.000000 0.000000 0.000000 0.000000 0.000000 0.000000 0.000000 0.000000 0.000000 0.000000 0.000000 0.000000 0.000000 0.000000 0.000000 0.000000 0.000000 0.000000 0.000000 0.000000 0.000000 0.000000 0.000000 0.000000 0.000000 0.000000 0.000000 -1.053529 -3.916203 29.920592 0.360882 -40.645574 11.359951 4.381556 8.823494 45.864811 -6.310634 25.858740 9.624057 0.000000 0.000000 0.000000 0.000000 0.000000 0.000000 0.000000 0.000000 0.000000 0.000000 0.000000 0.000000 0.000000 0.000000 0.000000 0.000000 0.000000 0.000000 0.000000 0.000000 0.000000 0.000000 0.000000 0.000000 0.000000 0.000000 0.000000 0.000000 0.000000 0.000000 0.000000 0.000000 0.000000 0.000000 0.000000 0.000000 0.000000 0.000000 0.000000 0.000000 0.000000 0.000000
0.022357 -0.367120 1.241337 -34.706889 -0.161789 -0.257814 -80.982514 -7.677197 -17.033950 148.697936 4.918529 -27.784750 -4.577376 -1.757946 9.483762 -1.450314 -0.798429 -0.274372 -83.053516 16.883075 17.191486 151.608559 -5.312258 17.079092 -9.567784 5.884298 -1.025660 -1.384955 -4.094019 -1.073373 79.917292 -4.792977 0.653210 -6.518037 -1.591348 -0.019185 4.403893 0.973583 -0.069621 -1.514371 7.317306 5.504874 -16.360487 -4.829622 -3.745572 -0.203539 9.796232 -28.345400 -1.389786 36.359349 -14.024721 7.852902 -6.565518 -34.818485 -6.314980 -30.710364 -10.834093 0.000000 0.000000 0.000000 0.000000 0.000000 0.000000 0.000000 0.000000 0.000000 0.000000 0.000000 0.000000 0.000000 0.000000 0.000000 0.000000 0.000000 0.000000 0.000000 0.000000 0.000000 0.000000 0.000000 0.000000 0.000000 0.000000 0.000000 0.000000 0.000000 0.000000 0.000000 0.000000 0.000000 0.000000 0.000000 0.000000 0.000000 0.000000 0.000000 0.000000 0.000000 0.000000 -1.050070 -3.612291 29.609863 0.703983 -41.035412 10.841546 4.966132 8.721501 46.754966 -6.060615 26.106797 9.587435 0.000000 0.000000 0.000000 0.000000 0.000000 0.000000 0.000000 0.000000 0.000000 0.000000 0.000000 0.000000 0.000000 0.000000 0.000000 0.000000 0.000000 0.000000 0.000000 0.000000 0.000000 0.000000 0.000000 0.000000 0.000000 0.000000 0.000000 0.000000 0.000000 0.000000 0.000000 0.000000 0.000000 0.000000 0.000000 0.000000 0.000000 0.000000 0.000000 0.000000 0.000000 0.000000
0.013193 -0.399157 1.248015 -38.701630 0.539632 -0.453287 -81.063227 -7.753445 -17.104229 149.723979 4.696152 -28.063045 -1.577235 -0.900511 10.159643 -1.776347 -0.796728 -0.386372 -82.911811 17.184434 17.416418 152.303144 -4.944458 17.165683 -6.651892 5.554362 -1.102597 -1.502399 -3.734401 -1.021186 80.235688 -5.144093 0.656297 -6.346119 -1.504421 0.077538 4.488019 0.751686 -0.176394 -0.627191 7.456292 5.134747 -15.407118 -5.102816 -3.317176 0.161316 10.003317 -27.790289 -1.151922 36.821735 -13.192083 8.635140 -6.669546 -35.747087 -6.272944 -31.090271 -10.717251 0.000000 0.000000 0.000000 0.000000 0.000000 0.000000 0.000000 0.000000 0.000000 0.000000 0.000000 0.000000 0.000000 0.000000 0.000000 0.000000 0.000000 0.000000 0.000000 0.000000 0.000000 0.000000 0.000000 0.000000 0.000000 0.000000 0.000000 0.000000 0.000000 0.000000 0.000000 0.000000 0.000000 0.000000 0.000000 0.000000 0.000000 0.000000 0.000000 0.000000 0.000000 0.000000 -0.969049 -3.253082 29.482631 0.846523 -41.177723 10.334503 5.681112 8.394488 47.267002 -6.107158 25.885664 9.692831 0.000000 0.000000 0.000000 0.000000 0.000000 0.000000 0.000000 0.000000 0.000000 0.000000 0.000000 0.000000 0.000000 0.000000 0.000000 0.000000 0.000000 0.000000 0.000000 0.000000 0.000000 0.000000 0.000000 0.000000 0.000000 0.000000 0.000000 0.000000 0.000000 0.000000 0.000000 0.000000 0.000000 0.000000 0.000000 0.000000 0.000000 0.000000 0.000000 0.000000 0.000000 0.000000
0.001358 -0.428907 1.257129 -42.682175 1.479688 -0.707219 -80.771781 -7.954295 -17.184891 150.599553 4.526032 -28.296931 1.310085 -0.091250 10.901304 -1.971938 -0.880936 -0.483087 -82.684898 17.531441 17.736881 152.818194 -4.686257 17.188866 -3.480646 5.104732 -0.993270 -1.745149 -3.345475 -0.947965 80.559508 -5.505863 0.708623 -6.160951 -1.361742 0.194614 4.592941 0.508102 -0.244930 0.498572 7.696137 4.381903 -14.421937 -5.483566 -2.853365 0.510020 10.141087 -27.270526 -0.824586 37.493678 -12.558448 9.164037 -6.926159 -36.554612 -5.582315 -31.729733 -10.535605 0.000000 0.000000 0.000000 0.000000 0.000000 0.000000 0.000000 0.000000 0.000000 0.000000 0.000000 0.000000 0.000000 0.000000 0.000000 0.000000 0.000000 0.000000 0.000000 0.000000 0.000000 0.000000 0.000000 0.000000 0.000000 0.000000 0.000000 0.000000 0.000000 0.000000 0.000000 0.000000 0.000000 0.000000 0.000000 0.000000 0.000000 0.000000 0.000000 0.000000 0.000000 0.000000 -0.988405 -2.742176 29.402525 0.995289 -41.399185 9.796451 6.521377 8.127074 47.630390 -5.495303 25.735880 9.433847 0.000000 0.000000 0.000000 0.000000 0.000000 0.000000 0.000000 0.000000 0.000000 0.000000 0.000000 0.000000 0.000000 0.000000 0.000000 0.000000 0.000000 0.000000 0.000000 0.000000 0.000000 0.000000 0.000000 0.000000 0.000000 0.000000 0.000000 0.000000 0.000000 0.000000 0.000000 0.000000 0.000000 0.000000 0.000000 0.000000 0.000000 0.000000 0.000000 0.000000 0.000000 0.000000
-0.013912 -0.456434 1.267083 -46.336283 2.605080 -0.937351 -80.491776 -7.913557 -17.004894 151.212068 4.468470 -28.317390 4.157475 0.651037 11.741040 -2.057105 -0.956431 -0.619002 -82.564519 17.620911 17.965789 152.884723 -4.398355 16.990652 -0.247738 4.445195 -0.693048 -1.900261 -2.916096 -0.759218 80.726360 -5.844910 0.783578 -5.968879 -1.212646 0.263210 4.700198 0.242852 -0.343089 1.732429 7.960759 3.407347 -13.295422 -6.027513 -2.518492 0.755922 10.268884 -26.854409 -0.447988 38.030693 -12.189653 9.724243 -7.123386 -37.263838 -4.649394 -32.495078 -10.196476 0.000000 0.000000 0.000000 0.000000 0.000000 0.000000 0.000000 0.000000 0.000000 0.000000 0.000000 0.000000 0.000000 0.000000 0.000000 0.000000 0.000000 0.000000 0.000000 0.000000 0.000000 0.000000 0.000000 0.000000 0.000000 0.000000 0.000000 0.000000 0.000000 0.000000 0.000000 0.000000 0.000000 0.000000 0.000000 0.000000 0.000000 0.000000 0.000000 0.000000 0.000000 0.000000 -1.080626 -2.132352 29.364292 0.999485 -41.634979 9.303686 7.443005 8.039905 47.692118 -4.988889 25.909352 9.112455 0.000000 0.000000 0.000000 0.000000 0.000000 0.000000 0.000000 0.000000 0.000000 0.000000 0.000000 0.000000 0.000000 0.000000 0.000000 0.000000 0.000000 0.000000 0.000000 0.000000 0.000000 0.000000 0.000000 0.000000 0.000000 0.000000 0.000000 0.000000 0.000000 0.000000 0.000000 0.000000 0.000000 0.000000 0.000000 0.000000 0.000000 0.000000 0.000000 0.000000 0.000000 0.000000
-0.029949 -0.481203 1.278610 -49.855351 3.818702 -1.285659 -79.869171 -7.842907 -17.022170 151.649070 4.596980 -28.177929 7.004011 1.358183 12.422958 -2.124111 -0.969367 -0.769738 -82.221410 17.741041 18.412064 152.690877 -4.366929 16.822882 2.836152 3.718788 -0.423950 -1.999915 -2.534912 -0.517777 80.830180 -6.023681 0.869998 -5.590264 -1.213779 0.284727 4.736985 0.019235 -0.396927 3.104940 8.015868 2.336338 -12.182942 -6.643893 -2.323285 0.982879 10.371531 -26.690473 -0.063445 38.388717 -11.930001 10.369875 -7.139051 -37.718776 -4.052810 -32.708544 -9.911796 0.000000 0.000000 0.000000 0.000000 0.000000 0.000000 0.000000 0.000000 0.000000 0.000000 0.000000 0.000000 0.000000 0.000000 0.000000 0.000000 0.000000 0.000000 0.000000 0.000000 0.000000 0.000000 0.000000 0.000000 0.000000 0.000000 0.000000 0.000000 0.000000 0.000000 0.000000 0.000000 0.000000 0.000000 0.000000 0.000000 0.000000 0.000000 0.000000 0.000000 0.000000 0.000000 -1.060135 -1.659173 29.539343 0.870788 -41.403741 8.879281 8.432823 7.811511 47.495565 -5.083735 25.772886 8.967519 0.000000 0.000000 0.000000 0.000000 0.000000 0.000000 0.000000 0.000000 0.000000 0.000000 0.000000 0.000000 0.000000 0.000000 0.000000 0.000000 0.000000 0.000000 0.000000 0.000000 0.000000 0.000000 0.000000 0.000000 0.000000 0.000000 0.000000 0.000000 0.000000 0.000000 0.000000 0.000000 0.000000 0.000000 0.000000 0.000000 0.000000 0.000000 0.000000 0.000000 0.000000 0.000000
-0.051400 -0.500441 1.288287 -52.621854 5.456776 -1.286858 -79.479995 -7.538983 -17.063704 151.922791 4.813031 -27.905595 9.229222 1.766810 13.362423 -2.059043 -0.995265 -0.905530 -81.970035 17.765387 18.748565 152.143204 -4.490258 16.740197 5.696252 2.959805 0.123824 -2.031802 -2.215283 -0.278565 80.664142 -6.185788 0.929780 -5.224100 -1.214120 0.306803 4.777515 -0.233667 -0.476461 4.699547 8.078239 1.208581 -10.850469 -7.302011 -2.008585 1.259928 10.486628 -26.547981 0.454923 38.642703 -11.907858 10.621088 -7.173923 -38.330528 -3.490462 -33.330735 -9.425781 0.000000 0.000000 0.000000 0.000000 0.000000 0.000000 0.000000 0.000000 0.000000 0.000000 0.000000 0.000000 0.000000 0.000000 0.000000 0.000000 0.000000 0.000000 0.000000 0.000000 0.000000 0.000000 0.000000 0.000000 0.000000 0.000000 0.000000 0.000000 0.000000 0.000000 0.000000 0.000000 0.000000 0.000000 0.000000 0.000000 0.000000 0.000000 0.000000 0.000000 0.000000 0.000000 -1.020886 -1.295844 29.768847 0.761412 -41.137334 8.602655 9.224840 7.544196 46.949957 -4.957530 25.709453 8.778939 0.000000 0.000000 0.000000 0.000000 0.000000 0.000000 0.000000 0.000000 0.000000 0.000000 0.000000 0.000000 0.000000 0.000000 0.000000 0.000000 0.000000 0.000000 0.000000 0.000000 0.000000 0.000000 0.000000 0.000000 0.000000 0.000000 0.000000 0.000000 0.000000 0.000000 0.000000 0.000000 0.000000 0.000000 0.000000 0.000000 0.000000 0.000000 0.000000 0.000000 0.000000 0.000000
-0.073755 -0.521227 1.281136 -55.690535 7.148772 -1.361023 -80.856212 -6.707072 -17.369469 153.033941 5.169775 -27.824025 10.290300 1.253022 15.003712 -1.883466 -1.016874 -0.994535 -83.271264 17.301322 19.801213 152.240226 -4.779902 16.762993 6.585575 2.924027 0.546514 -2.041358 -1.927045 -0.025037 80.293417 -6.304559 0.935393 -4.775349 -1.201141 0.392620 4.891998 -0.459316 -0.570029 6.177091 8.120058 0.133616 -9.564385 -8.019330 -1.762747 1.216462 10.241653 -26.162229 0.786228 38.908014 -11.759210 9.897961 -7.857050 -40.265262 -3.162593 -33.229124 -8.933981 0.000000 0.000000 0.000000 0.000000 0.000000 0.000000 0.000000 0.000000 0.000000 0.000000 0.000000 0.000000 0.000000 0.000000 0.000000 0.000000 0.000000 0.000000 0.000000 0.000000 0.000000 0.000000 0.000000 0.000000 0.000000 0.000000 0.000000 0.000000 0.000000 0.000000 0.000000 0.000000 0.000000 0.000000 0.000000 0.000000 0.000000 0.000000 0.000000 0.000000 0.000000 0.000000 -1.209819 -0.674231 29.749950 0.428992 -40.596987 8.124934 9.261333 7.470217 48.130093 -5.234249 24.875191 8.697393 0.000000 0.000000 0.000000 0.000000 0.000000 0.000000 0.000000 0.000000 0.000000 0.000000 0.000000 0.000000 0.000000 0.000000 0.000000 0.000000 0.000000 0.000000 0.000000 0.000000 0.000000 0.000000 0.000000 0.000000 0.000000 0.000000 0.000000 0.000000 0.000000 0.000000 0.000000 0.000000 0.000000 0.000000 0.000000 0.000000 0.000000 0.000000 0.000000 0.000000 0.000000 0.000000
-0.099286 -0.535570 1.291378 -58.040420 9.013368 -1.548185 -80.178745 -6.381174 -17.118078 152.993758 5.562012 -27.472201 12.381643 1.299115 15.860680 -1.678566 -1.082747 -1.041490 -83.065547 17.406614 20.039021 151.078590 -4.980921 16.419469 8.832661 2.057584 1.171704 -2.123895 -1.585388 0.157763 79.887462 -6.304509 1.059936 -4.468735 -1.194764 0.366308 4.981758 -0.616792 -0.601422 7.633834 8.077949 -1.183623 -8.463506 -8.847374 -1.544724 1.341627 10.296166 -26.172105 1.225792 39.588909 -11.846369 10.023463 -7.673761 -40.427803 -3.279674 -32.900551 -8.484228 0.000000 0.000000 0.000000 0.000000 0.000000 0.000000 0.000000 0.000000 0.000000 0.000000 0.000000 0.000000 0.000000 0.000000 0.000000 0.000000 0.000000 0.000000 0.000000 0.000000 0.000000 0.000000 0.000000 0.000000 0.000000 0.000000 0.000000 0.000000 0.000000 0.000000 0.000000 0.000000 0.000000 0.000000 0.000000 0.000000 0.000000 0.000000 0.000000 0.000000 0.000000 0.000000 -1.101138 -0.334307 29.992396 0.122753 -40.449711 7.815482 9.864438 7.099921 47.141291 -5.638263 23.801702 8.418857 0.000000 0.000000 0.000000 0.000000 0.000000 0.000000 0.000000 0.000000 0.000000 0.000000 0.000000 0.000000 0.000000 0.000000 0.000000 0.000000 0.000000 0.000000 0.000000 0.000000 0.000000 0.000000 0.000000 0.000000 0.000000 0.000000 0.000000 0.000000 0.000000 0.000000 0.000000 0.000000 0.000000 0.000000 0.000000 0.000000 0.000000 0.000000 0.000000 0.000000 0.000000 0.000000
-0.125556 -0.550566 1.303359 -60.554440 10.915838 -1.593256 -79.142520 -5.920196 -16.814268 152.582697 6.020124 -27.011815 14.342858 1.403090 16.671821 -1.474161 -1.132793 -1.122302 -82.752979 17.345042 20.040796 149.522919 -5.304721 15.835304 10.326511 1.623406 1.712510 -2.259351 -1.273900 0.301901 79.317268 -6.223002 1.140270 -4.185374 -1.256163 0.336895 5.155519 -0.697436 -0.650615 9.357030 7.993760 -2.495729 -7.312238 -9.503259 -1.371439 1.462598 10.356181 -26.150872 1.647214 40.297452 -12.208918 10.080844 -7.472237 -40.171587 -2.918395 -32.782806 -7.933077 0.000000 0.000000 0.000000 0.000000 0.000000 0.000000 0.000000 0.000000 0.000000 0.000000 0.000000 0.000000 0.000000 0.000000 0.000000 0.000000 0.000000 0.000000 0.000000 0.000000 0.000000 0.000000 0.000000 0.000000 0.000000 0.000000 0.000000 0.000000 0.000000 0.000000 0.000000 0.000000 0.000000 0.000000 0.000000 0.000000 0.000000 0.000000 0.000000 0.000000 0.000000 0.000000 -1.133095 -0.088660 30.143498 -0.030140 -40.550571 7.706472 10.390665 6.680415 45.903966 -5.994689 22.880492 8.152037 0.000000 0.000000 0.000000 0.000000 0.000000 0.000000 0.000000 0.000000 0.000000 0.000000 0.000000 0.000000 0.000000 0.000000 0.000000 0.000000 0.000000 0.000000 0.000000 0.000000 0.000000 0.000000 0.000000 0.000000 0.000000 0.000000 0.000000 0.000000 0.000000 0.000000 0.000000 0.000000 0.000000 0.000000 0.000000 0.000000 0.000000 0.000000 0.000000 0.000000 0.000000 0.000000
-0.150299 -0.559536 1.312257 -62.429974 12.864092 -1.818153 -78.390233 -5.579981 -16.702470 152.135190 6.373034 -26.664472 15.837046 1.035425 17.270692 -1.302948 -1.073927 -1.193636 -83.268158 17.105891 19.949379 147.852769 -5.812822 15.348474 9.845001 1.947682 1.804603 -2.280309 -1.027126 0.445521 78.873357 -6.069722 1.175627 -4.030812 -1.298527 0.334826 5.286138 -0.794439 -0.693960 10.562081 7.921293 -3.755311 -6.399864 -10.282991 -1.398903 1.738925 10.417887 -26.031183 1.950126 40.877734 -12.194768 9.783185 -7.224806 -40.395657 -2.928894 -32.271747 -7.560641 0.000000 0.000000 0.000000 0.000000 0.000000 0.000000 0.000000 0.000000 0.000000 0.000000 0.000000 0.000000 0.000000 0.000000 0.000000 0.000000 0.000000 0.000000 0.000000 0.000000 0.000000 0.000000 0.000000 0.000000 0.000000 0.000000 0.000000 0.000000 0.000000 0.000000 0.000000 0.000000 0.000000 0.000000 0.000000 0.000000 0.000000 0.000000 0.000000 0.000000 0.000000 0.000000 -1.050552 0.046579 30.251751 -0.135378 -40.714162 7.346197 10.630680 6.676134 45.684683 -6.265516 22.069603 7.928611 0.000000 0.000000 0.000000 0.000000 0.000000 0.000000 0.000000 0.000000 0.000000 0.000000 0.000000 0.000000 0.000000 0.000000 0.000000 0.000000 0.000000 0.000000 0.000000 0.000000 0.000000 0.000000 0.000000 0.000000 0.000000 0.000000 0.000000 0.000000 0.000000 0.000000 0.000000 0.000000 0.000000 0.000000 0.000000 0.000000 0.000000 0.000000 0.000000 0.000000 0.000000 0.000000
-0.177660 -0.565655 1.321135 -64.208312 15.057583 -1.931211 -77.813552 -5.185250 -16.656402 151.652521 6.746596 -26.479878 17.111101 0.417451 17.854659 -1.083611 -0.980093 -1.236337 -84.244514 16.680894 19.789337 145.212050 -6.497024 14.798151 7.110658 3.251117 1.177739 -2.275741 -0.787515 0.582921 78.250265 -5.824413 1.291974 -3.851200 -1.317274 0.197870 5.422829 -0.921850 -0.711915 12.023080 8.088157 -4.842997 -5.627105 -10.912311 -1.234293 2.065433 10.453276 -26.039826 2.404485 41.395978 -12.308125 9.707743 -7.108319 -40.371217 -2.752637 -32.433112 -7.241891 0.000000 0.000000 0.000000 0.000000 0.000000 0.000000 0.000000 0.000000 0.000000 0.000000 0.000000 0.000000 0.000000 0.000000 0.000000 0.000000 0.000000 0.000000 0.000000 0.000000 0.000000 0.000000 0.000000 0.000000 0.000000 0.000000 0.000000 0.000000 0.000000 0.000000 0.000000 0.000000 0.000000 0.000000 0.000000 0.000000 0.000000 0.000000 0.000000 0.000000 0.000000 0.000000 -0.903165 0.071925 30.412016 -0.344024 -40.877907 7.019787 11.183361 6.678457 45.103535 -6.578883 21.947196 7.837765 0.000000 0.000000 0.000000 0.000000 0.000000 0.000000 0.000000 0.000000 0.000000 0.000000 0.000000 0.000000 0.000000 0.000000 0.000000 0.000000 0.000000 0.000000 0.000000 0.000000 0.000000 0.000000 0.000000 0.000000 0.000000 0.000000 0.000000 0.000000 0.000000 0.000000 0.000000 0.000000 0.000000 0.000000 0.000000 0.000000 0.000000 0.000000 0.000000 0.000000 0.000000 0.000000
-0.210907 -0.568797 1.330317 -65.935980 17.902306 -2.140423 -77.458146 -4.800563 -16.652251 150.996493 6.993108 -26.114510 18.161708 -0.318192 18.395896 -0.878238 -0.922858 -1.297157 -85.088781 16.109083 19.493728 141.595115 -7.116861 13.883423 5.298961 4.459405 0.385409 -2.383864 -0.549011 0.686225 77.453492 -5.504611 1.375455 -3.661333 -1.423789 0.020948 5.312137 -0.961767 -0.736576 13.782292 8.045980 -5.877211 -4.802474 -11.493595 -0.976231 2.628603 10.612321 -25.986846 2.854892 41.875969 -12.377873 9.782442 -6.980427 -39.980087 -2.362908 -32.714963 -6.814459 0.000000 0.000000 0.000000 0.000000 0.000000 0.000000 0.000000 0.000000 0.000000 0.000000 0.000000 0.000000 0.000000 0.000000 0.000000 0.000000 0.000000 0.000000 0.000000 0.000000 0.000000 0.000000 0.000000 0.000000 0.000000 0.000000 0.000000 0.000000 0.000000 0.000000 0.000000 0.000000 0.000000 0.000000 0.000000 0.000000 0.000000 0.000000 0.000000 0.000000 0.000000 0.000000 -0.801733 -0.070641 30.638904 -0.296635 -41.156511 7.259816 11.918733 6.521470 43.895728 -6.372802 21.453369 7.282721 0.000000 0.000000 0.000000 0.000000 0.000000 0.000000 0.000000 0.000000 0.000000 0.000000 0.000000 0.000000 0.000000 0.000000 0.000000 0.000000 0.000000 0.000000 0.000000 0.000000 0.000000 0.000000 0.000000 0.000000 0.000000 0.000000 0.000000 0.000000 0.000000 0.000000 0.000000 0.000000 0.000000 0.000000 0.000000 0.000000 0.000000 0.000000 0.000000 0.000000 0.000000 0.000000
-0.247713 -0.565577 1.338592 -67.445404 21.104971 -2.470719 -76.974194 -4.785797 -16.663910 150.408575 7.358714 -25.781766 17.625500 -1.792661 19.033950 -0.632238 -0.803909 -1.306888 -84.240940 16.298489 19.432473 137.585264 -7.218481 12.980188 6.053005 4.203559 -0.185415 -2.427578 -0.342768 0.692451 76.017660 -5.103069 1.627243 -3.307803 -1.600643 -0.241404 5.200539 -0.903330 -0.753101 15.653722 8.127491 -6.893972 -3.880942 -12.068566 -1.001118 3.090296 10.651139 -25.746567 3.584027 42.830146 -12.635756 9.999946 -6.715767 -39.488370 -2.145600 -32.254740 -6.641692 0.000000 0.000000 0.000000 0.000000 0.000000 0.000000 0.000000 0.000000 0.000000 0.000000 0.000000 0.000000 0.000000 0.000000 0.000000 0.000000 0.000000 0.000000 0.000000 0.000000 0.000000 0.000000 0.000000 0.000000 0.000000 0.000000 0.000000 0.000000 0.000000 0.000000 0.000000 0.000000 0.000000 0.000000 0.000000 0.000000 0.000000 0.000000 0.000000 0.000000 0.000000 0.000000 -0.595917 -0.394663 30.516373 -0.171170 -41.843029 7.246424 12.232230 6.441269 42.901763 -5.769336 20.888443 6.361914 0.000000 0.000000 0.000000 0.000000 0.000000 0.000000 0.000000 0.000000 0.000000 0.000000 0.000000 0.000000 0.000000 0.000000 0.000000 0.000000 0.000000 0.000000 0.000000 0.000000 0.000000 0.000000 0.000000 0.000000 0.000000 0.000000 0.000000 0.000000 0.000000 0.000000 0.000000 0.000000 0.000000 0.000000 0.000000 0.000000 0.000000 0.000000 0.000000 0.000000 0.000000 0.000000
-0.288167 -0.561090 1.345787 -68.756212 24.718705 -2.616909 -77.148268 -4.979075 -16.942985 149.271230 7.838335 -25.622906 17.413946 -3.509152 19.509643 -0.580500 -0.576883 -1.481396 -82.503794 16.696947 18.945282 132.693863 -8.026234 11.891505 8.898545 3.427270 -0.454428 -2.434107 -0.258731 0.729306 74.265849 -4.666607 1.862448 -2.995304 -1.683650 -0.468211 5.128339 -0.924159 -0.608441 16.967645 8.402011 -7.188419 -3.253813 -11.920803 -0.744475 3.874850 11.396533 -25.444164 4.254854 43.089072 -13.233341 9.998057 -6.989454 -38.844559 -1.192499 -31.883344 -6.480746 0.000000 0.000000 0.000000 0.000000 0.000000 0.000000 0.000000 0.000000 0.000000 0.000000 0.000000 0.000000 0.000000 0.000000 0.000000 0.000000 0.000000 0.000000 0.000000 0.000000 0.000000 0.000000 0.000000 0.000000 0.000000 0.000000 0.000000 0.000000 0.000000 0.000000 0.000000 0.000000 0.000000 0.000000 0.000000 0.000000 0.000000 0.000000 0.000000 0.000000 0.000000 0.000000 -0.192943 -1.225492 29.969958 0.257688 -42.784189 7.779115 12.096014 6.818010 41.382873 -5.278623 20.815572 5.792397 0.000000 0.000000 0.000000 0.000000 0.000000 0.000000 0.000000 0.000000 0.000000 0.000000 0.000000 0.000000 0.000000 0.000000 0.000000 0.000000 0.000000 0.000000 0.000000 0.000000 0.000000 0.000000 0.000000 0.000000 0.000000 0.000000 0.000000 0.000000 0.000000 0.000000 0.000000 0.000000 0.000000 0.000000 0.000000 0.000000 0.000000 0.000000 0.000000 0.000000 0.000000 0.000000
-0.319052 -0.548808 1.354618 -70.333333 28.290586 -3.108754 -77.171106 -5.352362 -17.897219 148.311708 8.079199 -25.161138 15.322354 -5.593063 17.581082 -0.678195 -0.205781 -1.412593 -79.584213 17.425023 18.424705 128.782914 -7.829876 10.731026 11.959631 2.518590 -0.476431 -2.658525 -0.123800 0.615593 72.945259 -4.208459 1.994036 -2.723655 -1.691165 -0.647397 5.153881 -0.849097 -0.613421 18.106631 8.494207 -7.713379 -2.574654 -12.188372 -0.286890 4.727910 11.313363 -24.624580 4.587831 43.697312 -12.601997 10.056770 -6.683543 -39.336624 -1.428161 -31.382118 -6.392724 0.000000 0.000000 0.000000 0.000000 0.000000 0.000000 0.000000 0.000000 0.000000 0.000000 0.000000 0.000000 0.000000 0.000000 0.000000 0.000000 0.000000 0.000000 0.000000 0.000000 0.000000 0.000000 0.000000 0.000000 0.000000 0.000000 0.000000 0.000000 0.000000 0.000000 0.000000 0.000000 0.000000 0.000000 0.000000 0.000000 0.000000 0.000000 0.000000 0.000000 0.000000 0.000000 0.111333 -1.241942 29.405867 0.736581 -44.137868 8.058353 12.632209 6.714328 41.403962 -5.075627 20.620877 5.133073 0.000000 0.000000 0.000000 0.000000 0.000000 0.000000 0.000000 0.000000 0.000000 0.000000 0.000000 0.000000 0.000000 0.000000 0.000000 0.000000 0.000000 0.000000 0.000000 0.000000 0.000000 0.000000 0.000000 0.000000 0.000000 0.000000 0.000000 0.000000 0.000000 0.000000 0.000000 0.000000 0.000000 0.000000 0.000000 0.000000 0.000000 0.000000 0.000000 0.000000 0.000000 0.000000
-0.353808 -0.532427 1.361010 -71.343502 32.096279 -3.355575 -77.221180 -5.093064 -18.339780 146.539371 8.558693 -24.280258 12.434031 -7.083814 15.622860 -0.443206 -0.104990 -1.385338 -76.354693 17.709405 17.794358 123.733821 -7.292334 9.517785 14.732079 1.409594 0.148444 -2.693741 0.032801 0.642810 71.090755 -3.537254 2.047590 -2.508141 -1.878477 -0.986124 5.113889 -0.723899 -0.599402 19.284275 8.594635 -8.386887 -2.686187 -12.455812 -0.385402 5.361226 11.323177 -23.885820 5.314337 44.303708 -12.030886 9.957005 -6.368136 -40.101695 -1.913911 -31.276797 -6.679284 0.000000 0.000000 0.000000 0.000000 0.000000 0.000000 0.000000 0.000000 0.000000 0.000000 0.000000 0.000000 0.000000 0.000000 0.000000 0.000000 0.000000 0.000000 0.000000 0.000000 0.000000 0.000000 0.000000 0.000000 0.000000 0.000000 0.000000 0.000000 0.000000 0.000000 0.000000 0.000000 0.000000 0.000000 0.000000 0.000000 0.000000 0.000000 0.000000 0.000000 0.000000 0.000000 0.556922 -1.805500 28.803223 1.682003 -44.877386 8.441447 13.521931 6.456082 41.018513 -3.922718 20.706398 4.756836 0.000000 0.000000 0.000000 0.000000 0.000000 0.000000 0.000000 0.000000 0.000000 0.000000 0.000000 0.000000 0.000000 0.000000 0.000000 0.000000 0.000000 0.000000 0.000000 0.000000 0.000000 0.000000 0.000000 0.000000 0.000000 0.000000 0.000000 0.000000 0.000000 0.000000 0.000000 0.000000 0.000000 0.000000 0.000000 0.000000 0.000000 0.000000 0.000000 0.000000 0.000000 0.000000
-0.373978 -0.507502 1.369724 -72.697407 36.015710 -3.545344 -76.834568 -5.673532 -19.771210 145.505308 8.687512 -23.705096 9.829581 -8.500950 13.360071 -0.526574 -0.037217 -1.378032 -72.661908 18.092254 16.667510 118.074780 -7.556248 8.149661 16.782498 0.764051 0.346862 -2.649439 0.131919 0.559139 68.917113 -2.955736 2.169481 -2.385455 -1.814684 -1.265323 5.350181 -0.729482 -0.492072 20.701870 8.826487 -8.465641 -2.454738 -12.549032 -0.227943 6.259331 11.201226 -22.430357 5.770819 45.179054 -11.027765 10.052534 -6.302182 -40.290989 -1.698994 -30.527773 -6.780010 0.000000 0.000000 0.000000 0.000000 0.000000 0.000000 0.000000 0.000000 0.000000 0.000000 0.000000 0.000000 0.000000 0.000000 0.000000 0.000000 0.000000 0.000000 0.000000 0.000000 0.000000 0.000000 0.000000 0.000000 0.000000 0.000000 0.000000 0.000000 0.000000 0.000000 0.000000 0.000000 0.000000 0.000000 0.000000 0.000000 0.000000 0.000000 0.000000 0.000000 0.000000 0.000000 1.315627 -2.177200 27.620681 2.730102 -46.798526 8.612086 13.924321 6.522115 41.507718 -3.905160 20.321519 4.438815 0.000000 0.000000 0.000000 0.000000 0.000000 0.000000 0.000000 0.000000 0.000000 0.000000 0.000000 0.000000 0.000000 0.000000 0.000000 0.000000 0.000000 0.000000 0.000000 0.000000 0.000000 0.000000 0.000000 0.000000 0.000000 0.000000 0.000000 0.000000 0.000000 0.000000 0.000000 0.000000 0.000000 0.000000 0.000000 0.000000 0.000000 0.000000 0.000000 0.000000 0.000000 0.000000
-0.388434 -0.484897 1.377175 -73.914595 39.354684 -3.682761 -76.593751 -6.068939 -20.419340 143.331534 9.188113 -23.025497 7.457119 -8.513552 9.937473 -0.266114 0.278597 -1.262715 -69.583587 17.927102 15.827795 113.842379 -7.414902 7.265692 18.241713 -0.044178 0.935947 -2.603547 0.054936 0.470767 66.857433 -2.303743 2.334412 -1.923532 -1.963310 -1.457236 5.274205 -0.638006 -0.388122 21.731868 8.884866 -8.744876 -2.693149 -12.635558 -0.111013 6.981625 11.156632 -21.118401 6.429224 45.665814 -10.344101 9.975682 -6.106699 -40.834264 -1.356038 -29.666063 -7.321454 0.000000 0.000000 0.000000 0.000000 0.000000 0.000000 0.000000 0.000000 0.000000 0.000000 0.000000 0.000000 0.000000 0.000000 0.000000 0.000000 0.000000 0.000000 0.000000 0.000000 0.000000 0.000000 0.000000 0.000000 0.000000 0.000000 0.000000 0.000000 0.000000 0.000000 0.000000 0.000000 0.000000 0.000000 0.000000 0.000000 0.000000 0.000000 0.000000 0.000000 0.000000 0.000000 2.006262 -2.876926 26.307419 3.646587 -48.129676 8.642976 14.042178 6.527651 41.850633 -3.784010 20.148041 4.642757 0.000000 0.000000 0.000000 0.000000 0.000000 0.000000 0.000000 0.000000 0.000000 0.000000 0.000000 0.000000 0.000000 0.000000 0.000000 0.000000 0.000000 0.000000 0.000000 0.000000 0.000000 0.000000 0.000000 0.000000 0.000000 0.000000 0.000000 0.000000 0.000000 0.000000 0.000000 0.000000 0.000000 0.000000 0.000000 0.000000 0.000000 0.000000 0.000000 0.000000 0.000000 0.000000
-0.400078 -0.463253 1.387768 -75.873725 42.454840 -3.543571 -76.404795 -6.292445 -20.156485 140.659462 9.735514 -22.014705 7.419224 -6.710608 5.920588 -0.021733 0.722501 -1.145009 -66.059647 18.032394 14.570891 109.189608 -7.655301 6.241997 19.920823 -0.773684 1.158399 -2.716098 0.124865 0.471995 65.074757 -1.658334 2.625296 -1.468034 -2.005557 -1.853894 5.155963 -0.726929 -0.248835 23.108923 9.199992 -9.687097 -2.553222 -12.821112 -0.088245 7.944402 11.120627 -20.157087 6.544603 46.326383 -8.963800 10.144141 -6.336838 -41.751121 -0.787082 -29.631064 -7.254160 0.000000 0.000000 0.000000 0.000000 0.000000 0.000000 0.000000 0.000000 0.000000 0.000000 0.000000 0.000000 0.000000 0.000000 0.000000 0.000000 0.000000 0.000000 0.000000 0.000000 0.000000 0.000000 0.000000 0.000000 0.000000 0.000000 0.000000 0.000000 0.000000 0.000000 0.000000 0.000000 0.000000 0.000000 0.000000 0.000000 0.000000 0.000000 0.000000 0.000000 0.000000 0.000000 2.999197 -2.889709 25.116478 4.014577 -49.436852 7.967286 14.559531 6.754735 42.676311 -3.445526 20.596593 4.455995 0.000000 0.000000 0.000000 0.000000 0.000000 0.000000 0.000000 0.000000 0.000000 0.000000 0.000000 0.000000 0.000000 0.000000 0.000000 0.000000 0.000000 0.000000 0.000000 0.000000 0.000000 0.000000 0.000000 0.000000 0.000000 0.000000 0.000000 0.000000 0.000000 0.000000 0.000000 0.000000 0.000000 0.000000 0.000000 0.000000 0.000000 0.000000 0.000000 0.000000 0.000000 0.000000
-0.409717 -0.444075 1.393086 -76.873122 45.396846 -3.578846 -76.543284 -6.097771 -19.640466 136.906287 10.398447 -20.902575 9.861184 -4.112506 2.584063 -0.023747 0.910002 -1.128824 -63.525361 17.563299 13.615560 105.388689 -7.801306 5.356732 22.087017 -1.253758 1.295765 -2.648725 0.223302 0.520117 63.454031 -1.119676 2.643227 -1.268002 -2.118040 -2.097235 5.343666 -0.752756 -0.148860 23.304423 9.032091 -9.723849 -2.286221 -12.939439 0.059439 8.703385 11.106616 -19.156206 6.840721 46.554054 -7.895353 9.708649 -6.502162 -42.985632 -0.973488 -28.522119 -7.468230 0.000000 0.000000 0.000000 0.000000 0.000000 0.000000 0.000000 0.000000 0.000000 0.000000 0.000000 0.000000 0.000000 0.000000 0.000000 0.000000 0.000000 0.000000 0.000000 0.000000 0.000000 0.000000 0.000000 0.000000 0.000000 0.000000 0.000000 0.000000 0.000000 0.000000 0.000000 0.000000 0.000000 0.000000 0.000000 0.000000 0.000000 0.000000 0.000000 0.000000 0.000000 0.000000 3.512157 -3.362124 24.145759 4.902417 -50.363899 8.016301 14.176665 7.159951 43.704948 -3.582148 20.166275 4.454876 0.000000 0.000000 0.000000 0.000000 0.000000 0.000000 0.000000 0.000000 0.000000 0.000000 0.000000 0.000000 0.000000 0.000000 0.000000 0.000000 0.000000 0.000000 0.000000 0.000000 0.000000 0.000000 0.000000 0.000000 0.000000 0.000000 0.000000 0.000000 0.000000 0.000000 0.000000 0.000000 0.000000 0.000000 0.000000 0.000000 0.000000 0.000000 0.000000 0.000000 0.000000 0.000000
-0.412567 -0.428331 1.395926 -77.572126 47.502981 -3.800577 -75.570659 -5.343540 -18.567578 131.839137 11.360581 -19.652164 13.009137 -1.698996 0.449560 0.238086 1.128111 -1.089978 -60.953014 16.758030 12.736594 101.306705 -8.213057 4.619889 22.509405 -1.519402 1.297558 -2.346903 0.351947 0.553659 61.573557 -0.734257 2.611444 -1.202210 -2.001537 -2.322345 5.396949 -0.826992 -0.123659 23.692714 9.030017 -9.879313 -2.055520 -13.083323 0.342850 9.531887 11.398249 -18.034063 7.317300 46.966426 -6.866796 8.559712 -7.288413 -44.240655 0.443077 -28.321148 -7.161027 0.000000 0.000000 0.000000 0.000000 0.000000 0.000000 0.000000 0.000000 0.000000 0.000000 0.000000 0.000000 0.000000 0.000000 0.000000 0.000000 0.000000 0.000000 0.000000 0.000000 0.000000 0.000000 0.000000 0.000000 0.000000 0.000000 0.000000 0.000000 0.000000 0.000000 0.000000 0.000000 0.000000 0.000000 0.000000 0.000000 0.000000 0.000000 0.000000 0.000000 0.000000 0.000000 4.232540 -3.564947 23.124085 5.788012 -51.608295 7.244850 13.606055 8.076904 45.675963 -2.909444 20.161537 4.622673 0.000000 0.000000 0.000000 0.000000 0.000000 0.000000 0.000000 0.000000 0.000000 0.000000 0.000000 0.000000 0.000000 0.000000 0.000000 0.000000 0.000000 0.000000 0.000000 0.000000 0.000000 0.000000 0.000000 0.000000 0.000000 0.000000 0.000000 0.000000 0.000000 0.000000 0.000000 0.000000 0.000000 0.000000 0.000000 0.000000 0.000000 0.000000 0.000000 0.000000 0.000000 0.000000
-0.421811 -0.406379 1.400418 -78.529072 50.452038 -4.415401 -74.062778 -5.019169 -17.723011 127.340423 12.224365 -17.961006 15.776149 0.219436 -1.178812 0.414802 1.325169 -1.073335 -57.740312 16.325211 11.541184 97.024540 -8.682085 3.784523 24.033842 -2.259978 1.458916 -2.423508 0.427721 0.453433 59.621541 -0.098715 2.699396 -0.666890 -2.211885 -2.623149 4.893089 -0.815782 0.032854 25.106342 9.162787 -10.441656 -2.050298 -12.581507 0.737798 10.567725 11.461847 -16.991221 7.990331 47.648024 -6.091751 8.459793 -7.495969 -45.497040 1.528319 -29.054314 -6.784440 0.000000 0.000000 0.000000 0.000000 0.000000 0.000000 0.000000 0.000000 0.000000 0.000000 0.000000 0.000000 0.000000 0.000000 0.000000 0.000000 0.000000 0.000000 0.000000 0.000000 0.000000 0.000000 0.000000 0.000000 0.000000 0.000000 0.000000 0.000000 0.000000 0.000000 0.000000 0.000000 0.000000 0.000000 0.000000 0.000000 0.000000 0.000000 0.000000 0.000000 0.000000 0.000000 4.840882 -3.748367 22.516954 6.113293 -52.248749 6.972122 13.519691 8.073232 45.985991 -1.894617 20.272104 4.801694 0.000000 0.000000 0.000000 0.000000 0.000000 0.000000 0.000000 0.000000 0.000000 0.000000 0.000000 0.000000 0.000000 0.000000 0.000000 0.000000 0.000000 0.000000 0.000000 0.000000 0.000000 0.000000 0.000000 0.000000 0.000000 0.000000 0.000000 0.000000 0.000000 0.000000 0.000000 0.000000 0.000000 0.000000 0.000000 0.000000 0.000000 0.000000 0.000000 0.000000 0.000000 0.000000
-0.427234 -0.389181 1.406953 -80.166199 53.022315 -3.796203 -72.037790 -5.021470 -16.875612 123.723854 12.955519 -16.552195 18.118098 1.251011 -1.838260 0.547678 1.918554 -1.085395 -55.061517 15.524528 10.735525 94.093274 -8.398803 3.278618 25.861085 -2.878255 1.915631 -2.634253 0.484861 0.357544 57.631543 0.116765 2.767098 -0.391176 -2.148954 -2.842512 4.735006 -0.874133 0.027525 25.852614 8.886126 -11.068295 -1.872019 -12.874157 1.359792 11.509274 11.661619 -15.784081 8.389081 48.171095 -5.429749 7.658883 -8.092371 -46.661726 1.526229 -29.581227 -7.131268 0.000000 0.000000 0.000000 0.000000 0.000000 0.000000 0.000000 0.000000 0.000000 0.000000 0.000000 0.000000 0.000000 0.000000 0.000000 0.000000 0.000000 0.000000 0.000000 0.000000 0.000000 0.000000 0.000000 0.000000 0.000000 0.000000 0.000000 0.000000 0.000000 0.000000 0.000000 0.000000 0.000000 0.000000 0.000000 0.000000 0.000000 0.000000 0.000000 0.000000 0.000000 0.000000 5.583945 -3.836379 21.338732 6.771696 -53.195227 7.017114 13.688857 8.388022 46.624327 -1.636596 21.229572 5.036982 0.000000 0.000000 0.000000 0.000000 0.000000 0.000000 0.000000 0.000000 0.000000 0.000000 0.000000 0.000000 0.000000 0.000000 0.000000 0.000000 0.000000 0.000000 0.000000 0.000000 0.000000 0.000000 0.000000 0.000000 0.000000 0.000000 0.000000 0.000000 0.000000 0.000000 0.000000 0.000000 0.000000 0.000000 0.000000 0.000000 0.000000 0.000000 0.000000 0.000000 0.000000 0.000000
-0.433532 -0.371071 1.410660 -81.205314 55.527144 -3.580062 -69.585041 -4.918626 -16.386931 119.177974 13.070967 -15.419683 19.561231 1.742972 -1.704075 0.832961 2.403504 -1.070411 -52.539684 14.750856 9.984778 91.434722 -8.589843 2.905582 26.083834 -3.560900 1.965728 -2.574648 0.451600 0.382805 55.533030 0.468498 2.842313 0.146877 -2.259746 -2.958431 4.652612 -0.907222 0.114836 26.387712 9.107156 -10.874480 -1.577336 -12.729603 1.922258 12.624160 12.274824 -14.916392 8.927549 48.474469 -4.841043 6.097465 -9.066845 -48.888115 2.466962 -29.421703 -6.945098 0.000000 0.000000 0.000000 0.000000 0.000000 0.000000 0.000000 0.000000 0.000000 0.000000 0.000000 0.000000 0.000000 0.000000 0.000000 0.000000 0.000000 0.000000 0.000000 0.000000 0.000000 0.000000 0.000000 0.000000 0.000000 0.000000 0.000000 0.000000 0.000000 0.000000 0.000000 0.000000 0.000000 0.000000 0.000000 0.000000 0.000000 0.000000 0.000000 0.000000 0.000000 0.000000 6.449421 -4.256081 20.689277 6.936676 -53.496300 5.870360 13.084241 9.118545 48.291806 -1.309984 20.869334 5.250573 0.000000 0.000000 0.000000 0.000000 0.000000 0.000000 0.000000 0.000000 0.000000 0.000000 0.000000 0.000000 0.000000 0.000000 0.000000 0.000000 0.000000 0.000000 0.000000 0.000000 0.000000 0.000000 0.000000 0.000000 0.000000 0.000000 0.000000 0.000000 0.000000 0.000000 0.000000 0.000000 0.000000 0.000000 0.000000 0.000000 0.000000 0.000000 0.000000 0.000000 0.000000 0.000000
-0.435451 -0.358475 1.414085 -82.353397 57.311955 -3.192018 -67.273573 -4.594607 -15.919059 115.812493 13.167455 -14.508654 20.981885 2.295703 -1.932831 0.885503 2.425685 -1.099243 -49.824158 13.882739 9.318718 88.155396 -8.129989 2.910703 26.808002 -4.533457 2.321523 -2.525203 0.517214 0.441202 53.298395 0.693724 2.915870 0.660123 -2.351988 -3.142364 4.668546 -0.958148 0.197242 26.516137 8.824598 -10.781808 -0.802571 -12.897563 2.332958 13.132546 12.573830 -14.076185 9.332195 48.804431 -4.455958 4.747015 -8.969644 -50.141841 2.595400 -28.103501 -7.121840 0.000000 0.000000 0.000000 0.000000 0.000000 0.000000 0.000000 0.000000 0.000000 0.000000 0.000000 0.000000 0.000000 0.000000 0.000000 0.000000 0.000000 0.000000 0.000000 0.000000 0.000000 0.000000 0.000000 0.000000 0.000000 0.000000 0.000000 0.000000 0.000000 0.000000 0.000000 0.000000 0.000000 0.000000 0.000000 0.000000 0.000000 0.000000 0.000000 0.000000 0.000000 0.000000 6.947770 -4.736819 19.802299 7.837636 -53.722856 5.472784 12.422132 9.711655 49.783216 -0.739913 19.557018 5.504368 0.000000 0.000000 0.000000 0.000000 0.000000 0.000000 0.000000 0.000000 0.000000 0.000000 0.000000 0.000000 0.000000 0.000000 0.000000 0.000000 0.000000 0.000000 0.000000 0.000000 0.000000 0.000000 0.000000 0.000000 0.000000 0.000000 0.000000 0.000000 0.000000 0.000000 0.000000 0.000000 0.000000 0.000000 0.000000 0.000000 0.000000 0.000000 0.000000 0.000000 0.000000 0.000000
-0.436500 -0.346985 1.418281 -83.804061 58.858629 -2.639634 -64.969400 -4.329546 -15.494404 113.197195 13.127966 -13.520758 21.432717 2.699455 -1.541073 0.808268 2.561805 -1.255091 -47.310578 12.918420 8.762610 85.540894 -7.639778 2.281249 27.289176 -4.982820 2.446128 -2.517129 0.523640 0.269751 51.504533 0.828247 2.891160 0.978569 -2.276131 -3.237809 4.489134 -1.036583 0.230959 27.342463 8.637581 -11.077474 -0.911352 -13.064648 2.756709 13.638263 12.724387 -13.364770 9.531696 49.561934 -4.045118 3.776576 -9.544376 -50.628770 3.105682 -27.244191 -7.522692 0.000000 0.000000 0.000000 0.000000 0.000000 0.000000 0.000000 0.000000 0.000000 0.000000 0.000000 0.000000 0.000000 0.000000 0.000000 0.000000 0.000000 0.000000 0.000000 0.000000 0.000000 0.000000 0.000000 0.000000 0.000000 0.000000 0.000000 0.000000 0.000000 0.000000 0.000000 0.000000 0.000000 0.000000 0.000000 0.000000 0.000000 0.000000 0.000000 0.000000 0.000000 0.000000 7.377400 -4.761990 19.012811 8.482742 -54.434859 5.802225 12.182671 10.067686 49.669929 0.500485 19.093275 5.584722 0.000000 0.000000 0.000000 0.000000 0.000000 0.000000 0.000000 0.000000 0.000000 0.000000 0.000000 0.000000 0.000000 0.000000 0.000000 0.000000 0.000000 0.000000 0.000000 0.000000 0.000000 0.000000 0.000000 0.000000 0.000000 0.000000 0.000000 0.000000 0.000000 0.000000 0.000000 0.000000 0.000000 0.000000 0.000000 0.000000 0.000000 0.000000 0.000000 0.000000 0.000000 0.000000
-0.438934 -0.334806 1.422292 -85.230399 60.618657 -2.032646 -61.792937 -3.911405 -14.906746 109.001754 12.720935 -12.564313 21.785476 3.122805 -1.328414 0.881186 2.397387 -1.325603 -44.788278 11.655422 8.393968 83.331635 -6.798288 2.182092 28.055201 -5.414657 2.544048 -2.339361 0.622487 0.186978 49.502743 0.812189 2.663315 1.237315 -2.261231 -3.316707 4.319604 -1.059144 0.116791 28.103221 8.458900 -11.796912 -0.826461 -13.338704 3.133604 14.260188 12.824943 -12.516077 9.616662 50.250149 -3.375316 2.884459 -9.536263 -51.470426 2.663026 -25.992619 -7.977794 0.000000 0.000000 0.000000 0.000000 0.000000 0.000000 0.000000 0.000000 0.000000 0.000000 0.000000 0.000000 0.000000 0.000000 0.000000 0.000000 0.000000 0.000000 0.000000 0.000000 0.000000 0.000000 0.000000 0.000000 0.000000 0.000000 0.000000 0.000000 0.000000 0.000000 0.000000 0.000000 0.000000 0.000000 0.000000 0.000000 0.000000 0.000000 0.000000 0.000000 0.000000 0.000000 7.606006 -4.978285 18.335627 8.997150 -54.863930 6.198161 12.108313 9.987004 49.440638 1.781419 18.376146 5.886956 0.000000 0.000000 0.000000 0.000000 0.000000 0.000000 0.000000 0.000000 0.000000 0.000000 0.000000 0.000000 0.000000 0.000000 0.000000 0.000000 0.000000 0.000000 0.000000 0.000000 0.000000 0.000000 0.000000 0.000000 0.000000 0.000000 0.000000 0.000000 0.000000 0.000000 0.000000 0.000000 0.000000 0.000000 0.000000 0.000000 0.000000 0.000000 0.000000 0.000000 0.000000 0.000000
-0.442461 -0.321717 1.426451 -86.834564 62.423646 -1.201615 -58.897913 -3.642043 -14.412975 105.047225 12.096928 -11.355369 22.246543 3.469482 -1.028139 0.912527 2.261684 -1.328610 -42.084651 10.779298 8.009627 80.724309 -5.946578 2.006811 28.712779 -5.908345 2.566941 -2.242170 0.728732 0.156697 47.540209 0.924880 2.644895 1.586759 -2.231134 -3.432734 4.181425 -1.149630 0.196277 28.785106 8.263102 -12.152936 -0.722309 -13.594881 3.659819 14.661657 13.022953 -11.814610 9.363302 50.923612 -2.451401 2.078765 -9.703148 -52.765747 2.132852 -24.858632 -8.421839 0.000000 0.000000 0.000000 0.000000 0.000000 0.000000 0.000000 0.000000 0.000000 0.000000 0.000000 0.000000 0.000000 0.000000 0.000000 0.000000 0.000000 0.000000 0.000000 0.000000 0.000000 0.000000 0.000000 0.000000 0.000000 0.000000 0.000000 0.000000 0.000000 0.000000 0.000000 0.000000 0.000000 0.000000 0.000000 0.000000 0.000000 0.000000 0.000000 0.000000 0.000000 0.000000 7.973369 -5.321374 17.901175 8.818655 -54.997527 5.865604 11.949331 9.686928 49.026455 2.863421 17.805177 6.328749 0.000000 0.000000 0.000000 0.000000 0.000000 0.000000 0.000000 0.000000 0.000000 0.000000 0.000000 0.000000 0.000000 0.000000 0.000000 0.000000 0.000000 0.000000 0.000000 0.000000 0.000000 0.000000 0.000000 0.000000 0.000000 0.000000 0.000000 0.000000 0.000000 0.000000 0.000000 0.000000 0.000000 0.000000 0.000000 0.000000 0.000000 0.000000 0.000000 0.000000 0.000000 0.000000
-0.444851 -0.310209 1.430658 -88.670164 64.042310 -0.046940 -55.932120 -3.477056 -13.815699 101.114473 11.521023 -10.451518 22.438009 3.638812 -0.538570 0.808677 2.211261 -1.372743 -39.322052 10.103121 7.355552 77.495670 -5.363513 1.638202 29.536924 -6.424209 2.389763 -2.143417 0.839669 0.079955 45.451575 0.897306 2.604556 1.595859 -2.028658 -3.538954 4.222684 -1.328684 0.145403 29.106882 8.007798 -12.641469 -0.033963 -13.833399 4.045299 15.266098 13.047973 -11.316288 9.217194 51.328742 -1.777809 1.709682 -9.697270 -53.767621 1.232586 -23.674667 -8.996022 0.000000 0.000000 0.000000 0.000000 0.000000 0.000000 0.000000 0.000000 0.000000 0.000000 0.000000 0.000000 0.000000 0.000000 0.000000 0.000000 0.000000 0.000000 0.000000 0.000000 0.000000 0.000000 0.000000 0.000000 0.000000 0.000000 0.000000 0.000000 0.000000 0.000000 0.000000 0.000000 0.000000 0.000000 0.000000 0.000000 0.000000 0.000000 0.000000 0.000000 0.000000 0.000000 8.619701 -5.183202 17.415106 8.949513 -55.370614 5.680522 12.042236 9.596515 48.644803 3.787978 17.014735 6.458402 0.000000 0.000000 0.000000 0.000000 0.000000 0.000000 0.000000 0.000000 0.000000 0.000000 0.000000 0.000000 0.000000 0.000000 0.000000 0.000000 0.000000 0.000000 0.000000 0.000000 0.000000 0.000000 0.000000 0.000000 0.000000 0.000000 0.000000 0.000000 0.000000 0.000000 0.000000 0.000000 0.000000 0.000000 0.000000 0.000000 0.000000 0.000000 0.000000 0.000000 0.000000 0.000000
-0.449057 -0.296856 1.432528 -89.828672 65.764957 0.553564 -52.428169 -3.291347 -13.192160 95.942863 10.604913 -9.365331 22.662227 3.952961 0.140111 0.660346 1.966518 -1.446207 -36.422654 9.570486 6.724602 74.181504 -4.911373 1.475492 30.366766 -7.084684 2.255075 -1.963075 0.990488 -0.047238 43.562006 0.842150 2.476733 1.812014 -1.854579 -3.562343 4.347206 -1.423177 0.073076 29.293360 7.514305 -12.868224 0.320489 -13.853944 4.323498 15.661641 13.238198 -10.612541 9.626598 51.785724 -1.888994 1.047724 -9.821104 -54.925295 0.834229 -22.432812 -9.905318 0.000000 0.000000 0.000000 0.000000 0.000000 0.000000 0.000000 0.000000 0.000000 0.000000 0.000000 0.000000 0.000000 0.000000 0.000000 0.000000 0.000000 0.000000 0.000000 0.000000 0.000000 0.000000 0.000000 0.000000 0.000000 0.000000 0.000000 0.000000 0.000000 0.000000 0.000000 0.000000 0.000000 0.000000 0.000000 0.000000 0.000000 0.000000 0.000000 0.000000 0.000000 0.000000 8.798931 -5.039951 17.009658 9.163307 -55.709540 5.701301 11.864220 9.420978 47.954921 4.172164 16.046799 6.881399 0.000000 0.000000 0.000000 0.000000 0.000000 0.000000 0.000000 0.000000 0.000000 0.000000 0.000000 0.000000 0.000000 0.000000 0.000000 0.000000 0.000000 0.000000 0.000000 0.000000 0.000000 0.000000 0.000000 0.000000 0.000000 0.000000 0.000000 0.000000 0.000000 0.000000 0.000000 0.000000 0.000000 0.000000 0.000000 0.000000 0.000000 0.000000 0.000000 0.000000 0.000000 0.000000
-0.450709 -0.286711 1.434311 -91.048288 67.031176 0.911676 -48.976042 -3.203509 -12.503525 90.630101 9.947993 -8.736841 23.068008 4.518382 0.350490 0.673981 1.585915 -1.451398 -34.141449 9.093877 6.331920 71.897649 -4.415420 1.620588 30.962639 -7.854439 1.914535 -1.944035 1.098076 0.030961 41.586811 0.680708 2.283050 2.079614 -1.684414 -3.730985 4.655543 -1.527228 -0.086711 29.532427 7.071839 -13.074388 0.297179 -13.897228 4.722719 16.113131 13.466639 -10.221634 9.784514 52.163191 -1.756040 0.400922 -9.435499 -55.410184 0.181595 -21.146037 -10.434727 0.000000 0.000000 0.000000 0.000000 0.000000 0.000000 0.000000 0.000000 0.000000 0.000000 0.000000 0.000000 0.000000 0.000000 0.000000 0.000000 0.000000 0.000000 0.000000 0.000000 0.000000 0.000000 0.000000 0.000000 0.000000 0.000000 0.000000 0.000000 0.000000 0.000000 0.000000 0.000000 0.000000 0.000000 0.000000 0.000000 0.000000 0.000000 0.000000 0.000000 0.000000 0.000000 9.108783 -4.692987 16.682650 9.175063 -55.961976 5.348827 11.479359 9.466193 48.175309 4.460860 15.168098 6.987024 0.000000 0.000000 0.000000 0.000000 0.000000 0.000000 0.000000 0.000000 0.000000 0.000000 0.000000 0.000000 0.000000 0.000000 0.000000 0.000000 0.000000 0.000000 0.000000 0.000000 0.000000 0.000000 0.000000 0.000000 0.000000 0.000000 0.000000 0.000000 0.000000 0.000000 0.000000 0.000000 0.000000 0.000000 0.000000 0.000000 0.000000 0.000000 0.000000 0.000000 0.000000 0.000000
-0.454613 -0.279585 1.436465 -92.513350 68.248137 1.612201 -45.058692 -2.684836 -12.104403 85.338437 8.398524 -8.241058 23.661845 5.161687 1.210298 0.502247 1.320156 -1.580028 -31.706328 8.474418 5.928012 69.621440 -3.583537 1.793730 31.336034 -8.421305 1.518690 -1.819223 1.084516 0.036395 39.663523 0.571643 1.973966 2.237350 -1.398111 -3.482401 4.865564 -1.665163 -0.158285 29.889688 6.877622 -13.351034 0.540224 -13.947169 5.269571 16.123103 13.263695 -9.662667 9.741391 52.501441 -1.657007 0.320172 -8.723699 -55.632291 -0.743373 -20.151951 -10.811713 0.000000 0.000000 0.000000 0.000000 0.000000 0.000000 0.000000 0.000000 0.000000 0.000000 0.000000 0.000000 0.000000 0.000000 0.000000 0.000000 0.000000 0.000000 0.000000 0.000000 0.000000 0.000000 0.000000 0.000000 0.000000 0.000000 0.000000 0.000000 0.000000 0.000000 0.000000 0.000000 0.000000 0.000000 0.000000 0.000000 0.000000 0.000000 0.000000 0.000000 0.000000 0.000000 9.304545 -3.940695 16.023040 9.767018 -56.487331 5.136688 11.604732 9.249934 48.237584 4.880430 14.400200 6.963929 0.000000 0.000000 0.000000 0.000000 0.000000 0.000000 0.000000 0.000000 0.000000 0.000000 0.000000 0.000000 0.000000 0.000000 0.000000 0.000000 0.000000 0.000000 0.000000 0.000000 0.000000 0.000000 0.000000 0.000000 0.000000 0.000000 0.000000 0.000000 0.000000 0.000000 0.000000 0.000000 0.000000 0.000000 0.000000 0.000000 0.000000 0.000000 0.000000 0.000000 0.000000 0.000000
-0.460945 -0.271100 1.439250 -94.496949 69.913377 3.304419 -40.967537 -2.591639 -11.372687 79.659823 7.076956 -8.017615 23.570782 5.569643 1.655314 0.409829 1.159452 -1.617188 -28.885518 8.057723 5.381611 66.768462 -2.810109 2.012749 31.288703 -9.018913 1.184583 -1.592274 1.203061 0.014983 37.898007 0.214981 1.730584 1.929462 -1.031724 -3.334028 5.213046 -1.843322 -0.317008 29.790286 6.851563 -13.642579 1.274366 -13.829130 5.943140 15.796663 12.730034 -9.120736 9.246727 53.196161 -1.230258 0.582642 -8.283339 -55.168606 -2.361407 -17.829675 -11.118942 0.000000 0.000000 0.000000 0.000000 0.000000 0.000000 0.000000 0.000000 0.000000 0.000000 0.000000 0.000000 0.000000 0.000000 0.000000 0.000000 0.000000 0.000000 0.000000 0.000000 0.000000 0.000000 0.000000 0.000000 0.000000 0.000000 0.000000 0.000000 0.000000 0.000000 0.000000 0.000000 0.000000 0.000000 0.000000 0.000000 0.000000 0.000000 0.000000 0.000000 0.000000 0.000000 9.435334 -3.173927 15.340679 10.327495 -57.100636 5.435305 12.077635 8.552457 47.364274 4.744445 12.364730 6.755504 0.000000 0.000000 0.000000 0.000000 0.000000 0.000000 0.000000 0.000000 0.000000 0.000000 0.000000 0.000000 0.000000 0.000000 0.000000 0.000000 0.000000 0.000000 0.000000 0.000000 0.000000 0.000000 0.000000 0.000000 0.000000 0.000000 0.000000 0.000000 0.000000 0.000000 0.000000 0.000000 0.000000 0.000000 0.000000 0.000000 0.000000 0.000000 0.000000 0.000000 0.000000 0.000000
-0.463710 -0.263776 1.442310 -96.794378 71.128115 5.164223 -36.849351 -2.586272 -10.714682 73.467668 5.645704 -8.258505 23.785917 6.275204 1.952881 0.307224 1.034148 -1.697139 -26.458240 7.689017 4.801821 64.350733 -2.033984 1.960328 31.538059 -9.817353 1.168400 -1.447142 1.261877 0.011692 36.262210 -0.033517 1.427675 1.277996 -0.570352 -3.109215 5.763399 -2.112312 -0.435229 29.658252 6.560635 -13.756966 2.202052 -13.729410 6.312369 15.507573 12.012984 -8.311279 8.956727 53.895599 -1.018477 1.101260 -7.715649 -54.839334 -3.452483 -16.410274 -11.629585 0.000000 0.000000 0.000000 0.000000 0.000000 0.000000 0.000000 0.000000 0.000000 0.000000 0.000000 0.000000 0.000000 0.000000 0.000000 0.000000 0.000000 0.000000 0.000000 0.000000 0.000000 0.000000 0.000000 0.000000 0.000000 0.000000 0.000000 0.000000 0.000000 0.000000 0.000000 0.000000 0.000000 0.000000 0.000000 0.000000 0.000000 0.000000 0.000000 0.000000 0.000000 0.000000 9.457269 -2.185555 14.417742 10.827235 -57.932872 5.486155 12.591825 8.124809 46.735224 4.792843 10.986601 6.890126 0.000000 0.000000 0.000000 0.000000 0.000000 0.000000 0.000000 0.000000 0.000000 0.000000 0.000000 0.000000 0.000000 0.000000 0.000000 0.000000 0.000000 0.000000 0.000000 0.000000 0.000000 0.000000 0.000000 0.000000 0.000000 0.000000 0.000000 0.000000 0.000000 0.000000 0.000000 0.000000 0.000000 0.000000 0.000000 0.000000 0.000000 0.000000 0.000000 0.000000 0.000000 0.000000
-0.466056 -0.257332 1.444409 -98.807382 72.165939 7.372697 -32.577257 -2.703753 -10.030389 67.815799 4.630344 -8.359561 23.629432 6.920275 2.431796 0.226789 1.005830 -1.739962 -23.501620 7.280048 4.119205 60.997472 -1.418956 1.958803 31.742684 -10.803556 1.366915 -1.278388 1.313388 -0.002060 34.041622 -0.234205 1.086898 1.043444 -0.202375 -2.970060 6.423591 -2.363082 -0.563265 29.511212 6.230108 -13.690081 2.990048 -13.547828 6.273150 14.831723 11.145333 -7.509282 9.069117 54.628581 -1.449318 1.354617 -7.311458 -54.266360 -3.919210 -15.139419 -12.030895 0.000000 0.000000 0.000000 0.000000 0.000000 0.000000 0.000000 0.000000 0.000000 0.000000 0.000000 0.000000 0.000000 0.000000 0.000000 0.000000 0.000000 0.000000 0.000000 0.000000 0.000000 0.000000 0.000000 0.000000 0.000000 0.000000 0.000000 0.000000 0.000000 0.000000 0.000000 0.000000 0.000000 0.000000 0.000000 0.000000 0.000000 0.000000 0.000000 0.000000 0.000000 0.000000 9.396267 -1.560060 13.574960 11.374696 -58.364750 5.714604 13.041200 7.279833 45.847557 4.823057 9.651453 6.960614 0.000000 0.000000 0.000000 0.000000 0.000000 0.000000 0.000000 0.000000 0.000000 0.000000 0.000000 0.000000 0.000000 0.000000 0.000000 0.000000 0.000000 0.000000 0.000000 0.000000 0.000000 0.000000 0.000000 0.000000 0.000000 0.000000 0.000000 0.000000 0.000000 0.000000 0.000000 0.000000 0.000000 0.000000 0.000000 0.000000 0.000000 0.000000 0.000000 0.000000 0.000000 0.000000
-0.463075 -0.246966 1.446016 -100.620005 73.087211 9.130290 -27.948249 -2.844079 -9.398623 61.397693 3.293013 -8.990869 24.014520 7.878138 2.747121 0.115308 1.000899 -1.733216 -20.665055 6.960493 3.472193 57.852707 -0.754344 2.055467 32.063954 -11.777962 1.774008 -1.160261 1.339011 -0.019661 32.259435 -0.503752 0.738421 0.487629 0.240467 -2.772480 7.076561 -2.636330 -0.654692 29.108899 5.698343 -13.614572 3.818014 -13.312963 6.362994 14.308012 10.470753 -6.490852 9.713350 55.263176 -1.774095 1.886254 -7.058418 -54.692862 -4.230975 -13.536980 -12.363559 0.000000 0.000000 0.000000 0.000000 0.000000 0.000000 0.000000 0.000000 0.000000 0.000000 0.000000 0.000000 0.000000 0.000000 0.000000 0.000000 0.000000 0.000000 0.000000 0.000000 0.000000 0.000000 0.000000 0.000000 0.000000 0.000000 0.000000 0.000000 0.000000 0.000000 0.000000 0.000000 0.000000 0.000000 0.000000 0.000000 0.000000 0.000000 0.000000 0.000000 0.000000 0.000000 9.170891 -0.832706 12.677980 11.769461 -58.516571 5.197098 13.667601 6.790526 45.611149 4.912892 8.468948 7.329809 0.000000 0.000000 0.000000 0.000000 0.000000 0.000000 0.000000 0.000000 0.000000 0.000000 0.000000 0.000000 0.000000 0.000000 0.000000 0.000000 0.000000 0.000000 0.000000 0.000000 0.000000 0.000000 0.000000 0.000000 0.000000 0.000000 0.000000 0.000000 0.000000 0.000000 0.000000 0.000000 0.000000 0.000000 0.000000 0.000000 0.000000 0.000000 0.000000 0.000000 0.000000 0.000000
-0.462568 -0.239468 1.447441 -102.242245 73.758814 10.297894 -24.182847 -3.018468 -8.691374 55.994313 2.787528 -9.292836 24.847588 8.759847 2.718055 0.189768 1.088195 -1.677613 -18.327666 6.783797 2.875196 55.126342 -0.256643 1.896892 32.220228 -12.335893 1.770274 -1.154742 1.322154 -0.010309 30.750970 -0.620872 0.386671 0.052454 0.695214 -2.715374 7.407504 -2.954145 -0.832258 28.855451 5.455505 -13.494987 4.513054 -12.986651 6.891346 14.002965 10.032933 -5.984118 10.091279 55.714497 -2.112154 2.942318 -6.742023 -53.356059 -4.069639 -12.629335 -12.713333 0.000000 0.000000 0.000000 0.000000 0.000000 0.000000 0.000000 0.000000 0.000000 0.000000 0.000000 0.000000 0.000000 0.000000 0.000000 0.000000 0.000000 0.000000 0.000000 0.000000 0.000000 0.000000 0.000000 0.000000 0.000000 0.000000 0.000000 0.000000 0.000000 0.000000 0.000000 0.000000 0.000000 0.000000 0.000000 0.000000 0.000000 0.000000 0.000000 0.000000 0.000000 0.000000 9.002556 -0.167521 12.046920 12.364505 -58.651359 5.544566 13.880222 6.250191 44.508740 5.274139 7.773490 7.593629 0.000000 0.000000 0.000000 0.000000 0.000000 0.000000 0.000000 0.000000 0.000000 0.000000 0.000000 0.000000 0.000000 0.000000 0.000000 0.000000 0.000000 0.000000 0.000000 0.000000 0.000000 0.000000 0.000000 0.000000 0.000000 0.000000 0.000000 0.000000 0.000000 0.000000 0.000000 0.000000 0.000000 0.000000 0.000000 0.000000 0.000000 0.000000 0.000000 0.000000 0.000000 0.000000
-0.460072 -0.233396 1.449741 -104.198803 74.225805 12.054864 -20.220276 -3.196506 -7.990625 50.115959 1.843471 -10.227253 25.164359 9.532244 2.643109 0.227386 1.169661 -1.597306 -15.888570 6.514101 2.276894 52.179205 0.289457 2.218409 32.071791 -12.854778 1.674246 -1.107027 1.342263 0.063784 29.323559 -0.716667 0.041301 -0.573335 1.044078 -2.531028 7.913650 -3.213130 -0.981266 28.155788 5.207912 -13.367909 5.405195 -12.513403 7.161173 13.469825 9.232406 -5.198301 10.122968 56.065545 -2.024909 4.270856 -5.888760 -52.543264 -4.129568 -10.722978 -12.868413 0.000000 0.000000 0.000000 0.000000 0.000000 0.000000 0.000000 0.000000 0.000000 0.000000 0.000000 0.000000 0.000000 0.000000 0.000000 0.000000 0.000000 0.000000 0.000000 0.000000 0.000000 0.000000 0.000000 0.000000 0.000000 0.000000 0.000000 0.000000 0.000000 0.000000 0.000000 0.000000 0.000000 0.000000 0.000000 0.000000 0.000000 0.000000 0.000000 0.000000 0.000000 0.000000 8.897006 0.348486 11.072232 12.854357 -58.502264 5.615568 14.360900 5.596037 44.150714 5.321044 6.141864 7.818547 0.000000 0.000000 0.000000 0.000000 0.000000 0.000000 0.000000 0.000000 0.000000 0.000000 0.000000 0.000000 0.000000 0.000000 0.000000 0.000000 0.000000 0.000000 0.000000 0.000000 0.000000 0.000000 0.000000 0.000000 0.000000 0.000000 0.000000 0.000000 0.000000 0.000000 0.000000 0.000000 0.000000 0.000000 0.000000 0.000000 0.000000 0.000000 0.000000 0.000000 0.000000 0.000000
-0.457130 -0.225697 1.451142 -105.661246 74.707587 13.513918 -16.814369 -3.321579 -7.316179 44.904584 1.161062 -10.952979 25.031826 10.198212 2.911134 0.107474 1.151152 -1.588958 -14.045552 6.267582 1.653151 49.670353 0.794482 2.467596 31.928740 -13.301905 1.514185 -1.034679 1.370758 0.111224 28.183020 -0.759917 -0.386850 -1.476964 1.451981 -2.294338 8.668553 -3.478946 -1.191904 26.908270 4.772463 -13.454516 6.395457 -12.414434 7.261021 12.853430 8.407346 -4.307315 10.658507 56.301975 -2.262913 5.979038 -5.201267 -51.903702 -4.442524 -8.948018 -12.924447 0.000000 0.000000 0.000000 0.000000 0.000000 0.000000 0.000000 0.000000 0.000000 0.000000 0.000000 0.000000 0.000000 0.000000 0.000000 0.000000 0.000000 0.000000 0.000000 0.000000 0.000000 0.000000 0.000000 0.000000 0.000000 0.000000 0.000000 0.000000 0.000000 0.000000 0.000000 0.000000 0.000000 0.000000 0.000000 0.000000 0.000000 0.000000 0.000000 0.000000 0.000000 0.000000 8.774464 0.997132 10.305570 13.627617 -58.240032 5.892663 15.109644 5.226851 43.835201 5.647461 4.498305 7.945278 0.000000 0.000000 0.000000 0.000000 0.000000 0.000000 0.000000 0.000000 0.000000 0.000000 0.000000 0.000000 0.000000 0.000000 0.000000 0.000000 0.000000 0.000000 0.000000 0.000000 0.000000 0.000000 0.000000 0.000000 0.000000 0.000000 0.000000 0.000000 0.000000 0.000000 0.000000 0.000000 0.000000 0.000000 0.000000 0.000000 0.000000 0.000000 0.000000 0.000000 0.000000 0.000000
-0.455183 -0.219149 1.452936 -107.365615 75.191871 15.163518 -13.944640 -3.379608 -6.878741 40.255520 0.690965 -11.239729 25.493974 10.921264 2.984562 -0.082851 1.225063 -1.620053 -12.257936 5.910418 1.108823 46.961532 1.192522 2.280989 31.942195 -13.683954 1.382866 -0.897455 1.512460 0.074112 26.929259 -0.768891 -0.760543 -2.572699 1.946907 -2.102427 9.299308 -3.828438 -1.403267 26.002186 4.417889 -13.475450 6.945971 -12.162393 7.515687 12.332846 7.669471 -3.505511 11.077137 56.433574 -2.405251 7.846020 -4.610958 -50.762378 -4.119272 -7.458387 -12.840733 0.000000 0.000000 0.000000 0.000000 0.000000 0.000000 0.000000 0.000000 0.000000 0.000000 0.000000 0.000000 0.000000 0.000000 0.000000 0.000000 0.000000 0.000000 0.000000 0.000000 0.000000 0.000000 0.000000 0.000000 0.000000 0.000000 0.000000 0.000000 0.000000 0.000000 0.000000 0.000000 0.000000 0.000000 0.000000 0.000000 0.000000 0.000000 0.000000 0.000000 0.000000 0.000000 8.599695 1.473526 9.541600 14.503677 -57.902354 6.690099 15.837163 4.303023 42.672282 5.748683 3.243834 8.072830 0.000000 0.000000 0.000000 0.000000 0.000000 0.000000 0.000000 0.000000 0.000000 0.000000 0.000000 0.000000 0.000000 0.000000 0.000000 0.000000 0.000000 0.000000 0.000000 0.000000 0.000000 0.000000 0.000000 0.000000 0.000000 0.000000 0.000000 0.000000 0.000000 0.000000 0.000000 0.000000 0.000000 0.000000 0.000000 0.000000 0.000000 0.000000 0.000000 0.000000 0.000000 0.000000
-0.453404 -0.213553 1.454491 -108.813738 75.507136 16.507200 -11.393945 -3.456444 -6.455096 35.938516 0.329971 -11.738676 26.440020 11.762335 2.843327 -0.077770 1.313143 -1.606055 -10.823773 5.645327 0.739995 44.831752 1.597223 2.132298 32.111540 -13.835588 1.224574 -0.821420 1.536874 0.095271 25.961606 -0.909655 -1.045969 -3.473473 2.427734 -1.889439 9.773495 -4.093018 -1.602303 25.062807 4.264847 -13.284231 7.260134 -11.880713 7.825898 11.966884 7.081142 -2.993339 11.210996 56.700507 -2.587409 9.321368 -4.276968 -48.963815 -3.753681 -6.199466 -12.800481 0.000000 0.000000 0.000000 0.000000 0.000000 0.000000 0.000000 0.000000 0.000000 0.000000 0.000000 0.000000 0.000000 0.000000 0.000000 0.000000 0.000000 0.000000 0.000000 0.000000 0.000000 0.000000 0.000000 0.000000 0.000000 0.000000 0.000000 0.000000 0.000000 0.000000 0.000000 0.000000 0.000000 0.000000 0.000000 0.000000 0.000000 0.000000 0.000000 0.000000 0.000000 0.000000 8.482212 2.019378 9.011910 15.057753 -57.683122 7.254800 16.518165 3.592390 41.412285 5.791559 2.534883 8.121301 0.000000 0.000000 0.000000 0.000000 0.000000 0.000000 0.000000 0.000000 0.000000 0.000000 0.000000 0.000000 0.000000 0.000000 0.000000 0.000000 0.000000 0.000000 0.000000 0.000000 0.000000 0.000000 0.000000 0.000000 0.000000 0.000000 0.000000 0.000000 0.000000 0.000000 0.000000 0.000000 0.000000 0.000000 0.000000 0.000000 0.000000 0.000000 0.000000 0.000000 0.000000 0.000000
-0.451904 -0.207017 1.454329 -109.479940 76.022584 17.007340 -9.188483 -3.461972 -6.079848 32.026468 -0.041913 -11.956322 27.408735 12.410987 2.834862 -0.175987 1.461252 -1.562434 -9.523732 5.451745 0.386624 42.450161 1.780033 2.082785 32.356316 -14.011067 0.844932 -0.731113 1.673170 0.053586 25.271161 -0.941268 -1.299992 -4.507693 2.867004 -1.673515 10.298366 -4.300792 -1.680589 23.752280 3.980278 -13.200480 7.437275 -11.555843 7.962711 11.463068 6.498272 -2.387681 11.777286 56.601563 -2.837473 11.183086 -3.604034 -47.899003 -3.770080 -4.916268 -12.988409 0.000000 0.000000 0.000000 0.000000 0.000000 0.000000 0.000000 0.000000 0.000000 0.000000 0.000000 0.000000 0.000000 0.000000 0.000000 0.000000 0.000000 0.000000 0.000000 0.000000 0.000000 0.000000 0.000000 0.000000 0.000000 0.000000 0.000000 0.000000 0.000000 0.000000 0.000000 0.000000 0.000000 0.000000 0.000000 0.000000 0.000000 0.000000 0.000000 0.000000 0.000000 0.000000 8.196069 2.277805 8.449070 15.818182 -57.077552 7.891167 17.317325 2.777146 40.363800 5.656866 1.767950 8.319951 0.000000 0.000000 0.000000 0.000000 0.000000 0.000000 0.000000 0.000000 0.000000 0.000000 0.000000 0.000000 0.000000 0.000000 0.000000 0.000000 0.000000 0.000000 0.000000 0.000000 0.000000 0.000000 0.000000 0.000000 0.000000 0.000000 0.000000 0.000000 0.000000 0.000000 0.000000 0.000000 0.000000 0.000000 0.000000 0.000000 0.000000 0.000000 0.000000 0.000000 0.000000 0.000000
-0.451104 -0.202205 1.454627 -110.469225 76.465376 18.143288 -7.321886 -3.546494 -5.585886 29.100956 -0.348622 -12.109486 27.658132 12.838275 2.766940 -0.145888 1.482223 -1.540175 -8.278257 5.100652 0.014984 40.361448 1.946723 1.959715 32.283429 -14.098314 0.521572 -0.754378 1.541379 0.049804 24.385747 -0.906616 -1.522213 -5.143025 3.074374 -1.621678 10.662342 -4.500613 -1.868855 22.860633 3.913045 -13.019044 7.792471 -11.271127 8.023524 11.175836 5.922463 -1.912287 12.217328 56.482929 -3.129688 12.781500 -2.969669 -46.938076 -3.641349 -3.752686 -12.988127 0.000000 0.000000 0.000000 0.000000 0.000000 0.000000 0.000000 0.000000 0.000000 0.000000 0.000000 0.000000 0.000000 0.000000 0.000000 0.000000 0.000000 0.000000 0.000000 0.000000 0.000000 0.000000 0.000000 0.000000 0.000000 0.000000 0.000000 0.000000 0.000000 0.000000 0.000000 0.000000 0.000000 0.000000 0.000000 0.000000 0.000000 0.000000 0.000000 0.000000 0.000000 0.000000 8.071804 2.608858 7.987570 16.447229 -56.657070 8.676844 17.955801 1.954498 39.220915 5.861775 0.690468 8.247437 0.000000 0.000000 0.000000 0.000000 0.000000 0.000000 0.000000 0.000000 0.000000 0.000000 0.000000 0.000000 0.000000 0.000000 0.000000 0.000000 0.000000 0.000000 0.000000 0.000000 0.000000 0.000000 0.000000 0.000000 0.000000 0.000000 0.000000 0.000000 0.000000 0.000000 0.000000 0.000000 0.000000 0.000000 0.000000 0.000000 0.000000 0.000000 0.000000 0.000000 0.000000 0.000000
-0.453046 -0.202060 1.455807 -111.466482 76.485711 18.997492 -5.339697 -3.638011 -5.125185 25.542331 -0.503050 -12.281485 28.483299 13.437056 2.500960 -0.077140 1.583653 -1.426819 -7.114888 4.956567 -0.206016 38.417347 2.177441 1.985271 32.549647 -14.195958 0.418133 -0.664526 1.414549 0.000415 23.598181 -0.946302 -1.768852 -5.880829 3.317568 -1.501464 10.955440 -4.642124 -2.013838 21.739929 3.680944 -12.637596 7.633632 -10.811921 8.000979 10.556092 5.802502 -1.766686 12.417013 56.233977 -3.555967 14.241187 -2.244926 -43.873973 -2.929683 -2.337022 -13.068158 0.000000 0.000000 0.000000 0.000000 0.000000 0.000000 0.000000 0.000000 0.000000 0.000000 0.000000 0.000000 0.000000 0.000000 0.000000 0.000000 0.000000 0.000000 0.000000 0.000000 0.000000 0.000000 0.000000 0.000000 0.000000 0.000000 0.000000 0.000000 0.000000 0.000000 0.000000 0.000000 0.000000 0.000000 0.000000 0.000000 0.000000 0.000000 0.000000 0.000000 0.000000 0.000000 7.754555 2.619195 7.662881 17.099967 -56.092551 9.566261 18.481861 0.907153 37.562435 5.888871 -0.401838 8.466080 0.000000 0.000000 0.000000 0.000000 0.000000 0.000000 0.000000 0.000000 0.000000 0.000000 0.000000 0.000000 0.000000 0.000000 0.000000 0.000000 0.000000 0.000000 0.000000 0.000000 0.000000 0.000000 0.000000 0.000000 0.000000 0.000000 0.000000 0.000000 0.000000 0.000000 0.000000 0.000000 0.000000 0.000000 0.000000 0.000000 0.000000 0.000000 0.000000 0.000000 0.000000 0.000000
-0.454511 -0.198619 1.455519 -111.872392 76.747384 19.510035 -3.984670 -3.637519 -4.787786 23.034821 -0.629487 -12.007008 28.834565 13.789573 2.540759 -0.179571 1.609168 -1.444821 -6.217242 4.700225 -0.435424 36.560135 2.384091 1.980206 32.713110 -14.324487 0.412546 -0.587926 1.525633 -0.024174 22.878588 -0.908077 -1.918537 -6.648980 3.583030 -1.346741 11.256206 -4.804166 -2.133439 20.701991 3.614777 -12.525304 7.962047 -10.661449 8.095445 10.106764 5.333519 -1.558442 12.942861 56.384276 -4.146610 15.381595 -1.748113 -41.844927 -2.808956 -1.186024 -13.055121 0.000000 0.000000 0.000000 0.000000 0.000000 0.000000 0.000000 0.000000 0.000000 0.000000 0.000000 0.000000 0.000000 0.000000 0.000000 0.000000 0.000000 0.000000 0.000000 0.000000 0.000000 0.000000 0.000000 0.000000 0.000000 0.000000 0.000000 0.000000 0.000000 0.000000 0.000000 0.000000 0.000000 0.000000 0.000000 0.000000 0.000000 0.000000 0.000000 0.000000 0.000000 0.000000 7.643899 2.871631 7.356543 17.868897 -55.821852 10.383836 18.948871 0.343185 35.923164 5.719198 -1.469051 8.528332 0.000000 0.000000 0.000000 0.000000 0.000000 0.000000 0.000000 0.000000 0.000000 0.000000 0.000000 0.000000 0.000000 0.000000 0.000000 0.000000 0.000000 0.000000 0.000000 0.000000 0.000000 0.000000 0.000000 0.000000 0.000000 0.000000 0.000000 0.000000 0.000000 0.000000 0.000000 0.000000 0.000000 0.000000 0.000000 0.000000 0.000000 0.000000 0.000000 0.000000 0.000000 0.000000
-0.455799 -0.196719 1.455285 -112.155243 76.892054 19.735608 -2.615482 -3.666912 -4.381802 20.369459 -0.839937 -11.804822 29.138301 14.228463 2.479416 -0.228638 1.600776 -1.386247 -5.292879 4.575793 -0.792908 34.633255 2.621010 1.913098 32.679747 -14.562404 0.412402 -0.514331 1.462976 -0.042546 22.232353 -0.902207 -2.028228 -7.425755 3.877857 -1.150641 11.586713 -4.927425 -2.151828 19.691066 3.460805 -12.136552 7.991097 -10.454798 8.335785 9.494834 4.889953 -1.309966 13.340246 56.337388 -4.490372 16.776307 -1.123877 -40.126953 -2.768099 0.144714 -13.080272 0.000000 0.000000 0.000000 0.000000 0.000000 0.000000 0.000000 0.000000 0.000000 0.000000 0.000000 0.000000 0.000000 0.000000 0.000000 0.000000 0.000000 0.000000 0.000000 0.000000 0.000000 0.000000 0.000000 0.000000 0.000000 0.000000 0.000000 0.000000 0.000000 0.000000 0.000000 0.000000 0.000000 0.000000 0.000000 0.000000 0.000000 0.000000 0.000000 0.000000 0.000000 0.000000 7.505432 3.070815 6.966677 18.615640 -55.518225 11.095236 19.416997 -0.197133 34.871210 5.640900 -2.721891 8.646749 0.000000 0.000000 0.000000 0.000000 0.000000 0.000000 0.000000 0.000000 0.000000 0.000000 0.000000 0.000000 0.000000 0.000000 0.000000 0.000000 0.000000 0.000000 0.000000 0.000000 0.000000 0.000000 0.000000 0.000000 0.000000 0.000000 0.000000 0.000000 0.000000 0.000000 0.000000 0.000000 0.000000 0.000000 0.000000 0.000000 0.000000 0.000000 0.000000 0.000000 0.000000 0.000000
-0.457036 -0.193756 1.454656 -112.549745 77.247726 20.140671 -1.263084 -3.650670 -4.009057 18.012877 -1.047067 -11.910958 29.401610 14.700228 2.497998 -0.236200 1.632047 -1.363339 -4.509826 4.220501 -0.845989 33.010209 2.642248 1.981536 32.769883 -14.621721 0.367137 -0.479457 1.508508 0.010959 21.724299 -0.917810 -2.165239 -8.004420 4.091962 -1.076305 11.938962 -5.100183 -2.174979 18.712963 3.369035 -11.697602 7.837154 -10.226301 8.407903 9.132528 4.600264 -1.322626 13.672563 56.618453 -4.909965 17.580224 -0.986172 -38.313136 -2.057963 1.080766 -13.146884 0.000000 0.000000 0.000000 0.000000 0.000000 0.000000 0.000000 0.000000 0.000000 0.000000 0.000000 0.000000 0.000000 0.000000 0.000000 0.000000 0.000000 0.000000 0.000000 0.000000 0.000000 0.000000 0.000000 0.000000 0.000000 0.000000 0.000000 0.000000 0.000000 0.000000 0.000000 0.000000 0.000000 0.000000 0.000000 0.000000 0.000000 0.000000 0.000000 0.000000 0.000000 0.000000 7.211340 3.388874 6.831849 19.289895 -55.568386 11.846052 19.671297 -0.444301 33.656112 5.569040 -3.356573 8.642674 0.000000 0.000000 0.000000 0.000000 0.000000 0.000000 0.000000 0.000000 0.000000 0.000000 0.000000 0.000000 0.000000 0.000000 0.000000 0.000000 0.000000 0.000000 0.000000 0.000000 0.000000 0.000000 0.000000 0.000000 0.000000 0.000000 0.000000 0.000000 0.000000 0.000000 0.000000 0.000000 0.000000 0.000000 0.000000 0.000000 0.000000 0.000000 0.000000 0.000000 0.000000 0.000000
-0.458932 -0.190590 1.455051 -113.408312 77.413789 21.084416 -0.427079 -3.783638 -3.532183 16.609783 -1.032870 -11.695557 29.952577 14.921029 2.230140 -0.213541 1.707938 -1.260168 -3.869228 4.149653 -1.248819 31.813472 2.768697 1.922387 32.987558 -14.878646 0.451616 -0.449091 1.466714 -0.016739 21.322085 -0.948451 -2.193084 -8.882363 4.299238 -0.932249 12.375441 -5.206860 -2.186233 17.624153 3.246713 -11.307576 7.775803 -10.005040 8.506111 8.656579 4.253929 -0.969627 14.047165 56.750918 -5.442825 18.643280 -0.689221 -37.232305 -2.041459 1.759878 -13.052215 0.000000 0.000000 0.000000 0.000000 0.000000 0.000000 0.000000 0.000000 0.000000 0.000000 0.000000 0.000000 0.000000 0.000000 0.000000 0.000000 0.000000 0.000000 0.000000 0.000000 0.000000 0.000000 0.000000 0.000000 0.000000 0.000000 0.000000 0.000000 0.000000 0.000000 0.000000 0.000000 0.000000 0.000000 0.000000 0.000000 0.000000 0.000000 0.000000 0.000000 0.000000 0.000000 7.040184 3.513337 6.559098 19.772706 -55.228147 12.472350 20.134392 -1.096815 32.352748 5.362393 -4.193836 8.747236 0.000000 0.000000 0.000000 0.000000 0.000000 0.000000 0.000000 0.000000 0.000000 0.000000 0.000000 0.000000 0.000000 0.000000 0.000000 0.000000 0.000000 0.000000 0.000000 0.000000 0.000000 0.000000 0.000000 0.000000 0.000000 0.000000 0.000000 0.000000 0.000000 0.000000 0.000000 0.000000 0.000000 0.000000 0.000000 0.000000 0.000000 0.000000 0.000000 0.000000 0.000000 0.000000
-0.460462 -0.188388 1.454782 -113.779517 77.566031 21.493838 0.657750 -3.806063 -3.263582 14.506089 -1.071135 -11.672352 30.333013 15.123228 2.114252 -0.182767 1.741355 -1.162507 -3.156258 4.004356 -1.505438 30.298962 2.914966 2.082041 33.061691 -14.897873 0.361060 -0.393825 1.468216 -0.013709 20.813740 -0.992842 -2.276170 -9.511668 4.484057 -0.798766 12.628074 -5.258524 -2.235082 16.437533 3.180821 -10.898559 7.740745 -9.831249 8.516550 8.247267 3.961684 -0.787526 14.486874 56.933117 -5.878038 19.640791 -0.677772 -36.008573 -1.945101 2.596876 -12.968773 0.000000 0.000000 0.000000 0.000000 0.000000 0.000000 0.000000 0.000000 0.000000 0.000000 0.000000 0.000000 0.000000 0.000000 0.000000 0.000000 0.000000 0.000000 0.000000 0.000000 0.000000 0.000000 0.000000 0.000000 0.000000 0.000000 0.000000 0.000000 0.000000 0.000000 0.000000 0.000000 0.000000 0.000000 0.000000 0.000000 0.000000 0.000000 0.000000 0.000000 0.000000 0.000000 6.776640 3.587918 6.368386 20.377467 -55.000611 13.112784 20.358524 -1.576680 31.141157 5.033466 -4.830734 8.747691 0.000000 0.000000 0.000000 0.000000 0.000000 0.000000 0.000000 0.000000 0.000000 0.000000 0.000000 0.000000 0.000000 0.000000 0.000000 0.000000 0.000000 0.000000 0.000000 0.000000 0.000000 0.000000 0.000000 0.000000 0.000000 0.000000 0.000000 0.000000 0.000000 0.000000 0.000000 0.000000 0.000000 0.000000 0.000000 0.000000 0.000000 0.000000 0.000000 0.000000 0.000000 0.000000
-0.462252 -0.187635 1.453092 -113.150375 77.771764 20.897487 1.504037 -3.811341 -3.009937 12.623940 -1.101916 -11.634836 30.497711 15.398071 1.996750 -0.227574 1.734911 -1.104881 -2.447268 3.844189 -1.727150 28.453293 2.949859 2.133471 32.889333 -15.058164 0.171047 -0.302244 1.484323 -0.029903 20.382708 -0.931680 -2.294508 -10.016516 4.587928 -0.738397 12.729021 -5.285827 -2.268765 15.360373 3.061487 -10.434694 7.746327 -9.547882 8.436115 7.869096 3.803959 -0.547179 15.116425 56.895025 -6.622633 20.793265 -0.749362 -34.547995 -1.227249 3.281095 -13.079695 0.000000 0.000000 0.000000 0.000000 0.000000 0.000000 0.000000 0.000000 0.000000 0.000000 0.000000 0.000000 0.000000 0.000000 0.000000 0.000000 0.000000 0.000000 0.000000 0.000000 0.000000 0.000000 0.000000 0.000000 0.000000 0.000000 0.000000 0.000000 0.000000 0.000000 0.000000 0.000000 0.000000 0.000000 0.000000 0.000000 0.000000 0.000000 0.000000 0.000000 0.000000 0.000000 6.517564 3.536212 6.083590 21.211989 -54.737793 14.107851 20.804454 -1.922299 29.852757 4.969531 -5.405208 8.902303 0.000000 0.000000 0.000000 0.000000 0.000000 0.000000 0.000000 0.000000 0.000000 0.000000 0.000000 0.000000 0.000000 0.000000 0.000000 0.000000 0.000000 0.000000 0.000000 0.000000 0.000000 0.000000 0.000000 0.000000 0.000000 0.000000 0.000000 0.000000 0.000000 0.000000 0.000000 0.000000 0.000000 0.000000 0.000000 0.000000 0.000000 0.000000 0.000000 0.000000 0.000000 0.000000
-0.463362 -0.185975 1.452790 -113.427074 77.870432 21.254145 2.155275 -3.885104 -2.669232 11.529680 -0.989894 -11.543335 30.664246 15.655201 1.767424 -0.320926 1.640260 -1.096606 -1.877155 3.803133 -1.971279 27.295017 2.979905 2.222515 32.739087 -15.297381 0.079562 -0.242592 1.658437 0.028716 20.045180 -0.912345 -2.273627 -10.652900 4.844403 -0.719655 13.058664 -5.464713 -2.337642 14.260678 3.030297 -10.123671 7.780719 -9.445719 8.371976 7.583776 3.398980 -0.514990 15.267454 57.188054 -6.874006 21.808677 -0.566352 -33.496577 -1.327239 3.899417 -13.203593 0.000000 0.000000 0.000000 0.000000 0.000000 0.000000 0.000000 0.000000 0.000000 0.000000 0.000000 0.000000 0.000000 0.000000 0.000000 0.000000 0.000000 0.000000 0.000000 0.000000 0.000000 0.000000 0.000000 0.000000 0.000000 0.000000 0.000000 0.000000 0.000000 0.000000 0.000000 0.000000 0.000000 0.000000 0.000000 0.000000 0.000000 0.000000 0.000000 0.000000 0.000000 0.000000 6.278706 3.861475 6.043257 21.551505 -54.707707 14.583446 21.126081 -2.458439 28.821461 4.260308 -5.668288 8.973826 0.000000 0.000000 0.000000 0.000000 0.000000 0.000000 0.000000 0.000000 0.000000 0.000000 0.000000 0.000000 0.000000 0.000000 0.000000 0.000000 0.000000 0.000000 0.000000 0.000000 0.000000 0.000000 0.000000 0.000000 0.000000 0.000000 0.000000 0.000000 0.000000 0.000000 0.000000 0.000000 0.000000 0.000000 0.000000 0.000000 0.000000 0.000000 0.000000 0.000000 0.000000 0.000000
-0.464672 -0.183589 1.450538 -112.534428 78.159209 20.481879 2.634047 -3.953492 -2.409575 10.303883 -1.055778 -11.415011 30.863456 15.896793 1.663943 -0.294651 1.644023 -1.041150 -1.306357 3.588353 -2.153880 25.614410 3.078369 2.370765 32.737768 -15.499395 -0.093390 -0.193017 1.783875 0.101869 19.632854 -0.904302 -2.296746 -11.400860 5.032540 -0.645342 13.447390 -5.505120 -2.376771 13.107698 2.949284 -9.813558 7.572154 -9.295911 8.308416 7.270307 3.125472 -0.351977 15.655852 57.272756 -7.210357 22.650307 -0.454432 -32.868749 -1.000473 4.915724 -13.186052 0.000000 0.000000 0.000000 0.000000 0.000000 0.000000 0.000000 0.000000 0.000000 0.000000 0.000000 0.000000 0.000000 0.000000 0.000000 0.000000 0.000000 0.000000 0.000000 0.000000 0.000000 0.000000 0.000000 0.000000 0.000000 0.000000 0.000000 0.000000 0.000000 0.000000 0.000000 0.000000 0.000000 0.000000 0.000000 0.000000 0.000000 0.000000 0.000000 0.000000 0.000000 0.000000 6.083200 3.863358 5.901755 21.912828 -54.414258 15.056784 21.456187 -2.941584 27.922062 4.118743 -6.141885 9.086288 0.000000 0.000000 0.000000 0.000000 0.000000 0.000000 0.000000 0.000000 0.000000 0.000000 0.000000 0.000000 0.000000 0.000000 0.000000 0.000000 0.000000 0.000000 0.000000 0.000000 0.000000 0.000000 0.000000 0.000000 0.000000 0.000000 0.000000 0.000000 0.000000 0.000000 0.000000 0.000000 0.000000 0.000000 0.000000 0.000000 0.000000 0.000000 0.000000 0.000000 0.000000 0.000000
-0.466470 -0.180531 1.450125 -113.063414 78.403157 21.172331 3.321991 -3.989379 -2.192475 9.243157 -1.181377 -11.206321 31.260176 16.218435 1.535656 -0.312836 1.635665 -1.055814 -0.504026 3.279183 -2.323477 24.047242 3.244590 2.484274 33.131732 -15.662653 -0.063262 -0.156084 2.076793 0.085252 19.210004 -0.869666 -2.279517 -11.535531 5.124569 -0.632785 13.476054 -5.570198 -2.355382 12.824535 2.991263 -9.673942 7.716144 -9.315619 8.470440 7.117281 2.868687 -0.537112 15.969747 57.530438 -7.627247 23.053760 -0.342836 -32.217643 -0.967780 5.331822 -12.995556 0.000000 0.000000 0.000000 0.000000 0.000000 0.000000 0.000000 0.000000 0.000000 0.000000 0.000000 0.000000 0.000000 0.000000 0.000000 0.000000 0.000000 0.000000 0.000000 0.000000 0.000000 0.000000 0.000000 0.000000 0.000000 0.000000 0.000000 0.000000 0.000000 0.000000 0.000000 0.000000 0.000000 0.000000 0.000000 0.000000 0.000000 0.000000 0.000000 0.000000 0.000000 0.000000 6.088739 4.031158 6.009983 22.173562 -54.314244 15.362241 21.539055 -3.342156 27.209806 3.690284 -6.590783 8.859110 0.000000 0.000000 0.000000 0.000000 0.000000 0.000000 0.000000 0.000000 0.000000 0.000000 0.000000 0.000000 0.000000 0.000000 0.000000 0.000000 0.000000 0.000000 0.000000 0.000000 0.000000 0.000000 0.000000 0.000000 0.000000 0.000000 0.000000 0.000000 0.000000 0.000000 0.000000 0.000000 0.000000 0.000000 0.000000 0.000000 0.000000 0.000000 0.000000 0.000000 0.000000 0.000000
-0.467549 -0.180560 1.448340 -112.088876 78.473502 20.264329 3.781579 -3.940215 -2.026594 8.139869 -1.140606 -11.022751 31.581472 16.391802 1.410766 -0.371943 1.583945 -0.983813 0.013607 3.133746 -2.440984 22.557328 3.456269 2.645104 33.338768 -15.741897 -0.281404 -0.130072 2.258275 0.033868 18.857150 -0.810415 -2.321882 -11.962091 5.173815 -0.557523 13.592411 -5.592282 -2.393154 11.787996 2.918659 -9.421664 7.468394 -9.142918 8.391284 6.843280 2.701036 -0.333510 16.415692 57.438309 -7.945787 23.842138 -0.252407 -31.909432 -0.782711 5.891248 -12.902573 0.000000 0.000000 0.000000 0.000000 0.000000 0.000000 0.000000 0.000000 0.000000 0.000000 0.000000 0.000000 0.000000 0.000000 0.000000 0.000000 0.000000 0.000000 0.000000 0.000000 0.000000 0.000000 0.000000 0.000000 0.000000 0.000000 0.000000 0.000000 0.000000 0.000000 0.000000 0.000000 0.000000 0.000000 0.000000 0.000000 0.000000 0.000000 0.000000 0.000000 0.000000 0.000000 5.954067 3.922064 5.833706 22.692418 -53.891625 15.961331 21.662089 -3.874125 26.620227 3.300054 -6.735799 8.907824 0.000000 0.000000 0.000000 0.000000 0.000000 0.000000 0.000000 0.000000 0.000000 0.000000 0.000000 0.000000 0.000000 0.000000 0.000000 0.000000 0.000000 0.000000 0.000000 0.000000 0.000000 0.000000 0.000000 0.000000 0.000000 0.000000 0.000000 0.000000 0.000000 0.000000 0.000000 0.000000 0.000000 0.000000 0.000000 0.000000 0.000000 0.000000 0.000000 0.000000 0.000000 0.000000
-0.469265 -0.176866 1.446662 -111.683100 78.788018 20.077487 4.075613 -3.970498 -1.819748 7.295794 -1.302035 -10.573005 31.824964 16.696206 1.364034 -0.455082 1.513518 -1.158022 0.576640 2.876000 -2.684025 21.049892 3.589745 2.561957 33.714599 -16.025811 -0.210015 -0.024808 2.760926 0.055268 18.370038 -0.705765 -2.271632 -12.136439 5.252809 -0.577282 13.595961 -5.702903 -2.422126 11.494737 2.983979 -9.571275 7.469568 -9.260213 8.515426 6.797573 2.465785 -0.367123 16.907070 57.744800 -8.606506 24.005386 -0.086344 -31.504279 -0.822837 5.850091 -13.005297 0.000000 0.000000 0.000000 0.000000 0.000000 0.000000 0.000000 0.000000 0.000000 0.000000 0.000000 0.000000 0.000000 0.000000 0.000000 0.000000 0.000000 0.000000 0.000000 0.000000 0.000000 0.000000 0.000000 0.000000 0.000000 0.000000 0.000000 0.000000 0.000000 0.000000 0.000000 0.000000 0.000000 0.000000 0.000000 0.000000 0.000000 0.000000 0.000000 0.000000 0.000000 0.000000 5.970208 4.031280 5.730978 22.964215 -53.806525 16.307055 21.694199 -4.056260 26.033917 3.099026 -7.023995 8.913067 0.000000 0.000000 0.000000 0.000000 0.000000 0.000000 0.000000 0.000000 0.000000 0.000000 0.000000 0.000000 0.000000 0.000000 0.000000 0.000000 0.000000 0.000000 0.000000 0.000000 0.000000 0.000000 0.000000 0.000000 0.000000 0.000000 0.000000 0.000000 0.000000 0.000000 0.000000 0.000000 0.000000 0.000000 0.000000 0.000000 0.000000 0.000000 0.000000 0.000000 0.000000 0.000000
-0.470313 -0.173922 1.445392 -111.367305 78.997559 19.932437 4.452255 -3.982450 -1.654908 6.413562 -1.350799 -10.322475 32.074566 16.947623 1.246227 -0.414299 1.524794 -1.107708 0.928745 2.789925 -2.818872 20.090514 3.569244 2.498510 33.874839 -16.168659 -0.132793 0.034259 2.734272 -0.068164 18.101708 -0.693886 -2.271262 -12.450703 5.347828 -0.613062 13.635260 -5.709121 -2.444472 10.809635 2.897076 -9.496766 7.403194 -9.265169 8.353989 6.688035 2.294142 -0.298821 17.568864 57.839247 -9.262065 24.560316 -0.112699 -31.294743 -0.751042 6.030396 -13.035809 0.000000 0.000000 0.000000 0.000000 0.000000 0.000000 0.000000 0.000000 0.000000 0.000000 0.000000 0.000000 0.000000 0.000000 0.000000 0.000000 0.000000 0.000000 0.000000 0.000000 0.000000 0.000000 0.000000 0.000000 0.000000 0.000000 0.000000 0.000000 0.000000 0.000000 0.000000 0.000000 0.000000 0.000000 0.000000 0.000000 0.000000 0.000000 0.000000 0.000000 0.000000 0.000000 5.857626 4.054307 5.700256 23.275087 -53.632173 16.653441 21.821206 -4.371420 25.441784 2.847021 -7.329191 8.874736 0.000000 0.000000 0.000000 0.000000 0.000000 0.000000 0.000000 0.000000 0.000000 0.000000 0.000000 0.000000 0.000000 0.000000 0.000000 0.000000 0.000000 0.000000 0.000000 0.000000 0.000000 0.000000 0.000000 0.000000 0.000000 0.000000 0.000000 0.000000 0.000000 0.000000 0.000000 0.000000 0.000000 0.000000 0.000000 0.000000 0.000000 0.000000 0.000000 0.000000 0.000000 0.000000
-0.471210 -0.175320 1.444218 -110.679802 78.986895 19.237293 4.763690 -3.968234 -1.523124 5.560023 -1.295498 -10.197929 32.591964 17.105066 1.055649 -0.293822 1.543116 -1.015219 1.360317 2.669768 -2.878878 18.875901 3.700276 2.562139 34.208987 -16.188879 -0.317479 0.041285 2.889164 -0.099737 17.812239 -0.647661 -2.282069 -12.763141 5.318735 -0.568215 13.659896 -5.704542 -2.456460 10.201182 2.883492 -9.325048 7.213392 -9.145198 8.310724 6.523067 2.322713 -0.231000 17.868790 57.661669 -9.525195 25.079496 -0.071624 -30.773167 -0.826230 6.332233 -13.004846 0.000000 0.000000 0.000000 0.000000 0.000000 0.000000 0.000000 0.000000 0.000000 0.000000 0.000000 0.000000 0.000000 0.000000 0.000000 0.000000 0.000000 0.000000 0.000000 0.000000 0.000000 0.000000 0.000000 0.000000 0.000000 0.000000 0.000000 0.000000 0.000000 0.000000 0.000000 0.000000 0.000000 0.000000 0.000000 0.000000 0.000000 0.000000 0.000000 0.000000 0.000000 0.000000 5.753561 3.850171 5.523531 23.633529 -53.321945 17.013158 21.951833 -4.652061 25.115968 2.529263 -7.411746 8.845382 0.000000 0.000000 0.000000 0.000000 0.000000 0.000000 0.000000 0.000000 0.000000 0.000000 0.000000 0.000000 0.000000 0.000000 0.000000 0.000000 0.000000 0.000000 0.000000 0.000000 0.000000 0.000000 0.000000 0.000000 0.000000 0.000000 0.000000 0.000000 0.000000 0.000000 0.000000 0.000000 0.000000 0.000000 0.000000 0.000000 0.000000 0.000000 0.000000 0.000000 0.000000 0.000000
-0.471504 -0.176355 1.443338 -110.210632 78.962587 18.778930 4.864113 -4.031309 -1.280366 5.175257 -1.154768 -9.707133 32.897351 17.123874 0.727397 -0.358297 1.531225 -1.055017 1.563488 2.717319 -3.079100 18.195760 3.652126 2.526952 34.259453 -16.201225 -0.377992 -0.046865 3.217686 -0.083063 17.687409 -0.662731 -2.300319 -13.105226 5.268065 -0.566648 13.767452 -5.677690 -2.471850 9.638816 2.766114 -9.278531 7.229996 -8.928251 8.020550 6.323183 2.143291 -0.080885 18.120873 57.655561 -9.710182 25.567811 0.054293 -30.536609 -0.965310 6.730399 -13.080553 0.000000 0.000000 0.000000 0.000000 0.000000 0.000000 0.000000 0.000000 0.000000 0.000000 0.000000 0.000000 0.000000 0.000000 0.000000 0.000000 0.000000 0.000000 0.000000 0.000000 0.000000 0.000000 0.000000 0.000000 0.000000 0.000000 0.000000 0.000000 0.000000 0.000000 0.000000 0.000000 0.000000 0.000000 0.000000 0.000000 0.000000 0.000000 0.000000 0.000000 0.000000 0.000000 5.631485 3.831932 5.322883 24.048904 -53.138799 17.386681 22.308053 -4.642130 25.077743 2.438320 -7.592905 8.887981 0.000000 0.000000 0.000000 0.000000 0.000000 0.000000 0.000000 0.000000 0.000000 0.000000 0.000000 0.000000 0.000000 0.000000 0.000000 0.000000 0.000000 0.000000 0.000000 0.000000 0.000000 0.000000 0.000000 0.000000 0.000000 0.000000 0.000000 0.000000 0.000000 0.000000 0.000000 0.000000 0.000000 0.000000 0.000000 0.000000 0.000000 0.000000 0.000000 0.000000 0.000000 0.000000
-0.472339 -0.175199 1.441173 -108.973768 79.137188 17.617885 5.035431 -4.041664 -1.104895 4.305020 -1.235145 -9.251059 33.058368 17.264350 0.663540 -0.240735 1.613763 -1.041101 1.866202 2.617365 -3.224344 16.968597 3.668594 2.343534 34.485771 -16.314379 -0.342077 0.048333 3.207674 -0.166680 17.112472 -0.611162 -2.331683 -13.088664 5.266053 -0.621228 13.704721 -5.716899 -2.458600 9.427724 2.839566 -9.406848 6.954246 -8.936940 7.850287 6.272934 2.092429 -0.133063 18.646088 57.668201 -10.230279 25.696454 0.344616 -30.276873 -0.951375 6.904864 -13.183398 0.000000 0.000000 0.000000 0.000000 0.000000 0.000000 0.000000 0.000000 0.000000 0.000000 0.000000 0.000000 0.000000 0.000000 0.000000 0.000000 0.000000 0.000000 0.000000 0.000000 0.000000 0.000000 0.000000 0.000000 0.000000 0.000000 0.000000 0.000000 0.000000 0.000000 0.000000 0.000000 0.000000 0.000000 0.000000 0.000000 0.000000 0.000000 0.000000 0.000000 0.000000 0.000000 5.623109 3.823444 5.290765 24.100040 -53.012076 17.511520 22.232338 -4.877287 24.753810 2.511999 -7.937838 8.881786 0.000000 0.000000 0.000000 0.000000 0.000000 0.000000 0.000000 0.000000 0.000000 0.000000 0.000000 0.000000 0.000000 0.000000 0.000000 0.000000 0.000000 0.000000 0.000000 0.000000 0.000000 0.000000 0.000000 0.000000 0.000000 0.000000 0.000000 0.000000 0.000000 0.000000 0.000000 0.000000 0.000000 0.000000 0.000000 0.000000 0.000000 0.000000 0.000000 0.000000 0.000000 0.000000
-0.473036 -0.172520 1.439796 -108.429388 79.341291 17.216083 5.159675 -4.143158 -0.894237 3.722346 -1.208493 -9.187521 33.040650 17.262326 0.668487 -0.157484 1.526259 -1.084853 2.103880 2.616489 -3.495536 16.134447 3.533015 2.424898 34.517556 -16.521056 -0.379547 0.051944 3.353283 -0.142110 16.942889 -0.611808 -2.310829 -13.627576 5.322336 -0.596465 13.978740 -5.693739 -2.511703 8.563508 2.677181 -9.379083 6.954447 -8.918823 7.440350 6.192983 1.883528 0.062290 18.992166 57.811306 -10.670169 26.114932 0.348792 -30.263225 -1.022610 7.324085 -13.116782 0.000000 0.000000 0.000000 0.000000 0.000000 0.000000 0.000000 0.000000 0.000000 0.000000 0.000000 0.000000 0.000000 0.000000 0.000000 0.000000 0.000000 0.000000 0.000000 0.000000 0.000000 0.000000 0.000000 0.000000 0.000000 0.000000 0.000000 0.000000 0.000000 0.000000 0.000000 0.000000 0.000000 0.000000 0.000000 0.000000 0.000000 0.000000 0.000000 0.000000 0.000000 0.000000 5.489546 3.872535 5.163760 24.370527 -52.971622 17.806724 22.497501 -4.967100 24.406806 2.265305 -8.216986 8.808418 0.000000 0.000000 0.000000 0.000000 0.000000 0.000000 0.000000 0.000000 0.000000 0.000000 0.000000 0.000000 0.000000 0.000000 0.000000 0.000000 0.000000 0.000000 0.000000 0.000000 0.000000 0.000000 0.000000 0.000000 0.000000 0.000000 0.000000 0.000000 0.000000 0.000000 0.000000 0.000000 0.000000 0.000000 0.000000 0.000000 0.000000 0.000000 0.000000 0.000000 0.000000 0.000000
-0.473393 -0.173612 1.438214 -107.346600 79.342684 16.295133 5.348202 -4.144001 -0.737785 2.925752 -1.204332 -8.916551 33.268666 17.434184 0.566492 -0.122476 1.521239 -1.065624 2.480101 2.497319 -3.567727 14.999782 3.639502 2.445863 34.582655 -16.480155 -0.511288 0.128685 3.411770 -0.184739 16.596259 -0.591072 -2.307992 -13.686377 5.263937 -0.614479 13.867904 -5.699544 -2.524582 8.214579 2.739244 -9.276744 6.798327 -8.910973 7.499911 6.078252 1.835061 0.059417 19.249716 57.752468 -10.953220 26.418692 0.427278 -29.890991 -1.067982 7.510756 -13.329461 0.000000 0.000000 0.000000 0.000000 0.000000 0.000000 0.000000 0.000000 0.000000 0.000000 0.000000 0.000000 0.000000 0.000000 0.000000 0.000000 0.000000 0.000000 0.000000 0.000000 0.000000 0.000000 0.000000 0.000000 0.000000 0.000000 0.000000 0.000000 0.000000 0.000000 0.000000 0.000000 0.000000 0.000000 0.000000 0.000000 0.000000 0.000000 0.000000 0.000000 0.000000 0.000000 5.539458 3.760476 5.036250 24.548023 -52.806642 17.978014 22.553652 -5.193366 24.196982 1.952106 -8.467074 8.942165 0.000000 0.000000 0.000000 0.000000 0.000000 0.000000 0.000000 0.000000 0.000000 0.000000 0.000000 0.000000 0.000000 0.000000 0.000000 0.000000 0.000000 0.000000 0.000000 0.000000 0.000000 0.000000 0.000000 0.000000 0.000000 0.000000 0.000000 0.000000 0.000000 0.000000 0.000000 0.000000 0.000000 0.000000 0.000000 0.000000 0.000000 0.000000 0.000000 0.000000 0.000000 0.000000
-0.473293 -0.173674 1.436565 -106.254649 79.405117 15.110837 5.413598 -4.213471 -0.592560 2.432306 -1.065900 -8.724460 33.322732 17.387754 0.552698 -0.056774 1.523559 -0.999241 2.639360 2.559865 -3.753421 14.180616 3.537176 2.513660 34.462494 -16.506247 -0.567971 0.065343 3.409473 -0.192895 16.480331 -0.606631 -2.319101 -14.110995 5.300207 -0.554158 14.030501 -5.667880 -2.539771 7.462916 2.628512 -9.067711 6.705046 -8.761997 7.220808 5.994186 1.759002 0.268436 19.453563 57.649242 -11.009501 26.800508 0.457596 -30.003861 -1.073126 8.028255 -13.306809 0.000000 0.000000 0.000000 0.000000 0.000000 0.000000 0.000000 0.000000 0.000000 0.000000 0.000000 0.000000 0.000000 0.000000 0.000000 0.000000 0.000000 0.000000 0.000000 0.000000 0.000000 0.000000 0.000000 0.000000 0.000000 0.000000 0.000000 0.000000 0.000000 0.000000 0.000000 0.000000 0.000000 0.000000 0.000000 0.000000 0.000000 0.000000 0.000000 0.000000 0.000000 0.000000 5.388028 3.636580 4.962673 24.749237 -52.586155 18.106288 22.822319 -5.310489 24.169687 1.810000 -8.659543 8.986187 0.000000 0.000000 0.000000 0.000000 0.000000 0.000000 0.000000 0.000000 0.000000 0.000000 0.000000 0.000000 0.000000 0.000000 0.000000 0.000000 0.000000 0.000000 0.000000 0.000000 0.000000 0.000000 0.000000 0.000000 0.000000 0.000000 0.000000 0.000000 0.000000 0.000000 0.000000 0.000000 0.000000 0.000000 0.000000 0.000000 0.000000 0.000000 0.000000 0.000000 0.000000 0.000000
-0.473015 -0.175603 1.435680 -105.585351 79.309456 14.489130 5.466347 -4.191188 -0.439815 2.148765 -1.010734 -8.414554 33.343304 17.469472 0.440481 -0.055704 1.494985 -0.966523 2.835543 2.600740 -3.857959 13.571678 3.542157 2.561755 34.364361 -16.480411 -0.626632 0.063254 3.494005 -0.264485 16.242387 -0.582088 -2.284945 -14.162858 5.250450 -0.578264 13.980353 -5.647609 -2.546627 7.014104 2.606993 -9.128357 6.388872 -8.671444 6.822706 5.867577 1.705797 0.352579 19.683457 57.491000 -11.243982 26.998106 0.596689 -29.773858 -1.075326 8.168115 -13.437299 0.000000 0.000000 0.000000 0.000000 0.000000 0.000000 0.000000 0.000000 0.000000 0.000000 0.000000 0.000000 0.000000 0.000000 0.000000 0.000000 0.000000 0.000000 0.000000 0.000000 0.000000 0.000000 0.000000 0.000000 0.000000 0.000000 0.000000 0.000000 0.000000 0.000000 0.000000 0.000000 0.000000 0.000000 0.000000 0.000000 0.000000 0.000000 0.000000 0.000000 0.000000 0.000000 5.286322 3.630378 4.905819 24.915238 -52.574957 18.181618 22.965560 -5.479925 24.070026 1.601366 -8.786602 9.069697 0.000000 0.000000 0.000000 0.000000 0.000000 0.000000 0.000000 0.000000 0.000000 0.000000 0.000000 0.000000 0.000000 0.000000 0.000000 0.000000 0.000000 0.000000 0.000000 0.000000 0.000000 0.000000 0.000000 0.000000 0.000000 0.000000 0.000000 0.000000 0.000000 0.000000 0.000000 0.000000 0.000000 0.000000 0.000000 0.000000 0.000000 0.000000 0.000000 0.000000 0.000000 0.000000
-0.473566 -0.172419 1.435140 -105.644379 79.515045 14.566844 5.591157 -4.265072 -0.305608 1.845897 -1.034863 -8.294213 33.251315 17.375246 0.565808 -0.059916 1.511968 -0.963344 3.034684 2.560095 -3.973648 13.072696 3.431675 2.565877 34.292427 -16.517763 -0.556405 0.084123 3.498962 -0.300730 16.069122 -0.565324 -2.266511 -14.208782 5.199879 -0.611849 13.916366 -5.610787 -2.546168 6.629612 2.584377 -9.126804 6.142874 -8.643788 6.485001 5.899722 1.701429 0.365292 19.952776 57.476926 -11.437674 27.287909 0.646337 -30.176110 -1.132340 8.337881 -13.524188 0.000000 0.000000 0.000000 0.000000 0.000000 0.000000 0.000000 0.000000 0.000000 0.000000 0.000000 0.000000 0.000000 0.000000 0.000000 0.000000 0.000000 0.000000 0.000000 0.000000 0.000000 0.000000 0.000000 0.000000 0.000000 0.000000 0.000000 0.000000 0.000000 0.000000 0.000000 0.000000 0.000000 0.000000 0.000000 0.000000 0.000000 0.000000 0.000000 0.000000 0.000000 0.000000 5.217769 3.602234 4.904635 24.975960 -52.427847 18.165704 23.133841 -5.445808 23.918677 1.597083 -8.839780 9.231484 0.000000 0.000000 0.000000 0.000000 0.000000 0.000000 0.000000 0.000000 0.000000 0.000000 0.000000 0.000000 0.000000 0.000000 0.000000 0.000000 0.000000 0.000000 0.000000 0.000000 0.000000 0.000000 0.000000 0.000000 0.000000 0.000000 0.000000 0.000000 0.000000 0.000000 0.000000 0.000000 0.000000 0.000000 0.000000 0.000000 0.000000 0.000000 0.000000 0.000000 0.000000 0.000000
-0.472809 -0.176608 1.433624 -104.297167 79.352853 13.193904 5.523851 -4.219802 -0.341480 1.599522 -0.990144 -8.242970 33.342238 17.365814 0.482223 -0.004287 1.524238 -0.912692 3.122388 2.594513 -4.041998 12.463570 3.418497 2.617362 34.076230 -16.375766 -0.783135 0.127380 3.480787 -0.435381 15.918467 -0.566320 -2.263584 -14.385522 5.133913 -0.630081 13.955693 -5.533866 -2.572176 6.101275 2.431157 -9.146247 5.858262 -8.602894 6.129443 5.796295 1.607513 0.379884 20.143029 57.257769 -11.576827 27.476954 0.838117 -29.667294 -1.066763 8.634909 -13.396147 0.000000 0.000000 0.000000 0.000000 0.000000 0.000000 0.000000 0.000000 0.000000 0.000000 0.000000 0.000000 0.000000 0.000000 0.000000 0.000000 0.000000 0.000000 0.000000 0.000000 0.000000 0.000000 0.000000 0.000000 0.000000 0.000000 0.000000 0.000000 0.000000 0.000000 0.000000 0.000000 0.000000 0.000000 0.000000 0.000000 0.000000 0.000000 0.000000 0.000000 0.000000 0.000000 5.189109 3.418958 4.772648 25.127628 -52.232791 18.289668 23.304638 -5.667704 24.135829 1.583193 -9.129095 9.282006 0.000000 0.000000 0.000000 0.000000 0.000000 0.000000 0.000000 0.000000 0.000000 0.000000 0.000000 0.000000 0.000000 0.000000 0.000000 0.000000 0.000000 0.000000 0.000000 0.000000 0.000000 0.000000 0.000000 0.000000 0.000000 0.000000 0.000000 0.000000 0.000000 0.000000 0.000000 0.000000 0.000000 0.000000 0.000000 0.000000 0.000000 0.000000 0.000000 0.000000 0.000000 0.000000
-0.472786 -0.176688 1.433066 -104.002810 79.332786 12.945874 5.725450 -4.211043 -0.270026 1.113356 -0.920989 -8.121882 33.409927 17.410628 0.568858 0.028596 1.476897 -0.898641 3.389243 2.577188 -4.089549 11.814009 3.461073 2.672165 34.108891 -16.393206 -0.806228 0.147368 3.603930 -0.483632 15.748283 -0.612304 -2.260330 -14.476902 5.103419 -0.643828 13.929816 -5.530421 -2.576950 5.732607 2.416975 -9.158589 5.797487 -8.451207 5.882494 5.768462 1.543033 0.410056 20.364175 57.207606 -11.714103 27.619969 0.960780 -29.856680 -1.166266 8.854257 -13.513751 0.000000 0.000000 0.000000 0.000000 0.000000 0.000000 0.000000 0.000000 0.000000 0.000000 0.000000 0.000000 0.000000 0.000000 0.000000 0.000000 0.000000 0.000000 0.000000 0.000000 0.000000 0.000000 0.000000 0.000000 0.000000 0.000000 0.000000 0.000000 0.000000 0.000000 0.000000 0.000000 0.000000 0.000000 0.000000 0.000000 0.000000 0.000000 0.000000 0.000000 0.000000 0.000000 5.112084 3.452360 4.670532 25.198591 -52.130436 18.236176 23.408843 -5.750582 24.215864 1.326355 -9.122317 9.348427 0.000000 0.000000 0.000000 0.000000 0.000000 0.000000 0.000000 0.000000 0.000000 0.000000 0.000000 0.000000 0.000000 0.000000 0.000000 0.000000 0.000000 0.000000 0.000000 0.000000 0.000000 0.000000 0.000000 0.000000 0.000000 0.000000 0.000000 0.000000 0.000000 0.000000 0.000000 0.000000 0.000000 0.000000 0.000000 0.000000 0.000000 0.000000 0.000000 0.000000 0.000000 0.000000
-0.472639 -0.176021 1.431871 -103.265214 79.403098 12.206442 5.826710 -4.231136 -0.160246 0.651620 -0.905784 -7.989570 33.388967 17.350627 0.588398 0.041042 1.462501 -0.885780 3.518683 2.582853 -4.160288 11.249729 3.402779 2.750040 34.026319 -16.388242 -0.751535 0.188383 3.680173 -0.563632 15.579487 -0.621513 -2.270835 -14.695831 5.113813 -0.607211 14.049458 -5.553700 -2.605505 5.166302 2.296982 -9.148104 5.623570 -8.358515 5.445965 5.724925 1.362844 0.556995 20.715961 57.237393 -12.014816 27.814662 1.078724 -30.073971 -1.256538 9.092615 -13.487623 0.000000 0.000000 0.000000 0.000000 0.000000 0.000000 0.000000 0.000000 0.000000 0.000000 0.000000 0.000000 0.000000 0.000000 0.000000 0.000000 0.000000 0.000000 0.000000 0.000000 0.000000 0.000000 0.000000 0.000000 0.000000 0.000000 0.000000 0.000000 0.000000 0.000000 0.000000 0.000000 0.000000 0.000000 0.000000 0.000000 0.000000 0.000000 0.000000 0.000000 0.000000 0.000000 4.993651 3.542178 4.591923 25.407400 -52.057985 18.440206 23.584352 -5.850951 24.153002 1.226492 -9.063044 9.487532 0.000000 0.000000 0.000000 0.000000 0.000000 0.000000 0.000000 0.000000 0.000000 0.000000 0.000000 0.000000 0.000000 0.000000 0.000000 0.000000 0.000000 0.000000 0.000000 0.000000 0.000000 0.000000 0.000000 0.000000 0.000000 0.000000 0.000000 0.000000 0.000000 0.000000 0.000000 0.000000 0.000000 0.000000 0.000000 0.000000 0.000000 0.000000 0.000000 0.000000 0.000000 0.000000
-0.472092 -0.176981 1.430332 -102.116215 79.377653 11.056203 5.780584 -4.232185 -0.110020 0.355986 -0.829115 -7.889513 33.335405 17.307057 0.587613 0.113291 1.417847 -0.842311 3.597278 2.632876 -4.271808 10.640736 3.361531 2.828919 33.973313 -16.452815 -0.828446 0.126802 3.925662 -0.712610 15.430433 -0.659949 -2.302864 -15.009339 5.141881 -0.556149 14.218320 -5.548441 -2.617864 4.579620 2.198226 -9.176571 5.335727 -8.273520 5.066072 5.614511 1.206575 0.724408 20.991308 57.094453 -12.106714 28.078130 1.209282 -30.385724 -1.278844 9.450224 -13.661579 0.000000 0.000000 0.000000 0.000000 0.000000 0.000000 0.000000 0.000000 0.000000 0.000000 0.000000 0.000000 0.000000 0.000000 0.000000 0.000000 0.000000 0.000000 0.000000 0.000000 0.000000 0.000000 0.000000 0.000000 0.000000 0.000000 0.000000 0.000000 0.000000 0.000000 0.000000 0.000000 0.000000 0.000000 0.000000 0.000000 0.000000 0.000000 0.000000 0.000000 0.000000 0.000000 4.908159 3.583333 4.467654 25.497575 -51.996114 18.481305 23.772050 -5.966485 24.308666 1.276912 -9.240003 9.615055 0.000000 0.000000 0.000000 0.000000 0.000000 0.000000 0.000000 0.000000 0.000000 0.000000 0.000000 0.000000 0.000000 0.000000 0.000000 0.000000 0.000000 0.000000 0.000000 0.000000 0.000000 0.000000 0.000000 0.000000 0.000000 0.000000 0.000000 0.000000 0.000000 0.000000 0.000000 0.000000 0.000000 0.000000 0.000000 0.000000 0.000000 0.000000 0.000000 0.000000 0.000000 0.000000
-0.472020 -0.177424 1.429383 -101.506481 79.375614 10.522063 5.832461 -4.214066 -0.104758 0.025874 -0.839432 -7.763392 33.347425 17.292834 0.645838 0.169690 1.366436 -0.849592 3.830032 2.551522 -4.285368 9.960938 3.431697 2.865742 34.048281 -16.472450 -0.862356 0.174353 4.201603 -0.861340 15.221207 -0.639908 -2.303848 -15.038206 5.063267 -0.534810 14.166648 -5.535960 -2.637552 4.305749 2.097852 -9.245113 5.071888 -8.148432 4.774185 5.607318 1.182746 0.813791 21.269812 56.919105 -12.366820 28.037372 1.394053 -30.599392 -1.175163 9.600711 -13.792824 0.000000 0.000000 0.000000 0.000000 0.000000 0.000000 0.000000 0.000000 0.000000 0.000000 0.000000 0.000000 0.000000 0.000000 0.000000 0.000000 0.000000 0.000000 0.000000 0.000000 0.000000 0.000000 0.000000 0.000000 0.000000 0.000000 0.000000 0.000000 0.000000 0.000000 0.000000 0.000000 0.000000 0.000000 0.000000 0.000000 0.000000 0.000000 0.000000 0.000000 0.000000 0.000000 4.958410 3.523344 4.311981 25.613525 -51.783717 18.605340 23.818914 -6.175151 24.348047 1.271389 -9.307549 9.733367 0.000000 0.000000 0.000000 0.000000 0.000000 0.000000 0.000000 0.000000 0.000000 0.000000 0.000000 0.000000 0.000000 0.000000 0.000000 0.000000 0.000000 0.000000 0.000000 0.000000 0.000000 0.000000 0.000000 0.000000 0.000000 0.000000 0.000000 0.000000 0.000000 0.000000 0.000000 0.000000 0.000000 0.000000 0.000000 0.000000 0.000000 0.000000 0.000000 0.000000 0.000000 0.000000
-0.471886 -0.176984 1.429599 -101.902822 79.394207 10.950238 6.024811 -4.262182 0.042400 -0.193281 -0.782131 -7.671100 33.226499 17.302540 0.743013 0.221355 1.353329 -0.775588 4.069386 2.497818 -4.305096 9.645354 3.447640 3.038091 33.964048 -16.496039 -0.881736 0.124548 4.317272 -1.032261 15.113189 -0.673176 -2.330672 -15.164328 5.070656 -0.524324 14.171655 -5.571794 -2.688574 3.939481 2.008435 -9.208996 4.995402 -8.049665 4.584538 5.593607 1.147163 0.929250 21.372770 56.878147 -12.399530 28.192426 1.418640 -30.812620 -1.172451 9.858045 -13.966211 0.000000 0.000000 0.000000 0.000000 0.000000 0.000000 0.000000 0.000000 0.000000 0.000000 0.000000 0.000000 0.000000 0.000000 0.000000 0.000000 0.000000 0.000000 0.000000 0.000000 0.000000 0.000000 0.000000 0.000000 0.000000 0.000000 0.000000 0.000000 0.000000 0.000000 0.000000 0.000000 0.000000 0.000000 0.000000 0.000000 0.000000 0.000000 0.000000 0.000000 0.000000 0.000000 4.854575 3.643468 4.233205 25.791688 -51.757224 18.717027 23.931469 -6.224556 24.375573 1.050804 -9.428888 9.874117 0.000000 0.000000 0.000000 0.000000 0.000000 0.000000 0.000000 0.000000 0.000000 0.000000 0.000000 0.000000 0.000000 0.000000 0.000000 0.000000 0.000000 0.000000 0.000000 0.000000 0.000000 0.000000 0.000000 0.000000 0.000000 0.000000 0.000000 0.000000 0.000000 0.000000 0.000000 0.000000 0.000000 0.000000 0.000000 0.000000 0.000000 0.000000 0.000000 0.000000 0.000000 0.000000
-0.472158 -0.172634 1.428902 -101.756753 79.647991 10.829437 6.133657 -4.350039 0.190747 -0.517574 -0.773007 -7.588538 32.951357 17.181451 0.928846 0.270247 1.355404 -0.759925 4.230568 2.467747 -4.410631 9.198545 3.349905 3.098732 33.899617 -16.642484 -0.676383 0.160629 4.286624 -1.196301 15.073989 -0.732978 -2.347967 -15.430054 5.139813 -0.484846 14.269945 -5.626027 -2.715942 3.549086 1.898226 -9.186890 4.890795 -8.019711 4.323585 5.629197 1.002846 1.126330 21.600227 57.093955 -12.595939 28.425945 1.384264 -31.369308 -1.280091 10.162484 -14.101111 0.000000 0.000000 0.000000 0.000000 0.000000 0.000000 0.000000 0.000000 0.000000 0.000000 0.000000 0.000000 0.000000 0.000000 0.000000 0.000000 0.000000 0.000000 0.000000 0.000000 0.000000 0.000000 0.000000 0.000000 0.000000 0.000000 0.000000 0.000000 0.000000 0.000000 0.000000 0.000000 0.000000 0.000000 0.000000 0.000000 0.000000 0.000000 0.000000 0.000000 0.000000 0.000000 4.753984 3.885351 4.178719 25.805744 -51.792256 18.814689 24.192581 -6.196576 24.110070 1.033425 -9.737636 10.053708 0.000000 0.000000 0.000000 0.000000 0.000000 0.000000 0.000000 0.000000 0.000000 0.000000 0.000000 0.000000 0.000000 0.000000 0.000000 0.000000 0.000000 0.000000 0.000000 0.000000 0.000000 0.000000 0.000000 0.000000 0.000000 0.000000 0.000000 0.000000 0.000000 0.000000 0.000000 0.000000 0.000000 0.000000 0.000000 0.000000 0.000000 0.000000 0.000000 0.000000 0.000000 0.000000
-0.472200 -0.169684 1.428280 -101.594692 79.837026 10.764448 6.194971 -4.460918 0.327188 -0.756698 -0.734940 -7.580185 32.690332 17.087760 1.035769 0.301888 1.354570 -0.731068 4.374411 2.427905 -4.516338 8.830905 3.249683 3.176699 33.806145 -16.683658 -0.558393 0.188898 4.256793 -1.360138 15.047415 -0.762306 -2.354850 -15.651204 5.183977 -0.485528 14.342079 -5.680785 -2.777984 3.057277 1.784827 -9.219957 4.767839 -8.007199 4.001613 5.656975 0.873420 1.317909 21.841430 57.231530 -12.873420 28.604518 1.380502 -31.697763 -1.484677 10.431850 -14.197956 0.000000 0.000000 0.000000 0.000000 0.000000 0.000000 0.000000 0.000000 0.000000 0.000000 0.000000 0.000000 0.000000 0.000000 0.000000 0.000000 0.000000 0.000000 0.000000 0.000000 0.000000 0.000000 0.000000 0.000000 0.000000 0.000000 0.000000 0.000000 0.000000 0.000000 0.000000 0.000000 0.000000 0.000000 0.000000 0.000000 0.000000 0.000000 0.000000 0.000000 0.000000 0.000000 4.653199 4.093364 4.098499 25.976597 -51.820112 19.023288 24.419451 -6.180451 23.942515 0.875225 -9.825624 10.152912 0.000000 0.000000 0.000000 0.000000 0.000000 0.000000 0.000000 0.000000 0.000000 0.000000 0.000000 0.000000 0.000000 0.000000 0.000000 0.000000 0.000000 0.000000 0.000000 0.000000 0.000000 0.000000 0.000000 0.000000 0.000000 0.000000 0.000000 0.000000 0.000000 0.000000 0.000000 0.000000 0.000000 0.000000 0.000000 0.000000 0.000000 0.000000 0.000000 0.000000 0.000000 0.000000
-0.471894 -0.169243 1.427490 -101.108916 79.891106 10.339570 6.270440 -4.529184 0.411008 -1.074777 -0.670635 -7.572673 32.571149 17.035297 1.058610 0.435591 1.344224 -0.682175 4.532092 2.396445 -4.593806 8.358429 3.212832 3.246124 33.747790 -16.682074 -0.568966 0.181995 4.265264 -1.480912 15.031204 -0.782214 -2.366952 -15.947026 5.261446 -0.475714 14.487871 -5.731566 -2.827039 2.540629 1.653233 -9.162692 4.688448 -8.006305 3.823148 5.666535 0.752669 1.461609 22.062227 57.172714 -13.060921 28.827030 1.428928 -31.941070 -1.604706 10.672882 -14.300294 0.000000 0.000000 0.000000 0.000000 0.000000 0.000000 0.000000 0.000000 0.000000 0.000000 0.000000 0.000000 0.000000 0.000000 0.000000 0.000000 0.000000 0.000000 0.000000 0.000000 0.000000 0.000000 0.000000 0.000000 0.000000 0.000000 0.000000 0.000000 0.000000 0.000000 0.000000 0.000000 0.000000 0.000000 0.000000 0.000000 0.000000 0.000000 0.000000 0.000000 0.000000 0.000000 4.597768 4.162753 4.024510 26.228045 -51.720957 19.312169 24.617151 -6.313942 23.936385 0.716683 -9.856480 10.269153 0.000000 0.000000 0.000000 0.000000 0.000000 0.000000 0.000000 0.000000 0.000000 0.000000 0.000000 0.000000 0.000000 0.000000 0.000000 0.000000 0.000000 0.000000 0.000000 0.000000 0.000000 0.000000 0.000000 0.000000 0.000000 0.000000 0.000000 0.000000 0.000000 0.000000 0.000000 0.000000 0.000000 0.000000 0.000000 0.000000 0.000000 0.000000 0.000000 0.000000 0.000000 0.000000
-0.471697 -0.168843 1.426094 -100.062553 79.951349 9.417669 6.269691 -4.586749 0.502157 -1.457979 -0.622442 -7.494080 32.520988 16.952219 0.966735 0.537141 1.356414 -0.655795 4.655045 2.335513 -4.652235 7.781250 3.212293 3.294649 33.710630 -16.676334 -0.624586 0.223741 4.344986 -1.525786 14.919103 -0.788513 -2.364104 -16.162886 5.255852 -0.484901 14.601627 -5.744005 -2.844957 2.190281 1.563531 -9.209036 4.531886 -8.018885 3.649548 5.629641 0.716201 1.557167 22.262782 57.079813 -13.252187 28.989355 1.474769 -32.103871 -1.630993 10.802293 -14.284259 0.000000 0.000000 0.000000 0.000000 0.000000 0.000000 0.000000 0.000000 0.000000 0.000000 0.000000 0.000000 0.000000 0.000000 0.000000 0.000000 0.000000 0.000000 0.000000 0.000000 0.000000 0.000000 0.000000 0.000000 0.000000 0.000000 0.000000 0.000000 0.000000 0.000000 0.000000 0.000000 0.000000 0.000000 0.000000 0.000000 0.000000 0.000000 0.000000 0.000000 0.000000 0.000000 4.575605 4.147851 3.929826 26.342368 -51.601390 19.403633 24.794108 -6.408610 23.933906 0.631397 -9.765397 10.273392 0.000000 0.000000 0.000000 0.000000 0.000000 0.000000 0.000000 0.000000 0.000000 0.000000 0.000000 0.000000 0.000000 0.000000 0.000000 0.000000 0.000000 0.000000 0.000000 0.000000 0.000000 0.000000 0.000000 0.000000 0.000000 0.000000 0.000000 0.000000 0.000000 0.000000 0.000000 0.000000 0.000000 0.000000 0.000000 0.000000 0.000000 0.000000 0.000000 0.000000 0.000000 0.000000
-0.471379 -0.170119 1.425383 -99.478562 79.885235 8.825408 6.307961 -4.552902 0.500777 -1.701363 -0.597715 -7.470121 32.589894 16.939455 0.951583 0.632392 1.366142 -0.619571 4.761816 2.321393 -4.683974 7.386444 3.255252 3.300706 33.640480 -16.602269 -0.762410 0.257993 4.293049 -1.625209 14.820072 -0.755593 -2.361887 -16.251332 5.209685 -0.482591 14.587479 -5.708031 -2.841696 1.945091 1.573041 -9.148596 4.349556 -8.034485 3.538073 5.577588 0.689018 1.531428 22.413946 56.944202 -13.276046 29.128508 1.520702 -32.125031 -1.670950 11.017389 -14.335344 0.000000 0.000000 0.000000 0.000000 0.000000 0.000000 0.000000 0.000000 0.000000 0.000000 0.000000 0.000000 0.000000 0.000000 0.000000 0.000000 0.000000 0.000000 0.000000 0.000000 0.000000 0.000000 0.000000 0.000000 0.000000 0.000000 0.000000 0.000000 0.000000 0.000000 0.000000 0.000000 0.000000 0.000000 0.000000 0.000000 0.000000 0.000000 0.000000 0.000000 0.000000 0.000000 4.579672 4.027413 3.913648 26.336605 -51.495049 19.315749 24.853081 -6.496703 24.005334 0.587267 -9.811854 10.293144 0.000000 0.000000 0.000000 0.000000 0.000000 0.000000 0.000000 0.000000 0.000000 0.000000 0.000000 0.000000 0.000000 0.000000 0.000000 0.000000 0.000000 0.000000 0.000000 0.000000 0.000000 0.000000 0.000000 0.000000 0.000000 0.000000 0.000000 0.000000 0.000000 0.000000 0.000000 0.000000 0.000000 0.000000 0.000000 0.000000 0.000000 0.000000 0.000000 0.000000 0.000000 0.000000
-0.471327 -0.170464 1.425358 -99.556424 79.868258 8.952982 6.370411 -4.567670 0.551080 -1.803083 -0.569243 -7.475971 32.598067 16.948107 0.969766 0.727287 1.385275 -0.596415 4.954123 2.277169 -4.687150 7.067245 3.265225 3.337856 33.618135 -16.540317 -0.878866 0.283160 4.227393 -1.709921 14.725142 -0.754440 -2.344491 -16.370061 5.162438 -0.516936 14.623965 -5.710123 -2.854619 1.641877 1.561952 -9.125505 4.219285 -8.029906 3.388306 5.573184 0.680495 1.513601 22.590898 56.846182 -13.425039 29.248368 1.599615 -32.189812 -1.576806 11.086852 -14.388147 0.000000 0.000000 0.000000 0.000000 0.000000 0.000000 0.000000 0.000000 0.000000 0.000000 0.000000 0.000000 0.000000 0.000000 0.000000 0.000000 0.000000 0.000000 0.000000 0.000000 0.000000 0.000000 0.000000 0.000000 0.000000 0.000000 0.000000 0.000000 0.000000 0.000000 0.000000 0.000000 0.000000 0.000000 0.000000 0.000000 0.000000 0.000000 0.000000 0.000000 0.000000 0.000000 4.528667 3.989187 3.867164 26.404268 -51.407632 19.285636 24.937150 -6.529139 24.033977 0.571609 -9.709690 10.334043 0.000000 0.000000 0.000000 0.000000 0.000000 0.000000 0.000000 0.000000 0.000000 0.000000 0.000000 0.000000 0.000000 0.000000 0.000000 0.000000 0.000000 0.000000 0.000000 0.000000 0.000000 0.000000 0.000000 0.000000 0.000000 0.000000 0.000000 0.000000 0.000000 0.000000 0.000000 0.000000 0.000000 0.000000 0.000000 0.000000 0.000000 0.000000 0.000000 0.000000 0.000000 0.000000
-0.471432 -0.168800 1.424645 -99.129452 79.971379 8.578615 6.430720 -4.599405 0.639377 -2.078652 -0.557282 -7.376571 32.473818 16.878935 1.026626 0.771876 1.376715 -0.610837 5.148087 2.214877 -4.729146 6.529813 3.272508 3.413237 33.672986 -16.580353 -0.860672 0.298735 4.313675 -1.738438 14.592183 -0.736553 -2.320780 -16.494256 5.155980 -0.526474 14.669623 -5.737183 -2.868962 1.396273 1.519472 -9.257535 4.117074 -8.034904 3.193221 5.596587 0.621400 1.550204 22.870858 56.827266 -13.714813 29.386261 1.735256 -32.463027 -1.627978 10.992838 -14.398744 0.000000 0.000000 0.000000 0.000000 0.000000 0.000000 0.000000 0.000000 0.000000 0.000000 0.000000 0.000000 0.000000 0.000000 0.000000 0.000000 0.000000 0.000000 0.000000 0.000000 0.000000 0.000000 0.000000 0.000000 0.000000 0.000000 0.000000 0.000000 0.000000 0.000000 0.000000 0.000000 0.000000 0.000000 0.000000 0.000000 0.000000 0.000000 0.000000 0.000000 0.000000 0.000000 4.521951 4.031727 3.848265 26.502243 -51.284997 19.362780 25.042045 -6.631729 23.973739 0.545419 -9.554139 10.387315 0.000000 0.000000 0.000000 0.000000 0.000000 0.000000 0.000000 0.000000 0.000000 0.000000 0.000000 0.000000 0.000000 0.000000 0.000000 0.000000 0.000000 0.000000 0.000000 0.000000 0.000000 0.000000 0.000000 0.000000 0.000000 0.000000 0.000000 0.000000 0.000000 0.000000 0.000000 0.000000 0.000000 0.000000 0.000000 0.000000 0.000000 0.000000 0.000000 0.000000 0.000000 0.000000
-0.471404 -0.167719 1.423813 -98.557339 80.051167 8.082875 6.410266 -4.626727 0.698350 -2.255371 -0.566446 -7.260472 32.387106 16.774184 0.989922 0.796772 1.380619 -0.632938 5.224669 2.161199 -4.774076 6.182130 3.273491 3.447234 33.645405 -16.618369 -0.869149 0.323162 4.441760 -1.739432 14.464753 -0.721942 -2.310049 -16.596369 5.128332 -0.526981 14.713851 -5.750674 -2.866760 1.215336 1.463242 -9.359625 4.015653 -8.053143 3.002806 5.589314 0.538640 1.608397 23.128971 56.774460 -13.965767 29.504687 1.857863 -32.769616 -1.780283 10.970737 -14.338487 0.000000 0.000000 0.000000 0.000000 0.000000 0.000000 0.000000 0.000000 0.000000 0.000000 0.000000 0.000000 0.000000 0.000000 0.000000 0.000000 0.000000 0.000000 0.000000 0.000000 0.000000 0.000000 0.000000 0.000000 0.000000 0.000000 0.000000 0.000000 0.000000 0.000000 0.000000 0.000000 0.000000 0.000000 0.000000 0.000000 0.000000 0.000000 0.000000 0.000000 0.000000 0.000000 4.543958 4.052449 3.794891 26.554474 -51.174743 19.399002 25.153019 -6.730915 23.968466 0.504223 -9.514115 10.416945 0.000000 0.000000 0.000000 0.000000 0.000000 0.000000 0.000000 0.000000 0.000000 0.000000 0.000000 0.000000 0.000000 0.000000 0.000000 0.000000 0.000000 0.000000 0.000000 0.000000 0.000000 0.000000 0.000000 0.000000 0.000000 0.000000 0.000000 0.000000 0.000000 0.000000 0.000000 0.000000 0.000000 0.000000 0.000000 0.000000 0.000000 0.000000 0.000000 0.000000 0.000000 0.000000
-0.471363 -0.166986 1.423293 -98.220832 80.101429 7.825727 6.376924 -4.653439 0.722081 -2.322405 -0.555614 -7.177207 32.296052 16.697251 0.980338 0.873759 1.375267 -0.630597 5.324702 2.110040 -4.798316 5.881197 3.289533 3.504822 33.647463 -16.635771 -0.890495 0.356791 4.528623 -1.790655 14.333763 -0.721139 -2.293882 -16.689484 5.129441 -0.523535 14.780532 -5.758988 -2.870406 1.012734 1.382208 -9.403642 3.934906 -8.056841 2.869122 5.561963 0.470071 1.682488 23.322654 56.712718 -14.159723 29.601004 1.917326 -33.022315 -1.889317 11.080064 -14.279593 0.000000 0.000000 0.000000 0.000000 0.000000 0.000000 0.000000 0.000000 0.000000 0.000000 0.000000 0.000000 0.000000 0.000000 0.000000 0.000000 0.000000 0.000000 0.000000 0.000000 0.000000 0.000000 0.000000 0.000000 0.000000 0.000000 0.000000 0.000000 0.000000 0.000000 0.000000 0.000000 0.000000 0.000000 0.000000 0.000000 0.000000 0.000000 0.000000 0.000000 0.000000 0.000000 4.526795 4.042472 3.689385 26.604004 -51.067363 19.462824 25.236987 -6.851636 23.925657 0.425148 -9.631283 10.374903 0.000000 0.000000 0.000000 0.000000 0.000000 0.000000 0.000000 0.000000 0.000000 0.000000 0.000000 0.000000 0.000000 0.000000 0.000000 0.000000 0.000000 0.000000 0.000000 0.000000 0.000000 0.000000 0.000000 0.000000 0.000000 0.000000 0.000000 0.000000 0.000000 0.000000 0.000000 0.000000 0.000000 0.000000 0.000000 0.000000 0.000000 0.000000 0.000000 0.000000 0.000000 0.000000
-0.471159 -0.166441 1.402441 -97.568617 80.162208 7.197706 5.712293 -4.698981 0.686683 -3.421590 -0.545303 -7.121050 32.051612 16.564389 0.973836 0.925932 1.391111 -0.598413 4.722949 2.090277 -4.750158 4.684178 3.144096 3.576413 33.210293 -16.498634 -1.033491 0.396663 4.380137 -1.821616 14.230745 -0.711819 -2.287398 -16.812313 5.103877 -0.571028 14.836866 -5.753272 -2.887107 0.690124 1.315989 -9.384832 3.841749 -8.056147 2.648389 4.842338 0.158093 1.181773 23.071370 56.423250 -14.727319 29.167750 0.845081 -34.400604 -1.928795 11.215921 -14.187993 0.000000 0.000000 0.000000 0.000000 0.000000 0.000000 0.000000 0.000000 0.000000 0.000000 0.000000 0.000000 0.000000 0.000000 0.000000 0.000000 0.000000 0.000000 0.000000 0.000000 0.000000 0.000000 0.000000 0.000000 0.000000 0.000000 0.000000 0.000000 0.000000 0.000000 0.000000 0.000000 0.000000 0.000000 0.000000 0.000000 0.000000 0.000000 0.000000 0.000000 0.000000 0.000000 3.835632 4.141751 4.191632 26.352255 -50.824966 19.963454 25.044629 -6.410718 24.738949 0.389705 -9.626262 10.329674 0.000000 0.000000 0.000000 0.000000 0.000000 0.000000 0.000000 0.000000 0.000000 0.000000 0.000000 0.000000 0.000000 0.000000 0.000000 0.000000 0.000000 0.000000 0.000000 0.000000 0.000000 0.000000 0.000000 0.000000 0.000000 0.000000 0.000000 0.000000 0.000000 0.000000 0.000000 0.000000 0.000000 0.000000 0.000000 0.000000 0.000000 0.000000 0.000000 0.000000 0.000000 0.000000
-0.471229 -0.164321 1.401567 -96.949566 80.308538 6.629126 5.704093 -4.766486 0.779725 -3.615259 -0.530956 -6.980877 31.907903 16.460016 1.002138 0.996431 1.399084 -0.594435 4.782558 2.039194 -4.798072 4.376153 3.081452 3.491481 33.220346 -16.595939 -1.055997 0.415108 4.433568 -1.791493 14.110156 -0.680023 -2.279008 -16.945095 5.081672 -0.595156 14.912544 -5.767441 -2.895217 0.402706 1.246942 -9.408645 3.679540 -8.023335 2.451458 4.882359 0.122006 1.264869 23.224702 56.388072 -14.876296 29.256347 0.993034 -34.832979 -1.908449 11.470224 -14.057539 0.000000 0.000000 0.000000 0.000000 0.000000 0.000000 0.000000 0.000000 0.000000 0.000000 0.000000 0.000000 0.000000 0.000000 0.000000 0.000000 0.000000 0.000000 0.000000 0.000000 0.000000 0.000000 0.000000 0.000000 0.000000 0.000000 0.000000 0.000000 0.000000 0.000000 0.000000 0.000000 0.000000 0.000000 0.000000 0.000000 0.000000 0.000000 0.000000 0.000000 0.000000 0.000000 3.780597 4.161511 4.109208 26.416759 -50.724480 20.030538 25.130948 -6.431945 24.640402 0.426293 -9.800699 10.260789 0.000000 0.000000 0.000000 0.000000 0.000000 0.000000 0.000000 0.000000 0.000000 0.000000 0.000000 0.000000 0.000000 0.000000 0.000000 0.000000 0.000000 0.000000 0.000000 0.000000 0.000000 0.000000 0.000000 0.000000 0.000000 0.000000 0.000000 0.000000 0.000000 0.000000 0.000000 0.000000 0.000000 0.000000 0.000000 0.000000 0.000000 0.000000 0.000000 0.000000 0.000000 0.000000
-0.471176 -0.163250 1.401284 -96.809850 80.370746 6.526664 5.744250 -4.806222 0.850726 -3.732400 -0.489609 -6.887549 31.847663 16.391555 1.021905 1.052256 1.412767 -0.598265 4.914370 2.002624 -4.846999 4.103807 3.070888 3.478543 33.259520 -16.623331 -1.106972 0.468069 4.490663 -1.822923 14.030534 -0.698802 -2.281040 -17.043165 5.073370 -0.598066 14.975358 -5.781341 -2.889839 0.226761 1.203171 -9.415289 3.623644 -7.993586 2.382047 4.883955 0.069326 1.309867 23.380876 56.373573 -15.023240 29.341172 1.068279 -35.095841 -1.857984 11.551152 -14.032479 0.000000 0.000000 0.000000 0.000000 0.000000 0.000000 0.000000 0.000000 0.000000 0.000000 0.000000 0.000000 0.000000 0.000000 0.000000 0.000000 0.000000 0.000000 0.000000 0.000000 0.000000 0.000000 0.000000 0.000000 0.000000 0.000000 0.000000 0.000000 0.000000 0.000000 0.000000 0.000000 0.000000 0.000000 0.000000 0.000000 0.000000 0.000000 0.000000 0.000000 0.000000 0.000000 3.760057 4.185638 4.044022 26.460881 -50.631470 20.085741 25.211293 -6.477263 24.592644 0.493713 -9.917310 10.223003 0.000000 0.000000 0.000000 0.000000 0.000000 0.000000 0.000000 0.000000 0.000000 0.000000 0.000000 0.000000 0.000000 0.000000 0.000000 0.000000 0.000000 0.000000 0.000000 0.000000 0.000000 0.000000 0.000000 0.000000 0.000000 0.000000 0.000000 0.000000 0.000000 0.000000 0.000000 0.000000 0.000000 0.000000 0.000000 0.000000 0.000000 0.000000 0.000000 0.000000 0.000000 0.000000
-0.470915 -0.163342 1.400758 -96.395975 80.370342 6.142415 5.724115 -4.813028 0.886342 -3.808293 -0.465502 -6.857217 31.779835 16.348171 1.017162 1.066654 1.400677 -0.596395 4.955583 2.004585 -4.863394 3.934281 3.041989 3.522473 33.174497 -16.647414 -1.244682 0.491677 4.591689 -1.829307 13.972687 -0.694250 -2.283922 -17.110698 5.071613 -0.628375 15.037528 -5.796947 -2.904958 -0.011093 1.139289 -9.426098 3.578036 -8.012888 2.264992 4.870348 0.012645 1.326097 23.498160 56.310593 -15.120640 29.490385 1.174417 -35.200191 -1.958452 11.599991 -13.957640 0.000000 0.000000 0.000000 0.000000 0.000000 0.000000 0.000000 0.000000 0.000000 0.000000 0.000000 0.000000 0.000000 0.000000 0.000000 0.000000 0.000000 0.000000 0.000000 0.000000 0.000000 0.000000 0.000000 0.000000 0.000000 0.000000 0.000000 0.000000 0.000000 0.000000 0.000000 0.000000 0.000000 0.000000 0.000000 0.000000 0.000000 0.000000 0.000000 0.000000 0.000000 0.000000 3.708711 4.183993 3.997164 26.489003 -50.552334 20.130282 25.298232 -6.536639 24.614352 0.506075 -9.870926 10.153801 0.000000 0.000000 0.000000 0.000000 0.000000 0.000000 0.000000 0.000000 0.000000 0.000000 0.000000 0.000000 0.000000 0.000000 0.000000 0.000000 0.000000 0.000000 0.000000 0.000000 0.000000 0.000000 0.000000 0.000000 0.000000 0.000000 0.000000 0.000000 0.000000 0.000000 0.000000 0.000000 0.000000 0.000000 0.000000 0.000000 0.000000 0.000000 0.000000 0.000000 0.000000 0.000000
-0.470566 -0.164454 1.400530 -96.219012 80.310710 5.964621 5.729548 -4.810040 0.945592 -3.847041 -0.428210 -6.826212 31.780895 16.369857 0.985852 1.110122 1.411167 -0.559202 4.967360 2.005565 -4.867102 3.908693 3.054184 3.515902 33.011506 -16.586509 -1.371004 0.518139 4.519175 -1.904039 13.992317 -0.715103 -2.285554 -17.257974 5.062495 -0.641290 15.101654 -5.803702 -2.919309 -0.263744 1.087325 -9.325114 3.538139 -7.969928 2.174669 4.834313 -0.029259 1.347482 23.561981 56.259319 -15.187468 29.605682 1.272824 -35.038893 -1.959987 11.781339 -13.962739 0.000000 0.000000 0.000000 0.000000 0.000000 0.000000 0.000000 0.000000 0.000000 0.000000 0.000000 0.000000 0.000000 0.000000 0.000000 0.000000 0.000000 0.000000 0.000000 0.000000 0.000000 0.000000 0.000000 0.000000 0.000000 0.000000 0.000000 0.000000 0.000000 0.000000 0.000000 0.000000 0.000000 0.000000 0.000000 0.000000 0.000000 0.000000 0.000000 0.000000 0.000000 0.000000 3.661307 4.140430 3.949428 26.550791 -50.469718 20.205054 25.329742 -6.629777 24.600584 0.479426 -9.935180 10.176243 0.000000 0.000000 0.000000 0.000000 0.000000 0.000000 0.000000 0.000000 0.000000 0.000000 0.000000 0.000000 0.000000 0.000000 0.000000 0.000000 0.000000 0.000000 0.000000 0.000000 0.000000 0.000000 0.000000 0.000000 0.000000 0.000000 0.000000 0.000000 0.000000 0.000000 0.000000 0.000000 0.000000 0.000000 0.000000 0.000000 0.000000 0.000000 0.000000 0.000000 0.000000 0.000000
-0.470506 -0.164100 1.400504 -96.279340 80.334571 6.044409 5.747726 -4.829479 0.993607 -3.856021 -0.412687 -6.807062 31.737906 16.357686 1.021560 1.131860 1.410314 -0.549420 5.030125 1.980180 -4.854147 3.847117 3.047808 3.503544 32.961185 -16.576671 -1.434886 0.548310 4.573269 -1.969150 13.995984 -0.708975 -2.281905 -17.305064 5.055584 -0.655580 15.118925 -5.824502 -2.933778 -0.458785 1.050231 -9.290149 3.470908 -7.966719 2.119888 4.829290 -0.055688 1.357751 23.639737 56.234913 -15.275807 29.730520 1.324888 -35.111957 -1.960035 11.833281 -13.964586 0.000000 0.000000 0.000000 0.000000 0.000000 0.000000 0.000000 0.000000 0.000000 0.000000 0.000000 0.000000 0.000000 0.000000 0.000000 0.000000 0.000000 0.000000 0.000000 0.000000 0.000000 0.000000 0.000000 0.000000 0.000000 0.000000 0.000000 0.000000 0.000000 0.000000 0.000000 0.000000 0.000000 0.000000 0.000000 0.000000 0.000000 0.000000 0.000000 0.000000 0.000000 0.000000 3.629368 4.144960 3.920118 26.597411 -50.399233 20.254972 25.409254 -6.659773 24.594015 0.411811 -9.960664 10.177103 0.000000 0.000000 0.000000 0.000000 0.000000 0.000000 0.000000 0.000000 0.000000 0.000000 0.000000 0.000000 0.000000 0.000000 0.000000 0.000000 0.000000 0.000000 0.000000 0.000000 0.000000 0.000000 0.000000 0.000000 0.000000 0.000000 0.000000 0.000000 0.000000 0.000000 0.000000 0.000000 0.000000 0.000000 0.000000 0.000000 0.000000 0.000000 0.000000 0.000000 0.000000 0.000000
-0.470285 -0.164401 1.400484 -96.308640 80.314868 6.041306 5.750864 -4.834668 1.039945 -3.829528 -0.378259 -6.854922 31.713507 16.361345 1.054431 1.148182 1.400413 -0.532411 5.030350 1.994396 -4.862125 3.879500 3.034865 3.496190 32.863629 -16.542620 -1.504244 0.567102 4.558942 -2.059057 14.018891 -0.723797 -2.287670 -17.421085 5.079517 -0.658893 15.190297 -5.849870 -2.948029 -0.767933 1.035807 -9.248079 3.406337 -7.983100 2.054726 4.837321 -0.090547 1.398590 23.706930 56.187901 -15.321977 29.883270 1.345691 -35.166043 -2.022430 11.878995 -13.995957 0.000000 0.000000 0.000000 0.000000 0.000000 0.000000 0.000000 0.000000 0.000000 0.000000 0.000000 0.000000 0.000000 0.000000 0.000000 0.000000 0.000000 0.000000 0.000000 0.000000 0.000000 0.000000 0.000000 0.000000 0.000000 0.000000 0.000000 0.000000 0.000000 0.000000 0.000000 0.000000 0.000000 0.000000 0.000000 0.000000 0.000000 0.000000 0.000000 0.000000 0.000000 0.000000 3.569650 4.179934 3.899670 26.633333 -50.369263 20.299528 25.476883 -6.692875 24.642018 0.301514 -9.920636 10.184488 0.000000 0.000000 0.000000 0.000000 0.000000 0.000000 0.000000 0.000000 0.000000 0.000000 0.000000 0.000000 0.000000 0.000000 0.000000 0.000000 0.000000 0.000000 0.000000 0.000000 0.000000 0.000000 0.000000 0.000000 0.000000 0.000000 0.000000 0.000000 0.000000 0.000000 0.000000 0.000000 0.000000 0.000000 0.000000 0.000000 0.000000 0.000000 0.000000 0.000000 0.000000 0.000000
-0.470338 -0.162351 1.399705 -95.722803 80.440917 5.510823 5.764185 -4.885937 1.123505 -4.053428 -0.359896 -6.814254 31.586946 16.313005 1.106130 1.161690 1.395335 -0.534713 5.070684 1.972865 -4.864955 3.644674 2.967123 3.510543 32.847875 -16.555203 -1.471325 0.590203 4.549565 -2.087235 13.969146 -0.733689 -2.295027 -17.439480 5.068010 -0.685654 15.180302 -5.862381 -2.966956 -0.876381 0.988183 -9.298111 3.330884 -8.022459 2.007830 4.881865 -0.106915 1.440159 23.809737 56.279634 -15.438895 29.952703 1.320409 -35.376756 -2.152394 11.864741 -13.935677 0.000000 0.000000 0.000000 0.000000 0.000000 0.000000 0.000000 0.000000 0.000000 0.000000 0.000000 0.000000 0.000000 0.000000 0.000000 0.000000 0.000000 0.000000 0.000000 0.000000 0.000000 0.000000 0.000000 0.000000 0.000000 0.000000 0.000000 0.000000 0.000000 0.000000 0.000000 0.000000 0.000000 0.000000 0.000000 0.000000 0.000000 0.000000 0.000000 0.000000 0.000000 0.000000 3.520553 4.234067 3.844677 26.673788 -50.343528 20.351217 25.524794 -6.611657 24.524685 0.260210 -9.954013 10.072317 0.000000 0.000000 0.000000 0.000000 0.000000 0.000000 0.000000 0.000000 0.000000 0.000000 0.000000 0.000000 0.000000 0.000000 0.000000 0.000000 0.000000 0.000000 0.000000 0.000000 0.000000 0.000000 0.000000 0.000000 0.000000 0.000000 0.000000 0.000000 0.000000 0.000000 0.000000 0.000000 0.000000 0.000000 0.000000 0.000000 0.000000 0.000000 0.000000 0.000000 0.000000 0.000000
-0.470003 -0.163650 1.399025 -95.106315 80.381884 4.878476 5.705485 -4.875407 1.171145 -4.116903 -0.338881 -6.798053 31.616737 16.327424 1.061947 1.184646 1.414109 -0.520723 5.028300 1.995559 -4.891653 3.554408 2.944661 3.523193 32.768615 -16.450350 -1.539282 0.626012 4.400117 -2.137192 13.911285 -0.735165 -2.310949 -17.502829 5.060157 -0.703085 15.193897 -5.851022 -2.975401 -1.071989 0.955728 -9.270396 3.239776 -8.021515 1.928841 4.879966 -0.123015 1.479584 23.872454 56.204135 -15.496918 29.970746 1.410976 -35.192903 -2.156738 11.949431 -13.913848 0.000000 0.000000 0.000000 0.000000 0.000000 0.000000 0.000000 0.000000 0.000000 0.000000 0.000000 0.000000 0.000000 0.000000 0.000000 0.000000 0.000000 0.000000 0.000000 0.000000 0.000000 0.000000 0.000000 0.000000 0.000000 0.000000 0.000000 0.000000 0.000000 0.000000 0.000000 0.000000 0.000000 0.000000 0.000000 0.000000 0.000000 0.000000 0.000000 0.000000 0.000000 0.000000 3.484828 4.213586 3.794816 26.725978 -50.334962 20.404566 25.454592 -6.672619 24.568191 0.191112 -10.034664 10.036472 0.000000 0.000000 0.000000 0.000000 0.000000 0.000000 0.000000 0.000000 0.000000 0.000000 0.000000 0.000000 0.000000 0.000000 0.000000 0.000000 0.000000 0.000000 0.000000 0.000000 0.000000 0.000000 0.000000 0.000000 0.000000 0.000000 0.000000 0.000000 0.000000 0.000000 0.000000 0.000000 0.000000 0.000000 0.000000 0.000000 0.000000 0.000000 0.000000 0.000000 0.000000 0.000000
-0.469861 -0.163520 1.398406 -94.588899 80.400247 4.338707 5.653553 -4.894787 1.226904 -4.167805 -0.307249 -6.764729 31.585095 16.302184 1.079196 1.239525 1.446981 -0.479967 4.996783 1.998547 -4.892752 3.464261 2.910422 3.522933 32.705907 -16.412908 -1.586209 0.650081 4.284386 -2.178939 13.854119 -0.730015 -2.324335 -17.526828 5.049615 -0.723710 15.203643 -5.847322 -2.971960 -1.216528 0.960525 -9.213352 3.143172 -8.011539 1.903217 4.888248 -0.098890 1.484709 23.923233 56.161070 -15.521781 30.009193 1.472720 -35.201405 -2.117094 12.071061 -13.938813 0.000000 0.000000 0.000000 0.000000 0.000000 0.000000 0.000000 0.000000 0.000000 0.000000 0.000000 0.000000 0.000000 0.000000 0.000000 0.000000 0.000000 0.000000 0.000000 0.000000 0.000000 0.000000 0.000000 0.000000 0.000000 0.000000 0.000000 0.000000 0.000000 0.000000 0.000000 0.000000 0.000000 0.000000 0.000000 0.000000 0.000000 0.000000 0.000000 0.000000 0.000000 0.000000 3.436114 4.186812 3.786937 26.728406 -50.296539 20.384794 25.459371 -6.651809 24.578786 0.155387 -10.147577 10.036169 0.000000 0.000000 0.000000 0.000000 0.000000 0.000000 0.000000 0.000000 0.000000 0.000000 0.000000 0.000000 0.000000 0.000000 0.000000 0.000000 0.000000 0.000000 0.000000 0.000000 0.000000 0.000000 0.000000 0.000000 0.000000 0.000000 0.000000 0.000000 0.000000 0.000000 0.000000 0.000000 0.000000 0.000000 0.000000 0.000000 0.000000 0.000000 0.000000 0.000000 0.000000 0.000000
-0.469737 -0.163280 1.397651 -93.940738 80.424047 3.704241 5.630346 -4.902673 1.271045 -4.321243 -0.298078 -6.707696 31.556537 16.295897 1.108630 1.265735 1.453010 -0.479538 5.033706 1.969647 -4.866772 3.212906 2.916959 3.572772 32.717290 -16.396757 -1.622676 0.643148 4.308651 -2.216275 13.812093 -0.711860 -2.328942 -17.563497 5.011880 -0.736546 15.185503 -5.845195 -2.964414 -1.292802 1.003140 -9.209935 3.018962 -7.994141 1.870997 4.880869 -0.090836 1.474305 24.037493 56.098064 -15.565885 30.063326 1.537029 -35.332423 -2.105057 12.098328 -13.996354 0.000000 0.000000 0.000000 0.000000 0.000000 0.000000 0.000000 0.000000 0.000000 0.000000 0.000000 0.000000 0.000000 0.000000 0.000000 0.000000 0.000000 0.000000 0.000000 0.000000 0.000000 0.000000 0.000000 0.000000 0.000000 0.000000 0.000000 0.000000 0.000000 0.000000 0.000000 0.000000 0.000000 0.000000 0.000000 0.000000 0.000000 0.000000 0.000000 0.000000 0.000000 0.000000 3.419018 4.156605 3.794425 26.747215 -50.238974 20.332251 25.477215 -6.660622 24.595556 0.108612 -10.202715 10.062059 0.000000 0.000000 0.000000 0.000000 0.000000 0.000000 0.000000 0.000000 0.000000 0.000000 0.000000 0.000000 0.000000 0.000000 0.000000 0.000000 0.000000 0.000000 0.000000 0.000000 0.000000 0.000000 0.000000 0.000000 0.000000 0.000000 0.000000 0.000000 0.000000 0.000000 0.000000 0.000000 0.000000 0.000000 0.000000 0.000000 0.000000 0.000000 0.000000 0.000000 0.000000 0.000000
-0.469875 -0.161626 1.396926 -93.338326 80.516844 3.132302 5.597031 -4.910797 1.316414 -4.451098 -0.311336 -6.648779 31.480618 16.233650 1.178491 1.302568 1.452115 -0.479407 5.019397 1.957168 -4.866725 3.064075 2.881998 3.604702 32.761592 -16.417847 -1.592783 0.640402 4.325243 -2.252211 13.774561 -0.712625 -2.339648 -17.582203 4.988759 -0.744627 15.179529 -5.842631 -2.954445 -1.366891 1.001185 -9.204843 2.939224 -8.001186 1.847515 4.892217 -0.091492 1.498071 24.180822 56.111378 -15.661396 30.092712 1.557850 -35.636876 -2.137151 12.096966 -13.997855 0.000000 0.000000 0.000000 0.000000 0.000000 0.000000 0.000000 0.000000 0.000000 0.000000 0.000000 0.000000 0.000000 0.000000 0.000000 0.000000 0.000000 0.000000 0.000000 0.000000 0.000000 0.000000 0.000000 0.000000 0.000000 0.000000 0.000000 0.000000 0.000000 0.000000 0.000000 0.000000 0.000000 0.000000 0.000000 0.000000 0.000000 0.000000 0.000000 0.000000 0.000000 0.000000 3.397698 4.162195 3.779430 26.767989 -50.169855 20.334256 25.493925 -6.641720 24.522363 0.154088 -10.270382 10.056993 0.000000 0.000000 0.000000 0.000000 0.000000 0.000000 0.000000 0.000000 0.000000 0.000000 0.000000 0.000000 0.000000 0.000000 0.000000 0.000000 0.000000 0.000000 0.000000 0.000000 0.000000 0.000000 0.000000 0.000000 0.000000 0.000000 0.000000 0.000000 0.000000 0.000000 0.000000 0.000000 0.000000 0.000000 0.000000 0.000000 0.000000 0.000000 0.000000 0.000000 0.000000 0.000000
-0.469895 -0.161267 1.396620 -93.092855 80.530080 2.923631 5.599807 -4.894538 1.343116 -4.537005 -0.316715 -6.560636 31.497897 16.221486 1.211886 1.326637 1.443623 -0.482115 5.023971 1.943816 -4.868663 3.000659 2.893770 3.582932 32.775900 -16.428634 -1.651366 0.625622 4.407513 -2.303358 13.724749 -0.699718 -2.357336 -17.586229 4.953308 -0.747065 15.173767 -5.835109 -2.952801 -1.399049 1.014275 -9.176509 2.852312 -7.977679 1.823532 4.880956 -0.095661 1.508692 24.259030 56.053445 -15.679724 30.139969 1.596870 -35.865842 -2.120680 12.136524 -14.017858 0.000000 0.000000 0.000000 0.000000 0.000000 0.000000 0.000000 0.000000 0.000000 0.000000 0.000000 0.000000 0.000000 0.000000 0.000000 0.000000 0.000000 0.000000 0.000000 0.000000 0.000000 0.000000 0.000000 0.000000 0.000000 0.000000 0.000000 0.000000 0.000000 0.000000 0.000000 0.000000 0.000000 0.000000 0.000000 0.000000 0.000000 0.000000 0.000000 0.000000 0.000000 0.000000 3.399459 4.122829 3.759891 26.772249 -50.068796 20.315149 25.503320 -6.695480 24.531869 0.202559 -10.317104 10.065022 0.000000 0.000000 0.000000 0.000000 0.000000 0.000000 0.000000 0.000000 0.000000 0.000000 0.000000 0.000000 0.000000 0.000000 0.000000 0.000000 0.000000 0.000000 0.000000 0.000000 0.000000 0.000000 0.000000 0.000000 0.000000 0.000000 0.000000 0.000000 0.000000 0.000000 0.000000 0.000000 0.000000 0.000000 0.000000 0.000000 0.000000 0.000000 0.000000 0.000000 0.000000 0.000000
-0.469998 -0.160248 1.396373 -92.913750 80.576905 2.810250 5.641094 -4.884149 1.391017 -4.679209 -0.333922 -6.486426 31.478962 16.207401 1.240104 1.346060 1.440892 -0.476017 5.052533 1.918468 -4.904057 2.921377 2.912742 3.561980 32.792923 -16.455294 -1.650614 0.623837 4.469728 -2.347727 13.706853 -0.713725 -2.367969 -17.610124 4.924584 -0.741129 15.186212 -5.825698 -2.946305 -1.414090 1.024146 -9.130693 2.806300 -7.937848 1.796811 4.866331 -0.107110 1.515200 24.311020 56.056640 -15.720729 30.206364 1.598905 -36.088889 -2.102504 12.215190 -14.037967 0.000000 0.000000 0.000000 0.000000 0.000000 0.000000 0.000000 0.000000 0.000000 0.000000 0.000000 0.000000 0.000000 0.000000 0.000000 0.000000 0.000000 0.000000 0.000000 0.000000 0.000000 0.000000 0.000000 0.000000 0.000000 0.000000 0.000000 0.000000 0.000000 0.000000 0.000000 0.000000 0.000000 0.000000 0.000000 0.000000 0.000000 0.000000 0.000000 0.000000 0.000000 0.000000 3.414494 4.082292 3.758422 26.697304 -49.987222 20.227717 25.535444 -6.728606 24.465456 0.295073 -10.370768 10.085843 0.000000 0.000000 0.000000 0.000000 0.000000 0.000000 0.000000 0.000000 0.000000 0.000000 0.000000 0.000000 0.000000 0.000000 0.000000 0.000000 0.000000 0.000000 0.000000 0.000000 0.000000 0.000000 0.000000 0.000000 0.000000 0.000000 0.000000 0.000000 0.000000 0.000000 0.000000 0.000000 0.000000 0.000000 0.000000 0.000000 0.000000 0.000000 0.000000 0.000000 0.000000 0.000000
-0.470394 -0.157456 1.396469 -93.080497 80.719493 2.875985 5.670381 -4.870496 1.409995 -4.640883 -0.376959 -6.533988 31.317099 16.092826 1.470343 1.311027 1.405036 -0.437787 5.027236 1.932840 -4.938128 2.994973 2.867254 3.676874 32.833587 -16.491983 -1.547111 0.565487 4.419706 -2.465779 13.827297 -0.744827 -2.375823 -17.775185 4.924428 -0.723725 15.246382 -5.808611 -2.934032 -1.482680 0.977622 -9.118325 2.820792 -7.893727 1.760193 4.830702 -0.116607 1.580140 24.468051 56.185701 -15.750192 30.405114 1.464475 -36.453043 -2.240733 12.210789 -14.031341 0.000000 0.000000 0.000000 0.000000 0.000000 0.000000 0.000000 0.000000 0.000000 0.000000 0.000000 0.000000 0.000000 0.000000 0.000000 0.000000 0.000000 0.000000 0.000000 0.000000 0.000000 0.000000 0.000000 0.000000 0.000000 0.000000 0.000000 0.000000 0.000000 0.000000 0.000000 0.000000 0.000000 0.000000 0.000000 0.000000 0.000000 0.000000 0.000000 0.000000 0.000000 0.000000 3.266297 4.064285 3.818392 26.598416 -49.890860 20.105455 25.511922 -6.777276 24.273384 0.271956 -10.334778 10.113445 0.000000 0.000000 0.000000 0.000000 0.000000 0.000000 0.000000 0.000000 0.000000 0.000000 0.000000 0.000000 0.000000 0.000000 0.000000 0.000000 0.000000 0.000000 0.000000 0.000000 0.000000 0.000000 0.000000 0.000000 0.000000 0.000000 0.000000 0.000000 0.000000 0.000000 0.000000 0.000000 0.000000 0.000000 0.000000 0.000000 0.000000 0.000000 0.000000 0.000000 0.000000 0.000000
-0.470622 -0.155920 1.396430 -93.094511 80.798468 2.932526 5.687646 -4.870831 1.410616 -4.673352 -0.400765 -6.501181 31.262987 16.039638 1.551518 1.356275 1.403768 -0.447885 5.058787 1.912250 -4.956274 2.955373 2.858459 3.664072 32.899020 -16.537386 -1.532980 0.566070 4.508826 -2.486850 13.827564 -0.752513 -2.388236 -17.842890 4.917671 -0.714278 15.305382 -5.807047 -2.932096 -1.544177 0.962023 -9.062681 2.803581 -7.876136 1.752098 4.829238 -0.159275 1.598949 24.591946 56.219550 -15.832373 30.466783 1.430468 -36.791602 -2.266121 12.322806 -13.999391 0.000000 0.000000 0.000000 0.000000 0.000000 0.000000 0.000000 0.000000 0.000000 0.000000 0.000000 0.000000 0.000000 0.000000 0.000000 0.000000 0.000000 0.000000 0.000000 0.000000 0.000000 0.000000 0.000000 0.000000 0.000000 0.000000 0.000000 0.000000 0.000000 0.000000 0.000000 0.000000 0.000000 0.000000 0.000000 0.000000 0.000000 0.000000 0.000000 0.000000 0.000000 0.000000 3.256069 4.050361 3.818020 26.564619 -49.809030 20.061904 25.539009 -6.797797 24.227099 0.315092 -10.462059 10.099189 0.000000 0.000000 0.000000 0.000000 0.000000 0.000000 0.000000 0.000000 0.000000 0.000000 0.000000 0.000000 0.000000 0.000000 0.000000 0.000000 0.000000 0.000000 0.000000 0.000000 0.000000 0.000000 0.000000 0.000000 0.000000 0.000000 0.000000 0.000000 0.000000 0.000000 0.000000 0.000000 0.000000 0.000000 0.000000 0.000000 0.000000 0.000000 0.000000 0.000000 0.000000 0.000000
-0.470733 -0.155146 1.396483 -93.188634 80.839047 3.051619 5.693978 -4.869602 1.408764 -4.650555 -0.417784 -6.477707 31.221623 15.992803 1.588534 1.391494 1.401412 -0.444490 5.077970 1.900574 -4.960081 2.973024 2.849832 3.668460 32.895145 -16.537750 -1.552886 0.553002 4.561813 -2.490242 13.820622 -0.754328 -2.396256 -17.872947 4.913237 -0.713834 15.353331 -5.811123 -2.933158 -1.624231 0.960089 -9.014973 2.790594 -7.849839 1.735323 4.820386 -0.184389 1.609283 24.643554 56.227035 -15.855278 30.520242 1.410067 -37.003803 -2.286582 12.404535 -13.975323 0.000000 0.000000 0.000000 0.000000 0.000000 0.000000 0.000000 0.000000 0.000000 0.000000 0.000000 0.000000 0.000000 0.000000 0.000000 0.000000 0.000000 0.000000 0.000000 0.000000 0.000000 0.000000 0.000000 0.000000 0.000000 0.000000 0.000000 0.000000 0.000000 0.000000 0.000000 0.000000 0.000000 0.000000 0.000000 0.000000 0.000000 0.000000 0.000000 0.000000 0.000000 0.000000 3.221814 4.044563 3.815624 26.551522 -49.754901 20.019423 25.591514 -6.796175 24.252435 0.350314 -10.517276 10.096163 0.000000 0.000000 0.000000 0.000000 0.000000 0.000000 0.000000 0.000000 0.000000 0.000000 0.000000 0.000000 0.000000 0.000000 0.000000 0.000000 0.000000 0.000000 0.000000 0.000000 0.000000 0.000000 0.000000 0.000000 0.000000 0.000000 0.000000 0.000000 0.000000 0.000000 0.000000 0.000000 0.000000 0.000000 0.000000 0.000000 0.000000 0.000000 0.000000 0.000000 0.000000 0.000000
-0.470770 -0.154554 1.396269 -93.017758 80.868100 2.904287 5.697887 -4.859517 1.403746 -4.697595 -0.433662 -6.464291 31.168535 15.947857 1.624996 1.424303 1.401403 -0.435465 5.075732 1.893915 -4.970953 2.950965 2.846095 3.689463 32.873780 -16.508214 -1.560949 0.550267 4.533560 -2.476573 13.815124 -0.765474 -2.402626 -17.909496 4.908971 -0.710050 15.397495 -5.792173 -2.927203 -1.693186 0.938072 -8.962514 2.781593 -7.819298 1.723104 4.815779 -0.215359 1.624507 24.718902 56.200952 -15.913915 30.597578 1.403486 -37.190709 -2.315837 12.458770 -13.903818 0.000000 0.000000 0.000000 0.000000 0.000000 0.000000 0.000000 0.000000 0.000000 0.000000 0.000000 0.000000 0.000000 0.000000 0.000000 0.000000 0.000000 0.000000 0.000000 0.000000 0.000000 0.000000 0.000000 0.000000 0.000000 0.000000 0.000000 0.000000 0.000000 0.000000 0.000000 0.000000 0.000000 0.000000 0.000000 0.000000 0.000000 0.000000 0.000000 0.000000 0.000000 0.000000 3.193265 4.014521 3.802049 26.563057 -49.688365 20.004402 25.629071 -6.810314 24.271409 0.381936 -10.605653 10.058174 0.000000 0.000000 0.000000 0.000000 0.000000 0.000000 0.000000 0.000000 0.000000 0.000000 0.000000 0.000000 0.000000 0.000000 0.000000 0.000000 0.000000 0.000000 0.000000 0.000000 0.000000 0.000000 0.000000 0.000000 0.000000 0.000000 0.000000 0.000000 0.000000 0.000000 0.000000 0.000000 0.000000 0.000000 0.000000 0.000000 0.000000 0.000000 0.000000 0.000000 0.000000 0.000000
-0.470747 -0.154279 1.395989 -92.773013 80.881145 2.680672 5.694897 -4.856278 1.416111 -4.753056 -0.430431 -6.445393 31.125633 15.925534 1.646953 1.432167 1.396868 -0.428064 5.075729 1.893267 -4.981968 2.912251 2.836911 3.698317 32.803209 -16.492442 -1.591801 0.536119 4.510982 -2.462445 13.807047 -0.779892 -2.403814 -17.913010 4.897186 -0.710546 15.407243 -5.773776 -2.920321 -1.736100 0.942488 -8.889148 2.768281 -7.767820 1.718356 4.809778 -0.208693 1.645859 24.743061 56.169407 -15.934306 30.617015 1.394915 -37.284359 -2.308920 12.448032 -13.873885 0.000000 0.000000 0.000000 0.000000 0.000000 0.000000 0.000000 0.000000 0.000000 0.000000 0.000000 0.000000 0.000000 0.000000 0.000000 0.000000 0.000000 0.000000 0.000000 0.000000 0.000000 0.000000 0.000000 0.000000 0.000000 0.000000 0.000000 0.000000 0.000000 0.000000 0.000000 0.000000 0.000000 0.000000 0.000000 0.000000 0.000000 0.000000 0.000000 0.000000 0.000000 0.000000 3.164140 3.980745 3.780369 26.561703 -49.649534 19.959292 25.664743 -6.782583 24.301290 0.405606 -10.610853 10.049649 0.000000 0.000000 0.000000 0.000000 0.000000 0.000000 0.000000 0.000000 0.000000 0.000000 0.000000 0.000000 0.000000 0.000000 0.000000 0.000000 0.000000 0.000000 0.000000 0.000000 0.000000 0.000000 0.000000 0.000000 0.000000 0.000000 0.000000 0.000000 0.000000 0.000000 0.000000 0.000000 0.000000 0.000000 0.000000 0.000000 0.000000 0.000000 0.000000 0.000000 0.000000 0.000000
-0.470812 -0.153870 1.395746 -92.566788 80.908952 2.491970 5.683347 -4.864322 1.421303 -4.784454 -0.431369 -6.456371 31.098317 15.897623 1.672551 1.484476 1.394691 -0.428318 5.081994 1.882266 -4.982746 2.867052 2.821071 3.697465 32.772145 -16.489210 -1.622447 0.537266 4.557577 -2.447039 13.779339 -0.776422 -2.405261 -17.908052 4.887406 -0.724902 15.430097 -5.774622 -2.916864 -1.805642 0.944414 -8.833318 2.720992 -7.755920 1.725424 4.824935 -0.202599 1.658217 24.810056 56.121753 -16.001067 30.655830 1.409527 -37.426999 -2.244880 12.399099 -13.827658 0.000000 0.000000 0.000000 0.000000 0.000000 0.000000 0.000000 0.000000 0.000000 0.000000 0.000000 0.000000 0.000000 0.000000 0.000000 0.000000 0.000000 0.000000 0.000000 0.000000 0.000000 0.000000 0.000000 0.000000 0.000000 0.000000 0.000000 0.000000 0.000000 0.000000 0.000000 0.000000 0.000000 0.000000 0.000000 0.000000 0.000000 0.000000 0.000000 0.000000 0.000000 0.000000 3.142729 3.990147 3.766922 26.604492 -49.618489 19.993038 25.721953 -6.759457 24.326151 0.466410 -10.582180 10.006041 0.000000 0.000000 0.000000 0.000000 0.000000 0.000000 0.000000 0.000000 0.000000 0.000000 0.000000 0.000000 0.000000 0.000000 0.000000 0.000000 0.000000 0.000000 0.000000 0.000000 0.000000 0.000000 0.000000 0.000000 0.000000 0.000000 0.000000 0.000000 0.000000 0.000000 0.000000 0.000000 0.000000 0.000000 0.000000 0.000000 0.000000 0.000000 0.000000 0.000000 0.000000 0.000000
-0.470682 -0.154542 1.395472 -92.309991 80.870708 2.237644 5.675255 -4.850429 1.421456 -4.829865 -0.420123 -6.468184 31.110216 15.909398 1.669257 1.467647 1.375191 -0.418667 5.066048 1.894416 -4.984493 2.855239 2.817802 3.720322 32.676352 -16.422886 -1.685124 0.503101 4.514909 -2.441323 13.763293 -0.785534 -2.406484 -17.883022 4.869294 -0.738243 15.404789 -5.752819 -2.914390 -1.830625 0.945031 -8.784257 2.701770 -7.711791 1.703595 4.817979 -0.186092 1.668585 24.786499 56.053977 -15.961625 30.691084 1.419242 -37.395029 -2.219487 12.385944 -13.794401 0.000000 0.000000 0.000000 0.000000 0.000000 0.000000 0.000000 0.000000 0.000000 0.000000 0.000000 0.000000 0.000000 0.000000 0.000000 0.000000 0.000000 0.000000 0.000000 0.000000 0.000000 0.000000 0.000000 0.000000 0.000000 0.000000 0.000000 0.000000 0.000000 0.000000 0.000000 0.000000 0.000000 0.000000 0.000000 0.000000 0.000000 0.000000 0.000000 0.000000 0.000000 0.000000 3.113822 3.950682 3.745745 26.632312 -49.588893 19.971317 25.746197 -6.746870 24.402903 0.506656 -10.552608 9.992899 0.000000 0.000000 0.000000 0.000000 0.000000 0.000000 0.000000 0.000000 0.000000 0.000000 0.000000 0.000000 0.000000 0.000000 0.000000 0.000000 0.000000 0.000000 0.000000 0.000000 0.000000 0.000000 0.000000 0.000000 0.000000 0.000000 0.000000 0.000000 0.000000 0.000000 0.000000 0.000000 0.000000 0.000000 0.000000 0.000000 0.000000 0.000000 0.000000 0.000000 0.000000 0.000000
-0.470718 -0.154283 1.395334 -92.200681 80.880918 2.158418 5.689810 -4.837117 1.422986 -4.883395 -0.431140 -6.472985 31.084742 15.909021 1.712216 1.515925 1.357095 -0.417497 5.081196 1.882495 -4.972049 2.828641 2.828085 3.745880 32.638563 -16.428884 -1.737626 0.496744 4.586524 -2.446230 13.743330 -0.789714 -2.406532 -17.868233 4.857066 -0.742724 15.409843 -5.749001 -2.903572 -1.836290 0.954166 -8.724709 2.672222 -7.687406 1.723081 4.801271 -0.192413 1.669067 24.850775 56.002773 -16.000788 30.762551 1.414167 -37.554860 -2.181213 12.341292 -13.778686 0.000000 0.000000 0.000000 0.000000 0.000000 0.000000 0.000000 0.000000 0.000000 0.000000 0.000000 0.000000 0.000000 0.000000 0.000000 0.000000 0.000000 0.000000 0.000000 0.000000 0.000000 0.000000 0.000000 0.000000 0.000000 0.000000 0.000000 0.000000 0.000000 0.000000 0.000000 0.000000 0.000000 0.000000 0.000000 0.000000 0.000000 0.000000 0.000000 0.000000 0.000000 0.000000 3.103775 3.935247 3.725957 26.638906 -49.545498 19.954070 25.799660 -6.741675 24.424293 0.560509 -10.539713 9.965495 0.000000 0.000000 0.000000 0.000000 0.000000 0.000000 0.000000 0.000000 0.000000 0.000000 0.000000 0.000000 0.000000 0.000000 0.000000 0.000000 0.000000 0.000000 0.000000 0.000000 0.000000 0.000000 0.000000 0.000000 0.000000 0.000000 0.000000 0.000000 0.000000 0.000000 0.000000 0.000000 0.000000 0.000000 0.000000 0.000000 0.000000 0.000000 0.000000 0.000000 0.000000 0.000000
-0.470712 -0.153991 1.394978 -91.873146 80.894962 1.844114 5.691572 -4.830298 1.421548 -4.968409 -0.432901 -6.439580 31.056481 15.879548 1.734231 1.532269 1.341527 -0.416103 5.084109 1.881608 -4.979878 2.748450 2.818101 3.766262 32.621653 -16.422158 -1.764399 0.451339 4.634799 -2.437972 13.723554 -0.797458 -2.416463 -17.889915 4.849109 -0.737284 15.430806 -5.733239 -2.895819 -1.847777 0.926651 -8.697441 2.660382 -7.670081 1.711308 4.793724 -0.212633 1.702982 24.933621 55.965916 -16.054725 30.807013 1.406089 -37.701970 -2.199568 12.343678 -13.729865 0.000000 0.000000 0.000000 0.000000 0.000000 0.000000 0.000000 0.000000 0.000000 0.000000 0.000000 0.000000 0.000000 0.000000 0.000000 0.000000 0.000000 0.000000 0.000000 0.000000 0.000000 0.000000 0.000000 0.000000 0.000000 0.000000 0.000000 0.000000 0.000000 0.000000 0.000000 0.000000 0.000000 0.000000 0.000000 0.000000 0.000000 0.000000 0.000000 0.000000 0.000000 0.000000 3.078341 3.922252 3.705350 26.677793 -49.504645 19.970760 25.834436 -6.746193 24.439924 0.575105 -10.569428 9.938524 0.000000 0.000000 0.000000 0.000000 0.000000 0.000000 0.000000 0.000000 0.000000 0.000000 0.000000 0.000000 0.000000 0.000000 0.000000 0.000000 0.000000 0.000000 0.000000 0.000000 0.000000 0.000000 0.000000 0.000000 0.000000 0.000000 0.000000 0.000000 0.000000 0.000000 0.000000 0.000000 0.000000 0.000000 0.000000 0.000000 0.000000 0.000000 0.000000 0.000000 0.000000 0.000000
-0.470639 -0.154447 1.394805 -91.713551 80.864735 1.721953 5.687613 -4.814681 1.430022 -4.999767 -0.427565 -6.442891 31.033910 15.908779 1.737834 1.556337 1.327246 -0.408482 5.078823 1.885903 -4.983488 2.755630 2.825176 3.743696 32.525560 -16.421414 -1.830647 0.454261 4.683110 -2.456960 13.723490 -0.807206 -2.413392 -17.889467 4.848450 -0.746118 15.432584 -5.733298 -2.898792 -1.919610 0.923855 -8.631552 2.645044 -7.644495 1.701158 4.774532 -0.220677 1.718853 24.975053 55.929553 -16.128596 30.893713 1.377782 -37.625283 -2.177234 12.347874 -13.738926 0.000000 0.000000 0.000000 0.000000 0.000000 0.000000 0.000000 0.000000 0.000000 0.000000 0.000000 0.000000 0.000000 0.000000 0.000000 0.000000 0.000000 0.000000 0.000000 0.000000 0.000000 0.000000 0.000000 0.000000 0.000000 0.000000 0.000000 0.000000 0.000000 0.000000 0.000000 0.000000 0.000000 0.000000 0.000000 0.000000 0.000000 0.000000 0.000000 0.000000 0.000000 0.000000 3.060677 3.926443 3.681971 26.741109 -49.508437 20.026965 25.889645 -6.742679 24.433200 0.552410 -10.547568 9.926474 0.000000 0.000000 0.000000 0.000000 0.000000 0.000000 0.000000 0.000000 0.000000 0.000000 0.000000 0.000000 0.000000 0.000000 0.000000 0.000000 0.000000 0.000000 0.000000 0.000000 0.000000 0.000000 0.000000 0.000000 0.000000 0.000000 0.000000 0.000000 0.000000 0.000000 0.000000 0.000000 0.000000 0.000000 0.000000 0.000000 0.000000 0.000000 0.000000 0.000000 0.000000 0.000000
-0.470636 -0.154284 1.394640 -91.566824 80.871552 1.600594 5.704507 -4.808831 1.434839 -5.067255 -0.428239 -6.424295 31.018303 15.917830 1.770851 1.607528 1.312137 -0.409880 5.088260 1.874129 -4.983812 2.727450 2.832138 3.712142 32.468260 -16.448639 -1.886355 0.444338 4.778728 -2.463602 13.700432 -0.814235 -2.417924 -17.894809 4.840899 -0.747652 15.459797 -5.736837 -2.898180 -1.951456 0.927306 -8.555339 2.627713 -7.617422 1.720295 4.761265 -0.249465 1.733502 25.049417 55.919797 -16.196830 30.953773 1.362444 -37.710972 -2.144157 12.362872 -13.726913 0.000000 0.000000 0.000000 0.000000 0.000000 0.000000 0.000000 0.000000 0.000000 0.000000 0.000000 0.000000 0.000000 0.000000 0.000000 0.000000 0.000000 0.000000 0.000000 0.000000 0.000000 0.000000 0.000000 0.000000 0.000000 0.000000 0.000000 0.000000 0.000000 0.000000 0.000000 0.000000 0.000000 0.000000 0.000000 0.000000 0.000000 0.000000 0.000000 0.000000 0.000000 0.000000 3.047281 3.945226 3.659081 26.791643 -49.486567 20.077125 25.954078 -6.727117 24.443989 0.587681 -10.560765 9.932332 0.000000 0.000000 0.000000 0.000000 0.000000 0.000000 0.000000 0.000000 0.000000 0.000000 0.000000 0.000000 0.000000 0.000000 0.000000 0.000000 0.000000 0.000000 0.000000 0.000000 0.000000 0.000000 0.000000 0.000000 0.000000 0.000000 0.000000 0.000000 0.000000 0.000000 0.000000 0.000000 0.000000 0.000000 0.000000 0.000000 0.000000 0.000000 0.000000 0.000000 0.000000 0.000000
-0.470650 -0.154088 1.394447 -91.393091 80.883234 1.453871 5.726050 -4.802535 1.459467 -5.149114 -0.437551 -6.413544 30.989179 15.925528 1.794877 1.650275 1.303336 -0.405112 5.103291 1.858337 -4.999877 2.679677 2.836697 3.682191 32.419711 -16.469473 -1.929415 0.429386 4.823706 -2.460474 13.686909 -0.815201 -2.424659 -17.887870 4.834967 -0.753904 15.473192 -5.737641 -2.897043 -1.963002 0.903759 -8.499418 2.611859 -7.593765 1.736162 4.760801 -0.274446 1.753047 25.131656 55.887209 -16.296705 31.034202 1.369437 -37.788707 -2.119007 12.333471 -13.686457 0.000000 0.000000 0.000000 0.000000 0.000000 0.000000 0.000000 0.000000 0.000000 0.000000 0.000000 0.000000 0.000000 0.000000 0.000000 0.000000 0.000000 0.000000 0.000000 0.000000 0.000000 0.000000 0.000000 0.000000 0.000000 0.000000 0.000000 0.000000 0.000000 0.000000 0.000000 0.000000 0.000000 0.000000 0.000000 0.000000 0.000000 0.000000 0.000000 0.000000 0.000000 0.000000 3.036080 3.950275 3.635971 26.853505 -49.448695 20.161683 26.001375 -6.745172 24.421762 0.610774 -10.549798 9.890967 0.000000 0.000000 0.000000 0.000000 0.000000 0.000000 0.000000 0.000000 0.000000 0.000000 0.000000 0.000000 0.000000 0.000000 0.000000 0.000000 0.000000 0.000000 0.000000 0.000000 0.000000 0.000000 0.000000 0.000000 0.000000 0.000000 0.000000 0.000000 0.000000 0.000000 0.000000 0.000000 0.000000 0.000000 0.000000 0.000000 0.000000 0.000000 0.000000 0.000000 0.000000 0.000000
-0.470661 -0.153887 1.394199 -91.162525 80.891263 1.242963 5.732712 -4.798642 1.476652 -5.216908 -0.430923 -6.405155 30.958568 15.918951 1.819763 1.700295 1.300115 -0.396197 5.100939 1.857250 -5.015710 2.643771 2.828509 3.685521 32.366612 -16.490523 -1.985838 0.424975 4.866657 -2.461020 13.669053 -0.821387 -2.427765 -17.925410 4.840441 -0.755447 15.519303 -5.732484 -2.897001 -2.053628 0.893519 -8.430882 2.604273 -7.573805 1.707610 4.737146 -0.308100 1.769119 25.227888 55.879669 -16.397366 31.124723 1.353911 -37.816477 -2.082759 12.326946 -13.667664 0.000000 0.000000 0.000000 0.000000 0.000000 0.000000 0.000000 0.000000 0.000000 0.000000 0.000000 0.000000 0.000000 0.000000 0.000000 0.000000 0.000000 0.000000 0.000000 0.000000 0.000000 0.000000 0.000000 0.000000 0.000000 0.000000 0.000000 0.000000 0.000000 0.000000 0.000000 0.000000 0.000000 0.000000 0.000000 0.000000 0.000000 0.000000 0.000000 0.000000 0.000000 0.000000 2.999777 3.962236 3.631372 26.920528 -49.451362 20.228550 26.053962 -6.734180 24.376679 0.609576 -10.537096 9.873561 0.000000 0.000000 0.000000 0.000000 0.000000 0.000000 0.000000 0.000000 0.000000 0.000000 0.000000 0.000000 0.000000 0.000000 0.000000 0.000000 0.000000 0.000000 0.000000 0.000000 0.000000 0.000000 0.000000 0.000000 0.000000 0.000000 0.000000 0.000000 0.000000 0.000000 0.000000 0.000000 0.000000 0.000000 0.000000 0.000000 0.000000 0.000000 0.000000 0.000000 0.000000 0.000000
-0.470688 -0.153746 1.394090 -91.066053 80.895929 1.153265 5.768347 -4.779078 1.496874 -5.297968 -0.448523 -6.389792 30.946147 15.942092 1.858956 1.735434 1.292679 -0.400377 5.122580 1.836084 -5.021710 2.602371 2.856731 3.638631 32.318062 -16.503909 -2.022252 0.442457 4.918829 -2.481746 13.648514 -0.814067 -2.426266 -17.901413 4.823722 -0.760769 15.508665 -5.734425 -2.887557 -2.014850 0.896332 -8.388950 2.581229 -7.546368 1.734037 4.736505 -0.319519 1.766976 25.311826 55.851976 -16.491720 31.185965 1.368768 -37.868466 -2.001314 12.277331 -13.655175 0.000000 0.000000 0.000000 0.000000 0.000000 0.000000 0.000000 0.000000 0.000000 0.000000 0.000000 0.000000 0.000000 0.000000 0.000000 0.000000 0.000000 0.000000 0.000000 0.000000 0.000000 0.000000 0.000000 0.000000 0.000000 0.000000 0.000000 0.000000 0.000000 0.000000 0.000000 0.000000 0.000000 0.000000 0.000000 0.000000 0.000000 0.000000 0.000000 0.000000 0.000000 0.000000 2.999773 3.956690 3.620928 26.927365 -49.418833 20.240110 26.090928 -6.742748 24.362026 0.648673 -10.500079 9.838017 0.000000 0.000000 0.000000 0.000000 0.000000 0.000000 0.000000 0.000000 0.000000 0.000000 0.000000 0.000000 0.000000 0.000000 0.000000 0.000000 0.000000 0.000000 0.000000 0.000000 0.000000 0.000000 0.000000 0.000000 0.000000 0.000000 0.000000 0.000000 0.000000 0.000000 0.000000 0.000000 0.000000 0.000000 0.000000 0.000000 0.000000 0.000000 0.000000 0.000000 0.000000 0.000000
-0.470694 -0.153834 1.393973 -90.956810 80.890656 1.053492 5.785623 -4.763200 1.502517 -5.348149 -0.461187 -6.384953 30.935845 15.960288 1.889564 1.772021 1.284189 -0.399877 5.134704 1.824965 -5.010295 2.579876 2.866761 3.633125 32.255507 -16.512531 -2.086865 0.448675 4.967797 -2.487467 13.638326 -0.811484 -2.425467 -17.906548 4.816427 -0.769759 15.515924 -5.735807 -2.879755 -2.040075 0.893070 -8.330879 2.561399 -7.531210 1.731542 4.715064 -0.334152 1.756411 25.391836 55.832473 -16.574340 31.272601 1.363926 -37.841267 -1.901077 12.256268 -13.632732 0.000000 0.000000 0.000000 0.000000 0.000000 0.000000 0.000000 0.000000 0.000000 0.000000 0.000000 0.000000 0.000000 0.000000 0.000000 0.000000 0.000000 0.000000 0.000000 0.000000 0.000000 0.000000 0.000000 0.000000 0.000000 0.000000 0.000000 0.000000 0.000000 0.000000 0.000000 0.000000 0.000000 0.000000 0.000000 0.000000 0.000000 0.000000 0.000000 0.000000 0.000000 0.000000 2.985012 3.958875 3.624391 26.978940 -49.407840 20.286694 26.129079 -6.751455 24.336550 0.656935 -10.501448 9.806616 0.000000 0.000000 0.000000 0.000000 0.000000 0.000000 0.000000 0.000000 0.000000 0.000000 0.000000 0.000000 0.000000 0.000000 0.000000 0.000000 0.000000 0.000000 0.000000 0.000000 0.000000 0.000000 0.000000 0.000000 0.000000 0.000000 0.000000 0.000000 0.000000 0.000000 0.000000 0.000000 0.000000 0.000000 0.000000 0.000000 0.000000 0.000000 0.000000 0.000000 0.000000 0.000000
-0.470760 -0.153828 1.393845 -90.837949 80.888859 0.958007 5.803503 -4.750792 1.512647 -5.414109 -0.469175 -6.388602 30.972558 15.965422 1.891818 1.788046 1.294719 -0.400049 5.143627 1.812307 -5.026106 2.553895 2.879438 3.616673 32.239148 -16.492564 -2.119776 0.460517 4.957923 -2.478028 13.614640 -0.814692 -2.427539 -17.899324 4.797199 -0.773571 15.514268 -5.725566 -2.874944 -2.041849 0.892434 -8.290146 2.554147 -7.515703 1.728692 4.704968 -0.344908 1.753791 25.475137 55.822983 -16.679874 31.313291 1.358243 -37.810547 -1.789555 12.256665 -13.592357 0.000000 0.000000 0.000000 0.000000 0.000000 0.000000 0.000000 0.000000 0.000000 0.000000 0.000000 0.000000 0.000000 0.000000 0.000000 0.000000 0.000000 0.000000 0.000000 0.000000 0.000000 0.000000 0.000000 0.000000 0.000000 0.000000 0.000000 0.000000 0.000000 0.000000 0.000000 0.000000 0.000000 0.000000 0.000000 0.000000 0.000000 0.000000 0.000000 0.000000 0.000000 0.000000 2.982441 3.953705 3.619405 27.025001 -49.388727 20.319988 26.158453 -6.753554 24.320658 0.678958 -10.515223 9.759880 0.000000 0.000000 0.000000 0.000000 0.000000 0.000000 0.000000 0.000000 0.000000 0.000000 0.000000 0.000000 0.000000 0.000000 0.000000 0.000000 0.000000 0.000000 0.000000 0.000000 0.000000 0.000000 0.000000 0.000000 0.000000 0.000000 0.000000 0.000000 0.000000 0.000000 0.000000 0.000000 0.000000 0.000000 0.000000 0.000000 0.000000 0.000000 0.000000 0.000000 0.000000 0.000000
-0.470725 -0.154252 1.393666 -90.668119 80.864039 0.792692 5.805524 -4.736429 1.515973 -5.458571 -0.469634 -6.396703 31.006305 15.984584 1.885547 1.808362 1.296277 -0.394488 5.144803 1.809065 -5.020462 2.527978 2.890825 3.613300 32.183958 -16.480921 -2.177775 0.466835 4.961243 -2.477192 13.599560 -0.816157 -2.428618 -17.911430 4.790404 -0.777698 15.519789 -5.717933 -2.867762 -2.076800 0.890648 -8.223388 2.530426 -7.498526 1.714833 4.684578 -0.358831 1.743755 25.534922 55.787865 -16.729578 31.406991 1.337501 -37.759107 -1.699161 12.282996 -13.585627 0.000000 0.000000 0.000000 0.000000 0.000000 0.000000 0.000000 0.000000 0.000000 0.000000 0.000000 0.000000 0.000000 0.000000 0.000000 0.000000 0.000000 0.000000 0.000000 0.000000 0.000000 0.000000 0.000000 0.000000 0.000000 0.000000 0.000000 0.000000 0.000000 0.000000 0.000000 0.000000 0.000000 0.000000 0.000000 0.000000 0.000000 0.000000 0.000000 0.000000 0.000000 0.000000 2.974215 3.940850 3.623857 27.063199 -49.378251 20.348875 26.198305 -6.772780 24.317388 0.690799 -10.547991 9.756461 0.000000 0.000000 0.000000 0.000000 0.000000 0.000000 0.000000 0.000000 0.000000 0.000000 0.000000 0.000000 0.000000 0.000000 0.000000 0.000000 0.000000 0.000000 0.000000 0.000000 0.000000 0.000000 0.000000 0.000000 0.000000 0.000000 0.000000 0.000000 0.000000 0.000000 0.000000 0.000000 0.000000 0.000000 0.000000 0.000000 0.000000 0.000000 0.000000 0.000000 0.000000 0.000000
-0.470784 -0.154162 1.393452 -90.466827 80.861954 0.613595 5.801213 -4.720659 1.506304 -5.505655 -0.473838 -6.367685 31.029480 15.987894 1.896746 1.817259 1.285826 -0.402461 5.140150 1.801867 -5.020658 2.497249 2.905715 3.600687 32.178005 -16.497397 -2.220093 0.458166 5.028666 -2.467447 13.545550 -0.814748 -2.432495 -17.889128 4.777391 -0.774040 15.518710 -5.708329 -2.852315 -2.076619 0.899314 -8.195947 2.505600 -7.493694 1.717591 4.670605 -0.366884 1.729606 25.627779 55.745901 -16.814574 31.438138 1.352106 -37.827882 -1.666813 12.284734 -13.541007 0.000000 0.000000 0.000000 0.000000 0.000000 0.000000 0.000000 0.000000 0.000000 0.000000 0.000000 0.000000 0.000000 0.000000 0.000000 0.000000 0.000000 0.000000 0.000000 0.000000 0.000000 0.000000 0.000000 0.000000 0.000000 0.000000 0.000000 0.000000 0.000000 0.000000 0.000000 0.000000 0.000000 0.000000 0.000000 0.000000 0.000000 0.000000 0.000000 0.000000 0.000000 0.000000 2.978685 3.925034 3.618572 27.081695 -49.343371 20.346480 26.199712 -6.804034 24.318469 0.693565 -10.561747 9.708337 0.000000 0.000000 0.000000 0.000000 0.000000 0.000000 0.000000 0.000000 0.000000 0.000000 0.000000 0.000000 0.000000 0.000000 0.000000 0.000000 0.000000 0.000000 0.000000 0.000000 0.000000 0.000000 0.000000 0.000000 0.000000 0.000000 0.000000 0.000000 0.000000 0.000000 0.000000 0.000000 0.000000 0.000000 0.000000 0.000000 0.000000 0.000000 0.000000 0.000000 0.000000 0.000000
-0.470798 -0.154388 1.393267 -90.294452 80.847421 0.444705 5.804946 -4.706188 1.506950 -5.558759 -0.477111 -6.358885 31.079400 16.008714 1.904381 1.823928 1.268658 -0.407229 5.142430 1.793372 -5.001781 2.459828 2.923407 3.610980 32.169623 -16.502017 -2.265232 0.422762 5.115404 -2.462744 13.513339 -0.805326 -2.429033 -17.859992 4.745888 -0.778840 15.490985 -5.700178 -2.836952 -2.059558 0.922261 -8.159828 2.489001 -7.476104 1.723360 4.657409 -0.361880 1.704833 25.684621 55.704353 -16.853752 31.472583 1.370313 -37.837690 -1.634581 12.284326 -13.528623 0.000000 0.000000 0.000000 0.000000 0.000000 0.000000 0.000000 0.000000 0.000000 0.000000 0.000000 0.000000 0.000000 0.000000 0.000000 0.000000 0.000000 0.000000 0.000000 0.000000 0.000000 0.000000 0.000000 0.000000 0.000000 0.000000 0.000000 0.000000 0.000000 0.000000 0.000000 0.000000 0.000000 0.000000 0.000000 0.000000 0.000000 0.000000 0.000000 0.000000 0.000000 0.000000 2.984146 3.908268 3.614909 27.109579 -49.315287 20.346854 26.224541 -6.811617 24.329154 0.691240 -10.558166 9.703847 0.000000 0.000000 0.000000 0.000000 0.000000 0.000000 0.000000 0.000000 0.000000 0.000000 0.000000 0.000000 0.000000 0.000000 0.000000 0.000000 0.000000 0.000000 0.000000 0.000000 0.000000 0.000000 0.000000 0.000000 0.000000 0.000000 0.000000 0.000000 0.000000 0.000000 0.000000 0.000000 0.000000 0.000000 0.000000 0.000000 0.000000 0.000000 0.000000 0.000000 0.000000 0.000000
-0.470904 -0.154113 1.393110 -90.151704 80.861098 0.319075 5.801940 -4.697002 1.499806 -5.594415 -0.489767 -6.353924 31.107164 16.018082 1.932723 1.863048 1.254462 -0.408917 5.135961 1.785292 -4.979375 2.451137 2.925890 3.639851 32.176744 -16.528370 -2.292165 0.394816 5.223983 -2.471646 13.482423 -0.803635 -2.430180 -17.842484 4.725991 -0.781683 15.475888 -5.690330 -2.826140 -2.066660 0.934667 -8.104336 2.460400 -7.470116 1.720357 4.647557 -0.347702 1.696199 25.756912 55.667146 -16.913943 31.520762 1.361591 -37.906329 -1.574410 12.317940 -13.520174 0.000000 0.000000 0.000000 0.000000 0.000000 0.000000 0.000000 0.000000 0.000000 0.000000 0.000000 0.000000 0.000000 0.000000 0.000000 0.000000 0.000000 0.000000 0.000000 0.000000 0.000000 0.000000 0.000000 0.000000 0.000000 0.000000 0.000000 0.000000 0.000000 0.000000 0.000000 0.000000 0.000000 0.000000 0.000000 0.000000 0.000000 0.000000 0.000000 0.000000 0.000000 0.000000 2.981913 3.892404 3.609293 27.124041 -49.286214 20.349722 26.236345 -6.825752 24.296098 0.694770 -10.588412 9.704621 0.000000 0.000000 0.000000 0.000000 0.000000 0.000000 0.000000 0.000000 0.000000 0.000000 0.000000 0.000000 0.000000 0.000000 0.000000 0.000000 0.000000 0.000000 0.000000 0.000000 0.000000 0.000000 0.000000 0.000000 0.000000 0.000000 0.000000 0.000000 0.000000 0.000000 0.000000 0.000000 0.000000 0.000000 0.000000 0.000000 0.000000 0.000000 0.000000 0.000000 0.000000 0.000000
-0.470883 -0.154373 1.392771 -89.837339 80.845974 0.033752 5.788381 -4.688873 1.506562 -5.665226 -0.489930 -6.333297 31.149153 16.039125 1.915983 1.906464 1.243066 -0.411214 5.128467 1.780331 -4.970461 2.394476 2.928202 3.647081 32.154965 -16.557569 -2.353438 0.381402 5.346787 -2.468748 13.442137 -0.799432 -2.431347 -17.846797 4.710142 -0.788242 15.481322 -5.684528 -2.816298 -2.124574 0.949074 -8.064289 2.407969 -7.462121 1.677407 4.627753 -0.346449 1.682897 25.821803 55.609146 -16.968031 31.578748 1.371794 -37.913633 -1.490305 12.348991 -13.535482 0.000000 0.000000 0.000000 0.000000 0.000000 0.000000 0.000000 0.000000 0.000000 0.000000 0.000000 0.000000 0.000000 0.000000 0.000000 0.000000 0.000000 0.000000 0.000000 0.000000 0.000000 0.000000 0.000000 0.000000 0.000000 0.000000 0.000000 0.000000 0.000000 0.000000 0.000000 0.000000 0.000000 0.000000 0.000000 0.000000 0.000000 0.000000 0.000000 0.000000 0.000000 0.000000 2.978989 3.877552 3.601606 27.146035 -49.273966 20.347144 26.251957 -6.845457 24.301062 0.685917 -10.621325 9.705553 0.000000 0.000000 0.000000 0.000000 0.000000 0.000000 0.000000 0.000000 0.000000 0.000000 0.000000 0.000000 0.000000 0.000000 0.000000 0.000000 0.000000 0.000000 0.000000 0.000000 0.000000 0.000000 0.000000 0.000000 0.000000 0.000000 0.000000 0.000000 0.000000 0.000000 0.000000 0.000000 0.000000 0.000000 0.000000 0.000000 0.000000 0.000000 0.000000 0.000000 0.000000 0.000000
-0.471000 -0.154214 1.392747 -89.832169 80.850975 0.054325 5.795809 -4.673148 1.512058 -5.681600 -0.506073 -6.310486 31.179898 16.063263 1.931139 1.930510 1.231543 -0.422131 5.135219 1.764795 -4.959285 2.401936 2.948159 3.621954 32.158847 -16.595266 -2.394292 0.377725 5.460275 -2.480378 13.410812 -0.785909 -2.433247 -17.816266 4.681064 -0.794169 15.460839 -5.676718 -2.806848 -2.096000 0.966050 -8.034966 2.385178 -7.453172 1.701359 4.616327 -0.342004 1.654028 25.891584 55.591485 -17.040834 31.620736 1.362683 -37.935579 -1.432479 12.345801 -13.542029 0.000000 0.000000 0.000000 0.000000 0.000000 0.000000 0.000000 0.000000 0.000000 0.000000 0.000000 0.000000 0.000000 0.000000 0.000000 0.000000 0.000000 0.000000 0.000000 0.000000 0.000000 0.000000 0.000000 0.000000 0.000000 0.000000 0.000000 0.000000 0.000000 0.000000 0.000000 0.000000 0.000000 0.000000 0.000000 0.000000 0.000000 0.000000 0.000000 0.000000 0.000000 0.000000 3.006548 3.850556 3.589212 27.131385 -49.231295 20.331239 26.274742 -6.850183 24.295066 0.683594 -10.652369 9.706501 0.000000 0.000000 0.000000 0.000000 0.000000 0.000000 0.000000 0.000000 0.000000 0.000000 0.000000 0.000000 0.000000 0.000000 0.000000 0.000000 0.000000 0.000000 0.000000 0.000000 0.000000 0.000000 0.000000 0.000000 0.000000 0.000000 0.000000 0.000000 0.000000 0.000000 0.000000 0.000000 0.000000 0.000000 0.000000 0.000000 0.000000 0.000000 0.000000 0.000000 0.000000 0.000000
-0.470994 -0.154493 1.392573 -89.679841 80.833879 -0.091786 5.781721 -4.661113 1.504594 -5.694810 -0.507982 -6.301796 31.213742 16.074602 1.929858 1.962894 1.233616 -0.422603 5.125131 1.764444 -4.962349 2.389573 2.952898 3.616213 32.146174 -16.595424 -2.432824 0.380512 5.508970 -2.502109 13.381313 -0.782374 -2.436557 -17.811557 4.664453 -0.795966 15.459085 -5.668396 -2.801172 -2.114219 0.971099 -8.013328 2.366083 -7.451344 1.675032 4.604314 -0.348200 1.634409 25.961481 55.547245 -17.090260 31.671780 1.365713 -37.941630 -1.383259 12.370463 -13.547268 0.000000 0.000000 0.000000 0.000000 0.000000 0.000000 0.000000 0.000000 0.000000 0.000000 0.000000 0.000000 0.000000 0.000000 0.000000 0.000000 0.000000 0.000000 0.000000 0.000000 0.000000 0.000000 0.000000 0.000000 0.000000 0.000000 0.000000 0.000000 0.000000 0.000000 0.000000 0.000000 0.000000 0.000000 0.000000 0.000000 0.000000 0.000000 0.000000 0.000000 0.000000 0.000000 3.010470 3.830342 3.592198 27.135554 -49.207802 20.326456 26.289243 -6.873805 24.303965 0.687704 -10.685247 9.718163 0.000000 0.000000 0.000000 0.000000 0.000000 0.000000 0.000000 0.000000 0.000000 0.000000 0.000000 0.000000 0.000000 0.000000 0.000000 0.000000 0.000000 0.000000 0.000000 0.000000 0.000000 0.000000 0.000000 0.000000 0.000000 0.000000 0.000000 0.000000 0.000000 0.000000 0.000000 0.000000 0.000000 0.000000 0.000000 0.000000 0.000000 0.000000 0.000000 0.000000 0.000000 0.000000
-0.470982 -0.154494 1.392260 -89.394957 80.833412 -0.350369 5.768002 -4.653696 1.507819 -5.751001 -0.517854 -6.278948 31.220128 16.089821 1.925803 1.975342 1.224858 -0.435269 5.114554 1.753266 -4.965099 2.347554 2.957972 3.579288 32.113399 -16.626805 -2.464125 0.380434 5.592049 -2.499818 13.347222 -0.762620 -2.433538 -17.773207 4.640798 -0.799837 15.430767 -5.669214 -2.793098 -2.063820 0.974085 -8.009409 2.342845 -7.451677 1.670295 4.600516 -0.345077 1.609582 26.015365 55.507649 -17.132513 31.711138 1.359671 -37.994248 -1.358555 12.324686 -13.540937 0.000000 0.000000 0.000000 0.000000 0.000000 0.000000 0.000000 0.000000 0.000000 0.000000 0.000000 0.000000 0.000000 0.000000 0.000000 0.000000 0.000000 0.000000 0.000000 0.000000 0.000000 0.000000 0.000000 0.000000 0.000000 0.000000 0.000000 0.000000 0.000000 0.000000 0.000000 0.000000 0.000000 0.000000 0.000000 0.000000 0.000000 0.000000 0.000000 0.000000 0.000000 0.000000 3.042438 3.813701 3.590121 27.133392 -49.177622 20.321104 26.325169 -6.887651 24.307861 0.685821 -10.668514 9.709792 0.000000 0.000000 0.000000 0.000000 0.000000 0.000000 0.000000 0.000000 0.000000 0.000000 0.000000 0.000000 0.000000 0.000000 0.000000 0.000000 0.000000 0.000000 0.000000 0.000000 0.000000 0.000000 0.000000 0.000000 0.000000 0.000000 0.000000 0.000000 0.000000 0.000000 0.000000 0.000000 0.000000 0.000000 0.000000 0.000000 0.000000 0.000000 0.000000 0.000000 0.000000 0.000000
-0.470941 -0.155046 1.392129 -89.283885 80.803968 -0.440169 5.758051 -4.642154 1.504067 -5.767305 -0.521356 -6.295377 31.271842 16.118348 1.910747 1.987909 1.217728 -0.434723 5.106916 1.754213 -4.961555 2.349229 2.960021 3.593288 32.095953 -16.620871 -2.513200 0.378751 5.632610 -2.513942 13.329757 -0.760601 -2.434655 -17.788299 4.630124 -0.804521 15.434797 -5.664839 -2.793798 -2.115515 0.976374 -7.989090 2.312057 -7.453711 1.627347 4.584693 -0.347458 1.589911 26.063441 55.449207 -17.168493 31.782786 1.356196 -37.952407 -1.279039 12.349082 -13.547078 0.000000 0.000000 0.000000 0.000000 0.000000 0.000000 0.000000 0.000000 0.000000 0.000000 0.000000 0.000000 0.000000 0.000000 0.000000 0.000000 0.000000 0.000000 0.000000 0.000000 0.000000 0.000000 0.000000 0.000000 0.000000 0.000000 0.000000 0.000000 0.000000 0.000000 0.000000 0.000000 0.000000 0.000000 0.000000 0.000000 0.000000 0.000000 0.000000 0.000000 0.000000 0.000000 3.037714 3.796455 3.591779 27.130620 -49.168742 20.297783 26.329770 -6.938647 24.330760 0.648438 -10.692944 9.725306 0.000000 0.000000 0.000000 0.000000 0.000000 0.000000 0.000000 0.000000 0.000000 0.000000 0.000000 0.000000 0.000000 0.000000 0.000000 0.000000 0.000000 0.000000 0.000000 0.000000 0.000000 0.000000 0.000000 0.000000 0.000000 0.000000 0.000000 0.000000 0.000000 0.000000 0.000000 0.000000 0.000000 0.000000 0.000000 0.000000 0.000000 0.000000 0.000000 0.000000 0.000000 0.000000
-0.471033 -0.154720 1.392015 -89.183915 80.823230 -0.519616 5.767965 -4.639089 1.498499 -5.814284 -0.536301 -6.283179 31.308630 16.127823 1.924903 1.971378 1.206634 -0.445701 5.113032 1.741070 -4.951244 2.329920 2.958872 3.586771 32.110719 -16.645542 -2.523170 0.368997 5.720768 -2.514692 13.301965 -0.751348 -2.437263 -17.760773 4.602359 -0.805018 15.402019 -5.658453 -2.787362 -2.097171 0.990458 -7.993696 2.298198 -7.444549 1.603667 4.584125 -0.343699 1.575219 26.143970 55.412778 -17.228849 31.816356 1.362097 -38.057212 -1.277201 12.364322 -13.526660 0.000000 0.000000 0.000000 0.000000 0.000000 0.000000 0.000000 0.000000 0.000000 0.000000 0.000000 0.000000 0.000000 0.000000 0.000000 0.000000 0.000000 0.000000 0.000000 0.000000 0.000000 0.000000 0.000000 0.000000 0.000000 0.000000 0.000000 0.000000 0.000000 0.000000 0.000000 0.000000 0.000000 0.000000 0.000000 0.000000 0.000000 0.000000 0.000000 0.000000 0.000000 0.000000 3.047744 3.776203 3.588325 27.136880 -49.119356 20.284669 26.343602 -6.969053 24.322301 0.610885 -10.705237 9.723896 0.000000 0.000000 0.000000 0.000000 0.000000 0.000000 0.000000 0.000000 0.000000 0.000000 0.000000 0.000000 0.000000 0.000000 0.000000 0.000000 0.000000 0.000000 0.000000 0.000000 0.000000 0.000000 0.000000 0.000000 0.000000 0.000000 0.000000 0.000000 0.000000 0.000000 0.000000 0.000000 0.000000 0.000000 0.000000 0.000000 0.000000 0.000000 0.000000 0.000000 0.000000 0.000000
-0.471080 -0.154518 1.391761 -88.949137 80.834644 -0.763736 5.755088 -4.631058 1.478467 -5.852116 -0.550689 -6.274717 31.353479 16.112597 1.940454 1.990296 1.201263 -0.456420 5.096965 1.734804 -4.937349 2.295031 2.958003 3.608131 32.141593 -16.658257 -2.530431 0.362552 5.820654 -2.522266 13.247757 -0.746106 -2.444306 -17.749319 4.580146 -0.803114 15.397892 -5.645388 -2.774445 -2.111905 0.997234 -7.986499 2.257064 -7.461121 1.578588 4.584597 -0.347294 1.557393 26.245871 55.362034 -17.281066 31.839464 1.386080 -38.186323 -1.265513 12.396863 -13.510205 0.000000 0.000000 0.000000 0.000000 0.000000 0.000000 0.000000 0.000000 0.000000 0.000000 0.000000 0.000000 0.000000 0.000000 0.000000 0.000000 0.000000 0.000000 0.000000 0.000000 0.000000 0.000000 0.000000 0.000000 0.000000 0.000000 0.000000 0.000000 0.000000 0.000000 0.000000 0.000000 0.000000 0.000000 0.000000 0.000000 0.000000 0.000000 0.000000 0.000000 0.000000 0.000000 3.061273 3.762240 3.592944 27.128931 -49.075128 20.270682 26.336553 -7.001912 24.339893 0.623639 -10.758366 9.736443 0.000000 0.000000 0.000000 0.000000 0.000000 0.000000 0.000000 0.000000 0.000000 0.000000 0.000000 0.000000 0.000000 0.000000 0.000000 0.000000 0.000000 0.000000 0.000000 0.000000 0.000000 0.000000 0.000000 0.000000 0.000000 0.000000 0.000000 0.000000 0.000000 0.000000 0.000000 0.000000 0.000000 0.000000 0.000000 0.000000 0.000000 0.000000 0.000000 0.000000 0.000000 0.000000
-0.471140 -0.154056 1.391478 -88.688257 80.857586 -1.007280 5.737965 -4.626549 1.466603 -5.895179 -0.564681 -6.264286 31.365928 16.114621 1.963950 1.981291 1.186319 -0.469451 5.081530 1.728464 -4.925208 2.263451 2.951289 3.621619 32.157007 -16.686739 -2.534099 0.355982 5.901626 -2.523019 13.199240 -0.740231 -2.442910 -17.743160 4.559298 -0.800734 15.377921 -5.639122 -2.766352 -2.131873 1.021649 -7.978214 2.224863 -7.470549 1.562626 4.581097 -0.339800 1.540992 26.329333 55.326078 -17.327982 31.870346 1.395238 -38.318303 -1.267731 12.425599 -13.523528 0.000000 0.000000 0.000000 0.000000 0.000000 0.000000 0.000000 0.000000 0.000000 0.000000 0.000000 0.000000 0.000000 0.000000 0.000000 0.000000 0.000000 0.000000 0.000000 0.000000 0.000000 0.000000 0.000000 0.000000 0.000000 0.000000 0.000000 0.000000 0.000000 0.000000 0.000000 0.000000 0.000000 0.000000 0.000000 0.000000 0.000000 0.000000 0.000000 0.000000 0.000000 0.000000 3.066822 3.741072 3.595646 27.108843 -49.025153 20.226745 26.342331 -7.052449 24.318587 0.587525 -10.788524 9.762180 0.000000 0.000000 0.000000 0.000000 0.000000 0.000000 0.000000 0.000000 0.000000 0.000000 0.000000 0.000000 0.000000 0.000000 0.000000 0.000000 0.000000 0.000000 0.000000 0.000000 0.000000 0.000000 0.000000 0.000000 0.000000 0.000000 0.000000 0.000000 0.000000 0.000000 0.000000 0.000000 0.000000 0.000000 0.000000 0.000000 0.000000 0.000000 0.000000 0.000000 0.000000 0.000000
-0.471124 -0.154185 1.391308 -88.541888 80.845866 -1.139180 5.731674 -4.609959 1.451813 -5.926828 -0.575210 -6.280668 31.405369 16.132400 1.976550 1.965982 1.173058 -0.470250 5.063523 1.730925 -4.915834 2.270021 2.954496 3.643888 32.153359 -16.682652 -2.558568 0.331377 5.953915 -2.522677 13.155418 -0.743162 -2.445505 -17.731074 4.535739 -0.803485 15.352174 -5.625369 -2.757417 -2.147522 1.042003 -7.966950 2.190682 -7.472275 1.539100 4.568694 -0.332434 1.513318 26.374992 55.278222 -17.335347 31.899427 1.418119 -38.364685 -1.277158 12.463430 -13.547527 0.000000 0.000000 0.000000 0.000000 0.000000 0.000000 0.000000 0.000000 0.000000 0.000000 0.000000 0.000000 0.000000 0.000000 0.000000 0.000000 0.000000 0.000000 0.000000 0.000000 0.000000 0.000000 0.000000 0.000000 0.000000 0.000000 0.000000 0.000000 0.000000 0.000000 0.000000 0.000000 0.000000 0.000000 0.000000 0.000000 0.000000 0.000000 0.000000 0.000000 0.000000 0.000000 3.074313 3.715059 3.599285 27.071163 -48.986631 20.148910 26.327524 -7.107896 24.352446 0.537698 -10.801454 9.800803 0.000000 0.000000 0.000000 0.000000 0.000000 0.000000 0.000000 0.000000 0.000000 0.000000 0.000000 0.000000 0.000000 0.000000 0.000000 0.000000 0.000000 0.000000 0.000000 0.000000 0.000000 0.000000 0.000000 0.000000 0.000000 0.000000 0.000000 0.000000 0.000000 0.000000 0.000000 0.000000 0.000000 0.000000 0.000000 0.000000 0.000000 0.000000 0.000000 0.000000 0.000000 0.000000
-0.471046 -0.154448 1.391075 -88.336450 80.823766 -1.339894 5.712105 -4.605600 1.433634 -5.944457 -0.553711 -6.277166 31.434882 16.139145 1.976361 1.941713 1.160662 -0.464751 5.040596 1.746057 -4.892606 2.273036 2.947532 3.679166 32.121998 -16.646559 -2.575860 0.307553 5.970911 -2.556981 13.143961 -0.742380 -2.440250 -17.738042 4.509012 -0.806323 15.324339 -5.608569 -2.750360 -2.171316 1.071155 -7.949912 2.173869 -7.463268 1.514248 4.552495 -0.316239 1.506039 26.415152 55.245738 -17.340262 31.903572 1.405491 -38.353808 -1.299811 12.532488 -13.601536 0.000000 0.000000 0.000000 0.000000 0.000000 0.000000 0.000000 0.000000 0.000000 0.000000 0.000000 0.000000 0.000000 0.000000 0.000000 0.000000 0.000000 0.000000 0.000000 0.000000 0.000000 0.000000 0.000000 0.000000 0.000000 0.000000 0.000000 0.000000 0.000000 0.000000 0.000000 0.000000 0.000000 0.000000 0.000000 0.000000 0.000000 0.000000 0.000000 0.000000 0.000000 0.000000 3.068924 3.676807 3.601081 27.072269 -48.950210 20.100233 26.329819 -7.133256 24.364021 0.489530 -10.827926 9.874978 0.000000 0.000000 0.000000 0.000000 0.000000 0.000000 0.000000 0.000000 0.000000 0.000000 0.000000 0.000000 0.000000 0.000000 0.000000 0.000000 0.000000 0.000000 0.000000 0.000000 0.000000 0.000000 0.000000 0.000000 0.000000 0.000000 0.000000 0.000000 0.000000 0.000000 0.000000 0.000000 0.000000 0.000000 0.000000 0.000000 0.000000 0.000000 0.000000 0.000000 0.000000 0.000000
-0.470978 -0.154932 1.390913 -88.200852 80.793916 -1.481147 5.698348 -4.590017 1.414743 -5.953745 -0.554874 -6.280009 31.492507 16.153230 1.967884 1.937470 1.150036 -0.471577 5.028133 1.751695 -4.891596 2.262667 2.955471 3.677940 32.120743 -16.644208 -2.600099 0.281241 6.042690 -2.550553 13.101111 -0.738696 -2.439756 -17.720810 4.492846 -0.810562 15.310930 -5.596732 -2.743960 -2.185807 1.079678 -7.944953 2.145687 -7.464223 1.488402 4.544786 -0.316564 1.485877 26.447445 55.196777 -17.351927 31.906906 1.446858 -38.332783 -1.319894 12.566078 -13.608978 0.000000 0.000000 0.000000 0.000000 0.000000 0.000000 0.000000 0.000000 0.000000 0.000000 0.000000 0.000000 0.000000 0.000000 0.000000 0.000000 0.000000 0.000000 0.000000 0.000000 0.000000 0.000000 0.000000 0.000000 0.000000 0.000000 0.000000 0.000000 0.000000 0.000000 0.000000 0.000000 0.000000 0.000000 0.000000 0.000000 0.000000 0.000000 0.000000 0.000000 0.000000 0.000000 3.076698 3.656912 3.597437 27.052706 -48.919396 20.067897 26.310085 -7.191487 24.414366 0.454362 -10.840116 9.907512 0.000000 0.000000 0.000000 0.000000 0.000000 0.000000 0.000000 0.000000 0.000000 0.000000 0.000000 0.000000 0.000000 0.000000 0.000000 0.000000 0.000000 0.000000 0.000000 0.000000 0.000000 0.000000 0.000000 0.000000 0.000000 0.000000 0.000000 0.000000 0.000000 0.000000 0.000000 0.000000 0.000000 0.000000 0.000000 0.000000 0.000000 0.000000 0.000000 0.000000 0.000000 0.000000
-0.471030 -0.154799 1.390904 -88.208796 80.799756 -1.458604 5.698214 -4.578561 1.402991 -5.946527 -0.571170 -6.298730 31.513068 16.160723 1.988169 1.949741 1.137307 -0.468397 5.018780 1.747801 -4.876954 2.299893 2.958399 3.690954 32.141514 -16.647604 -2.602403 0.253249 6.110415 -2.572295 13.084540 -0.738205 -2.441867 -17.727310 4.484541 -0.808865 15.308610 -5.600049 -2.740943 -2.184021 1.085764 -7.946399 2.150455 -7.472932 1.490893 4.540797 -0.323819 1.476263 26.498441 55.185951 -17.389925 31.913104 1.455594 -38.385776 -1.359630 12.591234 -13.634082 0.000000 0.000000 0.000000 0.000000 0.000000 0.000000 0.000000 0.000000 0.000000 0.000000 0.000000 0.000000 0.000000 0.000000 0.000000 0.000000 0.000000 0.000000 0.000000 0.000000 0.000000 0.000000 0.000000 0.000000 0.000000 0.000000 0.000000 0.000000 0.000000 0.000000 0.000000 0.000000 0.000000 0.000000 0.000000 0.000000 0.000000 0.000000 0.000000 0.000000 0.000000 0.000000 3.083332 3.663735 3.593394 27.046172 -48.900161 20.056047 26.312177 -7.227115 24.415071 0.415915 -10.828708 9.948149 0.000000 0.000000 0.000000 0.000000 0.000000 0.000000 0.000000 0.000000 0.000000 0.000000 0.000000 0.000000 0.000000 0.000000 0.000000 0.000000 0.000000 0.000000 0.000000 0.000000 0.000000 0.000000 0.000000 0.000000 0.000000 0.000000 0.000000 0.000000 0.000000 0.000000 0.000000 0.000000 0.000000 0.000000 0.000000 0.000000 0.000000 0.000000 0.000000 0.000000 0.000000 0.000000
-0.470894 -0.155540 1.390761 -88.094375 80.753423 -1.572269 5.683264 -4.554008 1.386812 -5.945998 -0.573324 -6.320572 31.543691 16.178162 1.985215 1.956980 1.136367 -0.463436 5.003062 1.759550 -4.875455 2.307142 2.966994 3.700932 32.113102 -16.618781 -2.635547 0.242013 6.119912 -2.582237 13.079043 -0.748425 -2.445626 -17.747444 4.487181 -0.808131 15.307525 -5.596961 -2.739218 -2.220753 1.087364 -7.926978 2.129976 -7.481740 1.461718 4.527014 -0.337170 1.462195 26.513118 55.159175 -17.393981 31.939444 1.472749 -38.284514 -1.371838 12.618155 -13.696316 0.000000 0.000000 0.000000 0.000000 0.000000 0.000000 0.000000 0.000000 0.000000 0.000000 0.000000 0.000000 0.000000 0.000000 0.000000 0.000000 0.000000 0.000000 0.000000 0.000000 0.000000 0.000000 0.000000 0.000000 0.000000 0.000000 0.000000 0.000000 0.000000 0.000000 0.000000 0.000000 0.000000 0.000000 0.000000 0.000000 0.000000 0.000000 0.000000 0.000000 0.000000 0.000000 3.085289 3.668126 3.603238 27.046182 -48.911587 20.041583 26.300552 -7.275603 24.450789 0.354954 -10.830363 10.014042 0.000000 0.000000 0.000000 0.000000 0.000000 0.000000 0.000000 0.000000 0.000000 0.000000 0.000000 0.000000 0.000000 0.000000 0.000000 0.000000 0.000000 0.000000 0.000000 0.000000 0.000000 0.000000 0.000000 0.000000 0.000000 0.000000 0.000000 0.000000 0.000000 0.000000 0.000000 0.000000 0.000000 0.000000 0.000000 0.000000 0.000000 0.000000 0.000000 0.000000 0.000000 0.000000
-0.470864 -0.155570 1.390748 -88.095756 80.748509 -1.551029 5.689327 -4.539802 1.379427 -5.947635 -0.584580 -6.320157 31.536468 16.187205 2.005545 1.986582 1.134268 -0.457449 5.009078 1.751678 -4.857580 2.324000 2.979950 3.691282 32.089216 -16.627147 -2.650655 0.246990 6.156057 -2.609896 13.087170 -0.743966 -2.441788 -17.748646 4.482144 -0.806377 15.304727 -5.607858 -2.737189 -2.228249 1.085828 -7.916300 2.119301 -7.476564 1.446568 4.523606 -0.343344 1.463646 26.539351 55.137710 -17.420750 31.941556 1.479833 -38.333675 -1.375933 12.659233 -13.728211 0.000000 0.000000 0.000000 0.000000 0.000000 0.000000 0.000000 0.000000 0.000000 0.000000 0.000000 0.000000 0.000000 0.000000 0.000000 0.000000 0.000000 0.000000 0.000000 0.000000 0.000000 0.000000 0.000000 0.000000 0.000000 0.000000 0.000000 0.000000 0.000000 0.000000 0.000000 0.000000 0.000000 0.000000 0.000000 0.000000 0.000000 0.000000 0.000000 0.000000 0.000000 0.000000 3.101987 3.673516 3.596125 27.057673 -48.891065 20.060258 26.324557 -7.301396 24.444726 0.330904 -10.845187 10.064836 0.000000 0.000000 0.000000 0.000000 0.000000 0.000000 0.000000 0.000000 0.000000 0.000000 0.000000 0.000000 0.000000 0.000000 0.000000 0.000000 0.000000 0.000000 0.000000 0.000000 0.000000 0.000000 0.000000 0.000000 0.000000 0.000000 0.000000 0.000000 0.000000 0.000000 0.000000 0.000000 0.000000 0.000000 0.000000 0.000000 0.000000 0.000000 0.000000 0.000000 0.000000 0.000000
-0.470845 -0.155761 1.390738 -88.099856 80.738098 -1.529241 5.691825 -4.529807 1.364965 -5.943548 -0.591907 -6.328130 31.551505 16.192439 2.016376 2.000453 1.130455 -0.457154 5.010020 1.749184 -4.842888 2.346729 2.980659 3.694516 32.084613 -16.617599 -2.666162 0.237925 6.181212 -2.623216 13.104156 -0.741507 -2.446818 -17.749631 4.482286 -0.807984 15.306638 -5.616035 -2.736238 -2.200316 1.092766 -7.896857 2.125205 -7.486173 1.460081 4.527344 -0.361960 1.445230 26.572928 55.126156 -17.443306 31.944658 1.473327 -38.354898 -1.433472 12.647843 -13.765435 0.000000 0.000000 0.000000 0.000000 0.000000 0.000000 0.000000 0.000000 0.000000 0.000000 0.000000 0.000000 0.000000 0.000000 0.000000 0.000000 0.000000 0.000000 0.000000 0.000000 0.000000 0.000000 0.000000 0.000000 0.000000 0.000000 0.000000 0.000000 0.000000 0.000000 0.000000 0.000000 0.000000 0.000000 0.000000 0.000000 0.000000 0.000000 0.000000 0.000000 0.000000 0.000000 3.118596 3.692800 3.605484 27.100599 -48.905489 20.108096 26.343973 -7.287778 24.445816 0.320204 -10.810952 10.113660 0.000000 0.000000 0.000000 0.000000 0.000000 0.000000 0.000000 0.000000 0.000000 0.000000 0.000000 0.000000 0.000000 0.000000 0.000000 0.000000 0.000000 0.000000 0.000000 0.000000 0.000000 0.000000 0.000000 0.000000 0.000000 0.000000 0.000000 0.000000 0.000000 0.000000 0.000000 0.000000 0.000000 0.000000 0.000000 0.000000 0.000000 0.000000 0.000000 0.000000 0.000000 0.000000
-0.470697 -0.156782 1.390681 -88.066052 80.679977 -1.544099 5.675355 -4.512686 1.343066 -5.920222 -0.585466 -6.327755 31.598151 16.215047 1.983370 1.982896 1.131559 -0.466827 4.999748 1.751841 -4.841645 2.378640 2.999464 3.671937 32.027752 -16.593455 -2.713823 0.251655 6.187801 -2.623352 13.117527 -0.738076 -2.448772 -17.725157 4.476667 -0.807982 15.287030 -5.618013 -2.742233 -2.166875 1.095674 -7.886642 2.136368 -7.491113 1.476382 4.531459 -0.367537 1.436979 26.564300 55.095217 -17.439591 31.907764 1.449448 -38.243641 -1.462428 12.645511 -13.787816 0.000000 0.000000 0.000000 0.000000 0.000000 0.000000 0.000000 0.000000 0.000000 0.000000 0.000000 0.000000 0.000000 0.000000 0.000000 0.000000 0.000000 0.000000 0.000000 0.000000 0.000000 0.000000 0.000000 0.000000 0.000000 0.000000 0.000000 0.000000 0.000000 0.000000 0.000000 0.000000 0.000000 0.000000 0.000000 0.000000 0.000000 0.000000 0.000000 0.000000 0.000000 0.000000 3.151539 3.691337 3.606868 27.132678 -48.929460 20.154550 26.349198 -7.293402 24.467573 0.299507 -10.794284 10.167256 0.000000 0.000000 0.000000 0.000000 0.000000 0.000000 0.000000 0.000000 0.000000 0.000000 0.000000 0.000000 0.000000 0.000000 0.000000 0.000000 0.000000 0.000000 0.000000 0.000000 0.000000 0.000000 0.000000 0.000000 0.000000 0.000000 0.000000 0.000000 0.000000 0.000000 0.000000 0.000000 0.000000 0.000000 0.000000 0.000000 0.000000 0.000000 0.000000 0.000000 0.000000 0.000000
-0.470481 -0.158205 1.390655 -88.063511 80.599668 -1.540894 5.635598 -4.499602 1.315450 -5.839167 -0.560742 -6.345640 31.634632 16.245895 1.940622 1.976252 1.135220 -0.465483 4.958803 1.769803 -4.829740 2.479552 3.008439 3.642746 31.917522 -16.551940 -2.782578 0.271135 6.167481 -2.617204 13.164610 -0.745493 -2.449919 -17.717532 4.489237 -0.806577 15.286983 -5.620390 -2.745478 -2.157968 1.100656 -7.869036 2.156586 -7.500373 1.477715 4.524339 -0.373518 1.412394 26.521311 55.053144 -17.393279 31.906841 1.411106 -38.073166 -1.457927 12.639901 -13.820382 0.000000 0.000000 0.000000 0.000000 0.000000 0.000000 0.000000 0.000000 0.000000 0.000000 0.000000 0.000000 0.000000 0.000000 0.000000 0.000000 0.000000 0.000000 0.000000 0.000000 0.000000 0.000000 0.000000 0.000000 0.000000 0.000000 0.000000 0.000000 0.000000 0.000000 0.000000 0.000000 0.000000 0.000000 0.000000 0.000000 0.000000 0.000000 0.000000 0.000000 0.000000 0.000000 3.167030 3.695559 3.623847 27.176763 -48.981090 20.201968 26.368229 -7.286217 24.520566 0.290003 -10.762064 10.208798 0.000000 0.000000 0.000000 0.000000 0.000000 0.000000 0.000000 0.000000 0.000000 0.000000 0.000000 0.000000 0.000000 0.000000 0.000000 0.000000 0.000000 0.000000 0.000000 0.000000 0.000000 0.000000 0.000000 0.000000 0.000000 0.000000 0.000000 0.000000 0.000000 0.000000 0.000000 0.000000 0.000000 0.000000 0.000000 0.000000 0.000000 0.000000 0.000000 0.000000 0.000000 0.000000
-0.470433 -0.158746 1.390793 -88.196887 80.573428 -1.421568 5.602687 -4.501948 1.287335 -5.717465 -0.542894 -6.392297 31.633380 16.252218 1.955238 1.963515 1.128812 -0.463325 4.896278 1.784213 -4.805654 2.658777 2.998044 3.640824 31.854429 -16.511270 -2.798797 0.257745 6.160846 -2.613803 13.226634 -0.755073 -2.450545 -17.702946 4.504692 -0.795268 15.302552 -5.630084 -2.738841 -2.102158 1.096829 -7.883481 2.231075 -7.513971 1.502183 4.527291 -0.379653 1.394410 26.499300 55.046846 -17.358514 31.870404 1.355834 -38.046995 -1.466038 12.568693 -13.809681 0.000000 0.000000 0.000000 0.000000 0.000000 0.000000 0.000000 0.000000 0.000000 0.000000 0.000000 0.000000 0.000000 0.000000 0.000000 0.000000 0.000000 0.000000 0.000000 0.000000 0.000000 0.000000 0.000000 0.000000 0.000000 0.000000 0.000000 0.000000 0.000000 0.000000 0.000000 0.000000 0.000000 0.000000 0.000000 0.000000 0.000000 0.000000 0.000000 0.000000 0.000000 0.000000 3.172868 3.724687 3.655694 27.227420 -49.042139 20.254606 26.381137 -7.224947 24.543491 0.321534 -10.668332 10.224332 0.000000 0.000000 0.000000 0.000000 0.000000 0.000000 0.000000 0.000000 0.000000 0.000000 0.000000 0.000000 0.000000 0.000000 0.000000 0.000000 0.000000 0.000000 0.000000 0.000000 0.000000 0.000000 0.000000 0.000000 0.000000 0.000000 0.000000 0.000000 0.000000 0.000000 0.000000 0.000000 0.000000 0.000000 0.000000 0.000000 0.000000 0.000000 0.000000 0.000000 0.000000 0.000000
-0.470327 -0.158506 1.390610 -88.016614 80.589050 -1.566486 5.488921 -4.537578 1.280432 -5.559550 -0.507626 -6.639910 31.532282 16.235342 1.995333 1.906117 1.099366 -0.375678 4.663408 1.842977 -4.731511 3.098389 2.907770 3.684418 31.721806 -16.320981 -2.657131 0.147843 5.753193 -2.611744 13.438286 -0.831831 -2.415317 -17.602056 4.526602 -0.780863 15.308634 -5.636222 -2.709330 -1.868562 1.068091 -7.772923 2.405236 -7.453854 1.691709 4.494266 -0.375866 1.359960 26.288277 55.131113 -17.178762 31.769051 1.249164 -38.087005 -1.714297 12.307540 -13.655559 0.000000 0.000000 0.000000 0.000000 0.000000 0.000000 0.000000 0.000000 0.000000 0.000000 0.000000 0.000000 0.000000 0.000000 0.000000 0.000000 0.000000 0.000000 0.000000 0.000000 0.000000 0.000000 0.000000 0.000000 0.000000 0.000000 0.000000 0.000000 0.000000 0.000000 0.000000 0.000000 0.000000 0.000000 0.000000 0.000000 0.000000 0.000000 0.000000 0.000000 0.000000 0.000000 3.152066 3.832557 3.706699 27.307104 -49.133481 20.312960 26.307783 -7.209579 24.574308 0.053839 -10.284711 10.061546 0.000000 0.000000 0.000000 0.000000 0.000000 0.000000 0.000000 0.000000 0.000000 0.000000 0.000000 0.000000 0.000000 0.000000 0.000000 0.000000 0.000000 0.000000 0.000000 0.000000 0.000000 0.000000 0.000000 0.000000 0.000000 0.000000 0.000000 0.000000 0.000000 0.000000 0.000000 0.000000 0.000000 0.000000 0.000000 0.000000 0.000000 0.000000 0.000000 0.000000 0.000000 0.000000
