HIERARCHY
ROOT Hips
{
	OFFSET 0.000000 0.000000 0.000000
	CHANNELS 6 Xposition Yposition Zposition Xrotation Yrotation Zrotation
	JOINT Thigh.L
	{
		OFFSET 0.053859 0.031029 -0.091234
		CHANNELS 3 Xrotation Yrotation Zrotation
		JOINT Shin.L
		{
			OFFSET 0.052845 0.017146 -0.410960
			CHANNELS 3 Xrotation Yrotation Zrotation
			JOINT Foot.L
			{
				OFFSET -0.041250 0.033001 -0.430491
				CHANNELS 3 Xrotation Yrotation Zrotation
				JOINT Toe.L
				{
					OFFSET 0.044424 -0.118453 -0.063683
					CHANNELS 3 Xrotation Yrotation Zrotation
					End Site
					{
						OFFSET 0.000000 0.050000 0.000000
					}
				}
			}
		}
	}
	JOINT Thigh.R
	{
		OFFSET -0.059151 0.028620 -0.101341
		CHANNELS 3 Xrotation Yrotation Zrotation
		JOINT Shin.R
		{
			OFFSET -0.042296 0.022288 -0.394942
			CHANNELS 3 Xrotation Yrotation Zrotation
			JOINT Foot.R
			{
				OFFSET 0.015636 0.021587 -0.439394
				CHANNELS 3 Xrotation Yrotation Zrotation
				JOINT Toe.R
				{
					OFFSET -0.036862 -0.119194 -0.063684
					CHANNELS 3 Xrotation Yrotation Zrotation
					End Site
					{
						OFFSET 0.000000 0.050000 0.000000
					}
				}
			}
		}
	}
	JOINT Spine
	{
		OFFSET -0.001915 0.018487 0.107899
		CHANNELS 3 Xrotation Yrotation Zrotation
		JOINT Spine.2
		{
			OFFSET 0.006330 0.002180 0.132010
			CHANNELS 3 Xrotation Yrotation Zrotation
			JOINT Chest
			{
				OFFSET -0.010241 -0.022996 0.048569
				CHANNELS 3 Xrotation Yrotation Zrotation
				JOINT Neck
				{
					OFFSET -0.009109 0.029092 0.164046
					CHANNELS 3 Xrotation Yrotation Zrotation
					JOINT Head
					{
						OFFSET 0.021845 -0.023723 0.170664
						CHANNELS 3 Xrotation Yrotation Zrotation
						End Site
						{
							OFFSET 0.000000 0.050000 0.000000
						}
					}
				}
				JOINT Clavicle.L
				{
					OFFSET 0.042905 0.008603 0.083646
					CHANNELS 3 Xrotation Yrotation Zrotation
					JOINT UpperArm.L
					{
						OFFSET 0.104518 0.014524 0.061022
						CHANNELS 3 Xrotation Yrotation Zrotation
						JOINT ForeArm.L
						{
							OFFSET 0.263247 0.034606 -0.075605
							CHANNELS 3 Xrotation Yrotation Zrotation
							JOINT Hand.L
							{
								OFFSET 0.261289 0.006811 0.020841
								CHANNELS 3 Xrotation Yrotation Zrotation
								JOINT Thumb1.L
								{
									OFFSET 0.154580 0.003117 0.009538
									CHANNELS 3 Xrotation Yrotation Zrotation
									JOINT Thumb2.L
									{
										OFFSET 0.029895 0.000779 0.002385
										CHANNELS 3 Xrotation Yrotation Zrotation
										End Site
										{
											OFFSET 0.024912 0.000649 0.001987
										}
									}
								}
								JOINT Index1.L
								{
									OFFSET 0.137580 0.003117 0.009538
									CHANNELS 3 Xrotation Yrotation Zrotation
									JOINT Index2.L
									{
										OFFSET 0.029895 0.000779 0.002385
										CHANNELS 3 Xrotation Yrotation Zrotation
										JOINT Index3.L
										{
											OFFSET 0.021923 0.000571 0.001749
											CHANNELS 3 Xrotation Yrotation Zrotation
											End Site
											{
												OFFSET 0.017937 0.000468 0.001431
											}
										}
									}
								}
								JOINT Middle1.L
								{
									OFFSET 0.119580 0.003117 0.009538
									CHANNELS 3 Xrotation Yrotation Zrotation
									JOINT Middle2.L
									{
										OFFSET 0.030891 0.000805 0.002464
										CHANNELS 3 Xrotation Yrotation Zrotation
										JOINT Middle3.L
										{
											OFFSET 0.021923 0.000571 0.001749
											CHANNELS 3 Xrotation Yrotation Zrotation
											End Site
											{
												OFFSET 0.017937 0.000468 0.001431
											}
										}
									}
								}
								JOINT Ring1.L
								{
									OFFSET 0.101580 0.003117 0.009538
									CHANNELS 3 Xrotation Yrotation Zrotation
									JOINT Ring2.L
									{
										OFFSET 0.028898 0.000753 0.002305
										CHANNELS 3 Xrotation Yrotation Zrotation
										JOINT Ring3.L
										{
											OFFSET 0.019930 0.000520 0.001590
											CHANNELS 3 Xrotation Yrotation Zrotation
											End Site
											{
												OFFSET 0.016940 0.000442 0.001351
											}
										}
									}
								}
								JOINT Pinky1.L
								{
									OFFSET 0.085580 0.003117 0.009538
									CHANNELS 3 Xrotation Yrotation Zrotation
									JOINT Pinky2.L
									{
										OFFSET 0.023916 0.000623 0.001908
										CHANNELS 3 Xrotation Yrotation Zrotation
										JOINT Pinky3.L
										{
											OFFSET 0.016940 0.000442 0.001351
											CHANNELS 3 Xrotation Yrotation Zrotation
											End Site
											{
												OFFSET 0.013951 0.000364 0.001113
											}
										}
									}
								}
							}
						}
					}
				}
				JOINT Clavicle.R
				{
					OFFSET -0.040680 0.014714 0.083063
					CHANNELS 3 Xrotation Yrotation Zrotation
					JOINT UpperArm.R
					{
						OFFSET -0.090243 0.009338 0.056854
						CHANNELS 3 Xrotation Yrotation Zrotation
						JOINT ForeArm.R
						{
							OFFSET -0.278967 0.022272 -0.043380
							CHANNELS 3 Xrotation Yrotation Zrotation
							JOINT Hand.R
							{
								OFFSET -0.258090 0.019232 -0.003477
								CHANNELS 3 Xrotation Yrotation Zrotation
								JOINT Thumb1.R
								{
									OFFSET -0.154657 0.008916 -0.001612
									CHANNELS 3 Xrotation Yrotation Zrotation
									JOINT Thumb2.R
									{
										OFFSET -0.029914 0.002229 -0.000403
										CHANNELS 3 Xrotation Yrotation Zrotation
										End Site
										{
											OFFSET -0.024929 0.001858 -0.000336
										}
									}
								}
								JOINT Index1.R
								{
									OFFSET -0.137657 0.008916 -0.001612
									CHANNELS 3 Xrotation Yrotation Zrotation
									JOINT Index2.R
									{
										OFFSET -0.029914 0.002229 -0.000403
										CHANNELS 3 Xrotation Yrotation Zrotation
										JOINT Index3.R
										{
											OFFSET -0.021937 0.001635 -0.000296
											CHANNELS 3 Xrotation Yrotation Zrotation
											End Site
											{
												OFFSET -0.017949 0.001337 -0.000242
											}
										}
									}
								}
								JOINT Middle1.R
								{
									OFFSET -0.119657 0.008916 -0.001612
									CHANNELS 3 Xrotation Yrotation Zrotation
									JOINT Middle2.R
									{
										OFFSET -0.030912 0.002303 -0.000416
										CHANNELS 3 Xrotation Yrotation Zrotation
										JOINT Middle3.R
										{
											OFFSET -0.021937 0.001635 -0.000296
											CHANNELS 3 Xrotation Yrotation Zrotation
											End Site
											{
												OFFSET -0.017949 0.001337 -0.000242
											}
										}
									}
								}
								JOINT Ring1.R
								{
									OFFSET -0.101657 0.008916 -0.001612
									CHANNELS 3 Xrotation Yrotation Zrotation
									JOINT Ring2.R
									{
										OFFSET -0.028917 0.002155 -0.000390
										CHANNELS 3 Xrotation Yrotation Zrotation
										JOINT Ring3.R
										{
											OFFSET -0.019943 0.001486 -0.000269
											CHANNELS 3 Xrotation Yrotation Zrotation
											End Site
											{
												OFFSET -0.016951 0.001263 -0.000228
											}
										}
									}
								}
								JOINT Pinky1.R
								{
									OFFSET -0.085657 0.008916 -0.001612
									CHANNELS 3 Xrotation Yrotation Zrotation
									JOINT Pinky2.R
									{
										OFFSET -0.023931 0.001783 -0.000322
										CHANNELS 3 Xrotation Yrotation Zrotation
										JOINT Pinky3.R
										{
											OFFSET -0.016951 0.001263 -0.000228
											CHANNELS 3 Xrotation Yrotation Zrotation
											End Site
											{
												OFFSET -0.013960 0.001040 -0.000188
											}
										}
									}
								}
							}
						}
					}
				}
			}
		}
	}
}
MOTION
Frames: 240
Frame Time: 0.03333333
-0.002833 -0.035127 1.321577 -5.111536 0.934242 1.052597 -0.837434 1.662825 -0.527066 9.602859 0.555141 -4.119707 -3.340212 2.927394 9.115542 1.574913 -3.970648 0.124360 -3.622270 -0.967218 0.747567 13.219273 0.970253 -1.145361 -0.222606 -3.929946 -6.303909 1.061687 -0.826432 -0.774532 3.797103 1.253457 2.446175 7.386516 -4.908834 -3.228528 -10.617843 2.598580 1.466856 13.232544 3.154801 0.882339 8.195136 -2.299507 5.431140 7.840504 17.581550 1.457764 22.984930 49.453200 -27.844263 17.417389 -2.653286 -24.947834 4.228472 4.020200 -10.188843 0.000000 0.000000 0.000000 0.000000 0.000000 0.000000 0.000000 0.000000 0.000000 0.000000 0.000000 0.000000 0.000000 0.000000 0.000000 0.000000 0.000000 0.000000 0.000000 0.000000 0.000000 0.000000 0.000000 0.000000 0.000000 0.000000 0.000000 0.000000 0.000000 0.000000 0.000000 0.000000 0.000000 0.000000 0.000000 0.000000 0.000000 0.000000 0.000000 0.000000 0.000000 0.000000 5.029696 -9.336721 1.238371 34.340932 -55.236757 33.107882 13.883994 2.866277 26.100507 -2.809634 -5.688655 3.963450 0.000000 0.000000 0.000000 0.000000 0.000000 0.000000 0.000000 0.000000 0.000000 0.000000 0.000000 0.000000 0.000000 0.000000 0.000000 0.000000 0.000000 0.000000 0.000000 0.000000 0.000000 0.000000 0.000000 0.000000 0.000000 0.000000 0.000000 0.000000 0.000000 0.000000 0.000000 0.000000 0.000000 0.000000 0.000000 0.000000 0.000000 0.000000 0.000000 0.000000 0.000000 0.000000
-0.002298 -0.034606 1.321576 -5.064489 0.950931 1.100431 -0.746545 1.697572 -0.542438 9.349992 0.462480 -4.064906 -3.311826 2.897410 9.145585 1.594454 -3.948184 0.154823 -3.584368 -1.029995 0.816317 13.068733 0.995122 -1.134053 -0.165396 -3.941030 -6.357550 1.068498 -0.775735 -0.753848 3.802998 1.278452 2.436252 7.399197 -4.950910 -3.215189 -10.647776 2.607874 1.464858 13.154902 3.133305 0.881531 8.186975 -2.278349 5.482516 7.771303 17.638938 1.591298 22.980502 49.480684 -27.802561 17.411199 -2.741586 -24.869407 4.277722 4.283515 -10.119362 0.000000 0.000000 0.000000 0.000000 0.000000 0.000000 0.000000 0.000000 0.000000 0.000000 0.000000 0.000000 0.000000 0.000000 0.000000 0.000000 0.000000 0.000000 0.000000 0.000000 0.000000 0.000000 0.000000 0.000000 0.000000 0.000000 0.000000 0.000000 0.000000 0.000000 0.000000 0.000000 0.000000 0.000000 0.000000 0.000000 0.000000 0.000000 0.000000 0.000000 0.000000 0.000000 5.014058 -9.436520 1.157977 34.437817 -55.188063 33.156787 13.911125 2.927760 26.135979 -2.669205 -5.854097 3.924322 0.000000 0.000000 0.000000 0.000000 0.000000 0.000000 0.000000 0.000000 0.000000 0.000000 0.000000 0.000000 0.000000 0.000000 0.000000 0.000000 0.000000 0.000000 0.000000 0.000000 0.000000 0.000000 0.000000 0.000000 0.000000 0.000000 0.000000 0.000000 0.000000 0.000000 0.000000 0.000000 0.000000 0.000000 0.000000 0.000000 0.000000 0.000000 0.000000 0.000000 0.000000 0.000000
-0.001671 -0.034737 1.321474 -5.034766 0.944316 1.092817 -0.735743 1.702212 -0.530258 9.229268 0.450470 -4.055908 -3.246492 2.889397 9.124585 1.594305 -3.901160 0.166534 -3.634392 -1.053701 0.879653 13.086216 0.990853 -1.112668 -0.171834 -3.909260 -6.373348 1.054348 -0.691662 -0.728894 3.790204 1.308983 2.427366 7.521138 -5.021956 -3.187739 -10.806433 2.621355 1.480876 13.241688 3.140850 0.891857 8.185110 -2.268168 5.518681 7.854523 17.726054 1.625619 22.942157 49.419725 -27.749815 17.445202 -2.796588 -24.908113 4.405529 4.421804 -10.064264 0.000000 0.000000 0.000000 0.000000 0.000000 0.000000 0.000000 0.000000 0.000000 0.000000 0.000000 0.000000 0.000000 0.000000 0.000000 0.000000 0.000000 0.000000 0.000000 0.000000 0.000000 0.000000 0.000000 0.000000 0.000000 0.000000 0.000000 0.000000 0.000000 0.000000 0.000000 0.000000 0.000000 0.000000 0.000000 0.000000 0.000000 0.000000 0.000000 0.000000 0.000000 0.000000 5.096096 -9.536444 1.147703 34.336581 -55.134268 33.105066 13.927718 2.966484 26.194575 -2.527598 -5.936422 3.882218 0.000000 0.000000 0.000000 0.000000 0.000000 0.000000 0.000000 0.000000 0.000000 0.000000 0.000000 0.000000 0.000000 0.000000 0.000000 0.000000 0.000000 0.000000 0.000000 0.000000 0.000000 0.000000 0.000000 0.000000 0.000000 0.000000 0.000000 0.000000 0.000000 0.000000 0.000000 0.000000 0.000000 0.000000 0.000000 0.000000 0.000000 0.000000 0.000000 0.000000 0.000000 0.000000
-0.001288 -0.034449 1.321251 -4.990118 0.921059 1.072798 -0.756531 1.722154 -0.542784 9.174041 0.474858 -4.017305 -3.197919 2.858849 9.107697 1.578656 -3.868420 0.178170 -3.704839 -1.052427 0.942884 13.147331 0.993450 -1.097398 -0.194392 -3.848930 -6.404500 1.035256 -0.642492 -0.697961 3.754257 1.339439 2.423401 7.609409 -5.061294 -3.168210 -10.873616 2.629864 1.487851 13.253301 3.132556 0.882121 8.178069 -2.275785 5.541615 7.890700 17.783023 1.659352 22.962846 49.389990 -27.732456 17.407200 -2.821485 -24.945048 4.440602 4.587596 -10.038420 0.000000 0.000000 0.000000 0.000000 0.000000 0.000000 0.000000 0.000000 0.000000 0.000000 0.000000 0.000000 0.000000 0.000000 0.000000 0.000000 0.000000 0.000000 0.000000 0.000000 0.000000 0.000000 0.000000 0.000000 0.000000 0.000000 0.000000 0.000000 0.000000 0.000000 0.000000 0.000000 0.000000 0.000000 0.000000 0.000000 0.000000 0.000000 0.000000 0.000000 0.000000 0.000000 5.144525 -9.622180 1.156560 34.273012 -55.060705 33.036173 13.904175 2.997602 26.284305 -2.437755 -6.012578 3.857839 0.000000 0.000000 0.000000 0.000000 0.000000 0.000000 0.000000 0.000000 0.000000 0.000000 0.000000 0.000000 0.000000 0.000000 0.000000 0.000000 0.000000 0.000000 0.000000 0.000000 0.000000 0.000000 0.000000 0.000000 0.000000 0.000000 0.000000 0.000000 0.000000 0.000000 0.000000 0.000000 0.000000 0.000000 0.000000 0.000000 0.000000 0.000000 0.000000 0.000000 0.000000 0.000000
-0.000611 -0.034514 1.320975 -4.994638 0.870141 1.064396 -0.720675 1.783309 -0.586690 9.083909 0.468715 -4.057406 -3.156969 2.826161 9.167356 1.572449 -3.858999 0.191914 -3.803504 -1.053605 1.035195 13.346795 1.009010 -1.037442 -0.262316 -3.744862 -6.461714 1.017885 -0.625817 -0.676153 3.755107 1.371783 2.418305 7.669157 -5.081448 -3.151009 -10.908139 2.657416 1.501482 13.210436 3.107323 0.916456 8.170468 -2.289585 5.571437 7.882695 17.850325 1.701069 22.980856 49.314679 -27.660120 17.369565 -2.889780 -25.073451 4.506557 4.664783 -10.019849 0.000000 0.000000 0.000000 0.000000 0.000000 0.000000 0.000000 0.000000 0.000000 0.000000 0.000000 0.000000 0.000000 0.000000 0.000000 0.000000 0.000000 0.000000 0.000000 0.000000 0.000000 0.000000 0.000000 0.000000 0.000000 0.000000 0.000000 0.000000 0.000000 0.000000 0.000000 0.000000 0.000000 0.000000 0.000000 0.000000 0.000000 0.000000 0.000000 0.000000 0.000000 0.000000 5.164362 -9.760753 1.161723 34.196155 -54.983789 32.920302 13.808606 3.014836 26.413521 -2.364577 -5.985902 3.890689 0.000000 0.000000 0.000000 0.000000 0.000000 0.000000 0.000000 0.000000 0.000000 0.000000 0.000000 0.000000 0.000000 0.000000 0.000000 0.000000 0.000000 0.000000 0.000000 0.000000 0.000000 0.000000 0.000000 0.000000 0.000000 0.000000 0.000000 0.000000 0.000000 0.000000 0.000000 0.000000 0.000000 0.000000 0.000000 0.000000 0.000000 0.000000 0.000000 0.000000 0.000000 0.000000
-0.000696 -0.034796 1.320644 -4.963492 0.901055 1.055011 -0.713343 1.755506 -0.555506 8.937483 0.494104 -4.009321 -3.125476 2.802596 9.154020 1.532035 -3.815148 0.179530 -3.919718 -1.067797 1.100478 13.466241 0.949137 -1.004565 -0.332527 -3.720492 -6.457709 1.002382 -0.546389 -0.642232 3.728516 1.398748 2.410457 7.809097 -5.172511 -3.140781 -11.084194 2.709498 1.528855 13.289620 3.098827 0.921581 8.141572 -2.278939 5.590505 7.957602 17.937467 1.703420 22.900649 49.197250 -27.585753 17.498157 -2.928360 -25.163207 4.677393 4.699540 -9.964058 0.000000 0.000000 0.000000 0.000000 0.000000 0.000000 0.000000 0.000000 0.000000 0.000000 0.000000 0.000000 0.000000 0.000000 0.000000 0.000000 0.000000 0.000000 0.000000 0.000000 0.000000 0.000000 0.000000 0.000000 0.000000 0.000000 0.000000 0.000000 0.000000 0.000000 0.000000 0.000000 0.000000 0.000000 0.000000 0.000000 0.000000 0.000000 0.000000 0.000000 0.000000 0.000000 5.297457 -9.912142 1.161685 33.998127 -54.836638 32.786052 13.796911 3.025191 26.543635 -2.297232 -6.010846 3.853539 0.000000 0.000000 0.000000 0.000000 0.000000 0.000000 0.000000 0.000000 0.000000 0.000000 0.000000 0.000000 0.000000 0.000000 0.000000 0.000000 0.000000 0.000000 0.000000 0.000000 0.000000 0.000000 0.000000 0.000000 0.000000 0.000000 0.000000 0.000000 0.000000 0.000000 0.000000 0.000000 0.000000 0.000000 0.000000 0.000000 0.000000 0.000000 0.000000 0.000000 0.000000 0.000000
-0.000395 -0.034857 1.320339 -4.952557 0.891515 1.020217 -0.737057 1.765597 -0.577950 8.958536 0.496855 -4.038970 -3.135674 2.778219 9.182000 1.512180 -3.860627 0.190594 -4.025593 -1.101301 1.174497 13.653683 0.970836 -0.917518 -0.447390 -3.618773 -6.483314 0.997265 -0.587380 -0.638450 3.770343 1.376904 2.385652 7.810843 -5.162793 -3.129221 -11.020372 2.729350 1.520368 13.173459 3.068730 1.059675 8.208825 -2.215087 5.607520 7.905516 17.967670 1.688178 22.879510 49.160079 -27.563814 17.617980 -2.986131 -25.115227 4.828967 4.762431 -9.938782 0.000000 0.000000 0.000000 0.000000 0.000000 0.000000 0.000000 0.000000 0.000000 0.000000 0.000000 0.000000 0.000000 0.000000 0.000000 0.000000 0.000000 0.000000 0.000000 0.000000 0.000000 0.000000 0.000000 0.000000 0.000000 0.000000 0.000000 0.000000 0.000000 0.000000 0.000000 0.000000 0.000000 0.000000 0.000000 0.000000 0.000000 0.000000 0.000000 0.000000 0.000000 0.000000 5.228667 -9.978995 1.177174 34.009968 -54.804296 32.770628 13.773169 3.098082 26.647207 -2.307965 -6.036665 3.847083 0.000000 0.000000 0.000000 0.000000 0.000000 0.000000 0.000000 0.000000 0.000000 0.000000 0.000000 0.000000 0.000000 0.000000 0.000000 0.000000 0.000000 0.000000 0.000000 0.000000 0.000000 0.000000 0.000000 0.000000 0.000000 0.000000 0.000000 0.000000 0.000000 0.000000 0.000000 0.000000 0.000000 0.000000 0.000000 0.000000 0.000000 0.000000 0.000000 0.000000 0.000000 0.000000
0.000011 -0.035504 1.320073 -4.983033 0.884134 0.998006 -0.690103 1.735308 -0.558903 8.902634 0.524301 -4.028137 -3.148845 2.782204 9.177899 1.509568 -3.878532 0.197623 -4.084849 -1.143521 1.252497 13.812576 0.962296 -0.869007 -0.548432 -3.526252 -6.512294 0.989979 -0.631103 -0.645488 3.862183 1.371621 2.361084 7.806870 -5.179080 -3.119095 -10.980074 2.749339 1.513936 13.127204 3.024481 1.155840 8.241098 -2.178781 5.654836 7.901986 18.023112 1.642888 22.777674 49.072805 -27.461373 17.720944 -3.049401 -25.219663 4.955581 4.766133 -9.944133 0.000000 0.000000 0.000000 0.000000 0.000000 0.000000 0.000000 0.000000 0.000000 0.000000 0.000000 0.000000 0.000000 0.000000 0.000000 0.000000 0.000000 0.000000 0.000000 0.000000 0.000000 0.000000 0.000000 0.000000 0.000000 0.000000 0.000000 0.000000 0.000000 0.000000 0.000000 0.000000 0.000000 0.000000 0.000000 0.000000 0.000000 0.000000 0.000000 0.000000 0.000000 0.000000 5.193495 -10.065325 1.236812 33.993200 -54.728882 32.733491 13.750064 3.163867 26.800927 -2.258319 -6.039614 3.841010 0.000000 0.000000 0.000000 0.000000 0.000000 0.000000 0.000000 0.000000 0.000000 0.000000 0.000000 0.000000 0.000000 0.000000 0.000000 0.000000 0.000000 0.000000 0.000000 0.000000 0.000000 0.000000 0.000000 0.000000 0.000000 0.000000 0.000000 0.000000 0.000000 0.000000 0.000000 0.000000 0.000000 0.000000 0.000000 0.000000 0.000000 0.000000 0.000000 0.000000 0.000000 0.000000
0.000152 -0.036336 1.319814 -5.005266 0.876245 1.043283 -0.667311 1.711996 -0.547054 8.880852 0.540814 -4.062070 -3.188848 2.793057 9.158412 1.506505 -3.893660 0.205215 -4.109309 -1.160015 1.297624 13.902563 0.943552 -0.816363 -0.651215 -3.454760 -6.515854 0.990564 -0.669300 -0.653333 3.890814 1.357739 2.357414 7.865280 -5.192662 -3.131174 -10.972796 2.755857 1.518462 13.128618 3.027257 1.269738 8.240571 -2.162233 5.756462 7.885371 18.069637 1.549576 22.735736 49.023454 -27.449609 17.804545 -3.107535 -25.246555 5.076287 4.795941 -9.936329 0.000000 0.000000 0.000000 0.000000 0.000000 0.000000 0.000000 0.000000 0.000000 0.000000 0.000000 0.000000 0.000000 0.000000 0.000000 0.000000 0.000000 0.000000 0.000000 0.000000 0.000000 0.000000 0.000000 0.000000 0.000000 0.000000 0.000000 0.000000 0.000000 0.000000 0.000000 0.000000 0.000000 0.000000 0.000000 0.000000 0.000000 0.000000 0.000000 0.000000 0.000000 0.000000 5.187709 -10.131601 1.299664 33.861996 -54.658025 32.597727 13.725392 3.196846 26.956167 -2.275934 -6.094326 3.855410 0.000000 0.000000 0.000000 0.000000 0.000000 0.000000 0.000000 0.000000 0.000000 0.000000 0.000000 0.000000 0.000000 0.000000 0.000000 0.000000 0.000000 0.000000 0.000000 0.000000 0.000000 0.000000 0.000000 0.000000 0.000000 0.000000 0.000000 0.000000 0.000000 0.000000 0.000000 0.000000 0.000000 0.000000 0.000000 0.000000 0.000000 0.000000 0.000000 0.000000 0.000000 0.000000
0.000555 -0.036746 1.319573 -5.067748 0.854186 1.046559 -0.579566 1.708586 -0.547727 8.891327 0.532043 -4.097922 -3.259814 2.775842 9.188223 1.504026 -3.935532 0.210882 -4.075259 -1.202566 1.349563 13.995797 0.960260 -0.740995 -0.768873 -3.351197 -6.558181 0.993810 -0.749311 -0.674671 3.920181 1.324036 2.330038 7.840081 -5.158320 -3.139673 -10.850119 2.753607 1.506920 13.095878 3.063818 1.366737 8.245694 -2.125648 5.828172 7.817946 18.071696 1.508166 22.732934 49.002151 -27.392866 17.842149 -3.130490 -25.299415 5.027800 4.819827 -9.964657 0.000000 0.000000 0.000000 0.000000 0.000000 0.000000 0.000000 0.000000 0.000000 0.000000 0.000000 0.000000 0.000000 0.000000 0.000000 0.000000 0.000000 0.000000 0.000000 0.000000 0.000000 0.000000 0.000000 0.000000 0.000000 0.000000 0.000000 0.000000 0.000000 0.000000 0.000000 0.000000 0.000000 0.000000 0.000000 0.000000 0.000000 0.000000 0.000000 0.000000 0.000000 0.000000 5.114327 -10.155730 1.358049 33.875911 -54.626994 32.562778 13.686042 3.170453 27.065914 -2.310823 -6.070215 3.878193 0.000000 0.000000 0.000000 0.000000 0.000000 0.000000 0.000000 0.000000 0.000000 0.000000 0.000000 0.000000 0.000000 0.000000 0.000000 0.000000 0.000000 0.000000 0.000000 0.000000 0.000000 0.000000 0.000000 0.000000 0.000000 0.000000 0.000000 0.000000 0.000000 0.000000 0.000000 0.000000 0.000000 0.000000 0.000000 0.000000 0.000000 0.000000 0.000000 0.000000 0.000000 0.000000
0.000780 -0.037424 1.319304 -5.111020 0.842037 0.993529 -0.566961 1.669873 -0.546674 8.986929 0.562173 -4.144880 -3.354833 2.768701 9.196308 1.506964 -3.983890 0.236897 -4.079330 -1.247166 1.386845 14.070007 0.969112 -0.680886 -0.882667 -3.259654 -6.559338 1.014142 -0.839695 -0.691635 3.955651 1.276333 2.324218 7.789001 -5.114080 -3.141733 -10.710781 2.739287 1.505827 13.090878 3.064951 1.484108 8.320034 -2.068850 5.930921 7.721917 18.046258 1.467147 22.771706 48.992708 -27.413891 17.916220 -3.150175 -25.340795 5.052547 4.804627 -9.948725 0.000000 0.000000 0.000000 0.000000 0.000000 0.000000 0.000000 0.000000 0.000000 0.000000 0.000000 0.000000 0.000000 0.000000 0.000000 0.000000 0.000000 0.000000 0.000000 0.000000 0.000000 0.000000 0.000000 0.000000 0.000000 0.000000 0.000000 0.000000 0.000000 0.000000 0.000000 0.000000 0.000000 0.000000 0.000000 0.000000 0.000000 0.000000 0.000000 0.000000 0.000000 0.000000 5.011290 -10.127571 1.397993 33.928726 -54.599389 32.614174 13.642884 3.132769 27.143776 -2.415560 -6.077344 3.833072 0.000000 0.000000 0.000000 0.000000 0.000000 0.000000 0.000000 0.000000 0.000000 0.000000 0.000000 0.000000 0.000000 0.000000 0.000000 0.000000 0.000000 0.000000 0.000000 0.000000 0.000000 0.000000 0.000000 0.000000 0.000000 0.000000 0.000000 0.000000 0.000000 0.000000 0.000000 0.000000 0.000000 0.000000 0.000000 0.000000 0.000000 0.000000 0.000000 0.000000 0.000000 0.000000
0.000798 -0.038205 1.319023 -5.153755 0.836927 0.919717 -0.547185 1.655777 -0.552187 9.069894 0.544460 -4.198816 -3.474223 2.761519 9.228678 1.477441 -4.024476 0.259293 -4.052263 -1.304822 1.448590 14.070071 1.006520 -0.630932 -1.013275 -3.183317 -6.574523 1.034712 -0.944490 -0.739134 3.995155 1.208311 2.298671 7.673639 -5.034493 -3.151784 -10.525948 2.710402 1.488632 13.076201 3.089048 1.660804 8.331352 -2.022313 6.083582 7.574144 17.976377 1.436523 22.880390 48.997237 -27.448197 18.027067 -3.146809 -25.402760 4.987523 4.795688 -10.004836 0.000000 0.000000 0.000000 0.000000 0.000000 0.000000 0.000000 0.000000 0.000000 0.000000 0.000000 0.000000 0.000000 0.000000 0.000000 0.000000 0.000000 0.000000 0.000000 0.000000 0.000000 0.000000 0.000000 0.000000 0.000000 0.000000 0.000000 0.000000 0.000000 0.000000 0.000000 0.000000 0.000000 0.000000 0.000000 0.000000 0.000000 0.000000 0.000000 0.000000 0.000000 0.000000 4.863923 -10.058638 1.450466 34.035040 -54.553479 32.714565 13.638724 3.042470 27.208886 -2.512601 -6.043408 3.881587 0.000000 0.000000 0.000000 0.000000 0.000000 0.000000 0.000000 0.000000 0.000000 0.000000 0.000000 0.000000 0.000000 0.000000 0.000000 0.000000 0.000000 0.000000 0.000000 0.000000 0.000000 0.000000 0.000000 0.000000 0.000000 0.000000 0.000000 0.000000 0.000000 0.000000 0.000000 0.000000 0.000000 0.000000 0.000000 0.000000 0.000000 0.000000 0.000000 0.000000 0.000000 0.000000
0.001352 -0.038899 1.318710 -5.200113 0.799089 0.846201 -0.512826 1.659895 -0.547295 9.153321 0.519601 -4.271395 -3.617199 2.744066 9.269695 1.483150 -4.071193 0.262314 -4.037781 -1.329503 1.467795 14.116414 1.015243 -0.569936 -1.206206 -3.077574 -6.578860 1.039492 -1.053871 -0.771769 4.055149 1.156448 2.274972 7.573326 -4.968113 -3.159472 -10.365974 2.704754 1.464914 13.034358 3.124875 1.825760 8.330965 -1.940156 6.216932 7.474880 17.949262 1.423056 22.808793 49.018017 -27.352835 18.041397 -3.165191 -25.453235 4.947851 4.760379 -9.971794 0.000000 0.000000 0.000000 0.000000 0.000000 0.000000 0.000000 0.000000 0.000000 0.000000 0.000000 0.000000 0.000000 0.000000 0.000000 0.000000 0.000000 0.000000 0.000000 0.000000 0.000000 0.000000 0.000000 0.000000 0.000000 0.000000 0.000000 0.000000 0.000000 0.000000 0.000000 0.000000 0.000000 0.000000 0.000000 0.000000 0.000000 0.000000 0.000000 0.000000 0.000000 0.000000 4.750633 -10.033532 1.470462 34.062470 -54.548650 32.724637 13.624510 3.008796 27.397708 -2.573106 -5.990718 3.881645 0.000000 0.000000 0.000000 0.000000 0.000000 0.000000 0.000000 0.000000 0.000000 0.000000 0.000000 0.000000 0.000000 0.000000 0.000000 0.000000 0.000000 0.000000 0.000000 0.000000 0.000000 0.000000 0.000000 0.000000 0.000000 0.000000 0.000000 0.000000 0.000000 0.000000 0.000000 0.000000 0.000000 0.000000 0.000000 0.000000 0.000000 0.000000 0.000000 0.000000 0.000000 0.000000
0.001376 -0.039486 1.318349 -5.198148 0.810060 0.788774 -0.492909 1.628432 -0.532807 9.149190 0.490992 -4.337438 -3.762146 2.720293 9.300757 1.497212 -4.107573 0.275534 -4.037462 -1.385513 1.473533 14.087525 1.021474 -0.542269 -1.398597 -3.015132 -6.591786 1.057056 -1.117962 -0.778446 4.124187 1.130138 2.261027 7.519348 -4.940934 -3.170648 -10.278033 2.688388 1.443962 12.953618 3.123638 1.958519 8.332786 -1.887624 6.330251 7.413407 17.914042 1.372620 22.771662 49.044813 -27.343651 18.104870 -3.187057 -25.462762 4.934551 4.727217 -9.926897 0.000000 0.000000 0.000000 0.000000 0.000000 0.000000 0.000000 0.000000 0.000000 0.000000 0.000000 0.000000 0.000000 0.000000 0.000000 0.000000 0.000000 0.000000 0.000000 0.000000 0.000000 0.000000 0.000000 0.000000 0.000000 0.000000 0.000000 0.000000 0.000000 0.000000 0.000000 0.000000 0.000000 0.000000 0.000000 0.000000 0.000000 0.000000 0.000000 0.000000 0.000000 0.000000 4.663803 -9.989163 1.494651 34.109477 -54.505041 32.782113 13.668947 3.004484 27.555155 -2.655485 -5.947833 3.860142 0.000000 0.000000 0.000000 0.000000 0.000000 0.000000 0.000000 0.000000 0.000000 0.000000 0.000000 0.000000 0.000000 0.000000 0.000000 0.000000 0.000000 0.000000 0.000000 0.000000 0.000000 0.000000 0.000000 0.000000 0.000000 0.000000 0.000000 0.000000 0.000000 0.000000 0.000000 0.000000 0.000000 0.000000 0.000000 0.000000 0.000000 0.000000 0.000000 0.000000 0.000000 0.000000
0.001874 -0.040074 1.317972 -5.193169 0.791634 0.654428 -0.454762 1.611082 -0.507178 9.125889 0.481821 -4.373799 -3.922293 2.705253 9.350127 1.493990 -4.157424 0.285174 -4.053050 -1.423225 1.490594 14.098829 1.023572 -0.532827 -1.649809 -2.937868 -6.585672 1.079460 -1.188396 -0.801688 4.182010 1.121323 2.248941 7.450812 -4.900649 -3.184171 -10.174520 2.704062 1.440353 12.894973 3.129971 2.103325 8.285164 -1.834411 6.382024 7.351373 17.884157 1.331265 22.665923 49.038094 -27.254356 18.145794 -3.210351 -25.455889 4.921647 4.666238 -9.864425 0.000000 0.000000 0.000000 0.000000 0.000000 0.000000 0.000000 0.000000 0.000000 0.000000 0.000000 0.000000 0.000000 0.000000 0.000000 0.000000 0.000000 0.000000 0.000000 0.000000 0.000000 0.000000 0.000000 0.000000 0.000000 0.000000 0.000000 0.000000 0.000000 0.000000 0.000000 0.000000 0.000000 0.000000 0.000000 0.000000 0.000000 0.000000 0.000000 0.000000 0.000000 0.000000 4.569478 -10.005048 1.525439 34.153981 -54.481532 32.864676 13.678721 2.999254 27.699566 -2.694083 -5.861625 3.844665 0.000000 0.000000 0.000000 0.000000 0.000000 0.000000 0.000000 0.000000 0.000000 0.000000 0.000000 0.000000 0.000000 0.000000 0.000000 0.000000 0.000000 0.000000 0.000000 0.000000 0.000000 0.000000 0.000000 0.000000 0.000000 0.000000 0.000000 0.000000 0.000000 0.000000 0.000000 0.000000 0.000000 0.000000 0.000000 0.000000 0.000000 0.000000 0.000000 0.000000 0.000000 0.000000
0.002445 -0.040993 1.317567 -5.131551 0.754016 0.548405 -0.531660 1.594629 -0.491739 9.151008 0.496826 -4.418637 -4.040710 2.701167 9.357976 1.511812 -4.162262 0.292975 -4.123264 -1.425380 1.449834 14.078152 1.000212 -0.588630 -1.891786 -2.873956 -6.568840 1.087819 -1.227922 -0.811301 4.200687 1.110828 2.257826 7.433908 -4.873837 -3.200734 -10.154928 2.737661 1.447460 12.911099 3.139436 2.194189 8.260540 -1.796270 6.434140 7.304272 17.846362 1.283011 22.640597 48.995118 -27.291241 18.173003 -3.214848 -25.469132 4.826516 4.600388 -9.817269 0.000000 0.000000 0.000000 0.000000 0.000000 0.000000 0.000000 0.000000 0.000000 0.000000 0.000000 0.000000 0.000000 0.000000 0.000000 0.000000 0.000000 0.000000 0.000000 0.000000 0.000000 0.000000 0.000000 0.000000 0.000000 0.000000 0.000000 0.000000 0.000000 0.000000 0.000000 0.000000 0.000000 0.000000 0.000000 0.000000 0.000000 0.000000 0.000000 0.000000 0.000000 0.000000 4.507167 -9.963811 1.559478 34.225046 -54.460714 32.987781 13.701271 2.994452 27.924413 -2.895068 -5.843170 3.839355 0.000000 0.000000 0.000000 0.000000 0.000000 0.000000 0.000000 0.000000 0.000000 0.000000 0.000000 0.000000 0.000000 0.000000 0.000000 0.000000 0.000000 0.000000 0.000000 0.000000 0.000000 0.000000 0.000000 0.000000 0.000000 0.000000 0.000000 0.000000 0.000000 0.000000 0.000000 0.000000 0.000000 0.000000 0.000000 0.000000 0.000000 0.000000 0.000000 0.000000 0.000000 0.000000
0.003044 -0.041648 1.317147 -5.033914 0.725143 0.432057 -0.680267 1.588147 -0.554023 9.282617 0.497876 -4.380759 -4.166387 2.673586 9.385642 1.494615 -4.171893 0.312802 -4.214557 -1.473207 1.468091 14.079557 1.006696 -0.669593 -2.111429 -2.790836 -6.606294 1.103231 -1.287469 -0.819672 4.244733 1.119847 2.274605 7.339843 -4.844914 -3.220374 -10.075562 2.756332 1.454092 12.805743 3.141350 2.250162 8.260415 -1.788459 6.491672 7.230653 17.805594 1.213409 22.619845 48.957617 -27.317716 18.145995 -3.191224 -25.476358 4.746342 4.618197 -9.776850 0.000000 0.000000 0.000000 0.000000 0.000000 0.000000 0.000000 0.000000 0.000000 0.000000 0.000000 0.000000 0.000000 0.000000 0.000000 0.000000 0.000000 0.000000 0.000000 0.000000 0.000000 0.000000 0.000000 0.000000 0.000000 0.000000 0.000000 0.000000 0.000000 0.000000 0.000000 0.000000 0.000000 0.000000 0.000000 0.000000 0.000000 0.000000 0.000000 0.000000 0.000000 0.000000 4.373143 -9.935830 1.610929 34.409869 -54.445027 33.165646 13.653858 3.010979 28.093912 -2.952289 -5.858640 3.850500 0.000000 0.000000 0.000000 0.000000 0.000000 0.000000 0.000000 0.000000 0.000000 0.000000 0.000000 0.000000 0.000000 0.000000 0.000000 0.000000 0.000000 0.000000 0.000000 0.000000 0.000000 0.000000 0.000000 0.000000 0.000000 0.000000 0.000000 0.000000 0.000000 0.000000 0.000000 0.000000 0.000000 0.000000 0.000000 0.000000 0.000000 0.000000 0.000000 0.000000 0.000000 0.000000
0.003142 -0.043019 1.316798 -5.035189 0.728973 0.299889 -0.830635 1.551733 -0.573075 9.605077 0.493758 -4.429369 -4.311892 2.690463 9.421352 1.451098 -4.281730 0.326771 -4.381335 -1.523985 1.483581 14.413113 0.967152 -0.700609 -2.275602 -2.671505 -6.618918 1.096903 -1.361668 -0.830620 4.339936 1.093933 2.247085 7.252463 -4.777986 -3.223364 -9.956519 2.753698 1.453635 12.578067 3.101811 2.343491 8.251123 -1.749606 6.397581 7.155758 17.786699 1.134163 22.605644 48.859961 -27.325082 18.272556 -3.188448 -25.652354 4.859814 4.641295 -9.745557 0.000000 0.000000 0.000000 0.000000 0.000000 0.000000 0.000000 0.000000 0.000000 0.000000 0.000000 0.000000 0.000000 0.000000 0.000000 0.000000 0.000000 0.000000 0.000000 0.000000 0.000000 0.000000 0.000000 0.000000 0.000000 0.000000 0.000000 0.000000 0.000000 0.000000 0.000000 0.000000 0.000000 0.000000 0.000000 0.000000 0.000000 0.000000 0.000000 0.000000 0.000000 0.000000 4.192406 -9.888687 1.705305 34.459073 -54.413349 33.293460 13.733472 2.929277 28.139138 -3.014478 -5.854386 3.853958 0.000000 0.000000 0.000000 0.000000 0.000000 0.000000 0.000000 0.000000 0.000000 0.000000 0.000000 0.000000 0.000000 0.000000 0.000000 0.000000 0.000000 0.000000 0.000000 0.000000 0.000000 0.000000 0.000000 0.000000 0.000000 0.000000 0.000000 0.000000 0.000000 0.000000 0.000000 0.000000 0.000000 0.000000 0.000000 0.000000 0.000000 0.000000 0.000000 0.000000 0.000000 0.000000
0.002830 -0.044327 1.316415 -4.990515 0.766993 0.295329 -0.931628 1.476251 -0.557829 9.723854 0.487119 -4.397863 -4.492429 2.736817 9.365578 1.460650 -4.318230 0.325641 -4.494254 -1.652005 1.480518 14.578347 0.959662 -0.860449 -2.453938 -2.574625 -6.702932 1.113687 -1.386637 -0.805863 4.420513 1.113282 2.229383 7.319380 -4.810556 -3.250708 -10.073946 2.769800 1.458754 12.565603 3.084007 2.288373 8.166812 -1.799437 6.387035 7.211637 17.730859 0.945939 22.604415 48.787719 -27.491948 18.445922 -3.195889 -25.773335 4.929972 4.540697 -9.672228 0.000000 0.000000 0.000000 0.000000 0.000000 0.000000 0.000000 0.000000 0.000000 0.000000 0.000000 0.000000 0.000000 0.000000 0.000000 0.000000 0.000000 0.000000 0.000000 0.000000 0.000000 0.000000 0.000000 0.000000 0.000000 0.000000 0.000000 0.000000 0.000000 0.000000 0.000000 0.000000 0.000000 0.000000 0.000000 0.000000 0.000000 0.000000 0.000000 0.000000 0.000000 0.000000 4.201506 -9.798298 1.810473 34.484411 -54.413986 33.467174 13.731059 2.933336 28.167503 -3.112430 -5.893819 3.805572 0.000000 0.000000 0.000000 0.000000 0.000000 0.000000 0.000000 0.000000 0.000000 0.000000 0.000000 0.000000 0.000000 0.000000 0.000000 0.000000 0.000000 0.000000 0.000000 0.000000 0.000000 0.000000 0.000000 0.000000 0.000000 0.000000 0.000000 0.000000 0.000000 0.000000 0.000000 0.000000 0.000000 0.000000 0.000000 0.000000 0.000000 0.000000 0.000000 0.000000 0.000000 0.000000
0.002682 -0.045597 1.316026 -4.943418 0.758398 0.167353 -1.149018 1.423101 -0.578194 10.125346 0.563007 -4.358289 -4.709785 2.757711 9.353024 1.343462 -4.409603 0.324991 -4.745701 -1.687549 1.406199 14.989534 0.895034 -0.967888 -2.687446 -2.472297 -6.695707 1.099388 -1.476185 -0.806981 4.565239 1.074607 2.206069 7.172199 -4.729167 -3.252882 -9.872329 2.807493 1.462271 12.344739 3.058583 2.365326 8.213091 -1.789140 6.259238 7.084826 17.705470 0.753724 22.512207 48.606821 -27.461040 18.635117 -3.213829 -26.192453 4.860775 4.506096 -9.680200 0.000000 0.000000 0.000000 0.000000 0.000000 0.000000 0.000000 0.000000 0.000000 0.000000 0.000000 0.000000 0.000000 0.000000 0.000000 0.000000 0.000000 0.000000 0.000000 0.000000 0.000000 0.000000 0.000000 0.000000 0.000000 0.000000 0.000000 0.000000 0.000000 0.000000 0.000000 0.000000 0.000000 0.000000 0.000000 0.000000 0.000000 0.000000 0.000000 0.000000 0.000000 0.000000 4.008093 -9.838522 1.982033 34.430607 -54.355510 33.496484 13.621286 2.854864 28.177456 -3.150615 -5.912617 3.855577 0.000000 0.000000 0.000000 0.000000 0.000000 0.000000 0.000000 0.000000 0.000000 0.000000 0.000000 0.000000 0.000000 0.000000 0.000000 0.000000 0.000000 0.000000 0.000000 0.000000 0.000000 0.000000 0.000000 0.000000 0.000000 0.000000 0.000000 0.000000 0.000000 0.000000 0.000000 0.000000 0.000000 0.000000 0.000000 0.000000 0.000000 0.000000 0.000000 0.000000 0.000000 0.000000
0.001920 -0.048228 1.315643 -4.968989 0.759980 0.125804 -1.367334 1.380832 -0.581642 10.550557 0.603709 -4.372073 -4.917499 2.794299 9.300689 1.319537 -4.481162 0.308699 -4.988455 -1.719345 1.393499 15.463749 0.829600 -1.125099 -2.913627 -2.403854 -6.746497 1.111505 -1.474591 -0.765372 4.697074 1.083989 2.182984 7.241844 -4.741959 -3.310988 -10.033606 2.845535 1.481464 12.339383 3.076968 2.445105 8.199551 -1.837991 6.284334 7.159077 17.639655 0.452938 22.374079 48.438883 -27.650644 18.781918 -3.199274 -26.510817 4.842221 4.352047 -9.657080 0.000000 0.000000 0.000000 0.000000 0.000000 0.000000 0.000000 0.000000 0.000000 0.000000 0.000000 0.000000 0.000000 0.000000 0.000000 0.000000 0.000000 0.000000 0.000000 0.000000 0.000000 0.000000 0.000000 0.000000 0.000000 0.000000 0.000000 0.000000 0.000000 0.000000 0.000000 0.000000 0.000000 0.000000 0.000000 0.000000 0.000000 0.000000 0.000000 0.000000 0.000000 0.000000 4.019933 -9.757240 2.119397 34.267815 -54.302715 33.628466 13.593288 2.754591 28.100799 -3.251602 -5.872403 3.854107 0.000000 0.000000 0.000000 0.000000 0.000000 0.000000 0.000000 0.000000 0.000000 0.000000 0.000000 0.000000 0.000000 0.000000 0.000000 0.000000 0.000000 0.000000 0.000000 0.000000 0.000000 0.000000 0.000000 0.000000 0.000000 0.000000 0.000000 0.000000 0.000000 0.000000 0.000000 0.000000 0.000000 0.000000 0.000000 0.000000 0.000000 0.000000 0.000000 0.000000 0.000000 0.000000
0.002342 -0.048213 1.315230 -5.034260 0.769313 0.077438 -1.639738 1.338361 -0.691106 11.415699 0.537670 -4.491869 -5.171962 2.738679 9.409213 1.225455 -4.546727 0.285016 -5.210650 -1.853101 1.420051 16.168466 0.758492 -1.255612 -3.141209 -2.240715 -6.874983 1.108906 -1.502742 -0.750580 4.850712 1.119980 2.137863 7.203245 -4.723083 -3.373334 -10.098169 2.859430 1.520294 12.256071 3.118587 2.490647 8.243617 -1.944880 6.261906 7.198763 17.539314 0.084317 22.297211 48.164212 -27.837088 18.931622 -3.242369 -26.927530 4.808024 4.227078 -9.760027 0.000000 0.000000 0.000000 0.000000 0.000000 0.000000 0.000000 0.000000 0.000000 0.000000 0.000000 0.000000 0.000000 0.000000 0.000000 0.000000 0.000000 0.000000 0.000000 0.000000 0.000000 0.000000 0.000000 0.000000 0.000000 0.000000 0.000000 0.000000 0.000000 0.000000 0.000000 0.000000 0.000000 0.000000 0.000000 0.000000 0.000000 0.000000 0.000000 0.000000 0.000000 0.000000 4.075870 -9.764385 2.287432 34.251057 -54.295006 33.711747 13.536915 2.628539 28.039538 -3.323502 -5.877371 3.961484 0.000000 0.000000 0.000000 0.000000 0.000000 0.000000 0.000000 0.000000 0.000000 0.000000 0.000000 0.000000 0.000000 0.000000 0.000000 0.000000 0.000000 0.000000 0.000000 0.000000 0.000000 0.000000 0.000000 0.000000 0.000000 0.000000 0.000000 0.000000 0.000000 0.000000 0.000000 0.000000 0.000000 0.000000 0.000000 0.000000 0.000000 0.000000 0.000000 0.000000 0.000000 0.000000
0.002492 -0.047905 1.314699 -5.049665 0.841804 0.119005 -2.010377 1.209808 -0.809343 12.342494 0.502019 -4.684250 -5.526690 2.705032 9.501360 1.155536 -4.613474 0.221285 -5.498780 -2.018382 1.379274 16.862776 0.624320 -1.422156 -3.419343 -2.112839 -6.995519 1.120794 -1.562488 -0.748583 4.998998 1.118476 2.130348 7.186105 -4.732304 -3.456377 -10.226341 2.878843 1.549285 12.264124 3.125827 2.501064 8.270652 -2.072049 6.247161 7.168398 17.488204 -0.329489 22.218785 47.866004 -28.218721 19.254589 -3.333153 -27.212823 4.772731 4.139391 -9.830697 0.000000 0.000000 0.000000 0.000000 0.000000 0.000000 0.000000 0.000000 0.000000 0.000000 0.000000 0.000000 0.000000 0.000000 0.000000 0.000000 0.000000 0.000000 0.000000 0.000000 0.000000 0.000000 0.000000 0.000000 0.000000 0.000000 0.000000 0.000000 0.000000 0.000000 0.000000 0.000000 0.000000 0.000000 0.000000 0.000000 0.000000 0.000000 0.000000 0.000000 0.000000 0.000000 4.177091 -9.810125 2.431051 34.032802 -54.224572 33.662411 13.561452 2.568488 28.013921 -3.513930 -5.895484 4.039959 0.000000 0.000000 0.000000 0.000000 0.000000 0.000000 0.000000 0.000000 0.000000 0.000000 0.000000 0.000000 0.000000 0.000000 0.000000 0.000000 0.000000 0.000000 0.000000 0.000000 0.000000 0.000000 0.000000 0.000000 0.000000 0.000000 0.000000 0.000000 0.000000 0.000000 0.000000 0.000000 0.000000 0.000000 0.000000 0.000000 0.000000 0.000000 0.000000 0.000000 0.000000 0.000000
0.003475 -0.048298 1.314143 -5.169081 0.794485 0.395250 -2.502223 1.080051 -0.955032 13.589181 0.615886 -4.895776 -5.833618 2.793190 9.462060 1.097885 -4.668548 0.163338 -5.755651 -2.153087 1.425908 17.655238 0.516037 -1.636705 -3.657990 -1.837452 -7.291694 1.125655 -1.581404 -0.695648 5.159275 1.159053 2.134573 7.371298 -4.795685 -3.593262 -10.590990 2.914657 1.588314 12.474537 3.164578 2.460556 8.320325 -2.298319 6.441585 7.254765 17.393990 -0.904488 22.248530 47.531192 -28.851362 19.435423 -3.433052 -27.620362 4.744475 3.818713 -9.948060 0.000000 0.000000 0.000000 0.000000 0.000000 0.000000 0.000000 0.000000 0.000000 0.000000 0.000000 0.000000 0.000000 0.000000 0.000000 0.000000 0.000000 0.000000 0.000000 0.000000 0.000000 0.000000 0.000000 0.000000 0.000000 0.000000 0.000000 0.000000 0.000000 0.000000 0.000000 0.000000 0.000000 0.000000 0.000000 0.000000 0.000000 0.000000 0.000000 0.000000 0.000000 0.000000 4.353999 -9.825740 2.587761 33.707587 -54.073851 33.570244 13.542517 2.509963 27.980112 -3.522502 -5.703508 4.151842 0.000000 0.000000 0.000000 0.000000 0.000000 0.000000 0.000000 0.000000 0.000000 0.000000 0.000000 0.000000 0.000000 0.000000 0.000000 0.000000 0.000000 0.000000 0.000000 0.000000 0.000000 0.000000 0.000000 0.000000 0.000000 0.000000 0.000000 0.000000 0.000000 0.000000 0.000000 0.000000 0.000000 0.000000 0.000000 0.000000 0.000000 0.000000 0.000000 0.000000 0.000000 0.000000
0.004153 -0.048557 1.313422 -5.245325 0.812001 0.516179 -3.145440 0.898410 -1.098170 15.019450 0.664262 -5.124751 -6.172265 2.873231 9.389315 1.012730 -4.772792 0.124095 -6.013200 -2.351372 1.490351 18.320479 0.446280 -1.653168 -3.903676 -1.561436 -7.416538 1.153776 -1.680255 -0.659283 5.366745 1.137428 2.158572 7.384610 -4.797307 -3.752546 -10.698051 2.943918 1.604067 12.560027 3.146893 2.603136 8.412482 -2.459707 6.492367 7.204374 17.292923 -1.449543 22.350212 47.245300 -29.555047 19.747075 -3.617967 -27.992290 4.907483 3.528931 -10.026623 0.000000 0.000000 0.000000 0.000000 0.000000 0.000000 0.000000 0.000000 0.000000 0.000000 0.000000 0.000000 0.000000 0.000000 0.000000 0.000000 0.000000 0.000000 0.000000 0.000000 0.000000 0.000000 0.000000 0.000000 0.000000 0.000000 0.000000 0.000000 0.000000 0.000000 0.000000 0.000000 0.000000 0.000000 0.000000 0.000000 0.000000 0.000000 0.000000 0.000000 0.000000 0.000000 4.313599 -9.921840 2.756117 33.248363 -53.852013 33.402561 13.349938 2.512478 27.882901 -3.615913 -5.609253 4.242615 0.000000 0.000000 0.000000 0.000000 0.000000 0.000000 0.000000 0.000000 0.000000 0.000000 0.000000 0.000000 0.000000 0.000000 0.000000 0.000000 0.000000 0.000000 0.000000 0.000000 0.000000 0.000000 0.000000 0.000000 0.000000 0.000000 0.000000 0.000000 0.000000 0.000000 0.000000 0.000000 0.000000 0.000000 0.000000 0.000000 0.000000 0.000000 0.000000 0.000000 0.000000 0.000000
0.004948 -0.048905 1.312537 -5.316661 0.831473 0.721866 -4.010969 0.688932 -1.303818 16.778824 0.787646 -5.334581 -6.453825 2.964651 9.346160 0.877021 -4.837169 0.070867 -6.409499 -2.469865 1.480932 19.185048 0.219212 -1.804069 -4.150988 -1.356130 -7.465885 1.148955 -1.763344 -0.604235 5.599846 1.157817 2.198475 7.401780 -4.788621 -3.879398 -10.840575 2.963595 1.608544 12.686442 3.115751 2.670272 8.432252 -2.688371 6.608524 7.196752 17.127784 -2.023336 22.477414 46.980202 -30.384525 19.930792 -3.840720 -28.663909 5.020679 3.116888 -10.097897 0.000000 0.000000 0.000000 0.000000 0.000000 0.000000 0.000000 0.000000 0.000000 0.000000 0.000000 0.000000 0.000000 0.000000 0.000000 0.000000 0.000000 0.000000 0.000000 0.000000 0.000000 0.000000 0.000000 0.000000 0.000000 0.000000 0.000000 0.000000 0.000000 0.000000 0.000000 0.000000 0.000000 0.000000 0.000000 0.000000 0.000000 0.000000 0.000000 0.000000 0.000000 0.000000 4.331515 -9.932319 2.944441 32.664755 -53.596768 33.134138 13.195610 2.548361 27.880445 -3.504599 -5.334612 4.329267 0.000000 0.000000 0.000000 0.000000 0.000000 0.000000 0.000000 0.000000 0.000000 0.000000 0.000000 0.000000 0.000000 0.000000 0.000000 0.000000 0.000000 0.000000 0.000000 0.000000 0.000000 0.000000 0.000000 0.000000 0.000000 0.000000 0.000000 0.000000 0.000000 0.000000 0.000000 0.000000 0.000000 0.000000 0.000000 0.000000 0.000000 0.000000 0.000000 0.000000 0.000000 0.000000
0.005698 -0.049493 1.311539 -5.405450 0.866038 1.026638 -5.074325 0.502459 -1.588578 18.906583 0.833603 -5.690327 -6.819134 3.117562 9.337663 0.673953 -4.958851 -0.050303 -6.726218 -2.726808 1.487608 19.943097 0.184645 -1.863904 -4.505245 -1.097067 -7.627299 1.131313 -1.918028 -0.548100 5.929111 1.102439 2.226661 7.372521 -4.749597 -3.997015 -10.874471 2.946912 1.596870 12.724629 3.136482 2.597237 8.273234 -2.969100 6.602957 7.057948 16.972306 -2.562042 22.735386 46.685326 -31.304721 20.193001 -4.171081 -29.624371 5.006952 2.644196 -10.236237 0.000000 0.000000 0.000000 0.000000 0.000000 0.000000 0.000000 0.000000 0.000000 0.000000 0.000000 0.000000 0.000000 0.000000 0.000000 0.000000 0.000000 0.000000 0.000000 0.000000 0.000000 0.000000 0.000000 0.000000 0.000000 0.000000 0.000000 0.000000 0.000000 0.000000 0.000000 0.000000 0.000000 0.000000 0.000000 0.000000 0.000000 0.000000 0.000000 0.000000 0.000000 0.000000 4.307638 -9.973930 3.105310 31.793578 -53.277026 32.603696 12.965239 2.607521 27.833488 -3.416773 -5.037320 4.461638 0.000000 0.000000 0.000000 0.000000 0.000000 0.000000 0.000000 0.000000 0.000000 0.000000 0.000000 0.000000 0.000000 0.000000 0.000000 0.000000 0.000000 0.000000 0.000000 0.000000 0.000000 0.000000 0.000000 0.000000 0.000000 0.000000 0.000000 0.000000 0.000000 0.000000 0.000000 0.000000 0.000000 0.000000 0.000000 0.000000 0.000000 0.000000 0.000000 0.000000 0.000000 0.000000
0.006059 -0.050029 1.310409 -5.453608 0.968638 1.386721 -6.301282 0.206124 -1.871927 21.132091 0.981989 -5.844292 -6.947754 3.271320 9.192608 0.491197 -5.100178 -0.084876 -7.192165 -2.954511 1.520424 20.802652 -0.032384 -1.963101 -4.661710 -0.771347 -7.791720 1.151366 -2.051279 -0.477258 6.210913 1.003482 2.199477 7.179996 -4.648475 -4.132003 -10.667310 2.940247 1.560156 12.588701 3.025012 2.679358 8.305583 -3.061947 6.682529 6.801326 16.787934 -3.093632 23.129014 46.363146 -32.356571 20.379167 -4.477158 -30.748956 5.182098 2.485195 -10.414531 0.000000 0.000000 0.000000 0.000000 0.000000 0.000000 0.000000 0.000000 0.000000 0.000000 0.000000 0.000000 0.000000 0.000000 0.000000 0.000000 0.000000 0.000000 0.000000 0.000000 0.000000 0.000000 0.000000 0.000000 0.000000 0.000000 0.000000 0.000000 0.000000 0.000000 0.000000 0.000000 0.000000 0.000000 0.000000 0.000000 0.000000 0.000000 0.000000 0.000000 0.000000 0.000000 4.113377 -9.997869 3.242372 30.932715 -52.708943 31.955073 12.737094 2.534527 27.906260 -3.275918 -5.024406 4.641972 0.000000 0.000000 0.000000 0.000000 0.000000 0.000000 0.000000 0.000000 0.000000 0.000000 0.000000 0.000000 0.000000 0.000000 0.000000 0.000000 0.000000 0.000000 0.000000 0.000000 0.000000 0.000000 0.000000 0.000000 0.000000 0.000000 0.000000 0.000000 0.000000 0.000000 0.000000 0.000000 0.000000 0.000000 0.000000 0.000000 0.000000 0.000000 0.000000 0.000000 0.000000 0.000000
0.007697 -0.050796 1.309372 -5.466740 0.828776 1.559021 -7.625595 0.036025 -2.185622 23.374676 1.349704 -5.995779 -6.870815 3.625379 9.004324 0.306993 -5.206967 -0.129357 -7.666439 -2.979616 1.531924 21.551453 -0.082563 -2.007967 -4.946667 -0.530912 -7.963832 1.152633 -2.071469 -0.390533 6.544896 1.051361 2.269936 7.166003 -4.612221 -4.321789 -10.800936 2.991353 1.520984 12.515580 3.059619 2.738769 8.286070 -3.231689 6.761466 6.752514 16.704499 -3.629029 23.586032 45.963093 -33.384204 20.534998 -4.827143 -31.968015 5.079775 1.979311 -10.367425 0.000000 0.000000 0.000000 0.000000 0.000000 0.000000 0.000000 0.000000 0.000000 0.000000 0.000000 0.000000 0.000000 0.000000 0.000000 0.000000 0.000000 0.000000 0.000000 0.000000 0.000000 0.000000 0.000000 0.000000 0.000000 0.000000 0.000000 0.000000 0.000000 0.000000 0.000000 0.000000 0.000000 0.000000 0.000000 0.000000 0.000000 0.000000 0.000000 0.000000 0.000000 0.000000 4.112479 -10.075456 3.359218 30.031154 -52.221600 31.363029 12.373914 2.420530 27.772061 -3.244066 -4.610480 4.595316 0.000000 0.000000 0.000000 0.000000 0.000000 0.000000 0.000000 0.000000 0.000000 0.000000 0.000000 0.000000 0.000000 0.000000 0.000000 0.000000 0.000000 0.000000 0.000000 0.000000 0.000000 0.000000 0.000000 0.000000 0.000000 0.000000 0.000000 0.000000 0.000000 0.000000 0.000000 0.000000 0.000000 0.000000 0.000000 0.000000 0.000000 0.000000 0.000000 0.000000 0.000000 0.000000
0.008231 -0.051620 1.308261 -5.458730 0.807285 1.995288 -9.197903 -0.357196 -2.410987 25.790160 1.766819 -5.968218 -6.578444 4.018263 8.716817 0.104165 -5.215987 -0.156394 -8.253467 -2.858483 1.393688 22.250924 -0.322190 -2.111432 -4.941058 -0.548497 -7.971887 1.137870 -2.060146 -0.306072 6.895450 1.073370 2.286840 7.148364 -4.565094 -4.453908 -10.909568 3.033754 1.484463 12.349454 3.041008 2.786239 8.300289 -3.355351 6.719396 6.680550 16.715797 -4.143638 23.821470 45.381243 -34.262046 20.596239 -5.103367 -33.393884 5.180309 1.579229 -10.502351 0.000000 0.000000 0.000000 0.000000 0.000000 0.000000 0.000000 0.000000 0.000000 0.000000 0.000000 0.000000 0.000000 0.000000 0.000000 0.000000 0.000000 0.000000 0.000000 0.000000 0.000000 0.000000 0.000000 0.000000 0.000000 0.000000 0.000000 0.000000 0.000000 0.000000 0.000000 0.000000 0.000000 0.000000 0.000000 0.000000 0.000000 0.000000 0.000000 0.000000 0.000000 0.000000 4.173189 -10.176900 3.466107 28.902881 -51.589370 30.451143 11.968143 2.171217 27.825504 -3.163944 -4.475754 4.674385 0.000000 0.000000 0.000000 0.000000 0.000000 0.000000 0.000000 0.000000 0.000000 0.000000 0.000000 0.000000 0.000000 0.000000 0.000000 0.000000 0.000000 0.000000 0.000000 0.000000 0.000000 0.000000 0.000000 0.000000 0.000000 0.000000 0.000000 0.000000 0.000000 0.000000 0.000000 0.000000 0.000000 0.000000 0.000000 0.000000 0.000000 0.000000 0.000000 0.000000 0.000000 0.000000
0.008581 -0.053026 1.307040 -5.517331 0.688355 2.271230 -10.926199 -0.864618 -2.596701 28.643822 2.338861 -5.880492 -6.495772 4.393700 8.618586 -0.071094 -5.361108 -0.254572 -8.971481 -2.693167 1.373194 23.230128 -0.550674 -2.202619 -4.993334 -0.378247 -8.244090 1.141786 -2.083005 -0.211290 7.318436 1.088235 2.280350 7.060309 -4.523499 -4.614764 -11.045288 3.056690 1.432497 12.051299 2.971417 2.954999 8.288817 -3.465291 6.977377 6.593961 16.716219 -4.577283 24.266167 45.006370 -35.420228 20.508020 -5.272734 -34.452793 5.121205 1.201050 -10.667338 0.000000 0.000000 0.000000 0.000000 0.000000 0.000000 0.000000 0.000000 0.000000 0.000000 0.000000 0.000000 0.000000 0.000000 0.000000 0.000000 0.000000 0.000000 0.000000 0.000000 0.000000 0.000000 0.000000 0.000000 0.000000 0.000000 0.000000 0.000000 0.000000 0.000000 0.000000 0.000000 0.000000 0.000000 0.000000 0.000000 0.000000 0.000000 0.000000 0.000000 0.000000 0.000000 4.141418 -10.153304 3.487400 28.135597 -50.957533 29.962363 11.738282 1.928204 27.905638 -3.194397 -4.212055 4.768443 0.000000 0.000000 0.000000 0.000000 0.000000 0.000000 0.000000 0.000000 0.000000 0.000000 0.000000 0.000000 0.000000 0.000000 0.000000 0.000000 0.000000 0.000000 0.000000 0.000000 0.000000 0.000000 0.000000 0.000000 0.000000 0.000000 0.000000 0.000000 0.000000 0.000000 0.000000 0.000000 0.000000 0.000000 0.000000 0.000000 0.000000 0.000000 0.000000 0.000000 0.000000 0.000000
0.008445 -0.055139 1.305719 -5.655785 0.474455 2.547083 -12.552452 -1.525420 -2.673907 31.392593 3.013426 -5.690873 -6.642769 4.448304 8.800591 -0.291128 -5.464040 -0.326909 -9.684971 -2.278614 1.237734 24.312440 -0.834722 -2.272541 -5.164372 -0.314719 -8.382696 1.157073 -2.074527 -0.093347 7.814863 1.120626 2.310040 7.074099 -4.404382 -4.726167 -11.187746 3.116788 1.407649 11.635531 2.938072 3.149329 8.082915 -3.509207 7.045572 6.493613 16.747237 -5.063302 24.392172 44.451793 -36.234946 20.602276 -5.554812 -35.673510 5.054342 1.028893 -10.842660 0.000000 0.000000 0.000000 0.000000 0.000000 0.000000 0.000000 0.000000 0.000000 0.000000 0.000000 0.000000 0.000000 0.000000 0.000000 0.000000 0.000000 0.000000 0.000000 0.000000 0.000000 0.000000 0.000000 0.000000 0.000000 0.000000 0.000000 0.000000 0.000000 0.000000 0.000000 0.000000 0.000000 0.000000 0.000000 0.000000 0.000000 0.000000 0.000000 0.000000 0.000000 0.000000 4.158338 -10.184409 3.583276 27.065831 -50.289146 29.273734 11.515146 1.688047 27.855232 -3.309534 -4.211865 4.733770 0.000000 0.000000 0.000000 0.000000 0.000000 0.000000 0.000000 0.000000 0.000000 0.000000 0.000000 0.000000 0.000000 0.000000 0.000000 0.000000 0.000000 0.000000 0.000000 0.000000 0.000000 0.000000 0.000000 0.000000 0.000000 0.000000 0.000000 0.000000 0.000000 0.000000 0.000000 0.000000 0.000000 0.000000 0.000000 0.000000 0.000000 0.000000 0.000000 0.000000 0.000000 0.000000
0.007162 -0.057152 1.304218 -5.768481 0.249969 2.901197 -14.064576 -2.503278 -2.557016 34.078261 3.710853 -5.273223 -6.507905 4.644413 8.845964 -0.445082 -5.605496 -0.374872 -10.322485 -1.795174 1.019790 25.293755 -1.142661 -2.409841 -5.429535 -0.109466 -8.425449 1.157144 -2.128222 -0.022619 8.228707 1.071906 2.298552 7.029042 -4.240418 -4.807194 -11.150074 3.176396 1.360104 11.122172 2.872104 3.455612 7.925547 -3.515564 7.159409 6.374101 16.742196 -5.536629 24.543395 44.031469 -36.947669 20.740844 -5.890167 -37.040328 5.092276 0.767221 -11.164955 0.000000 0.000000 0.000000 0.000000 0.000000 0.000000 0.000000 0.000000 0.000000 0.000000 0.000000 0.000000 0.000000 0.000000 0.000000 0.000000 0.000000 0.000000 0.000000 0.000000 0.000000 0.000000 0.000000 0.000000 0.000000 0.000000 0.000000 0.000000 0.000000 0.000000 0.000000 0.000000 0.000000 0.000000 0.000000 0.000000 0.000000 0.000000 0.000000 0.000000 0.000000 0.000000 4.118548 -10.196165 3.602928 26.024173 -49.736024 28.503228 11.140181 1.500725 27.724742 -3.172382 -4.066945 4.720990 0.000000 0.000000 0.000000 0.000000 0.000000 0.000000 0.000000 0.000000 0.000000 0.000000 0.000000 0.000000 0.000000 0.000000 0.000000 0.000000 0.000000 0.000000 0.000000 0.000000 0.000000 0.000000 0.000000 0.000000 0.000000 0.000000 0.000000 0.000000 0.000000 0.000000 0.000000 0.000000 0.000000 0.000000 0.000000 0.000000 0.000000 0.000000 0.000000 0.000000 0.000000 0.000000
0.005098 -0.058948 1.302582 -5.885404 -0.006524 3.384291 -15.196461 -3.582685 -2.387738 36.324846 4.237500 -4.897798 -6.398312 4.866493 8.848746 -0.710355 -5.814369 -0.299702 -10.824535 -1.236329 0.838877 26.196916 -1.498477 -2.362905 -5.859845 0.179209 -8.528143 1.201112 -2.272598 0.063340 8.533869 1.015341 2.260565 6.809101 -3.960740 -4.894992 -10.762482 3.185994 1.255855 10.539124 2.723149 3.882752 7.930678 -3.492843 7.311929 5.976850 16.683706 -5.826840 24.835146 43.781125 -37.842033 20.852713 -6.237024 -38.384266 4.913116 0.715798 -11.363641 0.000000 0.000000 0.000000 0.000000 0.000000 0.000000 0.000000 0.000000 0.000000 0.000000 0.000000 0.000000 0.000000 0.000000 0.000000 0.000000 0.000000 0.000000 0.000000 0.000000 0.000000 0.000000 0.000000 0.000000 0.000000 0.000000 0.000000 0.000000 0.000000 0.000000 0.000000 0.000000 0.000000 0.000000 0.000000 0.000000 0.000000 0.000000 0.000000 0.000000 0.000000 0.000000 3.879742 -10.262120 3.620752 25.158463 -49.147067 27.884201 10.831196 1.259390 27.497348 -2.894108 -4.095327 4.728620 0.000000 0.000000 0.000000 0.000000 0.000000 0.000000 0.000000 0.000000 0.000000 0.000000 0.000000 0.000000 0.000000 0.000000 0.000000 0.000000 0.000000 0.000000 0.000000 0.000000 0.000000 0.000000 0.000000 0.000000 0.000000 0.000000 0.000000 0.000000 0.000000 0.000000 0.000000 0.000000 0.000000 0.000000 0.000000 0.000000 0.000000 0.000000 0.000000 0.000000 0.000000 0.000000
0.001528 -0.059539 1.300467 -5.836697 -0.157371 3.793824 -15.964975 -4.590441 -2.290670 37.775831 4.464209 -4.535462 -6.245459 5.198041 8.908027 -0.918462 -6.033076 -0.278006 -11.350321 -0.841228 0.763373 26.925699 -1.704154 -2.254242 -6.418213 0.416993 -8.661193 1.255195 -2.354766 0.077470 8.694137 1.034816 2.157859 6.584490 -3.749722 -4.946905 -10.583016 3.179583 1.160141 9.976729 2.718025 4.206416 7.862332 -3.392607 7.475335 5.793732 16.587841 -6.000470 25.059623 43.765131 -38.560257 20.832488 -6.390108 -39.135678 4.573785 0.759481 -11.465969 0.000000 0.000000 0.000000 0.000000 0.000000 0.000000 0.000000 0.000000 0.000000 0.000000 0.000000 0.000000 0.000000 0.000000 0.000000 0.000000 0.000000 0.000000 0.000000 0.000000 0.000000 0.000000 0.000000 0.000000 0.000000 0.000000 0.000000 0.000000 0.000000 0.000000 0.000000 0.000000 0.000000 0.000000 0.000000 0.000000 0.000000 0.000000 0.000000 0.000000 0.000000 0.000000 3.769546 -10.232119 3.634901 24.654878 -48.803777 27.587956 10.453058 1.066289 27.249391 -2.855195 -4.108832 4.545004 0.000000 0.000000 0.000000 0.000000 0.000000 0.000000 0.000000 0.000000 0.000000 0.000000 0.000000 0.000000 0.000000 0.000000 0.000000 0.000000 0.000000 0.000000 0.000000 0.000000 0.000000 0.000000 0.000000 0.000000 0.000000 0.000000 0.000000 0.000000 0.000000 0.000000 0.000000 0.000000 0.000000 0.000000 0.000000 0.000000 0.000000 0.000000 0.000000 0.000000 0.000000 0.000000
-0.002133 -0.061505 1.298028 -6.071087 -0.400011 4.755093 -17.015609 -6.802503 -2.027998 39.874226 4.509369 -4.398373 -5.605350 5.650291 8.705111 -1.119117 -6.369118 -0.248390 -11.818881 -0.192801 0.742585 28.013153 -2.129747 -1.857703 -6.652796 0.878204 -8.755401 1.286505 -2.605888 0.148809 8.789385 0.924195 2.047559 6.347153 -3.555364 -5.052281 -10.229497 3.107577 0.977953 9.379771 2.592869 4.735288 7.750781 -3.243019 7.677671 5.496570 16.281843 -6.269768 25.350724 43.817161 -39.512537 21.367319 -6.893405 -40.303938 4.271108 0.600089 -11.537779 0.000000 0.000000 0.000000 0.000000 0.000000 0.000000 0.000000 0.000000 0.000000 0.000000 0.000000 0.000000 0.000000 0.000000 0.000000 0.000000 0.000000 0.000000 0.000000 0.000000 0.000000 0.000000 0.000000 0.000000 0.000000 0.000000 0.000000 0.000000 0.000000 0.000000 0.000000 0.000000 0.000000 0.000000 0.000000 0.000000 0.000000 0.000000 0.000000 0.000000 0.000000 0.000000 3.544972 -10.132569 3.478349 23.708278 -48.168019 27.004680 10.535707 0.967354 27.039341 -2.855304 -4.081058 4.405097 0.000000 0.000000 0.000000 0.000000 0.000000 0.000000 0.000000 0.000000 0.000000 0.000000 0.000000 0.000000 0.000000 0.000000 0.000000 0.000000 0.000000 0.000000 0.000000 0.000000 0.000000 0.000000 0.000000 0.000000 0.000000 0.000000 0.000000 0.000000 0.000000 0.000000 0.000000 0.000000 0.000000 0.000000 0.000000 0.000000 0.000000 0.000000 0.000000 0.000000 0.000000 0.000000
-0.007612 -0.059741 1.294630 -5.773877 -0.454536 5.156738 -17.366889 -8.905896 -1.769291 40.822806 4.219498 -4.030899 -4.826256 6.275147 8.693329 -1.382220 -6.692770 -0.357637 -12.482000 0.346453 0.638444 28.745516 -2.479627 -1.651370 -7.646063 1.405648 -8.420899 1.244628 -2.906607 0.016639 8.710773 0.950068 1.850406 5.946244 -3.210981 -5.000068 -9.538308 3.027690 0.842396 8.595827 2.525832 5.380026 7.727411 -3.037486 7.666378 5.130053 16.139181 -6.356819 25.384004 43.940626 -39.899247 21.836905 -7.322053 -41.192214 3.967352 0.862735 -11.652473 0.000000 0.000000 0.000000 0.000000 0.000000 0.000000 0.000000 0.000000 0.000000 0.000000 0.000000 0.000000 0.000000 0.000000 0.000000 0.000000 0.000000 0.000000 0.000000 0.000000 0.000000 0.000000 0.000000 0.000000 0.000000 0.000000 0.000000 0.000000 0.000000 0.000000 0.000000 0.000000 0.000000 0.000000 0.000000 0.000000 0.000000 0.000000 0.000000 0.000000 0.000000 0.000000 3.335780 -10.192872 3.456790 22.928480 -47.888536 26.431785 10.545243 1.153440 26.905165 -2.472743 -4.509041 4.183743 0.000000 0.000000 0.000000 0.000000 0.000000 0.000000 0.000000 0.000000 0.000000 0.000000 0.000000 0.000000 0.000000 0.000000 0.000000 0.000000 0.000000 0.000000 0.000000 0.000000 0.000000 0.000000 0.000000 0.000000 0.000000 0.000000 0.000000 0.000000 0.000000 0.000000 0.000000 0.000000 0.000000 0.000000 0.000000 0.000000 0.000000 0.000000 0.000000 0.000000 0.000000 0.000000
-0.012078 -0.058599 1.290784 -5.639447 -0.743939 5.542461 -16.930013 -11.070202 -1.365360 39.905555 3.404610 -3.934947 -3.981382 6.985549 8.863694 -1.289231 -6.817361 -0.307948 -13.141825 1.137817 0.568907 29.847920 -2.849654 -1.328982 -8.707392 1.895794 -8.398025 1.240734 -2.799542 -0.113932 8.650716 1.129232 1.593034 5.980492 -3.008259 -4.924989 -9.502084 3.003414 0.754075 8.309469 2.566842 5.878465 7.703946 -2.909936 7.830355 5.144539 16.363157 -6.405954 25.681389 43.912256 -40.391653 22.188662 -7.761354 -42.016408 3.590566 0.800440 -11.665842 0.000000 0.000000 0.000000 0.000000 0.000000 0.000000 0.000000 0.000000 0.000000 0.000000 0.000000 0.000000 0.000000 0.000000 0.000000 0.000000 0.000000 0.000000 0.000000 0.000000 0.000000 0.000000 0.000000 0.000000 0.000000 0.000000 0.000000 0.000000 0.000000 0.000000 0.000000 0.000000 0.000000 0.000000 0.000000 0.000000 0.000000 0.000000 0.000000 0.000000 0.000000 0.000000 3.586482 -10.468649 3.409413 21.885444 -47.366004 25.723919 10.492630 1.182505 26.517455 -2.131123 -4.603737 3.928019 0.000000 0.000000 0.000000 0.000000 0.000000 0.000000 0.000000 0.000000 0.000000 0.000000 0.000000 0.000000 0.000000 0.000000 0.000000 0.000000 0.000000 0.000000 0.000000 0.000000 0.000000 0.000000 0.000000 0.000000 0.000000 0.000000 0.000000 0.000000 0.000000 0.000000 0.000000 0.000000 0.000000 0.000000 0.000000 0.000000 0.000000 0.000000 0.000000 0.000000 0.000000 0.000000
-0.017225 -0.055332 1.286081 -5.162147 -1.012854 5.884724 -15.821119 -13.411089 -0.723621 37.808633 2.437638 -3.844175 -2.281153 7.973691 9.040973 -1.372648 -6.994382 -0.270727 -13.989182 2.177245 0.407891 30.810621 -3.262124 -0.674702 -10.028662 2.203744 -7.968220 1.132129 -2.827846 -0.300861 8.389043 1.229903 1.196186 5.868702 -2.636514 -4.773479 -9.078305 2.956273 0.651434 7.714520 2.612850 6.528285 7.681578 -2.760397 8.159021 4.899547 16.560171 -6.218800 25.846273 44.066719 -40.832949 22.102877 -7.987719 -42.433744 3.026979 0.975040 -11.644540 0.000000 0.000000 0.000000 0.000000 0.000000 0.000000 0.000000 0.000000 0.000000 0.000000 0.000000 0.000000 0.000000 0.000000 0.000000 0.000000 0.000000 0.000000 0.000000 0.000000 0.000000 0.000000 0.000000 0.000000 0.000000 0.000000 0.000000 0.000000 0.000000 0.000000 0.000000 0.000000 0.000000 0.000000 0.000000 0.000000 0.000000 0.000000 0.000000 0.000000 0.000000 0.000000 3.667499 -10.691386 3.305116 21.237973 -46.961919 25.275720 10.630075 1.387404 26.773703 -1.435429 -5.003933 3.619329 0.000000 0.000000 0.000000 0.000000 0.000000 0.000000 0.000000 0.000000 0.000000 0.000000 0.000000 0.000000 0.000000 0.000000 0.000000 0.000000 0.000000 0.000000 0.000000 0.000000 0.000000 0.000000 0.000000 0.000000 0.000000 0.000000 0.000000 0.000000 0.000000 0.000000 0.000000 0.000000 0.000000 0.000000 0.000000 0.000000 0.000000 0.000000 0.000000 0.000000 0.000000 0.000000
-0.023798 -0.056194 1.280880 -4.976774 -1.270030 6.292326 -14.080423 -15.813038 0.202949 34.721106 1.229744 -4.208079 -0.117705 9.088861 9.291968 -1.317994 -7.029077 -0.264552 -15.214315 3.278534 0.508001 32.826802 -3.641836 0.151327 -11.110866 2.415859 -7.533753 1.024970 -2.590147 -0.499812 8.103380 1.338770 0.684999 6.091479 -2.408697 -4.647475 -9.216845 3.028711 0.661703 7.658799 2.735926 7.278669 7.734820 -2.538243 8.313572 4.992433 16.729604 -6.231674 26.263536 44.028797 -41.348802 22.253695 -7.916303 -42.452666 2.439827 0.998877 -11.677622 0.000000 0.000000 0.000000 0.000000 0.000000 0.000000 0.000000 0.000000 0.000000 0.000000 0.000000 0.000000 0.000000 0.000000 0.000000 0.000000 0.000000 0.000000 0.000000 0.000000 0.000000 0.000000 0.000000 0.000000 0.000000 0.000000 0.000000 0.000000 0.000000 0.000000 0.000000 0.000000 0.000000 0.000000 0.000000 0.000000 0.000000 0.000000 0.000000 0.000000 0.000000 0.000000 4.088970 -10.897978 3.360081 20.358873 -46.512727 25.100960 10.750680 1.490063 26.086426 -0.849642 -4.983455 3.289626 0.000000 0.000000 0.000000 0.000000 0.000000 0.000000 0.000000 0.000000 0.000000 0.000000 0.000000 0.000000 0.000000 0.000000 0.000000 0.000000 0.000000 0.000000 0.000000 0.000000 0.000000 0.000000 0.000000 0.000000 0.000000 0.000000 0.000000 0.000000 0.000000 0.000000 0.000000 0.000000 0.000000 0.000000 0.000000 0.000000 0.000000 0.000000 0.000000 0.000000 0.000000 0.000000
-0.029897 -0.054727 1.275560 -4.574270 -1.546042 6.709095 -12.342121 -17.963897 1.254021 31.037183 0.453308 -4.462659 1.787862 10.330642 9.373486 -1.427908 -7.180018 -0.174537 -17.088686 4.607195 0.536474 35.673347 -4.249545 0.730942 -11.895131 2.390449 -6.943836 0.912420 -2.383898 -0.734941 7.824760 1.449931 0.173744 6.251971 -2.191720 -4.580520 -9.146731 3.013902 0.595428 7.490082 2.744492 7.877937 7.883177 -2.524295 8.278037 5.098389 16.905030 -6.464099 26.503898 44.034108 -41.821999 22.538364 -7.747282 -42.047762 1.735572 0.763398 -11.489371 0.000000 0.000000 0.000000 0.000000 0.000000 0.000000 0.000000 0.000000 0.000000 0.000000 0.000000 0.000000 0.000000 0.000000 0.000000 0.000000 0.000000 0.000000 0.000000 0.000000 0.000000 0.000000 0.000000 0.000000 0.000000 0.000000 0.000000 0.000000 0.000000 0.000000 0.000000 0.000000 0.000000 0.000000 0.000000 0.000000 0.000000 0.000000 0.000000 0.000000 0.000000 0.000000 4.320246 -10.861488 3.720077 19.708785 -46.308657 25.216372 10.898255 1.295753 25.495215 -0.884001 -5.032004 3.168289 0.000000 0.000000 0.000000 0.000000 0.000000 0.000000 0.000000 0.000000 0.000000 0.000000 0.000000 0.000000 0.000000 0.000000 0.000000 0.000000 0.000000 0.000000 0.000000 0.000000 0.000000 0.000000 0.000000 0.000000 0.000000 0.000000 0.000000 0.000000 0.000000 0.000000 0.000000 0.000000 0.000000 0.000000 0.000000 0.000000 0.000000 0.000000 0.000000 0.000000 0.000000 0.000000
-0.035310 -0.058882 1.270329 -4.498672 -1.947153 7.337593 -9.948055 -19.702755 2.519496 25.637835 -0.214030 -4.815424 3.681802 11.706780 9.347073 -1.083648 -7.106016 -0.090132 -18.569328 5.876284 0.688961 38.095638 -4.540152 1.206185 -12.657732 2.276822 -6.587480 0.883732 -2.081857 -0.801623 7.478513 1.529158 -0.453859 6.468507 -1.988398 -4.560510 -9.139461 3.126131 0.463476 7.430160 2.941514 7.986878 7.634076 -2.523340 8.021854 5.355754 17.097276 -6.562816 26.587087 44.221434 -42.094630 22.530923 -7.283734 -41.468655 0.938452 0.600240 -11.432613 0.000000 0.000000 0.000000 0.000000 0.000000 0.000000 0.000000 0.000000 0.000000 0.000000 0.000000 0.000000 0.000000 0.000000 0.000000 0.000000 0.000000 0.000000 0.000000 0.000000 0.000000 0.000000 0.000000 0.000000 0.000000 0.000000 0.000000 0.000000 0.000000 0.000000 0.000000 0.000000 0.000000 0.000000 0.000000 0.000000 0.000000 0.000000 0.000000 0.000000 0.000000 0.000000 4.610195 -10.729040 3.807160 19.319917 -46.223526 25.442660 11.215662 1.059303 25.000537 -0.831894 -5.209686 3.232948 0.000000 0.000000 0.000000 0.000000 0.000000 0.000000 0.000000 0.000000 0.000000 0.000000 0.000000 0.000000 0.000000 0.000000 0.000000 0.000000 0.000000 0.000000 0.000000 0.000000 0.000000 0.000000 0.000000 0.000000 0.000000 0.000000 0.000000 0.000000 0.000000 0.000000 0.000000 0.000000 0.000000 0.000000 0.000000 0.000000 0.000000 0.000000 0.000000 0.000000 0.000000 0.000000
-0.036647 -0.057933 1.264746 -4.095117 -2.352234 8.033738 -7.709677 -20.878903 3.754558 20.384304 -0.891078 -4.672707 5.463741 12.985589 8.998922 -0.907253 -7.197752 0.002856 -19.894741 6.846243 0.943178 39.980979 -4.822570 1.256535 -13.780462 2.412827 -6.071902 0.921906 -1.944373 -0.835874 7.265367 1.317732 -0.942698 6.493837 -1.818096 -4.556010 -8.854659 3.148338 0.380531 7.221509 2.914982 8.494109 7.414728 -2.545462 7.828946 5.411502 17.136282 -6.876691 26.835835 44.870242 -42.469258 22.759172 -7.073837 -40.535817 0.954355 0.132926 -11.717087 0.000000 0.000000 0.000000 0.000000 0.000000 0.000000 0.000000 0.000000 0.000000 0.000000 0.000000 0.000000 0.000000 0.000000 0.000000 0.000000 0.000000 0.000000 0.000000 0.000000 0.000000 0.000000 0.000000 0.000000 0.000000 0.000000 0.000000 0.000000 0.000000 0.000000 0.000000 0.000000 0.000000 0.000000 0.000000 0.000000 0.000000 0.000000 0.000000 0.000000 0.000000 0.000000 4.767295 -10.674551 3.959962 19.012790 -46.276403 25.617903 11.357322 0.860994 24.201219 -0.484562 -4.862921 3.415713 0.000000 0.000000 0.000000 0.000000 0.000000 0.000000 0.000000 0.000000 0.000000 0.000000 0.000000 0.000000 0.000000 0.000000 0.000000 0.000000 0.000000 0.000000 0.000000 0.000000 0.000000 0.000000 0.000000 0.000000 0.000000 0.000000 0.000000 0.000000 0.000000 0.000000 0.000000 0.000000 0.000000 0.000000 0.000000 0.000000 0.000000 0.000000 0.000000 0.000000 0.000000 0.000000
-0.037771 -0.055404 1.259061 -3.711573 -2.838537 8.311914 -5.585023 -21.524501 4.643378 15.706871 -1.268875 -4.850426 6.817629 13.872053 8.949166 -0.894509 -7.267855 -0.034267 -21.250606 7.860669 1.281044 42.027673 -5.079787 1.449495 -14.957557 2.559749 -5.836926 0.978386 -1.724714 -0.855723 7.018126 1.136767 -1.421617 6.598962 -1.594843 -4.541610 -8.628415 3.239766 0.307431 6.997374 3.184847 8.564645 7.223803 -2.543273 7.907776 5.631319 17.371503 -7.161400 26.528762 45.583964 -42.207774 22.551704 -6.662432 -39.002107 0.584412 0.101080 -11.721672 0.000000 0.000000 0.000000 0.000000 0.000000 0.000000 0.000000 0.000000 0.000000 0.000000 0.000000 0.000000 0.000000 0.000000 0.000000 0.000000 0.000000 0.000000 0.000000 0.000000 0.000000 0.000000 0.000000 0.000000 0.000000 0.000000 0.000000 0.000000 0.000000 0.000000 0.000000 0.000000 0.000000 0.000000 0.000000 0.000000 0.000000 0.000000 0.000000 0.000000 0.000000 0.000000 5.115470 -10.642372 4.314889 18.744885 -46.291518 25.684608 11.764779 0.636157 23.913662 -0.259875 -4.846669 3.542568 0.000000 0.000000 0.000000 0.000000 0.000000 0.000000 0.000000 0.000000 0.000000 0.000000 0.000000 0.000000 0.000000 0.000000 0.000000 0.000000 0.000000 0.000000 0.000000 0.000000 0.000000 0.000000 0.000000 0.000000 0.000000 0.000000 0.000000 0.000000 0.000000 0.000000 0.000000 0.000000 0.000000 0.000000 0.000000 0.000000 0.000000 0.000000 0.000000 0.000000 0.000000 0.000000
-0.046144 -0.056872 1.253317 -3.612287 -2.769768 8.922613 -4.633940 -22.091722 5.243505 13.456165 -1.454255 -5.234219 7.370310 14.479814 8.837918 -0.601690 -7.469040 -0.061047 -22.102556 8.559144 1.395009 43.492218 -5.289629 1.606591 -15.790148 2.623469 -5.471999 0.823243 -1.736990 -0.972812 6.885426 0.930491 -1.653373 6.703609 -1.610616 -4.557265 -8.515930 3.164468 0.207937 7.146961 3.268624 8.919004 6.655183 -2.379880 8.323704 5.733639 17.371457 -7.007604 26.915073 46.243363 -42.606145 22.795404 -6.189864 -37.500710 0.639389 -0.577453 -12.055083 0.000000 0.000000 0.000000 0.000000 0.000000 0.000000 0.000000 0.000000 0.000000 0.000000 0.000000 0.000000 0.000000 0.000000 0.000000 0.000000 0.000000 0.000000 0.000000 0.000000 0.000000 0.000000 0.000000 0.000000 0.000000 0.000000 0.000000 0.000000 0.000000 0.000000 0.000000 0.000000 0.000000 0.000000 0.000000 0.000000 0.000000 0.000000 0.000000 0.000000 0.000000 0.000000 4.949688 -10.311364 4.387241 18.727638 -46.361588 26.241219 12.338972 0.184748 23.026221 -0.080056 -4.491980 3.942381 0.000000 0.000000 0.000000 0.000000 0.000000 0.000000 0.000000 0.000000 0.000000 0.000000 0.000000 0.000000 0.000000 0.000000 0.000000 0.000000 0.000000 0.000000 0.000000 0.000000 0.000000 0.000000 0.000000 0.000000 0.000000 0.000000 0.000000 0.000000 0.000000 0.000000 0.000000 0.000000 0.000000 0.000000 0.000000 0.000000 0.000000 0.000000 0.000000 0.000000 0.000000 0.000000
-0.052105 -0.058921 1.247412 -3.572514 -3.159490 9.247704 -3.235258 -22.563034 5.760521 10.638681 -1.407292 -5.843912 7.023646 14.856833 8.817633 -0.340389 -7.834566 -0.109579 -22.951454 9.742131 1.660802 45.023436 -5.510624 1.890547 -16.784399 2.830562 -5.418919 0.843414 -1.707134 -0.930416 6.756026 0.722626 -1.852609 6.784208 -1.433564 -4.479987 -8.118066 3.272695 0.284364 6.792869 3.400474 9.072978 6.231773 -2.189693 8.291202 5.928425 17.498312 -6.866405 26.573253 46.967531 -42.352279 22.055405 -5.746050 -35.875533 0.313955 -0.652971 -11.879172 0.000000 0.000000 0.000000 0.000000 0.000000 0.000000 0.000000 0.000000 0.000000 0.000000 0.000000 0.000000 0.000000 0.000000 0.000000 0.000000 0.000000 0.000000 0.000000 0.000000 0.000000 0.000000 0.000000 0.000000 0.000000 0.000000 0.000000 0.000000 0.000000 0.000000 0.000000 0.000000 0.000000 0.000000 0.000000 0.000000 0.000000 0.000000 0.000000 0.000000 0.000000 0.000000 5.153038 -10.196321 4.830677 19.001882 -46.814644 27.278719 12.761352 0.266876 22.421453 0.182510 -4.267232 3.820262 0.000000 0.000000 0.000000 0.000000 0.000000 0.000000 0.000000 0.000000 0.000000 0.000000 0.000000 0.000000 0.000000 0.000000 0.000000 0.000000 0.000000 0.000000 0.000000 0.000000 0.000000 0.000000 0.000000 0.000000 0.000000 0.000000 0.000000 0.000000 0.000000 0.000000 0.000000 0.000000 0.000000 0.000000 0.000000 0.000000 0.000000 0.000000 0.000000 0.000000 0.000000 0.000000
-0.062255 -0.061967 1.241879 -3.628574 -3.121463 9.371103 -2.924561 -22.909847 5.878242 10.007856 -1.397303 -6.214758 6.074941 14.750440 8.936767 -0.347076 -8.268265 -0.165238 -23.291366 10.462958 1.744956 45.629105 -5.534823 2.167328 -17.769614 3.015627 -5.339107 0.741771 -1.892388 -0.970988 6.663753 0.477022 -1.889742 6.722766 -1.301662 -4.313478 -7.572620 3.264262 0.253933 6.397290 3.347355 9.317351 5.796618 -1.834568 8.252203 5.739985 17.635947 -6.531466 26.234530 47.525933 -41.580245 21.735383 -5.380275 -34.383617 0.180738 -0.705425 -11.898935 0.000000 0.000000 0.000000 0.000000 0.000000 0.000000 0.000000 0.000000 0.000000 0.000000 0.000000 0.000000 0.000000 0.000000 0.000000 0.000000 0.000000 0.000000 0.000000 0.000000 0.000000 0.000000 0.000000 0.000000 0.000000 0.000000 0.000000 0.000000 0.000000 0.000000 0.000000 0.000000 0.000000 0.000000 0.000000 0.000000 0.000000 0.000000 0.000000 0.000000 0.000000 0.000000 4.812824 -10.132570 5.092308 19.400940 -47.074645 28.012212 13.139112 0.221905 21.975308 0.146460 -4.200127 3.838188 0.000000 0.000000 0.000000 0.000000 0.000000 0.000000 0.000000 0.000000 0.000000 0.000000 0.000000 0.000000 0.000000 0.000000 0.000000 0.000000 0.000000 0.000000 0.000000 0.000000 0.000000 0.000000 0.000000 0.000000 0.000000 0.000000 0.000000 0.000000 0.000000 0.000000 0.000000 0.000000 0.000000 0.000000 0.000000 0.000000 0.000000 0.000000 0.000000 0.000000 0.000000 0.000000
-0.074106 -0.062623 1.236605 -3.755262 -3.043963 9.716097 -2.989375 -22.951762 5.784943 10.018211 -1.348165 -6.728012 4.808488 14.437090 9.218551 -0.275486 -8.636485 -0.210722 -23.226417 11.253921 1.765503 46.139863 -5.564035 2.502084 -18.754269 3.038648 -5.262049 0.606104 -1.978190 -1.029906 6.625634 0.391560 -1.759057 6.777788 -1.308194 -4.185383 -7.365460 3.299913 0.338542 6.216614 3.370440 9.577195 5.211904 -1.495557 8.311079 5.800887 17.633176 -6.123801 25.829559 48.081581 -40.735212 21.264736 -4.659843 -32.487893 -0.248648 -1.496803 -11.809942 0.000000 0.000000 0.000000 0.000000 0.000000 0.000000 0.000000 0.000000 0.000000 0.000000 0.000000 0.000000 0.000000 0.000000 0.000000 0.000000 0.000000 0.000000 0.000000 0.000000 0.000000 0.000000 0.000000 0.000000 0.000000 0.000000 0.000000 0.000000 0.000000 0.000000 0.000000 0.000000 0.000000 0.000000 0.000000 0.000000 0.000000 0.000000 0.000000 0.000000 0.000000 0.000000 4.750072 -10.186655 5.291550 19.769499 -47.381452 29.032270 13.134442 -0.114490 21.370904 -0.013534 -3.500265 3.905502 0.000000 0.000000 0.000000 0.000000 0.000000 0.000000 0.000000 0.000000 0.000000 0.000000 0.000000 0.000000 0.000000 0.000000 0.000000 0.000000 0.000000 0.000000 0.000000 0.000000 0.000000 0.000000 0.000000 0.000000 0.000000 0.000000 0.000000 0.000000 0.000000 0.000000 0.000000 0.000000 0.000000 0.000000 0.000000 0.000000 0.000000 0.000000 0.000000 0.000000 0.000000 0.000000
-0.088103 -0.065721 1.232044 -4.149940 -2.897139 9.604288 -3.041208 -22.949146 5.723321 10.978166 -1.262536 -7.175744 2.646949 13.645365 9.544884 -0.118000 -8.908166 -0.185658 -22.806502 11.969604 1.665806 46.212258 -5.391183 2.888293 -19.510505 3.029504 -5.121650 0.488791 -2.227001 -0.983949 6.533177 0.185118 -1.533052 6.797827 -1.200920 -4.005505 -6.934049 3.325295 0.415949 6.018980 3.233561 9.692544 4.874605 -1.106619 8.198695 5.527022 17.727411 -5.522216 24.976701 48.496911 -39.413828 20.364708 -4.053067 -30.746096 -0.696503 -1.748975 -11.472551 0.000000 0.000000 0.000000 0.000000 0.000000 0.000000 0.000000 0.000000 0.000000 0.000000 0.000000 0.000000 0.000000 0.000000 0.000000 0.000000 0.000000 0.000000 0.000000 0.000000 0.000000 0.000000 0.000000 0.000000 0.000000 0.000000 0.000000 0.000000 0.000000 0.000000 0.000000 0.000000 0.000000 0.000000 0.000000 0.000000 0.000000 0.000000 0.000000 0.000000 0.000000 0.000000 4.205922 -10.073586 5.508548 20.676103 -47.770468 30.410526 13.557629 -0.115038 21.328610 -0.262293 -3.406482 3.820326 0.000000 0.000000 0.000000 0.000000 0.000000 0.000000 0.000000 0.000000 0.000000 0.000000 0.000000 0.000000 0.000000 0.000000 0.000000 0.000000 0.000000 0.000000 0.000000 0.000000 0.000000 0.000000 0.000000 0.000000 0.000000 0.000000 0.000000 0.000000 0.000000 0.000000 0.000000 0.000000 0.000000 0.000000 0.000000 0.000000 0.000000 0.000000 0.000000 0.000000 0.000000 0.000000
-0.109131 -0.068781 1.228248 -4.570439 -2.482515 9.584653 -3.478914 -22.723409 5.411354 12.781508 -1.262347 -7.708724 -0.463488 12.445021 10.022072 -0.055947 -9.007199 -0.172258 -21.997916 12.740759 1.438067 45.677534 -5.127279 2.995885 -19.945078 2.417453 -4.931141 0.439890 -2.285057 -0.921723 6.435382 -0.001488 -1.109997 6.723211 -1.200128 -3.690807 -6.622904 3.304490 0.642335 5.978392 3.108056 9.523796 4.426282 -0.727453 7.706036 5.268061 17.723739 -4.920615 23.648934 48.835249 -37.556070 19.209913 -3.611463 -29.141921 -1.034585 -2.450929 -11.051679 0.000000 0.000000 0.000000 0.000000 0.000000 0.000000 0.000000 0.000000 0.000000 0.000000 0.000000 0.000000 0.000000 0.000000 0.000000 0.000000 0.000000 0.000000 0.000000 0.000000 0.000000 0.000000 0.000000 0.000000 0.000000 0.000000 0.000000 0.000000 0.000000 0.000000 0.000000 0.000000 0.000000 0.000000 0.000000 0.000000 0.000000 0.000000 0.000000 0.000000 0.000000 0.000000 3.838013 -10.130539 5.732731 21.572581 -48.119875 31.736250 14.079981 -0.089122 21.226043 -0.381506 -2.740888 3.755020 0.000000 0.000000 0.000000 0.000000 0.000000 0.000000 0.000000 0.000000 0.000000 0.000000 0.000000 0.000000 0.000000 0.000000 0.000000 0.000000 0.000000 0.000000 0.000000 0.000000 0.000000 0.000000 0.000000 0.000000 0.000000 0.000000 0.000000 0.000000 0.000000 0.000000 0.000000 0.000000 0.000000 0.000000 0.000000 0.000000 0.000000 0.000000 0.000000 0.000000 0.000000 0.000000
-0.128965 -0.072024 1.225144 -5.053529 -2.131766 9.577984 -4.233761 -22.355218 4.929189 15.152500 -1.270717 -8.367536 -3.476935 11.181743 10.619116 -0.117664 -9.163446 -0.186489 -20.946738 13.397647 1.138319 44.855279 -4.677205 3.200822 -20.249317 1.854630 -4.889252 0.405998 -2.429415 -0.896735 6.339198 -0.044217 -0.634060 6.811777 -1.261319 -3.364538 -6.436675 3.279520 0.830634 5.957165 2.868510 9.500766 4.173901 -0.453643 7.283250 5.082434 17.754980 -4.352805 22.396227 48.725036 -35.368888 18.911004 -3.308140 -27.606419 -1.111448 -3.122028 -10.761524 0.000000 0.000000 0.000000 0.000000 0.000000 0.000000 0.000000 0.000000 0.000000 0.000000 0.000000 0.000000 0.000000 0.000000 0.000000 0.000000 0.000000 0.000000 0.000000 0.000000 0.000000 0.000000 0.000000 0.000000 0.000000 0.000000 0.000000 0.000000 0.000000 0.000000 0.000000 0.000000 0.000000 0.000000 0.000000 0.000000 0.000000 0.000000 0.000000 0.000000 0.000000 0.000000 3.423785 -10.240569 6.051871 22.681305 -48.678139 33.208544 14.279791 -0.049513 21.017427 -1.010372 -2.077342 3.716328 0.000000 0.000000 0.000000 0.000000 0.000000 0.000000 0.000000 0.000000 0.000000 0.000000 0.000000 0.000000 0.000000 0.000000 0.000000 0.000000 0.000000 0.000000 0.000000 0.000000 0.000000 0.000000 0.000000 0.000000 0.000000 0.000000 0.000000 0.000000 0.000000 0.000000 0.000000 0.000000 0.000000 0.000000 0.000000 0.000000 0.000000 0.000000 0.000000 0.000000 0.000000 0.000000
-0.151143 -0.075794 1.222711 -5.512363 -1.757972 9.394018 -5.301352 -21.904406 4.384806 18.169651 -1.118049 -9.106068 -6.217232 9.844799 11.049837 -0.277268 -9.298154 -0.199850 -19.662512 14.046897 0.881398 43.433805 -3.971883 3.600522 -20.193301 1.226232 -4.912807 0.343209 -2.656318 -0.807656 6.172687 -0.140567 -0.123621 6.768940 -1.243450 -3.036560 -6.134416 3.237271 1.002196 6.001485 2.676154 9.362749 4.127430 -0.143567 6.783226 4.827274 17.759276 -3.656543 21.017110 48.548566 -33.158417 18.158760 -2.921425 -26.094372 -1.397739 -3.773444 -10.236013 0.000000 0.000000 0.000000 0.000000 0.000000 0.000000 0.000000 0.000000 0.000000 0.000000 0.000000 0.000000 0.000000 0.000000 0.000000 0.000000 0.000000 0.000000 0.000000 0.000000 0.000000 0.000000 0.000000 0.000000 0.000000 0.000000 0.000000 0.000000 0.000000 0.000000 0.000000 0.000000 0.000000 0.000000 0.000000 0.000000 0.000000 0.000000 0.000000 0.000000 0.000000 0.000000 2.837624 -10.226827 6.363072 24.215963 -49.036933 35.115289 14.767390 -0.049547 21.339947 -1.989635 -1.510709 3.599882 0.000000 0.000000 0.000000 0.000000 0.000000 0.000000 0.000000 0.000000 0.000000 0.000000 0.000000 0.000000 0.000000 0.000000 0.000000 0.000000 0.000000 0.000000 0.000000 0.000000 0.000000 0.000000 0.000000 0.000000 0.000000 0.000000 0.000000 0.000000 0.000000 0.000000 0.000000 0.000000 0.000000 0.000000 0.000000 0.000000 0.000000 0.000000 0.000000 0.000000 0.000000 0.000000
-0.174123 -0.080923 1.221204 -6.230841 -1.369824 9.177636 -6.604036 -21.394410 3.806501 22.056904 -1.000638 -9.899693 -8.997079 8.435263 11.632075 -0.491015 -9.399041 -0.285851 -18.364632 14.736412 0.563185 42.357107 -3.280588 4.089714 -19.482321 0.380702 -4.936023 0.215214 -2.669027 -0.714311 6.316523 -0.202638 0.526205 6.853292 -1.443795 -2.637217 -6.295891 3.224300 1.327908 6.365899 2.497261 9.334753 4.111511 0.098858 6.221099 4.807193 17.590019 -3.088852 19.271482 47.967407 -30.703927 17.367177 -2.378636 -24.871197 -1.646090 -4.290994 -9.785665 0.000000 0.000000 0.000000 0.000000 0.000000 0.000000 0.000000 0.000000 0.000000 0.000000 0.000000 0.000000 0.000000 0.000000 0.000000 0.000000 0.000000 0.000000 0.000000 0.000000 0.000000 0.000000 0.000000 0.000000 0.000000 0.000000 0.000000 0.000000 0.000000 0.000000 0.000000 0.000000 0.000000 0.000000 0.000000 0.000000 0.000000 0.000000 0.000000 0.000000 0.000000 0.000000 2.412507 -10.147370 6.727669 25.664460 -49.504427 37.369861 14.983523 0.020698 21.287523 -2.963782 -0.819492 3.546602 0.000000 0.000000 0.000000 0.000000 0.000000 0.000000 0.000000 0.000000 0.000000 0.000000 0.000000 0.000000 0.000000 0.000000 0.000000 0.000000 0.000000 0.000000 0.000000 0.000000 0.000000 0.000000 0.000000 0.000000 0.000000 0.000000 0.000000 0.000000 0.000000 0.000000 0.000000 0.000000 0.000000 0.000000 0.000000 0.000000 0.000000 0.000000 0.000000 0.000000 0.000000 0.000000
-0.196660 -0.082868 1.220184 -6.482723 -1.104558 9.251642 -8.322738 -20.671170 3.230890 25.787158 -0.669821 -10.255890 -11.202596 7.132640 11.886238 -0.668064 -9.529598 -0.410731 -17.172476 15.643789 0.159455 40.836204 -2.617141 4.323808 -18.720691 -0.554487 -5.024316 0.221047 -2.772865 -0.648723 6.371120 -0.280755 1.234947 6.636000 -1.436282 -2.170389 -6.197156 3.185966 1.728844 6.239822 2.551248 8.924154 4.336691 0.183445 5.581122 4.723842 17.344540 -2.494809 17.297813 47.111723 -27.738426 16.983454 -1.942587 -23.906124 -1.836146 -4.683867 -9.214400 0.000000 0.000000 0.000000 0.000000 0.000000 0.000000 0.000000 0.000000 0.000000 0.000000 0.000000 0.000000 0.000000 0.000000 0.000000 0.000000 0.000000 0.000000 0.000000 0.000000 0.000000 0.000000 0.000000 0.000000 0.000000 0.000000 0.000000 0.000000 0.000000 0.000000 0.000000 0.000000 0.000000 0.000000 0.000000 0.000000 0.000000 0.000000 0.000000 0.000000 0.000000 0.000000 2.029547 -10.059443 6.925418 26.925223 -50.224591 39.216806 14.874310 0.341613 21.807912 -3.821964 -0.054909 3.552933 0.000000 0.000000 0.000000 0.000000 0.000000 0.000000 0.000000 0.000000 0.000000 0.000000 0.000000 0.000000 0.000000 0.000000 0.000000 0.000000 0.000000 0.000000 0.000000 0.000000 0.000000 0.000000 0.000000 0.000000 0.000000 0.000000 0.000000 0.000000 0.000000 0.000000 0.000000 0.000000 0.000000 0.000000 0.000000 0.000000 0.000000 0.000000 0.000000 0.000000 0.000000 0.000000
-0.218235 -0.083556 1.219895 -6.616391 -1.017294 8.957090 -10.060385 -19.603064 2.396357 29.703653 -0.082765 -11.143931 -12.902540 5.776764 12.860377 -0.985088 -9.500243 -0.657665 -16.076117 17.230902 -0.308522 39.220029 -1.971488 5.076629 -17.739373 -2.100157 -4.679986 0.243422 -3.105674 -0.517568 6.698208 -0.543553 2.129360 6.508996 -1.184937 -1.439589 -5.988273 3.296049 2.374531 6.100877 2.602949 8.814870 4.294655 0.004304 5.462765 4.166089 17.115000 -1.861242 15.108953 45.358189 -24.636857 15.666434 -0.996317 -23.427578 -3.340915 -4.547052 -9.478209 0.000000 0.000000 0.000000 0.000000 0.000000 0.000000 0.000000 0.000000 0.000000 0.000000 0.000000 0.000000 0.000000 0.000000 0.000000 0.000000 0.000000 0.000000 0.000000 0.000000 0.000000 0.000000 0.000000 0.000000 0.000000 0.000000 0.000000 0.000000 0.000000 0.000000 0.000000 0.000000 0.000000 0.000000 0.000000 0.000000 0.000000 0.000000 0.000000 0.000000 0.000000 0.000000 1.052416 -9.718749 7.636318 28.151155 -50.244124 41.199872 15.117839 0.408217 24.374217 -6.028947 -0.398276 3.674938 0.000000 0.000000 0.000000 0.000000 0.000000 0.000000 0.000000 0.000000 0.000000 0.000000 0.000000 0.000000 0.000000 0.000000 0.000000 0.000000 0.000000 0.000000 0.000000 0.000000 0.000000 0.000000 0.000000 0.000000 0.000000 0.000000 0.000000 0.000000 0.000000 0.000000 0.000000 0.000000 0.000000 0.000000 0.000000 0.000000 0.000000 0.000000 0.000000 0.000000 0.000000 0.000000
-0.238727 -0.090779 1.220139 -6.816380 -0.763972 9.011905 -11.042063 -18.856147 2.122298 31.575836 0.397011 -11.442604 -14.624407 4.756434 12.909884 -1.115526 -9.401906 -0.754712 -14.993231 18.088940 -0.464792 37.296687 -1.194481 5.122460 -16.418483 -3.041000 -4.858689 0.186637 -3.049616 -0.461818 6.717385 -0.626423 2.643780 6.469235 -1.258471 -0.997717 -6.300713 3.255896 2.838040 6.273442 2.277468 8.730082 4.501455 -0.018544 5.518003 4.087375 16.773748 -1.331732 13.838266 44.249012 -22.567213 15.527395 -0.476548 -23.258926 -3.221685 -4.089454 -9.248738 0.000000 0.000000 0.000000 0.000000 0.000000 0.000000 0.000000 0.000000 0.000000 0.000000 0.000000 0.000000 0.000000 0.000000 0.000000 0.000000 0.000000 0.000000 0.000000 0.000000 0.000000 0.000000 0.000000 0.000000 0.000000 0.000000 0.000000 0.000000 0.000000 0.000000 0.000000 0.000000 0.000000 0.000000 0.000000 0.000000 0.000000 0.000000 0.000000 0.000000 0.000000 0.000000 0.882152 -9.425417 7.938775 28.859722 -49.982186 42.779925 15.561050 0.297289 25.271819 -6.938549 -0.920599 3.351465 0.000000 0.000000 0.000000 0.000000 0.000000 0.000000 0.000000 0.000000 0.000000 0.000000 0.000000 0.000000 0.000000 0.000000 0.000000 0.000000 0.000000 0.000000 0.000000 0.000000 0.000000 0.000000 0.000000 0.000000 0.000000 0.000000 0.000000 0.000000 0.000000 0.000000 0.000000 0.000000 0.000000 0.000000 0.000000 0.000000 0.000000 0.000000 0.000000 0.000000 0.000000 0.000000
-0.255872 -0.095402 1.221283 -7.055548 -0.734751 8.922774 -11.463950 -17.927368 1.933335 33.062615 0.784071 -11.467182 -15.872824 4.037896 13.013156 -1.215390 -9.273576 -0.753321 -13.897172 18.966730 -0.556594 35.693775 -0.327332 5.086017 -14.938583 -3.908843 -5.169509 0.113726 -2.928235 -0.414739 6.557157 -0.703984 3.110637 6.617866 -1.352390 -0.527833 -6.529762 3.258542 3.310417 6.533612 2.013199 8.529485 4.580711 0.047264 5.361921 4.103467 16.261085 -1.064102 12.871951 43.261569 -21.013234 15.354283 0.024255 -23.008094 -3.052430 -3.856580 -9.058768 0.000000 0.000000 0.000000 0.000000 0.000000 0.000000 0.000000 0.000000 0.000000 0.000000 0.000000 0.000000 0.000000 0.000000 0.000000 0.000000 0.000000 0.000000 0.000000 0.000000 0.000000 0.000000 0.000000 0.000000 0.000000 0.000000 0.000000 0.000000 0.000000 0.000000 0.000000 0.000000 0.000000 0.000000 0.000000 0.000000 0.000000 0.000000 0.000000 0.000000 0.000000 0.000000 0.843959 -9.165947 8.498881 29.590208 -49.654193 44.467253 15.711383 -0.009191 25.620609 -7.874902 -1.104176 2.994662 0.000000 0.000000 0.000000 0.000000 0.000000 0.000000 0.000000 0.000000 0.000000 0.000000 0.000000 0.000000 0.000000 0.000000 0.000000 0.000000 0.000000 0.000000 0.000000 0.000000 0.000000 0.000000 0.000000 0.000000 0.000000 0.000000 0.000000 0.000000 0.000000 0.000000 0.000000 0.000000 0.000000 0.000000 0.000000 0.000000 0.000000 0.000000 0.000000 0.000000 0.000000 0.000000
-0.279389 -0.099763 1.223329 -7.239921 -0.824633 9.079922 -11.737757 -16.337057 1.514710 34.366321 1.278913 -11.348815 -17.288004 2.767512 12.944359 -1.290187 -8.947302 -0.502430 -12.687741 19.947882 -0.782773 33.879944 1.025336 4.787712 -12.197695 -4.793628 -5.787563 0.009492 -2.887601 -0.410608 6.455745 -0.735938 3.754904 6.518135 -1.392492 -0.124934 -6.547335 3.318532 3.706200 6.828555 1.592666 8.057214 4.845385 0.151075 4.586849 4.046114 15.699574 -0.997542 11.661555 41.790438 -19.441903 15.383137 0.528675 -23.114890 -2.690280 -3.229241 -8.892165 0.000000 0.000000 0.000000 0.000000 0.000000 0.000000 0.000000 0.000000 0.000000 0.000000 0.000000 0.000000 0.000000 0.000000 0.000000 0.000000 0.000000 0.000000 0.000000 0.000000 0.000000 0.000000 0.000000 0.000000 0.000000 0.000000 0.000000 0.000000 0.000000 0.000000 0.000000 0.000000 0.000000 0.000000 0.000000 0.000000 0.000000 0.000000 0.000000 0.000000 0.000000 0.000000 0.795757 -9.084078 9.196675 30.324717 -49.490549 45.715281 15.003667 -0.672425 26.301305 -9.623854 -1.247337 2.868866 0.000000 0.000000 0.000000 0.000000 0.000000 0.000000 0.000000 0.000000 0.000000 0.000000 0.000000 0.000000 0.000000 0.000000 0.000000 0.000000 0.000000 0.000000 0.000000 0.000000 0.000000 0.000000 0.000000 0.000000 0.000000 0.000000 0.000000 0.000000 0.000000 0.000000 0.000000 0.000000 0.000000 0.000000 0.000000 0.000000 0.000000 0.000000 0.000000 0.000000 0.000000 0.000000
-0.304384 -0.103570 1.225821 -7.375336 -0.646382 9.285754 -11.996628 -15.022388 1.268952 35.374797 1.732469 -11.076010 -18.309160 1.640522 12.879029 -1.372493 -8.646449 -0.402090 -11.590798 21.091159 -1.058364 31.846583 1.828168 4.591043 -9.201492 -6.182684 -6.446941 -0.115830 -2.770908 -0.366209 6.173913 -0.847646 4.312523 6.666249 -1.621239 0.117911 -6.953521 3.310028 4.097066 6.892786 1.418796 7.403728 4.595129 0.182647 4.469527 4.174104 15.256325 -1.039977 10.203263 40.575149 -17.796162 14.547542 1.440628 -22.079790 -3.075487 -3.268089 -8.463237 0.000000 0.000000 0.000000 0.000000 0.000000 0.000000 0.000000 0.000000 0.000000 0.000000 0.000000 0.000000 0.000000 0.000000 0.000000 0.000000 0.000000 0.000000 0.000000 0.000000 0.000000 0.000000 0.000000 0.000000 0.000000 0.000000 0.000000 0.000000 0.000000 0.000000 0.000000 0.000000 0.000000 0.000000 0.000000 0.000000 0.000000 0.000000 0.000000 0.000000 0.000000 0.000000 0.595672 -8.680000 9.769133 31.451635 -49.401358 47.762506 14.841041 -1.035968 27.253824 -11.390612 -1.243530 2.496255 0.000000 0.000000 0.000000 0.000000 0.000000 0.000000 0.000000 0.000000 0.000000 0.000000 0.000000 0.000000 0.000000 0.000000 0.000000 0.000000 0.000000 0.000000 0.000000 0.000000 0.000000 0.000000 0.000000 0.000000 0.000000 0.000000 0.000000 0.000000 0.000000 0.000000 0.000000 0.000000 0.000000 0.000000 0.000000 0.000000 0.000000 0.000000 0.000000 0.000000 0.000000 0.000000
-0.340813 -0.099608 1.228732 -7.109337 -0.364454 9.528996 -11.935927 -13.081299 1.293106 36.051547 2.210758 -10.431430 -19.971566 0.004293 12.525110 -1.297014 -8.028581 -0.385992 -10.902860 22.668191 -1.669135 29.647580 2.929010 3.766635 -4.931249 -7.783297 -7.216948 -0.243586 -2.432793 -0.263659 5.373918 -0.851234 4.981770 7.261288 -2.083737 0.288195 -7.803520 3.177628 4.639950 7.583491 1.120517 6.060685 4.510690 -0.047668 3.839059 4.480231 14.984234 -1.556535 8.807813 39.165346 -16.335918 14.439865 2.162440 -21.455428 -2.345748 -3.370483 -8.186692 0.000000 0.000000 0.000000 0.000000 0.000000 0.000000 0.000000 0.000000 0.000000 0.000000 0.000000 0.000000 0.000000 0.000000 0.000000 0.000000 0.000000 0.000000 0.000000 0.000000 0.000000 0.000000 0.000000 0.000000 0.000000 0.000000 0.000000 0.000000 0.000000 0.000000 0.000000 0.000000 0.000000 0.000000 0.000000 0.000000 0.000000 0.000000 0.000000 0.000000 0.000000 0.000000 1.018229 -8.174691 10.882799 31.110079 -48.805958 48.814689 14.754313 -1.995334 28.604803 -13.876800 -1.955641 2.506394 0.000000 0.000000 0.000000 0.000000 0.000000 0.000000 0.000000 0.000000 0.000000 0.000000 0.000000 0.000000 0.000000 0.000000 0.000000 0.000000 0.000000 0.000000 0.000000 0.000000 0.000000 0.000000 0.000000 0.000000 0.000000 0.000000 0.000000 0.000000 0.000000 0.000000 0.000000 0.000000 0.000000 0.000000 0.000000 0.000000 0.000000 0.000000 0.000000 0.000000 0.000000 0.000000
-0.358687 -0.107707 1.232440 -7.381010 -0.713486 9.940901 -11.903339 -11.456559 1.186272 36.258895 2.691117 -9.664241 -19.853252 -0.375411 12.067019 -1.176653 -7.627491 -0.417039 -10.714731 23.251368 -1.684838 29.135706 3.613519 2.805888 -2.786588 -8.149936 -8.245894 -0.393323 -2.186349 -0.125444 5.323524 -0.734277 5.393583 7.619915 -2.368543 0.351660 -8.553401 3.147961 5.011342 7.848953 1.200472 5.553566 4.192604 -0.229143 3.875777 4.614463 14.407619 -2.013378 8.012787 38.093430 -15.675078 14.571073 2.547862 -21.067670 -1.652541 -3.576434 -7.892987 0.000000 0.000000 0.000000 0.000000 0.000000 0.000000 0.000000 0.000000 0.000000 0.000000 0.000000 0.000000 0.000000 0.000000 0.000000 0.000000 0.000000 0.000000 0.000000 0.000000 0.000000 0.000000 0.000000 0.000000 0.000000 0.000000 0.000000 0.000000 0.000000 0.000000 0.000000 0.000000 0.000000 0.000000 0.000000 0.000000 0.000000 0.000000 0.000000 0.000000 0.000000 0.000000 1.188698 -7.813578 11.444994 31.201635 -48.226347 49.750464 14.847141 -2.099496 29.897142 -14.659141 -2.128573 2.304241 0.000000 0.000000 0.000000 0.000000 0.000000 0.000000 0.000000 0.000000 0.000000 0.000000 0.000000 0.000000 0.000000 0.000000 0.000000 0.000000 0.000000 0.000000 0.000000 0.000000 0.000000 0.000000 0.000000 0.000000 0.000000 0.000000 0.000000 0.000000 0.000000 0.000000 0.000000 0.000000 0.000000 0.000000 0.000000 0.000000 0.000000 0.000000 0.000000 0.000000 0.000000 0.000000
-0.372907 -0.113729 1.236940 -7.576111 -1.130073 10.268749 -11.963696 -10.002591 1.189158 36.640399 3.142224 -8.879029 -19.304741 -0.400392 11.744865 -1.031972 -7.343328 -0.424806 -10.988371 23.596511 -1.570294 29.671131 4.067900 1.937634 -1.096169 -8.617596 -8.666899 -0.419631 -2.026016 0.017114 5.364302 -0.727357 5.716723 7.907642 -2.658497 0.304151 -9.131839 3.109666 5.282122 8.113785 1.254038 4.941667 4.190152 -0.239769 3.571661 4.780762 13.735045 -2.795537 7.079494 37.005760 -15.517434 14.462695 2.809296 -20.491314 -1.084670 -3.951297 -7.665062 0.000000 0.000000 0.000000 0.000000 0.000000 0.000000 0.000000 0.000000 0.000000 0.000000 0.000000 0.000000 0.000000 0.000000 0.000000 0.000000 0.000000 0.000000 0.000000 0.000000 0.000000 0.000000 0.000000 0.000000 0.000000 0.000000 0.000000 0.000000 0.000000 0.000000 0.000000 0.000000 0.000000 0.000000 0.000000 0.000000 0.000000 0.000000 0.000000 0.000000 0.000000 0.000000 1.176126 -7.253690 12.210128 30.989990 -47.417978 50.570491 15.023913 -1.919064 31.409914 -15.492158 -2.259743 2.125603 0.000000 0.000000 0.000000 0.000000 0.000000 0.000000 0.000000 0.000000 0.000000 0.000000 0.000000 0.000000 0.000000 0.000000 0.000000 0.000000 0.000000 0.000000 0.000000 0.000000 0.000000 0.000000 0.000000 0.000000 0.000000 0.000000 0.000000 0.000000 0.000000 0.000000 0.000000 0.000000 0.000000 0.000000 0.000000 0.000000 0.000000 0.000000 0.000000 0.000000 0.000000 0.000000
-0.390887 -0.122791 1.242396 -7.852913 -1.422193 10.661080 -11.720573 -8.299146 1.127887 36.340048 3.375219 -8.510526 -18.985066 -0.757392 11.721659 -0.836957 -6.902668 -0.464486 -11.689098 23.434775 -1.210345 30.876217 4.420809 1.032056 0.232775 -8.952385 -9.206117 -0.336217 -1.725631 0.088164 5.335457 -0.686525 5.916875 8.369971 -3.076292 0.268966 -9.923834 3.032224 5.549545 8.928799 1.400399 4.067889 4.057504 -0.317117 3.396227 4.996269 13.338488 -3.630971 6.126448 35.523333 -15.310278 13.731164 3.154506 -20.239744 -0.373072 -4.136252 -7.485769 0.000000 0.000000 0.000000 0.000000 0.000000 0.000000 0.000000 0.000000 0.000000 0.000000 0.000000 0.000000 0.000000 0.000000 0.000000 0.000000 0.000000 0.000000 0.000000 0.000000 0.000000 0.000000 0.000000 0.000000 0.000000 0.000000 0.000000 0.000000 0.000000 0.000000 0.000000 0.000000 0.000000 0.000000 0.000000 0.000000 0.000000 0.000000 0.000000 0.000000 0.000000 0.000000 1.248667 -6.763409 13.035876 30.183795 -46.297002 50.925664 15.252810 -1.721072 34.154733 -16.236220 -2.992847 2.071870 0.000000 0.000000 0.000000 0.000000 0.000000 0.000000 0.000000 0.000000 0.000000 0.000000 0.000000 0.000000 0.000000 0.000000 0.000000 0.000000 0.000000 0.000000 0.000000 0.000000 0.000000 0.000000 0.000000 0.000000 0.000000 0.000000 0.000000 0.000000 0.000000 0.000000 0.000000 0.000000 0.000000 0.000000 0.000000 0.000000 0.000000 0.000000 0.000000 0.000000 0.000000 0.000000
-0.407581 -0.128399 1.248331 -8.043737 -1.786265 11.079938 -11.393883 -6.381233 0.922484 35.967110 3.326913 -8.279904 -18.524736 -0.945453 12.022648 -0.744161 -6.559898 -0.465838 -13.477114 22.616993 -0.096531 34.171522 4.744290 0.341698 0.556305 -8.633802 -9.638200 -0.068128 -1.466360 0.239187 5.557357 -0.576880 5.826499 8.841953 -3.361614 0.161485 -10.870938 3.099874 5.744740 9.834078 1.638776 3.602523 4.005664 -0.389633 3.185370 5.171259 12.773865 -4.657585 5.014187 33.666555 -15.119419 12.678136 3.750191 -19.983413 0.062176 -4.364305 -7.147501 0.000000 0.000000 0.000000 0.000000 0.000000 0.000000 0.000000 0.000000 0.000000 0.000000 0.000000 0.000000 0.000000 0.000000 0.000000 0.000000 0.000000 0.000000 0.000000 0.000000 0.000000 0.000000 0.000000 0.000000 0.000000 0.000000 0.000000 0.000000 0.000000 0.000000 0.000000 0.000000 0.000000 0.000000 0.000000 0.000000 0.000000 0.000000 0.000000 0.000000 0.000000 0.000000 1.095786 -6.009500 14.036773 29.379301 -45.137670 51.548017 15.101092 -1.628459 36.946862 -17.486439 -3.438718 2.124885 0.000000 0.000000 0.000000 0.000000 0.000000 0.000000 0.000000 0.000000 0.000000 0.000000 0.000000 0.000000 0.000000 0.000000 0.000000 0.000000 0.000000 0.000000 0.000000 0.000000 0.000000 0.000000 0.000000 0.000000 0.000000 0.000000 0.000000 0.000000 0.000000 0.000000 0.000000 0.000000 0.000000 0.000000 0.000000 0.000000 0.000000 0.000000 0.000000 0.000000 0.000000 0.000000
-0.425212 -0.136104 1.254923 -8.595530 -1.636831 12.271543 -10.669819 -4.990556 0.971762 35.044740 2.902960 -8.325163 -18.501998 -1.086219 12.915883 -0.547316 -6.483191 -0.570415 -15.535947 20.520051 1.397126 39.419877 4.994696 0.033244 -0.969520 -7.589054 -10.413120 0.234342 -0.670191 0.323582 5.580716 -0.082334 5.537352 9.991428 -4.190550 -0.287582 -12.589681 2.926815 5.950531 11.089671 2.075614 2.991335 3.651310 -0.681513 3.499728 5.890473 12.254317 -6.257757 3.278902 31.263454 -14.886259 10.734494 4.131079 -19.391900 1.183768 -5.751541 -7.171854 0.000000 0.000000 0.000000 0.000000 0.000000 0.000000 0.000000 0.000000 0.000000 0.000000 0.000000 0.000000 0.000000 0.000000 0.000000 0.000000 0.000000 0.000000 0.000000 0.000000 0.000000 0.000000 0.000000 0.000000 0.000000 0.000000 0.000000 0.000000 0.000000 0.000000 0.000000 0.000000 0.000000 0.000000 0.000000 0.000000 0.000000 0.000000 0.000000 0.000000 0.000000 0.000000 1.493782 -5.252550 15.419836 27.057871 -43.141004 51.307239 15.483758 -1.000300 41.139341 -17.524100 -2.214092 3.240934 0.000000 0.000000 0.000000 0.000000 0.000000 0.000000 0.000000 0.000000 0.000000 0.000000 0.000000 0.000000 0.000000 0.000000 0.000000 0.000000 0.000000 0.000000 0.000000 0.000000 0.000000 0.000000 0.000000 0.000000 0.000000 0.000000 0.000000 0.000000 0.000000 0.000000 0.000000 0.000000 0.000000 0.000000 0.000000 0.000000 0.000000 0.000000 0.000000 0.000000 0.000000 0.000000
-0.437267 -0.142074 1.261038 -8.865022 -1.900785 13.162555 -10.239390 -3.762497 0.866226 34.193391 2.979040 -8.791084 -17.864395 -0.889777 12.839154 -0.531004 -6.598390 -0.672659 -17.708231 18.554966 2.262520 44.414778 4.240401 -0.695549 -1.525421 -6.544590 -10.663057 0.681580 -0.697973 0.619782 5.999650 0.224870 5.262899 9.948757 -4.475123 -0.582302 -12.860955 2.729495 5.850780 11.420744 2.075642 3.012515 3.427103 -1.015829 2.950671 5.569155 11.822545 -7.288683 2.344011 29.832277 -14.747605 9.130189 4.258397 -19.170431 0.998460 -5.511976 -7.315334 0.000000 0.000000 0.000000 0.000000 0.000000 0.000000 0.000000 0.000000 0.000000 0.000000 0.000000 0.000000 0.000000 0.000000 0.000000 0.000000 0.000000 0.000000 0.000000 0.000000 0.000000 0.000000 0.000000 0.000000 0.000000 0.000000 0.000000 0.000000 0.000000 0.000000 0.000000 0.000000 0.000000 0.000000 0.000000 0.000000 0.000000 0.000000 0.000000 0.000000 0.000000 0.000000 1.069616 -4.895761 16.396122 25.324176 -41.631172 50.663447 15.857477 -0.044576 44.984917 -17.862404 -2.089518 3.743634 0.000000 0.000000 0.000000 0.000000 0.000000 0.000000 0.000000 0.000000 0.000000 0.000000 0.000000 0.000000 0.000000 0.000000 0.000000 0.000000 0.000000 0.000000 0.000000 0.000000 0.000000 0.000000 0.000000 0.000000 0.000000 0.000000 0.000000 0.000000 0.000000 0.000000 0.000000 0.000000 0.000000 0.000000 0.000000 0.000000 0.000000 0.000000 0.000000 0.000000 0.000000 0.000000
-0.445595 -0.148813 1.267174 -9.297193 -2.427710 13.803655 -9.540368 -2.629665 0.716711 33.464013 2.919835 -9.077306 -17.126331 -0.365718 12.144353 -0.522168 -6.849248 -0.645030 -19.622987 16.224122 3.047751 49.279391 3.678848 -1.443926 -2.509606 -5.610825 -10.515171 1.038843 -0.810797 0.609136 6.346815 0.732175 5.117335 10.143628 -4.610672 -0.897545 -12.867694 2.642692 5.861004 12.183814 2.028266 3.607720 3.392098 -0.831407 2.766351 5.042230 10.882636 -8.817947 0.708703 28.451821 -15.052598 7.641694 4.083151 -18.166606 2.392784 -5.990137 -7.062172 0.000000 0.000000 0.000000 0.000000 0.000000 0.000000 0.000000 0.000000 0.000000 0.000000 0.000000 0.000000 0.000000 0.000000 0.000000 0.000000 0.000000 0.000000 0.000000 0.000000 0.000000 0.000000 0.000000 0.000000 0.000000 0.000000 0.000000 0.000000 0.000000 0.000000 0.000000 0.000000 0.000000 0.000000 0.000000 0.000000 0.000000 0.000000 0.000000 0.000000 0.000000 0.000000 0.191326 -4.060812 17.457572 23.592766 -40.481436 50.417971 15.864581 1.294554 48.361726 -17.148319 -1.408015 3.882236 0.000000 0.000000 0.000000 0.000000 0.000000 0.000000 0.000000 0.000000 0.000000 0.000000 0.000000 0.000000 0.000000 0.000000 0.000000 0.000000 0.000000 0.000000 0.000000 0.000000 0.000000 0.000000 0.000000 0.000000 0.000000 0.000000 0.000000 0.000000 0.000000 0.000000 0.000000 0.000000 0.000000 0.000000 0.000000 0.000000 0.000000 0.000000 0.000000 0.000000 0.000000 0.000000
-0.453538 -0.153622 1.272300 -9.443480 -2.722801 14.543960 -9.421310 -1.589342 0.428651 32.946901 2.590561 -9.297595 -16.623172 -0.088105 12.026251 -0.541404 -6.972254 -0.717978 -22.695084 13.468957 3.969523 54.635496 2.071489 -2.112263 -4.285048 -4.263710 -10.338911 1.224966 -0.485678 0.790554 6.419064 1.180993 4.714018 10.306443 -4.868877 -1.314042 -13.254727 2.582976 6.032117 12.548684 2.103236 3.824776 3.065793 -1.218915 3.145939 4.608395 10.067092 -9.969022 -0.413344 26.596977 -15.635930 4.778895 4.156392 -17.014506 2.564134 -5.898477 -6.660414 0.000000 0.000000 0.000000 0.000000 0.000000 0.000000 0.000000 0.000000 0.000000 0.000000 0.000000 0.000000 0.000000 0.000000 0.000000 0.000000 0.000000 0.000000 0.000000 0.000000 0.000000 0.000000 0.000000 0.000000 0.000000 0.000000 0.000000 0.000000 0.000000 0.000000 0.000000 0.000000 0.000000 0.000000 0.000000 0.000000 0.000000 0.000000 0.000000 0.000000 0.000000 0.000000 -0.296809 -3.286462 18.285969 21.502784 -38.319012 50.176873 15.370306 2.034394 52.414621 -17.165198 -1.953363 4.085161 0.000000 0.000000 0.000000 0.000000 0.000000 0.000000 0.000000 0.000000 0.000000 0.000000 0.000000 0.000000 0.000000 0.000000 0.000000 0.000000 0.000000 0.000000 0.000000 0.000000 0.000000 0.000000 0.000000 0.000000 0.000000 0.000000 0.000000 0.000000 0.000000 0.000000 0.000000 0.000000 0.000000 0.000000 0.000000 0.000000 0.000000 0.000000 0.000000 0.000000 0.000000 0.000000
-0.456880 -0.158742 1.276686 -9.648964 -3.503697 15.206340 -9.008167 -0.229306 -0.073538 32.334688 2.482465 -9.873090 -16.432338 -0.111286 12.266629 -0.404710 -6.958996 -0.740906 -25.879200 11.284197 4.587925 60.176188 -0.307808 -2.321163 -5.819687 -3.406062 -9.994903 1.513456 -0.248032 0.994772 6.744559 1.924056 4.338889 10.685294 -5.154766 -1.709640 -13.745342 2.594725 6.231335 13.411085 2.133629 3.943289 2.583235 -1.972747 3.109794 4.374005 9.479260 -11.526381 -1.688263 24.142370 -16.060400 1.979616 4.366794 -16.510100 3.039813 -6.542500 -6.318001 0.000000 0.000000 0.000000 0.000000 0.000000 0.000000 0.000000 0.000000 0.000000 0.000000 0.000000 0.000000 0.000000 0.000000 0.000000 0.000000 0.000000 0.000000 0.000000 0.000000 0.000000 0.000000 0.000000 0.000000 0.000000 0.000000 0.000000 0.000000 0.000000 0.000000 0.000000 0.000000 0.000000 0.000000 0.000000 0.000000 0.000000 0.000000 0.000000 0.000000 0.000000 0.000000 -0.849921 -2.538197 19.570284 18.587048 -36.279906 49.736986 14.900119 2.418301 55.790228 -17.362292 -1.908808 4.457143 0.000000 0.000000 0.000000 0.000000 0.000000 0.000000 0.000000 0.000000 0.000000 0.000000 0.000000 0.000000 0.000000 0.000000 0.000000 0.000000 0.000000 0.000000 0.000000 0.000000 0.000000 0.000000 0.000000 0.000000 0.000000 0.000000 0.000000 0.000000 0.000000 0.000000 0.000000 0.000000 0.000000 0.000000 0.000000 0.000000 0.000000 0.000000 0.000000 0.000000 0.000000 0.000000
-0.459139 -0.161618 1.279671 -9.466956 -4.173729 16.116216 -9.117416 1.018529 -0.525893 32.186212 2.625844 -9.593241 -16.350922 -0.295751 12.433775 -0.436998 -7.031372 -0.864704 -28.742072 8.637970 4.816873 64.217780 -2.938830 -2.763494 -6.958849 -2.169551 -9.746090 1.719238 -0.392575 1.059987 7.090855 2.567666 3.783376 10.805654 -5.259319 -2.073338 -13.849491 2.620272 6.241641 13.828879 2.130036 4.429323 1.959489 -2.260571 2.318377 3.457296 8.361420 -12.958061 -3.297878 21.302789 -15.815045 -2.223278 4.412058 -15.796209 2.789961 -5.956725 -6.565442 0.000000 0.000000 0.000000 0.000000 0.000000 0.000000 0.000000 0.000000 0.000000 0.000000 0.000000 0.000000 0.000000 0.000000 0.000000 0.000000 0.000000 0.000000 0.000000 0.000000 0.000000 0.000000 0.000000 0.000000 0.000000 0.000000 0.000000 0.000000 0.000000 0.000000 0.000000 0.000000 0.000000 0.000000 0.000000 0.000000 0.000000 0.000000 0.000000 0.000000 0.000000 0.000000 -2.215674 -1.564567 21.117390 15.398475 -34.207973 49.142336 13.660476 3.437297 60.294724 -17.905434 -1.334897 5.997805 0.000000 0.000000 0.000000 0.000000 0.000000 0.000000 0.000000 0.000000 0.000000 0.000000 0.000000 0.000000 0.000000 0.000000 0.000000 0.000000 0.000000 0.000000 0.000000 0.000000 0.000000 0.000000 0.000000 0.000000 0.000000 0.000000 0.000000 0.000000 0.000000 0.000000 0.000000 0.000000 0.000000 0.000000 0.000000 0.000000 0.000000 0.000000 0.000000 0.000000 0.000000 0.000000
-0.462754 -0.164214 1.281622 -9.254971 -4.396648 16.419375 -9.420043 1.881023 -0.997995 32.229159 2.455661 -9.647125 -16.428643 -0.513261 12.698460 -0.442772 -7.378646 -0.972409 -30.526678 6.780594 4.923894 66.620167 -4.359016 -2.666870 -7.416034 -1.723261 -9.401157 1.880070 -0.407526 1.155718 7.429724 3.068982 3.584010 10.877833 -5.391156 -2.367946 -14.274390 2.669844 6.279805 14.400937 1.957828 4.803476 2.098361 -2.469631 2.736057 2.894497 7.604950 -14.024108 -4.619643 19.628448 -16.450322 -4.072649 4.291785 -14.693521 3.193745 -6.302654 -5.799911 0.000000 0.000000 0.000000 0.000000 0.000000 0.000000 0.000000 0.000000 0.000000 0.000000 0.000000 0.000000 0.000000 0.000000 0.000000 0.000000 0.000000 0.000000 0.000000 0.000000 0.000000 0.000000 0.000000 0.000000 0.000000 0.000000 0.000000 0.000000 0.000000 0.000000 0.000000 0.000000 0.000000 0.000000 0.000000 0.000000 0.000000 0.000000 0.000000 0.000000 0.000000 0.000000 -2.898782 -0.927672 21.572502 13.072745 -32.911877 48.893367 11.911337 4.333970 62.526082 -17.859760 -1.042920 6.139974 0.000000 0.000000 0.000000 0.000000 0.000000 0.000000 0.000000 0.000000 0.000000 0.000000 0.000000 0.000000 0.000000 0.000000 0.000000 0.000000 0.000000 0.000000 0.000000 0.000000 0.000000 0.000000 0.000000 0.000000 0.000000 0.000000 0.000000 0.000000 0.000000 0.000000 0.000000 0.000000 0.000000 0.000000 0.000000 0.000000 0.000000 0.000000 0.000000 0.000000 0.000000 0.000000
-0.464203 -0.168392 1.283692 -9.355614 -4.772687 16.830032 -9.513496 2.464708 -1.174089 32.468569 2.496253 -9.406476 -16.383762 -0.589450 12.700717 -0.438738 -7.483945 -1.017911 -32.085348 5.230087 4.826920 68.013021 -5.889661 -3.069637 -7.638933 -1.391366 -9.379223 2.005351 -0.270466 1.263683 7.852939 3.344122 3.329807 10.493792 -5.478802 -2.657110 -14.367127 2.608030 6.338088 14.306353 1.822847 4.631465 1.985732 -2.649697 2.700357 2.231910 6.880926 -14.963775 -6.027005 17.677732 -16.923189 -6.955470 4.326020 -13.746061 2.872527 -6.071678 -4.876672 0.000000 0.000000 0.000000 0.000000 0.000000 0.000000 0.000000 0.000000 0.000000 0.000000 0.000000 0.000000 0.000000 0.000000 0.000000 0.000000 0.000000 0.000000 0.000000 0.000000 0.000000 0.000000 0.000000 0.000000 0.000000 0.000000 0.000000 0.000000 0.000000 0.000000 0.000000 0.000000 0.000000 0.000000 0.000000 0.000000 0.000000 0.000000 0.000000 0.000000 0.000000 0.000000 -3.500917 -0.405400 22.290477 10.699106 -30.915022 48.729574 10.431324 4.734365 64.749156 -17.796301 -1.943656 5.775907 0.000000 0.000000 0.000000 0.000000 0.000000 0.000000 0.000000 0.000000 0.000000 0.000000 0.000000 0.000000 0.000000 0.000000 0.000000 0.000000 0.000000 0.000000 0.000000 0.000000 0.000000 0.000000 0.000000 0.000000 0.000000 0.000000 0.000000 0.000000 0.000000 0.000000 0.000000 0.000000 0.000000 0.000000 0.000000 0.000000 0.000000 0.000000 0.000000 0.000000 0.000000 0.000000
-0.466691 -0.171270 1.285148 -9.298151 -4.706487 17.111604 -9.445086 2.848763 -1.172403 32.195330 2.349885 -9.287089 -16.968169 -0.715100 13.123915 -0.347391 -7.241755 -1.117250 -32.917834 3.913069 4.471296 67.471216 -7.063886 -3.753604 -8.419196 -1.425828 -9.416680 2.209675 0.228691 1.371724 8.190009 3.719589 3.109086 10.757943 -5.791454 -3.049828 -15.466982 2.467567 6.326866 14.917582 1.921009 4.225498 1.707280 -3.213154 3.226983 1.914275 6.010649 -16.248199 -7.455285 16.123675 -17.760650 -10.007526 4.360539 -12.063254 2.502115 -6.662412 -4.356858 0.000000 0.000000 0.000000 0.000000 0.000000 0.000000 0.000000 0.000000 0.000000 0.000000 0.000000 0.000000 0.000000 0.000000 0.000000 0.000000 0.000000 0.000000 0.000000 0.000000 0.000000 0.000000 0.000000 0.000000 0.000000 0.000000 0.000000 0.000000 0.000000 0.000000 0.000000 0.000000 0.000000 0.000000 0.000000 0.000000 0.000000 0.000000 0.000000 0.000000 0.000000 0.000000 -4.093463 0.735735 23.135722 8.287351 -29.420018 48.872147 8.434540 4.757286 65.279576 -17.238385 -1.223991 6.172455 0.000000 0.000000 0.000000 0.000000 0.000000 0.000000 0.000000 0.000000 0.000000 0.000000 0.000000 0.000000 0.000000 0.000000 0.000000 0.000000 0.000000 0.000000 0.000000 0.000000 0.000000 0.000000 0.000000 0.000000 0.000000 0.000000 0.000000 0.000000 0.000000 0.000000 0.000000 0.000000 0.000000 0.000000 0.000000 0.000000 0.000000 0.000000 0.000000 0.000000 0.000000 0.000000
-0.467159 -0.174086 1.286525 -9.310398 -4.706459 17.098943 -9.410399 2.875253 -1.073880 32.142616 2.718812 -9.369710 -16.901567 -0.676617 13.092251 -0.327349 -6.779531 -1.222868 -33.398298 2.789132 4.238191 65.930627 -7.346495 -4.312694 -8.531110 -1.593028 -9.525958 2.273640 0.568445 1.431378 8.675580 4.078383 2.985355 11.244575 -6.133445 -3.261586 -16.735855 2.242516 6.293417 15.178892 2.264164 3.884250 0.608859 -3.755711 3.573928 1.606338 5.011695 -17.270705 -9.302913 14.127939 -18.110511 -12.326355 4.565628 -10.925352 2.547272 -6.530048 -4.000027 0.000000 0.000000 0.000000 0.000000 0.000000 0.000000 0.000000 0.000000 0.000000 0.000000 0.000000 0.000000 0.000000 0.000000 0.000000 0.000000 0.000000 0.000000 0.000000 0.000000 0.000000 0.000000 0.000000 0.000000 0.000000 0.000000 0.000000 0.000000 0.000000 0.000000 0.000000 0.000000 0.000000 0.000000 0.000000 0.000000 0.000000 0.000000 0.000000 0.000000 0.000000 0.000000 -4.564632 1.987728 23.913886 5.444695 -27.738177 48.673776 6.721464 4.934227 65.664496 -17.025910 -1.106874 6.380665 0.000000 0.000000 0.000000 0.000000 0.000000 0.000000 0.000000 0.000000 0.000000 0.000000 0.000000 0.000000 0.000000 0.000000 0.000000 0.000000 0.000000 0.000000 0.000000 0.000000 0.000000 0.000000 0.000000 0.000000 0.000000 0.000000 0.000000 0.000000 0.000000 0.000000 0.000000 0.000000 0.000000 0.000000 0.000000 0.000000 0.000000 0.000000 0.000000 0.000000 0.000000 0.000000
-0.466062 -0.173543 1.287526 -8.884210 -4.829743 16.385706 -9.740205 2.881397 -0.705872 32.299960 3.430760 -9.360939 -16.769968 -0.391289 12.780063 -0.391408 -6.711471 -1.296375 -33.605215 2.329695 4.054274 63.445893 -7.053839 -4.490426 -6.820284 -2.377334 -9.560631 2.491234 0.708094 1.449004 8.553480 3.811289 2.881112 10.540540 -5.628176 -3.451389 -16.421132 1.941537 6.223773 15.212513 2.288084 3.662986 0.150012 -3.482882 3.266828 0.169651 3.555329 -18.103804 -10.773830 11.623235 -18.612521 -14.642680 4.440147 -9.451156 3.225726 -5.572663 -3.681072 0.000000 0.000000 0.000000 0.000000 0.000000 0.000000 0.000000 0.000000 0.000000 0.000000 0.000000 0.000000 0.000000 0.000000 0.000000 0.000000 0.000000 0.000000 0.000000 0.000000 0.000000 0.000000 0.000000 0.000000 0.000000 0.000000 0.000000 0.000000 0.000000 0.000000 0.000000 0.000000 0.000000 0.000000 0.000000 0.000000 0.000000 0.000000 0.000000 0.000000 0.000000 0.000000 -6.241573 3.474995 24.658506 2.681300 -26.123609 48.431353 4.410352 5.231881 65.230035 -16.221105 -0.989500 5.992773 0.000000 0.000000 0.000000 0.000000 0.000000 0.000000 0.000000 0.000000 0.000000 0.000000 0.000000 0.000000 0.000000 0.000000 0.000000 0.000000 0.000000 0.000000 0.000000 0.000000 0.000000 0.000000 0.000000 0.000000 0.000000 0.000000 0.000000 0.000000 0.000000 0.000000 0.000000 0.000000 0.000000 0.000000 0.000000 0.000000 0.000000 0.000000 0.000000 0.000000 0.000000 0.000000
-0.463039 -0.172484 1.289224 -8.481563 -5.076354 16.125910 -10.127107 3.123251 -0.858063 32.538366 3.652410 -9.569972 -16.204926 0.070425 12.598763 -0.274430 -6.400448 -1.329117 -33.353720 2.209247 4.113770 61.302990 -6.166511 -4.426628 -6.618045 -2.857776 -9.657626 2.572101 0.986288 1.517646 8.411416 3.876984 3.039370 10.832622 -5.512528 -3.375874 -16.961563 1.751673 6.342286 15.158040 2.612606 3.163774 -0.642167 -3.800669 3.182276 -0.258632 2.854837 -18.674384 -12.013096 9.925584 -19.245833 -16.511459 4.611287 -8.781876 3.310460 -6.190268 -3.677773 0.000000 0.000000 0.000000 0.000000 0.000000 0.000000 0.000000 0.000000 0.000000 0.000000 0.000000 0.000000 0.000000 0.000000 0.000000 0.000000 0.000000 0.000000 0.000000 0.000000 0.000000 0.000000 0.000000 0.000000 0.000000 0.000000 0.000000 0.000000 0.000000 0.000000 0.000000 0.000000 0.000000 0.000000 0.000000 0.000000 0.000000 0.000000 0.000000 0.000000 0.000000 0.000000 -6.521074 4.423145 24.991861 0.323834 -24.542794 47.780592 2.960872 4.983409 64.963341 -16.177409 -0.612318 5.909059 0.000000 0.000000 0.000000 0.000000 0.000000 0.000000 0.000000 0.000000 0.000000 0.000000 0.000000 0.000000 0.000000 0.000000 0.000000 0.000000 0.000000 0.000000 0.000000 0.000000 0.000000 0.000000 0.000000 0.000000 0.000000 0.000000 0.000000 0.000000 0.000000 0.000000 0.000000 0.000000 0.000000 0.000000 0.000000 0.000000 0.000000 0.000000 0.000000 0.000000 0.000000 0.000000
-0.461786 -0.171762 1.291210 -8.245307 -4.833401 15.600648 -10.328732 2.738784 -0.658385 32.719384 3.831478 -9.411197 -15.954664 0.363603 12.341876 -0.286869 -6.261849 -1.447786 -33.190423 2.515471 3.777136 59.885209 -6.013158 -4.359646 -6.135657 -3.371531 -9.162983 2.553463 1.102308 1.575376 8.687086 3.742920 3.143115 10.850891 -5.523486 -3.204774 -17.551718 1.475245 6.352586 15.133882 2.661195 2.785341 -0.806469 -3.932554 3.025315 -0.904492 1.995674 -19.121136 -13.227509 8.363321 -19.493228 -18.016846 4.740041 -8.122097 3.142670 -6.301811 -3.645517 0.000000 0.000000 0.000000 0.000000 0.000000 0.000000 0.000000 0.000000 0.000000 0.000000 0.000000 0.000000 0.000000 0.000000 0.000000 0.000000 0.000000 0.000000 0.000000 0.000000 0.000000 0.000000 0.000000 0.000000 0.000000 0.000000 0.000000 0.000000 0.000000 0.000000 0.000000 0.000000 0.000000 0.000000 0.000000 0.000000 0.000000 0.000000 0.000000 0.000000 0.000000 0.000000 -7.244628 5.530076 25.411808 -2.044104 -23.302078 47.675392 1.313462 4.488909 63.032221 -15.952432 -0.469320 5.682140 0.000000 0.000000 0.000000 0.000000 0.000000 0.000000 0.000000 0.000000 0.000000 0.000000 0.000000 0.000000 0.000000 0.000000 0.000000 0.000000 0.000000 0.000000 0.000000 0.000000 0.000000 0.000000 0.000000 0.000000 0.000000 0.000000 0.000000 0.000000 0.000000 0.000000 0.000000 0.000000 0.000000 0.000000 0.000000 0.000000 0.000000 0.000000 0.000000 0.000000 0.000000 0.000000
-0.459788 -0.171701 1.293583 -8.179395 -4.551114 14.639903 -10.529752 2.385836 -0.513742 33.093099 4.042624 -9.484609 -15.772861 0.453406 12.853392 -0.310311 -6.294984 -1.456631 -33.721233 3.240816 3.491393 59.999702 -6.635039 -4.301907 -6.227381 -3.798703 -9.229577 2.561604 1.207246 1.571681 8.746692 3.594969 3.247768 10.723394 -5.431850 -2.993902 -18.048417 1.248643 6.515445 15.143004 2.961236 2.850734 -1.072451 -4.019597 2.845240 -1.704600 0.834132 -19.129697 -14.438831 6.018822 -19.785168 -19.449804 4.975598 -7.798507 2.856969 -7.133486 -4.176484 0.000000 0.000000 0.000000 0.000000 0.000000 0.000000 0.000000 0.000000 0.000000 0.000000 0.000000 0.000000 0.000000 0.000000 0.000000 0.000000 0.000000 0.000000 0.000000 0.000000 0.000000 0.000000 0.000000 0.000000 0.000000 0.000000 0.000000 0.000000 0.000000 0.000000 0.000000 0.000000 0.000000 0.000000 0.000000 0.000000 0.000000 0.000000 0.000000 0.000000 0.000000 0.000000 -7.802676 6.871582 25.665718 -4.576919 -21.561093 46.505947 0.240369 3.933644 62.352741 -15.781864 0.424807 5.760282 0.000000 0.000000 0.000000 0.000000 0.000000 0.000000 0.000000 0.000000 0.000000 0.000000 0.000000 0.000000 0.000000 0.000000 0.000000 0.000000 0.000000 0.000000 0.000000 0.000000 0.000000 0.000000 0.000000 0.000000 0.000000 0.000000 0.000000 0.000000 0.000000 0.000000 0.000000 0.000000 0.000000 0.000000 0.000000 0.000000 0.000000 0.000000 0.000000 0.000000 0.000000 0.000000
-0.457665 -0.173526 1.296326 -8.509088 -4.138303 13.634158 -10.352942 1.749369 -0.077859 33.202041 4.279839 -9.182530 -15.530488 0.612249 13.402569 -0.220130 -6.177169 -1.496621 -33.705444 4.437442 3.156350 60.508767 -7.397544 -4.286864 -6.442571 -4.394578 -9.298575 2.706454 1.487901 1.669179 8.824906 3.278237 3.441848 10.688484 -5.329302 -2.637189 -18.476517 1.065633 6.677904 15.150314 3.048277 2.609329 -1.462475 -4.171763 2.845202 -2.216000 0.045331 -19.365617 -15.765293 3.686495 -19.819259 -20.900381 5.139846 -7.238282 3.005330 -7.688474 -4.297808 0.000000 0.000000 0.000000 0.000000 0.000000 0.000000 0.000000 0.000000 0.000000 0.000000 0.000000 0.000000 0.000000 0.000000 0.000000 0.000000 0.000000 0.000000 0.000000 0.000000 0.000000 0.000000 0.000000 0.000000 0.000000 0.000000 0.000000 0.000000 0.000000 0.000000 0.000000 0.000000 0.000000 0.000000 0.000000 0.000000 0.000000 0.000000 0.000000 0.000000 0.000000 0.000000 -8.004054 7.521749 26.017877 -7.335675 -19.568996 45.741299 -0.681615 3.637185 60.656790 -14.441164 1.064205 5.852662 0.000000 0.000000 0.000000 0.000000 0.000000 0.000000 0.000000 0.000000 0.000000 0.000000 0.000000 0.000000 0.000000 0.000000 0.000000 0.000000 0.000000 0.000000 0.000000 0.000000 0.000000 0.000000 0.000000 0.000000 0.000000 0.000000 0.000000 0.000000 0.000000 0.000000 0.000000 0.000000 0.000000 0.000000 0.000000 0.000000 0.000000 0.000000 0.000000 0.000000 0.000000 0.000000
-0.456852 -0.174452 1.298390 -8.729231 -3.477434 12.576337 -10.718253 0.774249 0.380598 33.865744 4.632972 -8.953919 -14.957886 0.680170 13.936676 -0.268457 -5.907155 -1.461807 -33.449509 6.430130 2.499085 61.265127 -8.154477 -4.192888 -6.147590 -5.120314 -9.277265 2.697946 1.749748 1.792115 8.738189 2.878057 3.649844 10.738077 -5.254661 -2.052377 -19.027066 0.698301 6.865732 15.329280 2.884286 2.316303 -1.737561 -4.545199 2.392611 -3.224738 -1.226382 -18.981463 -16.742740 1.070625 -20.038338 -22.616454 5.290662 -7.482231 2.387089 -8.596250 -4.797170 0.000000 0.000000 0.000000 0.000000 0.000000 0.000000 0.000000 0.000000 0.000000 0.000000 0.000000 0.000000 0.000000 0.000000 0.000000 0.000000 0.000000 0.000000 0.000000 0.000000 0.000000 0.000000 0.000000 0.000000 0.000000 0.000000 0.000000 0.000000 0.000000 0.000000 0.000000 0.000000 0.000000 0.000000 0.000000 0.000000 0.000000 0.000000 0.000000 0.000000 0.000000 0.000000 -8.471804 8.603011 26.245519 -10.661821 -16.738563 44.678555 -2.287645 1.906676 58.480609 -14.423923 1.082039 6.310134 0.000000 0.000000 0.000000 0.000000 0.000000 0.000000 0.000000 0.000000 0.000000 0.000000 0.000000 0.000000 0.000000 0.000000 0.000000 0.000000 0.000000 0.000000 0.000000 0.000000 0.000000 0.000000 0.000000 0.000000 0.000000 0.000000 0.000000 0.000000 0.000000 0.000000 0.000000 0.000000 0.000000 0.000000 0.000000 0.000000 0.000000 0.000000 0.000000 0.000000 0.000000 0.000000
-0.456098 -0.174851 1.299994 -8.937196 -2.827604 11.333828 -10.901000 -0.027372 0.766044 34.315101 4.763400 -8.718146 -14.652556 0.522446 14.443672 -0.269538 -5.833867 -1.477362 -33.207933 7.716449 2.063638 62.113074 -8.501241 -3.938206 -6.381330 -5.136070 -9.352898 2.687264 1.726671 1.861244 8.797367 2.469949 3.787001 10.378595 -5.146594 -1.716621 -18.925334 0.417669 6.903702 15.119724 2.689194 2.367595 -1.693869 -4.636812 2.115201 -4.162655 -2.154904 -18.536643 -17.303824 -0.392997 -19.964181 -23.888501 5.388107 -7.882977 1.341867 -9.106106 -4.982839 0.000000 0.000000 0.000000 0.000000 0.000000 0.000000 0.000000 0.000000 0.000000 0.000000 0.000000 0.000000 0.000000 0.000000 0.000000 0.000000 0.000000 0.000000 0.000000 0.000000 0.000000 0.000000 0.000000 0.000000 0.000000 0.000000 0.000000 0.000000 0.000000 0.000000 0.000000 0.000000 0.000000 0.000000 0.000000 0.000000 0.000000 0.000000 0.000000 0.000000 0.000000 0.000000 -9.111737 9.216442 26.176115 -12.166596 -15.085975 44.106747 -3.282035 1.047960 57.897660 -14.701355 1.165818 6.388486 0.000000 0.000000 0.000000 0.000000 0.000000 0.000000 0.000000 0.000000 0.000000 0.000000 0.000000 0.000000 0.000000 0.000000 0.000000 0.000000 0.000000 0.000000 0.000000 0.000000 0.000000 0.000000 0.000000 0.000000 0.000000 0.000000 0.000000 0.000000 0.000000 0.000000 0.000000 0.000000 0.000000 0.000000 0.000000 0.000000 0.000000 0.000000 0.000000 0.000000 0.000000 0.000000
-0.455821 -0.175192 1.300906 -9.240278 -2.100429 9.954408 -10.749778 -0.869963 1.402858 34.554748 4.695936 -8.412914 -14.789158 0.275804 14.847635 -0.296935 -5.776445 -1.417731 -32.153052 8.907351 1.397352 62.234488 -8.569255 -3.869992 -6.686640 -5.123505 -9.231693 2.711628 1.562088 1.821968 8.631577 1.850017 4.063515 9.961816 -4.898107 -1.568467 -18.312283 0.136151 6.937995 15.055357 2.209557 2.865277 -1.459111 -4.535919 1.825994 -5.438981 -3.182492 -18.312827 -17.518438 -1.184922 -19.820333 -24.612881 5.372537 -8.122165 0.177004 -9.037153 -5.330498 0.000000 0.000000 0.000000 0.000000 0.000000 0.000000 0.000000 0.000000 0.000000 0.000000 0.000000 0.000000 0.000000 0.000000 0.000000 0.000000 0.000000 0.000000 0.000000 0.000000 0.000000 0.000000 0.000000 0.000000 0.000000 0.000000 0.000000 0.000000 0.000000 0.000000 0.000000 0.000000 0.000000 0.000000 0.000000 0.000000 0.000000 0.000000 0.000000 0.000000 0.000000 0.000000 -10.138721 9.670625 26.188722 -13.132357 -14.173821 43.823382 -4.305422 0.364792 56.955388 -15.709507 0.806178 6.441600 0.000000 0.000000 0.000000 0.000000 0.000000 0.000000 0.000000 0.000000 0.000000 0.000000 0.000000 0.000000 0.000000 0.000000 0.000000 0.000000 0.000000 0.000000 0.000000 0.000000 0.000000 0.000000 0.000000 0.000000 0.000000 0.000000 0.000000 0.000000 0.000000 0.000000 0.000000 0.000000 0.000000 0.000000 0.000000 0.000000 0.000000 0.000000 0.000000 0.000000 0.000000 0.000000
-0.460987 -0.185011 1.300660 -9.731671 -1.007493 7.998226 -10.883971 -2.209369 2.302659 34.909069 5.087559 -7.924104 -15.224274 0.163121 15.122963 -0.307487 -5.786123 -1.345728 -31.267636 11.176328 0.787179 62.241588 -8.599619 -3.583874 -7.331209 -5.402386 -9.522963 2.822211 1.550937 1.822894 8.304678 1.421501 4.397421 9.584849 -4.697747 -1.345527 -17.827717 -0.242322 7.042843 14.993581 1.644381 2.991108 -0.995678 -4.745501 2.151617 -6.614771 -4.095313 -17.900938 -17.854812 -2.848396 -19.727625 -24.594564 5.391662 -8.863722 -1.025420 -9.220326 -5.347981 0.000000 0.000000 0.000000 0.000000 0.000000 0.000000 0.000000 0.000000 0.000000 0.000000 0.000000 0.000000 0.000000 0.000000 0.000000 0.000000 0.000000 0.000000 0.000000 0.000000 0.000000 0.000000 0.000000 0.000000 0.000000 0.000000 0.000000 0.000000 0.000000 0.000000 0.000000 0.000000 0.000000 0.000000 0.000000 0.000000 0.000000 0.000000 0.000000 0.000000 0.000000 0.000000 -10.780108 10.076395 25.662127 -14.420462 -12.625672 43.232612 -5.146694 -0.361246 57.216972 -15.994108 0.931133 5.968856 0.000000 0.000000 0.000000 0.000000 0.000000 0.000000 0.000000 0.000000 0.000000 0.000000 0.000000 0.000000 0.000000 0.000000 0.000000 0.000000 0.000000 0.000000 0.000000 0.000000 0.000000 0.000000 0.000000 0.000000 0.000000 0.000000 0.000000 0.000000 0.000000 0.000000 0.000000 0.000000 0.000000 0.000000 0.000000 0.000000 0.000000 0.000000 0.000000 0.000000 0.000000 0.000000
-0.459845 -0.186240 1.299556 -9.918271 -0.212208 6.263537 -10.936723 -3.437592 2.989536 35.481978 5.227969 -7.839542 -16.026997 -0.085448 15.409658 -0.272609 -5.791238 -1.307636 -29.986170 13.318960 0.411977 61.414697 -7.994547 -3.377275 -7.640367 -5.500413 -9.986352 2.871655 1.594953 1.793226 8.329627 0.913413 4.812031 9.025682 -4.179805 -0.974338 -17.216766 -0.421927 7.099296 14.700298 1.614975 3.346830 -1.398542 -4.532043 1.559709 -7.951938 -5.268425 -17.632500 -18.357092 -3.925718 -19.794197 -25.757124 5.396390 -9.178846 -2.804678 -8.601902 -5.249596 0.000000 0.000000 0.000000 0.000000 0.000000 0.000000 0.000000 0.000000 0.000000 0.000000 0.000000 0.000000 0.000000 0.000000 0.000000 0.000000 0.000000 0.000000 0.000000 0.000000 0.000000 0.000000 0.000000 0.000000 0.000000 0.000000 0.000000 0.000000 0.000000 0.000000 0.000000 0.000000 0.000000 0.000000 0.000000 0.000000 0.000000 0.000000 0.000000 0.000000 0.000000 0.000000 -11.621723 10.189979 25.590708 -15.080732 -12.070040 43.207201 -6.274711 -0.590676 56.770376 -17.366218 0.524235 5.734994 0.000000 0.000000 0.000000 0.000000 0.000000 0.000000 0.000000 0.000000 0.000000 0.000000 0.000000 0.000000 0.000000 0.000000 0.000000 0.000000 0.000000 0.000000 0.000000 0.000000 0.000000 0.000000 0.000000 0.000000 0.000000 0.000000 0.000000 0.000000 0.000000 0.000000 0.000000 0.000000 0.000000 0.000000 0.000000 0.000000 0.000000 0.000000 0.000000 0.000000 0.000000 0.000000
-0.454341 -0.181639 1.297408 -9.732207 0.676317 4.297431 -11.195654 -5.197458 3.988304 36.262147 5.259351 -7.391418 -16.786776 -0.187906 15.269159 -0.379373 -5.738997 -1.283247 -28.275462 16.370881 -0.328639 58.618627 -6.749946 -3.243713 -7.654455 -6.084578 -10.664547 2.780653 1.534907 1.723166 7.855091 0.033505 5.195421 8.235158 -3.605777 -0.643309 -15.967991 -0.918503 6.895290 14.058183 1.631724 3.171925 -1.575077 -4.308590 2.110427 -9.209954 -6.337945 -17.266185 -18.789002 -5.702781 -19.025493 -27.725844 6.310002 -10.415726 -5.996083 -8.705265 -4.819063 0.000000 0.000000 0.000000 0.000000 0.000000 0.000000 0.000000 0.000000 0.000000 0.000000 0.000000 0.000000 0.000000 0.000000 0.000000 0.000000 0.000000 0.000000 0.000000 0.000000 0.000000 0.000000 0.000000 0.000000 0.000000 0.000000 0.000000 0.000000 0.000000 0.000000 0.000000 0.000000 0.000000 0.000000 0.000000 0.000000 0.000000 0.000000 0.000000 0.000000 0.000000 0.000000 -12.577905 11.236906 25.358498 -16.490203 -9.979121 42.245829 -7.087670 -2.148396 58.031661 -18.568643 1.214857 4.742570 0.000000 0.000000 0.000000 0.000000 0.000000 0.000000 0.000000 0.000000 0.000000 0.000000 0.000000 0.000000 0.000000 0.000000 0.000000 0.000000 0.000000 0.000000 0.000000 0.000000 0.000000 0.000000 0.000000 0.000000 0.000000 0.000000 0.000000 0.000000 0.000000 0.000000 0.000000 0.000000 0.000000 0.000000 0.000000 0.000000 0.000000 0.000000 0.000000 0.000000 0.000000 0.000000
-0.454711 -0.184502 1.295335 -9.815526 1.571857 2.629297 -11.264149 -6.815815 4.931420 36.694653 5.709487 -7.005595 -17.652165 -0.340011 15.172513 -0.301546 -5.239594 -1.279078 -26.207507 18.358640 -1.327294 55.243412 -5.962749 -3.229393 -7.692177 -6.565683 -11.219089 2.758132 1.677001 1.680978 7.593252 -0.199190 5.385970 7.819817 -3.604879 -0.370296 -15.538395 -1.468836 6.762081 14.212611 1.772113 2.028956 -1.904209 -4.349699 1.779029 -9.442306 -7.110564 -17.312323 -19.538739 -7.354667 -18.550088 -29.157564 6.503304 -11.291380 -7.121595 -9.382023 -4.505470 0.000000 0.000000 0.000000 0.000000 0.000000 0.000000 0.000000 0.000000 0.000000 0.000000 0.000000 0.000000 0.000000 0.000000 0.000000 0.000000 0.000000 0.000000 0.000000 0.000000 0.000000 0.000000 0.000000 0.000000 0.000000 0.000000 0.000000 0.000000 0.000000 0.000000 0.000000 0.000000 0.000000 0.000000 0.000000 0.000000 0.000000 0.000000 0.000000 0.000000 0.000000 0.000000 -12.490680 11.888806 25.543154 -18.320624 -8.223896 41.468477 -7.992860 -2.633625 58.009216 -18.751335 1.314325 4.441162 0.000000 0.000000 0.000000 0.000000 0.000000 0.000000 0.000000 0.000000 0.000000 0.000000 0.000000 0.000000 0.000000 0.000000 0.000000 0.000000 0.000000 0.000000 0.000000 0.000000 0.000000 0.000000 0.000000 0.000000 0.000000 0.000000 0.000000 0.000000 0.000000 0.000000 0.000000 0.000000 0.000000 0.000000 0.000000 0.000000 0.000000 0.000000 0.000000 0.000000 0.000000 0.000000
-0.466702 -0.185683 1.292970 -9.999086 2.497084 1.324952 -10.840318 -7.886583 5.991050 36.882563 6.430019 -6.574491 -19.099128 -0.672013 14.907185 -0.220399 -4.859404 -1.212777 -24.040532 19.895230 -2.362013 51.183972 -5.151947 -3.272651 -7.673291 -7.167747 -11.807159 2.829005 1.654328 1.585182 7.056229 -0.641108 5.493102 8.349518 -3.522518 -0.195249 -15.862071 -1.525480 6.738780 15.190647 1.426144 1.308005 -1.497456 -4.791120 1.964145 -9.468476 -7.646549 -16.731446 -20.125235 -8.631504 -18.836335 -30.005526 6.510699 -11.520519 -8.304284 -9.521232 -4.740088 0.000000 0.000000 0.000000 0.000000 0.000000 0.000000 0.000000 0.000000 0.000000 0.000000 0.000000 0.000000 0.000000 0.000000 0.000000 0.000000 0.000000 0.000000 0.000000 0.000000 0.000000 0.000000 0.000000 0.000000 0.000000 0.000000 0.000000 0.000000 0.000000 0.000000 0.000000 0.000000 0.000000 0.000000 0.000000 0.000000 0.000000 0.000000 0.000000 0.000000 0.000000 0.000000 -12.483292 12.306130 25.285699 -19.237186 -7.319800 41.342111 -8.992589 -2.925237 58.376374 -19.260700 1.663190 4.304757 0.000000 0.000000 0.000000 0.000000 0.000000 0.000000 0.000000 0.000000 0.000000 0.000000 0.000000 0.000000 0.000000 0.000000 0.000000 0.000000 0.000000 0.000000 0.000000 0.000000 0.000000 0.000000 0.000000 0.000000 0.000000 0.000000 0.000000 0.000000 0.000000 0.000000 0.000000 0.000000 0.000000 0.000000 0.000000 0.000000 0.000000 0.000000 0.000000 0.000000 0.000000 0.000000
-0.469533 -0.187123 1.289402 -10.094150 3.742129 -0.187565 -10.840936 -9.732784 6.808592 37.562549 6.567352 -6.498547 -20.444153 -0.961430 14.827024 -0.106270 -4.561477 -1.130463 -22.244431 21.822858 -3.224628 46.715302 -4.278559 -3.371749 -6.686375 -8.024319 -12.573898 2.705875 1.672220 1.426619 6.577716 -1.020978 5.540610 8.308078 -3.570422 -0.143785 -15.804349 -1.969976 6.638783 16.028720 1.149394 -0.237217 -1.195684 -4.571255 1.252185 -9.415275 -8.413074 -16.475357 -21.140969 -10.473016 -18.994381 -30.294823 6.320283 -11.994450 -6.949214 -10.464606 -4.715901 0.000000 0.000000 0.000000 0.000000 0.000000 0.000000 0.000000 0.000000 0.000000 0.000000 0.000000 0.000000 0.000000 0.000000 0.000000 0.000000 0.000000 0.000000 0.000000 0.000000 0.000000 0.000000 0.000000 0.000000 0.000000 0.000000 0.000000 0.000000 0.000000 0.000000 0.000000 0.000000 0.000000 0.000000 0.000000 0.000000 0.000000 0.000000 0.000000 0.000000 0.000000 0.000000 -12.390579 12.814222 25.171090 -21.199820 -5.851150 41.116585 -10.088889 -2.678752 58.798844 -17.955819 2.743160 3.986098 0.000000 0.000000 0.000000 0.000000 0.000000 0.000000 0.000000 0.000000 0.000000 0.000000 0.000000 0.000000 0.000000 0.000000 0.000000 0.000000 0.000000 0.000000 0.000000 0.000000 0.000000 0.000000 0.000000 0.000000 0.000000 0.000000 0.000000 0.000000 0.000000 0.000000 0.000000 0.000000 0.000000 0.000000 0.000000 0.000000 0.000000 0.000000 0.000000 0.000000 0.000000 0.000000
-0.467827 -0.184662 1.285947 -10.409144 4.496039 -1.571817 -10.330389 -11.209596 7.569529 38.121515 6.836400 -6.157417 -21.491147 -1.149150 14.853445 -0.107609 -4.186653 -1.162920 -20.435460 23.981222 -4.096910 41.666692 -3.146489 -3.553471 -4.712702 -9.503137 -13.208368 2.437185 1.679206 1.339256 6.712939 -1.222976 5.607221 7.564646 -3.292059 -0.023469 -15.480600 -2.373218 6.418251 16.099302 1.313843 -1.153824 -0.921523 -5.313221 1.970213 -9.859843 -9.244588 -16.490835 -21.868197 -12.115884 -18.775248 -31.833401 6.666432 -13.300908 -9.224423 -10.111321 -4.719890 0.000000 0.000000 0.000000 0.000000 0.000000 0.000000 0.000000 0.000000 0.000000 0.000000 0.000000 0.000000 0.000000 0.000000 0.000000 0.000000 0.000000 0.000000 0.000000 0.000000 0.000000 0.000000 0.000000 0.000000 0.000000 0.000000 0.000000 0.000000 0.000000 0.000000 0.000000 0.000000 0.000000 0.000000 0.000000 0.000000 0.000000 0.000000 0.000000 0.000000 0.000000 0.000000 -12.358279 13.555793 24.796736 -22.661086 -4.199857 40.103413 -12.185242 -2.988649 59.411739 -19.231157 2.170967 3.691103 0.000000 0.000000 0.000000 0.000000 0.000000 0.000000 0.000000 0.000000 0.000000 0.000000 0.000000 0.000000 0.000000 0.000000 0.000000 0.000000 0.000000 0.000000 0.000000 0.000000 0.000000 0.000000 0.000000 0.000000 0.000000 0.000000 0.000000 0.000000 0.000000 0.000000 0.000000 0.000000 0.000000 0.000000 0.000000 0.000000 0.000000 0.000000 0.000000 0.000000 0.000000 0.000000
-0.463522 -0.180932 1.282169 -10.373062 5.162002 -2.689837 -10.442952 -12.809785 8.238069 38.758869 7.188861 -5.383850 -22.326773 -0.980881 14.597489 0.124482 -3.638576 -1.017329 -17.839778 26.021618 -5.688438 34.502747 -2.005946 -4.131874 -1.497861 -11.765303 -13.386132 2.300271 1.444408 1.154716 5.877001 -1.399242 5.633545 7.725260 -3.202677 -0.202525 -15.469533 -2.797442 6.058826 17.477243 1.138317 -2.105238 -0.505025 -5.767880 2.813607 -10.328711 -9.900538 -16.511243 -22.179195 -13.450524 -18.915493 -31.640489 7.009889 -15.163250 -9.754611 -10.444390 -4.967263 0.000000 0.000000 0.000000 0.000000 0.000000 0.000000 0.000000 0.000000 0.000000 0.000000 0.000000 0.000000 0.000000 0.000000 0.000000 0.000000 0.000000 0.000000 0.000000 0.000000 0.000000 0.000000 0.000000 0.000000 0.000000 0.000000 0.000000 0.000000 0.000000 0.000000 0.000000 0.000000 0.000000 0.000000 0.000000 0.000000 0.000000 0.000000 0.000000 0.000000 0.000000 0.000000 -12.545840 14.407365 24.087720 -23.864605 -2.682531 39.470677 -14.307083 -3.578085 59.859101 -20.269495 1.929762 3.082042 0.000000 0.000000 0.000000 0.000000 0.000000 0.000000 0.000000 0.000000 0.000000 0.000000 0.000000 0.000000 0.000000 0.000000 0.000000 0.000000 0.000000 0.000000 0.000000 0.000000 0.000000 0.000000 0.000000 0.000000 0.000000 0.000000 0.000000 0.000000 0.000000 0.000000 0.000000 0.000000 0.000000 0.000000 0.000000 0.000000 0.000000 0.000000 0.000000 0.000000 0.000000 0.000000
-0.454473 -0.180985 1.278769 -10.763081 5.396033 -3.826400 -10.345428 -13.846944 8.627911 39.522813 7.313813 -4.969086 -22.876907 -1.068176 14.460855 0.443238 -3.028791 -0.843117 -16.339195 27.046279 -6.554877 29.933009 -1.339109 -4.416575 0.498888 -13.092392 -13.206444 2.246521 1.336504 0.986715 5.751437 -1.340972 5.526089 7.860880 -3.355621 -0.261387 -15.721429 -2.957151 5.832058 18.453263 1.254414 -3.125647 -0.234384 -5.830692 2.737412 -10.387362 -10.145001 -16.445999 -22.859352 -14.393068 -19.019212 -31.403207 7.099849 -17.479523 -9.488010 -10.746192 -5.257286 0.000000 0.000000 0.000000 0.000000 0.000000 0.000000 0.000000 0.000000 0.000000 0.000000 0.000000 0.000000 0.000000 0.000000 0.000000 0.000000 0.000000 0.000000 0.000000 0.000000 0.000000 0.000000 0.000000 0.000000 0.000000 0.000000 0.000000 0.000000 0.000000 0.000000 0.000000 0.000000 0.000000 0.000000 0.000000 0.000000 0.000000 0.000000 0.000000 0.000000 0.000000 0.000000 -12.272170 14.908141 23.717027 -25.023600 -1.410711 38.747033 -15.621209 -4.453621 61.541667 -21.163010 1.385778 2.859551 0.000000 0.000000 0.000000 0.000000 0.000000 0.000000 0.000000 0.000000 0.000000 0.000000 0.000000 0.000000 0.000000 0.000000 0.000000 0.000000 0.000000 0.000000 0.000000 0.000000 0.000000 0.000000 0.000000 0.000000 0.000000 0.000000 0.000000 0.000000 0.000000 0.000000 0.000000 0.000000 0.000000 0.000000 0.000000 0.000000 0.000000 0.000000 0.000000 0.000000 0.000000 0.000000
-0.443455 -0.180579 1.275202 -10.824846 5.617651 -5.161226 -10.140978 -14.908123 9.166470 39.610350 7.549779 -4.976276 -23.980686 -1.204199 14.467283 0.829506 -2.664989 -0.673617 -15.286914 28.281202 -7.601399 25.962192 -1.014885 -4.440790 2.371272 -14.445200 -12.712573 2.219830 1.265922 0.810895 5.740359 -1.184877 5.155689 8.205073 -3.475114 -0.342887 -16.035954 -3.032680 5.486831 19.344042 1.264094 -3.768372 0.484071 -5.924040 3.041208 -10.686746 -10.315279 -16.179644 -23.310755 -15.145138 -19.306143 -30.668778 6.966351 -20.433645 -9.054861 -11.043148 -5.521335 0.000000 0.000000 0.000000 0.000000 0.000000 0.000000 0.000000 0.000000 0.000000 0.000000 0.000000 0.000000 0.000000 0.000000 0.000000 0.000000 0.000000 0.000000 0.000000 0.000000 0.000000 0.000000 0.000000 0.000000 0.000000 0.000000 0.000000 0.000000 0.000000 0.000000 0.000000 0.000000 0.000000 0.000000 0.000000 0.000000 0.000000 0.000000 0.000000 0.000000 0.000000 0.000000 -12.382033 15.259362 22.969723 -26.106745 0.062662 38.114524 -16.932929 -5.080655 62.510564 -20.936392 1.694749 2.842452 0.000000 0.000000 0.000000 0.000000 0.000000 0.000000 0.000000 0.000000 0.000000 0.000000 0.000000 0.000000 0.000000 0.000000 0.000000 0.000000 0.000000 0.000000 0.000000 0.000000 0.000000 0.000000 0.000000 0.000000 0.000000 0.000000 0.000000 0.000000 0.000000 0.000000 0.000000 0.000000 0.000000 0.000000 0.000000 0.000000 0.000000 0.000000 0.000000 0.000000 0.000000 0.000000
-0.431066 -0.181587 1.271958 -10.877580 5.928274 -6.218972 -10.171129 -16.132419 9.412066 39.776082 7.494212 -4.923306 -24.623725 -0.769859 14.006884 1.010669 -2.649712 -0.655268 -15.300668 28.848705 -7.912875 24.140687 -0.987434 -4.533325 3.195797 -15.061457 -12.187456 2.163619 1.258801 0.677761 6.094087 -0.933337 4.766482 7.651596 -3.298423 -0.377587 -15.458880 -3.373046 5.123873 19.013918 1.408121 -4.204678 0.680636 -6.136217 3.186410 -11.160722 -10.483520 -16.134598 -24.180122 -15.795494 -19.546265 -31.089790 6.959813 -23.184127 -9.814370 -11.339949 -6.288467 0.000000 0.000000 0.000000 0.000000 0.000000 0.000000 0.000000 0.000000 0.000000 0.000000 0.000000 0.000000 0.000000 0.000000 0.000000 0.000000 0.000000 0.000000 0.000000 0.000000 0.000000 0.000000 0.000000 0.000000 0.000000 0.000000 0.000000 0.000000 0.000000 0.000000 0.000000 0.000000 0.000000 0.000000 0.000000 0.000000 0.000000 0.000000 0.000000 0.000000 0.000000 0.000000 -12.404331 15.723767 22.397467 -27.351062 1.452458 37.098506 -18.697444 -5.813430 62.915269 -21.655297 1.828679 3.186286 0.000000 0.000000 0.000000 0.000000 0.000000 0.000000 0.000000 0.000000 0.000000 0.000000 0.000000 0.000000 0.000000 0.000000 0.000000 0.000000 0.000000 0.000000 0.000000 0.000000 0.000000 0.000000 0.000000 0.000000 0.000000 0.000000 0.000000 0.000000 0.000000 0.000000 0.000000 0.000000 0.000000 0.000000 0.000000 0.000000 0.000000 0.000000 0.000000 0.000000 0.000000 0.000000
-0.416359 -0.183402 1.269289 -10.884756 6.077899 -7.334415 -9.861338 -17.050283 9.605203 39.342728 7.192925 -5.008627 -25.005715 -0.173169 13.645849 1.069122 -2.925791 -0.613748 -15.518026 29.182900 -7.951447 24.100085 -1.203964 -4.535680 3.060157 -15.380963 -11.828485 2.214497 1.351086 0.548184 6.437431 -0.694740 4.432296 7.474252 -3.137753 -0.624081 -15.027595 -3.603587 4.767506 19.141147 1.710722 -4.048783 0.575623 -6.009892 3.299594 -11.244631 -10.428178 -16.492273 -25.041228 -16.501283 -19.825840 -31.083399 7.008908 -25.709738 -10.259711 -11.935841 -6.664556 0.000000 0.000000 0.000000 0.000000 0.000000 0.000000 0.000000 0.000000 0.000000 0.000000 0.000000 0.000000 0.000000 0.000000 0.000000 0.000000 0.000000 0.000000 0.000000 0.000000 0.000000 0.000000 0.000000 0.000000 0.000000 0.000000 0.000000 0.000000 0.000000 0.000000 0.000000 0.000000 0.000000 0.000000 0.000000 0.000000 0.000000 0.000000 0.000000 0.000000 0.000000 0.000000 -12.233988 16.014522 21.887383 -28.479010 2.576160 35.925744 -19.897239 -6.313318 63.614527 -22.233092 2.651767 3.464247 0.000000 0.000000 0.000000 0.000000 0.000000 0.000000 0.000000 0.000000 0.000000 0.000000 0.000000 0.000000 0.000000 0.000000 0.000000 0.000000 0.000000 0.000000 0.000000 0.000000 0.000000 0.000000 0.000000 0.000000 0.000000 0.000000 0.000000 0.000000 0.000000 0.000000 0.000000 0.000000 0.000000 0.000000 0.000000 0.000000 0.000000 0.000000 0.000000 0.000000 0.000000 0.000000
-0.399908 -0.186997 1.267510 -11.069466 6.068466 -8.855637 -9.411981 -18.238753 10.074633 39.157191 7.085436 -4.888218 -24.491464 1.167596 13.198190 0.728653 -3.566201 -0.610207 -16.565942 29.116866 -7.648926 25.930121 -2.024247 -4.353214 1.845251 -14.878702 -11.428032 2.222636 1.083568 0.714691 7.276451 -0.769985 3.790883 6.890316 -2.604668 -1.015233 -14.139062 -3.784660 4.307720 18.702793 2.319143 -3.422082 0.457326 -5.829375 3.727218 -11.494449 -10.346348 -16.809346 -25.485005 -17.026518 -19.543902 -30.528370 7.107321 -28.880737 -10.165952 -12.599619 -6.896437 0.000000 0.000000 0.000000 0.000000 0.000000 0.000000 0.000000 0.000000 0.000000 0.000000 0.000000 0.000000 0.000000 0.000000 0.000000 0.000000 0.000000 0.000000 0.000000 0.000000 0.000000 0.000000 0.000000 0.000000 0.000000 0.000000 0.000000 0.000000 0.000000 0.000000 0.000000 0.000000 0.000000 0.000000 0.000000 0.000000 0.000000 0.000000 0.000000 0.000000 0.000000 0.000000 -12.481124 16.505165 21.520307 -29.278298 3.363378 34.870436 -21.636806 -6.578992 64.261900 -22.306043 3.679669 3.152140 0.000000 0.000000 0.000000 0.000000 0.000000 0.000000 0.000000 0.000000 0.000000 0.000000 0.000000 0.000000 0.000000 0.000000 0.000000 0.000000 0.000000 0.000000 0.000000 0.000000 0.000000 0.000000 0.000000 0.000000 0.000000 0.000000 0.000000 0.000000 0.000000 0.000000 0.000000 0.000000 0.000000 0.000000 0.000000 0.000000 0.000000 0.000000 0.000000 0.000000 0.000000 0.000000
-0.381635 -0.189525 1.266270 -10.890519 5.956714 -9.734012 -8.591450 -19.076791 10.500038 37.578072 6.517754 -4.817802 -24.067564 2.375447 12.703302 0.450917 -4.047071 -0.576569 -17.422808 28.884652 -7.336460 27.506657 -2.565350 -4.138701 0.823389 -14.529701 -10.936833 2.297610 0.899269 0.721050 7.506994 -0.718859 3.244281 6.388872 -2.260934 -1.252051 -13.099215 -3.848258 3.917032 18.177745 2.426903 -2.846473 0.766972 -5.506899 3.828198 -11.937688 -10.231658 -17.192561 -25.866693 -16.780277 -19.594094 -30.091972 6.760093 -31.915224 -10.072987 -12.808929 -7.493192 0.000000 0.000000 0.000000 0.000000 0.000000 0.000000 0.000000 0.000000 0.000000 0.000000 0.000000 0.000000 0.000000 0.000000 0.000000 0.000000 0.000000 0.000000 0.000000 0.000000 0.000000 0.000000 0.000000 0.000000 0.000000 0.000000 0.000000 0.000000 0.000000 0.000000 0.000000 0.000000 0.000000 0.000000 0.000000 0.000000 0.000000 0.000000 0.000000 0.000000 0.000000 0.000000 -12.768633 16.484621 21.177058 -29.691442 4.043792 33.509218 -22.821435 -6.806054 65.535656 -22.533178 4.278080 3.579427 0.000000 0.000000 0.000000 0.000000 0.000000 0.000000 0.000000 0.000000 0.000000 0.000000 0.000000 0.000000 0.000000 0.000000 0.000000 0.000000 0.000000 0.000000 0.000000 0.000000 0.000000 0.000000 0.000000 0.000000 0.000000 0.000000 0.000000 0.000000 0.000000 0.000000 0.000000 0.000000 0.000000 0.000000 0.000000 0.000000 0.000000 0.000000 0.000000 0.000000 0.000000 0.000000
-0.364392 -0.190589 1.265406 -10.347509 6.168109 -10.385707 -8.104184 -20.036884 10.688143 36.006821 5.891605 -4.938253 -22.864086 3.392895 12.657789 0.320434 -4.305901 -0.539508 -18.635365 28.467980 -6.759258 28.902001 -3.018080 -3.713256 -0.050721 -14.298657 -10.665360 2.203896 0.785972 0.626680 7.848681 -0.485944 2.785441 5.736865 -2.026695 -1.549031 -12.384711 -3.904693 3.529053 17.072206 2.756531 -2.025458 0.702359 -5.237856 4.039597 -12.355710 -10.195372 -17.273969 -25.979852 -16.916632 -19.802264 -30.102501 6.833777 -34.521539 -10.670019 -13.308353 -8.467096 0.000000 0.000000 0.000000 0.000000 0.000000 0.000000 0.000000 0.000000 0.000000 0.000000 0.000000 0.000000 0.000000 0.000000 0.000000 0.000000 0.000000 0.000000 0.000000 0.000000 0.000000 0.000000 0.000000 0.000000 0.000000 0.000000 0.000000 0.000000 0.000000 0.000000 0.000000 0.000000 0.000000 0.000000 0.000000 0.000000 0.000000 0.000000 0.000000 0.000000 0.000000 0.000000 -13.112067 16.414071 20.543029 -29.869341 4.738199 32.509032 -24.252960 -7.269605 66.695786 -23.810174 4.593105 4.282831 0.000000 0.000000 0.000000 0.000000 0.000000 0.000000 0.000000 0.000000 0.000000 0.000000 0.000000 0.000000 0.000000 0.000000 0.000000 0.000000 0.000000 0.000000 0.000000 0.000000 0.000000 0.000000 0.000000 0.000000 0.000000 0.000000 0.000000 0.000000 0.000000 0.000000 0.000000 0.000000 0.000000 0.000000 0.000000 0.000000 0.000000 0.000000 0.000000 0.000000 0.000000 0.000000
-0.345536 -0.191100 1.264980 -9.620588 6.200316 -11.018625 -7.302124 -20.801344 11.067335 34.063477 5.309691 -5.217446 -21.318438 4.633892 12.571761 0.034838 -4.518335 -0.536494 -19.984704 27.993669 -6.382624 30.443546 -3.844194 -3.502508 -0.873070 -13.673362 -10.504626 2.183196 0.624797 0.810139 7.856042 -0.421271 2.289094 5.427747 -1.932169 -1.799467 -11.966592 -3.913559 3.207323 16.787234 2.868611 -1.367482 0.588455 -5.121562 3.997866 -12.552657 -10.215390 -17.462938 -26.097027 -16.742871 -20.199602 -29.629505 6.575754 -37.055780 -10.751986 -13.480953 -9.160209 0.000000 0.000000 0.000000 0.000000 0.000000 0.000000 0.000000 0.000000 0.000000 0.000000 0.000000 0.000000 0.000000 0.000000 0.000000 0.000000 0.000000 0.000000 0.000000 0.000000 0.000000 0.000000 0.000000 0.000000 0.000000 0.000000 0.000000 0.000000 0.000000 0.000000 0.000000 0.000000 0.000000 0.000000 0.000000 0.000000 0.000000 0.000000 0.000000 0.000000 0.000000 0.000000 -13.100861 16.369529 20.099681 -30.128157 5.182128 31.476566 -25.595946 -7.563804 67.016768 -24.723833 4.746686 4.770669 0.000000 0.000000 0.000000 0.000000 0.000000 0.000000 0.000000 0.000000 0.000000 0.000000 0.000000 0.000000 0.000000 0.000000 0.000000 0.000000 0.000000 0.000000 0.000000 0.000000 0.000000 0.000000 0.000000 0.000000 0.000000 0.000000 0.000000 0.000000 0.000000 0.000000 0.000000 0.000000 0.000000 0.000000 0.000000 0.000000 0.000000 0.000000 0.000000 0.000000 0.000000 0.000000
-0.325063 -0.192611 1.265138 -9.021963 6.069439 -11.912426 -6.234356 -21.473094 11.350387 32.224645 4.666465 -5.638257 -19.722311 5.927379 12.797114 -0.229374 -4.746275 -0.474780 -21.767421 27.333419 -5.663102 33.117081 -4.806590 -3.019228 -2.823904 -12.619762 -10.259732 2.156042 0.590943 0.924639 7.928403 -0.346660 1.671143 5.361561 -1.839919 -2.146474 -11.636810 -3.778025 2.883936 16.519125 3.079306 -0.474210 0.403578 -4.827024 4.140900 -12.636078 -10.076319 -17.478881 -26.216091 -16.636534 -20.548484 -29.061909 6.133314 -39.865353 -10.325760 -13.263497 -9.742641 0.000000 0.000000 0.000000 0.000000 0.000000 0.000000 0.000000 0.000000 0.000000 0.000000 0.000000 0.000000 0.000000 0.000000 0.000000 0.000000 0.000000 0.000000 0.000000 0.000000 0.000000 0.000000 0.000000 0.000000 0.000000 0.000000 0.000000 0.000000 0.000000 0.000000 0.000000 0.000000 0.000000 0.000000 0.000000 0.000000 0.000000 0.000000 0.000000 0.000000 0.000000 0.000000 -12.877267 16.052295 19.456554 -30.316861 5.937574 30.397268 -26.395868 -8.044502 67.830282 -25.705467 4.412036 5.348969 0.000000 0.000000 0.000000 0.000000 0.000000 0.000000 0.000000 0.000000 0.000000 0.000000 0.000000 0.000000 0.000000 0.000000 0.000000 0.000000 0.000000 0.000000 0.000000 0.000000 0.000000 0.000000 0.000000 0.000000 0.000000 0.000000 0.000000 0.000000 0.000000 0.000000 0.000000 0.000000 0.000000 0.000000 0.000000 0.000000 0.000000 0.000000 0.000000 0.000000 0.000000 0.000000
-0.302374 -0.190295 1.264992 -7.736052 5.686265 -13.010468 -5.124152 -22.452046 11.600160 29.247751 3.742362 -6.245032 -17.853885 7.543132 12.845343 -0.527573 -5.322580 -0.329613 -23.965731 25.981449 -4.537970 36.075070 -5.865280 -2.174938 -5.504480 -11.049466 -9.620966 2.049230 0.347711 1.031973 7.892415 -0.484298 0.797722 4.823442 -1.481703 -2.541551 -10.667444 -3.652179 2.377352 15.342460 3.160318 0.726548 0.694976 -4.350587 3.544827 -13.337108 -10.169939 -17.352169 -26.523182 -15.829086 -20.803029 -28.920308 4.846470 -43.244889 -10.151186 -13.343108 -10.459190 0.000000 0.000000 0.000000 0.000000 0.000000 0.000000 0.000000 0.000000 0.000000 0.000000 0.000000 0.000000 0.000000 0.000000 0.000000 0.000000 0.000000 0.000000 0.000000 0.000000 0.000000 0.000000 0.000000 0.000000 0.000000 0.000000 0.000000 0.000000 0.000000 0.000000 0.000000 0.000000 0.000000 0.000000 0.000000 0.000000 0.000000 0.000000 0.000000 0.000000 0.000000 0.000000 -13.162091 15.640759 18.588880 -30.197005 6.530571 28.843429 -27.288994 -7.832621 69.269956 -25.915702 5.096728 6.585599 0.000000 0.000000 0.000000 0.000000 0.000000 0.000000 0.000000 0.000000 0.000000 0.000000 0.000000 0.000000 0.000000 0.000000 0.000000 0.000000 0.000000 0.000000 0.000000 0.000000 0.000000 0.000000 0.000000 0.000000 0.000000 0.000000 0.000000 0.000000 0.000000 0.000000 0.000000 0.000000 0.000000 0.000000 0.000000 0.000000 0.000000 0.000000 0.000000 0.000000 0.000000 0.000000
-0.279009 -0.189636 1.265573 -6.628099 5.309699 -14.169053 -4.084195 -23.131689 11.617829 26.772569 2.602599 -6.884381 -16.095743 8.975693 12.760854 -0.619346 -5.531093 -0.222496 -25.796309 24.686000 -3.668276 38.157804 -6.535206 -1.295272 -7.709602 -9.871526 -9.362893 2.087117 0.263242 1.129240 7.803891 -0.361884 0.188501 4.657721 -1.401773 -2.848352 -10.176203 -3.518629 2.024543 14.841629 3.393424 1.574517 0.847601 -4.028928 3.088125 -13.664507 -10.182543 -17.271986 -26.667311 -15.297263 -21.209814 -28.974529 4.027194 -46.004114 -10.063766 -13.870638 -10.802806 0.000000 0.000000 0.000000 0.000000 0.000000 0.000000 0.000000 0.000000 0.000000 0.000000 0.000000 0.000000 0.000000 0.000000 0.000000 0.000000 0.000000 0.000000 0.000000 0.000000 0.000000 0.000000 0.000000 0.000000 0.000000 0.000000 0.000000 0.000000 0.000000 0.000000 0.000000 0.000000 0.000000 0.000000 0.000000 0.000000 0.000000 0.000000 0.000000 0.000000 0.000000 0.000000 -13.322263 15.093756 17.880123 -29.997759 6.662755 27.754609 -28.261208 -7.466574 70.376263 -25.547501 5.705213 7.468049 0.000000 0.000000 0.000000 0.000000 0.000000 0.000000 0.000000 0.000000 0.000000 0.000000 0.000000 0.000000 0.000000 0.000000 0.000000 0.000000 0.000000 0.000000 0.000000 0.000000 0.000000 0.000000 0.000000 0.000000 0.000000 0.000000 0.000000 0.000000 0.000000 0.000000 0.000000 0.000000 0.000000 0.000000 0.000000 0.000000 0.000000 0.000000 0.000000 0.000000 0.000000 0.000000
-0.255697 -0.191098 1.266929 -5.874987 4.969063 -14.897542 -3.481096 -23.702313 11.517265 25.313341 1.626756 -7.463297 -14.248888 10.171142 12.575211 -0.556424 -5.593600 -0.094408 -27.174615 23.336589 -2.931341 39.866340 -6.982103 -0.465487 -9.511889 -8.750060 -9.246289 2.021982 0.275434 1.151522 7.824127 -0.160461 -0.299596 4.628330 -1.416509 -3.192365 -9.988558 -3.409699 1.710917 14.525482 3.596388 2.242677 0.899548 -3.752092 2.905923 -13.741405 -9.947298 -17.154407 -26.728864 -14.583704 -21.869352 -28.971517 3.303244 -48.411841 -9.753070 -14.315660 -10.849545 0.000000 0.000000 0.000000 0.000000 0.000000 0.000000 0.000000 0.000000 0.000000 0.000000 0.000000 0.000000 0.000000 0.000000 0.000000 0.000000 0.000000 0.000000 0.000000 0.000000 0.000000 0.000000 0.000000 0.000000 0.000000 0.000000 0.000000 0.000000 0.000000 0.000000 0.000000 0.000000 0.000000 0.000000 0.000000 0.000000 0.000000 0.000000 0.000000 0.000000 0.000000 0.000000 -13.189378 14.473317 17.239165 -29.764171 6.802370 27.137403 -28.586512 -7.475085 71.500748 -25.846460 6.121911 7.989187 0.000000 0.000000 0.000000 0.000000 0.000000 0.000000 0.000000 0.000000 0.000000 0.000000 0.000000 0.000000 0.000000 0.000000 0.000000 0.000000 0.000000 0.000000 0.000000 0.000000 0.000000 0.000000 0.000000 0.000000 0.000000 0.000000 0.000000 0.000000 0.000000 0.000000 0.000000 0.000000 0.000000 0.000000 0.000000 0.000000 0.000000 0.000000 0.000000 0.000000 0.000000 0.000000
-0.232826 -0.193692 1.268831 -5.340360 4.647288 -15.603582 -3.322866 -24.266921 11.192927 24.765857 0.779110 -7.799832 -12.571105 10.986309 12.679807 -0.466391 -5.651155 0.025113 -28.409425 21.980458 -2.302710 41.608997 -7.320312 0.164971 -11.045215 -7.641485 -9.151999 2.041727 0.309212 1.171614 7.954231 0.029472 -0.679866 4.758004 -1.405709 -3.527064 -9.875202 -3.305936 1.457158 14.384857 3.868493 2.903283 1.145914 -3.520405 2.814476 -13.748184 -9.668907 -17.092589 -26.857166 -14.101932 -22.511426 -29.131319 2.812607 -50.266637 -9.973629 -14.295972 -10.847385 0.000000 0.000000 0.000000 0.000000 0.000000 0.000000 0.000000 0.000000 0.000000 0.000000 0.000000 0.000000 0.000000 0.000000 0.000000 0.000000 0.000000 0.000000 0.000000 0.000000 0.000000 0.000000 0.000000 0.000000 0.000000 0.000000 0.000000 0.000000 0.000000 0.000000 0.000000 0.000000 0.000000 0.000000 0.000000 0.000000 0.000000 0.000000 0.000000 0.000000 0.000000 0.000000 -13.094061 13.852728 16.755593 -29.444278 6.671920 26.539792 -29.388720 -7.078103 72.442089 -25.714970 6.384926 8.322409 0.000000 0.000000 0.000000 0.000000 0.000000 0.000000 0.000000 0.000000 0.000000 0.000000 0.000000 0.000000 0.000000 0.000000 0.000000 0.000000 0.000000 0.000000 0.000000 0.000000 0.000000 0.000000 0.000000 0.000000 0.000000 0.000000 0.000000 0.000000 0.000000 0.000000 0.000000 0.000000 0.000000 0.000000 0.000000 0.000000 0.000000 0.000000 0.000000 0.000000 0.000000 0.000000
-0.210578 -0.196204 1.271089 -4.806573 4.362923 -16.752965 -3.525440 -24.897244 10.633503 24.525937 -0.119201 -7.793780 -10.723676 11.670339 12.793051 -0.295597 -5.698883 0.177085 -29.279566 20.402496 -1.817444 42.674525 -7.690389 0.382950 -12.628116 -6.327028 -8.783007 2.038842 0.285430 1.135721 8.032919 0.231031 -1.035943 5.052214 -1.506735 -3.881756 -9.930804 -3.188717 1.284462 14.746965 4.346899 3.438438 1.868942 -3.210902 2.758923 -13.435137 -9.087751 -16.920803 -26.984586 -13.458971 -23.077415 -29.267203 2.137915 -52.770735 -9.655427 -15.033844 -10.746390 0.000000 0.000000 0.000000 0.000000 0.000000 0.000000 0.000000 0.000000 0.000000 0.000000 0.000000 0.000000 0.000000 0.000000 0.000000 0.000000 0.000000 0.000000 0.000000 0.000000 0.000000 0.000000 0.000000 0.000000 0.000000 0.000000 0.000000 0.000000 0.000000 0.000000 0.000000 0.000000 0.000000 0.000000 0.000000 0.000000 0.000000 0.000000 0.000000 0.000000 0.000000 0.000000 -12.754090 13.002198 16.222942 -29.117010 6.386928 26.002135 -29.982112 -6.477769 73.762131 -24.951128 7.109985 8.524377 0.000000 0.000000 0.000000 0.000000 0.000000 0.000000 0.000000 0.000000 0.000000 0.000000 0.000000 0.000000 0.000000 0.000000 0.000000 0.000000 0.000000 0.000000 0.000000 0.000000 0.000000 0.000000 0.000000 0.000000 0.000000 0.000000 0.000000 0.000000 0.000000 0.000000 0.000000 0.000000 0.000000 0.000000 0.000000 0.000000 0.000000 0.000000 0.000000 0.000000 0.000000 0.000000
-0.189659 -0.200703 1.273867 -4.597962 4.143367 -17.818903 -5.660868 -25.144258 9.376291 27.843032 -1.100065 -7.768328 -9.498247 11.560511 13.179093 -0.387759 -5.767687 0.091555 -29.674696 18.401076 -1.611944 43.669943 -7.474100 0.706624 -14.583082 -4.630930 -8.427768 1.793645 -0.019259 1.198509 8.750655 0.517609 -1.179419 5.012758 -1.715890 -4.420103 -9.679936 -3.078305 1.071868 14.100757 4.754711 4.064739 2.238135 -3.145689 2.794350 -13.652206 -8.311395 -17.167292 -26.624701 -11.693199 -23.352720 -29.270864 0.862003 -56.734595 -9.627658 -17.015445 -10.712004 0.000000 0.000000 0.000000 0.000000 0.000000 0.000000 0.000000 0.000000 0.000000 0.000000 0.000000 0.000000 0.000000 0.000000 0.000000 0.000000 0.000000 0.000000 0.000000 0.000000 0.000000 0.000000 0.000000 0.000000 0.000000 0.000000 0.000000 0.000000 0.000000 0.000000 0.000000 0.000000 0.000000 0.000000 0.000000 0.000000 0.000000 0.000000 0.000000 0.000000 0.000000 0.000000 -12.518047 11.875710 15.836669 -28.383279 5.479220 24.486882 -31.520477 -6.011046 75.658050 -24.666348 8.543003 9.430296 0.000000 0.000000 0.000000 0.000000 0.000000 0.000000 0.000000 0.000000 0.000000 0.000000 0.000000 0.000000 0.000000 0.000000 0.000000 0.000000 0.000000 0.000000 0.000000 0.000000 0.000000 0.000000 0.000000 0.000000 0.000000 0.000000 0.000000 0.000000 0.000000 0.000000 0.000000 0.000000 0.000000 0.000000 0.000000 0.000000 0.000000 0.000000 0.000000 0.000000 0.000000 0.000000
-0.171429 -0.205707 1.276254 -4.429828 4.049039 -18.719400 -8.652083 -24.970263 7.682204 32.923918 -1.640945 -7.609170 -9.474168 10.767605 13.504108 -0.546401 -5.836991 -0.056563 -29.850902 16.469520 -1.451871 44.383472 -7.130064 1.295340 -16.379297 -3.387456 -8.080780 1.761672 -0.205769 1.331091 9.630473 0.841382 -1.052712 5.168947 -1.975083 -4.884965 -9.958919 -2.990904 0.928102 14.013286 5.345801 4.313103 2.406894 -3.168700 3.044341 -13.551609 -7.634732 -17.332962 -26.749140 -10.616835 -23.845368 -29.731341 0.369448 -59.863199 -10.520510 -17.814696 -10.645641 0.000000 0.000000 0.000000 0.000000 0.000000 0.000000 0.000000 0.000000 0.000000 0.000000 0.000000 0.000000 0.000000 0.000000 0.000000 0.000000 0.000000 0.000000 0.000000 0.000000 0.000000 0.000000 0.000000 0.000000 0.000000 0.000000 0.000000 0.000000 0.000000 0.000000 0.000000 0.000000 0.000000 0.000000 0.000000 0.000000 0.000000 0.000000 0.000000 0.000000 0.000000 0.000000 -12.070836 10.830536 15.441253 -27.872587 4.992131 23.362696 -32.910019 -5.246391 76.829966 -24.306277 8.933929 9.924011 0.000000 0.000000 0.000000 0.000000 0.000000 0.000000 0.000000 0.000000 0.000000 0.000000 0.000000 0.000000 0.000000 0.000000 0.000000 0.000000 0.000000 0.000000 0.000000 0.000000 0.000000 0.000000 0.000000 0.000000 0.000000 0.000000 0.000000 0.000000 0.000000 0.000000 0.000000 0.000000 0.000000 0.000000 0.000000 0.000000 0.000000 0.000000 0.000000 0.000000 0.000000 0.000000
-0.156241 -0.212958 1.278315 -4.672262 4.031946 -19.579192 -12.009822 -24.070877 5.763270 38.352364 -1.751016 -7.102741 -10.140232 9.500737 13.849608 -0.688158 -5.895070 -0.181078 -30.067875 14.885342 -1.098522 45.551675 -6.879961 1.551715 -17.555528 -2.387006 -7.724810 1.694400 -0.346853 1.353449 10.635126 1.054550 -0.878936 5.277577 -2.247805 -5.185259 -10.107713 -2.786516 0.887985 13.620560 5.574283 4.246621 2.561564 -3.106743 3.152506 -13.418215 -6.871359 -17.456647 -26.776366 -9.443535 -24.450945 -30.379102 0.074082 -61.821226 -11.804881 -17.414185 -10.472995 0.000000 0.000000 0.000000 0.000000 0.000000 0.000000 0.000000 0.000000 0.000000 0.000000 0.000000 0.000000 0.000000 0.000000 0.000000 0.000000 0.000000 0.000000 0.000000 0.000000 0.000000 0.000000 0.000000 0.000000 0.000000 0.000000 0.000000 0.000000 0.000000 0.000000 0.000000 0.000000 0.000000 0.000000 0.000000 0.000000 0.000000 0.000000 0.000000 0.000000 0.000000 0.000000 -11.708174 9.754565 15.171167 -26.989845 4.004863 22.767786 -33.999772 -4.879459 77.668889 -24.667642 8.881044 9.953667 0.000000 0.000000 0.000000 0.000000 0.000000 0.000000 0.000000 0.000000 0.000000 0.000000 0.000000 0.000000 0.000000 0.000000 0.000000 0.000000 0.000000 0.000000 0.000000 0.000000 0.000000 0.000000 0.000000 0.000000 0.000000 0.000000 0.000000 0.000000 0.000000 0.000000 0.000000 0.000000 0.000000 0.000000 0.000000 0.000000 0.000000 0.000000 0.000000 0.000000 0.000000 0.000000
-0.142691 -0.220013 1.280272 -4.909188 3.971892 -20.327824 -15.487224 -22.769698 3.825821 43.480314 -1.583895 -6.752157 -11.476562 8.125588 13.900408 -0.819210 -5.983916 -0.346922 -30.367242 13.436701 -0.755071 46.619655 -6.477729 1.612162 -18.499038 -1.476623 -7.400759 1.689519 -0.553702 1.325505 11.853396 1.200037 -0.603305 5.207145 -2.460843 -5.431721 -10.148516 -2.580136 0.877762 12.992176 5.670256 3.966329 2.636252 -3.031399 2.790469 -13.583431 -6.258546 -17.855194 -26.742925 -7.989043 -25.271175 -30.890984 -0.214828 -63.420623 -13.095345 -16.883990 -10.425707 0.000000 0.000000 0.000000 0.000000 0.000000 0.000000 0.000000 0.000000 0.000000 0.000000 0.000000 0.000000 0.000000 0.000000 0.000000 0.000000 0.000000 0.000000 0.000000 0.000000 0.000000 0.000000 0.000000 0.000000 0.000000 0.000000 0.000000 0.000000 0.000000 0.000000 0.000000 0.000000 0.000000 0.000000 0.000000 0.000000 0.000000 0.000000 0.000000 0.000000 0.000000 0.000000 -11.408931 8.700645 14.918553 -25.994886 2.560561 22.024682 -35.376322 -4.420090 78.685424 -24.913234 9.107025 10.007566 0.000000 0.000000 0.000000 0.000000 0.000000 0.000000 0.000000 0.000000 0.000000 0.000000 0.000000 0.000000 0.000000 0.000000 0.000000 0.000000 0.000000 0.000000 0.000000 0.000000 0.000000 0.000000 0.000000 0.000000 0.000000 0.000000 0.000000 0.000000 0.000000 0.000000 0.000000 0.000000 0.000000 0.000000 0.000000 0.000000 0.000000 0.000000 0.000000 0.000000 0.000000 0.000000
-0.132323 -0.227435 1.282344 -5.191026 4.114386 -21.386431 -20.069141 -20.674950 1.629641 50.306175 -0.936336 -6.220159 -13.114099 6.270177 13.615289 -1.111679 -6.046699 -0.578205 -31.008471 11.816363 -0.265426 48.130036 -5.990820 1.382390 -19.080528 -0.641129 -6.931468 1.693775 -0.860666 1.365524 13.376791 1.131113 -0.161180 5.137205 -2.681819 -5.746938 -10.196452 -2.307953 0.926714 12.296281 5.803448 3.785755 2.291972 -2.860841 2.571035 -13.705000 -5.523542 -18.308492 -26.170474 -6.125310 -25.828643 -31.099732 -0.369191 -65.574514 -14.670590 -16.038317 -10.762649 0.000000 0.000000 0.000000 0.000000 0.000000 0.000000 0.000000 0.000000 0.000000 0.000000 0.000000 0.000000 0.000000 0.000000 0.000000 0.000000 0.000000 0.000000 0.000000 0.000000 0.000000 0.000000 0.000000 0.000000 0.000000 0.000000 0.000000 0.000000 0.000000 0.000000 0.000000 0.000000 0.000000 0.000000 0.000000 0.000000 0.000000 0.000000 0.000000 0.000000 0.000000 0.000000 -11.169353 7.605563 14.765817 -24.789236 1.135573 21.378364 -36.336406 -3.755782 79.601773 -24.929501 9.144765 10.454634 0.000000 0.000000 0.000000 0.000000 0.000000 0.000000 0.000000 0.000000 0.000000 0.000000 0.000000 0.000000 0.000000 0.000000 0.000000 0.000000 0.000000 0.000000 0.000000 0.000000 0.000000 0.000000 0.000000 0.000000 0.000000 0.000000 0.000000 0.000000 0.000000 0.000000 0.000000 0.000000 0.000000 0.000000 0.000000 0.000000 0.000000 0.000000 0.000000 0.000000 0.000000 0.000000
-0.126487 -0.236508 1.284742 -5.758590 4.628608 -22.331186 -25.051772 -17.774882 -0.327185 57.610286 0.664076 -5.898779 -15.324789 4.513453 12.716831 -1.530777 -6.381357 -0.985785 -32.002900 10.180911 0.274277 50.513591 -5.534897 0.710718 -18.937963 0.164266 -6.365629 1.792540 -1.420519 1.538537 15.653913 0.712066 0.310694 4.742875 -2.926724 -6.037332 -10.013844 -1.884282 0.982592 10.872769 5.639537 3.514528 1.404395 -3.047254 2.089080 -13.749017 -4.892442 -18.607485 -25.138769 -2.732969 -26.699093 -31.401703 -0.436033 -68.099774 -17.138167 -15.190119 -10.986398 0.000000 0.000000 0.000000 0.000000 0.000000 0.000000 0.000000 0.000000 0.000000 0.000000 0.000000 0.000000 0.000000 0.000000 0.000000 0.000000 0.000000 0.000000 0.000000 0.000000 0.000000 0.000000 0.000000 0.000000 0.000000 0.000000 0.000000 0.000000 0.000000 0.000000 0.000000 0.000000 0.000000 0.000000 0.000000 0.000000 0.000000 0.000000 0.000000 0.000000 0.000000 0.000000 -10.635765 6.478875 14.533247 -23.111532 -1.440926 20.677004 -37.902489 -3.110975 80.125603 -25.291950 9.507515 10.647390 0.000000 0.000000 0.000000 0.000000 0.000000 0.000000 0.000000 0.000000 0.000000 0.000000 0.000000 0.000000 0.000000 0.000000 0.000000 0.000000 0.000000 0.000000 0.000000 0.000000 0.000000 0.000000 0.000000 0.000000 0.000000 0.000000 0.000000 0.000000 0.000000 0.000000 0.000000 0.000000 0.000000 0.000000 0.000000 0.000000 0.000000 0.000000 0.000000 0.000000 0.000000 0.000000
-0.120760 -0.239401 1.286397 -5.258357 4.811521 -23.407551 -28.926456 -15.577903 -1.513926 61.986720 2.591218 -6.044636 -16.769849 3.619248 11.463475 -1.880046 -6.504763 -1.156286 -32.956474 9.081002 0.544958 51.202790 -5.657789 0.076105 -19.521191 0.865412 -5.535245 1.780012 -1.996368 1.494061 17.133346 0.376235 0.645915 3.928186 -3.060694 -6.285212 -9.215526 -1.548476 0.938320 9.265157 5.463120 3.347232 0.672281 -2.988938 1.517421 -14.105542 -4.297334 -19.035703 -23.852108 0.413548 -27.039640 -31.256717 -0.629135 -69.551496 -18.799688 -14.435748 -11.804694 0.000000 0.000000 0.000000 0.000000 0.000000 0.000000 0.000000 0.000000 0.000000 0.000000 0.000000 0.000000 0.000000 0.000000 0.000000 0.000000 0.000000 0.000000 0.000000 0.000000 0.000000 0.000000 0.000000 0.000000 0.000000 0.000000 0.000000 0.000000 0.000000 0.000000 0.000000 0.000000 0.000000 0.000000 0.000000 0.000000 0.000000 0.000000 0.000000 0.000000 0.000000 0.000000 -10.616565 5.540053 14.646809 -21.947348 -3.820572 20.195774 -38.588430 -2.588076 80.026837 -25.778287 9.486363 11.058858 0.000000 0.000000 0.000000 0.000000 0.000000 0.000000 0.000000 0.000000 0.000000 0.000000 0.000000 0.000000 0.000000 0.000000 0.000000 0.000000 0.000000 0.000000 0.000000 0.000000 0.000000 0.000000 0.000000 0.000000 0.000000 0.000000 0.000000 0.000000 0.000000 0.000000 0.000000 0.000000 0.000000 0.000000 0.000000 0.000000 0.000000 0.000000 0.000000 0.000000 0.000000 0.000000
-0.115947 -0.241194 1.287468 -4.537492 4.898311 -24.270317 -32.286144 -13.654830 -2.505245 64.563454 4.201995 -6.607735 -17.724015 3.089202 9.865701 -2.311642 -6.800109 -1.296060 -34.071536 7.761875 0.973743 51.945361 -5.487927 -0.457161 -19.985200 1.859969 -5.301605 1.893000 -2.794948 1.471885 18.656323 0.115568 0.851574 2.943697 -3.175260 -6.509169 -8.414825 -1.110616 0.834301 7.515685 5.028096 2.949003 -0.008130 -2.763812 0.089903 -14.482146 -3.764676 -19.072746 -22.271081 3.664528 -27.875363 -30.732439 -1.574403 -70.631943 -20.018626 -14.502358 -12.633084 0.000000 0.000000 0.000000 0.000000 0.000000 0.000000 0.000000 0.000000 0.000000 0.000000 0.000000 0.000000 0.000000 0.000000 0.000000 0.000000 0.000000 0.000000 0.000000 0.000000 0.000000 0.000000 0.000000 0.000000 0.000000 0.000000 0.000000 0.000000 0.000000 0.000000 0.000000 0.000000 0.000000 0.000000 0.000000 0.000000 0.000000 0.000000 0.000000 0.000000 0.000000 0.000000 -11.009882 4.637597 14.538558 -19.965753 -6.579125 20.292333 -38.000092 -1.306361 80.660187 -25.697867 10.354528 10.940571 0.000000 0.000000 0.000000 0.000000 0.000000 0.000000 0.000000 0.000000 0.000000 0.000000 0.000000 0.000000 0.000000 0.000000 0.000000 0.000000 0.000000 0.000000 0.000000 0.000000 0.000000 0.000000 0.000000 0.000000 0.000000 0.000000 0.000000 0.000000 0.000000 0.000000 0.000000 0.000000 0.000000 0.000000 0.000000 0.000000 0.000000 0.000000 0.000000 0.000000 0.000000 0.000000
-0.111378 -0.245939 1.287759 -4.456494 4.822056 -24.811803 -34.794195 -12.083141 -3.052713 65.803583 5.333258 -7.077826 -18.374452 2.716961 8.852373 -2.487722 -6.968945 -1.336339 -35.707882 7.287262 1.427760 54.151667 -5.470795 -1.015158 -19.764476 2.218780 -5.420333 2.079376 -3.376808 1.417366 19.915883 -0.130709 0.950270 2.821462 -3.266996 -6.604374 -8.141474 -0.970859 0.883068 7.004633 5.083798 2.389605 -0.734865 -2.203287 -0.997847 -14.630230 -3.273129 -19.331506 -20.742164 6.512770 -28.898942 -30.133181 -2.262347 -71.771051 -20.353580 -13.857827 -12.393599 0.000000 0.000000 0.000000 0.000000 0.000000 0.000000 0.000000 0.000000 0.000000 0.000000 0.000000 0.000000 0.000000 0.000000 0.000000 0.000000 0.000000 0.000000 0.000000 0.000000 0.000000 0.000000 0.000000 0.000000 0.000000 0.000000 0.000000 0.000000 0.000000 0.000000 0.000000 0.000000 0.000000 0.000000 0.000000 0.000000 0.000000 0.000000 0.000000 0.000000 0.000000 0.000000 -11.119253 3.974487 14.784708 -18.384804 -8.836879 21.126563 -37.181580 -0.423209 80.504817 -26.380986 10.249096 10.216744 0.000000 0.000000 0.000000 0.000000 0.000000 0.000000 0.000000 0.000000 0.000000 0.000000 0.000000 0.000000 0.000000 0.000000 0.000000 0.000000 0.000000 0.000000 0.000000 0.000000 0.000000 0.000000 0.000000 0.000000 0.000000 0.000000 0.000000 0.000000 0.000000 0.000000 0.000000 0.000000 0.000000 0.000000 0.000000 0.000000 0.000000 0.000000 0.000000 0.000000 0.000000 0.000000
-0.105779 -0.249722 1.285879 -4.307122 4.470811 -25.580204 -35.973111 -10.778016 -3.255866 64.735345 6.443015 -6.865841 -19.451587 2.558462 8.293745 -2.426124 -7.270135 -1.463148 -37.428120 7.047506 1.822757 56.578313 -5.414468 -1.283378 -20.318727 2.685771 -5.235839 2.144788 -3.659356 1.420425 20.908333 -0.195265 1.061766 3.556491 -3.627291 -6.700405 -8.475348 -0.784268 1.100231 7.485137 5.323960 1.560186 -1.027344 -2.131902 -1.903632 -13.988555 -2.607377 -19.698737 -19.555809 8.931065 -29.823449 -28.837001 -2.554637 -71.724252 -20.886449 -13.612336 -11.935879 0.000000 0.000000 0.000000 0.000000 0.000000 0.000000 0.000000 0.000000 0.000000 0.000000 0.000000 0.000000 0.000000 0.000000 0.000000 0.000000 0.000000 0.000000 0.000000 0.000000 0.000000 0.000000 0.000000 0.000000 0.000000 0.000000 0.000000 0.000000 0.000000 0.000000 0.000000 0.000000 0.000000 0.000000 0.000000 0.000000 0.000000 0.000000 0.000000 0.000000 0.000000 0.000000 -10.546465 3.404751 15.197517 -17.263484 -11.283001 21.681515 -36.282266 0.526876 80.599385 -26.410910 10.212519 9.410885 0.000000 0.000000 0.000000 0.000000 0.000000 0.000000 0.000000 0.000000 0.000000 0.000000 0.000000 0.000000 0.000000 0.000000 0.000000 0.000000 0.000000 0.000000 0.000000 0.000000 0.000000 0.000000 0.000000 0.000000 0.000000 0.000000 0.000000 0.000000 0.000000 0.000000 0.000000 0.000000 0.000000 0.000000 0.000000 0.000000 0.000000 0.000000 0.000000 0.000000 0.000000 0.000000
-0.106216 -0.249162 1.281350 -3.528827 4.952815 -26.675094 -37.557637 -9.643831 -3.477618 64.020621 7.247587 -6.857323 -21.125411 2.330372 7.712433 -2.491235 -7.702915 -1.631267 -39.721368 6.357517 2.230320 59.794387 -5.944187 -1.626141 -21.474635 3.318375 -4.529924 2.194066 -3.851713 1.445818 22.145308 -0.181522 1.120934 3.969939 -4.290511 -6.653136 -9.107335 -0.482034 1.384376 8.010759 5.246571 1.143405 -0.738352 -2.212633 -3.022152 -12.895201 -1.985971 -19.958811 -18.005011 12.538293 -31.386803 -28.323924 -2.974198 -72.734615 -21.919537 -13.521319 -11.349226 0.000000 0.000000 0.000000 0.000000 0.000000 0.000000 0.000000 0.000000 0.000000 0.000000 0.000000 0.000000 0.000000 0.000000 0.000000 0.000000 0.000000 0.000000 0.000000 0.000000 0.000000 0.000000 0.000000 0.000000 0.000000 0.000000 0.000000 0.000000 0.000000 0.000000 0.000000 0.000000 0.000000 0.000000 0.000000 0.000000 0.000000 0.000000 0.000000 0.000000 0.000000 0.000000 -9.460250 2.178278 15.246972 -15.920485 -14.673067 22.586187 -36.797612 1.471005 80.738722 -26.922287 10.477546 9.072698 0.000000 0.000000 0.000000 0.000000 0.000000 0.000000 0.000000 0.000000 0.000000 0.000000 0.000000 0.000000 0.000000 0.000000 0.000000 0.000000 0.000000 0.000000 0.000000 0.000000 0.000000 0.000000 0.000000 0.000000 0.000000 0.000000 0.000000 0.000000 0.000000 0.000000 0.000000 0.000000 0.000000 0.000000 0.000000 0.000000 0.000000 0.000000 0.000000 0.000000 0.000000 0.000000
-0.103924 -0.246412 1.273147 -2.529692 4.808485 -27.457592 -39.272973 -9.315779 -3.913210 64.429044 7.557866 -7.186187 -22.488336 1.852540 7.165812 -2.771584 -8.110656 -1.747457 -42.079865 6.205771 2.664795 62.850983 -6.425638 -1.340472 -23.585177 4.312196 -4.128855 2.315201 -4.266585 1.449569 22.950254 -0.237410 1.184359 3.766702 -4.598539 -6.580763 -9.160297 -0.359347 1.462609 7.799582 4.555715 0.010605 -0.331630 -2.368880 -4.565171 -12.297066 -1.196899 -20.111329 -16.495909 15.855928 -33.325812 -27.813361 -3.693775 -72.625549 -22.672385 -13.259111 -10.656749 0.000000 0.000000 0.000000 0.000000 0.000000 0.000000 0.000000 0.000000 0.000000 0.000000 0.000000 0.000000 0.000000 0.000000 0.000000 0.000000 0.000000 0.000000 0.000000 0.000000 0.000000 0.000000 0.000000 0.000000 0.000000 0.000000 0.000000 0.000000 0.000000 0.000000 0.000000 0.000000 0.000000 0.000000 0.000000 0.000000 0.000000 0.000000 0.000000 0.000000 0.000000 0.000000 -9.076295 1.182612 15.577292 -14.721654 -16.857591 23.887458 -35.823859 2.428627 79.631190 -27.046335 9.780096 8.592212 0.000000 0.000000 0.000000 0.000000 0.000000 0.000000 0.000000 0.000000 0.000000 0.000000 0.000000 0.000000 0.000000 0.000000 0.000000 0.000000 0.000000 0.000000 0.000000 0.000000 0.000000 0.000000 0.000000 0.000000 0.000000 0.000000 0.000000 0.000000 0.000000 0.000000 0.000000 0.000000 0.000000 0.000000 0.000000 0.000000 0.000000 0.000000 0.000000 0.000000 0.000000 0.000000
-0.101547 -0.246649 1.262031 -2.172579 4.520423 -28.075451 -41.001160 -9.178225 -4.283944 66.066908 7.872592 -7.466228 -23.923313 1.113230 6.781996 -2.849994 -8.303279 -1.840203 -44.308211 6.287331 3.204628 66.266437 -6.789659 -1.234478 -25.430924 4.996693 -3.854428 2.415734 -4.486718 1.431909 23.622163 -0.107683 1.159390 3.771212 -4.868205 -6.565883 -9.246093 -0.138530 1.641798 7.607087 4.036062 -0.650310 0.119696 -2.193983 -5.617055 -11.678373 -0.537077 -20.151347 -14.885284 18.089381 -34.341977 -27.129652 -3.860944 -71.999567 -22.755822 -12.978200 -9.928342 0.000000 0.000000 0.000000 0.000000 0.000000 0.000000 0.000000 0.000000 0.000000 0.000000 0.000000 0.000000 0.000000 0.000000 0.000000 0.000000 0.000000 0.000000 0.000000 0.000000 0.000000 0.000000 0.000000 0.000000 0.000000 0.000000 0.000000 0.000000 0.000000 0.000000 0.000000 0.000000 0.000000 0.000000 0.000000 0.000000 0.000000 0.000000 0.000000 0.000000 0.000000 0.000000 -8.815021 0.282045 15.795226 -13.377395 -18.656360 25.314759 -34.364262 3.027417 78.436130 -26.330131 9.509433 7.979711 0.000000 0.000000 0.000000 0.000000 0.000000 0.000000 0.000000 0.000000 0.000000 0.000000 0.000000 0.000000 0.000000 0.000000 0.000000 0.000000 0.000000 0.000000 0.000000 0.000000 0.000000 0.000000 0.000000 0.000000 0.000000 0.000000 0.000000 0.000000 0.000000 0.000000 0.000000 0.000000 0.000000 0.000000 0.000000 0.000000 0.000000 0.000000 0.000000 0.000000 0.000000 0.000000
-0.099690 -0.247090 1.248429 -1.955434 4.166537 -28.496343 -42.777488 -9.204048 -4.646737 68.298753 8.287756 -7.586900 -25.483989 0.162847 6.610086 -2.948100 -8.405991 -1.929345 -46.632926 6.594859 3.634363 69.708761 -7.219354 -1.265052 -27.249376 5.637330 -3.513565 2.493310 -4.652021 1.413057 24.150868 0.070203 1.111635 3.915657 -5.160338 -6.447735 -9.580007 0.025339 1.896147 7.464359 3.774886 -0.878541 0.157258 -2.196819 -6.098858 -10.823699 0.108079 -20.354616 -13.493079 19.988756 -35.303682 -26.734703 -3.854335 -71.381695 -23.055214 -12.738797 -9.340856 0.000000 0.000000 0.000000 0.000000 0.000000 0.000000 0.000000 0.000000 0.000000 0.000000 0.000000 0.000000 0.000000 0.000000 0.000000 0.000000 0.000000 0.000000 0.000000 0.000000 0.000000 0.000000 0.000000 0.000000 0.000000 0.000000 0.000000 0.000000 0.000000 0.000000 0.000000 0.000000 0.000000 0.000000 0.000000 0.000000 0.000000 0.000000 0.000000 0.000000 0.000000 0.000000 -8.231167 -0.395304 16.128850 -12.362107 -20.336242 26.557315 -33.557335 3.590089 77.057902 -25.488846 9.536439 7.526017 0.000000 0.000000 0.000000 0.000000 0.000000 0.000000 0.000000 0.000000 0.000000 0.000000 0.000000 0.000000 0.000000 0.000000 0.000000 0.000000 0.000000 0.000000 0.000000 0.000000 0.000000 0.000000 0.000000 0.000000 0.000000 0.000000 0.000000 0.000000 0.000000 0.000000 0.000000 0.000000 0.000000 0.000000 0.000000 0.000000 0.000000 0.000000 0.000000 0.000000 0.000000 0.000000
-0.100056 -0.246683 1.232794 -1.632414 4.081544 -28.638190 -45.124462 -9.196925 -5.241930 71.752531 8.545542 -7.762079 -27.272614 -0.764219 6.531918 -3.013208 -8.489002 -2.071486 -49.293198 6.805161 4.056001 73.808015 -7.981914 -1.070347 -29.086493 6.378779 -3.133575 2.590481 -4.777601 1.395552 25.051193 0.110936 1.030094 3.933289 -5.594772 -6.173086 -9.900891 0.339204 2.045612 6.867473 2.948314 -1.194153 0.086465 -2.360107 -6.456905 -9.924692 1.046109 -20.453402 -11.422650 23.008486 -36.758403 -25.901378 -4.008862 -69.803082 -23.465057 -13.358560 -8.625600 0.000000 0.000000 0.000000 0.000000 0.000000 0.000000 0.000000 0.000000 0.000000 0.000000 0.000000 0.000000 0.000000 0.000000 0.000000 0.000000 0.000000 0.000000 0.000000 0.000000 0.000000 0.000000 0.000000 0.000000 0.000000 0.000000 0.000000 0.000000 0.000000 0.000000 0.000000 0.000000 0.000000 0.000000 0.000000 0.000000 0.000000 0.000000 0.000000 0.000000 0.000000 0.000000 -7.565288 -1.273348 16.510474 -10.989643 -22.021224 28.291037 -31.823829 4.195831 73.969090 -25.001039 9.294697 6.964795 0.000000 0.000000 0.000000 0.000000 0.000000 0.000000 0.000000 0.000000 0.000000 0.000000 0.000000 0.000000 0.000000 0.000000 0.000000 0.000000 0.000000 0.000000 0.000000 0.000000 0.000000 0.000000 0.000000 0.000000 0.000000 0.000000 0.000000 0.000000 0.000000 0.000000 0.000000 0.000000 0.000000 0.000000 0.000000 0.000000 0.000000 0.000000 0.000000 0.000000 0.000000 0.000000
-0.099323 -0.251935 1.216148 -2.221037 3.772463 -28.679321 -48.436080 -9.239688 -6.166904 77.163469 9.143207 -8.556253 -27.076269 -0.991053 5.781611 -3.166072 -8.598474 -2.164975 -52.651595 7.108069 4.781765 79.147454 -8.441110 -0.722811 -29.894562 7.414682 -3.309234 2.611085 -5.171982 1.260592 26.793722 0.047022 1.094866 3.146786 -5.978560 -6.029813 -9.570399 0.709674 2.031237 4.922905 1.934380 -1.489945 0.406974 -2.554581 -8.224863 -9.045112 2.374923 -20.436806 -8.917014 25.347561 -37.883796 -24.259641 -4.147412 -67.478041 -24.076703 -13.323589 -8.209701 0.000000 0.000000 0.000000 0.000000 0.000000 0.000000 0.000000 0.000000 0.000000 0.000000 0.000000 0.000000 0.000000 0.000000 0.000000 0.000000 0.000000 0.000000 0.000000 0.000000 0.000000 0.000000 0.000000 0.000000 0.000000 0.000000 0.000000 0.000000 0.000000 0.000000 0.000000 0.000000 0.000000 0.000000 0.000000 0.000000 0.000000 0.000000 0.000000 0.000000 0.000000 0.000000 -7.567394 -2.799553 17.024148 -8.823986 -23.643122 29.880797 -29.909399 4.517764 69.830929 -24.850245 8.006604 5.554884 0.000000 0.000000 0.000000 0.000000 0.000000 0.000000 0.000000 0.000000 0.000000 0.000000 0.000000 0.000000 0.000000 0.000000 0.000000 0.000000 0.000000 0.000000 0.000000 0.000000 0.000000 0.000000 0.000000 0.000000 0.000000 0.000000 0.000000 0.000000 0.000000 0.000000 0.000000 0.000000 0.000000 0.000000 0.000000 0.000000 0.000000 0.000000 0.000000 0.000000 0.000000 0.000000
-0.099722 -0.254397 1.199945 -2.350230 3.672513 -29.030619 -50.515970 -9.548212 -6.647833 80.623904 9.593623 -8.809281 -28.876728 -1.911890 5.300949 -3.398803 -8.868493 -2.176437 -55.119023 7.287860 5.247976 82.916641 -8.820069 -0.279200 -31.639999 8.221767 -3.069445 2.698649 -5.595544 1.213764 27.685106 0.059124 0.999287 2.917174 -6.081663 -5.800592 -9.484941 0.865266 2.061353 3.541542 1.607311 -1.638041 -0.081886 -2.786070 -8.609565 -8.562251 3.312244 -20.769667 -7.696085 26.644511 -38.279226 -23.350885 -4.017067 -65.955516 -24.482085 -13.315001 -7.934784 0.000000 0.000000 0.000000 0.000000 0.000000 0.000000 0.000000 0.000000 0.000000 0.000000 0.000000 0.000000 0.000000 0.000000 0.000000 0.000000 0.000000 0.000000 0.000000 0.000000 0.000000 0.000000 0.000000 0.000000 0.000000 0.000000 0.000000 0.000000 0.000000 0.000000 0.000000 0.000000 0.000000 0.000000 0.000000 0.000000 0.000000 0.000000 0.000000 0.000000 0.000000 0.000000 -7.419572 -3.486087 17.462828 -7.827318 -24.520390 30.695741 -28.786320 4.355824 66.868758 -24.811489 7.117158 5.077802 0.000000 0.000000 0.000000 0.000000 0.000000 0.000000 0.000000 0.000000 0.000000 0.000000 0.000000 0.000000 0.000000 0.000000 0.000000 0.000000 0.000000 0.000000 0.000000 0.000000 0.000000 0.000000 0.000000 0.000000 0.000000 0.000000 0.000000 0.000000 0.000000 0.000000 0.000000 0.000000 0.000000 0.000000 0.000000 0.000000 0.000000 0.000000 0.000000 0.000000 0.000000 0.000000
-0.100485 -0.259150 1.183804 -2.823434 3.618799 -29.141207 -52.499352 -9.754578 -7.056134 84.197565 9.859103 -9.412248 -29.813074 -2.528841 4.750658 -3.526215 -8.905596 -2.165619 -57.303018 7.687482 5.672012 86.588012 -9.132007 0.172014 -32.844693 8.984338 -2.972854 2.776347 -5.923852 1.129060 28.634323 -0.008136 1.007521 2.704115 -6.202508 -5.608518 -9.381191 1.021539 2.040379 2.679299 1.098008 -1.970673 -0.615268 -3.063432 -9.341501 -7.946292 4.320509 -20.827113 -6.474658 28.246820 -38.894220 -22.287473 -4.189300 -63.031100 -23.478231 -13.898921 -7.657978 0.000000 0.000000 0.000000 0.000000 0.000000 0.000000 0.000000 0.000000 0.000000 0.000000 0.000000 0.000000 0.000000 0.000000 0.000000 0.000000 0.000000 0.000000 0.000000 0.000000 0.000000 0.000000 0.000000 0.000000 0.000000 0.000000 0.000000 0.000000 0.000000 0.000000 0.000000 0.000000 0.000000 0.000000 0.000000 0.000000 0.000000 0.000000 0.000000 0.000000 0.000000 0.000000 -7.236790 -4.119087 17.868348 -6.608653 -25.897852 31.548618 -27.039422 4.289001 63.866062 -24.058413 6.780538 4.919238 0.000000 0.000000 0.000000 0.000000 0.000000 0.000000 0.000000 0.000000 0.000000 0.000000 0.000000 0.000000 0.000000 0.000000 0.000000 0.000000 0.000000 0.000000 0.000000 0.000000 0.000000 0.000000 0.000000 0.000000 0.000000 0.000000 0.000000 0.000000 0.000000 0.000000 0.000000 0.000000 0.000000 0.000000 0.000000 0.000000 0.000000 0.000000 0.000000 0.000000 0.000000 0.000000
-0.098480 -0.261247 1.167959 -2.757298 3.531843 -29.130744 -54.182175 -10.039619 -7.501571 86.545042 9.941286 -9.630175 -31.906933 -3.489020 4.277951 -3.554785 -8.874968 -2.190146 -58.935953 7.854395 5.841289 88.933036 -9.496172 0.188783 -35.252956 9.933331 -2.303212 2.863171 -6.085973 1.089771 29.229150 -0.109753 1.060189 2.644621 -6.189332 -5.507966 -9.427662 1.029055 2.146783 2.454230 1.106538 -2.065926 -1.250675 -3.205209 -9.391693 -7.567256 4.850904 -20.991622 -5.678059 29.436149 -39.134739 -21.871130 -4.359524 -62.093629 -23.408903 -13.679635 -7.557646 0.000000 0.000000 0.000000 0.000000 0.000000 0.000000 0.000000 0.000000 0.000000 0.000000 0.000000 0.000000 0.000000 0.000000 0.000000 0.000000 0.000000 0.000000 0.000000 0.000000 0.000000 0.000000 0.000000 0.000000 0.000000 0.000000 0.000000 0.000000 0.000000 0.000000 0.000000 0.000000 0.000000 0.000000 0.000000 0.000000 0.000000 0.000000 0.000000 0.000000 0.000000 0.000000 -7.017173 -4.219401 18.282828 -6.395391 -26.570898 31.670440 -26.515484 4.463336 62.246217 -23.318614 6.335486 4.937866 0.000000 0.000000 0.000000 0.000000 0.000000 0.000000 0.000000 0.000000 0.000000 0.000000 0.000000 0.000000 0.000000 0.000000 0.000000 0.000000 0.000000 0.000000 0.000000 0.000000 0.000000 0.000000 0.000000 0.000000 0.000000 0.000000 0.000000 0.000000 0.000000 0.000000 0.000000 0.000000 0.000000 0.000000 0.000000 0.000000 0.000000 0.000000 0.000000 0.000000 0.000000 0.000000
-0.099751 -0.265192 1.152131 -2.884089 3.581241 -29.440521 -56.193656 -10.305442 -7.961754 89.528964 10.012927 -10.137715 -32.633592 -4.047866 4.129790 -3.636047 -8.884806 -2.175213 -60.940549 8.089395 6.129813 91.752050 -9.832761 0.520536 -36.323081 10.489749 -1.855058 2.851410 -6.404886 0.989027 30.106708 -0.192348 1.085274 2.404871 -6.232448 -5.420762 -9.145100 1.097643 2.077455 1.762781 0.656797 -1.958593 -1.382966 -3.497053 -9.713326 -6.863926 5.980450 -21.061543 -4.788971 30.257264 -38.859147 -20.879551 -4.452371 -59.663973 -22.347092 -13.917476 -7.562765 0.000000 0.000000 0.000000 0.000000 0.000000 0.000000 0.000000 0.000000 0.000000 0.000000 0.000000 0.000000 0.000000 0.000000 0.000000 0.000000 0.000000 0.000000 0.000000 0.000000 0.000000 0.000000 0.000000 0.000000 0.000000 0.000000 0.000000 0.000000 0.000000 0.000000 0.000000 0.000000 0.000000 0.000000 0.000000 0.000000 0.000000 0.000000 0.000000 0.000000 0.000000 0.000000 -6.811108 -4.899554 18.763727 -5.562422 -27.493652 32.207996 -25.037480 4.162868 58.978053 -22.838563 5.972079 4.940536 0.000000 0.000000 0.000000 0.000000 0.000000 0.000000 0.000000 0.000000 0.000000 0.000000 0.000000 0.000000 0.000000 0.000000 0.000000 0.000000 0.000000 0.000000 0.000000 0.000000 0.000000 0.000000 0.000000 0.000000 0.000000 0.000000 0.000000 0.000000 0.000000 0.000000 0.000000 0.000000 0.000000 0.000000 0.000000 0.000000 0.000000 0.000000 0.000000 0.000000 0.000000 0.000000
-0.102352 -0.273124 1.136901 -3.355440 3.788994 -29.499850 -58.583945 -10.674474 -8.656327 93.112433 10.183945 -11.042122 -31.736506 -3.660050 4.009306 -3.808901 -8.888595 -2.070708 -62.862270 8.248523 6.593038 94.710028 -10.215807 0.552073 -36.729108 10.605891 -1.719189 2.799090 -6.490419 0.794411 31.355050 -0.291787 1.005891 2.229190 -6.463257 -5.535216 -9.112281 1.122434 1.787908 0.857264 -0.026012 -2.564735 -1.484517 -3.659807 -10.880593 -5.906492 7.148706 -21.145213 -4.071162 30.692660 -38.131211 -19.308829 -4.431377 -56.194645 -21.255011 -13.460117 -6.982551 0.000000 0.000000 0.000000 0.000000 0.000000 0.000000 0.000000 0.000000 0.000000 0.000000 0.000000 0.000000 0.000000 0.000000 0.000000 0.000000 0.000000 0.000000 0.000000 0.000000 0.000000 0.000000 0.000000 0.000000 0.000000 0.000000 0.000000 0.000000 0.000000 0.000000 0.000000 0.000000 0.000000 0.000000 0.000000 0.000000 0.000000 0.000000 0.000000 0.000000 0.000000 0.000000 -6.625033 -5.791113 19.065550 -4.220242 -28.223280 32.647370 -22.744442 3.895285 54.749990 -22.663126 4.599772 4.399028 0.000000 0.000000 0.000000 0.000000 0.000000 0.000000 0.000000 0.000000 0.000000 0.000000 0.000000 0.000000 0.000000 0.000000 0.000000 0.000000 0.000000 0.000000 0.000000 0.000000 0.000000 0.000000 0.000000 0.000000 0.000000 0.000000 0.000000 0.000000 0.000000 0.000000 0.000000 0.000000 0.000000 0.000000 0.000000 0.000000 0.000000 0.000000 0.000000 0.000000 0.000000 0.000000
-0.103065 -0.280032 1.122904 -3.757472 3.881995 -29.410182 -60.304410 -10.793297 -9.106945 95.705196 10.134215 -11.598443 -32.157869 -3.871614 3.774186 -3.782048 -8.779694 -2.049077 -64.480570 8.593441 6.903794 97.177833 -10.557146 0.826466 -37.504881 10.947663 -1.529844 2.775236 -6.515563 0.716072 32.363492 -0.307903 1.038205 2.278015 -6.536943 -5.491052 -9.380234 1.138835 1.733387 0.652787 -0.249597 -3.058831 -1.899681 -4.168647 -11.207311 -5.175372 7.778790 -21.666138 -3.749526 31.178757 -37.914266 -18.572760 -4.386068 -53.423352 -20.776723 -14.028938 -6.701011 0.000000 0.000000 0.000000 0.000000 0.000000 0.000000 0.000000 0.000000 0.000000 0.000000 0.000000 0.000000 0.000000 0.000000 0.000000 0.000000 0.000000 0.000000 0.000000 0.000000 0.000000 0.000000 0.000000 0.000000 0.000000 0.000000 0.000000 0.000000 0.000000 0.000000 0.000000 0.000000 0.000000 0.000000 0.000000 0.000000 0.000000 0.000000 0.000000 0.000000 0.000000 0.000000 -6.214719 -5.781837 19.644073 -3.736273 -28.887361 32.686087 -21.526013 3.599777 51.422258 -22.403537 4.179230 4.380311 0.000000 0.000000 0.000000 0.000000 0.000000 0.000000 0.000000 0.000000 0.000000 0.000000 0.000000 0.000000 0.000000 0.000000 0.000000 0.000000 0.000000 0.000000 0.000000 0.000000 0.000000 0.000000 0.000000 0.000000 0.000000 0.000000 0.000000 0.000000 0.000000 0.000000 0.000000 0.000000 0.000000 0.000000 0.000000 0.000000 0.000000 0.000000 0.000000 0.000000 0.000000 0.000000
-0.102291 -0.286859 1.109310 -4.184021 3.932947 -29.289626 -61.664119 -10.929503 -9.550918 97.860958 10.122523 -12.080251 -33.102023 -4.398957 3.419843 -3.786593 -8.690217 -1.979609 -66.069916 8.843765 7.262553 99.685454 -10.904566 1.034338 -38.123043 11.370742 -1.395525 2.790229 -6.666591 0.622897 33.562819 -0.427657 0.996673 2.200772 -6.569040 -5.325693 -9.447914 1.164232 1.649417 0.406267 -0.375340 -3.076173 -2.306574 -4.222271 -11.487663 -4.564044 8.437001 -22.140521 -3.660535 31.526134 -37.517015 -17.699452 -4.275529 -50.757145 -20.294051 -14.102931 -6.480821 0.000000 0.000000 0.000000 0.000000 0.000000 0.000000 0.000000 0.000000 0.000000 0.000000 0.000000 0.000000 0.000000 0.000000 0.000000 0.000000 0.000000 0.000000 0.000000 0.000000 0.000000 0.000000 0.000000 0.000000 0.000000 0.000000 0.000000 0.000000 0.000000 0.000000 0.000000 0.000000 0.000000 0.000000 0.000000 0.000000 0.000000 0.000000 0.000000 0.000000 0.000000 0.000000 -5.897121 -5.962267 20.208287 -3.328944 -29.213566 32.737165 -20.102308 3.331405 48.322047 -21.793065 3.663628 4.302047 0.000000 0.000000 0.000000 0.000000 0.000000 0.000000 0.000000 0.000000 0.000000 0.000000 0.000000 0.000000 0.000000 0.000000 0.000000 0.000000 0.000000 0.000000 0.000000 0.000000 0.000000 0.000000 0.000000 0.000000 0.000000 0.000000 0.000000 0.000000 0.000000 0.000000 0.000000 0.000000 0.000000 0.000000 0.000000 0.000000 0.000000 0.000000 0.000000 0.000000 0.000000 0.000000
-0.099520 -0.286035 1.095901 -4.031254 3.739154 -29.404616 -62.927881 -11.143733 -9.867202 99.573437 10.190230 -12.423661 -35.023681 -5.270022 2.932029 -3.767808 -8.529646 -2.014693 -67.385637 9.155701 7.491179 101.430631 -11.152895 1.414476 -40.191722 12.090967 -0.817599 2.830970 -6.798210 0.585641 34.073281 -0.385149 1.048851 2.186665 -6.534298 -5.293642 -9.521908 1.170630 1.689903 0.357684 -0.440016 -3.193414 -2.765548 -4.606399 -11.567761 -4.230856 8.759185 -22.440683 -3.615235 31.790587 -37.198335 -17.345365 -4.238307 -49.022765 -19.774093 -14.092474 -6.320878 0.000000 0.000000 0.000000 0.000000 0.000000 0.000000 0.000000 0.000000 0.000000 0.000000 0.000000 0.000000 0.000000 0.000000 0.000000 0.000000 0.000000 0.000000 0.000000 0.000000 0.000000 0.000000 0.000000 0.000000 0.000000 0.000000 0.000000 0.000000 0.000000 0.000000 0.000000 0.000000 0.000000 0.000000 0.000000 0.000000 0.000000 0.000000 0.000000 0.000000 0.000000 0.000000 -5.629572 -5.965491 20.604719 -3.238215 -29.685138 32.673064 -19.561931 3.229820 46.439389 -20.957840 3.624152 4.563927 0.000000 0.000000 0.000000 0.000000 0.000000 0.000000 0.000000 0.000000 0.000000 0.000000 0.000000 0.000000 0.000000 0.000000 0.000000 0.000000 0.000000 0.000000 0.000000 0.000000 0.000000 0.000000 0.000000 0.000000 0.000000 0.000000 0.000000 0.000000 0.000000 0.000000 0.000000 0.000000 0.000000 0.000000 0.000000 0.000000 0.000000 0.000000 0.000000 0.000000 0.000000 0.000000
-0.097451 -0.291085 1.082980 -4.362235 3.675984 -29.276356 -64.277469 -11.211005 -10.347484 101.566135 10.244147 -12.760809 -35.665633 -5.572866 2.664398 -3.881966 -8.503495 -1.923676 -68.983975 9.248965 7.939901 103.815093 -11.367911 1.651689 -40.423375 12.530552 -0.857005 2.786591 -7.102116 0.420007 35.011015 -0.458246 0.925877 2.097924 -6.665707 -5.258218 -9.651366 1.274242 1.620855 0.103422 -0.617701 -3.132410 -3.196654 -4.727257 -11.657324 -3.635236 9.268058 -22.707883 -3.636292 32.038140 -36.696578 -16.414717 -4.005311 -46.468550 -19.092515 -14.023289 -6.058945 0.000000 0.000000 0.000000 0.000000 0.000000 0.000000 0.000000 0.000000 0.000000 0.000000 0.000000 0.000000 0.000000 0.000000 0.000000 0.000000 0.000000 0.000000 0.000000 0.000000 0.000000 0.000000 0.000000 0.000000 0.000000 0.000000 0.000000 0.000000 0.000000 0.000000 0.000000 0.000000 0.000000 0.000000 0.000000 0.000000 0.000000 0.000000 0.000000 0.000000 0.000000 0.000000 -5.369412 -6.208202 20.867818 -2.518281 -30.091896 32.859787 -18.069226 2.745334 44.250170 -20.119983 3.177180 4.575359 0.000000 0.000000 0.000000 0.000000 0.000000 0.000000 0.000000 0.000000 0.000000 0.000000 0.000000 0.000000 0.000000 0.000000 0.000000 0.000000 0.000000 0.000000 0.000000 0.000000 0.000000 0.000000 0.000000 0.000000 0.000000 0.000000 0.000000 0.000000 0.000000 0.000000 0.000000 0.000000 0.000000 0.000000 0.000000 0.000000 0.000000 0.000000 0.000000 0.000000 0.000000 0.000000
-0.099471 -0.303392 1.071382 -5.263277 3.763076 -29.212004 -65.562937 -11.174424 -10.639229 103.533130 10.317309 -13.141801 -35.089243 -5.575178 2.665582 -3.921449 -8.421927 -1.815417 -70.462798 9.416235 8.367064 106.052571 -11.348934 1.894046 -39.888187 12.729163 -1.023266 2.656850 -7.316972 0.204267 36.245323 -0.519452 0.906070 1.956290 -6.629097 -5.183213 -9.698028 1.269704 1.476853 -0.210894 -0.796697 -3.618234 -3.330095 -4.934392 -12.219582 -3.066687 9.575192 -23.269290 -3.644682 32.515257 -36.250616 -15.042851 -4.076129 -42.895804 -18.449346 -14.388948 -5.566288 0.000000 0.000000 0.000000 0.000000 0.000000 0.000000 0.000000 0.000000 0.000000 0.000000 0.000000 0.000000 0.000000 0.000000 0.000000 0.000000 0.000000 0.000000 0.000000 0.000000 0.000000 0.000000 0.000000 0.000000 0.000000 0.000000 0.000000 0.000000 0.000000 0.000000 0.000000 0.000000 0.000000 0.000000 0.000000 0.000000 0.000000 0.000000 0.000000 0.000000 0.000000 0.000000 -4.995479 -6.209132 21.448995 -1.871682 -31.097170 33.018022 -16.578080 2.412001 40.177812 -19.381431 3.295633 4.373946 0.000000 0.000000 0.000000 0.000000 0.000000 0.000000 0.000000 0.000000 0.000000 0.000000 0.000000 0.000000 0.000000 0.000000 0.000000 0.000000 0.000000 0.000000 0.000000 0.000000 0.000000 0.000000 0.000000 0.000000 0.000000 0.000000 0.000000 0.000000 0.000000 0.000000 0.000000 0.000000 0.000000 0.000000 0.000000 0.000000 0.000000 0.000000 0.000000 0.000000 0.000000 0.000000
-0.100404 -0.309871 1.060644 -5.990731 4.037532 -29.100928 -66.125954 -11.149369 -10.844802 105.228637 10.062394 -13.603197 -35.904148 -6.005225 2.579249 -3.877958 -8.322813 -1.802202 -71.124645 9.675133 8.531228 108.007158 -11.413148 2.205096 -40.540044 13.069291 -0.894801 2.624097 -7.477467 0.116722 37.211208 -0.529545 0.928506 2.026673 -6.655716 -5.123896 -9.923169 1.273927 1.462332 -0.150473 -0.794291 -3.737499 -3.692700 -5.154047 -12.348150 -2.734211 9.719039 -23.698912 -3.535818 33.046319 -36.414378 -14.106849 -3.861756 -39.878750 -17.999953 -14.418391 -5.126663 0.000000 0.000000 0.000000 0.000000 0.000000 0.000000 0.000000 0.000000 0.000000 0.000000 0.000000 0.000000 0.000000 0.000000 0.000000 0.000000 0.000000 0.000000 0.000000 0.000000 0.000000 0.000000 0.000000 0.000000 0.000000 0.000000 0.000000 0.000000 0.000000 0.000000 0.000000 0.000000 0.000000 0.000000 0.000000 0.000000 0.000000 0.000000 0.000000 0.000000 0.000000 0.000000 -4.888120 -5.953737 21.913191 -1.547544 -31.645334 33.231749 -15.500907 1.910429 37.552192 -19.015576 3.326858 4.264089 0.000000 0.000000 0.000000 0.000000 0.000000 0.000000 0.000000 0.000000 0.000000 0.000000 0.000000 0.000000 0.000000 0.000000 0.000000 0.000000 0.000000 0.000000 0.000000 0.000000 0.000000 0.000000 0.000000 0.000000 0.000000 0.000000 0.000000 0.000000 0.000000 0.000000 0.000000 0.000000 0.000000 0.000000 0.000000 0.000000 0.000000 0.000000 0.000000 0.000000 0.000000 0.000000
-0.100120 -0.315811 1.050679 -6.588555 4.138390 -28.980935 -66.796613 -11.119919 -11.097493 106.716779 9.983626 -13.771584 -36.565259 -6.257213 2.364638 -3.856893 -8.220868 -1.765700 -71.961175 9.952926 8.792425 109.835042 -11.509656 2.427273 -40.951617 13.444241 -0.715887 2.616856 -7.717274 0.003740 38.056699 -0.541954 0.940335 1.909995 -6.620554 -5.064979 -9.936472 1.318037 1.379821 -0.157584 -0.832939 -3.758316 -3.863958 -5.248883 -12.555945 -2.444250 9.840847 -24.276730 -3.521900 33.564210 -36.352341 -13.174505 -3.811223 -37.356030 -17.339664 -14.476124 -4.832201 0.000000 0.000000 0.000000 0.000000 0.000000 0.000000 0.000000 0.000000 0.000000 0.000000 0.000000 0.000000 0.000000 0.000000 0.000000 0.000000 0.000000 0.000000 0.000000 0.000000 0.000000 0.000000 0.000000 0.000000 0.000000 0.000000 0.000000 0.000000 0.000000 0.000000 0.000000 0.000000 0.000000 0.000000 0.000000 0.000000 0.000000 0.000000 0.000000 0.000000 0.000000 0.000000 -4.671837 -5.962790 22.310306 -1.161887 -32.258948 33.239269 -14.449895 1.777472 35.297013 -18.321165 3.393040 4.289809 0.000000 0.000000 0.000000 0.000000 0.000000 0.000000 0.000000 0.000000 0.000000 0.000000 0.000000 0.000000 0.000000 0.000000 0.000000 0.000000 0.000000 0.000000 0.000000 0.000000 0.000000 0.000000 0.000000 0.000000 0.000000 0.000000 0.000000 0.000000 0.000000 0.000000 0.000000 0.000000 0.000000 0.000000 0.000000 0.000000 0.000000 0.000000 0.000000 0.000000 0.000000 0.000000
-0.101564 -0.320255 1.041603 -7.096103 4.450209 -28.878765 -67.249031 -11.198623 -11.308155 108.011269 9.764894 -13.906740 -37.519390 -6.637931 2.142418 -3.852154 -8.090249 -1.711763 -72.493855 10.221455 8.911718 111.399570 -11.653465 2.603044 -41.498565 13.720182 -0.426045 2.506153 -7.880009 -0.106714 38.723866 -0.559433 0.996710 1.955641 -6.609485 -4.995890 -9.978935 1.346333 1.390261 -0.163703 -0.830019 -3.637505 -4.221499 -5.332026 -12.450720 -2.215316 9.975578 -24.694532 -3.511557 33.990560 -36.235061 -12.699294 -3.754812 -35.446331 -16.901981 -14.438870 -4.671892 0.000000 0.000000 0.000000 0.000000 0.000000 0.000000 0.000000 0.000000 0.000000 0.000000 0.000000 0.000000 0.000000 0.000000 0.000000 0.000000 0.000000 0.000000 0.000000 0.000000 0.000000 0.000000 0.000000 0.000000 0.000000 0.000000 0.000000 0.000000 0.000000 0.000000 0.000000 0.000000 0.000000 0.000000 0.000000 0.000000 0.000000 0.000000 0.000000 0.000000 0.000000 0.000000 -4.512942 -5.929150 22.702408 -0.944244 -32.721175 33.272114 -13.789265 1.672510 33.732700 -17.486938 3.529286 4.372017 0.000000 0.000000 0.000000 0.000000 0.000000 0.000000 0.000000 0.000000 0.000000 0.000000 0.000000 0.000000 0.000000 0.000000 0.000000 0.000000 0.000000 0.000000 0.000000 0.000000 0.000000 0.000000 0.000000 0.000000 0.000000 0.000000 0.000000 0.000000 0.000000 0.000000 0.000000 0.000000 0.000000 0.000000 0.000000 0.000000 0.000000 0.000000 0.000000 0.000000 0.000000 0.000000
-0.100761 -0.322940 1.033415 -7.449469 4.568896 -28.870649 -67.635715 -11.352290 -11.512015 109.086010 9.633107 -13.997941 -38.475159 -6.993405 1.777307 -3.936906 -8.040045 -1.650541 -72.996907 10.482289 8.989624 112.732752 -11.688976 2.765801 -42.226546 14.208357 0.024950 2.454596 -8.237200 -0.241556 39.189564 -0.590541 1.038499 1.981846 -6.568035 -4.912063 -9.908617 1.425930 1.356682 -0.159829 -0.894393 -3.444367 -4.391016 -5.288455 -12.548547 -1.945090 10.195720 -24.845231 -3.452569 34.373517 -36.003655 -12.083333 -3.622334 -33.895833 -16.383145 -14.129316 -4.626586 0.000000 0.000000 0.000000 0.000000 0.000000 0.000000 0.000000 0.000000 0.000000 0.000000 0.000000 0.000000 0.000000 0.000000 0.000000 0.000000 0.000000 0.000000 0.000000 0.000000 0.000000 0.000000 0.000000 0.000000 0.000000 0.000000 0.000000 0.000000 0.000000 0.000000 0.000000 0.000000 0.000000 0.000000 0.000000 0.000000 0.000000 0.000000 0.000000 0.000000 0.000000 0.000000 -4.424931 -6.031793 22.959523 -0.669318 -33.188567 33.330140 -13.365554 1.538286 32.628278 -16.940191 3.525760 4.381374 0.000000 0.000000 0.000000 0.000000 0.000000 0.000000 0.000000 0.000000 0.000000 0.000000 0.000000 0.000000 0.000000 0.000000 0.000000 0.000000 0.000000 0.000000 0.000000 0.000000 0.000000 0.000000 0.000000 0.000000 0.000000 0.000000 0.000000 0.000000 0.000000 0.000000 0.000000 0.000000 0.000000 0.000000 0.000000 0.000000 0.000000 0.000000 0.000000 0.000000 0.000000 0.000000
-0.101768 -0.327548 1.026549 -7.950334 4.823025 -28.623452 -68.109802 -11.423217 -11.700073 110.149765 9.457941 -14.197492 -38.603387 -7.216422 1.595104 -3.812798 -7.764528 -1.670190 -73.515319 10.701166 9.059357 114.115824 -11.635622 3.134336 -42.028490 14.458250 -0.024851 2.546599 -8.554949 -0.253765 39.755414 -0.521027 1.122362 2.188175 -6.646316 -4.777885 -10.051811 1.498021 1.396246 -0.110180 -0.825496 -2.917557 -4.739154 -5.155810 -12.292142 -1.386012 10.317678 -25.260766 -3.673613 34.460041 -35.803271 -11.309160 -3.126836 -31.619118 -16.156709 -13.360535 -4.528162 0.000000 0.000000 0.000000 0.000000 0.000000 0.000000 0.000000 0.000000 0.000000 0.000000 0.000000 0.000000 0.000000 0.000000 0.000000 0.000000 0.000000 0.000000 0.000000 0.000000 0.000000 0.000000 0.000000 0.000000 0.000000 0.000000 0.000000 0.000000 0.000000 0.000000 0.000000 0.000000 0.000000 0.000000 0.000000 0.000000 0.000000 0.000000 0.000000 0.000000 0.000000 0.000000 -4.002133 -6.196009 23.267489 -0.825415 -33.612495 33.239486 -13.261590 1.277076 31.363980 -17.284230 3.408802 4.456009 0.000000 0.000000 0.000000 0.000000 0.000000 0.000000 0.000000 0.000000 0.000000 0.000000 0.000000 0.000000 0.000000 0.000000 0.000000 0.000000 0.000000 0.000000 0.000000 0.000000 0.000000 0.000000 0.000000 0.000000 0.000000 0.000000 0.000000 0.000000 0.000000 0.000000 0.000000 0.000000 0.000000 0.000000 0.000000 0.000000 0.000000 0.000000 0.000000 0.000000 0.000000 0.000000
-0.100051 -0.328584 1.020882 -8.217833 4.828998 -28.598367 -68.263233 -11.438256 -11.852320 110.892665 9.393536 -14.257486 -39.368808 -7.497293 1.399067 -3.839844 -7.700942 -1.657886 -73.740187 10.921020 9.213542 115.062524 -11.659547 3.373276 -42.807072 14.789453 0.240949 2.487133 -8.687787 -0.330266 40.211392 -0.455881 1.168090 2.270814 -6.681284 -4.762776 -10.097290 1.545540 1.370933 -0.222698 -0.987624 -2.842492 -4.980934 -5.202860 -12.422820 -1.124276 10.395471 -25.472109 -3.630741 34.697159 -35.611694 -10.669866 -2.858230 -30.265983 -15.713335 -13.005042 -4.483204 0.000000 0.000000 0.000000 0.000000 0.000000 0.000000 0.000000 0.000000 0.000000 0.000000 0.000000 0.000000 0.000000 0.000000 0.000000 0.000000 0.000000 0.000000 0.000000 0.000000 0.000000 0.000000 0.000000 0.000000 0.000000 0.000000 0.000000 0.000000 0.000000 0.000000 0.000000 0.000000 0.000000 0.000000 0.000000 0.000000 0.000000 0.000000 0.000000 0.000000 0.000000 0.000000 -3.812724 -6.365037 23.485186 -0.625964 -33.968233 33.379307 -12.910970 1.166691 30.479077 -16.639927 3.459560 4.503649 0.000000 0.000000 0.000000 0.000000 0.000000 0.000000 0.000000 0.000000 0.000000 0.000000 0.000000 0.000000 0.000000 0.000000 0.000000 0.000000 0.000000 0.000000 0.000000 0.000000 0.000000 0.000000 0.000000 0.000000 0.000000 0.000000 0.000000 0.000000 0.000000 0.000000 0.000000 0.000000 0.000000 0.000000 0.000000 0.000000 0.000000 0.000000 0.000000 0.000000 0.000000 0.000000
-0.100836 -0.330308 1.016316 -8.562275 4.992526 -28.625637 -68.353318 -11.505599 -11.935921 111.593814 9.329158 -14.282615 -39.772294 -7.732219 1.264888 -3.843896 -7.679224 -1.638658 -73.841483 11.177148 9.275659 115.861802 -11.637787 3.503580 -43.197236 14.989094 0.475097 2.401327 -8.788364 -0.403324 40.610537 -0.376101 1.189152 2.370341 -6.733079 -4.763738 -10.159237 1.591776 1.334583 -0.332670 -1.094859 -2.730817 -5.169845 -5.280174 -12.518737 -0.853978 10.477155 -25.671916 -3.501087 35.027945 -35.497274 -9.864815 -2.673352 -28.978561 -15.375237 -12.794967 -4.528355 0.000000 0.000000 0.000000 0.000000 0.000000 0.000000 0.000000 0.000000 0.000000 0.000000 0.000000 0.000000 0.000000 0.000000 0.000000 0.000000 0.000000 0.000000 0.000000 0.000000 0.000000 0.000000 0.000000 0.000000 0.000000 0.000000 0.000000 0.000000 0.000000 0.000000 0.000000 0.000000 0.000000 0.000000 0.000000 0.000000 0.000000 0.000000 0.000000 0.000000 0.000000 0.000000 -3.637185 -6.442297 23.694435 -0.367419 -34.409800 33.540404 -12.512736 1.084618 29.824931 -16.260548 3.752173 4.594939 0.000000 0.000000 0.000000 0.000000 0.000000 0.000000 0.000000 0.000000 0.000000 0.000000 0.000000 0.000000 0.000000 0.000000 0.000000 0.000000 0.000000 0.000000 0.000000 0.000000 0.000000 0.000000 0.000000 0.000000 0.000000 0.000000 0.000000 0.000000 0.000000 0.000000 0.000000 0.000000 0.000000 0.000000 0.000000 0.000000 0.000000 0.000000 0.000000 0.000000 0.000000 0.000000
-0.102117 -0.332030 1.012676 -8.857902 5.203580 -28.507950 -68.398530 -11.494185 -11.992845 112.107802 9.177711 -14.295061 -40.202265 -7.951800 1.141731 -3.837514 -7.575715 -1.614498 -73.879234 11.340215 9.305852 116.520986 -11.605491 3.598148 -43.342650 15.120110 0.548010 2.359296 -8.857337 -0.432953 40.875487 -0.393638 1.215051 2.448267 -6.739230 -4.738013 -10.215174 1.637545 1.336513 -0.418173 -1.120750 -2.632460 -5.226996 -5.302809 -12.471554 -0.724577 10.566028 -25.779123 -3.370939 35.234563 -35.473472 -9.544680 -2.572179 -28.229864 -15.214064 -12.565326 -4.540258 0.000000 0.000000 0.000000 0.000000 0.000000 0.000000 0.000000 0.000000 0.000000 0.000000 0.000000 0.000000 0.000000 0.000000 0.000000 0.000000 0.000000 0.000000 0.000000 0.000000 0.000000 0.000000 0.000000 0.000000 0.000000 0.000000 0.000000 0.000000 0.000000 0.000000 0.000000 0.000000 0.000000 0.000000 0.000000 0.000000 0.000000 0.000000 0.000000 0.000000 0.000000 0.000000 -3.584712 -6.493640 23.806509 -0.204027 -34.625525 33.611815 -12.330312 1.043522 29.424858 -16.013677 3.747917 4.640980 0.000000 0.000000 0.000000 0.000000 0.000000 0.000000 0.000000 0.000000 0.000000 0.000000 0.000000 0.000000 0.000000 0.000000 0.000000 0.000000 0.000000 0.000000 0.000000 0.000000 0.000000 0.000000 0.000000 0.000000 0.000000 0.000000 0.000000 0.000000 0.000000 0.000000 0.000000 0.000000 0.000000 0.000000 0.000000 0.000000 0.000000 0.000000 0.000000 0.000000 0.000000 0.000000
-0.105151 -0.331880 1.009637 -8.949887 5.465234 -28.497182 -68.492653 -11.598242 -12.017911 112.497401 9.120810 -14.255809 -40.759516 -8.189570 1.000231 -3.801663 -7.512661 -1.610566 -73.927752 11.509500 9.300273 116.914728 -11.575234 3.743161 -43.549317 15.180094 0.682655 2.319216 -8.900173 -0.447360 41.001858 -0.415442 1.264775 2.497788 -6.737741 -4.743086 -10.211784 1.657901 1.335761 -0.497156 -1.104271 -2.393275 -5.163091 -5.263095 -12.203555 -0.585552 10.637081 -25.875365 -3.368453 35.407194 -35.302736 -9.267304 -2.477160 -27.770921 -14.949459 -12.424775 -4.555479 0.000000 0.000000 0.000000 0.000000 0.000000 0.000000 0.000000 0.000000 0.000000 0.000000 0.000000 0.000000 0.000000 0.000000 0.000000 0.000000 0.000000 0.000000 0.000000 0.000000 0.000000 0.000000 0.000000 0.000000 0.000000 0.000000 0.000000 0.000000 0.000000 0.000000 0.000000 0.000000 0.000000 0.000000 0.000000 0.000000 0.000000 0.000000 0.000000 0.000000 0.000000 0.000000 -3.521754 -6.501680 23.853854 -0.145063 -34.855642 33.691012 -12.224196 1.018089 29.279702 -15.914132 3.680345 4.746853 0.000000 0.000000 0.000000 0.000000 0.000000 0.000000 0.000000 0.000000 0.000000 0.000000 0.000000 0.000000 0.000000 0.000000 0.000000 0.000000 0.000000 0.000000 0.000000 0.000000 0.000000 0.000000 0.000000 0.000000 0.000000 0.000000 0.000000 0.000000 0.000000 0.000000 0.000000 0.000000 0.000000 0.000000 0.000000 0.000000 0.000000 0.000000 0.000000 0.000000 0.000000 0.000000
-0.105248 -0.332514 1.007446 -9.207498 5.586825 -28.405608 -68.377327 -11.611205 -12.033703 112.876966 9.032778 -14.308765 -41.051634 -8.307533 0.911773 -3.813774 -7.527814 -1.608019 -73.838019 11.735225 9.329961 117.442129 -11.532750 3.949552 -43.700563 15.230717 0.754279 2.306133 -9.005271 -0.485943 41.369465 -0.375412 1.296513 2.539321 -6.745537 -4.785089 -10.182298 1.687239 1.300635 -0.636303 -1.207369 -2.427175 -5.147716 -5.381684 -12.285507 -0.376495 10.719807 -26.023883 -3.361885 35.600967 -35.133901 -8.787781 -2.449143 -27.217726 -14.595475 -12.228816 -4.432175 0.000000 0.000000 0.000000 0.000000 0.000000 0.000000 0.000000 0.000000 0.000000 0.000000 0.000000 0.000000 0.000000 0.000000 0.000000 0.000000 0.000000 0.000000 0.000000 0.000000 0.000000 0.000000 0.000000 0.000000 0.000000 0.000000 0.000000 0.000000 0.000000 0.000000 0.000000 0.000000 0.000000 0.000000 0.000000 0.000000 0.000000 0.000000 0.000000 0.000000 0.000000 0.000000 -3.404292 -6.559217 24.007548 -0.085344 -35.222018 33.676601 -11.978850 1.034466 28.927505 -15.603039 3.697826 4.711325 0.000000 0.000000 0.000000 0.000000 0.000000 0.000000 0.000000 0.000000 0.000000 0.000000 0.000000 0.000000 0.000000 0.000000 0.000000 0.000000 0.000000 0.000000 0.000000 0.000000 0.000000 0.000000 0.000000 0.000000 0.000000 0.000000 0.000000 0.000000 0.000000 0.000000 0.000000 0.000000 0.000000 0.000000 0.000000 0.000000 0.000000 0.000000 0.000000 0.000000 0.000000 0.000000
-0.106317 -0.331903 1.005722 -9.266246 5.714231 -28.379870 -68.344049 -11.605632 -12.063630 113.098926 8.982914 -14.322845 -41.444338 -8.512864 0.866590 -3.809565 -7.492117 -1.601727 -73.813045 11.817034 9.342466 117.723722 -11.498346 4.035341 -43.843493 15.300525 0.810151 2.282588 -9.059409 -0.500778 41.376215 -0.321793 1.299443 2.605386 -6.762812 -4.764476 -10.203841 1.724637 1.300159 -0.638007 -1.251211 -2.344736 -5.107548 -5.405549 -12.336632 -0.289903 10.773129 -26.052703 -3.333984 35.608367 -35.045027 -8.590838 -2.415478 -27.137463 -14.453462 -12.132100 -4.433124 0.000000 0.000000 0.000000 0.000000 0.000000 0.000000 0.000000 0.000000 0.000000 0.000000 0.000000 0.000000 0.000000 0.000000 0.000000 0.000000 0.000000 0.000000 0.000000 0.000000 0.000000 0.000000 0.000000 0.000000 0.000000 0.000000 0.000000 0.000000 0.000000 0.000000 0.000000 0.000000 0.000000 0.000000 0.000000 0.000000 0.000000 0.000000 0.000000 0.000000 0.000000 0.000000 -3.376570 -6.629843 23.997484 0.074301 -35.373284 33.660615 -11.928639 1.044737 29.099905 -15.566697 3.709742 4.701343 0.000000 0.000000 0.000000 0.000000 0.000000 0.000000 0.000000 0.000000 0.000000 0.000000 0.000000 0.000000 0.000000 0.000000 0.000000 0.000000 0.000000 0.000000 0.000000 0.000000 0.000000 0.000000 0.000000 0.000000 0.000000 0.000000 0.000000 0.000000 0.000000 0.000000 0.000000 0.000000 0.000000 0.000000 0.000000 0.000000 0.000000 0.000000 0.000000 0.000000 0.000000 0.000000
-0.106801 -0.330481 1.004411 -9.234343 5.783469 -28.362508 -68.291830 -11.622649 -12.058053 113.215573 8.948945 -14.299991 -41.927810 -8.730056 0.779789 -3.805978 -7.489192 -1.611178 -73.763392 11.900937 9.335353 117.890300 -11.487415 4.127606 -44.096599 15.426279 0.873221 2.300315 -9.111140 -0.490733 41.406334 -0.290505 1.330635 2.638501 -6.750950 -4.760492 -10.158990 1.732133 1.311059 -0.754045 -1.265655 -2.255555 -5.069204 -5.431300 -12.316941 -0.288666 10.806117 -26.099639 -3.352577 35.638190 -34.938504 -8.436272 -2.435750 -27.188657 -14.304407 -12.018317 -4.367896 0.000000 0.000000 0.000000 0.000000 0.000000 0.000000 0.000000 0.000000 0.000000 0.000000 0.000000 0.000000 0.000000 0.000000 0.000000 0.000000 0.000000 0.000000 0.000000 0.000000 0.000000 0.000000 0.000000 0.000000 0.000000 0.000000 0.000000 0.000000 0.000000 0.000000 0.000000 0.000000 0.000000 0.000000 0.000000 0.000000 0.000000 0.000000 0.000000 0.000000 0.000000 0.000000 -3.358050 -6.649803 24.015789 0.063584 -35.462869 33.558561 -12.002766 1.021333 29.238081 -15.690203 3.589944 4.672316 0.000000 0.000000 0.000000 0.000000 0.000000 0.000000 0.000000 0.000000 0.000000 0.000000 0.000000 0.000000 0.000000 0.000000 0.000000 0.000000 0.000000 0.000000 0.000000 0.000000 0.000000 0.000000 0.000000 0.000000 0.000000 0.000000 0.000000 0.000000 0.000000 0.000000 0.000000 0.000000 0.000000 0.000000 0.000000 0.000000 0.000000 0.000000 0.000000 0.000000 0.000000 0.000000
-0.107171 -0.330043 1.003623 -9.260750 5.820753 -28.359746 -68.220707 -11.583955 -12.041635 113.268223 8.931021 -14.324110 -42.183455 -8.911901 0.788983 -3.800488 -7.464634 -1.601812 -73.700586 11.929950 9.316277 117.978721 -11.427422 4.202340 -44.256936 15.502836 0.854111 2.280052 -9.115118 -0.506657 41.369826 -0.268195 1.334655 2.645654 -6.720512 -4.756350 -10.114354 1.750227 1.297440 -0.839942 -1.272996 -2.301752 -5.062348 -5.463493 -12.420612 -0.304490 10.821343 -26.105659 -3.285152 35.579980 -34.917468 -8.341324 -2.403292 -27.180632 -14.293596 -11.976474 -4.328942 0.000000 0.000000 0.000000 0.000000 0.000000 0.000000 0.000000 0.000000 0.000000 0.000000 0.000000 0.000000 0.000000 0.000000 0.000000 0.000000 0.000000 0.000000 0.000000 0.000000 0.000000 0.000000 0.000000 0.000000 0.000000 0.000000 0.000000 0.000000 0.000000 0.000000 0.000000 0.000000 0.000000 0.000000 0.000000 0.000000 0.000000 0.000000 0.000000 0.000000 0.000000 0.000000 -3.382664 -6.653268 24.018290 0.151511 -35.516719 33.502114 -12.086751 0.979208 29.408118 -15.794129 3.568956 4.647814 0.000000 0.000000 0.000000 0.000000 0.000000 0.000000 0.000000 0.000000 0.000000 0.000000 0.000000 0.000000 0.000000 0.000000 0.000000 0.000000 0.000000 0.000000 0.000000 0.000000 0.000000 0.000000 0.000000 0.000000 0.000000 0.000000 0.000000 0.000000 0.000000 0.000000 0.000000 0.000000 0.000000 0.000000 0.000000 0.000000 0.000000 0.000000 0.000000 0.000000 0.000000 0.000000
-0.107169 -0.328736 1.002987 -9.185453 5.818144 -28.369597 -68.220959 -11.554307 -12.033996 113.295163 8.923536 -14.315970 -42.413350 -9.080426 0.789996 -3.788520 -7.439632 -1.600487 -73.677160 11.944028 9.292474 118.013811 -11.388613 4.273375 -44.439346 15.618198 0.865651 2.291595 -9.140522 -0.507337 41.323976 -0.241773 1.343068 2.673530 -6.704790 -4.743927 -10.090242 1.768522 1.298616 -0.900844 -1.264508 -2.251336 -5.016096 -5.462189 -12.443364 -0.298010 10.830450 -26.117647 -3.295762 35.535129 -34.854230 -8.265108 -2.404355 -27.342370 -14.218302 -11.896388 -4.291830 0.000000 0.000000 0.000000 0.000000 0.000000 0.000000 0.000000 0.000000 0.000000 0.000000 0.000000 0.000000 0.000000 0.000000 0.000000 0.000000 0.000000 0.000000 0.000000 0.000000 0.000000 0.000000 0.000000 0.000000 0.000000 0.000000 0.000000 0.000000 0.000000 0.000000 0.000000 0.000000 0.000000 0.000000 0.000000 0.000000 0.000000 0.000000 0.000000 0.000000 0.000000 0.000000 -3.374350 -6.650242 24.018265 0.158482 -35.526214 33.405516 -12.169012 0.947158 29.623582 -15.853408 3.488084 4.610068 0.000000 0.000000 0.000000 0.000000 0.000000 0.000000 0.000000 0.000000 0.000000 0.000000 0.000000 0.000000 0.000000 0.000000 0.000000 0.000000 0.000000 0.000000 0.000000 0.000000 0.000000 0.000000 0.000000 0.000000 0.000000 0.000000 0.000000 0.000000 0.000000 0.000000 0.000000 0.000000 0.000000 0.000000 0.000000 0.000000 0.000000 0.000000 0.000000 0.000000 0.000000 0.000000
-0.107360 -0.328166 1.002654 -9.134301 5.829299 -28.307801 -68.200052 -11.491916 -12.004334 113.226704 8.890046 -14.285173 -42.658108 -9.241603 0.791500 -3.738678 -7.416919 -1.604978 -73.619866 11.882197 9.263429 117.981813 -11.355577 4.300796 -44.537094 15.735426 0.762803 2.312180 -9.090942 -0.484869 41.235314 -0.200141 1.346031 2.717896 -6.712529 -4.739653 -10.128325 1.783645 1.330336 -0.899776 -1.200413 -2.137808 -5.003713 -5.420068 -12.343018 -0.269956 10.835971 -26.139716 -3.328825 35.431943 -34.868019 -8.246417 -2.304647 -27.404248 -14.180076 -11.803972 -4.211780 0.000000 0.000000 0.000000 0.000000 0.000000 0.000000 0.000000 0.000000 0.000000 0.000000 0.000000 0.000000 0.000000 0.000000 0.000000 0.000000 0.000000 0.000000 0.000000 0.000000 0.000000 0.000000 0.000000 0.000000 0.000000 0.000000 0.000000 0.000000 0.000000 0.000000 0.000000 0.000000 0.000000 0.000000 0.000000 0.000000 0.000000 0.000000 0.000000 0.000000 0.000000 0.000000 -3.312195 -6.613091 23.986115 0.055545 -35.482354 33.329799 -12.314170 0.783454 29.706976 -16.197421 3.371355 4.568720 0.000000 0.000000 0.000000 0.000000 0.000000 0.000000 0.000000 0.000000 0.000000 0.000000 0.000000 0.000000 0.000000 0.000000 0.000000 0.000000 0.000000 0.000000 0.000000 0.000000 0.000000 0.000000 0.000000 0.000000 0.000000 0.000000 0.000000 0.000000 0.000000 0.000000 0.000000 0.000000 0.000000 0.000000 0.000000 0.000000 0.000000 0.000000 0.000000 0.000000 0.000000 0.000000
-0.106949 -0.327420 1.002521 -9.061599 5.773002 -28.260604 -68.169100 -11.410979 -11.972835 113.110740 8.900282 -14.274687 -42.892572 -9.385665 0.805337 -3.695064 -7.393994 -1.603158 -73.554534 11.864061 9.252570 117.890879 -11.336782 4.336736 -44.748972 15.823018 0.697535 2.318138 -9.018108 -0.479599 41.160056 -0.163286 1.348555 2.729997 -6.689259 -4.758596 -10.129994 1.787298 1.350524 -0.942518 -1.205865 -2.147722 -4.976272 -5.449783 -12.378888 -0.276295 10.820570 -26.128076 -3.286912 35.363060 -34.886749 -8.175682 -2.316472 -27.528715 -14.044814 -11.757563 -4.140411 0.000000 0.000000 0.000000 0.000000 0.000000 0.000000 0.000000 0.000000 0.000000 0.000000 0.000000 0.000000 0.000000 0.000000 0.000000 0.000000 0.000000 0.000000 0.000000 0.000000 0.000000 0.000000 0.000000 0.000000 0.000000 0.000000 0.000000 0.000000 0.000000 0.000000 0.000000 0.000000 0.000000 0.000000 0.000000 0.000000 0.000000 0.000000 0.000000 0.000000 0.000000 0.000000 -3.296905 -6.588258 23.968483 0.034610 -35.446131 33.260646 -12.305537 0.727871 29.815059 -16.210695 3.338572 4.564423 0.000000 0.000000 0.000000 0.000000 0.000000 0.000000 0.000000 0.000000 0.000000 0.000000 0.000000 0.000000 0.000000 0.000000 0.000000 0.000000 0.000000 0.000000 0.000000 0.000000 0.000000 0.000000 0.000000 0.000000 0.000000 0.000000 0.000000 0.000000 0.000000 0.000000 0.000000 0.000000 0.000000 0.000000 0.000000 0.000000 0.000000 0.000000 0.000000 0.000000 0.000000 0.000000
-0.107009 -0.326813 1.002610 -8.973328 5.727734 -28.237468 -68.132291 -11.351049 -11.919905 112.934125 8.928777 -14.231601 -43.148347 -9.515087 0.802959 -3.646256 -7.379881 -1.601075 -73.498368 11.866659 9.259267 117.720709 -11.362553 4.391511 -44.914197 15.861670 0.622254 2.319216 -8.919427 -0.471522 41.080068 -0.153479 1.348556 2.733379 -6.667002 -4.762651 -10.152325 1.791799 1.372087 -0.997200 -1.199123 -2.233065 -4.937813 -5.493255 -12.473851 -0.267638 10.848254 -26.128772 -3.277363 35.271825 -34.938194 -8.103967 -2.334057 -27.570549 -13.772347 -11.839331 -4.104833 0.000000 0.000000 0.000000 0.000000 0.000000 0.000000 0.000000 0.000000 0.000000 0.000000 0.000000 0.000000 0.000000 0.000000 0.000000 0.000000 0.000000 0.000000 0.000000 0.000000 0.000000 0.000000 0.000000 0.000000 0.000000 0.000000 0.000000 0.000000 0.000000 0.000000 0.000000 0.000000 0.000000 0.000000 0.000000 0.000000 0.000000 0.000000 0.000000 0.000000 0.000000 0.000000 -3.278320 -6.537061 23.975908 -0.005489 -35.379546 33.207199 -12.232801 0.676050 29.817512 -16.215332 3.305396 4.583109 0.000000 0.000000 0.000000 0.000000 0.000000 0.000000 0.000000 0.000000 0.000000 0.000000 0.000000 0.000000 0.000000 0.000000 0.000000 0.000000 0.000000 0.000000 0.000000 0.000000 0.000000 0.000000 0.000000 0.000000 0.000000 0.000000 0.000000 0.000000 0.000000 0.000000 0.000000 0.000000 0.000000 0.000000 0.000000 0.000000 0.000000 0.000000 0.000000 0.000000 0.000000 0.000000
-0.107012 -0.326041 1.002912 -8.882984 5.673501 -28.194655 -68.108261 -11.260996 -11.878392 112.767346 8.962528 -14.192783 -43.283557 -9.600053 0.812290 -3.614708 -7.378079 -1.609764 -73.455491 11.848232 9.272581 117.567456 -11.352430 4.434692 -44.944584 15.869667 0.523415 2.316502 -8.870817 -0.452374 41.017620 -0.136050 1.359394 2.736270 -6.643295 -4.754651 -10.140253 1.806714 1.384386 -1.070130 -1.203352 -2.306960 -4.937380 -5.505257 -12.536847 -0.273759 10.886352 -26.129397 -3.272848 35.199615 -34.938166 -7.992520 -2.358648 -27.768632 -13.552985 -11.816830 -4.052847 0.000000 0.000000 0.000000 0.000000 0.000000 0.000000 0.000000 0.000000 0.000000 0.000000 0.000000 0.000000 0.000000 0.000000 0.000000 0.000000 0.000000 0.000000 0.000000 0.000000 0.000000 0.000000 0.000000 0.000000 0.000000 0.000000 0.000000 0.000000 0.000000 0.000000 0.000000 0.000000 0.000000 0.000000 0.000000 0.000000 0.000000 0.000000 0.000000 0.000000 0.000000 0.000000 -3.240182 -6.536454 23.982362 -0.090805 -35.301010 33.098015 -12.228225 0.626577 29.889785 -16.256902 3.240127 4.569058 0.000000 0.000000 0.000000 0.000000 0.000000 0.000000 0.000000 0.000000 0.000000 0.000000 0.000000 0.000000 0.000000 0.000000 0.000000 0.000000 0.000000 0.000000 0.000000 0.000000 0.000000 0.000000 0.000000 0.000000 0.000000 0.000000 0.000000 0.000000 0.000000 0.000000 0.000000 0.000000 0.000000 0.000000 0.000000 0.000000 0.000000 0.000000 0.000000 0.000000 0.000000 0.000000
-0.107881 -0.325176 1.003486 -8.752985 5.660776 -28.118898 -68.107464 -11.147080 -11.841157 112.536665 9.008289 -14.101538 -43.438803 -9.646092 0.851380 -3.550511 -7.370467 -1.616099 -73.368023 11.775544 9.272637 117.286771 -11.343685 4.404498 -44.986109 15.846867 0.383471 2.301955 -8.736800 -0.422948 40.873140 -0.117849 1.361560 2.779363 -6.635187 -4.760387 -10.202144 1.824517 1.421575 -1.089243 -1.189322 -2.335918 -4.936126 -5.523933 -12.443910 -0.244468 10.922677 -26.142347 -3.254727 35.085372 -34.950706 -7.976346 -2.301682 -27.994492 -13.413073 -11.824043 -3.957922 0.000000 0.000000 0.000000 0.000000 0.000000 0.000000 0.000000 0.000000 0.000000 0.000000 0.000000 0.000000 0.000000 0.000000 0.000000 0.000000 0.000000 0.000000 0.000000 0.000000 0.000000 0.000000 0.000000 0.000000 0.000000 0.000000 0.000000 0.000000 0.000000 0.000000 0.000000 0.000000 0.000000 0.000000 0.000000 0.000000 0.000000 0.000000 0.000000 0.000000 0.000000 0.000000 -3.169930 -6.477556 23.958125 -0.148844 -35.184119 33.058166 -12.206888 0.485165 29.876975 -16.363383 3.163618 4.549475 0.000000 0.000000 0.000000 0.000000 0.000000 0.000000 0.000000 0.000000 0.000000 0.000000 0.000000 0.000000 0.000000 0.000000 0.000000 0.000000 0.000000 0.000000 0.000000 0.000000 0.000000 0.000000 0.000000 0.000000 0.000000 0.000000 0.000000 0.000000 0.000000 0.000000 0.000000 0.000000 0.000000 0.000000 0.000000 0.000000 0.000000 0.000000 0.000000 0.000000 0.000000 0.000000
-0.108319 -0.324301 1.004463 -8.691142 5.621663 -28.137840 -67.823972 -11.047202 -11.717177 112.188383 9.058688 -13.942861 -43.929266 -9.704362 0.852352 -3.475356 -7.389033 -1.630403 -73.088487 11.709337 9.263854 116.910285 -11.301460 4.280899 -45.330423 15.762135 0.374507 2.265997 -8.500158 -0.405289 40.777569 -0.107623 1.355795 2.782360 -6.595656 -4.753811 -10.246385 1.796361 1.438602 -1.103265 -1.236097 -2.662816 -4.926044 -5.630852 -12.634495 -0.228167 11.057391 -26.086589 -3.191756 35.062115 -34.999497 -7.970091 -2.422039 -28.036534 -13.015814 -12.056501 -3.865630 0.000000 0.000000 0.000000 0.000000 0.000000 0.000000 0.000000 0.000000 0.000000 0.000000 0.000000 0.000000 0.000000 0.000000 0.000000 0.000000 0.000000 0.000000 0.000000 0.000000 0.000000 0.000000 0.000000 0.000000 0.000000 0.000000 0.000000 0.000000 0.000000 0.000000 0.000000 0.000000 0.000000 0.000000 0.000000 0.000000 0.000000 0.000000 0.000000 0.000000 0.000000 0.000000 -3.150595 -6.424727 23.980281 -0.171407 -35.122472 33.034035 -11.918597 0.516403 29.773986 -16.093080 3.186684 4.573143 0.000000 0.000000 0.000000 0.000000 0.000000 0.000000 0.000000 0.000000 0.000000 0.000000 0.000000 0.000000 0.000000 0.000000 0.000000 0.000000 0.000000 0.000000 0.000000 0.000000 0.000000 0.000000 0.000000 0.000000 0.000000 0.000000 0.000000 0.000000 0.000000 0.000000 0.000000 0.000000 0.000000 0.000000 0.000000 0.000000 0.000000 0.000000 0.000000 0.000000 0.000000 0.000000
-0.108178 -0.322975 1.005593 -8.546368 5.535788 -28.112318 -67.684043 -10.930218 -11.643833 111.838039 9.117923 -13.810928 -44.175707 -9.730773 0.878411 -3.439198 -7.413253 -1.655042 -72.923794 11.667777 9.231748 116.547287 -11.276314 4.194365 -45.441962 15.694931 0.302657 2.243022 -8.362849 -0.383470 40.640299 -0.089447 1.359556 2.777932 -6.554263 -4.744243 -10.244587 1.784343 1.439333 -1.182916 -1.246811 -2.904495 -4.976637 -5.718746 -12.823508 -0.277528 11.051931 -26.056100 -3.133832 35.025427 -35.026994 -7.986354 -2.475134 -28.143306 -13.010681 -12.202320 -3.857234 0.000000 0.000000 0.000000 0.000000 0.000000 0.000000 0.000000 0.000000 0.000000 0.000000 0.000000 0.000000 0.000000 0.000000 0.000000 0.000000 0.000000 0.000000 0.000000 0.000000 0.000000 0.000000 0.000000 0.000000 0.000000 0.000000 0.000000 0.000000 0.000000 0.000000 0.000000 0.000000 0.000000 0.000000 0.000000 0.000000 0.000000 0.000000 0.000000 0.000000 0.000000 0.000000 -3.158707 -6.356707 23.977652 -0.170384 -35.087285 32.942438 -11.791961 0.492031 29.875300 -16.180317 3.146016 4.541106 0.000000 0.000000 0.000000 0.000000 0.000000 0.000000 0.000000 0.000000 0.000000 0.000000 0.000000 0.000000 0.000000 0.000000 0.000000 0.000000 0.000000 0.000000 0.000000 0.000000 0.000000 0.000000 0.000000 0.000000 0.000000 0.000000 0.000000 0.000000 0.000000 0.000000 0.000000 0.000000 0.000000 0.000000 0.000000 0.000000 0.000000 0.000000 0.000000 0.000000 0.000000 0.000000
-0.108549 -0.322315 1.007050 -8.416145 5.481256 -27.993801 -67.576982 -10.850983 -11.537943 111.409549 9.181899 -13.660656 -44.310081 -9.736466 0.871810 -3.399513 -7.449289 -1.666457 -72.747004 11.623804 9.185326 116.119675 -11.279167 4.105514 -45.357408 15.678893 0.132567 2.240443 -8.278666 -0.347238 40.464763 -0.087558 1.368266 2.799616 -6.504674 -4.762302 -10.204967 1.784701 1.450271 -1.256885 -1.235371 -2.891454 -4.895975 -5.695681 -12.714800 -0.373187 10.995006 -26.040330 -3.146455 34.933546 -35.044637 -8.040152 -2.499262 -28.277914 -13.188097 -12.171385 -3.762503 0.000000 0.000000 0.000000 0.000000 0.000000 0.000000 0.000000 0.000000 0.000000 0.000000 0.000000 0.000000 0.000000 0.000000 0.000000 0.000000 0.000000 0.000000 0.000000 0.000000 0.000000 0.000000 0.000000 0.000000 0.000000 0.000000 0.000000 0.000000 0.000000 0.000000 0.000000 0.000000 0.000000 0.000000 0.000000 0.000000 0.000000 0.000000 0.000000 0.000000 0.000000 0.000000 -3.180242 -6.303149 23.945942 -0.181947 -35.007112 32.902406 -11.872859 0.433205 29.967964 -16.514669 3.063505 4.475025 0.000000 0.000000 0.000000 0.000000 0.000000 0.000000 0.000000 0.000000 0.000000 0.000000 0.000000 0.000000 0.000000 0.000000 0.000000 0.000000 0.000000 0.000000 0.000000 0.000000 0.000000 0.000000 0.000000 0.000000 0.000000 0.000000 0.000000 0.000000 0.000000 0.000000 0.000000 0.000000 0.000000 0.000000 0.000000 0.000000 0.000000 0.000000 0.000000 0.000000 0.000000 0.000000
-0.108507 -0.320342 1.008993 -8.240977 5.406949 -27.961247 -67.407427 -10.788877 -11.428353 111.010458 9.255812 -13.578434 -44.345061 -9.728234 0.938121 -3.380030 -7.491850 -1.682009 -72.548364 11.609809 9.149181 115.711378 -11.284245 4.034345 -45.184016 15.577928 -0.000418 2.231523 -8.217607 -0.326722 40.319963 -0.063800 1.371564 2.824095 -6.479513 -4.756909 -10.187493 1.782382 1.450649 -1.344112 -1.239940 -3.080077 -4.914491 -5.746412 -12.923608 -0.447528 10.922473 -25.992793 -3.161156 34.815079 -35.064780 -8.129694 -2.542241 -28.357163 -13.177820 -12.271008 -3.762503 0.000000 0.000000 0.000000 0.000000 0.000000 0.000000 0.000000 0.000000 0.000000 0.000000 0.000000 0.000000 0.000000 0.000000 0.000000 0.000000 0.000000 0.000000 0.000000 0.000000 0.000000 0.000000 0.000000 0.000000 0.000000 0.000000 0.000000 0.000000 0.000000 0.000000 0.000000 0.000000 0.000000 0.000000 0.000000 0.000000 0.000000 0.000000 0.000000 0.000000 0.000000 0.000000 -3.241003 -6.229668 23.942243 -0.163822 -34.960202 32.836612 -11.839224 0.357961 30.083085 -16.696332 3.042882 4.460611 0.000000 0.000000 0.000000 0.000000 0.000000 0.000000 0.000000 0.000000 0.000000 0.000000 0.000000 0.000000 0.000000 0.000000 0.000000 0.000000 0.000000 0.000000 0.000000 0.000000 0.000000 0.000000 0.000000 0.000000 0.000000 0.000000 0.000000 0.000000 0.000000 0.000000 0.000000 0.000000 0.000000 0.000000 0.000000 0.000000 0.000000 0.000000 0.000000 0.000000 0.000000 0.000000
-0.109319 -0.319471 1.011700 -8.171760 5.396970 -27.868624 -67.170204 -10.706953 -11.288490 110.568233 9.321879 -13.449242 -44.133951 -9.608784 1.038942 -3.325626 -7.521421 -1.690549 -72.256770 11.595598 9.110490 115.256568 -11.279901 3.931898 -44.738626 15.395440 -0.218712 2.223710 -8.122532 -0.299353 40.253801 -0.045894 1.380824 2.858121 -6.459844 -4.760387 -10.200783 1.771897 1.447143 -1.407156 -1.219209 -3.248932 -4.920082 -5.790695 -13.053359 -0.534938 10.891083 -26.006296 -3.220273 34.658165 -35.061875 -8.169454 -2.611773 -28.422857 -13.103550 -12.380134 -3.717559 0.000000 0.000000 0.000000 0.000000 0.000000 0.000000 0.000000 0.000000 0.000000 0.000000 0.000000 0.000000 0.000000 0.000000 0.000000 0.000000 0.000000 0.000000 0.000000 0.000000 0.000000 0.000000 0.000000 0.000000 0.000000 0.000000 0.000000 0.000000 0.000000 0.000000 0.000000 0.000000 0.000000 0.000000 0.000000 0.000000 0.000000 0.000000 0.000000 0.000000 0.000000 0.000000 -3.268249 -6.193477 23.972232 -0.153869 -34.929247 32.690202 -11.835137 0.376498 30.272513 -16.881159 2.953749 4.449226 0.000000 0.000000 0.000000 0.000000 0.000000 0.000000 0.000000 0.000000 0.000000 0.000000 0.000000 0.000000 0.000000 0.000000 0.000000 0.000000 0.000000 0.000000 0.000000 0.000000 0.000000 0.000000 0.000000 0.000000 0.000000 0.000000 0.000000 0.000000 0.000000 0.000000 0.000000 0.000000 0.000000 0.000000 0.000000 0.000000 0.000000 0.000000 0.000000 0.000000 0.000000 0.000000
-0.108778 -0.317286 1.014856 -7.907543 5.228441 -27.847172 -66.836325 -10.684176 -11.068353 109.771412 9.466543 -13.287934 -44.493658 -9.610090 1.069169 -3.287834 -7.639477 -1.723417 -71.863394 11.529465 9.008211 114.421712 -11.273715 3.814152 -45.018032 15.275904 -0.402098 2.190613 -7.864187 -0.235510 39.837523 -0.035265 1.383477 2.908045 -6.398308 -4.823241 -10.196419 1.743328 1.456740 -1.595765 -1.187791 -3.413762 -4.884901 -5.872785 -12.974559 -0.663116 10.895508 -25.804730 -3.197515 34.567717 -35.084189 -8.549470 -2.693828 -28.632620 -13.273042 -12.678526 -3.578589 0.000000 0.000000 0.000000 0.000000 0.000000 0.000000 0.000000 0.000000 0.000000 0.000000 0.000000 0.000000 0.000000 0.000000 0.000000 0.000000 0.000000 0.000000 0.000000 0.000000 0.000000 0.000000 0.000000 0.000000 0.000000 0.000000 0.000000 0.000000 0.000000 0.000000 0.000000 0.000000 0.000000 0.000000 0.000000 0.000000 0.000000 0.000000 0.000000 0.000000 0.000000 0.000000 -3.341191 -6.083872 23.843859 -0.028612 -34.901714 32.736271 -11.796808 0.271179 30.656385 -17.076334 2.956782 4.413717 0.000000 0.000000 0.000000 0.000000 0.000000 0.000000 0.000000 0.000000 0.000000 0.000000 0.000000 0.000000 0.000000 0.000000 0.000000 0.000000 0.000000 0.000000 0.000000 0.000000 0.000000 0.000000 0.000000 0.000000 0.000000 0.000000 0.000000 0.000000 0.000000 0.000000 0.000000 0.000000 0.000000 0.000000 0.000000 0.000000 0.000000 0.000000 0.000000 0.000000 0.000000 0.000000
-0.108632 -0.315107 1.018826 -7.688033 5.124896 -27.774447 -66.472987 -10.652668 -10.875423 109.002638 9.587940 -13.167716 -44.468450 -9.519687 1.155391 -3.263193 -7.744927 -1.751238 -71.476060 11.496100 8.911255 113.676747 -11.287352 3.718896 -44.688701 15.091524 -0.653936 2.191399 -7.720129 -0.202133 39.580067 -0.040827 1.393531 2.893154 -6.343779 -4.833788 -10.157669 1.719401 1.462088 -1.759505 -1.203467 -3.637129 -4.926653 -5.886826 -13.184187 -0.855336 10.873814 -25.704506 -3.176842 34.454389 -35.288285 -8.869723 -2.723772 -28.558841 -13.154320 -12.879270 -3.577488 0.000000 0.000000 0.000000 0.000000 0.000000 0.000000 0.000000 0.000000 0.000000 0.000000 0.000000 0.000000 0.000000 0.000000 0.000000 0.000000 0.000000 0.000000 0.000000 0.000000 0.000000 0.000000 0.000000 0.000000 0.000000 0.000000 0.000000 0.000000 0.000000 0.000000 0.000000 0.000000 0.000000 0.000000 0.000000 0.000000 0.000000 0.000000 0.000000 0.000000 0.000000 0.000000 -3.478800 -6.017713 23.721638 0.072559 -34.901318 32.676384 -11.761374 0.205426 30.902318 -17.354123 2.798817 4.385531 0.000000 0.000000 0.000000 0.000000 0.000000 0.000000 0.000000 0.000000 0.000000 0.000000 0.000000 0.000000 0.000000 0.000000 0.000000 0.000000 0.000000 0.000000 0.000000 0.000000 0.000000 0.000000 0.000000 0.000000 0.000000 0.000000 0.000000 0.000000 0.000000 0.000000 0.000000 0.000000 0.000000 0.000000 0.000000 0.000000 0.000000 0.000000 0.000000 0.000000 0.000000 0.000000
-0.107780 -0.312244 1.023603 -7.384471 4.954173 -27.678956 -66.034240 -10.580984 -10.656780 108.026012 9.716018 -13.011742 -44.543936 -9.462870 1.234284 -3.211938 -7.847044 -1.791271 -70.995773 11.373624 8.811502 112.725516 -11.293639 3.658260 -44.517373 14.893432 -1.032891 2.224517 -7.491392 -0.124162 39.161939 -0.027472 1.404586 2.951997 -6.276804 -4.868135 -10.110457 1.677240 1.460916 -1.921821 -1.153072 -3.769834 -4.954965 -5.915721 -13.153794 -0.944479 10.904795 -25.667028 -3.151063 34.314775 -35.348857 -9.112881 -2.706388 -28.537196 -13.121546 -13.063991 -3.463853 0.000000 0.000000 0.000000 0.000000 0.000000 0.000000 0.000000 0.000000 0.000000 0.000000 0.000000 0.000000 0.000000 0.000000 0.000000 0.000000 0.000000 0.000000 0.000000 0.000000 0.000000 0.000000 0.000000 0.000000 0.000000 0.000000 0.000000 0.000000 0.000000 0.000000 0.000000 0.000000 0.000000 0.000000 0.000000 0.000000 0.000000 0.000000 0.000000 0.000000 0.000000 0.000000 -3.469663 -5.995190 23.654174 0.125253 -34.807175 32.563030 -11.711981 0.166654 31.185284 -17.686738 2.670833 4.377632 0.000000 0.000000 0.000000 0.000000 0.000000 0.000000 0.000000 0.000000 0.000000 0.000000 0.000000 0.000000 0.000000 0.000000 0.000000 0.000000 0.000000 0.000000 0.000000 0.000000 0.000000 0.000000 0.000000 0.000000 0.000000 0.000000 0.000000 0.000000 0.000000 0.000000 0.000000 0.000000 0.000000 0.000000 0.000000 0.000000 0.000000 0.000000 0.000000 0.000000 0.000000 0.000000
-0.107090 -0.311138 1.029579 -7.235711 4.786722 -27.620409 -65.468401 -10.505652 -10.391921 106.942034 9.844260 -12.838412 -44.189821 -9.269162 1.354350 -3.189315 -7.900361 -1.821904 -70.418784 11.220218 8.665182 111.672179 -11.179522 3.565816 -44.041476 14.642024 -1.368207 2.307200 -7.416480 -0.034417 38.652120 -0.017454 1.425406 2.975797 -6.154801 -4.889069 -9.960644 1.668048 1.463208 -1.995406 -1.125473 -3.729625 -4.923772 -5.891127 -13.044398 -1.041484 10.965599 -25.584583 -3.170542 34.088285 -35.288825 -9.373612 -2.703780 -28.756264 -13.046891 -13.085253 -3.358976 0.000000 0.000000 0.000000 0.000000 0.000000 0.000000 0.000000 0.000000 0.000000 0.000000 0.000000 0.000000 0.000000 0.000000 0.000000 0.000000 0.000000 0.000000 0.000000 0.000000 0.000000 0.000000 0.000000 0.000000 0.000000 0.000000 0.000000 0.000000 0.000000 0.000000 0.000000 0.000000 0.000000 0.000000 0.000000 0.000000 0.000000 0.000000 0.000000 0.000000 0.000000 0.000000 -3.466894 -6.083520 23.586586 0.242464 -34.695944 32.384501 -11.778855 0.126316 31.715728 -17.963371 2.417120 4.331546 0.000000 0.000000 0.000000 0.000000 0.000000 0.000000 0.000000 0.000000 0.000000 0.000000 0.000000 0.000000 0.000000 0.000000 0.000000 0.000000 0.000000 0.000000 0.000000 0.000000 0.000000 0.000000 0.000000 0.000000 0.000000 0.000000 0.000000 0.000000 0.000000 0.000000 0.000000 0.000000 0.000000 0.000000 0.000000 0.000000 0.000000 0.000000 0.000000 0.000000 0.000000 0.000000
-0.107780 -0.308394 1.036650 -6.937044 4.742800 -27.385148 -65.129626 -10.365783 -10.187167 105.944478 9.881147 -12.650573 -43.280757 -8.946128 1.613341 -3.176791 -7.999209 -1.840498 -69.921871 11.061173 8.546261 110.645149 -11.200720 3.484443 -42.816369 14.349157 -1.963168 2.342427 -7.384883 0.027229 38.321486 -0.042183 1.432036 2.973044 -6.105333 -4.896168 -9.779626 1.653649 1.440861 -2.213480 -1.047363 -3.479367 -4.905484 -5.721486 -12.832064 -1.223446 10.835479 -25.644829 -3.166382 33.902872 -35.414550 -9.422942 -2.491022 -28.729799 -13.110790 -13.109556 -3.316710 0.000000 0.000000 0.000000 0.000000 0.000000 0.000000 0.000000 0.000000 0.000000 0.000000 0.000000 0.000000 0.000000 0.000000 0.000000 0.000000 0.000000 0.000000 0.000000 0.000000 0.000000 0.000000 0.000000 0.000000 0.000000 0.000000 0.000000 0.000000 0.000000 0.000000 0.000000 0.000000 0.000000 0.000000 0.000000 0.000000 0.000000 0.000000 0.000000 0.000000 0.000000 0.000000 -3.562794 -6.132414 23.529558 0.325673 -34.433930 32.275511 -11.835972 -0.136660 31.922746 -18.754569 2.172783 4.304795 0.000000 0.000000 0.000000 0.000000 0.000000 0.000000 0.000000 0.000000 0.000000 0.000000 0.000000 0.000000 0.000000 0.000000 0.000000 0.000000 0.000000 0.000000 0.000000 0.000000 0.000000 0.000000 0.000000 0.000000 0.000000 0.000000 0.000000 0.000000 0.000000 0.000000 0.000000 0.000000 0.000000 0.000000 0.000000 0.000000 0.000000 0.000000 0.000000 0.000000 0.000000 0.000000
-0.107006 -0.304508 1.045025 -6.598748 4.522743 -27.425306 -64.194477 -10.317799 -9.801833 104.357113 10.074169 -12.439279 -43.429055 -8.795753 1.758412 -3.141618 -8.163810 -1.916926 -68.944392 10.869674 8.341602 108.981338 -11.065420 3.296712 -42.997909 13.937341 -2.234310 2.394767 -6.964500 0.142565 37.556996 -0.010381 1.414966 3.009249 -5.963096 -5.002641 -9.726148 1.577138 1.431226 -2.296521 -1.079714 -3.991646 -4.909253 -5.868262 -13.041791 -1.292882 10.971733 -25.314212 -2.768473 33.860281 -35.520828 -9.619992 -2.527163 -28.856396 -12.990232 -13.299863 -3.249671 0.000000 0.000000 0.000000 0.000000 0.000000 0.000000 0.000000 0.000000 0.000000 0.000000 0.000000 0.000000 0.000000 0.000000 0.000000 0.000000 0.000000 0.000000 0.000000 0.000000 0.000000 0.000000 0.000000 0.000000 0.000000 0.000000 0.000000 0.000000 0.000000 0.000000 0.000000 0.000000 0.000000 0.000000 0.000000 0.000000 0.000000 0.000000 0.000000 0.000000 0.000000 0.000000 -3.595652 -6.180182 23.222941 0.730971 -34.579332 32.192130 -11.537325 -0.053137 32.496787 -18.559246 2.144637 4.386802 0.000000 0.000000 0.000000 0.000000 0.000000 0.000000 0.000000 0.000000 0.000000 0.000000 0.000000 0.000000 0.000000 0.000000 0.000000 0.000000 0.000000 0.000000 0.000000 0.000000 0.000000 0.000000 0.000000 0.000000 0.000000 0.000000 0.000000 0.000000 0.000000 0.000000 0.000000 0.000000 0.000000 0.000000 0.000000 0.000000 0.000000 0.000000 0.000000 0.000000 0.000000 0.000000
-0.104743 -0.298547 1.054347 -6.080222 4.250864 -27.247080 -63.288592 -10.257000 -9.442503 102.597220 10.216775 -12.213749 -43.527138 -8.661628 1.807237 -3.155490 -8.404574 -1.993478 -67.912955 10.644207 8.121399 107.212716 -11.008820 3.143469 -42.983890 13.753411 -2.663565 2.446556 -6.720244 0.243664 36.736400 -0.007541 1.427329 3.094811 -5.855380 -5.090303 -9.532448 1.536931 1.416966 -2.528501 -0.974350 -3.914645 -4.857071 -5.771620 -12.709140 -1.392865 11.024942 -25.021258 -2.494427 33.879587 -35.642392 -9.614350 -2.388857 -29.018576 -12.890146 -13.355772 -3.134359 0.000000 0.000000 0.000000 0.000000 0.000000 0.000000 0.000000 0.000000 0.000000 0.000000 0.000000 0.000000 0.000000 0.000000 0.000000 0.000000 0.000000 0.000000 0.000000 0.000000 0.000000 0.000000 0.000000 0.000000 0.000000 0.000000 0.000000 0.000000 0.000000 0.000000 0.000000 0.000000 0.000000 0.000000 0.000000 0.000000 0.000000 0.000000 0.000000 0.000000 0.000000 0.000000 -3.660534 -6.303619 22.883353 1.134118 -34.574465 32.217147 -11.248713 -0.136956 33.070445 -18.789433 2.026640 4.393750 0.000000 0.000000 0.000000 0.000000 0.000000 0.000000 0.000000 0.000000 0.000000 0.000000 0.000000 0.000000 0.000000 0.000000 0.000000 0.000000 0.000000 0.000000 0.000000 0.000000 0.000000 0.000000 0.000000 0.000000 0.000000 0.000000 0.000000 0.000000 0.000000 0.000000 0.000000 0.000000 0.000000 0.000000 0.000000 0.000000 0.000000 0.000000 0.000000 0.000000 0.000000 0.000000
-0.103144 -0.292395 1.065099 -5.641348 4.061400 -27.090608 -62.227915 -10.262399 -9.054572 100.806044 10.386696 -11.823983 -43.264367 -8.283868 1.909101 -3.140881 -8.679989 -2.066715 -66.781671 10.514730 7.867462 105.434634 -10.968635 2.873159 -42.436412 13.363660 -3.045329 2.456904 -6.471546 0.308925 36.054750 -0.015888 1.382902 3.068210 -5.730040 -5.146083 -9.313753 1.500668 1.376449 -2.830012 -0.989335 -4.131519 -4.722294 -5.717000 -12.874125 -1.540851 10.995529 -24.763102 -2.122258 34.015747 -35.910671 -9.520535 -2.329306 -29.028763 -12.867161 -13.582476 -3.122436 0.000000 0.000000 0.000000 0.000000 0.000000 0.000000 0.000000 0.000000 0.000000 0.000000 0.000000 0.000000 0.000000 0.000000 0.000000 0.000000 0.000000 0.000000 0.000000 0.000000 0.000000 0.000000 0.000000 0.000000 0.000000 0.000000 0.000000 0.000000 0.000000 0.000000 0.000000 0.000000 0.000000 0.000000 0.000000 0.000000 0.000000 0.000000 0.000000 0.000000 0.000000 0.000000 -3.787008 -6.367178 22.509585 1.670157 -34.733988 32.270481 -10.636646 -0.001985 33.466924 -18.791066 2.008635 4.395627 0.000000 0.000000 0.000000 0.000000 0.000000 0.000000 0.000000 0.000000 0.000000 0.000000 0.000000 0.000000 0.000000 0.000000 0.000000 0.000000 0.000000 0.000000 0.000000 0.000000 0.000000 0.000000 0.000000 0.000000 0.000000 0.000000 0.000000 0.000000 0.000000 0.000000 0.000000 0.000000 0.000000 0.000000 0.000000 0.000000 0.000000 0.000000 0.000000 0.000000 0.000000 0.000000
-0.103089 -0.286214 1.077217 -5.237163 3.923587 -27.078646 -60.975003 -10.226009 -8.563163 98.807864 10.525034 -11.356088 -42.890968 -7.985273 2.023249 -3.103427 -8.903359 -2.100217 -65.486445 10.373896 7.589462 103.341192 -10.841669 2.615441 -41.803624 12.926888 -3.363751 2.476966 -6.277030 0.384631 35.212218 0.003672 1.414644 3.136827 -5.528534 -5.188087 -9.015947 1.510543 1.390689 -3.042123 -0.910651 -3.960701 -4.492997 -5.540446 -12.525524 -1.666130 11.095583 -24.445503 -1.627951 34.056076 -36.053049 -9.307126 -2.174407 -29.303111 -12.450538 -13.604538 -3.213237 0.000000 0.000000 0.000000 0.000000 0.000000 0.000000 0.000000 0.000000 0.000000 0.000000 0.000000 0.000000 0.000000 0.000000 0.000000 0.000000 0.000000 0.000000 0.000000 0.000000 0.000000 0.000000 0.000000 0.000000 0.000000 0.000000 0.000000 0.000000 0.000000 0.000000 0.000000 0.000000 0.000000 0.000000 0.000000 0.000000 0.000000 0.000000 0.000000 0.000000 0.000000 0.000000 -3.917534 -6.498091 22.180938 2.156415 -34.785189 32.297788 -10.458531 -0.059680 34.035597 -18.936390 1.843502 4.420442 0.000000 0.000000 0.000000 0.000000 0.000000 0.000000 0.000000 0.000000 0.000000 0.000000 0.000000 0.000000 0.000000 0.000000 0.000000 0.000000 0.000000 0.000000 0.000000 0.000000 0.000000 0.000000 0.000000 0.000000 0.000000 0.000000 0.000000 0.000000 0.000000 0.000000 0.000000 0.000000 0.000000 0.000000 0.000000 0.000000 0.000000 0.000000 0.000000 0.000000 0.000000 0.000000
-0.103210 -0.282757 1.090823 -5.062029 3.931803 -26.923193 -59.806152 -10.078323 -8.189725 96.964188 10.416903 -11.099260 -41.354869 -7.352877 2.531934 -3.140593 -9.013869 -2.145296 -64.194374 10.109740 7.264711 101.497796 -10.673471 2.451413 -40.050660 12.301508 -3.974230 2.526047 -6.240867 0.442506 34.738851 -0.039229 1.410601 3.106653 -5.461078 -5.213734 -8.800821 1.472472 1.346514 -3.232548 -0.880800 -3.759089 -4.407908 -5.382672 -12.357955 -1.787338 11.044719 -24.308978 -1.560595 34.090039 -35.993449 -9.074399 -2.093627 -29.335589 -12.441945 -13.511043 -3.162884 0.000000 0.000000 0.000000 0.000000 0.000000 0.000000 0.000000 0.000000 0.000000 0.000000 0.000000 0.000000 0.000000 0.000000 0.000000 0.000000 0.000000 0.000000 0.000000 0.000000 0.000000 0.000000 0.000000 0.000000 0.000000 0.000000 0.000000 0.000000 0.000000 0.000000 0.000000 0.000000 0.000000 0.000000 0.000000 0.000000 0.000000 0.000000 0.000000 0.000000 0.000000 0.000000 -4.094782 -6.525297 21.951817 2.614460 -34.799030 32.285013 -10.206361 -0.099046 34.542428 -19.428150 1.486230 4.282187 0.000000 0.000000 0.000000 0.000000 0.000000 0.000000 0.000000 0.000000 0.000000 0.000000 0.000000 0.000000 0.000000 0.000000 0.000000 0.000000 0.000000 0.000000 0.000000 0.000000 0.000000 0.000000 0.000000 0.000000 0.000000 0.000000 0.000000 0.000000 0.000000 0.000000 0.000000 0.000000 0.000000 0.000000 0.000000 0.000000 0.000000 0.000000 0.000000 0.000000 0.000000 0.000000
-0.100977 -0.273060 1.105414 -4.379979 3.596635 -26.659979 -58.168918 -9.989907 -7.575530 94.057075 10.621398 -10.605987 -41.697570 -7.310439 2.360524 -3.111928 -9.245321 -2.224526 -62.268771 9.953929 6.824201 98.389001 -10.387373 2.250989 -40.638601 12.322476 -4.262153 2.554197 -5.953053 0.571381 33.357375 0.009057 1.456655 3.310537 -5.230338 -5.304451 -8.465398 1.451040 1.355465 -3.375923 -0.703948 -3.587297 -3.992507 -5.218594 -11.976580 -1.865559 11.289201 -23.715583 -0.723359 34.011989 -36.037350 -8.520989 -1.864368 -30.234679 -12.170426 -13.430750 -3.510436 0.000000 0.000000 0.000000 0.000000 0.000000 0.000000 0.000000 0.000000 0.000000 0.000000 0.000000 0.000000 0.000000 0.000000 0.000000 0.000000 0.000000 0.000000 0.000000 0.000000 0.000000 0.000000 0.000000 0.000000 0.000000 0.000000 0.000000 0.000000 0.000000 0.000000 0.000000 0.000000 0.000000 0.000000 0.000000 0.000000 0.000000 0.000000 0.000000 0.000000 0.000000 0.000000 -4.162262 -6.882540 21.379062 3.386391 -34.610405 32.142792 -9.663030 -0.031105 35.987414 -19.082442 1.359914 4.446722 0.000000 0.000000 0.000000 0.000000 0.000000 0.000000 0.000000 0.000000 0.000000 0.000000 0.000000 0.000000 0.000000 0.000000 0.000000 0.000000 0.000000 0.000000 0.000000 0.000000 0.000000 0.000000 0.000000 0.000000 0.000000 0.000000 0.000000 0.000000 0.000000 0.000000 0.000000 0.000000 0.000000 0.000000 0.000000 0.000000 0.000000 0.000000 0.000000 0.000000 0.000000 0.000000
-0.097774 -0.266186 1.120980 -3.965613 3.238515 -26.615666 -56.597846 -9.851270 -6.995338 91.368661 10.732298 -10.173018 -40.818280 -6.919660 2.625991 -3.127936 -9.413806 -2.281531 -60.664172 9.759049 6.419617 95.711108 -9.985877 2.018602 -39.817500 11.994604 -4.649512 2.595485 -5.826330 0.644546 32.285812 -0.003867 1.494789 3.480421 -5.053384 -5.335689 -8.192249 1.457083 1.321031 -3.460525 -0.609690 -3.466029 -3.608440 -5.027970 -11.758355 -1.907693 11.375540 -23.221207 -0.380004 34.062572 -35.944191 -8.227158 -1.633308 -30.785785 -12.207710 -13.306588 -3.607441 0.000000 0.000000 0.000000 0.000000 0.000000 0.000000 0.000000 0.000000 0.000000 0.000000 0.000000 0.000000 0.000000 0.000000 0.000000 0.000000 0.000000 0.000000 0.000000 0.000000 0.000000 0.000000 0.000000 0.000000 0.000000 0.000000 0.000000 0.000000 0.000000 0.000000 0.000000 0.000000 0.000000 0.000000 0.000000 0.000000 0.000000 0.000000 0.000000 0.000000 0.000000 0.000000 -4.253185 -6.996197 20.942383 3.925539 -34.601592 32.063600 -9.477257 -0.278006 36.859061 -19.523390 1.014661 4.441715 0.000000 0.000000 0.000000 0.000000 0.000000 0.000000 0.000000 0.000000 0.000000 0.000000 0.000000 0.000000 0.000000 0.000000 0.000000 0.000000 0.000000 0.000000 0.000000 0.000000 0.000000 0.000000 0.000000 0.000000 0.000000 0.000000 0.000000 0.000000 0.000000 0.000000 0.000000 0.000000 0.000000 0.000000 0.000000 0.000000 0.000000 0.000000 0.000000 0.000000 0.000000 0.000000
-0.096003 -0.257500 1.137712 -3.614374 3.037523 -26.489060 -54.544575 -9.759694 -6.297360 88.377914 10.825569 -9.661473 -40.363012 -6.597441 2.708736 -3.160909 -9.597202 -2.318435 -58.573605 9.648259 5.969912 92.741842 -9.594742 1.841244 -39.129592 11.604367 -5.074088 2.594510 -5.761436 0.690553 31.403064 -0.045433 1.564978 3.486673 -4.790686 -5.305836 -7.709485 1.415758 1.293354 -3.840937 -0.490107 -3.243588 -3.308025 -4.767601 -11.361356 -2.163107 11.407314 -22.671551 0.094047 34.219495 -35.921855 -7.616785 -1.314517 -31.484475 -12.336920 -13.368167 -3.660878 0.000000 0.000000 0.000000 0.000000 0.000000 0.000000 0.000000 0.000000 0.000000 0.000000 0.000000 0.000000 0.000000 0.000000 0.000000 0.000000 0.000000 0.000000 0.000000 0.000000 0.000000 0.000000 0.000000 0.000000 0.000000 0.000000 0.000000 0.000000 0.000000 0.000000 0.000000 0.000000 0.000000 0.000000 0.000000 0.000000 0.000000 0.000000 0.000000 0.000000 0.000000 0.000000 -4.445911 -7.088040 20.432387 4.541098 -34.655346 31.994739 -9.030322 -0.304298 37.904604 -19.626649 0.960875 4.452436 0.000000 0.000000 0.000000 0.000000 0.000000 0.000000 0.000000 0.000000 0.000000 0.000000 0.000000 0.000000 0.000000 0.000000 0.000000 0.000000 0.000000 0.000000 0.000000 0.000000 0.000000 0.000000 0.000000 0.000000 0.000000 0.000000 0.000000 0.000000 0.000000 0.000000 0.000000 0.000000 0.000000 0.000000 0.000000 0.000000 0.000000 0.000000 0.000000 0.000000 0.000000 0.000000
-0.095170 -0.250943 1.155324 -3.320175 2.882236 -26.291716 -52.555094 -9.539267 -5.731296 85.168791 10.880243 -9.148655 -39.396648 -6.179028 2.971177 -3.148268 -9.770711 -2.338233 -56.539069 9.431751 5.544255 89.606272 -9.178684 1.685807 -37.891687 11.117354 -5.722365 2.628446 -5.656850 0.724548 30.502614 -0.108482 1.647837 3.473999 -4.544007 -5.243153 -7.299081 1.426554 1.253520 -4.293064 -0.384507 -2.900833 -2.848764 -4.395749 -10.880855 -2.353416 11.470544 -22.012446 0.634445 34.276265 -35.916306 -7.279000 -0.897641 -32.260480 -12.867680 -13.203867 -3.760032 0.000000 0.000000 0.000000 0.000000 0.000000 0.000000 0.000000 0.000000 0.000000 0.000000 0.000000 0.000000 0.000000 0.000000 0.000000 0.000000 0.000000 0.000000 0.000000 0.000000 0.000000 0.000000 0.000000 0.000000 0.000000 0.000000 0.000000 0.000000 0.000000 0.000000 0.000000 0.000000 0.000000 0.000000 0.000000 0.000000 0.000000 0.000000 0.000000 0.000000 0.000000 0.000000 -4.631039 -7.326219 19.774835 5.307070 -34.630201 31.987137 -8.708459 -0.354956 38.888381 -20.010843 0.663539 4.362537 0.000000 0.000000 0.000000 0.000000 0.000000 0.000000 0.000000 0.000000 0.000000 0.000000 0.000000 0.000000 0.000000 0.000000 0.000000 0.000000 0.000000 0.000000 0.000000 0.000000 0.000000 0.000000 0.000000 0.000000 0.000000 0.000000 0.000000 0.000000 0.000000 0.000000 0.000000 0.000000 0.000000 0.000000 0.000000 0.000000 0.000000 0.000000 0.000000 0.000000 0.000000 0.000000
-0.096558 -0.243286 1.173910 -3.029690 2.919327 -26.146591 -50.678702 -9.267211 -5.217267 82.208884 10.709244 -8.707195 -37.658812 -5.501393 3.477201 -3.081488 -9.797769 -2.288084 -54.431114 9.174806 5.130311 86.447406 -8.812247 1.430572 -35.981562 10.421327 -6.351709 2.611071 -5.575184 0.716211 29.651895 -0.085789 1.742105 3.484401 -4.382352 -5.278322 -6.908331 1.438182 1.203588 -4.411057 -0.411926 -2.495443 -2.504836 -4.161179 -10.490221 -2.436012 11.541342 -21.502304 1.001020 34.324487 -35.706453 -6.617961 -0.615458 -33.025760 -12.675215 -12.963149 -3.998716 0.000000 0.000000 0.000000 0.000000 0.000000 0.000000 0.000000 0.000000 0.000000 0.000000 0.000000 0.000000 0.000000 0.000000 0.000000 0.000000 0.000000 0.000000 0.000000 0.000000 0.000000 0.000000 0.000000 0.000000 0.000000 0.000000 0.000000 0.000000 0.000000 0.000000 0.000000 0.000000 0.000000 0.000000 0.000000 0.000000 0.000000 0.000000 0.000000 0.000000 0.000000 0.000000 -4.807552 -7.552852 19.219977 6.099045 -34.861413 31.916931 -8.441499 -0.407860 39.929745 -20.311892 0.646801 4.336678 0.000000 0.000000 0.000000 0.000000 0.000000 0.000000 0.000000 0.000000 0.000000 0.000000 0.000000 0.000000 0.000000 0.000000 0.000000 0.000000 0.000000 0.000000 0.000000 0.000000 0.000000 0.000000 0.000000 0.000000 0.000000 0.000000 0.000000 0.000000 0.000000 0.000000 0.000000 0.000000 0.000000 0.000000 0.000000 0.000000 0.000000 0.000000 0.000000 0.000000 0.000000 0.000000
-0.097610 -0.231538 1.193358 -2.495303 2.940179 -25.704325 -47.839299 -8.963841 -4.469624 77.671892 10.560839 -8.107900 -38.100906 -5.760139 3.507614 -3.026315 -9.975475 -2.290396 -51.392832 8.901282 4.417231 81.986189 -8.289604 1.312436 -35.874897 10.372680 -7.004701 2.616026 -5.296181 0.724780 28.362785 -0.128352 1.853937 3.646164 -4.090983 -5.202244 -6.480646 1.404314 1.234964 -4.774616 -0.140115 -1.904842 -1.710799 -3.851904 -9.234926 -2.784243 11.630650 -20.446229 2.226919 34.386254 -35.980700 -6.099565 -0.239660 -34.572059 -13.743200 -12.692323 -4.307095 0.000000 0.000000 0.000000 0.000000 0.000000 0.000000 0.000000 0.000000 0.000000 0.000000 0.000000 0.000000 0.000000 0.000000 0.000000 0.000000 0.000000 0.000000 0.000000 0.000000 0.000000 0.000000 0.000000 0.000000 0.000000 0.000000 0.000000 0.000000 0.000000 0.000000 0.000000 0.000000 0.000000 0.000000 0.000000 0.000000 0.000000 0.000000 0.000000 0.000000 0.000000 0.000000 -5.028085 -7.989105 18.285632 7.070725 -34.833570 31.810061 -8.455160 -0.321248 41.924561 -20.878562 0.558198 4.563409 0.000000 0.000000 0.000000 0.000000 0.000000 0.000000 0.000000 0.000000 0.000000 0.000000 0.000000 0.000000 0.000000 0.000000 0.000000 0.000000 0.000000 0.000000 0.000000 0.000000 0.000000 0.000000 0.000000 0.000000 0.000000 0.000000 0.000000 0.000000 0.000000 0.000000 0.000000 0.000000 0.000000 0.000000 0.000000 0.000000 0.000000 0.000000 0.000000 0.000000 0.000000 0.000000
-0.097697 -0.219072 1.212830 -2.011152 2.929853 -25.305796 -45.310188 -8.734191 -3.837665 73.655387 10.452921 -7.643028 -37.290421 -5.402338 3.739351 -2.988830 -10.028349 -2.249241 -48.667361 8.703819 3.843148 77.974117 -7.859696 1.167478 -34.630122 9.934531 -7.624474 2.616737 -5.235106 0.689138 27.340086 -0.194742 1.937826 3.584899 -3.853656 -5.141085 -6.013080 1.403226 1.213148 -5.231663 -0.095067 -1.460074 -1.032530 -3.623235 -8.617931 -2.915553 11.847854 -19.577800 2.936011 34.444541 -35.677371 -5.779393 0.104010 -36.254181 -14.337133 -12.572833 -4.604160 0.000000 0.000000 0.000000 0.000000 0.000000 0.000000 0.000000 0.000000 0.000000 0.000000 0.000000 0.000000 0.000000 0.000000 0.000000 0.000000 0.000000 0.000000 0.000000 0.000000 0.000000 0.000000 0.000000 0.000000 0.000000 0.000000 0.000000 0.000000 0.000000 0.000000 0.000000 0.000000 0.000000 0.000000 0.000000 0.000000 0.000000 0.000000 0.000000 0.000000 0.000000 0.000000 -5.250295 -8.373932 17.510345 8.109571 -34.882835 31.570896 -8.289383 -0.322470 43.662543 -21.184761 0.526582 4.654092 0.000000 0.000000 0.000000 0.000000 0.000000 0.000000 0.000000 0.000000 0.000000 0.000000 0.000000 0.000000 0.000000 0.000000 0.000000 0.000000 0.000000 0.000000 0.000000 0.000000 0.000000 0.000000 0.000000 0.000000 0.000000 0.000000 0.000000 0.000000 0.000000 0.000000 0.000000 0.000000 0.000000 0.000000 0.000000 0.000000 0.000000 0.000000 0.000000 0.000000 0.000000 0.000000
-0.100005 -0.208422 1.232817 -1.650813 3.051675 -24.987713 -42.645535 -8.377639 -3.254970 69.396580 10.184290 -7.092739 -36.152281 -5.048705 4.146355 -2.876585 -10.039318 -2.175416 -45.900183 8.445083 3.248525 73.793059 -7.385748 0.972064 -32.809719 9.292704 -8.234653 2.566156 -5.203410 0.602501 26.242649 -0.198501 2.060949 3.690266 -3.643995 -5.076152 -5.632070 1.349420 1.190882 -5.384708 0.028487 -0.977621 -0.323637 -3.358217 -7.899299 -3.030491 11.938353 -18.927567 3.727689 34.521672 -35.653932 -5.129606 0.347879 -37.331682 -14.683886 -12.257298 -4.947302 0.000000 0.000000 0.000000 0.000000 0.000000 0.000000 0.000000 0.000000 0.000000 0.000000 0.000000 0.000000 0.000000 0.000000 0.000000 0.000000 0.000000 0.000000 0.000000 0.000000 0.000000 0.000000 0.000000 0.000000 0.000000 0.000000 0.000000 0.000000 0.000000 0.000000 0.000000 0.000000 0.000000 0.000000 0.000000 0.000000 0.000000 0.000000 0.000000 0.000000 0.000000 0.000000 -5.399864 -8.668902 16.792380 9.001632 -34.933260 31.313298 -8.200708 -0.219773 45.160275 -21.511833 0.352730 4.706102 0.000000 0.000000 0.000000 0.000000 0.000000 0.000000 0.000000 0.000000 0.000000 0.000000 0.000000 0.000000 0.000000 0.000000 0.000000 0.000000 0.000000 0.000000 0.000000 0.000000 0.000000 0.000000 0.000000 0.000000 0.000000 0.000000 0.000000 0.000000 0.000000 0.000000 0.000000 0.000000 0.000000 0.000000 0.000000 0.000000 0.000000 0.000000 0.000000 0.000000 0.000000 0.000000
-0.101407 -0.199166 1.252867 -1.466593 3.129476 -24.439875 -40.030452 -7.859780 -2.762122 65.282222 9.811793 -6.595837 -34.323930 -4.409026 4.674419 -2.741311 -10.037394 -2.087804 -43.184974 8.236584 2.725988 69.866285 -6.880738 0.775142 -30.378986 8.412737 -9.017621 2.533013 -5.133269 0.540139 25.295154 -0.235245 2.120943 3.666005 -3.460732 -5.014876 -5.281600 1.373186 1.114884 -5.473205 0.099146 -0.590290 0.451924 -3.086778 -7.281602 -3.125905 12.072484 -18.140372 4.404654 34.612146 -35.275915 -4.287884 0.389483 -38.622779 -15.354489 -11.911516 -5.198681 0.000000 0.000000 0.000000 0.000000 0.000000 0.000000 0.000000 0.000000 0.000000 0.000000 0.000000 0.000000 0.000000 0.000000 0.000000 0.000000 0.000000 0.000000 0.000000 0.000000 0.000000 0.000000 0.000000 0.000000 0.000000 0.000000 0.000000 0.000000 0.000000 0.000000 0.000000 0.000000 0.000000 0.000000 0.000000 0.000000 0.000000 0.000000 0.000000 0.000000 0.000000 0.000000 -5.508185 -8.964517 16.062139 9.939042 -35.181123 31.077177 -8.093156 -0.150453 46.801570 -22.051168 0.160654 4.628886 0.000000 0.000000 0.000000 0.000000 0.000000 0.000000 0.000000 0.000000 0.000000 0.000000 0.000000 0.000000 0.000000 0.000000 0.000000 0.000000 0.000000 0.000000 0.000000 0.000000 0.000000 0.000000 0.000000 0.000000 0.000000 0.000000 0.000000 0.000000 0.000000 0.000000 0.000000 0.000000 0.000000 0.000000 0.000000 0.000000 0.000000 0.000000 0.000000 0.000000 0.000000 0.000000
-0.101329 -0.196075 1.272908 -1.568667 3.242233 -24.367131 -37.964109 -7.722189 -2.355862 62.140887 9.436386 -6.321003 -30.822685 -2.785203 5.549894 -2.704262 -9.989403 -2.038464 -40.936956 7.959144 2.253360 66.507169 -6.585288 0.475212 -27.129659 7.041371 -9.395727 2.496033 -5.207758 0.489713 24.848129 -0.356157 2.166140 3.626795 -3.318498 -5.003225 -4.919214 1.353147 1.042763 -5.924329 -0.005668 -0.147790 0.981699 -2.902880 -6.837940 -3.077543 12.250988 -17.702222 4.806796 34.728961 -34.866263 -3.616863 0.607028 -39.548133 -15.190462 -11.825171 -5.352612 0.000000 0.000000 0.000000 0.000000 0.000000 0.000000 0.000000 0.000000 0.000000 0.000000 0.000000 0.000000 0.000000 0.000000 0.000000 0.000000 0.000000 0.000000 0.000000 0.000000 0.000000 0.000000 0.000000 0.000000 0.000000 0.000000 0.000000 0.000000 0.000000 0.000000 0.000000 0.000000 0.000000 0.000000 0.000000 0.000000 0.000000 0.000000 0.000000 0.000000 0.000000 0.000000 -5.815025 -8.999888 15.628512 10.960787 -35.476718 31.290541 -7.702480 -0.239540 47.738338 -22.410191 0.056566 4.465973 0.000000 0.000000 0.000000 0.000000 0.000000 0.000000 0.000000 0.000000 0.000000 0.000000 0.000000 0.000000 0.000000 0.000000 0.000000 0.000000 0.000000 0.000000 0.000000 0.000000 0.000000 0.000000 0.000000 0.000000 0.000000 0.000000 0.000000 0.000000 0.000000 0.000000 0.000000 0.000000 0.000000 0.000000 0.000000 0.000000 0.000000 0.000000 0.000000 0.000000 0.000000 0.000000
-0.104930 -0.179975 1.293144 -1.159754 3.376061 -24.041830 -34.585196 -6.835130 -1.903101 56.946786 8.807761 -5.663871 -29.944381 -2.734508 6.171041 -2.430167 -9.932823 -1.795309 -37.508262 7.638984 1.680986 61.405639 -5.785174 0.362165 -25.363352 6.352806 -9.911433 2.437064 -5.241930 0.276079 23.401722 -0.268016 2.247582 3.584881 -3.017314 -4.817891 -4.499765 1.390855 1.027186 -5.829949 0.284901 0.448193 1.936432 -2.614165 -5.655831 -3.060203 12.428634 -16.614568 5.880371 34.568190 -34.295860 -2.661607 0.877962 -41.486997 -16.895157 -11.303553 -5.904364 0.000000 0.000000 0.000000 0.000000 0.000000 0.000000 0.000000 0.000000 0.000000 0.000000 0.000000 0.000000 0.000000 0.000000 0.000000 0.000000 0.000000 0.000000 0.000000 0.000000 0.000000 0.000000 0.000000 0.000000 0.000000 0.000000 0.000000 0.000000 0.000000 0.000000 0.000000 0.000000 0.000000 0.000000 0.000000 0.000000 0.000000 0.000000 0.000000 0.000000 0.000000 0.000000 -5.810424 -9.413353 14.681314 12.223786 -35.680157 30.798170 -7.826380 -0.281007 50.136544 -23.102618 0.028152 4.473077 0.000000 0.000000 0.000000 0.000000 0.000000 0.000000 0.000000 0.000000 0.000000 0.000000 0.000000 0.000000 0.000000 0.000000 0.000000 0.000000 0.000000 0.000000 0.000000 0.000000 0.000000 0.000000 0.000000 0.000000 0.000000 0.000000 0.000000 0.000000 0.000000 0.000000 0.000000 0.000000 0.000000 0.000000 0.000000 0.000000 0.000000 0.000000 0.000000 0.000000 0.000000 0.000000
-0.107246 -0.170898 1.312224 -1.078980 3.564145 -23.898025 -32.035937 -6.343349 -1.505607 53.187151 8.201535 -5.278106 -27.265386 -1.735153 6.949668 -2.254338 -9.788657 -1.637670 -34.869512 7.277791 1.219807 57.504844 -5.209132 0.388369 -22.416980 5.143313 -10.275418 2.327828 -5.272320 0.138032 22.378949 -0.252467 2.305402 3.550985 -2.833201 -4.680853 -4.107546 1.406389 1.005610 -5.876739 0.295166 0.946413 2.563145 -2.369070 -4.762374 -2.974623 12.734026 -15.791830 6.546740 34.624971 -33.638001 -1.849476 1.092338 -42.806119 -17.504677 -11.147690 -6.140723 0.000000 0.000000 0.000000 0.000000 0.000000 0.000000 0.000000 0.000000 0.000000 0.000000 0.000000 0.000000 0.000000 0.000000 0.000000 0.000000 0.000000 0.000000 0.000000 0.000000 0.000000 0.000000 0.000000 0.000000 0.000000 0.000000 0.000000 0.000000 0.000000 0.000000 0.000000 0.000000 0.000000 0.000000 0.000000 0.000000 0.000000 0.000000 0.000000 0.000000 0.000000 0.000000 -5.846282 -9.637111 14.004446 13.250972 -36.047720 30.653194 -7.525468 -0.384294 51.559976 -23.467825 -0.025442 4.269201 0.000000 0.000000 0.000000 0.000000 0.000000 0.000000 0.000000 0.000000 0.000000 0.000000 0.000000 0.000000 0.000000 0.000000 0.000000 0.000000 0.000000 0.000000 0.000000 0.000000 0.000000 0.000000 0.000000 0.000000 0.000000 0.000000 0.000000 0.000000 0.000000 0.000000 0.000000 0.000000 0.000000 0.000000 0.000000 0.000000 0.000000 0.000000 0.000000 0.000000 0.000000 0.000000
-0.111985 -0.167989 1.330691 -1.215584 3.887814 -23.418514 -29.732057 -5.885126 -1.190214 49.587719 7.540960 -5.079620 -24.197034 -0.483121 7.659646 -2.066003 -9.529281 -1.485405 -32.364770 6.882551 0.785308 53.709139 -4.715557 0.345308 -19.200741 3.797082 -10.605906 2.286279 -5.248348 0.012065 21.508263 -0.298710 2.316636 3.516444 -2.743623 -4.486645 -3.900282 1.398862 1.008403 -5.749857 0.310485 1.417073 3.053449 -2.231525 -4.037322 -2.881268 12.897489 -15.096706 7.125030 34.553519 -33.007881 -1.199224 1.387787 -44.093919 -18.164791 -11.018232 -6.267925 0.000000 0.000000 0.000000 0.000000 0.000000 0.000000 0.000000 0.000000 0.000000 0.000000 0.000000 0.000000 0.000000 0.000000 0.000000 0.000000 0.000000 0.000000 0.000000 0.000000 0.000000 0.000000 0.000000 0.000000 0.000000 0.000000 0.000000 0.000000 0.000000 0.000000 0.000000 0.000000 0.000000 0.000000 0.000000 0.000000 0.000000 0.000000 0.000000 0.000000 0.000000 0.000000 -5.877215 -9.769501 13.428977 14.149235 -36.307089 30.578242 -7.149121 -0.754550 52.744193 -23.961309 0.057659 4.158568 0.000000 0.000000 0.000000 0.000000 0.000000 0.000000 0.000000 0.000000 0.000000 0.000000 0.000000 0.000000 0.000000 0.000000 0.000000 0.000000 0.000000 0.000000 0.000000 0.000000 0.000000 0.000000 0.000000 0.000000 0.000000 0.000000 0.000000 0.000000 0.000000 0.000000 0.000000 0.000000 0.000000 0.000000 0.000000 0.000000 0.000000 0.000000 0.000000 0.000000 0.000000 0.000000
-0.116815 -0.163906 1.348361 -1.429825 4.178775 -22.930009 -26.835874 -5.188763 -0.824465 45.310243 6.753194 -4.828701 -21.837880 0.274548 8.268023 -1.732781 -9.178884 -1.211505 -29.394320 6.443059 0.380288 49.383836 -3.999496 0.497926 -16.646683 2.703534 -10.780570 2.183953 -5.225682 -0.243707 20.428186 -0.340593 2.281138 3.506067 -2.621227 -4.249892 -3.561095 1.319854 0.946150 -5.472826 0.412497 2.049565 3.871362 -2.042306 -3.011665 -2.754490 13.255223 -14.233424 8.026907 34.667547 -32.245882 -0.050254 1.461582 -45.308019 -18.785818 -10.742946 -6.813879 0.000000 0.000000 0.000000 0.000000 0.000000 0.000000 0.000000 0.000000 0.000000 0.000000 0.000000 0.000000 0.000000 0.000000 0.000000 0.000000 0.000000 0.000000 0.000000 0.000000 0.000000 0.000000 0.000000 0.000000 0.000000 0.000000 0.000000 0.000000 0.000000 0.000000 0.000000 0.000000 0.000000 0.000000 0.000000 0.000000 0.000000 0.000000 0.000000 0.000000 0.000000 0.000000 -5.742726 -10.024913 12.747337 15.152790 -36.565929 30.049889 -6.760227 -0.853289 54.459419 -24.522495 -0.208551 4.195517 0.000000 0.000000 0.000000 0.000000 0.000000 0.000000 0.000000 0.000000 0.000000 0.000000 0.000000 0.000000 0.000000 0.000000 0.000000 0.000000 0.000000 0.000000 0.000000 0.000000 0.000000 0.000000 0.000000 0.000000 0.000000 0.000000 0.000000 0.000000 0.000000 0.000000 0.000000 0.000000 0.000000 0.000000 0.000000 0.000000 0.000000 0.000000 0.000000 0.000000 0.000000 0.000000
-0.119723 -0.163099 1.364476 -1.665583 4.333251 -22.464177 -24.495396 -4.638707 -0.575392 41.674517 6.143343 -4.720392 -19.092517 1.290476 8.743231 -1.432317 -8.820932 -0.998578 -27.019922 6.060469 0.120560 45.658080 -3.442453 0.677527 -14.136813 1.566811 -10.665213 2.050749 -5.150265 -0.405736 19.434337 -0.248377 2.302916 3.554023 -2.600519 -4.101679 -3.400894 1.292065 0.913156 -5.336134 0.581222 2.745185 4.398875 -1.838546 -2.016208 -2.476728 13.598657 -13.458695 8.556889 34.457657 -31.159095 0.975940 1.534086 -46.840792 -18.927231 -10.254245 -7.107961 0.000000 0.000000 0.000000 0.000000 0.000000 0.000000 0.000000 0.000000 0.000000 0.000000 0.000000 0.000000 0.000000 0.000000 0.000000 0.000000 0.000000 0.000000 0.000000 0.000000 0.000000 0.000000 0.000000 0.000000 0.000000 0.000000 0.000000 0.000000 0.000000 0.000000 0.000000 0.000000 0.000000 0.000000 0.000000 0.000000 0.000000 0.000000 0.000000 0.000000 0.000000 0.000000 -5.465144 -10.415224 12.067869 15.997715 -36.804707 29.523706 -6.541453 -1.015341 55.717738 -24.984062 -0.626373 3.984676 0.000000 0.000000 0.000000 0.000000 0.000000 0.000000 0.000000 0.000000 0.000000 0.000000 0.000000 0.000000 0.000000 0.000000 0.000000 0.000000 0.000000 0.000000 0.000000 0.000000 0.000000 0.000000 0.000000 0.000000 0.000000 0.000000 0.000000 0.000000 0.000000 0.000000 0.000000 0.000000 0.000000 0.000000 0.000000 0.000000 0.000000 0.000000 0.000000 0.000000 0.000000 0.000000
-0.121370 -0.161878 1.379016 -2.007715 4.481830 -21.796010 -22.111256 -4.156024 -0.254548 38.365060 5.594115 -4.626563 -16.770548 2.139949 8.972302 -1.092243 -8.446532 -0.794380 -24.746820 5.765858 -0.152375 42.467837 -3.048939 0.890946 -12.187221 0.624633 -10.345907 1.971151 -5.010022 -0.561707 18.448043 -0.200274 2.273442 3.739050 -2.629274 -4.041556 -3.270296 1.220395 0.869142 -4.794166 0.683796 3.280487 4.918887 -1.698163 -1.061763 -2.217520 13.928951 -12.780252 9.197821 34.364111 -30.399287 1.801990 1.566604 -48.019062 -19.071113 -9.919723 -7.384132 0.000000 0.000000 0.000000 0.000000 0.000000 0.000000 0.000000 0.000000 0.000000 0.000000 0.000000 0.000000 0.000000 0.000000 0.000000 0.000000 0.000000 0.000000 0.000000 0.000000 0.000000 0.000000 0.000000 0.000000 0.000000 0.000000 0.000000 0.000000 0.000000 0.000000 0.000000 0.000000 0.000000 0.000000 0.000000 0.000000 0.000000 0.000000 0.000000 0.000000 0.000000 0.000000 -5.206425 -10.777490 11.491827 16.666988 -36.868780 28.884629 -6.175260 -1.227993 56.991199 -25.297182 -0.911954 3.986485 0.000000 0.000000 0.000000 0.000000 0.000000 0.000000 0.000000 0.000000 0.000000 0.000000 0.000000 0.000000 0.000000 0.000000 0.000000 0.000000 0.000000 0.000000 0.000000 0.000000 0.000000 0.000000 0.000000 0.000000 0.000000 0.000000 0.000000 0.000000 0.000000 0.000000 0.000000 0.000000 0.000000 0.000000 0.000000 0.000000 0.000000 0.000000 0.000000 0.000000 0.000000 0.000000
-0.125899 -0.161480 1.392245 -2.504913 4.735643 -20.990402 -19.670185 -3.630662 0.141316 35.223885 5.080252 -4.651788 -14.823937 2.789908 9.140267 -0.860091 -8.078288 -0.610877 -22.459561 5.399542 -0.389598 39.387969 -2.488031 1.098765 -10.637680 -0.208873 -9.860498 1.854467 -4.927029 -0.664503 17.563974 -0.249054 2.177694 4.013080 -2.649709 -3.991163 -3.309552 1.166544 0.830421 -4.394678 0.925970 3.685110 5.206071 -1.655983 0.007677 -1.886625 14.221587 -12.132314 9.895936 34.165640 -29.629483 2.886180 1.561585 -49.297102 -19.365164 -9.421485 -7.702370 0.000000 0.000000 0.000000 0.000000 0.000000 0.000000 0.000000 0.000000 0.000000 0.000000 0.000000 0.000000 0.000000 0.000000 0.000000 0.000000 0.000000 0.000000 0.000000 0.000000 0.000000 0.000000 0.000000 0.000000 0.000000 0.000000 0.000000 0.000000 0.000000 0.000000 0.000000 0.000000 0.000000 0.000000 0.000000 0.000000 0.000000 0.000000 0.000000 0.000000 0.000000 0.000000 -4.793085 -10.978409 10.904190 17.162448 -36.881846 28.017868 -5.732873 -1.475363 58.539938 -25.816573 -1.182908 4.030049 0.000000 0.000000 0.000000 0.000000 0.000000 0.000000 0.000000 0.000000 0.000000 0.000000 0.000000 0.000000 0.000000 0.000000 0.000000 0.000000 0.000000 0.000000 0.000000 0.000000 0.000000 0.000000 0.000000 0.000000 0.000000 0.000000 0.000000 0.000000 0.000000 0.000000 0.000000 0.000000 0.000000 0.000000 0.000000 0.000000 0.000000 0.000000 0.000000 0.000000 0.000000 0.000000
-0.126089 -0.161105 1.403955 -2.852568 4.743116 -20.383997 -17.499543 -3.026685 0.329427 32.193180 4.505679 -4.731705 -13.186014 3.233597 9.417457 -0.512141 -7.680399 -0.388399 -20.516351 4.993085 -0.557244 36.349890 -2.036824 1.227686 -10.196908 -0.904125 -8.879650 1.783152 -4.792989 -0.813650 16.650093 -0.322373 2.071840 4.094094 -2.670459 -3.953149 -3.270404 1.130367 0.719388 -4.022022 0.936005 4.007643 5.579075 -1.631551 0.808116 -1.522178 14.663690 -11.461440 10.323572 33.937920 -28.545596 4.003903 1.387565 -50.261832 -18.871440 -8.964173 -7.987698 0.000000 0.000000 0.000000 0.000000 0.000000 0.000000 0.000000 0.000000 0.000000 0.000000 0.000000 0.000000 0.000000 0.000000 0.000000 0.000000 0.000000 0.000000 0.000000 0.000000 0.000000 0.000000 0.000000 0.000000 0.000000 0.000000 0.000000 0.000000 0.000000 0.000000 0.000000 0.000000 0.000000 0.000000 0.000000 0.000000 0.000000 0.000000 0.000000 0.000000 0.000000 0.000000 -4.450900 -11.247922 10.266067 17.794146 -36.960733 27.007167 -5.189703 -1.524310 59.968244 -26.086865 -1.565289 4.105433 0.000000 0.000000 0.000000 0.000000 0.000000 0.000000 0.000000 0.000000 0.000000 0.000000 0.000000 0.000000 0.000000 0.000000 0.000000 0.000000 0.000000 0.000000 0.000000 0.000000 0.000000 0.000000 0.000000 0.000000 0.000000 0.000000 0.000000 0.000000 0.000000 0.000000 0.000000 0.000000 0.000000 0.000000 0.000000 0.000000 0.000000 0.000000 0.000000 0.000000 0.000000 0.000000
-0.124198 -0.159732 1.414176 -3.245232 4.651628 -19.570363 -15.224494 -2.529608 0.596613 29.151871 4.141768 -4.767778 -11.931368 3.571768 9.461111 -0.142032 -7.246470 -0.208986 -18.594373 4.735700 -0.773311 33.540412 -1.777897 1.401175 -10.220836 -1.487685 -7.861427 1.735466 -4.561233 -0.936889 15.575926 -0.227627 1.992364 4.260728 -2.744234 -3.920624 -3.318633 1.161039 0.656025 -3.335320 1.045073 4.315455 6.083141 -1.550048 1.687209 -1.098116 15.006876 -10.691263 10.718227 33.802976 -27.595895 5.137398 1.393052 -50.996620 -18.480013 -8.762828 -8.294550 0.000000 0.000000 0.000000 0.000000 0.000000 0.000000 0.000000 0.000000 0.000000 0.000000 0.000000 0.000000 0.000000 0.000000 0.000000 0.000000 0.000000 0.000000 0.000000 0.000000 0.000000 0.000000 0.000000 0.000000 0.000000 0.000000 0.000000 0.000000 0.000000 0.000000 0.000000 0.000000 0.000000 0.000000 0.000000 0.000000 0.000000 0.000000 0.000000 0.000000 0.000000 0.000000 -4.010179 -11.546802 9.506014 18.402038 -37.056577 26.178644 -4.493139 -1.712358 61.034215 -26.240131 -1.987325 4.240777 0.000000 0.000000 0.000000 0.000000 0.000000 0.000000 0.000000 0.000000 0.000000 0.000000 0.000000 0.000000 0.000000 0.000000 0.000000 0.000000 0.000000 0.000000 0.000000 0.000000 0.000000 0.000000 0.000000 0.000000 0.000000 0.000000 0.000000 0.000000 0.000000 0.000000 0.000000 0.000000 0.000000 0.000000 0.000000 0.000000 0.000000 0.000000 0.000000 0.000000 0.000000 0.000000
-0.122923 -0.158171 1.423023 -3.604748 4.507923 -18.924046 -13.526944 -2.006313 0.859377 27.097313 3.882187 -4.802478 -11.092459 3.783238 9.606598 0.142092 -6.969448 -0.097520 -17.118796 4.516281 -0.929346 31.367428 -1.540533 1.420070 -10.440104 -1.989887 -7.030056 1.691937 -4.378957 -0.988192 14.778848 -0.158120 1.952357 4.578091 -2.818089 -3.957487 -3.465627 1.267644 0.595209 -2.700217 0.991733 4.350787 6.476168 -1.419380 1.876326 -0.846807 15.181429 -10.064418 11.002341 33.750167 -26.923419 5.916472 1.177477 -51.212004 -17.156822 -8.791351 -8.474969 0.000000 0.000000 0.000000 0.000000 0.000000 0.000000 0.000000 0.000000 0.000000 0.000000 0.000000 0.000000 0.000000 0.000000 0.000000 0.000000 0.000000 0.000000 0.000000 0.000000 0.000000 0.000000 0.000000 0.000000 0.000000 0.000000 0.000000 0.000000 0.000000 0.000000 0.000000 0.000000 0.000000 0.000000 0.000000 0.000000 0.000000 0.000000 0.000000 0.000000 0.000000 0.000000 -3.801845 -11.644433 8.934617 19.055852 -37.376211 25.612969 -3.978215 -1.556375 61.735383 -26.109533 -2.257970 4.436314 0.000000 0.000000 0.000000 0.000000 0.000000 0.000000 0.000000 0.000000 0.000000 0.000000 0.000000 0.000000 0.000000 0.000000 0.000000 0.000000 0.000000 0.000000 0.000000 0.000000 0.000000 0.000000 0.000000 0.000000 0.000000 0.000000 0.000000 0.000000 0.000000 0.000000 0.000000 0.000000 0.000000 0.000000 0.000000 0.000000 0.000000 0.000000 0.000000 0.000000 0.000000 0.000000
-0.120823 -0.157602 1.430829 -4.085192 4.265484 -17.803764 -11.205030 -1.407296 1.028843 23.858356 3.568923 -5.105804 -10.407363 3.719892 9.477359 0.512327 -6.485930 0.131736 -15.127678 4.162571 -1.028937 28.693585 -1.158711 1.559823 -10.044315 -2.292858 -6.867701 1.668766 -4.088042 -1.090737 13.713491 -0.086472 1.825566 4.498244 -2.807056 -3.845507 -3.359654 1.326995 0.541240 -2.301184 1.152468 4.144836 6.715116 -1.327439 2.208978 -0.536754 15.807827 -9.121483 11.504860 33.544330 -25.882598 6.666456 1.244762 -51.883662 -16.743274 -8.302595 -8.790078 0.000000 0.000000 0.000000 0.000000 0.000000 0.000000 0.000000 0.000000 0.000000 0.000000 0.000000 0.000000 0.000000 0.000000 0.000000 0.000000 0.000000 0.000000 0.000000 0.000000 0.000000 0.000000 0.000000 0.000000 0.000000 0.000000 0.000000 0.000000 0.000000 0.000000 0.000000 0.000000 0.000000 0.000000 0.000000 0.000000 0.000000 0.000000 0.000000 0.000000 0.000000 0.000000 -3.372703 -12.232889 8.199339 19.676684 -37.499418 24.521870 -3.297784 -1.734099 62.850341 -25.958482 -2.654039 4.692374 0.000000 0.000000 0.000000 0.000000 0.000000 0.000000 0.000000 0.000000 0.000000 0.000000 0.000000 0.000000 0.000000 0.000000 0.000000 0.000000 0.000000 0.000000 0.000000 0.000000 0.000000 0.000000 0.000000 0.000000 0.000000 0.000000 0.000000 0.000000 0.000000 0.000000 0.000000 0.000000 0.000000 0.000000 0.000000 0.000000 0.000000 0.000000 0.000000 0.000000 0.000000 0.000000
-0.118586 -0.156343 1.437365 -4.350358 4.057013 -16.896349 -9.574448 -0.957054 1.084710 21.554849 3.226032 -5.334622 -9.860511 3.672329 9.398184 0.782493 -6.128224 0.295948 -13.507156 3.768652 -1.165915 26.451442 -0.881644 1.676275 -9.565264 -2.628223 -6.621745 1.616981 -3.948618 -1.204289 12.760835 -0.035615 1.794748 4.605082 -2.757257 -3.750642 -3.335978 1.436324 0.481637 -1.730935 1.152852 4.130427 7.151388 -1.230171 2.484587 -0.270350 16.163770 -8.280706 11.908343 33.281875 -25.004684 7.574811 1.228444 -52.378927 -16.235912 -7.948560 -9.101815 0.000000 0.000000 0.000000 0.000000 0.000000 0.000000 0.000000 0.000000 0.000000 0.000000 0.000000 0.000000 0.000000 0.000000 0.000000 0.000000 0.000000 0.000000 0.000000 0.000000 0.000000 0.000000 0.000000 0.000000 0.000000 0.000000 0.000000 0.000000 0.000000 0.000000 0.000000 0.000000 0.000000 0.000000 0.000000 0.000000 0.000000 0.000000 0.000000 0.000000 0.000000 0.000000 -3.060795 -12.509565 7.595347 20.342947 -37.704539 23.728946 -2.671488 -1.877662 63.519446 -26.077133 -3.164229 4.859493 0.000000 0.000000 0.000000 0.000000 0.000000 0.000000 0.000000 0.000000 0.000000 0.000000 0.000000 0.000000 0.000000 0.000000 0.000000 0.000000 0.000000 0.000000 0.000000 0.000000 0.000000 0.000000 0.000000 0.000000 0.000000 0.000000 0.000000 0.000000 0.000000 0.000000 0.000000 0.000000 0.000000 0.000000 0.000000 0.000000 0.000000 0.000000 0.000000 0.000000 0.000000 0.000000
-0.115814 -0.156215 1.442969 -4.712618 3.784241 -15.943143 -8.084285 -0.622289 1.150132 19.571176 2.924905 -5.568897 -9.272137 3.881325 8.998080 1.036063 -5.786860 0.449162 -11.835755 3.202776 -1.229624 24.355830 -0.473503 1.736168 -9.131892 -2.770391 -6.554324 1.542797 -3.834553 -1.331430 11.887615 -0.025268 1.777679 4.779358 -2.763799 -3.682840 -3.442658 1.501678 0.430393 -1.130933 1.263800 4.082876 7.388215 -1.131452 2.798445 -0.021728 16.607606 -7.470902 12.453816 33.161315 -24.206391 8.364276 1.088261 -52.700360 -15.529259 -7.661406 -9.481547 0.000000 0.000000 0.000000 0.000000 0.000000 0.000000 0.000000 0.000000 0.000000 0.000000 0.000000 0.000000 0.000000 0.000000 0.000000 0.000000 0.000000 0.000000 0.000000 0.000000 0.000000 0.000000 0.000000 0.000000 0.000000 0.000000 0.000000 0.000000 0.000000 0.000000 0.000000 0.000000 0.000000 0.000000 0.000000 0.000000 0.000000 0.000000 0.000000 0.000000 0.000000 0.000000 -2.733042 -12.827714 6.966377 20.883927 -37.919056 22.883388 -2.021738 -1.980233 63.609404 -25.851604 -3.400805 5.048756 0.000000 0.000000 0.000000 0.000000 0.000000 0.000000 0.000000 0.000000 0.000000 0.000000 0.000000 0.000000 0.000000 0.000000 0.000000 0.000000 0.000000 0.000000 0.000000 0.000000 0.000000 0.000000 0.000000 0.000000 0.000000 0.000000 0.000000 0.000000 0.000000 0.000000 0.000000 0.000000 0.000000 0.000000 0.000000 0.000000 0.000000 0.000000 0.000000 0.000000 0.000000 0.000000
-0.112855 -0.156127 1.447703 -5.023213 3.502822 -14.955377 -6.676116 -0.386605 1.193210 17.556660 2.639356 -5.702808 -8.703178 4.153627 8.556120 1.278129 -5.524643 0.580927 -10.294497 2.716295 -1.277624 22.377566 -0.184335 1.804842 -8.646456 -2.933693 -6.377268 1.501668 -3.784067 -1.452074 11.094744 0.039463 1.747428 4.784329 -2.727229 -3.644331 -3.429385 1.555610 0.332406 -0.701135 1.363906 3.945302 7.589482 -1.029747 2.904235 0.258396 16.950828 -6.560958 12.993019 33.125967 -23.326099 9.202506 0.916185 -53.285601 -15.077644 -7.235572 -9.693854 0.000000 0.000000 0.000000 0.000000 0.000000 0.000000 0.000000 0.000000 0.000000 0.000000 0.000000 0.000000 0.000000 0.000000 0.000000 0.000000 0.000000 0.000000 0.000000 0.000000 0.000000 0.000000 0.000000 0.000000 0.000000 0.000000 0.000000 0.000000 0.000000 0.000000 0.000000 0.000000 0.000000 0.000000 0.000000 0.000000 0.000000 0.000000 0.000000 0.000000 0.000000 0.000000 -2.426048 -13.094743 6.316963 21.618706 -38.323681 22.223687 -1.396844 -2.006411 63.685952 -25.469873 -3.559053 5.119151 0.000000 0.000000 0.000000 0.000000 0.000000 0.000000 0.000000 0.000000 0.000000 0.000000 0.000000 0.000000 0.000000 0.000000 0.000000 0.000000 0.000000 0.000000 0.000000 0.000000 0.000000 0.000000 0.000000 0.000000 0.000000 0.000000 0.000000 0.000000 0.000000 0.000000 0.000000 0.000000 0.000000 0.000000 0.000000 0.000000 0.000000 0.000000 0.000000 0.000000 0.000000 0.000000
-0.108813 -0.155739 1.451633 -5.221280 3.059834 -13.866470 -5.165118 0.005189 1.188633 15.192588 2.257449 -5.818748 -8.128605 4.315423 8.045090 1.586277 -5.118702 0.743871 -8.467056 2.134036 -1.325587 19.935326 0.290502 1.948095 -8.275943 -3.041669 -6.419664 1.407018 -3.605866 -1.554710 10.179620 0.173429 1.765188 4.881360 -2.729134 -3.491751 -3.393446 1.659264 0.275849 -0.334705 1.363116 3.866418 7.651632 -0.889109 3.148582 0.474293 17.220752 -5.600171 13.456674 33.179998 -22.524419 9.898983 0.718848 -53.663844 -14.351523 -6.798549 -10.097562 0.000000 0.000000 0.000000 0.000000 0.000000 0.000000 0.000000 0.000000 0.000000 0.000000 0.000000 0.000000 0.000000 0.000000 0.000000 0.000000 0.000000 0.000000 0.000000 0.000000 0.000000 0.000000 0.000000 0.000000 0.000000 0.000000 0.000000 0.000000 0.000000 0.000000 0.000000 0.000000 0.000000 0.000000 0.000000 0.000000 0.000000 0.000000 0.000000 0.000000 0.000000 0.000000 -2.064297 -13.370232 5.589279 22.205366 -38.799039 21.420039 -1.017030 -1.887240 63.532264 -24.786782 -4.005002 5.351666 0.000000 0.000000 0.000000 0.000000 0.000000 0.000000 0.000000 0.000000 0.000000 0.000000 0.000000 0.000000 0.000000 0.000000 0.000000 0.000000 0.000000 0.000000 0.000000 0.000000 0.000000 0.000000 0.000000 0.000000 0.000000 0.000000 0.000000 0.000000 0.000000 0.000000 0.000000 0.000000 0.000000 0.000000 0.000000 0.000000 0.000000 0.000000 0.000000 0.000000 0.000000 0.000000
-0.105626 -0.156490 1.454708 -5.584597 2.761912 -13.017599 -3.956172 0.199792 1.193027 13.671133 1.968505 -6.011967 -7.680102 4.538137 7.816874 1.771738 -4.930551 0.853064 -7.275687 1.789714 -1.388213 18.705606 0.412040 1.894504 -7.892367 -3.065442 -6.453814 1.385852 -3.559145 -1.649458 9.564129 0.144047 1.729234 4.906974 -2.682189 -3.403471 -3.347210 1.712140 0.224334 -0.001632 1.375270 3.857340 7.796549 -0.767615 3.392365 0.588455 17.474975 -4.804609 13.828532 33.482784 -22.001660 10.251274 0.682594 -53.551833 -14.274587 -6.420584 -10.240419 0.000000 0.000000 0.000000 0.000000 0.000000 0.000000 0.000000 0.000000 0.000000 0.000000 0.000000 0.000000 0.000000 0.000000 0.000000 0.000000 0.000000 0.000000 0.000000 0.000000 0.000000 0.000000 0.000000 0.000000 0.000000 0.000000 0.000000 0.000000 0.000000 0.000000 0.000000 0.000000 0.000000 0.000000 0.000000 0.000000 0.000000 0.000000 0.000000 0.000000 0.000000 0.000000 -1.827262 -13.495689 5.071239 22.872857 -39.215044 21.027361 -0.406602 -1.914386 63.283900 -24.532808 -3.981238 5.426908 0.000000 0.000000 0.000000 0.000000 0.000000 0.000000 0.000000 0.000000 0.000000 0.000000 0.000000 0.000000 0.000000 0.000000 0.000000 0.000000 0.000000 0.000000 0.000000 0.000000 0.000000 0.000000 0.000000 0.000000 0.000000 0.000000 0.000000 0.000000 0.000000 0.000000 0.000000 0.000000 0.000000 0.000000 0.000000 0.000000 0.000000 0.000000 0.000000 0.000000 0.000000 0.000000
-0.102702 -0.156311 1.457016 -5.744442 2.498418 -12.374316 -3.011111 0.321795 1.250370 12.276566 1.700908 -6.077444 -7.299686 4.776112 7.608751 1.968349 -4.682132 0.911853 -6.121867 1.451935 -1.466856 17.204999 0.529235 1.776276 -7.501066 -3.117979 -6.390261 1.357768 -3.427250 -1.709489 8.941518 0.109023 1.710197 4.955969 -2.695988 -3.281793 -3.399024 1.714735 0.225585 0.347462 1.363645 3.700482 7.943741 -0.728005 3.489366 0.697706 17.797451 -4.076836 14.101448 33.758758 -21.437151 10.430499 0.688061 -53.306615 -13.851413 -6.223031 -10.346132 0.000000 0.000000 0.000000 0.000000 0.000000 0.000000 0.000000 0.000000 0.000000 0.000000 0.000000 0.000000 0.000000 0.000000 0.000000 0.000000 0.000000 0.000000 0.000000 0.000000 0.000000 0.000000 0.000000 0.000000 0.000000 0.000000 0.000000 0.000000 0.000000 0.000000 0.000000 0.000000 0.000000 0.000000 0.000000 0.000000 0.000000 0.000000 0.000000 0.000000 0.000000 0.000000 -1.596891 -13.665605 4.605112 23.274643 -39.586120 20.667677 0.043676 -2.020604 62.547619 -24.085914 -3.910580 5.609068 0.000000 0.000000 0.000000 0.000000 0.000000 0.000000 0.000000 0.000000 0.000000 0.000000 0.000000 0.000000 0.000000 0.000000 0.000000 0.000000 0.000000 0.000000 0.000000 0.000000 0.000000 0.000000 0.000000 0.000000 0.000000 0.000000 0.000000 0.000000 0.000000 0.000000 0.000000 0.000000 0.000000 0.000000 0.000000 0.000000 0.000000 0.000000 0.000000 0.000000 0.000000 0.000000
-0.099440 -0.155971 1.458639 -5.840527 2.175463 -11.508157 -2.196464 0.478678 1.246410 11.042733 1.515184 -6.050655 -6.967156 4.893402 7.271833 2.153074 -4.379697 0.990029 -4.846618 1.247024 -1.666185 15.411467 0.706030 1.730421 -7.196077 -3.140122 -6.422269 1.272543 -3.325657 -1.799196 8.307339 0.160038 1.783460 4.966112 -2.633235 -3.139843 -3.323454 1.810370 0.208220 0.664118 1.371916 3.507793 8.051166 -0.634016 3.375279 0.839854 18.108491 -3.294497 14.402560 34.049107 -20.874572 10.610482 0.612199 -53.102155 -13.436304 -5.894057 -10.337971 0.000000 0.000000 0.000000 0.000000 0.000000 0.000000 0.000000 0.000000 0.000000 0.000000 0.000000 0.000000 0.000000 0.000000 0.000000 0.000000 0.000000 0.000000 0.000000 0.000000 0.000000 0.000000 0.000000 0.000000 0.000000 0.000000 0.000000 0.000000 0.000000 0.000000 0.000000 0.000000 0.000000 0.000000 0.000000 0.000000 0.000000 0.000000 0.000000 0.000000 0.000000 0.000000 -1.343325 -13.947147 4.129235 23.758138 -40.158707 20.362123 0.283635 -2.024757 61.583423 -23.467527 -3.872414 5.666744 0.000000 0.000000 0.000000 0.000000 0.000000 0.000000 0.000000 0.000000 0.000000 0.000000 0.000000 0.000000 0.000000 0.000000 0.000000 0.000000 0.000000 0.000000 0.000000 0.000000 0.000000 0.000000 0.000000 0.000000 0.000000 0.000000 0.000000 0.000000 0.000000 0.000000 0.000000 0.000000 0.000000 0.000000 0.000000 0.000000 0.000000 0.000000 0.000000 0.000000 0.000000 0.000000
-0.096170 -0.157076 1.459768 -6.165335 1.844578 -10.566549 -1.541629 0.662701 1.138350 10.392846 1.353521 -6.254256 -6.639970 4.914813 7.080243 2.289451 -4.198726 1.057341 -3.828913 1.046539 -1.705089 14.375900 0.866458 1.606714 -6.947595 -2.904675 -6.715065 1.252851 -3.277191 -1.846385 7.846790 0.092714 1.828366 4.998758 -2.576013 -3.013248 -3.339589 1.873989 0.200844 1.028003 1.456655 3.419156 8.061240 -0.521694 3.479159 0.998140 18.339518 -2.716427 14.691843 34.395259 -20.565284 10.926022 0.563342 -52.551001 -13.145630 -5.670258 -10.319794 0.000000 0.000000 0.000000 0.000000 0.000000 0.000000 0.000000 0.000000 0.000000 0.000000 0.000000 0.000000 0.000000 0.000000 0.000000 0.000000 0.000000 0.000000 0.000000 0.000000 0.000000 0.000000 0.000000 0.000000 0.000000 0.000000 0.000000 0.000000 0.000000 0.000000 0.000000 0.000000 0.000000 0.000000 0.000000 0.000000 0.000000 0.000000 0.000000 0.000000 0.000000 0.000000 -1.068350 -14.122100 3.791089 24.187070 -40.628764 20.225811 0.483417 -2.138519 60.371864 -22.996888 -3.780464 5.730139 0.000000 0.000000 0.000000 0.000000 0.000000 0.000000 0.000000 0.000000 0.000000 0.000000 0.000000 0.000000 0.000000 0.000000 0.000000 0.000000 0.000000 0.000000 0.000000 0.000000 0.000000 0.000000 0.000000 0.000000 0.000000 0.000000 0.000000 0.000000 0.000000 0.000000 0.000000 0.000000 0.000000 0.000000 0.000000 0.000000 0.000000 0.000000 0.000000 0.000000 0.000000 0.000000
-0.093248 -0.156933 1.460319 -6.271093 1.553465 -9.678108 -1.067071 0.707338 1.095391 9.759967 1.321516 -6.383248 -6.565117 4.909311 6.866644 2.345349 -4.066039 1.084025 -2.864218 0.886513 -1.790582 13.080362 0.913435 1.532471 -6.891520 -2.725110 -6.891464 1.191412 -3.207006 -1.884459 7.470796 0.121195 1.932965 4.995736 -2.541309 -2.899615 -3.352880 2.007299 0.222068 1.356564 1.416743 3.391146 8.040309 -0.433866 3.521350 1.281804 18.713915 -2.126635 14.770540 34.662550 -19.969521 11.228999 0.585802 -51.938294 -12.913027 -5.476645 -10.203472 0.000000 0.000000 0.000000 0.000000 0.000000 0.000000 0.000000 0.000000 0.000000 0.000000 0.000000 0.000000 0.000000 0.000000 0.000000 0.000000 0.000000 0.000000 0.000000 0.000000 0.000000 0.000000 0.000000 0.000000 0.000000 0.000000 0.000000 0.000000 0.000000 0.000000 0.000000 0.000000 0.000000 0.000000 0.000000 0.000000 0.000000 0.000000 0.000000 0.000000 0.000000 0.000000 -0.829592 -14.391945 3.451458 24.585085 -41.281805 20.213602 0.577947 -2.144508 58.948473 -22.411069 -3.691342 5.768402 0.000000 0.000000 0.000000 0.000000 0.000000 0.000000 0.000000 0.000000 0.000000 0.000000 0.000000 0.000000 0.000000 0.000000 0.000000 0.000000 0.000000 0.000000 0.000000 0.000000 0.000000 0.000000 0.000000 0.000000 0.000000 0.000000 0.000000 0.000000 0.000000 0.000000 0.000000 0.000000 0.000000 0.000000 0.000000 0.000000 0.000000 0.000000 0.000000 0.000000 0.000000 0.000000
-0.091104 -0.157132 1.460683 -6.419434 1.369781 -8.951042 -0.726085 0.724872 0.969734 9.494096 1.199511 -6.521852 -6.561122 4.800380 6.865257 2.400756 -3.953968 1.121480 -2.214072 0.738205 -1.815664 12.425201 0.915413 1.423492 -6.805505 -2.636645 -6.913946 1.169214 -3.173097 -1.906863 7.177678 0.033189 1.993024 4.885130 -2.418428 -2.785755 -3.243882 2.081667 0.234677 1.557418 1.404013 3.335394 7.973608 -0.352338 3.419194 1.375397 18.883072 -1.595998 15.000027 34.894060 -19.612428 11.634756 0.627654 -51.339041 -12.568592 -5.307806 -10.198819 0.000000 0.000000 0.000000 0.000000 0.000000 0.000000 0.000000 0.000000 0.000000 0.000000 0.000000 0.000000 0.000000 0.000000 0.000000 0.000000 0.000000 0.000000 0.000000 0.000000 0.000000 0.000000 0.000000 0.000000 0.000000 0.000000 0.000000 0.000000 0.000000 0.000000 0.000000 0.000000 0.000000 0.000000 0.000000 0.000000 0.000000 0.000000 0.000000 0.000000 0.000000 0.000000 -0.708702 -14.545656 3.199047 24.920038 -41.698227 20.257364 0.837174 -2.215651 57.800205 -21.833954 -3.622822 5.788397 0.000000 0.000000 0.000000 0.000000 0.000000 0.000000 0.000000 0.000000 0.000000 0.000000 0.000000 0.000000 0.000000 0.000000 0.000000 0.000000 0.000000 0.000000 0.000000 0.000000 0.000000 0.000000 0.000000 0.000000 0.000000 0.000000 0.000000 0.000000 0.000000 0.000000 0.000000 0.000000 0.000000 0.000000 0.000000 0.000000 0.000000 0.000000 0.000000 0.000000 0.000000 0.000000
-0.089237 -0.156979 1.460962 -6.496640 1.208199 -8.223568 -0.551387 0.776204 0.876978 9.355930 1.009599 -6.624308 -6.460708 4.703259 6.918964 2.454273 -3.814391 1.125041 -1.728417 0.614129 -1.947951 11.858794 0.887088 1.235309 -6.610084 -2.552338 -6.928916 1.130646 -3.164929 -1.936345 6.945285 -0.041236 2.047760 4.832872 -2.331348 -2.675539 -3.207454 2.119902 0.277839 1.685477 1.499686 3.284512 7.904848 -0.263793 3.460746 1.532564 19.072496 -1.228012 15.223113 35.195175 -19.289459 11.978496 0.654521 -50.690283 -12.108839 -5.198515 -10.110923 0.000000 0.000000 0.000000 0.000000 0.000000 0.000000 0.000000 0.000000 0.000000 0.000000 0.000000 0.000000 0.000000 0.000000 0.000000 0.000000 0.000000 0.000000 0.000000 0.000000 0.000000 0.000000 0.000000 0.000000 0.000000 0.000000 0.000000 0.000000 0.000000 0.000000 0.000000 0.000000 0.000000 0.000000 0.000000 0.000000 0.000000 0.000000 0.000000 0.000000 0.000000 0.000000 -0.528771 -14.579113 3.019087 25.162404 -42.141501 20.145728 1.166725 -2.178935 56.831105 -21.197130 -3.588227 5.747124 0.000000 0.000000 0.000000 0.000000 0.000000 0.000000 0.000000 0.000000 0.000000 0.000000 0.000000 0.000000 0.000000 0.000000 0.000000 0.000000 0.000000 0.000000 0.000000 0.000000 0.000000 0.000000 0.000000 0.000000 0.000000 0.000000 0.000000 0.000000 0.000000 0.000000 0.000000 0.000000 0.000000 0.000000 0.000000 0.000000 0.000000 0.000000 0.000000 0.000000 0.000000 0.000000
-0.087959 -0.157359 1.461242 -6.651252 1.114025 -7.592039 -0.314449 0.717496 0.840515 9.220097 0.927462 -6.798000 -6.353834 4.668196 6.968392 2.479702 -3.737958 1.137278 -1.237459 0.435160 -2.001702 11.405998 0.859333 1.024806 -6.424463 -2.420516 -6.951522 1.117387 -3.174733 -1.957141 6.811170 -0.153372 2.085117 4.766919 -2.261830 -2.559974 -3.216457 2.129405 0.311310 1.777954 1.532305 3.244376 7.772728 -0.182715 3.449540 1.666530 19.246948 -0.869821 15.381660 35.695739 -19.036074 12.273431 0.595600 -49.698887 -11.556203 -5.126803 -10.030937 0.000000 0.000000 0.000000 0.000000 0.000000 0.000000 0.000000 0.000000 0.000000 0.000000 0.000000 0.000000 0.000000 0.000000 0.000000 0.000000 0.000000 0.000000 0.000000 0.000000 0.000000 0.000000 0.000000 0.000000 0.000000 0.000000 0.000000 0.000000 0.000000 0.000000 0.000000 0.000000 0.000000 0.000000 0.000000 0.000000 0.000000 0.000000 0.000000 0.000000 0.000000 0.000000 -0.432843 -14.573491 2.893123 25.484845 -42.678014 20.351286 1.396037 -2.079168 55.465565 -20.648093 -3.425215 5.734106 0.000000 0.000000 0.000000 0.000000 0.000000 0.000000 0.000000 0.000000 0.000000 0.000000 0.000000 0.000000 0.000000 0.000000 0.000000 0.000000 0.000000 0.000000 0.000000 0.000000 0.000000 0.000000 0.000000 0.000000 0.000000 0.000000 0.000000 0.000000 0.000000 0.000000 0.000000 0.000000 0.000000 0.000000 0.000000 0.000000 0.000000 0.000000 0.000000 0.000000 0.000000 0.000000
-0.086170 -0.157141 1.461461 -6.689382 0.915661 -6.884050 -0.162085 0.741575 0.725202 9.039837 0.865026 -6.924461 -6.214484 4.653079 6.952496 2.487572 -3.698958 1.176258 -0.899265 0.348640 -2.051916 11.022767 0.871306 0.868412 -6.327462 -2.369590 -7.072829 1.100388 -3.199732 -1.977330 6.555347 -0.210548 2.165844 4.681126 -2.165943 -2.453622 -3.156262 2.210569 0.355203 1.976809 1.515837 3.227401 7.783370 -0.076098 3.421956 1.805001 19.326412 -0.463899 15.629675 35.996338 -18.852377 12.745751 0.641675 -48.869582 -11.238453 -4.962873 -9.982420 0.000000 0.000000 0.000000 0.000000 0.000000 0.000000 0.000000 0.000000 0.000000 0.000000 0.000000 0.000000 0.000000 0.000000 0.000000 0.000000 0.000000 0.000000 0.000000 0.000000 0.000000 0.000000 0.000000 0.000000 0.000000 0.000000 0.000000 0.000000 0.000000 0.000000 0.000000 0.000000 0.000000 0.000000 0.000000 0.000000 0.000000 0.000000 0.000000 0.000000 0.000000 0.000000 -0.323956 -14.597506 2.664955 25.900689 -43.209137 20.579212 1.560409 -2.049289 54.367435 -20.090125 -3.225325 5.683819 0.000000 0.000000 0.000000 0.000000 0.000000 0.000000 0.000000 0.000000 0.000000 0.000000 0.000000 0.000000 0.000000 0.000000 0.000000 0.000000 0.000000 0.000000 0.000000 0.000000 0.000000 0.000000 0.000000 0.000000 0.000000 0.000000 0.000000 0.000000 0.000000 0.000000 0.000000 0.000000 0.000000 0.000000 0.000000 0.000000 0.000000 0.000000 0.000000 0.000000 0.000000 0.000000
-0.083815 -0.156310 1.461679 -6.615131 0.605765 -6.124279 0.099406 0.707671 0.731665 8.432428 0.909479 -6.937854 -5.785880 4.830512 6.554105 2.560031 -3.554627 1.210177 -0.405796 0.333825 -2.216381 10.123508 0.900740 0.690244 -6.001583 -2.231895 -7.169499 1.098487 -3.272153 -2.056936 6.238407 -0.260255 2.219972 4.563355 -2.087976 -2.362965 -3.132100 2.213202 0.335620 2.158794 1.677506 3.135829 7.751175 0.090715 3.427375 2.027007 19.535860 0.085212 15.940004 36.609464 -18.571601 13.096119 0.541237 -47.795951 -10.430892 -4.796669 -9.770943 0.000000 0.000000 0.000000 0.000000 0.000000 0.000000 0.000000 0.000000 0.000000 0.000000 0.000000 0.000000 0.000000 0.000000 0.000000 0.000000 0.000000 0.000000 0.000000 0.000000 0.000000 0.000000 0.000000 0.000000 0.000000 0.000000 0.000000 0.000000 0.000000 0.000000 0.000000 0.000000 0.000000 0.000000 0.000000 0.000000 0.000000 0.000000 0.000000 0.000000 0.000000 0.000000 -0.351099 -14.314307 2.384843 26.489891 -44.172606 20.834534 1.666500 -1.846169 53.324285 -19.664379 -3.254357 5.346499 0.000000 0.000000 0.000000 0.000000 0.000000 0.000000 0.000000 0.000000 0.000000 0.000000 0.000000 0.000000 0.000000 0.000000 0.000000 0.000000 0.000000 0.000000 0.000000 0.000000 0.000000 0.000000 0.000000 0.000000 0.000000 0.000000 0.000000 0.000000 0.000000 0.000000 0.000000 0.000000 0.000000 0.000000 0.000000 0.000000 0.000000 0.000000 0.000000 0.000000 0.000000 0.000000
-0.083156 -0.155257 1.461815 -6.583949 0.583678 -5.579961 0.159064 0.632629 0.664350 8.418521 0.749679 -6.992993 -5.703449 4.756956 6.675725 2.579021 -3.519893 1.225918 -0.178703 0.170404 -2.183159 9.888454 0.838678 0.636908 -5.813224 -2.208964 -7.170321 1.060702 -3.287588 -2.059990 6.050625 -0.342840 2.227630 4.596316 -2.036895 -2.288625 -3.148236 2.256951 0.362593 2.331328 1.679563 3.014211 7.781016 0.065864 3.429449 2.195694 19.698045 0.338867 15.990352 36.914337 -18.237269 13.302882 0.520637 -47.132951 -10.095753 -4.749809 -9.672296 0.000000 0.000000 0.000000 0.000000 0.000000 0.000000 0.000000 0.000000 0.000000 0.000000 0.000000 0.000000 0.000000 0.000000 0.000000 0.000000 0.000000 0.000000 0.000000 0.000000 0.000000 0.000000 0.000000 0.000000 0.000000 0.000000 0.000000 0.000000 0.000000 0.000000 0.000000 0.000000 0.000000 0.000000 0.000000 0.000000 0.000000 0.000000 0.000000 0.000000 0.000000 0.000000 -0.130715 -14.411699 2.347301 26.633525 -44.493730 20.893470 1.923295 -1.759227 52.453430 -18.977384 -3.145916 5.427949 0.000000 0.000000 0.000000 0.000000 0.000000 0.000000 0.000000 0.000000 0.000000 0.000000 0.000000 0.000000 0.000000 0.000000 0.000000 0.000000 0.000000 0.000000 0.000000 0.000000 0.000000 0.000000 0.000000 0.000000 0.000000 0.000000 0.000000 0.000000 0.000000 0.000000 0.000000 0.000000 0.000000 0.000000 0.000000 0.000000 0.000000 0.000000 0.000000 0.000000 0.000000 0.000000
-0.079837 -0.155096 1.461942 -6.548848 0.464681 -4.930855 0.299142 0.557922 0.636418 8.112497 0.605120 -6.897552 -5.380980 4.757190 6.693849 2.634028 -3.399068 1.250069 0.163663 0.026813 -2.251271 9.319188 0.712963 0.467082 -5.546425 -2.157691 -7.190626 1.055444 -3.295545 -2.089486 5.729918 -0.413071 2.263734 4.538385 -1.972896 -2.202175 -3.133223 2.256335 0.381258 2.572521 1.798798 2.885339 7.798087 0.161515 3.538123 2.360259 19.834095 0.807545 16.295334 37.426031 -18.011748 13.522856 0.454475 -46.374374 -9.636854 -4.466123 -9.550320 0.000000 0.000000 0.000000 0.000000 0.000000 0.000000 0.000000 0.000000 0.000000 0.000000 0.000000 0.000000 0.000000 0.000000 0.000000 0.000000 0.000000 0.000000 0.000000 0.000000 0.000000 0.000000 0.000000 0.000000 0.000000 0.000000 0.000000 0.000000 0.000000 0.000000 0.000000 0.000000 0.000000 0.000000 0.000000 0.000000 0.000000 0.000000 0.000000 0.000000 0.000000 0.000000 -0.053102 -14.300377 2.113107 27.047424 -45.088463 21.117838 2.161938 -1.715851 51.584218 -18.465873 -3.179061 5.228109 0.000000 0.000000 0.000000 0.000000 0.000000 0.000000 0.000000 0.000000 0.000000 0.000000 0.000000 0.000000 0.000000 0.000000 0.000000 0.000000 0.000000 0.000000 0.000000 0.000000 0.000000 0.000000 0.000000 0.000000 0.000000 0.000000 0.000000 0.000000 0.000000 0.000000 0.000000 0.000000 0.000000 0.000000 0.000000 0.000000 0.000000 0.000000 0.000000 0.000000 0.000000 0.000000
-0.077156 -0.154982 1.462018 -6.542190 0.298385 -4.245913 0.359494 0.578546 0.581155 8.008606 0.544833 -6.863931 -5.091357 4.726481 6.732904 2.668880 -3.318764 1.248693 0.466664 -0.044750 -2.265012 8.890806 0.714283 0.453081 -5.326196 -2.085018 -7.295876 1.032394 -3.297724 -2.098463 5.552301 -0.434341 2.311682 4.490274 -1.928194 -2.117893 -3.155203 2.274526 0.381164 2.739987 1.846473 2.672609 7.703218 0.206674 3.496212 2.481947 20.000148 1.223156 16.519915 37.982396 -17.927666 13.597774 0.314421 -45.423209 -8.839135 -4.453504 -9.381759 0.000000 0.000000 0.000000 0.000000 0.000000 0.000000 0.000000 0.000000 0.000000 0.000000 0.000000 0.000000 0.000000 0.000000 0.000000 0.000000 0.000000 0.000000 0.000000 0.000000 0.000000 0.000000 0.000000 0.000000 0.000000 0.000000 0.000000 0.000000 0.000000 0.000000 0.000000 0.000000 0.000000 0.000000 0.000000 0.000000 0.000000 0.000000 0.000000 0.000000 0.000000 0.000000 0.064642 -14.234330 1.937616 27.358763 -45.724396 21.392105 2.143597 -1.602604 50.337473 -17.733379 -3.051011 5.114148 0.000000 0.000000 0.000000 0.000000 0.000000 0.000000 0.000000 0.000000 0.000000 0.000000 0.000000 0.000000 0.000000 0.000000 0.000000 0.000000 0.000000 0.000000 0.000000 0.000000 0.000000 0.000000 0.000000 0.000000 0.000000 0.000000 0.000000 0.000000 0.000000 0.000000 0.000000 0.000000 0.000000 0.000000 0.000000 0.000000 0.000000 0.000000 0.000000 0.000000 0.000000 0.000000
-0.074326 -0.155455 1.462021 -6.549213 0.156296 -3.561139 0.378681 0.562144 0.576974 8.001413 0.494056 -6.779626 -4.827785 4.733897 6.717327 2.688489 -3.249080 1.258397 0.746035 -0.131878 -2.317477 8.471270 0.680887 0.393357 -5.103400 -2.010314 -7.377964 1.011629 -3.293177 -2.124787 5.403718 -0.496583 2.350942 4.469746 -1.905642 -2.057661 -3.192452 2.270869 0.382438 2.861672 1.964461 2.627181 7.724683 0.324070 3.629745 2.620148 20.262972 1.593122 16.600395 38.493929 -17.664308 13.618274 0.246516 -44.395276 -8.179639 -4.286720 -9.246465 0.000000 0.000000 0.000000 0.000000 0.000000 0.000000 0.000000 0.000000 0.000000 0.000000 0.000000 0.000000 0.000000 0.000000 0.000000 0.000000 0.000000 0.000000 0.000000 0.000000 0.000000 0.000000 0.000000 0.000000 0.000000 0.000000 0.000000 0.000000 0.000000 0.000000 0.000000 0.000000 0.000000 0.000000 0.000000 0.000000 0.000000 0.000000 0.000000 0.000000 0.000000 0.000000 0.126571 -14.299487 1.777170 27.583869 -46.175356 21.505072 2.223481 -1.454400 49.236562 -16.974239 -2.926399 4.992846 0.000000 0.000000 0.000000 0.000000 0.000000 0.000000 0.000000 0.000000 0.000000 0.000000 0.000000 0.000000 0.000000 0.000000 0.000000 0.000000 0.000000 0.000000 0.000000 0.000000 0.000000 0.000000 0.000000 0.000000 0.000000 0.000000 0.000000 0.000000 0.000000 0.000000 0.000000 0.000000 0.000000 0.000000 0.000000 0.000000 0.000000 0.000000 0.000000 0.000000 0.000000 0.000000
-0.072485 -0.156285 1.461989 -6.654938 0.091623 -2.642769 0.393713 0.451349 0.597420 8.226117 0.527397 -6.756110 -4.571832 4.663285 6.568228 2.700298 -3.205921 1.267584 1.026589 -0.232793 -2.362931 8.337388 0.558295 0.347593 -4.926118 -1.814227 -7.563065 1.028821 -3.298686 -2.134847 5.339140 -0.569337 2.433986 4.467065 -1.892017 -2.008904 -3.238621 2.252110 0.397239 3.014851 2.013100 2.529604 7.796469 0.385654 3.765520 2.729292 20.409995 1.848436 16.753534 39.199406 -17.787374 13.675536 0.151480 -42.753060 -7.336453 -4.320570 -9.070968 0.000000 0.000000 0.000000 0.000000 0.000000 0.000000 0.000000 0.000000 0.000000 0.000000 0.000000 0.000000 0.000000 0.000000 0.000000 0.000000 0.000000 0.000000 0.000000 0.000000 0.000000 0.000000 0.000000 0.000000 0.000000 0.000000 0.000000 0.000000 0.000000 0.000000 0.000000 0.000000 0.000000 0.000000 0.000000 0.000000 0.000000 0.000000 0.000000 0.000000 0.000000 0.000000 0.174698 -14.297514 1.645778 27.858113 -46.727157 21.797603 2.064431 -1.369794 47.527613 -16.156001 -2.664199 4.999796 0.000000 0.000000 0.000000 0.000000 0.000000 0.000000 0.000000 0.000000 0.000000 0.000000 0.000000 0.000000 0.000000 0.000000 0.000000 0.000000 0.000000 0.000000 0.000000 0.000000 0.000000 0.000000 0.000000 0.000000 0.000000 0.000000 0.000000 0.000000 0.000000 0.000000 0.000000 0.000000 0.000000 0.000000 0.000000 0.000000 0.000000 0.000000 0.000000 0.000000 0.000000 0.000000
-0.071197 -0.157571 1.461873 -6.729612 0.016864 -2.135007 0.419453 0.440867 0.591949 8.348899 0.568511 -6.668109 -4.393214 4.626973 6.648691 2.692343 -3.194450 1.258607 1.161155 -0.266941 -2.354433 8.248492 0.504887 0.333869 -4.810469 -1.756405 -7.603846 1.003867 -3.297972 -2.125417 5.287969 -0.623392 2.443767 4.453793 -1.881656 -1.975050 -3.201071 2.270972 0.398820 3.078270 2.039861 2.395855 7.770618 0.444666 3.750259 2.782157 20.498032 2.110557 16.861150 39.707941 -17.711217 13.743564 0.084582 -41.802914 -6.835112 -4.151289 -8.964119 0.000000 0.000000 0.000000 0.000000 0.000000 0.000000 0.000000 0.000000 0.000000 0.000000 0.000000 0.000000 0.000000 0.000000 0.000000 0.000000 0.000000 0.000000 0.000000 0.000000 0.000000 0.000000 0.000000 0.000000 0.000000 0.000000 0.000000 0.000000 0.000000 0.000000 0.000000 0.000000 0.000000 0.000000 0.000000 0.000000 0.000000 0.000000 0.000000 0.000000 0.000000 0.000000 0.208932 -14.365597 1.562812 28.001808 -47.035505 21.967703 2.113893 -1.241865 46.426318 -15.394359 -2.609856 4.989875 0.000000 0.000000 0.000000 0.000000 0.000000 0.000000 0.000000 0.000000 0.000000 0.000000 0.000000 0.000000 0.000000 0.000000 0.000000 0.000000 0.000000 0.000000 0.000000 0.000000 0.000000 0.000000 0.000000 0.000000 0.000000 0.000000 0.000000 0.000000 0.000000 0.000000 0.000000 0.000000 0.000000 0.000000 0.000000 0.000000 0.000000 0.000000 0.000000 0.000000 0.000000 0.000000
-0.069643 -0.158765 1.461750 -6.798158 -0.083605 -1.664067 0.526665 0.476670 0.591177 8.302950 0.590866 -6.527444 -4.204697 4.586703 6.709169 2.709041 -3.156971 1.269786 1.292749 -0.286207 -2.349489 8.150539 0.483318 0.285573 -4.730177 -1.738089 -7.610697 0.988661 -3.277195 -2.122729 5.232327 -0.656101 2.459793 4.414544 -1.872630 -1.962527 -3.191472 2.301496 0.375893 3.163696 2.061394 2.338905 7.770008 0.533912 3.714905 2.803852 20.630315 2.347624 16.940063 40.117296 -17.615348 13.852600 -0.027849 -40.880280 -6.349961 -3.987997 -8.798290 0.000000 0.000000 0.000000 0.000000 0.000000 0.000000 0.000000 0.000000 0.000000 0.000000 0.000000 0.000000 0.000000 0.000000 0.000000 0.000000 0.000000 0.000000 0.000000 0.000000 0.000000 0.000000 0.000000 0.000000 0.000000 0.000000 0.000000 0.000000 0.000000 0.000000 0.000000 0.000000 0.000000 0.000000 0.000000 0.000000 0.000000 0.000000 0.000000 0.000000 0.000000 0.000000 0.222979 -14.524509 1.473536 28.096260 -47.257559 22.051686 2.143632 -1.174141 45.389031 -14.722064 -2.520992 4.934586 0.000000 0.000000 0.000000 0.000000 0.000000 0.000000 0.000000 0.000000 0.000000 0.000000 0.000000 0.000000 0.000000 0.000000 0.000000 0.000000 0.000000 0.000000 0.000000 0.000000 0.000000 0.000000 0.000000 0.000000 0.000000 0.000000 0.000000 0.000000 0.000000 0.000000 0.000000 0.000000 0.000000 0.000000 0.000000 0.000000 0.000000 0.000000 0.000000 0.000000 0.000000 0.000000
-0.068924 -0.159586 1.461591 -6.825088 -0.142033 -1.067759 0.637330 0.468506 0.638342 8.155195 0.634478 -6.469464 -4.051305 4.569979 6.683560 2.713004 -3.128271 1.257954 1.456316 -0.305496 -2.332501 7.946310 0.409963 0.272577 -4.589152 -1.668032 -7.719918 0.978110 -3.255500 -2.110782 5.195622 -0.708966 2.457223 4.429708 -1.877828 -1.938874 -3.189852 2.316701 0.362262 3.188194 2.072888 2.268585 7.766990 0.605153 3.782724 2.835967 20.804548 2.546166 16.915435 40.553145 -17.471349 13.765666 -0.098972 -40.050863 -5.980189 -3.878921 -8.638047 0.000000 0.000000 0.000000 0.000000 0.000000 0.000000 0.000000 0.000000 0.000000 0.000000 0.000000 0.000000 0.000000 0.000000 0.000000 0.000000 0.000000 0.000000 0.000000 0.000000 0.000000 0.000000 0.000000 0.000000 0.000000 0.000000 0.000000 0.000000 0.000000 0.000000 0.000000 0.000000 0.000000 0.000000 0.000000 0.000000 0.000000 0.000000 0.000000 0.000000 0.000000 0.000000 0.279141 -14.648742 1.356346 28.111402 -47.471878 22.035721 2.104297 -1.021727 44.449576 -13.965593 -2.422594 4.917246 0.000000 0.000000 0.000000 0.000000 0.000000 0.000000 0.000000 0.000000 0.000000 0.000000 0.000000 0.000000 0.000000 0.000000 0.000000 0.000000 0.000000 0.000000 0.000000 0.000000 0.000000 0.000000 0.000000 0.000000 0.000000 0.000000 0.000000 0.000000 0.000000 0.000000 0.000000 0.000000 0.000000 0.000000 0.000000 0.000000 0.000000 0.000000 0.000000 0.000000 0.000000 0.000000
-0.067941 -0.160689 1.461450 -6.872635 -0.187019 -0.671254 0.762608 0.511042 0.603413 8.018042 0.554062 -6.515383 -3.950883 4.508720 6.757335 2.736215 -3.119613 1.247085 1.559630 -0.366897 -2.263572 7.844715 0.399574 0.285774 -4.504430 -1.612011 -7.762939 0.974417 -3.243834 -2.111723 5.186320 -0.748063 2.454251 4.433442 -1.899223 -1.929540 -3.220744 2.328020 0.364549 3.207888 2.132640 2.183010 7.687001 0.676312 3.734569 2.868219 20.945791 2.738665 16.895723 41.038836 -17.371891 13.627666 -0.184167 -39.068432 -5.588354 -3.838071 -8.464937 0.000000 0.000000 0.000000 0.000000 0.000000 0.000000 0.000000 0.000000 0.000000 0.000000 0.000000 0.000000 0.000000 0.000000 0.000000 0.000000 0.000000 0.000000 0.000000 0.000000 0.000000 0.000000 0.000000 0.000000 0.000000 0.000000 0.000000 0.000000 0.000000 0.000000 0.000000 0.000000 0.000000 0.000000 0.000000 0.000000 0.000000 0.000000 0.000000 0.000000 0.000000 0.000000 0.270200 -14.723270 1.254918 28.146291 -47.743186 22.084774 2.121649 -0.894408 43.544237 -13.345587 -2.215605 4.897618 0.000000 0.000000 0.000000 0.000000 0.000000 0.000000 0.000000 0.000000 0.000000 0.000000 0.000000 0.000000 0.000000 0.000000 0.000000 0.000000 0.000000 0.000000 0.000000 0.000000 0.000000 0.000000 0.000000 0.000000 0.000000 0.000000 0.000000 0.000000 0.000000 0.000000 0.000000 0.000000 0.000000 0.000000 0.000000 0.000000 0.000000 0.000000 0.000000 0.000000 0.000000 0.000000
-0.067123 -0.160733 1.461302 -6.914642 -0.220924 -0.375878 0.944869 0.499303 0.604929 7.878734 0.552759 -6.523431 -3.860799 4.443130 6.736054 2.740319 -3.100442 1.242580 1.759888 -0.393586 -2.247024 7.640025 0.353687 0.318405 -4.414142 -1.568898 -7.723124 0.966702 -3.274363 -2.131282 5.163855 -0.782197 2.462068 4.481458 -1.909650 -1.914754 -3.252297 2.333944 0.337284 3.243266 2.232227 2.132432 7.610426 0.770155 3.736802 2.994407 21.116668 2.927010 16.785140 41.674886 -17.319515 13.154153 -0.288906 -37.945373 -5.198816 -3.863083 -8.332749 0.000000 0.000000 0.000000 0.000000 0.000000 0.000000 0.000000 0.000000 0.000000 0.000000 0.000000 0.000000 0.000000 0.000000 0.000000 0.000000 0.000000 0.000000 0.000000 0.000000 0.000000 0.000000 0.000000 0.000000 0.000000 0.000000 0.000000 0.000000 0.000000 0.000000 0.000000 0.000000 0.000000 0.000000 0.000000 0.000000 0.000000 0.000000 0.000000 0.000000 0.000000 0.000000 0.314320 -14.725038 1.181378 28.265440 -48.099043 22.211823 2.098165 -0.681085 42.706477 -12.719553 -1.942361 4.849904 0.000000 0.000000 0.000000 0.000000 0.000000 0.000000 0.000000 0.000000 0.000000 0.000000 0.000000 0.000000 0.000000 0.000000 0.000000 0.000000 0.000000 0.000000 0.000000 0.000000 0.000000 0.000000 0.000000 0.000000 0.000000 0.000000 0.000000 0.000000 0.000000 0.000000 0.000000 0.000000 0.000000 0.000000 0.000000 0.000000 0.000000 0.000000 0.000000 0.000000 0.000000 0.000000
-0.066899 -0.160813 1.461132 -6.927014 -0.237522 -0.195049 1.138052 0.514770 0.592790 7.623271 0.544940 -6.567610 -3.759141 4.375141 6.798848 2.776252 -3.066597 1.242301 1.865579 -0.405602 -2.187779 7.499414 0.331616 0.373245 -4.334817 -1.584337 -7.694198 0.969540 -3.248149 -2.133502 5.077578 -0.816458 2.434359 4.530473 -1.925308 -1.896883 -3.284273 2.340827 0.324478 3.307475 2.291212 1.988579 7.542543 0.801854 3.676231 3.066902 21.239173 3.112479 16.782921 42.100403 -17.249978 12.926755 -0.315145 -37.155560 -5.029562 -3.740915 -8.227806 0.000000 0.000000 0.000000 0.000000 0.000000 0.000000 0.000000 0.000000 0.000000 0.000000 0.000000 0.000000 0.000000 0.000000 0.000000 0.000000 0.000000 0.000000 0.000000 0.000000 0.000000 0.000000 0.000000 0.000000 0.000000 0.000000 0.000000 0.000000 0.000000 0.000000 0.000000 0.000000 0.000000 0.000000 0.000000 0.000000 0.000000 0.000000 0.000000 0.000000 0.000000 0.000000 0.341621 -14.728461 1.100528 28.336341 -48.341627 22.284276 2.063456 -0.584255 42.009290 -12.343135 -1.894970 4.807585 0.000000 0.000000 0.000000 0.000000 0.000000 0.000000 0.000000 0.000000 0.000000 0.000000 0.000000 0.000000 0.000000 0.000000 0.000000 0.000000 0.000000 0.000000 0.000000 0.000000 0.000000 0.000000 0.000000 0.000000 0.000000 0.000000 0.000000 0.000000 0.000000 0.000000 0.000000 0.000000 0.000000 0.000000 0.000000 0.000000 0.000000 0.000000 0.000000 0.000000 0.000000 0.000000
-0.067641 -0.159983 1.460959 -6.935066 -0.200931 -0.062079 1.251934 0.524222 0.555966 7.593509 0.524406 -6.669677 -3.766848 4.279909 6.909006 2.780803 -3.058586 1.220074 1.919298 -0.413145 -2.138641 7.535439 0.295913 0.428855 -4.300856 -1.606064 -7.611154 0.949609 -3.218745 -2.126223 5.038172 -0.860380 2.411734 4.609397 -1.947304 -1.869029 -3.336477 2.356985 0.323063 3.415732 2.321638 1.863550 7.468301 0.803275 3.561376 3.143440 21.353093 3.264046 16.748103 42.493950 -17.148393 12.794084 -0.381109 -36.476136 -4.839729 -3.637598 -8.093407 0.000000 0.000000 0.000000 0.000000 0.000000 0.000000 0.000000 0.000000 0.000000 0.000000 0.000000 0.000000 0.000000 0.000000 0.000000 0.000000 0.000000 0.000000 0.000000 0.000000 0.000000 0.000000 0.000000 0.000000 0.000000 0.000000 0.000000 0.000000 0.000000 0.000000 0.000000 0.000000 0.000000 0.000000 0.000000 0.000000 0.000000 0.000000 0.000000 0.000000 0.000000 0.000000 0.422418 -14.743320 1.033163 28.286041 -48.534226 22.255820 2.132383 -0.436812 41.304601 -11.928305 -1.908380 4.785819 0.000000 0.000000 0.000000 0.000000 0.000000 0.000000 0.000000 0.000000 0.000000 0.000000 0.000000 0.000000 0.000000 0.000000 0.000000 0.000000 0.000000 0.000000 0.000000 0.000000 0.000000 0.000000 0.000000 0.000000 0.000000 0.000000 0.000000 0.000000 0.000000 0.000000 0.000000 0.000000 0.000000 0.000000 0.000000 0.000000 0.000000 0.000000 0.000000 0.000000 0.000000 0.000000
-0.068313 -0.159846 1.460820 -6.985318 -0.161305 0.038134 1.388128 0.521502 0.535710 7.534137 0.504751 -6.793761 -3.763243 4.207426 7.000886 2.785020 -3.054241 1.188189 1.972958 -0.426814 -2.081052 7.587774 0.267984 0.510919 -4.257429 -1.624968 -7.518442 0.930185 -3.199030 -2.119086 5.037909 -0.884417 2.367910 4.640312 -1.957599 -1.837880 -3.348639 2.374559 0.309515 3.488389 2.315046 1.753828 7.450436 0.809234 3.446672 3.165014 21.449588 3.439904 16.661763 42.871982 -17.028447 12.627393 -0.473193 -35.846766 -4.680084 -3.569398 -7.942894 0.000000 0.000000 0.000000 0.000000 0.000000 0.000000 0.000000 0.000000 0.000000 0.000000 0.000000 0.000000 0.000000 0.000000 0.000000 0.000000 0.000000 0.000000 0.000000 0.000000 0.000000 0.000000 0.000000 0.000000 0.000000 0.000000 0.000000 0.000000 0.000000 0.000000 0.000000 0.000000 0.000000 0.000000 0.000000 0.000000 0.000000 0.000000 0.000000 0.000000 0.000000 0.000000 0.428503 -14.751470 0.948590 28.286805 -48.775005 22.311946 2.112222 -0.291572 40.601896 -11.565755 -1.944014 4.726701 0.000000 0.000000 0.000000 0.000000 0.000000 0.000000 0.000000 0.000000 0.000000 0.000000 0.000000 0.000000 0.000000 0.000000 0.000000 0.000000 0.000000 0.000000 0.000000 0.000000 0.000000 0.000000 0.000000 0.000000 0.000000 0.000000 0.000000 0.000000 0.000000 0.000000 0.000000 0.000000 0.000000 0.000000 0.000000 0.000000 0.000000 0.000000 0.000000 0.000000 0.000000 0.000000
-0.069050 -0.159753 1.460679 -7.030584 -0.140118 0.106001 1.523139 0.566826 0.473231 7.437962 0.469855 -6.958686 -3.721801 4.099829 7.134967 2.800724 -3.027742 1.175196 2.041190 -0.422940 -1.988273 7.582013 0.266707 0.613082 -4.209847 -1.666221 -7.467996 0.918625 -3.162869 -2.117713 5.001351 -0.901007 2.338865 4.722531 -1.975690 -1.808824 -3.393305 2.372136 0.300509 3.606106 2.343424 1.605424 7.441294 0.815141 3.379820 3.262314 21.538332 3.499840 16.647319 43.225310 -17.005600 12.441183 -0.563747 -35.208177 -4.433876 -3.516917 -7.849434 0.000000 0.000000 0.000000 0.000000 0.000000 0.000000 0.000000 0.000000 0.000000 0.000000 0.000000 0.000000 0.000000 0.000000 0.000000 0.000000 0.000000 0.000000 0.000000 0.000000 0.000000 0.000000 0.000000 0.000000 0.000000 0.000000 0.000000 0.000000 0.000000 0.000000 0.000000 0.000000 0.000000 0.000000 0.000000 0.000000 0.000000 0.000000 0.000000 0.000000 0.000000 0.000000 0.479702 -14.731308 0.946568 28.272343 -48.981216 22.371549 2.022731 -0.190127 39.887562 -11.265166 -2.000893 4.692869 0.000000 0.000000 0.000000 0.000000 0.000000 0.000000 0.000000 0.000000 0.000000 0.000000 0.000000 0.000000 0.000000 0.000000 0.000000 0.000000 0.000000 0.000000 0.000000 0.000000 0.000000 0.000000 0.000000 0.000000 0.000000 0.000000 0.000000 0.000000 0.000000 0.000000 0.000000 0.000000 0.000000 0.000000 0.000000 0.000000 0.000000 0.000000 0.000000 0.000000 0.000000 0.000000
-0.070031 -0.159033 1.460510 -7.054568 -0.087780 -0.030064 1.699477 0.609655 0.438793 7.305438 0.421914 -7.078282 -3.739479 3.991351 7.306787 2.820882 -3.024598 1.160752 2.084092 -0.420129 -1.900916 7.599395 0.285316 0.769398 -4.197950 -1.773331 -7.296481 0.927557 -3.149400 -2.118266 4.983526 -0.913287 2.310405 4.753078 -1.985705 -1.796328 -3.439522 2.362957 0.267488 3.739730 2.384958 1.524128 7.447753 0.893646 3.299655 3.380884 21.554373 3.612529 16.632272 43.739705 -17.110037 12.149117 -0.624243 -34.195415 -4.269281 -3.535888 -7.704817 0.000000 0.000000 0.000000 0.000000 0.000000 0.000000 0.000000 0.000000 0.000000 0.000000 0.000000 0.000000 0.000000 0.000000 0.000000 0.000000 0.000000 0.000000 0.000000 0.000000 0.000000 0.000000 0.000000 0.000000 0.000000 0.000000 0.000000 0.000000 0.000000 0.000000 0.000000 0.000000 0.000000 0.000000 0.000000 0.000000 0.000000 0.000000 0.000000 0.000000 0.000000 0.000000 0.484131 -14.620475 0.914896 28.386445 -49.258800 22.637330 1.955889 -0.104464 39.084782 -11.086651 -1.905822 4.612306 0.000000 0.000000 0.000000 0.000000 0.000000 0.000000 0.000000 0.000000 0.000000 0.000000 0.000000 0.000000 0.000000 0.000000 0.000000 0.000000 0.000000 0.000000 0.000000 0.000000 0.000000 0.000000 0.000000 0.000000 0.000000 0.000000 0.000000 0.000000 0.000000 0.000000 0.000000 0.000000 0.000000 0.000000 0.000000 0.000000 0.000000 0.000000 0.000000 0.000000 0.000000 0.000000
-0.071183 -0.158598 1.460343 -7.090630 -0.028929 -0.086517 1.882684 0.640337 0.411547 7.135774 0.384015 -7.182669 -3.745541 3.889527 7.432933 2.840316 -3.000208 1.154465 2.101598 -0.412507 -1.856140 7.670201 0.272305 0.835704 -4.205900 -1.887516 -7.147709 0.918668 -3.122225 -2.110134 4.928484 -0.934295 2.268060 4.784027 -1.998577 -1.782737 -3.442363 2.355769 0.245339 3.854328 2.405005 1.434267 7.452764 0.924187 3.242461 3.467138 21.593064 3.685904 16.620000 44.073820 -17.118032 12.058760 -0.636881 -33.545112 -4.227558 -3.390374 -7.623005 0.000000 0.000000 0.000000 0.000000 0.000000 0.000000 0.000000 0.000000 0.000000 0.000000 0.000000 0.000000 0.000000 0.000000 0.000000 0.000000 0.000000 0.000000 0.000000 0.000000 0.000000 0.000000 0.000000 0.000000 0.000000 0.000000 0.000000 0.000000 0.000000 0.000000 0.000000 0.000000 0.000000 0.000000 0.000000 0.000000 0.000000 0.000000 0.000000 0.000000 0.000000 0.000000 0.520741 -14.558722 0.889511 28.412592 -49.444171 22.705526 1.940558 -0.022131 38.558374 -10.948454 -1.924786 4.588930 0.000000 0.000000 0.000000 0.000000 0.000000 0.000000 0.000000 0.000000 0.000000 0.000000 0.000000 0.000000 0.000000 0.000000 0.000000 0.000000 0.000000 0.000000 0.000000 0.000000 0.000000 0.000000 0.000000 0.000000 0.000000 0.000000 0.000000 0.000000 0.000000 0.000000 0.000000 0.000000 0.000000 0.000000 0.000000 0.000000 0.000000 0.000000 0.000000 0.000000 0.000000 0.000000
-0.072458 -0.157427 1.460167 -7.114724 0.037153 -0.170251 2.071756 0.677097 0.395528 7.012432 0.335441 -7.272682 -3.782506 3.773576 7.545125 2.854099 -2.992537 1.146950 2.110211 -0.388173 -1.854004 7.808855 0.244458 0.917479 -4.252064 -1.995969 -6.957956 0.912859 -3.111127 -2.110242 4.902477 -0.965052 2.237516 4.795404 -2.008665 -1.771031 -3.423798 2.347840 0.223648 3.954159 2.426024 1.408830 7.486138 0.983026 3.236537 3.564215 21.653522 3.755717 16.560925 44.429334 -17.132540 11.923641 -0.653997 -32.811346 -4.129664 -3.293088 -7.531704 0.000000 0.000000 0.000000 0.000000 0.000000 0.000000 0.000000 0.000000 0.000000 0.000000 0.000000 0.000000 0.000000 0.000000 0.000000 0.000000 0.000000 0.000000 0.000000 0.000000 0.000000 0.000000 0.000000 0.000000 0.000000 0.000000 0.000000 0.000000 0.000000 0.000000 0.000000 0.000000 0.000000 0.000000 0.000000 0.000000 0.000000 0.000000 0.000000 0.000000 0.000000 0.000000 0.561502 -14.516559 0.838165 28.411444 -49.665531 22.728621 1.865339 0.126774 38.068468 -10.770206 -1.894536 4.560490 0.000000 0.000000 0.000000 0.000000 0.000000 0.000000 0.000000 0.000000 0.000000 0.000000 0.000000 0.000000 0.000000 0.000000 0.000000 0.000000 0.000000 0.000000 0.000000 0.000000 0.000000 0.000000 0.000000 0.000000 0.000000 0.000000 0.000000 0.000000 0.000000 0.000000 0.000000 0.000000 0.000000 0.000000 0.000000 0.000000 0.000000 0.000000 0.000000 0.000000 0.000000 0.000000
-0.073944 -0.155736 1.459946 -7.088521 0.123947 -0.254335 2.234061 0.693994 0.401238 6.867961 0.286894 -7.317799 -3.854307 3.689444 7.616463 2.869251 -2.997204 1.139427 2.114955 -0.378946 -1.834287 7.879022 0.217008 0.998399 -4.279853 -2.117678 -6.774800 0.922983 -3.106104 -2.111439 4.901894 -1.021917 2.200128 4.786975 -2.016534 -1.769873 -3.383638 2.329914 0.197050 4.004160 2.444338 1.322255 7.523686 1.047861 3.165298 3.664813 21.704217 3.817432 16.515006 44.803144 -17.153952 11.767614 -0.694668 -32.180472 -4.048699 -3.232257 -7.469617 0.000000 0.000000 0.000000 0.000000 0.000000 0.000000 0.000000 0.000000 0.000000 0.000000 0.000000 0.000000 0.000000 0.000000 0.000000 0.000000 0.000000 0.000000 0.000000 0.000000 0.000000 0.000000 0.000000 0.000000 0.000000 0.000000 0.000000 0.000000 0.000000 0.000000 0.000000 0.000000 0.000000 0.000000 0.000000 0.000000 0.000000 0.000000 0.000000 0.000000 0.000000 0.000000 0.603453 -14.450308 0.798294 28.430422 -49.877018 22.782961 1.755283 0.289967 37.633416 -10.613156 -1.905579 4.536656 0.000000 0.000000 0.000000 0.000000 0.000000 0.000000 0.000000 0.000000 0.000000 0.000000 0.000000 0.000000 0.000000 0.000000 0.000000 0.000000 0.000000 0.000000 0.000000 0.000000 0.000000 0.000000 0.000000 0.000000 0.000000 0.000000 0.000000 0.000000 0.000000 0.000000 0.000000 0.000000 0.000000 0.000000 0.000000 0.000000 0.000000 0.000000 0.000000 0.000000 0.000000 0.000000
-0.075390 -0.154715 1.459777 -7.128555 0.194573 -0.392595 2.454717 0.731202 0.416116 6.723723 0.258210 -7.326769 -3.922316 3.596378 7.695444 2.874005 -3.001660 1.144062 2.152322 -0.345065 -1.834739 7.974375 0.210690 1.094839 -4.316386 -2.263674 -6.570272 0.920672 -3.092240 -2.112475 4.908731 -1.039512 2.167292 4.783959 -2.036397 -1.779204 -3.353073 2.336066 0.161928 4.131825 2.425366 1.286251 7.622816 1.119901 3.095564 3.778419 21.756637 3.879915 16.440285 45.085332 -17.136317 11.703483 -0.722513 -31.678644 -3.952066 -3.125479 -7.398129 0.000000 0.000000 0.000000 0.000000 0.000000 0.000000 0.000000 0.000000 0.000000 0.000000 0.000000 0.000000 0.000000 0.000000 0.000000 0.000000 0.000000 0.000000 0.000000 0.000000 0.000000 0.000000 0.000000 0.000000 0.000000 0.000000 0.000000 0.000000 0.000000 0.000000 0.000000 0.000000 0.000000 0.000000 0.000000 0.000000 0.000000 0.000000 0.000000 0.000000 0.000000 0.000000 0.630694 -14.438682 0.760008 28.415976 -50.042831 22.821758 1.635452 0.432088 37.272176 -10.488037 -1.884422 4.510082 0.000000 0.000000 0.000000 0.000000 0.000000 0.000000 0.000000 0.000000 0.000000 0.000000 0.000000 0.000000 0.000000 0.000000 0.000000 0.000000 0.000000 0.000000 0.000000 0.000000 0.000000 0.000000 0.000000 0.000000 0.000000 0.000000 0.000000 0.000000 0.000000 0.000000 0.000000 0.000000 0.000000 0.000000 0.000000 0.000000 0.000000 0.000000 0.000000 0.000000 0.000000 0.000000
-0.076832 -0.154459 1.459647 -7.209810 0.282863 -0.543958 2.684934 0.737143 0.481588 6.581669 0.222920 -7.321425 -4.006061 3.562566 7.730555 2.894598 -3.021260 1.140459 2.195938 -0.336824 -1.808395 8.076986 0.217784 1.205017 -4.323474 -2.409651 -6.349717 0.946019 -3.068097 -2.109278 4.952011 -1.051106 2.116144 4.787100 -2.075580 -1.798050 -3.379240 2.325234 0.128688 4.255614 2.362084 1.284471 7.691104 1.151674 3.060499 3.868681 21.812862 3.935443 16.351817 45.418235 -17.168440 11.571069 -0.781206 -31.072848 -3.847130 -2.993724 -7.357461 0.000000 0.000000 0.000000 0.000000 0.000000 0.000000 0.000000 0.000000 0.000000 0.000000 0.000000 0.000000 0.000000 0.000000 0.000000 0.000000 0.000000 0.000000 0.000000 0.000000 0.000000 0.000000 0.000000 0.000000 0.000000 0.000000 0.000000 0.000000 0.000000 0.000000 0.000000 0.000000 0.000000 0.000000 0.000000 0.000000 0.000000 0.000000 0.000000 0.000000 0.000000 0.000000 0.628300 -14.429657 0.728094 28.398308 -50.216415 22.949186 1.458667 0.572571 36.791783 -10.413852 -1.877965 4.507584 0.000000 0.000000 0.000000 0.000000 0.000000 0.000000 0.000000 0.000000 0.000000 0.000000 0.000000 0.000000 0.000000 0.000000 0.000000 0.000000 0.000000 0.000000 0.000000 0.000000 0.000000 0.000000 0.000000 0.000000 0.000000 0.000000 0.000000 0.000000 0.000000 0.000000 0.000000 0.000000 0.000000 0.000000 0.000000 0.000000 0.000000 0.000000 0.000000 0.000000 0.000000 0.000000
-0.077835 -0.155028 1.459545 -7.320472 0.347076 -0.669682 2.892125 0.737460 0.534032 6.449938 0.209218 -7.350093 -4.026957 3.499212 7.760776 2.906349 -3.037985 1.131359 2.183395 -0.322091 -1.773209 8.269120 0.208023 1.248880 -4.337919 -2.501746 -6.154058 0.955531 -3.050328 -2.099817 5.004652 -1.059926 2.091771 4.797063 -2.111542 -1.807677 -3.408585 2.323521 0.127678 4.420273 2.332138 1.301405 7.824217 1.179881 3.042066 3.926367 21.851697 3.987705 16.266985 45.636547 -17.217186 11.604381 -0.849687 -30.651693 -3.721502 -2.907823 -7.311811 0.000000 0.000000 0.000000 0.000000 0.000000 0.000000 0.000000 0.000000 0.000000 0.000000 0.000000 0.000000 0.000000 0.000000 0.000000 0.000000 0.000000 0.000000 0.000000 0.000000 0.000000 0.000000 0.000000 0.000000 0.000000 0.000000 0.000000 0.000000 0.000000 0.000000 0.000000 0.000000 0.000000 0.000000 0.000000 0.000000 0.000000 0.000000 0.000000 0.000000 0.000000 0.000000 0.620724 -14.434980 0.670070 28.343483 -50.356081 23.032191 1.397978 0.716255 36.446873 -10.327832 -1.912227 4.487776 0.000000 0.000000 0.000000 0.000000 0.000000 0.000000 0.000000 0.000000 0.000000 0.000000 0.000000 0.000000 0.000000 0.000000 0.000000 0.000000 0.000000 0.000000 0.000000 0.000000 0.000000 0.000000 0.000000 0.000000 0.000000 0.000000 0.000000 0.000000 0.000000 0.000000 0.000000 0.000000 0.000000 0.000000 0.000000 0.000000 0.000000 0.000000 0.000000 0.000000 0.000000 0.000000
-0.078533 -0.155142 1.459417 -7.392310 0.372785 -0.782722 3.127110 0.785470 0.596787 6.218313 0.173346 -7.282039 -4.045654 3.471069 7.728544 2.924248 -3.064123 1.137359 2.228340 -0.294747 -1.760142 8.302926 0.235334 1.267028 -4.335855 -2.588193 -5.969045 0.974280 -3.059247 -2.110120 5.054736 -1.074406 2.064534 4.744476 -2.127200 -1.835339 -3.347486 2.326349 0.120982 4.552711 2.274059 1.369017 8.015741 1.244295 3.068394 3.924342 21.839291 4.054662 16.211348 45.877890 -17.296896 11.571463 -0.856976 -30.200495 -3.704325 -2.777369 -7.309126 0.000000 0.000000 0.000000 0.000000 0.000000 0.000000 0.000000 0.000000 0.000000 0.000000 0.000000 0.000000 0.000000 0.000000 0.000000 0.000000 0.000000 0.000000 0.000000 0.000000 0.000000 0.000000 0.000000 0.000000 0.000000 0.000000 0.000000 0.000000 0.000000 0.000000 0.000000 0.000000 0.000000 0.000000 0.000000 0.000000 0.000000 0.000000 0.000000 0.000000 0.000000 0.000000 0.547177 -14.420202 0.594743 28.390914 -50.508113 23.170927 1.290680 0.858335 36.146517 -10.208394 -1.950511 4.478905 0.000000 0.000000 0.000000 0.000000 0.000000 0.000000 0.000000 0.000000 0.000000 0.000000 0.000000 0.000000 0.000000 0.000000 0.000000 0.000000 0.000000 0.000000 0.000000 0.000000 0.000000 0.000000 0.000000 0.000000 0.000000 0.000000 0.000000 0.000000 0.000000 0.000000 0.000000 0.000000 0.000000 0.000000 0.000000 0.000000 0.000000 0.000000 0.000000 0.000000 0.000000 0.000000
-0.078661 -0.155760 1.459344 -7.512758 0.367390 -0.855404 3.367251 0.812287 0.655340 6.039119 0.177127 -7.268293 -4.041273 3.447183 7.683884 2.942634 -3.086482 1.151978 2.298502 -0.271497 -1.744815 8.375460 0.265187 1.246620 -4.359208 -2.647581 -5.840806 0.985921 -3.074532 -2.113383 5.119826 -1.074874 2.043806 4.720500 -2.148760 -1.844677 -3.306737 2.342176 0.104433 4.716357 2.183166 1.423266 8.245713 1.311695 3.052291 3.949258 21.804042 4.106192 16.218656 46.047960 -17.422527 11.602083 -0.910679 -29.898709 -3.623898 -2.660517 -7.327955 0.000000 0.000000 0.000000 0.000000 0.000000 0.000000 0.000000 0.000000 0.000000 0.000000 0.000000 0.000000 0.000000 0.000000 0.000000 0.000000 0.000000 0.000000 0.000000 0.000000 0.000000 0.000000 0.000000 0.000000 0.000000 0.000000 0.000000 0.000000 0.000000 0.000000 0.000000 0.000000 0.000000 0.000000 0.000000 0.000000 0.000000 0.000000 0.000000 0.000000 0.000000 0.000000 0.495468 -14.439452 0.545464 28.444523 -50.646464 23.301699 1.110947 0.959952 35.913537 -10.119531 -1.983379 4.457891 0.000000 0.000000 0.000000 0.000000 0.000000 0.000000 0.000000 0.000000 0.000000 0.000000 0.000000 0.000000 0.000000 0.000000 0.000000 0.000000 0.000000 0.000000 0.000000 0.000000 0.000000 0.000000 0.000000 0.000000 0.000000 0.000000 0.000000 0.000000 0.000000 0.000000 0.000000 0.000000 0.000000 0.000000 0.000000 0.000000 0.000000 0.000000 0.000000 0.000000 0.000000 0.000000
-0.079838 -0.157340 1.459316 -7.666029 0.421629 -0.961962 3.522881 0.840991 0.711548 5.997701 0.155985 -7.223643 -4.063798 3.388686 7.655161 2.935469 -3.153225 1.153627 2.241907 -0.243995 -1.724241 8.649457 0.266821 1.202666 -4.342950 -2.688206 -5.656988 0.997813 -3.124538 -2.121741 5.196321 -1.069756 2.031431 4.651464 -2.160380 -1.869038 -3.240815 2.363614 0.095130 4.847862 2.134528 1.517675 8.438649 1.392008 3.069879 3.929205 21.783052 4.171281 16.173417 46.262298 -17.556006 11.620672 -0.966593 -29.595423 -3.607006 -2.528280 -7.306696 0.000000 0.000000 0.000000 0.000000 0.000000 0.000000 0.000000 0.000000 0.000000 0.000000 0.000000 0.000000 0.000000 0.000000 0.000000 0.000000 0.000000 0.000000 0.000000 0.000000 0.000000 0.000000 0.000000 0.000000 0.000000 0.000000 0.000000 0.000000 0.000000 0.000000 0.000000 0.000000 0.000000 0.000000 0.000000 0.000000 0.000000 0.000000 0.000000 0.000000 0.000000 0.000000 0.362674 -14.457187 0.458098 28.419960 -50.819230 23.404655 0.884221 1.111666 35.618379 -10.146525 -2.055922 4.438743 0.000000 0.000000 0.000000 0.000000 0.000000 0.000000 0.000000 0.000000 0.000000 0.000000 0.000000 0.000000 0.000000 0.000000 0.000000 0.000000 0.000000 0.000000 0.000000 0.000000 0.000000 0.000000 0.000000 0.000000 0.000000 0.000000 0.000000 0.000000 0.000000 0.000000 0.000000 0.000000 0.000000 0.000000 0.000000 0.000000 0.000000 0.000000 0.000000 0.000000 0.000000 0.000000
-0.080979 -0.158183 1.459247 -7.749117 0.487207 -1.096530 3.662220 0.876631 0.740908 5.894333 0.100544 -7.180380 -4.103555 3.346114 7.669524 2.925406 -3.171998 1.143599 2.174482 -0.243944 -1.708245 8.838290 0.293664 1.191658 -4.325044 -2.757771 -5.484052 1.009119 -3.160351 -2.124894 5.213204 -1.070022 2.013506 4.586909 -2.172888 -1.864702 -3.185508 2.393450 0.098168 5.033749 2.073131 1.547871 8.651377 1.409305 3.048264 3.877577 21.798824 4.335367 16.213494 46.444080 -17.681387 11.522725 -1.081633 -29.442963 -3.617844 -2.385132 -7.365658 0.000000 0.000000 0.000000 0.000000 0.000000 0.000000 0.000000 0.000000 0.000000 0.000000 0.000000 0.000000 0.000000 0.000000 0.000000 0.000000 0.000000 0.000000 0.000000 0.000000 0.000000 0.000000 0.000000 0.000000 0.000000 0.000000 0.000000 0.000000 0.000000 0.000000 0.000000 0.000000 0.000000 0.000000 0.000000 0.000000 0.000000 0.000000 0.000000 0.000000 0.000000 0.000000 0.257256 -14.487296 0.340588 28.428649 -50.955305 23.515245 0.620090 1.195930 35.375316 -10.185824 -2.152629 4.481195 0.000000 0.000000 0.000000 0.000000 0.000000 0.000000 0.000000 0.000000 0.000000 0.000000 0.000000 0.000000 0.000000 0.000000 0.000000 0.000000 0.000000 0.000000 0.000000 0.000000 0.000000 0.000000 0.000000 0.000000 0.000000 0.000000 0.000000 0.000000 0.000000 0.000000 0.000000 0.000000 0.000000 0.000000 0.000000 0.000000 0.000000 0.000000 0.000000 0.000000 0.000000 0.000000
-0.081412 -0.158631 1.459192 -7.832878 0.517837 -1.092300 3.786108 0.879275 0.782139 5.853293 0.069610 -7.216859 -4.134074 3.289019 7.604848 2.921408 -3.204560 1.137774 2.144606 -0.254831 -1.693575 9.040233 0.302114 1.186951 -4.331578 -2.735884 -5.406383 1.014260 -3.173922 -2.130806 5.313041 -1.096790 1.990898 4.572721 -2.197377 -1.862993 -3.168726 2.406419 0.104593 5.213679 2.013119 1.623072 8.866827 1.429754 3.068228 3.887007 21.823648 4.349682 16.181826 46.564262 -17.777370 11.558778 -1.178869 -29.253244 -3.511011 -2.272351 -7.418088 0.000000 0.000000 0.000000 0.000000 0.000000 0.000000 0.000000 0.000000 0.000000 0.000000 0.000000 0.000000 0.000000 0.000000 0.000000 0.000000 0.000000 0.000000 0.000000 0.000000 0.000000 0.000000 0.000000 0.000000 0.000000 0.000000 0.000000 0.000000 0.000000 0.000000 0.000000 0.000000 0.000000 0.000000 0.000000 0.000000 0.000000 0.000000 0.000000 0.000000 0.000000 0.000000 0.241257 -14.555455 0.308204 28.336362 -51.042669 23.525129 0.508506 1.331249 35.130577 -10.072777 -2.239344 4.548047 0.000000 0.000000 0.000000 0.000000 0.000000 0.000000 0.000000 0.000000 0.000000 0.000000 0.000000 0.000000 0.000000 0.000000 0.000000 0.000000 0.000000 0.000000 0.000000 0.000000 0.000000 0.000000 0.000000 0.000000 0.000000 0.000000 0.000000 0.000000 0.000000 0.000000 0.000000 0.000000 0.000000 0.000000 0.000000 0.000000 0.000000 0.000000 0.000000 0.000000 0.000000 0.000000
-0.081419 -0.159214 1.459152 -7.911498 0.521023 -1.102051 3.889839 0.882663 0.775191 5.822568 0.071923 -7.204438 -4.129531 3.246256 7.558374 2.920409 -3.213128 1.139517 2.125872 -0.273225 -1.663291 9.185410 0.340163 1.169500 -4.324865 -2.727147 -5.352332 0.998837 -3.163652 -2.139819 5.345060 -1.092412 1.979217 4.578321 -2.233407 -1.863582 -3.167123 2.452406 0.097584 5.397789 1.973971 1.615037 9.094697 1.486515 2.973301 3.891826 21.848380 4.389679 16.185696 46.601165 -17.814529 11.646229 -1.314221 -29.218835 -3.308542 -2.159811 -7.446541 0.000000 0.000000 0.000000 0.000000 0.000000 0.000000 0.000000 0.000000 0.000000 0.000000 0.000000 0.000000 0.000000 0.000000 0.000000 0.000000 0.000000 0.000000 0.000000 0.000000 0.000000 0.000000 0.000000 0.000000 0.000000 0.000000 0.000000 0.000000 0.000000 0.000000 0.000000 0.000000 0.000000 0.000000 0.000000 0.000000 0.000000 0.000000 0.000000 0.000000 0.000000 0.000000 0.215079 -14.646644 0.284896 28.294649 -51.096082 23.539870 0.527812 1.451382 34.968531 -9.940781 -2.320772 4.571097 0.000000 0.000000 0.000000 0.000000 0.000000 0.000000 0.000000 0.000000 0.000000 0.000000 0.000000 0.000000 0.000000 0.000000 0.000000 0.000000 0.000000 0.000000 0.000000 0.000000 0.000000 0.000000 0.000000 0.000000 0.000000 0.000000 0.000000 0.000000 0.000000 0.000000 0.000000 0.000000 0.000000 0.000000 0.000000 0.000000 0.000000 0.000000 0.000000 0.000000 0.000000 0.000000
-0.081447 -0.159460 1.459093 -7.951036 0.522819 -1.178329 3.954842 0.888808 0.777626 5.806198 0.092940 -7.198990 -4.108620 3.199977 7.545556 2.914131 -3.222378 1.127888 2.055527 -0.272006 -1.641109 9.349000 0.366997 1.158985 -4.320945 -2.746806 -5.269307 0.989023 -3.154573 -2.129221 5.340019 -1.074711 1.976928 4.611502 -2.258945 -1.856146 -3.196803 2.498137 0.106892 5.560909 1.951659 1.591757 9.274843 1.512218 2.912247 3.913829 21.883180 4.412489 16.228474 46.606055 -17.876567 11.725045 -1.444318 -29.148223 -3.122209 -2.057459 -7.487133 0.000000 0.000000 0.000000 0.000000 0.000000 0.000000 0.000000 0.000000 0.000000 0.000000 0.000000 0.000000 0.000000 0.000000 0.000000 0.000000 0.000000 0.000000 0.000000 0.000000 0.000000 0.000000 0.000000 0.000000 0.000000 0.000000 0.000000 0.000000 0.000000 0.000000 0.000000 0.000000 0.000000 0.000000 0.000000 0.000000 0.000000 0.000000 0.000000 0.000000 0.000000 0.000000 0.210280 -14.745834 0.266590 28.292388 -51.136548 23.578149 0.538942 1.587281 34.844848 -9.806599 -2.429581 4.586707 0.000000 0.000000 0.000000 0.000000 0.000000 0.000000 0.000000 0.000000 0.000000 0.000000 0.000000 0.000000 0.000000 0.000000 0.000000 0.000000 0.000000 0.000000 0.000000 0.000000 0.000000 0.000000 0.000000 0.000000 0.000000 0.000000 0.000000 0.000000 0.000000 0.000000 0.000000 0.000000 0.000000 0.000000 0.000000 0.000000 0.000000 0.000000 0.000000 0.000000 0.000000 0.000000
-0.082213 -0.160237 1.459051 -7.997026 0.564061 -1.215689 3.966520 0.892745 0.761711 5.838218 0.088005 -7.204050 -4.086719 3.156644 7.536514 2.914920 -3.208671 1.112219 1.957129 -0.282877 -1.583031 9.519792 0.390143 1.168691 -4.233275 -2.779664 -5.198294 0.980737 -3.136129 -2.121534 5.328610 -1.074179 1.973388 4.650750 -2.280762 -1.842611 -3.269528 2.533655 0.123295 5.738259 1.920527 1.538080 9.466952 1.498990 2.857894 3.920421 21.937583 4.414434 16.281277 46.619257 -17.962828 11.815566 -1.546017 -29.110650 -2.935825 -1.919850 -7.517666 0.000000 0.000000 0.000000 0.000000 0.000000 0.000000 0.000000 0.000000 0.000000 0.000000 0.000000 0.000000 0.000000 0.000000 0.000000 0.000000 0.000000 0.000000 0.000000 0.000000 0.000000 0.000000 0.000000 0.000000 0.000000 0.000000 0.000000 0.000000 0.000000 0.000000 0.000000 0.000000 0.000000 0.000000 0.000000 0.000000 0.000000 0.000000 0.000000 0.000000 0.000000 0.000000 0.222129 -14.813707 0.250159 28.232461 -51.126613 23.564899 0.595331 1.678598 34.718887 -9.743773 -2.598492 4.576623 0.000000 0.000000 0.000000 0.000000 0.000000 0.000000 0.000000 0.000000 0.000000 0.000000 0.000000 0.000000 0.000000 0.000000 0.000000 0.000000 0.000000 0.000000 0.000000 0.000000 0.000000 0.000000 0.000000 0.000000 0.000000 0.000000 0.000000 0.000000 0.000000 0.000000 0.000000 0.000000 0.000000 0.000000 0.000000 0.000000 0.000000 0.000000 0.000000 0.000000 0.000000 0.000000
-0.082535 -0.160621 1.458981 -8.012633 0.589056 -1.221827 3.992145 0.878350 0.782591 5.805955 0.092527 -7.199874 -4.058825 3.156330 7.484982 2.932977 -3.177439 1.089833 1.894951 -0.305515 -1.554521 9.598548 0.406044 1.141934 -4.160722 -2.810937 -5.139128 0.970990 -3.094769 -2.096165 5.318877 -1.068647 1.969780 4.736133 -2.327470 -1.851572 -3.391129 2.557465 0.139674 5.922789 1.904053 1.445030 9.577596 1.470707 2.806134 3.968397 21.973341 4.372675 16.355154 46.638428 -18.062388 11.888462 -1.660111 -29.049847 -2.739369 -1.865833 -7.567646 0.000000 0.000000 0.000000 0.000000 0.000000 0.000000 0.000000 0.000000 0.000000 0.000000 0.000000 0.000000 0.000000 0.000000 0.000000 0.000000 0.000000 0.000000 0.000000 0.000000 0.000000 0.000000 0.000000 0.000000 0.000000 0.000000 0.000000 0.000000 0.000000 0.000000 0.000000 0.000000 0.000000 0.000000 0.000000 0.000000 0.000000 0.000000 0.000000 0.000000 0.000000 0.000000 0.297498 -14.889081 0.268128 28.154830 -51.098277 23.562379 0.661339 1.761562 34.596861 -9.604355 -2.731913 4.613845 0.000000 0.000000 0.000000 0.000000 0.000000 0.000000 0.000000 0.000000 0.000000 0.000000 0.000000 0.000000 0.000000 0.000000 0.000000 0.000000 0.000000 0.000000 0.000000 0.000000 0.000000 0.000000 0.000000 0.000000 0.000000 0.000000 0.000000 0.000000 0.000000 0.000000 0.000000 0.000000 0.000000 0.000000 0.000000 0.000000 0.000000 0.000000 0.000000 0.000000 0.000000 0.000000
-0.083046 -0.160934 1.458915 -8.031682 0.635562 -1.220604 3.991862 0.838082 0.810584 5.845890 0.106940 -7.146022 -4.055333 3.164082 7.407381 2.941609 -3.150419 1.067972 1.874665 -0.341057 -1.534268 9.614510 0.403788 1.096430 -4.056933 -2.856287 -5.077472 0.960983 -3.062959 -2.073319 5.301587 -1.074214 1.962725 4.821167 -2.373323 -1.866782 -3.517802 2.568850 0.144539 6.078248 1.918879 1.382756 9.681241 1.458487 2.829536 4.043635 22.014718 4.297305 16.384879 46.690139 -18.138115 11.907357 -1.751751 -28.928244 -2.558522 -1.843817 -7.642720 0.000000 0.000000 0.000000 0.000000 0.000000 0.000000 0.000000 0.000000 0.000000 0.000000 0.000000 0.000000 0.000000 0.000000 0.000000 0.000000 0.000000 0.000000 0.000000 0.000000 0.000000 0.000000 0.000000 0.000000 0.000000 0.000000 0.000000 0.000000 0.000000 0.000000 0.000000 0.000000 0.000000 0.000000 0.000000 0.000000 0.000000 0.000000 0.000000 0.000000 0.000000 0.000000 0.379262 -14.941489 0.311373 28.083291 -51.065687 23.546980 0.731490 1.815539 34.472139 -9.451468 -2.806553 4.688242 0.000000 0.000000 0.000000 0.000000 0.000000 0.000000 0.000000 0.000000 0.000000 0.000000 0.000000 0.000000 0.000000 0.000000 0.000000 0.000000 0.000000 0.000000 0.000000 0.000000 0.000000 0.000000 0.000000 0.000000 0.000000 0.000000 0.000000 0.000000 0.000000 0.000000 0.000000 0.000000 0.000000 0.000000 0.000000 0.000000 0.000000 0.000000 0.000000 0.000000 0.000000 0.000000
-0.083580 -0.161744 1.458859 -8.063490 0.692923 -1.255747 3.972941 0.790806 0.857644 5.896322 0.113651 -7.125580 -4.039829 3.195748 7.370081 2.946453 -3.142028 1.028996 1.802008 -0.385538 -1.507294 9.692641 0.397463 1.047308 -3.941915 -2.898546 -5.000553 0.948974 -3.026341 -2.045545 5.305079 -1.090008 1.938753 4.914946 -2.429644 -1.881691 -3.662544 2.578193 0.155364 6.175043 1.947138 1.337429 9.750066 1.454580 2.851153 4.120458 22.068761 4.234898 16.395128 46.735752 -18.213185 11.920277 -1.851354 -28.833270 -2.380059 -1.830702 -7.705483 0.000000 0.000000 0.000000 0.000000 0.000000 0.000000 0.000000 0.000000 0.000000 0.000000 0.000000 0.000000 0.000000 0.000000 0.000000 0.000000 0.000000 0.000000 0.000000 0.000000 0.000000 0.000000 0.000000 0.000000 0.000000 0.000000 0.000000 0.000000 0.000000 0.000000 0.000000 0.000000 0.000000 0.000000 0.000000 0.000000 0.000000 0.000000 0.000000 0.000000 0.000000 0.000000 0.444578 -14.950913 0.343032 28.018498 -51.049490 23.568280 0.853951 1.886429 34.415315 -9.383079 -2.900510 4.765353 0.000000 0.000000 0.000000 0.000000 0.000000 0.000000 0.000000 0.000000 0.000000 0.000000 0.000000 0.000000 0.000000 0.000000 0.000000 0.000000 0.000000 0.000000 0.000000 0.000000 0.000000 0.000000 0.000000 0.000000 0.000000 0.000000 0.000000 0.000000 0.000000 0.000000 0.000000 0.000000 0.000000 0.000000 0.000000 0.000000 0.000000 0.000000 0.000000 0.000000 0.000000 0.000000
-0.083572 -0.161916 1.458772 -8.069514 0.699570 -1.276114 3.943660 0.772012 0.888267 5.970286 0.142043 -7.065632 -4.008971 3.227517 7.312803 2.936825 -3.130213 1.010731 1.774825 -0.384531 -1.522256 9.695001 0.377312 1.012844 -3.857916 -2.937372 -4.930617 0.932644 -3.011572 -2.031918 5.258889 -1.094268 1.937428 4.979003 -2.448642 -1.877260 -3.736838 2.598908 0.164074 6.260867 1.959524 1.326828 9.810002 1.448742 2.877926 4.162160 22.075673 4.202374 16.444736 46.745215 -18.286661 11.964915 -1.910601 -28.770838 -2.232770 -1.817789 -7.759346 0.000000 0.000000 0.000000 0.000000 0.000000 0.000000 0.000000 0.000000 0.000000 0.000000 0.000000 0.000000 0.000000 0.000000 0.000000 0.000000 0.000000 0.000000 0.000000 0.000000 0.000000 0.000000 0.000000 0.000000 0.000000 0.000000 0.000000 0.000000 0.000000 0.000000 0.000000 0.000000 0.000000 0.000000 0.000000 0.000000 0.000000 0.000000 0.000000 0.000000 0.000000 0.000000 0.501152 -14.968147 0.360057 27.987656 -51.050752 23.572380 0.983095 1.896698 34.353515 -9.255430 -2.921970 4.798447 0.000000 0.000000 0.000000 0.000000 0.000000 0.000000 0.000000 0.000000 0.000000 0.000000 0.000000 0.000000 0.000000 0.000000 0.000000 0.000000 0.000000 0.000000 0.000000 0.000000 0.000000 0.000000 0.000000 0.000000 0.000000 0.000000 0.000000 0.000000 0.000000 0.000000 0.000000 0.000000 0.000000 0.000000 0.000000 0.000000 0.000000 0.000000 0.000000 0.000000 0.000000 0.000000
-0.083669 -0.162096 1.458682 -8.083212 0.707720 -1.327113 3.933716 0.767645 0.891112 6.034335 0.168254 -7.059984 -3.986062 3.236720 7.319011 2.916919 -3.147477 1.004086 1.739349 -0.390046 -1.507569 9.737698 0.380021 1.002940 -3.798687 -2.970703 -4.884743 0.927796 -3.030033 -2.028062 5.224647 -1.094152 1.943235 4.985292 -2.443157 -1.875047 -3.723743 2.614288 0.166537 6.305673 1.945566 1.347455 9.857328 1.466009 2.901224 4.180610 22.039324 4.185974 16.503370 46.771242 -18.397795 12.064017 -1.948068 -28.676098 -2.109381 -1.856321 -7.804741 0.000000 0.000000 0.000000 0.000000 0.000000 0.000000 0.000000 0.000000 0.000000 0.000000 0.000000 0.000000 0.000000 0.000000 0.000000 0.000000 0.000000 0.000000 0.000000 0.000000 0.000000 0.000000 0.000000 0.000000 0.000000 0.000000 0.000000 0.000000 0.000000 0.000000 0.000000 0.000000 0.000000 0.000000 0.000000 0.000000 0.000000 0.000000 0.000000 0.000000 0.000000 0.000000 0.496317 -14.949294 0.360731 28.048555 -51.084608 23.691717 1.093227 1.925083 34.211548 -9.150185 -2.893013 4.809237 0.000000 0.000000 0.000000 0.000000 0.000000 0.000000 0.000000 0.000000 0.000000 0.000000 0.000000 0.000000 0.000000 0.000000 0.000000 0.000000 0.000000 0.000000 0.000000 0.000000 0.000000 0.000000 0.000000 0.000000 0.000000 0.000000 0.000000 0.000000 0.000000 0.000000 0.000000 0.000000 0.000000 0.000000 0.000000 0.000000 0.000000 0.000000 0.000000 0.000000 0.000000 0.000000
-0.083863 -0.161642 1.458562 -8.062964 0.724392 -1.325606 3.986040 0.757884 0.906211 5.954609 0.171589 -7.072015 -3.951933 3.259577 7.287449 2.910357 -3.157002 0.997606 1.763213 -0.406074 -1.512647 9.670784 0.378768 0.989398 -3.728781 -2.994792 -4.853976 0.924258 -3.037241 -2.019289 5.207086 -1.103900 1.951441 4.994536 -2.445381 -1.877850 -3.734554 2.634836 0.168370 6.360200 1.921618 1.362217 9.940708 1.474925 2.954842 4.200506 22.013417 4.182617 16.532657 46.801277 -18.460382 12.168415 -1.980488 -28.606780 -1.996443 -1.880544 -7.831573 0.000000 0.000000 0.000000 0.000000 0.000000 0.000000 0.000000 0.000000 0.000000 0.000000 0.000000 0.000000 0.000000 0.000000 0.000000 0.000000 0.000000 0.000000 0.000000 0.000000 0.000000 0.000000 0.000000 0.000000 0.000000 0.000000 0.000000 0.000000 0.000000 0.000000 0.000000 0.000000 0.000000 0.000000 0.000000 0.000000 0.000000 0.000000 0.000000 0.000000 0.000000 0.000000 0.530482 -14.902763 0.361635 28.131711 -51.117213 23.780322 1.227079 1.940950 34.113462 -9.033719 -2.898219 4.829889 0.000000 0.000000 0.000000 0.000000 0.000000 0.000000 0.000000 0.000000 0.000000 0.000000 0.000000 0.000000 0.000000 0.000000 0.000000 0.000000 0.000000 0.000000 0.000000 0.000000 0.000000 0.000000 0.000000 0.000000 0.000000 0.000000 0.000000 0.000000 0.000000 0.000000 0.000000 0.000000 0.000000 0.000000 0.000000 0.000000 0.000000 0.000000 0.000000 0.000000 0.000000 0.000000
-0.083408 -0.161410 1.458452 -8.049680 0.704196 -1.330280 4.012021 0.771628 0.911150 5.915569 0.158128 -7.059916 -3.914849 3.296349 7.267835 2.903600 -3.169924 0.992588 1.764777 -0.420146 -1.488026 9.638871 0.390021 0.994593 -3.675011 -2.993944 -4.869484 0.922141 -3.030170 -2.008818 5.169171 -1.107276 1.941264 4.994670 -2.435016 -1.889344 -3.706156 2.643781 0.175457 6.382038 1.911252 1.382784 10.001966 1.502266 2.997325 4.202969 21.962578 4.156935 16.581365 46.799624 -18.484718 12.247969 -2.003009 -28.600484 -1.894243 -1.892694 -7.857357 0.000000 0.000000 0.000000 0.000000 0.000000 0.000000 0.000000 0.000000 0.000000 0.000000 0.000000 0.000000 0.000000 0.000000 0.000000 0.000000 0.000000 0.000000 0.000000 0.000000 0.000000 0.000000 0.000000 0.000000 0.000000 0.000000 0.000000 0.000000 0.000000 0.000000 0.000000 0.000000 0.000000 0.000000 0.000000 0.000000 0.000000 0.000000 0.000000 0.000000 0.000000 0.000000 0.519914 -14.877241 0.366204 28.248178 -51.157284 23.916447 1.308358 1.928652 34.012875 -8.894629 -2.845992 4.858332 0.000000 0.000000 0.000000 0.000000 0.000000 0.000000 0.000000 0.000000 0.000000 0.000000 0.000000 0.000000 0.000000 0.000000 0.000000 0.000000 0.000000 0.000000 0.000000 0.000000 0.000000 0.000000 0.000000 0.000000 0.000000 0.000000 0.000000 0.000000 0.000000 0.000000 0.000000 0.000000 0.000000 0.000000 0.000000 0.000000 0.000000 0.000000 0.000000 0.000000 0.000000 0.000000
-0.083195 -0.160876 1.458339 -8.021431 0.697753 -1.335678 4.067788 0.769896 0.914211 5.815904 0.159517 -7.078773 -3.856716 3.306024 7.242079 2.903638 -3.169058 0.989667 1.785781 -0.423533 -1.485566 9.569231 0.391899 1.061633 -3.602900 -3.001310 -4.866932 0.926365 -3.022164 -1.995969 5.132011 -1.106233 1.961324 5.027311 -2.439059 -1.892588 -3.739988 2.660081 0.185355 6.444899 1.907125 1.438417 10.049612 1.509073 3.074230 4.240786 21.921876 4.123389 16.588436 46.807833 -18.545171 12.310089 -1.967635 -28.483811 -1.805958 -1.920093 -7.868750 0.000000 0.000000 0.000000 0.000000 0.000000 0.000000 0.000000 0.000000 0.000000 0.000000 0.000000 0.000000 0.000000 0.000000 0.000000 0.000000 0.000000 0.000000 0.000000 0.000000 0.000000 0.000000 0.000000 0.000000 0.000000 0.000000 0.000000 0.000000 0.000000 0.000000 0.000000 0.000000 0.000000 0.000000 0.000000 0.000000 0.000000 0.000000 0.000000 0.000000 0.000000 0.000000 0.567627 -14.831986 0.368632 28.344625 -51.210940 24.047909 1.368501 1.912539 33.866299 -8.805949 -2.848084 4.848665 0.000000 0.000000 0.000000 0.000000 0.000000 0.000000 0.000000 0.000000 0.000000 0.000000 0.000000 0.000000 0.000000 0.000000 0.000000 0.000000 0.000000 0.000000 0.000000 0.000000 0.000000 0.000000 0.000000 0.000000 0.000000 0.000000 0.000000 0.000000 0.000000 0.000000 0.000000 0.000000 0.000000 0.000000 0.000000 0.000000 0.000000 0.000000 0.000000 0.000000 0.000000 0.000000
-0.082910 -0.160578 1.458233 -7.992875 0.689618 -1.346074 4.024388 0.780166 0.890270 5.876732 0.141350 -7.107863 -3.830610 3.315372 7.267592 2.882121 -3.196852 0.980764 1.723491 -0.434548 -1.469021 9.622976 0.397310 1.105351 -3.550569 -3.008853 -4.883495 0.921807 -3.015181 -1.990305 5.113760 -1.111218 1.959270 5.026634 -2.438031 -1.899738 -3.734217 2.660696 0.189185 6.458707 1.922019 1.473552 10.072593 1.530001 3.125498 4.268378 21.869200 4.082337 16.626129 46.826415 -18.602096 12.360024 -1.953085 -28.432700 -1.691972 -1.940630 -7.848235 0.000000 0.000000 0.000000 0.000000 0.000000 0.000000 0.000000 0.000000 0.000000 0.000000 0.000000 0.000000 0.000000 0.000000 0.000000 0.000000 0.000000 0.000000 0.000000 0.000000 0.000000 0.000000 0.000000 0.000000 0.000000 0.000000 0.000000 0.000000 0.000000 0.000000 0.000000 0.000000 0.000000 0.000000 0.000000 0.000000 0.000000 0.000000 0.000000 0.000000 0.000000 0.000000 0.580055 -14.780338 0.376683 28.424884 -51.253281 24.151492 1.509128 1.916002 33.795421 -8.720660 -2.819402 4.845376 0.000000 0.000000 0.000000 0.000000 0.000000 0.000000 0.000000 0.000000 0.000000 0.000000 0.000000 0.000000 0.000000 0.000000 0.000000 0.000000 0.000000 0.000000 0.000000 0.000000 0.000000 0.000000 0.000000 0.000000 0.000000 0.000000 0.000000 0.000000 0.000000 0.000000 0.000000 0.000000 0.000000 0.000000 0.000000 0.000000 0.000000 0.000000 0.000000 0.000000 0.000000 0.000000
-0.082852 -0.160044 1.458134 -7.967182 0.700239 -1.358505 4.060233 0.763238 0.908342 5.824695 0.138411 -7.120233 -3.768520 3.329689 7.233310 2.877976 -3.180306 0.974795 1.755144 -0.446018 -1.493491 9.538866 0.393002 1.138134 -3.464646 -3.040271 -4.844728 0.926562 -3.001951 -1.981208 5.095768 -1.108955 1.978944 5.053538 -2.445911 -1.905773 -3.777723 2.652238 0.199657 6.503337 1.933452 1.514172 10.054349 1.503059 3.201941 4.298806 21.832931 4.068669 16.672596 46.855197 -18.668100 12.435362 -1.953748 -28.361040 -1.543846 -1.954365 -7.867439 0.000000 0.000000 0.000000 0.000000 0.000000 0.000000 0.000000 0.000000 0.000000 0.000000 0.000000 0.000000 0.000000 0.000000 0.000000 0.000000 0.000000 0.000000 0.000000 0.000000 0.000000 0.000000 0.000000 0.000000 0.000000 0.000000 0.000000 0.000000 0.000000 0.000000 0.000000 0.000000 0.000000 0.000000 0.000000 0.000000 0.000000 0.000000 0.000000 0.000000 0.000000 0.000000 0.624207 -14.726016 0.362704 28.463321 -51.325710 24.215285 1.578151 1.917943 33.690182 -8.646557 -2.830896 4.861805 0.000000 0.000000 0.000000 0.000000 0.000000 0.000000 0.000000 0.000000 0.000000 0.000000 0.000000 0.000000 0.000000 0.000000 0.000000 0.000000 0.000000 0.000000 0.000000 0.000000 0.000000 0.000000 0.000000 0.000000 0.000000 0.000000 0.000000 0.000000 0.000000 0.000000 0.000000 0.000000 0.000000 0.000000 0.000000 0.000000 0.000000 0.000000 0.000000 0.000000 0.000000 0.000000
-0.082466 -0.160480 1.458049 -7.971323 0.706338 -1.442883 4.020239 0.726756 0.912100 5.892110 0.154142 -7.131151 -3.701957 3.367393 7.229311 2.853489 -3.193019 0.958500 1.680648 -0.478607 -1.458201 9.613392 0.404002 1.176781 -3.398045 -3.029649 -4.823139 0.929579 -3.001643 -1.971090 5.124455 -1.111380 1.979065 5.067284 -2.448903 -1.930197 -3.789443 2.641802 0.216001 6.507033 1.952078 1.536130 10.030606 1.440184 3.302469 4.296928 21.759463 4.032256 16.740046 46.884931 -18.764335 12.461700 -1.961673 -28.295755 -1.436919 -1.988285 -7.916893 0.000000 0.000000 0.000000 0.000000 0.000000 0.000000 0.000000 0.000000 0.000000 0.000000 0.000000 0.000000 0.000000 0.000000 0.000000 0.000000 0.000000 0.000000 0.000000 0.000000 0.000000 0.000000 0.000000 0.000000 0.000000 0.000000 0.000000 0.000000 0.000000 0.000000 0.000000 0.000000 0.000000 0.000000 0.000000 0.000000 0.000000 0.000000 0.000000 0.000000 0.000000 0.000000 0.610313 -14.669628 0.392924 28.529157 -51.368019 24.345376 1.729562 1.910117 33.680621 -8.563979 -2.843586 4.895828 0.000000 0.000000 0.000000 0.000000 0.000000 0.000000 0.000000 0.000000 0.000000 0.000000 0.000000 0.000000 0.000000 0.000000 0.000000 0.000000 0.000000 0.000000 0.000000 0.000000 0.000000 0.000000 0.000000 0.000000 0.000000 0.000000 0.000000 0.000000 0.000000 0.000000 0.000000 0.000000 0.000000 0.000000 0.000000 0.000000 0.000000 0.000000 0.000000 0.000000 0.000000 0.000000
-0.082229 -0.162252 1.457883 -7.927891 0.686888 -1.589351 3.592898 0.644354 0.906299 6.456527 0.341646 -7.086793 -3.702468 3.334692 7.154877 2.750822 -3.320887 0.917214 1.167762 -0.416158 -1.376338 10.264945 0.311818 1.084002 -3.475772 -2.928019 -4.742384 0.892210 -3.160171 -1.977423 5.283149 -1.037854 1.983141 5.178311 -2.532732 -1.989654 -3.793816 2.680454 0.220143 6.670505 1.864058 1.532392 10.098280 1.224402 3.255855 4.414408 21.622481 3.799761 16.980273 46.739233 -19.109438 12.768990 -2.056015 -28.576321 -1.342872 -2.451231 -8.000469 0.000000 0.000000 0.000000 0.000000 0.000000 0.000000 0.000000 0.000000 0.000000 0.000000 0.000000 0.000000 0.000000 0.000000 0.000000 0.000000 0.000000 0.000000 0.000000 0.000000 0.000000 0.000000 0.000000 0.000000 0.000000 0.000000 0.000000 0.000000 0.000000 0.000000 0.000000 0.000000 0.000000 0.000000 0.000000 0.000000 0.000000 0.000000 0.000000 0.000000 0.000000 0.000000 0.541955 -14.675220 0.531028 28.423751 -51.410781 24.478975 1.617533 2.002665 33.794254 -8.909861 -2.883220 5.061129 0.000000 0.000000 0.000000 0.000000 0.000000 0.000000 0.000000 0.000000 0.000000 0.000000 0.000000 0.000000 0.000000 0.000000 0.000000 0.000000 0.000000 0.000000 0.000000 0.000000 0.000000 0.000000 0.000000 0.000000 0.000000 0.000000 0.000000 0.000000 0.000000 0.000000 0.000000 0.000000 0.000000 0.000000 0.000000 0.000000 0.000000 0.000000 0.000000 0.000000 0.000000 0.000000
